player_id,position,league,tier,games,winrate,teams,操作,意识,心态,团队,体质,综合,操作_10,意识_10,心态_10,团队_10,体质_10,综合_10,f_gd15,f_xd15,f_cd15,f_dpm,f_dmgshare,f_cspm,f_multi,f_vspm,f_wcpm,f_cwards,f_kp,f_deathshare,f_ejg,f_adver,f_clutch,f_lateg,f_stable,f_egshare,f_dmgmit,f_gspd,f_games,f_decay
Chovy,mid,LCK,1,104,0.76,Gen.G,77.6,76.8,73.0,53.9,66.3,71.5,7.8,7.7,7.3,5.4,6.6,7.2,414.3942307692308,337.74038461538464,11.442307692307692,590.8425298076922,0.27364127884615386,9.84798173076923,0.5865384615384616,1.6736548076923077,0.4498432692307693,4.240384615384615,0.6698434309053778,0.14256198347107438,0.0,0.3038461538461538,0.06812194203989468,-0.24927863505206377,-0.6351128276872782,0.25552292307692304,371.0107009615385,0.0,104.0,-0.14516757599376473
Knight,mid,LPL,1,128,0.633,Top Esports,76.3,69.3,69.6,63.5,72.5,70.9,7.6,6.9,7.0,6.3,7.2,7.1,551.6666666666666,432.8333333333333,8.666666666666666,578.14433828125,0.275032890625,8.89146953125,0.0546875,1.13651171875,0.27841640625,4.5703125,0.7078891257995735,0.13829047949965254,3.2868852459016393,0.3082018750350867,-0.06108035005425529,-0.09738786597340833,-0.7482122815105962,0.2418254453125,316.88776666666666,0.0,128.0,0.10508865000698031
Ruler,bot,LCK,1,107,0.757,Gen.G,70.8,69.0,72.9,58.4,69.9,68.6,7.1,6.9,7.3,5.8,7.0,6.9,350.22429906542055,68.23364485981308,2.196261682242991,628.3275420560748,0.289618538317757,9.731404672897195,1.1495327102803738,1.6709046728971964,0.49854018691588786,7.570093457943925,0.6776532630191167,0.15269461077844312,0.0,0.27574873644687803,-0.050343270431015476,0.07864013510536746,-0.5753272979612277,0.2672893457943925,276.85727196261684,0.0,107.0,0.026502022296916047
Kellin,sup,LCK,1,112,0.625,Dplus Kia,67.3,68.9,68.8,67.3,68.0,68.0,6.7,6.9,6.9,6.7,6.8,6.8,189.53571428571428,-66.08928571428571,-3.9910714285714284,179.72974642857142,0.09011406785714285,0.8398214285714286,0.03571428571428571,2.8076839285714286,0.3280607142857143,17.875,0.7494722026741731,0.19489981785063754,0.0,0.2738008740931559,-0.0009884344718635483,-0.16669623521924384,-0.7367614011646224,0.09339746875,243.56888750000002,0.0,112.0,0.06903483287848115
Elyoya,jng,LEC,1,57,0.509,MAD Lions KOI,75.2,72.2,66.9,64.2,46.1,67.8,7.5,7.2,6.7,6.4,4.6,6.8,356.82456140350877,291.3859649122807,9.666666666666666,300.4867754385965,0.15414271578947367,5.622498245614035,0.40350877192982454,1.5631456140350877,0.4996982456140351,12.210526315789474,0.7410256410256411,0.18947368421052632,11.333333333333334,0.317261730284354,-0.4621754806192846,0.1748942699951346,-0.9459945367774016,0.18699063157894738,797.1046070175438,0.0,57.0,-0.13075752283048062
JackeyLove,bot,LPL,1,128,0.633,Top Esports,76.4,60.0,60.1,57.5,72.7,66.1,7.6,6.0,6.0,5.8,7.3,6.6,921.1666666666666,220.5,11.0,642.46154140625,0.3034947578125,9.0560421875,0.0546875,1.4182828125,0.47110234375,5.9453125,0.7084221748400853,0.20569840166782488,2.6475409836065573,0.21962314539080402,-0.10852197540465545,-0.09237491313578769,-0.7559844933213976,0.2666992265625,276.6486,0.0,128.0,0.13641761443629644
Prince,bot,LCK,1,58,0.586,Liiv SANDBOX,75.5,71.5,46.9,62.7,55.5,65.4,7.5,7.2,4.7,6.3,5.5,6.5,349.17241379310343,413.6034482758621,11.53448275862069,606.2060448275863,0.2902994137931034,10.217658620689654,1.2586206896551724,1.5232844827586207,0.44999482758620685,4.810344827586207,0.7425068119891008,0.1548872180451128,0.0,0.1469929695858169,0.1260295126973233,-0.570546131973723,-0.8839471166520256,0.2986150344827586,375.0313982758621,0.0,58.0,0.20650779101741498
369,top,LPL,1,121,0.669,JD Gaming,77.5,56.7,52.0,65.5,69.4,65.1,7.8,5.7,5.2,6.5,6.9,6.5,703.2142857142857,429.2857142857143,14.928571428571429,581.7617933884297,0.2557968181818182,7.957078512396694,0.049586776859504134,0.9570933884297521,0.21335454545454544,4.702479338842975,0.6060606060606061,0.23086654016445288,3.0654205607476634,0.21673444803657102,-0.38637666948938526,-0.6699733800094811,-0.8775059725522468,0.22292433884297522,1071.4902857142856,0.0,121.0,0.10448329566094917
Aiming,bot,LCK,1,98,0.49,KT Rolster,67.3,65.8,64.2,56.1,71.4,65.1,6.7,6.6,6.4,5.6,7.1,6.5,126.37755102040816,137.78571428571428,5.530612244897959,575.6074581632653,0.29462363265306124,9.924672448979592,1.0510204081632653,1.5190214285714287,0.4753857142857143,5.479591836734694,0.6906957250628667,0.15808170515097691,0.0,0.29241585639491396,-0.2541144901610018,-0.29293381037567084,-0.8126544914644589,0.2821212959183674,310.37522244897957,0.0,98.0,0.3787930446641664
Larssen,mid,LEC,1,73,0.603,Rogue,76.9,53.4,68.9,61.9,58.7,64.9,7.7,5.3,6.9,6.2,5.9,6.5,354.3835616438356,386.90410958904107,9.04109589041096,596.4538684931507,0.2735303424657534,8.83611506849315,0.4794520547945205,0.8520232876712328,0.14840273972602738,2.506849315068493,0.7172211350293543,0.145985401459854,2.642857142857143,0.20898106622577262,0.13410394286759106,1.0769701992720984,-0.7734894390051722,0.25043105479452055,342.13523287671234,0.0,73.0,0.013454424346169478
Upset,bot,LEC,1,76,0.579,Fnatic,71.1,61.7,65.6,63.2,56.3,64.7,7.1,6.2,6.6,6.3,5.6,6.5,341.60526315789474,249.10526315789474,11.526315789473685,609.6138026315789,0.27052807894736847,9.694686842105263,0.8552631578947368,1.2656934210526316,0.2813684210526316,4.0,0.6689723320158103,0.09494949494949495,3.2941176470588234,0.2641270987542878,-0.2022065817005897,-0.2771542704964809,-0.681726503543905,0.2710796842105263,284.5886078947368,0.0,76.0,-0.09656961660420854
Jiejie,jng,LPL,1,102,0.578,EDward Gaming,61.6,66.9,69.6,63.2,62.1,64.6,6.2,6.7,7.0,6.3,6.2,6.5,578.0,127.54545454545455,0.7272727272727273,266.13155196078435,0.12549474705882355,5.1540735294117646,0.00980392156862745,1.6536117647058823,0.4698382352941176,10.872549019607844,0.6980568011958147,0.20108205590622183,9.68131868131868,0.2717306048243099,-0.0265912073490814,0.1326771653543307,-0.8529975755501239,0.16456504901960783,896.1212454545454,0.0,102.0,-0.056341111723450764
Viper,bot,LPL,1,119,0.605,EDward Gaming,56.4,73.1,58.2,66.1,70.6,64.3,5.6,7.3,5.8,6.6,7.1,6.4,-66.72727272727273,-228.27272727272728,-7.454545454545454,671.2868151260503,0.3118007394957983,9.348629411764707,0.058823529411764705,1.6395840336134453,0.4744840336134454,6.151260504201681,0.7229357798165138,0.16207710464201416,3.0,0.21265239574630318,-0.09442700530308433,-0.11392443375035943,-0.7871988458944442,0.27284549579831935,390.23051818181824,0.0,119.0,0.13272632674297605
Oner,jng,LCK,1,144,0.743,T1,72.4,52.6,65.7,57.4,72.3,63.8,7.2,5.3,6.6,5.7,7.2,6.4,370.02777777777777,208.27777777777777,4.861111111111111,308.20186666666666,0.14425614097222222,6.220172916666666,0.3541666666666667,1.4413381944444443,0.3700965277777778,8.541666666666666,0.6986564299424184,0.1901362751460091,0.0,0.2124457803259127,-0.04289748126953045,0.18383155754677918,-0.7284663000047693,0.1845014861111111,740.5566034722222,0.0,144.0,-0.15841028200648868
Summit,top,LPL,1,60,0.567,Cloud9|FunPlus Phoenix,79.9,62.5,52.4,50.9,59.1,63.8,8.0,6.2,5.2,5.1,5.9,6.4,752.4814814814815,441.7037037037037,19.074074074074073,601.0978733333334,0.28818815,8.655745,0.2,1.0797616666666667,0.27908666666666665,4.966666666666667,0.5780274656679151,0.247074122236671,3.090909090909091,0.18202806965021948,-0.1759291827881345,0.1523039043264158,-0.9553558978180847,0.2363161,647.4645074074075,0.0,60.0,0.4279403146553665
Targamas,sup,LEC,1,89,0.629,G2 Esports,67.7,68.6,59.9,56.3,56.8,63.6,6.8,6.9,6.0,5.6,5.7,6.4,-40.438202247191015,-29.134831460674157,4.202247191011236,175.87950786516853,0.0873262786516854,1.239614606741573,0.07865168539325842,2.6871831460674156,0.4201337078651685,11.157303370786517,0.693293142426526,0.1773117254528122,0.2,0.16835662691798092,0.12294923313813903,0.34863108874450743,-0.8452429944144378,0.09769897752808988,332.66428988764045,0.0,89.0,-0.09018468059339993
Kanavi,jng,LPL,1,121,0.669,JD Gaming,77.7,65.5,41.8,50.3,69.4,63.4,7.8,6.5,4.2,5.0,6.9,6.3,439.64285714285717,312.42857142857144,9.857142857142858,391.3360421487603,0.16996902809917355,6.072762809917355,0.05785123966942149,1.6083479338842974,0.47764876033057857,8.884297520661157,0.7077555213148433,0.21884882985452245,12.485981308411215,0.16135993870698787,-0.3148615029024943,-0.6069649868946476,-0.8763931047011512,0.19861914049586776,697.2740285714286,0.0,121.0,0.18287749994272526
Keria,sup,LCK,1,144,0.743,T1,76.5,51.8,60.9,52.5,72.7,63.3,7.7,5.2,6.1,5.2,7.3,6.3,212.77083333333334,116.99305555555556,0.2569444444444444,204.04840972222223,0.09568421249999999,1.262620138888889,0.04861111111111111,2.5460708333333333,0.3047347222222222,17.319444444444443,0.6967370441458733,0.2018170019467878,0.0,0.20784844563060131,-0.17956167657139271,0.10065559852844068,-0.7622938680984835,0.09992894583333334,327.4268666666667,0.0,144.0,0.044191809116331596
Ssumday,top,LCS,1,75,0.573,100 Thieves,53.9,72.4,68.0,65.0,57.4,63.2,5.4,7.2,6.8,6.5,5.7,6.3,93.58666666666667,86.69333333333333,-0.5466666666666666,435.44775733333336,0.22589090799999997,8.438768,0.38666666666666666,1.1510120000000001,0.25194666666666665,5.306666666666667,0.594048884165781,0.1668711656441718,0.0,0.2264474870819928,-0.18338708271594165,0.1932611970962881,-0.7513546102609922,0.23394531999999998,778.6736053333334,0.0,75.0,-0.17177081513325498
Xiaohu,mid,LPL,1,156,0.667,Royal Never Give Up,70.6,63.2,44.9,59.2,73.2,63.1,7.1,6.3,4.5,5.9,7.3,6.3,463.82608695652175,237.91304347826087,2.0434782608695654,548.8107564102564,0.2682313076923077,8.4285,0.14743589743589744,1.2066365384615385,0.30532692307692305,5.230769230769231,0.6974169741697417,0.1878855860908581,2.5636363636363635,0.17951009823321343,-0.3142355344571655,-0.4397518238437684,-0.7899772692469277,0.2323023782051282,337.69754347826085,0.0,156.0,-0.07053130791495736
Santorin,jng,LCS,1,81,0.642,Team Liquid,55.7,66.7,67.0,69.2,60.7,63.1,5.6,6.7,6.7,6.9,6.1,6.3,134.71604938271605,-112.90123456790124,-2.7160493827160495,289.19154320987656,0.14149129135802468,5.527285185185185,0.2222222222222222,1.5291913580246914,0.4458592592592593,10.617283950617283,0.7398523985239852,0.1799265605875153,0.0,0.21502057959784154,0.014019122980547439,0.038971315529179054,-0.7013109657465332,0.1718599135802469,830.6235567901235,0.0,81.0,-0.09214396433207535
Canyon,jng,LCK,1,117,0.607,Dplus Kia,69.5,52.2,70.1,57.0,68.4,63.0,7.0,5.2,7.0,5.7,6.8,6.3,167.8034188034188,182.89743589743588,2.572649572649573,316.84178717948714,0.15656583675213676,6.059720512820513,0.26495726495726496,1.5168478632478632,0.38004188034188036,13.102564102564102,0.7140921409214093,0.2208013640238704,0.0,0.26152388970743007,0.03587142507944263,-0.18461256416524072,-0.7681727527834135,0.18198831623931622,761.0215547008547,0.0,117.0,-0.017050253056329647
Inspired,jng,LCS,1,123,0.61,Evil Geniuses,63.5,58.1,63.7,62.0,70.9,62.8,6.3,5.8,6.4,6.2,7.1,6.3,51.390243902439025,115.26829268292683,1.4959349593495934,292.4552902439024,0.1459173130081301,6.459829268292682,0.3252032520325203,1.4139569105691057,0.3528186991869919,7.040650406504065,0.6978211009174312,0.1495601173020528,0.0,0.19624741200828155,0.04334267752583466,-0.12037006319770434,-0.7004300147789603,0.18742369105691056,787.9201577235772,0.0,123.0,-0.02287172856393859
Zeus,top,LCK,1,144,0.743,T1,76.2,50.9,56.5,55.6,71.9,62.7,7.6,5.1,5.7,5.6,7.2,6.3,496.9166666666667,233.01388888888889,8.041666666666666,553.2944659722222,0.26291665277777776,8.207424305555556,0.4444444444444444,1.029511111111111,0.20073749999999999,5.909722222222222,0.5858925143953935,0.24205061648280338,0.0,0.18273551114487904,-0.159250792585524,0.041598942986273535,-0.8546386049821738,0.22728680555555558,612.3747319444444,0.0,144.0,-0.039046426753998435
GALA,bot,LPL,1,156,0.667,Royal Never Give Up,74.1,51.7,57.3,53.8,76.0,62.6,7.4,5.2,5.7,5.4,7.6,6.3,611.7391304347826,409.7608695652174,14.173913043478262,588.9341025641025,0.2833994185897436,9.622845512820513,0.32051282051282054,1.1888698717948718,0.4122833333333333,3.25,0.6584665846658466,0.15816040381379698,2.309090909090909,0.22157601021986148,-0.24476508691147053,-0.22004089299665874,-0.7543997787889506,0.26777375000000003,283.1936565217391,0.0,156.0,0.11161527400543197
ShowMaker,mid,LCK,1,117,0.607,Dplus Kia,57.3,65.9,66.8,55.3,73.2,62.6,5.7,6.6,6.7,5.5,7.3,6.3,121.1880341880342,107.34188034188034,1.393162393162393,487.3123846153846,0.24126089230769232,8.598335897435899,0.4444444444444444,1.4340820512820514,0.34065128205128203,8.52991452991453,0.6571815718157181,0.16538789428815004,0.0,0.30233299452086104,-0.15678113076656253,-0.33141225753088394,-0.72784494886585,0.23328782051282052,332.927817948718,0.0,117.0,0.24156424501689938
Trymbi,sup,LEC,1,73,0.603,Rogue,69.2,62.6,62.8,60.4,48.4,62.6,6.9,6.3,6.3,6.0,4.8,6.3,79.4931506849315,-17.78082191780822,-4.424657534246576,201.8812178082192,0.0941377904109589,0.8778465753424658,0.0410958904109589,2.4352616438356165,0.325313698630137,10.547945205479452,0.7407045009784736,0.24695863746958638,0.5714285714285714,0.18592823261586253,0.016752295830990627,0.7323910893968472,-0.8712661323239193,0.09392420410958904,296.0098698630137,0.0,73.0,-0.2635502244425776
BeryL,sup,LCK,1,130,0.546,Kiwoom DRX,72.5,54.2,61.9,50.0,72.1,62.4,7.2,5.4,6.2,5.0,7.2,6.2,171.91538461538462,171.59230769230768,5.607692307692307,177.9915146153846,0.0858388623076923,1.3704646153846154,0.023076923076923078,2.6382353846153848,0.4282053846153846,17.369230769230768,0.7065217391304348,0.2564271588661833,0.0,0.22927283395762707,-0.4076317301415891,1.0229694893229169,-0.942880026619288,0.0983255676923077,376.91524000000004,0.0,130.0,0.399489115180676
Photic,bot,LPL,1,102,0.657,Victory Five,59.8,70.3,59.5,55.6,65.0,62.4,6.0,7.0,6.0,5.6,6.5,6.2,0.0,0.0,0.0,657.5999843137255,0.28987183333333333,9.014446078431371,0.0,1.5304382352941177,0.48108039215686277,3.8627450980392157,0.7130325814536341,0.17034700315457413,4.147058823529412,0.2603781616942779,-0.3793371973819099,-0.4473030518097942,-0.736511046210255,0.2717743823529412,0.0,0.0,102.0,0.009216589861751119
Bjergsen,mid,LCS,1,85,0.624,Team Liquid|Team Liquid Academy,61.6,56.4,66.5,66.6,65.3,62.3,6.2,5.6,6.7,6.7,6.5,6.2,143.8470588235294,169.31764705882352,2.611764705882353,508.53204705882354,0.24624210588235296,8.800542352941177,0.4117647058823529,1.0157823529411765,0.17011176470588235,4.776470588235294,0.7046861184792219,0.12846068660022147,0.0,0.23786775468384075,-0.0018476252581241743,-0.038148027388327295,-0.6590222583257278,0.23307885882352944,327.0387882352941,0.0,85.0,0.027325581395348783
Xerxe,jng,LCS,1,39,0.308,Astralis|Immortals,67.1,59.9,55.9,59.7,67.4,62.3,6.7,6.0,5.6,6.0,6.7,6.2,176.56410256410257,145.89743589743588,4.871794871794871,309.52516410256413,0.15896726923076923,5.81401282051282,0.10256410256410256,1.4584641025641025,0.39718717948717946,10.128205128205128,0.7093023255813954,0.18984962406015038,8.0,0.24830175797917736,-0.4695306783735758,0.0,-0.909103714126602,0.18322284615384615,735.704641025641,0.0,39.0,1.2557366145660127
Alphari,top,LEC,1,45,0.467,Team Vitality,67.9,64.2,65.4,57.1,45.9,62.2,6.8,6.4,6.5,5.7,4.6,6.2,393.8,154.75555555555556,10.022222222222222,498.36032666666665,0.24045315555555555,8.411393333333333,0.2,1.1069933333333333,0.16554222222222223,4.844444444444444,0.5582191780821918,0.17028380634390652,3.909090909090909,0.23516177957532858,-0.03239134624650676,0.9254119687771033,-1.0351786189994832,0.23381851111111113,619.03132,0.0,45.0,0.10788052826012151
JNX,top,LEC,1,36,0.389,SK Gaming,59.3,71.2,67.3,59.3,46.7,62.2,5.9,7.1,6.7,5.9,4.7,6.2,140.52777777777777,-86.75,2.638888888888889,466.45090000000005,0.2614053055555556,8.714611111111111,0.2777777777777778,1.1172833333333334,0.21476388888888887,4.5,0.6098191214470284,0.18831168831168832,3.5,0.26706021251475803,0.0,0.0,-0.9608960201761375,0.25290919444444443,743.441025,0.0,36.0,0.14221724524076146
huhi,sup,LCS,1,76,0.566,100 Thieves,74.5,59.5,51.9,58.9,53.1,61.9,7.5,6.0,5.2,5.9,5.3,6.2,216.48684210526315,238.30263157894737,11.223684210526315,156.3487592105263,0.08115866447368421,1.5922052631578947,0.039473684210526314,2.650505263157895,0.3254394736842105,15.842105263157896,0.7362869198312236,0.22128174123337363,0.0,0.21981123701492697,-0.3472318685328845,-0.34543583292832847,-0.8767010335191174,0.10094098684210527,354.2497907894737,0.0,76.0,-0.06412716804866579
Zeka,mid,LCK,1,130,0.546,Kiwoom DRX,65.6,55.9,63.2,54.3,73.0,61.8,6.6,5.6,6.3,5.4,7.3,6.2,138.19230769230768,16.4,3.7846153846153845,539.5542607692307,0.2586899,9.245973846153845,0.6153846153846154,1.1036353846153846,0.2584738461538461,6.676923076923077,0.6764705882352942,0.15688859591298615,0.0,0.27866461736089726,-0.2753897685427333,0.2561615393149795,-0.8095606032631637,0.25219073846153844,376.84947538461535,0.0,130.0,0.20334012624881953
Deft,bot,LCK,1,130,0.554,Kiwoom DRX,60.5,58.0,63.3,59.7,69.7,61.3,6.0,5.8,6.3,6.0,7.0,6.1,36.323076923076925,28.946153846153845,-0.08461538461538462,591.1547623076923,0.2854588,9.243840769230768,0.7615384615384615,1.5066292307692306,0.3812053846153846,6.092307692307692,0.6935791481246026,0.17947019867549668,0.0,0.22869793295954952,-0.11147408245033578,0.5481635046278844,-0.8093620270895467,0.2642337692307692,312.40618307692307,0.0,130.0,0.014291140442503066
Rascal,top,LCK,1,98,0.49,KT Rolster,55.3,62.9,65.1,60.1,68.3,61.2,5.5,6.3,6.5,6.0,6.8,6.1,95.1734693877551,179.41836734693877,1.1020408163265305,440.9702010204082,0.22984700000000002,8.488202040816326,0.2755102040816326,1.0569102040816327,0.2687969387755102,7.36734693877551,0.5959765297569153,0.22380106571936056,0.0,0.2718987110060255,-0.27641653905053604,-0.33671516079632474,-0.8781564559174301,0.23287323469387755,884.4210826530611,0.0,98.0,0.3222404726083176
Light,bot,LPL,1,113,0.531,LNG Esports,57.5,68.2,57.7,58.8,62.3,61.1,5.8,6.8,5.8,5.9,6.2,6.1,0.0,0.0,0.0,614.2343557522124,0.2954685309734513,9.680176991150441,0.0,1.2059247787610619,0.4218637168141593,2.9734513274336285,0.7207880434782609,0.12984218077474893,3.9469026548672566,0.23232809275727093,-0.2624129730366234,-0.28181070754945114,-0.7656821373746139,0.2835876460176991,0.0,0.0,113.0,-0.15645641103211813
Canna,top,LCK,1,83,0.361,Nongshim RedForce,69.2,58.8,57.0,58.8,54.5,61.1,6.9,5.9,5.7,5.9,5.5,6.1,182.15662650602408,96.73493975903614,1.783132530120482,507.7907132530121,0.2743552891566265,8.53266265060241,0.40963855421686746,1.0144855421686747,0.18896144578313254,7.132530120481928,0.6013143483023001,0.19607843137254902,0.0,0.20459853650147297,0.0,0.0,-0.9780342774521192,0.24616684337349395,721.0392349397591,0.0,83.0,-0.037216701222563923
MISSING,sup,LPL,1,121,0.669,JD Gaming,61.2,56.7,63.0,58.5,69.5,60.9,6.1,5.7,6.3,5.8,7.0,6.1,119.14285714285714,63.357142857142854,-0.2857142857142857,176.88224132231403,0.0764015347107438,0.9968834710743801,0.0,2.6295347107438016,0.32199834710743797,15.338842975206612,0.7154596815613765,0.211258697027198,0.0,0.2535307667592554,-0.042517631160756714,-0.23740917632320702,-0.8279427399213146,0.09445104297520661,282.1002,0.0,121.0,0.1706378155158258
Wei,jng,LPL,1,162,0.66,Royal Never Give Up,68.5,59.9,46.1,52.6,74.2,60.8,6.8,6.0,4.6,5.3,7.4,6.1,469.19565217391306,211.1086956521739,1.0217391304347827,299.1534419753087,0.14364449506172838,5.391101851851852,0.10493827160493827,1.6687172839506172,0.4407234567901234,12.160493827160494,0.6641524414450178,0.20962566844919786,8.655172413793103,0.15821668318698315,-0.27221638765049144,-0.16631026142150876,-0.8306776851982962,0.1707839938271605,660.9535239130435,0.0,162.0,-0.04265523093304943
Peanut,jng,LCK,1,107,0.757,Gen.G,57.6,57.3,69.0,56.6,69.9,60.7,5.8,5.7,6.9,5.7,7.0,6.1,148.3177570093458,168.65420560747663,4.168224299065421,262.11707850467286,0.12127208691588785,6.235959813084112,0.17757009345794392,1.607343925233645,0.4361140186915888,10.233644859813085,0.6686626746506986,0.1928071928071928,0.0,0.23327778056237786,0.03632606488542596,-0.3903002627758687,-0.6514876093921484,0.17189503738317757,827.9831242990655,0.0,107.0,0.037539461970103875
Mark,sup,LPL,1,115,0.661,Top Esports,52.7,68.4,59.7,57.7,69.5,60.7,5.3,6.8,6.0,5.8,7.0,6.1,49.666666666666664,185.66666666666666,-1.3333333333333333,143.74446,0.06759807739130434,1.279157391304348,0.0,2.771324347826087,0.3931278260869565,15.452173913043477,0.7108644859813084,0.19187898089171976,0.12844036697247707,0.20602738698649403,-0.10793610865544051,-0.020736863834452893,-0.78914843582018,0.09782345304347827,287.0539,0.0,115.0,0.19984481703506377
Scout,mid,LPL,1,119,0.605,EDward Gaming,61.4,57.7,62.0,57.6,67.2,60.6,6.1,5.8,6.2,5.8,6.7,6.1,225.63636363636363,56.90909090909091,-0.5454545454545454,564.0112260504202,0.2580388151260504,8.68346974789916,0.04201680672268908,1.114647899159664,0.21653865546218487,4.65546218487395,0.6813455657492354,0.17387883556254918,3.685185185185185,0.256384724751191,-0.07961340206185565,-0.20300374882849112,-0.7709529207189822,0.23890217647058826,402.49456363636364,0.0,119.0,-0.07901188948098596
Elk,bot,LPL,1,93,0.398,Bilibili Gaming|Ultra Prime,59.0,64.3,68.8,53.8,54.1,60.5,5.9,6.4,6.9,5.4,5.4,6.0,0.0,0.0,0.0,630.341364516129,0.29787294623655913,9.28685053763441,0.0,1.3860021505376345,0.44532043010752687,5.172043010752688,0.7119932432432432,0.1704707560627675,2.150537634408602,0.2388723936747221,0.0,2.1222165887882487,-0.9963272733171138,0.27635918279569893,0.0,0.0,93.0,-0.04471288348647962
BrokenBlade,top,LEC,1,89,0.629,G2 Esports,57.2,58.4,69.2,62.9,58.4,60.5,5.7,5.8,6.9,6.3,5.8,6.0,68.8314606741573,-6.51685393258427,-3.955056179775281,483.8691460674157,0.24308197303370788,7.953657303370786,0.38202247191011235,1.0426606741573035,0.15351348314606741,6.438202247191011,0.5870384325546345,0.19161105815061963,2.15,0.2575842881302308,0.17830831488655235,-0.22509821090496024,-0.9002850581814764,0.22652126966292133,730.0358707865169,0.0,89.0,-0.05468886355759879
Biofrost,sup,LCS,1,46,0.326,Dignitas,53.0,70.3,66.1,67.3,40.7,60.4,5.3,7.0,6.6,6.7,4.1,6.0,69.21739130434783,-46.17391304347826,-4.217391304347826,151.26865217391304,0.08975784347826087,1.1785760869565218,0.0,2.7276630434782607,0.3976065217391304,15.41304347826087,0.7254464285714286,0.17077798861480076,0.0,0.29040519947858334,0.09997678198281867,-0.6099373113536104,-0.8185920555799342,0.0912924456521739,304.8867826086956,0.0,46.0,-0.4371873262923847
Fudge,top,LCS,1,41,0.585,Cloud9,60.2,60.5,64.2,65.7,48.9,60.4,6.0,6.0,6.4,6.6,4.9,6.0,5.585365853658536,143.90243902439025,0.24390243902439024,494.6203365853658,0.2324801219512195,8.490636585365854,0.4146341463414634,1.0084268292682927,0.190290243902439,3.341463414634146,0.6087786259541985,0.1906779661016949,0.0,0.17467037353078807,0.2956562309567336,0.47394881170018277,-0.8859782520346551,0.23247229268292682,844.1283682926828,0.0,41.0,0.06726547913407689
Nuguri,top,LCK,1,57,0.614,Dplus Kia,68.4,57.1,65.9,52.7,49.9,60.3,6.8,5.7,6.6,5.3,5.0,6.0,432.87719298245617,237.2280701754386,4.385964912280702,511.990501754386,0.23432287719298245,8.06261754385965,0.24561403508771928,1.1011894736842105,0.2685736842105263,6.684210526315789,0.552054794520548,0.23518850987432674,0.0,0.25704357625845226,-0.45135691192319,0.22530289670487566,-0.8280978999847375,0.2243371754385965,797.8186789473684,0.0,57.0,-0.17609272563430584
Angel,mid,LPL,1,93,0.559,Weibo Gaming,50.9,71.2,60.0,57.5,63.2,60.2,5.1,7.1,6.0,5.8,6.3,6.0,0.0,0.0,0.0,530.6943569892474,0.24629560860215055,8.65472688172043,0.0,1.3057978494623657,0.30733333333333335,6.731182795698925,0.6823228010247652,0.13227513227513227,2.3655913978494625,0.22452263682572202,-0.10731124662098443,0.15672345508266805,-0.7772715541184013,0.2331283870967742,0.0,0.0,93.0,0.0026000130059768488
deokdam,bot,LCK,1,117,0.607,Dplus Kia,60.9,49.2,70.5,59.4,68.4,60.1,6.1,4.9,7.0,5.9,6.8,6.0,236.89743589743588,-21.11111111111111,-1.3247863247863247,566.2294333333333,0.2819508632478632,9.26401794871795,0.8803418803418803,1.15332905982906,0.3238931623931624,4.410256410256411,0.7018970189701897,0.16879795396419436,0.0,0.29111926011186245,-0.020726754917989535,-0.06887822372237741,-0.7360148762308178,0.27252457264957264,281.69279829059826,0.0,117.0,0.010992630535563737
Rookie,mid,LPL,1,85,0.635,Victory Five,58.9,64.3,57.2,57.8,61.0,60.1,5.9,6.4,5.7,5.8,6.1,6.0,0.0,0.0,0.0,593.395754117647,0.26558776470588236,8.26074,0.0,1.096149411764706,0.2829847058823529,7.011764705882353,0.7083647324792766,0.1713747645951036,3.458823529411765,0.23900528745790603,-0.21143699825870357,-0.3190567276946013,-0.7494882347732275,0.22970802352941178,0.0,0.0,85.0,-0.04211353408777822
Wink,sup,LPL,1,33,0.455,Invictus Gaming,71.9,66.2,55.8,48.5,38.6,60.1,7.2,6.6,5.6,4.8,3.9,6.0,0.0,0.0,0.0,234.7344696969697,0.1105049212121212,1.6217575757575757,0.0,2.497569696969697,0.348330303030303,13.242424242424242,0.7382075471698113,0.21132075471698114,0.36363636363636365,0.2144422663290588,0.0,0.0,-0.9790053556077986,0.10982848484848486,0.0,0.0,33.0,-0.20961199108542666
Lava,mid,LCK,1,87,0.368,HANJIN BRION,63.5,67.0,45.9,63.3,50.0,59.9,6.3,6.7,4.6,6.3,5.0,6.0,76.37931034482759,38.264367816091955,-1.7241379310344827,521.0616804597702,0.30518195402298853,8.975788505747126,0.3218390804597701,1.22613908045977,0.3232425287356322,6.218390804597701,0.7456647398843931,0.18075801749271136,0.0,0.24245125348189414,-0.5979258077383326,0.0,-0.9175589341117413,0.24938401149425288,401.3665114942529,0.0,87.0,-0.29010059865457005
Gumayusi,bot,LCK,1,144,0.743,T1,62.6,53.8,61.8,52.8,72.7,59.8,6.3,5.4,6.2,5.3,7.3,6.0,405.1666666666667,51.94444444444444,7.201388888888889,541.1114465277777,0.2549449861111111,9.666578472222222,0.9166666666666666,1.4106131944444444,0.40777986111111114,6.361111111111111,0.6689059500959693,0.17391304347826086,0.0,0.21243690698711443,-0.06349796493425168,-0.023425270037570393,-0.7137742382632012,0.2683108888888889,248.78656041666667,0.0,144.0,-0.03750519462529445
FATE,mid,LCK,1,92,0.391,DN SOOPers,49.0,68.0,65.8,63.4,56.6,59.8,4.9,6.8,6.6,6.3,5.7,6.0,-31.130434782608695,-62.16304347826087,0.8369565217391305,460.42490217391304,0.2605762152173913,8.698782608695652,0.29347826086956524,1.2647608695652175,0.2893902173913043,8.315217391304348,0.7178423236514523,0.14789422135161606,0.0,0.2649323517707919,-0.04740560117617535,0.28769677627568396,-0.8103138063080213,0.24280189130434782,309.85161739130433,0.0,92.0,-0.21412635039924838
Zven,sup,LCS,1,38,0.632,Cloud9,64.6,62.7,51.1,65.0,45.2,59.7,6.5,6.3,5.1,6.5,4.5,6.0,50.55263157894737,182.8421052631579,0.15789473684210525,179.77684210526317,0.08484988947368421,1.0620789473684211,0.0,2.6693105263157895,0.3683815789473684,8.052631578947368,0.7470355731225297,0.23148148148148148,0.0,0.10283269380963703,0.4229867119337058,0.36611543094951254,-0.9979896063089437,0.09196011315789474,314.2971736842105,0.0,38.0,0.17046958959582584
Comp,bot,LEC,1,73,0.603,Rogue,63.7,59.2,61.2,55.4,53.3,59.6,6.4,5.9,6.1,5.5,5.3,6.0,202.75342465753425,63.36986301369863,2.8219178082191783,593.8317684931507,0.2712756164383562,9.806358904109588,0.8904109589041096,1.3069671232876714,0.35614520547945205,4.397260273972603,0.6839530332681018,0.15328467153284672,4.5,0.1849172564922798,0.01628936628936615,0.8011088011088009,-0.809559944123357,0.2820032465753425,308.6640410958904,0.0,73.0,-0.054938650625982126
Hans Sama,bot,LCS,1,79,0.646,Team Liquid,71.4,47.8,59.6,57.9,57.9,59.6,7.1,4.8,6.0,5.8,5.8,6.0,514.2405063291139,375.4810126582278,14.151898734177216,552.7667607594936,0.2735882151898734,9.614791139240506,0.5443037974683544,1.2099392405063292,0.34316075949367086,5.151898734177215,0.6938388625592417,0.18250950570342206,0.0,0.19080319485856415,0.10040990084403748,-0.03262347077480732,-0.7731801070306225,0.26460291139240505,249.75739873417723,0.0,79.0,0.004518052335210236
Poome,sup,LCS,1,57,0.474,Counter Logic Gaming,57.9,57.6,68.9,65.4,48.4,59.6,5.8,5.8,6.9,6.5,4.8,6.0,-15.947368421052632,64.75438596491227,-3.3508771929824563,171.81969473684208,0.08435848245614035,0.9989385964912281,0.017543859649122806,2.4174140350877193,0.3076526315789474,14.473684210526315,0.7309417040358744,0.18693982074263765,0.0,0.24337571602152402,0.25039514840942356,0.8060130958190986,-0.9760310949834946,0.09431528596491227,333.7856473684211,0.0,57.0,0.07468630259557138
Jensen,mid,LCS,1,41,0.585,Cloud9,61.8,53.7,69.1,64.0,48.7,59.6,6.2,5.4,6.9,6.4,4.9,6.0,7.487804878048781,215.90243902439025,-0.5853658536585366,535.8244048780488,0.25363568292682925,8.537656097560976,0.43902439024390244,1.0490951219512195,0.21259024390243905,4.512195121951219,0.7175572519083969,0.17372881355932204,0.0,0.24551470588235297,0.3232085791543757,0.38274336283185856,-0.8392845549672766,0.23152112195121952,332.8988073170732,0.0,41.0,0.020933469913061706
Ming,sup,LPL,1,156,0.667,Royal Never Give Up,69.5,53.9,46.2,51.8,74.6,59.5,7.0,5.4,4.6,5.2,7.5,6.0,297.3695652173913,180.69565217391303,-3.891304347826087,157.45829166666667,0.07588735576923077,1.166072435897436,0.03205128205128205,2.7521852564102565,0.34665576923076924,15.205128205128204,0.6908569085690857,0.2310712282669658,0.02727272727272727,0.18244632828284138,-0.3456540290660526,-0.24421837441353456,-0.9420149258816165,0.09632720448717949,429.4067608695652,0.0,156.0,0.30409965233112946
Cuzz,jng,LCK,1,95,0.495,KT Rolster,57.4,62.3,59.0,58.3,60.0,59.4,5.7,6.2,5.9,5.8,6.0,5.9,70.83157894736843,100.90526315789474,3.694736842105263,267.08181368421054,0.13861467263157895,5.6674463157894746,0.14736842105263157,1.6823578947368423,0.4760621052631579,11.452631578947368,0.6829896907216495,0.20204841713221602,0.0,0.26479664499852495,-0.3019947996466555,-0.49693318893452654,-0.890755032515447,0.16892362105263156,765.6940178947368,0.0,95.0,-0.005863453426412817
Odoamne,top,LEC,1,73,0.603,Rogue,62.2,57.3,55.8,64.1,54.6,59.3,6.2,5.7,5.6,6.4,5.5,5.9,269.93150684931504,175.36986301369862,4.301369863013699,492.7903712328767,0.2307832876712329,8.001816438356165,0.1780821917808219,1.012754794520548,0.18747123287671233,3.219178082191781,0.586105675146771,0.20194647201946472,1.5,0.1398592970880222,0.04101807697631905,0.5859002448769169,-0.8743829184058893,0.2197468630136986,791.2749794520548,0.0,73.0,-0.07796484549367083
Danny,bot,LCS,1,102,0.627,Evil Geniuses,67.8,49.7,62.4,55.1,59.9,59.3,6.8,5.0,6.2,5.5,6.0,5.9,83.83333333333333,92.27450980392157,1.8137254901960784,615.897031372549,0.3002724705882353,9.562341176470587,1.0294117647058822,1.2539803921568629,0.3831941176470588,4.392156862745098,0.677815699658703,0.17486818980667837,0.0,0.18592305931429906,0.1608188210191348,0.3172691461378928,-0.7639825175688298,0.26709658823529414,256.67627254901964,0.0,102.0,-0.14085598734833946
Kiin,top,LCK,1,92,0.391,DN SOOPers,60.6,69.4,48.7,58.2,48.2,59.1,6.1,6.9,4.9,5.8,4.8,5.9,40.65217391304348,94.66304347826087,3.641304347826087,459.3165967391305,0.265665847826087,8.237061956521739,0.25,1.1787217391304348,0.27571304347826087,8.25,0.5933609958506224,0.21743388834476005,0.0,0.16965396107566824,0.1084876505056001,-0.03429178925507445,-1.0694759405734193,0.2348824239130435,700.7137326086956,0.0,92.0,-0.3059175632671617
Kobbe,bot,LEC,1,36,0.278,Astralis,63.7,49.3,73.7,55.9,53.8,59.1,6.4,4.9,7.4,5.6,5.4,5.9,99.63888888888889,285.3333333333333,13.083333333333334,543.475225,0.2747237222222222,9.483677777777778,0.4444444444444444,1.060263888888889,0.28895000000000004,2.7777777777777777,0.6838407494145199,0.1434108527131783,2.5,0.33851422550052696,0.0,0.0,-0.7915956464464049,0.280655,248.25696111111108,0.0,36.0,0.26859504132231393
Neo,bot,LCS,1,61,0.475,Dignitas|Dignitas Academy,50.4,68.1,60.3,55.4,63.2,58.9,5.0,6.8,6.0,5.5,6.3,5.9,32.622950819672134,44.9344262295082,3.80327868852459,494.97415737704915,0.25082483606557376,9.374334426229508,0.7868852459016393,1.4221377049180328,0.4338098360655738,7.737704918032787,0.6608108108108108,0.16085790884718498,13.0,0.21147741629816805,0.39802470944428164,-0.8915909756812189,-0.8312336994048131,0.26628736065573766,328.3302606557377,0.0,61.0,0.38228213769860386
XLB,jng,LPL,1,26,0.731,Victory Five,62.5,67.6,57.0,52.5,42.5,58.9,6.2,6.8,5.7,5.2,4.2,5.9,0.0,0.0,0.0,371.75661538461543,0.15469872692307693,5.035957692307692,0.0,1.6223807692307692,0.4866769230769231,8.961538461538462,0.7142857142857143,0.20921985815602837,10.153846153846153,0.18679518072289159,-0.22335882411361602,0.0,-0.7316988269493565,0.1818721153846154,0.0,0.0,26.0,-0.2821068938807126
Olleh,sup,LCS,1,43,0.372,Golden Guardians,54.4,59.5,73.1,58.1,50.3,58.8,5.4,6.0,7.3,5.8,5.0,5.9,55.95348837209303,-38.651162790697676,10.209302325581396,142.0957906976744,0.0748982046511628,1.5221348837209303,0.0,2.6576069767441863,0.37486511627906977,15.883720930232558,0.7078891257995735,0.20930232558139536,0.0,0.3327039788486292,0.08471814645465096,0.2958097317955368,-0.9018167096656511,0.09573065348837209,392.4096651162791,0.0,43.0,0.2496240342559324
Kingen,top,LCK,1,130,0.546,Kiwoom DRX,50.1,60.6,58.9,63.0,70.1,58.7,5.0,6.1,5.9,6.3,7.0,5.9,-188.6769230769231,-81.31538461538462,-2.6846153846153844,497.7199907692308,0.24337782307692307,7.837766153846154,0.2076923076923077,1.038226153846154,0.24517538461538463,7.6692307692307695,0.569693094629156,0.19578114700065918,0.0,0.19113465100727065,0.003903193019714265,0.2860176715277982,-0.9346904028421936,0.2159018769230769,778.7957553846154,0.0,130.0,0.13208094161303421
Luger,bot,LCS,1,63,0.492,CLG Academy|Counter Logic Gaming,58.6,58.6,60.4,60.3,54.2,58.6,5.9,5.9,6.0,6.0,5.4,5.9,-37.73015873015873,-124.31746031746032,-0.6349206349206349,621.8011761904762,0.29398838095238095,9.063238095238097,0.5873015873015873,1.3486349206349206,0.42583809523809524,3.6984126984126986,0.670076726342711,0.145475372279496,0.0,0.2123798076923077,0.1767616785431512,0.06584850884138303,-0.8925394914197371,0.25953339682539683,273.7282984126984,0.0,63.0,0.12910535995796105
Razork,jng,LEC,1,76,0.579,Fnatic,67.9,54.6,52.3,55.8,55.2,58.5,6.8,5.5,5.2,5.6,5.5,5.8,39.9078947368421,151.67105263157896,5.671052631578948,334.25668815789476,0.15675959605263157,5.354021052631579,0.15789473684210525,1.542259210526316,0.40048421052631583,11.131578947368421,0.6857707509881423,0.22626262626262628,11.647058823529411,0.19995244629335193,-0.0916830703889379,-0.44705072386474926,-0.882278792260591,0.17128852631578947,888.8858921052631,0.0,76.0,-0.009575595478401441
Hoit,sup,LCK,1,74,0.419,DN SOOPers,61.0,59.6,60.2,50.7,57.4,58.4,6.1,6.0,6.0,5.1,5.7,5.8,33.5,199.5,6.9324324324324325,132.89181756756759,0.0758858472972973,1.4585135135135134,0.02702702702702703,2.8187445945945946,0.4327027027027027,18.93243243243243,0.6840148698884758,0.22738693467336685,0.0,0.186593707250342,0.1797038376759169,0.7233934324309048,-1.0162918963220233,0.09456221216216217,363.2610256756757,0.0,74.0,0.3495991634715929
Blaber,jng,LCS,1,78,0.577,Cloud9,72.9,50.2,49.3,56.8,53.3,58.3,7.3,5.0,4.9,5.7,5.3,5.8,201.43589743589743,237.2051282051282,8.397435897435898,318.47517179487176,0.16007944615384614,6.75498717948718,0.2692307692307692,1.4399153846153847,0.375974358974359,7.564102564102564,0.7195242814667988,0.22103004291845493,0.0,0.17305953764690687,0.038154980063635255,-0.45068015224133073,-0.8989232458663251,0.18988473076923076,939.7814384615384,0.0,78.0,-0.1102367889113486
CoreJJ,sup,LCS,1,64,0.594,Team Liquid,45.2,69.4,56.1,69.3,55.1,58.3,4.5,6.9,5.6,6.9,5.5,5.8,48.65625,-96.375,-5.421875,148.314475,0.07282266875,1.01725,0.0,2.81666875,0.4011078125,12.4375,0.7561837455830389,0.2253731343283582,0.0,0.2001117286831573,-0.1658963593955987,-0.33151164827465396,-0.7677337021052753,0.0893180375,362.828103125,0.0,64.0,0.0371524932362037
Bin,top,LPL,1,140,0.621,Bilibili Gaming|Royal Never Give Up,69.5,44.0,66.4,42.4,71.0,58.2,7.0,4.4,6.6,4.2,7.1,5.8,475.18518518518516,443.48148148148147,8.25925925925926,487.1125778571428,0.2358755042857143,8.62207857142857,0.10714285714285714,0.9441821428571427,0.16708857142857142,4.735714285714286,0.5105189340813464,0.20340975896531452,3.982300884955752,0.24479708336378989,-0.14071316896796973,0.0010997377548430164,-0.849513597239893,0.23888932857142856,471.5313370370371,0.0,140.0,-0.06538113056168439
Armut,top,LEC,1,57,0.509,MAD Lions KOI,62.4,63.0,49.9,58.0,48.5,58.2,6.2,6.3,5.0,5.8,4.8,5.8,185.52631578947367,186.01754385964912,3.7719298245614037,470.8061421052632,0.24367433333333333,8.022226315789474,0.2631578947368421,1.1810315789473684,0.19342105263157897,6.368421052631579,0.573076923076923,0.21447368421052632,1.6666666666666667,0.2018869130135259,-0.2879217876885669,-0.5071680257161001,-0.9355005852503336,0.225943350877193,735.3273824561403,0.0,57.0,-0.06951676331937423
FoFo,mid,LPL,1,67,0.522,Bilibili Gaming,55.9,59.2,65.5,56.9,53.1,58.1,5.6,5.9,6.5,5.7,5.3,5.8,0.0,0.0,0.0,548.9584940298507,0.27140205970149256,8.217086567164179,0.0,1.1169059701492539,0.21169253731343285,4.611940298507463,0.6765350877192983,0.1570926143024619,3.373134328358209,0.23427545819856904,0.04919996443554605,0.16280946014476047,-0.7395960464709789,0.22233485074626866,0.0,0.0,67.0,-0.18898162317230946
VicLa,mid,LCK,1,84,0.571,KT Rolster|KT Rolster Challengers,67.2,48.5,59.2,55.3,57.5,58.0,6.7,4.8,5.9,5.5,5.8,5.8,124.86904761904762,138.03571428571428,2.1666666666666665,551.0816202380952,0.27929735714285714,8.825634523809523,0.35714285714285715,1.1653880952380953,0.25097619047619046,11.297619047619047,0.6921692169216922,0.21926910299003322,0.0,0.3079385494819578,-0.3371752068515025,-0.7004100740310639,-0.7890955636428925,0.23304976190476193,396.83541071428573,0.0,84.0,-0.12327603111314452
Xun,jng,LPL,1,96,0.427,Bilibili Gaming|Invictus Gaming,64.1,50.1,65.5,49.6,61.2,58.0,6.4,5.0,6.5,5.0,6.1,5.8,0.0,0.0,0.0,351.0147729166667,0.17690408854166664,6.04369375,0.0,1.3061791666666667,0.31743645833333334,10.65625,0.7315112540192926,0.21585279547062985,11.291666666666666,0.21837309338695934,0.0,1.3866627668909035,-0.9844820759725995,0.19776195833333332,0.0,0.0,96.0,0.20254492579344877
Selfmade,jng,LEC,1,26,0.462,Team Vitality,78.0,40.4,72.2,42.1,48.5,58.0,7.8,4.0,7.2,4.2,4.8,5.8,110.07692307692308,246.76923076923077,10.346153846153847,369.02175,0.1827991,6.031665384615384,0.5,1.3649461538461538,0.3571730769230769,8.653846153846153,0.6318840579710145,0.2292817679558011,12.727272727272727,0.2677841801990571,0.09946524064171115,0.8823529411764705,-0.9266215194166129,0.1861361923076923,850.377976923077,0.0,26.0,0.41135707410972105
PowerOfEvil,mid,LCS,1,40,0.225,Immortals,60.9,61.6,53.7,60.8,44.0,57.9,6.1,6.2,5.4,6.1,4.4,5.8,-63.4,-14.65,-2.95,547.790245,0.31516485,8.920852499999999,0.175,0.9825649999999999,0.20987499999999998,4.575,0.7301136363636364,0.15934065934065933,3.5,0.2584502103786816,-0.1776076314798544,0.0,-0.9746429373672978,0.25349594999999997,311.79805999999996,0.0,40.0,-0.007105202842081026
Vulcan,sup,LCS,1,123,0.61,Evil Geniuses,51.1,55.1,61.2,61.9,71.6,57.9,5.1,5.5,6.1,6.2,7.2,5.8,-3.6260162601626016,18.528455284552845,-1.4308943089430894,154.29185203252032,0.0756640593495935,1.0752739837398375,0.008130081300813009,2.666677235772358,0.3105617886178862,16.24390243902439,0.7075688073394495,0.21334310850439883,0.0,0.20337466711051935,0.10937647405806764,-0.10241107488686678,-0.8058296044341264,0.08884282926829269,384.3425260162602,0.0,123.0,0.27130780814416544
Treatz,sup,LEC,1,36,0.389,SK Gaming,59.4,47.7,70.3,62.8,52.3,57.8,5.9,4.8,7.0,6.3,5.2,5.8,-23.72222222222222,281.19444444444446,-1.5,155.70815833333333,0.08537569444444444,0.887325,0.0,2.5154388888888892,0.27215833333333334,14.583333333333334,0.7002583979328165,0.21428571428571427,0.0,0.35026296018031555,0.0,0.0,-0.9781595137282002,0.08485333611111111,390.0225027777778,0.0,36.0,0.535135135135135
Bwipo,top,LCS,1,80,0.637,Team Liquid,74.4,43.8,55.2,48.6,62.5,57.8,7.4,4.4,5.5,4.9,6.2,5.8,396.9875,217.7875,7.075,543.49714125,0.26723766250000003,8.672766249999999,0.35,1.0418850000000002,0.17454625,7.0,0.5902712815715622,0.2822085889570552,0.0,0.18352158359441448,-0.05574341976015608,0.041197296427422016,-0.925004922445438,0.24246902499999998,819.2582812500001,0.0,80.0,0.29728669499836546
Betty,bot,LPL,1,83,0.386,Anyone's Legend,48.1,66.0,57.9,68.4,49.0,57.7,4.8,6.6,5.8,6.8,4.9,5.8,0.0,0.0,0.0,525.3522722891566,0.27372618072289157,8.546913253012049,0.0,1.2561180722891567,0.406044578313253,4.397590361445783,0.7541625857002938,0.16048317515099222,0.9518072289156626,0.23121879514408095,0.0,0.0,-0.9386350627814253,0.25775401204819276,0.0,0.0,83.0,-0.16916570229700373
Doran,top,LCK,1,108,0.75,Gen.G,63.2,49.1,57.3,54.3,68.0,57.7,6.3,4.9,5.7,5.4,6.8,5.8,163.90740740740742,101.12962962962963,2.9444444444444446,510.54336666666666,0.23959201851851852,8.365114814814815,0.2777777777777778,1.0536759259259258,0.2201574074074074,7.175925925925926,0.5714285714285714,0.2587890625,0.0,0.19664955005338347,-0.20977287528492342,-0.1549084368361477,-0.8364091438747588,0.2203987685185185,749.7729351851851,0.0,108.0,0.11017921868707219
Hang,sup,LPL,1,97,0.464,FunPlus Phoenix|LNG Esports,54.1,60.0,55.5,56.9,63.8,57.5,5.4,6.0,5.5,5.7,6.4,5.8,0.0,0.0,0.0,163.6009206185567,0.08313509587628866,1.189561855670103,0.0,2.5692309278350516,0.3523278350515464,13.505154639175258,0.7322175732217573,0.21722560975609756,0.041237113402061855,0.18078418396889734,0.24815623180044313,0.33216674740239605,-1.059669098380489,0.09419263711340206,0.0,0.0,97.0,0.438006628488716
Kaiser,sup,LEC,1,57,0.509,MAD Lions KOI,53.0,62.1,56.5,68.6,45.7,57.5,5.3,6.2,5.7,6.9,4.6,5.8,32.333333333333336,-78.45614035087719,3.6315789473684212,146.73760350877194,0.07737933684210525,0.9211649122807017,0.017543859649122806,2.665838596491228,0.35057894736842105,14.894736842105264,0.735897435897436,0.21578947368421053,0.0,0.20290075252481266,0.24369690506901862,-0.20830364751407454,-0.9681210798546203,0.0869611701754386,415.8304087719298,0.0,57.0,-0.08065295510762052
Perkz,mid,LEC,1,45,0.467,Team Vitality,64.8,52.4,69.0,46.5,50.0,57.5,6.5,5.2,6.9,4.7,5.0,5.8,185.33333333333334,126.91111111111111,7.844444444444444,523.8645022222222,0.2484609111111111,8.987453333333333,0.35555555555555557,1.1263644444444445,0.27089555555555556,3.977777777777778,0.6352739726027398,0.19532554257095158,4.0,0.278300048709206,0.1424113549882157,0.943804395054576,-0.9750066368028169,0.24328291111111108,399.45522444444447,0.0,45.0,0.20581785727258112
Impact,top,LCS,1,123,0.61,Evil Geniuses,59.8,48.3,58.6,58.3,68.3,57.4,6.0,4.8,5.9,5.8,6.8,5.7,69.1219512195122,35.77235772357724,-0.2032520325203252,481.83217967479675,0.23797222845528457,7.873237398373983,0.45528455284552843,0.9952430894308943,0.17502357723577236,3.6991869918699187,0.5814220183486238,0.2287390029325513,0.0,0.20969773646897982,-0.003535390089198479,-0.12743677534068887,-0.9381692283335595,0.22481802845528456,745.8625601626017,0.0,123.0,0.10773929295391114
Rich,top,LPL,1,96,0.667,Victory Five,57.7,60.8,57.7,44.9,65.8,57.4,5.8,6.1,5.8,4.5,6.6,5.7,0.0,0.0,0.0,553.7084645833334,0.24871265625000002,8.129238541666666,0.0,1.0828635416666665,0.26310937500000003,4.25,0.536472148541114,0.23031329381879762,5.354166666666667,0.2106011235126727,-0.15377387170770818,-0.5346157035071719,-0.8394081768766356,0.22147075000000002,0.0,0.0,96.0,0.137210628349869
Croco,jng,LCK,1,95,0.474,Liiv SANDBOX,50.1,59.6,49.5,62.6,71.6,57.1,5.0,6.0,5.0,6.3,7.2,5.7,-128.37894736842105,-82.53684210526316,0.9578947368421052,271.7730957894737,0.14469963894736843,5.513922105263157,0.15789473684210525,1.4827673684210525,0.46226526315789473,8.23157894736842,0.732766761095373,0.2140495867768595,0.0,0.19680934320630908,0.21105316131393553,-0.7889944185195351,-1.0116869659886214,0.17929625263157895,856.3266557894738,0.0,95.0,0.9557880767100452
HOYA,top,LPL,1,55,0.527,Dplus Kia|ThunderTalk Gaming,42.1,64.1,68.0,61.1,58.0,56.9,4.2,6.4,6.8,6.1,5.8,5.7,-19.22222222222222,-213.88888888888889,-3.3333333333333335,459.7759509090909,0.22487465454545452,7.324552727272727,0.01818181818181818,1.1812581818181818,0.2375490909090909,8.50909090909091,0.56625,0.22836879432624113,2.0434782608695654,0.2509903151544018,0.14408872524808036,-0.2154820169727449,-0.8987512236945169,0.20556098181818183,684.1019666666666,0.0,55.0,0.3497270866499885
Breathe,top,LPL,1,134,0.59,Bilibili Gaming|Royal Never Give Up,54.7,58.2,56.3,49.7,70.4,56.9,5.5,5.8,5.6,5.0,7.0,5.7,141.8421052631579,2.8947368421052633,0.7368421052631579,493.3149365671641,0.23663827313432834,8.53524328358209,0.06716417910447761,1.0484246268656716,0.21410447761194032,5.619402985074627,0.5471599791558103,0.21283158544108574,4.773913043478261,0.23628453411464082,-0.3823646555488604,-0.6180027845930155,-0.8657031503160333,0.23835560447761195,755.7222210526315,0.0,134.0,-0.011921831637372813
Shanks,mid,LPL,1,58,0.224,Team WE,55.0,65.0,49.3,60.2,48.3,56.7,5.5,6.5,4.9,6.0,4.8,5.7,0.0,0.0,0.0,519.4176034482759,0.28342562068965516,8.708137931034482,0.0,1.0515620689655172,0.27491724137931034,4.775862068965517,0.7529610829103215,0.17142857142857143,1.7586206896551724,0.23107435679954766,0.0,0.0,-1.0759429852134774,0.24430529310344828,0.0,0.0,58.0,0.1331423401688781
Jankos,jng,LEC,1,89,0.629,G2 Esports,56.4,55.5,65.1,50.1,57.3,56.7,5.6,5.5,6.5,5.0,5.7,5.7,-14.865168539325843,-163.04494382022472,-2.404494382022472,294.63857528089886,0.14569423370786516,5.718465168539326,0.38202247191011235,1.6291696629213483,0.46163370786516855,8.831460674157304,0.6872645064054258,0.24976167778836988,8.55,0.20895928058615454,0.11972156284082894,0.7339449541284404,-0.8965648133595685,0.17665768539325843,752.2644191011235,0.0,89.0,-0.05914152343523282
Life,sup,LCK,1,98,0.49,KT Rolster,47.5,59.7,55.3,59.9,69.8,56.6,4.8,6.0,5.5,6.0,7.0,5.7,-109.88775510204081,-69.61224489795919,-6.76530612244898,162.16618163265306,0.08531499591836736,0.9196969387755103,0.02040816326530612,2.766029591836735,0.3534744897959184,15.214285714285714,0.7133277451802179,0.22202486678507993,0.0,0.23576661413259895,-0.14070134446339233,-0.2823844204298137,-0.9356120887147533,0.09029581224489795,309.25306326530614,0.0,98.0,0.6212761437137059
Pyosik,jng,LCK,1,118,0.534,Kiwoom DRX,49.3,62.0,48.4,59.0,69.5,56.4,4.9,6.2,4.8,5.9,7.0,5.6,-70.07627118644068,10.398305084745763,-0.4745762711864407,259.55776016949153,0.12753923559322033,5.77384406779661,0.211864406779661,1.6464389830508475,0.4758593220338983,14.838983050847459,0.6972083035075161,0.2074659009332376,0.0,0.1971996766370251,-0.5286208796283028,0.19884067524576532,-0.8848532533487246,0.17159451355932204,740.8149677966102,0.0,118.0,0.2482788562922536
Lehends,sup,LCK,1,107,0.757,Gen.G,62.1,45.8,56.7,53.2,67.8,56.3,6.2,4.6,5.7,5.3,6.8,5.6,23.252336448598133,80.30841121495327,0.3925233644859813,171.66671028037382,0.07995875794392523,1.0223364485981308,0.028037383177570093,2.5946271028037384,0.3046644859813084,15.626168224299066,0.6899534264803726,0.23876123876123875,0.0,0.156428161022388,0.010741611834244059,-0.029354597160928638,-0.7536693152257147,0.0890744429906542,297.03727289719626,0.0,107.0,0.14100963855225876
Dread,jng,LCK,1,81,0.37,Nongshim RedForce,49.4,58.6,59.8,60.1,57.7,56.2,4.9,5.9,6.0,6.0,5.8,5.6,96.48148148148148,-38.382716049382715,-1.037037037037037,241.10276172839508,0.12966985925925928,5.881858024691358,0.18518518518518517,1.5304296296296296,0.4419333333333333,14.382716049382717,0.6972067039106146,0.19498069498069498,0.0,0.23786287532332892,0.0,0.0,-0.977152521556542,0.17310292592592594,733.4375654320987,0.0,81.0,0.213459714806045
Beichuan,jng,LPL,1,96,0.542,FunPlus Phoenix|FunPlus Phoenix Blaze|ThunderTalk Gaming,57.0,60.6,53.9,47.9,58.1,56.1,5.7,6.1,5.4,4.8,5.8,5.6,0.0,0.0,0.0,316.51925,0.15485605104166666,5.609000000000001,0.0,1.6090635416666668,0.4141875,9.114583333333334,0.6944644140905823,0.2208,13.302083333333334,0.21706096335210093,-0.05165576407506701,-0.4641018766756032,-0.9299543143876843,0.18087144791666665,0.0,0.0,96.0,-0.05945036951807763
Maple,mid,LCS,1,38,0.342,Anyone's Legend|TSM,54.4,51.3,68.9,58.7,50.0,56.1,5.4,5.1,6.9,5.9,5.0,5.6,-44.607142857142854,-113.32142857142857,-0.10714285714285714,530.9569105263158,0.2663804105263158,8.77171842105263,0.3157894736842105,1.0126105263157894,0.21142631578947368,5.7631578947368425,0.7002457002457002,0.1724137931034483,0.4,0.21052072627612198,0.3362031700288184,1.3299711815561959,-0.9258808035430064,0.24265563157894737,358.1689464285714,0.0,38.0,0.2142278617710582
Doinb,mid,LPL,1,113,0.531,LNG Esports,53.9,61.7,50.5,54.2,58.8,56.0,5.4,6.2,5.0,5.4,5.9,5.6,0.0,0.0,0.0,538.6884469026548,0.2632912300884956,8.742317699115045,0.0,1.1682884955752213,0.2599637168141593,4.3628318584070795,0.7058423913043478,0.18220946915351507,2.7079646017699117,0.23128310494276821,-0.25352915508198504,-0.36192472988042473,-0.8560445485859147,0.23546675221238939,0.0,0.0,113.0,-0.27900160050256695
Meiko,sup,LPL,1,119,0.605,EDward Gaming,52.9,50.3,64.8,51.4,69.6,55.9,5.3,5.0,6.5,5.1,7.0,5.6,-14.545454545454545,63.18181818181818,3.3636363636363638,152.42496470588236,0.07114478655462185,1.10950756302521,0.008403361344537815,2.5910285714285717,0.3331252100840336,14.142857142857142,0.7015290519877676,0.24075531077891424,0.06481481481481481,0.2362546660969258,0.2217023709348933,-0.08757757815634089,-0.858372168514458,0.09385219915966386,239.96545454545455,0.0,119.0,0.24518457856101186
Markoon,jng,LEC,1,47,0.489,Excel Esports,56.5,53.2,54.5,63.3,51.9,55.9,5.7,5.3,5.5,6.3,5.2,5.6,25.29787234042553,-62.319148936170215,-3.0425531914893615,290.11090425531916,0.1469458829787234,4.838744680851064,0.2765957446808511,1.3194702127659574,0.38374468085106384,10.23404255319149,0.700164744645799,0.18779342723004694,7.142857142857143,0.223867899249732,-0.1275889837332904,-0.6379851827991625,-0.8802385655417084,0.16797046808510638,768.5108957446809,0.0,47.0,0.22300504301394272
Ucal,mid,LPL,1,85,0.447,ThunderTalk Gaming,51.6,56.6,61.3,48.8,67.4,55.9,5.2,5.7,6.1,4.9,6.7,5.6,0.0,0.0,0.0,514.7180152941177,0.26186702352941177,8.704069411764706,0.0,1.0427894117647059,0.2712717647058823,4.070588235294117,0.6587591240875912,0.15090735434574976,1.6705882352941177,0.2732203060559578,0.0,-0.45483124412533676,-0.8318569199267678,0.2420904823529412,0.0,0.0,85.0,0.35091477035596164
shanji,top,LPL,1,92,0.478,Oh My God,53.7,57.3,42.8,63.4,65.0,55.8,5.4,5.7,4.3,6.3,6.5,5.6,0.0,0.0,0.0,498.50715652173915,0.25316440217391306,8.066910869565218,0.0,0.887845652173913,0.15972173913043478,5.619565217391305,0.6317180616740088,0.19705197827773469,2.967391304347826,0.13739665387956698,0.27708603840634183,-0.8037996309710927,-1.0346740529763545,0.2285154239130435,0.0,0.0,92.0,0.45752104390274434
Labrov,sup,LEC,1,45,0.467,Team Vitality,66.6,46.7,55.3,58.0,46.5,55.8,6.7,4.7,5.5,5.8,4.7,5.6,83.77777777777777,62.6,10.0,157.71020222222222,0.07319826444444444,1.3012177777777778,0.044444444444444446,2.5352444444444444,0.2931155555555556,16.644444444444446,0.7054794520547946,0.2370617696160267,0.0,0.2268068299302145,-0.08173014828436644,0.27434760414039966,-1.0719682896232197,0.09128993777777777,441.7392977777778,0.0,45.0,0.2496300138526106
Care,mid,LPL,1,68,0.471,FunPlus Phoenix,43.4,70.5,56.6,56.6,51.7,55.7,4.3,7.0,5.7,5.7,5.2,5.6,0.0,0.0,0.0,460.4473544117647,0.23122223529411765,8.209944117647058,0.0,1.413069117647059,0.37972058823529414,6.323529411764706,0.6922183507549361,0.18708971553610504,2.1176470588235294,0.23264015075038694,-0.04231086233912106,0.1284292947132933,-0.910034989272509,0.21914870588235294,0.0,0.0,68.0,-0.03943529411764717
Huni,top,LCS,1,25,0.28,TSM,41.5,67.1,54.1,70.0,47.9,55.5,4.2,6.7,5.4,7.0,4.8,5.5,-154.28,-489.6,-9.6,461.249776,0.255292176,7.879392,0.24,1.091072,0.159248,5.2,0.6470588235294118,0.189873417721519,0.0,0.2368101545253863,0.0,0.0,-1.1653057760325185,0.22985010800000003,574.88694,0.0,25.0,0.6725427350427351
Spica,jng,LCS,1,46,0.348,TSM,60.5,53.5,48.1,67.6,40.9,55.5,6.0,5.3,4.8,6.8,4.1,5.5,20.17391304347826,-65.08695652173913,0.782608695652174,311.3046195652174,0.1527573608695652,6.051578260869564,0.2391304347826087,1.3257891304347826,0.3536847826086957,10.282608695652174,0.7810650887573964,0.2215568862275449,0.0,0.187802288545476,-0.023843850504602457,0.25762448707996,-1.08577987064343,0.18343454347826088,839.9399195652173,0.0,46.0,-0.077168260359
SofM,jng,LPL,1,93,0.559,Weibo Gaming,47.6,61.6,64.7,45.1,62.9,55.4,4.8,6.2,6.5,4.5,6.3,5.5,0.0,0.0,0.0,270.42004731182794,0.12719898817204303,5.528217204301075,0.0,1.6770784946236559,0.4610344086021505,11.64516129032258,0.6327924850555081,0.19223985890652556,12.03225806451613,0.24587889859703937,-0.016063192493240726,0.011878217861920871,-0.8777865212965095,0.1692055376344086,0.0,0.0,93.0,0.1585270398867154
Chieftain,jng,LPL,1,46,0.522,NASR eSports Turkey|ThunderTalk Gaming,68.1,41.3,50.5,47.2,71.6,55.4,6.8,4.1,5.0,4.7,7.2,5.5,515.0454545454545,333.90909090909093,11.318181818181818,239.53006304347826,0.12304421739130436,5.606571739130436,0.15217391304347827,1.441641304347826,0.3640152173913044,9.434782608695652,0.6357267950963222,0.23622047244094488,10.625,0.1643250089048957,-0.014359582944816568,0.12604899550733237,-0.9081052233171203,0.16527745652173914,804.6150045454546,0.0,46.0,1.47123719464145
Crisp,sup,LPL,1,98,0.5,Bilibili Gaming,47.8,60.1,55.7,55.4,62.7,55.3,4.8,6.0,5.6,5.5,6.3,5.5,0.0,0.0,0.0,146.76886530612245,0.07136703061224489,1.1033836734693878,0.0,2.631965306122449,0.36518979591836737,17.26530612244898,0.7213114754098361,0.2172549019607843,0.030612244897959183,0.24116484059642473,-0.010103489953165084,-0.6578536536234073,-0.9036248734487804,0.09270854285714285,0.0,0.0,98.0,0.16503808018393437
Leyan,jng,LPL,1,87,0.425,Rare Atom,58.0,64.7,43.8,46.7,54.3,55.2,5.8,6.5,4.4,4.7,5.4,5.5,0.0,0.0,0.0,317.30728620689655,0.15980641264367818,6.015486206896552,0.0,1.5878724137931035,0.485,6.252873563218391,0.6875,0.21121039805036557,14.149425287356323,0.20509368487601565,-0.238016855662461,-0.6289473384095462,-1.0284483403004345,0.18530354022988504,0.0,0.0,87.0,0.03396287898797048
ON,sup,LPL,1,100,0.58,Bilibili Gaming|Weibo Gaming,61.3,62.3,45.2,36.3,63.4,55.2,6.1,6.2,4.5,3.6,6.3,5.5,0.0,0.0,0.0,196.466341,0.08757180999999999,1.441555,0.0,3.0864730000000002,0.48184899999999997,14.98,0.6541635408852213,0.26311475409836066,0.23,0.19735876517033937,-0.4112015966074669,0.19014139563974256,-1.108181961030796,0.09646672199999999,0.0,0.0,100.0,0.4422062049514257
Humanoid,mid,LEC,1,76,0.579,Fnatic,75.9,43.8,48.6,41.2,54.8,55.1,7.6,4.4,4.9,4.1,5.5,5.5,283.05263157894734,278.11842105263156,10.421052631578947,606.4100763157895,0.2807295,8.913463157894736,0.34210526315789475,1.0772815789473684,0.23558157894736842,2.6315789473684212,0.6106719367588933,0.19393939393939394,2.3529411764705883,0.221733343362663,-0.22267942759520165,-0.36623987361537186,-0.8854793450297499,0.24971385526315787,357.49009078947364,0.0,76.0,-0.027098463360658423
Tarzan,jng,LPL,1,113,0.531,LNG Esports,50.0,59.1,48.0,56.6,65.2,54.9,5.0,5.9,4.8,5.7,6.5,5.5,0.0,0.0,0.0,276.79502300884957,0.13790545486725664,4.9507230088495575,0.0,1.5574893805309733,0.39581592920353986,11.150442477876107,0.7072010869565217,0.2116212338593974,8.389380530973451,0.16715044930324857,-0.08919282271773965,-0.24000219543486773,-0.8881140048462735,0.1643059203539823,0.0,0.0,113.0,0.03400763984704272
Mole,mid,LPL,1,28,0.429,Invictus Gaming,54.0,54.4,50.6,64.6,50.9,54.9,5.4,5.4,5.1,6.5,5.1,5.5,0.0,0.0,0.0,532.1345857142857,0.2678311428571429,7.5229,0.0,1.0174178571428572,0.23808214285714285,5.821428571428571,0.7312138728323699,0.20046620046620048,1.6785714285714286,0.21008961168270823,0.0,0.0,-0.9775627190564671,0.20633335714285714,0.0,0.0,28.0,0.41666666666666646
Clid,jng,LPL,1,83,0.458,FunPlus Phoenix,47.1,67.9,43.3,58.8,55.4,54.8,4.7,6.8,4.3,5.9,5.5,5.5,0.0,0.0,0.0,257.655221686747,0.13151391686746988,5.210087951807229,0.0,1.617031325301205,0.4296409638554217,11.975903614457831,0.7135969141755063,0.18772241992882563,9.91566265060241,0.19197591680350298,-0.45094048710783396,-0.2400635290806377,-0.9619276979626779,0.17061889156626506,0.0,0.0,83.0,0.034554274906009264
Licorice,top,LCS,1,45,0.356,Golden Guardians,52.8,52.7,64.7,59.8,44.2,54.8,5.3,5.3,6.5,6.0,4.4,5.5,-23.133333333333333,55.577777777777776,1.6,456.91364666666664,0.23651222222222223,7.775306666666666,0.2222222222222222,1.0495644444444445,0.19444,5.622222222222222,0.5667351129363449,0.21664050235478807,0.0,0.23178137829320608,0.1849371302607014,0.4231729536405964,-1.038735376586719,0.21952748888888887,872.9174711111111,0.0,45.0,0.017932874257751957
Xiaohao,jng,LPL,1,83,0.386,Anyone's Legend,52.3,58.1,51.3,58.4,53.1,54.7,5.2,5.8,5.1,5.8,5.3,5.5,0.0,0.0,0.0,282.66880361445783,0.1479099313253012,5.509480722891566,0.0,1.3718530120481927,0.37672168674698797,9.903614457831326,0.7355533790401567,0.19240724762726488,5.9156626506024095,0.19694066551702116,0.0,0.0,-1.0112893040233808,0.18203456626506023,0.0,0.0,83.0,0.0007732911945668446
Aria,mid,LCK,1,38,0.395,KT Rolster,34.6,67.9,74.7,57.2,46.4,54.7,3.5,6.8,7.5,5.7,4.6,5.5,-296.2894736842105,-177.94736842105263,-11.473684210526315,421.3158394736842,0.23365478947368423,8.271542105263158,0.3157894736842105,1.5445815789473685,0.34516842105263157,11.078947368421053,0.6527093596059114,0.16849015317286653,0.0,0.39297149964275313,0.0,0.0,-0.8593394279742754,0.2215513947368421,293.9453868421053,0.0,38.0,-0.021044720030064138
Kedaya,sup,LPL,1,62,0.274,Team WE,44.6,57.9,70.1,54.3,52.8,54.7,4.5,5.8,7.0,5.4,5.3,5.5,0.0,0.0,0.0,126.06069677419356,0.07220599516129032,1.1807870967741936,0.0,2.5635370967741937,0.3722935483870968,15.096774193548388,0.7155555555555555,0.2209695603156708,0.06451612903225806,0.33202768309058983,0.0,0.0,-0.9240382990216983,0.09160499838709678,0.0,0.0,62.0,0.16090096939745274
UmTi,jng,LCK,1,82,0.354,HANJIN BRION,43.8,61.2,59.6,62.1,51.6,54.7,4.4,6.1,6.0,6.2,5.2,5.5,-62.48780487804878,-63.30487804878049,-0.926829268292683,222.80002317073172,0.13378876829268294,5.795857317073171,0.12195121951219512,1.5876634146341464,0.4776878048780488,15.134146341463415,0.7036114570361146,0.2066869300911854,0.0,0.2924105592743895,-0.789610162067455,0.0,-0.8615360810838125,0.1646492548780488,716.9778,0.0,82.0,-0.316921186589433
Vetheo,mid,LEC,1,51,0.49,Misfits Gaming,55.3,67.1,36.2,57.8,46.6,54.7,5.5,6.7,3.6,5.8,4.7,5.5,-215.0,-157.7843137254902,-1.2549019607843137,551.2555490196079,0.26309270588235295,9.05806274509804,0.6862745098039216,1.1711745098039217,0.3012019607843137,4.470588235294118,0.7027818448023426,0.14356435643564355,1.1428571428571428,0.1775066361750183,-0.5777144965090334,-0.9300906931548262,-0.8679268032742894,0.2590320980392157,367.14636666666667,0.0,51.0,-0.13179204798508293
Fudge,mid,LCS,1,37,0.568,Cloud9,48.6,56.6,57.7,64.2,49.3,54.7,4.9,5.7,5.8,6.4,4.9,5.5,-253.43243243243242,100.21621621621621,-3.1621621621621623,485.1939027027027,0.2474168891891892,8.97545945945946,0.5135135135135135,1.074718918918919,0.1885243243243243,2.081081081081081,0.7072164948453609,0.14565217391304347,0.0,0.2259570765661253,-0.1637267080745341,0.0,-0.7792393093683083,0.23639402702702705,322.8480162162162,0.0,37.0,0.010138844042621865
River,jng,LCS,1,49,0.327,Dignitas|Golden Guardians,40.2,57.7,73.3,67.4,42.7,54.7,4.0,5.8,7.3,6.7,4.3,5.5,-228.6122448979592,-82.95918367346938,-4.591836734693878,242.23146734693876,0.13622382040816328,5.567032653061225,0.04081632653061224,1.4278,0.3856591836734694,9.877551020408163,0.7581967213114754,0.22961730449251247,8.0,0.2754595023297313,0.31338160906124163,0.13678771350653074,-0.8781396572558249,0.16802836734693877,817.3907367346939,0.0,49.0,-0.3422093050509785
Xiaoxiang,top,LPL,1,33,0.515,EDward Gaming|ThunderTalk Gaming,53.1,53.6,73.3,48.9,42.1,54.5,5.3,5.4,7.3,4.9,4.2,5.5,0.0,0.0,0.0,500.29721818181815,0.2479300606060606,7.949560606060607,0.0,1.0766363636363636,0.22841212121212123,4.484848484848484,0.5732217573221757,0.2582278481012658,1.7272727272727273,0.297856477166822,0.0,-0.2913815693696318,-0.823155563473735,0.21847069696969695,0.0,0.0,33.0,-0.30323849833827626
Berserker,bot,LCS,1,65,0.615,Cloud9,57.7,43.1,60.3,56.7,60.2,54.5,5.8,4.3,6.0,5.7,6.0,5.5,51.76923076923077,51.87692307692308,4.938461538461539,543.0039876923076,0.2639052769230769,9.363601538461538,0.9538461538461539,1.157266153846154,0.2957215384615385,4.846153846153846,0.6570438799076213,0.16025641025641027,0.0,0.24501902624646307,-0.0835850688668573,-0.36323108656597247,-0.8163249212327535,0.2564205230769231,270.38821230769236,0.0,65.0,0.23718992349841572
Strive,mid,LPL,1,87,0.425,Rare Atom,51.4,61.9,52.5,53.4,49.2,54.4,5.1,6.2,5.2,5.3,4.9,5.4,0.0,0.0,0.0,513.9043942528735,0.26052920689655173,8.90009540229885,0.0,1.1759793103448275,0.24816436781609194,5.011494252873563,0.690625,0.16328188464662877,2.310344827586207,0.22325603760720567,-0.002883459689349074,-0.09353041789940829,-0.9527082958575608,0.2378826551724138,0.0,0.0,87.0,-0.27647909586383523
Nukeduck,mid,LEC,1,47,0.489,Excel Esports,56.5,48.5,61.3,50.8,57.7,54.4,5.7,4.8,6.1,5.1,5.8,5.4,21.914893617021278,165.82978723404256,-0.7872340425531915,503.98567872340425,0.24686451063829787,8.483208510638297,0.3617021276595745,1.0894659574468086,0.18242340425531914,4.702127659574468,0.6326194398682042,0.15492957746478872,1.5714285714285714,0.3021235099544405,-0.30786778870526216,-0.6389283179559971,-0.7443324882329163,0.23787406382978724,302.2738382978723,0.0,47.0,0.19800875507153523
Closer,jng,LCS,1,76,0.566,100 Thieves,50.6,46.3,66.7,61.3,54.9,54.3,5.1,4.6,6.7,6.1,5.5,5.4,53.8421052631579,36.94736842105263,-1.131578947368421,255.38550789473686,0.1308791565789474,5.650311842105263,0.13157894736842105,1.3151092105263158,0.35023421052631576,8.460526315789474,0.709915611814346,0.20556227327690446,0.0,0.22935452081793548,-0.046268531233360485,0.288776968624515,-0.7867128518168218,0.17331717105263159,797.7722473684211,0.0,76.0,-0.18784799554565704
xiye,mid,LPL,1,25,0.4,Team WE,48.0,64.2,53.4,58.7,43.5,54.2,4.8,6.4,5.3,5.9,4.3,5.4,0.0,0.0,0.0,461.48692000000005,0.26774222000000003,7.9826,0.0,1.1834479999999998,0.237532,4.44,0.7414965986394558,0.17777777777777778,1.8,0.19820123664980327,0.0,0.0,-0.8707249244841608,0.24066548000000001,0.0,0.0,25.0,-0.008998548621190013
Moham,sup,LCK,1,27,0.333,DN SOOPers|DN SOOPers Challengers,70.2,45.5,47.3,49.7,48.1,54.2,7.0,4.5,4.7,5.0,4.8,5.4,127.66666666666667,120.14814814814815,14.185185185185185,161.92705555555554,0.09077177407407407,1.763988888888889,0.0,2.353803703703704,0.32464074074074073,16.666666666666668,0.6942446043165468,0.2184873949579832,0.0,0.22770448548812666,-0.8276971145010108,0.0,-0.9254293074197412,0.10069493333333333,342.8483111111111,0.0,27.0,0.36828955797565677
Teddy,bot,LCK,1,92,0.391,DN SOOPers,42.1,71.5,43.5,64.4,45.6,54.0,4.2,7.2,4.3,6.4,4.6,5.4,-212.3804347826087,-130.34782608695653,-9.945652173913043,496.01222826086956,0.27910728260869566,9.215304347826088,0.5869565217391305,1.6755934782608695,0.4434989130434782,7.75,0.7313278008298755,0.16552399608227228,0.0,0.18783176214648298,-0.38153078202995006,-0.2871880199667221,-0.9498782309840961,0.2737380173913044,254.82357065217388,0.0,92.0,-0.35385411277806533
Malrang,jng,LEC,1,73,0.603,Rogue,37.6,61.4,65.1,63.9,51.1,54.0,3.8,6.1,6.5,6.4,5.1,5.4,-221.93150684931507,-285.1232876712329,-13.931506849315069,276.2941356164384,0.13027280821917808,4.562093150684932,0.1232876712328767,1.7115835616438355,0.44585068493150687,13.054794520547945,0.7289628180039139,0.2518248175182482,5.785714285714286,0.17928689679428997,0.21715871955398844,1.4455110056533738,-0.9393258572830399,0.1538947123287671,745.5853410958904,0.0,73.0,-0.08782671955856308
Delight,sup,LCK,1,87,0.368,HANJIN BRION,39.8,70.4,51.2,60.4,48.6,53.9,4.0,7.0,5.1,6.0,4.9,5.4,-64.86206896551724,-106.28735632183908,-2.8045977011494254,122.39508505747126,0.07210674367816092,1.191451724137931,0.011494252873563218,3.0444839080459767,0.49932758620689655,19.839080459770116,0.7086705202312139,0.23420796890184645,0.0,0.25321669028310695,-0.6625501249491487,0.0,-0.9659460907236134,0.08798394252873563,392.38504482758617,0.0,87.0,-0.30474530199356065
Hylissang,sup,LEC,1,74,0.568,Fnatic,57.6,52.6,53.3,52.1,49.8,53.8,5.8,5.3,5.3,5.2,5.0,5.4,39.2972972972973,73.5,-0.7432432432432432,151.8032891891892,0.07029720405405405,0.9595364864864866,0.04054054054054054,2.7316216216216214,0.3751418918918919,12.797297297297296,0.7035532994923858,0.25661914460285135,0.0,0.18085273725553064,0.027013766111846225,-0.029862829535399812,-0.937842940261434,0.09263056621621621,317.54715675675675,0.0,74.0,-0.12057620251823792
Mikyx,sup,LEC,1,42,0.5,Excel Esports,40.2,66.2,59.8,57.3,48.5,53.8,4.0,6.6,6.0,5.7,4.8,5.4,-157.04761904761904,-100.45238095238095,-5.595238095238095,155.80926190476188,0.0765406642857143,0.8799571428571428,0.0,3.134297619047619,0.4413285714285714,19.428571428571427,0.7242647058823529,0.2764084507042254,0.0,0.20418741113758163,0.5646560087489783,-0.03196787337500088,-1.0579868808427584,0.08945115952380953,361.4638785714286,0.0,42.0,0.3777898799072308
Pridestalkr,jng,LCS,1,33,0.394,Golden Guardians,70.5,38.2,58.3,50.3,44.5,53.8,7.0,3.8,5.8,5.0,4.5,5.4,190.66666666666666,239.03030303030303,6.96969696969697,307.02518484848486,0.15925617272727274,7.092296969696969,0.18181818181818182,1.1434909090909091,0.26572727272727276,9.484848484848484,0.6740331491712708,0.17873303167420815,0.0,0.27276485788113697,-0.5946969696969697,0.0,-0.8972982255278038,0.20034845454545455,827.3136424242424,0.0,33.0,0.032420296362819956
Tian,jng,LPL,1,117,0.65,Top Esports,42.5,54.2,66.1,51.8,67.0,53.7,4.2,5.4,6.6,5.2,6.7,5.4,-300.0,-82.33333333333333,1.1666666666666667,276.09063333333336,0.13180438547008547,5.446112820512821,0.0,1.5901581196581196,0.42921367521367526,12.863247863247864,0.6716417910447762,0.23616523772408418,11.81081081081081,0.23303281247833357,-0.025873493131509707,0.19886427765533013,-0.8132059343454318,0.17033835897435898,826.08235,0.0,117.0,-0.03833970173705079
Finn,top,LEC,1,47,0.489,Excel Esports,45.7,66.4,49.2,56.7,48.5,53.7,4.6,6.6,4.9,5.7,4.8,5.4,-232.95744680851064,-56.48936170212766,-8.76595744680851,472.75255531914894,0.2346096170212766,8.052648936170213,0.2978723404255319,1.204104255319149,0.17888936170212766,7.148936170212766,0.5766062602965404,0.2112676056338028,4.0,0.21462188333071974,-0.39544340023401564,-0.7046706265510997,-0.9253998714047141,0.23290021276595746,714.3250638297872,0.0,47.0,0.039085865733817546
Patrik,bot,LEC,1,47,0.489,Excel Esports,63.8,48.9,42.5,57.2,48.9,53.7,6.4,4.9,4.2,5.7,4.9,5.4,46.06382978723404,38.12765957446808,-2.74468085106383,608.0010212765957,0.2977452765957447,9.021529787234043,0.9574468085106383,1.1776574468085106,0.28261489361702125,5.723404255319149,0.6902800658978583,0.1752738654147105,4.285714285714286,0.1708600326674205,-0.28946003660768754,-0.7389795607077486,-0.8859794143283871,0.2727128936170213,329.39001489361704,0.0,47.0,0.09523809523809526
Solo,top,LCS,1,27,0.444,TSM|TSM Academy,49.0,44.9,65.3,59.2,61.3,53.7,4.9,4.5,6.5,5.9,6.1,5.4,-64.03703703703704,220.5185185185185,5.185185185185185,445.8575111111111,0.2155528148148148,7.82124074074074,0.037037037037037035,0.974337037037037,0.17950370370370372,4.37037037037037,0.5294117647058824,0.20052770448548812,0.0,0.1463756819953235,0.6454457050243112,1.7690437601296598,-1.1004633933330155,0.21037666666666668,1022.4865592592593,0.0,27.0,1.1877122324883516
Flandre,top,LPL,1,107,0.598,EDward Gaming,45.6,53.8,52.4,56.9,70.2,53.6,4.6,5.4,5.2,5.7,7.0,5.4,-49.45454545454545,-192.36363636363637,-6.181818181818182,509.3974299065421,0.23573751401869159,8.57418598130841,0.0,0.939622429906542,0.20979813084112148,4.5046728971962615,0.5786555786555787,0.21484716157205241,2.84375,0.16762816944435927,-0.17276097136129284,-0.10944944887215884,-0.8591336307483362,0.23504576635514018,827.7954727272728,0.0,107.0,0.30030383636364283
Faker,mid,LCK,1,144,0.743,T1,54.7,44.6,60.3,46.0,71.1,53.5,5.5,4.5,6.0,4.6,7.1,5.3,157.13194444444446,-72.43055555555556,0.0763888888888889,509.15832430555554,0.24219793055555558,8.443309722222223,0.3402777777777778,1.2630145833333333,0.26964374999999996,6.354166666666667,0.5887715930902111,0.19208306294613886,0.0,0.21424004522379916,0.001941747572815776,-0.33262682893477363,-0.6906286342121577,0.21997179166666667,346.98906875,0.0,144.0,-0.21822149481723943
Vsta,sup,LCK,1,84,0.274,Hanwha Life Esports,50.5,54.2,50.9,66.9,44.1,53.4,5.0,5.4,5.1,6.7,4.4,5.3,-175.0,-76.13095238095238,-4.678571428571429,160.6650619047619,0.0961897869047619,1.0273511904761905,0.03571428571428571,2.4474369047619047,0.2910940476190476,17.345238095238095,0.7211267605633803,0.19446922390722568,0.0,0.2174281734551744,0.0,0.0,-1.1287487327795414,0.08614345714285714,300.02531071428575,0.0,84.0,-0.2970956030657524
Southwind,sup,LPL,1,54,0.296,Rare Atom|ThunderTalk Gaming,49.3,57.6,63.5,45.8,49.8,53.2,4.9,5.8,6.3,4.6,5.0,5.3,0.0,0.0,0.0,143.32025185185185,0.07920042777777778,1.5081185185185186,0.0,2.5722777777777774,0.34660925925925923,17.40740740740741,0.6842105263157895,0.18651362984218078,0.1111111111111111,0.2776132127665364,0.0,0.0,-0.9723015778187961,0.10057341666666667,0.0,0.0,54.0,0.17587110769647937
Tactical,bot,LCS,1,59,0.373,TSM|TSM Academy,67.6,35.9,64.5,47.6,47.4,53.2,6.8,3.6,6.5,4.8,4.7,5.3,75.0677966101695,212.22033898305085,8.661016949152541,593.1145389830508,0.29532584745762713,9.222159322033898,0.6610169491525424,1.123964406779661,0.2940491525423729,5.813559322033898,0.6510903426791277,0.20962199312714777,0.0,0.18668299162970386,0.5708681697101038,1.7166986812456129,-1.1549579142690443,0.26493362711864404,335.0388610169491,0.0,59.0,0.1696211297660747
Shad0w,jng,LPL,1,64,0.344,LGD Gaming,56.5,52.9,51.3,47.6,53.7,53.0,5.7,5.3,5.1,4.8,5.4,5.3,0.0,0.0,0.0,302.395421875,0.1602322109375,5.4732921875,0.0,1.412609375,0.388165625,11.984375,0.6739974126778784,0.19502487562189055,10.015625,0.19377536906878934,0.0,0.0,-0.9975490094653608,0.181609140625,0.0,0.0,64.0,0.2757602016700802
Hope,bot,LPL,1,120,0.683,JD Gaming|Team WE,40.1,55.1,57.0,58.0,67.5,52.9,4.0,5.5,5.7,5.8,6.8,5.3,-441.35714285714283,-341.5,-2.9285714285714284,608.7507666666667,0.2622701016666667,9.248615833333334,0.075,1.3578241666666666,0.39788333333333337,5.133333333333334,0.6698930208863983,0.1759379042690815,3.443396226415094,0.22549121079243714,-0.24779166507585568,-0.3402172064433053,-0.7547576096282123,0.258902825,347.60880714285713,0.0,120.0,-0.038390397371347515
Yagao,mid,LPL,1,135,0.674,Bilibili Gaming|JD Gaming,34.5,63.2,48.8,59.3,72.5,52.8,3.5,6.3,4.9,5.9,7.2,5.3,-335.85714285714283,-412.2142857142857,-13.071428571428571,535.4838533333334,0.23206240518518517,8.364368148148147,0.014814814814814815,1.2495607407407407,0.29564814814814816,4.237037037037037,0.6517006802721088,0.16552901023890784,3.256198347107438,0.19783265910349127,-0.253649791335013,-0.4556103266278971,-0.7712907294633796,0.22359032592592593,432.25142142857146,0.0,135.0,0.06769876946966842
Kael,sup,LCK,1,97,0.464,Liiv SANDBOX,36.6,61.8,41.5,66.1,71.1,52.8,3.7,6.2,4.2,6.6,7.1,5.3,-211.0721649484536,-226.71134020618555,-0.9484536082474226,138.13882577319586,0.07405983608247423,1.057143298969072,0.010309278350515464,2.687016494845361,0.35952061855670103,16.45360824742268,0.7373831775700934,0.22596153846153846,0.0,0.19296042145246975,-0.3129533748017182,-0.3515390236512379,-1.1239096056255236,0.08882800309278349,356.4036288659794,0.0,97.0,0.9787996784465006
huanfeng,bot,LPL,1,111,0.577,ThunderTalk Gaming|Weibo Gaming,45.9,55.5,54.3,48.1,67.9,52.7,4.6,5.5,5.4,4.8,6.8,5.3,0.0,0.0,0.0,539.6724459459459,0.24993836936936936,9.842974774774776,0.0,1.3032729729729728,0.3488918918918919,4.675675675675675,0.6505119453924915,0.1363973313565604,3.3333333333333335,0.19795382526029878,-0.2089412024756853,0.045258620689655145,-0.8105086000584766,0.27102786486486485,0.0,0.0,111.0,0.1033006043360051
Morgan,top,LCK,1,75,0.387,HANJIN BRION,38.2,67.0,53.7,54.8,53.5,52.7,3.8,6.7,5.4,5.5,5.3,5.3,-180.48,-154.52,-1.1333333333333333,370.99697199999997,0.22041614666666665,8.341645333333334,0.21333333333333335,1.170932,0.2829626666666667,9.693333333333333,0.5518617021276596,0.20114285714285715,0.0,0.25329076720381066,-0.7971558894553259,0.0,-0.9331144288049045,0.22828289333333335,717.6845293333333,0.0,75.0,-0.056914743320262196
Caps,mid,LEC,1,89,0.629,G2 Esports,61.5,45.1,51.7,51.0,50.5,52.7,6.2,4.5,5.2,5.1,5.0,5.3,109.17977528089888,-60.674157303370784,-0.5617977528089888,534.5055528089888,0.26579583146067415,8.320706741573034,0.550561797752809,1.036096629213483,0.2196011235955056,3.7752808988764044,0.6737000753579503,0.2221163012392755,2.75,0.1529372095409831,0.23671358804941087,0.08589485779948275,-0.8939310129356016,0.23646334831460675,397.57736179775276,0.0,89.0,-0.3183750567869354
ppgod,sup,LPL,1,99,0.667,Victory Five,49.6,42.6,67.8,47.1,69.8,52.7,5.0,4.3,6.8,4.7,7.0,5.3,0.0,0.0,0.0,158.65631919191918,0.07023106565656566,1.52850202020202,0.0,2.1909242424242423,0.2568656565656566,12.282828282828282,0.7028938906752411,0.20624486442070666,0.050505050505050504,0.3240671241689899,-0.35369151420016093,-0.21289029007109972,-0.7871081819887438,0.10102193535353535,0.0,0.0,99.0,0.4147422418895684
LvMao,sup,LPL,1,84,0.524,LNG Esports,47.6,45.8,65.0,52.8,62.8,52.6,4.8,4.6,6.5,5.3,6.3,5.3,0.0,0.0,0.0,144.39877619047618,0.07201705119047619,0.7896285714285715,0.0,2.4892619047619045,0.2946154761904762,17.464285714285715,0.6978021978021978,0.22840690978886757,0.0,0.24610709334644518,0.33981474150898583,0.019713403530995224,-0.9640219393241226,0.08652442857142857,0.0,0.0,84.0,0.4231913455037186
Neon,bot,LEC,1,51,0.49,Misfits Gaming,56.0,48.6,40.5,60.4,58.4,52.6,5.6,4.9,4.0,6.0,5.8,5.3,-270.8235294117647,-174.80392156862746,-2.6666666666666665,631.6131254901961,0.29616764705882354,8.901039215686273,0.8823529411764706,1.1411019607843136,0.31970784313725487,4.764705882352941,0.6822840409956076,0.15346534653465346,0.14285714285714285,0.1953370892609845,-0.5000086660619681,-0.960721074129494,-0.911503061941849,0.2660734117647059,315.1186294117647,0.0,51.0,0.3810638386014335
Ablazeolive,mid,LCS,1,47,0.383,Golden Guardians|Golden Guardians Academy,59.2,44.9,60.0,49.9,46.7,52.6,5.9,4.5,6.0,5.0,4.7,5.3,-98.38297872340425,-165.04255319148936,0.02127659574468085,586.3377276595745,0.28716963829787234,8.463002127659575,0.2553191489361702,1.1481680851063831,0.24663829787234043,5.638297872340425,0.6654676258992805,0.2182890855457227,0.0,0.26596920966082205,-0.08980876030096724,-0.1441239699032604,-0.8604689286775995,0.23630997872340426,375.92386382978725,0.0,47.0,-0.09712959525514211
Irrelevant,top,LEC,1,51,0.471,Misfits Gaming|Misfits Premier,57.2,48.5,34.6,64.9,56.8,52.5,5.7,4.8,3.5,6.5,5.7,5.2,-35.11764705882353,47.23529411764706,0.6078431372549019,504.5121705882353,0.23982537254901962,7.654874509803921,0.2549019607843137,0.8901470588235294,0.1969313725490196,4.7254901960784315,0.6,0.22116689280868385,0.0,0.15494504332643072,-0.5180776196636482,-0.9257438551099613,-1.0866587761510764,0.21947435294117645,863.7623960784314,0.0,51.0,0.6464195145513828
Hena,bot,LCK,1,84,0.381,HANJIN BRION,45.5,57.3,53.5,59.9,48.2,52.5,4.5,5.7,5.3,6.0,4.8,5.2,-117.33333333333333,58.666666666666664,0.5476190476190477,460.9121857142857,0.26634741666666667,9.699116666666667,0.5357142857142857,1.322747619047619,0.40815238095238093,5.821428571428571,0.6986951364175563,0.1683673469387755,0.0,0.270055427876166,-0.7671553529629173,0.0,-0.8299246333024741,0.2684825714285714,270.8702666666667,0.0,84.0,-0.298038943940129
FBI,bot,LCS,1,76,0.566,100 Thieves,43.6,57.1,48.1,67.3,50.5,52.5,4.4,5.7,4.8,6.7,5.0,5.2,-188.1184210526316,-234.8684210526316,-13.276315789473685,551.5616407894737,0.2854933947368421,8.542776315789473,0.5394736842105263,1.350821052631579,0.3521736842105263,5.894736842105263,0.7236286919831224,0.18016928657799275,0.0,0.15966807122907284,-0.21462612661101704,0.18682415571452352,-0.8602864778043181,0.2544203684210526,285.5804789473684,0.0,76.0,-0.1253257070225612
View,jng,LPL,1,41,0.293,Team WE|Team WE Academy,48.9,63.9,44.7,56.9,40.7,52.4,4.9,6.4,4.5,5.7,4.1,5.2,0.0,0.0,0.0,254.80714634146344,0.1444863268292683,5.155509756097561,0.0,1.4954121951219512,0.46021951219512197,9.585365853658537,0.7354988399071926,0.20833333333333334,6.2439024390243905,0.175515230722831,0.0,0.0,-1.091629720985064,0.18005163414634145,0.0,0.0,41.0,-0.014039447350212593
Jojopyun,mid,LCS,1,123,0.61,Evil Geniuses,56.4,38.9,60.8,50.0,63.5,52.4,5.6,3.9,6.1,5.0,6.3,5.2,178.73170731707316,-5.7560975609756095,2.6666666666666665,502.7687162601626,0.2447980894308943,8.330823577235773,0.25203252032520324,1.0313040650406504,0.22398536585365855,5.699186991869919,0.654243119266055,0.2287390029325513,0.0,0.23119337752178065,0.16421117473601335,0.004134666904804376,-0.877736757950293,0.22868913821138212,422.88244146341464,0.0,123.0,-0.1575437913114898
Weiwei,jng,LPL,1,84,0.512,Bilibili Gaming,49.4,56.6,54.9,47.2,54.8,52.4,4.9,5.7,5.5,4.7,5.5,5.2,0.0,0.0,0.0,275.4308511904762,0.1354004630952381,5.347982142857143,0.0,1.5840583333333333,0.44170595238095234,12.023809523809524,0.6835555555555556,0.23176361957525393,10.583333333333334,0.19177087215747846,0.0629508959739353,0.4769994569854939,-1.0120579933004847,0.17269079761904763,0.0,0.0,84.0,0.07439937117665134
Nisqy,mid,LEC,1,39,0.538,MAD Lions KOI,57.7,42.7,54.0,62.0,45.3,52.4,5.8,4.3,5.4,6.2,4.5,5.2,18.666666666666668,-133.46153846153845,-2.9743589743589745,543.8130307692307,0.26764415384615386,8.24488717948718,0.5128205128205128,0.9378230769230769,0.1578692307692308,5.846153846153846,0.7448015122873346,0.2248995983935743,0.0,0.27951769495772,-0.45065724936237,-0.5320776927604474,-0.8004585003550342,0.23517387179487179,394.4493025641026,0.0,39.0,-0.15548838689150485
Bdd,mid,LCK,1,82,0.354,Nongshim RedForce,50.0,50.7,54.9,53.4,56.5,52.3,5.0,5.1,5.5,5.3,5.7,5.2,-80.58536585365853,-110.03658536585365,-1.5,492.28366585365853,0.2661309634146341,8.520835365853658,0.34146341463414637,1.1643975609756096,0.2357707317073171,9.048780487804878,0.65625,0.174496644295302,0.0,0.25106273600205625,0.0,0.0,-1.0048097680318817,0.23440778048780486,314.70038414634143,0.0,82.0,0.12974713514537356
Johnsun,bot,LCS,1,58,0.448,FlyQuest,57.0,56.0,39.9,56.3,42.7,52.2,5.7,5.6,4.0,5.6,4.3,5.2,-18.896551724137932,-36.827586206896555,-1.6896551724137931,530.340101724138,0.2998541206896552,9.565410344827587,0.9827586206896551,1.3966396551724138,0.35997413793103444,6.068965517241379,0.7140549273021002,0.18646408839779005,0.0,0.1725690556177678,-0.3501802743583727,-0.7668220510741791,-0.9562530328175148,0.28288250000000004,295.4737189655172,0.0,58.0,-0.15977337110481593
Clozer,mid,LCK,1,94,0.479,Liiv SANDBOX,53.7,43.5,44.5,52.6,76.5,52.1,5.4,4.3,4.5,5.3,7.7,5.2,-191.74468085106383,-85.63829787234043,-1.3829787234042554,527.8599521276595,0.27736212765957446,8.897078723404254,0.4148936170212766,0.9397542553191489,0.20729787234042554,4.872340425531915,0.6654028436018957,0.17937971500419111,0.0,0.18486785385776566,-0.006558625650573386,-0.38228324800067703,-0.9771705950688367,0.2434672340425532,384.8850521276596,0.0,94.0,1.0908383466523002
DuDu,top,LCK,1,89,0.27,Hanwha Life Esports,54.6,52.0,48.0,54.1,48.5,52.1,5.5,5.2,4.8,5.4,4.8,5.2,-4.235955056179775,-27.15730337078652,2.707865168539326,435.27820561797756,0.2595822808988764,8.162831460674157,0.25842696629213485,0.9569269662921348,0.2254494382022472,6.932584269662922,0.5714285714285714,0.21168501270110077,0.0,0.19000385059684252,0.0,0.0,-1.1270554222063283,0.23640877528089888,671.4427325842697,0.0,89.0,-0.16181506454043146
Josedeodo,jng,LCS,1,58,0.448,FlyQuest,44.8,61.9,41.9,62.5,48.0,52.0,4.5,6.2,4.2,6.2,4.8,5.2,-144.3793103448276,-34.05172413793103,-0.6551724137931034,233.97784827586207,0.13339538448275862,5.9479482758620685,0.1724137931034483,1.5648258620689655,0.46201551724137935,10.913793103448276,0.7172859450726979,0.20441988950276244,0.0,0.19610237024928487,-0.10599940304447314,-0.7954158790170133,-1.0772180749819509,0.17403322413793104,808.5492,0.0,58.0,0.18689704823614103
Wunder,top,LEC,1,76,0.579,Fnatic,49.8,46.8,56.9,54.8,57.9,51.9,5.0,4.7,5.7,5.5,5.8,5.2,-134.27631578947367,-109.63157894736842,2.539473684210526,484.5755565789473,0.22184335263157892,7.933324999999999,0.2894736842105263,1.0173105263157896,0.1658394736842105,4.815789473684211,0.5484189723320159,0.23030303030303031,2.5294117647058822,0.20992417856022588,-0.07874540771634399,-0.325375554015715,-0.9178483608370366,0.21535984210526316,718.3546802631579,0.0,76.0,0.10967186350670104
Wayward,top,LPL,1,112,0.661,Top Esports,45.2,47.0,63.3,50.2,66.7,51.9,4.5,4.7,6.3,5.0,6.7,5.2,-47.0,-103.83333333333333,2.0,460.65302410714287,0.22628673214285716,8.422500892857142,0.008928571428571428,0.9742919642857143,0.16846785714285714,6.625,0.5375302663438256,0.22442244224422442,4.849056603773585,0.19545968790029267,0.033869135717481985,0.22626817302065996,-0.846410424150103,0.225192,694.1360500000001,0.0,112.0,-5.098095861187585e-05
Xiaolaohu,top,LPL,1,64,0.422,FunPlus Phoenix,53.2,57.8,54.3,41.9,44.4,51.7,5.3,5.8,5.4,4.2,4.4,5.2,0.0,0.0,0.0,480.557703125,0.2593518125,8.8210640625,0.0,1.011753125,0.2262640625,4.5625,0.5537848605577689,0.21612541993281076,4.796875,0.2314243679163034,0.04634026526936294,-0.6463075159652857,-1.0489386463824144,0.248467359375,0.0,0.0,64.0,-0.19030470914127418
Toucouille,mid,LCS,1,58,0.448,FlyQuest,57.4,48.0,41.7,52.7,57.7,51.7,5.7,4.8,4.2,5.3,5.8,5.2,-66.36206896551724,-17.67241379310345,0.13793103448275862,511.0356896551724,0.2898333793103448,8.75283448275862,0.3103448275862069,1.0677586206896552,0.1736689655172414,6.051724137931035,0.6688206785137318,0.16160220994475138,0.0,0.2058941947565543,-0.3682482877768865,-0.6723329425556858,-0.8984468228244143,0.2434959827586207,234.89426896551723,0.0,58.0,0.2849924894169058
Cinkrof,jng,LEC,1,36,0.194,Team BDS,55.5,55.3,47.0,52.8,37.3,51.5,5.5,5.5,4.7,5.3,3.7,5.2,19.02777777777778,145.72222222222223,4.805555555555555,251.1010111111111,0.13659613055555556,5.395525,0.1388888888888889,1.5906444444444443,0.4417027777777778,13.13888888888889,0.6614173228346457,0.20430107526881722,3.0,0.2010136415308829,0.0,0.0,-1.1364820917642295,0.17361972222222222,767.8882194444445,0.0,36.0,-0.1444351730440657
Able,bot,LPL,1,92,0.478,Oh My God,44.4,64.6,35.9,47.4,65.4,51.3,4.4,6.5,3.6,4.7,6.5,5.1,0.0,0.0,0.0,506.0609728260869,0.2544732391304348,9.14298152173913,0.0,1.6303521739130435,0.4996945652173913,3.5,0.6801762114537445,0.186966640806827,1.5434782608695652,0.1416312230765036,-0.37093044595338603,-0.7844558634611856,-1.0146681361288417,0.2702437173913043,0.0,0.0,92.0,0.34780439121756485
Cryin,mid,LPL,1,79,0.342,Ultra Prime,60.5,45.0,48.6,51.0,45.9,51.3,6.0,4.5,4.9,5.1,4.6,5.1,0.0,0.0,0.0,582.4679443037974,0.28381532911392404,8.214273417721518,0.0,0.8647632911392404,0.18628987341772152,4.379746835443038,0.673866090712743,0.16979591836734695,1.4556962025316456,0.20819531249999995,0.0,0.0,-1.0207851543170685,0.23479184810126583,0.0,0.0,79.0,-0.2506627480373979
TheShy,top,LPL,1,93,0.559,Weibo Gaming,69.0,37.4,41.6,42.5,60.7,51.2,6.9,3.7,4.2,4.2,6.1,5.1,0.0,0.0,0.0,622.3154408602151,0.2927439677419355,8.361625806451613,0.0,0.8630516129032259,0.15889999999999999,4.333333333333333,0.5644748078565329,0.2751322751322751,3.7096774193548385,0.19333371059928695,-0.46676860089264577,-0.45306517900395354,-1.058942762778521,0.2298610430107527,0.0,0.0,93.0,0.2632870083519539
Cube,top,LPL,1,84,0.417,Rare Atom,49.2,54.3,49.0,49.8,53.5,51.1,4.9,5.4,4.9,5.0,5.3,5.1,0.0,0.0,0.0,466.80379523809523,0.2407154880952381,8.60490238095238,0.0,0.9626333333333333,0.17702619047619048,4.583333333333333,0.5570175438596491,0.18671152228763668,3.511904761904762,0.20700767997703182,-0.335091753581462,-0.3689006474671504,-0.9803647118822308,0.23319630952380951,0.0,0.0,84.0,-0.09681660249788712
JunJia,jng,LPL,1,25,0.68,EDward Gaming,49.9,53.8,51.5,56.4,40.3,51.1,5.0,5.4,5.2,5.6,4.0,5.1,0.0,0.0,0.0,297.109828,0.12521596000000002,4.461944,0.0,1.5419919999999998,0.37237200000000004,11.92,0.6883720930232559,0.21232876712328766,7.0,0.21579425039246466,-0.608021441562171,-0.14233751316167323,-0.7921408461568266,0.15434908,0.0,0.0,25.0,-0.3193343332619098
Puff,bot,LPL,1,53,0.283,ThunderTalk Gaming,52.0,50.3,48.4,45.3,60.4,50.9,5.2,5.0,4.8,4.5,6.0,5.1,0.0,0.0,0.0,533.6697132075471,0.2973592075471698,9.047581132075472,0.0,1.3155113207547169,0.41913207547169806,4.0,0.6776556776556777,0.19734904270986744,1.4528301886792452,0.19584848304226027,0.0,0.0,-1.0679625715271748,0.2718001320754717,0.0,0.0,53.0,0.5606838737170019
OnFleek,jng,LCK,1,81,0.284,Hanwha Life Esports,43.8,62.5,48.3,49.1,49.6,50.9,4.4,6.2,4.8,4.9,5.0,5.1,-163.71604938271605,-125.45679012345678,-1.9876543209876543,245.03781481481485,0.14348482592592593,5.826129629629629,0.1111111111111111,1.7769,0.5593246913580248,11.88888888888889,0.6762589928057554,0.23862581244196843,0.0,0.21509099189972314,0.0,0.0,-1.1639915896399382,0.18029944444444446,820.2380456790124,0.0,81.0,0.09755008419066975
Carzzy,bot,LEC,1,45,0.467,Team Vitality,51.0,44.0,63.4,48.3,52.0,50.9,5.1,4.4,6.3,4.8,5.2,5.1,-207.57777777777778,-34.71111111111111,-5.644444444444445,595.0854244444444,0.28432762222222224,8.694673333333332,0.4,1.3844844444444444,0.34985777777777777,3.933333333333333,0.6147260273972602,0.18530884808013356,3.909090909090909,0.25868421052631574,-0.156794604385652,0.3860910612838598,-0.8735585027886796,0.2493588,316.53268,0.0,45.0,0.20096701825793298
aphromoo,sup,LCS,1,58,0.448,FlyQuest,47.3,46.5,46.2,63.5,58.8,50.9,4.7,4.7,4.6,6.3,5.9,5.1,3.9310344827586206,162.25862068965517,0.3448275862068966,113.12052413793103,0.06469839310344827,0.9963051724137931,0.017241379310344827,2.3123775862068965,0.3061844827586207,14.258620689655173,0.7108239095315024,0.21685082872928177,0.0,0.20980484704895175,0.07381110370333112,-0.7145375239005736,-1.0905229034388968,0.08607975,360.1581948275862,0.0,58.0,0.7160970672065208
Doggo,bot,LPL,1,88,0.5,Bilibili Gaming|Bilibili Gaming Junior,54.7,50.3,46.3,48.3,52.4,50.9,5.5,5.0,4.6,4.8,5.2,5.1,0.0,0.0,0.0,595.7743409090909,0.28497853409090906,9.615313636363636,0.0,1.2675761363636364,0.3401625,6.125,0.6756055363321799,0.17657497781721385,3.0795454545454546,0.20932387147644393,-0.23910728088273778,-0.6438374506259624,-0.9513621927620796,0.26894475,0.0,0.0,88.0,-0.09481072016396992
Ahn,bot,LPL,1,45,0.444,Invictus Gaming,50.6,51.5,49.0,53.9,49.0,50.9,5.1,5.2,4.9,5.4,4.9,5.1,0.0,0.0,0.0,568.7489177777778,0.2702862888888889,8.667393333333335,0.0,1.31122,0.36561333333333335,3.6,0.6920473773265652,0.19519094766619519,2.688888888888889,0.18090839107005388,0.0,0.0,-0.9909042048109927,0.25388166222222225,0.0,0.0,45.0,0.20638864241348706
Creme,mid,LPL,1,89,0.483,Oh My God,61.7,49.9,32.3,45.0,57.7,50.8,6.2,5.0,3.2,4.5,5.8,5.1,0.0,0.0,0.0,582.3679786516853,0.29335149438202246,8.338369662921348,0.0,1.1360044943820224,0.2620550561797753,4.775280898876405,0.6435643564356436,0.18645418326693228,1.2134831460674158,0.1310059059494975,-0.5776505670069433,-0.6880373506301286,-1.0159087889938292,0.23342051685393256,0.0,0.0,89.0,0.12202856147683734
UNF0RGIVEN,bot,LEC,1,57,0.509,MAD Lions KOI,53.2,42.0,58.0,57.4,45.5,50.8,5.3,4.2,5.8,5.7,4.5,5.1,-4.947368421052632,12.771929824561404,-2.280701754385965,538.1164964912281,0.26732243859649124,9.242884210526315,0.9122807017543859,0.985521052631579,0.2844,4.017543859649122,0.6833333333333333,0.1631578947368421,0.0,0.23268180912532377,-0.09054068465394054,-0.28783192918843975,-0.8420828403412358,0.2697965789473684,279.86013157894735,0.0,57.0,-0.1436989086684094
Lwx,bot,LPL,1,95,0.474,FunPlus Phoenix,49.9,51.9,46.9,47.3,59.7,50.7,5.0,5.2,4.7,4.7,6.0,5.1,0.0,0.0,0.0,542.6502757894737,0.2780198526315789,9.572388421052631,0.0,1.2847715789473684,0.3959157894736842,4.621052631578947,0.6836301950805768,0.18935837245696402,2.5789473684210527,0.15535491535491533,-0.029913212936070778,0.22756447722176754,-0.9783969794353965,0.27177914736842107,0.0,0.0,95.0,0.0953849693800228
Zoom,top,LPL,1,49,0.306,Top Esports|Ultra Prime,45.3,62.0,49.7,54.8,35.5,50.7,4.5,6.2,5.0,5.5,3.5,5.1,0.0,0.0,0.0,446.3843959183673,0.2245297102040816,8.389867346938775,0.0,1.0328836734693878,0.19387755102040816,5.653061224489796,0.5868725868725869,0.18598382749326145,1.8775510204081634,0.1886197372349955,0.0,0.0,-1.0831018931642116,0.23484528571428573,0.0,0.0,49.0,-0.5909533468559838
Sertuss,mid,LEC,1,36,0.389,SK Gaming,37.0,63.3,55.5,58.1,41.4,50.7,3.7,6.3,5.5,5.8,4.1,5.1,-457.6666666666667,-297.27777777777777,-9.166666666666666,484.3276888888889,0.2726581388888889,8.6966,0.2222222222222222,1.178886111111111,0.24704166666666666,6.527777777777778,0.7002583979328165,0.17316017316017315,3.5,0.2356419508788267,0.0,0.0,-0.9421431578104107,0.24408324999999997,352.36849722222223,0.0,36.0,-0.13878260869565204
Abbedagge,mid,LCS,1,76,0.566,100 Thieves,57.5,47.8,38.6,49.2,56.3,50.5,5.8,4.8,3.9,4.9,5.6,5.0,-17.605263157894736,-163.9078947368421,-3.3815789473684212,530.9619078947369,0.27448847368421053,8.711757894736843,0.631578947368421,1.2476868421052631,0.2452671052631579,7.184210526315789,0.6772151898734177,0.2249093107617896,0.0,0.12354949828361848,-0.2618885675010023,0.14727361246348591,-0.9546324070359428,0.23750728947368419,303.6578644736842,0.0,76.0,0.116384870542707
Iwandy,sup,LPL,1,33,0.545,LNG Esports|Team WE,49.7,65.8,36.8,49.7,38.7,50.5,5.0,6.6,3.7,5.0,3.9,5.0,0.0,0.0,0.0,154.85122424242425,0.07325911212121212,1.230048484848485,0.0,2.880630303030303,0.39881212121212123,15.93939393939394,0.7225950782997763,0.2591687041564792,0.2727272727272727,0.1328305489260143,-0.8139555244265453,0.0,-1.0055140498589519,0.09404333333333333,0.0,0.0,33.0,-0.1685957102387696
yaoyao,sup,LPL,1,30,0.5,ThunderTalk Gaming,43.0,54.3,57.7,59.2,38.7,50.4,4.3,5.4,5.8,5.9,3.9,5.0,0.0,0.0,0.0,127.06509,0.06472950000000001,1.1572133333333334,0.0,2.5349633333333332,0.27388,16.766666666666666,0.726161369193154,0.20580474934036938,0.0,0.2097338196726253,0.0,0.0,-0.9095467652977769,0.09071752000000001,0.0,0.0,30.0,-0.25504391686233596
Flakked,bot,LEC,1,89,0.629,G2 Esports,41.3,54.1,54.5,54.9,52.2,50.2,4.1,5.4,5.5,5.5,5.2,5.0,-270.60674157303373,-101.28089887640449,-7.887640449438202,517.5785820224719,0.25810161797752806,9.27462808988764,0.6179775280898876,1.400108988764045,0.3368943820224719,5.438202247191011,0.653353428786737,0.15919923736892277,3.8,0.12003129691894522,0.4126282474540976,0.1179432155827006,-0.8215377452613054,0.2626586741573034,307.39215168539323,0.0,89.0,-0.21814475981963674
Zika,top,LPL,1,76,0.382,Invictus Gaming|LNG Esports,42.9,58.7,49.9,48.9,52.5,50.2,4.3,5.9,5.0,4.9,5.2,5.0,0.0,0.0,0.0,423.63274210526316,0.2189884605263158,8.487518421052632,0.0,0.9623684210526315,0.2222355263157895,5.118421052631579,0.5554371002132196,0.17994858611825193,2.986842105263158,0.17544970047510847,0.0,0.0,-1.0276033876030242,0.23751701315789475,0.0,0.0,76.0,0.03520000000000021
fearness,top,LPL,1,73,0.37,LGD Gaming,47.0,52.3,44.4,55.4,53.3,50.1,4.7,5.2,4.4,5.5,5.3,5.0,0.0,0.0,0.0,444.9710602739726,0.2377024520547945,7.915469863013699,0.0,0.918790410958904,0.17820958904109588,4.068493150684931,0.5859728506787331,0.1974050046339203,1.7534246575342465,0.16500860613880763,0.0,0.0,-1.1241293072529452,0.22811124657534249,0.0,0.0,73.0,0.2669997952296487
Zdz,top,LPL,1,83,0.386,Anyone's Legend,49.4,48.4,56.0,46.7,52.3,50.1,4.9,4.8,5.6,4.7,5.2,5.0,0.0,0.0,0.0,461.6955108433734,0.24494413253012046,8.328906024096385,0.0,0.9523590361445783,0.17835060240963857,7.373493975903615,0.5631733594515181,0.21225194132873165,1.6867469879518073,0.2227308839393362,0.0,0.0,-1.069704470182251,0.23747438554216868,0.0,0.0,83.0,0.007289276523458831
New,top,LPL,1,44,0.273,Qing Jiu E-sport Club|ThunderTalk Gaming,43.6,45.1,64.7,47.4,60.6,50.0,4.4,4.5,6.5,4.7,6.1,5.0,0.0,0.0,0.0,409.2353954545455,0.2321171818181818,7.8702,0.0,0.9555704545454545,0.15557045454545457,5.613636363636363,0.5398633257403189,0.20134228187919462,1.6136363636363635,0.24738675958188155,0.0,0.0,-0.958589247249641,0.22572961363636362,0.0,0.0,44.0,0.7068238859686508
XinLiu,sup,LPL,1,69,0.435,Invictus Gaming|ThunderTalk Gaming,56.1,48.1,47.6,40.6,54.5,50.0,5.6,4.8,4.8,4.1,5.5,5.0,0.0,0.0,0.0,169.01603768115945,0.08662584782608695,1.4351855072463768,0.0,2.6382550724637683,0.3327797101449275,17.043478260869566,0.6623093681917211,0.22142857142857142,0.08695652173913043,0.16327124233621312,0.0,-0.041243503165877535,-1.0282939467041112,0.09634411884057971,0.0,0.0,69.0,0.2886856065706206
QiuQiu,sup,LPL,1,77,0.39,Anyone's Legend,55.8,39.3,58.6,42.7,56.4,49.9,5.6,3.9,5.9,4.3,5.6,5.0,0.0,0.0,0.0,165.6138948051948,0.0878058168831169,1.5116753246753247,0.0,2.397333766233766,0.26941558441558444,13.402597402597403,0.6923076923076923,0.25847846012832265,0.06493506493506493,0.2536748451324136,0.0,0.0,-1.0352505309811435,0.0955958922077922,0.0,0.0,77.0,0.2900442197818452
ICON,mid,LPL,1,31,0.452,Bilibili Gaming,51.5,43.6,53.6,47.4,54.6,49.5,5.2,4.4,5.4,4.7,5.5,5.0,0.0,0.0,0.0,530.5129129032258,0.25141554516129033,8.50387741935484,0.0,0.9417225806451613,0.20124193548387098,5.838709677419355,0.6558265582655827,0.1872037914691943,1.7741935483870968,0.29128865476538873,-0.5782818891781331,-0.15656377835626614,-0.8612956217439098,0.2305792258064516,0.0,0.0,31.0,0.3850124647734663
Biubiu,top,LPL,1,71,0.31,Team WE,45.1,59.9,38.1,59.1,39.8,49.4,4.5,6.0,3.8,5.9,4.0,4.9,0.0,0.0,0.0,422.77743802816906,0.2359115633802817,7.9360788732394365,0.0,0.9933507042253521,0.1943394366197183,5.873239436619718,0.6081424936386769,0.20276953511374876,1.5211267605633803,0.1569256394185777,0.0,0.0,-1.2880308218915775,0.22722969014084507,0.0,0.0,71.0,-0.1737708962061651
Xing,bot,LPL,1,51,0.275,Team WE,46.7,58.3,45.3,50.5,38.4,49.1,4.7,5.8,4.5,5.0,3.8,4.9,0.0,0.0,0.0,498.8669647058823,0.2766462156862745,9.508564705882353,0.0,1.331613725490196,0.39557450980392156,4.980392156862745,0.6829268292682927,0.15675675675675677,1.7254901960784315,0.19233158072748516,0.0,0.0,-1.14999069236348,0.2747133529411765,0.0,0.0,51.0,-0.12701882949400564
beishang,jng,LPL,1,47,0.34,Team WE,43.9,58.1,41.3,60.3,38.1,49.1,4.4,5.8,4.1,6.0,3.8,4.9,0.0,0.0,0.0,232.24429361702127,0.1262004595744681,4.95681914893617,0.0,1.3940425531914893,0.41004255319148936,10.553191489361701,0.7309160305343512,0.21363636363636362,10.063829787234043,0.16290772414206744,0.0,0.0,-1.141206496747847,0.16439834042553192,0.0,0.0,47.0,-0.22015023674748105
Yuekai,mid,LPL,1,56,0.339,Invictus Gaming|LNG Esports,45.7,57.1,43.4,51.8,43.4,49.0,4.6,5.7,4.3,5.2,4.3,4.9,0.0,0.0,0.0,457.42221071428577,0.25235467857142857,8.321575,0.0,1.1713107142857144,0.2766517857142857,7.035714285714286,0.6814024390243902,0.18668252080856124,1.5714285714285714,0.18055412322513303,0.0,0.0,-1.071495097769888,0.22914948214285716,0.0,0.0,56.0,-0.07233873108574462
LIMIT,sup,LEC,1,25,0.24,Team BDS,44.2,53.2,51.2,58.6,36.1,49.0,4.4,5.3,5.1,5.9,3.6,4.9,-74.28,-225.8,-2.48,161.125608,0.086199624,0.96358,0.0,2.767416,0.371552,18.32,0.7123287671232876,0.26616915422885573,0.0,0.27996051905826347,0.0,0.0,-1.3332311844964093,0.08623123599999999,395.64424399999996,0.0,25.0,0.1356085229324667
Revenge,top,LCS,1,40,0.225,Immortals,49.4,48.0,56.5,49.9,38.3,48.9,4.9,4.8,5.7,5.0,3.8,4.9,-119.65,-18.275,-0.025,442.839825,0.25334707,8.2566675,0.15,0.9778874999999999,0.1573675,5.35,0.5625,0.2326007326007326,4.5,0.25652000455944374,-0.2944568076067166,0.0,-1.0725966971788619,0.236312525,657.0325,0.0,40.0,-0.2456804344248807
Karsa,jng,LPL,1,76,0.632,Victory Five,47.9,52.5,46.0,46.2,49.9,48.8,4.8,5.2,4.6,4.6,5.0,4.9,0.0,0.0,0.0,276.9576802631579,0.12554296842105264,5.403953947368421,0.0,1.5510368421052632,0.3837144736842106,13.171052631578947,0.6760204081632653,0.22616632860040567,11.447368421052632,0.18310118567975134,-0.12678605645220722,-0.5352894728530369,-0.939129422752718,0.17456385526315787,0.0,0.0,76.0,-0.19720435752723456
Forge,mid,LPL,1,65,0.431,Anyone's Legend,43.9,52.4,46.2,56.8,44.8,48.6,4.4,5.2,4.6,5.7,4.5,4.9,0.0,0.0,0.0,455.34323384615385,0.2380758769230769,8.388790769230768,0.0,0.9715846153846154,0.23324615384615385,5.230769230769231,0.7011904761904761,0.1735357917570499,0.9846153846153847,0.17799775758291042,0.0,0.0,-0.9866196300526249,0.22817106153846153,0.0,0.0,65.0,-0.2052054968570864
Ghost,bot,LCK,1,80,0.362,Nongshim RedForce,40.4,46.6,59.0,52.7,53.8,48.6,4.0,4.7,5.9,5.3,5.4,4.9,-250.85,-31.825,-5.35,473.36920124999995,0.2539680875,9.0980225,0.625,1.3321975,0.39091125,6.65,0.6587570621468927,0.18977384464110128,0.0,0.2408062435500516,0.0,0.0,-0.9433836637676186,0.257617025,274.2727125,0.0,80.0,0.013680781758957511
Palafox,mid,LCS,1,65,0.523,CLG Academy|Counter Logic Gaming,55.4,41.1,49.4,46.9,49.2,48.6,5.5,4.1,4.9,4.7,4.9,4.9,26.123076923076923,-18.29230769230769,-1.2307692307692308,522.929303076923,0.24935887692307693,8.43787846153846,0.4153846153846154,1.1399969230769231,0.19371999999999998,5.876923076923077,0.6203931203931204,0.19351100811123986,0.0,0.23864307123416664,-0.25900659824046923,-0.390255376344086,-0.8980917847283144,0.23399156923076925,381.0128523076923,0.0,65.0,-0.12716498316498304
Shlatan,jng,LEC,1,48,0.479,Misfits Gaming|Misfits Premier,65.6,35.9,45.6,45.9,40.6,48.5,6.6,3.6,4.6,4.6,4.1,4.8,-45.958333333333336,68.45833333333333,6.333333333333333,320.3602770833333,0.14847732083333334,5.45598125,0.3125,1.2495520833333333,0.25022916666666667,11.416666666666666,0.6506746626686657,0.22195985832349469,9.285714285714286,0.23918226637506018,-0.4485777298447397,-0.6549418548958752,-1.0247076077074426,0.1832148541666667,776.2410416666667,0.0,48.0,-0.232239442479717
H4cker,jng,LPL,1,79,0.342,Ultra Prime,44.6,45.8,54.8,50.3,51.7,48.3,4.5,4.6,5.5,5.0,5.2,4.8,0.0,0.0,0.0,245.41588860759495,0.1229059746835443,5.170246835443038,0.0,1.3102544303797468,0.3656037974683544,9.49367088607595,0.6792656587473002,0.20653061224489797,7.0886075949367084,0.22803474032080387,0.0,0.0,-1.057027787801204,0.17104711392405064,0.0,0.0,79.0,0.05673898750821825
Ale,top,LPL,1,101,0.535,LNG Esports,49.5,44.7,53.0,42.2,54.5,48.2,5.0,4.5,5.3,4.2,5.5,4.8,0.0,0.0,0.0,480.4306910891089,0.23519621485148515,8.407954455445545,0.0,0.9127881188118812,0.1804059405940594,5.564356435643564,0.5392231530845393,0.23387096774193547,5.6138613861386135,0.24140873397005236,-0.33639220430504124,-0.20538400633412512,-1.0443708924430775,0.23218496039603959,0.0,0.0,101.0,-0.1564776370469344
Effort,sup,LCK,1,36,0.278,Nongshim RedForce,50.0,44.3,48.3,49.2,50.5,48.2,5.0,4.4,4.8,4.9,5.0,4.8,9.083333333333334,6.472222222222222,5.916666666666667,123.7513388888889,0.06704589444444445,1.486275,0.027777777777777776,2.627075,0.3711861111111111,20.555555555555557,0.6717948717948717,0.25889328063241107,0.0,0.21838606268006655,0.0,0.0,-1.205663485240668,0.09042234444444444,495.6494888888889,0.0,36.0,0.743162169645879
xMatty,bot,LEC,1,38,0.211,Team BDS|Team BDS Academy,51.4,37.5,58.1,56.1,39.3,48.2,5.1,3.8,5.8,5.6,3.9,4.8,-151.97368421052633,27.55263157894737,-3.9473684210526314,546.2737999999999,0.29186473684210523,8.475876315789474,0.42105263157894735,1.0444526315789473,0.2685631578947369,3.4210526315789473,0.674074074074074,0.1955403087478559,0.0,0.27912654564588263,0.0,0.0,-1.1204153101793881,0.25750334210526316,324.9724684210526,0.0,38.0,0.007353794945233691
Blue,mid,LCS,1,46,0.326,Dignitas,51.7,49.6,47.1,44.8,42.1,48.2,5.2,5.0,4.7,4.5,4.2,4.8,-98.91304347826087,48.02173913043478,-0.30434782608695654,457.488452173913,0.2681509347826087,9.33905,0.43478260869565216,1.0795826086956521,0.23163043478260867,4.282608695652174,0.6517857142857143,0.18216318785578747,2.0,0.2367115058116756,-0.07282051282051283,-0.8153846153846154,-0.9572246714733368,0.2592783913043478,332.86291739130434,0.0,46.0,-0.18204283360790777
Burdol,top,LCK,1,51,0.627,Dplus Kia,47.5,44.2,52.4,49.1,51.9,48.2,4.8,4.4,5.2,4.9,5.2,4.8,-130.58823529411765,126.31372549019608,-2.2941176470588234,416.39987647058825,0.23247443137254903,8.015327450980392,0.27450980392156865,1.004164705882353,0.2353529411764706,7.666666666666667,0.5290322580645161,0.2464065708418891,0.0,0.18444055769459955,-0.12231228872582418,-0.3165266850946204,-0.9069135138819447,0.21623921568627452,717.8253588235294,0.0,51.0,0.12141489216177997
Karis,mid,LCK,1,89,0.27,Hanwha Life Esports,38.3,51.8,46.0,63.7,46.6,48.1,3.8,5.2,4.6,6.4,4.7,4.8,-274.2134831460674,-63.7752808988764,-4.53932584269663,429.8380550561798,0.25268661797752806,7.959430337078652,0.14606741573033707,1.0271898876404495,0.2566460674157303,7.303370786516854,0.6972477064220184,0.18204911092294665,0.0,0.20314566691066485,0.0,0.0,-1.071797731027876,0.21923898876404496,335.5777606741573,0.0,89.0,-0.2578069900886803
Contractz,jng,LCS,1,57,0.474,Counter Logic Gaming,46.9,37.7,57.2,52.2,53.1,47.7,4.7,3.8,5.7,5.2,5.3,4.8,-278.9824561403509,-157.98245614035088,-2.526315789473684,299.07987368421055,0.14709417894736843,5.865980701754387,0.14035087719298245,1.284417543859649,0.34793684210526316,9.771929824561404,0.6860986547085202,0.24327784891165172,0.0,0.195626117516493,0.07714593699712453,0.2867501330705897,-0.9479450307892313,0.17586061403508774,902.9589614035087,0.0,57.0,0.26064977413901835
Dove,top,LCK,1,94,0.479,Liiv SANDBOX,33.6,49.0,35.1,67.9,66.9,47.3,3.4,4.9,3.5,6.8,6.7,4.7,-539.6489361702128,-424.63829787234044,-11.446808510638299,431.24629361702125,0.23098035212765955,7.279536170212766,0.13829787234042554,0.9245893617021277,0.1823659574468085,6.329787234042553,0.6009478672985782,0.22212908633696563,0.0,0.12104223763534169,-0.2142950752050119,-0.6670939133461236,-1.0914795361686436,0.2050644255319149,740.0984968085107,0.0,94.0,0.6343239893462724
Jezu,bot,LEC,1,34,0.412,SK Gaming,33.5,46.9,65.9,59.9,40.9,47.3,3.4,4.7,6.6,6.0,4.1,4.7,-483.3235294117647,-494.3529411764706,-8.529411764705882,458.77998235294115,0.2567006470588235,9.144823529411765,0.7058823529411765,1.0403794117647058,0.24609705882352942,5.4411764705882355,0.6766304347826086,0.14482758620689656,4.0,0.2899926416482708,0.0,0.0,-0.9249662533161546,0.26559473529411765,279.4353088235294,0.0,34.0,-0.0507099391480732
Eric,bot,LPL,1,45,0.311,LGD Gaming,52.3,53.6,41.5,40.8,36.3,47.1,5.2,5.4,4.2,4.1,3.6,4.7,0.0,0.0,0.0,541.8445355555555,0.2955447333333333,9.099566666666666,0.0,1.4673755555555554,0.44353777777777775,5.044444444444444,0.6238361266294227,0.164804469273743,2.088888888888889,0.16003564427018357,0.0,0.0,-1.157021592555043,0.2696368222222222,0.0,0.0,45.0,-0.18202696744559455
nuc,mid,LEC,1,36,0.194,Team BDS,41.1,46.2,51.8,57.2,42.4,46.9,4.1,4.6,5.2,5.7,4.2,4.7,-173.66666666666666,-199.97222222222223,-5.305555555555555,464.4566916666667,0.2504796111111111,8.294266666666665,0.3333333333333333,0.8952277777777778,0.20028888888888888,6.416666666666667,0.6824146981627297,0.16308243727598568,0.0,0.26759610625309355,0.0,0.0,-1.1337470434910275,0.2407446388888889,329.82902222222225,0.0,36.0,0.15553925165077026
iBoy,bot,LPL,1,84,0.417,Rare Atom,46.6,51.5,36.6,43.8,52.6,46.5,4.7,5.2,3.7,4.4,5.3,4.7,0.0,0.0,0.0,522.2739369047619,0.26380921428571424,9.282170238095238,0.0,1.3460583333333334,0.46647619047619043,4.107142857142857,0.6458333333333334,0.2001682085786375,5.261904761904762,0.16375207326746957,-0.49404928984449564,-0.469488575759277,-1.0579839186087159,0.25666607142857145,0.0,0.0,84.0,0.03766874930268874
Assum,bot,LPL,1,50,0.4,LGD Gaming|Rare Atom|Weibo Gaming Youth Team,55.4,38.0,55.3,40.6,38.8,46.5,5.5,3.8,5.5,4.1,3.9,4.7,0.0,0.0,0.0,581.49089,0.29687292,9.151484,0.0,1.044974,0.323358,3.84,0.6722972972972973,0.21708683473389356,2.66,0.21672542107324716,0.0,0.0,-0.9543867739382051,0.27846184,0.0,0.0,50.0,-0.26221297580520886
SamD,bot,LCK,1,75,0.32,Hanwha Life Esports|Hanwha Life Esports Challengers,40.7,54.1,46.4,47.6,39.6,46.1,4.1,5.4,4.6,4.8,4.0,4.6,-122.53333333333333,-71.77333333333333,1.56,437.1685573333333,0.2496297306666667,9.599929333333334,0.56,1.410292,0.42534533333333335,5.1066666666666665,0.6604046242774566,0.16956077630234934,0.0,0.1882000967926437,0.0,0.0,-1.1006297112218573,0.28165137333333334,252.25876399999999,0.0,75.0,-0.320223189983669
Jinjiao,sup,LPL,1,84,0.333,LGD Gaming,52.9,43.3,41.6,41.0,47.2,46.0,5.3,4.3,4.2,4.1,4.7,4.6,0.0,0.0,0.0,154.3462142857143,0.08501645714285715,1.300979761904762,0.0,2.5065011904761905,0.35068333333333335,13.380952380952381,0.6731958762886598,0.24376947040498442,0.011904761904761904,0.15594127332601537,0.0,0.0,-1.213859902434863,0.09521967380952381,0.0,0.0,84.0,-0.015455728439019413
Wink,bot,LPL,1,34,0.324,Invictus Gaming,43.9,55.9,38.4,46.3,36.0,45.6,4.4,5.6,3.8,4.6,3.6,4.6,0.0,0.0,0.0,481.9790176470588,0.2622125294117647,7.97755,0.0,1.612320588235294,0.5245764705882353,4.647058823529412,0.6379746835443038,0.20463320463320464,1.7352941176470589,0.1404996146348098,0.0,0.0,-1.2095078972048934,0.24103929411764705,0.0,0.0,34.0,-0.0652112276722427
Dajor,mid,LEC,1,36,0.278,Astralis,36.7,42.3,56.3,50.3,53.7,45.5,3.7,4.2,5.6,5.0,5.4,4.5,-455.0833333333333,-239.38888888888889,-12.222222222222221,506.7643277777778,0.25675669444444443,8.339777777777776,0.2222222222222222,1.135588888888889,0.2011777777777778,6.416666666666667,0.65807962529274,0.2131782945736434,0.0,0.2635159651669085,0.0,0.0,-1.0133010132282287,0.2357365833333333,420.85951944444446,0.0,36.0,0.4936893794894688
Zanzarah,jng,LEC,1,49,0.367,Astralis|Misfits Gaming|Misfits Premier,36.5,43.7,46.2,56.8,55.2,45.4,3.6,4.4,4.6,5.7,5.5,4.5,-240.81632653061226,-312.40816326530614,-7.877551020408164,245.41905918367348,0.12683721224489797,4.912108163265306,0.12244897959183673,1.3575530612244897,0.3582102040816326,12.183673469387756,0.6913183279742765,0.25034965034965034,13.0,0.2477249663112013,-0.2905507832238504,-1.0,-1.054089813210041,0.1607981224489796,877.9775734693878,0.0,49.0,0.6628148148148149
Aki,jng,LPL,1,92,0.478,Oh My God,45.5,44.4,36.8,46.2,56.6,45.3,4.5,4.4,3.7,4.6,5.7,4.5,0.0,0.0,0.0,248.9092597826087,0.126534025,5.400591304347826,0.0,1.3447532608695651,0.3222608695652174,7.9021739130434785,0.6519823788546255,0.18929402637703646,7.6521739130434785,0.15120401337792644,-0.321107266435986,-0.7093425605536332,-0.9979978590814328,0.17710296739130432,0.0,0.0,92.0,0.032837911446580076
HiRit,top,LEC,1,25,0.52,Misfits Gaming,54.5,45.3,41.0,40.3,33.5,45.2,5.5,4.5,4.1,4.0,3.4,4.5,-175.12,-160.76,-1.4,501.35766,0.25546572,8.24168,0.36,1.03882,0.24657199999999999,5.56,0.4839650145772595,0.2171837708830549,0.14285714285714285,0.2321295339761249,-0.5989650408598122,-0.6902147188985412,-1.1323606722905213,0.23440187999999998,721.0171240000001,0.0,25.0,-0.44805709754163364
Ellim,jng,LCK,1,92,0.391,DN SOOPers,32.4,47.4,47.8,56.2,50.8,44.8,3.2,4.7,4.8,5.6,5.1,4.5,-383.1847826086956,-380.30434782608694,-11.815217391304348,205.09279673913042,0.11602729130434783,4.824331521739131,0.20652173913043478,1.575757608695652,0.42174130434782603,15.369565217391305,0.6794605809128631,0.24583741429970618,0.0,0.1853016871604232,-0.08034377866834043,0.05451209502196897,-1.02287014715274,0.15211558695652175,647.351147826087,0.0,92.0,-0.23374892182231627
yuyanjia,sup,LPL,1,67,0.403,Rare Atom,47.4,41.9,42.1,45.4,46.3,44.7,4.7,4.2,4.2,4.5,4.6,4.5,0.0,0.0,0.0,141.09282985074628,0.07353218208955224,1.1795910447761195,0.0,2.5164537313432835,0.28457313432835823,13.791044776119403,0.6689750692520776,0.23350785340314137,0.05970149253731343,0.19813773531475848,-0.25025725806773264,-0.6614065036434921,-1.0701960716603727,0.08742177462686566,0.0,0.0,67.0,-0.038379245966505986
zs,top,LPL,1,24,0.375,Ultra Prime,43.1,41.8,49.9,51.4,38.7,44.6,4.3,4.2,5.0,5.1,3.9,4.5,0.0,0.0,0.0,433.47410833333333,0.21491301666666665,7.662045833333334,0.0,0.8991875,0.14325416666666665,5.875,0.5150501672240803,0.1725067385444744,0.875,0.19617391304347828,0.0,0.0,-1.1057206806084332,0.20927329166666667,0.0,0.0,24.0,0.039327987781596074
fate,sup,LPL,1,30,0.367,Royal Club|Team WE,49.7,37.7,52.8,43.6,37.5,44.6,5.0,3.8,5.3,4.4,3.8,4.5,0.0,0.0,0.0,143.48217333333332,0.08051775,0.9559666666666666,0.0,2.3722,0.26880666666666664,16.033333333333335,0.6419354838709678,0.20698254364089774,0.0,0.19181002323548849,0.0,0.0,-0.98537635445379,0.08633931333333335,0.0,0.0,30.0,-0.2534537725823592
Mersa,sup,LEC,1,51,0.49,Misfits Gaming,34.6,45.5,32.1,63.3,57.1,44.3,3.5,4.5,3.2,6.3,5.7,4.4,-247.37254901960785,-158.2156862745098,-1.4313725490196079,135.09284901960785,0.06530525294117648,1.0275607843137256,0.0,2.4389549019607846,0.3054235294117647,13.607843137254902,0.7232796486090776,0.25495049504950495,0.0,0.13192176903493824,-0.5783583118200873,-0.9355091725129636,-1.2059429526546876,0.08622607647058825,462.815168627451,0.0,51.0,0.8744184120395407
FakeGod,top,LCS,1,28,0.429,Dignitas,34.3,47.7,47.1,53.9,41.1,43.8,3.4,4.8,4.7,5.4,4.1,4.4,-506.5,-195.5,-10.178571428571429,394.670925,0.22918532142857143,7.6952178571428576,0.14285714285714285,1.0518750000000001,0.17991785714285716,5.785714285714286,0.5317725752508361,0.2403846153846154,4.0,0.2045675413022352,-0.26647295307089125,-0.6990805238227918,-0.9873132605625947,0.20701960714285714,797.0757285714286,0.0,28.0,-0.036372723234118026
COLD,sup,LPL,1,82,0.488,Oh My God,48.6,36.9,39.5,43.2,52.1,43.7,4.9,3.7,4.0,4.3,5.2,4.4,0.0,0.0,0.0,145.31631829268292,0.0752959487804878,1.1014231707317073,0.0,2.375020731707317,0.24891951219512196,17.23170731707317,0.6776061776061776,0.24870466321243523,0.012195121951219513,0.1679717795200703,-0.2714794179043957,-0.6559763917881868,-1.061660354529526,0.09143167439024391,0.0,0.0,82.0,0.052506879755124906
Kui,jng,LPL,1,20,0.3,LGD Gaming,41.2,46.4,52.6,38.5,37.8,43.5,4.1,4.6,5.3,3.9,3.8,4.3,0.0,0.0,0.0,210.67976,0.119156305,4.955415,0.0,1.54877,0.48909,10.95,0.6192893401015228,0.24372759856630824,8.7,0.2032967032967033,0.0,0.0,-1.0073872962514074,0.16801465,0.0,0.0,20.0,-0.09774436090225554
ShiauC,sup,LPL,1,68,0.353,Ultra Prime,44.6,46.3,38.3,44.1,37.1,43.1,4.5,4.6,3.8,4.4,3.7,4.3,0.0,0.0,0.0,134.31607647058826,0.06669958529411764,1.070639705882353,0.0,2.610388235294118,0.34486470588235296,18.764705882352942,0.6888619854721549,0.2662276575729069,0.11764705882352941,0.1405007734647624,0.0,0.0,-1.2955090732398604,0.09048284558823529,0.0,0.0,68.0,-0.35827856384352674
Lost,bot,LCS,1,40,0.325,Golden Guardians|Immortals,33.5,43.1,50.3,58.3,35.0,42.8,3.4,4.3,5.0,5.8,3.5,4.3,-186.225,-243.05,-7.275,420.680295,0.226919425,8.538795,0.3,1.214635,0.2850275,6.05,0.6605263157894737,0.16885553470919323,0.0,0.21734818215307886,-0.2773437500000001,0.0,-0.9575643942707983,0.24975804999999998,263.7037225,0.0,40.0,-0.3991561181434599
YeG,mid,LPL,1,39,0.333,LGD Gaming|Qing Jiu E-sport Club,40.5,39.5,44.0,43.5,44.7,41.8,4.0,4.0,4.4,4.3,4.5,4.2,0.0,0.0,0.0,431.72095384615386,0.22150622307692308,7.872664102564103,0.0,0.972902564102564,0.19466153846153847,6.846153846153846,0.6117886178861789,0.1869009584664537,1.4615384615384615,0.19289404322614653,0.0,0.0,-1.0959286937537436,0.22290397435897438,0.0,0.0,39.0,0.19111625514403288
Jay,mid,LPL,1,25,0.32,LGD Gaming,38.0,41.6,47.1,49.3,31.9,41.5,3.8,4.2,4.7,4.9,3.2,4.2,0.0,0.0,0.0,386.47633199999996,0.221674008,7.757576,0.0,0.927832,0.224672,3.44,0.6286764705882353,0.17829457364341086,0.8,0.21070540085065403,0.0,0.0,-1.0661917543032455,0.21431112,0.0,0.0,25.0,-0.6656067937197591
Gilius,jng,LEC,1,36,0.389,SK Gaming,34.6,39.3,45.0,48.7,36.4,40.0,3.5,3.9,4.5,4.9,3.6,4.0,-346.6666666666667,-184.19444444444446,-6.611111111111111,224.3444027777778,0.12508190555555554,4.842383333333334,0.0,1.4461722222222222,0.44579444444444444,11.13888888888889,0.6563307493540051,0.2727272727272727,2.5,0.18152115038526725,0.0,0.0,-1.1094520597216575,0.15651722222222222,820.5455861111111,0.0,36.0,-0.28685404772361284
