player_id,position,league,tier,games,winrate,behind_games,comeback_rate,champ_pool,操作,运营,心态,体质,适应力,teams,f_gd15,f_xd15,f_cd15,f_dpm,f_dmgshare,f_multi,f_vspm,f_wcpm,f_kp,f_deathshare,f_ejg,f_dmgmit,f_gspd,f_comeback,f_hold,f_clutch,f_endurance,f_sameday,f_pool,f_indep,f_patchstab,z_操作,z_运营,z_心态,z_体质,z_适应力
Bjergsen,mid,NA LCS,1,78,0.603,11,0.182,21,74.0,59.5,56.7,47.0,60.6,TSM,435.6923076923077,456.12820512820514,12.435897435897436,641.6722807692307,0.34891652564102565,0.8076923076923077,0.0,0.10483076923076923,0.7701664690798017,0.18893017430922582,4.641025641025641,0.0,0.0,0.18181818181818182,0.24231351901752124,0.4125631871045283,-0.2945558418281618,2.0526984126984127,2.377781771703651,-0.2948717948717949,-0.40349528281356367,1.248991735550858,0.23910481760230068,0.08711774100767061,-0.4362579920432319,0.29774057735092696
Smeb,top,OGN,3,110,0.645,18,0.167,21,69.3,60.9,56.6,59.6,62.0,ROX Tigers,175.9909090909091,199.56363636363636,4.5,442.28408636363633,0.22961505181818181,0.4909090909090909,0.0,0.07815818181818182,0.7174974313367002,0.21363203898339544,2.827272727272727,0.0,0.0,0.16666666666666666,0.2668962986465655,-0.335394018159785,0.10410388037318487,6.166954093783361,2.002271437415744,-0.509090909090909,-0.35151238944231195,0.8392392218958363,0.31822926015686526,0.08675933266138897,0.24271226771646948,0.37561655410695155
DinTer,jng,LMS,15,53,0.623,10,0.1,9,65.1,61.9,51.9,54.0,53.4,Hong Kong Esports,247.52830188679246,195.45283018867926,3.7735849056603774,306.0599132075472,0.14778768490566038,0.18867924528301888,0.0,0.30775471698113205,0.7200944365127886,0.1768068666430213,18.88679245283019,0.0,0.0,0.1,0.16930809666848715,0.2611797549501111,0.13214545942121786,3.8113207547169807,1.2362450755382013,-0.660377358490566,-0.3343262495326935,0.5594625134097655,0.37429665674930934,-0.16200597103391948,-0.05270579210857991,-0.08354980568894133
An,bot,LMS,15,71,0.732,8,0.25,11,67.0,59.6,72.4,49.3,51.2,ahq eSports Club,355.84507042253523,270.3380281690141,13.112676056338028,597.3753676056339,0.28927988732394366,1.4647887323943662,0.0,0.1932929577464789,0.7356094582966958,0.192891589995654,5.338028169014085,0.0,0.0,0.25,0.42951711293457134,2.836531192627524,-0.2850447724853623,1.635291950635476,1.3054598240132387,-0.6056338028169014,-0.4397295556957675,0.6775851033359783,0.24632063793218,1.0973278519013399,-0.30414218954591066,-0.2018315316023953
Cabochard,top,EU LCS,1,45,0.467,6,0.333,18,70.0,56.6,66.5,58.5,68.0,Gambit Gaming,421.8666666666667,395.31111111111113,12.733333333333333,421.88854,0.2245243111111111,0.5777777777777777,0.0,0.07449555555555555,0.6635529539451108,0.2033471628599065,2.533333333333333,0.0,0.0,0.3333333333333333,0.9414536253381032,-0.49117261583532495,0.2032651717507276,4.201612903225806,2.6832815729997477,-0.37777777777777777,-0.3128603900940622,0.8968327405659233,0.08673634438545658,0.6483410644670627,0.1840340055052903,0.7447274906291373
Karsa,jng,LMS,15,59,0.661,8,0.125,10,67.8,58.8,49.0,59.5,54.5,Flash Wolves,376.47457627118644,328.1864406779661,4.813559322033898,290.6393050847458,0.15110746949152543,0.23728813559322035,0.0,0.3613,0.7046213779340714,0.21409117931461766,14.40677966101695,0.0,0.0,0.125,0.2193741074059801,-0.9421411299186635,0.08048452220726779,9.07056277056277,1.3018891098082388,-0.6610169491525424,-0.31572556240706556,0.7364681761363298,0.20354801658050453,-0.32167444768484027,0.2370326335298516,-0.024481275877295393
MaRin,top,OGN,3,119,0.782,10,0.3,14,74.8,50.2,65.0,57.3,45.9,SK Telecom T1,328.57142857142856,415.1848739495798,10.445378151260504,482.5052705882353,0.2381888823529412,0.453781512605042,0.0,0.07976974789915967,0.6007586597781912,0.24131859634045952,4.109243697478991,0.0,0.0,0.3,0.24439461883408073,0.35732133933033494,0.08500750280934795,5.11464146795197,1.283377895839496,-0.7394957983193278,-0.24788045449404048,1.349708609782249,-0.25739335246926365,0.5545336804378972,0.12134806040381127,-0.4995639351703066
Faker,mid,OGN,3,81,0.778,7,0.429,22,69.7,55.3,72.9,51.2,68.8,SK Telecom T1,389.037037037037,300.61728395061726,10.08641975308642,647.3832654320988,0.3147280864197531,0.8518518518518519,0.0,0.18506296296296296,0.6898757243631053,0.20614156739299574,7.197530864197531,0.0,0.0,0.42857142857142855,0.5767380688529781,0.46604660948231624,-0.005867351677542451,2.7814741619089447,2.4444444444444446,-0.345679012345679,-0.24543228938095626,0.8717005212577995,0.013340206946401329,1.1450039479698324,-0.20397230805117617,0.804114254918027
Mountain,jng,LMS,15,59,0.729,7,0.286,9,64.4,60.2,61.9,48.0,48.7,ahq eSports Club,195.6949152542373,74.01694915254237,0.15254237288135594,298.4510559322034,0.14619647966101693,0.3389830508474576,0.0,0.29168644067796606,0.703290269078337,0.18928880664870065,20.64406779661017,0.0,0.0,0.2857142857142857,0.3996457741492134,0.3395071560217524,-0.44938460151093335,0.8209764918625678,1.171700198827415,-0.711864406779661,-0.42862120542704973,0.5141980596125674,0.2786530874581914,0.36982176665868716,-0.3779643906584347,-0.3394665884021561
Meiko,sup,MSI,1,22,0.636,3,0.333,7,66.8,57.8,59.3,54.6,54.5,EDward Gaming,465.59090909090907,465.72727272727275,-0.045454545454545456,192.79777272727276,0.09450365909090909,0.045454545454545456,0.0,0.2887363636363636,0.7373515633926192,0.19120235595565688,0.2727272727272727,0.0,0.0,0.3333333333333333,0.39769211168140944,-0.1505016722408027,0.06099110546378642,1.8777777777777775,1.4924050144892729,-0.8181818181818182,0.0,0.670454675747829,0.14930769585519457,0.22955227491870384,-0.023573887533264004,-0.028893318141386515
YellOwStaR,sup,EU LCS,1,76,0.711,9,0.222,11,59.5,64.7,60.5,64.1,59.4,Fnatic,203.05263157894737,155.8421052631579,4.026315789473684,125.74195789473686,0.06118539210526316,0.013157894736842105,0.0,0.3252894736842105,0.6864986564461485,0.1496634077673886,0.9210526315789473,0.0,0.0,0.2222222222222222,0.49256440755604736,-0.09948788543025244,0.10361705688728548,8.069427191166321,1.2617865362880896,-0.5394736842105263,-0.2368061961397631,0.24045115048629834,0.5350364788923532,0.2931932437897499,0.5018440105924369,0.23193702155709892
Zven,bot,EU LCS,1,72,0.708,5,0.2,12,64.7,59.3,55.6,47.2,55.6,Origen,341.93055555555554,49.93055555555556,8.48611111111111,578.4453930555555,0.29221245833333337,0.7777777777777778,0.0,0.20723472222222222,0.6773227775294587,0.13505014360170017,6.694444444444445,0.0,0.0,0.2,0.32628330360429225,0.04360852197070573,-0.32659574468085106,4.065277777777777,1.4142135623730951,-0.5972222222222222,-0.3437926305748072,0.5376352963695354,0.2283694347516721,0.0315195817561131,-0.42020266409016477,0.028965929735657436
Rush,jng,NA LCS,1,68,0.544,9,0.333,13,68.8,54.4,60.3,56.9,58.3,Cloud9|Team Impulse,304.97058823529414,303.13235294117646,0.27941176470588236,303.60617794117644,0.1636404161764706,0.35294117647058826,0.0,0.22341323529411763,0.7576929914437017,0.23397660344846913,13.720588235294118,0.0,0.0,0.3333333333333333,0.4713517119260447,-0.45260206427877986,0.09760494138409183,4.548006003430532,1.5764815627361644,-0.5147058823529411,-0.34829613014867405,0.8026994259591211,-0.03016234012042979,0.28267712993232574,0.10262176046054829,0.17683130551366014
Immortoru,mid,TCL,15,23,0.478,6,0.167,9,64.4,58.6,55.4,50.9,51.1,Oyun Hizmetleri,229.52173913043478,240.69565217391303,11.043478260869565,718.4304826086956,0.35781734782608693,1.2608695652173914,0.0,0.12804782608695653,0.709734222349407,0.12008352335011374,3.0869565217391304,0.0,0.0,0.16666666666666666,0.48311781609195403,-0.5625759416767923,-0.28905448717948723,2.0000000000000004,1.876629726513673,-0.6086956521739131,-0.2817947715211877,0.5163333148106658,0.1903016560451923,0.021745337167100216,-0.21528235573655616,-0.20919402687616362
LokeN,bot,KeSPA,3,20,0.75,4,0.25,6,63.1,59.8,60.5,51.4,58.3,ESC Ever,180.7,477.85,5.3,564.022415,0.2934169,1.05,0.0,0.21342499999999998,0.7557558568452531,0.12339499531256497,4.65,0.0,0.0,0.25,0.6197516262566529,-0.4524714828897337,-0.1696344892221182,0.909090909090909,1.3416407864998738,-0.8,0.0,0.4375209118695054,0.2568492121848614,0.29280344690762533,-0.19092077292640117,0.17361437101789773
Coco,mid,OGN,3,108,0.565,15,0.067,23,63.7,59.1,49.6,54.6,62.4,CJ Entus,101.06481481481481,181.94444444444446,1.5925925925925926,615.0859055555555,0.31021234259259256,0.75,0.0,0.23548611111111112,0.6904026821391087,0.17334582372025617,4.796296296296297,0.0,0.0,0.06666666666666667,0.26532027749108344,-0.34068602105092777,-0.10535504468471449,11.785714285714286,2.2131760318935654,-0.35185185185185186,-0.35185738892241036,0.4779906424257011,0.21695664114227498,-0.28825571528498295,-0.020332562011571187,0.4022576096517417
Huni,top,EU LCS,1,76,0.711,9,0.222,19,72.1,50.7,57.2,61.6,60.7,Fnatic,298.3421052631579,226.51315789473685,1.4605263157894737,521.0373763157895,0.2576801684210526,0.5,0.0,0.07389342105263158,0.6669703339115202,0.3218083664453598,4.921052631578948,0.0,0.0,0.2222222222222222,0.40880749525637466,-0.17577012006954734,-0.014908131726934141,8.272129416282642,2.1794494717703365,-0.4473684210526316,-0.332730410633157,1.0689244035989403,-0.2264776485906507,0.11760956445900664,0.35382051345935217,0.30265875938345543
Doublelift,bot,NA LCS,1,57,0.614,9,0.111,10,63.8,59.0,54.9,48.7,50.4,Counter Logic Gaming|TSM,330.94736842105266,-49.63157894736842,7.508771929824562,572.4621929824561,0.3013331228070176,1.0350877192982457,0.0,0.19291754385964913,0.7554889803804226,0.19858416212848698,6.684210526315789,0.0,0.0,0.1111111111111111,0.4506119104920886,0.0,0.002595333709468642,0.0,1.3245323570650438,-0.6491228070175439,-0.4132121075828056,0.4800278352876471,0.21202725009975673,-0.006310656226350896,-0.3402701560068492,-0.24716232746665068
Empt2y,jng,LMS,15,43,0.419,13,0.0,8,62.4,60.3,47.5,60.3,53.3,Midnight Sun Esports,-6.837209302325581,201.37209302325581,4.930232558139535,290.97231395348837,0.16083842093023257,0.16279069767441862,0.0,0.2845720930232558,0.7246111753513998,0.16753974618707768,11.372093023255815,0.0,0.0,0.0,0.21738161063051817,-0.6374622356495468,0.13075288833134371,10.4,1.2199885626608373,-0.6744186046511628,-0.3090018738003696,0.39984844425543403,0.282535424218798,-0.4066622059711659,0.2817784460987701,-0.09117747324347487
Meteos,jng,NA LCS,1,40,0.5,8,0.0,11,62.2,60.4,48.3,51.3,59.7,Cloud9,290.175,328.475,10.45,229.53263499999997,0.1370378475,0.175,0.0,0.31301999999999996,0.7474286620242503,0.15801574427184367,18.4,0.0,0.0,0.0,0.27585287846481876,0.0784247271741341,-0.24724134163662195,2.815217391304348,1.7392527130926085,-0.55,-0.26867860083964645,0.38675485371554563,0.2866784465456327,-0.3603749122024066,-0.1964413475148805,0.24913496708915947
Chawy,mid,LMS,15,42,0.452,7,0.0,15,61.6,60.7,51.1,50.0,54.6,Taipei Assassins,291.0952380952381,49.54761904761905,8.095238095238095,624.6279452380952,0.32273180952380953,0.8809523809523809,0.0,0.20891190476190477,0.7238202152861083,0.20329157902245032,4.523809523809524,0.0,0.0,0.0,0.3428615949305724,0.0,-0.131924476218726,0.0,2.3145502494313788,-0.5238095238095238,-0.3561888067751346,0.35553596538868654,0.3024860422182057,-0.20546145498431673,-0.2655874840580282,-0.023496188049415605
Ambition,jng,OGN,3,101,0.574,13,0.077,12,69.1,53.1,51.4,53.2,59.7,CJ Entus,160.26732673267327,259.6237623762376,5.485148514851486,247.24809306930695,0.1296317792079208,0.1188118811881188,0.0,0.3839851485148515,0.6977838652462264,0.22665072813782264,15.851485148514852,0.0,0.0,0.07692307692307693,0.23560373771013612,-0.12423251703558753,-0.21018599659666554,7.905263157894737,1.194044628251987,-0.504950495049505,-0.35877844968413436,0.8272404644949185,-0.09960499664977773,-0.19155933351749832,-0.09611397694562235,0.24925375750362916
Impact,top,NA LCS,1,63,0.556,8,0.25,17,63.1,58.9,53.9,58.7,57.7,Team Impulse,248.03174603174602,232.1904761904762,3.111111111111111,414.66097619047616,0.2229828238095238,0.1746031746031746,0.0,0.06403968253968255,0.707821125883772,0.21657295259801096,3.619047619047619,0.0,0.0,0.25,0.2974745903339556,-0.4993873325727807,0.03356158050464374,5.926736922832813,2.141798680385621,-0.47619047619047616,-0.3672891426159838,0.43919333068332644,0.2052170027326338,-0.05856315930820871,0.19517941804609243,0.1450432620094372
Easyhoon,mid,OGN,3,37,0.811,3,0.0,12,63.4,58.5,48.1,44.9,54.8,SK Telecom T1,311.64864864864865,395.6756756756757,12.297297297297296,562.5477,0.28670127027027026,0.8918918918918919,0.0,0.23801621621621621,0.6555235676288308,0.14328826907349826,7.405405405405405,0.0,0.0,0.0,0.13878396490800535,0.0,-0.2493612672457844,0.0,1.9727878476642875,-0.5135135135135135,-0.27580098337070147,0.4598392717490179,0.18710574291315688,-0.37346454960048203,-0.5602309143579007,-0.009826952476272868
Alex Ich,mid,NA CS,2,32,0.75,4,0.25,17,64.9,56.9,62.6,51.9,62.4,Renegades|Team Dragon Knights,306.1875,469.1875,8.71875,594.563184375,0.3279415,0.9375,0.0,0.117796875,0.6667335656850459,0.1731291232524785,6.28125,0.0,0.0,0.25,0.5121001390820585,1.0224102805202948,-0.41723076923076924,5.7,3.005203820042827,-0.4375,-0.3418768057808724,0.5454334624585219,0.10208067685757002,0.41189269999002304,-0.16389893674619616,0.39751955045823373
TusiN,jng,OGN,3,46,0.391,9,0.0,9,63.4,58.4,54.8,47.4,49.7,Incredible Miracle,87.17391304347827,168.58695652173913,0.43478260869565216,252.2106760869565,0.14184362826086955,0.08695652173913043,0.0,0.4910826086956522,0.6962028714031733,0.19241907232400568,12.717391304347826,0.0,0.0,0.0,0.16625165026208122,1.4406719049558454,-0.18975898476811032,1.5119047619047619,1.3269776053940743,-0.6739130434782609,-0.5228023714204013,0.45714241776576126,0.17953988548425967,-0.011272336907539093,-0.4136736302719244,-0.284453453398755
Reignover,jng,EU LCS,1,76,0.711,9,0.222,11,73.4,48.2,56.1,61.4,49.5,Fnatic,506.6578947368421,602.7105263157895,7.394736842105263,307.3372657894737,0.15308656315789473,0.32894736842105265,0.0,0.2102486842105263,0.6609699984521306,0.2514505757613803,18.460526315789473,0.0,0.0,0.2222222222222222,0.30377920778568246,0.34277852289828803,0.08845607858724662,8.773041474654379,1.2617865362880896,-0.6447368421052632,-0.3329904186354992,1.1911502847404396,-0.36824942157169205,0.05932049737868917,0.3459503916085621,-0.29233989963250595
Zeitnot,bot,TCL,15,41,0.683,5,0.2,10,64.2,57.1,62.5,53.8,61.6,Dark Passage|HWA Gaming,417.1951219512195,238.390243902439,11.121951219512194,640.7702609756097,0.29705724390243904,0.8292682926829268,0.0,0.17749756097560976,0.6761357784530079,0.1697009507333478,5.219512195121951,0.0,0.0,0.2,0.4413808689756483,0.3270058033359035,-0.20273723364288657,4.602900323674083,1.5617376188860608,-0.5853658536585366,-0.17404541234452087,0.5069872791993502,0.11128447031872124,0.40695169602863124,-0.06168558122714171,0.3522872261643496
Perkz,mid,EU CS,2,24,0.667,2,0.0,10,62.1,59.2,53.2,58.7,52.9,Gamers2,161.375,174.04166666666666,4.041666666666667,660.7972833333333,0.3198706666666667,1.0,0.0,0.15994166666666668,0.7181305976158917,0.1578464912548403,5.0,0.0,0.0,0.0,0.4092107741570917,0.2552352048558423,0.3407013815090329,4.591397849462365,2.041241452319315,-0.5416666666666666,-0.3618499693153386,0.3821636325228781,0.22156091445713233,-0.0974099598190637,0.19718122252850315,-0.11158191768191997
Bang,bot,OGN,3,119,0.782,10,0.3,12,66.2,54.8,68.6,60.3,55.0,SK Telecom T1,179.890756302521,173.05042016806723,2.9495798319327733,563.5906966386555,0.2796043361344538,0.9915966386554622,0.0,0.17260084033613446,0.6635367444302397,0.14610539915764428,5.142857142857143,0.0,0.0,0.3,0.540642392412009,-0.19849423574621594,0.1288122451707775,4.2273598650410245,1.1000381964338537,-0.5294117647058824,-0.33579635846134265,0.6303789373766538,-0.008262785022447906,0.790044822600123,0.28185464664193327,-0.0005202073916856648
Dumbledoge,sup,TCL,15,46,0.739,10,0.4,10,63.4,57.6,67.6,55.3,58.4,Beşiktaş Esports,73.06521739130434,-119.1086956521739,-3.630434782608696,203.97893043478263,0.09758075434782609,0.08695652173913043,0.0,0.30230869565217394,0.7113463475996457,0.1930788094873502,0.3695652173913043,0.0,0.0,0.4,0.5453870967741935,-0.5703457912215035,0.013711294973047636,1.7029914529914532,1.4744195615489712,-0.5869565217391305,-0.46138147469218965,0.45750833463508256,0.13787550023463946,0.7213892582753002,0.017406135587242084,0.18234165687321463
Hjarnan,bot,EU LCS,1,65,0.615,11,0.273,10,66.6,54.2,65.3,59.6,50.5,H2k-Gaming,290.33846153846156,117.58461538461539,2.4,604.22692,0.30740727692307696,1.0461538461538462,0.0,0.12832923076923078,0.6874380045800933,0.14475357060583954,5.615384615384615,0.0,0.0,0.2727272727272727,0.7094052097718938,-0.021022408501369605,-0.03425977189679991,10.080070546737213,1.2403473458920846,-0.6307692307692307,-0.36310427986704497,0.6528889293094339,-0.04318361353528075,0.5725838282892367,0.24212961884688522,-0.23840600547864751
Toyz,mid,LMS,15,56,0.625,10,0.1,18,63.5,56.8,56.8,57.0,57.2,Hong Kong Esports,233.82142857142858,89.0,8.625,652.5205910714286,0.3130635535714286,1.0,0.0,0.15944642857142857,0.6935161330130942,0.22085734413164734,5.25,0.0,0.0,0.1,0.2634292219122354,1.1202069283888805,-0.05897064743518372,2.1954887218045114,2.4053511772118195,-0.39285714285714285,-0.4698720826000957,0.46162853625180555,0.09277741741576905,0.09709319964213754,0.10432054347045507,0.11603925253249797
FORG1VEN,bot,EU LCS,1,53,0.566,5,0.6,10,65.0,55.3,73.6,55.7,53.3,Gambit Gaming|H2k-Gaming|SK Gaming,334.7169811320755,96.0,13.867924528301886,582.8937566037736,0.2924722452830189,0.660377358490566,0.0,0.1542698113207547,0.6277382038444812,0.10950120379704613,7.226415094339623,0.0,0.0,0.6,0.932028528777575,-0.6114750688920085,-0.4379770033401318,12.75,1.3736056394868903,-0.5849056603773585,-0.4375265595893722,0.5508553087328041,0.017152792634645152,1.2077815772660287,0.038950985649326975,-0.08917587205932692
Maple,mid,LMS,15,61,0.656,9,0.111,17,59.3,60.7,50.4,66.1,55.4,Flash Wolves,213.91803278688525,232.98360655737704,4.147540983606557,584.4438901639344,0.30241160655737703,0.6229508196721312,0.0,0.208127868852459,0.6846169046437549,0.17387820838414575,3.622950819672131,0.0,0.0,0.1111111111111111,0.28473145032844205,-0.8344973775036009,-0.07808400063816859,6.498724489795919,2.1766269588592317,-0.45901639344262296,-0.3389928514688017,0.22962550883458183,0.30564218049405273,-0.24359913976627137,0.6243976490810665,0.021443284773008817
Lira,jng,OGN,3,57,0.386,13,0.077,11,63.4,56.5,54.7,55.8,60.6,Rebels Anarchy,29.596491228070175,92.96491228070175,0.9122807017543859,240.30235614035087,0.1337515192982456,0.22807017543859648,0.0,0.3581438596491228,0.6949068211464333,0.1843963617205748,14.24561403508772,0.0,0.0,0.07692307692307693,0.29928446533315145,0.0,-0.10728187787520162,8.519230769230768,1.4569855927715483,-0.631578947368421,-0.2592599947686514,0.4594401582944952,0.0805172113944648,-0.017442784947952778,0.04121737198814107,0.3004293587841195
Elwind,top,TCL,15,41,0.707,4,0.25,11,59.5,60.2,62.6,49.2,53.5,Dark Passage,274.4634146341463,239.3658536585366,3.268292682926829,396.88513170731704,0.19182320975609757,0.34146341463414637,0.0,0.10652926829268293,0.574669299624161,0.1572960969330991,6.024390243902439,0.0,0.0,0.25,0.32455708443119613,1.1857902663133617,-0.25371711017205173,2.269865067466267,1.7179113807746667,-0.5609756097560976,-0.4842456853654875,0.2382686188054199,0.27935381514667795,0.41182515145403054,-0.3075430441805963,-0.07902445739317941
Kasing,sup,EU LCS,1,68,0.632,13,0.231,10,61.8,57.9,60.8,63.5,49.3,Gamers2|H2k-Gaming|TSM,126.98529411764706,126.26470588235294,0.6176470588235294,153.02291029411765,0.07916080441176471,0.029411764705882353,0.0,0.27758382352941174,0.7155943506916789,0.2046864977477833,0.3088235294117647,0.0,0.0,0.23076923076923078,0.5612679281843669,-0.5146534975850654,0.005407331335275482,9.106837606837606,1.212678125181665,-0.6911764705882353,-0.32921166121030543,0.36568909247382586,0.1523454385443121,0.31018093995679674,0.4647710984732942,-0.3024237002942448
Clearlove,jng,MSI,1,22,0.636,3,0.333,8,59.8,59.9,58.4,52.1,57.8,EDward Gaming,267.0,42.77272727272727,-0.13636363636363635,266.9140590909091,0.12979865454545456,0.5,0.0,0.3389772727272727,0.7565418110726029,0.13095858935848717,15.681818181818182,0.0,0.0,0.3333333333333333,0.3878552971576227,0.1755102040816328,-0.1891534391534391,1.4561403508771928,1.7056057308448833,-0.7272727272727273,0.0,0.2560527003167657,0.26062753871928407,0.18041172203281075,-0.1547928165108074,0.1484219452360477
Duke,top,OGN,3,87,0.483,16,0.0,16,62.1,57.3,47.4,51.5,55.6,NaJin e-mFire,231.3448275862069,333.98850574712645,9.827586206896552,365.0069850574713,0.21698689655172412,0.2413793103448276,0.0,0.0677,0.637980983935983,0.18501245367438754,2.5977011494252875,0.0,0.0,0.0,0.19173734187918554,0.0,0.29007596177407513,0.0,1.7153800557404717,-0.6091954022988506,-0.29770345686069044,0.3825186197405363,0.11933786603248912,-0.4121002225927898,-0.18672742707553508,0.029087958514153314
Albis,sup,LMS,15,57,0.737,7,0.286,11,61.3,58.0,68.9,46.5,59.8,ahq eSports Club,154.03508771929825,71.10526315789474,0.6666666666666666,158.07764035087718,0.07913471929824561,0.05263157894736842,0.0,0.40259122807017544,0.7136068393606085,0.23657055297121019,0.2631578947368421,0.0,0.0,0.2857142857142857,0.3472046988854511,1.5490581246486168,-0.33807051395020615,1.8074581430745813,1.4569855927715483,-0.631578947368421,-0.37797850055532983,0.33586326728080507,0.15591936021831984,0.8098617820920602,-0.46264140604447007,0.25666543947071135
Innox,mid,NA LCS,1,41,0.537,9,0.0,15,61.0,58.0,51.6,43.6,51.9,Enemy,-22.634146341463413,-52.048780487804876,-3.7804878048780486,704.5028048780488,0.35866904878048783,0.7804878048780488,0.0,0.1445609756097561,0.671197476887341,0.1281220992220897,3.975609756097561,0.0,0.0,0.0,0.405313782903805,-0.013137605625115532,-0.5998501982430858,2.1889763779527556,2.342606428329091,-0.3902439024390244,-0.5630572159662507,0.3216341919139146,0.16041927280838966,-0.18015235909825222,-0.6386818030070516,-0.16125077472101815
Santorin,jng,NA LCS,1,74,0.608,9,0.222,11,56.1,62.8,62.4,49.6,50.5,TSM,134.14864864864865,-1.054054054054054,2.4594594594594597,227.63860135135135,0.12549303513513513,0.1891891891891892,0.0,0.34323513513513515,0.7416693803845507,0.14524201302925524,17.08108108108108,0.0,0.0,0.2222222222222222,0.48587198344882304,0.7607023081475637,-0.24006309148264993,2.2411960132890365,1.278724026182012,-0.5540540540540541,-0.45038354376787376,0.05618205709967211,0.4252335672956454,0.3982341810168007,-0.2871353019466457,-0.2401766293322115
Froggen,mid,EU LCS,1,36,0.389,7,0.0,18,63.0,55.8,50.0,49.7,66.4,Elements,218.33333333333334,214.22222222222223,8.38888888888889,617.2993416666667,0.3504567777777778,0.5,0.0,0.11213055555555555,0.7398279514507585,0.19954886393117388,3.5833333333333335,0.0,0.0,0.0,0.29182261139750015,0.0,-0.1427958833619212,0.0,3.0,-0.3333333333333333,-0.3336154982192961,0.43684390155965813,0.04084022005203207,-0.263967326320536,-0.2827842929938687,0.6431159196884044
Kuro,mid,OGN,3,110,0.645,18,0.167,22,57.1,61.6,61.1,60.8,55.8,ROX Tigers,-14.518181818181818,-54.627272727272725,-1.8818181818181818,551.5196727272728,0.28573515454545456,1.0272727272727273,0.0,0.2733790909090909,0.7170071363792148,0.1833634739761069,3.981818181818182,0.0,0.0,0.16666666666666666,0.5278628958672104,-0.5873950717573788,0.15970056144728653,6.6299145299145295,2.0976176963403033,-0.4818181818181818,-0.33589800661613806,0.11110924008571355,0.35421013609614005,0.3294615597233967,0.31209393076475533,0.04104189188581153
Stixxay,bot,NA CS,2,23,0.522,6,0.0,7,62.1,56.6,52.2,54.9,52.1,CLG Black|Counter Logic Gaming,241.34782608695653,87.34782608695652,12.782608695652174,545.3570739130435,0.2938140434782609,1.0,0.0,0.21204347826086956,0.6401178531613314,0.1516627602659723,3.6956521739130435,0.0,0.0,0.0,0.2015385243225596,0.0,0.02520177562550456,0.0,1.4596008983995234,-0.6521739130434783,-0.5788407248768624,0.38076265034645923,0.08630121376402365,-0.14888872217706267,-0.004221599311571789,-0.15577027431291843
Fenix,mid,NA LCS,1,63,0.587,10,0.3,17,62.0,56.6,63.9,59.6,53.5,Team Liquid,76.61904761904762,227.34920634920636,8.079365079365079,574.7078682539682,0.3141410158730159,0.6984126984126984,0.0,0.10203650793650794,0.7245197199507741,0.19097448661985003,5.079365079365079,0.0,0.0,0.3,0.552016151335804,-0.03750368302162101,0.03991669263428497,4.76862326127032,2.141798680385621,-0.38095238095238093,-0.38439618328107017,0.37680856913870264,0.0862322696527792,0.48494600059666865,0.24448333027300795,-0.07943043107935713
nRated,sup,EU LCS,1,49,0.531,7,0.143,11,57.8,60.7,51.5,59.4,56.0,SK Gaming,38.0,137.3265306122449,-3.2653061224489797,158.8647918367347,0.08073449591836734,0.02040816326530612,0.0,0.33019795918367345,0.7157074923171992,0.17785250946359546,0.3469387755102041,0.0,0.0,0.14285714285714285,0.2682070186641898,-0.3799654070534432,-0.21806100327703562,9.393518518518519,1.5714285714285714,-0.6122448979591837,-0.45948857875995947,0.15055435810121875,0.303753776883757,-0.18751810723584042,0.23114648829730697,0.053466916460461325
Naru,mid,TCL,15,35,0.743,3,0.0,13,63.9,54.4,51.3,53.8,55.2,Dark Passage,380.8,391.57142857142856,11.142857142857142,636.1635542857142,0.309398,0.7714285714285715,0.0,0.17355428571428572,0.5903809963819101,0.18834085635339326,5.857142857142857,0.0,0.0,0.0,0.3611272328625782,-0.1230759656474299,-0.1865783513385803,2.651346960877217,2.197401062294143,-0.42857142857142855,-0.4007667666436012,0.4860127715304804,-0.02934239384760418,-0.19534819903713174,-0.06260313896291173,0.010125804359537261
Shrimp,jng,NA CS,2,21,0.762,4,0.25,6,61.0,57.3,53.3,52.8,51.6,Team Coast,327.5238095238095,168.66666666666666,5.333333333333333,268.4494857142857,0.1375935619047619,0.19047619047619047,0.0,0.2623190476190476,0.8192715579923209,0.24279544435448905,31.238095238095237,0.0,0.0,0.25,0.2556041552761072,-0.8151945320715037,-0.5308835027365129,4.837837837837839,1.3093073414159544,-0.7619047619047619,-0.5206093028168098,0.3212153059385609,0.12256796858341916,-0.09017246460052666,-0.11460402101475002,-0.18034587428320759
Kikis,jng,EU LCS,1,57,0.544,10,0.1,16,62.2,56.0,49.4,57.3,67.9,Gamers2|Unicorns of Love,-44.280701754385966,-21.157894736842106,1.0526315789473684,319.8639894736842,0.16100435789473683,0.24561403508771928,0.0,0.28004912280701755,0.7150262463420889,0.17856879159284417,11.87719298245614,0.0,0.0,0.1,0.20093664290680177,0.25808925540073574,0.06471666339068949,5.490730609626209,2.11925177130407,-0.38596491228070173,-0.3597696748136563,0.38899324725332346,0.0503017516864523,-0.29936550794205263,0.12134878899499031,0.7400638840277272
LemonNation,sup,NA LCS,1,70,0.514,11,0.091,9,59.5,58.7,53.2,57.9,47.0,Cloud9,58.8,-183.34285714285716,1.2571428571428571,172.08486142857143,0.09829228428571428,0.0,0.0,0.29493142857142857,0.7390979979980662,0.22737007547132626,0.37142857142857144,0.0,0.0,0.09090909090909091,0.2993040188777993,0.8335600638788668,0.10416666666666667,3.8036676031028946,1.0757057484009542,-0.6428571428571429,-0.46273287983082134,0.23660294907141344,0.19603426105266708,-0.09388181127293058,0.15099239303954942,-0.43624587896026257
Olleh,sup,LMS,15,56,0.625,10,0.1,12,59.3,58.9,57.5,57.1,57.5,Hong Kong Esports,145.28571428571428,-36.017857142857146,-3.1607142857142856,177.4684482142857,0.08560059642857143,0.017857142857142856,0.0,0.3144392857142857,0.7682648798945365,0.24803302310733358,0.44642857142857145,0.0,0.0,0.1,0.3335718605119935,0.4152202937249666,0.050385356454720545,2.2902644230769225,1.6035674514745464,-0.6071428571428571,-0.5531228430461794,0.22612376967303863,0.2093207073461191,0.13115226363019658,0.11308187982888739,0.13071082582857851
Eve,jng,OGN,3,80,0.325,22,0.227,11,59.5,58.5,68.3,52.7,52.8,Samsung Galaxy,-150.3875,-7.5875,-0.1375,250.66176875000002,0.14742487875000002,0.0875,0.0,0.33302375,0.7306462413430671,0.17789187147372523,11.1625,0.0,0.0,0.22727272727272727,0.49806065470867383,0.0,0.3299197431781702,0.625,1.2298373876248843,-0.6,-0.4283070696328271,0.2376108549051353,0.18333920033388268,0.7661820122021648,-0.11896636873282626,-0.11790175723448236
Ssumday,top,OGN,3,105,0.552,17,0.059,23,58.4,59.6,51.4,54.6,70.1,KT Rolster,186.6,85.46666666666667,2.038095238095238,360.7685580952381,0.21706961904761904,0.2857142857142857,0.0,0.1309038095238095,0.6305722864960183,0.2104587982627926,4.857142857142857,0.0,0.0,0.058823529411764705,0.24999919818281088,-0.019275849026803828,0.03559593156546668,4.19735017409436,2.2445701677816263,-0.3523809523809524,-0.30937790151168526,0.1826036518449921,0.24593961361078165,-0.18928956597731195,-0.020288081405862662,0.9039582737789111
Thaldrin,top,TCL,15,48,0.708,11,0.364,13,62.8,55.2,65.2,48.1,54.0,Beşiktaş Esports,92.66666666666667,118.41666666666667,8.604166666666666,458.5183645833333,0.21895016666666667,0.5,0.0,0.09297291666666667,0.5895585071417669,0.1989387685072319,2.0416666666666665,0.0,0.0,0.36363636363636365,0.5168861561125446,-0.624023544858043,-0.31572944406597725,2.757142857142857,1.8763883748662837,-0.5625,-0.5061340220961671,0.42040781933435994,0.010089148966627626,0.5675853184710403,-0.36994783261037045,-0.05170315771042033
Piglet,bot,NA LCS,1,57,0.561,10,0.3,11,59.2,58.6,59.7,56.9,60.8,Team Liquid,6.684210526315789,136.24561403508773,1.719298245614035,553.0450736842106,0.3022183157894737,0.7719298245614035,0.0,0.17843508771929825,0.720198777302163,0.13681550358604835,5.140350877192983,0.0,0.0,0.3,0.4406707941739789,-0.3769844783747201,0.16354538248117326,5.046807359307359,1.4569855927715483,-0.543859649122807,-0.22947719204320832,0.2223448658343733,0.19000210109037008,0.25237629327718153,0.0993487386807547,0.31254685357900214
Rekkles,bot,EU LCS,1,59,0.661,8,0.25,11,59.0,58.8,62.3,50.5,60.1,Elements|Fnatic,153.8135593220339,14.067796610169491,3.983050847457627,531.9996847457627,0.28687662711864403,0.9661016949152542,0.0,0.18317118644067798,0.6909478235426706,0.12585171395457928,6.47457627118644,0.0,0.0,0.25,0.5705184206601182,0.15714547378704008,-0.003929315993249341,1.8333333333333335,1.4320780207890627,-0.4915254237288136,-0.34589896174216295,0.21264797911363836,0.2030743176826999,0.39363790713156743,-0.2401742569911194,0.27263131701381843
Safir,bot,EU CS,2,23,0.522,2,0.0,8,64.0,53.8,51.8,54.0,56.7,Gamers2|Renegades|Team Nevo,492.30434782608694,258.4347826086956,10.73913043478261,538.279,0.2769892608695652,1.3043478260869565,0.0,0.10317391304347825,0.661442339679214,0.17952413803049824,3.782608695652174,0.0,0.0,0.0,0.15708675473045342,0.0,-0.0609847071988064,0.0,1.6681153124565982,-0.6521739130434783,-0.47211803687454224,0.49521066963894644,-0.06483638762129865,-0.1668291560809739,-0.052888884753397536,0.08990697555069055
avenuee,mid,TCL,15,22,0.545,5,0.4,11,59.7,58.0,65.9,61.2,59.1,Beşiktaş Esports|Fnatic Academy|Low Priority,111.27272727272727,362.6363636363636,4.818181818181818,686.3263681818181,0.3237890909090909,0.45454545454545453,0.0,0.15305909090909092,0.6966549661209104,0.14902950120055383,3.6818181818181817,0.0,0.0,0.4,1.434949424485525,-0.6038571800886109,0.08010204081632666,3.75671600877193,2.345207879911715,-0.5,-0.06898978255784781,0.2511970999824452,0.15797308865517748,0.6065641847441052,0.3313498518945204,0.21525814578427357
Fixer,sup,OGN,3,40,0.55,5,0.0,9,63.5,54.0,54.1,49.7,53.0,KT Rolster,115.525,151.4,3.025,129.72555,0.07662993500000001,0.025,0.0,0.291785,0.7315110767643662,0.2432713224827289,0.275,0.0,0.0,0.0,0.5164506480558325,0.0,-0.040036396724294765,0.0,1.4230249470757705,-0.625,-0.45291839868760125,0.46329123615902035,-0.05323120175591884,-0.045066244664535036,-0.2839274456204432,-0.1030495352271949
Darshan,top,NA LCS,1,58,0.621,10,0.1,17,61.1,56.3,50.8,47.5,58.5,Counter Logic Gaming,179.75862068965517,196.32758620689654,1.0689655172413792,378.37058103448277,0.207438,0.41379310344827586,0.0,0.08631896551724137,0.6226093203788271,0.18992801432427592,2.6379310344827585,0.0,0.0,0.1,0.2527565090537456,0.0,-0.16164087801367397,0.0,2.2322093586152834,-0.39655172413793105,-0.5271087406342703,0.3280700047671935,0.06748681183547381,-0.2246309457424323,-0.4062348352510434,0.18444615316284038
Chaser,jng,OGN,3,82,0.537,7,0.143,11,54.4,62.9,55.9,50.3,58.2,Jin Air Green Wings,82.04878048780488,26.817073170731707,-0.18292682926829268,204.17319390243904,0.12348089024390244,0.07317073170731707,0.0,0.31858536585365854,0.7906440726204069,0.19048830321766969,14.573170731707316,0.0,0.0,0.14285714285714285,0.357036381646647,-0.6963092671568396,0.004234324140310871,2.930769230769231,1.214746786823312,-0.5121951219512195,-0.4015481105189436,-0.03138398172828477,0.4268694319693939,0.04608400044415362,-0.2507976110310674,0.17151296946188785
Quas,top,NA LCS,1,63,0.587,10,0.3,18,56.1,61.1,61.4,53.3,63.3,Team Liquid,33.04761904761905,-5.555555555555555,-0.2698412698412698,373.52338253968253,0.2077823984126984,0.3492063492063492,0.0,0.10018730158730159,0.7161776133010644,0.20690837906794465,2.0634920634920637,0.0,0.0,0.3,0.47822966184096805,-0.16074153658753565,-0.011772217426119098,2.6844429347826084,2.2677868380553634,-0.4126984126984127,-0.3128785574308484,0.05622385020828222,0.32434275912709315,0.3411451550311223,-0.0878726152579566,0.4529266118862149
GuGer,bot,LMS,15,42,0.452,7,0.0,8,58.3,58.9,52.7,48.7,49.0,Taipei Assassins,234.0,150.95238095238096,4.071428571428571,565.5765976190477,0.2872930238095238,0.7380952380952381,0.0,0.1473595238095238,0.7246041087109791,0.15837091558343216,4.0476190476190474,0.0,0.0,0.0,0.32865758623026364,0.0,-0.3304670912951168,0.0,1.2344267996967353,-0.7142857142857143,-0.43669538974127975,0.1762438601454372,0.20725150698140143,-0.11897823254329783,-0.3377009532972124,-0.3204171159597722
Un1tback,sup,TCL,15,45,0.467,7,0.0,9,63.4,53.8,54.6,66.0,61.2,Team Turquality,190.3111111111111,259.02222222222224,1.0888888888888888,163.74314,0.08859545777777779,0.022222222222222223,0.0,0.26480444444444445,0.6711508336178709,0.19558458745686727,0.2222222222222222,0.0,0.0,0.0,0.40263155359912156,0.15508943323037136,0.47228728638549694,2.122551899725813,1.3416407864998738,-0.5111111111111111,-0.35919132360252465,0.4555670326450364,-0.061533263617984946,-0.022634933317371965,0.6162538391686436,0.33168968927162806
Sencux,mid,EU CS,2,33,0.636,6,0.167,16,62.8,54.2,54.5,59.2,57.4,SK Gaming Prime|Team Dignitas EU,296.06060606060606,143.1818181818182,2.0303030303030303,623.9496515151516,0.3186884242424242,0.9696969696969697,0.0,0.08665454545454546,0.6912470557466625,0.2122354715418648,2.3636363636363638,0.0,0.0,0.16666666666666666,0.45122841543930936,-0.415321977067928,-0.004919125938701227,8.333333333333334,2.7852424952911656,-0.3939393939393939,-0.6291519018650213,0.42507179629886976,-0.04105396113800948,-0.02551888944720871,0.22326931591146007,0.12595151201017452
Raison,bot,LMS,15,26,0.654,6,0.167,7,57.2,59.8,55.9,60.6,49.6,Hong Kong Esports,171.07692307692307,79.15384615384616,2.6153846153846154,552.3187730769231,0.26601223076923075,1.4230769230769231,0.0,0.22433076923076925,0.7617546850556004,0.1968109910064646,6.846153846153846,0.0,0.0,0.16666666666666666,0.2195053525286084,0.0,0.7381310027766398,0.0,1.3728129459672884,-0.8461538461538461,-0.4123845787644354,0.11443490045508856,0.25286911490870617,0.049380154798186256,0.29707697983082904,-0.2858070637638694
Ziv,top,LMS,15,71,0.732,8,0.25,15,58.4,58.5,75.3,48.9,57.6,ahq eSports Club,64.36619718309859,52.84507042253521,2.408450704225352,435.7951084507043,0.21135105633802817,0.4084507042253521,0.0,0.09129859154929577,0.64180986222323,0.19768733868317437,2.2253521126760565,0.0,0.0,0.25,0.7974314806685967,2.745328954818254,-0.25928958011676523,3.3062500000000004,1.7801724872907798,-0.6197183098591549,-0.3110526517239782,0.1776870818513062,0.1836059276402116,1.4091183249654187,-0.3250998042819256,0.1393797197593919
Jaeger,top,EU CS,2,42,0.571,3,0.333,16,63.4,53.5,60.6,60.5,64.6,Dignitas|Gamers2|Team Nevo,207.92857142857142,70.04761904761905,2.9761904761904763,430.10517619047613,0.2162899285714286,0.5,0.0,0.08793333333333334,0.5692463013904805,0.2403846867575122,3.0238095238095237,0.0,0.0,0.3333333333333333,0.31729202393743816,-0.1271757175065063,0.1616715216673174,2.5418803418803426,2.4688535993934706,-0.3333333333333333,-0.5916326472566237,0.45625817396895313,-0.08081323991309533,0.3010340031538768,0.291215490602187,0.5320669002546502
HolyPhoenix,bot,TCL,15,36,0.639,6,0.0,10,61.1,55.7,48.7,52.0,53.2,Dark Passage|HWA Gaming|Low Priority,162.47222222222223,27.194444444444443,1.8888888888888888,641.90665,0.3121313416666667,1.2777777777777777,0.0,0.11809722222222223,0.6748202833998639,0.17137807301720356,6.361111111111111,0.0,0.0,0.0,0.16733921092390372,-0.48240894622686686,-0.23618115055079555,2.4818652849740936,1.6666666666666667,-0.6388888888888888,-0.49845524958008186,0.32614243895118256,0.0381643481077214,-0.33522182764800407,-0.1583016075174336,-0.0932351411576036
Dan,jng,EU CS,2,29,0.517,6,0.0,13,59.0,57.8,54.0,51.8,63.4,MOUZ NXT,105.3103448275862,319.37931034482756,7.206896551724138,237.06044137931036,0.12660003103448275,0.13793103448275862,0.0,0.24954827586206899,0.7116192728662036,0.1671202892578943,14.172413793103448,0.0,0.0,0.0,0.427455121436114,0.08044325877282982,-0.3900932034768039,2.0769230769230766,2.4140393963016744,-0.6206896551724138,-0.4296863941224562,0.2130494130281105,0.1490793773200738,-0.05465862616269833,-0.17177243877856574,0.4576283864011803
PraY,bot,OGN,3,110,0.645,18,0.167,14,60.5,56.0,52.4,58.3,58.3,ROX Tigers,45.481818181818184,-69.2090909090909,2.390909090909091,560.9045,0.29576394545454543,0.7636363636363637,0.0,0.20254454545454548,0.6965696277157428,0.16194464177925796,4.509090909090909,0.0,0.0,0.16666666666666666,0.2252553308451234,-0.6879402796761643,-0.035561180745519096,7.147058823529412,1.3348476249438292,-0.5545454545454546,-0.47457860894247095,0.2925440319681379,0.054199428972429915,-0.13626676382330813,0.17491559136202534,0.17586158465678592
Odoamne,top,EU LCS,1,71,0.606,12,0.333,19,63.2,53.2,67.6,50.7,58.2,H2k-Gaming,270.53521126760563,99.46478873239437,4.154929577464789,432.81452816901407,0.22284426901408452,0.15492957746478872,0.0,0.06290140845070423,0.6754215838311237,0.23864671983846059,1.323943661971831,0.0,0.0,0.3333333333333333,0.6469559978539828,0.14821398398161617,-0.39085545722713866,5.3615520282186955,2.254885150568321,-0.5211267605633803,-0.35257621430821723,0.447116107924906,-0.0950002176078748,0.7185164246075986,-0.23058425912101493,0.1673011016648633
Yusui,mid,NA CS,2,20,0.65,3,0.333,13,59.3,57.0,56.5,47.5,57.4,Cloud9 Tempest,374.6,198.6,8.7,531.12023,0.32431005,0.65,0.0,0.23042500000000002,0.6029088215158009,0.12625376435159044,4.7,0.0,0.0,0.3333333333333333,0.19525593008739076,0.0,-0.5762886597938144,0.0,2.9068883707497264,-0.4,-0.6164169677113798,0.22877622720060434,0.1044471494345872,0.07775252617141659,-0.4085680637108483,0.12844104259809488
Vander,sup,EU LCS,1,59,0.475,9,0.222,12,56.6,59.6,62.7,60.4,63.1,H2k-Gaming|Team ROCCAT,84.98305084745763,117.50847457627118,1.88135593220339,124.46528813559323,0.06831603220338983,0.01694915254237288,0.0,0.26300677966101693,0.7266953156689212,0.16740327610662828,0.2033898305084746,0.0,0.0,0.2222222222222222,0.6309919780864802,-0.11273730477882725,0.37227831508839065,2.4557226399331666,1.5622669317698865,-0.5084745762711864,-0.32038696298504726,0.08277123895153722,0.24258305284887688,0.41590890662567515,0.29091841833224796,0.4374033387073111
Deft,bot,MSI,1,22,0.636,3,0.333,9,62.8,53.4,58.1,51.6,63.6,EDward Gaming,628.3181818181819,-48.13636363636363,5.181818181818182,615.8483454545454,0.3089942272727273,0.9090909090909091,0.0,0.19717727272727273,0.7103251972313557,0.26296128353712883,5.136363636363637,0.0,0.0,0.3333333333333333,0.3596707818930041,-0.0648952478283087,-0.07640449438202253,1.736625514403292,1.9188064472004938,-0.6363636363636364,0.0,0.42557221084894004,-0.08488998815074617,0.16408126560976877,-0.17910172464878235,0.46695104412053245
Arrow,bot,OGN,3,105,0.552,17,0.059,15,53.7,62.3,49.6,57.0,63.1,KT Rolster,26.21904761904762,16.704761904761906,-1.6761904761904762,498.1462333333333,0.2977375904761905,0.6476190476190476,0.0,0.24605333333333332,0.7136502287288933,0.14163178018993655,4.733333333333333,0.0,0.0,0.058823529411764705,0.17570674064364536,0.29609717154819243,0.021934871720355003,4.477777777777779,1.4638501094227998,-0.6190476190476191,-0.3666663420920899,-0.06772364242525682,0.3948308953602737,-0.2889898904000101,0.1067572488493081,0.4429515220818436
MadLife,sup,OGN,3,104,0.587,13,0.077,13,58.5,57.4,51.3,57.7,57.5,CJ Entus,48.45192307692308,-39.63461538461539,0.8173076923076923,138.27089134615386,0.07034222596153847,0.009615384615384616,0.0,0.3481173076923077,0.7246705525535287,0.220341006329121,0.2403846153846154,0.0,0.0,0.07692307692307693,0.27443253581610194,-0.23853690304943062,-0.07392257004732686,5.5780423280423275,1.2747548783981963,-0.47115384615384615,-0.37799585961956333,0.1841326529620488,0.12619307474264008,-0.19333242610001672,0.14376073373870155,0.12975798807240796
SERAPH,top,NA LCS,1,41,0.439,9,0.444,14,56.5,59.3,62.4,49.1,54.7,Team Dragon Knights,-61.609756097560975,-228.390243902439,-0.8048780487804879,462.4394585365854,0.2360848536585366,0.24390243902439024,0.0,0.11572682926829267,0.678642188020671,0.21087684807189616,2.7560975609756095,0.0,0.0,0.4444444444444444,0.38574410910674606,-0.31208746596484843,-0.37258809945708543,2.900000000000001,2.186432666440485,-0.43902439024390244,-0.5932493230365976,0.07950226616065277,0.23014327848365262,0.39895308327139056,-0.31743619315771654,-0.016703580366337054
Crystal,jng,TCL,15,41,0.707,4,0.25,11,58.8,57.0,53.9,51.0,56.5,Dark Passage,153.4390243902439,117.8048780487805,4.487804878048781,241.1628804878049,0.11708576585365854,0.2926829268292683,0.0,0.22835609756097563,0.6515794544859355,0.14605733658193173,12.439024390243903,0.0,0.0,0.25,0.16139373554761405,-0.4660369348333687,-0.19937703166453885,1.8606239737274224,1.7179113807746667,-0.6585365853658537,-0.5052838812252831,0.19967197301473574,0.10555155779159867,-0.05968217833950325,-0.21305715049874452,0.07743157109800673
GorillA,sup,OGN,3,110,0.645,18,0.167,16,64.8,50.9,57.6,61.6,63.2,ROX Tigers,48.71818181818182,202.5090909090909,-1.4181818181818182,138.26633636363636,0.07390941999999999,0.02727272727272727,0.0,0.26459,0.7259131957104215,0.25704389030526464,0.3,0.0,0.0,0.16666666666666666,0.32604801146542456,-0.16282710253902188,-0.012616139054007842,7.085714285714285,1.5255401427929478,-0.4090909090909091,-0.42458939667119056,0.5388547937440593,-0.21772460569326735,0.1370353346697043,0.35294647207176977,0.44873073919456763
Stanley,top,LMS,15,45,0.644,8,0.125,16,56.8,58.9,54.8,59.2,65.1,Hong Kong Esports,162.93333333333334,137.6,-1.6666666666666667,397.3936088888889,0.19476654666666668,0.4222222222222222,0.0,0.06284,0.6120973372070447,0.1528362092447308,3.8444444444444446,0.0,0.0,0.125,0.2935626367028349,0.0,0.3958406098943981,0.0,2.3851391759997758,-0.4222222222222222,-0.33958639753481557,0.09452250863102432,0.20880167473061104,-0.013048988202606401,0.2247522844289575,0.5616542082009639
Jankos,jng,EU LCS,1,59,0.475,9,0.222,8,59.4,56.3,53.7,58.5,43.3,H2k-Gaming|Team ROCCAT,55.86440677966102,98.11864406779661,2.2711864406779663,266.1348118644068,0.14643047457627117,0.15254237288135594,0.0,0.34159152542372884,0.7055906628718457,0.20700308705843018,15.05084745762712,0.0,0.0,0.2222222222222222,0.3821863811960371,-0.5933560477001704,0.04633955849585381,6.951065891472867,1.041511287846591,-0.6440677966101694,-0.5547126669400875,0.23389224446123844,0.06787714036132918,-0.06797284627620112,0.18705599371405587,-0.6600653763509492
Cris,top,NA LCS,1,39,0.436,12,0.083,13,59.9,55.8,46.5,74.5,48.5,Team Coast,64.56410256410257,64.15384615384616,2.3076923076923075,419.92864358974356,0.2481123076923077,0.23076923076923078,0.0,0.10755384615384617,0.6413547335233744,0.24741953379724274,3.8205128205128207,0.0,0.0,0.08333333333333333,0.2021464532442317,-0.7718803409841566,1.3833448418726697,9.444444444444445,2.0816659994661326,-0.5384615384615384,-0.6881794313609707,0.26238337004481793,0.04121337712148578,-0.46626554687558014,1.3083952126276457,-0.3492925308593105
sOAZ,top,EU LCS,1,72,0.708,5,0.2,21,62.9,52.8,61.7,47.8,68.2,Origen,200.15277777777777,242.51388888888889,3.0416666666666665,396.3319513888889,0.20190117638888888,0.3611111111111111,0.0,0.07442361111111112,0.6107014182961951,0.21978658484936434,2.8472222222222223,0.0,0.0,0.2,0.5726270185112248,0.14956195244055068,-0.37476979742173117,3.183094384707288,2.4748737341529163,-0.3472222222222222,-0.3465734631262577,0.4265808177971033,-0.11611958399921485,0.36005638470361534,-0.38936221014852074,0.7612544760612809
Remilia,sup,NA CS,2,28,0.679,4,0.0,7,60.8,54.8,54.7,52.7,52.8,Renegades|Roar,119.92857142857143,91.10714285714286,-2.142857142857143,143.01056428571428,0.08560406071428571,0.10714285714285714,0.0,0.22606071428571428,0.7825506417141755,0.2635371833680104,0.32142857142857145,0.0,0.0,0.0,0.18437225636523266,0.6187739463601533,-0.18172431595250388,5.814814814814815,1.3228756555322951,-0.75,-0.24019785327281773,0.3121522392804168,-0.007979902244466597,-0.017701742221091762,-0.11920929797801655,-0.1152586833557876
xiaoweixiao,mid,NA LCS,1,47,0.596,7,0.286,18,57.3,58.1,58.6,62.8,61.4,Team Impulse,99.70212765957447,53.46808510638298,5.659574468085107,557.6542255319149,0.29636187234042555,0.5957446808510638,0.0,0.1959659574468085,0.6565567957336333,0.16836630976357747,5.574468085106383,0.0,0.0,0.2857142857142857,0.442074583238567,-0.347860791826309,0.058914170506912486,7.406126404049991,2.6255698469621023,-0.40425531914893614,-0.32108968628594525,0.12279613537123601,0.16389114118946624,0.18993094846375944,0.4202600136918876,0.34262359224036604
Amazing,jng,EU LCS,1,72,0.708,5,0.2,11,59.5,55.9,55.2,47.9,43.7,Origen,226.51388888888889,-109.66666666666667,0.9722222222222222,262.72828055555556,0.13329584444444442,0.25,0.0,0.32595555555555555,0.6758838570396464,0.19590314514903867,19.40277777777778,0.0,0.0,0.2,0.3596349973161567,0.03832951945080088,-0.47282887609055146,3.6542893725992314,1.2963624321753373,-0.7638888888888888,-0.44192929123102215,0.23984722255035387,0.04946633481454053,0.011162858013340621,-0.3810709061799595,-0.6320375127339046
NL,bot,LMS,15,44,0.682,5,0.2,10,62.5,52.9,53.5,70.7,55.7,Flash Wolves,190.75,281.4318181818182,5.4772727272727275,598.9778772727273,0.30413993181818183,1.1590909090909092,0.0,0.12162045454545455,0.6711983585287551,0.19459970582199182,4.590909090909091,0.0,0.0,0.2,0.1584241681342467,-0.9069767441860465,0.5208932336591909,16.802525252525253,1.507556722888818,-0.5454545454545454,-0.4239687742832974,0.40769685657121907,-0.11172403580945131,-0.07780707028731823,0.9522519095723648,0.035315537921002504
Trance,sup,NA CS,2,25,0.52,2,0.0,9,59.8,55.5,52.1,57.0,60.7,Odyssey Gaming|Team Fusion,270.76,119.08,3.32,125.729692,0.076467744,0.0,0.0,0.232568,0.7565630295630296,0.21986221408599924,0.16,0.0,0.0,0.0,0.19297325642370217,-0.021824286513710125,0.2137976636543972,7.23529411764706,1.8,-0.6,-0.27309474811640827,0.25613036766144204,0.02395829340025895,-0.1542966117882621,0.1073197562331296,0.30414725234227125
Dreamer,sup,LMS,15,28,0.393,8,0.0,5,56.5,58.8,49.6,59.4,51.2,Machi Esports,-51.82142857142857,-135.71428571428572,1.4642857142857142,167.1723392857143,0.08877281071428571,0.03571428571428571,0.0,0.24669285714285713,0.7725420692138958,0.19541176925520135,0.5357142857142857,0.0,0.0,0.0,0.17107085160396954,0.0,0.33459404942007087,0.0,0.944911182523068,-0.7142857142857143,-0.3620029962484844,0.07752303476439043,0.1998743028647023,-0.28939649440679927,0.23282831023463574,-0.2014376490035997
Nien,bot,NA LCS,1,44,0.5,7,0.0,7,56.0,59.2,49.2,53.4,52.3,Renegades|Team 8|Team Fusion,186.38636363636363,-85.4090909090909,-1.0227272727272727,492.5337068181818,0.29494413636363637,1.1363636363636365,0.0,0.17405681818181817,0.7816478195515277,0.1729219382601705,5.204545454545454,0.0,0.0,0.0,0.20386560756435437,0.6228047182175622,-0.11192214111922127,5.733333333333333,1.0552897060221726,-0.6363636363636364,-0.15235894108249023,0.053473317385962914,0.22440241202430203,-0.3119829608656751,-0.08591841194613031,-0.14218384249093519
beansu,top,EU CS,2,36,0.556,7,0.0,10,59.3,55.7,50.1,56.8,50.5,Gamers2|MOUZ NXT|SK Gaming Prime,0.8888888888888888,264.97222222222223,4.083333333333333,403.91188611111113,0.21094230555555557,0.3333333333333333,0.0,0.08254444444444445,0.6445006734512668,0.21700406999731078,1.3888888888888888,0.0,0.0,0.0,0.26016942139434107,-0.26169118217304765,-0.606610856994908,9.0,1.6666666666666667,-0.6111111111111112,-0.7358465021558175,0.2275079974622531,0.03814198952621833,-0.2615566728382309,0.0938225070255505,-0.2403526190837159
Ohq,bot,OGN,3,81,0.494,15,0.0,11,62.7,52.2,51.5,49.5,55.7,NaJin e-mFire,205.65432098765433,121.03703703703704,6.074074074074074,498.203638271605,0.28970712716049385,0.9753086419753086,0.0,0.1392456790123457,0.6746986687791269,0.15576674450374212,4.481481481481482,0.0,0.0,0.0,0.4228988678927655,0.0,-0.06850773280270309,0.0,1.2222222222222223,-0.5432098765432098,-0.44164121086223046,0.4192345985352768,-0.14704961506867967,-0.18523747505419333,-0.29303679437046803,0.03441010653887837
Noxiak,sup,EU CS,2,29,0.31,6,0.0,11,57.2,57.7,51.8,51.4,59.6,Ex Nihilo|Fnatic|Fnatic Academy|MeetYourMakers|SK Gaming,114.44827586206897,8.310344827586206,1.206896551724138,132.36164827586205,0.07583790689655172,0.034482758620689655,0.0,0.3080793103448276,0.7608819397866051,0.22289386683563048,0.20689655172413793,0.0,0.0,0.0,0.20156645934116565,-0.053123568046433534,-0.16057352852581488,2.2592592592592586,2.0426487199475707,-0.5862068965517241,-0.5862746546640817,0.11848390653517725,0.14200623844221397,-0.17167453268427205,-0.19261176045134748,0.24260884945280814
Kirei,jng,EU CS,2,33,0.545,7,0.0,7,61.1,53.8,49.9,61.4,51.5,Copenhagen Wolves Academy|Denial eSports.Europe|Dignitas|LowLandLions.White,64.93939393939394,-59.96969696969697,-5.666666666666667,335.3930848484848,0.18272893636363635,0.12121212121212122,0.0,0.2402212121212121,0.6931441851601904,0.21421220838917474,11.757575757575758,0.0,0.0,0.0,0.1535232412480756,0.0,0.5066376048287794,0.0,1.2185435916898848,-0.6363636363636364,-0.6013200277843538,0.32587768156432473,-0.06466358072937636,-0.27446135942585553,0.34473258820262564,-0.18604584557549667
Lourlo,top,NA CS,2,20,0.3,4,0.0,6,57.8,57.1,53.5,54.8,48.2,CLG Black|Storm,239.65,112.35,-2.75,383.73055,0.21633534999999998,0.35,0.0,0.049705,0.6929714640198511,0.18126716723824568,1.65,0.0,0.0,0.0,0.3071021124553376,0.0,0.022392804163036656,0.0,1.3416407864998738,-0.7,-0.8277724091929313,0.14822425721222346,0.11333967395939258,-0.08127144031913662,-0.011076448473346781,-0.3683771925418363
Crumbz,jng,NA CS,2,30,0.667,3,0.0,10,60.3,54.6,54.9,64.1,58.8,Dignitas|Renegades,244.0,255.26666666666668,2.1,240.36265999999998,0.141732,0.16666666666666666,0.0,0.48743,0.6741828931302616,0.2536182238813818,17.866666666666667,0.0,0.0,0.0,0.18021297897515243,0.9985724482512491,0.08890959925442674,9.933333333333334,1.8257418583505538,-0.6,-0.4858481702651438,0.2816105332380777,-0.023235194877881386,-0.006523419164785937,0.49730520209518236,0.20389921148284598
IWDominate,jng,NA LCS,1,63,0.587,10,0.3,9,57.3,57.5,64.5,59.5,50.0,Team Liquid,165.6984126984127,242.5079365079365,2.8253968253968256,213.9814396825397,0.11680300158730159,0.2222222222222222,0.0,0.3279714285714285,0.7408582222128823,0.1994623712251114,11.126984126984127,0.0,0.0,0.3,0.6045766780345742,0.16887516190096638,0.08487860499401086,7.315443912812334,1.1338934190276817,-0.6507936507936508,-0.24493481948928314,0.1205033692948289,0.13035878583567875,0.5202801750311764,0.23990135642824123,-0.26817987260829856
Sneaky,bot,NA LCS,1,73,0.507,12,0.167,15,57.1,57.6,62.9,53.2,69.2,Cloud9,-8.575342465753424,6.315068493150685,1.3013698630136987,534.2606164383562,0.30051523287671233,0.9315068493150684,0.0,0.1632876712328767,0.7390207911612782,0.13268346249757204,2.684931506849315,0.0,0.0,0.16666666666666666,0.6160075480253113,0.755841957950921,-0.16253003551323722,6.6459322617936065,1.7556172079419585,-0.4383561643835616,-0.2790898198438579,0.11287432146667786,0.1367149899953039,0.42971685170402585,-0.09555930535920182,0.8333304851920678
Key,sup,KeSPA,3,25,0.6,5,0.2,10,57.4,57.3,60.9,61.3,60.8,ESC Ever|Xenics,110.44,95.96,0.28,131.40478,0.069223448,0.0,0.0,0.40015999999999996,0.6866369311802748,0.2305066739246306,0.48,0.0,0.0,0.2,0.6664208882720334,-0.35531624450174437,0.9665306615756148,3.398625429553264,2.0,-0.6,-0.406273668644843,0.12436006993981043,0.1230719769286145,0.31707848071291644,0.3387203021793799,0.30815173440368854
aphromoo,sup,NA LCS,1,60,0.617,10,0.1,10,58.3,56.0,51.1,46.0,52.8,Counter Logic Gaming,103.38333333333334,238.28333333333333,1.3833333333333333,126.19320666666667,0.07089199666666667,0.016666666666666666,0.0,0.24746666666666667,0.7451388096183936,0.2331016142245222,0.2,0.0,0.0,0.1,0.29512880670863434,0.0,-0.2768048381000378,0.0,1.2909944487358056,-0.5666666666666667,-0.5261444931812798,0.17624871348189042,0.055141233649348455,-0.2087097917156931,-0.495976107947584,-0.11747764534412701
SnowFlower,sup,OGN,3,57,0.386,13,0.077,10,60.2,53.9,56.2,65.1,50.7,Rebels Anarchy,-106.28070175438596,-176.80701754385964,0.47368421052631576,151.78110701754386,0.08533411754385965,0.03508771929824561,0.0,0.3647298245614035,0.6692807600217573,0.23440204968998013,0.24561403508771928,0.0,0.0,0.07692307692307693,0.4616144850043714,0.0,0.36509562579313415,7.847222222222221,1.3245323570650438,-0.7017543859649122,-0.3819360190669067,0.2784748062796134,-0.060500225711899176,0.06407408968541065,0.5598644077455728,-0.22920335229790853
Crazy,top,KeSPA,3,22,0.682,4,0.25,10,56.1,58.0,58.2,58.4,55.4,ESC Ever,-14.045454545454545,-505.6363636363636,-1.7727272727272727,430.7352863636363,0.2266968181818182,0.36363636363636365,0.0,0.18328181818181816,0.6761766043007248,0.2422910852477416,3.8181818181818183,0.0,0.0,0.25,0.32671346757805286,-0.6072800438997621,0.4394957983193279,4.484848484848484,2.1320071635561044,-0.6363636363636364,-0.49799211317659164,0.059657098707865196,0.1609550897267445,0.17066965365535075,0.18146160067665346,0.021311780350133036
Arcsecond,mid,NA CS,2,26,0.231,6,0.0,13,56.1,57.9,50.6,49.7,57.7,TSM Darkness|Team Confound|Winterfox,-156.76923076923077,7.846153846153846,-0.34615384615384615,560.1593615384616,0.3306982307692307,0.8461538461538461,0.0,0.14159230769230768,0.6706688572865043,0.09722279569415791,1.7307692307692308,0.0,0.0,0.0,0.25461489497135587,0.0,-0.19144385026737973,0.0,2.5495097567963927,-0.4230769230769231,-0.4371798018450391,0.0586291929643532,0.15290816933586834,-0.23391991000080095,-0.28209022466473144,0.13994540170506303
Kobbe,bot,EU CS,2,30,0.633,6,0.167,8,56.7,57.1,50.5,64.5,51.4,Gamers2|Team Dignitas EU,-92.4,-14.266666666666667,-1.1,542.4959966666667,0.287055,0.8333333333333334,0.0,0.11101,0.6733185497704555,0.12830255644461042,2.9,0.0,0.0,0.16666666666666666,0.2888888888888889,-0.6333624315530514,0.4532346803263138,3.6666666666666665,1.4605934866804429,-0.7,-0.5537697811817471,0.08841670773186408,0.11026995539554284,-0.2382442729732168,0.5225141756768577,-0.18817725200503416
MounTain,sup,EU CS,2,38,0.447,10,0.0,11,57.5,56.3,53.4,66.9,58.9,MOUZ NXT|n!faculty,-66.55263157894737,238.44736842105263,-0.47368421052631576,142.37988684210526,0.0789472,0.0,0.0,0.2572052631578947,0.7040801764048057,0.17182969289006442,0.02631578947368421,0.0,0.0,0.0,0.5399053627760253,-0.49532710280373826,0.2727272727272727,25.833333333333336,1.784435632438388,-0.6578947368421053,-0.3661154121360105,0.1321425870405801,0.06752868249991754,-0.08383121479448288,0.6739028859965603,0.20422190288843137
Link,mid,NA LCS,1,22,0.545,2,0.0,11,55.1,58.6,49.9,46.2,49.6,Counter Logic Gaming,122.81818181818181,-154.36363636363637,-4.818181818181818,521.9398818181818,0.31249654545454547,0.8636363636363636,0.0,0.20877727272727273,0.7434553982699916,0.19698707857798767,4.681818181818182,0.0,0.0,0.0,0.16977180024253116,0.0,-0.5203699743370401,0.0,2.345207879911715,-0.5,-0.6249161505263341,0.006095220914796463,0.1881706608861759,-0.27426603819444406,-0.48118039602885593,-0.29013652400881557
Rawbin IV,jng,TCL,15,28,0.5,8,0.0,8,60.4,53.2,50.2,52.8,52.2,MOUZ NXT|Team Turquality|n!faculty,221.92857142857142,185.89285714285714,2.5714285714285716,293.40001785714287,0.15206288214285715,0.07142857142857142,0.0,0.20867857142857144,0.695887792936665,0.22021113346577742,9.428571428571429,0.0,0.0,0.0,0.21336605950996856,-0.1652116979484941,-0.03867403314917122,2.5973856209150328,1.5118578920369088,-0.7142857142857143,-0.5499907048595364,0.289460440739463,-0.0951666112018601,-0.25806478808342487,-0.11464486438860745,-0.14969244067019727
B3nji,bot,NA CS,2,25,0.6,3,0.333,7,54.0,59.5,57.7,49.5,53.2,Cloud9 Tempest,-3.2,-115.6,-2.04,477.96516,0.27922396,1.56,0.0,0.221308,0.721712929667163,0.17394610703306357,5.84,0.0,0.0,0.3333333333333333,0.34462375125613287,0.0,-0.46394810009267845,0.0,1.4,-0.76,-0.4478264129573399,-0.051238038554312644,0.23979391851047355,0.14368026328094183,-0.2961082454374514,-0.09670623401577377
Athena,mid,KeSPA,3,22,0.682,4,0.25,8,58.4,54.9,56.5,53.3,46.9,ESC Ever,168.0909090909091,311.54545454545456,9.454545454545455,571.0244818181818,0.29173254545454547,0.3181818181818182,0.0,0.11314545454545454,0.6907936818786804,0.16183094940834877,3.5,0.0,0.0,0.25,0.31126482213438733,-0.6194208578271281,0.003703703703703664,3.0350877192982457,1.7056057308448833,-0.6363636363636364,-0.45546571909557326,0.17943549958969132,-0.0037997180896401344,0.08025571650025767,-0.08914291888441911,-0.4426395709663055
Knight,bot,NA CS,2,23,0.652,6,0.667,9,56.3,56.8,65.4,62.3,62.9,Team Dragon Knights,-207.0,5.173913043478261,-2.217391304347826,553.6173826086957,0.2800500869565217,1.1304347826086956,0.0,0.09603043478260868,0.7308380606247076,0.15658434372595095,2.782608695652174,0.0,0.0,0.6666666666666666,0.9358539234319847,-0.0767181081381149,0.13458171576463424,6.0,1.876629726513673,-0.5652173913043478,-0.3480018966692771,0.06992420589751926,0.09653098355680659,0.5775055755120948,0.3919403628760026,0.42833747541895595
Altec,bot,NA LCS,1,48,0.479,15,0.067,11,55.6,57.5,48.9,53.0,56.4,Gravity|Winterfox,-23.166666666666668,149.58333333333334,0.6041666666666666,503.4144729166667,0.300702875,0.6458333333333334,0.0,0.1780270833333333,0.7390937260729628,0.15866470921724543,4.166666666666667,0.0,0.0,0.06666666666666667,0.3154760495747595,-0.7911518293050449,-0.15128899095109216,6.0,1.5877132402714709,-0.625,-0.38127477817208916,0.03044712431789491,0.13365968978405124,-0.3286957545320765,-0.10634743480213996,0.07334935305347111
GBM,mid,OGN,3,78,0.526,6,0.0,19,53.7,59.3,43.2,59.4,56.1,Jin Air Green Wings,35.12820512820513,-85.2948717948718,-2.923076923076923,505.6098602564103,0.3006447564102564,0.5769230769230769,0.0,0.16146153846153846,0.7377916136911117,0.17821142136157617,3.628205128205128,0.0,0.0,0.0,0.09749638902262879,-0.4540352589519916,0.07494116189768349,9.434782608695652,2.151326364874732,-0.4358974358974359,-0.3935842694448561,-0.06635453751753424,0.22989476011580295,-0.6687053236336356,0.23201871640147906,0.05724550117424687
GodJJ,bot,LMS,15,29,0.621,4,0.0,6,55.9,57.1,52.7,49.5,48.8,Hong Kong Esports,88.0,178.82758620689654,1.6551724137931034,541.3265896551724,0.257704724137931,1.103448275862069,0.0,0.11834827586206897,0.6873640375345078,0.15861536098417658,6.724137931034483,0.0,0.0,0.0,0.3048153895163031,-0.02719566381999826,-0.45322912296512674,1.4179104477611941,1.1141720290623112,-0.7931034482758621,-0.39159490336414593,0.049865518633756364,0.11217835788301433,-0.12063379042633014,-0.2951270760805371,-0.33477393186374604
Svenskeren,jng,EU LCS,1,58,0.517,9,0.111,11,60.4,52.6,55.3,61.9,51.3,SK Gaming|TSM,47.8448275862069,-106.72413793103448,-1.1379310344827587,296.85714482758624,0.15126158448275862,0.29310344827586204,0.0,0.3063603448275862,0.7043696862887368,0.2636890731262636,16.53448275862069,0.0,0.0,0.1111111111111111,0.4667094252031031,0.20600979200571312,-0.08908701361531567,12.349382716049384,1.444370761456948,-0.5862068965517241,-0.4762179890281254,0.28956339467473763,-0.126304347946433,0.0165500014143619,0.37290651496943156,-0.19550927138875424
NasesUyno,top,TCL,15,40,0.425,12,0.167,8,55.7,57.3,56.3,63.0,46.8,Big Plays Incorporated|NumberOne Esports,-13.75,43.25,-1.2,446.10110249999997,0.233309275,0.275,0.0,0.0693875,0.6383239447389232,0.17933832495377622,1.625,0.0,0.0,0.16666666666666666,0.36672617412798686,-0.40798747063429913,0.40901683867463345,3.7,1.2649110640673518,-0.825,-0.4003937181409809,0.036387627291855046,0.12244039551051208,0.06853763108235468,0.43577919089815903,-0.44347610158781225
Hiiva,sup,EU CS,2,27,0.519,3,0.333,9,60.0,53.0,62.0,50.3,61.2,Denial eSports.Europe|Gamers2|Team Nevo,158.55555555555554,-30.40740740740741,-1.8518518518518519,167.29994814814816,0.07987774074074075,0.037037037037037035,0.0,0.3153259259259259,0.6701609295735543,0.24227434446517696,0.18518518518518517,0.0,0.0,0.3333333333333333,0.5284552845528454,0.0,-0.19688888888888884,0.0,1.7320508075688772,-0.5185185185185185,-0.33189391084806275,0.268671468203918,-0.10283073486206808,0.3755237743190387,-0.2522653463566483,0.3342646010568578
Solo,top,NA CS,2,25,0.6,3,0.333,10,56.2,56.8,65.9,49.8,53.9,Cloud9 Tempest,214.16,50.0,5.2,336.2837,0.20519104,0.28,0.0,0.114732,0.6870915761075945,0.2510574377313508,2.68,0.0,0.0,0.3333333333333333,1.0719489981785062,0.0,-0.38644688644688646,0.0,2.0,-0.6,-0.7090157442833008,0.06273750426166384,0.09412143761004846,0.6117017060632832,-0.27520755311608386,-0.05910388718741554
Diamondprox,jng,EU LCS,1,45,0.467,6,0.333,11,59.6,53.3,63.1,62.2,50.8,Gambit Gaming,92.08888888888889,126.8,1.0222222222222221,279.2659311111111,0.1469804488888889,0.13333333333333333,0.0,0.3043955555555556,0.6565859630565514,0.1973788818149971,15.622222222222222,0.0,0.0,0.3333333333333333,0.7769333179992085,-1.0,-0.15120856291921084,14.428571428571427,1.6397831834998458,-0.6,-0.6183253702421675,0.24663933849650826,-0.08816234415238043,0.44159959904043067,0.38897564596307604,-0.2227415775823714
Hauntzer,top,NA LCS,1,54,0.519,18,0.056,18,53.2,59.7,45.5,58.9,55.4,Gravity|TSM,-89.88888888888889,-129.44444444444446,-2.5,376.2317185185185,0.2159571888888889,0.35185185185185186,0.0,0.08607222222222222,0.6840283004798754,0.1876475274730804,2.574074074074074,0.0,0.0,0.05555555555555555,0.3166100722177053,-0.8722574455660298,-0.0074538453944121685,6.761111111111111,2.449489742783178,-0.5,-0.6275195335362234,-0.09230057998308293,0.2496141693541328,-0.526042574420326,0.2073774579449862,0.019909881256627106
Kwon,sup,NA CS,2,27,0.667,8,0.25,7,53.7,59.1,53.3,51.3,50.4,Final Five|Team Coast,55.96296296296296,104.44444444444444,1.8888888888888888,110.82326296296296,0.05999605555555555,0.037037037037037035,0.0,0.27654074074074075,0.7962615004821347,0.19918268356520852,0.14814814814814814,0.0,0.0,0.25,0.18788988657844988,-0.7657713928794503,-0.18919489042540713,2.4920634920634916,1.3471506281091268,-0.7037037037037037,-0.5000698819207293,-0.06670249817329539,0.21838348903797472,-0.08758514230249856,-0.19350295938274759,-0.2441559350654366
Dodo,sup,NA LCS,1,42,0.429,10,0.0,10,56.2,56.5,58.0,51.3,57.4,Team 8,-16.928571428571427,-4.571428571428571,2.4761904761904763,132.3879738095238,0.0788851380952381,0.023809523809523808,0.0,0.3019880952380952,0.7260979621881878,0.24418235519558198,0.3333333333333333,0.0,0.0,0.0,0.3343984076266303,3.5349204677130515,0.007298343593323683,0.0,1.543033499620919,-0.5714285714285714,-0.44470244750515076,0.06439120402885815,0.07971918208653077,0.16064111734023798,-0.19438120251133995,0.12665810475801734
FEBIVEN,mid,EU LCS,1,79,0.696,9,0.222,16,57.9,54.8,60.6,63.8,47.9,Fnatic,160.60759493670886,201.37974683544303,1.5696202531645569,538.1516392405064,0.27040701265822786,0.6329113924050633,0.0,0.1371113924050633,0.6304870752007887,0.15632633841109095,4.810126582278481,0.0,0.0,0.2222222222222222,0.4873266561504202,-0.02140377079104906,0.04322795605092988,7.143518518518519,1.8001406414816383,-0.4430379746835443,-0.28499106765916044,0.15214587417856593,-0.012129296319388493,0.3003007384303168,0.47920264732636186,-0.3849392938041702
Xyraz,top,TCL,15,23,0.522,4,0.0,6,56.0,56.5,52.3,53.7,55.6,Team Turquality,-31.73913043478261,85.21739130434783,-2.0,450.1190869565217,0.23943721739130436,0.30434782608695654,0.0,0.05243478260869565,0.650471465351328,0.2021336306057756,5.782608695652174,0.0,0.0,0.0,0.2916794596254222,0.1856899488926746,-0.13387248007501176,3.855882352941177,1.2510864843424487,-0.6956521739130435,-0.13685103181642866,0.05331579795011894,0.08015924673186267,-0.1449574416243722,-0.06764391799395564,0.03235389388155231
TusiN,sup,OGN,3,31,0.258,8,0.0,9,56.1,56.3,50.2,45.8,52.8,Incredible Miracle,96.25806451612904,114.54838709677419,3.806451612903226,110.20942580645162,0.06720756129032257,0.0,0.0,0.41701935483870967,0.7364983108816126,0.24459169626308538,0.0967741935483871,0.0,0.0,0.0,0.2212783930917965,0.0,-0.6566146701595618,0.0,1.6164477182409742,-0.7419354838709677,-0.46566136948132064,0.05770254228845094,0.06806212415313354,-0.25397011613430803,-0.5053000295552732,-0.11791619599372007
Ruvelius,bot,TCL,15,21,0.524,5,0.2,9,60.2,52.1,57.6,54.3,61.1,Oyun Hizmetleri,292.85714285714283,277.1904761904762,2.5238095238095237,611.0474428571429,0.30560185714285715,1.0476190476190477,0.0,0.07464285714285714,0.7249348232186963,0.2434799297518596,5.428571428571429,0.0,0.0,0.2,0.3852013057671381,-0.6541929109546745,-0.17330467400008417,4.249999999999999,1.9639610121239315,-0.5238095238095238,-0.2700335495851736,0.2779942561822248,-0.1508745585477601,0.13507114989988572,-0.037432303535483,0.32784847265113215
RF Legendary,top,NA CS,2,30,0.7,3,0.0,11,53.8,58.5,53.9,53.6,57.9,Renegades|Rock Bottom Gorillas|Team Dragon Knights,132.3,197.33333333333334,3.4,330.48456999999996,0.18373650333333333,0.2,0.0,0.11882333333333334,0.5889786151957205,0.1910063036378826,3.3,0.0,0.0,0.0,0.18777292576419216,0.2621761658031087,-0.36162591496651614,3.5161290322580645,2.008316044185609,-0.5666666666666667,-0.3949952626893022,-0.06133626599086339,0.1871913579840398,-0.06036134744654233,-0.07516568282732221,0.15520529460469518
xPeke,mid,EU LCS,1,67,0.687,5,0.2,20,61.3,51.0,54.4,44.9,62.9,Origen,239.73134328358208,195.80597014925374,4.462686567164179,588.7329776119403,0.29992082835820894,0.4626865671641791,0.0,0.17536567164179104,0.6046017271191805,0.22144187659297865,5.746268656716418,0.0,0.0,0.2,0.3571842508948355,-0.3265324147677088,-0.5036785418392709,3.6272960006450576,2.4433888871261042,-0.31343283582089554,-0.32119440586285747,0.34043555239380924,-0.2118856955598286,-0.029634854361731057,-0.5570440825081252,0.4296936014293622
Betsy,mid,EU LCS,1,37,0.486,4,0.5,14,57.5,54.7,68.5,61.0,51.6,Gambit Gaming,120.05405405405405,83.1891891891892,1.8918918918918919,595.3570351351351,0.3068960810810811,0.4864864864864865,0.0,0.12696486486486486,0.667032867768162,0.18049780482314218,4.648648648648648,0.0,0.0,0.5,0.7852464594054352,-0.31621225911123424,0.27953109611088406,3.0799999999999996,2.301585822275002,-0.43243243243243246,-0.5045568164408147,0.13435265297716134,-0.013878006146167292,0.7842725322049444,0.32201953377253023,-0.17801146377076893
Ravenno,mid,TCL,15,21,0.238,8,0.0,12,57.8,54.4,53.8,57.0,56.5,Crew e-Sports Club|Team Refuse,36.04761904761905,182.61904761904762,8.428571428571429,643.2956095238095,0.3592547619047619,0.19047619047619047,0.0,0.13776666666666668,0.6431355409063508,0.18655400059893798,3.761904761904762,0.0,0.0,0.0,0.2120983935742972,1.1235641105246819,-0.15800231049497918,4.333333333333333,2.618614682831909,-0.42857142857142855,-0.5044453549439967,0.14594473115209486,-0.03240405588996939,-0.06185114126241201,0.10494008697008524,0.08141045191561451
Chieh,sup,LMS,15,34,0.559,5,0.0,6,55.8,56.1,48.9,54.5,45.0,Taipei Assassins,107.05882352941177,65.52941176470588,3.764705882352941,136.35969411764705,0.07112215588235295,0.0,0.0,0.26685000000000003,0.7516292827461895,0.24139797515138983,0.3235294117647059,0.0,0.0,0.0,0.17129080863887491,0.0,0.06674732809034087,0.0,1.028991510855053,-0.7941176470588235,-0.5884849857579878,0.041416087407866606,0.056252389742141605,-0.32445978263359815,-0.025883070735249578,-0.5530921085030713
CaliTrlolz,top,NA LCS,1,42,0.429,10,0.0,14,53.7,58.2,54.3,50.1,62.0,Team 8,-128.83333333333334,-41.5,-4.142857142857143,390.98716428571436,0.23025293095238095,0.23809523809523808,0.0,0.14107142857142857,0.6439713673266305,0.24611206941637395,4.142857142857143,0.0,0.0,0.0,0.35923950657492976,0.8098259158051633,-0.04266370540192019,0.0,2.1602468994692865,-0.42857142857142855,-0.21206727345658613,-0.06902487980841691,0.167243789663721,-0.03847159851988477,-0.2618432030514221,0.37772474879731593
Kubon,top,EU CS,2,33,0.364,11,0.273,9,54.5,57.4,60.2,50.8,50.3,Reason Gaming|Team AURORA|Team Overclockers UK,-133.4848484848485,-167.33333333333334,-1.2121212121212122,403.10445151515154,0.22217230303030305,0.3939393939393939,0.0,0.05101515151515151,0.6522965742287443,0.16381737470157162,0.9393939393939394,0.0,0.0,0.2727272727272727,0.6144517433046993,-0.29531218427965245,-0.46686612883118733,2.504492753623189,1.5666989036012806,-0.6666666666666666,-0.6180432584560807,-0.028295227754354738,0.1291714465544783,0.27473359247124457,-0.2249983524015557,-0.2526467552659869
Hai,jng,LCS,1,30,0.533,3,0.333,11,59.5,52.4,66.3,53.1,62.2,Cloud9,-56.766666666666666,125.13333333333334,1.8333333333333333,303.2059566666667,0.16010089666666666,0.13333333333333333,0.0,0.37868666666666667,0.6659513047550806,0.25778430901572424,12.1,0.0,0.0,0.3333333333333333,0.7344868918462059,0.9681349578256796,-0.11314651320727745,2.7820504337709444,2.008316044185609,-0.5666666666666667,-0.17936066489046298,0.23655986093355683,-0.13467793055040264,0.6350165747798466,-0.10173115552646786,0.3877137790096521
Wolf,sup,OGN,3,107,0.794,10,0.3,12,50.6,61.2,64.3,62.6,49.4,SK Telecom T1,124.29906542056075,-136.62616822429908,-0.7476635514018691,122.62576355140187,0.06135886074766356,0.009345794392523364,0.0,0.3915682242990654,0.6881747996811769,0.18866683989461688,0.32710280373831774,0.0,0.0,0.3,0.328996926717359,-0.19417969527431944,0.35372912881338203,5.152127088979223,1.1600837868547962,-0.6728971962616822,-0.32185145183941843,-0.2348882178887087,0.3320674577740347,0.5104972849695016,0.40987101338507004,-0.3008979101192438
Morsu,top,EU CS,2,28,0.464,10,0.0,11,59.8,52.0,51.6,46.7,55.1,Copenhagen Wolves Academy|Ex Nihilo|LowLandLions.White,206.35714285714286,302.67857142857144,7.142857142857143,354.62716785714287,0.2010794642857143,0.4642857142857143,0.0,0.033357142857142856,0.4915955131720812,0.20636608341753143,3.642857142857143,0.0,0.0,0.0,0.14476563593115996,0.0,-0.614874076200043,0.0,2.0788046015507495,-0.6071428571428571,-0.6268021701584703,0.2569357895010028,-0.15706528657168142,-0.18056837731693906,-0.45298925061752365,0.004192399856374721
Vizicsacsi,top,EU LCS,1,66,0.439,18,0.056,17,53.0,58.8,49.8,55.9,56.4,Unicorns of Love,-110.95454545454545,-170.78787878787878,3.0454545454545454,403.0029257575758,0.21107180606060605,0.18181818181818182,0.0,0.10603787878787879,0.6927863959551052,0.22443355016805222,1.8636363636363635,0.0,0.0,0.05555555555555555,0.2671803856960631,0.10535298184518456,0.05347932902721963,3.6963967611336033,2.0925553466486564,-0.5,-0.35230455083301926,-0.10473304192100943,0.20244359115803293,-0.27672275616490666,0.04620125538665043,0.07351705518965854
Roar,bot,OGN,3,36,0.361,6,0.0,7,59.3,52.5,50.1,41.3,48.1,Incredible Miracle,123.88888888888889,56.111111111111114,4.888888888888889,534.1243694444444,0.2934011111111111,0.6944444444444444,0.0,0.20629722222222224,0.6776283619678872,0.18344532365961763,3.361111111111111,0.0,0.0,0.0,0.26242820360467417,0.0,-0.6318228630278064,0.14814814814814814,1.1666666666666667,-0.6944444444444444,-0.576156458742546,0.23094447935392873,-0.1335722109777242,-0.2600628623070945,-0.8006427138443444,-0.3716597847141004
Jensen,mid,NA LCS,1,43,0.465,7,0.286,15,56.9,54.9,68.2,62.5,52.1,Cloud9,18.11627906976744,139.8372093023256,7.837209302325581,554.7626441860465,0.29992111627906975,0.5348837209302325,0.0,0.14852325581395348,0.6698597582639224,0.17045784666606822,2.9767441860465116,0.0,0.0,0.2857142857142857,0.5309658171884547,1.235671117357695,0.2661353300565023,4.14277983920841,2.28747855498907,-0.5116279069767442,-0.35964693752701943,0.09834224044515164,-0.0026772696034948786,0.7603393583679374,0.40558608766903465,-0.15344167102867834
Freeze,bot,EU LCS,1,39,0.308,13,0.077,10,57.5,54.2,53.2,47.8,54.7,Copenhagen Wolves,126.8974358974359,189.84615384615384,7.128205128205129,481.01489487179487,0.276247,0.7692307692307693,0.0,0.12687948717948716,0.678978797458033,0.11285432800376835,3.717948717948718,0.0,0.0,0.07692307692307693,0.40561622464898595,0.0,-0.14148148148148137,0.0,1.6012815380508714,-0.5897435897435898,-0.5451206288520001,0.12971321848022915,-0.04107209609791303,-0.09376666616123497,-0.38586647536869223,-0.017992732620198713
LongB,top,TCL,15,22,0.409,3,0.0,12,59.1,52.6,49.5,54.7,60.5,Team Turquality,25.818181818181817,217.54545454545453,-0.5454545454545454,475.6787,0.25309927272727273,0.3181818181818182,0.0,0.08327727272727273,0.5477437803443542,0.2046419682566876,0.5454545454545454,0.0,0.0,0.0,0.17891058472044388,-0.5697702735611656,-0.35543325227185457,8.930555555555554,2.5584085962673253,-0.45454545454545453,-0.4464627426726014,0.21524914211642546,-0.12695976127140696,-0.29274642845313137,-0.017006383246518597,0.2919191773416524
Morning,top,LMS,15,38,0.447,6,0.0,7,56.8,54.8,52.1,45.9,46.2,Taipei Assassins,210.55263157894737,145.94736842105263,8.31578947368421,380.4065105263158,0.1985855894736842,0.21052631578947367,0.0,0.07976842105263159,0.5818364829163637,0.18917942612500213,2.026315789473684,0.0,0.0,0.0,0.3679740433247447,0.0,-0.3315460232350313,0.0,1.135549947915338,-0.6578947368421053,-0.5458350348626795,0.09320965704520982,-0.012141549103943185,-0.1525790744861325,-0.4965264207432128,-0.4814594871728771
Big,sup,NA CS,2,24,0.417,3,0.333,8,56.0,55.5,56.3,54.7,53.2,Frank Fang Gaming|Storm|Team Dragon Knights|Team Imagine,81.75,74.25,0.041666666666666664,112.60350416666667,0.06715155416666667,0.125,0.0,0.3021333333333333,0.6994761995770061,0.2065285350384988,0.125,0.0,0.0,0.3333333333333333,0.40770609318996415,-0.9805084745762712,0.26998974884674526,0.0,1.6329931618554523,-0.6666666666666666,-0.5852958674515947,0.054462331740695355,0.02722311992409874,0.06982117019063067,-0.017272177911341627,-0.09356896393953532
Apollo,bot,NA LCS,1,68,0.544,8,0.25,11,57.9,53.6,60.2,54.0,49.5,Dignitas|Team Impulse,184.60294117647058,149.73529411764707,2.0588235294117645,513.2193411764706,0.2762393235294118,0.6764705882352942,0.0,0.1645705882352941,0.6924456389118451,0.16205379761290833,3.264705882352941,0.0,0.0,0.25,0.5875102711585868,-0.7337681763304379,0.1614901960784313,2.6210093167701864,1.3339459376998313,-0.6911764705882353,-0.362148000692924,0.153923773588109,-0.07197933423242421,0.27655301186450043,-0.0506747941319486,-0.2913226654438542
Mithy,sup,EU LCS,1,72,0.708,5,0.2,13,59.2,52.2,57.7,51.9,62.7,Origen,165.84722222222223,15.958333333333334,-0.8611111111111112,147.3460625,0.07420476250000001,0.027777777777777776,0.0,0.21823055555555557,0.6768763121050791,0.2274113254521536,0.3194444444444444,0.0,0.0,0.2,0.4203814871052414,-0.1171493824915472,-0.3132375305599938,5.136623376623377,1.5320646925708532,-0.5277777777777778,-0.30050743783431105,0.22212832146075456,-0.14902069072849572,0.14430359977907598,-0.16193332695761908,0.41949435487831455
Adrian,sup,NA LCS,1,64,0.547,8,0.25,11,54.8,56.5,62.1,60.0,54.1,Team Impulse,171.859375,229.8125,0.25,111.4450484375,0.060742353125,0.0,0.0,0.267625,0.725696124324831,0.2225073746731803,0.234375,0.0,0.0,0.25,0.5959658398284394,-0.5252849844138436,0.24874763840384737,3.551608034366655,1.375,-0.625,-0.3787959173664254,-0.009210598239518981,0.08045632924126866,0.3845206624881333,0.26554142668392705,-0.04883103736742183
fabFabulous,top,TCL,15,40,0.625,7,0.0,14,56.9,54.3,46.3,58.7,62.8,HWA Gaming,99.425,-126.175,-1.925,446.11409999999995,0.21408705,0.475,0.0,0.06069,0.6319111746912137,0.20915136787471308,1.625,0.0,0.0,0.0,0.11494209313606596,-0.5513302232979388,0.2708687516706764,1.861855158730159,2.2135943621178655,-0.5,-0.30240240853079137,0.097852376634848,-0.03741324589209589,-0.47735457496921463,0.19376561555527538,0.42261633354159245
Frozen,mid,OGN,3,84,0.333,19,0.0,22,53.7,57.4,58.0,43.4,63.3,Incredible Miracle,-75.64285714285714,-104.22619047619048,-0.21428571428571427,536.6593654761905,0.30292926190476194,0.5476190476190477,0.0,0.1581202380952381,0.7092198538057031,0.167130539801186,3.0357142857142856,0.0,0.0,0.0,0.4154524680552207,1.5056030736861363,-0.20748109828889763,1.6706349206349207,2.400396792595916,-0.36904761904761907,-0.3773413479635061,-0.06629870653912265,0.1253053147434666,0.159320776269609,-0.6539617473864366,0.4529155878034959
SwordArt,sup,LMS,15,61,0.656,9,0.111,11,50.5,60.6,53.4,65.1,58.1,Flash Wolves,-14.754098360655737,36.21311475409836,-4.032786885245901,138.40009836065576,0.07276603606557377,0.0,0.0,0.28009344262295083,0.7541337189800704,0.18158060252071234,0.4262295081967213,0.0,0.0,0.1111111111111111,0.4034662837466156,-0.9183217423869613,-0.13020541760147059,11.46103896103896,1.4084056792618558,-0.6557377049180327,-0.38965014033399964,-0.23658080919536723,0.29723490642644806,-0.08226453052292534,0.56097569570439,0.1622996246128419
LOFS,top,LMS,15,43,0.419,13,0.0,12,49.9,61.0,51.8,67.4,52.5,Midnight Sun Esports,-88.09302325581395,-21.74418604651163,1.6046511627906976,372.6892069767442,0.21058153488372094,0.27906976744186046,0.0,0.0674860465116279,0.701011133765597,0.17517148633456417,2.511627906976744,0.0,0.0,0.0,0.2629751719669976,0.629922569438028,0.2966760112134561,9.909090909090908,1.829982843991256,-0.627906976744186,-0.4971286058900266,-0.27425993701413603,0.3196496255402069,-0.16972394562166687,0.7046877603846451,-0.13256019844061662
Decagon Moon,jng,TCL,15,27,0.407,8,0.25,9,55.1,55.8,58.5,54.4,57.4,NumberOne Esports,-148.2962962962963,-114.55555555555556,0.3333333333333333,265.72395555555556,0.14314382592592592,0.18518518518518517,0.0,0.2209925925925926,0.7234107296838809,0.19418408817649255,7.444444444444445,0.0,0.0,0.25,0.36581678196831063,0.33192389006342493,0.05631141345427051,4.267326732673267,1.7320508075688772,-0.6666666666666666,-0.3931216036707868,0.00285933433594441,0.03996990198894602,0.18323081111887793,-0.03187249955295893,0.1274862182634251
Theokoles,jng,TCL,15,37,0.676,10,0.2,9,58.0,52.8,56.1,48.4,52.5,Beşiktaş Esports|Big Plays Incorporated,77.8108108108108,206.86486486486487,-0.35135135135135137,262.3738810810811,0.1325834972972973,0.1891891891891892,0.0,0.1868675675675676,0.6762100653200496,0.20798196260043122,12.297297297297296,0.0,0.0,0.2,0.30388262137152994,0.0,-0.5359483547271221,0.0,1.4795908857482156,-0.6756756756756757,-0.5587307147180907,0.1564964650815784,-0.11641305691707281,0.05565414526672903,-0.35619258149044275,-0.1326848459529495
Wickd,top,EU CS,2,34,0.559,4,0.0,9,56.1,54.6,52.5,54.7,53.7,Denial eSports.Europe|Elements,131.08823529411765,439.8235294117647,3.7058823529411766,350.3020647058824,0.18959428823529412,0.08823529411764706,0.0,0.07010294117647059,0.5816786122930268,0.2038972329413506,1.8529411764705883,0.0,0.0,0.0,0.2721943459774742,0.0,0.023518719489513822,0.0,1.5434872662825794,-0.6176470588235294,-0.3857331823978588,0.06051770309263673,-0.022214566341156712,-0.13280042381177726,-0.0146223538495414,-0.06647327478905268
Pilot,bot,OGN,3,65,0.477,7,0.143,11,51.4,59.2,51.8,59.5,66.0,Jin Air Green Wings,23.907692307692308,-167.63076923076923,-2.6,490.5341323076923,0.30267466153846156,0.6153846153846154,0.0,0.18849538461538462,0.7437099494486403,0.1517643310355861,4.615384615384615,0.0,0.0,0.14285714285714285,0.18499244586201108,-0.4304461942257217,-0.016835016835016786,8.47953216374269,1.3643820804812932,-0.5384615384615384,-0.16676508607747056,-0.1885267120013463,0.2221685456213676,-0.16685022614785414,0.24094630858722094,0.6156064822325953
fredy122,top,EU LCS,1,54,0.519,7,0.143,16,60.6,50.0,51.8,65.8,55.8,SK Gaming,79.12962962962963,135.42592592592592,5.611111111111111,420.2752018518518,0.2150207425925926,0.2222222222222222,0.0,0.05591666666666666,0.5841259178058782,0.22097040779725882,2.4444444444444446,0.0,0.0,0.14285714285714285,0.2270912505254218,-0.028625523582275336,0.09230854100069405,11.261538461538462,2.1773242158072694,-0.5,-0.42943754140393875,0.2976024628314042,-0.26580711257283063,-0.16984386238698726,0.6049868278631483,0.04241229098960917
Nardeus,bot,TCL,15,41,0.756,9,0.333,7,58.6,52.0,67.5,61.0,47.9,Beşiktaş Esports,205.0,81.7560975609756,11.390243902439025,565.423312195122,0.26979587804878047,1.024390243902439,0.0,0.0861,0.6881021956649416,0.19391009460061526,3.024390243902439,0.0,0.0,0.3333333333333333,0.6801651012382591,-0.9125085440874914,-0.19681023025252337,14.000000000000002,1.0932163332202425,-0.6585365853658537,-0.48537761240706667,0.19219602123335502,-0.15785855266122534,0.7142336098475011,0.3214602086628303,-0.3853516203126405
Hard,jng,NA CS,2,25,0.6,3,0.333,8,53.1,57.5,58.5,47.9,55.8,Cloud9 Tempest,104.84,-27.24,-2.76,200.71020000000001,0.122106484,0.12,0.0,0.403536,0.7526195787008144,0.2179428132254219,13.48,0.0,0.0,0.3333333333333333,0.31070195627157654,0.0,-0.6294709509899383,0.0,1.6,-0.76,-0.3131167933849392,-0.10226649173316991,0.12978528032506784,0.18331926091504544,-0.3821071913932564,0.04034654313146439
Apple,top,OGN,3,28,0.321,4,0.0,9,54.9,55.7,53.6,45.0,50.2,Incredible Miracle,-67.0,-62.214285714285715,-4.607142857142857,400.9189142857143,0.2121586785714286,0.32142857142857145,0.0,0.09125000000000001,0.625771391859406,0.19549568810407583,2.142857142857143,0.0,0.0,0.0,0.39317097665076567,0.0,-0.5770326906957252,0.0,1.7008401285415224,-0.6428571428571429,-0.6330928572211549,-0.00639255653560831,0.03506977704388662,-0.0738412083185063,-0.5540315994011981,-0.2577178021288469
Mickey,mid,OGN,3,57,0.386,13,0.077,14,57.1,53.5,52.9,68.0,46.4,Rebels Anarchy,68.71929824561404,-65.6140350877193,-0.3508771929824561,558.703250877193,0.3155776140350877,0.543859649122807,0.0,0.19511052631578946,0.7052339281217398,0.22151026716696343,3.4035087719298245,0.0,0.0,0.07692307692307693,0.2981126232300467,0.0,0.12076164103255288,22.106060606060606,1.8543452998910612,-0.47368421052631576,-0.5173138406092239,0.10913812695672019,-0.0800116389624576,-0.11111958182946154,0.7475945798905557,-0.46677793628357306
Shook,jng,EU LCS,1,28,0.321,8,0.0,11,54.4,56.1,51.5,49.1,57.3,Copenhagen Wolves|Elements,81.39285714285714,125.42857142857143,2.7857142857142856,204.62850714285713,0.14091533214285715,0.0,0.0,0.2395607142857143,0.7496244824443554,0.18647024358960448,12.464285714285714,0.0,0.0,0.0,0.4302703501255725,0.0,-0.3600661430343118,0.0,2.0788046015507495,-0.6071428571428571,-0.48427935632623387,-0.030314099533553088,0.05967888973211753,-0.18298791810556875,-0.3138256626151239,0.12035342066518609
PowerOfEvil,mid,EU LCS,1,69,0.493,16,0.062,15,54.5,56.0,50.9,61.0,41.2,Origen|Unicorns of Love,-108.18840579710145,-74.59420289855072,-1.434782608695652,622.7856782608695,0.315110884057971,0.5942028985507246,0.0,0.1088695652173913,0.6775536910977341,0.15296215246598868,4.086956521739131,0.0,0.0,0.0625,0.3172034269091597,-0.020873852896863578,-0.023694947946289607,6.620965085638999,1.805787796286538,-0.5507246376811594,-0.41782051923644264,-0.028767310828054428,0.05349452145837595,-0.2192954978265481,0.32292125462906657,-0.801459604239942
ptt,mid,EU LCS,1,48,0.354,19,0.105,17,55.8,54.6,59.2,57.8,56.5,Giants Gaming,-77.91666666666667,-94.16666666666667,4.020833333333333,637.6832479166667,0.3310225,0.4375,0.0,0.14235416666666667,0.6261590518495961,0.15575006687284162,4.5625,0.0,0.0,0.10526315789473684,0.6938617179741807,-0.14651258770119693,0.12160302717578256,2.4814814814814814,2.4537386440559095,-0.375,-0.4578811452395566,0.04314178831274422,-0.019897354687128166,0.22487143962310996,0.14696973688705464,0.081425848801039
Cop,bot,NA LCS,1,22,0.5,8,0.125,6,52.6,57.8,53.1,65.3,49.3,Gravity,-155.04545454545453,-282.04545454545456,-2.9545454545454546,539.0271181818182,0.3085821818181818,1.0,0.0,0.15391818181818182,0.744661553265198,0.10949165537954032,4.681818181818182,0.0,0.0,0.125,0.41130604288499023,-0.880952380952381,0.6781400966183575,12.255813953488373,1.2792042981336627,-0.7727272727272727,-0.3778035558279182,-0.127312916182798,0.1495624015220487,-0.09951570531210077,0.5715237898047634,-0.30224948247271255
Porpoise,jng,NA LCS,1,42,0.429,10,0.0,9,50.8,59.6,57.2,49.0,47.3,Team 8,-36.785714285714285,-161.0,-1.0476190476190477,215.93491428571429,0.1280171761904762,0.09523809523809523,0.0,0.3101904761904762,0.7792622095253675,0.17310319776735977,10.285714285714286,0.0,0.0,0.0,0.35223260643821397,2.1888232752412504,-0.2405360921702328,0.0,1.3887301496588271,-0.6428571428571429,-0.6121923293851197,-0.22383708032204927,0.24347018400507414,0.11696911957543249,-0.3234745700298461,-0.4183167131591222
Lustboy,sup,NA LCS,1,74,0.608,9,0.222,13,51.1,59.2,57.0,43.7,55.6,TSM,16.256756756756758,111.64864864864865,-3.364864864864865,119.88271891891893,0.0658312945945946,0.013513513513513514,0.0,0.28788108108108107,0.7531080946676921,0.21801674882981367,0.22972972972972974,0.0,0.0,0.2222222222222222,0.3043742749625103,0.15292411507043918,-0.4758043354974142,1.3058729887998182,1.5112193036696506,-0.5945945945945946,-0.48360912517924015,-0.20483524215256393,0.22230471967597712,0.10677338463987618,-0.6373660464601267,0.03288676664630144
RD,bot,LMS,15,25,0.32,8,0.0,12,55.4,54.9,55.7,51.1,61.3,Logitech G Snipers,-144.72,-100.48,-2.76,569.208224,0.31722056,1.32,0.0,0.140072,0.7178859843622359,0.1966451153137854,3.24,0.0,0.0,0.0,0.4855526456672406,0.0,-0.2467385885562259,0.0,2.4,-0.56,-0.4233074600539023,0.01971245508246474,-0.004414126868695567,0.036383779655226337,-0.20755320678546335,0.33950038361926854
Westdoor,mid,LMS,15,71,0.732,8,0.25,12,55.9,54.2,64.8,48.5,44.2,ahq eSports Club,136.19718309859155,182.85915492957747,-5.563380281690141,562.1694492957746,0.27288964788732395,0.971830985915493,0.0,0.14843239436619718,0.6358344476953196,0.1803975782966757,3.492957746478873,0.0,0.0,0.25,0.2955062433452716,1.71352887970022,-0.2859882536257941,2.2644411102775694,1.4241379898326239,-0.49295774647887325,-0.394146974284814,0.048250413887572154,-0.042601412297539804,0.5387376049815883,-0.3470301589216187,-0.6017655179168797
Stomaged,jng,TCL,15,42,0.643,7,0.0,9,57.1,53.0,48.7,51.1,51.1,HWA Gaming,203.85714285714286,12.857142857142858,-3.4285714285714284,277.1732976190476,0.13302019285714287,0.14285714285714285,0.0,0.2114,0.6836367791793883,0.21294000688187828,10.785714285714286,0.0,0.0,0.0,0.1474967107541029,0.05351754226504266,-0.34332516157789167,2.6626139817629175,1.3887301496588271,-0.6666666666666666,-0.5924282593806648,0.11158055214004042,-0.10716861108452026,-0.33954909500589403,-0.20746892383730553,-0.2075304943489929
Uthenera,sup,TCL,15,28,0.607,6,0.0,7,57.3,52.8,51.6,61.0,51.5,Big Plays Incorporated|HWA Gaming,208.03571428571428,218.5,-4.142857142857143,153.8702,0.07536869285714286,0.0,0.0,0.25146071428571426,0.6220677628134849,0.1982295344319742,0.42857142857142855,0.0,0.0,0.0,0.3234691978410571,-0.2918886915334517,0.04254873192202901,7.151455427531837,1.3228756555322951,-0.8214285714285714,-0.4468463208699193,0.12173524123090458,-0.11392372368866863,-0.17963212554668548,0.31892429162766905,-0.18262094015037975
PawN,mid,MSI,1,22,0.636,3,0.333,12,54.6,55.5,58.9,57.4,62.5,EDward Gaming,86.86363636363636,23.727272727272727,-3.5,546.688990909091,0.26615272727272726,0.7272727272727273,0.0,0.17141363636363638,0.6777554627407999,0.17753069942623473,3.090909090909091,0.0,0.0,0.3333333333333333,0.380599241358735,0.009162129863231993,0.1608027104508732,2.6324786324786325,2.5584085962673253,-0.45454545454545453,0.0,-0.019961988722785554,0.027912490246042802,0.20553684498503555,0.12856839964075573,0.4060282191016912
Stitch,bot,LMS,15,23,0.391,6,0.0,6,50.5,59.5,50.9,54.1,55.2,Midnight Sun Esports|Xenics,-187.30434782608697,-231.08695652173913,-2.9130434782608696,505.98852608695654,0.2796986956521739,0.782608695652174,0.0,0.1765782608695652,0.7718431603608964,0.17668479181637076,5.739130434782608,0.0,0.0,0.0,0.26303219106957426,-0.8102357676825762,-0.2612398112398114,5.53858024691358,1.2510864843424487,-0.7391304347826086,-0.17875986553994627,-0.23936913302530996,0.23918763778370017,-0.21765089290645712,-0.044955332252173574,0.008663081085442448
Kold,jng,NA LCS,1,40,0.525,9,0.0,12,52.2,57.5,49.1,47.3,57.0,Enemy,-82.475,-50.425,-2.4,241.5266025,0.12490345,0.125,0.0,0.22962,0.7321572668147998,0.13541292548990422,11.975,0.0,0.0,0.0,0.30309040611221677,0.18125000000000008,-0.5799294934662178,2.2613636363636367,1.8973665961010275,-0.6,-0.43385469233678425,-0.14999698373584916,0.13324910735953882,-0.314306793813545,-0.41462240115836074,0.10557086643197044
Ignar,sup,OGN,3,53,0.377,11,0.0,8,51.4,58.3,56.0,51.6,45.9,Incredible Miracle,-66.75471698113208,-51.0377358490566,-0.3584905660377358,122.21810754716981,0.06725357735849057,0.018867924528301886,0.0,0.3472358490566038,0.7425797669214912,0.21703950219295726,0.2830188679245283,0.0,0.0,0.0,0.26376045794804054,2.6686229015968332,-0.10078897998717465,2.205309734513274,1.0988845115895123,-0.660377358490566,-0.4947167712255556,-0.19277365539646205,0.17481659781336376,0.052370013669542054,-0.17965140565620505,-0.5018331678744214
Piccaboo,sup,OGN,3,61,0.639,8,0.125,10,55.4,54.2,54.6,54.2,51.6,KT Rolster|SK Telecom T1,107.78688524590164,43.01639344262295,1.1639344262295082,117.91119344262296,0.06822102786885245,0.0,0.0,0.3401344262295082,0.7084542661232043,0.264122454624483,0.4098360655737705,0.0,0.0,0.125,0.30329791166143044,-0.25037946993258836,-0.2111595734905909,4.677777777777777,1.2803687993289599,-0.639344262295082,-0.3888022322552306,0.022784049316500334,-0.03967173177313674,-0.020502906318800362,-0.04127751449510142,-0.18213506366831056
jer0m,top,TCL,15,33,0.364,13,0.154,13,57.6,52.0,59.5,46.7,57.3,ATLAS eSports Team,38.03030303030303,37.06060606060606,5.878787878787879,452.5226060606061,0.2392570909090909,0.21212121212121213,0.0,0.05955757575757576,0.556392561389055,0.19727626769731418,1.6363636363636365,0.0,0.0,0.15384615384615385,0.5328676786983019,0.0,-0.32405919950781015,0.0,2.263009527424072,-0.5757575757575758,-0.4707327910161791,0.13514366105000541,-0.1605090007139714,0.23709121848429013,-0.4521545303935454,0.1205897289476711
CoreJJ,bot,NA LCS,1,44,0.432,13,0.077,10,54.1,55.5,52.6,62.5,54.9,Dignitas,-169.0909090909091,236.6818181818182,-1.1363636363636365,492.8668340909091,0.30818263636363635,0.5227272727272727,0.0,0.17300909090909092,0.7081911737669196,0.1621573487610991,4.0227272727272725,0.0,0.0,0.07692307692307693,0.3179109388710149,0.37633127280852,0.5970230531856964,4.833333333333333,1.507556722888818,-0.6136363636363636,-0.413166031331362,-0.04758974018851651,0.025026870866745512,-0.12453115623519811,0.40712668818825837,-0.004626336459135981
Gamsu,top,NA LCS,1,47,0.426,13,0.077,17,49.1,60.3,54.6,57.3,61.1,Dignitas|Fnatic,-74.91489361702128,-190.2340425531915,-4.361702127659575,329.3010680851064,0.20591512765957445,0.23404255319148937,0.0,0.14191063829787234,0.6435309227681272,0.18837163511674412,2.25531914893617,0.0,0.0,0.07692307692307693,0.6664352494677405,-0.447310243183493,0.25088276836158174,2.6666666666666665,2.4797048554642074,-0.44680851063829785,-0.45709830953004,-0.31543570490662853,0.2849144949787891,-0.019054959284420497,0.12378244968618002,0.32691201190167857
CozQ,mid,EU CS,2,42,0.595,7,0.0,12,58.2,50.9,49.7,58.5,48.9,Copenhagen Wolves Academy|Denial eSports.Europe|LowLandLions.White,284.0,251.3095238095238,8.476190476190476,522.6475166666667,0.2761215,0.5,0.0,0.06257142857142857,0.6027166396809417,0.1976207987265313,4.714285714285714,0.0,0.0,0.0,0.2877155172413793,0.0,0.6031830238726791,0.0,1.8516401995451028,-0.5952380952380952,-0.36576549466034847,0.17087911189341853,-0.2157373859373138,-0.2844187431143274,0.18385812979517333,-0.32825810582971815
Wunder,top,EU CS,2,31,0.613,6,0.167,14,55.3,53.8,50.7,60.1,62.7,SK Gaming Prime|Team Dignitas EU,51.74193548387097,-260.3225806451613,-1.7096774193548387,423.63740322580645,0.21869729032258065,0.22580645161290322,0.0,0.06638064516129032,0.6599889158007007,0.250254380449066,1.967741935483871,0.0,0.0,0.16666666666666666,0.3163337787890827,-0.8001463381432072,0.095638286255096,3.75,2.5144742283748487,-0.3870967741935484,-0.587538048154242,0.01813173004541002,-0.06085959025016246,-0.22835857588678854,0.27307095278164745,0.4148655198882221
Zonda,jng,LMS,15,20,0.3,6,0.0,6,50.6,58.5,53.7,50.7,55.0,Assassin Sniper,-226.25,-68.1,-0.45,197.555795,0.12232543,0.1,0.0,0.306155,0.7494966417963376,0.18790625370501532,11.5,0.0,0.0,0.0,0.44871794871794873,0.0,-0.44100580270793044,0.0,1.3416407864998738,-0.8,0.0,-0.23181076955774552,0.18791430635445275,-0.07106367032898218,-0.22970333462071146,0.0003272591576927719
Shy,top,OGN,3,100,0.58,14,0.071,18,53.3,55.6,49.0,59.2,59.2,CJ Entus,-24.92,67.41,0.38,376.38572,0.193345931,0.31,0.0,0.078998,0.6173052349818507,0.1941188730853619,2.71,0.0,0.0,0.07142857142857142,0.16934105560129215,-0.3200903848099558,-0.04934065846188271,7.507936507936509,1.8,-0.48,-0.3868578103984871,-0.09134568794455583,0.029083703972814786,-0.3192076974074429,0.22527750882687353,0.22109370643371976
Crazycaps,bot,EU CS,2,20,0.3,6,0.0,8,52.8,56.1,53.3,48.3,56.3,Caseking Gaming|Ex Nihilo|SK Gaming Prime|Team Dignitas EU,-109.6,-69.7,-9.5,527.67908,0.26172685,0.95,0.0,0.1345,0.6726253185220576,0.1636730203415349,5.1,0.0,0.0,0.0,0.32956685499058386,0.0,-0.6681318681318681,0.0,1.7888543819998317,-0.55,-0.5861504262912441,-0.11804386028946597,0.057827212548291144,-0.08843852833813987,-0.35999449043661064,0.0671124519861562
Libik,sup,EU CS,2,30,0.333,10,0.3,8,51.6,57.1,58.7,49.9,51.4,Reason Gaming|Team Overclockers UK,-72.03333333333333,-261.1333333333333,3.033333333333333,135.84590666666665,0.07779987666666667,0.0,0.0,0.2718833333333333,0.6910271944830768,0.18610156358804095,0.26666666666666666,0.0,0.0,0.3,0.5492432362903572,-0.7242597120347732,-0.23990526939017162,0.8109756097560976,1.4605934866804429,-0.6333333333333333,-0.6117279579080632,-0.17805864138888305,0.10982858618002889,0.19724321909309955,-0.2729842376046931,-0.19169276421523296
Chunx,sup,LMS,15,43,0.419,13,0.0,10,53.5,55.1,49.2,57.4,59.7,Midnight Sun Esports,-132.86046511627907,-51.41860465116279,-1.186046511627907,160.50162093023255,0.08937616744186047,0.0,0.0,0.3183186046511628,0.7465999950999654,0.2666030752849419,0.13953488372093023,0.0,0.0,0.0,0.2981674029075313,-0.4995350303412404,0.05104338978209916,2.688888888888889,1.5249857033260468,-0.5581395348837209,-0.46477748047793177,-0.0810578569049756,0.0071054306972187925,-0.3094247984916424,0.12638543085927423,0.2487324407875
Hybrid,sup,EU CS,2,37,0.595,6,0.0,6,55.5,52.9,50.1,51.3,44.0,Copenhagen Wolves Academy|Gamers2|LowLandLions.White,2.054054054054054,-14.135135135135135,4.027027027027027,133.72974054054055,0.07439688918918919,0.0,0.0,0.29685675675675677,0.6593644737621807,0.22313096250461373,0.16216216216216217,0.0,0.0,0.0,0.17016126282772492,-0.19333954837373113,-0.04943672412533026,0.7214912280701754,0.9863939238321437,-0.7837837837837838,-0.4500909428149918,0.025332677382671025,-0.11211260515488773,-0.2593323118180365,-0.19562087081661206,-0.6142957735751833
Xmithie,jng,NA LCS,1,60,0.617,10,0.1,14,50.2,58.2,51.1,49.8,60.2,Counter Logic Gaming,58.733333333333334,-145.86666666666667,2.4,204.49267,0.11157596333333333,0.08333333333333333,0.0,0.36292833333333335,0.6900779710877233,0.18104289911034874,18.316666666666666,0.0,0.0,0.1,0.3347928595486696,0.0,-0.09097118062995496,0.0,1.8073922282301278,-0.5166666666666667,-0.38661382296848174,-0.2580885992573893,0.16967196282753533,-0.20683908786578387,-0.27697047204596636,0.2755628728941233
Space,bot,OGN,3,108,0.565,15,0.067,11,59.6,48.7,47.9,49.3,47.2,CJ Entus,-15.222222222222221,122.45370370370371,-1.2592592592592593,568.6123472222222,0.29475938888888886,0.6388888888888888,0.0,0.15644907407407407,0.6880301564110705,0.18643052784031305,3.3055555555555554,0.0,0.0,0.06666666666666667,0.22611003823572753,-0.5215061240586248,-0.32499208803742596,7.388888888888888,1.058475493514314,-0.6018518518518519,-0.4596525735736773,0.24547229763814382,-0.3397919592713264,-0.38483795623625205,-0.3038545508842013,-0.420380046397491
Mash,bot,NA LCS,1,39,0.436,12,0.083,11,45.7,62.6,50.9,65.6,55.0,Team Coast,-154.84615384615384,-56.07692307692308,-6.410256410256411,427.13790000000006,0.25260948717948717,0.717948717948718,0.0,0.24438974358974358,0.7145719774268928,0.09992229386430387,6.205128205128205,0.0,0.0,0.08333333333333333,0.36770825452069306,-0.7190862877137386,0.8036569274269559,6.058823529411765,1.7614096918559585,-0.5897435897435898,-0.6519644075483302,-0.509595619874123,0.40944397362413804,-0.21653415657564973,0.591002080692323,-0.0006523330447980764
Fury,bot,OGN,3,81,0.321,22,0.227,13,51.7,56.5,67.8,60.4,58.9,Samsung Galaxy,-134.7037037037037,45.641975308641975,-0.9012345679012346,517.9555283950617,0.30424404938271604,0.4074074074074074,0.0,0.20870370370370372,0.7244811378969682,0.16317837599828486,2.728395061728395,0.0,0.0,0.22727272727272727,0.6984900975891895,0.0,0.28370697466232286,0.6363636363636362,1.4444444444444444,-0.6172839506172839,-0.4888899454463159,-0.1724018762172358,0.07877858153572773,0.7375726467908322,0.2886706282946804,0.20659438825944385
Kez,jng,NA LCS,1,43,0.465,9,0.444,10,53.1,55.1,65.0,54.0,60.1,Team Dragon Knights,-99.88372093023256,-177.72093023255815,-1.697674418604651,266.80367441860466,0.13726517209302325,0.09302325581395349,0.0,0.3726837209302326,0.7000881032697707,0.221027442135615,11.581395348837209,0.0,0.0,0.4444444444444444,0.47610115629524535,0.2920652785593698,-0.4034870954321802,8.3,1.5249857033260468,-0.4418604651162791,-0.3029160721353559,-0.1013677687263951,0.004825662850863787,0.5508618979986247,-0.05019291665052397,0.27329582614658865
Ryu,mid,EU LCS,1,71,0.606,12,0.333,18,55.1,53.1,63.8,58.7,50.2,H2k-Gaming,182.22535211267606,189.80281690140845,-1.0140845070422535,523.805066197183,0.2731139718309859,0.4507042253521127,0.0,0.15947605633802817,0.6607160216605311,0.1962582905350448,3.1690140845070425,0.0,0.0,0.3333333333333333,0.6156606289421248,-0.46451639719024074,-0.13068606928787002,6.810325476992143,2.1362069847489358,-0.43661971830985913,-0.4126699674562399,0.005892054117337973,-0.09930525285877378,0.4829746143277207,0.19864492753752871,-0.2539780956768994
Pure,sup,OGN,3,67,0.522,10,0.0,12,53.9,54.3,50.2,47.9,55.7,NaJin e-mFire,36.55223880597015,-7.119402985074627,1.4776119402985075,117.66324029850746,0.0717590552238806,0.0,0.0,0.40278358208955223,0.6685916962184283,0.24871884458952984,0.26865671641791045,0.0,0.0,0.0,0.3290853334905938,0.0,-0.0802124520130564,0.0,1.4660333322756627,-0.6119402985074627,-0.38477514957378345,-0.05878392710691977,-0.034748870319064505,-0.25735498395946343,-0.3856997555869116,0.03540275907527944
Sedrion,bot,EU CS,2,37,0.459,9,0.0,11,52.3,55.9,50.3,63.8,63.0,MOUZ NXT|n!faculty,-68.1891891891892,-119.67567567567568,5.45945945945946,513.6882027027027,0.2729922162162162,0.43243243243243246,0.0,0.13791351351351352,0.688875513140219,0.16747769630896567,2.864864864864865,0.0,0.0,0.0,0.40323517864153896,-0.38107267780800624,0.3093060211555385,3.6666666666666665,1.8083888603589302,-0.5405405405405406,-0.4125402496640719,-0.14387397464054774,0.04492768406985166,-0.25170440559236956,0.4810002828771338,0.4364879699910901
H0R0,jng,EU LCS,1,33,0.242,11,0.0,11,50.2,57.9,50.9,55.0,59.4,MeetYourMakers|Unicorns of Love,-285.27272727272725,-136.96969696969697,-2.090909090909091,224.92630303030305,0.13535600606060605,0.12121212121212122,0.0,0.26142121212121217,0.7637541942587281,0.16904880277804565,11.787878787878787,0.0,0.0,0.0,0.2494393516150608,0.8478388536528071,-0.16991828989660376,6.333333333333333,1.9148542155126762,-0.5454545454545454,-0.36794471143924506,-0.257929742776633,0.15149006170316368,-0.21611293794598951,0.001888134238999549,0.2337488334720368
Revanche,bot,TCL,15,32,0.594,7,0.0,11,57.4,50.6,49.3,51.3,64.1,Big Plays Incorporated|HWA Gaming|NumberOne Esports|Team Turquality,347.90625,20.40625,8.09375,538.6784625,0.271303625,0.9375,0.0,0.106509375,0.6570824769467861,0.2187254524203467,4.59375,0.0,0.0,0.0,0.19822001499711123,-0.6483241124370457,-0.486817989567179,5.344827586206897,1.9445436482630056,-0.625,-0.11717867206401185,0.1245438499574687,-0.2335080821244809,-0.306350776109348,-0.19458865084694726,0.49625607284064827
MrRallez,bot,EU LCS,1,51,0.49,10,0.1,7,56.1,51.8,49.1,52.3,45.8,Denial eSports.Europe|MeetYourMakers|Team ROCCAT,77.96078431372548,85.66666666666667,2.5686274509803924,518.6092882352941,0.28282043137254903,0.6666666666666666,0.0,0.12052156862745099,0.6665131067872511,0.1320014978141913,3.0980392156862746,0.0,0.0,0.1,0.2123341358266614,-0.3533078737504212,0.022367253833481086,2.884615384615385,0.9801960588196068,-0.7058823529411765,-0.28391966274787417,0.06034938204871266,-0.17006825627678485,-0.3146074614827606,-0.14377576394707978,-0.5048115206003774
Pobelter,mid,NA LCS,1,53,0.547,13,0.154,18,50.6,57.2,48.8,47.8,61.1,Counter Logic Gaming|Winterfox,-66.9245283018868,-305.8679245283019,-2.9056603773584904,563.8116584905661,0.3076188679245283,0.6415094339622641,0.0,0.21063396226415096,0.688185210083122,0.1878404893795243,3.0377358490566038,0.0,0.0,0.15384615384615385,0.29771378381863983,-0.7982506278687105,-0.1790108067013244,0.0,2.4724901510764026,-0.33962264150943394,-0.3446981783324514,-0.23464970202584945,0.11647008720755458,-0.33062586611913636,-0.3871121161346983,0.3286749710972796
Chei,sup,OGN,3,73,0.479,9,0.0,11,51.2,56.5,45.0,60.8,54.9,Jin Air Green Wings,-23.931506849315067,-27.15068493150685,-2.356164383561644,119.9543219178082,0.07270146712328768,0.0136986301369863,0.0,0.3545835616438356,0.7335265599112647,0.23419758758142492,0.2191780821917808,0.0,0.0,0.0,0.12825680914088347,-0.4424745676913897,0.3620509561729252,4.566666666666666,1.2874526191574363,-0.5205479452054794,-0.4054704027769686,-0.19957796911857886,0.07776429570222668,-0.5539315811103817,0.31069176427611356,-0.004156118774432498
3z,top,LMS,15,28,0.214,7,0.0,5,53.4,54.3,53.5,58.0,46.8,Logitech G Snipers,7.0,199.10714285714286,6.678571428571429,368.17486428571425,0.218180175,0.10714285714285714,0.0,0.05303214285714286,0.5573465529527559,0.16384687807676027,2.5357142857142856,0.0,0.0,0.0,0.42790088418294947,0.0,0.37721423164269485,0.0,0.944911182523068,-0.8214285714285714,-0.38630902962013813,-0.08405189311010514,-0.03497291002863356,-0.08161821084706769,0.15734559683363836,-0.44409122611355206
Bengi,jng,OGN,3,102,0.765,10,0.3,11,58.0,49.6,66.2,54.5,57.3,SK Telecom T1,56.127450980392155,-88.40196078431373,-0.9509803921568627,237.87660098039217,0.1175685568627451,0.16666666666666666,0.0,0.3162892156862745,0.6784508308492195,0.22783477119322418,17.147058823529413,0.0,0.0,0.3,0.2809469181910476,0.037860971341063136,0.180090560888241,3.8564102564102565,1.0891622972743418,-0.5588235294117647,-0.23962665771163533,0.16052758812301093,-0.2894593011299128,0.631697837918922,-0.026810582449726963,0.12212588721912399
Woolite,bot,EU LCS,1,41,0.439,6,0.0,10,56.1,51.5,49.0,55.5,55.4,Denial eSports.Europe|Team ROCCAT,37.1219512195122,-178.8780487804878,-1.024390243902439,570.1503268292684,0.31239778048780487,0.9024390243902439,0.0,0.17841951219512195,0.6784549918815191,0.22840034006154583,4.317073170731708,0.0,0.0,0.0,0.2820143884892086,0.0,0.43545374102841433,0.0,1.5617376188860608,-0.5853658536585366,-0.4812013770825292,0.0577877740938009,-0.18588961217677671,-0.32051861007122506,0.02795701493984598,0.02224962379637787
WildTurtle,bot,NA LCS,1,73,0.603,8,0.125,11,53.2,54.4,55.7,44.5,52.6,TSM,55.38356164383562,-115.86301369863014,-2.863013698630137,506.0883698630137,0.278466397260274,1.1232876712328768,0.0,0.1404958904109589,0.7537629821167079,0.2185950873550848,5.671232876712328,0.0,0.0,0.125,0.2940269209197981,1.0724006380061375,-0.3648894146003973,2.2081232492997196,1.2874526191574363,-0.589041095890411,-0.38286661404795697,-0.09679088454035845,-0.029019424299044416,0.03877241160964308,-0.5815473159005126,-0.12795829014230467
Cpt Jack,bot,OGN,3,29,0.586,3,0.0,5,55.1,52.4,49.0,53.1,46.0,Jin Air Green Wings,39.89655172413793,128.41379310344828,3.5517241379310347,512.9899379310344,0.27771731034482755,0.5517241379310345,0.0,0.1491896551724138,0.6885864634535385,0.19597328803718256,7.551724137931035,0.0,0.0,0.0,0.13798959770724975,0.0,0.01666302845084789,0.0,0.9284766908852594,-0.8275862068965517,-0.29675592194067874,0.007316947128195599,-0.13474558792336738,-0.3195677149804957,-0.0981424659954657,-0.4938064967138719
Elysion,mid,TCL,15,40,0.35,8,0.0,19,54.9,52.6,53.5,63.8,66.2,ATLAS eSports Team|Team Turquality,28.9,-6.175,-0.1,601.9844875,0.3020972,0.625,0.0,0.127255,0.6264316558408302,0.1705317335981162,2.075,0.0,0.0,0.0,0.6514145277313709,-0.25659037691668546,0.14852040816326553,2.7666666666666666,3.00416377715996,-0.375,-0.26503398800234557,-0.007630798760952251,-0.12426414048264672,-0.07822229662689519,0.4800310697875123,0.625520917698542
Gilius,jng,EU CS,2,33,0.455,9,0.111,8,53.9,53.6,54.6,47.0,52.9,Gamers2|MeetYourMakers.TR|Team Nevo|Unicorns of Love,-82.60606060606061,-95.75757575757575,-0.48484848484848486,259.7139666666667,0.1339529909090909,0.09090909090909091,0.0,0.2840393939393939,0.64931243346361,0.20122910132449937,9.030303030303031,0.0,0.0,0.1111111111111111,0.3281676839509929,0.0,-0.607186264393209,0.0,1.3926212476455828,-0.6060606060606061,-0.6510864913096496,-0.056659114432923326,-0.07224800335497614,-0.023367975541317892,-0.43700945496259036,-0.10865416683843801
Indivisible,sup,NA CS,2,24,0.375,5,0.0,8,53.5,54.0,51.3,59.5,54.3,TSM Darkness|Team Confound|Team Imagine,-200.66666666666666,-108.29166666666667,4.0,146.2826375,0.08106207083333333,0.0,0.0,0.29081666666666667,0.6944933992115364,0.2417358500417711,0.25,0.0,0.0,0.0,0.1028240094491571,0.0,0.8172125353440152,0.0,1.6329931618554523,-0.625,-0.5730663576221054,-0.08116311704592043,-0.052678831465580916,-0.19471757634545767,0.23673458301964934,-0.037476934300478874
Marshall,top,TCL,15,23,0.261,8,0.0,10,57.6,49.9,53.8,55.7,56.2,ATLAS eSports Team|Big Plays Incorporated|Crew e-Sports Club,-25.0,267.2173913043478,9.956521739130435,423.6444608695652,0.22319373913043478,0.30434782608695654,0.0,0.03609565217391304,0.5537802598163507,0.22817978769175334,1.5217391304347827,0.0,0.0,0.0,0.4272301997693539,0.06461473595446392,-0.012607509964338195,4.261030595813204,2.0851441405707476,-0.5217391304347826,-0.5002505806586708,0.13907643260177727,-0.27443917509706267,-0.0655941046309991,0.035476752735089115,0.063129439972293
mancloud,mid,NA CS,2,36,0.333,10,0.1,14,49.3,58.1,49.2,57.4,48.7,Storm|Team Coast|Team Dragon Knights|Team Imagine,-210.5,-210.63888888888889,-3.7222222222222223,496.9093222222222,0.31210588888888885,0.4444444444444444,0.0,0.20347777777777776,0.6833539552395664,0.1813804765193654,3.0833333333333335,0.0,0.0,0.1,0.3266529324663619,-0.9297974153987221,0.5350877192982455,0.0,2.3333333333333335,-0.5833333333333334,-0.6371129557999886,-0.30535996723340536,0.16202597521228548,-0.31069421608891257,0.1254220574940464,-0.33638731047045567
Fox,mid,EU LCS,1,56,0.5,9,0.111,17,54.8,52.6,53.2,60.6,58.2,SK Gaming|Unicorns of Love,42.982142857142854,-22.142857142857142,-0.2857142857142857,532.2383428571428,0.2737463392857143,0.8392857142857143,0.0,0.10903928571428571,0.6874923781071087,0.19425633432876466,2.8035714285714284,0.0,0.0,0.1111111111111111,0.3235295988803003,0.02221482400653736,-0.31076096361400785,11.231908831908832,2.271720556255607,-0.35714285714285715,-0.3234288303368269,-0.012463850109757051,-0.12431781227744476,-0.09476501476182578,0.2969899901247946,0.16742196789972966
Euphony,jng,TCL,15,23,0.261,8,0.0,11,54.7,52.7,53.7,67.1,63.3,Crew e-Sports Club|ZONE eSports,-17.130434782608695,228.34782608695653,2.391304347826087,230.7894652173913,0.12820608260869565,0.043478260869565216,0.0,0.24426521739130436,0.6025545653162392,0.17829460831934882,7.739130434782608,0.0,0.0,0.0,0.23438678533715493,1.092007933104631,2.5471552324569045,13.913043478260871,2.2936585546278225,-0.4782608695652174,-0.6487006726771349,-0.01740971339929232,-0.12202911389065545,-0.06652260822438208,0.6857291038059712,0.4546087098514492
Cain,sup,OGN,3,20,0.35,6,0.0,8,54.7,52.5,51.0,49.7,59.4,NaJin e-mFire,-150.6,122.8,1.25,128.19335,0.073915805,0.0,0.0,0.33723000000000003,0.5817530557489989,0.22444297069862768,0.35,0.0,0.0,0.0,0.18859390363815143,0.0,-0.34057971014492744,0.0,1.7888543819998317,-0.65,-0.2602814217854945,-0.013533315569467623,-0.13341462544223667,-0.20953135918269103,-0.2809507669672389,0.23582647351714775
Wisdom,jng,OGN,3,42,0.476,5,0.0,8,58.4,48.5,45.8,52.6,48.2,Incredible Miracle|ROX Tigers,162.28571428571428,185.38095238095238,3.6666666666666665,212.0074476190476,0.12214340476190474,0.023809523809523808,0.0,0.28865,0.6742113714715054,0.23514396804695373,13.476190476190476,0.0,0.0,0.0,0.06264811049568815,0.0,0.3260248497426085,0.0,1.2344267996967353,-0.5952380952380952,-0.6815296067801164,0.18237151320345055,-0.34852140372799456,-0.505633973836877,-0.12580085857573942,-0.3671342780218074
Weiiii,sup,LMS,15,28,0.25,11,0.0,5,49.8,57.1,51.3,45.6,55.1,Assassin Sniper,-125.89285714285714,238.78571428571428,-0.9642857142857143,100.89058571428572,0.06201180357142857,0.0,0.0,0.32885714285714285,0.7325512350580698,0.19099213024881978,0.07142857142857142,0.0,0.0,0.0,0.256996935648621,0.0,-0.4474358974358974,0.0,0.944911182523068,-0.7857142857142857,-0.1145046090774043,-0.27643853370580107,0.10941627921022173,-0.1985713061977282,-0.5143084416067514,0.006001295596858941
Energy,mid,TCL,15,31,0.806,6,0.333,10,50.8,56.0,58.5,44.9,49.7,Beşiktaş Esports,-122.25806451612904,-180.25806451612902,-4.838709677419355,568.3577225806451,0.26783941935483874,0.8709677419354839,0.0,0.1517258064516129,0.6997042984101423,0.2104276421435039,3.935483870967742,0.0,0.0,0.3333333333333333,0.20232469719189616,0.0,-0.374595207253886,0.0,1.7960530202677492,-0.4838709677419355,-0.46104884314817884,-0.22088749460108484,0.053989648921481614,0.1879398405398086,-0.5603714278679007,-0.28497189282731017
Luna,sup,OGN,3,24,0.25,5,0.0,8,53.9,52.9,51.9,46.8,59.4,Samsung Galaxy,-124.29166666666667,-92.54166666666667,-3.4583333333333335,134.46488333333335,0.07408310833333333,0.041666666666666664,0.0,0.33837500000000004,0.5967449693552634,0.2167874416473148,0.3333333333333333,0.0,0.0,0.0,0.30280667320902843,0.0,-0.6981730405149565,0.0,1.6329931618554523,-0.5,-0.3730652498651318,-0.05809760109810465,-0.11236182835892014,-0.16595189621064538,-0.4457845962160876,0.23256125066542252
TrAce,top,OGN,3,87,0.529,9,0.111,15,50.2,56.5,54.6,58.7,49.7,Jin Air Green Wings,-71.72413793103448,-59.89655172413793,-4.287356321839081,349.81305747126436,0.21674329425287356,0.20689655172413793,0.0,0.09269425287356323,0.6643338069969712,0.21065700428890352,1.1839080459770115,0.0,0.0,0.1111111111111111,0.3040066045045659,-0.38494057672182447,-0.11402780413740748,7.884659090909091,1.6081688022566922,-0.6551724137931034,-0.424336061036546,-0.25543720049462326,0.07876418448524161,-0.020139283572913384,0.1934052697197915,-0.2814194400900116
Taikki,jng,TCL,15,22,0.636,4,0.5,6,53.5,53.2,63.6,53.1,52.0,Beşiktaş Esports|Low Priority|SK Gaming Prime,-139.9090909090909,-75.63636363636364,-2.8181818181818183,283.10303636363636,0.13267097272727274,0.045454545454545456,0.0,0.2251681818181818,0.6349366311363215,0.19891352068983645,13.545454545454545,0.0,0.0,0.5,0.6920121658396031,-0.5981901342644962,-0.2350012243898458,3.4785714285714286,1.2792042981336627,-0.7272727272727273,-0.40536039504758226,-0.07931044538887348,-0.09314546277581229,0.47012814419304816,-0.09761744009024526,-0.15915722845353955
Rydle,sup,EU LCS,1,39,0.564,7,0.0,11,58.2,48.5,47.8,68.1,59.5,Dark Passage|Giants Gaming,-26.846153846153847,74.82051282051282,-1.1025641025641026,148.53235128205128,0.07981571538461538,0.05128205128205128,0.0,0.23853333333333332,0.6112616216926767,0.2707242606931025,0.3333333333333333,0.0,0.0,0.0,0.2519527928622445,0.0010505034488226767,1.1909947155735159,0.662087912087912,1.7614096918559585,-0.5897435897435898,-0.42889611550742374,0.1674879076046813,-0.34691378691504,-0.38906939649241534,0.7529277961908334,0.23816739728786385
huhi,mid,NA CS,2,27,0.556,5,0.0,15,53.6,53.1,54.3,56.1,61.4,Counter Logic Gaming|Team Fusion,171.14814814814815,121.51851851851852,3.6296296296296298,476.26335925925923,0.2776789259259259,0.37037037037037035,0.0,0.1613814814814815,0.642457191750564,0.25047736577148344,3.1481481481481484,0.0,0.0,0.0,0.44629244629244624,0.5061206178299043,-0.18220586427342034,7.395833333333333,2.8867513459481287,-0.4074074074074074,-0.3543693742357113,-0.07256718296079347,-0.1024864900211568,-0.03737994905113315,0.058223156424458924,0.34450993185690026
Touch,sup,TCL,15,21,0.667,3,0.0,4,55.4,51.2,49.0,50.0,47.6,Dark Passage,46.04761904761905,-185.57142857142858,3.0,162.4193857142857,0.08203077619047619,0.0,0.0,0.23047619047619047,0.7320984057651453,0.34772281490314055,0.19047619047619047,0.0,0.0,0.0,0.17472069431491594,-0.5692505337137027,-0.3283263559183292,1.541254125412541,0.8728715609439696,-0.8571428571428571,-0.4400894989982846,0.02173161832322229,-0.20215915187636613,-0.319897884479417,-0.26696945109770687,-0.401469342274939
Nagne,mid,OGN,3,97,0.557,16,0.062,20,54.1,52.4,51.2,59.6,57.8,KT Rolster,22.577319587628867,-26.855670103092784,1.7938144329896908,478.2502804123711,0.288340587628866,0.7216494845360825,0.0,0.17255567010309278,0.6695822821023576,0.19431742851889336,4.639175257731959,0.0,0.0,0.0625,0.23276376907763768,0.345353675450763,0.1528429570385771,5.658201058201058,2.030692330267238,-0.4329896907216495,-0.30544272027045055,-0.048805504795260274,-0.13941759112569302,-0.20319355290275795,0.24253514556521935,0.14568520930858603
Kyle,mid,NA CS,2,23,0.565,7,0.429,10,50.2,56.3,64.1,51.6,55.3,Dark Wolves|Team Dragon Knights,-289.30434782608694,-63.17391304347826,-5.956521739130435,504.9641130434783,0.26273078260869565,0.6521739130434783,0.0,0.20574782608695652,0.6495732297495657,0.16206118007167947,1.826086956521739,0.0,0.0,0.42857142857142855,1.0823735238372942,-0.7707006369426752,-0.37048008455718734,4.018055555555556,2.0851441405707476,-0.5217391304347826,-0.2375941319817603,-0.25733203828990414,0.06953101947190506,0.5004507123926709,-0.18065327355942212,0.014562176632342015
Nukeduck,mid,EU LCS,1,53,0.472,8,0.125,20,51.9,54.6,51.0,66.2,63.3,Team ROCCAT,-12.169811320754716,18.0188679245283,-1.2075471698113207,536.5332962264151,0.29404435849056604,0.4716981132075472,0.0,0.09817735849056604,0.6772360553168428,0.15028937834049494,2.849056603773585,0.0,0.0,0.125,0.30719912417576883,-0.34722501508143977,0.36575356519954866,5.0092592592592595,2.7472112789737806,-0.39622641509433965,-0.3377725373215994,-0.1627871462784021,-0.018766459253775583,-0.21374064861471664,0.6314884948405943,0.45258096433861306
Swanepoel,sup,TCL,15,42,0.381,14,0.143,9,51.7,54.8,60.2,54.1,57.7,NumberOne Esports,-167.1904761904762,-28.69047619047619,-1.880952380952381,153.83492619047618,0.08314666904761905,0.0,0.0,0.20723809523809525,0.7005096858083144,0.2038896709499019,0.47619047619047616,0.0,0.0,0.14285714285714285,0.4337032842582107,0.20994940978077586,-0.05324314530740435,1.971014492753623,1.3887301496588271,-0.6190476190476191,-0.40861327268420705,-0.17545257055551952,-0.00806046424560955,0.2749878598234562,-0.046664428170525823,0.14244446443683134
Xioh,mid,EU CS,2,26,0.577,5,0.0,10,53.1,53.2,51.5,52.3,54.1,MOUZ NXT,-294.0769230769231,-261.0769230769231,-5.653846153846154,643.4057923076923,0.3223654846153846,0.4230769230769231,0.0,0.08195769230769231,0.6936946147710615,0.27695980685980687,4.615384615384615,0.0,0.0,0.0,0.35524407926534557,-0.0372272143774068,-0.3157368026019514,4.533333333333335,1.9611613513818404,-0.5384615384615384,-0.23803703435272203,-0.09783920217770256,-0.09442799515013915,-0.18545011696487904,-0.1432726825261334,-0.04675180103563323
Obvious,jng,EU CS,2,24,0.708,4,0.25,5,52.4,53.9,56.5,59.7,49.3,Gamers2|Team Dignitas EU,-13.041666666666666,119.625,-0.7916666666666666,206.09882083333332,0.1095100625,0.08333333333333333,0.0,0.25177916666666667,0.6633540372670808,0.2035260034852426,11.166666666666666,0.0,0.0,0.25,0.3283582089552239,-0.1461836998706339,-0.11680482290881682,8.333333333333334,1.0206207261596576,-0.875,-0.33431885786483606,-0.13492240164466543,-0.057433111735481025,0.08098524252283434,0.25090988126044417,-0.3022533475021446
Candy,mid,LMS,15,22,0.364,6,0.0,9,49.9,56.4,51.3,54.8,52.3,Midnight Sun Esports|Xenics,-282.3636363636364,-235.1818181818182,-1.7727272727272727,529.3820454545455,0.28981618181818186,0.7272727272727273,0.0,0.19674545454545456,0.6569373438956094,0.17813104293367452,2.4545454545454546,0.0,0.0,0.0,0.39134709931170103,-0.6708033964728934,-0.2146957520091849,3.568181818181818,1.9188064472004938,-0.6363636363636364,-0.17370141693590935,-0.27053039362504033,0.07196449693668862,-0.19595670601202736,-0.01104011453503867,-0.14191363191464626
Thinkcard,jng,NA CS,2,21,0.429,3,0.0,8,52.0,54.2,51.1,51.9,56.5,CLG Black,-111.85714285714286,-279.9047619047619,-4.857142857142857,219.40377619047618,0.11992009047619048,0.19047619047619047,0.0,0.3189952380952381,0.6815266083123226,0.2197964793536836,9.857142857142858,0.0,0.0,0.0,0.15501172260100907,0.0,-0.29756029631480585,0.0,1.7457431218879391,-0.6190476190476191,-0.5574340417691447,-0.15951866892854202,-0.04211041566835996,-0.20561444217835204,-0.16522677915268744,0.07730645593905666
Hylissang,sup,EU LCS,1,66,0.439,18,0.056,7,53.7,52.4,51.1,55.9,44.5,Unicorns of Love,-124.81818181818181,-174.4848484848485,-2.1515151515151514,165.9211787878788,0.08654155606060607,0.015151515151515152,0.0,0.18913939393939394,0.7539455444196079,0.26374194300737114,0.15151515151515152,0.0,0.0,0.05555555555555555,0.321362250048517,0.48943902649451865,-0.07722624659727283,4.8237518359610245,0.8616404368553291,-0.6515151515151515,-0.42243968027123013,-0.07082627536497364,-0.13823251844748308,-0.20631605043025947,0.049309580789736976,-0.5821641221421937
Smoothie,sup,NA CS,2,40,0.5,9,0.444,12,50.0,55.8,66.4,47.9,62.3,Team Dragon Knights,-106.15,-83.45,-1.625,134.6121675,0.0681332,0.025,0.0,0.22719499999999998,0.7617640138792993,0.22665493347879942,0.225,0.0,0.0,0.4444444444444444,0.8289716121247697,-0.6568056837795528,-0.3658913729785452,1.4888888888888885,1.8973665961010275,-0.45,-0.5888349815657707,-0.26458143645163273,0.042407845902268024,0.6405334101391975,-0.3815319743962845,0.3931515377766133
LongB,mid,TCL,15,21,0.571,4,0.0,10,50.0,55.8,51.7,51.2,57.5,Team Turquality,-279.14285714285717,-209.38095238095238,-13.857142857142858,566.0182285714285,0.28995338095238093,0.8095238095238095,0.0,0.18413333333333334,0.6175899063806332,0.15082438569833528,2.5714285714285716,0.0,0.0,0.0,0.326072821846554,-0.3315436241610738,-0.2762768684677578,1.8214285714285714,2.182178902359924,-0.5714285714285714,0.0,-0.2677390369429333,0.03963779807461949,-0.17686232402505586,-0.2014176497212965,0.12995479898712778
Steeelback,bot,EU LCS,1,58,0.569,9,0.111,9,51.8,53.9,51.0,51.8,53.9,Fnatic|Odyssey Gaming|Team Imagine|Unicorns of Love,-66.10344827586206,134.74137931034483,-4.5,474.3591655172414,0.24818258620689657,1.0862068965517242,0.0,0.12894137931034483,0.6797417353854571,0.12503811742747808,4.275862068965517,0.0,0.0,0.1111111111111111,0.28040363835840126,-0.16995360636652712,-0.20999972078218215,5.962301587301588,1.181757895737503,-0.5862068965517241,-0.25385552633446373,-0.16694599799162757,-0.05580952911550288,-0.21213365235233855,-0.16927721547056593,-0.055992929619719196
KiWiKiD,sup,NA LCS,1,44,0.432,13,0.077,9,55.2,50.4,53.2,58.3,53.4,Dignitas,-109.77272727272727,-135.4090909090909,0.8863636363636364,133.7530909090909,0.08565599772727273,0.045454545454545456,0.0,0.1940522727272727,0.6882992302180312,0.25484753601310034,0.13636363636363635,0.0,0.0,0.07692307692307693,0.23821391484942886,1.3108363026619159,0.013305455236646845,5.7816091954023,1.3568010505999364,-0.6136363636363636,-0.44000042229729247,0.007908943466881983,-0.24722269358473467,-0.09463902120806614,0.17556285961199794,-0.0818995020682445
Eika,mid,EU CS,2,20,0.5,2,0.0,8,51.3,54.3,53.5,50.2,49.9,Gamers2|Team Nevo,-152.15,-272.85,-5.55,541.075245,0.2642512,0.65,0.0,0.149785,0.6213400224870477,0.17967762869368906,2.9,0.0,0.0,0.0,0.505367464905037,0.0,-0.2382920110192837,0.0,1.7888543819998317,-0.65,-0.34805659243464515,-0.19817036478147898,-0.03754306693144001,-0.08086916632699148,-0.257905237016743,-0.27084387612716526
Pekin Woof,mid,NA CS,2,25,0.64,5,0.2,10,52.1,53.4,51.5,59.9,53.4,Also Known As|Rock Bottom Gorillas|Team Coast,-185.48,-242.8,-6.36,569.496232,0.29495652,0.64,0.0,0.13167199999999998,0.6092155039264341,0.2050178534915377,5.0,0.0,0.0,0.2,0.21200347051944626,-0.8147625721201972,0.0639498153668195,9.22,2.0,-0.64,-0.14471557163253604,-0.15375169100984803,-0.08364767510339531,-0.18557246800931043,0.26316394707996893,-0.08182946152314657
Achie,mid,LMS,15,22,0.318,8,0.0,10,49.7,55.8,52.2,46.2,56.8,Assassin Sniper,-417.45454545454544,-220.63636363636363,-4.318181818181818,578.6296409090909,0.33619563636363636,0.2727272727272727,0.0,0.13477727272727272,0.6619821852642107,0.1749227566170994,4.7272727272727275,0.0,0.0,0.0,0.32046678635547576,0.0,-0.4038062283737025,0.0,2.1320071635561044,-0.5909090909090909,0.0,-0.28438137467041547,0.04055785975466464,-0.14798596306170453,-0.4836589370614547,0.09709340803412636
Ggoong,mid,OGN,3,69,0.493,13,0.0,14,52.0,53.3,46.5,52.0,50.7,NaJin e-mFire,-91.69565217391305,-58.0,-3.130434782608696,502.0262347826087,0.29989239130434786,0.5072463768115942,0.0,0.18691014492753624,0.6870962083230983,0.204836840109084,4.0,0.0,0.0,0.0,0.1678030864794303,0.0,0.07243539590531406,0.0,1.6854019432007687,-0.43478260869565216,-0.33686221912383696,-0.15983708867579774,-0.08719917832016405,-0.4607204308394026,-0.15829140027860233,-0.22573235023937183
Wraith,sup,OGN,3,57,0.351,17,0.294,11,44.4,60.9,70.6,68.4,54.0,Samsung Galaxy,-282.49122807017545,13.631578947368421,1.5263157894736843,106.00899649122807,0.06642802631578948,0.0,0.0,0.33211052631578947,0.7606646900063171,0.1814487378052638,0.24561403508771928,0.0,0.0,0.29411764705882354,0.8543236181924259,0.0,1.4675536247624221,2.857142857142857,1.4569855927715483,-0.5789473684210527,-0.47496328420069545,-0.5931846276863345,0.3178430246233668,0.9422531701892132,0.7727551550588061,-0.05060074800598422
Astarte,jng,TCL,15,20,0.6,5,0.2,5,50.2,55.0,60.6,53.4,52.8,Oyun Hizmetleri|Oyun Hizmetleri ÇİLEKLER,-199.5,-150.6,-2.6,235.07305000000002,0.10720574499999999,0.05,0.0,0.23893,0.6331420804380005,0.16190785514885236,11.4,0.0,0.0,0.2,0.49732433690088423,1.5261729790842282,-0.007753479125248555,2.771428571428572,1.118033988749895,-0.8,-0.056145223879848105,-0.25672161739775506,-0.0002116579246712982,0.30005274463194836,-0.08218830797280344,-0.11519804495430061
i KeNNy u,sup,NA CS,2,20,0.45,3,0.0,8,53.2,51.9,52.8,50.3,57.5,CLG Black,17.5,-17.05,-2.55,130.73561,0.071578185,0.0,0.0,0.202505,0.6791152597402597,0.22415799276683143,0.1,0.0,0.0,0.0,0.22071230108613285,0.0,-0.2961060480530241,0.0,1.7888543819998317,-0.6,-0.4722115209294928,-0.09685837296283042,-0.16441944860711732,-0.1153597354536405,-0.24772707792324722,0.12975633418348342
Steve,top,EU LCS,1,37,0.514,4,0.25,10,50.9,54.1,61.5,64.0,44.9,Team ROCCAT|ThunderBot SPARTA,-183.1891891891892,-117.43243243243244,-10.513513513513514,391.7933054054054,0.21348127027027025,0.2972972972972973,0.0,0.07191621621621622,0.6975499237509042,0.26722976776584256,2.054054054054054,0.0,0.0,0.25,0.6836445626409204,-0.14975167350464255,0.7175528471921538,3.856230614851304,1.643989873053573,-0.6486486486486487,-0.4392157520248319,-0.21571736671054054,-0.04504370127719995,0.34740843297723556,0.49521589869924354,-0.5601346367016544
KonDziSan,jng,TCL,15,26,0.346,6,0.0,10,53.8,51.2,56.5,56.4,59.9,Annihilon Team|Team Overclockers UK|Team Turquality,155.65384615384616,-39.76923076923077,1.1923076923076923,226.2266846153846,0.12808426153846153,0.038461538461538464,0.0,0.24411153846153846,0.668826414729049,0.25048632713661656,9.346153846153847,0.0,0.0,0.0,0.30489893799246315,1.9378445162516627,0.1872529919287502,6.426900584795322,1.9611613513818404,-0.6538461538461539,-0.37254342739103086,-0.0642783141481271,-0.20079014536955478,0.07894612573063917,0.07151297520696939,0.26065446521227764
Maplestreet,bot,NA LCS,1,40,0.6,7,0.0,9,49.9,55.1,54.3,72.4,52.7,Renegades|Team 8,35.45,-84.575,0.8,463.78932999999995,0.26384345000000003,0.625,0.0,0.15876,0.6756433314492525,0.1305540927616577,4.5,0.0,0.0,0.0,0.22296517726033144,2.3720850244204446,0.9365242751758449,14.0,1.4230249470757705,-0.675,-0.3498967455866646,-0.2738656063517006,0.00410564475327853,-0.034822494479652216,1.0941750349561024,-0.11873835323833254
Crown,mid,OGN,3,45,0.356,11,0.182,13,52.8,52.1,58.5,46.6,48.2,Samsung Galaxy,-78.86666666666666,33.53333333333333,4.155555555555556,480.5566933333334,0.2856502266666667,0.4444444444444444,0.0,0.2819888888888889,0.6237849121027655,0.19154794986486726,2.8666666666666667,0.0,0.0,0.18181818181818182,0.389666409533855,0.0,-0.14294374309955774,0.0,1.9379255804998177,-0.6444444444444445,-0.3549547051774378,-0.1145526578462772,-0.1545863822621286,0.1853119272787021,-0.4587431518216779,-0.3643140863808237
Impaler,jng,EU CS,2,40,0.15,13,0.0,8,49.6,55.2,52.3,58.3,53.4,Ex Nihilo|Final Five|Team Coast,-198.35,-244.6,-4.0,233.0365,0.14244619,0.075,0.0,0.24962,0.6983107697041521,0.19726727273844147,11.025,0.0,0.0,0.0,0.3563103563103563,0.0,0.23866421568627477,0.0,1.2649110640673518,-0.6,-0.543367144284464,-0.29059171545615975,0.011128312448689604,-0.14436058015799802,0.17424651602794683,-0.08568162657053334
Secret,sup,OGN,3,48,0.312,18,0.0,7,52.7,52.1,58.4,62.8,40.4,Prime Clan|SBENU Korea,-100.6875,-47.8125,-0.041666666666666664,122.25840208333334,0.07404230833333333,0.020833333333333332,0.0,0.29843749999999997,0.7004985216351397,0.243475015612851,0.20833333333333334,0.0,0.0,0.0,0.29119807151154786,3.4992795877776843,1.0095544012103235,2.247619047619048,1.0103629710818451,-0.7708333333333334,-0.6067535772540195,-0.11962303084118553,-0.15288186913072485,0.1786609016236491,0.4224791748951469,-0.8611697535638062
BoBo,top,LMS,15,28,0.393,8,0.0,7,52.6,52.2,50.8,51.2,55.1,Machi Esports,-100.53571428571429,47.92857142857143,1.75,383.6830035714285,0.2077461357142857,0.39285714285714285,0.0,0.059264285714285714,0.5794017324755936,0.21262254670812833,1.6071428571428572,0.0,0.0,0.0,0.2437275985663082,0.0,-0.065698041692988,0.0,1.3228756555322951,-0.6071428571428571,-0.2618926177851093,-0.1286249109657196,-0.15020027778082046,-0.22363363081530507,-0.20093177999536077,0.007323674833442744
Score,jng,OGN,3,105,0.552,17,0.059,12,48.0,56.7,52.6,48.0,54.0,KT Rolster,-7.542857142857143,-50.36190476190476,-2.1904761904761907,197.3058457142857,0.12039151714285715,0.0380952380952381,0.0,0.34059999999999996,0.7248996991003273,0.19785566742743552,13.104761904761904,0.0,0.0,0.058823529411764705,0.3216789995799269,-0.26327072554069175,-0.08743288287832904,2.760224089635854,1.1710800875382399,-0.580952380952381,-0.37005623441715185,-0.3750839127128123,0.09171179342925816,-0.12524333307065222,-0.37534755076281406,-0.05206025876895937
Sweet,sup,OGN,3,21,0.619,1,0.0,8,52.5,52.1,51.8,49.9,62.0,Jin Air Green Wings,16.285714285714285,150.8095238095238,-1.8095238095238095,107.64333333333335,0.06528200476190477,0.0,0.0,0.3398285714285714,0.710969235503397,0.3062038490609919,0.2857142857142857,0.0,0.0,0.0,0.2702702702702703,0.0,-0.2831334007804596,0.0,1.7457431218879391,-0.7142857142857143,0.0,-0.13361000865245948,-0.1507082811787173,-0.1702870516796101,-0.2716906873299822,0.37564529593228047
Airwaks,jng,EU LCS,1,29,0.345,9,0.111,13,52.3,52.2,52.0,51.2,64.6,Copenhagen Wolves,-131.17241379310346,-185.58620689655172,-2.8275862068965516,250.53679310344828,0.14230952413793102,0.06896551724137931,0.0,0.26217586206896554,0.7062359473478295,0.25941899858441975,13.379310344827585,0.0,0.0,0.1111111111111111,0.29686535427669936,0.0,-0.11312296932650476,0.0,2.4140393963016744,-0.4827586206896552,-0.36236534645430835,-0.14080406589307723,-0.1471851945562073,-0.15904698795886696,-0.20070785919842987,0.5299398359314734
Saintvicious,jng,NA LCS,1,22,0.5,8,0.125,7,50.6,53.9,54.2,70.7,48.3,Gravity,-208.13636363636363,23.863636363636363,-0.18181818181818182,205.77290000000002,0.11993702272727273,0.0,0.0,0.2576636363636364,0.7438074877791315,0.26089717833678744,14.136363636363637,0.0,0.0,0.125,0.5544431215499513,-0.760578601712528,2.0839687335155617,7.452830188679246,1.4924050144892729,-0.6818181818181818,-0.7280836047681845,-0.23282320380143598,-0.05577521268128397,-0.04409633073175867,0.9527215033045933,-0.36172821707516467
Lilac,top,OGN,3,36,0.306,9,0.0,13,51.1,53.3,49.3,46.5,57.1,Incredible Miracle,-208.30555555555554,-175.41666666666666,-6.861111111111111,379.11550555555556,0.22724961111111114,0.1388888888888889,0.0,0.1315472222222222,0.608911041754179,0.24555299391363658,2.9166666666666665,0.0,0.0,0.0,0.161185278023343,0.0,-0.2787516527440119,0.0,2.1666666666666665,-0.5277777777777778,-0.5789047261530831,-0.20858988530800207,-0.09130767831717784,-0.3070625194421684,-0.46445199044436003,0.10947517943103749
Unlimited,sup,EU LCS,1,31,0.323,10,0.1,11,51.7,52.7,53.2,47.3,59.3,Copenhagen Wolves,-54.064516129032256,-63.54838709677419,-3.4838709677419355,135.8564677419355,0.07926157741935484,0.0,0.0,0.2104709677419355,0.6798202159222833,0.2156028656253364,0.06451612903225806,0.0,0.0,0.1,0.3661487130600572,0.0,-0.3753381577167591,0.0,1.975658322294524,-0.5806451612903226,-0.5960804737921721,-0.17508029830787747,-0.12348289246232133,-0.0924526494613686,-0.41986178280026415,0.22777014900124967
Sheep,sup,NA CS,2,43,0.279,9,0.111,10,51.0,53.4,57.4,63.6,52.7,Cloud9 Tempest|Final Five|Team Coast,-30.023255813953487,17.302325581395348,2.5813953488372094,101.24253255813953,0.07111899767441861,0.023255813953488372,0.0,0.16467906976744187,0.7203278044574409,0.2014609067204255,0.16279069767441862,0.0,0.0,0.1111111111111111,0.4363618550767234,0.0,1.0263106224229335,0.0,1.5249857033260468,-0.5348837209302325,-0.7030971865410528,-0.2118811360890038,-0.08635747303467987,0.12762572340316863,0.4689216277516334,-0.12161254652949124
Rogu,sup,TCL,15,23,0.478,6,0.167,6,51.2,53.2,54.0,50.5,50.4,Oyun Hizmetleri,-121.56521739130434,52.56521739130435,-2.0434782608695654,118.80248695652173,0.06186335217391305,0.043478260869565216,0.0,0.20029999999999998,0.7381772815418575,0.26922742271712524,0.2608695652173913,0.0,0.0,0.16666666666666666,0.28574117900172114,-0.6727326821044279,-0.2981869680239246,2.0,1.2510864843424487,-0.782608695652174,-0.526729091422894,-0.2007864130933993,-0.09316877795816658,-0.053695442238078026,-0.23775024197262626,-0.24369189481946615
Edward,sup,EU LCS,1,45,0.467,6,0.333,12,50.6,53.6,66.7,57.3,58.0,Gambit Gaming,-172.64444444444445,-97.86666666666666,2.6222222222222222,129.0815511111111,0.06993834888888889,0.0,0.0,0.3034422222222222,0.6872131300072476,0.2602363410492679,0.26666666666666666,0.0,0.0,0.3333333333333333,0.8050210001024394,-0.7580391746098251,-0.004538228334812092,5.168831168831168,1.7888543819998317,-0.5555555555555556,-0.6463002771985166,-0.23513263394924117,-0.07310235044990561,0.6601563229898862,0.12331019544695895,0.160345873434675
niQ,mid,TCL,15,27,0.556,5,0.0,14,51.7,52.3,50.4,56.5,59.8,Gambit Gaming|HWA Gaming,43.77777777777778,-164.77777777777777,-3.0,546.0284148148148,0.2734288888888889,0.6666666666666666,0.0,0.1562962962962963,0.5899454770848731,0.18815045151726226,2.6666666666666665,0.0,0.0,0.0,0.14523440114386538,0.0,0.09254131251362123,0.0,2.6943012562182536,-0.37037037037037035,-0.42354418243265857,-0.17652152101761995,-0.14271800711931873,-0.24261489115709975,0.07939948249227038,0.2558777309208491
Bunny FuFuu,sup,NA LCS,1,50,0.52,16,0.062,8,46.8,57.1,46.2,60.4,54.0,Gravity,-128.84,-59.66,-0.22,103.53169799999999,0.060855730000000004,0.0,0.0,0.220718,0.7584294263005059,0.19882967639719998,0.06,0.0,0.0,0.0625,0.2159884484672819,-0.8684599582931308,-0.07610561837665036,8.382440476190476,1.131370849898476,-0.58,-0.30277343296345105,-0.4437335716924618,0.11151829221088291,-0.48086967765464644,0.2869085974813262,-0.050875822401376544
CandyPanda,bot,EU LCS,1,23,0.348,5,0.0,9,52.2,51.6,50.1,56.7,61.1,SK Gaming,-55.91304347826087,166.8695652173913,-1.7391304347826086,485.09826956521744,0.26209860869565216,0.391304347826087,0.0,0.1477130434782609,0.6408912735285732,0.1798125175463983,3.608695652173913,0.0,0.0,0.0,0.26630980029873164,-0.22939354192913722,0.4090468711756547,2.282051282051282,1.876629726513673,-0.5652173913043478,-0.32017444854991606,-0.1460373363387513,-0.17885529022958854,-0.2603620771515213,0.08841547884752803,0.3268847083888433
BalIs,top,NA LCS,1,73,0.507,12,0.167,16,48.5,55.3,64.2,53.4,45.6,Cloud9,-55.205479452054796,-72.34246575342466,1.356164383561644,316.2999589041096,0.17593990273972604,0.2191780821917808,0.0,0.06995616438356164,0.6828396407607182,0.22250592456071874,1.2328767123287672,0.0,0.0,0.16666666666666666,0.49633136919091997,0.9517461811869983,-0.0800268777639032,3.564634584417193,1.872658355138089,-0.6027397260273972,-0.47764065122901384,-0.35018427167147653,0.013949091323514191,0.5059066769838098,-0.08669342095540196,-0.5151793593954795
Gate,mid,NA CS,2,34,0.353,5,0.2,17,47.5,56.2,56.9,65.2,57.1,Final Five|Team Impulse|Vortex,-73.05882352941177,-128.35294117647058,-6.352941176470588,456.66232941176474,0.2505779705882353,0.5,0.0,0.1768823529411765,0.646392061730392,0.17495273123544286,3.5,0.0,0.0,0.2,0.5978696598327796,-0.4579827341274178,0.777905970579752,5.470588235294119,2.91547594742265,-0.47058823529411764,-0.5854335666812968,-0.4029626578792861,0.06127695595017867,0.10173059309139446,0.5632429769505645,0.11164568035619128
CorGi,bot,LMS,15,23,0.435,7,0.0,4,47.8,55.9,51.0,50.7,45.2,Midnight Sun Esports,-428.69565217391306,-267.17391304347825,-13.0,492.7765739130435,0.2749593913043478,0.8695652173913043,0.0,0.15283913043478262,0.7418933662947281,0.19694102379512743,3.130434782608696,0.0,0.0,0.0,0.1599568903398019,0.0,-0.3089576293526972,0.0,0.8340576562282991,-0.9565217391304348,-0.40786301629649896,-0.3882111485929812,0.04985051509997665,-0.21004229341290748,-0.22631782366738962,-0.5388717677940931
Veritas,bot,NA CS,2,24,0.25,6,0.167,7,49.8,53.8,58.5,49.7,53.2,Final Five|Vortex,-154.66666666666666,-222.79166666666666,-7.875,498.19693750000005,0.27656604583333333,0.5833333333333334,0.0,0.131975,0.6835033837994365,0.18524372417658022,1.75,0.0,0.0,0.16666666666666666,0.7318823248026788,0.0,-0.45850622406639,0.0,1.4288690166235207,-0.7916666666666666,-0.43959372298374433,-0.2753330842409793,-0.06111172564155441,0.183830381443361,-0.28522366247689723,-0.0942330163695458
Werlyb,top,EU LCS,1,48,0.354,19,0.105,19,50.7,52.7,52.3,59.4,63.9,Giants Gaming,-216.8125,-303.9791666666667,-3.8958333333333335,408.41533333333336,0.21798842708333332,0.2916666666666667,0.0,0.07378958333333334,0.6159060589317374,0.23827580820953498,3.4166666666666665,0.0,0.0,0.10526315789473684,0.309019192275992,0.01235350015837835,0.3825354609929076,2.782608695652174,2.7424137786507226,-0.3333333333333333,-0.684463984380163,-0.2289964325149696,-0.12090482900323071,-0.1429173654544426,0.23499894952540862,0.48585026805184683
Overpow,top,EU LCS,1,21,0.429,5,0.0,10,51.0,52.2,50.7,52.1,52.5,Team ROCCAT,26.047619047619047,-92.0,-2.8095238095238093,305.0313,0.17609482857142855,0.19047619047619047,0.0,0.08948571428571428,0.6204552086241604,0.2741037180149667,1.9047619047619047,0.0,0.0,0.0,0.2662178195965895,0.0,0.001874163319946546,0.0,2.182178902359924,-0.5714285714285714,-0.5418468439182685,-0.21237891897932323,-0.14637211890541774,-0.22990848116980786,-0.15125485165765057,-0.13347366539007632
Adaniel,jng,TCL,15,32,0.344,11,0.0,10,50.7,52.5,49.1,53.7,58.2,ATLAS eSports Team|Big Plays Incorporated|NumberOne Esports,-249.28125,-130.125,-1.65625,236.680940625,0.12769558125,0.125,0.0,0.2285375,0.6428106257409447,0.20193126216816615,10.375,0.0,0.0,0.0,0.2126802282528205,-0.3944830679524557,-0.5197830248883216,6.047619047619048,1.7677669529663687,-0.625,-0.47448646518830034,-0.23044275114768162,-0.1328565242483254,-0.31356217846684054,-0.06764220663796362,0.1699572599747649
SaSin,mid,OGN,3,55,0.291,17,0.0,19,48.0,55.2,57.2,68.2,52.7,Prime Clan|SBENU Korea,-256.4727272727273,-225.8909090909091,-7.5636363636363635,515.6105072727273,0.30362843636363634,0.2545454545454545,0.0,0.2065509090909091,0.6935299741951788,0.19434283753169201,3.5454545454545454,0.0,0.0,0.0,0.24607019278299555,2.7237448545192278,0.5268904823989571,3.968253968253968,2.56195947736032,-0.4727272727272727,-0.6336663542122523,-0.37773259371967405,0.011625406790979714,0.11622980025114403,0.7607836231240647,-0.1210779378061753
Dyrus,top,NA LCS,1,74,0.608,9,0.222,15,50.0,53.1,62.7,50.0,47.8,TSM,-37.4054054054054,53.445945945945944,0.5135135135135135,328.6400689189189,0.1793116527027027,0.16216216216216217,0.0,0.0947364864864865,0.6090060619549784,0.22782907566058172,2.3378378378378377,0.0,0.0,0.2222222222222222,0.4924996513194995,0.3976961053208998,-0.183378550467859,2.5425925925925923,1.7437145811572892,-0.5,-0.47333438939699846,-0.26764614874369874,-0.10142537248212757,0.4185169581098042,-0.26559349978889035,-0.38914629002689594
Slooshi,mid,NA LCS,1,25,0.4,8,0.0,11,48.7,54.2,50.9,48.8,53.0,Team 8,-158.96,-221.56,-5.88,471.213188,0.27475131999999997,0.72,0.0,0.141976,0.6907391176075387,0.21023991668681397,3.6,0.0,0.0,0.0,0.28734120971971333,0.0,-0.277494650298457,0.0,2.2,-0.48,-0.34384006746829104,-0.33849408118613655,-0.04405971577815169,-0.2152813657531384,-0.33287914413914765,-0.10418716523268846
Chunkyfresh,top,NA CS,2,37,0.514,4,0.25,9,49.0,53.9,57.4,57.8,52.3,Odyssey Gaming|Team Fusion|Team Imagine,-40.54054054054054,46.21621621621622,-3.3513513513513513,298.3946081081081,0.1831938918918919,0.43243243243243246,0.0,0.09054324324324324,0.5666544962597595,0.2328807086160027,2.810810810810811,0.0,0.0,0.25,0.41045536121239745,-0.3404835745462898,-0.09954118345140371,3.7830687830687832,1.4795908857482156,-0.6486486486486487,-0.40426626921022213,-0.3204410503392075,-0.05617317663991925,0.1243645349752924,0.14612114646272756,-0.14335737383566233
Dee,bot,LMS,15,28,0.393,8,0.0,8,49.3,53.6,51.7,52.3,55.7,Machi Esports,-111.39285714285714,-29.107142857142858,0.6785714285714286,471.0250821428572,0.2533573571428572,0.35714285714285715,0.0,0.1665,0.7104878287347328,0.22045139508181302,3.0,0.0,0.0,0.0,0.2360398195675844,0.0,-0.0954068386795122,0.0,1.5118578920369088,-0.6428571428571429,-0.33209971603279875,-0.3054786963453308,-0.07312340081264604,-0.17340039895837941,-0.1408430060416919,0.03655685567940708
Jwaow,top,EU LCS,1,29,0.379,6,0.0,9,44.9,57.9,48.4,48.1,46.3,Elements|MeetYourMakers,-347.0,-251.6206896551724,-7.448275862068965,327.1033068965517,0.17991022068965518,0.034482758620689655,0.0,0.11023103448275862,0.662308920815194,0.1979745300071979,2.1379310344827585,0.0,0.0,0.0,0.1588472163693403,0.0,-0.3161953727506427,0.0,1.671258043593467,-0.5172413793103449,-0.6695984855987959,-0.5594572520617149,0.15330410928522278,-0.3552549889300233,-0.37385645857950234,-0.47468365312596245
ikssu,top,OGN,3,49,0.388,10,0.0,11,46.8,56.0,48.9,49.2,55.0,Rebels Anarchy,-187.9591836734694,-100.55102040816327,-5.224489795918367,341.3133897959184,0.19649667346938776,0.16326530612244897,0.0,0.08511836734693877,0.6424834042315245,0.2055081148642028,2.5714285714285716,0.0,0.0,0.0,0.19049596582819175,0.0,0.054791990925158955,0.0,1.5714285714285714,-0.673469387755102,-0.1421067847267962,-0.4460297437443189,0.05430514564840548,-0.32732123271748187,-0.31191884933026204,-0.0015507669229150867
CuVee,top,OGN,3,81,0.321,22,0.227,16,48.6,54.1,70.4,50.8,51.0,Samsung Galaxy,-136.0,-266.98765432098764,-4.493827160493828,356.1134259259259,0.21384245308641975,0.24691358024691357,0.0,0.09066666666666667,0.67433065540283,0.242431212610282,1.654320987654321,0.0,0.0,0.22727272727272727,0.7314861041770677,0.0,0.18043746381736248,0.6071428571428573,1.7777777777777777,-0.6049382716049383,-0.5463759258237134,-0.3445671098735251,-0.046089020952678444,0.9249713153912551,-0.22117191090396554,-0.21099256838449748
Nyph,sup,EU LCS,1,20,0.45,1,0.0,9,51.5,51.2,48.4,50.6,62.0,Elements,-167.75,-20.8,-0.1,95.665735,0.057364614999999994,0.05,0.0,0.23425500000000002,0.6179006957954327,0.25524812176127964,0.3,0.0,0.0,0.0,0.08845437616387337,0.0,-0.2128364389233955,0.0,2.0124611797498106,-0.55,-0.3116803346893837,-0.18682685440978694,-0.20138346758098297,-0.35610366918058356,-0.2348274211679222,0.3785928600123512
Xpecial,sup,NA LCS,1,63,0.587,10,0.3,8,48.9,53.7,60.5,56.1,48.2,Team Liquid,33.96825396825397,-138.76190476190476,-0.9365079365079365,101.80099682539682,0.056521058730158724,0.031746031746031744,0.0,0.2604095238095238,0.735901034415415,0.26638602354976626,0.15873015873015872,0.0,0.0,0.3,0.40123486558385346,-0.3957909297500247,0.01755828825231301,3.780009305210918,1.0079052613579391,-0.6666666666666666,-0.2996852097216278,-0.32567474228912374,-0.06963943249647975,0.29534578242684484,0.060170266962348985,-0.3673924348546878
Ron,top,NA CS,2,23,0.348,5,0.0,7,49.1,53.5,52.1,55.6,48.3,TSM Darkness|Team Confound|Team Imagine,-149.47826086956522,-76.91304347826087,-1.7826086956521738,344.21189130434783,0.19193339130434783,0.043478260869565216,0.0,0.0548,0.565527612010988,0.20040821751348067,1.0434782608695652,0.0,0.0,0.0,0.15488629379225569,0.0,0.0948635057471264,0.0,1.4596008983995234,-0.7391304347826086,-0.7486318392425436,-0.31483079574783884,-0.08014852487308238,-0.15487291491839286,0.03186625358565445,-0.36137942213410934
Hojin,jng,OGN,3,84,0.69,15,0.2,16,47.8,54.7,56.6,66.0,68.0,ROX Tigers,-100.70238095238095,-123.57142857142857,-4.380952380952381,215.10919047619046,0.11108574404761905,0.11904761904761904,0.0,0.2687404761904762,0.7024631121672714,0.17306399912036846,11.107142857142858,0.0,0.0,0.2,0.2794512161184393,-0.6367230280204077,0.28054325714969475,11.495238095238095,1.7457431218879391,-0.5833333333333334,-0.34597838215721566,-0.39029157149540916,-0.017229349288966675,0.08356992449989174,0.6177543051589494,0.7488347477514035
KissNkite,bot,TCL,15,39,0.359,8,0.0,11,49.4,53.0,54.6,60.8,55.8,NumberOne Esports|Team Turquality,-142.05128205128204,77.53846153846153,-0.23076923076923078,460.1208230769231,0.24469341025641028,0.8461538461538461,0.0,0.08154871794871796,0.660721177533629,0.15846166531358138,2.1538461538461537,0.0,0.0,0.0,0.4897281639928699,-0.5194025004059101,0.45651433152936444,2.958333333333333,1.7614096918559585,-0.5897435897435898,-0.4693476093767857,-0.29781853708649525,-0.10563957647481273,-0.02320266203584058,0.3080400228495913,0.04276170647058154
Nuclear,bot,OGN,3,56,0.286,18,0.0,9,42.2,59.8,54.4,64.2,52.4,Prime Clan|SBENU Korea,-203.35714285714286,-321.7857142857143,-5.714285714285714,468.2177303571429,0.2775708214285714,0.7142857142857143,0.0,0.22502678571428572,0.737209036311907,0.1428880828033581,2.6607142857142856,0.0,0.0,0.0,0.35947383151413376,1.107145137602963,0.40796682955723385,2.4444444444444446,1.2026755886059097,-0.6071428571428571,-0.46922301880188616,-0.7369792620533552,0.2551480436304031,-0.03146743933626693,0.5024949861155825,-0.13785427726026606
Watch,jng,OGN,3,71,0.507,10,0.0,9,49.4,52.5,47.9,48.9,55.1,NaJin e-mFire,-25.12676056338028,-182.98591549295776,-3.4788732394366195,210.34318732394365,0.12453530140845072,0.08450704225352113,0.0,0.3691239436619718,0.6983583807274132,0.21507669554405381,11.380281690140846,0.0,0.0,0.0,0.21016572478704976,0.0,0.13178520719374104,0.0,1.0681034923744679,-0.5915492957746479,-0.22823655862246445,-0.2973871389696337,-0.13374661041404326,-0.3816471930017841,-0.3266624011607747,0.0030394806816945764
Bodydrop,sup,NA LCS,1,41,0.537,9,0.0,9,54.2,47.7,45.5,45.2,46.0,Enemy,-139.17073170731706,14.634146341463415,-2.1951219512195124,150.74926097560976,0.07990045609756098,0.024390243902439025,0.0,0.22561219512195121,0.6125064332347672,0.2646211224199103,0.14634146341463414,0.0,0.0,0.0,0.1769168275672881,-0.41257457549334564,-0.7339373198648745,3.7115384615384612,1.4055638569974547,-0.6097560975609756,-0.9897759820215629,-0.04355754912719095,-0.39688811599354934,-0.5256666442500941,-0.5418327087790682,-0.49162662571268034
Move,jng,NA LCS,1,28,0.536,8,0.0,11,46.6,55.2,45.3,56.8,59.3,Gravity,-360.2142857142857,-732.4285714285714,-6.5,224.2880142857143,0.13593948928571428,0.17857142857142858,0.0,0.4479107142857143,0.6760767617497037,0.24567849765831132,15.142857142857142,0.0,0.0,0.0,0.17408234819572432,-0.954060471004136,-0.6005277473308164,14.777777777777779,2.0788046015507495,-0.5,-0.5177132063643178,-0.45915591227162417,0.008189629084699982,-0.5341390826440033,0.09722326170117288,0.22766751551482273
Nisbeth,sup,EU CS,2,31,0.516,9,0.111,9,48.3,53.5,51.3,65.0,50.0,MeetYourMakers|Team Dignitas EU,-12.387096774193548,-24.70967741935484,-3.6129032258064515,107.84150322580645,0.06287317096774193,0.0,0.0,0.23717741935483871,0.6851878408368178,0.21408675553836845,0.1935483870967742,0.0,0.0,0.1111111111111111,0.18785154712477303,-0.5559687209493083,0.8516179952644041,10.777777777777779,1.6164477182409742,-0.6451612903225806,-0.789415035679053,-0.3606314679874567,-0.08003676782366466,-0.19382345614119267,0.5546639700232745,-0.26407643973384287
Ares,jng,OGN,3,33,0.455,10,0.1,9,45.2,56.5,53.6,64.6,53.4,ESC Ever|Incredible Miracle,-379.42424242424244,-272.2121212121212,-4.818181818181818,218.2158515151515,0.11749821818181819,0.030303030303030304,0.0,0.3941181818181818,0.7447023257465137,0.21143075557128593,10.969696969696969,0.0,0.0,0.1,0.28590992889122996,-0.40623859905144105,1.2692768677586892,1.6236559139784945,1.5666989036012806,-0.6666666666666666,-0.5907478581547202,-0.5425968720734927,0.08084692655008388,-0.07356272150258622,0.5269547300246752,-0.084712833718643
Xaxus,top,EU CS,2,21,0.286,7,0.0,12,48.4,52.9,52.2,60.0,63.9,Ex Nihilo|MOUZ NXT|n!faculty,-298.95238095238096,-142.95238095238096,-9.047619047619047,365.7741142857143,0.1971798095238095,0.19047619047619047,0.0,0.048628571428571424,0.49651523131915287,0.20291853125333884,2.9047619047619047,0.0,0.0,0.0,0.1526584376499324,0.0,0.5096299926488608,0.0,2.618614682831909,-0.5714285714285714,0.0,-0.3525890379208711,-0.11194990388142026,-0.14659302649718922,0.2670961152243952,0.4846205672651993
Soul,top,OGN,3,48,0.271,16,0.0,10,47.7,53.4,56.9,69.3,43.2,Prime Clan|SBENU Korea,-381.4375,-348.5416666666667,-8.895833333333334,376.8344895833333,0.22729622916666667,0.1875,0.0,0.06387708333333333,0.6655239326431935,0.22679837869627603,0.7291666666666666,0.0,0.0,0.0,0.23277212868811467,3.17186890362856,1.4054713719109122,3.00352733686067,1.4433756729740645,-0.6666666666666666,-0.7870357365034988,-0.3922001667757316,-0.08665312897510669,0.10008270077570297,0.8444553729023138,-0.6701780876360781
Breaker,mid,LMS,15,21,0.238,7,0.0,10,49.3,51.8,54.3,56.6,54.6,Logitech G Snipers,-200.85714285714286,-36.333333333333336,-2.3333333333333335,447.66881428571423,0.25916466666666665,0.7619047619047619,0.0,0.11254761904761905,0.6304842644128359,0.21225069459221815,2.6666666666666665,0.0,0.0,0.0,0.6180974477958237,0.0,0.10864745011086469,0.0,2.182178902359924,-0.5714285714285714,-0.2303420313452326,-0.3063544860350073,-0.16811603627811786,-0.03731961050783184,0.0847633484970696,-0.02293726234143704
Vizility,bot,EU CS,2,22,0.545,6,0.0,4,49.0,51.9,52.1,50.5,47.0,Copenhagen Wolves Academy|LowLandLions.White,-218.95454545454547,-48.45454545454545,-5.318181818181818,466.8303272727273,0.2590369090909091,0.7272727272727273,0.0,0.09577727272727272,0.5823123660305618,0.15943241982287096,3.1363636363636362,0.0,0.0,0.0,0.18265321818621313,0.0,-0.399578697913238,0.0,0.8528028654224417,-0.9090909090909091,-0.4299333231781978,-0.3214137527723008,-0.1661536915172224,-0.1519403072085234,-0.2369564825553196,-0.4356908943630733
Xayoo,jng,EU CS,2,20,0.4,7,0.429,6,48.7,52.2,62.7,56.6,56.6,Reason Gaming,-484.75,-354.75,-8.7,256.96245,0.136033575,0.05,0.0,0.24156499999999997,0.6077830859371107,0.20799950528398803,8.85,0.0,0.0,0.42857142857142855,0.8398275422451961,-0.5301122051751775,-0.04028902999781037,3.21875,1.3416407864998738,-0.8,0.0,-0.3385964343403717,-0.14569387911873088,0.4153840777469556,0.08335090481122645,0.08645966735936503
Shiphtur,mid,NA LCS,1,47,0.426,13,0.077,16,45.5,55.3,51.5,57.9,55.2,Dignitas,-215.2340425531915,-52.148936170212764,-10.085106382978724,463.466385106383,0.2833694680851064,0.6382978723404256,0.0,0.11629787234042553,0.6793935612714019,0.14529376121003812,2.276595744680851,0.0,0.0,0.07692307692307693,0.3627123135218209,-0.24005504128096058,0.12168417596848342,2.5555555555555554,2.333839863966313,-0.40425531914893614,-0.4015052549520323,-0.522804822148295,0.015295747724883912,-0.18747903988822648,0.15075418969458373,0.012081738437351159
Ysera,sup,LMS,15,38,0.263,11,0.0,11,47.4,53.2,55.5,52.6,64.2,Logitech G Snipers,-196.39473684210526,-344.55263157894734,-1.368421052631579,139.76795263157896,0.0813662947368421,0.0,0.0,0.25482105263157895,0.7092785289296505,0.2414611257615868,0.15789473684210525,0.0,0.0,0.0,0.46374622356495476,0.0,-0.02113790855759394,0.0,1.784435632438388,-0.6052631578947368,-0.3609052268176178,-0.4088024269172041,-0.09574461824202134,0.02383188388217929,-0.12775599003284918,0.5023748651642927
A Terap1st,sup,TCL,15,33,0.364,13,0.154,8,52.1,48.4,60.9,55.0,57.8,ATLAS eSports Team,-289.5151515151515,-139.3030303030303,5.909090909090909,143.8136484848485,0.07902492121212121,0.030303030303030304,0.0,0.19360606060606061,0.6319213615847556,0.2588032010697639,0.15151515151515152,0.0,0.0,0.15384615384615385,0.5183760002941141,0.0,0.09238504876718967,0.0,1.3926212476455828,-0.6666666666666666,-0.3482476635520979,-0.1528973566443898,-0.3556769550700855,0.3154002877504982,0.001573318882676089,0.14827007237574907
Flaresz,top,NA LCS,1,43,0.535,9,0.0,13,52.4,48.0,47.6,43.9,48.1,Enemy|Winterfox,-169.51162790697674,-111.6046511627907,-2.0697674418604652,396.9755046511628,0.20478802093023257,0.27906976744186046,0.0,0.09065813953488372,0.5604692858297525,0.27671578803657054,2.186046511627907,0.0,0.0,0.0,0.23421550483793133,-0.06969481535100766,-0.6079281500756101,0.9090909090909091,1.9824814143238607,-0.46511627906976744,-0.7532955394751254,-0.13910510467441498,-0.3756015213953808,-0.4001965318856197,-0.6235145501154367,-0.37161912085486415
Celaver,bot,EU CS,2,30,0.333,10,0.3,9,52.0,48.3,56.5,56.4,55.6,Reason Gaming|Team Overclockers UK,-127.76666666666667,131.53333333333333,-6.966666666666667,486.57788,0.27093252333333334,0.6333333333333333,0.0,0.07284333333333333,0.6308788920631027,0.2216187025855721,2.4,0.0,0.0,0.3,0.8135466133466632,-0.7400734964596217,-0.4200701754385965,5.670588235294118,1.6431676725154982,-0.5333333333333333,-0.5782542831162059,-0.1604839545858789,-0.36070128532043744,0.07951859292800259,0.07141021036547288,0.032754941031518034
MapleSnow,top,LMS,15,35,0.286,15,0.0,14,45.3,54.7,49.9,55.7,58.7,Assassin Sniper|DarlingYou|Never Give Up,-293.62857142857143,-463.57142857142856,-7.914285714285715,427.3009942857143,0.25310114285714286,0.17142857142857143,0.0,0.1214,0.5949545823549114,0.22469140865003603,1.0857142857142856,0.0,0.0,0.0,0.22556574923547398,0.0,0.22054337933239865,0.0,2.3664319132398464,-0.42857142857142855,-0.5697990048934711,-0.5355665813529783,-0.013364788552887166,-0.2710560417742806,0.0349174395567291,0.1964155253986813
Soren,mid,EU LCS,1,39,0.308,13,0.077,15,49.5,50.5,51.9,45.0,51.2,Copenhagen Wolves,-183.2051282051282,-164.3846153846154,-1.358974358974359,534.9987769230769,0.31719441025641026,0.48717948717948717,0.0,0.1440051282051282,0.5898401446127506,0.18171548072119637,2.948717948717949,0.0,0.0,0.07692307692307693,0.2935711997634478,0.0,-0.3956670768149059,0.0,2.401922307076307,-0.46153846153846156,-0.5353780312948505,-0.29276109082802526,-0.2406873881918158,-0.16287827630711696,-0.5532274866330711,-0.1987851045933004
otter,bot,NA LCS,1,41,0.537,9,0.0,8,49.7,50.2,47.8,47.6,44.0,Enemy,11.097560975609756,-25.121951219512194,2.1463414634146343,456.65801219512196,0.2345520731707317,0.7804878048780488,0.0,0.16372439024390242,0.6198304820526405,0.19078614652461706,4.7560975609756095,0.0,0.0,0.0,0.3156508956363874,-0.6737461617195497,-0.6181840886049963,6.819548872180451,1.2493900951088486,-0.6585365853658537,-0.7498493089073038,-0.2822672710740455,-0.25689068465000087,-0.3866685835390047,-0.3998180017120197,-0.6183282677113555
P1noy,bot,EU LCS,1,37,0.405,8,0.125,10,48.0,51.8,53.9,52.3,56.4,Gambit Gaming|Winterfox,-132.16216216216216,-7.162162162162162,-1.7567567567567568,453.57881081081086,0.2647157837837838,0.4864864864864865,0.0,0.10653513513513513,0.6939350805527276,0.16754829570960206,3.945945945945946,0.0,0.0,0.125,0.5086829836829837,-0.9114754098360656,-0.17032612205360023,5.214285714285715,1.643989873053573,-0.5405405405405406,-0.5730334132143794,-0.3772133594755232,-0.16692672428133512,-0.059611476076440156,-0.14404693095081356,0.07346698970704953
YoungBuck,top,EU LCS,1,31,0.323,10,0.1,10,48.3,51.4,52.9,50.5,48.2,Copenhagen Wolves,-301.51612903225805,-155.0,-3.193548387096774,351.86062258064516,0.20200289677419356,0.0967741935483871,0.0,0.08874516129032259,0.6028543302557084,0.24187577613748593,0.6129032258064516,0.0,0.0,0.1,0.33056790750857584,0.0,-0.06814295485636113,0.0,1.7960530202677492,-0.5161290322580645,-0.6041533046718423,-0.3617841601030775,-0.18860792557677727,-0.10834094512003659,-0.2368761695082907,-0.3637031965846777
G0DFRED,sup,EU LCS,1,25,0.32,12,0.167,7,44.9,54.4,55.1,50.8,52.5,Giants Gaming,-298.72,-370.84,-5.16,115.525016,0.05951892,0.0,0.0,0.14724,0.7097571756215247,0.18083975834966548,0.2,0.0,0.0,0.16666666666666666,0.36021282476506356,0.0,-0.127211771279568,0.0,1.4,-0.64,-0.5244016817647499,-0.5613046718590399,-0.02960503323483954,0.007485954361019948,-0.2224824506183065,-0.12994173440707554
Expession,top,OGN,3,20,0.4,6,0.0,12,49.8,49.1,54.2,57.5,60.3,Incredible Miracle,-404.95,-607.05,-10.5,377.9529,0.21420594999999998,0.35,0.0,0.06815,0.5596053304940772,0.26511578003366937,1.45,0.0,0.0,0.0,0.13009026671568025,2.686252771618625,0.4316086547507057,3.6666666666666665,2.6832815729997477,-0.45,-0.6347463149882671,-0.2794002188153345,-0.31647171968123683,-0.042646199207527755,0.1310985686705494,0.2832090110198463
HanJi,jng,LMS,15,26,0.231,15,0.0,10,43.7,55.1,50.6,65.9,55.5,Dream or Reality|Machi Crew|Machi Esports,-562.6153846153846,-611.5,-6.576923076923077,196.95450769230771,0.12480578846153846,0.07692307692307693,0.0,0.34613846153846156,0.6725038962387141,0.2134129036686193,7.5,0.0,0.0,0.0,0.1977238229871729,0.0,4.883445766962173,0.0,1.9611613513818404,-0.6538461538461539,-0.7446094665008053,-0.6351897188403641,0.002892735857659706,-0.23445958472813855,0.6069011032585345,0.027698916621868547
LEYL-Ü NEHAR,mid,TCL,15,29,0.517,7,0.286,9,49.3,49.3,63.4,58.2,45.7,Big Plays Incorporated|NumberOne Esports|Oyun Hizmetleri ÇİLEKLER,-209.3793103448276,-89.10344827586206,-3.896551724137931,532.2460793103448,0.2625503793103448,0.6896551724137931,0.0,0.13973103448275861,0.6023761431256286,0.2373728520761865,1.5172413793103448,0.0,0.0,0.2857142857142857,0.47084027206943985,1.635831547629589,0.0834603316898252,1.144268077601411,1.671258043593467,-0.6896551724137931,-0.3891325699364235,-0.30314465012647523,-0.30562161727123355,0.45549943141092103,0.17111782312033663,-0.5124303013731584
Catch,jng,OGN,3,48,0.208,18,0.0,8,46.0,52.6,55.5,61.1,48.2,Prime Clan|SBENU Korea,-275.1875,-107.3125,1.2708333333333333,191.16130625000002,0.11759727083333332,0.041666666666666664,0.0,0.3595770833333333,0.6869232422423912,0.19805146123918696,8.791666666666666,0.0,0.0,0.0,0.44349793050341707,0.0,0.8902439024390241,0.9030303030303032,1.1547005383792517,-0.7083333333333334,-0.37017985509917145,-0.49058582738546636,-0.12433897142029911,0.024193593165472004,0.32658834812422666,-0.3677324766674241
Azingy,jng,NA LCS,1,26,0.423,5,0.0,8,47.2,51.3,47.3,54.7,49.9,Dignitas|TSM Darkness|Team Confound,-237.1153846153846,-53.19230769230769,-5.6923076923076925,175.6144769230769,0.10603117307692307,0.07692307692307693,0.0,0.23531923076923075,0.6644961398250872,0.2031789913666551,6.923076923076923,0.0,0.0,0.0,0.1375825674899483,-0.15620291310899054,0.08112995985097847,2.4166666666666665,1.5689290811054724,-0.6538461538461539,-0.6403982372894214,-0.42256904136891954,-0.19763919493253615,-0.4200509305986608,-0.017367246779562417,-0.2734402150555738
Madness,bot,TCL,15,29,0.379,9,0.0,9,47.3,50.9,51.6,65.6,55.7,Crew e-Sports Club|Oyun Hizmetleri|Oyun Hizmetleri ÇİLEKLER|ZONE eSports,-397.9310344827586,-57.310344827586206,-15.551724137931034,481.6466275862069,0.23604982758620688,1.206896551724138,0.0,0.06155862068965517,0.6426369054417923,0.1894396619535004,4.0,0.0,0.0,0.0,0.16766644566985195,0.4785622304614242,0.9469856459330144,4.790997487162678,1.671258043593467,-0.6206896551724138,-0.4114582266304076,-0.41880821225860093,-0.21841024303184173,-0.17847824097223097,0.5925386217026802,0.034366249632157043
Avalon,top,NA LCS,1,26,0.269,11,0.091,11,46.1,51.5,51.0,51.5,50.4,Winterfox,-275.84615384615387,-205.3846153846154,-3.0,268.0716961538461,0.18088908846153848,0.11538461538461539,0.0,0.07621538461538462,0.6077963169309324,0.24953841826013773,1.2692307692307692,0.0,0.0,0.09090909090909091,0.4298133852956607,-0.7467285774588435,-0.01657687525901376,0.0,2.1572774865200244,-0.5384615384615384,-0.6973745402436996,-0.4899347903611112,-0.18622882035545696,-0.2098127877080369,-0.18424701174768826,-0.24377680642558147
Takefun,mid,EU CS,2,30,0.333,10,0.3,12,49.4,48.2,60.2,57.3,52.9,Reason Gaming|Team Overclockers UK,-331.8666666666667,-311.6333333333333,-8.8,541.6714833333333,0.3007412666666667,0.6333333333333333,0.0,0.08463,0.5692214010905962,0.23405730463286245,1.1333333333333333,0.0,0.0,0.3,0.4602055208543219,0.28999144568006824,0.4120900829711576,1.5694444444444442,2.1908902300206643,-0.4666666666666667,-0.5271973945215802,-0.301625522572171,-0.36833143713309713,0.27844659298365804,0.11903551473866202,-0.11212775696122554
Helios,jng,NA LCS,1,37,0.378,14,0.071,12,45.8,51.6,52.4,50.4,59.2,Dignitas|Winterfox,-396.97297297297297,-132.1891891891892,-9.0,203.97962972972974,0.1274821891891892,0.10810810810810811,0.0,0.2476918918918919,0.6848158465805525,0.21238941753647636,8.972972972972974,0.0,0.0,0.07142857142857142,0.4582277671888801,-0.26389925675894965,-0.13819625594598742,0.0,1.9727878476642875,-0.6216216216216216,-0.30514465293346027,-0.5069463433066942,-0.1785335432358156,-0.13611319248443834,-0.24511348082751724,0.22531963266162786
Loulex,jng,EU LCS,1,64,0.609,11,0.273,11,49.0,48.3,60.3,59.0,51.7,H2k-Gaming,-30.890625,-114.3125,-4.96875,222.425875,0.1180154921875,0.125,0.0,0.24755625,0.6441680287891661,0.22517144733931632,12.015625,0.0,0.0,0.2727272727272727,0.5002013160269608,-0.09680110047050362,-0.05507012378510132,8.692564745196325,1.375,-0.671875,-0.2700990736557912,-0.3210512154195154,-0.35826331111637566,0.28362240674107286,0.21458093580565382,-0.17321055883225223
Keane,mid,NA LCS,1,50,0.52,16,0.062,17,46.3,50.9,44.7,64.7,56.4,Gravity,-169.64,-160.12,-2.84,489.55178,0.28905944,0.5,0.0,0.123114,0.6849832934672752,0.2302309199485714,2.86,0.0,0.0,0.0625,0.22296824928955802,-0.8663114555582465,0.2306395379885412,6.087719298245614,2.4041630560342613,-0.36,-0.4556100718103898,-0.47508731108687785,-0.21584488662849588,-0.5721470821506953,0.5362572417902938,0.07501547193902863
wtcN,mid,TCL,15,47,0.511,12,0.0,16,49.2,47.7,49.6,63.1,57.6,Big Plays Incorporated|HWA Gaming|NumberOne Esports,-4.276595744680851,-281.4468085106383,-5.446808510638298,544.3797127659575,0.2760187021276596,0.7659574468085106,0.0,0.1258063829787234,0.6220436603977528,0.25802359765391975,2.8297872340425534,0.0,0.0,0.0,0.3528691004982222,-0.451982623162954,0.06820463812436285,3.2845128091628393,2.333839863966313,-0.44680851063829785,-0.32842860546449676,-0.31253266942791186,-0.3969424461058016,-0.28931685381650946,0.44097996342943147,0.13487848654824944
A Dolce,jng,TCL,15,21,0.381,9,0.222,7,46.4,50.1,61.7,51.5,54.5,ATLAS eSports Team,-451.9047619047619,-376.0952380952381,-3.5238095238095237,194.77357142857142,0.10617219523809523,0.09523809523809523,0.0,0.1740190476190476,0.624853884325934,0.2179801318288521,3.857142857142857,0.0,0.0,0.2222222222222222,0.8847698486252703,0.0,-0.08786525974025981,0.0,1.5275252316519468,-0.7619047619047619,-0.2753594633648757,-0.4680721796608046,-0.26270950264903553,0.361520779669718,-0.18680538687426035,-0.027987109546538665
Hai,mid,NA LCS,1,30,0.567,5,0.0,11,43.9,52.4,46.5,53.6,44.4,Cloud9,-128.46666666666667,-304.6,-5.0,423.8356033333333,0.2425327,0.36666666666666664,0.0,0.23216666666666666,0.6768555708996885,0.2729543601991105,2.566666666666667,0.0,0.0,0.0,0.13754668880061657,-0.39833795013850415,-0.17664387164650172,3.799603174603175,2.008316044185609,-0.6333333333333333,-0.48257172049806524,-0.624825017765152,-0.13790351629581551,-0.46106891252075477,-0.07575090102823936,-0.5931185880590071
Adryh,bot,EU LCS,1,48,0.354,19,0.105,13,45.9,49.6,58.5,53.2,62.4,Giants Gaming,-329.4375,-97.875,-3.4583333333333335,504.35956458333334,0.264420875,0.5416666666666666,0.0,0.15633125,0.6084059899051035,0.1657413216406057,3.9583333333333335,0.0,0.0,0.10526315789473684,0.2433319660015629,2.5907593427249025,-0.12422513384051852,5.857142857142857,1.8763883748662837,-0.4791666666666667,-0.5709989164783424,-0.49937161406146874,-0.2884251458845274,0.1856821349385839,-0.09267252709921381,0.4024596521102256
BeBe,bot,LMS,15,28,0.25,11,0.0,11,42.8,52.1,52.2,49.2,61.8,Assassin Sniper,-423.39285714285717,-353.60714285714283,-7.607142857142857,422.58891785714286,0.24082098571428573,0.17857142857142858,0.0,0.1559107142857143,0.6195399502800949,0.18359467551998512,2.6785714285714284,0.0,0.0,0.0,0.2681599299576828,0.0,-0.41272253582283974,0.0,2.0788046015507495,-0.5714285714285714,-0.2968691058273514,-0.691741948437243,-0.15394123926863837,-0.14604814120308326,-0.3129154323080753,0.36563741504006486
Sonstar,bot,OGN,3,47,0.298,13,0.0,9,43.7,50.8,57.8,51.8,52.3,Incredible Miracle,-193.29787234042553,-21.638297872340427,-6.276595744680851,469.24460425531913,0.27946344680851065,0.2765957446808511,0.0,0.12624255319148936,0.6745021579032843,0.1595782358997535,2.6808510638297873,0.0,0.0,0.0,0.29940037690594484,2.5658914728682176,-0.08010209410413088,1.7777777777777777,1.3127849234810511,-0.723404255319149,-0.4587183544643044,-0.6371557580397418,-0.2211823012960141,0.14897255711816645,-0.16800813795421246,-0.14266158307870086
Steak,top,LMS,15,52,0.635,8,0.125,11,41.3,52.2,51.7,64.7,50.1,Flash Wolves,-131.94230769230768,-39.11538461538461,-7.865384615384615,313.43518653846155,0.16379521923076926,0.23076923076923078,0.0,0.06483653846153846,0.640136076299002,0.23567666268025514,0.7307692307692307,0.0,0.0,0.125,0.2770960979018706,-0.8379325791195283,0.15537250717001277,8.700249677223361,1.52542553961938,-0.6153846153846154,-0.4945256959243059,-0.7968275839271906,-0.14885365658267985,-0.17222454344952992,0.5347640020387716,-0.2597114866764274
Sangyoon,bot,OGN,3,57,0.386,13,0.077,10,45.1,48.4,51.8,68.0,58.8,Rebels Anarchy,-107.82456140350877,-126.7719298245614,-1.7017543859649122,489.3813964912281,0.26593508771929825,0.45614035087719296,0.0,0.16214912280701754,0.5843873552322306,0.15305908903886128,3.526315789473684,0.0,0.0,0.07692307692307693,0.24646816652146436,0.0,0.07694155549561456,16.547619047619047,1.3245323570650438,-0.5964912280701754,-0.3531171883093522,-0.5480636387685592,-0.35488028425473117,-0.1684621145236156,0.7471632566476774,0.2005613577331555
Fr3deric,jng,EU LCS,1,48,0.354,19,0.105,10,45.6,47.7,53.1,51.5,47.0,Giants Gaming,-317.0416666666667,-292.1041666666667,-2.7291666666666665,212.24065625,0.11439249791666667,0.125,0.0,0.252625,0.6425152352041799,0.23530083487562203,7.604166666666667,0.0,0.0,0.10526315789473684,0.345792538519406,0.3136879092796679,-0.320946141805322,4.411764705882353,1.4433756729740645,-0.6666666666666666,-0.5933081256209716,-0.5192684570650905,-0.39475785483647036,-0.10135647449825709,-0.18622221065923295,-0.4344390037689697
BlisS,mid,OGN,3,22,0.091,8,0.125,12,41.0,48.8,56.4,56.0,59.0,Samsung Galaxy,-578.5454545454545,-557.5454545454545,-17.954545454545453,324.62702272727273,0.2125117727272727,0.09090909090909091,0.0,0.12965454545454544,0.6539378699138058,0.2438251786496228,1.2272727272727273,0.0,0.0,0.125,0.4140432857845548,0.0,0.21108179419525055,0.0,2.5584085962673253,-0.4090909090909091,-0.4218097656020553,-0.8184955882593683,-0.33029451704625884,0.0760596230100414,0.05277973073000215,0.2131669427468842
Vardags,bot,EU LCS,1,64,0.453,16,0.062,10,39.4,50.4,49.0,48.6,50.6,Unicorns of Love,-340.171875,-144.875,-9.484375,462.4502203125,0.23770746875,0.390625,0.0,0.1515984375,0.6573718922305858,0.18053934702039182,3.78125,0.0,0.0,0.0625,0.23430446258973284,0.06529059731119381,-0.2872986636360073,4.43438714063714,1.25,-0.671875,-0.290049240315694,-0.9398288850551824,-0.245797854663558,-0.31976450248600014,-0.34222018741966775,-0.23233403096302085
