player_id,position,league,tier,games,winrate,teams,操作,意识,心态,团队,体质,综合,操作_10,意识_10,心态_10,团队_10,体质_10,综合_10,f_gd15,f_xd15,f_cd15,f_dpm,f_dmgshare,f_cspm,f_multi,f_vspm,f_wcpm,f_cwards,f_kp,f_deathshare,f_ejg,f_adver,f_clutch,f_lateg,f_stable,f_egshare,f_dmgmit,f_gspd,f_games,f_decay
Chovy,mid,LCK,1,104,0.76,Gen.G,77.6,76.8,73.0,53.9,66.3,71.5,7.8,7.7,7.3,5.4,6.6,7.2,414.3942307692308,337.74038461538464,11.442307692307692,590.8425298076922,0.27364127884615386,9.84798173076923,0.5865384615384616,1.6736548076923077,0.4498432692307693,4.240384615384615,0.6698434309053778,0.14256198347107438,0.0,0.3038461538461538,0.06812194203989468,-0.24927863505206377,-0.6351128276872782,0.25552292307692304,371.0107009615385,0.0,104.0,-0.14516757599376473
Knight,mid,LPL,1,128,0.633,Top Esports,76.3,69.3,69.6,63.5,72.5,70.9,7.6,6.9,7.0,6.3,7.2,7.1,551.6666666666666,432.8333333333333,8.666666666666666,578.14433828125,0.275032890625,8.89146953125,0.0546875,1.13651171875,0.27841640625,4.5703125,0.7078891257995735,0.13829047949965254,3.2868852459016393,0.3082018750350867,-0.06108035005425529,-0.09738786597340833,-0.7482122815105962,0.2418254453125,316.88776666666666,0.0,128.0,0.10508865000698031
JuanDeDios,top,SL (LATAM),3,58,0.69,Diamond Doves|Incubus,78.2,69.9,71.6,56.6,72.8,70.9,7.8,7.0,7.2,5.7,7.3,7.1,1053.6206896551723,525.5689655172414,25.29310344827586,547.6952603448276,0.2595752413793103,8.494843103448275,0.5689655172413793,1.0802793103448276,0.17399827586206898,5.362068965517241,0.5821782178217821,0.16,0.0,0.25659477883294235,0.20743435932736767,0.7966368374471435,-0.7040241000789674,0.24431112068965516,619.2854137931035,0.0,58.0,0.36844319368689804
Pak,mid,LFL2,2,26,0.462,Atletec|Sprout,79.1,74.5,67.6,66.3,43.7,69.8,7.9,7.5,6.8,6.6,4.4,7.0,289.0769230769231,356.7307692307692,17.923076923076923,738.3242807692308,0.3311092692307692,9.691034615384616,1.0,1.0222923076923076,0.1994423076923077,4.423076923076923,0.7686170212765957,0.09382716049382717,0.0,0.32331655129011955,-0.41609294320137685,0.0,-0.6996713297669461,0.2825951923076923,257.2049576923077,0.0,26.0,-0.3967948717948717
Szygenda,top,LFL,2,108,0.694,Vitality.Bee,78.7,70.5,60.7,55.3,74.5,69.4,7.9,7.0,6.1,5.5,7.5,6.9,656.074074074074,531.0,18.84259259259259,615.0062240740741,0.2636994351851852,8.808310185185185,0.5555555555555556,1.201523148148148,0.2163138888888889,5.462962962962963,0.538382277176713,0.17665867306155075,0.0,0.22359265695733654,0.0034942964703218752,-0.3836511789181692,-0.7800502436353342,0.2458649074074074,757.6066657407407,0.0,108.0,0.08776707163803944
Juliera,bot,CBLOLA,3,50,0.82,paiN Gaming Academy,66.3,77.3,65.5,65.4,70.5,69.4,6.6,7.7,6.5,6.5,7.0,6.9,264.36,122.04,2.18,623.034656,0.27239426,8.824542000000001,1.06,1.5648339999999998,0.430774,3.98,0.7142857142857143,0.136,0.0,0.2681978413344478,-0.09614877192982445,-0.22623999999999997,-0.6054591614967278,0.25963546,260.151214,0.0,50.0,0.3315195646955268
SkyBart,top,CBLOLA,3,55,0.764,paiN Gaming Academy,75.9,72.1,61.5,59.8,68.6,69.2,7.6,7.2,6.2,6.0,6.9,6.9,676.0363636363636,250.03636363636363,8.654545454545454,601.5149163636363,0.27157696363636363,8.50606909090909,0.6181818181818182,1.074881818181818,0.18097272727272729,4.4363636363636365,0.6237837837837837,0.16833095577746077,0.0,0.25243115049871206,-0.1541866738883623,-0.1569364733821492,-0.7763450908555678,0.2527084909090909,650.7921872727272,0.0,55.0,0.15381973266164806
Jun,sup,LCKC,2,54,0.704,Kiwoom DRX|Kiwoom DRX Challengers,73.5,78.0,64.0,60.1,57.5,69.1,7.3,7.8,6.4,6.0,5.8,6.9,360.037037037037,430.24074074074076,10.944444444444445,173.2985148148148,0.0850804111111111,1.8246314814814815,0.037037037037037035,3.125527777777778,0.5429611111111111,14.592592592592593,0.7454545454545455,0.1875,0.0,0.28911525563875234,-0.35246035805626585,-0.48831202046035804,-0.6489425593993062,0.11175411481481481,426.53065185185187,0.0,54.0,-0.2201895043731779
Ruby,mid,PRM,3,86,0.709,Unicorns of Love Sexy Edition,74.3,73.9,58.1,55.5,77.2,68.9,7.4,7.4,5.8,5.5,7.7,6.9,386.7325581395349,237.61627906976744,6.27906976744186,655.4363197674419,0.29680324418604653,8.638575581395349,0.7674418604651163,1.4200151162790697,0.3048697674418605,5.732558139534884,0.6943681318681318,0.20756646216768918,0.0,0.20373376716043037,-0.00661857525972508,-0.0008372562392224475,-0.7291414211473839,0.24320079069767442,347.6731662790698,0.0,86.0,0.10126477181523819
Emp,mid,LHE,2,59,0.814,Furious Gaming,79.2,61.6,75.7,56.7,64.9,68.7,7.9,6.2,7.6,5.7,6.5,6.9,654.728813559322,615.6271186440678,17.74576271186441,654.196720338983,0.28003328813559325,8.90272033898305,0.9830508474576272,1.0892644067796609,0.22260677966101697,4.745762711864407,0.6649076517150396,0.16643159379407615,0.0,0.3076944119598148,0.7275907887031714,0.3579308766308082,-0.7175110099488624,0.24588466101694914,322.09199491525425,0.0,59.0,0.22869484726936126
Ruler,bot,LCK,1,107,0.757,Gen.G,70.8,69.0,72.9,58.4,69.9,68.6,7.1,6.9,7.3,5.8,7.0,6.9,350.22429906542055,68.23364485981308,2.196261682242991,628.3275420560748,0.289618538317757,9.731404672897195,1.1495327102803738,1.6709046728971964,0.49854018691588786,7.570093457943925,0.6776532630191167,0.15269461077844312,0.0,0.27574873644687803,-0.050343270431015476,0.07864013510536746,-0.5753272979612277,0.2672893457943925,276.85727196261684,0.0,107.0,0.026502022296916047
Alowhed,mid,LHE,2,37,0.486,Meta Gaming|River Plate Gaming|Undead Gaming,72.9,67.9,74.9,60.3,61.1,68.5,7.3,6.8,7.5,6.0,6.1,6.8,482.9189189189189,239.83783783783784,8.972972972972974,613.9555891891893,0.29508935135135134,8.304716216216216,0.43243243243243246,1.2622486486486486,0.2256378378378378,8.216216216216216,0.6739526411657559,0.1575492341356674,0.0,0.2991476119604925,1.0063083973100038,0.0,-0.7737660952611718,0.2361372162162162,280.0796783783784,0.0,37.0,0.507794803464357
ACD,top,PGN,3,27,0.667,Macko Esports,78.3,68.1,71.9,61.2,50.0,68.5,7.8,6.8,7.2,6.1,5.0,6.8,485.3703703703704,372.1111111111111,11.666666666666666,685.8749037037037,0.2728199259259259,8.33851851851852,0.7407407407407407,1.0656333333333334,0.2087037037037037,2.962962962962963,0.6353211009174312,0.23622047244094488,0.0,0.290389987462332,0.27721750178670707,0.5175097276264592,-0.7748646634117459,0.25151425925925924,940.0603148148148,0.0,27.0,-0.07199912222953704
pan,top,DDH,3,35,0.6,Isurus|The Kings,76.6,67.8,70.1,55.0,63.7,68.3,7.7,6.8,7.0,5.5,6.4,6.8,715.4571428571429,533.2,17.771428571428572,542.2476771428572,0.26918457142857144,8.604102857142857,0.5714285714285714,1.0282428571428572,0.15722,6.3428571428571425,0.5822550831792976,0.15492957746478872,0.0,0.21870535714285713,0.0,1.781890438712694,-0.7587518101674383,0.24818311428571427,564.3079485714286,0.0,35.0,0.5711337115446705
Bugi,jng,LLA,15,26,0.731,Estral Esports,79.7,65.4,69.1,63.2,50.1,68.1,8.0,6.5,6.9,6.3,5.0,6.8,504.34615384615387,254.07692307692307,1.8076923076923077,495.8615730769231,0.19819476153846155,6.093811538461538,0.7307692307692307,1.3132230769230768,0.35435000000000005,10.923076923076923,0.7631027253668763,0.18027210884353742,0.0,0.24979761648580243,0.021228545618789584,0.2761763981276177,-0.6904927636568909,0.2157761923076923,783.0035846153846,0.0,26.0,0.049542272482498664
Kellin,sup,LCK,1,112,0.625,Dplus Kia,67.3,68.9,68.8,67.3,68.0,68.0,6.7,6.9,6.9,6.7,6.8,6.8,189.53571428571428,-66.08928571428571,-3.9910714285714284,179.72974642857142,0.09011406785714285,0.8398214285714286,0.03571428571428571,2.8076839285714286,0.3280607142857143,17.875,0.7494722026741731,0.19489981785063754,0.0,0.2738008740931559,-0.0009884344718635483,-0.16669623521924384,-0.7367614011646224,0.09339746875,243.56888750000002,0.0,112.0,0.06903483287848115
Daglas,jng,GLL,3,56,0.625,Anorthosis Famagusta Esports,79.7,63.3,67.0,56.6,65.7,68.0,8.0,6.3,6.7,5.7,6.6,6.8,687.9107142857143,472.875,11.303571428571429,496.5131125,0.2187769732142857,6.546457142857143,0.8928571428571429,1.2790267857142859,0.2773696428571429,8.767857142857142,0.7369519832985386,0.17710843373493976,0.0,0.21328568149775404,0.15786639499345065,1.5306360064037257,-0.8347330164122071,0.22360603571428572,710.3934553571428,0.0,56.0,-0.03775952543919689
Nafkelah,mid,LFL2,2,61,0.525,Tony Parker Adéquat Academy,76.5,65.9,63.4,64.4,62.0,68.0,7.7,6.6,6.3,6.4,6.2,6.8,297.57377049180326,217.70491803278688,5.245901639344262,749.0992524590164,0.33064590163934426,8.616152459016392,0.6229508196721312,1.0311901639344263,0.15480983606557377,5.180327868852459,0.7315634218289085,0.13841201716738197,0.0,0.25590395753431394,0.2054840921557872,-0.11768033461327473,-0.8216302873961591,0.2540123442622951,272.89451311475415,0.0,61.0,0.15153746291840287
Elyoya,jng,LEC,1,57,0.509,MAD Lions KOI,75.2,72.2,66.9,64.2,46.1,67.8,7.5,7.2,6.7,6.4,4.6,6.8,356.82456140350877,291.3859649122807,9.666666666666666,300.4867754385965,0.15414271578947367,5.622498245614035,0.40350877192982454,1.5631456140350877,0.4996982456140351,12.210526315789474,0.7410256410256411,0.18947368421052632,11.333333333333334,0.317261730284354,-0.4621754806192846,0.1748942699951346,-0.9459945367774016,0.18699063157894738,797.1046070175438,0.0,57.0,-0.13075752283048062
tinowns,mid,CBLOL,15,61,0.607,LOUD,65.1,72.7,68.2,66.6,65.1,67.8,6.5,7.3,6.8,6.7,6.5,6.8,198.75409836065575,177.11475409836066,0.2786885245901639,577.6872967213114,0.2594656393442623,8.362095081967214,0.4918032786885246,1.209134426229508,0.2680311475409836,9.081967213114755,0.7147239263803681,0.11926605504587157,0.0,0.2513555261332829,0.2902957486136784,-0.22146487985212568,-0.7354486525256202,0.23490467213114755,342.1725114754098,0.0,61.0,0.12755565651976375
TakeSet,bot,PRM,3,72,0.597,FC Schalke 04 Esports,72.9,72.4,57.2,55.8,74.1,67.7,7.3,7.2,5.7,5.6,7.4,6.8,467.8888888888889,380.06944444444446,19.75,621.1646847222223,0.2745983472222222,10.01152777777778,0.9583333333333334,1.4306333333333334,0.4338680555555555,3.75,0.6519784172661871,0.14076246334310852,0.0,0.23178920604446926,0.2985205746701761,-0.32301159756046494,-0.8976900113349348,0.27550545833333334,305.63620833333334,0.0,72.0,0.3649917794644265
Crazy,top,TCL,15,46,0.543,Galatasaray Esports,78.5,69.7,61.7,59.2,54.3,67.5,7.8,7.0,6.2,5.9,5.4,6.8,1049.2173913043478,568.7173913043479,24.02173913043478,571.9781195652174,0.28440052173913044,8.474958695652173,0.5217391304347826,1.0595260869565217,0.23602608695652175,4.3478260869565215,0.6109324758842444,0.18032786885245902,0.0,0.27380078316201667,-0.1050756127237964,-0.44789674952198855,-0.9735898290498359,0.24260747826086956,669.947197826087,0.0,46.0,0.106901430592674
Putin,top,EL,3,40,0.9,Saprissa Esports,75.9,68.8,59.3,58.5,67.0,67.5,7.6,6.9,5.9,5.8,6.7,6.8,628.8,280.75,8.45,580.4149725,0.254264675,8.13303,0.825,0.9825950000000001,0.192465,5.55,0.5904761904761905,0.1651376146788991,0.0,0.15157894736842106,-0.09470644527642996,-0.34069808438124344,-0.5230914741641796,0.22961839999999997,543.11542,0.0,40.0,0.21511246997160965
Enga,mid,LMF,2,57,0.772,Pampas,68.8,67.0,74.6,59.0,66.8,67.5,6.9,6.7,7.5,5.9,6.7,6.8,569.4035087719299,349.49122807017545,8.666666666666666,531.6331877192982,0.2610038596491228,8.196338596491229,0.2807017543859649,1.2391842105263158,0.24088947368421054,6.771929824561403,0.6293359762140733,0.14091680814940577,0.0,0.3393720806480222,0.00799284223083828,0.12212943632567859,-0.5871753635913534,0.22995528070175436,302.83233333333334,0.0,57.0,0.21460683019165547
Rekkles,bot,LFL,2,75,0.613,Karmine Corp,72.4,72.6,61.5,57.2,65.1,67.4,7.2,7.3,6.2,5.7,6.5,6.7,285.76,455.2266666666667,11.36,611.2728333333333,0.27488284933333335,10.012904,0.76,1.4687293333333333,0.42462933333333336,4.24,0.6386266094420601,0.12092534174553102,0.0,0.24212656386554127,-0.443468444632589,0.17552709869357142,-0.6930796961718183,0.27172102666666664,232.57084266666666,0.0,75.0,-0.15953142410604457
Raes,bot,LCO,15,64,0.797,Chiefs Esports Club,75.7,61.3,66.4,60.0,70.4,67.3,7.6,6.1,6.6,6.0,7.0,6.7,821.875,320.3125,9.6875,618.8818671875,0.2746695,9.129896875,1.375,1.427478125,0.368775,4.59375,0.6896853146853147,0.17548746518105848,0.0,0.23093804898893713,-0.12030082740258809,-0.026977368972269062,-0.6419492321103707,0.26601190625,325.1808640625,0.0,64.0,0.2349716756255971
Moyashi,bot,LJLA,3,20,0.5,Sengoku Gaming Academy,72.1,80.7,56.5,68.7,38.5,67.3,7.2,8.1,5.7,6.9,3.9,6.7,462.7142857142857,191.78571428571428,2.2142857142857144,693.33177,0.29947650000000003,9.0813,0.8,1.396825,0.38159,4.1,0.7811447811447811,0.1787878787878788,1.0,0.1320259086002159,0.6144750133697785,0.7844197516192288,-0.919831464947011,0.28949189999999997,343.89626428571427,0.0,20.0,-0.4470826340211275
Stefan,jng,NLC,2,38,0.632,Riddle Esports,73.6,68.0,70.4,63.1,50.2,67.1,7.4,6.8,7.0,6.3,5.0,6.7,367.60526315789474,590.5526315789474,14.105263157894736,377.24145789473687,0.16154518157894737,6.358289473684211,0.2631578947368421,1.4908,0.35007894736842105,6.947368421052632,0.6938435940099834,0.16532258064516128,0.0,0.40100101166072083,-0.2177845528455284,-0.5257452574525744,-0.798118061717952,0.1923482105263158,913.509502631579,0.0,38.0,-0.14344997756841638
Sencux,mid,NLC,2,63,0.508,Astralis Talent,74.0,62.9,67.8,63.0,62.3,67.0,7.4,6.3,6.8,6.3,6.2,6.7,424.41269841269843,347.57142857142856,6.571428571428571,620.8698793650793,0.27384592063492064,8.108036507936509,0.8571428571428571,1.0476412698412698,0.19882539682539682,5.761904761904762,0.69164265129683,0.1564927857935627,0.0,0.27572759856630824,0.12500808381297301,0.3619608096747075,-0.8043833490023209,0.24122441269841272,381.23900476190477,0.0,63.0,0.10709084930477258
Quid,mid,LCKC,2,56,0.554,Gen.G|Gen.G Global Academy,67.8,68.5,73.6,59.3,62.9,67.0,6.8,6.8,7.4,5.9,6.3,6.7,107.21428571428571,177.46428571428572,7.75,599.6074178571429,0.28907789285714286,9.580591071428572,0.625,1.1881625,0.338625,4.910714285714286,0.6864516129032258,0.19041095890410958,0.0,0.3249348680129575,0.1843837620382785,0.8185419968304277,-0.8170330509831762,0.24922592857142858,518.6083553571428,0.0,56.0,0.3006659128031161
BAO,bot,TCL,15,27,0.593,Fenerbahçe Esports,73.5,72.8,56.7,66.2,52.8,67.0,7.3,7.3,5.7,6.6,5.3,6.7,644.7037037037037,43.074074074074076,10.555555555555555,616.0283481481482,0.30304314814814814,9.692825925925925,1.1481481481481481,1.4175592592592592,0.42579999999999996,4.518518518518518,0.77088948787062,0.15432098765432098,0.0,0.1298101436669566,0.22883784055494144,0.35763546798029555,-0.8024545741228425,0.28753603703703706,316.42306296296294,0.0,27.0,0.22883784055494144
Mercy9,mid,TAL,3,45,0.556,Beşiktaş Academy|Galakticos Academy|Gentlemen's Gaming,68.2,68.0,71.9,55.8,68.5,66.8,6.8,6.8,7.2,5.6,6.8,6.7,343.68888888888887,395.02222222222224,14.155555555555555,514.3915488888889,0.27194771111111116,8.993931111111111,0.5333333333333333,1.0764422222222223,0.25142888888888887,3.1333333333333333,0.6838810641627543,0.16586921850079744,0.0,0.28597189336139617,0.3995282032212331,0.8961349850094126,-0.7421553195387517,0.25730044444444444,362.29248,0.0,45.0,0.594885738170321
Eyla,sup,LCSA,2,108,0.75,Team Liquid|Team Liquid Academy,62.6,69.7,66.5,62.5,77.0,66.8,6.3,7.0,6.7,6.2,7.7,6.7,139.8148148148148,144.40740740740742,-6.212962962962963,195.0054814814815,0.08268023796296296,0.9642814814814814,0.046296296296296294,2.7372666666666667,0.3709175925925926,13.675925925925926,0.7314218841427735,0.19001751313485113,0.0,0.21184828943053888,0.007324300891597778,0.4637386717048195,-0.7192883427238717,0.09640574074074075,285.15459166666665,0.0,108.0,0.44006377254459106
Attila,bot,NLC,2,61,0.59,Giants|X7 Esports,73.4,69.8,56.6,60.3,64.4,66.6,7.3,7.0,5.7,6.0,6.4,6.7,256.88524590163934,75.31147540983606,7.885245901639344,695.1233918032787,0.29439400000000004,9.854240983606557,1.2295081967213115,1.3257950819672133,0.3655032786885246,3.2295081967213113,0.6888150609080842,0.1379746835443038,0.0,0.18189473684210528,0.2740801984291029,-0.44536309769877364,-0.7850353408211568,0.2859395737704918,299.50613934426224,0.0,61.0,0.2783508536005378
MnM,bot,PCS,15,54,0.481,Frank Esports,71.0,69.3,61.9,59.7,65.1,66.6,7.1,6.9,6.2,6.0,6.5,6.7,291.75925925925924,265.1666666666667,4.37037037037037,607.434237037037,0.3008529722222222,9.010961111111111,1.0925925925925926,1.5477740740740742,0.3885,4.888888888888889,0.7068965517241379,0.15805946791862285,0.0,0.21571541146009232,-0.08887031074903501,0.3426065920774116,-0.8496023718160669,0.27886462962962966,302.58213518518517,0.0,54.0,0.34640392117635294
Bie,sup,VCS,15,78,0.769,GAM Esports,69.8,66.4,73.0,52.7,69.4,66.6,7.0,6.6,7.3,5.3,6.9,6.7,141.21794871794873,74.28205128205128,2.641025641025641,188.81286794871795,0.08036470897435898,1.249548717948718,0.08974358974358974,2.7857910256410254,0.3563871794871795,14.294871794871796,0.664796633941094,0.17210682492581603,0.0,0.3013665930655845,0.1394715186259956,0.02622129123961997,-0.7089544816328198,0.10192453974358974,428.39229358974353,0.0,78.0,0.13159122725151634
Photon,top,LCKC,2,91,0.637,T1 Esports Academy,68.3,74.6,48.8,62.7,73.3,66.5,6.8,7.5,4.9,6.3,7.3,6.7,226.2207792207792,258.5194805194805,7.675324675324675,529.2219626373627,0.2382092131868132,8.71675934065934,0.5054945054945055,1.047335164835165,0.23685054945054945,4.461538461538462,0.5914454277286135,0.1682403433476395,2.7142857142857144,0.1838051963183036,-0.22795646748925547,-0.6701268542908638,-0.8724737686817838,0.24104495604395604,668.1420272727272,0.0,91.0,0.4669657380437363
Lyonz,sup,LMF,2,59,0.695,Leviatan|River Plate Gaming,75.6,61.4,63.0,60.3,67.8,66.5,7.6,6.1,6.3,6.0,6.8,6.7,421.7118644067797,379.6101694915254,17.915254237288135,181.19039661016947,0.08677059322033898,1.9604915254237287,0.03389830508474576,2.4290389830508476,0.31823898305084747,17.508474576271187,0.7235228539576366,0.19592476489028213,0.0,0.303008556305932,-0.36789702539776664,-0.4980358731099911,-0.7132365471313326,0.10370182372881356,444.46713220338984,0.0,59.0,0.40056818181818193
pinz,mid,LDL,2,79,0.722,Bilibili Gaming Junior|FunPlus Phoenix Blaze,56.2,77.7,74.7,56.1,70.1,66.4,5.6,7.8,7.5,5.6,7.0,6.6,0.0,0.0,0.0,633.469353164557,0.2868164936708861,8.941051898734178,0.0,1.4259696202531646,0.2652898734177215,5.7974683544303796,0.6795454545454546,0.1363173957273652,3.6582278481012658,0.3369280325973239,0.1542238509257265,0.1724868865416397,-0.6407264231108728,0.24411096202531646,0.0,0.0,79.0,0.1015496575342464
Tempt,mid,NLC,2,78,0.679,X7 Esports,73.2,62.3,66.5,57.5,69.5,66.3,7.3,6.2,6.7,5.8,7.0,6.6,459.87179487179486,239.2948717948718,8.666666666666666,662.8308923076924,0.26959283076923074,8.855574358974359,0.5769230769230769,1.2589435897435897,0.22432051282051282,6.0256410256410255,0.6686792452830189,0.19398340248962656,0.0,0.2625245915973245,0.16611789110829822,-0.0345138006976707,-0.7374984484525409,0.23706524358974357,395.9298705128205,0.0,78.0,0.2067273299567919
Cabochard,top,LFL,2,77,0.61,Karmine Corp,78.4,60.7,63.2,57.1,64.2,66.3,7.8,6.1,6.3,5.7,6.4,6.6,856.4675324675325,497.45454545454544,20.532467532467532,564.4865636363636,0.2553353376623376,8.766218181818182,0.5714285714285714,0.9653363636363637,0.1767948051948052,5.142857142857143,0.5988515176374077,0.21743486973947895,0.0,0.28123842592592596,-0.47295722039081994,0.1426709187830256,-0.8093878268300222,0.24902563636363634,708.8252740259741,0.0,77.0,-0.09302280389813541
JackeyLove,bot,LPL,1,128,0.633,Top Esports,76.4,60.0,60.1,57.5,72.7,66.1,7.6,6.0,6.0,5.8,7.3,6.6,921.1666666666666,220.5,11.0,642.46154140625,0.3034947578125,9.0560421875,0.0546875,1.4182828125,0.47110234375,5.9453125,0.7084221748400853,0.20569840166782488,2.6475409836065573,0.21962314539080402,-0.10852197540465545,-0.09237491313578769,-0.7559844933213976,0.2666992265625,276.6486,0.0,128.0,0.13641761443629644
Uprising,top,EL,3,29,0.621,Aurelius Esports|Goat Esports,65.3,73.4,64.9,65.7,54.6,66.1,6.5,7.3,6.5,6.6,5.5,6.6,182.31034482758622,131.3448275862069,4.0344827586206895,547.3291413793103,0.2585382068965517,7.5883551724137925,0.41379310344827586,1.1163310344827588,0.21703448275862067,3.793103448275862,0.6102449888641426,0.17899761336515513,0.0,0.22161263581991106,0.43739578198903023,0.06593395068849439,-0.8367863023011701,0.22519806896551725,797.1902862068965,0.0,29.0,0.28461218370755453
Siwoo,top,LAS,3,39,0.59,Dplus Kia Academy,71.9,58.1,67.0,67.2,65.9,66.1,7.2,5.8,6.7,6.7,6.6,6.6,290.3333333333333,181.35897435897436,10.846153846153847,628.730741025641,0.22091620512820512,7.762751282051282,0.6666666666666666,0.860397435897436,0.15302307692307693,4.743589743589744,0.5472186287192755,0.16224188790560473,0.0,0.3063263560840528,0.38577551992379755,-0.27488490236545476,-0.9418503776779897,0.211330641025641,1013.5545102564103,0.0,39.0,0.8984700450934076
Skeanz,jng,LFL,2,109,0.688,Vitality.Bee,67.6,61.6,63.9,64.7,75.8,66.0,6.8,6.2,6.4,6.5,7.6,6.6,218.30275229357798,250.37614678899084,2.981651376146789,360.7151633027523,0.15326580458715597,5.967078899082569,0.5321100917431193,1.27825871559633,0.27974678899082567,11.458715596330276,0.7042181069958847,0.160828025477707,0.0,0.23429277877370788,0.006150839882225876,-0.4470201656463809,-0.6438642353726496,0.19130288073394497,832.3443036697248,0.0,109.0,0.0429314565483477
Wamu,top,LHE,2,52,0.538,Meta Gaming|Stone Movistar,68.5,69.8,65.1,59.3,61.8,66.0,6.8,7.0,6.5,5.9,6.2,6.6,372.0576923076923,103.78846153846153,8.26923076923077,514.6746865384615,0.2649117692307692,8.420184615384615,0.34615384615384615,1.1883230769230768,0.16687884615384616,5.019230769230769,0.5648648648648649,0.1672077922077922,0.0,0.21611555864949533,0.49016941469771674,0.0,-0.8745670132148482,0.24122225,634.4591865384615,0.0,52.0,0.4164064717570254
Roison,mid,LFL2,2,64,0.719,IziDream,74.2,57.7,68.3,62.6,64.1,65.9,7.4,5.8,6.8,6.3,6.4,6.6,235.328125,173.71875,5.8125,688.241096875,0.287680390625,8.543729687499999,1.03125,0.8683375,0.124646875,3.59375,0.715622076707203,0.1440922190201729,0.0,0.28401610836536706,0.013597299539579093,-0.3915148290996143,-0.6083690251806306,0.2543974375,304.1900171875,0.0,64.0,-0.07164913083257089
Rylle,mid,NLC Aurora Open,3,20,0.7,Nativz,77.9,66.3,66.6,53.0,51.3,65.9,7.8,6.6,6.7,5.3,5.1,6.6,1004.25,597.85,17.25,593.976985,0.25701067499999997,8.536575000000001,0.75,1.10312,0.244855,2.55,0.5848484848484848,0.11059907834101383,0.0,0.2388327721661055,0.18086838534599728,0.1955223880597015,-0.6416705436892346,0.2388938,358.37721999999997,0.0,20.0,0.15394736842105264
Forest,jng,LCKC,2,91,0.637,T1 Esports Academy,70.2,70.1,54.2,56.5,72.3,65.7,7.0,7.0,5.4,5.7,7.2,6.6,433.12987012987014,342.6363636363636,10.376623376623376,346.3801989010989,0.15385199010989012,5.9402923076923075,0.2967032967032967,1.5576285714285716,0.471510989010989,10.626373626373626,0.6910029498525073,0.22832618025751072,8.357142857142858,0.24935906827835966,-0.1676937809009404,-0.5423464029786409,-0.9337422007741852,0.18349592307692308,730.1743324675325,0.0,91.0,0.3759030350541881
Xpontaneous,bot,VL,3,47,0.851,Descuydado Aucas Esports,70.9,64.6,66.8,58.1,63.6,65.7,7.1,6.5,6.7,5.8,6.4,6.6,527.936170212766,338.51063829787233,9.02127659574468,611.2774170212766,0.26747844680851063,8.168668085106383,1.0425531914893618,1.2556787234042552,0.3072085106382979,4.404255319148936,0.6455981941309256,0.13345864661654136,0.0,0.22999151038048932,0.35577538701810113,-0.2590865521618611,-0.6091146399558274,0.2374784255319149,223.4886170212766,0.0,47.0,-0.1554307116104869
Honey,bot,LJL,15,38,0.658,QT DIG∞,69.0,72.4,64.7,59.8,52.5,65.7,6.9,7.2,6.5,6.0,5.2,6.6,165.02631578947367,282.57894736842104,6.657894736842105,605.5441921052632,0.3184157105263158,10.160236842105263,0.6578947368421053,1.5040052631578948,0.4945921052631579,5.184210526315789,0.712890625,0.16030534351145037,0.0,0.23535176944267852,-0.317241335200926,0.0757046645048642,-0.6650657269359576,0.28120526315789474,305.72221315789477,0.0,38.0,-0.2006183062824334
SAKEN,mid,LFL,2,84,0.607,Karmine Corp,70.2,69.7,57.2,60.1,63.8,65.6,7.0,7.0,5.7,6.0,6.4,6.6,367.1309523809524,202.28571428571428,8.071428571428571,621.3218488095239,0.27711290714285713,8.736323809523808,0.4642857142857143,1.299945238095238,0.25411666666666666,4.309523809523809,0.658008658008658,0.1511627906976744,0.0,0.23062301943019553,-0.4421701769165965,0.0412056538425538,-0.7283280360958065,0.2370415357142857,336.2533166666667,0.0,84.0,-0.3221146901632239
Ssol,bot,LJL,15,63,0.571,Rascal Jester,72.3,69.9,55.1,63.4,55.7,65.5,7.2,7.0,5.5,6.3,5.6,6.5,303.04761904761904,-30.650793650793652,0.6984126984126984,668.9667761904763,0.34841120317460317,9.53387619047619,0.9047619047619048,1.3696555555555556,0.47891269841269846,3.507936507936508,0.8220024721878862,0.20523415977961432,0.0,0.16303900647865122,0.16600231033304585,-0.06006865919333584,-0.8772085768758602,0.292708,317.6976841269841,0.0,63.0,-0.3470383983413913
Chasy,top,NLC,2,43,0.651,X7 Esports,71.7,72.4,51.0,65.2,54.9,65.5,7.2,7.2,5.1,6.5,5.5,6.5,435.72093023255815,-22.930232558139537,10.232558139534884,599.1165209302326,0.2340643023255814,8.145958139534883,0.627906976744186,1.1696279069767441,0.22459069767441864,6.883720930232558,0.6198224852071006,0.20733944954128442,0.0,0.11878787878787879,0.24961213249553954,-0.18276316810177642,-0.8650638548689872,0.22781144186046512,742.0206534883721,0.0,43.0,0.17295447042810946
Prince,bot,LCK,1,58,0.586,Liiv SANDBOX,75.5,71.5,46.9,62.7,55.5,65.4,7.5,7.2,4.7,6.3,5.5,6.5,349.17241379310343,413.6034482758621,11.53448275862069,606.2060448275863,0.2902994137931034,10.217658620689654,1.2586206896551724,1.5232844827586207,0.44999482758620685,4.810344827586207,0.7425068119891008,0.1548872180451128,0.0,0.1469929695858169,0.1260295126973233,-0.570546131973723,-0.8839471166520256,0.2986150344827586,375.0313982758621,0.0,58.0,0.20650779101741498
Own3r,jng,LPLOL,3,75,0.693,For The Win Esports,68.1,63.4,63.6,58.6,73.8,65.3,6.8,6.3,6.4,5.9,7.4,6.5,224.4,128.86666666666667,3.506666666666667,407.423632,0.170819984,5.923222666666667,0.6133333333333333,1.37374,0.36391199999999996,9.573333333333334,0.674504041146216,0.17485822306238186,0.0,0.23383471449653762,0.10449914074822324,0.12623917374862778,-0.8034934901936793,0.20107677333333332,882.4281960000001,0.0,75.0,0.010122555394150112
Keine,mid,LLA,15,36,0.417,XTEN Esports,77.6,73.5,54.2,56.1,44.2,65.3,7.8,7.3,5.4,5.6,4.4,6.5,415.1111111111111,373.3888888888889,15.222222222222221,625.4256194444445,0.31288852777777776,9.859402777777778,0.7222222222222222,1.2282861111111112,0.32000833333333334,6.388888888888889,0.7191011235955056,0.13743218806509946,0.0,0.21339542528420757,0.1635379671909353,-0.6211736851006256,-0.9300574934642488,0.2749588055555556,363.9625305555556,0.0,36.0,-0.21622333421121942
Kaiwing,sup,PCS,15,87,0.644,PSG Talon,63.8,70.2,53.6,69.0,68.8,65.3,6.4,7.0,5.4,6.9,6.9,6.5,178.68965517241378,227.35632183908046,2.8735632183908044,147.78846781609195,0.07509123448275862,1.2524241379310344,0.05747126436781609,2.529490804597701,0.35918620689655173,14.160919540229886,0.7860869565217391,0.17889908256880735,0.0,0.18609972284451845,-0.2897343831573564,-0.39080239087121893,-0.8016410016238255,0.09619396781609195,448.0811505747127,0.0,87.0,-0.0730078645048095
Levi,jng,VCS,15,87,0.747,GAM Esports,74.9,61.2,60.5,54.2,71.0,65.3,7.5,6.1,6.0,5.4,7.1,6.5,262.735632183908,279.4712643678161,5.747126436781609,399.16889540229886,0.16781284827586207,6.0312988505747125,0.45977011494252873,1.5783459770114943,0.35348505747126435,10.620689655172415,0.6919191919191919,0.1987794245858762,0.0,0.18667277116457173,-0.02612707066470968,0.07858565737051791,-0.7858869965801116,0.19316241379310342,750.3525482758621,0.0,87.0,-0.08724739827102035
zamulek,bot,LVP SL,2,62,0.661,JD|XL|UCAM Esports,70.3,64.4,67.1,55.9,63.8,65.2,7.0,6.4,6.7,5.6,6.4,6.5,274.0,132.4516129032258,6.741935483870968,653.7284709677419,0.2713918709677419,9.07452741935484,1.1290322580645162,1.5393274193548387,0.32050806451612907,5.306451612903226,0.6429906542056075,0.16707317073170733,0.0,0.28593813500937776,-0.38630705394190873,0.49813278008298745,-0.7328508021672971,0.25730651612903227,284.82805,0.0,62.0,0.12413326568577722
Zerkxz,mid,DDH,3,66,0.652,Atheris Esports,68.7,64.0,64.2,56.5,72.4,65.2,6.9,6.4,6.4,5.7,7.2,6.5,250.42424242424244,267.90909090909093,9.06060606060606,576.3147727272727,0.27013898484848486,9.076045454545454,0.696969696969697,0.9974954545454545,0.24321666666666664,5.045454545454546,0.6456310679611651,0.15058823529411763,0.0,0.24620089245528082,0.0,0.5938362465501381,-0.7518500926452092,0.24799643939393937,404.4293818181818,0.0,66.0,0.16563278243151458
HolyPhoenix,bot,TCL,15,63,0.667,İstanbul Wildcats,62.3,58.4,76.0,67.8,69.4,65.2,6.2,5.8,7.6,6.8,6.9,6.5,114.39682539682539,229.42857142857142,1.0634920634920635,561.0960507936509,0.2617569047619048,9.019715873015874,1.0793650793650793,1.0591079365079366,0.29712539682539685,3.3492063492063493,0.7194388777555111,0.14,0.0,0.28927274075172366,0.3725655205578267,0.3607838422697765,-0.6534428398625621,0.274145619047619,345.3364507936508,0.0,63.0,0.20026102088167066
Pooh,sup,LAS,3,40,0.525,Hanwha Life Esports Academy,72.6,61.4,68.4,57.0,61.4,65.2,7.3,6.1,6.8,5.7,6.1,6.5,310.575,182.65,2.375,206.83883500000002,0.09182130499999999,1.3108549999999999,0.1,2.329215,0.2722525,15.2,0.6915077989601387,0.15471698113207547,0.0,0.3320090648413653,0.0,0.0,-0.7989481712300667,0.10164821500000001,341.0387925,0.0,40.0,0.09715558254884087
FIESTA,mid,LCKC,2,110,0.491,Nongshim Esports Academy|Nongshim RedForce,60.9,74.2,58.2,59.0,73.3,65.1,6.1,7.4,5.8,5.9,7.3,6.5,93.97115384615384,19.076923076923077,0.7307692307692307,596.5913245454545,0.2904298090909091,8.57395,0.4,1.2329336363636365,0.26415727272727274,7.181818181818182,0.7051546391752578,0.20218579234972678,5.666666666666667,0.24531626634191595,-0.06659423174910575,0.2933260274754988,-0.9417990185690451,0.24073564545454545,351.8820442307693,0.0,110.0,0.2047267085874732
369,top,LPL,1,121,0.669,JD Gaming,77.5,56.7,52.0,65.5,69.4,65.1,7.8,5.7,5.2,6.5,6.9,6.5,703.2142857142857,429.2857142857143,14.928571428571429,581.7617933884297,0.2557968181818182,7.957078512396694,0.049586776859504134,0.9570933884297521,0.21335454545454544,4.702479338842975,0.6060606060606061,0.23086654016445288,3.0654205607476634,0.21673444803657102,-0.38637666948938526,-0.6699733800094811,-0.8775059725522468,0.22292433884297522,1071.4902857142856,0.0,121.0,0.10448329566094917
Aiming,bot,LCK,1,98,0.49,KT Rolster,67.3,65.8,64.2,56.1,71.4,65.1,6.7,6.6,6.4,5.6,7.1,6.5,126.37755102040816,137.78571428571428,5.530612244897959,575.6074581632653,0.29462363265306124,9.924672448979592,1.0510204081632653,1.5190214285714287,0.4753857142857143,5.479591836734694,0.6906957250628667,0.15808170515097691,0.0,0.29241585639491396,-0.2541144901610018,-0.29293381037567084,-0.8126544914644589,0.2821212959183674,310.37522244897957,0.0,98.0,0.3787930446641664
Madblade,sup,EL,3,42,0.905,Saprissa Esports,60.0,70.4,71.7,60.8,63.7,65.1,6.0,7.0,7.2,6.1,6.4,6.5,357.8095238095238,21.38095238095238,-3.761904761904762,169.2583023809524,0.0747031119047619,1.2352547619047618,0.047619047619047616,2.586209523809524,0.3391214285714286,11.619047619047619,0.7555266579973993,0.18181818181818182,0.0,0.3127694599043662,-0.18849783893446231,0.6362353356267091,-0.6521040087135596,0.1045877880952381,324.5851119047619,0.0,42.0,-0.06490931786474771
Kindless,bot,LMF,2,69,0.754,Estral Esports|Pampas,65.5,66.6,63.7,62.9,65.5,65.1,6.5,6.7,6.4,6.3,6.5,6.5,312.28985507246375,44.43478260869565,-3.8405797101449277,604.9306478260869,0.2775975797101449,8.030882608695652,1.2318840579710144,1.4200057971014493,0.3403188405797101,7.057971014492754,0.7010475423045931,0.17479674796747968,0.0,0.21492283346662358,-0.08356624263710417,0.08010249086403154,-0.6563192355545399,0.24882507246376812,235.33270434782608,0.0,69.0,-0.04837422609493245
Bvoy,bot,LLA,15,29,0.552,Estral Esports,70.2,68.6,69.5,56.1,50.6,65.1,7.0,6.9,7.0,5.6,5.1,6.5,464.51724137931035,364.6896551724138,6.103448275862069,566.9060862068966,0.2972566551724138,9.163541379310345,0.896551724137931,1.5520103448275862,0.43952068965517244,5.0,0.7272727272727273,0.18489583333333334,0.0,0.27580746738641476,0.046433753767161655,0.2068311195445922,-0.8250616964057365,0.2695508620689655,254.61086206896553,0.0,29.0,0.0949612403100775
Spike,bot,LAS,3,39,0.538,Hanwha Life Esports Academy,63.0,74.6,62.2,63.1,55.9,65.1,6.3,7.5,6.2,6.3,5.6,6.5,439.5897435897436,237.89743589743588,5.333333333333333,559.0709435897436,0.24656028205128203,9.314802564102564,0.8974358974358975,1.3702538461538463,0.4425666666666667,5.17948717948718,0.6783216783216783,0.12840466926070038,0.0,0.24646324549237172,0.0,0.0,-0.7277122946083469,0.2613414102564103,292.7568333333333,0.0,39.0,-0.17249904353814366
Gori,mid,PCS,15,64,0.578,FunPlus Phoenix|PSG Talon,70.4,70.2,52.9,60.1,63.2,65.0,7.0,7.0,5.3,6.0,6.3,6.5,183.62857142857143,188.22857142857143,6.2,589.761440625,0.2842645125,8.84145,0.59375,1.025759375,0.2120890625,5.078125,0.7255639097744361,0.20666666666666667,1.896551724137931,0.20531738024424745,-0.05675739419012598,-0.15458241643679688,-0.9735246379879837,0.23819453125,392.35524285714285,0.0,64.0,0.20802408431365277
Seranok,mid,PGC,2,37,0.568,Bay State College,77.4,57.1,68.7,54.8,59.6,65.0,7.7,5.7,6.9,5.5,6.0,6.5,479.4594594594595,440.0,6.45945945945946,719.3691594594594,0.2864482972972973,7.885189189189189,0.8108108108108109,1.1140783783783783,0.16855405405405408,5.4324324324324325,0.6020539152759948,0.14181286549707603,0.0,0.33154326302195436,0.3803533429009749,-0.8301578660860098,-0.8011190715128634,0.23162827027027025,276.12025675675676,0.0,37.0,0.4622929701877072
Lamabear,jng,PRMP,3,23,0.739,Hertha BSC eSport,66.4,70.5,63.5,60.3,57.6,65.0,6.6,7.0,6.3,6.0,5.8,6.5,357.0869565217391,151.0,-0.6521739130434783,409.9822043478261,0.16800026956521738,5.939495652173912,0.43478260869565216,1.4474173913043478,0.36005652173913044,7.869565217391305,0.705607476635514,0.1527777777777778,0.0,0.2097972547538093,0.0,-0.5145972564192753,-0.579204528663876,0.19438704347826086,669.527152173913,0.0,23.0,0.29750778816199386
Larssen,mid,LEC,1,73,0.603,Rogue,76.9,53.4,68.9,61.9,58.7,64.9,7.7,5.3,6.9,6.2,5.9,6.5,354.3835616438356,386.90410958904107,9.04109589041096,596.4538684931507,0.2735303424657534,8.83611506849315,0.4794520547945205,0.8520232876712328,0.14840273972602738,2.506849315068493,0.7172211350293543,0.145985401459854,2.642857142857143,0.20898106622577262,0.13410394286759106,1.0769701992720984,-0.7734894390051722,0.25043105479452055,342.13523287671234,0.0,73.0,0.013454424346169478
Julbu,jng,PGN,3,26,0.231,RATE Gaming|Samsung Morning Stars,70.0,58.8,63.1,61.2,72.4,64.9,7.0,5.9,6.3,6.1,7.2,6.5,33.0,429.7692307692308,11.26923076923077,404.70673846153846,0.19126665384615385,6.286726923076923,0.4230769230769231,1.2803615384615386,0.31114615384615385,7.730769230769231,0.72,0.20449897750511248,0.0,0.11602224123182209,3.5311140121845086,0.0,-1.3701960806238807,0.20917673076923077,928.7515192307692,0.0,26.0,3.416907997326799
Secret,sup,LJL,15,63,0.571,Rascal Jester,73.1,68.8,52.1,64.6,53.6,64.9,7.3,6.9,5.2,6.5,5.4,6.5,296.36507936507934,322.0952380952381,4.380952380952381,176.79413333333332,0.09578032539682539,1.267468253968254,0.015873015873015872,2.606695238095238,0.34600000000000003,15.317460317460318,0.8220024721878862,0.22038567493112948,0.0,0.12376448413486923,0.1881247153326987,0.030102273197797225,-0.9465574538819218,0.10316717301587301,426.0917285714286,0.0,63.0,-0.3245468482727
Noah,bot,LCKC,2,83,0.566,KT Rolster Challengers,63.0,67.7,62.8,62.8,68.2,64.8,6.3,6.8,6.3,6.3,6.8,6.5,142.3734939759036,158.97590361445782,-2.4698795180722892,574.6918060240964,0.2751516626506024,9.27477469879518,1.1204819277108433,1.286421686746988,0.39125301204819274,6.301204819277109,0.7169650468883205,0.1704312114989733,0.0,0.29193428133486615,-0.03641672029761242,-0.5542028348533128,-0.7669238346592114,0.2708265180722892,304.3717578313253,0.0,83.0,0.01854054505237683
Yeon,bot,LCSA,2,115,0.696,Team Liquid|Team Liquid Academy,73.8,54.4,63.7,57.8,75.3,64.8,7.4,5.4,6.4,5.8,7.5,6.5,355.44347826086954,129.0608695652174,9.304347826086957,678.4196652173913,0.2873208052173913,9.086359999999999,1.182608695652174,1.2262330434782607,0.32635565217391305,5.173913043478261,0.6797599563557011,0.20072727272727273,0.0,0.19400690801004836,0.23291878990983497,0.3731974913104262,-0.7866805302387646,0.2594172086956522,362.17210260869564,0.0,115.0,0.07368571314256338
Manaty,jng,LFL2,2,40,0.5,Joblife,67.6,66.7,64.9,63.1,56.0,64.8,6.8,6.7,6.5,6.3,5.6,6.5,480.4,357.8,2.725,320.73510500000003,0.1542227725,6.160005,0.3,1.3920949999999999,0.39274,9.4,0.7135593220338983,0.1913214990138067,0.0,0.35129077665259045,-0.33639562157935887,-0.8358092259577795,-0.7388671542627637,0.193299025,878.4536725,0.0,40.0,0.06931335412175876
Crownie,bot,LFL,2,93,0.624,Team BDS Academy,64.5,64.4,67.9,55.9,73.5,64.7,6.5,6.4,6.8,5.6,7.3,6.5,266.9462365591398,126.23655913978494,9.279569892473118,592.0114161290322,0.2635146559139785,9.660863440860215,0.6129032258064516,1.3405301075268818,0.40784838709677423,4.118279569892473,0.6442028985507247,0.16154452324665092,0.0,0.3035156647358792,-0.06730620410218728,0.06852533316700984,-0.764308519606352,0.2699973548387097,355.0277365591398,0.0,93.0,0.31686808057949406
Upset,bot,LEC,1,76,0.579,Fnatic,71.1,61.7,65.6,63.2,56.3,64.7,7.1,6.2,6.6,6.3,5.6,6.5,341.60526315789474,249.10526315789474,11.526315789473685,609.6138026315789,0.27052807894736847,9.694686842105263,0.8552631578947368,1.2656934210526316,0.2813684210526316,4.0,0.6689723320158103,0.09494949494949495,3.2941176470588234,0.2641270987542878,-0.2022065817005897,-0.2771542704964809,-0.681726503543905,0.2710796842105263,284.5886078947368,0.0,76.0,-0.09656961660420854
Nothing,bot,LMF,2,66,0.758,Leviatan,54.1,70.7,74.1,64.7,65.8,64.7,5.4,7.1,7.4,6.5,6.6,6.5,211.28787878787878,137.5909090909091,-8.56060606060606,522.1079090909092,0.2514899393939394,8.012103030303031,0.9090909090909091,1.431940909090909,0.38627575757575755,6.2727272727272725,0.6670020120724346,0.13819875776397517,0.0,0.41670411648391154,-0.22419630886563083,-0.4499304277570806,-0.6061854940069614,0.24626343939393938,273.62233030303025,0.0,66.0,-0.031472461596103445
Jiejie,jng,LPL,1,102,0.578,EDward Gaming,61.6,66.9,69.6,63.2,62.1,64.6,6.2,6.7,7.0,6.3,6.2,6.5,578.0,127.54545454545455,0.7272727272727273,266.13155196078435,0.12549474705882355,5.1540735294117646,0.00980392156862745,1.6536117647058823,0.4698382352941176,10.872549019607844,0.6980568011958147,0.20108205590622183,9.68131868131868,0.2717306048243099,-0.0265912073490814,0.1326771653543307,-0.8529975755501239,0.16456504901960783,896.1212454545454,0.0,102.0,-0.056341111723450764
SAJATOR,mid,HM,3,66,0.53,eSuba,61.8,68.6,62.5,58.7,73.3,64.6,6.2,6.9,6.2,5.9,7.3,6.5,172.3939393939394,-8.833333333333334,4.242424242424242,561.7337045454545,0.25840795454545457,8.357030303030303,0.7727272727272727,1.1776621212121212,0.21126212121212123,7.242424242424242,0.6817288801571709,0.15520446096654275,0.0,0.2709937303056882,0.08123111286296163,-0.08027854421232414,-0.7793462162481967,0.24214310606060607,321.1752257575758,0.0,66.0,0.33010286146817513
Mart,jng,LPLOL,3,67,0.597,White Dragons,72.0,66.4,53.8,54.5,70.0,64.6,7.2,6.6,5.4,5.5,7.0,6.5,148.1044776119403,97.86567164179104,3.253731343283582,463.50092835820897,0.20252886567164177,5.881238805970149,0.5671641791044776,1.5644462686567164,0.40505671641791047,9.044776119402986,0.7106976744186047,0.22174840085287847,0.0,0.21815221815221816,-0.3592555679812311,-0.2629557944484605,-0.873187906411052,0.20218823880597014,778.361391044776,0.0,67.0,-0.007233162172630019
Piqueos,mid,DDH,3,57,0.719,Incubus|Six Karma,63.7,61.8,68.8,60.7,72.8,64.6,6.4,6.2,6.9,6.1,7.3,6.5,166.68421052631578,133.6315789473684,2.2982456140350878,566.1401333333333,0.26135301754385964,8.168778947368422,0.7894736842105263,1.1739912280701754,0.14198245614035088,7.491228070175438,0.6702334630350194,0.16,0.0,0.23203995121807872,0.2346550747662863,0.6311039519848188,-0.6392672739851504,0.22805833333333334,336.1988543859649,0.0,57.0,0.3819761765015521
Feitan,sup,LHE,2,59,0.814,Furious Gaming,70.4,63.7,67.5,49.8,68.2,64.6,7.0,6.4,6.8,5.0,6.8,6.5,335.1864406779661,270.33898305084745,2.3728813559322033,180.37490677966102,0.07860026271186442,1.2087101694915254,0.06779661016949153,2.936349152542373,0.43617966101694916,15.40677966101695,0.6754617414248021,0.25105782792665726,0.0,0.27670062770159776,-0.06362806568989067,0.20420522743495562,-0.7701497766143947,0.10066046779661017,447.8794559322034,0.0,59.0,0.5032032835945841
Brance,bot,CBLOL,15,65,0.646,LOUD|LOUD Academy,66.4,62.5,65.2,63.2,65.5,64.6,6.6,6.2,6.5,6.3,6.5,6.5,248.4923076923077,-33.38461538461539,0.26153846153846155,616.5306369230769,0.2797506769230769,8.71158923076923,1.2307692307692308,1.3309292307692309,0.3240584615384616,6.6461538461538465,0.6987951807228916,0.15071507150715072,0.0,0.2802092729568826,-0.24478131683037155,-0.6423049262855088,-0.7046134278749343,0.26286827692307696,297.4636907692308,0.0,65.0,-0.05146483472474651
Wako,bot,PCS,15,72,0.556,Beyond Gaming,73.5,65.6,49.7,57.9,68.6,64.6,7.3,6.6,5.0,5.8,6.9,6.5,303.6388888888889,250.25,1.9583333333333333,637.3347819444444,0.32157641666666664,9.399969444444444,1.1944444444444444,1.3012249999999999,0.39561388888888893,5.222222222222222,0.7200811359026369,0.15831435079726652,0.0,0.15014738393515106,-0.12634687595261465,-0.13936121233876192,-0.8586378562258039,0.27713806944444447,257.32736527777774,0.0,72.0,0.18202698822853863
bluerzor,jng,LVP SL,2,79,0.62,Team Heretics,62.7,72.9,52.9,64.9,65.6,64.5,6.3,7.3,5.3,6.5,6.6,6.5,493.0126582278481,138.79746835443038,3.088607594936709,314.0622860759494,0.13869491012658228,5.349418987341773,0.22784810126582278,1.6168620253164556,0.423153164556962,10.708860759493671,0.7061328790459966,0.17525773195876287,0.0,0.15342049914352002,-0.053216013506932155,0.07665833306276161,-0.8651960542708804,0.18133368354430382,731.7703164556963,0.0,79.0,0.0047844723496740064
WhiteKnight,top,LVP SL,2,55,0.4,Astralis|KOI,50.3,72.3,71.3,70.4,66.3,64.5,5.0,7.2,7.1,7.0,6.6,6.5,-83.38181818181818,132.52727272727273,-1.0545454545454545,444.80883454545454,0.23324682181818182,7.980461818181818,0.16363636363636364,1.0658018181818183,0.16762545454545455,5.2727272727272725,0.6194690265486725,0.15406562054208273,0.5,0.26796061884669486,0.2669320714088984,0.6585292571171035,-0.8339431833890425,0.22230658181818183,740.2862218181818,0.0,55.0,0.5976331360946744
Heroic,mid,LPLOL,3,68,0.647,EGN Esports,74.8,55.5,59.6,59.2,71.8,64.5,7.5,5.5,6.0,5.9,7.2,6.5,449.13235294117646,145.64705882352942,11.588235294117647,672.1541808823529,0.27916375,8.200319117647059,0.8235294117647058,0.9023514705882353,0.15855882352941175,2.7794117647058822,0.6756756756756757,0.1630859375,0.0,0.27965934629184247,-0.17008998451429275,-0.16025614196626625,-0.7838375681437887,0.2494926323529412,415.6473794117647,0.0,68.0,0.07333208673729279
fNb,top,CBLOL,15,57,0.596,FURIA,66.4,69.3,59.8,57.1,65.9,64.5,6.6,6.9,6.0,5.7,6.6,6.5,46.666666666666664,46.578947368421055,-0.3684210526315789,533.4052614035088,0.26663864912280705,8.492566666666667,0.631578947368421,1.185621052631579,0.23585964912280702,7.912280701754386,0.6049079754601226,0.20893561103810776,0.0,0.27135637198473067,-0.4135085455043216,-0.6605264187101568,-0.8441940710132345,0.2490452456140351,761.0266824561404,0.0,57.0,0.4201781864378022
Viciun,bot,LHE,2,59,0.814,Furious Gaming,67.6,54.0,80.1,59.2,65.7,64.5,6.8,5.4,8.0,5.9,6.6,6.5,272.9830508474576,158.52542372881356,2.5254237288135593,629.9599677966102,0.2698468881355932,8.987810169491526,0.9491525423728814,1.0678627118644068,0.2717322033898305,5.389830508474576,0.6490765171503958,0.14809590973201692,0.0,0.5822199899547966,0.04402673612200715,-0.1052813255091474,-0.5833458899278184,0.25499066101694917,262.9622576271186,0.0,59.0,0.09356139309389543
zay,sup,CBLOLA,3,40,0.45,FURIA Youth,59.0,74.1,67.4,60.8,58.7,64.5,5.9,7.4,6.7,6.1,5.9,6.5,52.05,-54.175,-2.1,156.84667,0.0807148,0.9819775,0.15,2.8982975,0.4432625,15.75,0.7264,0.18833333333333332,0.0,0.4748745978137054,-0.6484679867032809,-0.7398467986703281,-0.8948248473629677,0.0976564,358.97612,0.0,40.0,0.07018933122165431
Bafang,sup,LDL,2,93,0.624,Joy Dream|Team Pinnacle,60.3,75.2,62.6,52.1,71.2,64.5,6.0,7.5,6.3,5.2,7.1,6.5,0.0,0.0,0.0,212.2724505376344,0.0939629870967742,0.9734989247311827,0.0,2.75062688172043,0.4200849462365592,15.505376344086022,0.726,0.208,0.0967741935483871,0.2637923341821328,-0.05887305153770537,-0.19629265552590933,-0.8129703695260646,0.10287792903225806,0.0,0.0,93.0,0.16211603120227916
Haru,jng,NLC,2,55,0.618,Team Vitality|X7 Esports,73.4,64.1,61.8,60.1,51.4,64.4,7.3,6.4,6.2,6.0,5.1,6.4,558.4,390.1090909090909,7.8545454545454545,355.05067636363634,0.1531845763636364,5.854243636363637,0.509090909090909,1.4300418181818182,0.35614,9.981818181818182,0.6989966555183946,0.19264705882352942,0.0,0.2688492063492064,0.04196741596205413,-0.6849865951742629,-0.7942905381553669,0.19569730909090907,876.5808872727273,0.0,55.0,-0.43455813030318063
Skude,jng,ESLOL,3,59,0.542,Crvena zvezda Esports|mCon esports,78.1,51.4,60.0,64.5,63.7,64.4,7.8,5.1,6.0,6.5,6.4,6.4,330.0169491525424,402.89830508474574,9.813559322033898,502.959686440678,0.21928445762711865,6.322923728813559,0.6949152542372882,1.1652457627118644,0.25733220338983054,6.728813559322034,0.7582304526748971,0.2408930669800235,0.0,0.23195349805377719,-0.07508410421335818,0.4616170483656509,-0.9220891330367034,0.21687618644067796,1059.9440966101695,0.0,59.0,-0.21644241419937527
Demy,bot,DDH,3,66,0.652,Atheris Esports,66.2,59.6,69.9,58.3,71.0,64.4,6.6,6.0,7.0,5.8,7.1,6.4,339.1212121212121,278.2121212121212,3.0757575757575757,559.7692863636364,0.2728890909090909,8.821712121212121,1.106060606060606,1.2414969696969698,0.26699242424242425,4.015151515151516,0.6796116504854369,0.17411764705882352,0.0,0.265744450751847,0.0,1.3129876089949517,-0.7319277710701494,0.2608199393939394,296.9713075757576,0.0,66.0,-0.056357444048005224
Rahab,top,LHE,2,56,0.661,Furious Gaming|Maycam Evolve,71.9,66.8,59.5,56.5,57.2,64.4,7.2,6.7,6.0,5.7,5.7,6.4,377.32142857142856,296.5357142857143,8.535714285714286,515.1835928571429,0.24224010714285713,8.030123214285714,0.7321428571428571,1.094607142857143,0.23499285714285714,5.125,0.5739219712525667,0.21979434447300772,0.0,0.24958134309901459,-0.17434987391089704,-0.5920317024030315,-0.7983303090733491,0.2334767857142857,643.2244732142857,0.0,56.0,-0.0810140600924501
Guigs,sup,CBLOLA,3,34,0.412,KaBuM! Academy,65.6,78.1,53.3,55.6,57.9,64.4,6.6,7.8,5.3,5.6,5.8,6.4,187.26470588235293,0.8823529411764706,0.47058823529411764,179.55158235294118,0.09585264117647059,1.4517323529411765,0.08823529411764706,3.2958,0.5727205882352941,18.558823529411764,0.7471264367816092,0.21846846846846846,0.0,0.19872175980975032,0.0,0.0,-0.9462559799442694,0.10676944411764706,348.5990205882353,0.0,34.0,0.36346722118857394
Haeri,mid,LCSA,2,109,0.716,Team Liquid Academy,71.4,58.9,64.3,52.5,75.2,64.4,7.1,5.9,6.4,5.2,7.5,6.4,412.0642201834862,257.091743119266,13.256880733944953,617.3903761467891,0.2591112788990826,9.474314678899082,0.4954128440366973,1.1334238532110092,0.2268,6.3577981651376145,0.6306203756402959,0.17287866772402855,0.0,0.2129169745819513,0.1248177928603742,0.398176481608693,-0.7207573932762923,0.2492051467889908,394.58706513761473,0.0,109.0,0.1339439428931345
Limitationss,bot,DDH,3,58,0.741,The Kings,62.6,66.2,71.5,52.0,72.0,64.4,6.3,6.6,7.2,5.2,7.2,6.4,328.67241379310343,205.44827586206895,9.120689655172415,557.7320551724138,0.2575613103448276,9.085691379310346,0.7931034482758621,1.3674655172413794,0.33945172413793107,5.862068965517241,0.6294736842105263,0.13771517996870108,0.0,0.29151839067661356,0.0,0.35411297413662407,-0.5709089128066371,0.2519914137931034,222.68020862068965,0.0,58.0,0.1034695352693566
Ackerman,sup,LLA,15,42,0.5,inf,62.6,71.1,62.4,64.1,57.3,64.4,6.3,7.1,6.2,6.4,5.7,6.4,79.80952380952381,156.88095238095238,-3.0952380952380953,173.60930476190475,0.09440788333333333,1.2442190476190476,0.0,2.853190476190476,0.3900880952380953,16.642857142857142,0.7684426229508197,0.2159090909090909,0.0,0.2548059149722736,-0.060999074185887445,-0.6722135007849294,-0.7924116109947568,0.09226066666666666,408.87410000000006,0.0,42.0,0.3612173913043477
Unified,bot,PCS,15,87,0.644,PSG Talon,66.5,72.7,47.7,59.7,69.9,64.4,6.7,7.3,4.8,6.0,7.0,6.4,218.8505747126437,183.5977011494253,4.862068965517241,583.1069781609195,0.2944347011494253,9.681270114942528,0.8850574712643678,1.6322862068965518,0.4788091954022988,5.551724137931035,0.731304347826087,0.17660550458715596,0.0,0.15463709677419352,-0.27666271204448073,-0.4725127934978929,-0.8061768841609221,0.27343579310344823,287.31746206896554,0.0,87.0,-0.12534757274675454
Viper,bot,LPL,1,119,0.605,EDward Gaming,56.4,73.1,58.2,66.1,70.6,64.3,5.6,7.3,5.8,6.6,7.1,6.4,-66.72727272727273,-228.27272727272728,-7.454545454545454,671.2868151260503,0.3118007394957983,9.348629411764707,0.058823529411764705,1.6395840336134453,0.4744840336134454,6.151260504201681,0.7229357798165138,0.16207710464201416,3.0,0.21265239574630318,-0.09442700530308433,-0.11392443375035943,-0.7871988458944442,0.27284549579831935,390.23051818181824,0.0,119.0,0.13272632674297605
Lyncas,jng,NLC,2,78,0.705,Dusty|MOUZ NXT,73.2,54.8,63.8,59.9,69.5,64.3,7.3,5.5,6.4,6.0,7.0,6.4,413.29487179487177,260.61538461538464,7.487179487179487,415.1806371794872,0.17572484358974358,6.013397435897436,0.34615384615384615,1.2559782051282051,0.2442448717948718,8.551282051282051,0.6979813664596274,0.1849894291754757,0.0,0.21129181019323953,0.15634873527638496,0.029042875578175083,-0.7614536845236672,0.1927893717948718,714.4957358974359,0.0,78.0,0.17686295225219595
Zoelys,sup,LFL2,2,62,0.71,IziDream,69.7,60.2,64.9,60.1,64.1,64.3,7.0,6.0,6.5,6.0,6.4,6.4,181.56451612903226,254.2258064516129,3.274193548387097,202.5161193548387,0.08516528548387098,1.2296483870967743,0.04838709677419355,2.5113693548387097,0.3432709677419355,10.870967741935484,0.7509803921568627,0.24480712166172106,0.0,0.26538735713969536,0.14037804801423737,-0.3783015519633465,-0.7658884678069942,0.10035140483870968,425.4895822580645,0.0,62.0,0.16428306092124823
Calmsky,sup,LPLOL,3,75,0.693,For The Win Esports,77.0,54.1,56.5,57.0,74.5,64.3,7.7,5.4,5.7,5.7,7.5,6.4,396.29333333333335,430.0,7.653333333333333,240.84022266666668,0.10231502666666667,1.3150333333333333,0.02666666666666667,2.239804,0.22778133333333334,10.533333333333333,0.742836149889787,0.21550094517958412,0.0,0.20375607574868904,-0.08842569628402262,0.16334469621014644,-0.8615043609979685,0.11190156,441.774704,0.0,75.0,-0.01670769751336175
PrettyGRE,mid,LCSA,2,106,0.481,Immortals Academy,65.0,63.5,60.0,61.0,73.2,64.2,6.5,6.3,6.0,6.1,7.3,6.4,111.84905660377359,146.0943396226415,2.009433962264151,625.3847245283018,0.28238862264150943,8.705394339622641,0.4811320754716981,1.0136811320754717,0.1984245283018868,4.4245283018867925,0.6928792569659443,0.14725014784151388,0.0,0.29304925185749275,-0.06937554060120815,-0.6419844190319592,-0.8514446301367522,0.25168187735849057,337.18928113207545,0.0,106.0,0.14034493423862612
SuperCleber,top,CBLOLA,3,55,0.6,Flamengo Academy|LØS Academy,65.7,63.8,65.0,58.8,67.6,64.2,6.6,6.4,6.5,5.9,6.8,6.4,188.36363636363637,242.3272727272727,6.2,505.93199636363636,0.25067521818181815,8.125798181818181,0.5272727272727272,0.9432290909090909,0.1382781818181818,7.1454545454545455,0.6075471698113207,0.17209908735332463,0.0,0.25480043149946063,-0.0851029122487167,0.2773928896991794,-0.7708898770401617,0.23677965454545455,561.3266963636364,0.0,55.0,0.04416956283153457
Kiefer,mid,LMF,2,45,0.489,All Knights|KRÜ Esports,72.4,67.1,58.4,57.1,55.0,64.2,7.2,6.7,5.8,5.7,5.5,6.4,386.5777777777778,384.46666666666664,13.511111111111111,548.1049866666666,0.2703516,8.799264444444445,0.7111111111111111,1.1570533333333333,0.25353333333333333,4.5777777777777775,0.6697674418604651,0.1536,0.0,0.21141082519964505,0.20915032679738554,0.1961487103802094,-0.8995186281790551,0.25231255555555554,319.2330822222222,0.0,45.0,0.18206927926171437
Artifact,mid,VCS,15,84,0.571,Team Secret,74.3,58.7,59.7,53.4,71.6,64.2,7.4,5.9,6.0,5.3,7.2,6.4,256.5595238095238,371.23809523809524,6.166666666666667,611.2445666666666,0.26464163095238097,8.80592619047619,0.8928571428571429,1.0750369047619048,0.23684761904761903,5.738095238095238,0.6426982950333581,0.1431980906921241,0.0,0.23239126912482932,-0.1369712908174447,-0.11607860325809054,-0.8151753698066341,0.24049185714285712,339.8237261904762,0.0,84.0,0.1182438779983715
Milica,mid,LVP SL,2,43,0.535,Giants|Partizan Esports,66.0,65.5,63.3,61.5,60.7,64.1,6.6,6.5,6.3,6.2,6.1,6.4,385.5581395348837,191.72093023255815,8.44186046511628,551.7273627906977,0.2664695813953488,8.603437209302326,0.37209302325581395,1.1164534883720931,0.2108627906976744,5.837209302325581,0.7067307692307693,0.16399286987522282,0.0,0.2135252808988764,-0.5341424543337011,2.2364840014711294,-0.9093953107571513,0.24728420930232559,329.82403488372097,0.0,43.0,0.5577765181038756
Obstinatus,sup,LFL2,2,60,0.533,Tony Parker Adéquat Academy,57.5,72.0,55.7,63.9,75.1,64.1,5.8,7.2,5.6,6.4,7.5,6.4,21.333333333333332,13.883333333333333,-2.1666666666666665,187.20674499999998,0.08427887833333333,1.1238016666666666,0.03333333333333333,2.9834699999999996,0.45742,13.25,0.7686868686868686,0.25655021834061137,0.0,0.23712244126578438,0.11428456699237052,-0.24282224601793598,-1.0171567300664792,0.09679710333333333,497.03398666666664,0.0,60.0,1.4636910447375893
Mask,mid,LCKC,2,62,0.516,KT Rolster Challengers,62.8,73.3,58.0,60.4,60.7,64.1,6.3,7.3,5.8,6.0,6.1,6.4,51.82258064516129,178.06451612903226,2.564516129032258,588.0935193548387,0.282602064516129,9.017464516129033,0.46774193548387094,1.482683870967742,0.3223435483870968,5.354838709677419,0.6945080091533181,0.19387755102040816,0.0,0.2624305754849165,-0.06731465205252805,-0.3254058525488573,-0.8742931669295327,0.24152074193548387,448.5519241935484,0.0,62.0,0.1304027823878316
iBo,top,EUM,2,104,0.663,Team Heretics|Unicorns of Love Sexy Edition,67.9,65.8,54.5,57.3,71.6,64.0,6.8,6.6,5.5,5.7,7.2,6.4,110.3173076923077,162.98076923076923,3.6538461538461537,567.3262826923077,0.2569916923076923,8.144921153846154,0.4326923076923077,1.1673048076923076,0.21687692307692308,5.413461538461538,0.5654578979717271,0.22875297855440826,0.0,0.1364587593219451,0.27120923088788723,-0.047718040755224324,-0.8494463033752587,0.22678437499999998,780.952935576923,0.0,104.0,-0.052920466070675506
Topoon,top,LCO,15,64,0.797,Chiefs Esports Club,71.9,56.3,71.1,50.8,68.8,64.0,7.2,5.6,7.1,5.1,6.9,6.4,604.296875,451.65625,12.25,544.651359375,0.2373966328125,7.6857828125,0.40625,1.0978203125,0.2040375,4.921875,0.5297202797202797,0.21727019498607242,0.0,0.3041557787674147,-0.25154680056905204,-0.07679278671947413,-0.6874003797772457,0.21039315625,627.962225,0.0,64.0,0.24462273559488548
Yuri,mid,LCO,15,73,0.575,Pentanet.GG|Vega Squadron,69.8,61.8,60.8,55.3,70.2,64.0,7.0,6.2,6.1,5.5,7.0,6.4,256.36986301369865,-24.698630136986303,3.8493150684931505,661.6698890410959,0.28822142465753425,8.700719178082192,0.4246575342465753,1.1386260273972602,0.3083712328767123,4.082191780821918,0.6517783291976841,0.17036290322580644,0.0,0.26691864533131054,-0.2039561285599794,-0.4787868461407395,-0.782735928631178,0.2404848082191781,414.6271082191781,0.0,73.0,0.23993048501956915
DasheR,mid,LJL,15,57,0.526,Fukuoka SoftBank HAWKS gaming,65.2,67.5,55.3,60.2,69.8,64.0,6.5,6.8,5.5,6.0,7.0,6.4,218.859649122807,30.07017543859649,5.350877192982456,546.0752771929824,0.2832068596491228,8.81988245614035,0.43859649122807015,1.1723666666666666,0.26575789473684214,6.9298245614035086,0.7195845697329377,0.1623931623931624,0.0,0.2199664588057445,-0.05897694268270997,-0.5518937822298619,-0.8288195782253476,0.23700589473684208,301.00638771929823,0.0,57.0,0.6500006216096373
Silk,mid,UL,2,25,0.44,Dragon Army|GRP Esports,69.9,67.0,58.1,66.8,46.7,64.0,7.0,6.7,5.8,6.7,4.7,6.4,79.36,135.32,7.2,643.28696,0.3096578,8.77826,0.6,1.030184,0.19924399999999998,4.76,0.7398648648648649,0.15204678362573099,0.0,0.19428181108508974,0.0,0.8346111719605697,-0.9072207237590589,0.25116668000000003,413.249716,0.0,25.0,0.1101419690080728
Destroy,top,DDH,3,37,0.865,The Kings,74.9,67.4,61.2,44.0,60.2,64.0,7.5,6.7,6.1,4.4,6.0,6.4,685.5945945945946,243.0810810810811,17.45945945945946,572.3291378378378,0.24827024324324326,9.205594594594595,0.5945945945945946,1.1748594594594595,0.25085405405405403,7.243243243243243,0.5207667731629393,0.21951219512195122,0.0,0.15181375680021142,0.0,0.5881024096385542,-0.668155511474657,0.2406554864864865,605.8965216216217,0.0,37.0,0.04763358196142782
Mataz,jng,DDH,3,71,0.746,The Kings,67.7,57.9,61.8,60.7,74.1,63.9,6.8,5.8,6.2,6.1,7.4,6.4,432.2112676056338,279.98591549295776,7.211267605633803,349.7233830985915,0.16198492676056336,6.063015492957747,0.5492957746478874,1.2559859154929578,0.3021112676056338,11.056338028169014,0.7272727272727273,0.20801033591731266,0.0,0.18897892142877817,0.0,0.4120429054733328,-0.7092875241465285,0.19465525352112675,795.4297901408451,0.0,71.0,0.08230239809187195
Wizer,top,CBLOL,15,61,0.59,paiN Gaming,71.9,69.6,49.0,54.2,64.5,63.9,7.2,7.0,4.9,5.4,6.5,6.4,133.9016393442623,-109.32786885245902,6.508196721311475,591.0306721311475,0.28613165573770494,8.530113114754098,0.7377049180327869,1.2005393442622951,0.24135573770491803,6.918032786885246,0.6316359696641387,0.229404309252218,0.0,0.14766323508672968,-0.10301098457546493,-0.36313680265244347,-0.9121666936235091,0.24555108196721312,628.9675606557378,0.0,61.0,0.2938984173105852
Kryze,top,NLC,2,70,0.629,JD|XL,79.6,50.8,68.2,54.0,59.9,63.8,8.0,5.1,6.8,5.4,6.0,6.4,811.3857142857142,648.6857142857143,16.47142857142857,619.9272814285714,0.2612212857142857,8.63496,0.7285714285714285,0.8508314285714286,0.11962571428571428,2.557142857142857,0.5267558528428093,0.17551462621885158,0.0,0.3223281045780543,-0.11634846013623712,-0.4044325050369375,-0.7982947720301453,0.2416988857142857,663.8457085714285,0.0,70.0,-0.23495311167945426
Sinmivak,top,UL,2,78,0.705,AGO ROGUE,70.8,59.6,63.4,56.7,65.0,63.8,7.1,6.0,6.3,5.7,6.5,6.4,405.78205128205127,199.39743589743588,5.884615384615385,559.1736846153847,0.2343085512820513,8.446292307692307,0.5897435897435898,1.0375038461538462,0.1275230769230769,4.82051282051282,0.5349152542372881,0.16923076923076924,0.0,0.183970866597713,0.13074804783281158,0.4711984609000717,-0.7715222842699572,0.23509217948717948,622.4316871794872,0.0,78.0,-0.11461716937354985
Oner,jng,LCK,1,144,0.743,T1,72.4,52.6,65.7,57.4,72.3,63.8,7.2,5.3,6.6,5.7,7.2,6.4,370.02777777777777,208.27777777777777,4.861111111111111,308.20186666666666,0.14425614097222222,6.220172916666666,0.3541666666666667,1.4413381944444443,0.3700965277777778,8.541666666666666,0.6986564299424184,0.1901362751460091,0.0,0.2124457803259127,-0.04289748126953045,0.18383155754677918,-0.7284663000047693,0.1845014861111111,740.5566034722222,0.0,144.0,-0.15841028200648868
Yike,jng,LFL,2,101,0.733,LDLC OL,70.3,58.2,60.6,57.5,72.6,63.8,7.0,5.8,6.1,5.8,7.3,6.4,205.20792079207922,190.95049504950495,2.4257425742574257,395.89549207920794,0.17052042574257426,5.793588118811881,0.594059405940594,1.3992366336633664,0.3340178217821782,10.782178217821782,0.6929723502304147,0.21529968454258674,0.0,0.2245865876798164,-0.13431186444476392,-0.029731706704855587,-0.7759109512169989,0.1859051782178218,715.3579564356436,0.0,101.0,0.0009329730531447655
Fleshy,sup,TCL,15,45,0.711,NASR eSports Turkey|NASR eSports Turkey Academy,71.0,78.4,47.3,48.0,57.2,63.8,7.1,7.8,4.7,4.8,5.7,6.4,429.3333333333333,267.8888888888889,7.0,153.91548,0.07776152888888889,1.50036,0.044444444444444446,3.4996,0.6327266666666667,16.022222222222222,0.7363770250368189,0.25840336134453784,0.0,0.18325643689980983,-0.5263191887877026,-0.6614835626170639,-0.8498339103612237,0.1032309311111111,372.57534666666663,0.0,45.0,0.34854560146729857
Summit,top,LPL,1,60,0.567,Cloud9|FunPlus Phoenix,79.9,62.5,52.4,50.9,59.1,63.8,8.0,6.2,5.2,5.1,5.9,6.4,752.4814814814815,441.7037037037037,19.074074074074073,601.0978733333334,0.28818815,8.655745,0.2,1.0797616666666667,0.27908666666666665,4.966666666666667,0.5780274656679151,0.247074122236671,3.090909090909091,0.18202806965021948,-0.1759291827881345,0.1523039043264158,-0.9553558978180847,0.2363161,647.4645074074075,0.0,60.0,0.4279403146553665
Potato,sup,UPL,2,20,0.25,Bay State College|Wulf Pack Cascade|Wulf Pack Esports,62.8,67.1,67.6,63.9,53.6,63.8,6.3,6.7,6.8,6.4,5.4,6.4,19.8,56.65,10.55,194.70351499999998,0.089590775,1.5856249999999998,0.0,2.5075250000000002,0.3244,9.3,0.7564102564102564,0.18703241895261846,0.0,0.31534090909090906,0.0,0.0,-0.8498355407042602,0.109398955,509.41726499999993,0.0,20.0,0.4699519230769232
Thumb,sup,LAS,3,39,0.59,Dplus Kia Academy,63.1,63.3,69.4,59.3,65.5,63.8,6.3,6.3,6.9,5.9,6.5,6.4,-109.6923076923077,-131.23076923076923,3.076923076923077,246.34702820512823,0.08972938717948718,0.8509820512820513,0.05128205128205128,2.123887179487179,0.2899128205128205,10.333333333333334,0.7516170763260026,0.168141592920354,0.0,0.2881864454993984,0.2553462690222532,0.6779380823564772,-0.8406663817371631,0.10201292307692308,240.74425897435898,0.0,39.0,0.5445082519023235
Oscarinin,top,LVP SL,2,59,0.644,Fnatic TQ,77.3,61.5,59.2,56.0,51.0,63.7,7.7,6.2,5.9,5.6,5.1,6.4,739.5762711864406,382.1694915254237,17.661016949152543,570.4500288135592,0.27333423898305087,8.25686779661017,0.3898305084745763,1.0619627118644068,0.1888542372881356,6.983050847457627,0.5882352941176471,0.23435419440745672,0.0,0.17851901250659938,0.6099402235375329,-0.4440054635980437,-0.9075662840340125,0.24237201694915253,765.0230288135592,0.0,59.0,-0.36754063078954086
Erdote,sup,LFL,2,92,0.554,Team BDS|Team BDS Academy,55.3,69.7,62.7,64.8,71.3,63.7,5.5,7.0,6.3,6.5,7.1,6.4,54.20652173913044,-22.0,-0.5760869565217391,181.5001054347826,0.08246688478260869,0.9234989130434783,0.010869565217391304,2.7627239130434784,0.35730326086956515,18.434782608695652,0.7360367253251722,0.19187898089171976,0.0,0.2931554157177996,-0.20489805718003073,-0.15653614329551907,-0.8486500832981825,0.093022825,317.5206945652174,0.0,92.0,0.2405943818880366
Eika,mid,LFL,2,101,0.733,LDLC OL,65.7,64.9,60.5,54.3,73.0,63.7,6.6,6.5,6.0,5.4,7.3,6.4,187.24752475247524,169.05940594059405,5.534653465346534,598.5526,0.26094632673267326,8.806653465346534,0.6435643564356436,1.2416693069306932,0.24214554455445547,4.287128712871287,0.6353686635944701,0.1608832807570978,0.0,0.24211431762501803,-0.21774521996311297,-0.18755364222170762,-0.6980448916069272,0.23954353465346534,266.91288910891086,0.0,101.0,0.005288814166050037
Adam,top,LFL,2,71,0.535,Team BDS|Team BDS Academy,66.4,60.7,71.5,53.3,66.7,63.7,6.6,6.1,7.2,5.3,6.7,6.4,304.59154929577466,52.54929577464789,6.492957746478873,532.8727450704225,0.22891905633802817,8.540778873239438,0.5774647887323944,0.914692957746479,0.17613661971830985,4.619718309859155,0.5400390625,0.21089108910891088,4.0,0.3434808004406638,0.01418471822168311,-0.09190396179695792,-0.8324741455884667,0.24849191549295774,977.1502704225353,0.0,71.0,0.25915232487922707
DizL,bot,LFL2,2,64,0.719,IziDream,72.3,55.4,63.5,62.4,62.5,63.7,7.2,5.5,6.3,6.2,6.2,6.4,328.1875,173.296875,3.09375,694.7236734375,0.288500234375,8.737225,0.828125,1.147715625,0.2702859375,3.125,0.7427502338634238,0.20605187319884727,0.0,0.23833293432287928,0.20135758959594968,-0.36351633078526757,-0.7238662373716214,0.2641808125,286.641765625,0.0,64.0,-0.03677908901356368
Spawn,bot,LCSA,2,80,0.487,Dignitas|Dignitas Academy,55.1,65.3,71.2,65.7,69.1,63.7,5.5,6.5,7.1,6.6,6.9,6.4,45.4,-52.375,-4.6125,577.70713625,0.2757265625,8.6569525,0.775,1.1430325,0.306545,5.325,0.6990990990990991,0.1332099907493062,0.0,0.2906399420429848,0.417148764438083,0.0,-0.7504115102806291,0.2640233875,274.60588375000003,0.0,80.0,0.14546046208916374
Saint,mid,LAS,3,39,0.59,Dplus Kia Academy,75.7,48.2,70.6,56.8,67.5,63.7,7.6,4.8,7.1,5.7,6.8,6.4,39.43589743589744,152.5897435897436,5.282051282051282,765.1120641025641,0.269007717948718,8.617884615384614,1.2820512820512822,0.9458923076923077,0.207225641025641,3.1538461538461537,0.6313065976714101,0.2168141592920354,0.0,0.28774884720264715,0.4829240296319162,1.36146693417702,-0.923792925515107,0.2421521282051282,597.703264102564,0.0,39.0,1.0601263902932254
Thanatos,top,LCKC,2,94,0.585,Dplus Kia Challengers,54.5,72.3,71.6,56.7,65.8,63.6,5.5,7.2,7.2,5.7,6.6,6.4,52.86363636363637,11.590909090909092,5.034090909090909,448.1982531914893,0.23139802127659576,8.897913829787234,0.35106382978723405,1.0196702127659576,0.23365212765957447,5.042553191489362,0.5368,0.18568840579710144,5.5,0.273569944884686,0.369719311387785,0.7313469344075583,-0.8942377362980726,0.23087402127659576,686.816890909091,0.0,94.0,-0.2463253221873911
Targamas,sup,LEC,1,89,0.629,G2 Esports,67.7,68.6,59.9,56.3,56.8,63.6,6.8,6.9,6.0,5.6,5.7,6.4,-40.438202247191015,-29.134831460674157,4.202247191011236,175.87950786516853,0.0873262786516854,1.239614606741573,0.07865168539325842,2.6871831460674156,0.4201337078651685,11.157303370786517,0.693293142426526,0.1773117254528122,0.2,0.16835662691798092,0.12294923313813903,0.34863108874450743,-0.8452429944144378,0.09769897752808988,332.66428988764045,0.0,89.0,-0.09018468059339993
Renyu,bot,EL,3,42,0.905,Saprissa Esports,73.9,57.4,58.6,60.1,62.7,63.6,7.4,5.7,5.9,6.0,6.3,6.4,758.5714285714286,459.5952380952381,11.952380952380953,597.2332595238096,0.2600308333333333,8.54769761904762,1.2619047619047619,1.0841904761904761,0.21284047619047616,3.9047619047619047,0.682704811443433,0.1495601173020528,0.0,0.15328761597418314,-0.01946818613485291,-0.07763532763532763,-0.5250853759257923,0.24501464285714286,224.12427142857143,0.0,42.0,-0.16800000000000004
Orion,bot,ESLOL,3,57,0.526,KRC Genk Esports|Team Oplon,70.8,62.8,58.8,53.2,66.7,63.5,7.1,6.3,5.9,5.3,6.7,6.3,520.7017543859649,409.4736842105263,19.017543859649123,593.2281789473685,0.27667170175438593,9.566163157894737,0.6140350877192983,1.3036491228070177,0.3098105263157894,6.315789473684211,0.6528436018957346,0.1576923076923077,0.0,0.2272397691348357,0.04331303709461502,0.47003497862417415,-0.8718678128778123,0.2766234561403509,300.0531035087719,0.0,57.0,0.14503667162155542
Serin,mid,TCL,15,63,0.667,İstanbul Wildcats,72.8,54.4,68.6,57.7,61.3,63.5,7.3,5.4,6.9,5.8,6.1,6.3,209.12698412698413,165.28571428571428,0.2222222222222222,622.2557968253968,0.2936640952380953,8.44141746031746,0.7936507936507936,0.9357968253968254,0.16221428571428573,3.4126984126984126,0.6983967935871743,0.14933333333333335,0.0,0.2831455644258748,0.23469342646213695,-0.6534193890632598,-0.6958576987295335,0.24832831746031744,336.646180952381,0.0,63.0,-0.19319185733109728
Peyz,bot,LCKC,2,74,0.527,Gen.G Global Academy,57.9,69.2,61.8,63.2,66.6,63.4,5.8,6.9,6.2,6.3,6.7,6.3,-102.82432432432432,-133.16216216216216,2.445945945945946,577.5583783783784,0.28459383783783787,9.791121621621622,1.2297297297297298,1.3155162162162164,0.41733918918918916,4.743243243243243,0.7250257466529351,0.1748971193415638,0.0,0.26074871666457994,-0.14830626450116013,-0.07546403712296984,-0.786162710562351,0.2755817027027027,340.72669324324323,0.0,74.0,0.13896744338233577
Kanavi,jng,LPL,1,121,0.669,JD Gaming,77.7,65.5,41.8,50.3,69.4,63.4,7.8,6.5,4.2,5.0,6.9,6.3,439.64285714285717,312.42857142857144,9.857142857142858,391.3360421487603,0.16996902809917355,6.072762809917355,0.05785123966942149,1.6083479338842974,0.47764876033057857,8.884297520661157,0.7077555213148433,0.21884882985452245,12.485981308411215,0.16135993870698787,-0.3148615029024943,-0.6069649868946476,-0.8763931047011512,0.19861914049586776,697.2740285714286,0.0,121.0,0.18287749994272526
BalKhan,jng,LCO,15,69,0.609,Pentanet.GG,79.4,54.9,56.9,53.1,64.0,63.4,7.9,5.5,5.7,5.3,6.4,6.3,624.3913043478261,278.5652173913044,4.36231884057971,444.7057710144927,0.18942436956521738,6.238639130434782,0.6956521739130435,1.4129652173913043,0.35662173913043477,7.826086956521739,0.7608142493638677,0.2467391304347826,0.0,0.22639294003261826,-0.06463476509962904,-0.4359881132936288,-0.8605186667530448,0.21895434782608697,804.2631536231884,0.0,69.0,-0.035760755202244573
Mission,mid,PCS,15,75,0.68,CTBC Flying Oyster,75.9,52.1,64.5,56.1,65.3,63.4,7.6,5.2,6.5,5.6,6.5,6.3,493.6666666666667,401.1066666666667,12.68,596.1229546666666,0.2904788933333334,8.920917333333334,0.6,0.9727319999999999,0.20763066666666666,4.68,0.7013118062563067,0.19117647058823528,0.0,0.1739185391763441,0.27121417776109186,0.44844822441062365,-0.7481637620108881,0.24183053333333335,359.2641493333333,0.0,75.0,-0.18968038115352745
Bruno,jng,NEXO,3,25,0.48,Bis Esports,78.6,57.5,66.8,51.2,50.2,63.4,7.9,5.8,6.7,5.1,5.0,6.3,417.48,806.56,24.16,460.718908,0.20536684000000002,7.586291999999999,0.48,1.308616,0.364548,7.68,0.6575682382133995,0.18944844124700239,0.0,0.2609816535901164,0.5060988040228324,0.5768551236749119,-0.9746990236766959,0.23017420000000002,988.72646,0.0,25.0,0.35626635847581495
Yakkey,bot,EBL,3,31,0.484,Nexus KTRL,76.6,57.8,64.4,58.1,48.4,63.4,7.7,5.8,6.4,5.8,4.8,6.3,538.483870967742,356.4516129032258,24.29032258064516,657.3073354838709,0.29842754838709673,9.80085806451613,1.1935483870967742,0.9657741935483871,0.22228709677419356,2.225806451612903,0.7170263788968825,0.15738963531669867,0.0,0.30366988283942103,0.0,-0.19635606454971363,-0.7993049060073547,0.3149365806451613,348.6598322580645,0.0,31.0,-0.24234045557228917
Allorim,top,PGC,2,66,0.5,Cloud9 Academy|Team Fish Taco|Wildcard Gaming,63.0,60.2,69.0,63.2,62.9,63.3,6.3,6.0,6.9,6.3,6.3,6.3,430.42424242424244,239.6818181818182,6.303030303030303,482.2601681818182,0.21400116818181816,8.021145454545454,0.30303030303030304,0.8855878787878788,0.15901363636363636,3.4696969696969697,0.5018315018315018,0.1271186440677966,0.0,0.25320930232558136,-0.014378622932277655,1.0486356567227484,-0.8526534313355061,0.223506696969697,1016.7788515151516,0.0,66.0,0.13142073620926062
ISMA,jng,PRM,3,55,0.618,FC Schalke 04 Esports,68.2,57.3,55.6,66.5,70.4,63.3,6.8,5.7,5.6,6.7,7.0,6.3,385.03636363636366,367.23636363636365,7.872727272727273,378.2629509090909,0.17415205636363637,6.196989090909091,0.32727272727272727,1.1474945454545455,0.26354,7.363636363636363,0.7268292682926829,0.18271954674220964,0.0,0.19842345457059882,0.12475995182762073,-0.583178726035869,-0.8284690752341813,0.1893237090909091,861.8117927272727,0.0,55.0,0.5504690687699798
Keria,sup,LCK,1,144,0.743,T1,76.5,51.8,60.9,52.5,72.7,63.3,7.7,5.2,6.1,5.2,7.3,6.3,212.77083333333334,116.99305555555556,0.2569444444444444,204.04840972222223,0.09568421249999999,1.262620138888889,0.04861111111111111,2.5460708333333333,0.3047347222222222,17.319444444444443,0.6967370441458733,0.2018170019467878,0.0,0.20784844563060131,-0.17956167657139271,0.10065559852844068,-0.7622938680984835,0.09992894583333334,327.4268666666667,0.0,144.0,0.044191809116331596
Kenvi,jng,LCSA,2,80,0.475,100 Thieves Academy|Immortals,66.3,61.9,69.9,55.1,60.9,63.3,6.6,6.2,7.0,5.5,6.1,6.3,199.025,143.6,2.5375,338.64887125,0.16792685875,6.31819375,0.5375,1.4878125,0.3882775,10.5875,0.7,0.23148148148148148,0.0,0.19563536255172811,0.6835504821741,1.5021766873799838,-1.0734890124444516,0.1954349125,764.66401,0.0,80.0,-0.046003346634058306
Aithusa,mid,CBLOLA,3,46,0.63,LOUD Academy,58.9,69.1,61.3,63.8,64.1,63.3,5.9,6.9,6.1,6.4,6.4,6.3,-22.23913043478261,-42.71739130434783,-7.5,591.2601260869565,0.27461180434782606,7.978108695652174,0.8478260869565217,1.1885260869565217,0.1829521739130435,6.086956521739131,0.6906565656565656,0.14285714285714285,0.0,0.2806804677435957,-0.019812304483837317,-0.6246089676746611,-0.7065431838894181,0.23225108695652175,327.93815434782607,0.0,46.0,0.12542340075486316
Jelly,sup,LLA,15,63,0.524,Isurus,66.9,63.7,60.5,60.5,60.5,63.3,6.7,6.4,6.0,6.0,6.0,6.3,160.68253968253967,142.984126984127,2.9206349206349205,172.01760634920637,0.08301982063492062,1.2794031746031747,0.047619047619047616,2.6632587301587303,0.3474634920634921,14.904761904761905,0.7377049180327869,0.2182628062360802,0.0,0.17409970582402326,0.34753994269522914,0.22054399847610576,-0.9563254129077187,0.09715673492063491,460.12184126984124,0.0,63.0,0.19018099178809622
Thesnake,bot,LDL,2,42,0.619,TEAM ORANGE,63.9,78.2,52.9,55.3,54.4,63.3,6.4,7.8,5.3,5.5,5.4,6.3,0.0,0.0,0.0,652.6616512195122,0.3356604146341463,10.978345238095239,0.0,1.3135853658536585,0.4076439024390244,3.2195121951219514,0.7487266553480475,0.12227805695142378,3.926829268292683,0.22487871437234688,-0.40295549767863215,-0.6772732419884498,-0.7052712603319341,0.3211229523809524,0.0,0.0,42.0,-0.07466666666666663
Lucid,jng,LCKC,2,94,0.585,Dplus Kia Challengers,53.0,72.3,60.8,66.2,68.3,63.2,5.3,7.2,6.1,6.6,6.8,6.3,93.61363636363636,35.40909090909091,1.8181818181818181,274.00289574468087,0.1403881755319149,5.426011702127659,0.30851063829787234,1.4662882978723404,0.39018191489361703,12.24468085106383,0.708,0.1793478260869565,9.833333333333334,0.21531187488634296,-0.08157377620284031,0.18567439386552026,-0.8159960449451301,0.17354830425531914,716.9121863636364,0.0,94.0,-0.17794537301263752
Clear,top,LCKC,2,86,0.628,Kiwoom DRX|Kiwoom DRX Challengers,64.7,67.9,51.6,62.7,65.2,63.2,6.5,6.8,5.2,6.3,6.5,6.3,218.45348837209303,184.40697674418604,2.3372093023255816,499.40363720930236,0.24773337209302326,8.658340697674419,0.45348837209302323,0.9344627906976744,0.22984767441860465,6.5,0.5764611689351481,0.17217898832684825,0.0,0.19806396529444342,-0.3274840560021132,-0.33239619105123464,-0.8569994851050413,0.2318337558139535,696.3842290697675,0.0,86.0,-0.15945995256340093
Ssumday,top,LCS,1,75,0.573,100 Thieves,53.9,72.4,68.0,65.0,57.4,63.2,5.4,7.2,6.8,6.5,5.7,6.3,93.58666666666667,86.69333333333333,-0.5466666666666666,435.44775733333336,0.22589090799999997,8.438768,0.38666666666666666,1.1510120000000001,0.25194666666666665,5.306666666666667,0.594048884165781,0.1668711656441718,0.0,0.2264474870819928,-0.18338708271594165,0.1932611970962881,-0.7513546102609922,0.23394531999999998,778.6736053333334,0.0,75.0,-0.17177081513325498
DONGGY,top,LCO,15,69,0.609,Pentanet.GG,54.1,69.0,65.6,61.7,72.0,63.2,5.4,6.9,6.6,6.2,7.2,6.3,306.6231884057971,225.2463768115942,1.2318840579710144,443.82965072463764,0.1931137275362319,7.071630434782609,0.2898550724637681,1.19888115942029,0.21111014492753621,7.0,0.5631891433418151,0.17391304347826086,0.0,0.2665469883386605,-0.1511621860537674,-0.016483802194373804,-0.8537715957563735,0.19304388405797102,581.2414434782609,0.0,69.0,0.6536761379501422
Nobody,mid,LMF,2,37,0.676,EBRO|inf,73.5,67.1,53.4,56.0,51.8,63.2,7.3,6.7,5.3,5.6,5.2,6.3,244.83783783783784,200.0,7.648648648648648,610.6095783783784,0.3187878918918919,9.134654054054053,0.8378378378378378,1.2882,0.22678648648648647,4.864864864864865,0.7151515151515152,0.19310344827586207,0.0,0.16048910966755828,0.03562338864282401,0.10689495603887077,-0.7892834273369322,0.25847172972972976,309.31015945945944,0.0,37.0,0.0034298194346180913
Busio,sup,LCSA,2,103,0.583,100 Thieves Academy,73.3,51.3,65.0,55.0,71.9,63.2,7.3,5.1,6.5,5.5,7.2,6.3,173.54368932038835,107.07766990291262,6.077669902912621,208.71079611650484,0.09661974368932039,1.4043893203883495,0.0970873786407767,2.327866990291262,0.2698873786407767,10.825242718446601,0.690176322418136,0.21125730994152048,0.0,0.19657465176655362,0.4761342780933122,0.3625713902032499,-0.8888019585821357,0.10027249902912622,392.2881417475728,0.0,103.0,0.13919451820296286
Uniboy,mid,PCS,15,64,0.609,J Team,70.4,65.0,54.4,57.3,61.3,63.2,7.0,6.5,5.4,5.7,6.1,6.3,386.546875,203.515625,5.9375,543.9411984375,0.27569715625,8.8055640625,0.625,1.036903125,0.2547703125,5.40625,0.7005347593582888,0.1390922401171303,0.0,0.21153468815697266,-0.33677587844254525,-0.38587454212454214,-0.7322931075093567,0.241414796875,262.7004421875,0.0,64.0,-0.1745987045902563
vital,bot,LCKC,2,79,0.519,Nongshim Esports Academy|Nongshim RedForce|QT DIG∞,62.4,67.6,60.1,57.3,67.0,63.1,6.2,6.8,6.0,5.7,6.7,6.3,81.12658227848101,-42.35443037974684,0.6835443037974683,573.0152329113923,0.28594835443037975,9.975383544303797,1.379746835443038,1.2895,0.4204759493670886,3.9873417721518987,0.7066037735849057,0.17282717282717283,0.0,0.2469526879099153,-0.15120379197830083,0.07495333879392524,-0.83889732263152,0.2888986835443038,295.3365658227848,0.0,79.0,0.130379779771445
Xiaohu,mid,LPL,1,156,0.667,Royal Never Give Up,70.6,63.2,44.9,59.2,73.2,63.1,7.1,6.3,4.5,5.9,7.3,6.3,463.82608695652175,237.91304347826087,2.0434782608695654,548.8107564102564,0.2682313076923077,8.4285,0.14743589743589744,1.2066365384615385,0.30532692307692305,5.230769230769231,0.6974169741697417,0.1878855860908581,2.5636363636363635,0.17951009823321343,-0.3142355344571655,-0.4397518238437684,-0.7899772692469277,0.2323023782051282,337.69754347826085,0.0,156.0,-0.07053130791495736
Santorin,jng,LCS,1,81,0.642,Team Liquid,55.7,66.7,67.0,69.2,60.7,63.1,5.6,6.7,6.7,6.9,6.1,6.3,134.71604938271605,-112.90123456790124,-2.7160493827160495,289.19154320987656,0.14149129135802468,5.527285185185185,0.2222222222222222,1.5291913580246914,0.4458592592592593,10.617283950617283,0.7398523985239852,0.1799265605875153,0.0,0.21502057959784154,0.014019122980547439,0.038971315529179054,-0.7013109657465332,0.1718599135802469,830.6235567901235,0.0,81.0,-0.09214396433207535
Mir,jng,LCO,15,64,0.797,Chiefs Esports Club,74.6,49.8,66.9,54.2,70.2,63.1,7.5,5.0,6.7,5.4,7.0,6.3,462.421875,233.421875,4.40625,383.16646875,0.167734021875,6.0361203125,0.40625,1.346246875,0.31635625,12.203125,0.6643356643356644,0.19498607242339833,0.0,0.24151811524863775,-0.016559905567578307,0.04751839464882933,-0.6875037086994116,0.194895875,832.759125,0.0,64.0,0.3467180751907558
Hobbler,bot,GL,3,31,0.935,Zeu5 Bogota,73.9,68.3,50.1,51.4,57.4,63.1,7.4,6.8,5.0,5.1,5.7,6.3,621.1935483870968,265.4193548387097,-1.1612903225806452,673.6416225806452,0.28469167741935486,8.196277419354839,1.2903225806451613,1.5813064516129032,0.371858064516129,5.516129032258065,0.6651651651651652,0.18729096989966554,0.0,0.08232204953516428,0.0,0.0,-0.5844942304777818,0.24158932258064517,192.62040322580646,0.0,31.0,0.016222426470588334
Rainbow,mid,DDH,3,37,0.865,The Kings,64.8,68.0,58.1,60.5,58.7,63.1,6.5,6.8,5.8,6.0,5.9,6.3,344.7567567567568,190.54054054054055,3.324324324324324,617.8630054054054,0.2652195135135135,8.411424324324326,0.2972972972972973,1.246610810810811,0.25605405405405407,4.162162162162162,0.6980830670926518,0.21138211382113822,0.0,0.1731076506431957,0.0,0.0884505092455257,-0.6728073098222688,0.2191933783783784,324.02217027027024,0.0,37.0,0.032122662026968216
Trigger,bot,LCKC,2,91,0.637,T1 Esports Academy,57.1,74.0,47.7,64.3,72.2,63.0,5.7,7.4,4.8,6.4,7.2,6.3,133.58441558441558,93.75324675324676,2.038961038961039,568.6358494505495,0.2532482967032967,9.35087912087912,0.6153846153846154,1.407489010989011,0.4296494505494506,4.384615384615385,0.7020648967551623,0.1630901287553648,2.5714285714285716,0.19537646105532408,-0.36302553780349733,-0.6714869794942762,-0.7986583045010667,0.2584990659340659,304.10526103896103,0.0,91.0,0.271378800470489
Shady,sup,PGC,2,37,0.595,Maryville University,73.7,59.0,68.2,55.2,48.2,63.0,7.4,5.9,6.8,5.5,4.8,6.3,429.35135135135135,253.40540540540542,-1.8918918918918919,215.96928108108108,0.0964301027027027,1.0983243243243244,0.02702702702702703,2.5571702702702703,0.26749459459459457,12.324324324324325,0.7081481481481482,0.19884169884169883,0.0,0.37070407169296704,-0.45700885538379304,0.0,-0.8063425551484512,0.10646334324324323,355.168145945946,0.0,37.0,-0.2121588814721334
Shamwwow,top,UPL,2,23,0.435,University of Michigan,77.7,59.0,55.7,60.5,47.7,63.0,7.8,5.9,5.6,6.0,4.8,6.3,506.3478260869565,276.2608695652174,9.434782608695652,648.8080260869565,0.2634049565217391,7.087830434782609,0.782608695652174,0.9292347826086956,0.15266521739130434,4.6521739130434785,0.5626373626373626,0.1821561338289963,0.0,0.2596135341981772,-0.4434012155109161,0.0,-0.9606906713041583,0.23195217391304349,741.7755347826087,0.0,23.0,0.32044097852168313
Visdom,sup,PRM,3,65,0.538,GamerLegion,62.5,67.7,52.3,60.9,70.8,63.0,6.2,6.8,5.2,6.1,7.1,6.3,83.64615384615385,-66.64615384615385,-5.969230769230769,208.94656,0.08834918461538462,0.9550738461538462,0.09230769230769231,2.566870769230769,0.3230630769230769,12.615384615384615,0.7592592592592593,0.2010752688172043,0.0,0.2176638828509324,-0.2629944676477662,-0.13406660689685332,-0.9222903231639885,0.10033579230769231,317.8518846153846,0.0,65.0,0.05859791803404928
Canyon,jng,LCK,1,117,0.607,Dplus Kia,69.5,52.2,70.1,57.0,68.4,63.0,7.0,5.2,7.0,5.7,6.8,6.3,167.8034188034188,182.89743589743588,2.572649572649573,316.84178717948714,0.15656583675213676,6.059720512820513,0.26495726495726496,1.5168478632478632,0.38004188034188036,13.102564102564102,0.7140921409214093,0.2208013640238704,0.0,0.26152388970743007,0.03587142507944263,-0.18461256416524072,-0.7681727527834135,0.18198831623931622,761.0215547008547,0.0,117.0,-0.017050253056329647
Stookbeer,sup,ESLOL,3,49,0.347,KV Mechelen Esports,76.5,61.5,52.2,50.4,63.6,63.0,7.7,6.2,5.2,5.0,6.4,6.3,161.10204081632654,180.87755102040816,5.448979591836735,228.36590816326532,0.11095089591836735,1.4756693877551021,0.16326530612244897,2.595175510204082,0.38353265306122447,11.26530612244898,0.6914893617021277,0.2219679633867277,0.0,0.19590656760473618,0.0,0.5112946308231434,-1.0694311335105713,0.11377260408163264,492.46923061224487,0.0,49.0,0.3530351607474978
Robo,top,CBLOL,15,61,0.607,LOUD,70.5,59.8,56.2,63.2,60.0,63.0,7.0,6.0,5.6,6.3,6.0,6.3,389.0327868852459,185.36065573770492,5.180327868852459,578.7944590163935,0.2618776229508197,7.952613114754098,0.4426229508196721,1.132273770491803,0.19291803278688527,5.278688524590164,0.623721881390593,0.2545871559633027,0.0,0.21510635571501793,-0.12506070346645717,-0.5187833869065513,-0.897090453400572,0.2400008032786885,968.0727393442623,0.0,61.0,-0.05919653868936057
ADD,top,LLA,15,62,0.532,Isurus,59.3,70.3,52.3,68.2,63.1,62.9,5.9,7.0,5.2,6.8,6.3,6.3,154.3709677419355,-129.48387096774192,-1.467741935483871,531.0211387096774,0.26019932258064515,7.694954838709678,0.2903225806451613,1.2609629032258065,0.2323193548387097,5.516129032258065,0.6330597889800703,0.23261117445838084,0.0,0.13973983102368737,0.32905146699333665,-0.027490446186439803,-1.0286103073168706,0.21951667741935485,907.9536258064516,0.0,62.0,0.32478151351289863
Yutapon,bot,LJL,15,75,0.76,DetonatioN FocusMe,71.9,53.0,67.9,51.6,70.1,62.9,7.2,5.3,6.8,5.2,7.0,6.3,444.08,331.9866666666667,3.3466666666666667,596.6017973333334,0.2719747866666667,9.414930666666665,1.4,1.188516,0.37510133333333334,2.88,0.6774703557312253,0.18219749652294853,0.0,0.21846519940361586,0.09267948491797488,-0.058458281883930145,-0.6092266590472492,0.2711661866666667,269.1169893333333,0.0,75.0,-0.07769781925271278
Macaquinho,mid,NEXO,3,54,0.611,Kawaii Kiwis,71.0,58.0,61.9,53.1,67.7,62.9,7.1,5.8,6.2,5.3,6.8,6.3,230.25925925925927,161.16666666666666,3.1481481481481484,654.9129444444444,0.2921567407407408,8.46477962962963,0.7037037037037037,1.054262962962963,0.1529074074074074,4.981481481481482,0.6418554476806904,0.14905149051490515,0.0,0.2409754097898258,0.20192011189310088,-0.10749716629783564,-0.761985614317587,0.2439200925925926,308.34032407407403,0.0,54.0,0.19629026193758614
adi1,jng,UL,2,44,0.682,Illuminar Gaming,76.1,59.1,61.2,55.6,50.5,62.9,7.6,5.9,6.1,5.6,5.0,6.3,444.52272727272725,255.6590909090909,7.863636363636363,451.9416409090909,0.1881519318181818,6.3076954545454536,0.5,1.5490113636363636,0.3796931818181818,11.795454545454545,0.727509778357236,0.2846441947565543,0.0,0.20468344611763445,-0.16209748928055212,0.7677068276507097,-0.8766289457469836,0.1970514772727273,968.6546295454544,0.0,44.0,-0.15255485975898547
Zest,top,LCKC,2,74,0.554,Gen.G|Gen.G Global Academy,57.2,64.9,68.2,60.2,68.5,62.8,5.7,6.5,6.8,6.0,6.8,6.3,43.148648648648646,87.28378378378379,0.20270270270270271,475.85596486486486,0.23762775675675676,8.602033783783785,0.40540540540540543,0.9480932432432433,0.22571216216216217,3.527027027027027,0.5746421267893661,0.19616204690831557,0.0,0.32441202257657964,-0.12348550122379887,0.1232643786837872,-0.9053967473249216,0.23207083783783783,718.2379364864865,0.0,74.0,0.4398943427911695
Rahel,bot,LCKC,2,94,0.585,Dplus Kia Challengers,61.3,66.6,60.2,56.2,71.0,62.8,6.1,6.7,6.0,5.6,7.1,6.3,115.05681818181819,13.204545454545455,4.909090909090909,553.3129372340426,0.27862395531914896,10.213121276595745,1.053191489361702,1.2937351063829787,0.37739787234042554,5.308510638297872,0.6824,0.17481884057971014,1.8333333333333333,0.21917153253786917,-0.02700165281822386,-0.0024262215033417737,-0.782654350297984,0.2778015787234043,299.42792386363635,0.0,94.0,0.03753928529856832
seaz,sup,LVP SL,2,62,0.516,KOI,57.0,67.4,63.7,65.7,62.3,62.8,5.7,6.7,6.4,6.6,6.2,6.3,91.2258064516129,141.06451612903226,3.661290322580645,159.7348112903226,0.08098216612903227,1.0162306451612904,0.0,2.6868000000000003,0.35080483870967744,15.03225806451613,0.7218788627935723,0.19140625,0.0,0.33206803056445655,-0.3291555581314478,-0.10287469572273093,-0.8907022224506479,0.08978075322580645,400.41103548387093,0.0,62.0,0.22687316868982846
Inspired,jng,LCS,1,123,0.61,Evil Geniuses,63.5,58.1,63.7,62.0,70.9,62.8,6.3,5.8,6.4,6.2,7.1,6.3,51.390243902439025,115.26829268292683,1.4959349593495934,292.4552902439024,0.1459173130081301,6.459829268292682,0.3252032520325203,1.4139569105691057,0.3528186991869919,7.040650406504065,0.6978211009174312,0.1495601173020528,0.0,0.19624741200828155,0.04334267752583466,-0.12037006319770434,-0.7004300147789603,0.18742369105691056,787.9201577235772,0.0,123.0,-0.02287172856393859
Beenie,bot,CBLOLA,3,38,0.526,Axolotl|LOUD Academy,52.0,74.7,70.1,60.7,57.2,62.8,5.2,7.5,7.0,6.1,5.7,6.3,173.92105263157896,83.97368421052632,1.2894736842105263,519.5359684210526,0.25124557894736843,8.938565789473685,0.5263157894736842,1.54255,0.42737368421052635,6.526315789473684,0.6666666666666666,0.13840155945419103,0.0,0.3725636807736404,-0.22319733128047217,0.0,-0.7418869241796516,0.25910118421052636,291.9410947368421,0.0,38.0,-0.014409606404269625
Camana,mid,TAL,3,32,0.562,SuperMassive Blaze|SuperMassive Blaze Academy,52.7,69.4,75.1,64.9,54.4,62.8,5.3,6.9,7.5,6.5,5.4,6.3,182.5,57.53125,2.59375,493.55271875,0.256494228125,7.54904375,0.34375,1.221878125,0.2054,6.71875,0.6878612716763006,0.15776081424936386,0.0,0.5200573065902578,0.0013605442176871136,-0.8040816326530612,-0.6829200353584569,0.21850628125,325.45319375,0.0,32.0,-0.040639573617588236
RAV3N,bot,CBLOLA,3,39,0.436,Liberty Academy,61.1,68.6,56.9,69.4,53.9,62.8,6.1,6.9,5.7,6.9,5.4,6.3,276.64102564102564,190.02564102564102,10.256410256410257,509.9477384615385,0.24749546153846155,8.804525641025641,1.1282051282051282,1.142225641025641,0.2889051282051282,6.410256410256411,0.7692307692307693,0.1695447409733124,0.0,0.31051894717192463,-0.7009458039333434,0.0,-0.8227093541165107,0.27143564102564105,311.2471974358974,0.0,39.0,-0.14038783482142866
Kartis,top,LDL,2,124,0.637,FunPlus Phoenix Blaze,54.3,67.3,67.8,55.0,77.7,62.8,5.4,6.7,6.8,5.5,7.8,6.3,0.0,0.0,0.0,530.1498911290323,0.2419674919354839,7.944058870967742,0.0,0.9388790322580646,0.18942741935483873,4.790322580645161,0.5363540569020021,0.15861214374225527,2.8306451612903225,0.27221903206155174,0.04915362840758859,-0.05644694259921643,-0.7757617454351547,0.22097732258064517,0.0,0.0,124.0,0.25849592026639384
Kiaya,top,VCS,15,89,0.753,GAM Esports,68.5,52.9,67.3,57.9,70.9,62.8,6.8,5.3,6.7,5.8,7.1,6.3,242.51685393258427,112.47191011235955,2.932584269662921,570.8256370786517,0.24186575280898875,8.431341573033707,0.5955056179775281,0.9412370786516854,0.1667370786516854,4.831460674157303,0.5345252774352651,0.18430034129692832,0.0,0.26102048875417483,-0.11748902559631155,0.1510833521993315,-0.8073002856123506,0.22465237078651684,797.7370247191011,0.0,89.0,-0.117481316139594
Zeus,top,LCK,1,144,0.743,T1,76.2,50.9,56.5,55.6,71.9,62.7,7.6,5.1,5.7,5.6,7.2,6.3,496.9166666666667,233.01388888888889,8.041666666666666,553.2944659722222,0.26291665277777776,8.207424305555556,0.4444444444444444,1.029511111111111,0.20073749999999999,5.909722222222222,0.5858925143953935,0.24205061648280338,0.0,0.18273551114487904,-0.159250792585524,0.041598942986273535,-0.8546386049821738,0.22728680555555558,612.3747319444444,0.0,144.0,-0.039046426753998435
Ruin,top,TCL,15,23,0.565,NASR eSports Turkey,71.1,66.0,61.3,51.8,50.6,62.7,7.1,6.6,6.1,5.2,5.1,6.3,657.7391304347826,304.4782608695652,16.91304347826087,519.6101565217392,0.26446034782608696,8.613999999999999,0.2608695652173913,1.1271478260869565,0.21571739130434783,5.260869565217392,0.5514285714285714,0.1779935275080906,0.0,0.2788966725043783,-0.6402854877081681,-0.4290245836637589,-0.7630793933903584,0.24108908695652173,646.7445043478261,0.0,23.0,0.2288221397232535
CaTzzz,bot,SL (LATAM),3,38,0.553,God's Plan|Spectacled Bears,65.4,67.8,64.8,52.6,55.2,62.7,6.5,6.8,6.5,5.3,5.5,6.3,364.60526315789474,13.473684210526315,1.6578947368421053,625.585002631579,0.29352773684210526,8.436894736842104,0.7105263157894737,1.5030026315789473,0.4042657894736842,5.2894736842105265,0.6504201680672269,0.18070175438596492,0.0,0.3065396327675099,-0.11112030357182254,0.0,-0.7872305341879998,0.25776542105263156,280.4009289473684,0.0,38.0,-0.07001653042277133
Harp,sup,LJL,15,77,0.753,DetonatioN FocusMe,73.2,60.5,54.0,50.7,69.2,62.7,7.3,6.0,5.4,5.1,6.9,6.3,383.961038961039,94.62337662337663,-1.12987012987013,211.0518025974026,0.09498952337662338,1.0303883116883117,0.012987012987012988,2.5803363636363637,0.3410779220779221,15.688311688311689,0.7260061919504643,0.2193808882907133,0.0,0.1513379462807325,-0.20253376946439486,-0.3221663904308403,-0.7027067339284976,0.10132007922077922,349.11765194805196,0.0,77.0,0.12792654738934184
Mori,jng,LDL,2,68,0.412,Oh My God Academy,52.2,75.1,55.5,63.8,69.9,62.7,5.2,7.5,5.5,6.4,7.0,6.3,0.0,0.0,0.0,342.0641544117647,0.16100093529411763,5.322432352941177,0.0,1.5064470588235295,0.38081029411764705,8.705882352941176,0.749738219895288,0.19105312208760486,11.661764705882353,0.21104625550660788,0.0,0.0,-0.977262022282228,0.18146726470588237,0.0,0.0,68.0,0.700409682210652
GALA,bot,LPL,1,156,0.667,Royal Never Give Up,74.1,51.7,57.3,53.8,76.0,62.6,7.4,5.2,5.7,5.4,7.6,6.3,611.7391304347826,409.7608695652174,14.173913043478262,588.9341025641025,0.2833994185897436,9.622845512820513,0.32051282051282054,1.1888698717948718,0.4122833333333333,3.25,0.6584665846658466,0.15816040381379698,2.309090909090909,0.22157601021986148,-0.24476508691147053,-0.22004089299665874,-0.7543997787889506,0.26777375000000003,283.1936565217391,0.0,156.0,0.11161527400543197
Rhuckz,sup,LVP SL,2,61,0.656,Fnatic|Fnatic TQ,62.2,66.7,61.9,64.3,53.5,62.6,6.2,6.7,6.2,6.4,5.3,6.3,153.52459016393442,236.0983606557377,1.1967213114754098,172.18203114754098,0.0817672344262295,1.038944262295082,0.01639344262295082,2.738322950819672,0.3686475409836066,14.770491803278688,0.7576719576719577,0.23715415019762845,0.0,0.1898134899716344,0.3582097405867805,-0.033909389540783715,-0.8300939527849289,0.09406857377049181,422.7234704918033,0.0,61.0,-0.33077734360286426
Pride,top,PRM,3,63,0.619,Eintracht Spandau,66.3,62.0,63.0,51.6,68.6,62.6,6.6,6.2,6.3,5.2,6.9,6.3,291.1111111111111,179.76190476190476,3.5238095238095237,551.8255349206349,0.24483753968253968,8.130087301587302,0.4444444444444444,1.140063492063492,0.18066666666666667,6.4603174603174605,0.5396341463414634,0.21788990825688073,0.0,0.3236964063092851,-0.25562432879506053,-0.5429575917380796,-0.8380133171595449,0.23048360317460317,759.8923777777777,0.0,63.0,-0.09146170555672346
Prime,sup,PRM,3,63,0.619,Eintracht Spandau,63.3,62.1,61.9,54.1,74.5,62.6,6.3,6.2,6.2,5.4,7.5,6.3,177.63492063492063,72.34920634920636,3.126984126984127,194.67362063492064,0.08670560000000001,1.1877142857142855,0.015873015873015872,2.6544126984126986,0.3664777777777778,14.666666666666666,0.6971544715447154,0.22247706422018348,0.0,0.2199942512764346,-0.10275621309454296,0.3094646680942184,-0.75636507864584,0.09721411746031745,380.0893603174603,0.0,63.0,0.3281358456321616
3XA,bot,LFL,2,101,0.733,LDLC OL,68.2,56.8,71.2,45.7,72.4,62.6,6.8,5.7,7.1,4.6,7.2,6.3,148.35643564356437,146.37623762376236,7.188118811881188,630.2192148514852,0.2747839504950495,10.050997029702971,1.0495049504950495,1.4354435643564358,0.38129900990099014,6.188118811881188,0.6082949308755761,0.19085173501577288,0.0,0.36703630553155303,-0.1989430933417628,0.0032779224706052453,-0.7386694798302509,0.2726887623762376,305.680103960396,0.0,101.0,-0.04803301000692086
ShowMaker,mid,LCK,1,117,0.607,Dplus Kia,57.3,65.9,66.8,55.3,73.2,62.6,5.7,6.6,6.7,5.5,7.3,6.3,121.1880341880342,107.34188034188034,1.393162393162393,487.3123846153846,0.24126089230769232,8.598335897435899,0.4444444444444444,1.4340820512820514,0.34065128205128203,8.52991452991453,0.6571815718157181,0.16538789428815004,0.0,0.30233299452086104,-0.15678113076656253,-0.33141225753088394,-0.72784494886585,0.23328782051282052,332.927817948718,0.0,117.0,0.24156424501689938
Trymbi,sup,LEC,1,73,0.603,Rogue,69.2,62.6,62.8,60.4,48.4,62.6,6.9,6.3,6.3,6.0,4.8,6.3,79.4931506849315,-17.78082191780822,-4.424657534246576,201.8812178082192,0.0941377904109589,0.8778465753424658,0.0410958904109589,2.4352616438356165,0.325313698630137,10.547945205479452,0.7407045009784736,0.24695863746958638,0.5714285714285714,0.18592823261586253,0.016752295830990627,0.7323910893968472,-0.8712661323239193,0.09392420410958904,296.0098698630137,0.0,73.0,-0.2635502244425776
Bolulu,mid,TCL,15,45,0.689,NASR eSports Turkey,76.5,53.2,61.4,52.1,63.9,62.6,7.7,5.3,6.1,5.2,6.4,6.3,388.5777777777778,200.9777777777778,9.11111111111111,617.9490733333333,0.3065336444444445,9.191093333333333,0.8666666666666667,0.9736999999999999,0.14349555555555554,4.5777777777777775,0.6763425253991292,0.1417004048582996,0.0,0.2702581492014876,-0.40436915354779823,-0.4941250285192789,-0.6680457924409794,0.24569526666666666,252.2337533333333,0.0,45.0,0.3714199652570032
Wiz,jng,CBLOL,15,53,0.604,KaBuM! Esports,55.6,73.7,53.4,66.6,63.1,62.6,5.6,7.4,5.3,6.7,6.3,6.3,-135.16981132075472,-159.22641509433961,-2.69811320754717,336.00858113207545,0.14948288301886792,5.587335849056604,0.4528301886792453,1.6507132075471698,0.4750377358490566,10.88679245283019,0.7352614015572859,0.1876675603217158,0.0,0.19518384040732856,0.012261948833856107,-0.7150844650546538,-0.8492654861917387,0.1886905094339623,826.3067113207547,0.0,53.0,0.33531276248435005
Zelt,mid,GL,3,49,0.837,Braves Rising|Zeu5 Bogota,75.1,59.8,52.0,52.8,64.9,62.6,7.5,6.0,5.2,5.3,6.5,6.3,810.9183673469388,301.2857142857143,15.26530612244898,573.0110918367346,0.2490800775510204,9.259267346938776,0.8979591836734694,0.9475816326530612,0.19206938775510204,4.36734693877551,0.619979402677652,0.12313432835820895,0.0,0.17880061460592914,-0.33949573062671173,-0.8314403093281778,-0.5787510858382026,0.24739614285714284,324.59491836734696,0.0,49.0,-0.15566644780039401
QQMore,sup,LMF,2,38,0.737,Pampas,78.5,57.2,56.7,51.6,56.8,62.6,7.8,5.7,5.7,5.2,5.7,6.3,573.0526315789474,557.8157894736842,11.342105263157896,196.3665052631579,0.09306762631578948,1.832236842105263,0.05263157894736842,2.358218421052632,0.3334184210526316,14.236842105263158,0.715372907153729,0.21671018276762402,0.0,0.19708474576271182,-0.19812424504973974,-0.4979857452742485,-0.6820709019796934,0.11650690000000001,464.4168315789473,0.0,38.0,0.08474416411223773
Career,sup,LAS,3,45,0.533,DRX Academy,77.5,56.2,54.2,52.6,63.8,62.6,7.8,5.6,5.4,5.3,6.4,6.3,252.9111111111111,290.64444444444445,3.2222222222222223,261.4601422222222,0.11259780888888889,1.28914,0.08888888888888889,2.4403155555555553,0.31388222222222223,13.133333333333333,0.7376093294460642,0.25,0.0,0.20327674433789814,-0.07620577822776953,-0.0669631735685276,-0.8941514996522482,0.10827144666666667,405.8243866666666,0.0,45.0,0.23622769556131012
Alby,jng,LVP SL,2,79,0.532,BISONS ECLUB,59.4,65.8,62.8,60.7,65.5,62.5,5.9,6.6,6.3,6.1,6.5,6.2,40.037974683544306,-22.443037974683545,-0.7468354430379747,340.13915316455694,0.15919173544303797,5.659086075949367,0.5063291139240507,1.3564367088607596,0.4198151898734177,7.227848101265823,0.6821773485513608,0.1727699530516432,0.0,0.24501122528279076,0.09213946094881488,0.058197039810661,-0.8927792010988461,0.18784901265822784,818.6459113924051,0.0,79.0,0.033556549057515754
Steeelback,sup,LFL,2,41,0.415,Solary,49.8,70.8,70.6,68.8,57.0,62.5,5.0,7.1,7.1,6.9,5.7,6.2,74.02439024390245,163.0,3.292682926829268,129.4451731707317,0.0677995487804878,1.133980487804878,0.0,2.6967048780487803,0.30000731707317074,17.365853658536587,0.7480314960629921,0.16,0.0,0.35490328618968386,0.15811484638893367,-0.2761782210069166,-0.8224720380271978,0.09335268780487804,332.93821463414633,0.0,41.0,0.2251363399787286
Ragner,top,LFL,2,101,0.733,LDLC OL,61.5,58.4,59.2,65.5,74.2,62.5,6.2,5.8,5.9,6.5,7.4,6.2,330.8811881188119,190.02970297029702,0.16831683168316833,503.0331405940594,0.22195629702970296,7.695707920792079,0.31683168316831684,0.9720188118811881,0.1467029702970297,3.3564356435643563,0.570852534562212,0.19794952681388012,0.0,0.218359519644088,-0.18931677651723988,0.03260382562489283,-0.8148345691228005,0.21179446534653465,935.6288633663365,0.0,101.0,0.2593188142166399
Emets,bot,LHE,2,56,0.625,Master Girl|Meta Gaming,68.7,62.2,60.1,55.6,59.8,62.5,6.9,6.2,6.0,5.6,6.0,6.2,306.0892857142857,139.83928571428572,5.946428571428571,582.2674267857143,0.2864415357142857,9.352417857142857,1.1071428571428572,1.2985910714285716,0.3541982142857143,6.321428571428571,0.673842841765339,0.1723076923076923,0.0,0.2532821539830885,-0.1226170707406178,-0.5022411159083361,-0.7218912881585846,0.2728731071428571,265.5666857142857,0.0,56.0,-0.0289548829240435
Sting,jng,CBLOLA,3,54,0.593,Flamengo Academy|Flamengo MDL|LØS Academy,53.4,67.0,68.5,62.6,67.0,62.5,5.3,6.7,6.8,6.3,6.7,6.2,101.25925925925925,172.66666666666666,2.8703703703703702,314.78610925925926,0.15482243518518518,5.764942592592592,0.24074074074074073,1.4825055555555555,0.38351111111111114,11.277777777777779,0.7369093231162197,0.21571238348868177,0.0,0.24727663524009574,0.2433286917945982,0.6574974587213935,-0.7838017543755147,0.1873560740740741,790.3616166666667,0.0,54.0,0.09759160502322393
Shookz,jng,LMF,2,60,0.533,Boca Juniors Gaming|Movistar Optix|River Plate Gaming,55.8,70.8,59.5,63.2,64.0,62.5,5.6,7.1,6.0,6.3,6.4,6.2,113.75,66.7,1.7,281.8950566666666,0.14501134499999999,5.778116666666667,0.38333333333333336,1.6250983333333333,0.4115016666666667,16.85,0.7245283018867924,0.212707182320442,0.0,0.21669869212173806,0.08128215275029683,-0.41385041551246543,-0.7895962917358517,0.18926283333333332,830.020855,0.0,60.0,0.19789280806229978
Knedla,jng,HC,3,42,0.5,KIA.eSuba Academy|eSuba,66.0,59.5,71.8,53.6,59.3,62.5,6.6,6.0,7.2,5.4,5.9,6.2,512.5952380952381,594.547619047619,12.333333333333334,303.9767738095238,0.15698798809523812,6.355628571428571,0.2619047619047619,1.399657142857143,0.27118333333333333,13.095238095238095,0.6803571428571429,0.17857142857142858,0.0,0.3322103113833589,-0.11029717373233579,0.4235245220282626,-0.8087527084168528,0.19786830952380952,695.88095,0.0,42.0,-0.019578084686598808
Leza,mid,LLA,15,47,0.468,All Knights|Estral Esports,65.0,66.1,65.3,56.1,53.0,62.5,6.5,6.6,6.5,5.6,5.3,6.2,242.0212765957447,151.5531914893617,8.53191489361702,516.5650425531915,0.27082265957446805,9.102312765957446,0.425531914893617,1.2744404255319148,0.2599404255319149,5.9361702127659575,0.6983050847457627,0.17532467532467533,0.0,0.2703353819139596,0.038893510815307994,0.010815307820299559,-0.8928278466033045,0.24572857446808513,350.567355319149,0.0,47.0,-0.024129049749220508
Kongyue,jng,PCS,15,64,0.609,J Team,64.7,67.5,55.1,58.4,61.7,62.5,6.5,6.8,5.5,5.8,6.2,6.2,316.640625,278.421875,2.765625,288.66164375,0.1467544796875,6.1344703124999995,0.296875,1.6470625,0.421421875,13.53125,0.7197860962566844,0.20937042459736457,0.0,0.17804001633319724,-0.2425217728541198,0.01420821003110992,-0.8367628776632466,0.179775703125,708.708325,0.0,64.0,-0.0833801629671257
Kice,sup,LCKC,2,67,0.567,KT Rolster Challengers,56.0,65.4,66.2,64.3,64.2,62.4,5.6,6.5,6.6,6.4,6.4,6.2,86.23880597014926,10.746268656716419,1.537313432835821,167.45682537313434,0.08190011044776119,1.080234328358209,0.014925373134328358,2.6669,0.3127313432835821,16.686567164179106,0.7384937238493724,0.20353982300884957,0.0,0.2889554532534561,-0.032930506693470994,-0.009343445881116678,-0.815838767476576,0.09575699552238806,409.549,0.0,67.0,0.1479845861815014
Deadly,bot,LVP SL,2,68,0.574,Barça eSports,66.0,64.7,57.4,58.8,60.0,62.4,6.6,6.5,5.7,5.9,6.0,6.2,73.20588235294117,139.23529411764707,7.367647058823529,604.4851352941176,0.2827796470588235,9.304457352941176,0.8970588235294118,1.2940676470588235,0.3927411764705882,5.147058823529412,0.6756198347107438,0.1672203765227021,0.0,0.265951688692395,-0.27292495122350796,-0.443027568026451,-0.7992660803156755,0.2663505441176471,304.32650588235293,0.0,68.0,-0.17728297632468998
BeryL,sup,LCK,1,130,0.546,Kiwoom DRX,72.5,54.2,61.9,50.0,72.1,62.4,7.2,5.4,6.2,5.0,7.2,6.2,171.91538461538462,171.59230769230768,5.607692307692307,177.9915146153846,0.0858388623076923,1.3704646153846154,0.023076923076923078,2.6382353846153848,0.4282053846153846,17.369230769230768,0.7065217391304348,0.2564271588661833,0.0,0.22927283395762707,-0.4076317301415891,1.0229694893229169,-0.942880026619288,0.0983255676923077,376.91524000000004,0.0,130.0,0.399489115180676
Photic,bot,LPL,1,102,0.657,Victory Five,59.8,70.3,59.5,55.6,65.0,62.4,6.0,7.0,6.0,5.6,6.5,6.2,0.0,0.0,0.0,657.5999843137255,0.28987183333333333,9.014446078431371,0.0,1.5304382352941177,0.48108039215686277,3.8627450980392157,0.7130325814536341,0.17034700315457413,4.147058823529412,0.2603781616942779,-0.3793371973819099,-0.4473030518097942,-0.736511046210255,0.2717743823529412,0.0,0.0,102.0,0.009216589861751119
NOMA,mid,LPLOL,3,73,0.685,For The Win Esports,60.2,61.0,62.1,61.4,72.7,62.4,6.0,6.1,6.2,6.1,7.3,6.2,176.986301369863,203.75342465753425,-3.0821917808219177,596.3768657534247,0.25480568493150685,7.613653424657534,0.4520547945205479,1.2091109589041096,0.16849452054794523,4.575342465753424,0.6484018264840182,0.17178502879078694,0.0,0.26251869819188345,-0.0383611412468631,0.11857000626866783,-0.7601098475107749,0.22057071232876713,409.4674561643836,0.0,73.0,-0.06228933498217679
Doxy,top,LVP SL,2,54,0.593,Axolotl|UCAM Esports,60.8,67.9,61.4,60.8,58.2,62.4,6.1,6.8,6.1,6.1,5.8,6.2,27.185185185185187,145.27777777777777,5.537037037037037,521.6853148148149,0.22773748148148149,8.059272222222221,0.37037037037037035,1.1540203703703704,0.2021166666666667,6.833333333333333,0.5533411488862837,0.1907356948228883,0.0,0.22606714183513948,0.0,0.3848773412373084,-0.9173597387003991,0.22176459259259257,759.8859148148148,0.0,54.0,0.2051175079961062
VirusFx,bot,DDH,3,36,0.694,Six Karma|The Kings,70.9,64.2,58.7,54.5,52.9,62.4,7.1,6.4,5.9,5.5,5.3,6.2,597.1944444444445,210.11111111111111,9.555555555555555,566.6067416666667,0.28413872222222225,8.656458333333333,1.25,1.3408861111111112,0.3358361111111111,6.333333333333333,0.6998394863563403,0.19599109131403117,0.0,0.22841259820426482,0.0,-0.5740578439964943,-0.6814447355036248,0.2661178888888889,254.086275,0.0,36.0,-0.3368559142919612
Matislaw,mid,PRMP,3,23,0.739,Hertha BSC eSport,77.9,51.6,61.0,57.8,55.1,62.4,7.8,5.2,6.1,5.8,5.5,6.2,476.8695652173913,779.3913043478261,13.826086956521738,686.5605260869564,0.285294347826087,8.427469565217391,0.5652173913043478,0.8762739130434782,0.15651739130434783,3.8260869565217392,0.6401869158878505,0.1574074074074074,0.0,0.20579186730872126,0.0,-0.41488963711185933,-0.5728561884875362,0.2224564347826087,322.0003608695652,0.0,23.0,0.17399032992036398
marlon,sup,UL,2,85,0.588,Berlin International Gaming|Team ESCA Gaming,71.3,57.4,54.1,60.9,63.1,62.3,7.1,5.7,5.4,6.1,6.3,6.2,58.0,253.4470588235294,-0.8941176470588236,206.2831117647059,0.09789411294117648,1.0098588235294117,0.09411764705882353,2.4182552941176474,0.3177564705882353,11.0,0.7443946188340808,0.2382154882154882,0.0,0.1791529975642522,-0.00698616490707449,0.27047893619247926,-0.9871889402328595,0.09637687764705882,380.0256305882353,0.0,85.0,-0.031142112107580725
Tracyn,top,UL,2,66,0.606,Illuminar Gaming|Komil & Friends,70.5,53.6,66.8,55.2,63.8,62.3,7.0,5.4,6.7,5.5,6.4,6.2,222.3181818181818,286.09090909090907,9.045454545454545,545.6860196969698,0.23725318939393938,8.553625757575759,0.6212121212121212,0.9264575757575758,0.12943787878787877,3.4696969696969697,0.5355871886120996,0.18547486033519553,0.0,0.28562974469934443,-0.2348258088554928,0.26684468732534317,-0.8103004541215219,0.23867583333333334,723.8393803030303,0.0,66.0,0.13287923018704706
Keduii,bot,LVP SL,2,65,0.554,Berlin International Gaming|Giants,71.6,62.1,52.8,57.9,57.7,62.3,7.2,6.2,5.3,5.8,5.8,6.2,459.38461538461536,327.4769230769231,11.615384615384615,568.7599676923077,0.26806384615384615,9.55174,1.0461538461538462,1.2872461538461537,0.3701584615384615,4.8,0.6827661909989023,0.18032786885245902,0.0,0.24684174628946687,-0.1022012083831582,-0.7532884385423878,-0.869106709118293,0.26999655384615384,330.39024923076926,0.0,65.0,-0.14512154512154524
Bjergsen,mid,LCS,1,85,0.624,Team Liquid|Team Liquid Academy,61.6,56.4,66.5,66.6,65.3,62.3,6.2,5.6,6.7,6.7,6.5,6.2,143.8470588235294,169.31764705882352,2.611764705882353,508.53204705882354,0.24624210588235296,8.800542352941177,0.4117647058823529,1.0157823529411765,0.17011176470588235,4.776470588235294,0.7046861184792219,0.12846068660022147,0.0,0.23786775468384075,-0.0018476252581241743,-0.038148027388327295,-0.6590222583257278,0.23307885882352944,327.0387882352941,0.0,85.0,0.027325581395348783
Xerxe,jng,LCS,1,39,0.308,Astralis|Immortals,67.1,59.9,55.9,59.7,67.4,62.3,6.7,6.0,5.6,6.0,6.7,6.2,176.56410256410257,145.89743589743588,4.871794871794871,309.52516410256413,0.15896726923076923,5.81401282051282,0.10256410256410256,1.4584641025641025,0.39718717948717946,10.128205128205128,0.7093023255813954,0.18984962406015038,8.0,0.24830175797917736,-0.4695306783735758,0.0,-0.909103714126602,0.18322284615384615,735.704641025641,0.0,39.0,1.2557366145660127
Robocop,top,HM,3,58,0.655,Entropiq,55.3,68.5,63.0,61.9,66.0,62.3,5.5,6.8,6.3,6.2,6.6,6.2,307.58620689655174,210.56896551724137,1.7758620689655173,468.7165103448276,0.21693793620689655,7.902436206896551,0.2413793103448276,1.1151103448275863,0.16948793103448276,5.0,0.569247546346783,0.17011128775834658,0.0,0.22256008359456636,0.07833531274742676,-0.28226444972288206,-0.699778908531894,0.2157244655172414,705.2076413793103,0.0,58.0,-0.36278713629402765
Ejdercan,top,TAL,3,47,0.574,NASR eSports Turkey Academy,58.3,66.0,63.8,61.5,63.2,62.3,5.8,6.6,6.4,6.2,6.3,6.2,346.2340425531915,195.46808510638297,2.6808510638297873,430.7958382978723,0.2529823425531915,7.644034042553192,0.2978723404255319,1.0910340425531915,0.1697382978723404,4.382978723404255,0.6527545909849749,0.24554455445544554,0.0,0.29219778238528804,-0.05036319612590803,-0.32808716707021784,-0.8336666098421539,0.23060719574468086,706.1801085106383,0.0,47.0,0.12575208165457966
Woody,sup,PCS,15,62,0.613,Deep Cross Gaming,66.5,63.6,56.9,55.0,66.1,62.3,6.7,6.4,5.7,5.5,6.6,6.2,69.46774193548387,24.096774193548388,-7.338709677419355,197.71284838709676,0.09816674838709677,0.9317016129032258,0.04838709677419355,2.5546129032258063,0.34369516129032257,14.096774193548388,0.7551020408163265,0.2127371273712737,0.0,0.2337450592885375,-0.36380004023335355,-0.4908871454435728,-0.8116819976504267,0.09741316451612904,311.2462258064516,0.0,62.0,0.4574693186627168
Qing,mid,LDL,2,96,0.635,FunPlus Phoenix Blaze,51.4,72.1,62.0,59.8,72.4,62.3,5.1,7.2,6.2,6.0,7.2,6.2,0.0,0.0,0.0,583.5445427083333,0.2671029166666667,8.301496875,0.0,1.1608260416666667,0.22444270833333332,6.322916666666667,0.7091767881241565,0.1518784972022382,2.1875,0.2336624302394492,0.03284364460779132,-0.15555097902541026,-0.7197842771590257,0.23542656250000002,0.0,0.0,96.0,0.08388477478089551
Sylvie,jng,LCKC,2,107,0.477,Nongshim Esports Academy|Nongshim RedForce,49.4,69.8,63.4,64.3,73.2,62.2,4.9,7.0,6.3,6.4,7.3,6.2,19.663366336633665,62.23762376237624,-1.3267326732673268,265.62302990654206,0.13167550841121495,5.456140186915888,0.308411214953271,1.374118691588785,0.3735177570093458,12.22429906542056,0.7106563161609033,0.19574468085106383,12.833333333333334,0.2580591778737947,-0.07782602522806202,0.24431521119173624,-0.8812163754714992,0.17817018691588785,731.887896039604,0.0,107.0,0.07059433905526784
Alphari,top,LEC,1,45,0.467,Team Vitality,67.9,64.2,65.4,57.1,45.9,62.2,6.8,6.4,6.5,5.7,4.6,6.2,393.8,154.75555555555556,10.022222222222222,498.36032666666665,0.24045315555555555,8.411393333333333,0.2,1.1069933333333333,0.16554222222222223,4.844444444444444,0.5582191780821918,0.17028380634390652,3.909090909090909,0.23516177957532858,-0.03239134624650676,0.9254119687771033,-1.0351786189994832,0.23381851111111113,619.03132,0.0,45.0,0.10788052826012151
JNX,top,LEC,1,36,0.389,SK Gaming,59.3,71.2,67.3,59.3,46.7,62.2,5.9,7.1,6.7,5.9,4.7,6.2,140.52777777777777,-86.75,2.638888888888889,466.45090000000005,0.2614053055555556,8.714611111111111,0.2777777777777778,1.1172833333333334,0.21476388888888887,4.5,0.6098191214470284,0.18831168831168832,3.5,0.26706021251475803,0.0,0.0,-0.9608960201761375,0.25290919444444443,743.441025,0.0,36.0,0.14221724524076146
Shunn,bot,PCS,15,54,0.685,CTBC Flying Oyster,64.5,65.6,64.1,54.9,56.1,62.2,6.5,6.6,6.4,5.5,5.6,6.2,639.0370370370371,305.8888888888889,10.62962962962963,485.52426296296295,0.23983314814814813,9.447840740740741,1.037037037037037,1.455125925925926,0.3975314814814815,6.222222222222222,0.6653171390013495,0.15313653136531366,0.0,0.20272382176914483,0.12100184468139374,0.08946102236899142,-0.7456464342897174,0.2690052962962963,264.96095925925925,0.0,54.0,-0.2742323097463284
Chazz,mid,ESLOL,3,22,0.455,mCon esports,68.0,64.8,57.4,61.2,49.7,62.2,6.8,6.5,5.7,6.1,5.0,6.2,143.0,177.86363636363637,-0.045454545454545456,626.9492136363637,0.31291895454545454,8.967231818181817,0.5,0.9397818181818182,0.19497272727272727,4.2272727272727275,0.7636363636363637,0.1896551724137931,0.0,0.2055805805805806,-0.11436604389624527,0.6760384545619444,-0.8363853476978886,0.26324136363636363,332.3396363636364,0.0,22.0,0.30446849847349433
Feikun,mid,LDL,2,72,0.514,ThunderTalk Gaming|ThunderTalk Gaming Young,52.7,76.6,60.9,54.4,65.8,62.1,5.3,7.7,6.1,5.4,6.6,6.2,0.0,0.0,0.0,579.5970652777778,0.2808889375,8.4746875,0.0,1.3776847222222222,0.3128861111111111,5.083333333333333,0.687382297551789,0.1673511293634497,3.3055555555555554,0.2811530074852399,0.05828625288233359,-0.4384008168715391,-0.8700252439713443,0.23955894444444445,0.0,0.0,72.0,0.2435339713675552
Kektz,top,NLC,2,52,0.577,Diamant Esports|Riddle Esports,60.6,66.3,53.5,66.3,62.4,62.1,6.1,6.6,5.3,6.6,6.2,6.2,-15.25,-142.8846153846154,1.75,579.5846692307692,0.25590875,7.606146153846154,0.2692307692307692,1.1226057692307694,0.1579576923076923,5.673076923076923,0.6268292682926829,0.21846553966189858,0.0,0.24188066588670515,-0.3420483796803624,-0.38227596787293566,-0.9360131503863841,0.23032296153846155,972.1290403846153,0.0,52.0,0.5447270278669841
Kynetic,bot,PRM,3,63,0.619,Eintracht Spandau,54.5,63.2,67.5,60.9,73.4,62.1,5.5,6.3,6.8,6.1,7.3,6.2,234.0793650793651,-52.888888888888886,-1.8095238095238095,577.3641555555556,0.25123909523809523,8.420444444444444,0.6507936507936508,1.2439079365079366,0.2748,7.253968253968254,0.6707317073170732,0.14793577981651376,0.0,0.3435761254425898,-0.20847273613542203,-0.5184011698757006,-0.6733969216768757,0.2501814126984127,274.8024666666667,0.0,63.0,0.25575263662511993
Decay,mid,PRM,3,72,0.597,FC Schalke 04 Esports,61.4,62.6,64.1,53.6,71.7,62.1,6.1,6.3,6.4,5.4,7.2,6.2,199.16666666666666,220.95833333333334,8.097222222222221,535.596025,0.24267875,9.061287499999999,0.5972222222222222,1.0438819444444443,0.2253041666666667,4.347222222222222,0.6016187050359713,0.12805474095796676,0.0,0.2856968834161341,0.15793726311536838,-0.20708766791233213,-0.7679010640597205,0.24115627777777776,379.1983597222222,0.0,72.0,-0.12436412315930397
Leaky,top,PCS,15,59,0.593,Deep Cross Gaming,75.4,56.2,47.1,62.2,61.8,62.1,7.5,5.6,4.7,6.2,6.2,6.2,638.8474576271186,428.59322033898303,15.932203389830509,538.6696983050848,0.2716325762711864,8.45268813559322,0.576271186440678,0.8435728813559322,0.17722372881355933,2.830508474576271,0.6195121951219512,0.20027624309392264,0.0,0.15114685452045498,-0.32069747113351765,-0.4995798774868543,-0.870679644985571,0.24301440677966102,793.3802779661016,0.0,59.0,0.09112259207321574
Mxe,sup,TAL,3,26,0.423,Galatasaray Academy|SuperMassive Blaze Academy,55.7,70.3,71.8,57.9,52.7,62.1,5.6,7.0,7.2,5.8,5.3,6.2,171.1153846153846,-33.30769230769231,-0.9615384615384616,143.47731923076924,0.07891986538461539,1.2503346153846153,0.07692307692307693,2.835192307692308,0.369,15.115384615384615,0.7194805194805195,0.19414893617021275,0.0,0.40474629389084765,0.0,0.0,-0.8448557432847209,0.10315237692307691,388.1917269230769,0.0,26.0,0.1599517906336088
xinye,mid,LDL,2,60,0.517,Team WE Academy|Young Miracles,58.5,70.8,63.0,56.8,58.2,62.1,5.8,7.1,6.3,5.7,5.8,6.2,0.0,0.0,0.0,662.80773,0.29342185,8.210841666666667,0.0,1.1054233333333334,0.243835,3.566666666666667,0.7142857142857143,0.18191161356628982,3.316666666666667,0.23216227174171708,0.06299231840731168,0.4232533133487018,-0.8155309728514051,0.23588776666666667,0.0,0.0,60.0,-0.05555486034638094
HARPOON,bot,UL,2,85,0.588,Berlin International Gaming|Team ESCA Gaming,63.0,57.4,64.4,60.5,68.1,62.0,6.3,5.7,6.4,6.0,6.8,6.2,176.1764705882353,-114.83529411764705,-1.6823529411764706,612.883565882353,0.29173964705882355,9.190504705882352,1.1058823529411765,1.0596423529411765,0.2616494117647059,2.988235294117647,0.7055306427503737,0.1590909090909091,0.0,0.2891857545795493,-0.2228759898459201,-0.03916934640269661,-0.7631187314484571,0.27866548235294114,273.60842352941177,0.0,85.0,-0.04544266529854211
IceBox,top,LHE,2,43,0.442,Cruzados Esports,70.2,68.4,53.5,53.1,51.0,62.0,7.0,6.8,5.3,5.3,5.1,6.2,494.25581395348837,217.8139534883721,10.13953488372093,488.5510837209302,0.27234237209302325,8.900197674418605,0.27906976744186046,1.0979581395348839,0.2140581395348837,4.8604651162790695,0.5840867992766727,0.20104895104895104,0.0,0.2826561619576592,-0.8314594759293114,0.0,-0.9561964217390154,0.2644311162790698,648.7016953488372,0.0,43.0,0.06886766571791117
Shadow,sup,LMF,2,62,0.661,5 Ronin Academy|Estral Esports|Leviatan,54.5,67.4,64.6,61.7,65.6,62.0,5.5,6.7,6.5,6.2,6.6,6.2,15.241935483870968,40.04838709677419,-1.3709677419354838,162.20029032258063,0.07732543709677418,1.1914467741935484,0.04838709677419355,2.770532258064516,0.3734403225806452,15.419354838709678,0.7267987486965589,0.21397379912663755,0.0,0.22888357408597293,0.1783218512047994,0.006292645943896896,-0.7868049351466995,0.0980897370967742,460.21500322580647,0.0,62.0,0.29369015047879615
Trigo,bot,CBLOL,15,61,0.59,paiN Gaming,55.7,65.9,68.6,59.9,63.5,62.0,5.6,6.6,6.9,6.0,6.3,6.2,201.7704918032787,155.45901639344262,-1.8852459016393444,519.5506524590164,0.2521127131147541,8.670831147540984,0.8852459016393442,1.4305655737704919,0.3541344262295082,7.081967213114754,0.6803900325027086,0.1444866920152091,0.0,0.250437527400263,0.11712447775051396,0.132322150957339,-0.7746024296580244,0.2575204918032787,254.25326557377048,0.0,61.0,0.000749845620019333
Aklass,bot,HC,3,23,0.609,Dark Tigers Academy,75.7,57.6,62.5,54.2,47.2,62.0,7.6,5.8,6.2,5.4,4.7,6.2,644.2608695652174,166.3913043478261,16.82608695652174,588.7541217391305,0.314614,9.573308695652173,1.565217391304348,1.0276130434782609,0.2366304347826087,1.6956521739130435,0.6865284974093264,0.1504424778761062,0.0,0.29594523433386,-0.3643162393162393,-0.3942307692307693,-0.6643441121172458,0.2936046956521739,280.2180913043478,0.0,23.0,-0.24325025960539987
Steal,jng,LJL,15,77,0.753,DetonatioN FocusMe,61.4,63.3,62.3,54.2,70.8,62.0,6.1,6.3,6.2,5.4,7.1,6.2,303.93506493506493,108.64935064935065,-0.07792207792207792,315.33154805194806,0.14289694285714286,5.674770129870129,0.24675324675324675,1.686651948051948,0.47048571428571434,11.987012987012987,0.6749226006191951,0.22611036339165544,0.0,0.23560977941025868,-0.15715355805243436,-0.45617977528089887,-0.6547258910748,0.17299928571428572,778.2297571428571,0.0,77.0,-0.00883561153207692
Flawless,jng,LJL,15,62,0.371,Burning Core Toyama|Lucent Esports|MonsterEsports (European Team),66.5,75.3,49.2,53.6,50.1,62.0,6.7,7.5,4.9,5.4,5.0,6.2,193.2258064516129,215.70967741935485,3.6451612903225805,325.21162096774196,0.1689278370967742,6.210764516129033,0.20967741935483872,1.801216129032258,0.5369451612903225,12.193548387096774,0.730820995962315,0.20735785953177258,0.0,0.18523083961081685,-0.2591859195479,-0.15235904308643672,-1.0079752246921876,0.19911045161290325,675.7678532258064,0.0,62.0,-0.5048857659434582
Flamer,top,PRMP,3,20,0.75,Hertha BSC eSport,75.0,51.0,62.2,58.5,57.7,62.0,7.5,5.1,6.2,5.8,5.8,6.2,534.05,438.85,15.55,553.86095,0.22813724999999999,8.852145,0.8,0.8322050000000001,0.12861499999999998,2.2,0.5494505494505495,0.18994413407821228,0.0,0.20645645645645647,0.0,-0.4224615624756107,-0.6215175949763868,0.23809835000000001,955.5367550000001,0.0,20.0,0.5272189349112425
Sheo,jng,LFL,2,95,0.621,Team BDS Academy,55.0,68.3,56.8,61.5,72.7,61.9,5.5,6.8,5.7,6.2,7.3,6.2,31.221052631578946,73.73684210526316,4.189473684210526,327.53786105263157,0.14123252210526316,5.427554736842105,0.18947368421052632,1.6558199999999998,0.4413284210526316,9.115789473684211,0.6780626780626781,0.21097372488408037,0.0,0.21241017982165897,-0.06706389216182437,-0.13389152953788244,-0.8719412736739378,0.16878455789473684,932.4682399999999,0.0,95.0,0.25956186749233107
huhi,sup,LCS,1,76,0.566,100 Thieves,74.5,59.5,51.9,58.9,53.1,61.9,7.5,6.0,5.2,5.9,5.3,6.2,216.48684210526315,238.30263157894737,11.223684210526315,156.3487592105263,0.08115866447368421,1.5922052631578947,0.039473684210526314,2.650505263157895,0.3254394736842105,15.842105263157896,0.7362869198312236,0.22128174123337363,0.0,0.21981123701492697,-0.3472318685328845,-0.34543583292832847,-0.8767010335191174,0.10094098684210527,354.2497907894737,0.0,76.0,-0.06412716804866579
Max1,sup,LPLOL,3,32,0.5,GTZ Esports|Guasones,60.1,63.4,61.0,61.1,65.4,61.9,6.0,6.3,6.1,6.1,6.5,6.2,165.0,109.03125,0.15625,174.172365625,0.0821435125,0.811728125,0.03125,2.3544187500000002,0.29650624999999997,11.34375,0.7736625514403292,0.21244635193133046,0.0,0.2712545676004872,0.0,0.09456740442655946,-0.9205701228898475,0.1013817375,316.702375,0.0,32.0,0.9743516671416358
enel1,jng,CBLOLA,3,37,0.595,LOUD Academy,55.7,65.0,69.7,63.3,58.2,61.9,5.6,6.5,7.0,6.3,5.8,6.2,126.8108108108108,97.13513513513513,-1.7297297297297298,342.2905945945946,0.1630114189189189,5.565916216216216,0.32432432432432434,1.4136756756756756,0.3537810810810811,12.135135135135135,0.7112903225806452,0.1925343811394892,0.0,0.35655185797202016,0.1398268310896724,-0.9618544008718994,-0.8577723164571075,0.18797618918918918,846.8872891891891,0.0,37.0,0.2357150028830183
KinGi,jng,LMF,2,53,0.642,Boca Juniors Gaming|Maycam Evolve,64.7,66.8,55.4,60.0,55.6,61.9,6.5,6.7,5.5,6.0,5.6,6.2,261.7358490566038,180.35849056603774,5.452830188679245,306.9554509433962,0.1529027962264151,5.919492452830188,0.4716981132075472,1.5201150943396227,0.3595981132075472,12.924528301886792,0.7041564792176039,0.1935483870967742,0.0,0.280899181984933,-0.44596941347823643,-0.8072937090359084,-0.7984538515947186,0.197072641509434,813.9230301886791,0.0,53.0,-0.1436617566375677
Scenari0,bot,SL (LATAM),3,49,0.714,Incubus,70.6,59.9,55.8,53.4,63.7,61.9,7.1,6.0,5.6,5.3,6.4,6.2,371.734693877551,335.9795918367347,4.8979591836734695,607.1600959183673,0.2730913469387755,9.123375510204083,1.2653061224489797,1.2364897959183674,0.31201428571428574,4.591836734693878,0.6512415349887133,0.1660958904109589,0.0,0.19946031032156514,-0.07120802269578416,-0.11229135053110775,-0.7314452960772917,0.2653697142857143,286.89510612244896,0.0,49.0,-0.012337333107993792
Evi,top,LJL,15,75,0.76,DetonatioN FocusMe,72.4,51.5,67.1,51.2,65.9,61.9,7.2,5.2,6.7,5.1,6.6,6.2,637.52,442.8,8.12,536.7749386666667,0.2439363333333333,7.936130666666666,0.49333333333333335,1.0000933333333335,0.19241466666666668,4.346666666666667,0.5217391304347826,0.2141863699582754,0.0,0.2596929123217946,0.03887931090993709,-0.42072383299792204,-0.7604254198824397,0.21601724,691.489508,0.0,75.0,-0.22752047678642642
Rest,top,PCS,15,75,0.68,CTBC Flying Oyster,68.8,53.4,65.6,54.1,68.8,61.9,6.9,5.3,6.6,5.4,6.9,6.2,427.17333333333335,302.48,9.093333333333334,522.6091653333334,0.2602591066666667,9.099681333333333,0.3333333333333333,0.9460186666666668,0.16659733333333332,4.04,0.5560040363269425,0.19518716577540107,0.0,0.1683872767857143,0.29648217149513695,0.9848533031812772,-0.8512978262779973,0.24215746666666665,758.1195266666667,0.0,75.0,0.14832378627101137
Oda,jng,NEXO,3,20,0.35,Bis Esports|Magna Esports|QLASH Spain,69.4,68.6,50.4,60.5,45.8,61.9,6.9,6.9,5.0,6.0,4.6,6.2,435.55,471.4,13.3,355.91949,0.1551071,5.8600900000000005,0.45,1.42638,0.41465500000000005,5.9,0.6914893617021277,0.1724137931034483,0.0,0.2001694665487769,-0.49995926680244396,0.0,-0.9164198645222844,0.19742615000000002,833.31875,0.0,20.0,0.06741735238920175
Luon,sup,LAS,3,66,0.636,Nongshim RedForce Academy,64.7,64.9,49.5,54.7,74.6,61.9,6.5,6.5,5.0,5.5,7.5,6.2,49.15151515151515,-49.07575757575758,-3.5606060606060606,226.35921363636362,0.10079865606060606,1.063210606060606,0.045454545454545456,2.6337257575757573,0.3791742424242424,13.924242424242424,0.7123966942148761,0.21587301587301588,0.0,0.19512277570447292,-0.42431206932197507,-0.33146927821725136,-0.8629616095509645,0.10248744848484849,384.8666257575758,0.0,66.0,0.3992177923063453
Yerikan,sup,GL,3,22,0.545,Atheris Esports|Zeu5 Bogota,59.2,66.9,64.3,66.4,48.2,61.9,5.9,6.7,6.4,6.6,4.8,6.2,183.3181818181818,130.0909090909091,1.4545454545454546,171.95332727272728,0.08234721363636364,1.16655,0.0,2.576277272727273,0.28351363636363636,11.636363636363637,0.7561837455830389,0.19310344827586207,0.0,0.21712230215827338,0.21694130464387845,0.7896409278678104,-0.8527680643049532,0.0957307590909091,394.69307272727275,0.0,22.0,0.020307692307692308
Sebekx,mid,UL,2,73,0.534,Zero Tenacity,57.3,68.4,55.4,64.0,64.3,61.8,5.7,6.8,5.5,6.4,6.4,6.2,148.31506849315068,-13.821917808219178,3.315068493150685,558.6416767123288,0.2620081397260274,8.64925205479452,0.410958904109589,1.16453698630137,0.19985616438356163,3.9452054794520546,0.715219421101774,0.15009940357852883,0.0,0.227167909417288,-0.04273860258479415,-0.4807603152526657,-0.8063475940373496,0.24637371232876712,322.76850410958906,0.0,73.0,0.039208993554910934
jinjo,bot,PRM,3,59,0.458,GamerLegion|MAD Lions Madrid,61.7,63.8,60.6,60.4,60.9,61.8,6.2,6.4,6.1,6.0,6.1,6.2,-13.796610169491526,40.32203389830509,1.3559322033898304,611.9648457627119,0.29142559322033895,9.405888135593221,0.7966101694915254,1.0924694915254238,0.2840152542372882,4.491525423728813,0.7085427135678392,0.1524163568773234,0.0,0.2570758499037845,0.1537051352843734,-0.06653782440640518,-0.8594738474238187,0.2741140338983051,266.58412033898304,0.0,59.0,-0.41781247016136736
Zeka,mid,LCK,1,130,0.546,Kiwoom DRX,65.6,55.9,63.2,54.3,73.0,61.8,6.6,5.6,6.3,5.4,7.3,6.2,138.19230769230768,16.4,3.7846153846153845,539.5542607692307,0.2586899,9.245973846153845,0.6153846153846154,1.1036353846153846,0.2584738461538461,6.676923076923077,0.6764705882352942,0.15688859591298615,0.0,0.27866461736089726,-0.2753897685427333,0.2561615393149795,-0.8095606032631637,0.25219073846153844,376.84947538461535,0.0,130.0,0.20334012624881953
Invincible,top,LDL,2,82,0.646,V5 87|Victory Five,63.4,70.2,56.3,49.3,63.8,61.8,6.3,7.0,5.6,4.9,6.4,6.2,0.0,0.0,0.0,609.9401439024391,0.2770942682926829,9.012837804878048,0.0,1.0021024390243902,0.19735121951219511,3.8902439024390243,0.5682137834036568,0.20833333333333334,6.085365853658536,0.2082430182441909,-0.09318786796943489,-0.34673387980709003,-0.8356047624217898,0.2410285,0.0,0.0,82.0,-0.19387129947705833
Tenacity,top,LCSA,2,56,0.607,100 Thieves|100 Thieves Academy,75.5,51.1,62.2,56.7,57.1,61.8,7.5,5.1,6.2,5.7,5.7,6.2,381.14285714285717,294.26785714285717,14.910714285714286,603.4683214285715,0.26370139285714284,9.3798125,0.4642857142857143,0.7586232142857143,0.1422517857142857,2.232142857142857,0.5618374558303887,0.18885869565217392,0.0,0.263628733834357,0.08292822966507182,-0.4258373205741628,-0.8932999497667875,0.25355610714285715,912.8454214285714,0.0,56.0,0.054123711340206035
Velja,jng,ESLOL,3,35,0.571,Ion Squad|Partizan Esports,68.4,65.5,50.7,59.3,55.4,61.8,6.8,6.5,5.1,5.9,5.5,6.2,39.42857142857143,125.85714285714286,0.9142857142857143,405.83167428571426,0.19881731714285714,6.07018,0.6571428571428571,1.3423628571428572,0.3331857142857143,8.657142857142857,0.7307692307692307,0.18485523385300667,0.0,0.20107858243451462,-0.38342669499710264,-0.7187560363144678,-0.8285416459548661,0.2060986,727.9377657142858,0.0,35.0,0.021092147528929208
Joey,sup,LCSA,2,107,0.477,Immortals|Immortals Academy,62.0,60.5,55.7,62.2,71.8,61.8,6.2,6.0,5.6,6.2,7.2,6.2,54.41121495327103,-5.925233644859813,-1.2149532710280373,204.0913878504673,0.09324387476635514,0.9663654205607477,0.028037383177570093,2.5524177570093456,0.2835822429906542,14.710280373831775,0.7372307692307692,0.21499707088459286,0.0,0.2343881865797276,0.08931047287890162,-0.3339118480969155,-0.974612544207813,0.0965756953271028,375.2160803738318,0.0,107.0,0.16599195626424892
Carim,jng,LAS,3,34,0.647,Nongshim RedForce Academy,65.5,63.7,63.1,55.7,54.9,61.8,6.5,6.4,6.3,5.6,5.5,6.2,380.6764705882353,115.32352941176471,3.264705882352941,381.5356647058823,0.15364366470588234,6.057029411764706,0.5294117647058824,1.3994264705882353,0.37683529411764705,7.0,0.6832,0.18663594470046083,0.0,0.2804008016032064,-0.34513909888116123,-0.7278500151194436,-0.7264785143991483,0.20677523529411765,838.2639852941177,0.0,34.0,-0.18625472887767963
Actor,jng,PGC,2,21,0.429,Supernova,81.2,61.0,48.8,48.6,49.8,61.8,8.1,6.1,4.9,4.9,5.0,6.2,820.0,638.6666666666666,13.523809523809524,624.7785285714285,0.27093261904761906,7.359233333333334,0.5714285714285714,1.2561190476190476,0.3558904761904762,4.523809523809524,0.739938080495356,0.22025316455696203,0.0,0.17756476683937822,0.0,0.0,-1.0976217666950752,0.2524441904761905,656.9773952380953,0.0,21.0,0.5707588521537454
Peppe,mid,GLL,3,69,0.551,Team Phantasma,65.9,52.3,71.1,52.0,72.0,61.7,6.6,5.2,7.1,5.2,7.2,6.2,144.43478260869566,111.72463768115942,0.782608695652174,610.2211985507246,0.2680717246376812,7.996289855072464,0.8115942028985508,1.0505913043478259,0.1665985507246377,5.884057971014493,0.6126516464471404,0.17309594460929772,0.0,0.27493719742467854,0.518648925281474,1.0730126236779258,-0.829603643866999,0.23221686956521737,370.2545391304348,0.0,69.0,0.14055447254458164
ordno,mid,HM,3,35,0.457,SINNERS Esports,69.5,67.7,41.7,64.1,52.6,61.7,7.0,6.8,4.2,6.4,5.3,6.2,-17.857142857142858,-64.2,2.2857142857142856,731.5016685714286,0.3188128285714286,8.205422857142857,0.5142857142857142,1.1120857142857143,0.22613714285714284,6.171428571428572,0.7186311787072244,0.18566176470588236,0.0,0.2297606386255097,-0.614221385845823,-0.5257745816251091,-1.00738359688091,0.24292942857142857,422.99163714285714,0.0,35.0,0.27984697560271404
NerzhuL,sup,DDH,3,63,0.762,Six Karma|The Kings,58.2,59.3,64.9,58.3,75.8,61.7,5.8,5.9,6.5,5.8,7.6,6.2,268.3968253968254,174.5873015873016,-3.238095238095238,152.41251746031747,0.07206576984126985,1.0435380952380953,0.047619047619047616,2.5345444444444443,0.3216174603174603,13.761904761904763,0.7049486461251168,0.21896792189679218,0.0,0.2603469706341492,0.0,-0.20720612749637732,-0.7003413902170401,0.09392639047619047,404.11776190476195,0.0,63.0,0.4418119077957465
Goot,jng,CBLOL,15,51,0.608,FURIA|FURIA Youth,65.1,60.2,61.4,59.8,59.3,61.7,6.5,6.0,6.1,6.0,5.9,6.2,231.15686274509804,33.21568627450981,-1.1568627450980393,315.68618235294116,0.15779336274509806,5.475094117647059,0.5098039215686274,1.4160372549019609,0.38787058823529413,13.92156862745098,0.7137452711223203,0.20305343511450383,0.0,0.26225683448587866,-0.345148315736551,-0.1861488185017597,-0.7577907220632812,0.1808392549019608,742.6019235294118,0.0,51.0,0.014514282718304058
Lynkez,mid,CBLOLA,3,30,0.633,Flamengo Academy,53.3,77.1,57.6,61.5,54.7,61.7,5.3,7.7,5.8,6.2,5.5,6.2,1.1333333333333333,32.46666666666667,3.533333333333333,496.0874333333333,0.263512,8.943553333333334,0.5333333333333333,1.3818,0.33196333333333333,6.933333333333334,0.7174887892376681,0.18041237113402062,0.0,0.17096088717710337,0.18587306229891787,0.6200095057034221,-0.8453883598635202,0.24992483333333335,385.78903333333335,0.0,30.0,0.34072345390898473
Lancer,top,LAS,3,25,0.56,DN SOOPers Academy,68.5,64.0,66.4,52.7,45.7,61.7,6.8,6.4,6.6,5.3,4.6,6.2,194.32,136.84,9.32,567.785684,0.26963884,7.8433600000000006,0.4,1.1071039999999999,0.22128399999999998,7.24,0.5391923990498813,0.22332506203473945,0.0,0.28369905956112856,0.3147769667477696,0.08379562043795617,-0.9320956041419018,0.22095124,746.86696,0.0,25.0,-0.04796873770620787
Pehrson,sup,NLC,2,26,0.269,Team Singularity,54.3,68.2,65.1,68.4,52.7,61.7,5.4,6.8,6.5,6.8,5.3,6.2,-57.65384615384615,156.96153846153845,4.461538461538462,168.18143076923076,0.07842005,0.9674423076923078,0.0,2.4728615384615384,0.3694384615384615,11.5,0.7507418397626113,0.1859504132231405,0.0,0.31650095160171465,0.8228035538005923,-0.6446199407699901,-1.1006558812704073,0.09722923461538462,539.6422307692308,0.0,26.0,0.6396353166986564
Ricky,top,LJLA,3,20,0.5,Sengoku Gaming Academy,64.8,75.8,53.6,58.7,37.8,61.7,6.5,7.6,5.4,5.9,3.8,6.2,189.92857142857142,432.42857142857144,10.357142857142858,536.308095,0.23696075,7.19609,0.2,0.9653449999999999,0.160135,6.45,0.5723905723905723,0.20606060606060606,0.6666666666666666,0.14690959409594098,0.07944583238700902,0.6947535771065185,-0.9499048244260561,0.2126605,677.2096642857142,0.0,20.0,-0.5738457126469745
Alois,top,PRM,3,72,0.542,SK Gaming Prime,64.5,62.2,49.2,60.1,71.2,61.6,6.5,6.2,4.9,6.0,7.1,6.2,374.75,277.9583333333333,9.444444444444445,515.0267444444445,0.2260876111111111,8.596255555555555,0.3472222222222222,0.9545069444444445,0.18829583333333333,4.708333333333333,0.5384615384615384,0.17440758293838862,0.0,0.2923162758426652,-0.7859146974134174,-0.7617372405282449,-0.9348541608706592,0.23801966666666663,1016.6462875,0.0,72.0,-0.04431960049937585
Ronaldo,mid,LFL,2,53,0.472,GamersOrigin|Team GO,63.2,57.6,72.1,58.6,56.4,61.6,6.3,5.8,7.2,5.9,5.6,6.2,-77.22641509433963,65.28301886792453,0.6981132075471698,658.8963150943396,0.2882295283018868,8.490815094339622,0.5660377358490566,1.0219037735849057,0.16680943396226414,5.566037735849057,0.6634844868735084,0.15778019586507072,0.0,0.3456997084548105,0.34047099524030244,0.12227561022487025,-0.8818946527041551,0.24475715094339623,365.0254339622642,0.0,53.0,0.07434152279769805
Innaxe,bot,LFL,2,73,0.575,GameWard,54.1,68.6,56.3,67.0,65.1,61.6,5.4,6.9,5.6,6.7,6.5,6.2,-64.72602739726027,-152.986301369863,-7.0,624.1447479452055,0.26490657534246576,8.4505,1.0547945205479452,1.2698397260273973,0.3825301369863014,3.5616438356164384,0.7065502183406114,0.1529175050301811,0.0,0.21010674729790682,-0.31897522940646045,0.20844003606853026,-0.8162666735395134,0.24815339726027397,269.16288219178085,0.0,73.0,0.09241740584929463
Gabbo,top,PGN,3,47,0.553,Atleta Esport,56.3,71.6,58.4,63.4,55.4,61.6,5.6,7.2,5.8,6.3,5.5,6.2,1.553191489361702,49.829787234042556,-7.51063829787234,498.65567872340426,0.2327953829787234,7.534965957446809,0.5957446808510638,1.2539617021276597,0.19287021276595745,4.9787234042553195,0.5602649006622517,0.1827637444279346,0.0,0.1811917854337336,0.6273104863397925,-0.46484420247886016,-0.9084807845247038,0.22011585106382978,925.0644872340425,0.0,47.0,-0.3266732781083498
Leleko,mid,CBLOLA,3,42,0.476,RED Academy,59.4,67.1,55.5,62.6,62.2,61.6,5.9,6.7,5.5,6.3,6.2,6.2,-1.4047619047619047,3.238095238095238,0.16666666666666666,590.6463023809524,0.2749872071428571,7.9812690476190475,0.5952380952380952,1.1829714285714286,0.18774285714285716,6.476190476190476,0.696551724137931,0.1669064748201439,0.0,0.22535391437830465,0.08050565535595483,0.0,-0.8948659887631981,0.23471361904761906,356.28599761904763,0.0,42.0,0.46685210941121935
Blank,jng,LJL,15,57,0.526,Fukuoka SoftBank HAWKS gaming,52.0,69.2,59.5,67.3,64.6,61.6,5.2,6.9,6.0,6.7,6.5,6.2,67.36842105263158,218.3859649122807,4.140350877192983,250.0867561403509,0.13343960350877193,5.788615789473684,0.07017543859649122,1.5847701754385966,0.4124456140350877,12.87719298245614,0.7566765578635015,0.20854700854700856,0.0,0.22983069435876344,0.1469952442715088,-0.37454964692318776,-0.8859404669265502,0.17683356140350878,776.8955982456141,0.0,57.0,0.374474556577014
jiang,bot,LDL,2,25,0.6,FunPlus Phoenix Blaze,58.9,74.5,57.2,59.5,48.8,61.6,5.9,7.5,5.7,6.0,4.9,6.2,0.0,0.0,0.0,643.392916,0.29816292,9.50452,0.0,1.10036,0.384132,3.12,0.7440758293838863,0.14960629921259844,4.8,0.24357656731757454,-0.1310251188051595,-0.517990495587237,-0.7746306802516696,0.28101296,0.0,0.0,25.0,0.08076184851616729
Aladoric,sup,LCO,15,33,0.818,Chiefs Esports Club,75.2,58.2,56.9,59.5,44.0,61.6,7.5,5.8,5.7,6.0,4.4,6.2,372.09090909090907,203.93939393939394,3.5454545454545454,203.13025757575758,0.08537263939393938,1.1993454545454547,0.06060606060606061,2.624939393939394,0.26583636363636365,12.757575757575758,0.7729636048526863,0.24213836477987422,0.0,0.16771689848612925,-0.03168561888528265,-0.362551661335139,-0.7375442267899871,0.10017275757575758,443.7337878787879,0.0,33.0,-0.45389341969117086
Jaeger,top,PRM,3,81,0.679,FC Schalke 04 Esports|X7 Esports,72.8,53.1,57.2,49.8,72.8,61.5,7.3,5.3,5.7,5.0,7.3,6.2,494.320987654321,286.8641975308642,12.123456790123457,599.8224802469136,0.2552242592592593,8.218255555555556,0.37037037037037035,1.0329,0.2016938271604938,4.703703703703703,0.5154061624649859,0.25366300366300365,0.0,0.22729018927722308,0.09022779477527566,-0.2884987201590556,-0.9088542955178116,0.22304437037037037,904.4230851851852,0.0,81.0,-0.29851936759848974
Chime,sup,LCSA,2,115,0.478,Golden Guardians|Golden Guardians Academy|TSM,57.3,65.0,56.1,63.2,69.1,61.5,5.7,6.5,5.6,6.3,6.9,6.2,51.62608695652174,-81.4608695652174,3.356521739130435,184.23456,0.08829007130434782,1.1346599999999998,0.008695652173913044,2.5946226086956523,0.32162521739130434,12.504347826086956,0.726474278544542,0.19245524296675193,0.0,0.19787314486113214,-0.07375504868516146,0.27821309059862015,-0.9555884973406447,0.09559810260869565,362.61631565217397,0.0,115.0,-0.22921055053204112
Eckas,jng,PRM,3,72,0.542,SK Gaming Prime,66.8,62.1,47.0,57.7,71.4,61.5,6.7,6.2,4.7,5.8,7.1,6.2,289.0138888888889,306.93055555555554,8.305555555555555,380.67798611111107,0.1624279138888889,6.210711111111111,0.4027777777777778,1.3725486111111111,0.2927194444444445,9.833333333333334,0.6704545454545454,0.15829383886255924,0.0,0.22236381584851478,-0.7149676099556768,-0.7839754517558812,-0.9279925369189128,0.19421390277777778,765.7351319444444,0.0,72.0,0.041799552147655496
Wondro,top,UL,2,49,0.531,Crvena zvezda Esports|Goskilla,70.3,60.6,58.6,59.4,47.7,61.5,7.0,6.1,5.9,5.9,4.8,6.2,281.6530612244898,48.6530612244898,5.8979591836734695,563.8023653061225,0.27335114285714285,8.728810204081633,0.4489795918367347,0.9560714285714285,0.11729591836734693,2.204081632653061,0.6423248882265276,0.2076923076923077,0.0,0.19352090662008967,0.10922541811492459,0.05610036923809909,-0.8734747777190692,0.2644718979591837,631.4467734693878,0.0,49.0,-0.39970692630824833
Nipphu,top,DDH,3,59,0.593,Six Karma,65.0,60.3,58.9,53.6,69.4,61.5,6.5,6.0,5.9,5.4,6.9,6.2,274.45762711864404,43.94915254237288,6.745762711864407,508.38507966101696,0.2441607627118644,8.222181355932204,0.6101694915254238,0.9650050847457626,0.1481135593220339,4.237288135593221,0.5561385099685204,0.17493796526054592,0.0,0.2892955577172503,0.0,-0.9476177016292688,-0.8927837284586415,0.23731166101694917,630.7197542372882,0.0,59.0,0.2573549437783819
Ichikawa,bot,EL,3,33,0.727,Atomic México|Aurelius Esports|The Kings,73.6,64.4,41.6,60.0,53.9,61.5,7.4,6.4,4.2,6.0,5.4,6.2,269.3636363636364,84.84848484848484,6.575757575757576,671.9869181818182,0.30973048484848487,8.848427272727273,1.4242424242424243,1.3224666666666667,0.3276393939393939,4.96969696969697,0.6987060998151571,0.18840579710144928,0.0,0.0878225326803589,0.006055389296473791,-0.7704757233938205,-0.7658482189605594,0.26504981818181816,319.5384696969697,0.0,33.0,0.008869219329522936
Phenomenal,mid,TAL,3,41,0.61,Beşiktaş Academy|İstanbul Wildcats Academy,67.9,66.7,49.7,54.5,59.7,61.5,6.8,6.7,5.0,5.5,6.0,6.2,325.0731707317073,116.73170731707317,9.731707317073171,584.1959317073171,0.31684180487804875,8.935460975609756,0.24390243902439024,1.2460756097560977,0.2079048780487805,7.512195121951219,0.6831501831501832,0.18426501035196688,0.0,0.2262981672932331,-0.6935073509032532,0.0,-0.7843896647430404,0.24978531707317075,335.8291926829268,0.0,41.0,0.13976555455365186
Pilot,mid,CBLOLA,3,42,0.524,Miners Academy,60.8,68.4,52.5,65.9,54.7,61.5,6.1,6.8,5.2,6.6,5.5,6.2,120.04761904761905,71.5,2.380952380952381,570.0564047619048,0.2808779047619048,8.013978571428572,0.47619047619047616,1.0759452380952381,0.18309285714285714,7.904761904761905,0.7222222222222222,0.1503623188405797,0.0,0.26400837457175486,-0.7728334749362787,0.0,-0.7651861693758076,0.23357961904761906,314.3335738095238,0.0,42.0,-0.2759989415189202
Shmebu,sup,LMF,2,31,0.613,Boca Juniors Gaming|Leviatan,51.7,64.5,79.0,61.5,56.0,61.5,5.2,6.5,7.9,6.2,5.6,6.2,-82.09677419354838,-50.38709677419355,-12.96774193548387,177.4475870967742,0.08939619032258064,1.2799967741935483,0.06451612903225806,2.407590322580645,0.32643548387096777,16.193548387096776,0.7411167512690355,0.1858974358974359,0.0,0.3153406189357573,0.5020598977355736,1.9452154857560267,-0.7369974220671425,0.10454863870967743,340.8862774193548,0.0,31.0,0.24430128840436077
Milo,bot,GL,3,20,0.3,Osaka|RX Esports,71.6,70.6,41.8,65.4,37.8,61.5,7.2,7.1,4.2,6.5,3.8,6.2,-13.25,394.15,9.65,598.6209550000001,0.3009884,8.712439999999999,1.4,1.099715,0.349695,3.75,0.7491166077738516,0.1527777777777778,0.0,0.24203747072599535,-0.5373600146869836,-0.6728474389572242,-1.049771056201019,0.2857044,295.46276,0.0,20.0,-0.305621301775148
ArcaneTeddy,top,EBL,3,32,0.562,Valiance,65.8,65.9,58.9,59.7,47.5,61.5,6.6,6.6,5.9,6.0,4.8,6.2,58.375,-147.71875,0.71875,556.7530875,0.24914628125,7.849871875,0.875,1.00263125,0.1710625,3.8125,0.6183953033268101,0.20081135902636918,0.0,0.1974191475690726,0.25998478508938777,0.12209965766451147,-0.9058018196565507,0.2425151875,722.916203125,0.0,32.0,-0.25397125567322243
Will,jng,LCSA,2,55,0.618,100 Thieves Academy,65.2,58.3,63.8,57.6,61.2,61.5,6.5,5.8,6.4,5.8,6.1,6.2,306.0,114.89090909090909,2.4727272727272727,359.79856181818184,0.15403863272727272,5.99214909090909,0.36363636363636365,1.3573036363636364,0.3209581818181818,9.945454545454545,0.672209026128266,0.18370165745856354,0.0,0.20710223110223108,0.1732258003157515,0.17094325984821104,-0.7940077176254229,0.19014794545454547,848.6154327272727,0.0,55.0,0.13194011228945732
Odi11,bot,NLC,2,68,0.603,Bifrost,63.8,56.9,60.9,63.0,64.0,61.4,6.4,5.7,6.1,6.3,6.4,6.1,185.77941176470588,-64.23529411764706,-11.058823529411764,631.385794117647,0.2994408382352941,8.238564705882354,1.25,1.1143867647058823,0.24481323529411766,4.764705882352941,0.7138783269961977,0.16974972796517954,0.0,0.3181011476878368,-0.3892996093047586,-0.5603043826524775,-0.770357184637951,0.2683160882352941,304.6187632352941,0.0,68.0,0.05690480030102658
Bradley,top,LCSA,2,114,0.702,Team Liquid|Team Liquid Academy,69.3,50.8,62.4,51.6,76.1,61.4,6.9,5.1,6.2,5.2,7.6,6.1,251.10526315789474,92.59649122807018,6.2368421052631575,564.3505263157895,0.24142477192982456,8.118200877192983,0.6140350877192983,1.0055692982456141,0.14768508771929825,3.9649122807017543,0.5266630016492578,0.22831727205337288,0.0,0.2001823228499174,0.09905057513237168,0.3347863794047834,-0.8235813006058623,0.22492887719298243,638.862200877193,0.0,114.0,0.24955419990614713
Krastyel,mid,CBLOL,15,44,0.523,Liberty,45.4,73.3,75.4,65.1,51.8,61.4,4.5,7.3,7.5,6.5,5.2,6.1,-185.8181818181818,-56.68181818181818,-4.5227272727272725,458.76333636363637,0.2387390681818182,8.140070454545453,0.38636363636363635,1.3101363636363637,0.3035590909090909,7.590909090909091,0.7362270450751253,0.1592128801431127,0.0,0.27206986478083733,0.6025087329310892,0.4004445855827248,-0.7273178392069607,0.22829438636363636,308.9654227272727,0.0,44.0,-0.20289529794635844
Buggax,top,LMF,2,55,0.636,KRÜ Esports|Leviatan,80.9,51.1,50.0,48.4,67.4,61.4,8.1,5.1,5.0,4.8,6.7,6.1,971.4727272727273,519.4545454545455,20.236363636363638,666.0771854545454,0.31478072727272727,9.334969090909091,1.018181818181818,0.8206072727272727,0.16264363636363635,1.9636363636363636,0.645679012345679,0.2706222865412446,0.0,0.1844911528224561,-0.31264287397907065,0.26129429327187503,-0.9860136865158087,0.28807781818181816,669.6644200000001,0.0,55.0,0.9068229948352016
Palette,sup,VCS,15,79,0.481,SBTC Esports,68.9,60.0,57.8,51.8,63.5,61.4,6.9,6.0,5.8,5.2,6.3,6.1,128.9493670886076,194.79746835443038,-0.4810126582278481,190.79908987341773,0.09186170379746836,1.1809063291139241,0.02531645569620253,2.5488860759493672,0.3474227848101266,15.89873417721519,0.6269430051813472,0.15914684167350288,0.0,0.28397989238386556,-0.24643081628429286,-0.8443471795304199,-0.957194781433147,0.09528990126582278,399.708864556962,0.0,79.0,-0.06402052290478034
Hasmed,top,VCS,15,118,0.525,Saigon Buffalo,65.1,60.3,58.0,48.4,76.1,61.4,6.5,6.0,5.8,4.8,7.6,6.1,137.97457627118644,-0.8983050847457628,3.7288135593220337,543.449922881356,0.25139857627118645,8.246527118644067,0.5084745762711864,1.1053,0.2517440677966102,5.415254237288136,0.5262886597938145,0.21942656524283208,0.0,0.22677530289708894,-0.16166472452981484,-0.23429688381009667,-0.9278964026107396,0.22633043220338983,675.3448084745762,0.0,118.0,-0.10119690268055126
Shogun,bot,VCS,15,118,0.525,Saigon Buffalo,68.3,51.4,63.2,50.7,77.3,61.4,6.8,5.1,6.3,5.1,7.7,6.1,292.3728813559322,174.88135593220338,6.966101694915254,596.2595398305085,0.27222153389830506,9.897378813559321,1.1271186440677967,1.2892872881355932,0.3422474576271186,4.423728813559322,0.6407216494845361,0.1772966647162083,0.0,0.21990816591640552,0.14206671935793014,0.07715197356782227,-0.8607493151187857,0.2772731271186441,317.08586694915255,0.0,118.0,0.05095865007843222
Yado,mid,VCS,15,64,0.469,CERBERUS Esports,57.6,69.8,61.7,53.2,63.6,61.4,5.8,7.0,6.2,5.3,6.4,6.1,-5.28125,-16.0,-4.25,581.9174203125,0.271513015625,8.483059375,0.3125,1.50699375,0.31158281250000003,7.296875,0.6566077003121749,0.18237704918032788,0.0,0.293000259294497,-0.5331827372053661,0.0,-0.8418904874535984,0.227706609375,323.1990265625,0.0,64.0,0.07853711410563509
Insulator,mid,LDL,2,93,0.613,Joy Dream,52.5,72.3,56.8,58.4,70.3,61.4,5.2,7.2,5.7,5.8,7.0,6.1,0.0,0.0,0.0,617.9086150537635,0.2607691935483871,8.287669892473119,0.0,1.1109978494623656,0.22638494623655914,6.505376344086022,0.6830386378519974,0.14185502727981295,3.204301075268817,0.2598849367566721,-0.38010261194029843,-0.5395455756929637,-0.7418447799983254,0.23367475268817203,0.0,0.0,93.0,-0.016991915602330567
Xingye,bot,LDL,2,79,0.62,FunPlus Phoenix|FunPlus Phoenix Blaze,50.3,69.7,71.9,51.0,71.1,61.4,5.0,7.0,7.2,5.1,7.1,6.1,0.0,0.0,0.0,588.9686341772152,0.25645401265822787,9.3421582278481,0.0,1.271846835443038,0.41983417721518984,3.759493670886076,0.6862910008410429,0.17356205852674067,2.810126582278481,0.2535748417925868,0.448951416737887,0.6607864191849467,-0.7887045727999498,0.26904446835443036,0.0,0.0,79.0,0.42384272629754927
Zinco,bot,LDL,2,40,0.525,Royal Club|Royal Never Give Up,56.3,72.6,66.3,54.9,52.2,61.4,5.6,7.3,6.6,5.5,5.2,6.1,0.0,0.0,0.0,635.2068449999999,0.280945825,8.536620000000001,0.0,1.35337,0.41905000000000003,3.475,0.7026548672566372,0.1676300578034682,2.65,0.36211056608776343,-0.7736201455529079,0.0,-0.7105052028170078,0.26460515,0.0,0.0,40.0,-0.1648096564531104
Sharvel,jng,LAS,3,39,0.59,Dplus Kia Academy,77.8,46.3,56.8,54.5,68.2,61.4,7.8,4.6,5.7,5.5,6.8,6.1,450.38461538461536,242.4102564102564,8.282051282051283,520.939941025641,0.1790049564102564,5.8188564102564095,0.8974358974358975,1.1765846153846153,0.29304615384615385,8.512820512820513,0.684346701164295,0.2345132743362832,0.0,0.18878364796364272,0.12075226555150922,1.1142485261108885,-1.025946858519692,0.19616946153846154,901.9200076923076,0.0,39.0,1.4792028370514063
donbray,sup,PGC,2,45,0.733,100 Thieves Next|Evil Geniuses Prodigies,70.4,57.6,66.4,51.4,52.9,61.3,7.0,5.8,6.6,5.1,5.3,6.1,180.6888888888889,68.17777777777778,-0.17777777777777778,231.06910888888888,0.09568406666666666,1.1648644444444445,0.044444444444444446,2.659851111111111,0.35557111111111106,10.622222222222222,0.6784897025171625,0.2323943661971831,0.0,0.36484907805001265,-0.6788321167883211,0.0,-0.774721961452019,0.10142333777777778,430.7969933333333,0.0,45.0,-0.14018356055933498
Deft,bot,LCK,1,130,0.554,Kiwoom DRX,60.5,58.0,63.3,59.7,69.7,61.3,6.0,5.8,6.3,6.0,7.0,6.1,36.323076923076925,28.946153846153845,-0.08461538461538462,591.1547623076923,0.2854588,9.243840769230768,0.7615384615384615,1.5066292307692306,0.3812053846153846,6.092307692307692,0.6935791481246026,0.17947019867549668,0.0,0.22869793295954952,-0.11147408245033578,0.5481635046278844,-0.8093620270895467,0.2642337692307692,312.40618307692307,0.0,130.0,0.014291140442503066
Click,sup,PGN,3,54,0.648,Macko Esports,71.2,54.9,63.0,41.7,74.2,61.3,7.1,5.5,6.3,4.2,7.4,6.1,54.629629629629626,72.92592592592592,-5.351851851851852,242.88455925925925,0.10437664074074074,1.0566666666666666,0.1111111111111111,2.6621277777777776,0.37954444444444446,10.38888888888889,0.622969837587007,0.22165605095541402,0.0,0.17708688446570156,0.11215615239024145,2.0236527676176537,-0.9843675251376456,0.0987116074074074,321.0654944444445,0.0,54.0,1.075681233933162
Aetinoth,bot,TAL,3,30,0.5,Galakticos Academy,68.0,61.0,62.4,58.7,47.1,61.3,6.8,6.1,6.2,5.9,4.7,6.1,441.8333333333333,293.8333333333333,5.2,514.75128,0.28753700000000004,9.244863333333333,1.2666666666666666,0.9721133333333333,0.25183666666666665,2.6,0.7076502732240437,0.14213197969543148,0.0,0.2945979899497488,0.0,0.0,-0.8734526073466949,0.28290156666666666,251.75221666666667,0.0,30.0,-0.16637010676156597
Guigo,top,CBLOL,15,67,0.567,RED Canids,57.8,60.0,67.7,62.3,63.1,61.3,5.8,6.0,6.8,6.2,6.3,6.1,67.88059701492537,-46.19402985074627,0.22388059701492538,503.9967164179104,0.2508679552238806,7.732876119402985,0.31343283582089554,1.0618044776119404,0.2194820895522388,5.149253731343284,0.5981220657276995,0.23728813559322035,0.0,0.28421068793998494,-0.016297092850786215,0.14043310590329255,-0.9366724408508044,0.22349353731343283,870.8347552238806,0.0,67.0,0.04684783925256902
Leave,bot,LDL,2,118,0.695,EDG Youth Team|EDward Gaming,60.6,66.5,58.4,45.7,76.1,61.3,6.1,6.7,5.8,4.6,7.6,6.1,0.0,0.0,0.0,665.4269355932204,0.3009807203389831,9.400693220338983,0.0,1.2317983050847459,0.39304322033898303,4.228813559322034,0.6951612903225807,0.19807834441980784,3.711864406779661,0.21386580818435788,-0.11696143260679483,-0.24277774908207317,-0.7260057706581642,0.28584940677966103,0.0,0.0,118.0,0.033182620455691626
Misanthiel,top,LFL2,2,23,0.565,PCS Taran,65.2,66.6,61.9,59.9,41.0,61.3,6.5,6.7,6.2,6.0,4.1,6.1,96.08695652173913,285.5217391304348,4.695652173913044,494.16362173913046,0.2208301739130435,7.496930434782608,0.7391304347826086,1.0784391304347825,0.20972608695652173,3.608695652173913,0.541025641025641,0.1811926605504587,0.0,0.23030883409145322,-0.316648917287895,0.7571884984025558,-0.8598933880184114,0.22840034782608695,869.7283043478261,0.0,23.0,-0.316648917287895
Stend,sup,NLC,2,75,0.68,Dusty|Giants,57.2,63.6,59.2,60.5,69.9,61.2,5.7,6.4,5.9,6.0,7.0,6.1,34.08,39.46666666666667,-0.4,177.41619466666666,0.07967875866666667,1.0919506666666665,0.04,2.6760906666666666,0.34841866666666665,11.466666666666667,0.6999168744804655,0.2039258451472192,0.0,0.18158090060508947,0.26554809069185353,0.12365172912265093,-0.9009533401526532,0.09357357466666666,413.025904,0.0,75.0,0.5062333898689886
Akabane,jng,LFL,2,73,0.575,GameWard,66.5,58.1,51.6,60.5,68.8,61.2,6.7,5.8,5.2,6.0,6.9,6.1,380.9178082191781,310.986301369863,9.58904109589041,316.9548136986302,0.1368743082191781,6.2692726027397265,0.3287671232876712,1.2682452054794522,0.3043849315068493,11.273972602739725,0.7004366812227074,0.1881287726358149,0.0,0.19490987854877387,-0.3157336868156555,-0.3203527872726506,-0.8264937501840013,0.1945754794520548,820.0776506849315,0.0,73.0,0.3117275933160409
Rascal,top,LCK,1,98,0.49,KT Rolster,55.3,62.9,65.1,60.1,68.3,61.2,5.5,6.3,6.5,6.0,6.8,6.1,95.1734693877551,179.41836734693877,1.1020408163265305,440.9702010204082,0.22984700000000002,8.488202040816326,0.2755102040816326,1.0569102040816327,0.2687969387755102,7.36734693877551,0.5959765297569153,0.22380106571936056,0.0,0.2718987110060255,-0.27641653905053604,-0.33671516079632474,-0.8781564559174301,0.23287323469387755,884.4210826530611,0.0,98.0,0.3222404726083176
Ceos,sup,CBLOL,15,61,0.607,LOUD,53.6,62.7,74.5,58.8,62.8,61.2,5.4,6.3,7.5,5.9,6.3,6.1,22.737704918032787,10.475409836065573,-0.9672131147540983,164.54117213114756,0.07423736885245902,0.9834163934426229,0.01639344262295082,2.789816393442623,0.31811311475409837,20.262295081967213,0.7147239263803681,0.21788990825688073,0.0,0.3670723380326947,0.34526276486511726,-0.2947353682441893,-0.8996717933363164,0.08760047868852458,377.1528,0.0,61.0,0.3455181289797268
JTL,top,EL,3,29,0.552,Gravity Elite,75.1,62.7,44.7,58.8,48.2,61.2,7.5,6.3,4.5,5.9,4.8,6.1,473.7586206896552,316.41379310344826,16.137931034482758,578.8853620689656,0.2868340689655172,8.220986206896551,0.4482758620689655,0.9380310344827586,0.16383103448275863,3.310344827586207,0.591743119266055,0.18666666666666668,0.0,0.16361859556051936,0.0,-0.7967561073287945,-0.992867022459705,0.2443616551724138,782.1252344827586,0.0,29.0,0.08226306306306327
dyNquedo,mid,CBLOL,15,61,0.59,paiN Gaming,53.4,66.5,68.6,59.2,62.3,61.2,5.3,6.7,6.9,5.9,6.2,6.1,84.8688524590164,50.42622950819672,0.21311475409836064,492.9608786885246,0.23981381967213114,8.288409836065574,0.36065573770491804,1.2126180327868854,0.2597704918032787,9.852459016393443,0.6825568797399784,0.15082382762991128,0.0,0.2894573493975904,-0.03249698108144386,-0.008069617220294879,-0.7852698676167379,0.2277780655737705,301.9037754098361,0.0,61.0,0.013942269462188902
DiDi,mid,LMF,2,34,0.529,River Plate Gaming,59.3,68.4,57.8,64.8,50.0,61.2,5.9,6.8,5.8,6.5,5.0,6.1,192.61764705882354,-54.029411764705884,-0.17647058823529413,529.7205411764706,0.26735041176470586,7.901497058823529,0.8235294117647058,1.167914705882353,0.2419970588235294,7.411764705882353,0.7342799188640974,0.17864476386036962,0.0,0.30977112676056345,-0.8970947524962821,0.0,-0.8108735814151741,0.23783479411764705,315.11367647058825,0.0,34.0,-0.007387613957874856
Lilv,bot,PCS,15,64,0.609,J Team,65.2,59.6,57.7,56.8,65.3,61.2,6.5,6.0,5.8,5.7,6.5,6.1,405.03125,164.625,0.609375,548.3003140625,0.27843403125,9.5356484375,1.09375,1.3438421875,0.4101234375,3.578125,0.6909090909090909,0.18448023426061494,0.0,0.22734003851915255,-0.398280551274853,-0.17123606780632913,-0.7896285797167102,0.276288546875,331.564871875,0.0,64.0,0.06224481935135969
TolanD,mid,LCKC,2,90,0.644,T1 Esports Academy,60.0,61.4,61.2,57.3,68.1,61.1,6.0,6.1,6.1,5.7,6.8,6.1,53.23684210526316,7.065789473684211,1.0657894736842106,620.1095344444444,0.2798133222222222,8.605825555555557,0.37777777777777777,1.124251111111111,0.22547777777777778,6.444444444444445,0.6629547141796585,0.21080139372822299,2.642857142857143,0.29560693714472974,-0.1886230582393908,-0.4107829505013916,-0.8260080183653886,0.22671502222222223,389.1027802631579,0.0,90.0,-0.016251598826273434
Insanity,mid,LCSA,2,82,0.671,100 Thieves Next|Dignitas Academy,75.3,56.4,46.9,55.8,61.5,61.1,7.5,5.6,4.7,5.6,6.2,6.1,443.5975609756098,286.8658536585366,1.4146341463414633,720.2698378048781,0.30850047560975613,8.18625731707317,0.4878048780487805,1.0912975609756097,0.21034268292682928,4.475609756097561,0.6756559766763849,0.2007835455435847,0.0,0.18530560403998916,-0.031210112405813853,-1.0,-0.8244939388601276,0.24188110975609753,370.06922195121956,0.0,82.0,-0.2851686481252354
Light,bot,LPL,1,113,0.531,LNG Esports,57.5,68.2,57.7,58.8,62.3,61.1,5.8,6.8,5.8,5.9,6.2,6.1,0.0,0.0,0.0,614.2343557522124,0.2954685309734513,9.680176991150441,0.0,1.2059247787610619,0.4218637168141593,2.9734513274336285,0.7207880434782609,0.12984218077474893,3.9469026548672566,0.23232809275727093,-0.2624129730366234,-0.28181070754945114,-0.7656821373746139,0.2835876460176991,0.0,0.0,113.0,-0.15645641103211813
Canna,top,LCK,1,83,0.361,Nongshim RedForce,69.2,58.8,57.0,58.8,54.5,61.1,6.9,5.9,5.7,5.9,5.5,6.1,182.15662650602408,96.73493975903614,1.783132530120482,507.7907132530121,0.2743552891566265,8.53266265060241,0.40963855421686746,1.0144855421686747,0.18896144578313254,7.132530120481928,0.6013143483023001,0.19607843137254902,0.0,0.20459853650147297,0.0,0.0,-0.9780342774521192,0.24616684337349395,721.0392349397591,0.0,83.0,-0.037216701222563923
Moopz,sup,ESLOL,3,80,0.625,KRC Genk Esports,63.2,56.5,53.5,60.2,77.5,61.1,6.3,5.7,5.3,6.0,7.8,6.1,213.7125,137.9,-3.9625,189.42791,0.08637465625,0.89343625,0.0375,2.42808375,0.24891875,12.75,0.7124600638977636,0.20639269406392693,0.0,0.19412496637072907,-0.1399961192906754,0.16464419599473,-0.9154999346424666,0.095128155,406.32543125,0.0,80.0,0.45554361091238804
Jejky,jng,HM,3,65,0.523,eSuba,58.7,65.6,52.8,58.9,71.7,61.1,5.9,6.6,5.3,5.9,7.2,6.1,175.43076923076924,60.69230769230769,3.5538461538461537,343.4765876923077,0.15711324615384614,5.9021553846153845,0.4307692307692308,1.5333400000000001,0.38984615384615384,11.96923076923077,0.7213438735177866,0.22530009233610343,0.0,0.16360416294933514,0.17672744252819575,0.48414616272121536,-0.9781691943666875,0.19611715384615383,839.0821323076924,0.0,65.0,0.5476319269458575
xDrop,bot,LPLOL,3,69,0.638,EGN Esports,73.4,48.9,55.9,54.9,72.3,61.1,7.3,4.9,5.6,5.5,7.2,6.1,26.217391304347824,279.2608695652174,4.9855072463768115,718.7777188405797,0.30278163913043477,8.915127536231886,1.173913043478261,1.091731884057971,0.2296594202898551,3.4782608695652173,0.6634225466342255,0.19310344827586207,0.0,0.22517441571974395,-0.07662636097945083,-0.23647349213319793,-0.7854002906360471,0.2704202608695652,345.47002463768115,0.0,69.0,0.05271673121433654
Sloth,sup,TCL,15,42,0.429,5 Ronin|Team AURORA,61.4,64.5,67.8,55.0,52.3,61.1,6.1,6.5,6.8,5.5,5.2,6.1,23.166666666666668,109.33333333333333,0.21428571428571427,163.7774595238095,0.08410954285714285,1.053352380952381,0.047619047619047616,2.5479214285714287,0.3668238095238095,16.30952380952381,0.7249134948096886,0.19504132231404958,0.0,0.31474909992937244,-0.017442579687435587,-0.5372012150701689,-0.8548875234049977,0.09639915952380951,329.3393904761905,0.0,42.0,0.09032110789834126
Sunblast,top,LMF,2,63,0.635,Boca Juniors Gaming|Leviatan,60.9,54.2,77.6,56.1,60.9,61.1,6.1,5.4,7.8,5.6,6.1,6.1,166.1904761904762,71.6984126984127,2.8253968253968256,492.5444857142857,0.24635255555555555,8.325726984126984,0.3492063492063492,0.8712888888888889,0.14776666666666669,6.333333333333333,0.5804529201430274,0.20970266040688576,0.0,0.3408151519907916,0.39864922629734123,0.867145421903052,-0.7246714194435445,0.24432968253968254,646.8912142857143,0.0,63.0,-0.11758255623918487
Sunriser,jng,VL,3,31,0.516,GeekSide Esports|Waia Snikt,79.9,53.9,53.4,53.2,50.4,61.1,8.0,5.4,5.3,5.3,5.0,6.1,620.9354838709677,724.5483870967741,16.516129032258064,495.9842419354839,0.24501193548387096,6.988545161290323,0.5483870967741935,1.2008806451612903,0.33119677419354837,4.387096774193548,0.75,0.24845995893223818,0.0,0.18769069380740344,0.1319102467434542,0.0,-0.9585423047255576,0.23527116129032258,893.393964516129,0.0,31.0,0.046919255453778265
Smash,bot,LAS,3,56,0.679,T1 Esports Academy Rookies,67.5,55.3,62.8,53.9,64.9,61.1,6.8,5.5,6.3,5.4,6.5,6.1,620.7857142857143,266.89285714285717,5.267857142857143,531.7999785714286,0.2556017857142857,9.614991071428571,1.3035714285714286,1.0770607142857143,0.2844714285714286,4.25,0.6766595289079229,0.17986577181208055,0.0,0.1909236240253173,0.3368455712874548,0.6990451103062232,-0.7864495720583933,0.2773173214285714,300.1528053571428,0.0,56.0,-0.11329381879762916
Stixxay,bot,LCSA,2,77,0.519,Golden Guardians|Golden Guardians Academy,70.6,58.2,51.5,53.0,66.2,61.0,7.1,5.8,5.2,5.3,6.6,6.1,437.7402597402597,199.96103896103895,2.8051948051948052,596.5974571428571,0.2860998051948052,9.055716883116883,1.077922077922078,1.2328311688311688,0.3320298701298702,5.181818181818182,0.6543778801843319,0.16816816816816818,0.0,0.19943453014319157,-0.3432041257694228,-0.1033105972383963,-0.8429859818481432,0.27210806493506495,241.67904675324675,0.0,77.0,0.12662717641970767
Trevor,sup,PGC,2,99,0.576,CLG Faith|Cloud9 Academy|Immortals Area of Effect|Team Fish Taco,74.1,41.5,68.1,51.4,74.0,61.0,7.4,4.2,6.8,5.1,7.4,6.1,208.04040404040404,166.15151515151516,4.565656565656566,232.96539393939395,0.09774689696969698,1.3129424242424244,0.06060606060606061,1.9918747474747476,0.22093434343434343,7.404040404040404,0.6859547606522882,0.22485586162716206,0.0,0.2000343241108216,0.43664164979473186,1.2532059124077086,-0.9965951574561763,0.10777181111111112,495.0885282828283,0.0,99.0,0.5701310095866504
ESCIK,mid,PRM,3,65,0.538,GamerLegion,62.8,59.3,58.5,59.6,65.8,61.0,6.3,5.9,5.8,6.0,6.6,6.1,-127.38461538461539,68.49230769230769,0.7230769230769231,651.5281707692308,0.2770846307692308,8.2147,0.6307692307692307,1.1216492307692307,0.16954923076923076,5.107692307692307,0.6871345029239766,0.19462365591397848,0.0,0.15903524510462053,0.09039397137561765,1.378500823723229,-0.8908756181087644,0.22949404615384617,354.5367753846154,0.0,65.0,-0.17945537712333934
Rabble,jng,UL,2,78,0.705,AGO ROGUE,79.1,47.1,59.8,49.0,63.7,61.0,7.9,4.7,6.0,4.9,6.4,6.1,499.1025641025641,423.64102564102564,11.833333333333334,478.4699012820513,0.19673193333333333,6.549641025641026,0.7435897435897436,1.2159935897435896,0.3229346153846154,5.769230769230769,0.6671186440677966,0.23076923076923078,0.0,0.19884862327295097,0.08486613402361216,-0.09400901013017403,-0.8029351433731681,0.20324402564102564,881.4373166666667,0.0,78.0,-0.1815405595272531
Scarface,top,PRM,3,64,0.656,FC Schalke 04 Esports|Unicorns of Love Sexy Edition,61.3,56.0,61.2,58.4,74.3,61.0,6.1,5.6,6.1,5.8,7.4,6.1,332.546875,188.4375,2.90625,497.409371875,0.232762296875,8.153628125,0.375,0.875584375,0.15193281250000001,5.1875,0.5629477993858751,0.19119669876203577,0.0,0.2114688723137139,0.06683865017597132,0.050429886267566414,-0.7837683426088866,0.22412634375,755.553928125,0.0,64.0,0.4527371152182965
Melonik,top,LFL,2,73,0.575,GameWard,62.0,66.4,48.8,58.0,66.8,61.0,6.2,6.6,4.9,5.8,6.7,6.1,30.10958904109589,85.43835616438356,1.6712328767123288,560.3628273972603,0.2402717520547945,8.381271232876713,0.3150684931506849,1.1142808219178082,0.18794383561643835,4.47945205479452,0.5344978165938865,0.17303822937625754,0.0,0.1665187344063942,-0.3361422494880478,-0.1851960353498365,-0.863548787747859,0.23115757534246575,714.7415109589041,0.0,73.0,0.267869835207224
Jackies,mid,HM,3,43,0.628,Dynamo Eclot,73.4,59.9,46.0,57.6,56.5,61.0,7.3,6.0,4.6,5.8,5.7,6.1,162.65116279069767,321.3255813953488,-1.186046511627907,632.1301255813953,0.30368558139534885,8.290576744186046,1.069767441860465,1.178572093023256,0.20482325581395347,5.186046511627907,0.6690962099125365,0.20882852292020374,0.0,0.19488591670157016,-0.3317779580513119,0.026013264554163657,-0.9651201946946621,0.2419660930232558,473.7537534883721,0.0,43.0,0.15478866865113675
Veignorem,sup,LFL2,2,49,0.49,BK ROG Esports|Team GO,57.9,66.4,68.9,54.5,54.8,61.0,5.8,6.6,6.9,5.5,5.5,6.1,60.89795918367347,3.8979591836734695,3.9183673469387754,174.65332653061228,0.0762756469387755,1.3071489795918365,0.04081632653061224,2.895661224489796,0.41988979591836734,13.448979591836734,0.6912669126691267,0.22887323943661972,0.0,0.26049653097049236,0.8467018263900254,0.5448932808490039,-1.1108108210566108,0.09942546326530612,436.9894326530612,0.0,49.0,0.3403347906573715
Phoxie,mid,LPLOL,3,38,0.237,Boavista FC,53.5,57.2,73.2,60.8,71.6,61.0,5.3,5.7,7.3,6.1,7.2,6.1,-48.44736842105263,-58.28947368421053,-2.026315789473684,576.930047368421,0.2824993684210526,7.357321052631579,0.3157894736842105,1.1459815789473684,0.18332105263157894,6.7894736842105265,0.7165354330708661,0.24251069900142652,0.0,0.3586583540652784,0.0,1.1635820577097442,-0.7522297158210384,0.23579834210526313,451.4869842105264,0.0,38.0,1.2057792596392238
Lindgarde,bot,PGN,3,60,0.633,WLGaming Esports|aNc Outplayed,56.3,63.0,58.0,65.0,67.5,61.0,5.6,6.3,5.8,6.5,6.8,6.1,229.88333333333333,70.41666666666667,-2.3833333333333333,550.2689233333333,0.2516033833333334,8.232746666666667,0.8666666666666667,1.15623,0.3078133333333334,3.4833333333333334,0.6977911646586346,0.16687422166874222,0.0,0.2467304477837602,-0.18470467736428806,-0.22977125298736772,-0.7486785435164067,0.25045615,315.91194333333334,0.0,60.0,-0.12505684402000913
Meshade,bot,TAL,3,28,0.571,SuperMassive Blaze Academy,53.7,66.2,75.4,53.8,58.6,61.0,5.4,6.6,7.5,5.4,5.9,6.1,-5.607142857142857,-35.642857142857146,0.14285714285714285,509.93354285714287,0.2616430714285714,8.821171428571429,1.1071428571428572,1.2926857142857142,0.31690357142857145,4.392857142857143,0.6624472573839663,0.14244186046511628,0.0,0.397195666029318,-0.006792918896665478,-0.22807739810621663,-0.5684970756559817,0.2570537142857143,200.62525357142857,0.0,28.0,0.19286060410272968
Gloryy,mid,VCS,15,81,0.432,Burst The Sky Esports|Team Whales,64.6,59.7,59.4,49.9,71.5,61.0,6.5,6.0,5.9,5.0,7.2,6.1,259.60493827160496,186.19753086419752,11.666666666666666,525.0600790123457,0.2490226049382716,9.057539506172839,0.4074074074074074,1.2250938271604939,0.2794716049382716,5.209876543209877,0.6359143327841845,0.17733230531996916,0.0,0.22922131519470362,0.0,0.13015582034830436,-0.9588069847233778,0.24159518518518516,371.7626160493827,0.0,81.0,0.3479636342661407
forse,mid,LDL,2,83,0.554,Weibo Gaming Youth Team,53.2,69.0,62.1,59.9,63.5,61.0,5.3,6.9,6.2,6.0,6.3,6.1,0.0,0.0,0.0,584.9440530120481,0.2825707108433735,7.903730120481927,0.0,1.0887132530120482,0.22502530120481926,4.036144578313253,0.6939130434782609,0.15512465373961218,1.8313253012048192,0.23485700789071576,-0.11377736417619423,0.3281042275990429,-0.7691904569449385,0.22639093975903615,0.0,0.0,83.0,-0.2647763818340297
Alternative,sup,LPLOL,3,38,0.605,White Dragons,77.4,59.6,44.3,56.3,51.2,61.0,7.7,6.0,4.4,5.6,5.1,6.1,223.81578947368422,33.39473684210526,-7.052631578947368,299.5881736842105,0.12488840000000001,1.2837447368421053,0.10526315789473684,2.369684210526316,0.3558578947368421,10.710526315789474,0.728,0.22673434856175972,0.0,0.1925568611282897,-0.48044332812236334,-0.5768714518968733,-0.9739251510501561,0.11714595789473684,557.3215815789473,0.0,38.0,-0.2412803724915527
Hatrixx,mid,LVP SL,2,65,0.6,KOI|UCAM Esports,65.6,54.3,65.7,54.1,66.0,60.9,6.6,5.4,6.6,5.4,6.6,6.1,160.92307692307693,53.246153846153845,4.2615384615384615,619.1166415384615,0.2793673569230769,8.66621076923077,0.6153846153846154,1.0540507692307692,0.19968615384615385,4.661538461538462,0.661,0.19481981981981983,0.0,0.24979478760517135,-0.047222086009905184,1.0050997891433338,-0.8677540465660442,0.24664443076923076,397.5601553846154,0.0,65.0,0.38923848520510557
Daption,sup,PGC,2,40,0.475,Area of Effect Pump|Evil Geniuses Prodigies,61.7,59.8,68.0,52.7,62.9,60.9,6.2,6.0,6.8,5.3,6.3,6.1,-55.275,-188.05,-1.825,220.69422749999998,0.10187290499999999,1.0072325,0.05,2.75432,0.3666625,14.475,0.6803977272727273,0.23432835820895523,0.0,0.34811316629498457,-0.3281419115217664,0.0,-0.8013391990677322,0.09695005749999999,383.2513375,0.0,40.0,0.5541094669281513
MISSING,sup,LPL,1,121,0.669,JD Gaming,61.2,56.7,63.0,58.5,69.5,60.9,6.1,5.7,6.3,5.8,7.0,6.1,119.14285714285714,63.357142857142854,-0.2857142857142857,176.88224132231403,0.0764015347107438,0.9968834710743801,0.0,2.6295347107438016,0.32199834710743797,15.338842975206612,0.7154596815613765,0.211258697027198,0.0,0.2535307667592554,-0.042517631160756714,-0.23740917632320702,-0.8279427399213146,0.09445104297520661,282.1002,0.0,121.0,0.1706378155158258
Stay,bot,LDL,2,63,0.429,Team WE|Team WE Academy,58.7,67.6,63.5,54.2,57.7,60.9,5.9,6.8,6.3,5.4,5.8,6.1,0.0,0.0,0.0,640.1957825396826,0.29766879365079363,9.097053968253968,0.0,1.1803476190476192,0.3764523809523809,5.650793650793651,0.7113636363636363,0.16796440489432704,1.7777777777777777,0.17963199591106568,0.07894613692732462,1.2013196686789276,-0.9056147908447237,0.27324242857142855,0.0,0.0,63.0,-0.03547512755102036
Kerfa,top,VL,3,46,0.848,Descuydado Aucas Esports,76.2,51.0,65.3,39.9,66.6,60.9,7.6,5.1,6.5,4.0,6.7,6.1,636.4347826086956,404.9130434782609,13.91304347826087,566.3244021739131,0.2539174347826087,8.75214347826087,0.7391304347826086,1.0371434782608695,0.17163260869565217,6.5,0.5087310826542492,0.24339622641509434,0.0,0.26048237476808905,0.06828983947628006,-0.5422682569575225,-0.6860977319184384,0.24985821739130434,626.7855999999999,0.0,46.0,0.20058245358573
Tangyuan,mid,LDL,2,82,0.512,Royal Club|Royal Never Give Up,52.6,73.1,62.3,51.7,65.5,60.9,5.3,7.3,6.2,5.2,6.5,6.1,0.0,0.0,0.0,597.3180756097561,0.27176958536585366,8.868841463414634,0.0,1.246829268292683,0.29613536585365857,4.536585365853658,0.6727115716753023,0.1633211678832117,2.2560975609756095,0.3125850937678422,-0.6721567373294347,0.0,-0.7588754675217001,0.2457416951219512,0.0,0.0,82.0,-0.1320436633371264
Pullbae,mid,LCKC,2,94,0.585,Dplus Kia Challengers,57.1,62.5,60.9,59.5,68.3,60.8,5.7,6.2,6.1,6.0,6.8,6.1,65.57954545454545,110.31818181818181,-0.6818181818181818,535.4122063829788,0.27440248936170214,8.556717021276596,0.4574468085106383,1.1550882978723405,0.24724574468085106,5.872340425531915,0.6872,0.22010869565217392,1.8333333333333333,0.26910067864182324,0.044204267089175804,-0.20293717250590776,-0.8725967811534694,0.22771482978723406,428.2320215909091,0.0,94.0,-0.01326688122357985
Wei,jng,LPL,1,162,0.66,Royal Never Give Up,68.5,59.9,46.1,52.6,74.2,60.8,6.8,6.0,4.6,5.3,7.4,6.1,469.19565217391306,211.1086956521739,1.0217391304347827,299.1534419753087,0.14364449506172838,5.391101851851852,0.10493827160493827,1.6687172839506172,0.4407234567901234,12.160493827160494,0.6641524414450178,0.20962566844919786,8.655172413793103,0.15821668318698315,-0.27221638765049144,-0.16631026142150876,-0.8306776851982962,0.1707839938271605,660.9535239130435,0.0,162.0,-0.04265523093304943
Hauz,mid,CBLOL,15,53,0.604,KaBuM! Esports,68.7,62.7,49.3,53.4,62.5,60.8,6.9,6.3,4.9,5.3,6.2,6.1,244.16981132075472,134.67924528301887,5.169811320754717,607.2792301886793,0.27033818867924525,8.50191320754717,0.49056603773584906,1.2683773584905662,0.27763396226415094,7.018867924528302,0.6618464961067854,0.18230563002680966,0.0,0.2264852492502145,-0.328343082746965,-0.7902586809601491,-0.8671014629687972,0.2331724716981132,342.53816226415097,0.0,53.0,0.3177725452112595
Sounda,jng,LAS,3,32,0.625,Nongshim RedForce Academy,59.8,75.8,56.0,48.8,52.9,60.8,6.0,7.6,5.6,4.9,5.3,6.1,161.625,165.4375,2.875,350.19308125,0.17178778125,5.891034375,0.3125,1.91045,0.528725,10.46875,0.6871794871794872,0.2035225048923679,0.0,0.1452188623212683,0.2960658770609252,0.7346054087388677,-0.8787134263140237,0.20681615625,673.071584375,0.0,32.0,0.05312492676868275
DuaLL,sup,NLC,2,86,0.651,Bifrost|UCAM Esports,74.1,51.7,52.3,54.0,66.8,60.7,7.4,5.2,5.2,5.4,6.7,6.1,215.69767441860466,221.98837209302326,4.27906976744186,226.4954581395349,0.10530308023255815,1.4617476744186046,0.03488372093023256,2.3166197674418605,0.32854767441860466,12.86046511627907,0.7223816355810617,0.25301204819277107,0.0,0.19546606459654603,-0.5942656142827719,0.5465563889927632,-0.9368688610977173,0.10479202558139535,458.68004767441863,0.0,86.0,0.11980811548279212
Ryuzaki,jng,UL,2,73,0.534,Zero Tenacity,47.8,65.0,64.6,70.3,65.3,60.7,4.8,6.5,6.5,7.0,6.5,6.1,-94.53424657534246,-84.65753424657534,-5.739726027397261,310.5808561643836,0.15055891780821917,5.2901630136986295,0.2465753424657534,1.2665369863013698,0.30048356164383566,8.808219178082192,0.7507002801120448,0.18290258449304175,0.0,0.24849219074341833,0.2007033985420656,-0.2376611235832384,-0.8094304006771501,0.1818250410958904,789.3600863013698,0.0,73.0,0.03521737335370144
Special,mid,PRM,3,63,0.619,Eintracht Spandau,72.5,54.2,53.8,47.0,73.1,60.7,7.2,5.4,5.4,4.7,7.3,6.1,437.36507936507934,197.04761904761904,7.904761904761905,639.4678285714285,0.28162498412698417,8.969871428571428,0.6507936507936508,1.1171952380952381,0.18318412698412698,6.0476190476190474,0.641260162601626,0.2029816513761468,0.0,0.257451408421141,-0.12932006413532407,-0.4845298888555122,-0.8597982089190787,0.24731977777777778,321.3705031746032,0.0,63.0,0.5691925293358142
Peanut,jng,LCK,1,107,0.757,Gen.G,57.6,57.3,69.0,56.6,69.9,60.7,5.8,5.7,6.9,5.7,7.0,6.1,148.3177570093458,168.65420560747663,4.168224299065421,262.11707850467286,0.12127208691588785,6.235959813084112,0.17757009345794392,1.607343925233645,0.4361140186915888,10.233644859813085,0.6686626746506986,0.1928071928071928,0.0,0.23327778056237786,0.03632606488542596,-0.3903002627758687,-0.6514876093921484,0.17189503738317757,827.9831242990655,0.0,107.0,0.037539461970103875
Reedfoo,bot,HM,3,43,0.628,Dynamo Eclot,65.1,59.3,50.2,65.8,59.8,60.7,6.5,5.9,5.0,6.6,6.0,6.1,137.2093023255814,185.02325581395348,3.0,568.1741930232558,0.2694944790697674,8.43403488372093,1.3488372093023255,1.0405162790697673,0.24806046511627908,4.72093023255814,0.7317784256559767,0.17826825127334464,0.0,0.2189648187633262,-0.41934219006937856,-0.16593759113444145,-0.821008709933887,0.2625450465116279,313.39546976744185,0.0,43.0,0.1011359756665324
Joao,sup,LPLOL,3,39,0.564,Inside Games|White Dragons,59.9,59.2,61.1,60.4,65.6,60.7,6.0,5.9,6.1,6.0,6.6,6.1,100.05128205128206,-68.02564102564102,-0.7692307692307693,178.9906871794872,0.08683931282051283,0.9764333333333334,0.07692307692307693,2.1242794871794874,0.23162564102564104,8.64102564102564,0.7464342313787639,0.17338709677419356,0.0,0.31761761024810425,-0.62138167711131,-0.4091316025067143,-0.7578303190424762,0.10291651025641024,305.91300512820516,0.0,39.0,0.40688107703814524
KSAEZ,mid,TCL,15,43,0.465,Galatasaray Esports|SuperMassive Blaze,62.1,56.4,68.4,58.5,59.0,60.7,6.2,5.6,6.8,5.8,5.9,6.1,-62.325581395348834,-6.441860465116279,0.4186046511627907,529.8782651162791,0.2837015581395349,8.681916279069767,0.6744186046511628,1.054460465116279,0.18599767441860465,6.116279069767442,0.692167577413479,0.16475095785440613,0.0,0.2844288461179457,-0.08925715156197299,0.3161703100007617,-0.8448445571375127,0.23641946511627907,339.3965069767442,0.0,43.0,0.34177233103135973
Acerola,jng,EL,3,41,0.829,Aurelius Esports|Descuydado Aucas Esports,71.4,55.5,56.6,54.9,58.0,60.7,7.1,5.5,5.7,5.5,5.8,6.1,356.6585365853659,373.8048780487805,7.195121951219512,401.8834536585366,0.17597237804878046,6.439275609756097,0.5365853658536586,1.2944853658536586,0.2880951219512195,10.341463414634147,0.687741935483871,0.19658119658119658,0.0,0.1384898169252261,0.7395137935254047,-0.7224707337965166,-0.728532724867984,0.2045071463414634,816.200187804878,0.0,41.0,-0.25336462026338824
Draktharr,jng,VCS,15,64,0.422,Burst The Sky Esports|CERBERUS Esports,73.6,46.5,62.7,47.6,73.8,60.7,7.4,4.7,6.3,4.8,7.4,6.1,165.4375,93.53125,4.015625,376.8050265625,0.1789671546875,5.8299484375,0.609375,1.324471875,0.332996875,10.71875,0.6516516516516516,0.20602069614299154,0.0,0.2476561180489251,0.0,0.4361594921642532,-0.9811885953722927,0.19945803125,791.832859375,0.0,64.0,1.1307447707060168
Mark,sup,LPL,1,115,0.661,Top Esports,52.7,68.4,59.7,57.7,69.5,60.7,5.3,6.8,6.0,5.8,7.0,6.1,49.666666666666664,185.66666666666666,-1.3333333333333333,143.74446,0.06759807739130434,1.279157391304348,0.0,2.771324347826087,0.3931278260869565,15.452173913043477,0.7108644859813084,0.19187898089171976,0.12844036697247707,0.20602738698649403,-0.10793610865544051,-0.020736863834452893,-0.78914843582018,0.09782345304347827,287.0539,0.0,115.0,0.19984481703506377
Pressure,jng,LAS,3,34,0.529,DN SOOPers Academy,53.8,68.6,64.0,58.0,59.9,60.7,5.4,6.9,6.4,5.8,6.0,6.1,-33.44117647058823,-180.5,-5.235294117647059,345.2945411764706,0.16947565,5.421058823529412,0.5588235294117647,1.352729411764706,0.38420882352941177,9.235294117647058,0.7047619047619048,0.16129032258064516,0.0,0.23922050561797753,0.08926807364167058,0.13695554557700945,-0.8036876709218773,0.18786226470588235,589.2807088235294,0.0,34.0,0.4216529543754675
Grizzly,jng,LAS,3,35,0.514,Hanwha Life Esports Academy,64.7,64.7,59.0,54.6,52.8,60.7,6.5,6.5,5.9,5.5,5.3,6.1,222.14285714285714,44.0,1.542857142857143,356.30962,0.14984113714285716,5.828702857142858,0.8571428571428571,1.5200285714285715,0.43428285714285714,14.257142857142858,0.6941176470588235,0.22431865828092243,0.0,0.21355296443837046,0.0,0.0,-0.8310591579432818,0.19450314285714285,811.5190085714286,0.0,35.0,-0.20703306189313084
Zwyroo,mid,LVP SL,2,79,0.62,Team Heretics,66.4,54.4,66.8,51.2,63.8,60.6,6.6,5.4,6.7,5.1,6.4,6.1,329.43037974683546,146.21518987341773,3.5443037974683542,591.8070341772152,0.26600707594936707,8.730849367088608,0.569620253164557,1.1243227848101265,0.19503291139240506,5.746835443037975,0.6294718909710392,0.1865979381443299,0.0,0.2938991422267035,0.04854982190795369,-0.14679580533281872,-0.7672524946885548,0.24081084810126582,312.7054278481013,0.0,79.0,-0.16640715762528308
Furuy,mid,NLC,2,81,0.63,Bifrost,61.8,54.9,64.2,58.3,68.1,60.6,6.2,5.5,6.4,5.8,6.8,6.1,-0.2839506172839506,165.79012345679013,0.24691358024691357,594.7733728395061,0.27045555555555556,8.382686419753087,0.654320987654321,1.0415,0.16056543209876545,6.530864197530864,0.6565507031828275,0.17142857142857143,0.0,0.2567302513236923,0.10544509056253568,-0.20353419159038627,-0.7433255498106722,0.23685018518518516,370.85929259259257,0.0,81.0,0.04986221849350406
Scout,mid,LPL,1,119,0.605,EDward Gaming,61.4,57.7,62.0,57.6,67.2,60.6,6.1,5.8,6.2,5.8,6.7,6.1,225.63636363636363,56.90909090909091,-0.5454545454545454,564.0112260504202,0.2580388151260504,8.68346974789916,0.04201680672268908,1.114647899159664,0.21653865546218487,4.65546218487395,0.6813455657492354,0.17387883556254918,3.685185185185185,0.256384724751191,-0.07961340206185565,-0.20300374882849112,-0.7709529207189822,0.23890217647058826,402.49456363636364,0.0,119.0,-0.07901188948098596
Robba,top,ESLOL,3,80,0.625,KRC Genk Esports,48.2,66.7,58.3,64.3,76.8,60.6,4.8,6.7,5.8,6.4,7.7,6.1,-93.625,-95.6125,-6.525,480.74936749999995,0.2262524,7.65046875,0.3875,1.07779125,0.187425,4.8875,0.5766773162939297,0.1954337899543379,0.0,0.25446712527192944,-0.3433324381960351,0.23504894294816112,-0.8847875620336172,0.21747302500000001,911.54775625,0.0,80.0,0.3732592920295546
Simpli,mid,LFL2,2,40,0.45,Atletec|Sector One,63.8,62.1,64.7,57.0,48.6,60.6,6.4,6.2,6.5,5.7,4.9,6.1,56.0,211.0,-0.225,586.6865775,0.277335,8.186695,0.675,1.0682175,0.23832,6.925,0.6746323529411765,0.17081260364842454,0.0,0.3484380484380484,-0.2524200701916773,-0.6544409734274365,-0.8154235271761167,0.2499933,361.73083,0.0,40.0,-0.20456224962078495
Khantos,bot,HM,3,58,0.655,Entropiq,69.3,54.3,54.3,56.5,66.6,60.6,6.9,5.4,5.4,5.7,6.7,6.1,561.1206896551724,162.82758620689654,9.293103448275861,556.1721241379311,0.26208291379310344,9.030677586206897,1.4655172413793103,1.0644448275862068,0.2540224137931034,3.4827586206896552,0.697928026172301,0.1891891891891892,0.0,0.17491991548527805,0.008172028304263718,-0.21959919089541383,-0.7112694832174826,0.26338175862068963,265.1879482758621,0.0,58.0,-0.1874375459567487
Zoiren,mid,LFL2,2,43,0.465,BK ROG Esports,72.9,60.8,55.7,53.7,44.8,60.6,7.3,6.1,5.6,5.4,4.5,6.1,255.1860465116279,118.04651162790698,12.255813953488373,663.5019069767442,0.3070946976744186,8.923806976744187,0.5348837209302325,1.160960465116279,0.20120000000000002,5.093023255813954,0.71900826446281,0.20719424460431654,0.0,0.29293889579182153,-0.21515586181809163,-0.374981914985966,-0.9864934134110747,0.26796762790697676,372.33928837209305,0.0,43.0,-0.2557893240457743
Ichiwin,sup,GL,3,32,0.938,Zeu5 Bogota,79.2,49.1,54.9,52.2,58.2,60.6,7.9,4.9,5.5,5.2,5.8,6.1,575.625,618.90625,10.75,212.800021875,0.08746525625,1.539728125,0.15625,2.203253125,0.246340625,9.90625,0.6887608069164265,0.21122112211221122,0.0,0.10739856801909309,0.0,0.0,-0.6438246445219824,0.1116712375,490.8633875,0.0,32.0,-0.05728900255754464
Sinner Crow,mid,SL (LATAM),3,25,0.24,Fantasy Gaming|Instinct Gaming,56.5,67.9,70.9,56.5,46.8,60.6,5.7,6.8,7.1,5.7,4.7,6.1,-107.6,155.56,3.12,534.851856,0.25438084,7.9983640000000005,0.68,1.2235120000000002,0.22711199999999998,5.96,0.6940509915014165,0.1879049676025918,0.0,0.32757078570031023,0.0,1.2238514173998045,-0.8052966574250827,0.25084839999999997,364.311804,0.0,25.0,-0.08088478045559594
Grell,jng,LLA,15,68,0.544,Estral Esports|Isurus,72.9,45.8,64.5,56.7,62.1,60.6,7.3,4.6,6.5,5.7,6.2,6.1,171.9558823529412,157.52941176470588,4.867647058823529,364.67846323529415,0.17065486911764707,6.226939705882352,0.5735294117647058,1.2624029411764706,0.29001617647058825,8.647058823529411,0.7194616977225673,0.22808870116156282,0.0,0.2710791867476984,-0.034612339825099786,-0.05076375330194109,-0.8323407254112507,0.19829239705882354,834.2923308823529,0.0,68.0,-0.17510873504893093
Hery,top,LDL,2,67,0.597,Ultra Prime|Ultra Prime Academy,56.0,69.4,59.8,55.0,61.7,60.6,5.6,6.9,6.0,5.5,6.2,6.1,0.0,0.0,0.0,532.3111820895522,0.25525950746268655,8.729123880597015,0.0,0.9200029850746269,0.17730746268656716,4.253731343283582,0.5723746452223274,0.16529774127310062,4.044776119402985,0.21073296742939596,-0.05323448339386468,0.03909667862071915,-0.8243466886058446,0.23826198507462684,0.0,0.0,67.0,-0.009648275838667987
xiao7,top,LDL,2,78,0.526,ThunderTalk Gaming Young,52.8,69.1,62.8,52.5,69.7,60.6,5.3,6.9,6.3,5.2,7.0,6.1,0.0,0.0,0.0,494.17632077922076,0.24885936363636366,8.121626923076922,0.0,0.9553766233766233,0.20908181818181817,3.948051948051948,0.5637583892617449,0.181058495821727,3.220779220779221,0.26361046011701034,-0.03993380245684378,-0.44832017006848485,-0.8179222461071876,0.23687967948717947,0.0,0.0,78.0,0.3228551034975017
Heng,jng,LDL,2,77,0.623,Team WE|Young Miracles,51.5,67.5,61.6,57.3,71.1,60.6,5.2,6.8,6.2,5.7,7.1,6.1,0.0,0.0,0.0,341.86924155844156,0.1551898935064935,5.545661038961039,0.0,1.3023584415584415,0.31081558441558443,8.337662337662337,0.7071698113207547,0.18477251624883936,14.753246753246753,0.22187178924765943,-0.22252035529237607,0.5099925980754997,-0.8285849111712554,0.18265990909090907,0.0,0.0,77.0,0.426909552191473
Nae,mid,NEXO,3,35,0.543,Dead Rabbits Club|ECORP,65.1,56.4,73.2,43.9,63.9,60.6,6.5,5.6,7.3,4.4,6.4,6.1,230.34285714285716,208.25714285714287,8.342857142857143,543.6027028571428,0.25866342857142854,8.609131428571429,0.7142857142857143,1.0995942857142857,0.23920285714285713,4.885714285714286,0.5802238805970149,0.173828125,0.0,0.43594561989606534,0.07944364809173976,-0.38317505823329157,-0.6962638717106587,0.24765802857142855,358.0515142857143,0.0,35.0,0.5348063673081493
Wilson,jng,PGC,2,102,0.588,Cincinnati Fear|Taco Gaming|Team Fish Taco,72.1,45.2,65.3,49.0,73.4,60.5,7.2,4.5,6.5,4.9,7.3,6.0,277.22549019607845,115.42156862745098,0.0392156862745098,440.5477735294118,0.18096724411764706,5.750070588235294,0.5588235294117647,1.196757843137255,0.2919186274509804,6.9411764705882355,0.671850699844479,0.23476802683063164,0.0,0.28128500509662485,0.250811746470012,0.20311183334447103,-1.0323173254478748,0.2026920588235294,834.6011470588235,0.0,102.0,0.3913770139686178
Quicktimer,sup,PRM,3,37,0.595,Berlin International Gaming|Bifrost,58.9,57.9,75.6,52.4,60.7,60.5,5.9,5.8,7.6,5.2,6.1,6.0,99.91891891891892,148.83783783783784,-1.8918918918918919,188.89546216216215,0.08378757837837837,0.8331324324324324,0.0,2.5815270270270267,0.34066486486486486,12.324324324324325,0.6832797427652733,0.224105461393597,0.0,0.43647418717344805,0.1280713060434195,0.20936227393015308,-0.7718826760506577,0.09270841621621621,340.75435675675675,0.0,37.0,0.1280713060434195
Elk,bot,LPL,1,93,0.398,Bilibili Gaming|Ultra Prime,59.0,64.3,68.8,53.8,54.1,60.5,5.9,6.4,6.9,5.4,5.4,6.0,0.0,0.0,0.0,630.341364516129,0.29787294623655913,9.28685053763441,0.0,1.3860021505376345,0.44532043010752687,5.172043010752688,0.7119932432432432,0.1704707560627675,2.150537634408602,0.2388723936747221,0.0,2.1222165887882487,-0.9963272733171138,0.27635918279569893,0.0,0.0,93.0,-0.04471288348647962
BrokenBlade,top,LEC,1,89,0.629,G2 Esports,57.2,58.4,69.2,62.9,58.4,60.5,5.7,5.8,6.9,6.3,5.8,6.0,68.8314606741573,-6.51685393258427,-3.955056179775281,483.8691460674157,0.24308197303370788,7.953657303370786,0.38202247191011235,1.0426606741573035,0.15351348314606741,6.438202247191011,0.5870384325546345,0.19161105815061963,2.15,0.2575842881302308,0.17830831488655235,-0.22509821090496024,-0.9002850581814764,0.22652126966292133,730.0358707865169,0.0,89.0,-0.05468886355759879
RAMES,jng,HM,3,58,0.655,Entropiq,65.6,54.8,54.0,61.9,66.9,60.5,6.6,5.5,5.4,6.2,6.7,6.0,438.55172413793105,264.2413793103448,3.896551724137931,346.4272655172414,0.1586411172413793,5.913068965517241,0.5,1.1656293103448276,0.28578448275862073,7.362068965517241,0.7306434023991276,0.20985691573926868,0.0,0.1538921161825726,-0.055208278958083286,-0.265542621496059,-0.7083400121809161,0.19492008620689655,825.5232603448276,0.0,58.0,-0.2717261509884569
Joo,sup,LPLOL,3,70,0.629,EGN Esports,51.6,67.6,56.2,57.4,76.9,60.5,5.2,6.8,5.6,5.7,7.7,6.0,-78.2,106.91428571428571,2.5428571428571427,160.57446,0.06745336571428572,0.9975857142857143,0.04285714285714286,2.54582,0.4024442857142857,13.385714285714286,0.6997635933806147,0.1828463713477851,0.0,0.2551712666747985,-0.21756318704321717,-0.26529736486405664,-0.8937618949617955,0.09759156428571429,350.0479842857143,0.0,70.0,0.7046785967289863
Warner,mid,TAL,3,35,0.429,Galatasaray Academy,58.0,68.1,54.9,63.4,53.6,60.5,5.8,6.8,5.5,6.3,5.4,6.0,76.97142857142858,117.34285714285714,4.057142857142857,489.3788571428571,0.2892482571428572,8.615717142857143,0.5142857142857142,1.0291285714285714,0.19421714285714287,4.914285714285715,0.7309523809523809,0.15673289183222958,0.0,0.21935372585096596,0.0,0.0,-0.8666703542369003,0.2497635142857143,328.11041142857147,0.0,35.0,0.10767424209878122
Aytekn,top,TAL,3,46,0.587,Fenerbahçe Academy|SuperMassive Blaze Academy,63.8,55.7,69.1,52.6,61.8,60.5,6.4,5.6,6.9,5.3,6.2,6.0,310.0652173913044,304.0,13.369565217391305,470.8578086956522,0.23659711739130437,8.52600652173913,0.3695652173913043,0.8208804347826087,0.16200434782608694,4.239130434782608,0.5229485396383866,0.1583629893238434,0.0,0.3111418344349539,0.05575868372943343,-0.18418647166361962,-0.7531039411529576,0.2357110652173913,680.1650239130435,0.0,46.0,-0.08372303514858949
Woohee,sup,LHE,2,71,0.634,Movistar Optix,69.6,60.9,47.4,56.8,59.5,60.5,7.0,6.1,4.7,5.7,6.0,6.0,166.16901408450704,-38.46478873239437,-2.647887323943662,221.45634225352111,0.0965844281690141,1.038181690140845,0.08450704225352113,2.571614084507042,0.3112957746478873,13.0,0.7084805653710248,0.2037533512064343,0.0,0.13675357866966312,-0.10334080437103799,-0.23344542180214609,-0.917099661134039,0.10339269154929577,390.4546802816901,0.0,71.0,-0.06980487668318355
Dejv,bot,HC,3,20,0.55,ERKO Esports,71.8,56.7,60.9,57.8,43.2,60.5,7.2,5.7,6.1,5.8,4.3,6.0,684.55,67.75,17.25,610.372915,0.2805787,9.31155,1.05,0.9304549999999999,0.205235,4.7,0.726775956284153,0.16062176165803108,0.0,0.3251478851740012,-0.3019097820040791,-0.7427356766349695,-0.7700326218436016,0.29501605,267.247175,0.0,20.0,-0.2513714586307959
Kepler,bot,LDL,2,84,0.643,ThunderTalk Gaming|V5 87,53.0,74.2,61.0,46.6,67.5,60.5,5.3,7.4,6.1,4.7,6.8,6.0,0.0,0.0,0.0,593.4439761904762,0.27605275,9.933605952380953,0.0,1.3689845238095237,0.4850869047619048,2.7261904761904763,0.6549100968188105,0.1687279151943463,4.988095238095238,0.21671767491238283,-0.03470569414484619,-0.16423949055104287,-0.7064075925427897,0.2741159523809524,0.0,0.0,84.0,-0.16453089411370897
BeanJ,jng,VCS,15,115,0.522,Saigon Buffalo,69.5,45.2,64.1,52.7,76.5,60.5,7.0,4.5,6.4,5.3,7.7,6.0,278.9826086956522,183.1391304347826,3.2782608695652176,344.865927826087,0.1584854756521739,5.597671304347826,0.391304347826087,1.2803408695652174,0.31550347826086955,11.052173913043479,0.6556326748531767,0.20421686746987952,0.0,0.24663441891739152,0.21291959179200692,-0.018028331456434617,-0.890781911573243,0.18374806086956522,797.8488756521739,0.0,115.0,-0.022640251826033832
Artemis,bot,VCS,15,66,0.485,CERBERUS Esports,72.9,56.3,48.9,53.5,63.0,60.5,7.3,5.6,4.9,5.3,6.3,6.0,504.3030303030303,317.8030303030303,11.121212121212121,619.0769075757576,0.29025266666666666,9.725051515151515,0.9090909090909091,1.1648333333333334,0.3858757575757576,3.3636363636363638,0.6905005107252298,0.17255717255717257,0.0,0.20603898499112283,-0.7938373254951002,0.0,-0.8603105449039301,0.2892138787878788,307.59412575757574,0.0,66.0,-0.03664106526086168
Monki,jng,LDL,2,107,0.72,EDG Youth Team,51.4,71.7,56.2,53.4,74.3,60.5,5.1,7.2,5.6,5.3,7.4,6.0,0.0,0.0,0.0,342.6961504672897,0.1540505,5.433089719626168,0.0,1.560485046728972,0.4293841121495327,10.91588785046729,0.7015891701000588,0.2216624685138539,12.626168224299066,0.21019400204114114,-0.20531638841993358,-0.04670172633151119,-0.8399404527101922,0.17849342056074766,0.0,0.0,107.0,0.13738527289287472
DnDn,top,LCKC,2,107,0.495,Nongshim Esports Academy|Nongshim RedForce,44.2,70.0,61.1,64.6,73.9,60.4,4.4,7.0,6.1,6.5,7.4,6.0,-222.79207920792078,-157.03960396039605,-6.9504950495049505,455.9851093457944,0.2231816495327103,8.222155140186915,0.3364485981308411,1.0764140186915887,0.18729532710280375,8.02803738317757,0.555010511562719,0.17092198581560283,2.3333333333333335,0.24479622204832846,-0.02596367977328806,0.0781904207297169,-0.9217859983675277,0.21950634672897196,901.4264524752475,0.0,107.0,0.24062504286590242
Pleata,bot,LCKC,2,85,0.624,Kiwoom DRX Challengers,40.9,73.2,62.7,69.6,66.3,60.4,4.1,7.3,6.3,7.0,6.6,6.0,-161.36470588235295,-164.27058823529413,-17.83529411764706,509.8357035294118,0.24754931764705884,8.567905882352942,1.0588235294117647,1.4316329411764706,0.3689905882352941,5.647058823529412,0.7411003236245954,0.1543756145526057,0.0,0.27281925521538025,-0.15587315765966947,-0.43799315170463,-0.6990223467798622,0.2543008823529412,283.86773176470587,0.0,85.0,-0.30064373679994566
Rafitta,bot,LVP SL,2,62,0.516,KOI,61.1,57.4,64.9,59.6,60.5,60.4,6.1,5.7,6.5,6.0,6.0,6.0,160.58064516129033,161.70967741935485,3.467741935483871,532.8537677419355,0.2701248064516129,9.411190322580644,0.9354838709677419,1.128501612903226,0.29699516129032255,4.629032258064516,0.6996291718170581,0.17447916666666666,0.0,0.20466257668711657,0.09073427607833848,0.8861605822140702,-0.8539078416869318,0.2719665483870968,293.83182741935485,0.0,62.0,0.09179004037685057
Sniper,top,PGC,2,77,0.766,100 Thieves Next,77.4,50.6,54.5,45.5,66.7,60.4,7.7,5.1,5.5,4.5,6.7,6.0,778.6103896103896,440.5974025974026,15.883116883116884,571.7352246753247,0.2476394805194805,8.974216883116883,0.5844155844155844,1.0094402597402596,0.1385,3.6363636363636362,0.5090543259557344,0.21300448430493274,0.0,0.22431139619597185,-0.43833682263011836,-0.6523686644919422,-0.7482879791683719,0.25283796103896106,645.6269025974026,0.0,77.0,-0.0015873029377723989
iLEVI,sup,GLL,3,57,0.544,Anorthosis Famagusta Esports|Goskilla,59.8,68.5,53.9,52.9,63.0,60.4,6.0,6.8,5.4,5.3,6.3,6.0,44.03508771929825,-88.08771929824562,0.9298245614035088,187.53982105263157,0.08779239824561404,1.1164771929824562,0.07017543859649122,2.983840350877193,0.476478947368421,14.210526315789474,0.6970046082949308,0.24768518518518517,0.0,0.26236490924383016,-0.05115300890596065,-0.34467713291990304,-1.0248700719542032,0.0987854596491228,432.8801087719298,0.0,57.0,-0.12303779868946917
Biofrost,sup,LCS,1,46,0.326,Dignitas,53.0,70.3,66.1,67.3,40.7,60.4,5.3,7.0,6.6,6.7,4.1,6.0,69.21739130434783,-46.17391304347826,-4.217391304347826,151.26865217391304,0.08975784347826087,1.1785760869565218,0.0,2.7276630434782607,0.3976065217391304,15.41304347826087,0.7254464285714286,0.17077798861480076,0.0,0.29040519947858334,0.09997678198281867,-0.6099373113536104,-0.8185920555799342,0.0912924456521739,304.8867826086956,0.0,46.0,-0.4371873262923847
Syrpy,sup,HM,3,35,0.457,SINNERS Esports,55.5,68.2,57.1,60.6,59.6,60.4,5.5,6.8,5.7,6.1,6.0,6.0,54.371428571428574,45.114285714285714,-2.4285714285714284,180.04300285714285,0.0786324742857143,0.9725028571428571,0.02857142857142857,2.6191999999999998,0.3513942857142857,12.142857142857142,0.7281368821292775,0.18933823529411764,0.0,0.2704482725801846,-0.2851208002258703,-0.46242891138627845,-0.8517362878306282,0.09896170571428571,363.92895142857145,0.0,35.0,0.2779328526013801
Betão,top,CBLOLA,3,40,0.475,RED Academy|RED Canids,51.9,77.4,55.8,56.9,55.6,60.4,5.2,7.7,5.6,5.7,5.6,6.0,-25.175,-59.85,-0.625,494.97761499999996,0.23898575000000002,8.5689425,0.3,1.3724975000000001,0.2574825,6.85,0.5854545454545454,0.18238021638330756,0.0,0.2546631857694935,-0.05064035670240012,0.0,-1.0372623851041618,0.253442325,796.9915925,0.0,40.0,0.22969091903719913
5kid,bot,LLA,15,63,0.556,Team Aze,70.1,56.7,53.9,55.6,59.2,60.4,7.0,5.7,5.4,5.6,5.9,6.0,124.80952380952381,85.58730158730158,15.73015873015873,605.7405047619047,0.2935503761904762,9.728711111111112,1.0793650793650793,1.2698619047619049,0.3623523809523809,6.682539682539683,0.708029197080292,0.1847345132743363,0.0,0.1847826086956522,-0.0753673303635154,-0.021375304570401828,-0.912301227541865,0.2736355714285714,286.2413174603175,0.0,63.0,-0.11809360769158003
Fudge,top,LCS,1,41,0.585,Cloud9,60.2,60.5,64.2,65.7,48.9,60.4,6.0,6.0,6.4,6.6,4.9,6.0,5.585365853658536,143.90243902439025,0.24390243902439024,494.6203365853658,0.2324801219512195,8.490636585365854,0.4146341463414634,1.0084268292682927,0.190290243902439,3.341463414634146,0.6087786259541985,0.1906779661016949,0.0,0.17467037353078807,0.2956562309567336,0.47394881170018277,-0.8859782520346551,0.23247229268292682,844.1283682926828,0.0,41.0,0.06726547913407689
Shikari,top,NLC,2,81,0.63,Bifrost,48.3,74.6,52.4,62.0,67.2,60.3,4.8,7.5,5.2,6.2,6.7,6.0,-47.358024691358025,154.03703703703704,-2.3950617283950617,438.2531679012346,0.20049677777777777,7.712493827160493,0.32098765432098764,1.3556061728395061,0.2053172839506173,6.938271604938271,0.5122131754256106,0.1391705069124424,0.0,0.17863134657836643,0.03533904291011812,-0.6178409559126494,-0.8551478702819403,0.2164730864197531,727.3683679012346,0.0,81.0,0.10397399481765734
Baybror,bot,UL,2,37,0.378,Goskilla,63.5,59.7,58.3,61.8,54.1,60.3,6.3,6.0,5.8,6.2,5.4,6.0,249.05405405405406,195.54054054054055,7.5675675675675675,559.4147324324324,0.2692856216216216,9.002032432432433,0.5675675675675675,1.0562,0.2596189189189189,3.4054054054054053,0.7054945054945055,0.1452513966480447,0.0,0.26909273686855995,-0.14609872611464966,-0.3577494692144374,-0.8509874668471928,0.27422221621621623,216.4028027027027,0.0,37.0,0.2677156809549647
Peco,bot,PRM,3,49,0.51,MOUZ NXT,67.0,59.3,54.0,53.3,63.2,60.3,6.7,5.9,5.4,5.3,6.3,6.0,207.40816326530611,202.6122448979592,7.244897959183674,628.474712244898,0.29067130612244896,9.149124489795918,0.673469387755102,1.232357142857143,0.3046938775510204,4.469387755102041,0.647945205479452,0.16477272727272727,0.0,0.2533635779512841,-0.14895312100515,-0.6855254026808868,-0.8258899252656269,0.265799,291.47150612244894,0.0,49.0,0.11112312474658737
welcom,top,HM,3,67,0.522,eSuba,54.2,63.5,57.8,57.1,76.6,60.3,5.4,6.3,5.8,5.7,7.7,6.0,-36.35820895522388,-108.44776119402985,-1.8208955223880596,530.7795940298507,0.24412444925373133,7.455474626865671,0.3283582089552239,1.148886567164179,0.17272388059701493,4.477611940298507,0.5529640427599611,0.21195652173913043,0.0,0.22526105759088672,0.05735435450020466,0.052789870749921475,-0.9345475254843351,0.21541556716417912,764.2901328358209,0.0,67.0,0.9981782511210764
Worst,bot,LPLOL,3,67,0.597,White Dragons,56.9,54.9,65.2,62.8,71.0,60.3,5.7,5.5,6.5,6.3,7.1,6.0,174.23880597014926,57.91044776119403,2.6865671641791047,565.9343179104478,0.2519414328358209,8.455356716417912,0.7611940298507462,0.9727567164179105,0.16991194029850745,4.626865671641791,0.6827906976744186,0.13432835820895522,0.0,0.2991303194905387,-0.04969458946822014,-0.24723717887694674,-0.7291849401575303,0.25485498507462684,268.2880208955224,0.0,67.0,-0.1075145386491339
Ocean,jng,LMF,2,61,0.623,EBRO,71.6,54.3,59.1,53.8,55.3,60.3,7.2,5.4,5.9,5.4,5.5,6.0,277.4590163934426,341.91803278688525,9.114754098360656,347.4919540983607,0.17736324918032786,6.605670491803279,0.47540983606557374,1.2542852459016394,0.36124918032786885,6.016393442622951,0.7080820265379976,0.23857868020304568,0.0,0.22416164180683382,-0.1457413785771994,-0.12453119020283189,-0.7970681522102704,0.21097203278688526,961.0866688524591,0.0,61.0,-0.331437006057997
IgnaVilu,sup,LMF,2,69,0.638,Boca Juniors Gaming|KRÜ Esports|Movistar R7,51.0,77.2,51.6,58.9,60.7,60.3,5.1,7.7,5.2,5.9,6.1,6.0,71.01449275362319,-0.37681159420289856,-1.2608695652173914,153.75064057971014,0.07563044927536232,1.2323985507246378,0.014492753623188406,3.2769782608695652,0.6022492753623189,18.579710144927535,0.7222777222777222,0.2311377245508982,0.0,0.187421675062633,-0.30294522835434573,0.03886616014026881,-0.9146020437174828,0.09654542898550725,389.34108695652174,0.0,69.0,0.030877674684522165
Taki,sup,VCS,15,118,0.525,Saigon Buffalo,61.5,51.8,70.9,49.0,76.5,60.3,6.2,5.2,7.1,4.9,7.7,6.0,52.440677966101696,14.076271186440678,-2.788135593220339,181.41242542372882,0.08201855847457627,1.0991347457627119,0.05084745762711865,2.523686440677966,0.33267881355932205,14.220338983050848,0.6479381443298969,0.2176711527208894,0.0,0.2588445400308518,0.3853284001222284,0.6747612071585849,-0.9520554882657163,0.09692984152542372,435.56531440677963,0.0,118.0,0.2532883136159621
MrLemon,jng,DDH,3,38,0.474,Globant Emerald|Six Karma,57.0,69.6,58.1,62.1,49.3,60.3,5.7,7.0,5.8,6.2,4.9,6.0,57.28947368421053,77.34210526315789,0.15789473684210525,369.2557157894737,0.17317816842105263,5.756328947368421,0.23684210526315788,1.5160868421052631,0.4175078947368421,9.421052631578947,0.7190388170055453,0.1982142857142857,0.0,0.25853578463558763,0.0,-0.5477344214911162,-0.9444369710665121,0.1844980263157895,768.7300684210527,0.0,38.0,-0.4357712765957447
Nuguri,top,LCK,1,57,0.614,Dplus Kia,68.4,57.1,65.9,52.7,49.9,60.3,6.8,5.7,6.6,5.3,5.0,6.0,432.87719298245617,237.2280701754386,4.385964912280702,511.990501754386,0.23432287719298245,8.06261754385965,0.24561403508771928,1.1011894736842105,0.2685736842105263,6.684210526315789,0.552054794520548,0.23518850987432674,0.0,0.25704357625845226,-0.45135691192319,0.22530289670487566,-0.8280978999847375,0.2243371754385965,797.8186789473684,0.0,57.0,-0.17609272563430584
Sandwitch,sup,UPL,2,32,0.562,CB Gaming|Raleigh Black Flame|Super Sunshine Fruit Basket Warriors,78.9,52.3,52.2,55.2,49.1,60.3,7.9,5.2,5.2,5.5,4.9,6.0,187.03125,381.84375,8.03125,266.679528125,0.0986689875,1.486275,0.125,2.126171875,0.287203125,8.0,0.7079510703363915,0.19881305637982197,0.0,0.21740634687959504,-0.3859273835734272,0.0,-0.9396598496073498,0.116841946875,627.352953125,0.0,32.0,0.10893204441591532
Pabu,jng,PRM,3,70,0.571,Berlin International Gaming,55.2,67.5,52.0,57.8,71.2,60.2,5.5,6.8,5.2,5.8,7.1,6.0,-27.757142857142856,108.98571428571428,0.6714285714285714,348.7504371428571,0.16305930714285713,5.82088,0.34285714285714286,1.515107142857143,0.4362628571428571,9.857142857142858,0.6808309726156752,0.19447287615148415,0.0,0.21104815864022666,-0.2508166969147006,-0.15983061101028426,-0.9540683072421015,0.18563942857142857,798.1518271428571,0.0,70.0,0.17294065544729864
Angel,mid,LPL,1,93,0.559,Weibo Gaming,50.9,71.2,60.0,57.5,63.2,60.2,5.1,7.1,6.0,5.8,6.3,6.0,0.0,0.0,0.0,530.6943569892474,0.24629560860215055,8.65472688172043,0.0,1.3057978494623657,0.30733333333333335,6.731182795698925,0.6823228010247652,0.13227513227513227,2.3655913978494625,0.22452263682572202,-0.10731124662098443,0.15672345508266805,-0.7772715541184013,0.2331283870967742,0.0,0.0,93.0,0.0026000130059768488
Bako,top,GLL,3,67,0.537,Team Phantasma,63.2,52.9,68.7,49.3,71.5,60.2,6.3,5.3,6.9,4.9,7.2,6.0,286.910447761194,96.53731343283582,3.417910447761194,552.488376119403,0.24423865671641792,7.758232835820896,0.29850746268656714,0.9262149253731343,0.18221044776119402,2.5074626865671643,0.5054446460980037,0.20707070707070707,0.0,0.2530384024577573,0.29968895905864557,0.9090222114268749,-0.8884126230420735,0.22713171641791044,762.2931134328358,0.0,67.0,0.13092565029021672
Jett,mid,LJL,15,66,0.667,QT DIG∞,72.9,52.8,48.8,56.6,64.2,60.2,7.3,5.3,4.9,5.7,6.4,6.0,228.72727272727272,154.63636363636363,4.484848484848484,598.9429681818182,0.28870025757575757,9.002380303030304,0.8333333333333334,0.954519696969697,0.23900454545454547,4.5606060606060606,0.7166123778501629,0.2062146892655367,0.0,0.16682361047312816,-0.4406026632723,0.11720356408498962,-0.8424685194344623,0.25194636363636363,417.50971969696974,0.0,66.0,0.0680293730819817
Fahai,sup,LDL,2,84,0.452,Team WE Academy,49.0,66.5,68.7,55.9,68.9,60.2,4.9,6.7,6.9,5.6,6.9,6.0,0.0,0.0,0.0,158.09073928571428,0.07519773452380953,1.1037333333333332,0.0,2.7122464285714285,0.344275,13.571428571428571,0.7305487305487306,0.21477532368621477,0.011904761904761904,0.18705444611983874,0.30366909819271226,1.7841068876657924,-1.0184537779188678,0.09438489523809523,0.0,0.0,84.0,0.4224257942624173
Kati,mid,VCS,15,89,0.753,GAM Esports,65.5,48.3,65.6,53.7,74.2,60.2,6.5,4.8,6.6,5.4,7.4,6.0,157.6629213483146,101.96629213483146,2.7865168539325844,612.646206741573,0.2592234606741573,8.703211235955056,0.449438202247191,1.1583505617977528,0.2502988764044944,6.325842696629214,0.6362515413070283,0.22440273037542663,0.0,0.22194987734218055,0.2079495036993571,-0.030141298981939416,-0.7384260508380223,0.2232763595505618,456.4624303370787,0.0,89.0,0.16642072033731728
Cavalo,sup,CBLOL,15,22,0.455,Liberty|Liberty Academy,75.4,54.9,57.2,58.7,39.8,60.2,7.5,5.5,5.7,5.9,4.0,6.0,369.40909090909093,112.27272727272727,12.090909090909092,175.14330454545455,0.08684401818181818,1.7888863636363637,0.09090909090909091,2.311468181818182,0.27138181818181817,17.818181818181817,0.7675276752767528,0.21908127208480566,0.0,0.20059582919563057,0.0,0.0,-0.9637982813960247,0.10378691363636362,431.88154090909086,0.0,22.0,-0.18927536231884054
Shyelander,jng,NEXO,3,36,0.417,Inside Games|Phlox Gaming,55.5,65.6,64.6,58.9,56.1,60.2,5.5,6.6,6.5,5.9,5.6,6.0,86.30555555555556,-79.66666666666667,-2.611111111111111,358.38688055555554,0.17412752777777776,5.509730555555556,0.3333333333333333,1.4471277777777778,0.34989166666666666,10.527777777777779,0.699288256227758,0.18411552346570398,0.0,0.2826860365078604,0.0,0.0,-0.8998262853199666,0.19723697222222222,789.4000944444444,0.0,36.0,0.18031191515907652
winnie,jng,PGC,2,93,0.613,Area of Effect Esports|Immortals Area of Effect|Saint Louis University,71.9,50.1,50.5,57.3,68.7,60.1,7.2,5.0,5.0,5.7,6.9,6.0,188.49462365591398,256.40860215053766,5.78494623655914,443.1622311827957,0.17302564516129032,5.725791397849463,0.41935483870967744,1.1753462365591398,0.2959795698924731,5.032258064516129,0.6864,0.20956576463184393,0.0,0.1595253551306017,-0.08624046074447556,0.0,-0.9327550702559644,0.1938578064516129,944.3631989247311,0.0,93.0,0.023701714967379106
deokdam,bot,LCK,1,117,0.607,Dplus Kia,60.9,49.2,70.5,59.4,68.4,60.1,6.1,4.9,7.0,5.9,6.8,6.0,236.89743589743588,-21.11111111111111,-1.3247863247863247,566.2294333333333,0.2819508632478632,9.26401794871795,0.8803418803418803,1.15332905982906,0.3238931623931624,4.410256410256411,0.7018970189701897,0.16879795396419436,0.0,0.29111926011186245,-0.020726754917989535,-0.06887822372237741,-0.7360148762308178,0.27252457264957264,281.69279829059826,0.0,117.0,0.010992630535563737
Rookie,mid,LPL,1,85,0.635,Victory Five,58.9,64.3,57.2,57.8,61.0,60.1,5.9,6.4,5.7,5.8,6.1,6.0,0.0,0.0,0.0,593.395754117647,0.26558776470588236,8.26074,0.0,1.096149411764706,0.2829847058823529,7.011764705882353,0.7083647324792766,0.1713747645951036,3.458823529411765,0.23900528745790603,-0.21143699825870357,-0.3190567276946013,-0.7494882347732275,0.22970802352941178,0.0,0.0,85.0,-0.04211353408777822
Savero,jng,HM,3,45,0.644,Dynamo Eclot,59.3,56.3,62.7,63.4,62.5,60.1,5.9,5.6,6.3,6.3,6.2,6.0,129.17777777777778,89.55555555555556,2.4444444444444446,338.49146,0.15773889333333332,5.6136800000000004,0.5333333333333333,1.0937533333333334,0.24144444444444446,7.866666666666666,0.7172701949860725,0.16666666666666666,0.0,0.2466649496686776,-0.0747167051311829,0.22086868856590788,-0.8468765666607068,0.19153417777777776,752.4839999999999,0.0,45.0,0.20989053815273206
Lonely,top,LLA,15,63,0.556,Team Aze,57.6,68.6,57.0,56.7,56.5,60.1,5.8,6.9,5.7,5.7,5.7,6.0,-20.46031746031746,-41.01587301587302,1.7777777777777777,492.61658730158734,0.2437601904761905,8.389973015873016,0.4126984126984127,1.1903047619047618,0.24456190476190476,6.698412698412699,0.5486618004866181,0.18694690265486727,0.0,0.1650996615268898,0.14818355640535355,0.5824455977419647,-1.0153430884101122,0.22945284126984128,750.6415761904763,0.0,63.0,-0.18409195226438188
Triple,mid,LCSA,2,79,0.532,CLG Academy|Counter Logic Gaming,64.6,59.9,55.6,54.8,62.6,60.1,6.5,6.0,5.6,5.5,6.3,6.0,208.7594936708861,40.063291139240505,4.544303797468355,616.020982278481,0.27978335443037977,8.878455696202533,0.43037974683544306,1.064820253164557,0.23600886075949368,3.911392405063291,0.642795513373598,0.16538789428815004,0.0,0.22715619579524907,-0.04443320588109111,0.0,-0.9033154675848195,0.2452746329113924,347.82644683544305,0.0,79.0,-0.052812359802602155
APA,mid,PGC,2,49,0.592,Maryville University,73.8,49.4,57.7,57.0,56.1,60.1,7.4,4.9,5.8,5.7,5.6,6.0,339.0816326530612,78.59183673469387,4.8979591836734695,702.8232591836734,0.30417302040816324,8.24681836734694,0.7142857142857143,0.9438673469387755,0.12393265306122449,0.7142857142857143,0.6786127167630058,0.18741058655221746,0.0,0.23466396487673086,-0.18829417729165313,0.0,-0.8128155612032915,0.24109704081632655,322.27233469387755,0.0,49.0,0.04147993273033052
Brayaron,top,LHE,2,30,0.833,Furious Gaming|inf,73.5,46.1,62.8,58.7,55.0,60.1,7.3,4.6,6.3,5.9,5.5,6.0,507.0,279.8333333333333,10.966666666666667,559.2310733333333,0.23270216666666668,8.22274,0.6333333333333333,0.85061,0.14251,4.033333333333333,0.5785837651122625,0.256797583081571,0.0,0.10622867439393745,0.38359718981070756,0.8883955736855151,-0.705322775089395,0.2197019666666667,917.7220666666667,0.0,30.0,0.23841068877622468
StenBosse,top,PGN,3,32,0.562,aNc Outplayed,56.8,67.0,57.8,62.8,53.2,60.1,5.7,6.7,5.8,6.3,5.3,6.0,5.75,-215.21875,-3.15625,580.420178125,0.248189875,7.264465625,0.34375,1.078996875,0.20303749999999998,5.5625,0.58203125,0.20798319327731093,0.0,0.18489632870458436,-0.04983854261865594,0.23073173703771382,-0.7991028415189045,0.20766290625,770.914315625,0.0,32.0,-0.014331946370781298
Wink,sup,LPL,1,33,0.455,Invictus Gaming,71.9,66.2,55.8,48.5,38.6,60.1,7.2,6.6,5.6,4.8,3.9,6.0,0.0,0.0,0.0,234.7344696969697,0.1105049212121212,1.6217575757575757,0.0,2.497569696969697,0.348330303030303,13.242424242424242,0.7382075471698113,0.21132075471698114,0.36363636363636365,0.2144422663290588,0.0,0.0,-0.9790053556077986,0.10982848484848486,0.0,0.0,33.0,-0.20961199108542666
IlllIma,top,LCKC,2,75,0.44,DN SOOPers Challengers,64.9,61.2,49.5,55.4,65.2,60.0,6.5,6.1,5.0,5.5,6.5,6.0,193.28,25.026666666666667,3.88,521.6745613333334,0.26672801333333335,8.525370666666666,0.3466666666666667,0.893948,0.21932000000000001,4.133333333333334,0.5604751619870411,0.1976284584980237,0.0,0.26863183801320056,-0.43348789594122594,-0.8717331085149945,-1.0233539150482127,0.24630707999999998,731.7290626666667,0.0,75.0,0.33630507807661214
Baut,sup,LCKC,2,72,0.278,Hanwha Life Esports|Hanwha Life Esports Challengers,55.4,64.4,52.7,65.5,64.4,60.0,5.5,6.4,5.3,6.5,6.4,6.0,19.09722222222222,238.65277777777777,4.388888888888889,139.52446944444443,0.07924460277777778,1.255611111111111,0.013888888888888888,2.5203972222222224,0.3355861111111111,17.59722222222222,0.723404255319149,0.1908237747653806,0.0,0.20666458344183458,0.0,0.0,-1.0440855536181772,0.09137782777777777,412.0933944444444,0.0,72.0,0.37158374821571577
Supa,bot,LVP SL,2,51,0.51,G2 Arctic|G2 Esports Academy,78.6,54.1,49.2,50.5,53.5,60.0,7.9,5.4,4.9,5.0,5.3,6.0,675.6078431372549,271.19607843137254,18.647058823529413,716.1505647058824,0.30553492156862744,8.921113725490196,0.9607843137254902,1.272243137254902,0.36952745098039214,4.2745098039215685,0.6417112299465241,0.19790301441677588,0.0,0.2504811571546632,-0.32208599330420046,-0.8652273077399986,-0.8804188721931585,0.2682443529411765,333.1107549019608,0.0,51.0,-0.06433046293672783
Faisal,top,PGC,2,76,0.513,Area of Effect Pump|Evil Geniuses Prodigies,73.3,53.4,47.3,56.6,62.7,60.0,7.3,5.3,4.7,5.7,6.3,6.0,310.4078947368421,109.77631578947368,3.776315789473684,570.740697368421,0.24987072368421054,8.03641842105263,1.0,0.8361592105263158,0.13020263157894738,3.5526315789473686,0.5311795642374155,0.1634695579649708,0.0,0.16347108245842423,-0.3260995858398455,0.0,-0.9450196726451459,0.24151247368421053,739.8174697368421,0.0,76.0,0.027938120526437266
YuNIshinoya,sup,UL,2,44,0.455,Gentlemen's Gaming,63.5,66.0,42.9,64.8,54.5,60.0,6.3,6.6,4.3,6.5,5.5,6.0,71.29545454545455,151.11363636363637,3.8636363636363638,169.90612727272728,0.08950657045454545,1.2505022727272728,0.045454545454545456,2.697729545454546,0.3548,10.931818181818182,0.7676579925650557,0.2401129943502825,0.0,0.16903828405159965,-0.2007102728316763,-0.15915698426329258,-1.1540874332719653,0.09837428409090908,507.7359659090909,0.0,44.0,0.4726117417042307
Benaset,sup,LFL2,2,42,0.476,Joblife,53.5,69.6,59.4,62.9,52.3,60.0,5.3,7.0,5.9,6.3,5.2,6.0,58.30952380952381,21.714285714285715,-3.3333333333333335,173.36778571428573,0.08416433095238095,0.9742404761904763,0.0,2.9568214285714283,0.41573095238095237,15.285714285714286,0.7292006525285482,0.2340036563071298,0.0,0.32905323756798,-0.18876973471943473,-0.6692605939965985,-0.9331470049271156,0.09103915952380952,448.91964285714283,0.0,42.0,0.09796153496316222
WaenA,mid,GLL,3,29,0.552,GOAL|WLGaming Esports,73.1,60.1,48.5,54.5,49.5,60.0,7.3,6.0,4.8,5.5,5.0,6.0,267.62068965517244,298.9655172413793,9.96551724137931,604.9598137931035,0.290324,8.59736896551724,0.8620689655172413,0.9471172413793103,0.20633793103448278,6.379310344827586,0.6966824644549763,0.1837270341207349,0.0,0.21292373756141875,-0.34518740866542913,-0.6350566768039813,-0.8060711770274681,0.2510189655172414,298.986,0.0,29.0,-0.04654949121184075
Flawed,jng,HM,3,22,0.364,Dark Tigers|Verdant,64.5,64.5,49.1,61.8,50.9,60.0,6.5,6.5,4.9,6.2,5.1,6.0,242.6818181818182,253.13636363636363,7.0,354.86891363636363,0.1701685727272727,5.849686363636363,0.4090909090909091,1.377409090909091,0.32842272727272726,6.0,0.7119741100323624,0.18269230769230768,0.0,0.16019285537028943,0.9995155038759688,0.0,-1.2534461212995591,0.2056786818181818,880.6434363636363,0.0,22.0,1.1527702335687127
Juzo,bot,CBLOLA,3,41,0.439,INTZ Academy,58.2,63.5,65.4,52.7,59.1,60.0,5.8,6.3,6.5,5.3,5.9,6.0,215.2439024390244,46.80487804878049,7.170731707317073,533.5242073170732,0.2591532682926829,8.786253658536586,0.8780487804878049,1.3076829268292682,0.3405878048780488,5.902439024390244,0.6518650088809946,0.16369529983792544,0.0,0.26647998174270787,0.44783404514948133,0.4414276998169615,-0.9334884142097553,0.2642120731707317,267.14256829268294,0.0,41.0,0.33273359112575
Keres,sup,PCS,15,48,0.5,Frank Esports,56.5,65.6,61.9,57.2,58.1,60.0,5.7,6.6,6.2,5.7,5.8,6.0,66.5,-0.5833333333333334,-0.2708333333333333,162.01533125,0.08039338124999999,1.3692958333333334,0.020833333333333332,2.6260833333333333,0.3733208333333333,16.895833333333332,0.7140762463343109,0.19349005424954793,0.0,0.2742861524600063,-0.13214527340311316,-0.774579244193792,-0.833090137473079,0.09885799375,415.87957916666664,0.0,48.0,0.2937370600414078
Xiaguang,bot,LDL,2,110,0.673,MAX,56.4,68.9,52.7,48.9,73.9,60.0,5.6,6.9,5.3,4.9,7.4,6.0,0.0,0.0,0.0,626.6316781818182,0.2866909445454546,10.033986363636362,0.0,1.1672327272727272,0.38542818181818184,3.6,0.6530837004405287,0.136327817178881,2.8181818181818183,0.2034376620010368,-0.33745636821170544,-0.6229691649368572,-0.6892934676031043,0.2821040454545455,0.0,0.0,110.0,-0.17099132910573306
Jiwoo,bot,LCKC,2,91,0.571,Nongshim Esports Academy|Nongshim RedForce Academy,66.8,54.7,56.8,53.7,67.4,60.0,6.7,5.5,5.7,5.4,6.7,6.0,-26.905882352941177,164.89411764705883,7.1647058823529415,615.3287384615385,0.28377446153846153,9.310045054945055,1.0879120879120878,1.0628846153846154,0.3419934065934066,4.2967032967032965,0.6868171886380189,0.21968503937007874,3.3333333333333335,0.17986233914628508,0.3125195151976283,0.24690538314389374,-0.9636234128146937,0.26903235164835165,342.0617988235294,0.0,91.0,0.07945108476419299
Oscure,sup,LVP SL,2,79,0.532,BISONS ECLUB,57.6,60.2,59.8,57.8,67.7,59.9,5.8,6.0,6.0,5.8,6.8,6.0,78.86075949367088,-114.20253164556962,2.848101265822785,185.37468607594937,0.08383615949367089,1.0588962025316455,0.02531645569620253,2.529293670886076,0.3308506329113924,13.620253164556962,0.694468832309043,0.2,0.0,0.25562884529591606,-0.11217804236254415,0.08744850442267417,-0.9365074797109567,0.09564954936708861,329.28620632911395,0.0,79.0,0.31820309203207114
Lava,mid,LCK,1,87,0.368,HANJIN BRION,63.5,67.0,45.9,63.3,50.0,59.9,6.3,6.7,4.6,6.3,5.0,6.0,76.37931034482759,38.264367816091955,-1.7241379310344827,521.0616804597702,0.30518195402298853,8.975788505747126,0.3218390804597701,1.22613908045977,0.3232425287356322,6.218390804597701,0.7456647398843931,0.18075801749271136,0.0,0.24245125348189414,-0.5979258077383326,0.0,-0.9175589341117413,0.24938401149425288,401.3665114942529,0.0,87.0,-0.29010059865457005
Zicssi,jng,LFL2,2,72,0.542,Team MCES,62.8,61.6,57.4,51.4,63.7,59.9,6.3,6.2,5.7,5.1,6.4,6.0,138.02777777777777,101.47222222222223,3.5833333333333335,360.90712499999995,0.1610737361111111,5.786748611111111,0.3055555555555556,1.5675416666666666,0.40978611111111113,7.777777777777778,0.6612612612612613,0.22072072072072071,0.0,0.22132879657982926,-0.1337786087381683,-0.04097113904698959,-0.8734310547862089,0.19254444444444446,862.7998944444445,0.0,72.0,0.03317837630595222
SoHwan,top,LLA,15,51,0.588,Movistar R7,64.4,67.8,49.8,52.9,54.5,59.9,6.4,6.8,5.0,5.3,5.5,6.0,474.70588235294116,195.58823529411765,9.647058823529411,484.266868627451,0.2516038039215686,8.075584313725491,0.23529411764705882,1.177050980392157,0.23816862745098039,6.686274509803922,0.5335195530726257,0.17694805194805194,0.0,0.16461029797185595,-0.3384001358695652,0.20483398437500006,-0.9685965450226597,0.23212049019607844,679.0396666666667,0.0,51.0,-0.03736583750511325
HyBriD,bot,LJL,15,50,0.4,Crest Gaming Act,70.9,65.5,39.7,58.6,49.0,59.9,7.1,6.5,4.0,5.9,4.9,6.0,191.9,86.44,2.56,608.586714,0.33179257999999995,10.399569999999999,1.16,1.172346,0.416398,2.7,0.7665505226480837,0.16877637130801687,0.0,0.18055115616091225,-0.62920298879203,-0.8300124533001244,-1.0135475544450123,0.31179439999999997,321.912484,0.0,50.0,-0.2458901713885974
Shiganari,bot,PRM,3,41,0.756,Unicorns of Love Sexy Edition|Unicorns of Love.CIS,62.6,59.9,60.5,58.4,54.3,59.9,6.3,6.0,6.0,5.8,5.4,6.0,327.5853658536585,166.09756097560975,6.804878048780488,578.1986780487805,0.25093539024390243,9.408434146341463,0.8780487804878049,1.3871634146341463,0.3169365853658537,6.097560975609756,0.6511976047904192,0.18911917098445596,0.0,0.21200721153846153,0.05402127992489444,-0.26296093464768167,-0.6479489304636501,0.2603990243902439,385.32341707317073,0.0,41.0,-0.5064861128054979
Coldraa,bot,PRMP,3,23,0.739,Hertha BSC eSport,74.1,48.7,63.2,53.1,53.5,59.9,7.4,4.9,6.3,5.3,5.3,6.0,711.3913043478261,379.9130434782609,4.217391304347826,625.5215869565217,0.2538494347826087,8.288495652173912,1.608695652173913,0.9720695652173914,0.23236521739130436,4.217391304347826,0.6869158878504673,0.19444444444444445,0.0,0.2781475318912923,0.0,-0.668939393939394,-0.6769226605291957,0.2602679565217391,239.8533913043478,0.0,23.0,0.24019607843137247
Taxer,jng,NLC,2,63,0.508,Astralis Talent,47.3,62.5,70.5,62.1,67.7,59.8,4.7,6.2,7.0,6.2,6.8,6.0,43.41269841269841,-158.73015873015873,-6.698412698412699,325.677626984127,0.14333457142857142,4.9308539682539685,0.12698412698412698,1.4074777777777776,0.36466984126984126,11.984126984126984,0.6695485110470701,0.17647058823529413,0.0,0.29270785747056577,0.5171294946704014,-0.25474340612682034,-0.8422145521777304,0.1719345873015873,837.1608126984128,0.0,63.0,0.45476295532747985
Adept,sup,PRM,3,49,0.306,WAVE Esports,71.7,49.5,49.8,59.9,65.9,59.8,7.2,5.0,5.0,6.0,6.6,6.0,170.81632653061226,87.89795918367346,10.020408163265307,196.82435102040816,0.09224282448979591,1.3029755102040816,0.12244897959183673,2.1796571428571427,0.27261632653061224,10.63265306122449,0.7106824925816023,0.23067173637515842,0.0,0.18259858460518166,0.0,0.9433359796594282,-1.1890110586790905,0.10294914285714286,550.7022795918367,0.0,49.0,0.747172543024804
Gumayusi,bot,LCK,1,144,0.743,T1,62.6,53.8,61.8,52.8,72.7,59.8,6.3,5.4,6.2,5.3,7.3,6.0,405.1666666666667,51.94444444444444,7.201388888888889,541.1114465277777,0.2549449861111111,9.666578472222222,0.9166666666666666,1.4106131944444444,0.40777986111111114,6.361111111111111,0.6689059500959693,0.17391304347826086,0.0,0.21243690698711443,-0.06349796493425168,-0.023425270037570393,-0.7137742382632012,0.2683108888888889,248.78656041666667,0.0,144.0,-0.03750519462529445
FATE,mid,LCK,1,92,0.391,DN SOOPers,49.0,68.0,65.8,63.4,56.6,59.8,4.9,6.8,6.6,6.3,5.7,6.0,-31.130434782608695,-62.16304347826087,0.8369565217391305,460.42490217391304,0.2605762152173913,8.698782608695652,0.29347826086956524,1.2647608695652175,0.2893902173913043,8.315217391304348,0.7178423236514523,0.14789422135161606,0.0,0.2649323517707919,-0.04740560117617535,0.28769677627568396,-0.8103138063080213,0.24280189130434782,309.85161739130433,0.0,92.0,-0.21412635039924838
Kamyta,sup,LPLOL,3,35,0.457,OFFSET Esports,46.3,65.7,64.0,66.7,65.6,59.8,4.6,6.6,6.4,6.7,6.6,6.0,6.314285714285714,-160.0857142857143,-3.5428571428571427,162.86648285714287,0.07625612285714285,0.7891771428571429,0.0,2.4479085714285715,0.2910285714285714,16.514285714285716,0.7251461988304093,0.16758747697974216,0.0,0.367254725503288,-0.8363058712881508,0.0,-0.8029723361395238,0.08646348285714285,337.2681457142857,0.0,35.0,0.6557590899352422
SyaL,top,LHE,2,44,0.545,Dark Horse|Rebirth eSports,62.0,63.2,56.1,59.4,52.0,59.8,6.2,6.3,5.6,5.9,5.2,6.0,243.79545454545453,48.15909090909091,0.11363636363636363,485.6779590909091,0.24799848409090908,7.622618181818182,0.4772727272727273,0.9951636363636364,0.15167954545454546,6.0,0.5697674418604651,0.17134416543574593,0.0,0.21532804011700796,0.0,0.028911564625850466,-0.981977806119451,0.23726594090909092,536.8017022727273,0.0,44.0,0.1440291704649042
Kunou,sup,GL,3,28,0.571,King of Goats|Vandals Esports,69.2,58.2,62.4,52.2,46.8,59.8,6.9,5.8,6.2,5.2,4.7,6.0,50.535714285714285,21.357142857142858,-0.35714285714285715,206.95099642857144,0.09820911428571429,1.2846785714285713,0.14285714285714285,2.3958285714285714,0.3767392857142857,9.428571428571429,0.6903765690376569,0.2181372549019608,0.0,0.27848304676201185,0.0,0.0,-0.8752386293566708,0.11025120714285715,488.3292107142857,0.0,28.0,-0.3070691158682382
Blacky,mid,CBLOLA,3,39,0.564,Flamengo Academy|LØS Academy|paiN Gaming Academy,52.7,65.1,70.1,63.6,47.5,59.8,5.3,6.5,7.0,6.4,4.8,6.0,51.76923076923077,41.87179487179487,2.871794871794872,534.3187461538462,0.2507518717948718,7.963271794871796,0.358974358974359,1.1192333333333333,0.2359153846153846,6.0,0.6904761904761905,0.19310344827586207,0.0,0.3215077605321508,0.45277002789956156,0.7487046632124352,-0.9085125516003326,0.22010133333333334,383.93287692307695,0.0,39.0,-0.4091266204006808
Feng,jng,VL,3,60,0.517,Pirate Dream,68.1,56.2,51.5,53.6,66.4,59.8,6.8,5.6,5.2,5.4,6.6,6.0,169.11666666666667,89.58333333333333,5.783333333333333,415.433745,0.19758784333333335,6.169449999999999,0.4,1.2877983333333334,0.29541500000000004,10.233333333333333,0.7134020618556701,0.2115171650055371,0.0,0.18976844841429574,-0.048023227424083104,-0.1651212308537674,-0.9473302217204699,0.21102975,764.9388133333334,0.0,60.0,0.0692380222359398
Naz,jng,LMF,2,50,0.48,9z Team|Undead Gaming,65.1,66.8,50.5,56.1,48.6,59.8,6.5,6.7,5.0,5.6,4.9,6.0,69.84,115.3,2.02,372.73573400000004,0.182174916,5.698862,0.38,1.5429320000000002,0.42151200000000005,10.02,0.6912378303198887,0.20845481049562684,0.0,0.21856170279364584,-0.48870372162732106,0.0,-0.9458534832918262,0.19066065999999998,633.8331880000001,0.0,50.0,-0.3029021315800494
Qats,mid,CBLOLA,3,40,0.85,paiN Gaming Academy,58.6,58.8,59.4,60.3,64.6,59.8,5.9,5.9,5.9,6.0,6.5,6.0,114.025,158.325,0.625,541.8544549999999,0.23906762499999998,7.73888,0.75,1.14015,0.19979750000000002,5.725,0.6447761194029851,0.18895966029723993,0.0,0.2418333229497643,0.1308458982877587,-0.5141196013289037,-0.7449806878457553,0.210718725,382.09124,0.0,40.0,0.4698937426210155
Marble,bot,LJL,15,57,0.526,Fukuoka SoftBank HAWKS gaming,49.2,68.5,58.1,59.6,69.9,59.8,4.9,6.8,5.8,6.0,7.0,6.0,-74.50877192982456,-18.80701754385965,-3.6666666666666665,499.31023157894737,0.26205340350877193,9.329922807017544,0.8596491228070176,1.3859245614035087,0.38295614035087716,6.4035087719298245,0.7373887240356083,0.15555555555555556,0.0,0.1923500881834215,-0.011670480549199044,-0.1670480549199084,-0.7982728339683852,0.2648008947368421,214.24930350877193,0.0,57.0,0.5465270664997534
Airren,bot,PGC,2,71,0.479,CLG Faith|Grand View University|Saint Louis University,61.3,54.8,66.4,55.9,62.4,59.7,6.1,5.5,6.6,5.6,6.2,6.0,74.70422535211267,-27.04225352112676,-1.1690140845070423,618.6416619718309,0.2603304366197183,8.33218309859155,1.323943661971831,1.2068422535211267,0.2570098591549296,4.605633802816901,0.6443298969072165,0.15752895752895754,0.0,0.30682709913680356,-0.09764773965141613,0.0,-0.8008702745472507,0.263432676056338,278.27950704225356,0.0,71.0,-0.0855309891671106
svns,bot,UL,2,66,0.606,Illuminar Gaming|Komil & Friends,60.9,53.4,66.9,55.9,65.6,59.7,6.1,5.3,6.7,5.6,6.6,6.0,115.84848484848484,253.86363636363637,-1.9696969696969697,578.2574454545454,0.25117701515151514,8.363384848484849,0.9545454545454546,1.174959090909091,0.2879,4.878787878787879,0.646797153024911,0.16983240223463686,0.0,0.29465679951116847,-0.0021845357861454105,0.0017246335153779761,-0.7836992683484376,0.2536595606060606,250.84266363636362,0.0,66.0,0.24831376467649258
Sanity,sup,GLL,3,66,0.561,Team Phantasma,56.5,54.9,67.2,58.0,70.4,59.7,5.7,5.5,6.7,5.8,7.0,6.0,147.33333333333334,133.8181818181818,-0.5151515151515151,170.92803939393937,0.07714031060606061,1.016171212121212,0.0,2.4158303030303028,0.27147424242424245,12.530303030303031,0.7142857142857143,0.2245762711864407,0.0,0.2516051137227959,0.32680257728085543,1.189053859126941,-0.9473713838725386,0.09501938636363637,393.1101303030303,0.0,66.0,0.007097815791618978
denyk,sup,HM,3,58,0.655,Entropiq,61.6,58.3,55.5,56.3,68.3,59.7,6.2,5.8,5.5,5.6,6.8,6.0,251.6206896551724,158.22413793103448,1.2758620689655173,168.17133965517243,0.07775828620689654,1.0930551724137931,0.034482758620689655,2.4549241379310347,0.3080051724137931,12.775862068965518,0.7241003271537623,0.22575516693163752,0.0,0.18028430781595337,0.007095383795038606,-0.23575527511870598,-0.7863249137000283,0.09923260344827586,372.3607051724138,0.0,58.0,-0.13071368540212341
JayJ,sup,LCSA,2,95,0.558,Dignitas Academy,60.3,54.8,55.8,62.4,70.6,59.7,6.0,5.5,5.6,6.2,7.1,6.0,52.65263157894737,17.28421052631579,4.189473684210526,181.95978000000002,0.08533942631578947,1.1419652631578947,0.031578947368421054,2.2809736842105264,0.2786726315789474,11.610526315789473,0.7403708987161198,0.22153846153846155,0.0,0.23612857614760113,0.31435898036530097,-1.0,-0.8924656359985783,0.09865918210526316,460.2776178947368,0.0,95.0,0.17956979458335173
Jean,jng,EL,3,22,0.682,Janus Esports,66.0,61.8,52.5,61.9,46.2,59.7,6.6,6.2,5.2,6.2,4.6,6.0,261.8181818181818,169.54545454545453,7.909090909090909,365.2996409090909,0.18706360454545454,6.473813636363636,0.36363636363636365,1.169459090909091,0.29516363636363635,7.454545454545454,0.7553516819571865,0.18831168831168832,0.0,0.1487590663998266,0.0,0.15644555694618287,-0.8255644029819602,0.219459,805.7206181818182,0.0,22.0,-0.17857142857142863
Tsun Tsun,jng,SL (LATAM),3,49,0.592,Cienciano Esports|Diamond Doves|Spectacled Bears,65.0,60.7,56.8,50.5,60.5,59.7,6.5,6.1,5.7,5.0,6.0,6.0,357.7551020408163,189.26530612244898,6.510204081632653,379.45992040816327,0.18260445306122447,6.0716,0.1836734693877551,1.5382265306122447,0.44277142857142854,5.36734693877551,0.6721518987341772,0.2402315484804631,0.0,0.2195854051321837,-0.12679842843182246,0.5315211104684786,-0.9764377230186806,0.19508581632653063,846.6130897959184,0.0,49.0,0.09219850726725154
Yaharong,mid,LJL,15,77,0.753,DetonatioN FocusMe,69.7,43.3,73.3,46.0,70.1,59.7,7.0,4.3,7.3,4.6,7.0,6.0,520.8571428571429,223.57142857142858,9.0,548.1534376623378,0.24755790909090908,9.213868831168831,0.5454545454545454,0.8807376623376624,0.16588311688311688,4.0519480519480515,0.6029411764705882,0.15208613728129206,0.0,0.26910494854744665,0.3167369901547116,0.0028129395218002787,-0.6086211832586105,0.23895984415584415,304.6746194805195,0.0,77.0,-0.06614602582849904
Duro,sup,LCKC,2,36,0.444,Liiv SANDBOX Youth,42.8,74.0,69.4,65.6,50.0,59.7,4.3,7.4,6.9,6.6,5.0,6.0,-65.55555555555556,-319.72222222222223,-4.861111111111111,149.55807222222222,0.07059288333333333,0.9353277777777778,0.05555555555555555,3.106711111111111,0.4149888888888889,16.055555555555557,0.716024340770791,0.19094488188976377,0.0,0.35293183322303107,0.0,0.0,-0.8809963785333202,0.086196325,341.39186388888885,0.0,36.0,0.009597637504614273
Ninten,sup,NEXO,3,27,0.852,Ramboot Club,69.0,47.8,75.5,45.3,60.6,59.7,6.9,4.8,7.5,4.5,6.1,6.0,238.1851851851852,283.6666666666667,4.296296296296297,195.5873222222222,0.0870099074074074,1.3086296296296296,0.037037037037037035,2.1751666666666667,0.28174814814814814,11.592592592592593,0.666015625,0.21212121212121213,0.0,0.41157577346617724,0.16252766166707636,-0.06024096385542173,-0.6716395904968179,0.10296422962962962,306.9548148148148,0.0,27.0,0.38584932372095065
Coow,jng,LHE,2,29,0.552,Newstar|Santiago Wanderers eSports,66.0,63.8,61.2,52.2,43.4,59.7,6.6,6.4,6.1,5.2,4.3,6.0,286.7241379310345,337.1034482758621,10.89655172413793,308.45342068965516,0.14628175862068965,6.430296551724138,0.3103448275862069,1.3758655172413794,0.40141379310344827,8.620689655172415,0.639269406392694,0.14609571788413098,0.0,0.26465812547795387,-0.455067069861208,0.0,-0.7456173278738083,0.1989603448275862,657.8984172413793,0.0,29.0,-0.4555693581780538
EpicReaper,sup,DDH,3,27,0.667,Atheris Esports,54.5,69.5,57.5,62.6,50.6,59.7,5.5,7.0,5.8,6.3,5.1,6.0,68.92592592592592,13.88888888888889,0.2222222222222222,178.1715851851852,0.07957483333333333,1.0145703703703703,0.0,2.709237037037037,0.3677259259259259,17.296296296296298,0.7626728110599078,0.21875,0.0,0.25978924679679083,0.0,0.0,-0.9850411084285482,0.09504867777777778,334.14466296296297,0.0,27.0,0.21484924469451408
Zven,sup,LCS,1,38,0.632,Cloud9,64.6,62.7,51.1,65.0,45.2,59.7,6.5,6.3,5.1,6.5,4.5,6.0,50.55263157894737,182.8421052631579,0.15789473684210525,179.77684210526317,0.08484988947368421,1.0620789473684211,0.0,2.6693105263157895,0.3683815789473684,8.052631578947368,0.7470355731225297,0.23148148148148148,0.0,0.10283269380963703,0.4229867119337058,0.36611543094951254,-0.9979896063089437,0.09196011315789474,314.2971736842105,0.0,38.0,0.17046958959582584
FGG,sup,NLC,2,75,0.613,Dusty|JD|XL,67.8,52.0,59.3,57.9,58.3,59.6,6.8,5.2,5.9,5.8,5.8,6.0,232.4,102.09333333333333,-4.4,221.933664,0.09560052,0.9664053333333333,0.013333333333333334,2.3054840000000003,0.25682933333333335,11.173333333333334,0.7083333333333334,0.21224489795918366,0.0,0.28085157840452885,-0.18503347353796595,-0.48156856159207323,-0.848948590541909,0.09801209333333334,367.0342533333333,0.0,75.0,-0.3038897282711651
Tempos,sup,PGC,2,29,0.448,Illinois State University,66.7,52.1,68.6,60.7,45.0,59.6,6.7,5.2,6.9,6.1,4.5,6.0,-106.62068965517241,132.24137931034483,-5.655172413793103,220.68067586206897,0.0948803,0.7437344827586208,0.10344827586206896,1.970196551724138,0.19633793103448277,8.413793103448276,0.7061310782241015,0.1449016100178891,0.0,0.3506049002923594,0.0483154513770245,0.0,-0.9309128835552061,0.10279612068965517,271.14507586206895,0.0,29.0,-0.09502081332052503
Baekho,jng,PGC,2,73,0.534,CLG Faith|Supernova|Zenigma,69.1,48.7,67.6,47.9,64.6,59.6,6.9,4.9,6.8,4.8,6.5,6.0,327.3150684931507,134.95890410958904,3.1780821917808217,384.5868890410959,0.16686178493150686,5.978494520547945,0.4383561643835616,1.3325876712328766,0.2714150684931507,9.863013698630137,0.6290560471976401,0.18727598566308243,0.0,0.25319764631516317,0.2628378764885409,0.0,-0.7901719899847269,0.19531731506849315,744.9621849315068,0.0,73.0,-0.03584898300362217
Comp,bot,LEC,1,73,0.603,Rogue,63.7,59.2,61.2,55.4,53.3,59.6,6.4,5.9,6.1,5.5,5.3,6.0,202.75342465753425,63.36986301369863,2.8219178082191783,593.8317684931507,0.2712756164383562,9.806358904109588,0.8904109589041096,1.3069671232876714,0.35614520547945205,4.397260273972603,0.6839530332681018,0.15328467153284672,4.5,0.1849172564922798,0.01628936628936615,0.8011088011088009,-0.809559944123357,0.2820032465753425,308.6640410958904,0.0,73.0,-0.054938650625982126
Hans Sama,bot,LCS,1,79,0.646,Team Liquid,71.4,47.8,59.6,57.9,57.9,59.6,7.1,4.8,6.0,5.8,5.8,6.0,514.2405063291139,375.4810126582278,14.151898734177216,552.7667607594936,0.2735882151898734,9.614791139240506,0.5443037974683544,1.2099392405063292,0.34316075949367086,5.151898734177215,0.6938388625592417,0.18250950570342206,0.0,0.19080319485856415,0.10040990084403748,-0.03262347077480732,-0.7731801070306225,0.26460291139240505,249.75739873417723,0.0,79.0,0.004518052335210236
Poome,sup,LCS,1,57,0.474,Counter Logic Gaming,57.9,57.6,68.9,65.4,48.4,59.6,5.8,5.8,6.9,6.5,4.8,6.0,-15.947368421052632,64.75438596491227,-3.3508771929824563,171.81969473684208,0.08435848245614035,0.9989385964912281,0.017543859649122806,2.4174140350877193,0.3076526315789474,14.473684210526315,0.7309417040358744,0.18693982074263765,0.0,0.24337571602152402,0.25039514840942356,0.8060130958190986,-0.9760310949834946,0.09431528596491227,333.7856473684211,0.0,57.0,0.07468630259557138
Arrow,bot,LCSA,2,89,0.438,Immortals|Immortals Academy,50.9,61.1,63.6,63.1,68.0,59.6,5.1,6.1,6.4,6.3,6.8,6.0,-47.95505617977528,-42.651685393258425,-3.5168539325842696,564.3464865168539,0.25957580898876403,8.076601123595506,0.6966292134831461,1.2584370786516854,0.32070337078651684,5.584269662921348,0.68671875,0.17119764878765614,0.0,0.2539932076146215,0.7992880149177827,-0.7665706051873199,-0.8937097388792382,0.2510239213483146,314.4167404494382,0.0,89.0,0.06689850713536033
Vares,mid,DDH,3,61,0.459,Zylant Esports,60.1,67.1,50.4,51.9,65.0,59.6,6.0,6.7,5.0,5.2,6.5,6.0,208.0,178.9016393442623,6.19672131147541,521.2188426229508,0.2554101639344262,8.187962295081968,0.5409836065573771,1.2485704918032787,0.2619459016393443,6.655737704918033,0.6458112407211029,0.18566775244299674,0.0,0.23331386501702486,0.0,-0.5295266987171247,-0.9445620277872063,0.23833924590163932,329.5322737704918,0.0,61.0,0.008644605759231554
Xiamu,sup,LDL,2,116,0.707,EDG Youth Team|EDward Gaming,54.6,64.3,56.2,52.4,76.2,59.6,5.5,6.4,5.6,5.2,7.6,6.0,0.0,0.0,0.0,187.71132672413793,0.08308715431034483,1.1690474137931035,0.0,2.5236862068965515,0.3067862068965517,8.689655172413794,0.6985334057577404,0.2,0.05172413793103448,0.21004176471490862,-0.19692773991468276,-0.16640074895671272,-0.8233580021733057,0.09594925258620689,0.0,0.0,116.0,0.3104714568983511
Indr4,jng,NEXO,3,30,0.667,QLASH Spain|Ramboot Club,76.7,54.8,56.9,46.6,48.2,59.6,7.7,5.5,5.7,4.7,4.8,6.0,689.4,718.0333333333333,16.966666666666665,401.36430666666666,0.18986276666666668,7.3342,0.4,1.35029,0.34674666666666665,7.266666666666667,0.6527196652719666,0.20365535248041775,0.0,0.20374707259953162,-0.3318726640030931,0.0439489624951669,-0.7739249242691777,0.22020673333333332,847.0202766666666,0.0,30.0,-0.49963762864183214
Pancake,jng,LMF,2,33,0.879,Leviatan,53.1,74.7,58.7,59.0,45.4,59.6,5.3,7.5,5.9,5.9,4.5,6.0,42.36363636363637,130.27272727272728,2.787878787878788,295.8463818181818,0.1317339696969697,5.5324060606060605,0.24242424242424243,1.8366454545454545,0.5309575757575757,11.212121212121213,0.6496212121212122,0.17785234899328858,0.0,0.28441512125534946,-0.6427685950413223,-0.7512396694214876,-0.6175728137813566,0.167537,758.5552242424243,0.0,33.0,-0.5698823529411764
Robertoos,sup,UL,2,36,0.389,devils.one inStreamly,53.3,66.2,54.6,69.6,54.0,59.6,5.3,6.6,5.5,7.0,5.4,6.0,-53.19444444444444,-49.30555555555556,-6.25,185.97492777777776,0.09875887222222222,0.8419305555555555,0.0,2.514327777777778,0.26340277777777776,13.36111111111111,0.7692307692307693,0.18181818181818182,0.0,0.2109090909090909,0.0,0.013948497854077204,-0.9979504399266589,0.08861412222222223,242.54793055555558,0.0,36.0,0.3878939923670232
Jensen,mid,LCS,1,41,0.585,Cloud9,61.8,53.7,69.1,64.0,48.7,59.6,6.2,5.4,6.9,6.4,4.9,6.0,7.487804878048781,215.90243902439025,-0.5853658536585366,535.8244048780488,0.25363568292682925,8.537656097560976,0.43902439024390244,1.0490951219512195,0.21259024390243905,4.512195121951219,0.7175572519083969,0.17372881355932204,0.0,0.24551470588235297,0.3232085791543757,0.38274336283185856,-0.8392845549672766,0.23152112195121952,332.8988073170732,0.0,41.0,0.020933469913061706
Liweier,jng,LDL,2,24,0.625,Invictus Gaming Young,50.1,75.1,62.8,59.9,44.7,59.6,5.0,7.5,6.3,6.0,4.5,6.0,0.0,0.0,0.0,340.46835416666664,0.14368284583333332,5.7625166666666665,0.0,1.4006708333333335,0.422425,5.25,0.7234513274336283,0.17210682492581603,14.875,0.2140129341584434,0.0,0.0,-0.7300721789140863,0.18896479166666666,0.0,0.0,24.0,-0.28392471067022773
Pigeonx,sup,GLLPA,3,20,0.65,Harmony|Pentagon Maze,63.2,61.6,63.8,54.2,47.6,59.6,6.3,6.2,6.4,5.4,4.8,6.0,177.65,-109.0,1.75,216.863445,0.09420003,1.0066599999999999,0.0,2.79832,0.369255,12.75,0.6989528795811518,0.24512534818941503,0.0,0.2520045392815285,0.0,-0.14115353743836706,-0.727834546103001,0.09856219499999999,446.756485,0.0,20.0,-0.15934993668214456
Ming,sup,LPL,1,156,0.667,Royal Never Give Up,69.5,53.9,46.2,51.8,74.6,59.5,7.0,5.4,4.6,5.2,7.5,6.0,297.3695652173913,180.69565217391303,-3.891304347826087,157.45829166666667,0.07588735576923077,1.166072435897436,0.03205128205128205,2.7521852564102565,0.34665576923076924,15.205128205128204,0.6908569085690857,0.2310712282669658,0.02727272727272727,0.18244632828284138,-0.3456540290660526,-0.24421837441353456,-0.9420149258816165,0.09632720448717949,429.4067608695652,0.0,156.0,0.30409965233112946
Souli,jng,UL,2,34,0.559,Iron Wolves,73.2,59.6,50.3,57.1,40.3,59.5,7.3,6.0,5.0,5.7,4.0,6.0,155.91176470588235,365.5,14.529411764705882,414.2579676470588,0.18734950294117647,6.162735294117647,0.29411764705882354,1.2690264705882353,0.35963235294117646,6.794117647058823,0.6803921568627451,0.17926186291739896,0.0,0.29279564224213667,-0.4849330357142857,-0.7098214285714286,-1.0217490347740739,0.2000225,847.1113588235294,0.0,34.0,-0.4452802556250832
Tinelli,sup,PGN,3,26,0.5,Axolotl,70.3,51.9,60.7,54.5,54.1,59.5,7.0,5.2,6.1,5.5,5.4,6.0,281.2307692307692,196.73076923076923,12.538461538461538,163.57878076923078,0.07992643461538461,1.773923076923077,0.11538461538461539,2.1247269230769232,0.2310423076923077,14.884615384615385,0.655440414507772,0.15384615384615385,0.0,0.25012071463061325,0.0,0.0,-0.8557962772632048,0.09994715,377.8767076923077,0.0,26.0,0.28306878306878314
Focus,bot,TCL,15,50,0.54,Galatasaray Esports|SuperMassive Blaze,62.4,57.7,68.3,50.8,55.7,59.5,6.2,5.8,6.8,5.1,5.6,6.0,208.14,93.44,-0.66,549.673056,0.2809397,9.514453999999999,1.1,1.2841259999999999,0.364824,4.38,0.6764252696456087,0.16897081413210446,0.0,0.2520936218698988,0.04868316041500413,0.8695412699661658,-0.9362091880824682,0.28321296,271.40063000000004,0.0,50.0,0.019869044931135765
Parang,top,CBLOL,15,53,0.604,KaBuM! Esports,76.9,53.1,46.2,48.9,61.6,59.5,7.7,5.3,4.6,4.9,6.2,6.0,531.0188679245283,372.24528301886795,10.773584905660377,627.480303773585,0.28186624528301885,7.8909320754716985,0.6415094339622641,1.0291547169811321,0.16884716981132075,4.7924528301886795,0.6006674082313682,0.2453083109919571,0.0,0.16118561372786044,-0.3393760410032425,-0.642286715294083,-0.9098474635219506,0.23468081132075472,567.9586792452831,0.0,53.0,0.3092201836211788
Damage,sup,CBLOL,15,61,0.59,paiN Gaming,58.9,62.0,57.9,57.7,60.1,59.5,5.9,6.2,5.8,5.8,6.0,6.0,198.65573770491804,194.55737704918033,6.426229508196721,140.47922295081966,0.06839420491803277,1.3547803278688524,0.01639344262295082,2.738063934426229,0.43396393442622955,16.885245901639344,0.6836403033586133,0.23954372623574144,0.0,0.24244851403586593,-0.17863214376969608,-0.10861815128913344,-0.9943333862033671,0.09075604754098361,500.3335655737705,0.0,61.0,0.2758423479879775
Zeussak,sup,HC,3,37,0.514,FLY5|Inaequalis,73.0,50.0,60.3,52.8,54.0,59.5,7.3,5.0,6.0,5.3,5.4,6.0,374.4594594594595,309.2162162162162,8.35135135135135,184.98961351351352,0.0873597,1.456827027027027,0.08108108108108109,2.0220513513513514,0.2646216216216216,5.054054054054054,0.7174603174603175,0.21178637200736647,0.0,0.30869740149686314,0.0,-0.5087423944143885,-0.934325712234879,0.10788454324324324,375.2183108108108,0.0,37.0,-0.06496246231841141
DICE,mid,LJL,15,53,0.415,Burning Core Toyama,70.6,65.5,43.3,53.9,48.1,59.5,7.1,6.5,4.3,5.4,4.8,6.0,234.20754716981133,381.5660377358491,7.3584905660377355,544.7458603773584,0.2820241037735849,9.037992452830188,0.5471698113207547,1.1990509433962264,0.30582830188679244,6.490566037735849,0.6523887973640856,0.15517241379310345,0.0,0.16853862805635406,-0.388657751942527,-0.22843882944437285,-0.9925575057636604,0.254501320754717,425.0724943396226,0.0,53.0,-0.3300811646392954
Color,top,LVP SL,2,51,0.51,G2 Arctic|G2 Esports Academy,60.7,66.9,44.2,63.9,53.8,59.4,6.1,6.7,4.4,6.4,5.4,5.9,199.15686274509804,134.2549019607843,2.3333333333333335,524.3560392156862,0.22429207843137255,8.01694705882353,0.27450980392156865,1.0296372549019608,0.1924764705882353,3.392156862745098,0.5588235294117647,0.16775884665792923,0.0,0.1844897959183673,-0.3149847094801224,-0.823394495412844,-0.9738868928166144,0.2246966862745098,854.3848235294117,0.0,51.0,0.08428805237315865
LeQu,top,UL,2,45,0.378,Forsaken|Illuminar Gaming,63.5,57.9,56.5,62.3,52.2,59.4,6.3,5.8,5.7,6.2,5.2,5.9,252.62222222222223,61.28888888888889,2.977777777777778,501.9653088888889,0.2481306222222222,7.767266666666666,0.4222222222222222,1.0015200000000002,0.1268911111111111,5.377777777777778,0.6201298701298701,0.22861356932153393,0.0,0.23498247110731946,0.0,0.0,-1.032182472063838,0.23615675555555554,834.2921266666667,0.0,45.0,0.2103386265963611
Vzz,bot,UL,2,73,0.534,Zero Tenacity,61.6,58.0,52.5,61.9,63.1,59.4,6.2,5.8,5.2,6.2,6.3,5.9,70.94520547945206,-117.26027397260275,-0.4383561643835616,626.2974205479452,0.290245397260274,8.548879452054795,0.958904109589041,1.1213013698630137,0.2968767123287671,3.958904109589041,0.7236227824463118,0.18389662027833,0.0,0.2358203851255645,-0.1786431032347495,-0.4655404205666742,-0.8902786047062626,0.26563224657534246,259.78660684931504,0.0,73.0,0.0685459566538231
Cuzz,jng,LCK,1,95,0.495,KT Rolster,57.4,62.3,59.0,58.3,60.0,59.4,5.7,6.2,5.9,5.8,6.0,5.9,70.83157894736843,100.90526315789474,3.694736842105263,267.08181368421054,0.13861467263157895,5.6674463157894746,0.14736842105263157,1.6823578947368423,0.4760621052631579,11.452631578947368,0.6829896907216495,0.20204841713221602,0.0,0.26479664499852495,-0.3019947996466555,-0.49693318893452654,-0.890755032515447,0.16892362105263156,765.6940178947368,0.0,95.0,-0.005863453426412817
Eren,mid,HM,3,58,0.655,Entropiq,69.2,51.4,56.1,54.7,62.9,59.4,6.9,5.1,5.6,5.5,6.3,5.9,357.86206896551727,231.18965517241378,8.0,613.8096827586207,0.2845797413793103,8.326375862068966,0.39655172413793105,1.0069103448275862,0.17455,5.241379310344827,0.6553980370774264,0.20508744038155802,0.0,0.22444306339038153,-0.0010993389210246602,-0.28293589894935656,-0.7942758848559336,0.2267411724137931,348.8994706896552,0.0,58.0,-0.2974959965060417
GOLDENTO4ST,bot,EBL,3,66,0.636,Anorthosis Famagusta Esports|Crvena zvezda Esports,47.2,61.4,72.0,59.5,69.0,59.4,4.7,6.1,7.2,6.0,6.9,5.9,-157.1969696969697,-92.96969696969697,-4.136363636363637,537.5665318181818,0.2420674090909091,8.64686515151515,0.803030303030303,1.1364651515151514,0.27319696969696966,5.818181818181818,0.6829501915708812,0.15243243243243243,0.0,0.28214222536706174,0.19709474314260383,1.3463056965595033,-0.7642109066393182,0.25036762121212125,235.94411818181817,0.0,66.0,-0.20464946667882222
Envy,mid,CBLOL,15,57,0.596,FURIA,61.8,59.8,57.6,56.3,59.0,59.4,6.2,6.0,5.8,5.6,5.9,5.9,240.49122807017545,113.45614035087719,5.0,509.5108315789474,0.2608223157894737,8.114431578947368,0.40350877192982454,1.2190666666666667,0.2554789473684211,6.298245614035087,0.6699386503067485,0.18791064388961892,0.0,0.2338148019648303,-0.2524762271775697,-0.33071563225813166,-0.7763593583382713,0.22213933333333333,332.30368421052634,0.0,57.0,-0.0805007843981668
Flare,bot,CBLOL,15,36,0.306,Flamengo MDL|LØS,52.7,63.9,66.3,67.2,46.4,59.4,5.3,6.4,6.6,6.7,4.6,5.9,94.02777777777777,47.583333333333336,3.361111111111111,495.3011833333333,0.2768525833333333,8.663108333333334,0.5555555555555556,1.1906,0.3537777777777778,7.0,0.7427184466019418,0.15327102803738318,0.0,0.27748189415041785,0.0,0.0,-0.907666911079155,0.2599970833333333,288.2692888888889,0.0,36.0,-0.20429447852760738
Peep,bot,LHE,2,36,0.389,Maycam Evolve|Newstar|Rebirth eSports,61.8,56.7,63.0,62.0,51.3,59.4,6.2,5.7,6.3,6.2,5.1,5.9,186.16666666666666,146.41666666666666,-1.6111111111111112,539.0001277777778,0.29992786111111114,8.397822222222223,0.6666666666666666,1.0472722222222222,0.23254444444444447,4.277777777777778,0.661504424778761,0.12786259541984732,0.0,0.2647817082963526,0.0,0.0,-0.8340594934584624,0.26497491666666667,285.4219111111111,0.0,36.0,0.08273504273504266
Elicit,mid,CBLOLA,3,22,0.545,FURIA Youth,60.8,72.1,40.4,62.5,49.3,59.4,6.1,7.2,4.0,6.2,4.9,5.9,333.27272727272725,329.90909090909093,7.136363636363637,511.9340363636364,0.2519269090909091,7.654827272727274,0.3181818181818182,1.3683136363636363,0.2550090909090909,5.5,0.692722371967655,0.189873417721519,0.0,0.1503831988088708,-0.5396165006064141,-0.5357477317039471,-0.8889466120339972,0.22223199999999999,353.9121181818182,0.0,22.0,0.36381893004115223
Kurckoo,mid,SL (LATAM),3,41,0.512,Diamond Doves|Spectacled Bears,68.6,55.6,57.1,58.4,49.4,59.4,6.9,5.6,5.7,5.8,4.9,5.9,287.3170731707317,211.90243902439025,3.926829268292683,599.466619512195,0.29665265853658535,7.751875609756098,0.5121951219512195,1.0438560975609756,0.21053658536585365,5.926829268292683,0.6720257234726688,0.21711568938193343,0.0,0.258070987654321,0.02365252419107671,0.0,-0.9081941487300472,0.235018,465.23752926829275,0.0,41.0,-0.3531047143583546
xiaocaobao,mid,LDL,2,93,0.634,Ultra Prime Academy|Young Miracles,55.9,76.1,50.9,41.4,67.3,59.4,5.6,7.6,5.1,4.1,6.7,5.9,0.0,0.0,0.0,624.9414634408603,0.2880771827956989,9.654751612903226,0.0,1.4039677419354837,0.41050860215053764,4.118279569892473,0.6398946675444371,0.21360759493670886,4.967741935483871,0.21683011295157256,-0.2976549833521719,0.06865738207149116,-0.9344139360774028,0.25348212903225803,0.0,0.0,93.0,0.016514582933611965
Hieu3,sup,VCS,15,27,0.519,CERBERUS Esports,63.6,64.4,47.4,60.5,53.0,59.4,6.4,6.4,4.7,6.0,5.3,5.9,141.40740740740742,195.40740740740742,-7.333333333333333,183.73322962962962,0.0811595037037037,1.1294074074074074,0.037037037037037035,2.393203703703704,0.2947148148148148,16.51851851851852,0.7572115384615384,0.16708229426433915,0.0,0.18558797524314763,-0.9094735357050483,0.0,-0.817252996705018,0.1052334037037037,398.2873962962963,0.0,27.0,0.5473685848557469
KINGPIN,sup,ESLOL,3,43,0.581,mCon esports,71.4,52.6,46.6,57.2,64.3,59.4,7.1,5.3,4.7,5.7,6.4,5.9,408.3953488372093,206.93023255813952,5.488372093023256,190.72471627906978,0.08378546046511628,1.2097372093023255,0.06976744186046512,2.229767441860465,0.20917906976744186,10.023255813953488,0.7312138728323699,0.20950704225352113,0.0,0.18809167912306926,-0.5197235333782873,-0.32147673634524604,-0.9138970424841639,0.1029820511627907,370.75047906976744,0.0,43.0,0.39723734349482853
Torak,mid,NEXO,3,30,0.6,seQura ZEST,74.9,55.2,52.7,50.6,50.5,59.4,7.5,5.5,5.3,5.1,5.0,5.9,372.4,115.86666666666666,7.966666666666667,665.8944833333334,0.2982508833333333,8.906213333333334,0.9333333333333333,1.1161866666666667,0.16290000000000002,4.7,0.6788793103448276,0.21108179419525067,0.0,0.18634544334975373,-0.020218287654620415,-0.5316129032258065,-0.7486104556278937,0.2673246666666667,430.3570233333333,0.0,30.0,-0.11340738827176457
Castle,top,LCKC,2,86,0.547,KT Rolster Challengers,50.7,62.7,64.1,58.8,68.0,59.3,5.1,6.3,6.4,5.9,6.8,5.9,-113.61627906976744,-72.98837209302326,-3.8372093023255816,474.2069023255814,0.2361375,7.994891860465116,0.38372093023255816,1.0702732558139534,0.2118767441860465,9.918604651162791,0.5701168614357263,0.22986247544204322,0.0,0.27303894944553947,-0.14621502507556433,-0.09788757366474717,-0.8325465063303644,0.21926702325581396,720.670038372093,0.0,86.0,0.017928374172620876
Koldo,jng,LVP SL,2,62,0.516,KOI,49.3,68.0,58.1,63.3,61.6,59.3,4.9,6.8,5.8,6.3,6.2,5.9,-43.403225806451616,86.80645161290323,1.4193548387096775,255.8665435483871,0.13040096935483872,5.6760951612903225,0.3387096774193548,1.5481983870967742,0.38901935483870964,14.14516129032258,0.7070457354758962,0.20182291666666666,0.0,0.21124141657770223,-0.0012495775449582135,0.10972269161671304,-0.9154452234179811,0.17729748387096775,730.2163612903227,0.0,62.0,0.16577318408600297
Nomanz,mid,PRM,3,49,0.51,MOUZ NXT,70.3,65.4,40.8,53.9,50.5,59.3,7.0,6.5,4.1,5.4,5.0,5.9,106.3061224489796,190.9387755102041,3.3877551020408165,617.955081632653,0.28837362857142856,8.935610204081632,0.9387755102040817,1.1389142857142858,0.23819183673469388,3.7551020408163267,0.6808219178082192,0.18892045454545456,0.0,0.21355828652302714,-0.48757813816512724,-0.7927282356622987,-1.0014823624995277,0.2579493673469388,389.64613673469387,0.0,49.0,-0.4332067153183047
Lucker,bot,UL,2,77,0.714,AGO ROGUE,62.2,44.3,77.2,57.4,63.1,59.3,6.2,4.4,7.7,5.7,6.3,5.9,46.324675324675326,-52.15584415584416,1.7402597402597402,651.7354857142857,0.26892244025974027,8.619027272727273,0.974025974025974,0.8770818181818183,0.24495064935064936,1.3766233766233766,0.6457765667574932,0.16736401673640167,0.0,0.4076009580758086,0.07645092978624851,0.41388507652070344,-0.6721308613664848,0.24789262337662338,254.82854415584418,0.0,77.0,-0.3960412044919087
Jactroll,sup,LFL,2,110,0.691,Vitality.Bee,65.0,55.8,53.4,51.1,71.7,59.3,6.5,5.6,5.3,5.1,7.2,5.9,158.9090909090909,61.27272727272727,-1.2272727272727273,200.62446181818183,0.08359830272727273,1.049960909090909,0.05454545454545454,2.73631,0.3924481818181818,12.672727272727272,0.6806893056259503,0.27010148321623734,0.0,0.228344016313671,-0.11926375964780163,-0.5212112634765951,-0.9026540009458777,0.09444722727272728,436.5908954545455,0.0,110.0,0.004541766298299108
Odoamne,top,LEC,1,73,0.603,Rogue,62.2,57.3,55.8,64.1,54.6,59.3,6.2,5.7,5.6,6.4,5.5,5.9,269.93150684931504,175.36986301369862,4.301369863013699,492.7903712328767,0.2307832876712329,8.001816438356165,0.1780821917808219,1.012754794520548,0.18747123287671233,3.219178082191781,0.586105675146771,0.20194647201946472,1.5,0.1398592970880222,0.04101807697631905,0.5859002448769169,-0.8743829184058893,0.2197468630136986,791.2749794520548,0.0,73.0,-0.07796484549367083
Danny,bot,LCS,1,102,0.627,Evil Geniuses,67.8,49.7,62.4,55.1,59.9,59.3,6.8,5.0,6.2,5.5,6.0,5.9,83.83333333333333,92.27450980392157,1.8137254901960784,615.897031372549,0.3002724705882353,9.562341176470587,1.0294117647058822,1.2539803921568629,0.3831941176470588,4.392156862745098,0.677815699658703,0.17486818980667837,0.0,0.18592305931429906,0.1608188210191348,0.3172691461378928,-0.7639825175688298,0.26709658823529414,256.67627254901964,0.0,102.0,-0.14085598734833946
Seelame,bot,LFL2,2,42,0.476,Joblife,59.8,63.4,55.3,63.0,49.9,59.3,6.0,6.3,5.5,6.3,5.0,5.9,78.9047619047619,-68.61904761904762,-0.5238095238095238,608.9296166666667,0.2896173095238095,8.78657142857143,0.6904761904761905,1.3250714285714285,0.2888880952380952,5.380952380952381,0.7014681892332789,0.16819012797074953,0.0,0.31732128588112357,-0.48578424704121886,-0.8530812134403483,-0.8280111397345058,0.2570791904761905,270.1279761904762,0.0,42.0,-0.16949541284403674
Tuercas,top,EL,3,31,0.419,Atomic México|Red Rooster Team,68.1,60.0,43.6,59.8,56.0,59.3,6.8,6.0,4.4,6.0,5.6,5.9,112.51612903225806,52.67741935483871,0.9354838709677419,559.2874,0.26480345161290325,7.593493548387097,0.7096774193548387,0.9904483870967742,0.16593870967741936,3.4838709677419355,0.5990990990990991,0.22693726937269373,0.0,0.21752006254794357,-0.7968243377086439,0.0,-1.0338323270856686,0.243321,956.6148419354838,0.0,31.0,0.65117065336827
Killerqueen,jng,VCS,15,69,0.435,Luxury Esports|Team Whales,61.1,52.4,69.1,57.1,59.9,59.3,6.1,5.2,6.9,5.7,6.0,5.9,48.289855072463766,-8.956521739130435,-1.536231884057971,352.4452739130435,0.1598744115942029,5.433273913043478,0.2898550724637681,1.4114840579710144,0.3462753623188406,11.768115942028986,0.6747891283973758,0.20593080724876442,0.0,0.3812538166019421,0.0,0.0,-0.9684538737693638,0.18119228985507246,818.1870420289855,0.0,69.0,-0.1535089629881017
can,jng,LDL,2,74,0.73,Bilibili Gaming|Bilibili Gaming Junior,49.2,66.7,70.6,51.5,63.9,59.3,4.9,6.7,7.1,5.2,6.4,5.9,0.0,0.0,0.0,322.19406216216214,0.1447212554054054,5.4347594594594595,0.0,1.445585135135135,0.3681378378378378,9.216216216216216,0.6723300970873787,0.19707207207207209,12.013513513513514,0.3312304666924184,-0.17996956702171799,0.08820952644441372,-0.7292849951633278,0.17694301351351352,0.0,0.0,74.0,-0.17920095680154904
Hanabi,top,PCS,15,85,0.659,PSG Talon,56.4,67.3,49.5,55.2,68.0,59.3,5.6,6.7,5.0,5.5,6.8,5.9,41.05882352941177,58.811764705882354,3.6588235294117646,472.4778211764706,0.24782835294117647,8.646484705882353,0.24705882352941178,1.1205470588235293,0.2406270588235294,5.976470588235294,0.5782493368700266,0.19806763285024154,0.0,0.16315700579162148,-0.25462079494029766,-0.5523144866692111,-0.8482670376292536,0.2326895882352941,663.9658647058824,0.0,85.0,-0.21747687463097817
Bong,top,TCL,15,22,0.818,NASR eSports Turkey,77.5,53.7,49.7,54.2,45.4,59.3,7.8,5.4,5.0,5.4,4.5,5.9,591.7272727272727,522.0,10.5,572.3841818181818,0.2707779090909091,9.189695454545456,0.8636363636363636,0.8978090909090909,0.196,4.818181818181818,0.5722713864306784,0.21081081081081082,0.0,0.11805503203920091,-0.4304010978015382,-0.29043140169816173,-0.6174789370299535,0.24306836363636364,760.7264954545454,0.0,22.0,-0.3186908192671881
Sacre,top,PRM,3,65,0.538,GamerLegion,58.8,67.2,47.5,53.4,66.3,59.2,5.9,6.7,4.8,5.3,6.6,5.9,73.53846153846153,136.75384615384615,6.430769230769231,534.8440815384615,0.23297147076923078,8.243812307692307,0.24615384615384617,1.1607076923076922,0.18055230769230768,5.123076923076923,0.5282651072124757,0.17204301075268819,0.0,0.1360281038776236,-0.024223497636731844,0.02126941255908182,-0.9465746261392767,0.2290787846153846,685.2226615384615,0.0,65.0,-0.20802748793719456
Candy,jng,DDH,3,32,0.688,Atheris Esports,68.5,46.7,67.4,56.3,56.1,59.2,6.8,4.7,6.7,5.6,5.6,5.9,397.1875,319.125,6.9375,352.7841375,0.173175221875,6.2127375,0.53125,1.19795,0.31355625,7.375,0.714859437751004,0.2623376623376623,0.0,0.1939484436520318,0.0,1.7526505867815427,-0.7320196096846919,0.193989625,910.629825,0.0,32.0,0.034346268159217846
Zeypher,bot,DDH,3,61,0.459,Zylant Esports,62.0,58.0,56.4,54.4,65.2,59.2,6.2,5.8,5.6,5.4,6.5,5.9,61.21311475409836,-49.75409836065574,2.1147540983606556,600.6156606557377,0.28824183606557374,8.770334426229509,0.9836065573770492,1.3181327868852457,0.2782983606557377,5.688524590163935,0.6744432661717922,0.19435396308360478,0.0,0.28169863158773706,0.0,-0.7691592422800796,-0.8861248051268625,0.2637838360655738,296.35760327868854,0.0,61.0,-0.11691997497230655
TitaN,bot,CBLOL,15,77,0.571,RED Canids,61.5,57.1,63.8,49.5,65.2,59.2,6.2,5.7,6.4,5.0,6.5,5.9,51.064935064935064,69.24675324675324,0.6103896103896104,586.8511350649351,0.28783266233766236,8.937288311688311,0.8441558441558441,1.4232597402597402,0.3881064935064935,8.441558441558442,0.673469387755102,0.1928374655647383,0.0,0.20936925730117892,0.06923205060599665,0.5079589112750491,-0.8589773296063077,0.26684162337662337,256.9860012987013,0.0,77.0,-0.1597093867736071
JoJo,sup,CBLOL,15,76,0.566,RED Canids,59.3,58.4,59.5,57.0,63.2,59.2,5.9,5.8,6.0,5.7,6.3,5.9,-115.69736842105263,-50.421052631578945,-2.460526315789474,173.8695697368421,0.08736436447368422,0.9409407894736842,0.07894736842105263,2.5467947368421053,0.33393421052631583,16.17105263157895,0.7067108533554267,0.21421975992613113,0.0,0.15928500258906092,0.2644034043835203,0.6239641485275289,-0.9881399548016859,0.09008559736842105,379.04809210526315,0.0,76.0,0.046434416889386036
Disamis,jng,CBLOL,15,44,0.523,Liberty,57.6,63.5,56.5,65.5,49.5,59.2,5.8,6.3,5.7,6.5,5.0,5.9,125.0,-111.52272727272727,0.0,288.0307431818182,0.15080138636363635,5.688986363636364,0.4318181818181818,1.3457045454545453,0.3603022727272727,10.75,0.7562604340567612,0.19320214669051877,0.0,0.18489158474517184,0.019474533302604312,-0.2615810094491818,-0.8414073332766742,0.19119636363636364,764.0335477272728,0.0,44.0,-0.2780414150129422
SCARY,jng,CBLOLA,3,36,0.389,KaBuM! Academy,45.9,66.7,68.0,66.4,54.6,59.2,4.6,6.7,6.8,6.6,5.5,5.9,7.194444444444445,102.94444444444444,0.1111111111111111,270.4703666666667,0.1444219611111111,5.653586111111111,0.2222222222222222,1.322,0.34556944444444443,9.722222222222221,0.7415966386554622,0.18480492813141683,0.0,0.3169716840536512,0.0,0.0,-0.8930739688035501,0.1895052222222222,801.3518388888889,0.0,36.0,0.033285866856532426
TheStryg,top,HC,3,25,0.56,Dark Tigers Academy,58.6,57.1,73.9,54.8,51.8,59.2,5.9,5.7,7.4,5.5,5.2,5.9,127.36,-7.04,8.92,490.33218,0.24186187199999998,7.581076,0.4,0.8643160000000001,0.143372,4.88,0.6073903002309469,0.20558375634517767,0.0,0.4184511784511784,0.12625488008923594,-0.40393195761293915,-0.8326793098067022,0.21395804,323.700412,0.0,25.0,0.25079346759766874
Marco,sup,HC,3,55,0.618,Lucent Esports|Team Sampi,69.6,53.2,50.4,54.0,64.6,59.2,7.0,5.3,5.0,5.4,6.5,5.9,76.07272727272728,231.78181818181818,-0.5272727272727272,211.93712545454545,0.10443534727272728,1.2553545454545454,0.05454545454545454,2.218272727272727,0.2798909090909091,9.50909090909091,0.711211778029445,0.21322537112010798,0.0,0.17957036040669383,-0.3302934943163574,-0.08574982507968594,-0.8668840597880736,0.10565570363636363,400.97726727272726,0.0,55.0,-0.18600333552244988
Funky,jng,LHE,2,35,0.486,Meta Gaming|Rebirth eSports,58.3,60.1,59.2,60.6,57.3,59.2,5.8,6.0,5.9,6.1,5.7,5.9,113.91428571428571,145.0,2.4857142857142858,303.3033314285714,0.15590323714285714,5.462242857142858,0.2857142857142857,1.3876171428571429,0.39854285714285714,12.114285714285714,0.7100175746924429,0.23877551020408164,0.0,0.24881128587151588,0.0,-0.3139949535260949,-0.89782493498851,0.1787443714285714,831.0510942857143,0.0,35.0,0.4565555737377042
Follow,jng,LMF,2,49,0.653,Isurus|Pampas,55.1,62.9,70.0,49.0,61.0,59.2,5.5,6.3,7.0,4.9,6.1,5.9,183.77551020408163,37.97959183673469,-2.204081632653061,309.5167204081632,0.15778770408163267,6.139559183673469,0.16326530612244897,1.6742244897959184,0.4115102040816327,11.36734693877551,0.6507537688442211,0.22242647058823528,0.0,0.2972760338870963,-0.05715454838858413,0.24962538614043975,-0.7422906132264212,0.18901012244897958,721.3852346938775,0.0,49.0,0.18025004665049457
Seiya,mid,LLA,15,60,0.517,Isurus,45.0,65.1,71.9,59.6,64.5,59.2,4.5,6.5,7.2,6.0,6.5,5.9,-258.45,-170.13333333333333,-3.716666666666667,490.05757,0.23451305,8.469201666666667,0.43333333333333335,1.1965466666666666,0.23818666666666666,5.283333333333333,0.6572481572481572,0.13279445727482678,0.0,0.2505405356789524,0.6149850812244445,0.18318782922606547,-0.820645451236971,0.23128276666666667,352.07748,0.0,60.0,0.20963675413203872
TuT,bot,LDL,2,79,0.544,Joy Dream|Weibo Gaming Youth Team,53.4,71.7,56.7,48.9,63.7,59.2,5.3,7.2,5.7,4.9,6.4,5.9,0.0,0.0,0.0,608.534964556962,0.27158935443037974,9.033307594936709,0.0,1.3740999999999999,0.44418987341772154,3.949367088607595,0.6749792186201163,0.1746431570109152,3.1012658227848102,0.3162221499850366,-0.5457018498367792,-0.6690243017772942,-0.8054315643831256,0.2712944683544304,0.0,0.0,79.0,-0.17569623255183633
Xin,sup,LDL,2,40,0.4,EDG Youth Team|LNG Academy,46.7,64.9,69.0,60.9,62.8,59.2,4.7,6.5,6.9,6.1,6.3,5.9,0.0,0.0,0.0,140.43077499999998,0.07398194999999999,0.944295,0.0,2.087115,0.3285925,14.85,0.7625,0.23195876288659795,0.1,0.33106068315186055,0.0,0.0,-0.8347037177793217,0.08878224500000001,0.0,0.0,40.0,0.5901725959845016
Callme,mid,LAS,3,34,0.529,DN SOOPers Academy,66.3,63.7,50.7,53.7,50.1,59.2,6.6,6.4,5.1,5.4,5.0,5.9,356.5882352941176,423.1470588235294,7.735294117647059,532.9970000000001,0.2615393529411765,8.803641176470588,0.47058823529411764,0.9729323529411765,0.2917911764705882,3.823529411764706,0.638095238095238,0.17025089605734767,0.0,0.1995987158908507,-0.16382352941176476,-0.07132352941176472,-0.870334847318985,0.24137235294117645,375.5967647058824,0.0,34.0,-0.08975694444444443
Nacho,jng,NEXO,3,20,0.2,Córdoba Patrimonio eSports,76.0,59.6,38.5,54.3,50.7,59.2,7.6,6.0,3.9,5.4,5.1,5.9,339.6,464.65,17.6,447.851865,0.21405985,6.2118,0.35,1.30707,0.29806499999999997,7.25,0.7094017094017094,0.19230769230769232,0.0,0.15579334787350055,0.0,-0.12996741576808093,-1.3565385660352351,0.23192724999999997,877.7885,0.0,20.0,1.4554846198491003
Myrwn,top,LVP SL,2,79,0.532,BISONS ECLUB,54.4,57.6,61.2,62.0,67.5,59.1,5.4,5.8,6.1,6.2,6.8,5.9,-125.89873417721519,-11.556962025316455,-3.481012658227848,507.5059227848102,0.2379612911392405,7.7630670886075945,0.4177215189873418,0.9720037974683545,0.1534620253164557,4.113924050632911,0.5654082528533801,0.20375586854460093,0.0,0.19878458339996802,0.13662680804735453,0.2761040410601723,-0.8621890014394781,0.21648550632911392,774.2948582278481,0.0,79.0,0.18055423027989834
DenVoksne,bot,NLC,2,75,0.64,Dusty|MAD Lions Madrid,67.8,48.9,57.3,56.0,66.0,59.1,6.8,4.9,5.7,5.6,6.6,5.9,125.01333333333334,200.25333333333333,2.68,642.57592,0.28160653333333335,9.017445333333333,0.8533333333333334,1.1083346666666667,0.3045506666666667,4.346666666666667,0.6600331674958541,0.19693877551020408,0.0,0.21177354367274462,0.15401785714285707,-0.14360188004766322,-0.8835052555849712,0.25559353333333334,343.77179333333333,0.0,75.0,0.22559801193167434
EMENES,mid,NLC,2,36,0.75,JD|XL,80.3,61.3,39.1,46.2,45.6,59.1,8.0,6.1,3.9,4.6,4.6,5.9,914.25,309.25,16.805555555555557,786.6568555555555,0.32052875000000003,9.302158333333333,0.8055555555555556,1.2811277777777779,0.2967416666666667,6.305555555555555,0.641566265060241,0.21709006928406466,0.0,0.15755170233049845,-0.8005410821029282,-0.8352855387688698,-0.7846485188504801,0.26079694444444446,405.24266111111115,0.0,36.0,-0.3481937408032866
Kiin,top,LCK,1,92,0.391,DN SOOPers,60.6,69.4,48.7,58.2,48.2,59.1,6.1,6.9,4.9,5.8,4.8,5.9,40.65217391304348,94.66304347826087,3.641304347826087,459.3165967391305,0.265665847826087,8.237061956521739,0.25,1.1787217391304348,0.27571304347826087,8.25,0.5933609958506224,0.21743388834476005,0.0,0.16965396107566824,0.1084876505056001,-0.03429178925507445,-1.0694759405734193,0.2348824239130435,700.7137326086956,0.0,92.0,-0.3059175632671617
Xico,mid,LFL,2,79,0.557,KOI|Team BDS Academy,53.4,61.4,67.4,54.0,64.1,59.1,5.3,6.1,6.7,5.4,6.4,5.9,-57.44303797468354,-39.49367088607595,0.9620253164556962,543.5608493670886,0.2727073670886076,8.982025316455697,0.4810126582278481,1.2146430379746835,0.264973417721519,6.734177215189874,0.6790123456790124,0.21392532795156408,0.0,0.2687817769938329,0.08056125646234157,0.4251321191715455,-0.7930150443785331,0.24057046835443038,320.0322126582278,0.0,79.0,-0.11423351756353634
xiaoyueji,bot,LDL,2,70,0.486,Invictus Gaming|Invictus Gaming Young,55.8,73.6,51.7,47.2,61.9,59.1,5.6,7.4,5.2,4.7,6.2,5.9,0.0,0.0,0.0,598.4735485714285,0.2956117,9.92175142857143,0.0,1.5090857142857141,0.4423842857142857,4.714285714285714,0.6917073170731707,0.17230443974630022,1.957142857142857,0.17253255559707176,0.0,0.0,-0.9136813660215048,0.29227257142857144,0.0,0.0,70.0,0.09201264581795754
Kobbe,bot,LEC,1,36,0.278,Astralis,63.7,49.3,73.7,55.9,53.8,59.1,6.4,4.9,7.4,5.6,5.4,5.9,99.63888888888889,285.3333333333333,13.083333333333334,543.475225,0.2747237222222222,9.483677777777778,0.4444444444444444,1.060263888888889,0.28895000000000004,2.7777777777777777,0.6838407494145199,0.1434108527131783,2.5,0.33851422550052696,0.0,0.0,-0.7915956464464049,0.280655,248.25696111111108,0.0,36.0,0.26859504132231393
Zhergoth,top,ESLOL,3,57,0.544,LowLandLions|The Agency,73.3,49.3,57.8,46.7,63.1,59.1,7.3,4.9,5.8,4.7,6.3,5.9,476.10526315789474,181.28070175438597,13.350877192982455,573.9609087719298,0.2666814035087719,8.94172456140351,0.543859649122807,0.8666315789473685,0.14183684210526315,3.9649122807017543,0.5348542458808618,0.21026894865525672,0.0,0.22388207360506526,0.11571922619690915,-0.27050686263914403,-0.8946086762202755,0.25632777192982453,768.614747368421,0.0,57.0,-0.216837199140662
DANY,bot,HM,3,65,0.523,eSuba,57.2,58.0,57.4,58.4,69.5,59.1,5.7,5.8,5.7,5.8,7.0,5.9,-51.353846153846156,7.230769230769231,-7.138461538461539,611.7710030769231,0.2732014769230769,8.349696923076921,0.8615384615384616,1.1247769230769231,0.27456461538461535,5.4,0.682806324110672,0.17174515235457063,0.0,0.19341746444332325,0.26529771495532445,0.4938845759484398,-0.9010484520823188,0.25689304615384617,274.44076923076926,0.0,65.0,0.1283265058412987
WRDN,jng,GLL,3,50,0.58,Goskilla|WLGaming Esports,54.8,62.5,68.3,49.3,63.7,59.1,5.5,6.2,6.8,4.9,6.4,5.9,4.62,33.28,-0.04,339.526746,0.16630398,5.853654000000001,0.38,1.475982,0.378236,9.94,0.6398416886543535,0.1767515923566879,0.0,0.3080614082986562,-0.22368332774236832,-0.4816057251481606,-0.702206536463522,0.18511048,648.754944,0.0,50.0,-0.22639525993883794
Noltey,jng,LFL2,2,64,0.719,IziDream,53.3,60.0,69.1,54.7,64.2,59.1,5.3,6.0,6.9,5.5,6.4,5.9,-150.78125,14.71875,3.84375,341.3292515625,0.1429369109375,5.7279203125,0.28125,1.4461671875,0.396065625,7.640625,0.6594948550046773,0.20317002881844382,0.0,0.26364433537528154,0.4056190167613917,-0.4276785866543886,-0.7163958233164527,0.183954265625,833.3417421875,0.0,64.0,0.03215830516484989
SkyTec,sup,LCSA,2,92,0.543,Area of Effect Esports|Evil Geniuses Academy|Saint Louis University,58.6,54.8,61.0,54.9,72.9,59.1,5.9,5.5,6.1,5.5,7.3,5.9,-42.92391304347826,-95.6304347826087,-3.630434782608696,194.9759760869565,0.08410357391304348,0.9503097826086957,0.08695652173913043,2.5508847826086956,0.3244967391304348,11.315217391304348,0.687037037037037,0.23342175066312998,0.0,0.21658293602009648,0.3637163233803255,0.0,-0.9490005106896421,0.09513406304347827,402.3233923913043,0.0,92.0,0.5188069872038925
Darkin,top,GL,3,29,0.517,King of Goats|Vandals Esports,59.6,69.2,54.9,57.3,43.9,59.1,6.0,6.9,5.5,5.7,4.4,5.9,156.0,65.62068965517241,6.206896551724138,504.63355172413793,0.23935524137931036,7.432172413793103,0.3793103448275862,1.0540103448275864,0.2320551724137931,5.172413793103448,0.5705128205128205,0.19362186788154898,0.0,0.19853314438004993,0.0,0.0,-0.9109434062736373,0.2254618620689655,686.095875862069,0.0,29.0,-0.41282051282051285
Kaii,bot,NEXO,3,54,0.611,Kawaii Kiwis,73.8,46.0,58.9,47.6,66.7,59.1,7.4,4.6,5.9,4.8,6.7,5.9,251.83333333333334,279.18518518518516,16.685185185185187,653.5678222222223,0.2816835925925926,8.652890740740741,1.3518518518518519,1.1011685185185185,0.2840333333333333,4.481481481481482,0.6343042071197411,0.21002710027100271,0.0,0.2113075617183331,0.4739755365058633,0.1271144802414543,-0.9264463893282586,0.26207651851851854,305.69558333333333,0.0,54.0,0.37033014577980283
Duoking1,sup,PGC,2,98,0.663,Area of Effect Cows|Area of Effect Ginger Turmeric|Dinka Never Homeless Again|Ginger Turmeric,80.0,46.2,45.8,48.6,65.6,59.0,8.0,4.6,4.6,4.9,6.6,5.9,224.8469387755102,286.7040816326531,-3.3469387755102042,302.7295540816326,0.11920928265306123,1.067165306122449,0.16326530612244897,2.254569387755102,0.22519795918367344,5.704081632653061,0.6942711287577992,0.22635135135135134,0.0,0.17077348895920733,-0.17567772401934617,-0.5648734273062641,-0.9533643701422736,0.11452716224489795,455.1872091836735,0.0,98.0,-0.15988287260160164
ECSTASSY,bot,EBL,3,33,0.515,Crvena zvezda Esports|Team 7AM,62.4,56.8,61.5,61.4,48.4,59.0,6.2,5.7,6.2,6.1,4.8,5.9,206.93939393939394,-18.818181818181817,2.303030303030303,615.7644121212122,0.26023121212121214,8.544669696969697,1.0606060606060606,0.9882454545454545,0.25672121212121213,3.787878787878788,0.6978021978021978,0.16420664206642066,0.0,0.25836988304093567,0.01342905512913546,0.46637644632833103,-0.8744772296789711,0.26396793939393937,295.3567151515152,0.0,33.0,-0.19529943175299067
IceBreaker,top,GLL,3,45,0.6,Esport Empire|WLGaming Esports,63.1,59.7,41.4,68.9,57.8,59.0,6.3,6.0,4.1,6.9,5.8,5.9,479.73333333333335,361.6222222222222,9.533333333333333,503.85337999999996,0.23635566666666669,7.750893333333333,0.06666666666666667,0.9202644444444446,0.14868444444444445,3.422222222222222,0.6158357771260997,0.21122112211221122,0.0,0.1522672630696114,-0.6002532854443914,-0.6578840284842319,-0.8760621463689567,0.21917548888888888,1029.2595444444444,0.0,45.0,-0.11872931444085236
MOMER,top,TAL,3,23,0.261,Galakticos Academy|Galatasaray Academy|Team AURORA Academy,48.1,66.9,70.8,64.1,46.4,59.0,4.8,6.7,7.1,6.4,4.6,5.9,143.43478260869566,-33.30434782608695,0.043478260869565216,383.29742173913047,0.23324534782608697,7.998808695652174,0.391304347826087,0.9649,0.13643913043478262,6.434782608695652,0.6145038167938931,0.15527950310559005,0.0,0.3272250164006123,0.0,0.0,-0.7391008222229022,0.23933465217391306,718.0370826086958,0.0,23.0,-0.23988473300399907
Tutsz,mid,CBLOL,15,36,0.306,Flamengo MDL|LØS,56.1,68.8,56.0,60.2,47.1,59.0,5.6,6.9,5.6,6.0,4.7,5.9,-24.555555555555557,10.583333333333334,6.777777777777778,467.9653527777778,0.2644924166666667,8.677616666666667,0.4444444444444444,1.141161111111111,0.27492777777777777,7.75,0.7135922330097088,0.14579439252336449,0.0,0.2081606425702811,0.0,0.0,-0.9468905384367087,0.24307794444444447,310.96220555555556,0.0,36.0,-0.019081908190819074
Accez,jng,CBLOLA,3,53,0.755,paiN Gaming Academy,48.7,66.5,59.1,61.7,64.8,59.0,4.9,6.7,5.9,6.2,6.5,5.9,-4.754716981132075,-97.88679245283019,-1.5471698113207548,328.0278396226415,0.14584647358490566,5.4623207547169805,0.32075471698113206,1.6269150943396227,0.4101245283018868,12.471698113207546,0.7160356347438753,0.23580786026200873,0.0,0.22720570260606646,-0.1053119508993124,0.12462508316337105,-0.8693354155623549,0.17945547169811318,874.4023452830189,0.0,53.0,0.08510734572006098
Seeker,top,LMF,2,57,0.684,Boca Juniors Gaming|KRÜ Esports,52.5,72.3,51.9,58.9,55.7,59.0,5.2,7.2,5.2,5.9,5.6,5.9,-80.94736842105263,-111.15789473684211,-0.7192982456140351,477.3662456140351,0.23509854035087718,8.190271929824561,0.45614035087719296,1.2801649122807017,0.2265719298245614,6.543859649122807,0.58,0.20865533230293662,0.0,0.1675465057817999,-0.07790480191236325,-0.3677798781768536,-0.8365655369051291,0.23261635087719296,669.0475140350877,0.0,57.0,-0.13921649890068216
Kreox,jng,NLC,2,22,0.409,One Breath Gaming|Vanir,47.5,68.4,66.3,71.1,41.2,59.0,4.8,6.8,6.6,7.1,4.1,5.9,-163.4090909090909,-179.45454545454547,-7.136363636363637,324.34243636363635,0.16254658636363636,5.347118181818182,0.2727272727272727,1.3276045454545455,0.34202727272727274,12.363636363636363,0.7683823529411765,0.19636363636363635,0.0,0.2781098901098901,0.0,0.0,-0.8087826790124644,0.18144990909090908,741.4522,0.0,22.0,-0.3897155361050329
Nash,sup,NLC,2,42,0.595,Cyberground Gaming|Riddle Esports,55.5,65.2,58.8,63.0,49.3,59.0,5.5,6.5,5.9,6.3,4.9,5.9,90.28571428571429,-75.45238095238095,-2.4047619047619047,174.3237238095238,0.07828382619047619,1.0210071428571428,0.047619047619047616,2.624,0.34182619047619045,9.142857142857142,0.717628705148206,0.1953405017921147,0.0,0.28045766709701575,-0.21939230034998414,-0.5360059391239792,-0.836750281558253,0.09381913095238095,384.7136952380953,0.0,42.0,-0.20303712035995497
Van1,jng,LAS,3,39,0.641,T1 Esports Academy Rookies,53.5,68.8,61.7,53.8,54.5,59.0,5.3,6.9,6.2,5.4,5.5,5.9,98.8974358974359,-175.33333333333334,-9.153846153846153,353.7449461538462,0.16932887948717948,5.210110256410256,0.46153846153846156,1.5468435897435897,0.40123333333333333,9.897435897435898,0.7116666666666667,0.2,0.0,0.20788292033926495,0.25285255618671265,0.3267473450234627,-0.8459650187139282,0.18341258974358973,544.0597307692308,0.0,39.0,-0.22212669111139205
Baca,mid,LVP SL,2,59,0.644,Fnatic TQ,48.5,60.7,77.8,60.1,54.2,58.9,4.8,6.1,7.8,6.0,5.4,5.9,122.72881355932203,-103.01694915254237,-1.4067796610169492,491.5785305084746,0.23522518305084747,8.395762711864407,0.559322033898305,1.068577966101695,0.1916864406779661,5.406779661016949,0.659041394335512,0.15312916111850866,0.0,0.2710648695515094,0.6369144721510137,1.9755301794453504,-0.7087102017410759,0.23415406779661016,306.07598474576275,0.0,59.0,-0.4107525102063334
Neo,bot,LCS,1,61,0.475,Dignitas|Dignitas Academy,50.4,68.1,60.3,55.4,63.2,58.9,5.0,6.8,6.0,5.5,6.3,5.9,32.622950819672134,44.9344262295082,3.80327868852459,494.97415737704915,0.25082483606557376,9.374334426229508,0.7868852459016393,1.4221377049180328,0.4338098360655738,7.737704918032787,0.6608108108108108,0.16085790884718498,13.0,0.21147741629816805,0.39802470944428164,-0.8915909756812189,-0.8312336994048131,0.26628736065573766,328.3302606557377,0.0,61.0,0.38228213769860386
existence,top,PGC,2,67,0.672,Area of Effect Cows|Area of Effect Ginger Turmeric|Ginger Turmeric,74.3,41.7,64.0,51.8,60.0,58.9,7.4,4.2,6.4,5.2,6.0,5.9,511.92537313432837,403.4029850746269,7.447761194029851,591.9892059701492,0.22669541791044778,7.589153731343283,0.582089552238806,0.8130223880597015,0.1168686567164179,2.388059701492537,0.4594594594594595,0.18968871595330739,0.0,0.23705756277905338,0.23323288236615106,0.0,-0.8841687305815411,0.21208350746268656,784.5212626865672,0.0,67.0,-0.031081450299025527
XLB,jng,LPL,1,26,0.731,Victory Five,62.5,67.6,57.0,52.5,42.5,58.9,6.2,6.8,5.7,5.2,4.2,5.9,0.0,0.0,0.0,371.75661538461543,0.15469872692307693,5.035957692307692,0.0,1.6223807692307692,0.4866769230769231,8.961538461538462,0.7142857142857143,0.20921985815602837,10.153846153846153,0.18679518072289159,-0.22335882411361602,0.0,-0.7316988269493565,0.1818721153846154,0.0,0.0,26.0,-0.2821068938807126
Foxy,bot,GL,3,22,0.364,PRO42,64.0,50.0,75.6,58.2,43.7,58.9,6.4,5.0,7.6,5.8,4.4,5.9,323.3636363636364,175.1818181818182,9.272727272727273,555.5966045454545,0.2679275909090909,8.483254545454544,0.9090909090909091,0.9306772727272729,0.20764545454545455,5.090909090909091,0.6576271186440678,0.15217391304347827,0.0,0.42521489971346704,0.0,0.6770165927386234,-0.8016174737582269,0.26287154545454544,309.3429636363636,0.0,22.0,-0.23820549927641108
Lody,jng,LAS,3,23,0.609,HANJIN BRION Challengers|T1 Esports Academy Rookies,64.6,74.7,51.5,42.8,41.6,58.9,6.5,7.5,5.2,4.3,4.2,5.9,374.95652173913044,119.73913043478261,4.434782608695652,363.5796130434782,0.17175190869565218,5.581443478260869,0.391304347826087,1.8994782608695653,0.5408304347826087,8.91304347826087,0.6606217616580311,0.2028985507246377,0.0,0.1616538952745849,0.08533500529695359,0.0,-0.906709527590194,0.1985131304347826,522.1773956521739,0.0,23.0,-0.557011858797573
QTKT,jng,ESLOL,3,23,0.609,LowLandLions|Northern Lions Esports,54.1,60.2,60.4,69.5,51.8,58.9,5.4,6.0,6.0,7.0,5.2,5.9,-35.91304347826087,-1.9130434782608696,-1.6521739130434783,391.92331739130435,0.14876802173913042,5.161217391304348,0.30434782608695654,1.2787521739130434,0.3818086956521739,6.086956521739131,0.7127192982456141,0.2122905027932961,0.0,0.22882458020721688,0.0,-0.18336510173898643,-0.8137869835640097,0.17998643478260873,1092.0948782608696,0.0,23.0,0.26829120851150473
Postkassen,sup,EBL,3,28,0.607,Valiance,58.6,58.1,58.1,69.9,47.7,58.9,5.9,5.8,5.8,7.0,4.8,5.9,134.17857142857142,100.25,1.0714285714285714,174.09460714285714,0.076023125,1.134682142857143,0.03571428571428571,2.181021428571429,0.2524607142857143,8.392857142857142,0.7716701902748414,0.21226415094339623,0.0,0.2516401040085963,-0.18904528967422052,-0.3803866759841603,-0.8121463875488532,0.09670547857142857,510.0837607142857,0.0,28.0,-0.34850581782766926
Noodle,jng,PGN,3,56,0.571,RNL ROAR|Samsung Morning Stars|Vanir,72.1,46.9,42.7,61.0,70.0,58.8,7.2,4.7,4.3,6.1,7.0,5.9,160.78571428571428,253.94642857142858,6.0,459.5555321428571,0.20040560357142856,5.892685714285714,0.42857142857142855,1.0553696428571429,0.21093035714285713,6.357142857142857,0.7215639810426541,0.21169590643274855,0.0,0.16039491915830179,-0.9385777977846631,-0.0805705474171165,-0.9048352172432479,0.20062494642857143,885.4226410714285,0.0,56.0,0.6059158940685605
MAXI,jng,LVP SL,2,59,0.644,Fnatic TQ,62.3,49.3,69.1,58.3,57.3,58.8,6.2,4.9,6.9,5.8,5.7,5.9,254.52542372881356,264.20338983050846,4.677966101694915,308.8501661016949,0.14868111355932204,5.920450847457627,0.2711864406779661,1.2230508474576272,0.2714559322033898,10.338983050847459,0.6797385620915033,0.20905459387483355,0.0,0.21073450809607208,0.14100758738098737,1.2492276004119465,-0.8446428116157365,0.18031361016949152,821.6178372881357,0.0,59.0,-0.11553753724417515
Bean,bot,LVP SL,2,59,0.644,Fnatic TQ,53.1,55.5,77.2,59.5,55.0,58.8,5.3,5.5,7.7,6.0,5.5,5.9,83.69491525423729,12.76271186440678,-2.169491525423729,540.707693220339,0.2604003559322034,8.806437288135593,0.711864406779661,1.190306779661017,0.2875627118644068,5.067796610169491,0.6525054466230937,0.16378162450066577,0.0,0.2765723078834625,0.5897339120588788,1.4729194187582562,-0.7549520864255675,0.24894966101694915,289.2881627118644,0.0,59.0,-0.3686549623447019
Jujutw0,bot,LFL2,2,47,0.489,Atletec,62.1,63.7,48.0,61.1,51.6,58.8,6.2,6.4,4.8,6.1,5.2,5.9,-16.48936170212766,81.51063829787235,0.0425531914893617,633.9533659574467,0.2848490638297872,8.893623404255319,0.6595744680851063,1.2900936170212767,0.3209574468085107,6.404255319148936,0.698956780923994,0.1678832116788321,0.0,0.23102747238049381,-0.5454478506249624,-0.46976949701745335,-0.8767809309159983,0.2636941702127659,255.29472340425534,0.0,47.0,-0.09340002516672953
Typhoon,jng,TCL,15,49,0.571,Dark Passage,72.6,52.3,52.8,53.5,53.1,58.8,7.3,5.2,5.3,5.3,5.3,5.9,451.265306122449,284.48979591836735,5.26530612244898,312.769087755102,0.16937128775510205,6.350173469387755,0.42857142857142855,1.2458102040816326,0.32704285714285714,8.244897959183673,0.7095375722543352,0.1977124183006536,0.0,0.19051115734508217,0.04359068870679631,-0.4307408772576483,-0.9464155219290816,0.20275826530612245,728.4665428571428,0.0,49.0,-0.04686299615877063
Croc,jng,CBLOL,15,64,0.578,LOUD|Miners,62.8,49.5,62.3,58.3,65.3,58.8,6.3,5.0,6.2,5.8,6.5,5.9,154.21875,111.3125,1.359375,321.56820625,0.144238625,5.381571875,0.375,1.4622703125,0.3520546875,13.03125,0.7105263157894737,0.24973656480505796,0.0,0.2576612274291555,0.08245172004065687,0.011248622106423526,-0.9430856230784701,0.1848453125,890.0769171875,0.0,64.0,0.31232777965096686
Tally,mid,LCO,15,64,0.797,Chiefs Esports Club,64.3,48.8,69.6,47.0,67.9,58.8,6.4,4.9,7.0,4.7,6.8,5.9,255.09375,269.671875,6.9375,532.981846875,0.2342505515625,9.053940625,0.5,1.1795328125,0.1878625,4.65625,0.5952797202797203,0.17270194986072424,0.0,0.25162375963239303,0.03573113847378116,0.10481594320373418,-0.6372422832798004,0.22891253125,339.1083171875,0.0,64.0,0.12291587978201048
Dragku,sup,LCO,15,31,0.774,Chiefs Esports Club,72.9,55.4,54.3,52.1,46.1,58.8,7.3,5.5,5.4,5.2,4.6,5.9,276.48387096774195,86.61290322580645,1.6451612903225807,187.3143741935484,0.08656323870967741,1.109267741935484,0.0967741935483871,2.540096774193548,0.3415064516129032,11.161290322580646,0.708994708994709,0.2375,0.0,0.20165899498070416,-0.47802391246180054,-0.45399526820543873,-0.7281111320535876,0.09937532903225807,427.7343290322581,0.0,31.0,-0.22581292860231875
Style,jng,LMF,2,54,0.481,KRÜ Esports|Undead Gaming,58.8,54.0,61.2,60.1,64.2,58.8,5.9,5.4,6.1,6.0,6.4,5.9,66.05555555555556,116.85185185185185,3.9074074074074074,318.09711666666664,0.15688079074074074,5.565457407407407,0.2962962962962963,1.257885185185185,0.33675370370370367,9.055555555555555,0.6933158584534731,0.2189119170984456,0.0,0.2501447220299928,-0.11336093425645657,0.03673938002296215,-0.8653030591932687,0.182664,951.8795629629631,0.0,54.0,0.4352384087513608
Olleh,sup,LCS,1,43,0.372,Golden Guardians,54.4,59.5,73.1,58.1,50.3,58.8,5.4,6.0,7.3,5.8,5.0,5.9,55.95348837209303,-38.651162790697676,10.209302325581396,142.0957906976744,0.0748982046511628,1.5221348837209303,0.0,2.6576069767441863,0.37486511627906977,15.883720930232558,0.7078891257995735,0.20930232558139536,0.0,0.3327039788486292,0.08471814645465096,0.2958097317955368,-0.9018167096656511,0.09573065348837209,392.4096651162791,0.0,43.0,0.2496240342559324
5K,top,LDL,2,43,0.442,LNG Academy|TEAM ORANGE,50.4,70.2,55.6,59.0,59.3,58.8,5.0,7.0,5.6,5.9,5.9,5.9,0.0,0.0,0.0,459.7238166666667,0.24755890476190479,8.289097674418604,0.0,0.9346309523809524,0.18843809523809524,6.023809523809524,0.6536964980544747,0.20973154362416108,2.9761904761904763,0.20950477173071966,0.0,0.0,-0.9715290478322685,0.2433071627906977,0.0,0.0,43.0,0.6050041017227233
Munian,top,LDL,2,68,0.412,Oh My God Academy,57.0,69.4,45.9,54.0,64.1,58.8,5.7,6.9,4.6,5.4,6.4,5.9,0.0,0.0,0.0,533.6082382352942,0.2625539558823529,8.294298529411764,0.0,0.9764838235294119,0.18816764705882355,3.5,0.5947643979057592,0.19944082013047532,4.044117647058823,0.17718185040765683,0.0,0.0,-1.1775228265709625,0.23838974999999998,0.0,0.0,68.0,0.6494748225317732
Jhoel,jng,VL,3,20,0.5,AceS GaminG,48.0,61.7,70.3,65.4,55.2,58.8,4.8,6.2,7.0,6.5,5.5,5.9,13.45,-308.5,-8.4,328.349685,0.159994935,5.6241,0.45,1.166455,0.32360500000000003,8.95,0.7331081081081081,0.18149466192170818,0.0,0.2812623274161736,0.05493133583021234,0.0,-0.6676056861776635,0.20765155000000002,919.56621,0.0,20.0,0.4166666666666668
Minit,sup,LCKC,2,66,0.439,DN SOOPers Challengers,55.4,62.4,50.3,62.7,64.8,58.7,5.5,6.2,5.0,6.3,6.5,5.9,18.03030303030303,65.18181818181819,-3.0757575757575757,164.61943636363637,0.08166009393939394,0.9509,0.045454545454545456,2.6006454545454543,0.3493090909090909,15.196969696969697,0.7080745341614907,0.21022727272727273,0.0,0.2502047924212873,-0.17399494969738263,-0.5690408433203735,-1.0302441140398877,0.08786723787878788,374.15045909090907,0.0,66.0,0.49167591564927854
Kingen,top,LCK,1,130,0.546,Kiwoom DRX,50.1,60.6,58.9,63.0,70.1,58.7,5.0,6.1,5.9,6.3,7.0,5.9,-188.6769230769231,-81.31538461538462,-2.6846153846153844,497.7199907692308,0.24337782307692307,7.837766153846154,0.2076923076923077,1.038226153846154,0.24517538461538463,7.6692307692307695,0.569693094629156,0.19578114700065918,0.0,0.19113465100727065,0.003903193019714265,0.2860176715277982,-0.9346904028421936,0.2159018769230769,778.7957553846154,0.0,130.0,0.13208094161303421
Smiley,bot,LFL,2,53,0.472,GamersOrigin|Team GO,64.8,51.9,67.6,53.5,53.3,58.7,6.5,5.2,6.8,5.3,5.3,5.9,119.32075471698113,72.58490566037736,-0.05660377358490566,652.5095811320755,0.28036349056603777,9.170905660377358,0.7547169811320755,1.145045283018868,0.2827207547169811,2.6792452830188678,0.6479713603818615,0.17301414581066377,0.0,0.3588269183895057,-0.17565173611839505,0.0881589788364344,-0.9018552119857904,0.27424690566037735,337.034441509434,0.0,53.0,-0.08461323991901705
Vaynedeta,bot,GLL,3,69,0.551,Team Phantasma,60.9,52.7,63.4,50.6,70.6,58.7,6.1,5.3,6.3,5.1,7.1,5.9,174.7246376811594,-10.681159420289855,0.2753623188405797,592.9339434782609,0.25927140579710145,8.611008695652174,1.1304347826086956,1.0729420289855072,0.2954710144927536,4.057971014492754,0.6438474870017331,0.17507418397626112,0.0,0.20154335034997078,0.4863749895745998,0.8368896751225807,-0.8787431582456042,0.26552285507246376,277.8380768115942,0.0,69.0,0.027230057504539117
DARKWINGS,mid,LCSA,2,87,0.621,100 Thieves Next|Dignitas Academy,63.9,52.5,57.5,51.0,70.8,58.7,6.4,5.2,5.8,5.1,7.1,5.9,139.48275862068965,112.34482758620689,1.793103448275862,602.1572103448276,0.27954754022988504,8.408920689655172,0.5287356321839081,1.1284091954022988,0.22023793103448275,5.333333333333333,0.5979166666666667,0.1903485254691689,0.0,0.2105932918673956,-0.10764363885088919,0.13315093479252163,-0.792690527100077,0.22948177011494253,370.9705850574713,0.0,87.0,0.2109984801257115
Wonka,jng,TAL,3,47,0.574,NASR eSports Turkey Academy,53.1,67.2,50.4,60.5,62.7,58.7,5.3,6.7,5.0,6.0,6.3,5.9,304.59574468085106,198.17021276595744,3.297872340425532,264.9323595744681,0.1550169978723404,5.550542553191489,0.2553191489361702,1.5073021276595744,0.4107872340425532,11.063829787234043,0.7212020033388982,0.21584158415841584,0.0,0.2108428472153281,-0.5221328084854713,-0.605125507800002,-0.8519842570486961,0.18416425531914896,770.2665042553191,0.0,47.0,0.138366271533505
Carry,sup,TCL,15,58,0.621,Fenerbahçe Academy|Fenerbahçe Esports,52.5,63.4,61.9,56.1,63.3,58.7,5.2,6.3,6.2,5.6,6.3,5.9,64.06896551724138,12.879310344827585,-8.275862068965518,163.13347413793105,0.08024818620689655,0.8394793103448276,0.017241379310344827,2.66061724137931,0.31724482758620687,13.810344827586206,0.7441860465116279,0.21262002743484226,0.0,0.2090136941893222,0.06449730420133538,0.1792513423939574,-0.8920321142491713,0.09499181551724138,328.54695,0.0,58.0,0.4686765771502604
Rhilech,jng,TAL,3,31,0.613,DSYRE|SuperMassive Blaze Academy,65.2,51.8,60.7,52.0,63.5,58.7,6.5,5.2,6.1,5.2,6.3,5.9,300.61290322580646,223.80645161290323,2.5161290322580645,357.43439677419354,0.17411599032258065,5.617796774193549,0.4838709677419355,1.4064193548387098,0.35459032258064516,10.064516129032258,0.7072727272727273,0.2702702702702703,0.0,0.27981648933337594,-0.3202930907137581,-0.574338615456926,-0.8384839668405156,0.1962236129032258,857.3490806451613,0.0,31.0,0.991928983539793
Praedyth,bot,LCO,15,69,0.609,Pentanet.GG,67.6,42.4,65.4,53.4,70.1,58.7,6.8,4.2,6.5,5.3,7.0,5.9,231.91304347826087,140.31884057971016,1.7826086956521738,604.4221057971015,0.2611265942028986,8.745643478260869,1.391304347826087,1.1613057971014493,0.2417289855072464,4.63768115942029,0.6581849024597116,0.19021739130434784,0.0,0.24160961598992764,0.07016749660479882,-0.21169242708400685,-0.7706280242248809,0.2568558550724638,290.611447826087,0.0,69.0,0.2495995595154669
Andathy,jng,EL,3,34,0.471,Red Rooster Team,65.0,64.0,47.5,57.9,47.6,58.7,6.5,6.4,4.8,5.8,4.8,5.9,22.11764705882353,132.88235294117646,3.4705882352941178,402.90789117647057,0.19476249411764707,6.456967647058824,0.38235294117647056,1.319185294117647,0.42526764705882353,8.882352941176471,0.7237354085603113,0.2153558052434457,0.0,0.2232696195082009,-0.8696785763839274,0.0,-0.9956202201315553,0.2126129705882353,875.3308147058824,0.0,34.0,-0.28821533969774304
Yupps,top,CBLOLA,3,32,0.438,Liberty Academy,72.1,59.8,42.6,56.3,47.7,58.7,7.2,6.0,4.3,5.6,4.8,5.9,511.28125,421.0625,7.15625,545.9877,0.26376134375,8.558225,0.40625,0.949046875,0.15595625,6.875,0.5767634854771784,0.1949317738791423,0.0,0.18488001109723956,-0.7437702767998895,0.0,-0.9897717786493044,0.244896125,795.031278125,0.0,32.0,-0.09272797229703746
Bazu,top,VL,3,32,0.531,Osaka|Skull Cracker,63.3,64.6,49.9,56.9,48.5,58.7,6.3,6.5,5.0,5.7,4.8,5.9,248.46875,121.0,7.8125,519.694340625,0.2493588125,8.160440625,0.34375,1.13388125,0.138078125,5.25,0.5277777777777778,0.1564245810055866,0.0,0.20828195488721804,-0.36224789466893387,-0.34607155718431587,-0.8922326890484427,0.2380150625,854.752728125,0.0,32.0,-0.20245468816897397
Elio,sup,VCS,15,55,0.418,Burst The Sky Esports|GAM Esports,63.7,53.3,59.0,51.8,66.3,58.7,6.4,5.3,5.9,5.2,6.6,5.9,23.98181818181818,63.21818181818182,-1.0545454545454545,173.62926363636365,0.08459379090909092,1.2969945454545455,0.07272727272727272,2.5703563636363636,0.34836181818181816,14.745454545454546,0.6439306358381502,0.21771611526147278,0.0,0.222185466265755,0.0,0.35266232472286,-1.0690869685160138,0.0954548690909091,483.0543927272727,0.0,55.0,1.072263662227003
Pretender,mid,PCS,15,54,0.481,Frank Esports,64.3,57.6,57.8,50.5,59.3,58.7,6.4,5.8,5.8,5.0,5.9,5.9,-2.925925925925926,65.33333333333333,2.759259259259259,543.7865462962963,0.2757506111111111,8.7506,0.6666666666666666,1.110187037037037,0.2517814814814815,4.518518518518518,0.6458885941644562,0.1643192488262911,0.0,0.22647006123066846,-0.13343246875804285,-0.2445308701993194,-0.8234229731014101,0.24350044444444446,338.51915,0.0,54.0,0.06401607578584764
chaos,jng,LDL,2,24,0.083,Qing Jiu E-sport Club,61.9,56.6,63.4,59.8,47.4,58.7,6.2,5.7,6.3,6.0,4.7,5.9,0.0,0.0,0.0,377.668575,0.22834979166666666,5.3951875,0.0,1.1309375,0.24194583333333333,7.708333333333333,0.7655502392344498,0.23554603854389722,7.208333333333333,0.2777056277056277,0.0,0.0,-0.9215032254040815,0.19037895833333332,0.0,0.0,24.0,0.13810420590081585
Minous,sup,LAS,3,37,0.757,T1 Esports Academy Rookies,69.1,45.1,74.4,43.0,62.1,58.7,6.9,4.5,7.4,4.3,6.2,5.9,284.2432432432432,229.6216216216216,0.05405405405405406,161.05711621621623,0.07901849729729729,1.1139837837837838,0.16216216216216217,2.465505405405405,0.3377,15.45945945945946,0.6399394856278366,0.2648305084745763,0.0,0.4143747708104144,-0.18993382540086545,0.16250954441333662,-0.6860502155636976,0.09794367027027026,405.41773513513516,0.0,37.0,0.08612119716572078
Pan Stealer,sup,GL,3,22,0.591,Ramo Awake Gaming,67.3,53.1,65.0,55.5,44.8,58.7,6.7,5.3,6.5,5.5,4.5,5.9,213.77272727272728,128.54545454545453,10.318181818181818,185.87795454545454,0.08443787727272728,1.485518181818182,0.045454545454545456,2.439413636363636,0.3181045454545455,12.636363636363637,0.6895604395604396,0.23616236162361623,0.0,0.4059910771191842,-0.4407637451115712,-0.9596273291925466,-0.8226981564506579,0.09722549090909091,469.9304409090909,0.0,22.0,-0.29949238578680204
Seal,sup,PRM,3,54,0.574,SK Gaming Prime,66.4,63.9,36.9,53.3,64.2,58.7,6.6,6.4,3.7,5.3,6.4,5.9,153.46296296296296,76.94444444444444,0.6666666666666666,215.2597388888889,0.09124660925925926,1.1783925925925927,0.037037037037037035,2.711301851851852,0.3982814814814815,11.518518518518519,0.7219626168224299,0.24540682414698162,0.0,0.18190585158548542,-0.8524897904107251,-0.8628402700332184,-1.112945579482569,0.10360381481481482,408.38430555555556,0.0,54.0,0.25338075166842283
Pseudo,sup,PGC,2,46,0.522,Supernova|Team Ambition,75.4,44.4,65.2,48.6,52.3,58.6,7.5,4.4,6.5,4.9,5.2,5.9,384.2826086956522,290.0652173913044,-0.5869565217391305,234.9013195652174,0.10313758695652173,0.9909608695652175,0.021739130434782608,2.125071739130435,0.23588260869565217,10.58695652173913,0.6604434072345391,0.2032967032967033,0.0,0.21214792043103942,0.8824118463382324,0.0,-0.9907087889287741,0.10721442826086956,378.88531521739134,0.0,46.0,0.09944515578318397
Diplex,mid,LFL,2,109,0.688,Vitality.Bee,56.8,53.0,60.7,56.4,75.2,58.6,5.7,5.3,6.1,5.6,7.5,5.9,104.33944954128441,176.11009174311926,-0.28440366972477066,551.6207568807339,0.23484733027522933,8.248640366972477,0.5871559633027523,1.1005339449541285,0.1865467889908257,4.798165137614679,0.6064814814814815,0.17436305732484075,0.0,0.24546547750275582,0.06107254913832087,-0.4614639462372102,-0.7478136377249205,0.22074998165137616,390.29509449541285,0.0,109.0,0.17732564554158473
Luger,bot,LCS,1,63,0.492,CLG Academy|Counter Logic Gaming,58.6,58.6,60.4,60.3,54.2,58.6,5.9,5.9,6.0,6.0,5.4,5.9,-37.73015873015873,-124.31746031746032,-0.6349206349206349,621.8011761904762,0.29398838095238095,9.063238095238097,0.5873015873015873,1.3486349206349206,0.42583809523809524,3.6984126984126986,0.670076726342711,0.145475372279496,0.0,0.2123798076923077,0.1767616785431512,0.06584850884138303,-0.8925394914197371,0.25953339682539683,273.7282984126984,0.0,63.0,0.12910535995796105
Strode,bot,HM,3,35,0.457,SINNERS Esports,62.0,62.5,48.5,60.2,53.3,58.6,6.2,6.2,4.8,6.0,5.3,5.9,65.25714285714285,-7.542857142857143,8.771428571428572,607.508502857143,0.26054893714285715,8.750737142857142,1.0285714285714285,1.1351371428571428,0.3208885714285714,3.857142857142857,0.7129277566539924,0.18198529411764705,0.0,0.21159227181878748,-0.2442618021449333,-0.28435401423273526,-0.8977953265218671,0.26336391428571426,275.0898514285714,0.0,35.0,0.1115291286882406
Avra,bot,LFL2,2,61,0.525,Tony Parker Adéquat Academy,54.2,66.5,53.2,59.3,58.4,58.6,5.4,6.7,5.3,5.9,5.8,5.9,-107.31147540983606,-150.04918032786884,-3.0,609.2985590163934,0.26300896721311473,8.48116393442623,1.1311475409836065,1.4998639344262295,0.381616393442623,7.081967213114754,0.688298918387414,0.18991416309012876,0.0,0.22540403869907805,-0.1698637591435162,-0.3892821230702498,-0.8612124391315815,0.25629795081967216,292.7756098360656,0.0,61.0,-0.015787869750379723
Telas,sup,CBLOLA,3,41,0.488,RED Academy|RED Canids,48.3,69.2,52.5,64.5,61.6,58.6,4.8,6.9,5.2,6.5,6.2,5.9,-192.85365853658536,-136.6341463414634,1.0,182.11220975609754,0.08447021219512195,1.1435146341463414,0.0,2.6914243902439026,0.41272439024390245,13.317073170731707,0.7474048442906575,0.22356495468277945,0.0,0.24314880591411825,-0.2154444809821331,0.0,-1.0281511756641646,0.09093615853658536,398.04976097560973,0.0,41.0,0.4725004392901071
Camilo,jng,LHE,2,45,0.689,Furious Gaming|XTEN Esports,46.3,64.5,67.3,57.7,66.4,58.6,4.6,6.5,6.7,5.8,6.6,5.9,-31.822222222222223,-42.955555555555556,-4.0,292.5541511111111,0.12889581333333333,5.543295555555555,0.2222222222222222,1.572128888888889,0.43148,9.422222222222222,0.6597671410090556,0.20648464163822525,0.0,0.22279345837726172,0.27747757785081606,0.41357027463651036,-0.8161990332047836,0.16746682222222223,757.8555755555556,0.0,45.0,0.7043449480252897
Aloned,mid,LLA,15,63,0.556,Team Aze,48.2,69.6,64.5,54.5,58.4,58.6,4.8,7.0,6.5,5.5,5.8,5.9,-248.63492063492063,-15.301587301587302,-2.6031746031746033,502.66219523809525,0.24497413492063494,8.403155555555557,0.36507936507936506,1.3743809523809523,0.3160746031746032,5.873015873015873,0.6581508515815085,0.16261061946902655,0.0,0.20726113224434994,0.3119590873328089,0.28835562549173877,-0.8678085769307899,0.23169320634920634,319.2796253968254,0.0,63.0,-0.15582345545977022
Uneasy,bot,LDL,2,66,0.5,LNG Academy,52.4,67.1,58.7,56.5,58.3,58.6,5.2,6.7,5.9,5.7,5.8,5.9,0.0,0.0,0.0,536.8178106060606,0.29882801515151514,9.13769393939394,0.0,1.1448787878787878,0.3370333333333333,3.4393939393939394,0.7497129735935706,0.18192352259559674,2.121212121212121,0.21562532650715704,0.0,0.0,-0.8269636003230335,0.277947106060606,0.0,0.0,66.0,-0.2018082763417179
Peach,jng,LCKC,2,40,0.75,Kiwoom DRX|Kiwoom DRX Challengers,71.8,58.3,46.0,50.9,52.1,58.5,7.2,5.8,4.6,5.1,5.2,5.8,370.275,493.5,13.525,316.4347925,0.1609266,6.8778475,0.4,1.5024125,0.419125,8.275,0.694136291600634,0.265,0.0,0.1761973575557391,-0.520158349828107,-0.7702885717262214,-0.7543359541764305,0.200914125,937.6667074999999,0.0,40.0,-0.13359778732076577
BuLLDoG,mid,LCKC,2,75,0.44,DN SOOPers Challengers,50.2,72.1,41.8,67.9,59.6,58.5,5.0,7.2,4.2,6.8,6.0,5.8,55.693333333333335,-48.06666666666667,-1.8933333333333333,522.5994733333333,0.25914122666666667,8.479542666666667,0.3466666666666667,1.2103693333333332,0.27904,8.573333333333334,0.7462203023758099,0.17292490118577075,0.0,0.20978105333351857,-0.7007609756097561,-0.8337560975609756,-0.8837705456120767,0.23571864,378.733408,0.0,75.0,-0.1748122966235782
Carlsen,top,NLC,2,63,0.508,Astralis Talent,56.8,51.1,71.2,58.8,61.8,58.5,5.7,5.1,7.1,5.9,6.2,5.8,-19.650793650793652,206.66666666666666,-3.3174603174603177,485.07890793650796,0.21591938095238095,7.711028571428572,0.5555555555555556,0.798063492063492,0.15106666666666668,3.7301587301587302,0.526416906820365,0.17980022197558268,0.0,0.3054710504432615,0.2991707532424145,0.20270608869957424,-0.8928358657282032,0.22226733333333332,784.5954031746031,0.0,63.0,0.190534027171629
minemaciek,sup,UL,2,66,0.606,Illuminar Gaming|Komil & Friends,64.3,58.1,47.8,55.2,63.5,58.5,6.4,5.8,4.8,5.5,6.3,5.8,163.74242424242425,89.62121212121212,6.333333333333333,178.09298484848486,0.07985849242424242,1.287571212121212,0.045454545454545456,2.6703651515151514,0.3346651515151515,14.030303030303031,0.6868327402135231,0.22905027932960895,0.0,0.18312755555952845,-0.3567501868642552,-0.2657697182412011,-0.927004223227702,0.09735661212121213,455.8997303030303,0.0,66.0,0.2700687361969279
Razork,jng,LEC,1,76,0.579,Fnatic,67.9,54.6,52.3,55.8,55.2,58.5,6.8,5.5,5.2,5.6,5.5,5.8,39.9078947368421,151.67105263157896,5.671052631578948,334.25668815789476,0.15675959605263157,5.354021052631579,0.15789473684210525,1.542259210526316,0.40048421052631583,11.131578947368421,0.6857707509881423,0.22626262626262628,11.647058823529411,0.19995244629335193,-0.0916830703889379,-0.44705072386474926,-0.882278792260591,0.17128852631578947,888.8858921052631,0.0,76.0,-0.009575595478401441
Garvey,top,LDL,2,78,0.654,LGD Gaming|MAX,53.9,69.4,47.4,55.9,64.3,58.5,5.4,6.9,4.7,5.6,6.4,5.8,0.0,0.0,0.0,532.7499974358974,0.23754526923076924,8.151916666666667,0.0,0.9431923076923078,0.1953423076923077,4.5,0.6133225020308692,0.21413276231263384,4.512820512820513,0.16492496650576616,-0.18753261227488027,-0.6062400263431191,-0.8854588173096983,0.2329556153846154,0.0,0.0,78.0,0.0013805260866333168
Kerberos,top,NLC,2,84,0.714,Dusty|Macko Esports,57.0,58.5,61.9,50.2,69.2,58.5,5.7,5.8,6.2,5.0,6.9,5.8,-114.75,-96.53571428571429,-1.8452380952380953,526.3402797619048,0.23626566666666668,7.913525,0.5952380952380952,1.1610595238095238,0.2085297619047619,3.857142857142857,0.5099857346647646,0.23884758364312267,0.0,0.21441617589584575,0.14600383757636243,0.10756842833804452,-0.8638969778840464,0.23005983333333335,925.1594809523809,0.0,84.0,0.21195073152146876
JimieN,mid,LCSA,2,117,0.581,100 Thieves Academy,59.6,51.2,68.3,48.2,72.5,58.5,6.0,5.1,6.8,4.8,7.2,5.8,106.13675213675214,78.2051282051282,1.4273504273504274,570.6609846153847,0.26069194017094016,8.784574358974359,0.5811965811965812,1.0859136752136753,0.2430940170940171,4.367521367521367,0.602017937219731,0.2019047619047619,0.0,0.23102983056724646,0.5092477599499896,0.6803500729318606,-0.8367553222745596,0.24197771794871795,423.0151837606838,0.0,117.0,-0.16900831413187778
Elramir,jng,TCL,15,45,0.444,Beşiktaş Esports|Team AURORA,58.9,70.1,42.8,64.0,45.9,58.5,5.9,7.0,4.3,6.4,4.6,5.8,-31.466666666666665,44.022222222222226,1.8444444444444446,315.7943177777778,0.1695108422222222,6.126775555555556,0.17777777777777778,1.7081644444444446,0.4741022222222222,14.244444444444444,0.7436332767402377,0.22897196261682243,0.0,0.17562591380180365,-0.5246156501187564,-0.11362599305011174,-1.126925572625352,0.1906478666666667,878.7273133333333,0.0,45.0,-0.14043487894873738
KreshtDoo,bot,LHE,2,71,0.634,Movistar Optix,63.4,57.5,51.0,57.6,59.6,58.5,6.3,5.8,5.1,5.8,6.0,5.8,199.30985915492957,139.92957746478874,4.830985915492958,590.4475464788733,0.26351538028169014,8.652549295774648,0.7887323943661971,1.2428549295774647,0.2926014084507042,5.647887323943662,0.6439929328621908,0.1572832886505809,0.0,0.19597862445876998,-0.32836144578313253,-0.351710843373494,-0.7921369732027902,0.253638,265.699585915493,0.0,71.0,-0.29038822792736385
costy,bot,LPLOL,3,72,0.681,For The Win Esports,52.2,56.5,62.6,58.6,72.9,58.5,5.2,5.7,6.3,5.9,7.3,5.8,136.66666666666666,-198.45833333333334,-8.26388888888889,581.3325111111111,0.25019226388888893,7.793754166666667,0.9305555555555556,1.2600277777777777,0.2937,4.75,0.6694656488549618,0.19646365422396855,0.0,0.31591940252639616,-0.3049086487834398,-0.1182074418323927,-0.7939961628130211,0.2508547638888889,332.7077361111111,0.0,72.0,0.02045139499014036
Dreseul,sup,GL,3,29,0.345,NOCTA,58.4,66.4,50.7,65.1,43.5,58.5,5.8,6.6,5.1,6.5,4.3,5.8,41.51724137931034,170.93103448275863,1.1724137931034482,164.63758620689654,0.08418257241379311,1.0460655172413793,0.034482758620689655,2.5369655172413794,0.3269,14.862068965517242,0.7741176470588236,0.22072936660268713,0.0,0.22300461365004046,0.0,-0.4753069325210007,-1.0080798558433546,0.10040302413793104,423.89530689655174,0.0,29.0,-0.39308593829342103
Guwon,jng,LCKC,2,59,0.254,Hanwha Life Esports|Hanwha Life Esports Challengers,42.9,70.3,57.1,68.4,60.4,58.5,4.3,7.0,5.7,6.8,6.0,5.8,-93.08474576271186,-195.03389830508473,-4.966101694915254,257.0884694915254,0.14061311355932204,5.280033898305085,0.23728813559322035,1.465371186440678,0.4525220338983051,10.779661016949152,0.7480314960629921,0.2250300842358604,0.0,0.24183504013285356,0.0,0.0,-1.0263815034964092,0.16835766779661016,691.4288152542373,0.0,59.0,0.3007595898214963
Once,jng,LJL,15,66,0.667,QT DIG∞,49.4,64.8,56.4,59.7,68.6,58.5,4.9,6.5,5.6,6.0,6.9,5.8,37.166666666666664,30.78787878787879,4.333333333333333,249.7591212121212,0.1225247015151515,5.708589393939394,0.19696969696969696,1.5282727272727272,0.42051060606060603,10.090909090909092,0.6807817589576547,0.1850282485875706,0.0,0.17337337337337339,-0.39421407668270425,-0.08337880065472941,-0.6924811647074054,0.17194263636363638,737.8228712121213,0.0,66.0,0.15465227056208317
Hoit,sup,LCK,1,74,0.419,DN SOOPers,61.0,59.6,60.2,50.7,57.4,58.4,6.1,6.0,6.0,5.1,5.7,5.8,33.5,199.5,6.9324324324324325,132.89181756756759,0.0758858472972973,1.4585135135135134,0.02702702702702703,2.8187445945945946,0.4327027027027027,18.93243243243243,0.6840148698884758,0.22738693467336685,0.0,0.186593707250342,0.1797038376759169,0.7233934324309048,-1.0162918963220233,0.09456221216216217,363.2610256756757,0.0,74.0,0.3495991634715929
Kaylem,top,NLC,2,54,0.426,BK ROG Esports|MNM Gaming,52.1,64.2,53.5,67.6,56.2,58.4,5.2,6.4,5.3,6.8,5.6,5.8,-20.537037037037038,-54.129629629629626,-3.685185185185185,489.05787592592594,0.24268877777777775,7.26214074074074,0.2222222222222222,0.8791703703703704,0.1993759259259259,4.055555555555555,0.6113861386138614,0.19339622641509435,0.0,0.2225594156218108,0.2622295103763863,-0.5355279048895881,-1.0819798307326662,0.2193891111111111,804.8966333333333,0.0,54.0,0.323719089130048
kingggggg,jng,EBL,3,47,0.574,Cyber Wolves|Valiance,60.4,51.6,58.7,62.0,62.6,58.4,6.0,5.2,5.9,6.2,6.3,5.8,329.40425531914894,129.70212765957447,0.19148936170212766,351.615985106383,0.16074590425531915,5.207593617021277,0.3617021276595745,1.0723297872340427,0.23194042553191488,7.212765957446808,0.7236662106703147,0.1933028919330289,0.0,0.15110376544984191,0.4095731083844581,0.7312116564417177,-0.8442829299045812,0.19072904255319148,769.0078234042554,0.0,47.0,0.11900425865740218
2y1,bot,LDL,2,60,0.45,Oh My God Academy,48.5,72.1,56.1,51.8,65.2,58.4,4.8,7.2,5.6,5.2,6.5,5.8,0.0,0.0,0.0,559.3178983333333,0.25630121666666666,9.161365,0.0,1.3350733333333333,0.40035166666666666,4.433333333333334,0.6632882882882883,0.1396103896103896,2.3666666666666667,0.2125190598874809,0.0,0.0,-0.8971025977969445,0.27257224999999996,0.0,0.0,60.0,0.5501697693478514
Alvaro,sup,LVP SL,2,29,0.552,G2 Arctic|G2 Esports Academy,70.2,59.8,47.2,55.6,44.3,58.4,7.0,6.0,4.7,5.6,4.4,5.8,136.13793103448276,-141.06896551724137,-17.379310344827587,274.13260344827586,0.11396565517241379,0.9852103448275863,0.06896551724137931,2.6278758620689655,0.3204896551724138,15.310344827586206,0.7364705882352941,0.24310776942355888,0.0,0.21344514229580686,-0.17552143361713188,-0.7189277614603858,-0.9869349934073969,0.10485754137931035,385.06316896551726,0.0,29.0,-0.06476946694193
Fisher,mid,LCKC,2,33,0.455,EDward Gaming|Liiv SANDBOX Youth,67.2,58.6,57.4,53.6,43.4,58.4,6.7,5.9,5.7,5.4,4.3,5.8,144.6,184.4,3.24,663.7402303030303,0.297655,8.443924242424242,0.21212121212121213,1.2220757575757575,0.2564090909090909,8.303030303030303,0.6314741035856574,0.20208333333333334,0.0,0.20716976055959105,0.0,0.6350467350131219,-0.9316739663173722,0.22959230303030304,372.22803200000004,0.0,33.0,-0.22772935195543112
DANKI,top,GLLPA,3,26,0.577,Pentagon Maze,52.5,64.1,62.4,62.6,50.1,58.4,5.2,6.4,6.2,6.3,5.0,5.8,-48.53846153846154,71.76923076923077,1.2692307692307692,470.7698269230769,0.2113091923076923,7.452861538461539,0.5,1.0515076923076923,0.1712153846153846,4.3076923076923075,0.524731182795699,0.16210045662100456,0.0,0.31976216554529807,0.0,-0.5533991411521945,-0.9478016862158175,0.20929469230769232,885.8549192307692,0.0,26.0,0.279847425301971
Chookies,sup,PGC,2,66,0.606,Team Ambition|Team Pending|University of St. Thomas,69.8,40.4,69.3,51.2,63.4,58.3,7.0,4.0,6.9,5.1,6.3,5.8,40.40909090909091,159.84848484848484,6.924242424242424,222.8485181818182,0.09172771212121211,1.3357378787878786,0.045454545454545456,1.9015287878787879,0.19637272727272725,7.424242424242424,0.6672038678485093,0.20159857904085257,0.0,0.29329510386873403,0.08067223381843189,0.5478925082334707,-0.8894851127882156,0.10560299545454545,431.91378636363635,0.0,66.0,0.21285331704233051
Blaber,jng,LCS,1,78,0.577,Cloud9,72.9,50.2,49.3,56.8,53.3,58.3,7.3,5.0,4.9,5.7,5.3,5.8,201.43589743589743,237.2051282051282,8.397435897435898,318.47517179487176,0.16007944615384614,6.75498717948718,0.2692307692307692,1.4399153846153847,0.375974358974359,7.564102564102564,0.7195242814667988,0.22103004291845493,0.0,0.17305953764690687,0.038154980063635255,-0.45068015224133073,-0.8989232458663251,0.18988473076923076,939.7814384615384,0.0,78.0,-0.1102367889113486
CoreJJ,sup,LCS,1,64,0.594,Team Liquid,45.2,69.4,56.1,69.3,55.1,58.3,4.5,6.9,5.6,6.9,5.5,5.8,48.65625,-96.375,-5.421875,148.314475,0.07282266875,1.01725,0.0,2.81666875,0.4011078125,12.4375,0.7561837455830389,0.2253731343283582,0.0,0.2001117286831573,-0.1658963593955987,-0.33151164827465396,-0.7677337021052753,0.0893180375,362.828103125,0.0,64.0,0.0371524932362037
Wixo,sup,LFL2,2,55,0.509,PCS Taran,66.3,49.4,67.5,54.2,50.5,58.3,6.6,4.9,6.8,5.4,5.0,5.8,190.3272727272727,22.12727272727273,12.690909090909091,176.3521618181818,0.08501615818181818,1.5479472727272727,0.03636363636363636,2.2308145454545456,0.26965818181818185,15.254545454545454,0.7115384615384616,0.22854077253218885,0.0,0.4218619318233776,-0.15623310317276531,-0.4099454628825648,-0.9930468201692215,0.10650831818181819,449.9985454545454,0.0,55.0,-0.16952423130456792
EdbyK,top,HM,3,26,0.385,BRUTE,71.3,60.5,41.4,54.3,48.8,58.3,7.1,6.0,4.1,5.4,4.9,5.8,373.84615384615387,237.84615384615384,8.153846153846153,558.4298,0.2670828076923077,8.094430769230769,0.5,0.901773076923077,0.15277307692307693,2.576923076923077,0.5898876404494382,0.18465227817745802,0.0,0.12467191601049868,0.0,0.0,-1.1458958051776174,0.2518228846153846,658.4255346153847,0.0,26.0,0.5327329407689644
Tomo,bot,LCSA,2,97,0.505,FlyQuest Academy,68.4,49.6,50.6,50.9,72.1,58.3,6.8,5.0,5.1,5.1,7.2,5.8,263.2680412371134,140.27835051546393,7.742268041237113,630.8448092783505,0.27843643298969073,9.187481443298969,0.7319587628865979,1.1351175257731958,0.33949690721649484,4.061855670103093,0.6206185567010309,0.18275862068965518,0.0,0.19778198958900792,0.2121167509085464,-0.738560961376359,-0.9155251563431369,0.26498011340206185,350.7366824742268,0.0,97.0,0.30548188130752774
Dhokla,top,LCSA,2,81,0.593,CLG Academy|Counter Logic Gaming,68.5,54.0,50.9,50.2,62.9,58.3,6.8,5.4,5.1,5.0,6.3,5.8,359.51851851851853,174.01234567901236,9.271604938271604,516.1823407407408,0.2400947654320988,8.721555555555556,0.49382716049382713,0.9774185185185186,0.18238148148148148,4.098765432098766,0.5271453590192644,0.22147001934235977,0.0,0.1582232639938984,-0.08724194429273618,0.17877298379756051,-0.9415793550620005,0.23884782716049383,716.7022432098765,0.0,81.0,-0.08128528046844383
Aegis,jng,CBLOL,15,77,0.571,RED Canids,67.0,41.6,62.0,60.1,65.3,58.3,6.7,4.2,6.2,6.0,6.5,5.8,261.7402597402597,300.2597402597403,6.896103896103896,294.2792831168831,0.14658892337662338,6.49825974025974,0.33766233766233766,1.0515324675324675,0.2179818181818182,9.311688311688311,0.6938775510204082,0.18824609733700642,0.0,0.16644859731887646,0.33090025624097835,0.4282756324900134,-0.9175064741047645,0.20407371428571427,893.2037519480518,0.0,77.0,-0.0900597938239094
Davo,sup,VL,3,47,0.851,Descuydado Aucas Esports,71.3,57.8,50.8,39.2,62.3,58.3,7.1,5.8,5.1,3.9,6.2,5.8,357.8936170212766,213.46808510638297,2.021276595744681,190.9293574468085,0.08307574680851064,1.497095744680851,0.10638297872340426,2.836159574468085,0.42080638297872336,9.382978723404255,0.6060948081264108,0.2236842105263158,0.0,0.1765329156493297,-0.23394669343147093,-0.5545709644070301,-0.7896500638516182,0.10594030425531914,379.2972042553192,0.0,47.0,-0.1494590086499573
KNEZA,bot,HC,3,38,0.5,IKISEQ|IKISEQ Gaming|KIA.eSuba Academy,69.6,57.9,54.1,48.6,49.7,58.3,7.0,5.8,5.4,4.9,5.0,5.8,127.1842105263158,107.36842105263158,4.7631578947368425,621.5917578947368,0.2955901842105263,9.0788,1.394736842105263,1.2097236842105261,0.3738394736842105,2.5789473684210527,0.6624548736462094,0.20236087689713322,0.0,0.24862981055641606,0.10368781056205066,0.09305517430688989,-1.0404461273919505,0.28024339473684207,302.35072105263157,0.0,38.0,-0.013741145253382178
Kaido,jng,PGC,2,71,0.62,Ginger Turmeric|Taco Gaming,74.4,49.9,51.6,47.4,59.6,58.3,7.4,5.0,5.2,4.7,6.0,5.8,57.140845070422536,227.59154929577466,5.704225352112676,488.3693070422536,0.18816722816901407,6.695729577464789,0.6056338028169014,1.2833619718309859,0.2801732394366197,6.309859154929577,0.6539343009931246,0.1958762886597938,0.0,0.13107743924944243,0.3497438393414523,-0.2070922961348414,-0.9526468288946875,0.21046384507042254,724.2860563380282,0.0,71.0,-0.09039061121461651
Town,mid,PGC,2,41,0.488,CLG Faith|Zenigma,68.4,46.4,61.5,59.9,52.5,58.3,6.8,4.6,6.2,6.0,5.2,5.8,219.78048780487805,407.9024390243902,4.414634146341464,579.4515243902439,0.257396,7.860241463414634,0.6829268292682927,0.8627463414634146,0.10484878048780488,3.5853658536585367,0.6223175965665236,0.15336463223787167,0.0,0.2358058608058608,0.07634839650145779,0.0,-0.7941035173366412,0.23388558536585366,514.7328219512195,0.0,41.0,-0.02759234534935468
Wen,top,LDL,2,30,0.533,Invictus Gaming Young,67.3,51.7,66.8,52.6,46.2,58.3,6.7,5.2,6.7,5.3,4.6,5.8,0.0,0.0,0.0,666.1763666666667,0.2843617666666667,7.89066,0.0,0.8767966666666667,0.13715333333333335,5.733333333333333,0.5798816568047337,0.22767857142857142,0.6,0.2547406634997876,0.0,0.0,-0.7459217362048479,0.22245016666666664,0.0,0.0,30.0,-0.25583188741083474
CaptainSexy,bot,HC,3,28,0.571,ERKO Esports,52.5,55.8,74.0,62.6,51.9,58.3,5.2,5.6,7.4,6.3,5.2,5.8,176.53571428571428,-29.535714285714285,2.4642857142857144,543.0180714285714,0.23983687142857144,8.501910714285714,0.7142857142857143,0.8833821428571429,0.27566428571428575,3.3214285714285716,0.6738095238095239,0.145,0.0,0.17525834071449664,1.0220900594732372,2.2285471537807986,-0.7870928327843945,0.25616625,308.3963357142857,0.0,28.0,0.11245245576318834
Bin,top,LPL,1,140,0.621,Bilibili Gaming|Royal Never Give Up,69.5,44.0,66.4,42.4,71.0,58.2,7.0,4.4,6.6,4.2,7.1,5.8,475.18518518518516,443.48148148148147,8.25925925925926,487.1125778571428,0.2358755042857143,8.62207857142857,0.10714285714285714,0.9441821428571427,0.16708857142857142,4.735714285714286,0.5105189340813464,0.20340975896531452,3.982300884955752,0.24479708336378989,-0.14071316896796973,0.0010997377548430164,-0.849513597239893,0.23888932857142856,471.5313370370371,0.0,140.0,-0.06538113056168439
Jouzef,jng,UPL,2,20,0.5,University of Michigan,75.8,38.2,71.3,45.8,56.2,58.2,7.6,3.8,7.1,4.6,5.6,5.8,127.2,200.9,3.7,505.49298,0.1958608,5.94411,0.7,1.1286049999999999,0.24903499999999998,9.05,0.6517647058823529,0.25213675213675213,0.0,0.36998514115898967,-0.26636670416197966,0.0,-0.7571760789293365,0.20086430000000002,980.3912550000001,0.0,20.0,0.5254508103172794
Armut,top,LEC,1,57,0.509,MAD Lions KOI,62.4,63.0,49.9,58.0,48.5,58.2,6.2,6.3,5.0,5.8,4.8,5.8,185.52631578947367,186.01754385964912,3.7719298245614037,470.8061421052632,0.24367433333333333,8.022226315789474,0.2631578947368421,1.1810315789473684,0.19342105263157897,6.368421052631579,0.573076923076923,0.21447368421052632,1.6666666666666667,0.2018869130135259,-0.2879217876885669,-0.5071680257161001,-0.9355005852503336,0.225943350877193,735.3273824561403,0.0,57.0,-0.06951676331937423
Breezy,sup,LCSA,2,91,0.56,CLG Academy|Counter Logic Gaming,56.5,59.0,57.7,57.9,61.8,58.2,5.7,5.9,5.8,5.8,6.2,5.8,122.3956043956044,104.86813186813187,1.065934065934066,171.25657802197802,0.07691471758241758,1.041221978021978,0.0,2.5658153846153846,0.3246912087912088,13.043956043956044,0.6824224519940916,0.20184899845916796,0.0,0.1938917131728084,0.3536343983825903,0.0,-0.9871827830576194,0.09436845824175823,404.8519032967033,0.0,91.0,-0.21639435761195464
Matsukaze,bot,CBLOL,15,44,0.523,Liberty,52.6,63.0,63.5,60.6,51.8,58.2,5.3,6.3,6.3,6.1,5.2,5.8,171.77272727272728,-5.7727272727272725,-4.9772727272727275,505.0728840909091,0.2640310090909091,7.750538636363637,0.9090909090909091,1.3608636363636364,0.3666340909090909,5.9772727272727275,0.7078464106844741,0.16636851520572452,0.0,0.18635969936576235,0.20050815159856014,0.2957865763286046,-0.7823132143891707,0.2491703409090909,242.07219090909092,0.0,44.0,-0.23475609756097565
iOC,bot,SL (LATAM),3,25,0.24,Fantasy Gaming|Instinct Gaming,65.7,49.0,72.3,56.0,43.7,58.2,6.6,4.9,7.2,5.6,4.4,5.8,82.52,98.72,7.48,648.146836,0.30905896,8.304892,0.44,0.9365479999999999,0.156916,5.56,0.6487252124645893,0.13606911447084233,0.0,0.3378852536747273,0.0,1.0673146670535325,-0.7979330279306538,0.25644632,249.352812,0.0,25.0,-0.36548347613219095
Hook,jng,LDL,2,43,0.628,Team Pinnacle,51.3,68.1,64.9,50.5,55.4,58.2,5.1,6.8,6.5,5.0,5.5,5.8,0.0,0.0,0.0,328.7093395348837,0.1601259953488372,6.238037209302325,0.0,1.4142511627906977,0.3395883720930232,7.046511627906977,0.6956521739130435,0.1887966804979253,11.55813953488372,0.3374368883625257,-0.13123727087576384,-0.8014256619144603,-0.7998268964723525,0.20120197674418605,0.0,0.0,43.0,0.05463391845416774
Zin,sup,VCS,15,38,0.316,AS Esports,52.6,62.0,77.8,54.9,42.1,58.2,5.3,6.2,7.8,5.5,4.2,5.8,-164.55263157894737,6.552631578947368,-3.973684210526316,148.88512894736843,0.07410569736842106,1.3045368421052632,0.10526315789473684,2.511607894736842,0.3687815789473684,11.447368421052632,0.6466019417475728,0.16024653312788906,0.0,0.3345780433159074,0.0,2.921200750469043,-1.0110871263138126,0.09742166578947369,438.9749342105263,0.0,38.0,-0.3741738688357904
2Trick,sup,ESLOL,3,21,0.619,Northern Lions Esports,73.4,51.0,53.1,52.4,50.2,58.2,7.3,5.1,5.3,5.2,5.0,5.8,79.0,248.9047619047619,-8.238095238095237,296.55930952380953,0.11143283333333333,0.6068142857142858,0.0,2.260957142857143,0.2433904761904762,7.761904761904762,0.7079439252336449,0.21806853582554517,0.0,0.16774193548387098,0.0,-0.061569016881827233,-0.856997519651391,0.10011179047619047,325.8028857142857,0.0,21.0,0.2209739588229763
Pockus,sup,PGC,2,76,0.474,Area of Effect Randoms|Wildcard Aces|Wildcard Gaming|Winthrop University,59.5,54.5,58.7,54.7,65.9,58.1,6.0,5.5,5.9,5.5,6.6,5.8,-71.19736842105263,-52.276315789473685,0.6973684210526315,204.51860789473685,0.09133056842105262,1.0400065789473683,0.039473684210526314,2.481089473684211,0.33007105263157893,12.526315789473685,0.6864951768488746,0.22846441947565543,0.0,0.2811331160198143,0.09009059727478397,-0.6730574755783527,-0.926695002640974,0.09749895657894736,432.1580197368421,0.0,76.0,0.23522702494171321
FoFo,mid,LPL,1,67,0.522,Bilibili Gaming,55.9,59.2,65.5,56.9,53.1,58.1,5.6,5.9,6.5,5.7,5.3,5.8,0.0,0.0,0.0,548.9584940298507,0.27140205970149256,8.217086567164179,0.0,1.1169059701492539,0.21169253731343285,4.611940298507463,0.6765350877192983,0.1570926143024619,3.373134328358209,0.23427545819856904,0.04919996443554605,0.16280946014476047,-0.7395960464709789,0.22233485074626866,0.0,0.0,67.0,-0.18898162317230946
PatkicaA,top,EBL,3,31,0.516,Cyberground Gaming|Partizan Esports,54.7,59.4,56.6,64.8,57.1,58.1,5.5,5.9,5.7,6.5,5.7,5.8,88.48387096774194,10.387096774193548,6.903225806451613,474.61075161290324,0.22920212903225806,7.8110451612903224,0.3548387096774194,0.8885483870967742,0.15341290322580645,3.935483870967742,0.6084070796460177,0.20316622691292877,0.0,0.27911111111111114,-0.7666909696906573,0.0,-0.8054457871472512,0.22550622580645163,868.9339774193548,0.0,31.0,0.3232050967900024
Gabenx,bot,GL,3,29,0.345,NOCTA,65.8,66.0,44.5,59.0,38.7,58.1,6.6,6.6,4.5,5.9,3.9,5.8,224.9655172413793,-102.48275862068965,7.206896551724138,587.219051724138,0.30064351724137933,8.901362068965517,1.1379310344827587,1.2680448275862068,0.2787620689655172,5.0,0.7341176470588235,0.1785028790786948,0.0,0.20227246561633766,0.0,-0.5373465418743163,-1.0562081738807787,0.2897166551724138,285.18487586206896,0.0,29.0,-0.5623808779878144
scamber,sup,CBLOLA,3,35,0.429,Liberty Academy,51.9,62.9,62.5,60.7,53.6,58.1,5.2,6.3,6.2,6.1,5.4,5.8,-71.22857142857143,20.17142857142857,-1.5714285714285714,164.22088857142856,0.08388628285714285,0.9664485714285713,0.02857142857142857,2.809337142857143,0.34057714285714286,19.82857142857143,0.7115384615384616,0.23652173913043478,0.0,0.32618340580478666,-0.529423870077086,0.0,-0.839302001794568,0.08963002285714286,435.3309885714286,0.0,35.0,-0.17483911559740953
BrokenSword,top,HC,3,51,0.647,Team Sampi,64.6,47.9,67.8,50.2,61.8,58.1,6.5,4.8,6.8,5.0,6.2,5.8,277.47058823529414,298.921568627451,8.803921568627452,451.6530098039216,0.23389360784313723,8.024674509803921,0.6274509803921569,0.8385823529411764,0.11856470588235295,4.294117647058823,0.5306633291614519,0.19370078740157481,0.0,0.24434293097083795,0.06635504217418016,0.658052047283024,-0.7607832609775524,0.23669374509803923,697.8920823529412,0.0,51.0,-0.28688924846894825
haichao,mid,LDL,2,59,0.271,LGD Gaming|LGD Gaming Young Team,42.0,70.2,67.4,62.7,53.2,58.1,4.2,7.0,6.7,6.3,5.3,5.8,0.0,0.0,0.0,426.762679661017,0.24741085254237286,8.437333898305084,0.0,0.9363796610169491,0.20326610169491524,5.559322033898305,0.7208931419457735,0.11358313817330211,1.0338983050847457,0.31386334955831985,0.0,0.0,-0.8277320055010999,0.24699766101694917,0.0,0.0,59.0,-0.30083031400966176
Sty1e,bot,VCS,15,88,0.761,GAM Esports,59.1,52.8,58.4,52.5,74.4,58.1,5.9,5.3,5.8,5.2,7.4,5.8,70.4659090909091,74.625,-4.613636363636363,596.5463625,0.2519762272727273,9.278405681818182,1.0795454545454546,1.41595,0.41203636363636365,4.886363636363637,0.6641651031894934,0.21384750219106047,0.0,0.19755466214265016,0.2791721540249782,-0.6033226726015455,-0.8404694394719411,0.2574262465909091,317.15439545454547,0.0,88.0,0.30038385427842573
Joxardo,top,VL,3,29,0.517,Waia Snikt,71.1,68.5,39.5,48.5,40.3,58.1,7.1,6.8,4.0,4.8,4.0,5.8,497.8965517241379,420.7931034482759,10.379310344827585,533.3147448275862,0.2589748275862069,8.15358275862069,0.3448275862068966,1.3923310344827586,0.17235517241379308,7.655172413793103,0.5033259423503326,0.19413092550790068,0.0,0.16254177109440268,-0.37668256716988757,-0.85801098515835,-1.0434434058785336,0.23908562068965517,795.0812068965517,0.0,29.0,-0.5274141117980751
1Haru,jng,SL (LATAM),3,20,0.65,Spectacled Bears,63.3,67.3,52.2,51.9,41.5,58.1,6.3,6.7,5.2,5.2,4.2,5.8,175.65,88.45,4.7,410.61019,0.16680213,6.567449999999999,0.3,1.6233,0.428405,10.6,0.6546546546546547,0.19217081850533807,0.0,0.18308106118858627,-0.2656405578991374,0.0,-0.8598997430408205,0.20028975,824.7075950000001,0.0,20.0,-0.5146821463967153
silkysmath,bot,PRM,3,31,0.452,WAVE Esports,71.6,42.6,56.5,58.4,59.8,58.1,7.2,4.3,5.7,5.8,6.0,5.8,449.5806451612903,149.48387096774192,2.3548387096774195,677.8468032258064,0.3034762129032258,8.116909677419354,0.8387096774193549,0.5425451612903226,0.16359032258064515,0.22580645161290322,0.7111553784860558,0.1696035242290749,0.0,0.25988500663423264,0.0,-0.3925538863487916,-0.8809651508470394,0.2602714193548387,219.98173225806454,0.0,31.0,0.7064097398111904
Kenapil,jng,GLL,3,24,0.458,Gamespace Mediterranean College Esports,55.2,56.2,58.9,62.3,62.5,58.1,5.5,5.6,5.9,6.2,6.2,5.8,-129.79166666666666,-68.0,-0.5,379.6553916666667,0.165793,5.275058333333333,0.4166666666666667,1.23945,0.31095,8.5,0.7013698630136986,0.20050761421319796,0.0,0.18076597407672765,0.0,2.2149584874066837,-1.0683184560020318,0.18381262499999998,859.331325,0.0,24.0,1.7209241952232608
VicLa,mid,LCK,1,84,0.571,KT Rolster|KT Rolster Challengers,67.2,48.5,59.2,55.3,57.5,58.0,6.7,4.8,5.9,5.5,5.8,5.8,124.86904761904762,138.03571428571428,2.1666666666666665,551.0816202380952,0.27929735714285714,8.825634523809523,0.35714285714285715,1.1653880952380953,0.25097619047619046,11.297619047619047,0.6921692169216922,0.21926910299003322,0.0,0.3079385494819578,-0.3371752068515025,-0.7004100740310639,-0.7890955636428925,0.23304976190476193,396.83541071428573,0.0,84.0,-0.12327603111314452
Eyliph,top,NLC,2,48,0.583,Cyberground Gaming|Dusty,60.9,61.5,49.9,60.5,50.8,58.0,6.1,6.2,5.0,6.0,5.1,5.8,263.625,109.35416666666667,3.8333333333333335,505.44501875,0.22841489583333333,7.5164937499999995,0.2708333333333333,1.06436875,0.18766666666666665,5.229166666666667,0.5623409669211196,0.21732522796352582,0.0,0.18299840510366827,-0.16165746804312398,-0.8627355657868397,-0.8226332220279282,0.21818089583333333,829.4900520833334,0.0,48.0,-0.25619311992691246
dtro,sup,UPL,2,29,0.379,"University of California, Irvine",76.0,54.4,51.8,45.2,46.5,58.0,7.6,5.4,5.2,4.5,4.7,5.8,110.27586206896552,68.20689655172414,2.206896551724138,238.56856551724138,0.10835242068965517,1.1745896551724138,0.13793103448275862,2.312568965517241,0.3514655172413793,10.96551724137931,0.655310621242485,0.1927927927927928,0.0,0.2161717354665057,-0.24574016197544243,0.0,-1.0032353438215376,0.11576442758620689,366.86330689655176,0.0,29.0,0.09960415755986193
Xun,jng,LPL,1,96,0.427,Bilibili Gaming|Invictus Gaming,64.1,50.1,65.5,49.6,61.2,58.0,6.4,5.0,6.5,5.0,6.1,5.8,0.0,0.0,0.0,351.0147729166667,0.17690408854166664,6.04369375,0.0,1.3061791666666667,0.31743645833333334,10.65625,0.7315112540192926,0.21585279547062985,11.291666666666666,0.21837309338695934,0.0,1.3866627668909035,-0.9844820759725995,0.19776195833333332,0.0,0.0,96.0,0.20254492579344877
Selfmade,jng,LEC,1,26,0.462,Team Vitality,78.0,40.4,72.2,42.1,48.5,58.0,7.8,4.0,7.2,4.2,4.8,5.8,110.07692307692308,246.76923076923077,10.346153846153847,369.02175,0.1827991,6.031665384615384,0.5,1.3649461538461538,0.3571730769230769,8.653846153846153,0.6318840579710145,0.2292817679558011,12.727272727272727,0.2677841801990571,0.09946524064171115,0.8823529411764705,-0.9266215194166129,0.1861361923076923,850.377976923077,0.0,26.0,0.41135707410972105
M0NK,bot,ESLOL,3,54,0.556,GRP Esports|KRC Genk Esports,69.7,46.3,64.7,44.1,63.4,58.0,7.0,4.6,6.5,4.4,6.3,5.8,458.537037037037,29.5,5.851851851851852,642.2670814814816,0.3058426111111111,8.79820925925926,0.8148148148148148,1.1087500000000001,0.2993222222222222,4.537037037037037,0.6288384512683578,0.21005154639175258,0.0,0.28092663121586664,0.03667996309915159,0.41704455387653816,-0.8396711001097605,0.2680807777777778,278.7399722222222,0.0,54.0,-0.05165186906984729
Dragdar,bot,ESLOL,3,66,0.561,Team Echo Zulu|The Agency,56.0,58.7,54.5,58.2,66.3,58.0,5.6,5.9,5.5,5.8,6.6,5.8,-120.1969696969697,-83.1969696969697,-1.8333333333333333,609.4655196969697,0.270913,8.615421212121213,0.8484848484848485,1.0501333333333334,0.24214848484848484,4.954545454545454,0.6558577405857741,0.12784398699891658,0.0,0.2180184984838557,-0.026481173121340653,-0.29333404952462805,-0.8154792199507217,0.2504422121212121,232.8607212121212,0.0,66.0,-0.36033415841584154
Puma,bot,LCO,15,70,0.5,ORDER,63.5,55.4,51.4,59.4,56.8,58.0,6.3,5.5,5.1,5.9,5.7,5.8,96.82857142857142,222.04285714285714,8.685714285714285,546.1505871428571,0.27006245714285715,9.27669,0.9857142857142858,1.0983357142857142,0.31291714285714284,4.2,0.7048503611971104,0.15654952076677317,0.0,0.17504045307443364,0.060203008590881624,-0.4834777029194738,-0.909693166967295,0.26683434285714286,263.7643,0.0,70.0,-0.4099518283336982
Hugato,jng,CBLOLA,3,42,0.5,Miners|Miners Academy,48.1,75.4,48.3,63.5,50.7,58.0,4.8,7.5,4.8,6.3,5.1,5.8,-5.5476190476190474,57.95238095238095,1.5238095238095237,277.64629761904763,0.13860670714285714,5.738038095238095,0.40476190476190477,1.6285142857142856,0.5251904761904762,12.095238095238095,0.7341549295774648,0.1975736568457539,0.0,0.22393387637757553,-0.7268457405986185,0.0,-1.0101092214745422,0.19293985714285716,806.2464595238096,0.0,42.0,-0.3718069255653117
Pyl,sup,LMF,2,47,0.426,Cruzados Esports|Undead Gaming,66.2,62.3,43.0,52.9,54.6,58.0,6.6,6.2,4.3,5.3,5.5,5.8,207.48936170212767,213.06382978723406,5.723404255319149,165.639,0.08337335319148936,1.3800574468085107,0.0425531914893617,2.7785255319148936,0.4072063829787234,16.425531914893618,0.6857142857142857,0.23829201101928374,0.0,0.22473805068592917,-0.7902676964367195,0.0,-1.124041452679419,0.09993662765957446,456.68920212765954,0.0,47.0,0.38230316279397775
No One,jng,VL,3,32,0.5,God's Plan|Waia Snikt,53.8,69.1,50.9,62.8,47.4,58.0,5.4,6.9,5.1,6.3,4.7,5.8,6.375,-66.90625,-2.46875,344.42149374999997,0.183573596875,6.17974375,0.28125,1.432940625,0.384753125,10.625,0.7342342342342343,0.19047619047619047,0.0,0.23776012868201465,-0.7537324840764331,0.0,-0.9677120858530484,0.20287521875,823.44539375,0.0,32.0,-0.27199999999999996
Sparda,top,VCS,15,38,0.5,Team Secret|Team Whales,65.8,48.6,58.7,57.5,59.0,58.0,6.6,4.9,5.9,5.8,5.9,5.8,71.36842105263158,107.23684210526316,0.9210526315789473,587.393747368421,0.25938465789473686,8.279465789473685,0.3684210526315789,0.9384736842105262,0.15925526315789473,5.815789473684211,0.5765765765765766,0.23388581952117865,0.0,0.2166315789473684,0.0,0.0,-0.9828347881834043,0.22805142105263157,821.4209631578947,0.0,38.0,0.6678277656538525
yyc,sup,LDL,2,35,0.257,Qing Jiu E-sport Club|Weibo Gaming Youth Team,53.8,59.5,73.7,54.6,48.7,58.0,5.4,6.0,7.4,5.5,4.9,5.8,0.0,0.0,0.0,175.77615714285716,0.08589656857142858,1.0826285714285715,0.0,2.4316685714285717,0.32195714285714283,10.8,0.7030456852791879,0.19584569732937684,0.0,0.3657744820343083,0.0,0.0,-0.6938473061642257,0.09355689428571429,0.0,0.0,35.0,-0.2948192394784102
Paduck,bot,LAS,3,60,0.517,DRX Academy,60.9,55.4,54.3,56.1,64.2,58.0,6.1,5.5,5.4,5.6,6.4,5.8,12.516666666666667,-89.9,-2.783333333333333,640.7734633333333,0.28900145,8.702113333333333,0.8333333333333334,1.1126633333333333,0.3090833333333334,2.8833333333333333,0.6904761904761905,0.20227272727272727,0.0,0.20738823885000637,-0.06128888431594482,0.5534648626401893,-0.9205214576860078,0.27148791666666666,325.02955833333334,0.0,60.0,-0.09764493514126193
JiaQi,bot,LDL,2,32,0.594,Top Esports Challenger,63.3,69.2,43.8,54.9,43.6,58.0,6.3,6.9,4.4,5.5,4.4,5.8,0.0,0.0,0.0,703.511240625,0.30548803125,8.1293375,0.0,1.34506875,0.401584375,3.53125,0.7346153846153847,0.1987704918032787,1.65625,0.19010796390288065,-0.8119882083196857,0.0,-0.9178933246314375,0.265051375,0.0,0.0,32.0,-0.23633663559802248
Forsen,bot,UPL,2,82,0.5,Area of Effect Randoms|CB Gaming|Supernova|Team Ambition,72.4,45.7,49.6,54.3,63.8,57.9,7.2,4.6,5.0,5.4,6.4,5.8,573.3536585365854,190.609756097561,4.146341463414634,648.2716219512196,0.2747788780487805,8.278879268292684,0.9024390243902439,1.0228963414634147,0.2233719512195122,4.353658536585366,0.6601689408706952,0.18225255972696247,0.0,0.2249518359128088,-0.08723147403178823,-0.9111145166851845,-0.8699413629913073,0.26494726829268295,277.31444146341465,0.0,82.0,-0.13298777568174083
PowerOfEvil,mid,LCS,1,40,0.225,Immortals,60.9,61.6,53.7,60.8,44.0,57.9,6.1,6.2,5.4,6.1,4.4,5.8,-63.4,-14.65,-2.95,547.790245,0.31516485,8.920852499999999,0.175,0.9825649999999999,0.20987499999999998,4.575,0.7301136363636364,0.15934065934065933,3.5,0.2584502103786816,-0.1776076314798544,0.0,-0.9746429373672978,0.25349594999999997,311.79805999999996,0.0,40.0,-0.007105202842081026
Vulcan,sup,LCS,1,123,0.61,Evil Geniuses,51.1,55.1,61.2,61.9,71.6,57.9,5.1,5.5,6.1,6.2,7.2,5.8,-3.6260162601626016,18.528455284552845,-1.4308943089430894,154.29185203252032,0.0756640593495935,1.0752739837398375,0.008130081300813009,2.666677235772358,0.3105617886178862,16.24390243902439,0.7075688073394495,0.21334310850439883,0.0,0.20337466711051935,0.10937647405806764,-0.10241107488686678,-0.8058296044341264,0.08884282926829269,384.3425260162602,0.0,123.0,0.27130780814416544
Brolia,sup,GLL,3,28,0.714,WLGaming Esports,67.6,60.8,49.2,54.0,44.1,57.9,6.8,6.1,4.9,5.4,4.4,5.8,286.2142857142857,512.6071428571429,5.035714285714286,161.79173571428572,0.08475801785714286,1.2003785714285713,0.0,2.7616214285714284,0.3937964285714286,13.357142857142858,0.7066115702479339,0.2599388379204893,0.0,0.19405825885468386,-0.2972808122147018,-0.6635447819927593,-0.8496835295613023,0.09974210357142857,468.45467142857143,0.0,28.0,-0.5729002279502017
Cimpo,bot,TAL,3,34,0.559,Dark Passage Academy,66.4,54.4,55.5,52.9,54.0,57.9,6.6,5.4,5.5,5.3,5.4,5.8,169.91176470588235,151.61764705882354,6.764705882352941,574.0789205882353,0.2877620294117647,8.671914705882353,1.1470588235294117,1.0051676470588236,0.26715,2.6176470588235294,0.6742738589211619,0.16778523489932887,0.0,0.21929840274667858,0.21032097889696755,-0.7339953892534137,-0.8056523736549519,0.26287047058823526,224.76145294117646,0.0,34.0,0.04082268619507635
ProDelta,sup,CBLOLA,3,53,0.755,paiN Gaming Academy,59.4,60.3,50.0,53.6,65.3,57.9,5.9,6.0,5.0,5.4,6.5,5.8,181.37735849056602,179.75471698113208,8.226415094339623,156.2637924528302,0.0718372396226415,1.2561660377358492,0.018867924528301886,2.8000245283018868,0.38071132075471703,16.150943396226417,0.7050279329608938,0.26207906295754024,0.0,0.20967014099078773,-0.008146617193611578,-0.5503470013301718,-0.9785970749312792,0.09703601132075472,440.70000188679245,0.0,53.0,0.15476913527713843
Denathor,top,UPL,2,41,0.488,Tempest Gaming|Winthrop University,74.4,45.9,55.0,55.0,50.4,57.9,7.4,4.6,5.5,5.5,5.0,5.8,478.4390243902439,370.9512195121951,11.121951219512194,584.6949804878049,0.24746119512195122,7.855885365853658,0.4146341463414634,0.7618268292682927,0.11631463414634147,1.7804878048780488,0.4978601997146933,0.16862170087976538,0.0,0.2253270786226137,-0.3830835331734613,0.0,-0.8896904697867369,0.23204029268292684,845.080687804878,0.0,41.0,-0.02011812476928749
Deletus,jng,ESLOL,3,31,0.452,Hortus esports|Team 7AM,76.4,39.8,62.5,52.9,51.6,57.9,7.6,4.0,6.2,5.3,5.2,5.8,339.51612903225805,276.3225806451613,6.612903225806452,477.46611935483867,0.2144625612903226,5.90833870967742,0.6451612903225806,0.6858774193548387,0.15567096774193548,2.3548387096774195,0.7136929460580913,0.1848906560636183,0.0,0.23559212832087773,0.4358829122246275,-0.47535047437946315,-0.851088695906175,0.21299609677419354,656.8510677419355,0.0,31.0,-0.06937040985548448
Leb,jng,LVP SL,2,42,0.476,Barça eSports|Esport Empire,65.2,57.6,50.2,58.5,48.8,57.8,6.5,5.8,5.0,5.8,4.9,5.8,200.45238095238096,217.21428571428572,5.976190476190476,331.18595238095236,0.18165603095238095,5.932145238095238,0.21428571428571427,1.2921261904761905,0.29688333333333333,8.19047619047619,0.7091932457786116,0.2013888888888889,0.0,0.24189723320158105,-0.4109869487332594,-0.7611532884074043,-0.8760065793148539,0.20022264285714284,730.2811095238095,0.0,42.0,-0.21130221130221133
Dan,jng,NLC,2,70,0.629,JD|XL,54.1,58.8,60.2,56.1,64.2,57.8,5.4,5.9,6.0,5.6,6.4,5.8,-17.942857142857143,21.142857142857142,1.0571428571428572,344.0169257142857,0.14399330428571427,5.638148571428572,0.22857142857142856,1.4292114285714286,0.35792714285714283,10.32857142857143,0.6379598662207357,0.17551462621885158,0.0,0.20161498420607732,0.2544289873827242,-0.4663422840504691,-0.7825637053277122,0.17406605714285714,800.6753957142857,0.0,70.0,-0.0056359803232607615
Treatz,sup,LEC,1,36,0.389,SK Gaming,59.4,47.7,70.3,62.8,52.3,57.8,5.9,4.8,7.0,6.3,5.2,5.8,-23.72222222222222,281.19444444444446,-1.5,155.70815833333333,0.08537569444444444,0.887325,0.0,2.5154388888888892,0.27215833333333334,14.583333333333334,0.7002583979328165,0.21428571428571427,0.0,0.35026296018031555,0.0,0.0,-0.9781595137282002,0.08485333611111111,390.0225027777778,0.0,36.0,0.535135135135135
Bwipo,top,LCS,1,80,0.637,Team Liquid,74.4,43.8,55.2,48.6,62.5,57.8,7.4,4.4,5.5,4.9,6.2,5.8,396.9875,217.7875,7.075,543.49714125,0.26723766250000003,8.672766249999999,0.35,1.0418850000000002,0.17454625,7.0,0.5902712815715622,0.2822085889570552,0.0,0.18352158359441448,-0.05574341976015608,0.041197296427422016,-0.925004922445438,0.24246902499999998,819.2582812500001,0.0,80.0,0.29728669499836546
HAWHAW,mid,PGN,3,54,0.648,Macko Esports,49.5,57.2,63.8,61.8,66.2,57.8,5.0,5.7,6.4,6.2,6.6,5.8,96.24074074074075,156.75925925925927,-3.9814814814814814,471.64959074074073,0.21647107592592593,8.065353703703703,0.7037037037037037,0.9075537037037037,0.16601111111111114,5.203703703703703,0.6461716937354989,0.13630573248407643,0.0,0.20383832509450422,0.11909353564894289,0.9383869851159573,-0.7656546799742039,0.23117211111111113,397.3788074074074,0.0,54.0,0.07523564906416294
ST3PZ,bot,CBLOLA,3,35,0.4,KaBuM! Academy,47.0,60.1,62.3,66.1,62.9,57.8,4.7,6.0,6.2,6.6,6.3,5.8,-119.17142857142858,-251.22857142857143,-4.714285714285714,523.06934,0.279698,8.112374285714287,0.6285714285714286,1.114242857142857,0.26506285714285716,7.2,0.7188841201716738,0.18029350104821804,0.0,0.26412799756774225,0.0,0.0,-0.7801784048494022,0.2421162857142857,287.5251914285714,0.0,35.0,0.5931844592343385
Jiashi,mid,CBLOLA,3,25,0.4,Liberty Academy,46.5,67.7,62.4,66.7,46.4,57.8,4.7,6.8,6.2,6.7,4.6,5.8,-111.48,-142.72,-1.76,530.851656,0.26046412,7.729324,0.32,1.2468000000000001,0.193148,10.2,0.6853932584269663,0.16904761904761906,0.0,0.37389380530973454,-0.6969249692496925,0.0,-0.7634447182078801,0.21417000000000003,388.77755599999995,0.0,25.0,-0.1864615384615384
Chikitow,jng,DDH,3,31,0.484,Atheris Esports|Spirituals|Tomorrow Esports,54.9,66.2,64.2,53.8,43.3,57.8,5.5,6.6,6.4,5.4,4.3,5.8,-80.16129032258064,-45.225806451612904,-0.6451612903225806,355.24355483870966,0.17536925806451614,5.825464516129033,0.3870967741935484,1.544783870967742,0.39346774193548384,10.0,0.6978260869565217,0.20704845814977973,0.0,0.2789807110438729,0.0,1.2533009793634138,-1.1025829254262014,0.19367061290322582,701.355564516129,0.0,31.0,-0.3615022539628096
XERSUS,sup,LFL2,2,41,0.317,beGenius ESC,42.8,73.5,58.9,68.1,45.8,57.8,4.3,7.3,5.9,6.8,4.6,5.8,-158.53658536585365,-257.1219512195122,-3.2439024390243905,151.0052926829268,0.07448138048780488,1.1552341463414635,0.04878048780487805,2.840439024390244,0.3959512195121951,15.097560975609756,0.7693877551020408,0.1977491961414791,0.0,0.26423757564643313,0.2751639577986883,-0.5893926432848589,-0.9645357548150576,0.09505260243902439,385.6637707317073,0.0,41.0,-0.2179607242181735
Kamel,jng,LAS,3,60,0.3,HANJIN BRION Academy,51.6,75.3,46.7,50.0,60.3,57.8,5.2,7.5,4.7,5.0,6.0,5.8,-452.35,-195.9,-1.5333333333333334,372.2722566666667,0.18635580333333335,5.948463333333334,0.4666666666666667,1.8279733333333332,0.5149966666666667,9.566666666666666,0.7,0.20275590551181102,0.0,0.2210291806651534,-0.321937428920885,-0.5606506018925821,-1.0861474827868012,0.20122115,611.2156533333333,0.0,60.0,-0.2459569536988122
Empanadita,jng,GL,3,22,0.591,Ramo Awake Gaming,80.8,43.5,61.9,42.5,45.9,57.8,8.1,4.3,6.2,4.2,4.6,5.8,936.1818181818181,807.3181818181819,17.454545454545453,472.2153318181818,0.22838290909090908,6.855127272727273,1.1363636363636365,1.0389590909090909,0.2395636363636364,9.227272727272727,0.6868131868131868,0.2177121771217712,0.0,0.26931697931697934,-0.38867828726062087,-0.7164667393675027,-0.7133686918346278,0.22589368181818184,637.6032409090909,0.0,22.0,-0.44816261819828995
Batuuu,sup,TAL,3,23,0.652,Dark Passage Academy,62.9,56.8,56.1,55.0,53.6,57.8,6.3,5.7,5.6,5.5,5.4,5.8,310.1304347826087,149.3913043478261,4.565217391304348,159.43830869565218,0.07556470869565217,1.4850043478260868,0.043478260869565216,2.1967739130434785,0.31055652173913045,13.434782608695652,0.754874651810585,0.22992700729927007,0.0,0.23407643312101906,-0.5454081632653061,-0.41454081632653056,-0.7108041044368109,0.10613519565217391,330.89795652173916,0.0,23.0,0.12216624685138532
Betty,bot,LPL,1,83,0.386,Anyone's Legend,48.1,66.0,57.9,68.4,49.0,57.7,4.8,6.6,5.8,6.8,4.9,5.8,0.0,0.0,0.0,525.3522722891566,0.27372618072289157,8.546913253012049,0.0,1.2561180722891567,0.406044578313253,4.397590361445783,0.7541625857002938,0.16048317515099222,0.9518072289156626,0.23121879514408095,0.0,0.0,-0.9386350627814253,0.25775401204819276,0.0,0.0,83.0,-0.16916570229700373
Jeskla,bot,LFL,2,109,0.688,Vitality.Bee,67.8,43.1,57.3,52.6,71.8,57.7,6.8,4.3,5.7,5.3,7.2,5.8,359.6880733944954,102.12844036697248,4.3119266055045875,625.0579972477065,0.267001376146789,8.665388073394496,0.9724770642201835,1.164583486238532,0.22127155963302753,6.256880733944954,0.6424897119341564,0.2085987261146497,0.0,0.22776410679487363,-0.0035493398145370306,-0.4951335922511815,-0.7798666227092491,0.24867442201834863,306.24384495412846,0.0,109.0,-0.2435700434422172
Doran,top,LCK,1,108,0.75,Gen.G,63.2,49.1,57.3,54.3,68.0,57.7,6.3,4.9,5.7,5.4,6.8,5.8,163.90740740740742,101.12962962962963,2.9444444444444446,510.54336666666666,0.23959201851851852,8.365114814814815,0.2777777777777778,1.0536759259259258,0.2201574074074074,7.175925925925926,0.5714285714285714,0.2587890625,0.0,0.19664955005338347,-0.20977287528492342,-0.1549084368361477,-0.8364091438747588,0.2203987685185185,749.7729351851851,0.0,108.0,0.11017921868707219
Darshan,top,LCSA,2,93,0.624,Cloud9|Cloud9 Academy,67.5,43.3,55.4,56.0,70.0,57.7,6.8,4.3,5.5,5.6,7.0,5.8,355.2795698924731,420.89247311827955,9.827956989247312,486.7028612903226,0.23044448817204302,7.832425806451614,0.3118279569892473,0.7854645161290322,0.12298279569892473,3.075268817204301,0.5208475734791524,0.21396993810786913,0.0,0.20474196564827044,0.0819528260314957,-0.6610153767655449,-0.8618746128740925,0.2171414516129032,826.7466354838709,0.0,93.0,0.06983736425462922
Conse,top,PGN,3,44,0.523,GGEsports|Samsung Morning Stars,47.9,62.5,68.7,55.7,59.6,57.7,4.8,6.2,6.9,5.6,6.0,5.8,-20.545454545454547,96.27272727272727,2.840909090909091,453.30491818181815,0.2050238181818182,8.133475,0.25,0.9856090909090909,0.1706022727272727,3.977272727272727,0.5041899441340782,0.14285714285714285,0.0,0.24939879324564831,0.031999594299913774,1.167199148029819,-0.8183995293360142,0.23048702272727273,800.2022477272727,0.0,44.0,-0.04272634791454729
Jeyrus,bot,TAL,3,47,0.596,Beşiktaş Academy|Beşiktaş Esports|İstanbul Wildcats Academy,56.4,64.3,47.1,55.2,64.2,57.7,5.6,6.4,4.7,5.5,6.4,5.8,358.72340425531917,171.9787234042553,3.148936170212766,475.6759042553191,0.2518302340425532,9.23807659574468,0.8936170212765957,1.1320765957446808,0.3279936170212766,4.872340425531915,0.691131498470948,0.15714285714285714,0.0,0.21263950340091128,-0.7630454967502323,0.0,-0.794576058563567,0.270103914893617,225.6185255319149,0.0,47.0,0.22393882646691649
Drakehero,jng,CBLOLA,3,39,0.436,Liberty Academy,45.4,70.0,54.2,66.7,54.4,57.7,4.5,7.0,5.4,6.7,5.4,5.8,11.666666666666666,-132.5897435897436,0.10256410256410256,286.89412564102565,0.14366448205128204,5.126910256410256,0.28205128205128205,1.4424615384615385,0.4490461538461538,11.282051282051283,0.7657342657342657,0.2260596546310832,0.0,0.2664696107727082,-0.7171093515084696,0.0,-0.9795044396231717,0.1763475641025641,767.5523025641025,0.0,39.0,0.050723854618646334
TopLop,mid,LMF,2,66,0.758,Leviatan,55.8,56.1,57.3,56.4,68.3,57.7,5.6,5.6,5.7,5.6,6.8,5.8,34.57575757575758,143.03030303030303,-1.1363636363636365,545.8199712121212,0.26365933333333336,8.05653484848485,0.4090909090909091,1.181140909090909,0.21413636363636365,4.166666666666667,0.6438631790744467,0.20186335403726707,0.0,0.24085690311489502,-0.30180389736234753,-0.4478835012265776,-0.7067852074165841,0.22325457575757576,363.05181818181813,0.0,66.0,0.31067790656831745
Oddie,jng,LLA,15,50,0.58,Movistar R7,53.4,57.7,58.3,68.5,53.5,57.7,5.3,5.8,5.8,6.8,5.3,5.8,116.68,12.94,-3.74,281.044962,0.14206322999999998,5.578138,0.3,1.227814,0.315768,9.3,0.7385524372230429,0.18288590604026847,0.0,0.22905749221538696,-0.3563021928839021,-0.23738668135219856,-0.7562641910945729,0.18419888,827.6807460000001,0.0,50.0,-0.31644403500690915
Recap,mid,LJL,15,63,0.571,Rascal Jester,47.1,68.0,52.7,66.2,57.2,57.7,4.7,6.8,5.3,6.6,5.7,5.8,-154.28571428571428,-104.63492063492063,-3.6507936507936507,444.0992396825397,0.23824776666666667,8.168901587301587,0.5714285714285714,1.148768253968254,0.25095555555555554,4.587301587301587,0.7404202719406675,0.16115702479338842,0.0,0.15331714500258428,0.15842076475560615,-0.30299338670379394,-0.8119342070721738,0.22506476190476188,312.08652380952384,0.0,63.0,-0.2831632128965102
Maggie,jng,LDL,2,98,0.612,Joy Dream|Weibo Gaming Youth Team,47.4,67.1,59.2,51.1,69.7,57.7,4.7,6.7,5.9,5.1,7.0,5.8,0.0,0.0,0.0,301.4655275510204,0.1396251,5.377718367346938,0.0,1.4549959183673469,0.3683897959183674,9.39795918367347,0.6973154362416107,0.22464375523889354,13.714285714285714,0.23036362134106494,-0.0030501754190565187,-0.21946873085704743,-0.8579204781904234,0.18366664285714288,0.0,0.0,98.0,-0.09955897087945483
Froggy,mid,VCS,15,114,0.526,Saigon Buffalo,46.3,57.7,60.5,61.3,78.0,57.7,4.6,5.8,6.0,6.1,7.8,5.8,-216.50877192982455,-113.60526315789474,-5.833333333333333,512.3830736842106,0.23748342982456142,8.035557894736842,0.37719298245614036,1.1710912280701755,0.2593719298245614,4.315789473684211,0.650375939849624,0.1814268142681427,0.0,0.23517934177832656,-0.08833851561443815,0.012392411337929978,-0.8632222353586164,0.21548411403508771,431.7635254385965,0.0,114.0,0.26677275293876085
walker,jng,LAS,3,60,0.517,DRX Academy,58.4,56.1,55.9,53.2,67.5,57.7,5.8,5.6,5.6,5.3,6.8,5.8,40.95,220.16666666666666,3.75,331.93140500000004,0.15068410833333334,5.639261666666667,0.5166666666666667,1.2506333333333333,0.3497583333333333,7.983333333333333,0.6699134199134199,0.19318181818181818,0.0,0.2035315667089501,-0.033584465634019504,0.09828893722243812,-0.9031905589387406,0.19409688333333333,758.48121,0.0,60.0,0.10207324679953676
Emiw,top,ESLOL,3,21,0.619,Northern Lions Esports,51.9,56.2,67.4,68.7,48.2,57.7,5.2,5.6,6.7,6.9,4.8,5.8,-271.23809523809524,22.666666666666668,-6.285714285714286,544.1733476190477,0.20104328571428573,7.237461904761905,0.5714285714285714,0.9595333333333335,0.1153,4.095238095238095,0.5887850467289719,0.20249221183800623,0.0,0.27054521276595744,0.0,0.4363885088919288,-0.7923418295853261,0.21192328571428573,1057.1010142857142,0.0,21.0,0.0852102215890145
Fresskowy,mid,LVP SL,2,51,0.51,G2 Arctic|G2 Esports Academy,64.6,51.1,61.4,53.9,54.0,57.6,6.5,5.1,6.1,5.4,5.4,5.8,226.86274509803923,144.64705882352942,5.686274509803922,597.4643254901961,0.2573275490196078,8.693076470588235,0.5294117647058824,1.0086215686274511,0.1611235294117647,5.607843137254902,0.6350267379679144,0.17693315858453473,0.0,0.29689114274188894,-0.20470683708663026,-0.47551787100971726,-0.8053474202087476,0.2418955294117647,371.50392156862745,0.0,51.0,-0.12418934181342314
bobista,top,HM,3,40,0.475,Dynamo Eclot|MNM Gaming,52.3,57.3,67.7,54.1,62.3,57.6,5.2,5.7,6.8,5.4,6.2,5.8,-40.175,-60.5,2.825,486.20298,0.24458510000000003,8.296185,0.275,1.0140125,0.14060250000000002,5.0,0.5575868372943327,0.20446735395189003,0.0,0.3054794520547945,-0.07649439394944603,0.08273071054202878,-0.791563554433281,0.235925275,762.4170449999999,0.0,40.0,0.2896458101937551
EvanRL,bot,PGC,2,47,0.383,DK Crew|Harrisburg University|Maryville University,67.9,57.9,41.5,61.6,47.2,57.6,6.8,5.8,4.2,6.2,4.7,5.8,512.0,187.48936170212767,1.6382978723404256,579.9864106382979,0.2717892978723404,7.9934957446808514,0.8723404255319149,1.1654617021276594,0.2427531914893617,4.1063829787234045,0.671919770773639,0.14709517923362175,0.0,0.18832891246684352,-0.8310636880760369,0.0,-0.9961639777640269,0.26090921276595747,283.41990212765955,0.0,47.0,-0.20000216781018643
HungryPanda,sup,PGN,3,54,0.556,FC Schalke 04 Esports|aNc Outplayed,60.6,56.0,53.8,50.9,67.2,57.6,6.1,5.6,5.4,5.1,6.7,5.8,32.98148148148148,111.81481481481481,6.851851851851852,171.93888703703703,0.08008405185185186,1.6176814814814815,0.05555555555555555,2.689972222222222,0.40951111111111116,17.40740740740741,0.7016229712858927,0.2855245683930943,0.0,0.25479883520532476,-0.3228773216603713,-0.4262485481997676,-0.9067348686714328,0.09996895925925926,481.0142425925926,0.0,54.0,0.15230521523787735
Peng,mid,LFL,2,58,0.31,Team Oplon,46.3,54.8,74.5,56.7,70.5,57.6,4.6,5.5,7.5,5.7,7.0,5.8,-166.10344827586206,-217.58620689655172,-4.431034482758621,548.1316568965517,0.272492124137931,8.3874,0.43103448275862066,0.9573103448275863,0.17952758620689654,5.275862068965517,0.6541244573082489,0.1631753031973539,0.0,0.23467289719626166,1.0547368421052634,2.031578947368421,-1.025383905619869,0.24047194827586207,303.1653810344828,0.0,58.0,1.0872313527180786
Cody Sun,bot,LFL,2,43,0.349,Mirage Elyandra,47.8,64.6,66.1,62.7,49.1,57.6,4.8,6.5,6.6,6.3,4.9,5.8,-43.27906976744186,-224.2093023255814,-6.465116279069767,521.149923255814,0.2960485348837209,9.146606976744186,0.5813953488372093,1.2032441860465115,0.3366046511627907,4.72093023255814,0.6899563318777293,0.148975791433892,0.0,0.34453879067299076,0.0,0.09368376430690968,-0.9860602678011992,0.26479403720930234,277.50165813953487,0.0,43.0,0.017810218978102126
Ralf,bot,GLL,3,47,0.447,Auxesis Esports|Gamespace Mediterranean College Esports,61.3,50.3,67.6,54.1,55.6,57.6,6.1,5.0,6.8,5.4,5.6,5.8,4.276595744680851,-256.97872340425533,-1.0212765957446808,616.0362702127659,0.2953314893617021,8.674570212765957,1.2127659574468086,1.0787659574468085,0.2620382978723404,3.6382978723404253,0.6838995568685377,0.2073976221928666,0.0,0.25238396087486137,0.44853773039849315,1.5733150241718552,-1.00169656373458,0.26333348936170214,293.7854553191489,0.0,47.0,-0.04267283617310602
Taba,bot,PGN,3,42,0.5,Cyberground Gaming|GGEsports,54.9,62.0,58.9,56.2,54.9,57.6,5.5,6.2,5.9,5.6,5.5,5.8,-87.92857142857143,-54.166666666666664,2.238095238095238,601.5836095238095,0.27407640476190476,8.038902380952381,0.5238095238095238,1.4046928571428572,0.3482928571428571,6.214285714285714,0.6527131782945736,0.18981481481481483,0.0,0.22902748877450443,-0.0905143079366106,1.048481705933824,-0.9262412602075949,0.24310559523809525,297.7452738095238,0.0,42.0,-0.018058192414676155
Rharesh,bot,PGN,3,54,0.648,Macko Esports,48.5,56.4,64.7,66.1,62.4,57.6,4.8,5.6,6.5,6.6,6.2,5.8,-59.81481481481482,101.85185185185185,-0.6666666666666666,533.3014203703704,0.23427518333333333,8.003287037037037,0.5555555555555556,1.1780814814814815,0.30538333333333334,4.111111111111111,0.648491879350348,0.17452229299363056,0.0,0.19037119193265098,0.51064050895642,1.1763609729848232,-0.8687538760587739,0.226342,382.3775685185185,0.0,54.0,-0.07835203928249321
Netuno,bot,CBLOL,15,57,0.596,FURIA,50.0,61.6,61.7,55.7,65.1,57.6,5.0,6.2,6.2,5.6,6.5,5.8,-159.71929824561403,-119.82456140350877,1.5789473684210527,532.2700175438597,0.26689501754385964,9.409585964912281,0.7192982456140351,1.308401754385965,0.39125789473684214,5.508771929824562,0.6588957055214724,0.15243101182654403,0.0,0.2659083477617621,-0.3326766142328311,-0.4643245989692967,-0.7766409545742968,0.2647391754385965,269.49281929824565,0.0,57.0,0.19210097228093484
kksh,bot,CBLOLA,3,54,0.611,Flamengo Academy|LØS Academy,48.5,62.3,59.9,59.2,65.2,57.6,4.8,6.2,6.0,5.9,6.5,5.8,-80.48148148148148,-144.0,-2.1481481481481484,534.9172722222222,0.26151085185185186,8.785133333333333,0.6666666666666666,1.117425925925926,0.27671851851851853,5.574074074074074,0.6957637997432606,0.15447154471544716,0.0,0.20648880348828613,-0.009989825178059294,0.5562390158172231,-0.7688035841752178,0.2553330740740741,223.92541296296295,0.0,54.0,-0.04014696657406575
Jason,mid,VL,3,25,0.48,God's Plan|Hooked Esports,62.6,67.5,40.6,62.7,39.6,57.6,6.3,6.8,4.1,6.3,4.0,5.8,77.52,197.2,5.8,516.31838,0.27396456,7.813204000000001,0.76,1.2336239999999998,0.211476,8.08,0.7230769230769231,0.2054794520547945,0.0,0.16335307343952876,-0.5445336242499805,0.0,-1.005894875419076,0.22410992,311.504656,0.0,25.0,-0.35396141496747996
Chordy,mid,LMF,2,57,0.702,Boca Juniors Gaming,53.6,52.1,66.9,62.4,61.0,57.6,5.4,5.2,6.7,6.2,6.1,5.8,113.9298245614035,11.666666666666666,-0.8245614035087719,537.8835596491228,0.2709585263157895,7.668915789473684,0.22807017543859648,0.9449298245614035,0.16582456140350876,3.508771929824561,0.6934673366834171,0.19524617996604415,0.0,0.28822275178728207,-0.09188480833547728,-0.12979161306920503,-0.6989419929919888,0.2205977894736842,307.3285385964912,0.0,57.0,0.004815355671326147
Winsome,sup,PRM,3,64,0.688,Cloud9|Cloud9 Academy|Unicorns of Love Sexy Edition,43.4,64.6,59.2,57.2,76.2,57.6,4.3,6.5,5.9,5.7,7.6,5.8,-45.59375,-56.328125,-1.796875,136.7574625,0.0652958546875,0.974071875,0.015625,2.794715625,0.3737203125,12.984375,0.6858638743455497,0.214992927864215,0.0,0.23749319337379038,-0.17707016578812207,-0.21012943203634157,-0.7733245851184323,0.0880594421875,366.5366359375,0.0,64.0,0.6077144599800809
Tore,sup,LVP SL,2,33,0.333,MAD Lions Madrid,67.9,60.2,48.6,56.4,39.6,57.6,6.8,6.0,4.9,5.6,4.0,5.8,161.33333333333334,5.212121212121212,2.515151515151515,205.10591515151515,0.10243416969696971,1.0512969696969696,0.030303030303030304,2.6357878787878786,0.38524848484848484,10.333333333333334,0.6962962962962963,0.23529411764705882,0.0,0.2639287177386317,0.0,-0.8009116503552755,-1.130950873019886,0.09227929393939394,357.1957545454545,0.0,33.0,-0.28585100628320187
Sponge,jng,LCKC,2,46,0.522,Kiwoom DRX Challengers,50.2,62.5,64.5,60.1,52.8,57.6,5.0,6.2,6.5,6.0,5.3,5.8,76.1304347826087,-31.108695652173914,0.34782608695652173,280.41285217391305,0.13354428913043478,5.082691304347826,0.2608695652173913,1.4411021739130434,0.4470195652173913,11.76086956521739,0.6699029126213593,0.21178343949044587,0.0,0.2997685160028256,-0.022256141187693833,-0.10622466014786563,-0.915862678874726,0.161574,748.3845543478261,0.0,46.0,-0.010225406777130836
Meaning,top,LCKC,2,70,0.429,Liiv SANDBOX Youth,52.3,69.4,45.0,60.9,57.0,57.5,5.2,6.9,4.5,6.1,5.7,5.8,71.45714285714286,-143.1,2.942857142857143,466.33320285714285,0.2369955257142857,8.384287142857142,0.24285714285714285,1.0829971428571428,0.22851428571428573,8.528571428571428,0.5910543130990416,0.20136186770428016,0.0,0.16517801789035516,0.0,0.0,-1.168054917759157,0.2343636857142857,697.4155814285714,0.0,70.0,0.1319788313939093
Bonnie,jng,LCKC,2,86,0.547,KT Rolster Challengers,46.6,66.7,55.0,56.8,69.2,57.5,4.7,6.7,5.5,5.7,6.9,5.8,60.30232558139535,-31.46511627906977,-1.5930232558139534,243.55945000000003,0.11809361162790698,5.477463953488372,0.3488372093023256,1.5398395348837208,0.45716744186046515,11.5,0.6494156928213689,0.18271119842829076,0.0,0.22912811931845609,-0.2329597091790367,-0.5204685448853883,-0.8102450406090401,0.1732704069767442,732.2782395348837,0.0,86.0,0.0470694048868236
Hang,sup,LPL,1,97,0.464,FunPlus Phoenix|LNG Esports,54.1,60.0,55.5,56.9,63.8,57.5,5.4,6.0,5.5,5.7,6.4,5.8,0.0,0.0,0.0,163.6009206185567,0.08313509587628866,1.189561855670103,0.0,2.5692309278350516,0.3523278350515464,13.505154639175258,0.7322175732217573,0.21722560975609756,0.041237113402061855,0.18078418396889734,0.24815623180044313,0.33216674740239605,-1.059669098380489,0.09419263711340206,0.0,0.0,97.0,0.438006628488716
Bull,bot,LCKC,2,72,0.458,DN SOOPers Challengers,52.9,64.7,44.6,65.8,59.2,57.5,5.3,6.5,4.5,6.6,5.9,5.8,-52.638888888888886,-62.138888888888886,1.8333333333333333,544.5959291666667,0.26245609722222224,9.029065277777779,0.9166666666666666,1.1113208333333333,0.33239444444444444,5.513888888888889,0.7221609702315325,0.15273477812177502,0.0,0.2100042034468264,-0.639326938709153,-0.668346610307267,-0.8446132049912719,0.26398672222222225,261.7720708333334,0.0,72.0,-0.25828365451268537
Kaiser,sup,LEC,1,57,0.509,MAD Lions KOI,53.0,62.1,56.5,68.6,45.7,57.5,5.3,6.2,5.7,6.9,4.6,5.8,32.333333333333336,-78.45614035087719,3.6315789473684212,146.73760350877194,0.07737933684210525,0.9211649122807017,0.017543859649122806,2.665838596491228,0.35057894736842105,14.894736842105264,0.735897435897436,0.21578947368421053,0.0,0.20290075252481266,0.24369690506901862,-0.20830364751407454,-0.9681210798546203,0.0869611701754386,415.8304087719298,0.0,57.0,-0.08065295510762052
Perkz,mid,LEC,1,45,0.467,Team Vitality,64.8,52.4,69.0,46.5,50.0,57.5,6.5,5.2,6.9,4.7,5.0,5.8,185.33333333333334,126.91111111111111,7.844444444444444,523.8645022222222,0.2484609111111111,8.987453333333333,0.35555555555555557,1.1263644444444445,0.27089555555555556,3.977777777777778,0.6352739726027398,0.19532554257095158,4.0,0.278300048709206,0.1424113549882157,0.943804395054576,-0.9750066368028169,0.24328291111111108,399.45522444444447,0.0,45.0,0.20581785727258112
Wylenz,top,LFL2,2,42,0.476,Joblife,67.3,54.5,56.7,50.4,50.4,57.5,6.7,5.5,5.7,5.0,5.0,5.8,675.0,156.0,10.880952380952381,475.3051214285714,0.22631759523809522,8.608376190476191,0.3333333333333333,0.9107952380952381,0.18488095238095237,5.190476190476191,0.5220228384991843,0.20109689213893966,0.0,0.2693098105130461,-0.391033509267215,-0.8608076592610777,-0.8139229779575908,0.24893490476190477,795.3815833333333,0.0,42.0,-0.1557056979910599
Papiteero,top,LPLOL,3,67,0.597,White Dragons,62.1,53.7,48.1,55.7,68.9,57.5,6.2,5.4,4.8,5.6,6.9,5.8,207.8507462686567,121.11940298507463,8.686567164179104,504.5541268656716,0.22408326716417912,7.4485238805970155,0.5223880597014925,0.8858776119402985,0.17522089552238806,2.328358208955224,0.5469767441860465,0.21535181236673773,0.0,0.2255743046063551,-0.4951977526227659,-0.5185607244783735,-0.9218633294095181,0.22264153731343284,813.7572835820895,0.0,67.0,-0.08987281792335984
Kaori,bot,LCSA,2,109,0.431,Evil Geniuses|Evil Geniuses Academy,70.7,46.6,43.3,52.2,74.0,57.5,7.1,4.7,4.3,5.2,7.4,5.8,258.57798165137615,172.2018348623853,11.119266055045872,601.8622339449541,0.287289623853211,9.605687155963302,1.0825688073394495,0.9424669724770642,0.2421577981651376,3.302752293577982,0.6495049504950495,0.16401780038143673,0.0,0.19198773039581662,-0.23274671346625725,-0.8362014332374592,-0.9490849752566711,0.2840120366972477,308.2069568807339,0.0,109.0,0.2979351135078716
Grave,bot,TAL,3,49,0.612,NASR eSports Turkey|NASR eSports Turkey Academy,58.5,51.3,64.0,50.9,68.3,57.5,5.8,5.1,6.4,5.1,6.8,5.8,228.6530612244898,-3.4489795918367347,6.081632653061225,497.5413346938775,0.2695865306122449,9.393477551020409,1.1224489795918366,0.9955020408163265,0.279134693877551,4.714285714285714,0.6911976911976911,0.2007168458781362,0.0,0.27500297401560087,-0.08962894439305166,0.09253263439202387,-0.737436264127786,0.2668340816326531,230.88045714285715,0.0,49.0,0.38291543624161073
Kryzpo,top,LHE,2,71,0.634,Movistar Optix,53.0,56.2,62.5,61.6,59.6,57.5,5.3,5.6,6.2,6.2,6.0,5.8,42.521126760563384,127.40845070422536,2.915492957746479,465.6731126760563,0.21161578169014086,7.512028169014085,0.2535211267605634,0.9410957746478874,0.15495915492957746,6.014084507042254,0.5353356890459364,0.1867739052725648,0.0,0.24399423673053688,-0.09408785187528317,0.047672214820513516,-0.8361856186151647,0.20918508450704223,757.7061732394366,0.0,71.0,-0.21916540196110093
Neadz,mid,LHE,2,71,0.634,Movistar Optix,68.6,54.2,46.8,50.2,60.7,57.5,6.9,5.4,4.7,5.0,6.1,5.8,230.64788732394365,112.90140845070422,9.225352112676056,607.1717309859155,0.2746054647887324,8.565623943661972,0.6901408450704225,1.1406619718309858,0.26708309859154933,5.126760563380282,0.6395759717314488,0.22430741733690795,0.0,0.2101934032746031,-0.27559398881714914,-0.5075174116941584,-0.9305034304051215,0.24553712676056338,483.5137605633803,0.0,71.0,0.029940385324612746
Vahvel,sup,CBLOLA,3,44,0.614,LOUD Academy,54.6,57.3,59.7,58.1,61.4,57.5,5.5,5.7,6.0,5.8,6.1,5.8,192.9090909090909,120.04545454545455,-0.6363636363636364,150.1644931818182,0.07086918409090909,0.922575,0.022727272727272728,2.429484090909091,0.3071909090909091,13.181818181818182,0.7328859060402685,0.23599320882852293,0.0,0.2904822977806814,-0.09411293154784635,-0.509398237925822,-0.873882344009,0.09370489318181817,351.8756045454545,0.0,44.0,0.05428583812702407
Dioge,mid,CBLOLA,3,25,0.36,KaBuM! Academy,56.6,61.3,54.5,58.9,53.3,57.5,5.7,6.1,5.5,5.9,5.3,5.8,85.0,116.16,3.44,516.407976,0.27066796,8.924072,0.44,1.016608,0.188752,4.88,0.7032640949554896,0.18309859154929578,0.0,0.25587606837606836,0.0,0.0,-0.9719660884105423,0.25190464,386.56203600000003,0.0,25.0,0.6669484361792056
Darwin,jng,LDL,2,80,0.463,LNG Academy|LNG Esports,50.3,66.3,54.9,59.0,57.5,57.5,5.0,6.6,5.5,5.9,5.8,5.8,0.0,0.0,0.0,303.95725125,0.164717845,5.46031875,0.0,1.315645,0.358055,9.875,0.7190569744597249,0.1962085308056872,6.6125,0.19464019851116626,0.0,0.0,-0.9416999665359532,0.17872056249999999,0.0,0.0,80.0,-0.4171684817424729
Zyko,sup,PGC,2,38,0.5,Maryville University,69.2,58.7,44.6,54.0,47.7,57.5,6.9,5.9,4.5,5.4,4.8,5.8,117.47368421052632,183.10526315789474,1.605263157894737,215.24156315789475,0.09773462105263157,1.0122473684210527,0.02631578947368421,2.5175394736842107,0.3398842105263158,11.947368421052632,0.7021276595744681,0.21869782971619364,0.0,0.22815313267254705,-0.6360594263095533,0.0,-1.131684043390014,0.10055839210526316,295.81368947368424,0.0,38.0,0.17604726100966694
Jons,bot,UPL,2,28,0.714,Wild West Bandits,66.0,43.1,67.4,62.5,47.9,57.5,6.6,4.3,6.7,6.2,4.8,5.8,206.71428571428572,368.82142857142856,-2.7857142857142856,655.2613607142857,0.24194489285714285,7.6971750000000005,0.7857142857142857,0.9085428571428571,0.17038214285714284,2.857142857142857,0.6656346749226006,0.17184265010351968,0.0,0.22407221664994983,-0.08606299014045445,0.8881912398819879,-0.7506884672535482,0.24126135714285715,325.5355785714286,0.0,28.0,-0.09330244313395124
Akainu,mid,LJLA,3,20,0.5,Sengoku Gaming Academy,70.2,53.1,59.4,53.4,38.3,57.5,7.0,5.3,5.9,5.3,3.8,5.8,408.85714285714283,179.14285714285714,4.642857142857143,652.336735,0.2860366,8.61217,0.4,1.032515,0.19511499999999998,5.65,0.6363636363636364,0.19696969696969696,0.0,0.20863599677159,0.2571588545832668,0.3429451287793952,-0.86313423677917,0.25138595,503.4464214285714,0.0,20.0,-0.5425790754257908
Soboro,top,LCKC,2,69,0.319,HANJIN BRION|HANJIN BRION Challengers,60.3,58.8,49.3,57.2,57.9,57.4,6.0,5.9,4.9,5.7,5.8,5.7,-119.72463768115942,81.2463768115942,-0.014492753623188406,506.38701739130437,0.26884447826086955,8.441508695652175,0.391304347826087,0.8477057971014493,0.17395797101449276,3.579710144927536,0.5807743658210948,0.1892130857648099,0.0,0.19917823103054644,0.0,0.0,-1.1372539646460122,0.2491444927536232,634.2475289855072,0.0,69.0,0.16608260905200198
Hadess,jng,LVP SL,2,53,0.472,Barça eSports|MAD Lions Madrid,48.1,59.5,69.1,56.0,62.6,57.4,4.8,6.0,6.9,5.6,6.3,5.7,-200.71698113207546,-140.28301886792454,1.2075471698113207,321.5831226415095,0.14829609433962265,5.3928358490566035,0.22641509433962265,1.5249905660377359,0.38217358490566034,12.471698113207546,0.6630286493860846,0.22007722007722008,0.0,0.37557699179020143,-0.29880828161897965,-0.04970069745730125,-0.8608009705522109,0.17162045283018867,784.0275094339622,0.0,53.0,0.345666893887753
many,mid,UL,2,66,0.606,Illuminar Gaming|Komil & Friends,53.5,54.8,60.6,63.7,59.8,57.4,5.3,5.5,6.1,6.4,6.0,5.7,69.78787878787878,-82.92424242424242,-0.6818181818181818,576.3056560606061,0.2544477363636364,8.087931818181818,0.4393939393939394,0.9711424242424243,0.15632424242424242,3.878787878787879,0.6459074733096085,0.15195530726256984,0.0,0.2417491749174918,-0.04834131873146244,-0.04973762263289978,-0.7850498239125846,0.21890725757575757,381.84380454545453,0.0,66.0,-0.12255689424364138
Gadget,bot,PRM,3,74,0.527,SK Gaming|SK Gaming Prime,65.5,49.6,43.7,59.9,69.0,57.4,6.5,5.0,4.4,6.0,6.9,5.7,161.4189189189189,22.216216216216218,-3.1216216216216215,666.5822743243243,0.28331289189189185,8.128794594594595,0.9594594594594594,1.1050432432432433,0.28028378378378377,4.04054054054054,0.6852966466036113,0.22273567467652494,0.0,0.23796681353578816,-0.7749090463883076,-0.13385428776498412,-0.9675780774401903,0.2481252702702703,355.6613675675676,0.0,74.0,-0.183025958744567
promisq,sup,UL,2,60,0.5,AGO ROGUE|Astralis,52.6,62.9,59.4,58.5,53.7,57.4,5.3,6.3,5.9,5.8,5.4,5.7,68.68333333333334,24.7,-1.2666666666666666,172.21350333333334,0.07596487,1.0452983333333334,0.0,2.7784899999999997,0.35734499999999997,16.9,0.6948798328108673,0.22184300341296928,0.0,0.24955153856768322,-0.010141010890214838,0.0919647874133733,-0.9735067568697533,0.09204804000000001,402.75806833333337,0.0,60.0,-0.10969627387537832
Impact,top,LCS,1,123,0.61,Evil Geniuses,59.8,48.3,58.6,58.3,68.3,57.4,6.0,4.8,5.9,5.8,6.8,5.7,69.1219512195122,35.77235772357724,-0.2032520325203252,481.83217967479675,0.23797222845528457,7.873237398373983,0.45528455284552843,0.9952430894308943,0.17502357723577236,3.6991869918699187,0.5814220183486238,0.2287390029325513,0.0,0.20969773646897982,-0.003535390089198479,-0.12743677534068887,-0.9381692283335595,0.22481802845528456,745.8625601626017,0.0,123.0,0.10773929295391114
Rich,top,LPL,1,96,0.667,Victory Five,57.7,60.8,57.7,44.9,65.8,57.4,5.8,6.1,5.8,4.5,6.6,5.7,0.0,0.0,0.0,553.7084645833334,0.24871265625000002,8.129238541666666,0.0,1.0828635416666665,0.26310937500000003,4.25,0.536472148541114,0.23031329381879762,5.354166666666667,0.2106011235126727,-0.15377387170770818,-0.5346157035071719,-0.8394081768766356,0.22147075000000002,0.0,0.0,96.0,0.137210628349869
Avarosa,mid,TAL,3,45,0.6,Dark Passage Academy,62.2,51.1,56.0,53.4,66.3,57.4,6.2,5.1,5.6,5.3,6.6,5.7,114.28888888888889,66.08888888888889,5.911111111111111,549.4649577777777,0.2788921777777778,8.65526888888889,0.6222222222222222,0.8870866666666667,0.1595488888888889,3.7333333333333334,0.6413373860182371,0.1657754010695187,0.0,0.27363529166955675,-0.312573039114594,-0.18333677046813768,-0.8212457699932765,0.23770915555555555,324.5946466666667,0.0,45.0,0.5359616125902199
Pop,sup,TCL,15,52,0.5,SuperMassive Blaze|Team AURORA,51.3,68.4,50.0,59.3,56.0,57.4,5.1,6.8,5.0,5.9,5.6,5.7,-141.21153846153845,-84.92307692307692,-6.0,149.85369615384616,0.085147475,1.0343846153846152,0.07692307692307693,2.5772576923076924,0.35482115384615387,13.903846153846153,0.7553017944535073,0.18181818181818182,0.0,0.19055660865069793,-0.39323696763663574,-0.3538448590433764,-0.9144069181135903,0.0957478326923077,310.7262403846154,0.0,52.0,0.14037207429093665
Kiari,top,CBLOL,15,44,0.523,Liberty,60.1,59.3,54.0,55.6,53.4,57.4,6.0,5.9,5.4,5.6,5.3,5.7,138.0681818181818,108.52272727272727,-1.9545454545454546,497.5786772727273,0.2610991818181818,7.903634090909091,0.29545454545454547,1.0973409090909092,0.1998,4.704545454545454,0.5893155258764607,0.23255813953488372,0.0,0.20137153821014792,-0.252780200610554,-0.10510248582642844,-0.9485957125493881,0.23566904545454548,763.6739272727274,0.0,44.0,0.06706609972941627
xingluo,jng,LDL,2,30,0.3,Shu Dai Xiong Gaming,45.6,65.4,63.4,57.1,61.7,57.4,4.6,6.5,6.3,5.7,6.2,5.7,0.0,0.0,0.0,261.07475666666664,0.14437945000000002,5.14891,0.0,1.3163200000000002,0.3574733333333333,9.366666666666667,0.6919191919191919,0.1752988047808765,5.633333333333334,0.27746781115879826,0.0,0.0,-0.9223684506503225,0.1769379,0.0,0.0,30.0,0.8475519287833827
Falleo,top,EBL,3,30,0.5,Nexus KTRL,48.2,60.9,56.8,63.2,66.2,57.4,4.8,6.1,5.7,6.3,6.6,5.7,-8.1,-73.36666666666666,-2.2333333333333334,437.6771066666667,0.20394976666666667,6.813653333333334,0.5666666666666667,0.96087,0.14177333333333333,4.5,0.528395061728395,0.14495798319327732,0.0,0.21536098310291857,0.0,0.22851365015166827,-0.9449492826617206,0.20728676666666665,796.6848866666667,0.0,30.0,1.3355817875210791
Peter,sup,LCKC,2,70,0.5,Nongshim Esports Academy|Nongshim RedForce,50.8,59.1,57.1,62.3,63.6,57.3,5.1,5.9,5.7,6.2,6.4,5.7,-70.1875,-36.65625,-7.28125,173.32372714285717,0.08780486714285714,0.8255642857142856,0.02857142857142857,2.5820542857142854,0.3052214285714286,17.057142857142857,0.7477777777777778,0.2446927374301676,0.0,0.27783457982265136,-0.26742063750733325,-0.29274493188188505,-0.9293445344032152,0.08996324714285714,307.2408578125,0.0,70.0,0.20783830497200229
destiny,sup,LCSA,2,64,0.469,Cloud9|Cloud9 Academy|Immortals,46.7,67.6,43.7,65.7,68.6,57.3,4.7,6.8,4.4,6.6,6.9,5.7,-156.296875,-72.984375,-5.484375,161.86725,0.07800834375,1.0080375,0.046875,2.7254546875,0.2992984375,12.828125,0.7193585337915235,0.17307692307692307,0.0,0.17367776834919063,-0.20534380248745449,-0.8621762175504176,-0.9520614071027215,0.0922963484375,378.758659375,0.0,64.0,0.6816875100325418
Ganks,jng,EL,3,40,0.9,Saprissa Esports,71.2,49.8,53.5,45.5,59.7,57.3,7.1,5.0,5.3,4.5,6.0,5.7,481.55,168.75,5.375,407.208025,0.18119750750000002,6.5297425,0.525,1.4890050000000001,0.320695,10.25,0.6625850340136055,0.25382262996941896,0.0,0.15106966538672517,-0.16115912557193696,-0.3708693441789527,-0.6648980609804249,0.199426575,807.279645,0.0,40.0,-0.18274509803921563
Acce,top,LLA,15,57,0.632,Estral Esports,51.6,54.1,54.2,67.7,68.5,57.3,5.2,5.4,5.4,6.8,6.8,5.7,1.9473684210526316,176.56140350877192,-1.0350877192982457,432.6304245614035,0.20728924561403508,7.7368929824561405,0.3508771929824561,0.8958385964912281,0.1709982456140351,6.7894736842105265,0.5540983606557377,0.1807909604519774,0.0,0.1477886953642529,-0.0209493320876169,-0.037503735431815954,-0.8290121296486642,0.20703538596491228,918.7544526315789,0.0,57.0,0.6225136801876141
Cryscata,bot,PCS,15,62,0.613,Deep Cross Gaming,63.6,54.6,50.6,51.6,63.8,57.3,6.4,5.5,5.1,5.2,6.4,5.7,186.46774193548387,36.03225806451613,2.1451612903225805,587.9644000000001,0.29315912903225805,9.188748387096775,0.8548387096774194,1.3213629032258063,0.40568548387096776,4.451612903225806,0.6950113378684807,0.20596205962059622,0.0,0.20291310244105987,-0.40871327575988475,-0.533485733638134,-0.8372591211033207,0.27251638709677417,293.25921612903227,0.0,62.0,0.07075155576831005
icecoKe,jng,LDL,2,29,0.414,Anyone's Legend.Young,51.1,66.2,57.0,59.4,50.8,57.3,5.1,6.6,5.7,5.9,5.1,5.7,0.0,0.0,0.0,311.52553103448275,0.16800913793103447,5.31665172413793,0.0,1.3161,0.34508275862068966,8.655172413793103,0.7373737373737373,0.21363636363636362,7.724137931034483,0.24001175228476837,0.0,0.0,-1.0220947657859518,0.1821463793103448,0.0,0.0,29.0,0.3658511094936825
Johnarnau,top,NEXO,3,36,0.639,Pawned Mercenaries|QLASH Spain|RATE Gaming,47.3,61.5,68.4,61.0,53.7,57.3,4.7,6.2,6.8,6.1,5.4,5.7,83.52777777777777,-86.97222222222223,1.1666666666666667,465.7073833333334,0.22016511111111112,7.523061111111111,0.16666666666666666,1.0397944444444445,0.15363888888888888,5.527777777777778,0.5663865546218487,0.19607843137254902,0.0,0.2967398164199494,-0.06619018023617144,0.4449968924798011,-0.8058676701001863,0.21879177777777778,821.8957833333333,0.0,36.0,-0.14486058406203603
Calix,mid,LAS,3,66,0.636,Nongshim RedForce Academy,58.0,54.9,49.5,56.2,72.9,57.3,5.8,5.5,5.0,5.6,7.3,5.7,94.01515151515152,16.09090909090909,-7.045454545454546,570.548290909091,0.2486491818181818,7.522304545454546,0.8787878787878788,1.021981818181818,0.22380454545454545,6.651515151515151,0.5991735537190083,0.17354497354497356,0.0,0.20120453871882807,-0.1754676707279886,-0.375051374176356,-0.8530639786591813,0.2164501363636364,422.9361409090909,0.0,66.0,0.4138960545785483
Keel,jng,PGC,2,61,0.672,Area of Effect Cows|Area of Effect Ginger Turmeric,80.0,41.7,48.6,50.3,55.5,57.3,8.0,4.2,4.9,5.0,5.5,5.7,542.5409836065573,748.0327868852459,16.770491803278688,501.21766721311474,0.19398751147540985,6.779181967213114,0.6557377049180327,1.0056032786885245,0.22268852459016392,3.4918032786885247,0.6734883720930233,0.2048331415420023,0.0,0.15275687246507438,0.01885204402465027,-0.7426628270326574,-0.8359839967566649,0.21512040983606556,922.5100967213115,0.0,61.0,-0.2712229413871371
Piero,sup,LCKC,2,32,0.5,Kiwoom DRX Challengers,72.5,55.0,49.4,52.2,41.5,57.3,7.2,5.5,4.9,5.2,4.2,5.7,265.1875,391.125,18.6875,159.073740625,0.075889253125,2.0143125,0.0625,2.59894375,0.376721875,17.6875,0.6745283018867925,0.24786324786324787,0.0,0.19005443886097154,0.0,0.0,-1.1020195912009383,0.098056665625,511.341465625,0.0,32.0,-0.15995985625950984
Dreedy,top,LVP SL,2,68,0.574,Barça eSports,47.8,62.4,61.7,59.4,60.4,57.2,4.8,6.2,6.2,5.9,6.0,5.7,-71.61764705882354,-63.029411764705884,-0.5588235294117647,455.2994367647059,0.21379555147058824,8.163041176470589,0.3088235294117647,1.066519117647059,0.1628676470588235,5.720588235294118,0.5340909090909091,0.17718715393134,0.0,0.25056851012153675,-0.24602107878124974,-0.12533254233831728,-0.7924834897747012,0.22268551470588235,725.8646205882352,0.0,68.0,-0.1620563215019068
Piwek,bot,UL,2,27,0.37,Illuminar Gaming|TT willhaben,71.3,57.6,46.6,55.1,37.8,57.2,7.1,5.8,4.7,5.5,3.8,5.7,375.22222222222223,129.85185185185185,2.185185185185185,613.9184148148148,0.29668396296296295,9.358148148148148,1.2592592592592593,1.1675074074074074,0.3325925925925926,3.8518518518518516,0.7105882352941176,0.19437939110070257,0.0,0.16153436887660425,0.0,0.0,-1.0442893409553717,0.28357714814814816,258.4879037037037,0.0,27.0,-0.44272341705043594
Jaunutis1,jng,UL,2,36,0.472,Axolotl|Forsaken,74.6,47.8,46.0,49.2,59.4,57.2,7.5,4.8,4.6,4.9,5.9,5.7,235.94444444444446,283.75,4.888888888888889,432.5252,0.209260975,6.537497222222222,0.4722222222222222,1.129388888888889,0.2669138888888889,5.638888888888889,0.6931106471816284,0.21327967806841047,0.0,0.22103340292275575,-0.20419018230541236,-0.81810061309838,-1.0417652577408942,0.2214013611111111,698.3199944444444,0.0,36.0,0.742084655370283
Saviour,sup,PRM,3,49,0.51,MOUZ NXT,52.7,62.3,58.8,52.9,60.9,57.2,5.3,6.2,5.9,5.3,6.1,5.7,86.6734693877551,-2.6122448979591835,2.673469387755102,150.59714081632654,0.07112959183673469,1.0949204081632653,0.04081632653061224,2.8452489795918368,0.3656244897959184,12.204081632653061,0.6821917808219178,0.2315340909090909,0.0,0.2806033080599555,-0.1742566778823044,-0.7004463366064685,-0.8163574037199854,0.09314099183673469,378.00516938775513,0.0,49.0,-0.3014704319751523
Reeker,mid,LFL,2,71,0.592,MAD Lions KOI|Team BDS Academy,58.9,51.3,54.1,61.6,64.1,57.2,5.9,5.1,5.4,6.2,6.4,5.7,-63.29577464788732,44.225352112676056,-3.9295774647887325,657.0216084507042,0.28038004225352114,8.08507042253521,0.39436619718309857,0.9173816901408451,0.20117464788732395,6.126760563380282,0.6938967136150235,0.20875763747454176,0.0,0.2170365261559999,-0.0850666943250107,-0.2916242362525459,-0.8369702166654599,0.2261657323943662,413.4732929577465,0.0,71.0,0.10476538087188149
HONOR,sup,LFL2,2,72,0.542,Team MCES,49.5,54.9,62.7,62.3,67.1,57.2,5.0,5.5,6.3,6.2,6.7,5.7,-114.80555555555556,-110.30555555555556,-1.6111111111111112,186.13429861111112,0.08558599583333333,0.852925,0.0,2.4590888888888887,0.2704916666666667,12.944444444444445,0.7054054054054054,0.21441441441441442,0.0,0.2954214931505456,-0.25654824578257684,0.0785771240825424,-0.8947434555325423,0.08885868055555556,421.3918777777778,0.0,72.0,0.34809492248751245
Kadaver,bot,ESLOL,3,52,0.481,mCon esports,55.1,59.7,58.6,54.8,58.5,57.2,5.5,6.0,5.9,5.5,5.8,5.7,49.84615384615385,-13.826923076923077,-5.365384615384615,555.6455384615384,0.26876782884615386,8.451342307692308,0.9230769230769231,1.1820211538461538,0.2810115384615385,3.9038461538461537,0.6877523553162853,0.17551622418879056,0.0,0.2785558667911609,-0.2907503309258958,0.08882747729964482,-0.8461951858512057,0.25834067307692304,223.54763269230767,0.0,52.0,-0.32153770330211934
Koudys,sup,HC,3,22,0.5,KIA.eSuba Academy,60.8,61.4,51.9,60.7,41.4,57.2,6.1,6.1,5.2,6.1,4.1,5.7,49.68181818181818,225.6818181818182,-1.6363636363636365,179.47228181818184,0.09654235454545454,1.1449045454545455,0.0,2.676459090909091,0.3266954545454545,11.818181818181818,0.6810344827586207,0.20498614958448755,0.0,0.1853526220614828,-0.16929133858267728,0.9635826771653541,-1.0777594200483371,0.09788703181818183,545.3122636363637,0.0,22.0,-0.16161262050832612
Rise,bot,LDL,2,86,0.663,Bilibili Gaming|Bilibili Gaming Junior,54.0,64.2,59.2,45.2,63.1,57.2,5.4,6.4,5.9,4.5,6.3,5.7,0.0,0.0,0.0,603.7633837209302,0.2783995465116279,9.229844186046511,0.0,1.2791767441860467,0.4405755813953488,3.86046511627907,0.6374184191443075,0.18810148731408574,2.7209302325581395,0.18300148190665116,-0.01316128441312351,0.40658006972790095,-0.8145898712816396,0.2580377325581395,0.0,0.0,86.0,-0.3752891559467389
Hiro02,top,VCS,15,83,0.578,Team Secret,65.2,53.8,52.8,45.3,66.7,57.2,6.5,5.4,5.3,4.5,6.7,5.7,145.6987951807229,223.44578313253012,7.325301204819277,559.4553192771084,0.24614898795180723,8.455732530120482,0.27710843373493976,1.0991855421686747,0.2720590361445783,6.554216867469879,0.4831964152352502,0.24615384615384617,0.0,0.2193150204349779,-0.21087546071113833,-0.6427815024173642,-0.9711856427597353,0.22565520481927712,806.6774493975904,0.0,83.0,-0.09396649852369321
Frog,top,LAS,3,60,0.517,DRX Academy,41.8,58.1,68.3,63.8,70.0,57.2,4.2,5.8,6.8,6.4,7.0,5.7,-62.95,-53.65,-6.05,435.97317666666663,0.20312188333333334,7.333183333333333,0.2,0.9260083333333333,0.15440333333333334,7.15,0.5216450216450217,0.16136363636363638,0.0,0.22782652433912703,0.32988428182249885,0.9693334333058412,-0.8507750493686972,0.20046514999999998,872.5519716666666,0.0,60.0,0.20264847512038525
deathleap,top,SL (LATAM),3,20,0.65,Spectacled Bears,66.3,49.3,75.8,44.9,43.5,57.2,6.6,4.9,7.6,4.5,4.3,5.7,378.0,432.6,13.4,477.507895,0.20250216999999998,7.947245,0.6,0.952365,0.151725,3.75,0.4744744744744745,0.19572953736654805,0.0,0.4281988225650198,0.11792505127778699,0.0,-0.7936669307133983,0.22534605000000002,653.88761,0.0,20.0,-0.25977447570871526
Tolerant,sup,PRM,3,36,0.25,PENTA 1860,47.1,68.4,63.9,58.5,46.3,57.1,4.7,6.8,6.4,5.8,4.6,5.7,-14.805555555555555,-101.63888888888889,-4.888888888888889,163.22191111111113,0.07998626944444445,1.1467138888888888,0.0,3.1158361111111113,0.45761666666666667,18.13888888888889,0.689727463312369,0.2518740629685157,0.0,0.3446261430296756,0.0,0.0,-1.0059034097617863,0.09015632222222222,499.9306805555555,0.0,36.0,-0.471178630483416
Croco,jng,LCK,1,95,0.474,Liiv SANDBOX,50.1,59.6,49.5,62.6,71.6,57.1,5.0,6.0,5.0,6.3,7.2,5.7,-128.37894736842105,-82.53684210526316,0.9578947368421052,271.7730957894737,0.14469963894736843,5.513922105263157,0.15789473684210525,1.4827673684210525,0.46226526315789473,8.23157894736842,0.732766761095373,0.2140495867768595,0.0,0.19680934320630908,0.21105316131393553,-0.7889944185195351,-1.0116869659886214,0.17929625263157895,856.3266557894738,0.0,95.0,0.9557880767100452
Guertas,jng,ESLOL,3,80,0.625,KRC Genk Esports,55.5,50.5,53.0,61.9,74.4,57.1,5.5,5.0,5.3,6.2,7.4,5.7,233.05,122.675,0.15,322.2793575,0.14779870374999998,5.74826625,0.375,1.15793,0.27438875,9.4625,0.6884984025559105,0.20182648401826483,0.0,0.17371550246114706,-0.011851746963164772,0.034404164058621074,-0.8802462833249326,0.1896195625,945.4424675,0.0,80.0,0.04503873324913732
Nightmares,sup,ESLOL,3,23,0.609,Team Echo Zulu|The Agency,58.6,53.9,60.3,63.5,47.2,57.1,5.9,5.4,6.0,6.3,4.7,5.7,54.52173913043478,160.3913043478261,-5.260869565217392,166.87265217391305,0.07962220869565217,0.9147130434782609,0.08695652173913043,2.2927826086956524,0.2523565217391304,9.347826086956522,0.7138810198300283,0.2103448275862069,0.0,0.27799330216519114,-0.1465520644193574,-0.564814083839899,-0.7934786270721057,0.09209886956521739,459.0919434782609,0.0,23.0,-0.20179697102969213
F4rg,top,LPLOL,3,35,0.457,OFFSET Esports,65.8,48.4,58.6,53.1,57.9,57.1,6.6,4.8,5.9,5.3,5.8,5.7,79.77142857142857,-62.8,1.5714285714285714,571.1817257142858,0.27271717142857144,8.548142857142857,0.5428571428571428,0.83088,0.1216942857142857,2.6285714285714286,0.5847953216374269,0.2283609576427256,0.0,0.30221394321237016,-0.6797327640271265,0.0,-0.847303702081531,0.2521118571428571,830.43948,0.0,35.0,0.2807968186717211
Lotuss,jng,PGN,3,42,0.5,Cyberground Gaming|aNc Outplayed,52.6,59.5,56.5,61.3,58.3,57.1,5.3,6.0,5.7,6.1,5.8,5.7,-96.30952380952381,-91.5,-3.0714285714285716,350.8245142857143,0.15619719523809525,5.662654761904762,0.5,1.2524809523809524,0.2997357142857143,9.714285714285714,0.7084639498432602,0.1842948717948718,0.0,0.21928184362532008,-0.03396395054372093,0.09421339869723602,-0.9422639593482678,0.18694742857142857,753.7738238095238,0.0,42.0,0.17056778187677574
Crecre,sup,DDH,3,52,0.615,Atheris Esports|Maycam Evolve,44.9,64.0,65.9,58.7,59.0,57.1,4.5,6.4,6.6,5.9,5.9,5.7,12.01923076923077,-78.13461538461539,-0.46153846153846156,139.51145192307692,0.07028336153846154,1.0010211538461538,0.0,2.573051923076923,0.3496134615384615,12.365384615384615,0.695322376738306,0.1926605504587156,0.0,0.38095480123434383,-0.25440013703589787,-0.5552562220915882,-0.8538566486392427,0.08987719423076923,335.1897307692307,0.0,52.0,-0.5023494538068837
Ruep,bot,TAL,3,31,0.645,Fenerbahçe Academy|Fenerbahçe Esports,70.3,49.3,65.6,43.5,47.9,57.1,7.0,4.9,6.6,4.3,4.8,5.7,335.03225806451616,121.93548387096774,7.870967741935484,636.1505709677419,0.3080730967741936,9.0366,0.8709677419354839,1.1422032258064516,0.27153548387096776,5.838709677419355,0.6233183856502242,0.18271604938271604,0.0,0.24328555943634833,-0.09704773869346746,1.022613065326633,-0.7421781349265679,0.2609536774193548,209.075,0.0,31.0,-0.38533239535701724
Shaoye,bot,LDL,2,78,0.615,Young Miracles,49.5,68.4,54.1,48.2,67.2,57.1,5.0,6.8,5.4,4.8,6.7,5.7,0.0,0.0,0.0,566.9940243589743,0.2609278717948718,9.194970512820513,0.0,1.4329064102564102,0.35639358974358976,5.589743589743589,0.659832953682612,0.17837338262476896,3.1666666666666665,0.1789672047330363,-0.4040490981213982,0.44403487762891986,-0.8192728078031186,0.2629973461538461,0.0,0.0,78.0,0.14377857686060586
Erha,mid,LDL,2,43,0.395,Anyone's Legend.Young,53.1,62.8,62.0,59.1,45.6,57.1,5.3,6.3,6.2,5.9,4.6,5.7,0.0,0.0,0.0,586.4209744186047,0.2812953953488372,8.11053488372093,0.0,0.9637372093023255,0.2258325581395349,5.651162790697675,0.7425569176882661,0.20442930153321975,1.5813953488372092,0.29124970773906944,0.0,0.0,-0.9441471838977085,0.22918302325581397,0.0,0.0,43.0,-0.2638012023529918
Test Mid,mid,LAS,3,22,0.682,T1 Esports Academy Rookies,71.4,50.0,63.1,45.4,44.0,57.1,7.1,5.0,6.3,4.5,4.4,5.7,325.22727272727275,294.1363636363636,12.454545454545455,588.54795,0.2871679090909091,8.810709090909091,0.5909090909090909,0.8776409090909091,0.20435454545454546,4.045454545454546,0.5559006211180124,0.13636363636363635,0.0,0.1749271137026239,0.5676994388875335,0.5676994388875335,-0.8167703898421648,0.23758136363636365,320.82700454545454,0.0,22.0,-0.16400980993255682
Meteoro,sup,DDH,3,22,0.364,Tomorrow Esports,59.6,55.7,62.7,61.0,41.0,57.1,6.0,5.6,6.3,6.1,4.1,5.7,55.81818181818182,175.77272727272728,3.0454545454545454,151.06895454545455,0.08924594545454545,1.1460636363636363,0.045454545454545456,2.4146454545454543,0.2994954545454545,13.045454545454545,0.6954887218045113,0.2147239263803681,0.0,0.2857142857142857,0.0,0.0,-0.8863747242639526,0.09111516818181818,455.8597772727273,0.0,22.0,-0.5298149417409185
Icy,mid,DDH,3,30,0.533,Six Karma,67.8,58.6,40.8,60.6,44.4,57.1,6.8,5.9,4.1,6.1,4.4,5.7,261.3333333333333,-9.433333333333334,3.1,603.3856666666667,0.27638120000000005,8.64784,0.9,0.8930600000000001,0.17962,3.1666666666666665,0.7212389380530974,0.18544600938967137,0.0,0.13346583850931676,0.0,-0.9159074982480729,-0.9624615760386965,0.253154,384.56822666666665,0.0,30.0,-0.19417885264341958
Lykia,sup,TAL,3,23,0.609,Beşiktaş Academy,63.1,58.8,57.2,52.7,44.1,57.1,6.3,5.9,5.7,5.3,4.4,5.7,164.6086956521739,229.8695652173913,2.5217391304347827,166.2255304347826,0.08402269565217392,1.527130434782609,0.043478260869565216,2.7414695652173915,0.4041608695652174,15.130434782608695,0.7070422535211267,0.2753623188405797,0.0,0.28883803712178996,-0.16126296887470074,-0.5211492418196328,-0.9279926845499074,0.10341295652173912,516.6983347826088,0.0,23.0,-0.21689672801635998
Kojima,bot,CBLOLA,3,21,0.429,Miners Academy,51.5,63.7,61.3,63.0,43.2,57.1,5.2,6.4,6.1,6.3,4.3,5.7,-175.9047619047619,76.0,1.7142857142857142,552.4252095238095,0.25973809523809527,9.159619047619048,0.5714285714285714,1.119757142857143,0.28719047619047616,7.476190476190476,0.7217741935483871,0.16725978647686832,0.0,0.3150837988826816,-0.5427603725656224,0.0,-0.7632848482660859,0.2678770952380952,285.82561904761906,0.0,21.0,-0.30873835305968267
Lurox,jng,PRM,3,89,0.685,Unicorns of Love Sexy Edition,50.3,54.1,62.2,53.7,77.4,57.0,5.0,5.4,6.2,5.4,7.7,5.7,-70.58426966292134,-51.58426966292135,-1.752808988764045,335.67132696629216,0.1479069741573034,5.901295505617977,0.4044943820224719,1.3212213483146067,0.3016988764044944,10.573033707865168,0.657104736490994,0.19212295869356388,0.0,0.228046497875392,0.13824313399899513,-0.22178038992913693,-0.7826274967786533,0.18212729213483148,744.744429213483,0.0,89.0,0.0957151247108459
Vizicsacsi,top,LFL,2,40,0.4,Astralis|GamersOrigin,47.9,71.5,46.6,69.4,45.9,57.0,4.8,7.2,4.7,6.9,4.6,5.7,-218.25,-39.1,1.275,457.4517175,0.21869475,7.6548325,0.35,1.143035,0.19833,8.775,0.6410748560460653,0.20922570016474465,0.0,0.20751677852348993,-0.15662785490371703,-0.7098074339453649,-1.0522423955692422,0.22009859999999998,876.3893700000001,0.0,40.0,-0.05009980039920156
Raxxo,sup,LFL,2,45,0.333,Mirage Elyandra,63.1,57.3,53.0,58.0,45.1,57.0,6.3,5.7,5.3,5.8,4.5,5.7,133.9111111111111,45.71111111111111,5.066666666666666,169.99422444444446,0.09528681555555554,1.2540977777777778,0.022222222222222223,2.6048644444444444,0.3414577777777778,13.533333333333333,0.6857142857142857,0.22765598650927488,0.0,0.24491578290704927,-0.5964508147768962,0.7976281887210988,-1.1207648169054432,0.0878628888888889,363.43888444444445,0.0,45.0,-0.12932191718890176
Sl4shD,top,LPLOL,3,34,0.412,GTZ Esports|Karma Clan Esports,58.6,62.9,41.0,58.4,60.0,57.0,5.9,6.3,4.1,5.8,6.0,5.7,258.47058823529414,272.0,8.235294117647058,421.4983,0.21090495294117648,7.639314705882352,0.5588235294117647,1.1101411764705882,0.13921176470588237,3.911764705882353,0.5343347639484979,0.16984402079722705,0.0,0.17990196078431372,-0.6129927176049013,0.0,-1.0937483504094894,0.22356220588235295,808.6469647058824,0.0,34.0,0.9177503250975293
DoRun,top,CBLOL,15,42,0.429,Miners,49.6,74.2,41.6,66.3,46.2,57.0,5.0,7.4,4.2,6.6,4.6,5.7,-116.14285714285714,-73.21428571428571,-2.0238095238095237,454.50439047619045,0.22121455476190474,7.491754761904763,0.3333333333333333,1.114554761904762,0.25593809523809524,10.380952380952381,0.6374045801526718,0.17272727272727273,0.0,0.1657078938958134,-0.8237830070055685,0.0,-1.0444825684905463,0.22042683333333335,638.2391619047619,0.0,42.0,-0.24486983154670736
Lived,top,LCO,15,49,0.388,Kanga Esports,48.5,47.9,76.9,58.5,69.2,57.0,4.8,4.8,7.7,5.8,6.9,5.7,-105.63265306122449,-63.10204081632653,-0.8775510204081632,458.5707775510204,0.24153444897959184,7.206485714285714,0.10204081632653061,0.9358591836734694,0.12786938775510204,5.816326530612245,0.5415384615384615,0.19674185463659147,0.0,0.23890520493911854,1.0503529510045528,1.9472453113905013,-1.008788562757737,0.20802948979591837,726.4788224489796,0.0,49.0,1.178822331925289
Lil,jng,LHE,2,53,0.528,Cruzados Esports|Dark Horse,65.1,61.1,41.0,55.4,51.3,57.0,6.5,6.1,4.1,5.5,5.1,5.7,89.37735849056604,260.0188679245283,7.773584905660377,325.44297735849057,0.16600825094339622,5.921452830188679,0.39622641509433965,1.3977584905660376,0.4167754716981132,11.547169811320755,0.691025641025641,0.22292191435768263,0.0,0.1909675476244259,-0.7787589156772607,-0.44042067665442997,-0.9790438063084221,0.1906314716981132,728.6510037735849,0.0,53.0,-0.1596745990089591
Zaetoz,bot,VL,3,60,0.517,Pirate Dream,46.6,65.9,52.9,58.9,66.3,57.0,4.7,6.6,5.3,5.9,6.6,5.7,53.28333333333333,-173.53333333333333,-3.2333333333333334,510.61126499999995,0.24257150833333335,8.002013333333334,0.75,1.3640933333333334,0.2958233333333334,6.2,0.6587628865979381,0.1450719822812846,0.0,0.2111875022006767,-0.19670301598728718,0.10856691669956561,-0.8473081012798118,0.2503536333333333,266.09913666666665,0.0,60.0,-0.05532852649821348
Zerito,top,LLA,15,36,0.417,XTEN Esports,57.3,56.3,68.1,51.8,50.0,57.0,5.7,5.6,6.8,5.2,5.0,5.7,-2.4166666666666665,43.166666666666664,2.0555555555555554,500.43579444444447,0.25968291666666665,8.337980555555555,0.19444444444444445,1.0460722222222223,0.13991944444444443,4.75,0.5460674157303371,0.17721518987341772,0.0,0.27335795804328267,0.5856536101934876,-0.4484683094979174,-1.02253507872683,0.23449802777777778,621.8691861111112,0.0,36.0,0.1739632194177648
SUP,sup,LAS,3,33,0.545,KT Rolster Academy,58.9,64.7,45.7,51.9,57.4,57.0,5.9,6.5,4.6,5.2,5.7,5.7,-20.727272727272727,-134.03030303030303,-3.121212121212121,222.1962090909091,0.09190674545454545,0.8656181818181818,0.030303030303030304,2.628257575757576,0.37026363636363635,11.666666666666666,0.6820809248554913,0.19123505976095617,0.0,0.19498052790999568,-0.39484429779335944,-0.7863477005568158,-0.9167825353243948,0.09672103636363637,292.6483818181818,0.0,33.0,0.31588274676083333
HamBak,jng,LCKC,2,74,0.405,Liiv SANDBOX|Liiv SANDBOX Youth,48.4,64.7,51.9,61.9,61.4,56.9,4.8,6.5,5.2,6.2,6.1,5.7,-133.8918918918919,35.04054054054054,-1.4054054054054055,282.4026256756757,0.14707495135135135,5.777891891891892,0.25675675675675674,1.4805594594594595,0.3939594594594594,12.864864864864865,0.7052740434332989,0.21668177697189483,0.0,0.20359339908212087,0.0,0.0,-1.0747157715537323,0.1767804864864865,757.3023027027027,0.0,74.0,0.10722686694062633
Rulfchen,jng,PRM,3,36,0.25,PENTA 1860,61.6,60.8,50.0,58.4,44.1,56.9,6.2,6.1,5.0,5.8,4.4,5.7,110.38888888888889,220.05555555555554,7.0,348.57538611111113,0.1683109388888889,6.444716666666667,0.3888888888888889,1.3457277777777776,0.3626583333333333,7.833333333333333,0.7211740041928721,0.21889055472263869,0.0,0.20888205791943054,0.0,0.0,-1.1111019940594076,0.19534788888888888,795.5308305555556,0.0,36.0,-0.500745578718201
HOYA,top,LPL,1,55,0.527,Dplus Kia|ThunderTalk Gaming,42.1,64.1,68.0,61.1,58.0,56.9,4.2,6.4,6.8,6.1,5.8,5.7,-19.22222222222222,-213.88888888888889,-3.3333333333333335,459.7759509090909,0.22487465454545452,7.324552727272727,0.01818181818181818,1.1812581818181818,0.2375490909090909,8.50909090909091,0.56625,0.22836879432624113,2.0434782608695654,0.2509903151544018,0.14408872524808036,-0.2154820169727449,-0.8987512236945169,0.20556098181818183,684.1019666666666,0.0,55.0,0.3497270866499885
Breathe,top,LPL,1,134,0.59,Bilibili Gaming|Royal Never Give Up,54.7,58.2,56.3,49.7,70.4,56.9,5.5,5.8,5.6,5.0,7.0,5.7,141.8421052631579,2.8947368421052633,0.7368421052631579,493.3149365671641,0.23663827313432834,8.53524328358209,0.06716417910447761,1.0484246268656716,0.21410447761194032,5.619402985074627,0.5471599791558103,0.21283158544108574,4.773913043478261,0.23628453411464082,-0.3823646555488604,-0.6180027845930155,-0.8657031503160333,0.23835560447761195,755.7222210526315,0.0,134.0,-0.011921831637372813
Rifty,top,EBL,3,38,0.526,Ruddy Corporation|Valiance,64.3,55.9,53.2,50.9,53.4,56.9,6.4,5.6,5.3,5.1,5.3,5.7,245.8421052631579,99.0,4.947368421052632,524.3958552631578,0.2473730263157895,8.19225789473684,0.47368421052631576,0.8914657894736843,0.16083421052631577,3.026315789473684,0.5078125,0.16352201257861634,0.0,0.2571400409058426,-0.06026200873362457,-0.7344978165938866,-0.9877907643803469,0.23914263157894736,742.8019,0.0,38.0,0.06643096390026036
BioPanther,top,LCO,15,74,0.527,ORDER,44.6,61.5,61.1,61.4,66.4,56.9,4.5,6.2,6.1,6.1,6.6,5.7,-182.59459459459458,-125.97297297297297,-1.2432432432432432,406.3540810810811,0.2096658581081081,8.033043243243243,0.3108108108108108,1.0993756756756758,0.14405135135135136,4.5,0.5339712918660288,0.1500513874614594,0.0,0.16070375023494615,0.20256401690148004,0.591076133022794,-0.8710048023477336,0.21444059459459458,728.6161108108108,0.0,74.0,-0.0012459175033265465
Kartana,jng,LHE,2,30,0.8,Furious Gaming,46.9,56.6,64.7,66.1,59.7,56.9,4.7,5.7,6.5,6.6,6.0,5.7,-107.83333333333333,-168.36666666666667,-2.933333333333333,306.3887633333333,0.14364656666666667,5.4725866666666665,0.26666666666666666,1.27764,0.2807366666666667,8.233333333333333,0.7081174438687392,0.1989795918367347,0.0,0.25150138388427595,0.0,-0.4909841301036701,-0.6580115529687951,0.17400206666666665,933.6015966666668,0.0,30.0,0.3899718177548144
Siicked,top,LMF,2,44,0.341,9z Team|Maycam Evolve,54.3,67.1,50.0,60.4,46.2,56.9,5.4,6.7,5.0,6.0,4.6,5.7,26.272727272727273,1.9772727272727273,0.7954545454545454,452.7213045454546,0.2623983181818182,7.921418181818182,0.1590909090909091,1.050565909090909,0.20321136363636363,5.613636363636363,0.5881147540983607,0.19703703703703704,0.0,0.1892780172413793,0.0,0.0,-1.0783628413600919,0.2397580681818182,750.6510863636363,0.0,44.0,-0.08834463153291058
Bucket,sup,SL (LATAM),3,39,0.641,Spectacled Bears,62.6,45.3,64.4,54.4,60.8,56.9,6.3,4.5,6.4,5.4,6.1,5.7,140.05128205128204,173.94871794871796,0.4358974358974359,178.10431794871795,0.08292826923076922,1.2454358974358974,0.05128205128205128,2.1300538461538463,0.2459205128205128,11.35897435897436,0.6858475894245724,0.22823984526112184,0.0,0.2780786829967444,0.11260354055811979,0.0,-0.8421381002562309,0.09455434871794872,408.40082820512816,0.0,39.0,0.17326967227874324
Kinatu,top,LJL,15,57,0.526,Fukuoka SoftBank HAWKS gaming,61.6,59.1,43.2,52.1,65.1,56.9,6.2,5.9,4.3,5.2,6.5,5.7,151.66666666666666,207.03508771929825,5.157894736842105,479.16148771929824,0.256533,8.488850877192982,0.2982456140350877,1.0312122807017543,0.21184561403508773,7.526315789473684,0.5890207715133531,0.22564102564102564,0.0,0.1379336695705334,-0.22704348504957442,-0.6852213287532204,-0.9780619142658468,0.23383050877192982,632.2203456140351,0.0,57.0,0.5466411970709965
Xiao17,jng,LDL,2,44,0.659,Joy Dream|MAX,51.5,67.9,51.9,58.0,51.6,56.9,5.2,6.8,5.2,5.8,5.2,5.7,0.0,0.0,0.0,347.40889772727274,0.15190867045454545,5.668506818181818,0.0,1.2785295454545453,0.27462272727272724,8.977272727272727,0.7158034528552457,0.16692426584234932,13.318181818181818,0.24470476190476187,-0.4594334353996958,-0.716910277890115,-0.8124062385957407,0.19385663636363637,0.0,0.0,44.0,-0.17182863501483686
RanL,bot,LDL,2,71,0.352,LGD Gaming Young Team,52.7,64.6,48.2,53.9,66.3,56.9,5.3,6.5,4.8,5.4,6.6,5.7,0.0,0.0,0.0,552.4035253521126,0.2936351408450704,9.307154929577464,0.0,1.009438028169014,0.3061,3.6901408450704225,0.7344300822561692,0.16489874638379942,2.436619718309859,0.24653692773593827,-0.2421283842625743,-0.8638553983705223,-0.9314171185613571,0.29136456338028166,0.0,0.0,71.0,0.4255628785149783
Nestea,mid,PCS,15,59,0.593,Deep Cross Gaming,47.6,54.9,58.8,69.5,65.3,56.9,4.8,5.5,5.9,7.0,6.5,5.7,126.66101694915254,-15.694915254237289,-4.135593220338983,434.8033372881356,0.21513745762711867,7.828645762711865,0.4745762711864407,0.9404677966101695,0.16216101694915255,4.0,0.7182926829268292,0.16022099447513813,0.0,0.25564519978994604,-0.2777862131794716,-0.518169855248507,-0.7577188934909919,0.218147,412.9290711864407,0.0,59.0,0.2142686950146625
Kl,sup,SL (LATAM),3,43,0.535,Diamond Doves,56.1,57.7,56.4,58.1,56.0,56.9,5.6,5.8,5.6,5.8,5.6,5.7,-13.906976744186046,72.11627906976744,-0.3023255813953488,182.3688093023256,0.08888977209302326,1.3256232558139536,0.0,2.4399162790697675,0.3095093023255814,13.395348837209303,0.7034795763993948,0.21385542168674698,0.0,0.19622217806041337,0.1920017105486289,0.4610690437394166,-0.9873814043134282,0.10362206046511627,496.6228395348837,0.0,43.0,-0.0975951723309715
Random,mid,LVP SL,2,79,0.532,BISONS ECLUB,65.6,46.9,60.5,49.7,60.7,56.8,6.6,4.7,6.0,5.0,6.1,5.7,128.9367088607595,255.55696202531647,5.987341772151899,582.4488632911392,0.26734509746835444,9.038248101265824,0.5822784810126582,0.9265177215189874,0.1749645569620253,2.518987341772152,0.636523266022827,0.19624413145539907,0.0,0.30468141567394497,-0.2211338152963131,-0.35090250443019116,-0.8812298896923099,0.2547082151898734,426.4982189873417,0.0,79.0,-0.1989126669186194
Kasing,sup,NLC,2,79,0.671,X7 Esports,41.0,63.1,61.8,62.2,68.6,56.8,4.1,6.3,6.2,6.2,6.9,5.7,-67.35443037974683,-37.46835443037975,-7.810126582278481,151.90412911392406,0.06219294430379747,0.9078050632911392,0.0,2.6282481012658225,0.29967721518987345,13.291139240506329,0.7113943028485757,0.19230769230769232,0.0,0.21217742170166606,-0.031287879513227285,-0.17128385818101735,-0.7107091762077298,0.09224898860759494,325.1463341772152,0.0,79.0,0.07797712835652565
Sketch,bot,PGC,2,74,0.514,Cincinnati Fear|Evil Geniuses Prodigies,60.2,51.0,50.9,60.4,63.6,56.8,6.0,5.1,5.1,6.0,6.4,5.7,174.54054054054055,89.16216216216216,-1.5810810810810811,579.1708540540541,0.2612337162162162,8.324193243243244,0.9594594594594594,1.0418527027027027,0.22862297297297296,3.6621621621621623,0.6728896103896104,0.1636073423782921,0.0,0.2189953534759213,-0.3641173725183122,0.0,-0.9382382367368212,0.25674802702702704,281.13361756756757,0.0,74.0,0.1609089177896516
Grzybek,top,UL,2,56,0.446,Gentlemen's Gaming,47.1,61.1,54.4,68.7,58.9,56.8,4.7,6.1,5.4,6.9,5.9,5.7,-245.67857142857142,15.535714285714286,-2.375,453.10560892857137,0.22791426785714286,7.395183928571429,0.26785714285714285,0.963442857142857,0.13896785714285714,2.392857142857143,0.5961251862891207,0.18892508143322476,0.0,0.1888847649631267,0.3312202852614896,-0.2155309033280508,-1.0268521056786502,0.21632310714285713,1035.5601660714285,0.0,56.0,0.36037612070850655
Lingwi,top,LFL2,2,73,0.534,Team MCES,46.5,60.6,60.6,61.3,62.9,56.8,4.7,6.1,6.1,6.1,6.3,5.7,-68.26027397260275,-49.24657534246575,-1.2328767123287672,460.20793972602746,0.20998845205479452,7.387067123287671,0.2054794520547945,1.0257630136986302,0.17685205479452054,5.397260273972603,0.5401785714285714,0.1931216931216931,0.0,0.2540120906182378,-0.17326255272751306,0.27253103076092816,-0.9498168726948484,0.21216291780821916,799.9144438356165,0.0,73.0,0.11539592635143502
Tasteless,sup,EBL,3,56,0.607,Crvena zvezda Esports,51.1,54.6,57.4,59.0,71.7,56.8,5.1,5.5,5.7,5.9,7.2,5.7,37.875,-6.678571428571429,-1.875,163.54469642857143,0.07579735892857142,0.9900357142857142,0.017857142857142856,2.4918875000000003,0.25946964285714286,11.017857142857142,0.6914539400665927,0.21428571428571427,0.0,0.2034919373433215,-0.08163265306122446,0.8973723674773423,-0.9709826724666015,0.08900537321428571,397.6063357142857,0.0,56.0,0.6355410330526581
NuQ,top,LFL,2,47,0.489,Fenerbahçe Esports|SuperMassive Blaze|Team GO,48.5,62.1,61.4,59.2,56.4,56.8,4.8,6.2,6.1,5.9,5.6,5.7,-273.06382978723406,-109.51063829787235,-10.191489361702128,535.6736999999999,0.23270144680851065,7.5307957446808516,0.2978723404255319,1.1533063829787233,0.16759148936170212,4.680851063829787,0.5359477124183006,0.20358514724711907,0.0,0.22731698273671544,0.5029243685191727,-0.08577538412798992,-1.0313645250628294,0.21452410638297872,791.0218468085106,0.0,47.0,0.4189216236730196
Deratero,top,LHE,2,35,0.343,Santiago Wanderers eSports,63.3,63.7,47.6,56.9,38.0,56.8,6.3,6.4,4.8,5.7,3.8,5.7,199.54285714285714,224.2,6.6571428571428575,428.83708,0.26050898,8.055808571428571,0.42857142857142855,1.053122857142857,0.13947142857142858,7.0,0.5898058252427184,0.18696397941680962,0.0,0.1802924863416357,0.0,0.0,-1.1285693519945255,0.25501605714285713,595.8422171428571,0.0,35.0,-0.4785055461656542
Master Jos,mid,GL,3,45,0.556,Ramo Awake Gaming,52.9,63.8,52.9,52.2,62.8,56.8,5.3,6.4,5.3,5.2,6.3,5.7,43.111111111111114,-37.77777777777778,1.8222222222222222,539.3745955555556,0.2679673888888889,7.975037777777779,0.3333333333333333,1.2641644444444444,0.2165088888888889,7.977777777777778,0.6223118279569892,0.1715210355987055,0.0,0.22693965517241382,-0.3471161353837796,-0.10377838883796722,-0.7982035595785204,0.22856917777777777,318.76635999999996,0.0,45.0,0.22674613932042761
Husha,jng,PCS,15,72,0.556,Beyond Gaming,56.0,56.7,50.5,57.7,65.8,56.8,5.6,5.7,5.0,5.8,6.6,5.7,253.20833333333334,43.263888888888886,-0.027777777777777776,274.9375875,0.13893159166666666,5.519136111111111,0.25,1.4285444444444444,0.35315416666666666,11.972222222222221,0.7271805273833671,0.21981776765375854,0.0,0.17396396341869375,-0.21997558118656027,-0.40607816472535924,-0.8775015582929502,0.185944375,738.7172236111111,0.0,72.0,0.03449282255274995
xzy,mid,LDL,2,61,0.492,Invictus Gaming Young|LNG Academy,42.5,64.6,69.5,59.5,55.2,56.8,4.2,6.5,7.0,6.0,5.5,5.7,0.0,0.0,0.0,453.30289180327867,0.24142708196721313,8.067398360655739,0.0,1.027195081967213,0.22751639344262295,4.459016393442623,0.6770334928229665,0.14810126582278482,0.32786885245901637,0.31237675887814687,0.0,0.0,-0.7369950032474036,0.22315829508196722,0.0,0.0,61.0,-0.3512851009514968
Hungry,bot,LDL,2,54,0.444,Anyone's Legend.Young|Team WE Academy,50.2,68.6,59.6,45.5,59.1,56.8,5.0,6.9,6.0,4.5,5.9,5.7,0.0,0.0,0.0,554.951787037037,0.27193624074074074,9.593922222222224,0.0,1.3892259259259259,0.3971851851851852,5.185185185185185,0.6480218281036835,0.17195767195767195,2.9444444444444446,0.2528096920747097,0.0,0.0,-0.9079717452018606,0.2738152037037037,0.0,0.0,54.0,0.2788237967867694
Koala,sup,PCS,15,72,0.694,CTBC Flying Oyster,61.3,51.3,59.8,50.2,62.5,56.8,6.1,5.1,6.0,5.0,6.2,5.7,111.19444444444444,73.5,0.5416666666666666,167.77446944444443,0.08197811111111111,1.2704194444444445,0.027777777777777776,2.601377777777778,0.31791250000000004,13.972222222222221,0.6601036269430052,0.23413258110014104,0.0,0.15184022156774785,0.1947980104810309,0.5649539558588708,-0.8968473844157001,0.0951453875,446.48695555555554,0.0,72.0,-0.020068487696105686
whiteinn,sup,LVP SL,2,79,0.62,Team Heretics,65.6,46.8,51.5,54.5,65.4,56.7,6.6,4.7,5.2,5.5,6.5,5.7,110.07594936708861,227.60759493670886,8.025316455696203,191.4357835443038,0.08674737721518987,1.2709949367088609,0.0,2.1859822784810126,0.2872772151898734,10.873417721518987,0.6839863713798978,0.2288659793814433,0.0,0.1705764267278463,-0.00031978417475351763,-0.34196556796576577,-0.8871563283307934,0.09555555189873417,388.28289746835446,0.0,79.0,0.09320207731477835
Kanna,jng,NLC,2,45,0.356,Forsaken|GRP Esports|MNM Gaming,52.3,57.6,60.0,62.9,53.4,56.7,5.2,5.8,6.0,6.3,5.3,5.7,73.53333333333333,45.08888888888889,2.2,301.84427555555556,0.14230149333333333,5.418084444444445,0.13333333333333333,1.2481288888888888,0.3546622222222222,6.111111111111111,0.7140186915887851,0.2180028129395218,0.0,0.1881857681823525,0.0,1.7194407640333578,-1.185982117938749,0.1810393777777778,843.5896777777778,0.0,45.0,0.39577486637803394
Azitor,bot,NLC,2,34,0.324,NYYRIKKI,63.6,59.2,45.7,61.1,42.9,56.7,6.4,5.9,4.6,6.1,4.3,5.7,-25.41176470588235,280.8235294117647,8.558823529411764,533.6415117647058,0.27648014705882357,8.920682352941176,1.0294117647058822,1.0385647058823528,0.3124735294117647,4.205882352941177,0.6923076923076923,0.1513157894736842,0.0,0.16244537662573427,0.0,0.0,-1.0790571826948658,0.27338073529411766,281.1643294117647,0.0,34.0,-0.07700540482688506
MiraiX,jng,PRM,3,49,0.306,WAVE Esports,68.3,46.8,54.4,48.7,62.8,56.7,6.8,4.7,5.4,4.9,6.3,5.7,248.55102040816325,26.6734693877551,-1.0,420.7216734693878,0.19490545918367347,5.877367346938775,0.5306122448979592,1.1207469387755102,0.26213265306122446,8.775510204081632,0.7032640949554896,0.2256020278833967,0.0,0.14353794182782478,0.0,3.5222900777337274,-1.2876320738662776,0.2065886530612245,676.2318816326531,0.0,49.0,0.9574095354693304
Shanks,mid,LPL,1,58,0.224,Team WE,55.0,65.0,49.3,60.2,48.3,56.7,5.5,6.5,4.9,6.0,4.8,5.7,0.0,0.0,0.0,519.4176034482759,0.28342562068965516,8.708137931034482,0.0,1.0515620689655172,0.27491724137931034,4.775862068965517,0.7529610829103215,0.17142857142857143,1.7586206896551724,0.23107435679954766,0.0,0.0,-1.0759429852134774,0.24430529310344828,0.0,0.0,58.0,0.1331423401688781
Jankos,jng,LEC,1,89,0.629,G2 Esports,56.4,55.5,65.1,50.1,57.3,56.7,5.6,5.5,6.5,5.0,5.7,5.7,-14.865168539325843,-163.04494382022472,-2.404494382022472,294.63857528089886,0.14569423370786516,5.718465168539326,0.38202247191011235,1.6291696629213483,0.46163370786516855,8.831460674157304,0.6872645064054258,0.24976167778836988,8.55,0.20895928058615454,0.11972156284082894,0.7339449541284404,-0.8965648133595685,0.17665768539325843,752.2644191011235,0.0,89.0,-0.05914152343523282
Frappii,bot,LFL2,2,70,0.543,Team MCES,61.7,47.1,62.8,52.7,61.8,56.7,6.2,4.7,6.3,5.3,6.2,5.7,48.4,29.84285714285714,-0.7857142857142857,623.4829742857142,0.2716096571428571,9.01032,1.0,1.0978771428571428,0.25305,5.0,0.6526122823098075,0.1880184331797235,0.0,0.25339610084559977,-0.07557314691066104,0.24817518248175194,-0.842798617425444,0.2727336,348.46336142857143,0.0,70.0,-0.029433022807581134
STANIK,mid,HC,3,37,0.378,FLY5|Inside Games,59.8,54.5,52.5,55.6,60.7,56.7,6.0,5.5,5.2,5.6,6.1,5.7,268.18918918918916,162.56756756756758,6.702702702702703,524.7636702702703,0.2520496027027027,8.56318108108108,0.4594594594594595,0.9059702702702702,0.1875054054054054,3.8378378378378377,0.6148282097649186,0.14408233276157806,0.0,0.22686553163547676,0.0,-0.0986247544204322,-0.9405042391794566,0.24635394594594592,456.3095783783783,0.0,37.0,0.6395979218432345
Curl,top,LPLOL,3,39,0.641,For The Win Esports|RATE Gaming,67.2,44.5,65.2,47.4,58.1,56.7,6.7,4.5,6.5,4.7,5.8,5.7,449.3076923076923,25.94871794871795,8.025641025641026,528.657023076923,0.24594146153846153,7.763397435897436,0.5384615384615384,0.8483435897435897,0.1478179487179487,3.1538461538461537,0.5258620689655172,0.24080882352941177,0.0,0.24893932300088328,-0.046315490558000744,0.885560130626154,-0.8706136803241457,0.23240161538461537,763.0674102564103,0.0,39.0,0.1567173012428486
Sof,jng,NLC,2,63,0.508,MNM Gaming|Macko Esports,58.8,56.0,49.4,62.3,55.2,56.7,5.9,5.6,4.9,6.2,5.5,5.7,207.3015873015873,-148.04761904761904,-0.23809523809523808,329.0677761904762,0.16256886666666664,5.626719047619047,0.38095238095238093,1.2046507936507937,0.2766126984126984,9.793650793650794,0.7252631578947368,0.2033898305084746,0.0,0.19378057073673757,-0.2437325563312844,0.01695053978179556,-1.0181165995654518,0.19910736507936508,864.0949666666667,0.0,63.0,-0.0936949765674646
tyrin,top,CBLOL,15,36,0.278,INTZ|INTZ Academy,52.4,59.1,64.8,54.9,53.9,56.7,5.2,5.9,6.5,5.5,5.4,5.7,-298.47222222222223,-64.41666666666667,-1.2777777777777777,469.5631055555555,0.24832225833333332,8.487522222222221,0.3888888888888889,0.9691666666666667,0.13015,7.027777777777778,0.6132075471698113,0.17744916820702403,0.0,0.26682946682946684,0.0,0.0,-0.9655050573521319,0.2509888333333333,581.5783,0.0,36.0,0.3593749999999998
Giankios,top,LHE,2,57,0.579,Master Girl|Meta Gaming|Undead Gaming,51.6,68.7,49.8,52.6,58.1,56.7,5.2,6.9,5.0,5.3,5.8,5.7,57.75438596491228,-152.01754385964912,2.263157894736842,452.6076105263158,0.2291004912280702,8.559271929824561,0.38596491228070173,1.2420807017543858,0.20173508771929827,6.9298245614035086,0.5422773393461104,0.19701086956521738,0.0,0.2640816254807258,-0.796057451484845,-0.5498236586986524,-0.9133010309140543,0.243816,612.4332350877193,0.0,57.0,0.12190321768328553
Regi,mid,LMF,2,43,0.349,9z Team|Maycam Evolve,45.2,63.7,67.3,62.6,48.4,56.7,4.5,6.4,6.7,6.3,4.8,5.7,-158.95348837209303,-51.23255813953488,-5.3023255813953485,500.6305023255814,0.281201,7.7246930232558135,0.18604651162790697,1.1440325581395347,0.18757906976744185,5.186046511627907,0.7033195020746889,0.1702127659574468,0.0,0.33426800472255014,0.0,0.0,-0.9056639881786804,0.23644937209302325,312.01083023255813,0.0,43.0,-0.14926940239740996
Dinastik,mid,SL (LATAM),3,49,0.551,Cienciano Esports|Instinct Gaming,65.8,53.6,46.4,54.5,57.3,56.7,6.6,5.4,4.6,5.5,5.7,5.7,368.44897959183675,51.326530612244895,7.244897959183674,539.3658897959184,0.2742149387755102,8.272526530612245,0.7142857142857143,0.9911673469387755,0.16027142857142856,4.26530612244898,0.6662452591656132,0.18723404255319148,0.0,0.1922687008964741,-0.30996714425381344,-0.47650349105821893,-0.8654515718887112,0.24681983673469388,381.7545755102041,0.0,49.0,-0.2040689389287907
N3znamy,jng,HC,3,22,0.318,Project Sinners|eKoVy,69.2,48.6,51.1,45.1,65.9,56.7,6.9,4.9,5.1,4.5,6.6,5.7,98.0,419.59090909090907,13.5,413.7211636363636,0.2012267409090909,6.318859090909092,0.13636363636363635,1.30475,0.3345318181818182,6.7727272727272725,0.635483870967742,0.21836228287841192,0.0,0.18988571428571427,0.0,0.0,-1.0021830290767892,0.20671531818181818,831.996259090909,0.0,22.0,2.029105786090006
Carve,sup,TAL,3,20,0.65,İstanbul Wildcats Academy,58.5,54.8,55.6,66.1,45.2,56.7,5.8,5.5,5.6,6.6,4.5,5.7,51.9,30.6,-8.8,176.78204,0.08602223,0.97736,0.1,2.0426849999999996,0.23569,10.2,0.7938144329896907,0.22916666666666666,0.0,0.21869714285714284,-0.8140153755174453,0.0,-0.6752517862359717,0.09703914999999999,372.47200000000004,0.0,20.0,-0.440625
dejan1,top,EBL,3,25,0.56,Crvena zvezda Esports,50.3,59.5,62.9,66.1,45.6,56.7,5.0,6.0,6.3,6.6,4.6,5.7,-129.56,152.6,0.64,463.913892,0.19329723999999998,7.695828000000001,0.52,0.890472,0.178428,2.52,0.5377574370709383,0.1707920792079208,0.0,0.15331817242092205,0.6396148679613248,1.6558842306873804,-1.068865990967037,0.20398835999999998,979.778892,0.0,25.0,0.18996885573848107
Efias,sup,LVP SL,2,56,0.518,Barça eSports|G2 Arctic,48.1,50.2,72.1,60.2,66.6,56.6,4.8,5.0,7.2,6.0,6.7,5.7,-144.48214285714286,-4.160714285714286,-2.7142857142857144,166.216825,0.0745850125,0.8294785714285714,0.03571428571428571,2.2539142857142855,0.26068214285714286,12.875,0.6954377311960542,0.21046228710462286,0.0,0.31225080716474385,0.19500743011870544,0.39968916847280195,-0.8116258015704918,0.09014577321428571,380.6389375,0.0,56.0,0.5044495679717297
RoyalKanin,mid,ESLOL,3,65,0.523,KRC Genk Esports|MNM Gaming,56.1,53.9,52.0,56.7,69.6,56.6,5.6,5.4,5.2,5.7,7.0,5.7,154.87692307692308,-34.86153846153846,-0.5538461538461539,559.2612953846153,0.2522637692307692,7.962044615384616,0.5538461538461539,1.009250769230769,0.1850630769230769,4.3076923076923075,0.6854508196721312,0.2165948275862069,0.0,0.1427048752479382,0.30781922953259444,0.7117014087435672,-1.0055711119499873,0.2280716,339.2500261538462,0.0,65.0,0.3552122668497539
CptShrimps,mid,PGC,2,71,0.676,Area of Effect Ginger Turmeric|Dinka Never Homeless Again|Ginger Turmeric,62.3,48.8,57.7,55.0,60.0,56.6,6.2,4.9,5.8,5.5,6.0,5.7,169.80281690140845,118.05633802816901,1.3943661971830985,619.7131999999999,0.250768,7.811660563380281,0.5352112676056338,0.9457,0.1842295774647887,4.690140845070423,0.6103174603174604,0.1750503018108652,0.0,0.23774385929445063,-0.001194378116031044,-0.5679751728643764,-0.7692269653347429,0.22374792957746478,338.72203943661975,0.0,71.0,-0.23549197600907767
Griffin,jng,PGC,2,21,0.476,Wildcard Gaming,76.0,44.9,54.4,48.6,46.9,56.6,7.6,4.5,5.4,4.9,4.7,5.7,377.57142857142856,290.5238095238095,6.333333333333333,430.92928095238096,0.19831209523809523,5.905966666666667,0.5714285714285714,1.1322714285714286,0.26921428571428574,8.285714285714286,0.65814696485623,0.2046783625730994,0.0,0.3020959116784544,-0.8102415108044307,0.0,-0.9431818399634716,0.20834376190476192,835.9096095238095,0.0,21.0,0.19315842658782123
Czajek,mid,LFL,2,49,0.49,Misfits Premier,66.4,60.0,36.1,56.9,51.3,56.6,6.6,6.0,3.6,5.7,5.1,5.7,159.22448979591837,-2.142857142857143,2.306122448979592,648.2522571428572,0.29491363265306125,8.739116326530612,0.5510204081632653,1.139812244897959,0.1786204081632653,8.0,0.658357771260997,0.16470588235294117,0.0,0.14644548604035054,-0.5574012550756736,-0.7829457364341085,-1.0081143675186666,0.24395485714285714,337.0562081632653,0.0,49.0,0.0467743485492514
Life,sup,LCK,1,98,0.49,KT Rolster,47.5,59.7,55.3,59.9,69.8,56.6,4.8,6.0,5.5,6.0,7.0,5.7,-109.88775510204081,-69.61224489795919,-6.76530612244898,162.16618163265306,0.08531499591836736,0.9196969387755103,0.02040816326530612,2.766029591836735,0.3534744897959184,15.214285714285714,0.7133277451802179,0.22202486678507993,0.0,0.23576661413259895,-0.14070134446339233,-0.2823844204298137,-0.9356120887147533,0.09029581224489795,309.25306326530614,0.0,98.0,0.6212761437137059
Westlander,top,LFL2,2,24,0.583,Lille Esport,68.2,43.9,68.4,51.7,45.7,56.6,6.8,4.4,6.8,5.2,4.6,5.7,317.0416666666667,285.5833333333333,12.791666666666666,511.571175,0.22858699999999998,7.571745833333334,0.4166666666666667,0.8094333333333333,0.15367083333333334,3.5416666666666665,0.5397590361445783,0.2454780361757106,0.0,0.3208797830671889,-0.2526788167414598,-0.5913087279054858,-0.6903100072189945,0.22782333333333335,730.6830208333334,0.0,24.0,-0.23748688514472627
XoNix,mid,PGN,3,47,0.553,Atleta Esport,67.7,49.9,52.6,50.2,57.3,56.6,6.8,5.0,5.3,5.0,5.7,5.7,106.55319148936171,406.3191489361702,6.553191489361702,601.7746127659575,0.28732815957446806,8.56328510638298,0.40425531914893614,1.0344446808510637,0.1493127659574468,5.0638297872340425,0.5947019867549669,0.16344725111441308,0.0,0.22647761345733594,0.23825688073394505,-0.7184403669724772,-0.9144782527193424,0.23215093617021276,359.55706382978724,0.0,47.0,-0.04120543055388438
Parus,sup,TCL,15,39,0.436,Beşiktaş Academy|Beşiktaş Esports|SuperMassive Blaze,67.2,50.7,56.2,50.9,50.9,56.6,6.7,5.1,5.6,5.1,5.1,5.7,79.25641025641026,-42.61538461538461,-0.3076923076923077,169.0362,0.09380847692307692,1.167225641025641,0.10256410256410256,2.458120512820513,0.3540974358974359,14.538461538461538,0.7196819085487077,0.2693726937269373,0.0,0.22105334263052379,0.0,0.0,-1.0861520399442544,0.09937685897435897,446.1395025641026,0.0,39.0,0.4146783202508861
Xuradel,mid,EL,3,42,0.905,Saprissa Esports,65.4,49.6,56.4,47.9,61.8,56.6,6.5,5.0,5.6,4.8,6.2,5.7,667.2142857142857,225.88095238095238,12.547619047619047,521.5073571428571,0.23087511904761904,8.351107142857144,0.42857142857142855,1.2081595238095237,0.17700714285714286,5.619047619047619,0.6436931079323797,0.24926686217008798,0.0,0.0830212234706617,0.3184235220519237,0.395839849859243,-0.6721964765804298,0.21953571428571428,295.22390952380954,0.0,42.0,0.055979643765903336
Xamexx,bot,SL (LATAM),3,41,0.61,Instinct Gaming|Zeu5 Bogota,55.1,69.2,46.2,53.9,50.4,56.6,5.5,6.9,4.6,5.4,5.0,5.7,212.85365853658536,220.3170731707317,-1.4390243902439024,506.794243902439,0.24948397560975608,8.99860243902439,0.8048780487804879,1.5654804878048783,0.3931560975609756,7.7317073170731705,0.6555023923444976,0.1784313725490196,0.0,0.1760518969460514,-0.2678854067742957,-0.09122085048010975,-0.8865490145825285,0.26161090243902435,295.3670317073171,0.0,41.0,-0.36049197366901486
Jwei,sup,LDL,2,88,0.648,Bilibili Gaming|Bilibili Gaming Junior,52.2,57.5,59.9,51.3,68.3,56.6,5.2,5.8,6.0,5.1,6.8,5.7,0.0,0.0,0.0,174.63652727272728,0.07974898522727272,0.9992181818181819,0.0,2.563372727272727,0.26670909090909095,16.875,0.731353591160221,0.24335548172757476,0.022727272727272728,0.22612689169254258,-0.16553895323510018,0.3037974142171015,-0.8838794204570136,0.09822588522727273,0.0,0.0,88.0,0.11887509091398872
Solokill,top,LDL,2,110,0.709,EDG Youth Team,49.9,56.5,59.8,50.9,77.1,56.6,5.0,5.7,6.0,5.1,7.7,5.7,0.0,0.0,0.0,491.27941818181813,0.2263851718181818,8.192563636363637,0.0,0.90808,0.1298781818181818,5.2727272727272725,0.5222929936305732,0.17416189697465248,1.8818181818181818,0.18383737077611478,-0.047186603218424265,-0.05759986438543599,-0.7151959207453442,0.2245016818181818,0.0,0.0,110.0,0.3556171420846288
Eddie,bot,VCS,15,84,0.571,Team Secret,50.2,57.4,61.9,51.7,70.7,56.6,5.0,5.7,6.2,5.2,7.1,5.7,-105.21428571428571,-67.47619047619048,-8.226190476190476,588.0998785714286,0.25641186428571433,8.877458333333333,0.7023809523809523,1.378504761904762,0.40211071428571427,5.035714285714286,0.6449221645663454,0.17740652346857597,0.0,0.22416760874628613,-0.1248805249672699,0.36370207946796457,-0.873103831357654,0.2559457142857143,261.91497023809524,0.0,84.0,0.08319656353210551
Wuy,sup,LDL,2,77,0.532,Weibo Gaming Youth Team,48.1,64.4,62.8,50.6,61.1,56.6,4.8,6.4,6.3,5.1,6.1,5.7,0.0,0.0,0.0,148.3423831168831,0.07620076623376623,1.1872168831168832,0.0,2.2100415584415587,0.24783896103896105,14.025974025974026,0.6982591876208898,0.22365805168986083,0.16883116883116883,0.27035684860102227,0.14309673048928045,-0.2962694395359153,-0.8765396519051794,0.0945612012987013,0.0,0.0,77.0,-0.14261383533007202
Maynter,top,LFL2,2,24,0.5,Lille Esport|One Breath Gaming,57.0,68.5,43.5,62.6,39.7,56.6,5.7,6.8,4.3,6.3,4.0,5.7,106.16666666666667,304.7083333333333,9.583333333333334,458.13337083333334,0.20995275,7.5173041666666665,0.16666666666666666,1.0988208333333334,0.22567916666666665,6.083333333333333,0.5359477124183006,0.17548746518105848,0.0,0.17729042836646852,-0.6898773829768191,0.0,-0.9871597160778512,0.21155254166666668,788.5910625,0.0,24.0,-0.27066084600331175
Wannabe,sup,NEXO,3,29,0.586,Oxygen Valiants,56.2,65.8,52.6,48.6,53.9,56.6,5.6,6.6,5.3,4.9,5.4,5.7,117.41379310344827,-179.41379310344828,-4.931034482758621,171.76742413793102,0.09079680344827587,0.9436793103448275,0.06896551724137931,2.808248275862069,0.41432413793103445,13.206896551724139,0.6776470588235294,0.21483375959079284,0.0,0.16013564431047475,0.22497290989414032,0.42435608902225574,-1.011346206673671,0.09817593103448276,307.021924137931,0.0,29.0,0.4059959595959597
HUGOD,top,LPLOL,3,25,0.32,Boavista FC,40.1,59.8,67.5,68.4,60.3,56.6,4.0,6.0,6.8,6.8,6.0,5.7,-263.36,-54.48,-9.8,426.899912,0.2009798,6.693368,0.32,0.9353360000000001,0.091496,1.88,0.5973684210526315,0.15938864628820962,0.0,0.26154669930390884,0.0,1.2254262788365096,-0.9057680903413436,0.21370656,820.1561280000001,0.0,25.0,1.003179650238474
Dorian,jng,LDL,2,34,0.176,Shu Dai Xiong Gaming,48.7,68.2,59.7,53.2,51.3,56.6,4.9,6.8,6.0,5.3,5.1,5.7,0.0,0.0,0.0,292.7993558823529,0.1560417088235294,5.499697058823529,0.0,1.4134382352941177,0.36566470588235295,10.264705882352942,0.6847826086956522,0.17801047120418848,8.882352941176471,0.25833483836012283,0.0,0.0,-0.9928686639932139,0.1870720294117647,0.0,0.0,34.0,0.2554621848739495
Bible,sup,LCKC,2,87,0.598,Dplus Kia|Dplus Kia Challengers,49.9,56.1,62.8,54.7,68.0,56.5,5.0,5.6,6.3,5.5,6.8,5.7,37.76543209876543,34.0,-0.04938271604938271,150.99962873563217,0.07627568045977012,1.0850137931034483,0.0,2.57418275862069,0.36330919540229883,17.298850574712645,0.6912637828668363,0.24448897795591182,0.0,0.25563247013713747,-0.09649801681589713,0.27202852247997417,-0.8919159053996155,0.09121636091954023,325.0734888888889,0.0,87.0,0.13070880942345162
Niles,top,PGC,2,61,0.59,Maryville University,72.4,47.9,50.7,49.6,52.0,56.5,7.2,4.8,5.1,5.0,5.2,5.7,577.2950819672132,136.14754098360655,10.868852459016393,562.8732950819672,0.24809887704918035,7.910695081967213,0.4098360655737705,0.9734770491803278,0.12953934426229508,4.901639344262295,0.527403414195867,0.2304147465437788,0.0,0.1753305844117672,0.1008901206253904,0.0,-1.0493189839004557,0.23441673770491805,646.6913901639344,0.0,61.0,-0.14156831372198753
links,bot,PGC,2,69,0.609,Area of Effect Esports|Taco Gaming,65.5,46.6,54.3,53.2,62.7,56.5,6.5,4.7,5.4,5.3,6.3,5.7,32.768115942028984,181.2608695652174,5.231884057971015,620.8167333333333,0.2589386811594203,8.44191304347826,1.2028985507246377,1.1518463768115943,0.2316072463768116,4.101449275362318,0.6181678214010777,0.17323481116584566,0.0,0.2502186425408239,-0.2817317439448434,-0.4699243001165002,-0.8370503658847014,0.2525606811594203,301.9279594202899,0.0,69.0,0.046149737181127255
Diagu,jng,UL,2,39,0.282,Forsaken|devils.one inStreamly,55.3,53.3,52.8,61.7,64.5,56.5,5.5,5.3,5.3,6.2,6.5,5.7,81.71794871794872,200.05128205128204,-3.051282051282051,325.7808923076923,0.16221092564102566,5.494715384615385,0.07692307692307693,1.1818820512820514,0.25634871794871794,8.282051282051283,0.6980392156862745,0.1852409638554217,0.0,0.21137732843985874,0.0,0.0,-1.0720383772998028,0.18798264102564102,796.242764102564,0.0,39.0,1.0286067193675887
Bruness,jng,GLL,3,49,0.449,Team Oplon|WLGaming Esports,51.9,62.1,46.4,60.7,63.4,56.5,5.2,6.2,4.6,6.1,6.3,5.7,69.22448979591837,-3.4693877551020407,1.5714285714285714,332.1350081632653,0.160443,5.808497959183674,0.20408163265306123,1.4366714285714286,0.3278530612244898,10.755102040816327,0.7078488372093024,0.20488466757123475,0.0,0.19260036193567395,-0.16046664746306738,-0.642092917986914,-1.0246242948166804,0.18481689795918366,801.3381897959184,0.0,49.0,0.46815924032140277
Smarty,sup,HM,3,45,0.644,Dynamo Eclot,52.6,61.6,45.3,58.4,67.7,56.5,5.3,6.2,4.5,5.8,6.8,5.7,8.911111111111111,18.444444444444443,3.0444444444444443,147.97853111111112,0.07043188666666667,1.1294111111111111,0.06666666666666667,2.716288888888889,0.45094222222222224,13.866666666666667,0.724233983286908,0.2816666666666667,0.0,0.18313847198631644,-0.5074169595461828,-0.1487621345281177,-0.9805518771126831,0.09405596888888888,504.82252222222223,0.0,45.0,0.7176876070549497
Steellar,top,DDH,3,56,0.446,Arctic Gaming México|Braves Rising,52.2,52.9,70.1,52.6,62.3,56.5,5.2,5.3,7.0,5.3,6.2,5.7,-278.0357142857143,-63.05357142857143,-4.303571428571429,515.0148089285715,0.25120675,7.7753749999999995,0.4107142857142857,0.8820678571428572,0.152725,5.142857142857143,0.5506402793946449,0.20696937697993664,0.0,0.28001295188482117,0.334813064344376,1.592306682420901,-1.0493572293860596,0.23360825000000002,726.5094375,0.0,56.0,0.04194334706228456
micaO,bot,CBLOL,15,36,0.194,INTZ,48.7,58.1,62.4,63.9,55.2,56.5,4.9,5.8,6.2,6.4,5.5,5.7,-87.13888888888889,30.0,1.1388888888888888,489.7963027777778,0.2802035277777778,8.360091666666667,0.4444444444444444,1.1889972222222223,0.3159472222222222,5.638888888888889,0.7198952879581152,0.16179001721170397,0.0,0.25275404333231616,0.0,0.0,-0.9538880628934474,0.2607411388888889,292.52242777777775,0.0,36.0,0.3307304785894206
Nayuki,top,LDL,2,72,0.611,Young Miracles,48.1,63.3,59.5,45.7,73.3,56.5,4.8,6.3,6.0,4.6,7.3,5.7,0.0,0.0,0.0,477.90838194444444,0.21757851111111112,8.481304166666668,0.0,1.0289472222222222,0.189225,5.305555555555555,0.4760357432981316,0.17497556207233628,3.1666666666666665,0.24712537859077502,-0.10495333811916724,-0.29361091170136394,-0.8775108893319632,0.22345781944444443,0.0,0.0,72.0,0.9085019482653398
pulse,top,UPL,2,40,0.625,Wild West Bandits,59.7,44.7,72.3,60.3,48.3,56.5,6.0,4.5,7.2,6.0,4.8,5.7,-233.6,-224.675,-2.375,631.3137899999999,0.226447875,7.761995000000001,0.675,0.7600399999999999,0.0996375,3.275,0.5275779376498801,0.18675496688741722,0.0,0.15598356641195238,0.3259274177596301,3.0593759908450475,-0.8888919054826695,0.2185047,919.773015,0.0,40.0,-0.13149626962377764
EU Red,bot,UPL,2,26,0.692,Team Fish Taco,79.0,36.5,64.6,45.1,48.2,56.5,7.9,3.6,6.5,4.5,4.8,5.7,1229.0,250.46153846153845,11.384615384615385,702.6380076923076,0.2562094615384615,8.973146153846153,1.5,0.8893230769230769,0.19267307692307692,4.3076923076923075,0.6214405360134003,0.2035623409669211,0.0,0.22182709993868793,0.01877201041188183,0.3118971061093247,-0.7406892098450261,0.2779515769230769,320.6345615384616,0.0,26.0,-0.043352443352443204
Abagnale,sup,NLC,2,47,0.426,NYYRIKKI,46.9,61.2,58.8,63.4,57.3,56.4,4.7,6.1,5.9,6.3,5.7,5.6,-124.38297872340425,5.9787234042553195,3.765957446808511,148.97314893617022,0.07650670212765957,1.0969042553191488,0.0,2.7361212765957448,0.3222212765957447,13.574468085106384,0.7337662337662337,0.24461343472750316,0.0,0.16007565709126773,1.021635557271762,0.0,-1.1138953771533437,0.08910417234042553,458.36628723404255,0.0,47.0,0.5207593431148401
Obsess,jng,PRM,3,63,0.619,Eintracht Spandau,46.2,57.7,63.7,55.5,70.9,56.4,4.6,5.8,6.4,5.5,7.1,5.6,-36.12698412698413,-190.04761904761904,-3.619047619047619,310.9507063492063,0.135592926984127,5.389984126984127,0.4444444444444444,1.4089761904761906,0.3888460317460317,11.428571428571429,0.6534552845528455,0.20871559633027523,0.0,0.2622300379295687,-0.12298519237771574,-0.2710280373831776,-0.7745060331134892,0.174801,826.127107936508,0.0,63.0,0.10428920276539347
Kenji,sup,PGC,2,56,0.518,Winthrop University,68.7,55.8,52.7,43.7,48.9,56.4,6.9,5.6,5.3,4.4,4.9,5.6,39.25,-202.42857142857142,0.25,252.5237017857143,0.10613544107142857,1.2646017857142857,0.05357142857142857,2.650592857142857,0.3777017857142857,10.482142857142858,0.628731343283582,0.21518987341772153,0.0,0.2576770611685866,-0.4585922383834844,0.0,-1.011213015009948,0.105648725,333.5941732142857,0.0,56.0,-0.2556941062222695
Pyosik,jng,LCK,1,118,0.534,Kiwoom DRX,49.3,62.0,48.4,59.0,69.5,56.4,4.9,6.2,4.8,5.9,7.0,5.6,-70.07627118644068,10.398305084745763,-0.4745762711864407,259.55776016949153,0.12753923559322033,5.77384406779661,0.211864406779661,1.6464389830508475,0.4758593220338983,14.838983050847459,0.6972083035075161,0.2074659009332376,0.0,0.1971996766370251,-0.5286208796283028,0.19884067524576532,-0.8848532533487246,0.17159451355932204,740.8149677966102,0.0,118.0,0.2482788562922536
VaSKED,sup,HM,3,67,0.522,eSuba,50.4,52.9,60.1,55.7,74.6,56.4,5.0,5.3,6.0,5.6,7.5,5.6,20.71641791044776,42.3134328358209,1.4029850746268657,158.26975970149252,0.07272457910447762,1.1660298507462685,0.0,2.5008731343283586,0.3039507462686567,12.985074626865671,0.6841593780369291,0.23550724637681159,0.0,0.2242847767972172,0.5038096659409603,0.23497787765994815,-1.0051070080893405,0.09266922537313434,440.1010313432836,0.0,67.0,0.6077662691001949
Time,jng,LPLOL,3,69,0.638,EGN Esports,55.9,48.9,58.2,57.8,69.6,56.4,5.6,4.9,5.8,5.8,7.0,5.6,-1.0,-59.81159420289855,-4.782608695652174,395.66308550724636,0.16652222173913045,5.27811304347826,0.34782608695652173,1.2136260869565219,0.2757463768115942,10.028985507246377,0.7055961070559611,0.23251231527093597,0.0,0.26441943515686134,-0.3331587933530559,-0.5349479920689872,-0.867409879362837,0.19065628985507246,862.8650115942029,0.0,69.0,-0.17876822440268303
Armao,jng,LCSA,2,113,0.699,Team Liquid Academy,54.9,44.7,62.2,57.6,76.2,56.4,5.5,4.5,6.2,5.8,7.6,5.6,157.5486725663717,122.82300884955752,2.3893805309734515,301.3025168141593,0.12882012212389382,5.7230513274336285,0.24778761061946902,1.176708849557522,0.2450353982300885,6.84070796460177,0.647450110864745,0.19599109131403117,0.0,0.1774505895870201,-0.019050452721683358,0.46067470230155466,-0.7390597178610296,0.16943446017699115,906.8505141592921,0.0,113.0,0.14488246263076468
zorenous,top,LCO,15,46,0.457,Dire Wolves,57.4,65.9,45.9,55.3,48.6,56.4,5.7,6.6,4.6,5.5,4.9,5.6,276.2608695652174,-89.73913043478261,2.0869565217391304,488.4569260869565,0.2446742891304348,7.6230326086956515,0.2608695652173913,1.301741304347826,0.19808695652173913,5.173913043478261,0.5864553314121037,0.22943722943722944,0.0,0.22595740415935858,-0.644006886909095,-0.8835234166464451,-1.0106671476307278,0.23083947826086956,725.619295652174,0.0,46.0,-0.22799528824510448
Yanxiang,jng,LDL,2,75,0.413,Team WE Academy,44.6,64.2,55.5,59.4,65.8,56.4,4.5,6.4,5.5,5.9,6.6,5.6,0.0,0.0,0.0,269.9109066666667,0.12871989333333334,5.190332,0.0,1.2507466666666667,0.28748266666666666,10.08,0.7204797047970479,0.18719611021069693,9.466666666666667,0.283681068033108,-0.5421918026157284,-0.3651449930145943,-0.8734666859961574,0.18204402666666666,0.0,0.0,75.0,0.1100283981275456
GunPoint,bot,LHE,2,39,0.538,Cruzados Esports|Rebirth eSports,55.3,61.7,57.5,55.5,47.7,56.4,5.5,6.2,5.8,5.5,4.8,5.6,201.82051282051282,-121.61538461538461,0.4358974358974359,529.7572615384615,0.2779309230769231,9.021235897435897,0.7948717948717948,1.2492205128205127,0.3503717948717949,4.384615384615385,0.671280276816609,0.16544117647058823,0.0,0.2627381999413662,-0.7299408284023668,0.21775147928994087,-0.7807675015786475,0.2698051282051282,215.4302717948718,0.0,39.0,-0.32505174530784064
Vander,sup,LFL,2,49,0.49,Misfits Premier,54.8,62.0,42.3,61.1,60.2,56.3,5.5,6.2,4.2,6.1,6.0,5.6,76.3061224489796,68.10204081632654,-2.7142857142857144,162.64580408163266,0.07453683265306123,0.9789142857142857,0.04081632653061224,2.61775306122449,0.3243326530612245,16.06122448979592,0.6964809384164223,0.19738562091503267,0.0,0.1775727051177904,-0.2988897700237907,-0.7680412371134021,-1.0058872202778646,0.09288704489795918,416.02334081632654,0.0,49.0,0.499778675566485
Lehends,sup,LCK,1,107,0.757,Gen.G,62.1,45.8,56.7,53.2,67.8,56.3,6.2,4.6,5.7,5.3,6.8,5.6,23.252336448598133,80.30841121495327,0.3925233644859813,171.66671028037382,0.07995875794392523,1.0223364485981308,0.028037383177570093,2.5946271028037384,0.3046644859813084,15.626168224299066,0.6899534264803726,0.23876123876123875,0.0,0.156428161022388,0.010741611834244059,-0.029354597160928638,-0.7536693152257147,0.0890744429906542,297.03727289719626,0.0,107.0,0.14100963855225876
Tomio,jng,LCSA,2,88,0.409,Evil Geniuses Academy,45.9,55.8,64.7,59.1,68.7,56.3,4.6,5.6,6.5,5.9,6.9,5.6,-70.32954545454545,-61.32954545454545,-1.7386363636363635,279.2610931818182,0.13696345113636366,5.5789125,0.18181818181818182,1.3336534090909091,0.3196159090909091,8.375,0.662621359223301,0.1870824053452116,0.0,0.25111162698335004,0.30830532290059526,0.0,-0.9269952560953706,0.17555045454545454,840.8319420454546,0.0,88.0,0.12245868774846809
Pillo,top,DDH,3,61,0.459,Zylant Esports,46.8,58.4,58.7,58.5,69.0,56.3,4.7,5.8,5.9,5.8,6.9,5.6,-101.67213114754098,6.622950819672131,-4.491803278688525,443.67870327868854,0.2199780163934426,8.04276393442623,0.3770491803278688,0.9226459016393442,0.14642295081967213,3.262295081967213,0.5227995758218452,0.15309446254071662,0.0,0.25495453433824683,0.0,-0.48379661344788405,-0.8777909213129005,0.22367254098360653,802.0017344262295,0.0,61.0,0.10311298333689385
Lyng,sup,DDH,3,57,0.509,Arctic Gaming México|Six Karma,47.7,60.4,49.2,63.7,68.3,56.3,4.8,6.0,4.9,6.4,6.8,5.6,-139.2982456140351,40.35087719298246,1.368421052631579,150.1093105263158,0.07054663157894736,1.1244245614035089,0.03508771929824561,2.486617543859649,0.3241859649122807,12.56140350877193,0.7271702367531003,0.2234762979683973,0.0,0.21091712033070212,0.0,-0.9507697791426182,-0.9354833435408364,0.09098418070175439,441.1007421052632,0.0,57.0,0.17168716177215987
BroCColi,jng,TCL,15,36,0.361,Beşiktaş Esports|Galakticos,58.5,56.9,54.3,54.3,55.2,56.3,5.8,5.7,5.4,5.4,5.5,5.6,-56.05555555555556,89.36111111111111,3.4166666666666665,282.67686944444443,0.16443037777777778,5.806197222222222,0.2777777777777778,1.3625944444444444,0.3617,9.11111111111111,0.7255369928400954,0.21104536489151873,0.0,0.2116899097621001,0.0,0.0,-1.0546541216633007,0.19243291666666665,681.0181138888888,0.0,36.0,0.5979197622585437
Rakyz,mid,LHE,2,32,0.625,Master Girl|Meta Gaming,54.4,64.0,54.2,58.3,44.4,56.3,5.4,6.4,5.4,5.8,4.4,5.6,205.53125,-101.90625,-1.78125,521.076509375,0.2763053125,7.7922625,0.40625,1.276546875,0.201046875,9.84375,0.6541353383458647,0.16876574307304787,0.0,0.2190137130801688,0.0,-0.5502412418711977,-0.8154621343704299,0.22388668750000001,207.985146875,0.0,32.0,-0.30355871886121
Nuclex,mid,VL,3,34,0.441,AceS GaminG,54.8,61.0,53.4,52.8,58.4,56.3,5.5,6.1,5.3,5.3,5.8,5.6,-159.47058823529412,-58.705882352941174,-5.235294117647059,545.2989558823529,0.28590405882352943,7.647938235294117,0.7647058823529411,1.1752088235294116,0.17699117647058824,7.9411764705882355,0.652542372881356,0.17311608961303462,0.0,0.2610310456478954,-0.2403738839285715,0.0,-0.9271068014027211,0.2447369411764706,335.5919088235294,0.0,34.0,0.577336448598131
CBL,sup,VCS,15,64,0.438,Luxury Esports|Team Whales,54.9,51.8,61.9,56.1,62.4,56.3,5.5,5.2,6.2,5.6,6.2,5.6,-16.96875,19.3125,3.359375,168.7686109375,0.076252509375,1.50755,0.0,2.31911875,0.299609375,13.875,0.670020120724346,0.19047619047619047,0.0,0.24567936713205776,0.0,0.0,-0.9667366632846188,0.09802380000000001,477.907925,0.0,64.0,0.3237935565725679
Nash1c,bot,NEXO,3,27,0.852,Ramboot Club,68.5,51.0,56.0,47.3,50.0,56.3,6.8,5.1,5.6,4.7,5.0,5.6,271.18518518518516,200.66666666666666,-3.3333333333333335,628.2856592592593,0.272994,8.783748148148149,1.3703703703703705,1.1589555555555555,0.2992296296296296,3.6296296296296298,0.634765625,0.1919191919191919,0.0,0.2228682170542636,-0.08227572386954385,-0.7255539743850377,-0.6888553546191866,0.2448168888888889,214.34056296296296,0.0,27.0,-0.1557201611549438
Highway,sup,NLC,2,22,0.5,Bifrost,76.2,48.4,46.2,51.5,43.2,56.3,7.6,4.8,4.6,5.2,4.3,5.6,362.77272727272725,494.40909090909093,16.5,185.64142272727273,0.08627609545454545,2.00245,0.045454545454545456,2.2759954545454546,0.31533181818181816,9.318181818181818,0.6923076923076923,0.24489795918367346,0.0,0.26132864056313243,-0.6259916887041934,-0.7449943332074046,-0.9793292602396456,0.10954168636363636,619.5086181818182,0.0,22.0,-0.01385521302390023
chilioil,sup,LJLA,3,20,0.5,Sengoku Gaming Academy,71.1,46.3,58.4,55.3,39.6,56.3,7.1,4.6,5.8,5.5,4.0,5.6,327.92857142857144,251.42857142857142,16.357142857142858,179.136725,0.08012304,1.487695,0.05,2.10532,0.260995,14.85,0.7003367003367004,0.23333333333333334,0.0,0.1288208455310283,0.8599653286926782,1.0462484509808505,-1.057028985826863,0.10171542,473.18609285714285,0.0,20.0,-0.2888982169984809
Hype,bot,LCKC,2,38,0.395,Liiv SANDBOX Youth,50.6,66.8,54.2,59.1,46.2,56.2,5.1,6.7,5.4,5.9,4.6,5.6,-486.7631578947368,-72.44736842105263,-0.47368421052631576,544.1081789473684,0.2992761578947368,9.607313157894737,1.0,1.4631368421052633,0.30186052631578947,6.315789473684211,0.6680497925311203,0.1506849315068493,0.0,0.22355899654719685,0.0,0.0,-0.988277906910495,0.2658112105263158,261.1477894736842,0.0,38.0,-0.06681142857142867
Maxlore,jng,LVP SL,2,59,0.542,Giants,57.6,54.6,50.0,57.4,62.9,56.2,5.8,5.5,5.0,5.7,6.3,5.6,171.84745762711864,-55.644067796610166,0.13559322033898305,315.2116389830509,0.1524260474576271,5.38622033898305,0.3898305084745763,1.4205627118644066,0.3406762711864407,11.389830508474576,0.6957055214723926,0.2490566037735849,0.0,0.256470611562195,-0.3605515672755704,-0.5298173288790959,-1.0164516849938992,0.17503962711864404,764.7806728813559,0.0,59.0,0.4369655280231375
Warszi,mid,UL,2,47,0.447,Forsaken|Illuminar Gaming|RNL ROAR,59.7,54.0,56.9,55.6,52.3,56.2,6.0,5.4,5.7,5.6,5.2,5.6,183.82978723404256,15.936170212765957,2.5106382978723403,559.8369106382979,0.2689612978723404,8.655053191489362,0.48936170212765956,1.0323829787234042,0.1724127659574468,7.468085106382978,0.6470588235294118,0.1744868035190616,0.0,0.24176440151776474,0.0,0.0,-0.9305730530792793,0.24504955319148936,414.4516255319149,0.0,47.0,0.030264426387549892
Asza,bot,LFL,2,41,0.415,Solary,54.8,62.4,48.5,60.4,50.6,56.2,5.5,6.2,4.8,6.0,5.1,5.6,53.36585365853659,-24.195121951219512,0.926829268292683,530.0667512195122,0.2737052926829268,8.9519,0.8292682926829268,1.1977975609756097,0.3635658536585366,3.951219512195122,0.7283464566929134,0.19047619047619047,0.0,0.15666147815058226,0.45117418827853767,-0.7598529712068615,-0.9465389823449785,0.2720911463414634,261.5463512195122,0.0,41.0,0.09962839395665493
Doss,sup,LFL,2,101,0.733,LDLC OL,48.5,54.9,58.2,57.5,74.1,56.2,4.8,5.5,5.8,5.8,7.4,5.6,-34.71287128712871,-6.475247524752476,-1.9801980198019802,168.0786089108911,0.07179295148514851,0.8797336633663366,0.009900990099009901,2.5627633663366334,0.31905643564356434,12.049504950495049,0.6912442396313364,0.23501577287066247,0.0,0.21953531408172508,-0.08915792090706075,0.02220114332404971,-0.8762553602979656,0.09006809405940594,399.4936386138614,0.0,101.0,0.3789221601219077
Dread,jng,LCK,1,81,0.37,Nongshim RedForce,49.4,58.6,59.8,60.1,57.7,56.2,4.9,5.9,6.0,6.0,5.8,5.6,96.48148148148148,-38.382716049382715,-1.037037037037037,241.10276172839508,0.12966985925925928,5.881858024691358,0.18518518518518517,1.5304296296296296,0.4419333333333333,14.382716049382717,0.6972067039106146,0.19498069498069498,0.0,0.23786287532332892,0.0,0.0,-0.977152521556542,0.17310292592592594,733.4375654320987,0.0,81.0,0.213459714806045
pqy,bot,LDL,2,69,0.565,Qing Jiu E-sport Club|Ultra Prime Academy,49.5,63.5,58.8,53.4,57.6,56.2,5.0,6.3,5.9,5.3,5.8,5.6,0.0,0.0,0.0,557.8442173913044,0.2649889565217391,9.39500579710145,0.0,1.1298072463768116,0.3285246376811594,4.739130434782608,0.6701127819548872,0.15369458128078817,2.0579710144927534,0.23517085313419325,-0.24905159489435025,0.1814808372470575,-0.8348902670941589,0.2600762608695652,0.0,0.0,69.0,-0.30903503265279353
Xiaoxu,top,LDL,2,79,0.519,Royal Club,57.4,62.6,47.5,49.6,59.5,56.2,5.7,6.3,4.8,5.0,6.0,5.6,0.0,0.0,0.0,552.2421075949367,0.25611135316455697,8.19897088607595,0.0,0.916546835443038,0.1600506329113924,3.7974683544303796,0.5536823425022183,0.198292220113852,4.1265822784810124,0.2044075761777071,-0.5259147202914238,0.0,-1.0028437751438941,0.23619696202531645,0.0,0.0,79.0,-0.1588686601330566
Liang,top,PCS,15,31,0.581,Beyond Gaming,66.8,53.3,59.9,45.1,46.0,56.2,6.7,5.3,6.0,4.5,4.6,5.6,475.5806451612903,112.61290322580645,3.0,522.8617193548387,0.2641782580645161,8.518832258064515,0.3548387096774194,1.006758064516129,0.19922580645161292,6.806451612903226,0.49455337690631807,0.19083969465648856,0.0,0.21728105689324526,-0.13596410066617323,-0.4093264248704664,-0.7907969505881027,0.240232,675.1332419354839,0.0,31.0,-0.2923450630252101
Loop,sup,UPL,2,20,0.55,Harrisburg University,73.4,51.6,49.8,47.0,43.9,56.2,7.3,5.2,5.0,4.7,4.4,5.6,195.1,213.3,2.3,218.72787499999998,0.10473656499999999,1.097935,0.05,2.4445900000000003,0.32006999999999997,13.1,0.6705882352941176,0.22796352583586627,0.0,0.21269363646495043,-0.6541210100047642,0.0,-0.9013362660673653,0.10755381,359.44577,0.0,20.0,-0.037720033528918694
Fighto,mid,LCO,15,40,0.425,Kanga Esports,61.2,40.6,73.8,45.5,67.9,56.2,6.1,4.1,7.4,4.5,6.8,5.6,-14.875,-23.025,0.2,550.686705,0.26437520000000003,8.677955,0.65,0.8063974999999999,0.183835,1.65,0.6433566433566433,0.19374068554396423,0.0,0.23593168086837948,0.25045433700766007,1.589466175246701,-0.8792728430914367,0.258162575,383.84851,0.0,40.0,0.9884863802302721
Piku,mid,NEXO,3,31,0.645,Anorthosis Famagusta Esports|QLASH Spain,52.0,53.9,74.4,55.0,49.1,56.2,5.2,5.4,7.4,5.5,4.9,5.6,57.806451612903224,-120.0,-5.032258064516129,562.8113774193548,0.2642825483870968,8.112009677419355,0.45161290322580644,1.111174193548387,0.19080967741935484,8.064516129032258,0.6342857142857142,0.20293398533007334,0.0,0.5244344160085506,-0.43363800205973235,-0.22953141091658089,-0.6825006130748096,0.22239654838709677,393.85478064516127,0.0,31.0,-0.37161303979678245
Twiizt,sup,LFL,2,40,0.4,Team Oplon,41.9,58.1,63.0,66.6,64.9,56.2,4.2,5.8,6.3,6.7,6.5,5.6,-58.525,-208.925,1.05,145.63437,0.067755855,0.737635,0.0,2.33334,0.26721,12.5,0.727810650887574,0.1913477537437604,0.0,0.233880347786031,-0.14991876323174627,0.9093102259859189,-0.9663498068807254,0.08685103,342.4499125,0.0,40.0,0.8950797823109107
Dom1nant,mid,GLL,3,34,0.647,Anorthosis Famagusta Esports,69.8,41.8,65.2,47.8,53.0,56.2,7.0,4.2,6.5,4.8,5.3,5.6,251.26470588235293,41.1764705882353,3.8529411764705883,638.2320088235293,0.27543726470588237,8.853026470588235,0.8823529411764706,0.9885,0.14045294117647059,3.9411764705882355,0.6245487364620939,0.23138832997987926,0.0,0.28760122188390913,-0.07733241781821304,0.2256458673075273,-0.7245229797508763,0.2505711176470588,489.6657352941176,0.0,34.0,-0.14207074702837677
TaNa,top,TCL,15,23,0.652,Dark Passage,62.0,58.6,50.4,55.1,45.6,56.2,6.2,5.9,5.0,5.5,4.6,5.6,148.47826086956522,54.91304347826087,1.826086956521739,513.0343304347826,0.2597466521739131,8.233565217391305,0.34782608695652173,1.0538956521739131,0.2117913043478261,4.6521739130434785,0.5823170731707317,0.22988505747126436,0.0,0.1794361457649376,-0.31340020576131683,-0.8533950617283951,-0.793470159503759,0.22890152173913042,725.0121695652175,0.0,23.0,-0.08470558882235524
Blice,top,HC,3,28,0.571,ERKO Esports,59.1,55.4,56.1,62.1,42.9,56.2,5.9,5.5,5.6,6.2,4.3,5.6,334.4642857142857,46.107142857142854,6.178571428571429,494.8122035714286,0.22588682142857142,7.239610714285715,0.35714285714285715,0.8205285714285714,0.12136428571428572,2.7857142857142856,0.5952380952380952,0.1825,0.0,0.15874871714927835,0.10294117647058827,0.8068660911463561,-0.9357653117675597,0.22043285714285712,672.7476428571429,0.0,28.0,-0.41306510445451533
Beichuan,jng,LPL,1,96,0.542,FunPlus Phoenix|FunPlus Phoenix Blaze|ThunderTalk Gaming,57.0,60.6,53.9,47.9,58.1,56.1,5.7,6.1,5.4,4.8,5.8,5.6,0.0,0.0,0.0,316.51925,0.15485605104166666,5.609000000000001,0.0,1.6090635416666668,0.4141875,9.114583333333334,0.6944644140905823,0.2208,13.302083333333334,0.21706096335210093,-0.05165576407506701,-0.4641018766756032,-0.9299543143876843,0.18087144791666665,0.0,0.0,96.0,-0.05945036951807763
omly,mid,PGC,2,26,0.385,STXP|University of Michigan,68.8,45.5,61.3,54.3,43.2,56.1,6.9,4.5,6.1,5.4,4.3,5.6,271.38461538461536,45.53846153846154,4.846153846153846,636.6596346153846,0.2672161538461538,7.793738461538462,0.8461538461538461,0.7675115384615385,0.11171153846153846,3.8461538461538463,0.6400817995910021,0.15559157212317667,0.0,0.32063092194314935,-0.2115702479338842,0.0,-0.9898279152676073,0.25280126923076923,372.78350384615385,0.0,26.0,-0.027528332222265885
Hantera,sup,LFL,2,86,0.605,Karmine Corp,51.3,50.9,64.9,55.1,68.7,56.1,5.1,5.1,6.5,5.5,6.9,5.6,69.88372093023256,65.63953488372093,-0.3488372093023256,146.60725813953488,0.06344556860465117,1.0748383720930232,0.046511627906976744,2.498377906976744,0.2996604651162791,15.930232558139535,0.6528169014084507,0.21872265966754156,0.0,0.24644752114366933,0.1695241473197754,0.24895289460095266,-0.8866793326097107,0.08791098720930232,397.3480348837209,0.0,86.0,0.1883199749249989
Maple,mid,LCS,1,38,0.342,Anyone's Legend|TSM,54.4,51.3,68.9,58.7,50.0,56.1,5.4,5.1,6.9,5.9,5.0,5.6,-44.607142857142854,-113.32142857142857,-0.10714285714285714,530.9569105263158,0.2663804105263158,8.77171842105263,0.3157894736842105,1.0126105263157894,0.21142631578947368,5.7631578947368425,0.7002457002457002,0.1724137931034483,0.4,0.21052072627612198,0.3362031700288184,1.3299711815561959,-0.9258808035430064,0.24265563157894737,358.1689464285714,0.0,38.0,0.2142278617710582
Mettoe,mid,ESLOL,3,34,0.412,KV Mechelen Esports|Northern Lions Esports,56.9,50.3,51.1,61.1,66.5,56.1,5.7,5.0,5.1,6.1,6.7,5.6,-7.647058823529412,-20.323529411764707,-1.411764705882353,600.7312441176471,0.2565793529411765,7.923473529411765,0.5882352941176471,0.8262058823529412,0.13690000000000002,3.8529411764705883,0.6715867158671587,0.1681260945709282,0.0,0.16453477868112015,0.0,0.7805734347571677,-0.9854632681036845,0.24087714705882354,439.00969411764703,0.0,34.0,1.2873286847799956
Eclipse,top,LCSA,2,60,0.55,Dignitas Academy|Taco Gaming,54.3,50.9,67.5,51.8,62.4,56.1,5.4,5.1,6.8,5.2,6.2,5.6,-142.55,-4.366666666666666,-2.9166666666666665,507.56285833333334,0.23207287666666668,7.639443333333333,0.4666666666666667,1.0337666666666667,0.12793,5.7,0.5073839662447257,0.20964125560538116,0.0,0.28924129158716755,0.1126543209876543,0.0,-0.8836615839868596,0.22581565,710.4368066666666,0.0,60.0,0.28128786567422537
Lio,jng,DDH,3,34,0.324,Arctic Gaming México|PRO42|Tomorrow Esports,67.5,56.3,43.4,55.9,44.2,56.1,6.8,5.6,4.3,5.6,4.4,5.6,1.4411764705882353,14.029411764705882,1.5,393.88455,0.1842472411764706,6.339517647058823,0.8529411764705882,1.239194117647059,0.3095529411764706,7.588235294117647,0.7234468937875751,0.21473354231974923,0.0,0.18894827047692847,0.0,-0.47642443352643543,-1.200092774804378,0.21646382352941176,837.8347117647058,0.0,34.0,-0.20921851289833085
Nishkyu,mid,VL,3,44,0.682,Descuydado Aucas Esports|Waia Snikt,54.4,59.8,53.3,58.9,52.7,56.1,5.4,6.0,5.3,5.9,5.3,5.6,98.70454545454545,1.7727272727272727,2.8863636363636362,523.333875,0.24709245454545456,7.637924999999999,0.5681818181818182,1.1512863636363635,0.19479545454545455,8.272727272727273,0.6443298969072165,0.18088737201365188,0.0,0.18761711597242178,0.21157693046439816,-0.693055809312327,-0.7899021664844589,0.2141924090909091,348.29621363636363,0.0,44.0,-0.45070339143614996
Burrito,top,LHE,2,53,0.509,9z Team|Newstar,49.8,62.8,55.9,58.5,54.1,56.1,5.0,6.3,5.6,5.8,5.4,5.6,-154.43396226415095,-40.264150943396224,-9.415094339622641,472.12573584905664,0.24109347169811318,7.499701886792453,0.41509433962264153,1.0708584905660377,0.18766603773584908,6.90566037735849,0.550125313283208,0.2013793103448276,0.0,0.24414759392106186,-0.29368117035360586,0.0,-0.9613148820736199,0.2224535471698113,690.1656660377358,0.0,53.0,0.038592661951665067
Lucky,top,UPL,2,34,0.441,Antares Esports|CB Gaming|Glacial Red|The Longest Yard,65.2,48.6,62.4,48.6,50.8,56.1,6.5,4.9,6.2,4.9,5.1,5.6,69.11764705882354,71.44117647058823,10.764705882352942,578.5399588235294,0.23487517647058825,8.163661764705882,0.29411764705882354,0.8272117647058823,0.1539823529411765,1.1764705882352942,0.5008156606851549,0.18873239436619718,0.0,0.3464434211795525,-0.3650193669026312,0.0,-1.0788046853094844,0.2491381470588235,746.4676676470588,0.0,34.0,0.4466375068343356
Celina,bot,LAS,3,39,0.59,Dplus Kia Academy,52.6,46.1,77.9,48.6,67.6,56.1,5.3,4.6,7.8,4.9,6.8,5.6,-173.66666666666666,-246.7948717948718,-6.615384615384615,662.6165846153846,0.2413416153846154,8.551928205128204,0.9487179487179487,1.1552589743589745,0.30264615384615384,5.487179487179487,0.6274256144890039,0.2182890855457227,0.0,0.38522341384801334,0.4313875706214689,0.9130169491525423,-0.6711392682029866,0.2483349487179487,309.2140153846154,0.0,39.0,0.6197396963123646
Jackspektra,bot,LVP SL,2,79,0.62,Team Heretics,59.1,52.8,53.6,50.8,65.7,56.0,5.9,5.3,5.4,5.1,6.6,5.6,200.0632911392405,29.481012658227847,-4.708860759493671,600.0808405063292,0.27051879746835444,8.745706329113924,0.6962025316455697,1.272653164556962,0.32858860759493674,2.7974683544303796,0.6277683134582623,0.1865979381443299,0.0,0.17685167153521583,-0.07578667454572295,-0.09609713125742074,-0.8153331848127583,0.2658445443037975,339.04825822784807,0.0,79.0,-0.005830789977996932
twohoyrz,mid,LVP SL,2,68,0.574,Barça eSports,49.6,58.1,63.1,55.7,58.3,56.0,5.0,5.8,6.3,5.6,5.8,5.6,-176.26470588235293,-112.76470588235294,-2.3088235294117645,568.1600573529412,0.2660334911764706,8.622911764705881,0.5,1.1388970588235292,0.21612352941176471,5.088235294117647,0.6704545454545454,0.1982281284606866,0.0,0.2918396070602766,0.008072303941183728,-0.370686812747091,-0.8314826841571827,0.24004311764705885,356.1458161764706,0.0,68.0,-0.18697499045437196
Doinb,mid,LPL,1,113,0.531,LNG Esports,53.9,61.7,50.5,54.2,58.8,56.0,5.4,6.2,5.0,5.4,5.9,5.6,0.0,0.0,0.0,538.6884469026548,0.2632912300884956,8.742317699115045,0.0,1.1682884955752213,0.2599637168141593,4.3628318584070795,0.7058423913043478,0.18220946915351507,2.7079646017699117,0.23128310494276821,-0.25352915508198504,-0.36192472988042473,-0.8560445485859147,0.23546675221238939,0.0,0.0,113.0,-0.27900160050256695
Diva,mid,EBL,3,51,0.549,Hive Athens EC|Valiance,50.9,66.8,42.6,59.8,58.4,56.0,5.1,6.7,4.3,6.0,5.8,5.6,25.627450980392158,-169.2156862745098,-4.529411764705882,560.059762745098,0.2533821960784314,7.73031568627451,0.5490196078431373,1.154313725490196,0.24232156862745097,4.098039215686274,0.677819083023544,0.18123393316195371,0.0,0.12648633666360098,-0.04418448536850673,-0.3630337053011114,-0.9541578997960508,0.22324733333333335,316.9995254901961,0.0,51.0,-0.05806947677141004
Gamsu,top,LCSA,2,91,0.527,100 Thieves Academy|Dignitas|Dignitas Academy,46.9,50.4,72.7,54.8,70.6,56.0,4.7,5.0,7.3,5.5,7.1,5.6,-47.879120879120876,61.42857142857143,-1.6043956043956045,430.45220879120876,0.21482157142857145,8.18828131868132,0.1978021978021978,0.8714142857142857,0.13763846153846154,3.318681318681319,0.4988416988416988,0.17539484621778886,0.0,0.20945646132360565,1.0956912931708949,1.3313959986587682,-1.0221351166610204,0.22222638461538463,666.6967307692308,0.0,91.0,0.40669113495200465
Puppet Master,sup,EL,3,28,0.179,Janus Esports|Vandals Esports,54.2,56.0,65.6,50.9,54.4,56.0,5.4,5.6,6.6,5.1,5.4,5.6,-46.035714285714285,-211.32142857142858,-1.1785714285714286,181.6012357142857,0.09727496071428572,1.1741464285714287,0.03571428571428571,2.472585714285714,0.3294357142857143,11.642857142857142,0.6842105263157895,0.22115384615384615,0.0,0.33076530831659207,0.0,0.0,-0.9059223657252385,0.09784032499999999,351.0562821428571,0.0,28.0,0.30231718016204795
TomnaM,bot,LMF,2,60,0.633,EBRO,46.1,55.7,68.2,59.0,61.3,56.0,4.6,5.6,6.8,5.9,6.1,5.6,-121.85,51.733333333333334,8.933333333333334,471.255755,0.23797466666666667,8.316628333333334,0.45,1.2433866666666666,0.26607833333333336,6.25,0.6233292831105711,0.14805194805194805,0.0,0.35268798760120135,-0.24821778335945913,-0.496915306131803,-0.6830355057172778,0.23323656333333334,213.10138166666667,0.0,60.0,-0.08789373210308621
bat,bot,LDL,2,75,0.533,ThunderTalk Gaming Young,46.5,66.4,56.0,48.1,68.0,56.0,4.7,6.6,5.6,4.8,6.8,5.6,0.0,0.0,0.0,522.7671297297297,0.25727213513513514,9.375582666666666,0.0,1.2189864864864866,0.37691351351351354,3.864864864864865,0.6438721136767318,0.15992102665350444,3.364864864864865,0.21228379590952692,-0.1447196574790183,-0.10803720486525159,-0.8175418204490309,0.26495004,0.0,0.0,75.0,0.28310307945986896
wind,sup,LDL,2,74,0.622,Young Miracles,56.7,60.7,48.3,44.7,69.1,56.0,5.7,6.1,4.8,4.5,6.9,5.6,0.0,0.0,0.0,192.2038162162162,0.08928076351351351,1.2323324324324325,0.0,2.5095189189189187,0.3722635135135135,11.594594594594595,0.7024467245461721,0.2750965250965251,0.08108108108108109,0.2144246694047491,-0.4148697443848305,-0.5119239478569535,-0.9148335306024961,0.0981474391891892,0.0,0.0,74.0,0.48128249566724435
Haoye,jng,LDL,2,101,0.634,FunPlus Phoenix|FunPlus Phoenix Blaze,45.6,58.9,69.5,43.8,73.8,56.0,4.6,5.9,7.0,4.4,7.4,5.6,0.0,0.0,0.0,287.3870485148515,0.12977082277227722,5.180932673267327,0.0,1.4943366336633663,0.37990495049504946,11.841584158415841,0.6431924882629108,0.23955870764381404,11.485148514851485,0.20072010504393206,0.512893459011711,0.6737617823479007,-0.8203194018575599,0.17189503960396038,0.0,0.0,101.0,0.18356106088250576
Gemini,jng,PCS,15,75,0.68,CTBC Flying Oyster,54.7,51.3,65.8,49.4,65.4,56.0,5.5,5.1,6.6,4.9,6.5,5.6,118.52,103.81333333333333,2.453333333333333,263.7145146666667,0.1296929,5.385697333333334,0.29333333333333333,1.4992813333333332,0.40169066666666664,12.053333333333333,0.656912209889001,0.2286096256684492,0.0,0.19130963865988423,0.1519521524576174,0.47053005299488804,-0.777215262837674,0.16128817333333334,676.380596,0.0,75.0,-0.2184540690329057
MC,jng,NLC,2,37,0.486,Riddle Esports|X7 Esports,68.0,49.7,48.4,54.0,51.8,55.9,6.8,5.0,4.8,5.4,5.2,5.6,147.21621621621622,318.7567567567568,11.216216216216216,358.2545891891892,0.1678580081081081,6.198294594594595,0.2702702702702703,1.2739054054054055,0.31704054054054054,8.702702702702704,0.698,0.24860853432282004,0.0,0.11455497621139342,0.26423347914649226,0.1921060540287842,-1.0728065344430364,0.19136654054054056,775.4701081081081,0.0,37.0,0.324242222088439
Meiko,sup,LPL,1,119,0.605,EDward Gaming,52.9,50.3,64.8,51.4,69.6,55.9,5.3,5.0,6.5,5.1,7.0,5.6,-14.545454545454545,63.18181818181818,3.3636363636363638,152.42496470588236,0.07114478655462185,1.10950756302521,0.008403361344537815,2.5910285714285717,0.3331252100840336,14.142857142857142,0.7015290519877676,0.24075531077891424,0.06481481481481481,0.2362546660969258,0.2217023709348933,-0.08757757815634089,-0.858372168514458,0.09385219915966386,239.96545454545455,0.0,119.0,0.24518457856101186
Saulius,mid,UL,2,60,0.467,Iron Wolves,60.4,60.2,43.5,53.2,55.4,55.9,6.0,6.0,4.3,5.3,5.5,5.6,86.25,174.2,6.4,576.61061,0.2564179466666667,8.562651666666666,0.36666666666666664,1.2083433333333333,0.23429833333333333,4.266666666666667,0.6239620403321471,0.1772406847935549,0.0,0.226010101010101,-0.5613104582145146,-0.6442033495267376,-0.9658610053121313,0.23774735,353.62820833333336,0.0,60.0,-0.0012381000184042226
Markoon,jng,LEC,1,47,0.489,Excel Esports,56.5,53.2,54.5,63.3,51.9,55.9,5.7,5.3,5.5,6.3,5.2,5.6,25.29787234042553,-62.319148936170215,-3.0425531914893615,290.11090425531916,0.1469458829787234,4.838744680851064,0.2765957446808511,1.3194702127659574,0.38374468085106384,10.23404255319149,0.700164744645799,0.18779342723004694,7.142857142857143,0.223867899249732,-0.1275889837332904,-0.6379851827991625,-0.8802385655417084,0.16797046808510638,768.5108957446809,0.0,47.0,0.22300504301394272
Galaxy,mid,LPLOL,3,35,0.429,GTZ Esports|Odivelas Sports Club,60.0,46.5,70.8,50.2,53.4,55.9,6.0,4.7,7.1,5.0,5.3,5.6,76.68571428571428,118.88571428571429,4.685714285714286,533.99698,0.2612427428571429,8.338068571428572,0.6857142857142857,1.0179085714285716,0.17705428571428572,3.1714285714285713,0.625,0.22112211221122113,0.0,0.4533885389148547,-0.5212468754594913,0.0,-0.7111584793265325,0.24855825714285715,510.0081257142857,0.0,35.0,-0.17727135089590162
Diamond,sup,LCSA,2,97,0.505,FlyQuest Academy,60.1,46.1,58.9,49.2,71.2,55.9,6.0,4.6,5.9,4.9,7.1,5.6,48.22680412371134,164.15463917525773,0.30927835051546393,180.45187835051547,0.08110806907216495,1.1253,0.030927835051546393,2.396540206185567,0.2957432989690722,10.938144329896907,0.6618556701030928,0.24689655172413794,0.0,0.2792831092554316,0.17049389531766487,-0.6472670526627352,-0.952150551316422,0.09740549381443299,408.6138793814433,0.0,97.0,0.27368890866589823
RedBert,sup,CBLOL,15,57,0.596,FURIA,52.6,61.1,51.9,52.1,63.1,55.9,5.3,6.1,5.2,5.2,6.3,5.6,20.035087719298247,4.157894736842105,0.8070175438596491,141.53303684210528,0.0716230298245614,0.9898508771929825,0.05263157894736842,2.869847368421053,0.34592280701754385,20.24561403508772,0.6748466257668712,0.22601839684625494,0.0,0.2127285984743208,-0.40535895139057443,-0.6710959594003022,-0.8503550193583269,0.08962354210526315,376.09928070175437,0.0,57.0,0.4211404871030267
Muja,mid,CBLOLA,3,41,0.439,INTZ|INTZ Academy,49.3,67.4,53.5,55.5,51.6,55.9,4.9,6.7,5.3,5.5,5.2,5.6,55.292682926829265,-3.1463414634146343,6.2439024390243905,489.9900512195122,0.24299741463414634,8.48598536585366,0.3170731707317073,1.3252536585365853,0.22986829268292683,10.853658536585366,0.6376554174067496,0.17363344051446947,0.0,0.2440208912704334,0.1614400147316084,-0.08516711168400712,-1.0154253759834801,0.23154963414634144,371.6392317073171,0.0,41.0,-0.013023355935852042
Fatorix,bot,LMF,2,26,0.462,River Plate Gaming,56.7,56.4,56.3,62.1,44.4,55.9,5.7,5.6,5.6,6.2,4.4,5.6,52.96153846153846,-69.42307692307692,-8.26923076923077,553.7985076923077,0.2980828846153846,8.502815384615385,1.0384615384615385,1.1193807692307691,0.24021923076923077,6.923076923076923,0.7317073170731707,0.18235294117647058,0.0,0.30491247882552236,-0.6352331606217616,-0.772020725388601,-0.7253066201155176,0.2647077692307692,208.05325384615386,0.0,26.0,-0.35254562920268967
Enty,sup,LJL,15,66,0.667,QT DIG∞,58.3,53.6,46.6,57.2,65.4,55.9,5.8,5.4,4.7,5.7,6.5,5.6,-65.18181818181819,22.545454545454547,-3.984848484848485,185.44476515151516,0.08939922424242423,0.9846363636363638,0.015151515151515152,2.4938000000000002,0.27643636363636365,15.909090909090908,0.7361563517915309,0.23587570621468926,0.0,0.15541756761346268,-0.5699840027218273,-0.5384736175767232,-0.7736542809444477,0.08943135151515151,356.40767575757576,0.0,66.0,0.21859760538351727
Ucal,mid,LPL,1,85,0.447,ThunderTalk Gaming,51.6,56.6,61.3,48.8,67.4,55.9,5.2,5.7,6.1,4.9,6.7,5.6,0.0,0.0,0.0,514.7180152941177,0.26186702352941177,8.704069411764706,0.0,1.0427894117647059,0.2712717647058823,4.070588235294117,0.6587591240875912,0.15090735434574976,1.6705882352941177,0.2732203060559578,0.0,-0.45483124412533676,-0.8318569199267678,0.2420904823529412,0.0,0.0,85.0,0.35091477035596164
YHL,jng,UPL,2,24,0.458,University of Texas at Dallas|Wild West Bandits,65.1,47.2,57.0,61.4,43.3,55.9,6.5,4.7,5.7,6.1,4.3,5.6,-397.0416666666667,-271.375,-1.0833333333333333,523.1461791666667,0.20588905833333335,5.743754166666666,0.5416666666666666,1.005025,0.23967916666666667,5.291666666666667,0.7092198581560284,0.19959266802443992,0.0,0.2343949240294357,-0.13418884664131844,0.0,-0.940186509992526,0.19269170833333335,845.2380333333334,0.0,24.0,-0.10716400236826515
Enosh,bot,LAS,3,38,0.342,HANJIN BRION Academy|HANJIN BRION Challengers,59.9,63.3,41.8,58.6,45.0,55.9,6.0,6.3,4.2,5.9,4.5,5.6,99.89473684210526,-39.473684210526315,11.921052631578947,541.723755263158,0.27730823684210526,9.346436842105263,0.9210526315789473,1.1799526315789475,0.2789815789473684,4.552631578947368,0.7084148727984344,0.16638655462184873,0.0,0.1739612244897959,0.1625431962738519,-0.5041819001352231,-1.1352159558016344,0.2725132105263158,261.0716710526316,0.0,38.0,-0.20436603281389448
shanji,top,LPL,1,92,0.478,Oh My God,53.7,57.3,42.8,63.4,65.0,55.8,5.4,5.7,4.3,6.3,6.5,5.6,0.0,0.0,0.0,498.50715652173915,0.25316440217391306,8.066910869565218,0.0,0.887845652173913,0.15972173913043478,5.619565217391305,0.6317180616740088,0.19705197827773469,2.967391304347826,0.13739665387956698,0.27708603840634183,-0.8037996309710927,-1.0346740529763545,0.2285154239130435,0.0,0.0,92.0,0.45752104390274434
kehvo,bot,NLC,2,57,0.596,Riddle Esports|Vanir,51.9,50.4,63.3,63.0,57.4,55.8,5.2,5.0,6.3,6.3,5.7,5.6,-211.03508771929825,50.24561403508772,0.2807017543859649,581.1562140350877,0.2557411403508772,8.341277192982457,0.6666666666666666,1.0252754385964913,0.25792631578947367,3.0,0.6778846153846154,0.1748768472906404,0.0,0.3054546343012815,-0.3223675467842388,-0.030088976431433767,-0.8135782392991168,0.2373201052631579,265.80265789473685,0.0,57.0,-0.06056583028893533
Mabud,top,PGC,2,65,0.508,Team Ambition|Winthrop University,69.0,43.3,57.1,51.0,54.5,55.8,6.9,4.3,5.7,5.1,5.5,5.6,356.55384615384617,184.13846153846154,10.046153846153846,527.2064353846154,0.2238203276923077,8.17274923076923,0.6153846153846154,0.7336723076923076,0.10190615384615384,2.169230769230769,0.47815333882934874,0.16084484159220147,0.0,0.23276447869530498,-0.25007246589217735,0.0,-0.902308681716204,0.24111050769230769,790.3492923076923,0.0,65.0,-0.29813061359120635
Czypsy,sup,UL,2,58,0.552,Iron Wolves|Samsung Morning Stars,61.4,51.3,43.0,58.4,65.3,55.8,6.1,5.1,4.3,5.8,6.5,5.6,-18.5,-22.448275862068964,0.5,201.29213793103446,0.08958742413793103,1.0683258620689655,0.05172413793103448,2.371398275862069,0.27559310344827587,10.655172413793103,0.6901098901098901,0.21891604675876727,0.0,0.2059666729454133,-0.5929497832688443,-0.5339313013159137,-1.007911860351078,0.09438551724137931,474.60750689655174,0.0,58.0,0.6390239513110202
Memento,jng,LFL,2,45,0.333,Mirage Elyandra,56.9,58.9,47.6,62.8,48.3,55.8,5.7,5.9,4.8,6.3,4.8,5.6,217.35555555555555,332.4888888888889,3.5555555555555554,263.9965466666667,0.14948488666666665,6.230102222222222,0.08888888888888889,1.339108888888889,0.33729555555555557,11.0,0.7040816326530612,0.21079258010118043,0.0,0.20324427480916032,-0.6441379310344828,0.423448275862069,-1.0352399202657843,0.17666504444444445,813.4304311111111,0.0,45.0,-0.10267394353314221
Labrov,sup,LEC,1,45,0.467,Team Vitality,66.6,46.7,55.3,58.0,46.5,55.8,6.7,4.7,5.5,5.8,4.7,5.6,83.77777777777777,62.6,10.0,157.71020222222222,0.07319826444444444,1.3012177777777778,0.044444444444444446,2.5352444444444444,0.2931155555555556,16.644444444444446,0.7054794520547946,0.2370617696160267,0.0,0.2268068299302145,-0.08173014828436644,0.27434760414039966,-1.0719682896232197,0.09128993777777777,441.7392977777778,0.0,45.0,0.2496300138526106
Stormax,jng,LFL2,2,45,0.489,Lille Esport,53.9,61.4,45.1,66.1,48.7,55.8,5.4,6.1,4.5,6.6,4.9,5.6,-6.955555555555556,-73.0,1.0222222222222221,336.8467111111111,0.15288297555555555,5.459593333333333,0.24444444444444444,1.2890355555555555,0.3556911111111111,8.88888888888889,0.718796992481203,0.20413793103448277,0.0,0.1942276910764306,-0.25084536591385903,-0.6890040725657164,-0.9962178143663448,0.17498264444444445,834.0451977777778,0.0,45.0,-0.12328209463409817
Rift,bot,LFL2,2,45,0.489,Lille Esport,62.8,53.7,47.7,58.9,49.7,55.8,6.3,5.4,4.8,5.9,5.0,5.6,-123.2,109.02222222222223,11.2,600.2910133333334,0.27214193333333336,9.479368888888889,0.9111111111111111,0.9580422222222222,0.27639555555555556,2.2444444444444445,0.6586466165413534,0.1406896551724138,0.0,0.23450802265976353,-0.5749868904037756,-0.773466177241741,-0.8066097242866274,0.26894637777777775,276.5462244444444,0.0,45.0,-0.2907269407294084
Makes,top,CBLOLA,3,46,0.63,LOUD Academy,54.7,53.9,56.3,51.7,67.4,55.8,5.5,5.4,5.6,5.2,6.7,5.6,104.41304347826087,-22.304347826086957,-1.2173913043478262,489.79815434782614,0.22667052173913046,7.695869565217391,0.45652173913043476,1.0074108695652173,0.19826521739130437,5.608695652173913,0.5454545454545454,0.26031746031746034,0.0,0.32574440320639925,-0.5091538842157347,-0.8416625432953984,-0.9078379539274037,0.2286823695652174,904.7391043478261,0.0,46.0,0.6631877335394922
Vlaren,jng,HC,3,49,0.551,Dark Tigers Academy|ERKO Esports,42.8,58.3,66.2,60.4,63.2,55.8,4.3,5.8,6.6,6.0,6.3,5.6,-189.81632653061226,-142.9387755102041,-5.530612244897959,322.3119408163265,0.15529478163265306,5.1893142857142855,0.12244897959183673,1.4854632653061224,0.3379591836734694,10.346938775510203,0.6912325285895807,0.22757697456492637,0.0,0.21753246753246752,0.42449968756393863,1.3039532838965473,-0.9282905380420278,0.1727785918367347,865.7705020408164,0.0,49.0,0.2509258194364576
Osman123,jng,TAL,3,37,0.676,Beşiktaş Academy|İstanbul Wildcats Academy,53.1,56.5,53.9,62.2,55.4,55.8,5.3,5.7,5.4,6.2,5.5,5.6,104.35135135135135,55.567567567567565,1.8918918918918919,300.3443756756757,0.15432402162162162,5.56812972972973,0.40540540540540543,1.344581081081081,0.27139729729729734,13.783783783783784,0.7388059701492538,0.2289156626506024,0.0,0.21272923278180186,-0.7146011965792706,0.0,-0.7843075290605059,0.18651383783783784,812.354408108108,0.0,37.0,-0.17196971667924124
torch,top,LDL,2,72,0.181,Rare Atom Period,54.4,60.6,43.7,53.9,67.3,55.8,5.4,6.1,4.4,5.4,6.7,5.6,0.0,0.0,0.0,484.0465111111111,0.2677440833333333,8.130172222222221,0.0,0.8450041666666667,0.16065000000000002,2.7083333333333335,0.5934640522875817,0.2011263073209976,2.1944444444444446,0.16884361033218806,0.0,0.0,-1.2293979748844348,0.23717929166666668,0.0,0.0,72.0,0.871977083677629
999,top,LDL,2,48,0.292,TWELVE,55.2,54.1,69.6,48.5,52.6,55.8,5.5,5.4,7.0,4.8,5.3,5.6,0.0,0.0,0.0,514.9837791666666,0.25751070833333334,8.18145625,0.0,0.76835625,0.15967916666666668,2.375,0.5150602409638554,0.17720090293453725,2.3958333333333335,0.342909887359199,0.0,0.0,-0.9364071528672988,0.23035847916666666,0.0,0.0,48.0,0.023813119871117235
Dream,mid,LDL,2,94,0.67,V5 87|Victory Five,46.7,60.1,58.1,54.0,68.5,55.8,4.7,6.0,5.8,5.4,6.8,5.6,0.0,0.0,0.0,544.0273521276596,0.2425014255319149,8.682548936170212,0.0,0.8542659574468086,0.1985755319148936,3.9468085106382977,0.6670807453416149,0.16592592592592592,2.797872340425532,0.24946396593195028,-0.26458270905409204,-0.3491310032961944,-0.7467982096727317,0.2326327340425532,0.0,0.0,94.0,-0.17315556047575226
Shark,bot,LDL,2,71,0.521,Team Pinnacle|Weibo Gaming Youth Team,46.8,66.2,59.5,48.1,61.5,55.8,4.7,6.6,6.0,4.8,6.2,5.6,0.0,0.0,0.0,519.9475408450704,0.2613770394366197,9.254130985915493,0.0,1.3320338028169014,0.3902830985915493,4.985915492957746,0.6295180722891566,0.1501632208922742,1.295774647887324,0.206375508865878,0.08170835152811035,0.07548448299227539,-0.8282233976530233,0.262221338028169,0.0,0.0,71.0,-0.10189566538146966
Realm,mid,LDL,2,32,0.531,Oh My God Academy,46.9,67.6,50.8,66.6,44.7,55.8,4.7,6.8,5.1,6.7,4.5,5.6,0.0,0.0,0.0,545.401540625,0.243625125,7.806171875,0.0,0.99435625,0.22409375,3.875,0.7395626242544732,0.17701149425287357,1.90625,0.1697785127280016,0.0,0.0,-0.8690285164002041,0.207262625,0.0,0.0,32.0,-0.210039784694594
Berik,top,PGC,2,50,0.48,"University of California, Irvine",72.7,40.7,64.8,43.2,50.6,55.7,7.3,4.1,6.5,4.3,5.1,5.6,554.64,98.4,11.02,565.95393,0.25582662,7.914199999999999,0.42,0.9341039999999999,0.103934,3.32,0.46094609460946095,0.22033898305084745,0.0,0.30451341891971,0.4083746612075429,0.0,-1.162435920649126,0.23849452,731.2067320000001,0.0,50.0,0.19253288723291
Plux,sup,PGC,2,92,0.576,Cincinnati Fear|No Team|Wild West Bandits,62.5,53.8,45.6,51.6,61.5,55.7,6.2,5.4,4.6,5.2,6.2,5.6,57.369565217391305,-39.608695652173914,0.8695652173913043,208.63066195652172,0.09001195000000001,1.1808478260869566,0.03260869565217391,2.430747826086957,0.3528869565217391,8.065217391304348,0.6833025261860751,0.2331701346389229,0.0,0.20709482490886158,-0.47697173141615645,-0.3127199912234203,-1.014352030144071,0.10283331630434782,448.00341956521737,0.0,92.0,-0.2156820414109521
D4nKa,jng,PRM,3,65,0.538,GamerLegion,45.0,55.4,57.8,65.1,67.8,55.7,4.5,5.5,5.8,6.5,6.8,5.6,-223.98461538461538,-151.41538461538462,-3.6307692307692307,347.93190615384617,0.14710801846153845,5.3458292307692306,0.23076923076923078,1.2585661538461537,0.32723846153846153,6.323076923076923,0.7212475633528265,0.22688172043010751,0.0,0.2347305504305043,0.06661645394483678,0.13469835526046472,-0.9937774655359963,0.17722415384615384,916.3389538461538,0.0,65.0,0.0705517221178064
Darlik,top,LFL,2,58,0.31,Team Oplon,41.3,50.9,74.0,60.8,71.2,55.7,4.1,5.1,7.4,6.1,7.1,5.6,-436.7931034482759,-242.27586206896552,-10.39655172413793,469.2871793103448,0.233651,7.652962068965517,0.3103448275862069,0.8633344827586207,0.14161206896551723,5.189655172413793,0.552821997105644,0.20837927232635062,0.0,0.2139191155077102,1.1653433046530703,2.410191350134498,-1.2033947284901139,0.22152522413793105,964.2593120689655,0.0,58.0,1.4848123883263844
Kumo,top,LCSA,2,69,0.478,FlyQuest|FlyQuest Academy,43.5,65.9,48.0,66.3,60.5,55.7,4.3,6.6,4.8,6.6,6.0,5.6,-180.0,-129.68115942028984,-4.246376811594203,441.29911449275363,0.21732702753623187,7.887530434782609,0.2463768115942029,1.0500333333333332,0.1730913043478261,7.6231884057971016,0.6188850967007964,0.20876826722338204,0.0,0.22230560602469918,-0.3122441227366733,-0.6391339214113874,-1.0064940957033526,0.22609942028985508,863.6511347826087,0.0,69.0,0.13348946135831372
Esko,bot,HM,3,28,0.429,Cryptova,51.3,51.2,60.6,67.1,54.9,55.7,5.1,5.1,6.1,6.7,5.5,5.6,-28.357142857142858,-43.5,2.2857142857142856,524.6614178571429,0.24170275,7.768539285714286,0.9642857142857143,0.9231499999999999,0.23849285714285715,4.142857142857143,0.6794258373205742,0.16923076923076924,0.0,0.2811328125,0.0,0.0,-0.8895408729972158,0.2504953214285714,397.48645,0.0,28.0,0.5061236115066935
Tiara,sup,EBL,3,38,0.526,Valiance|mYinsanity,53.1,64.3,45.7,60.1,50.8,55.7,5.3,6.4,4.6,6.0,5.1,5.6,57.8421052631579,57.55263157894737,1.5,160.09449210526316,0.07918496315789474,1.15595,0.0,2.6838605263157893,0.39357631578947366,14.394736842105264,0.7102649006622517,0.22875816993464052,0.0,0.19129848612896178,-0.3788281457422879,-0.3678789053528643,-0.9899790499148219,0.09700392105263157,486.21689473684216,0.0,38.0,-0.24502757745375006
Tigaz,jng,LPLOL,3,21,0.429,BWE Esports|Odivelas Sports Club,55.1,54.3,60.2,58.1,50.8,55.7,5.5,5.4,6.0,5.8,5.1,5.6,-114.52380952380952,-238.9047619047619,-7.714285714285714,383.31276190476194,0.1828760476190476,5.177528571428572,0.5238095238095238,1.3118761904761904,0.38277142857142854,9.619047619047619,0.7414772727272727,0.27298850574712646,0.0,0.23701006157080642,0.0,1.8516546215290985,-1.1811558823748727,0.18630661904761905,833.0301666666667,0.0,21.0,1.0471224990067245
IvanD,bot,LPLOL,3,20,0.4,Austrian Force willhaben|GTZ Esports,60.3,58.5,54.5,53.8,41.9,55.7,6.0,5.8,5.5,5.4,4.2,5.6,-54.0,208.15,0.35,539.2072949999999,0.25980645,8.453335,1.35,1.2811949999999999,0.27572,5.2,0.6476190476190476,0.16666666666666666,0.0,0.21912045889101334,0.0,0.0,-0.8812548880021235,0.2636931,295.754355,0.0,20.0,-0.1732386961093586
Spirax,mid,LCSA,2,97,0.505,FlyQuest Academy,54.2,50.6,58.1,53.6,69.8,55.7,5.4,5.1,5.8,5.4,7.0,5.6,-104.5979381443299,9.742268041237113,-2.670103092783505,586.1922979381443,0.25846797938144334,8.450142268041237,0.6288659793814433,0.9559319587628865,0.17352886597938144,5.649484536082475,0.6068728522336769,0.15931034482758621,0.0,0.26016847755788386,0.22100347239696033,-0.8256252830758392,-0.8642426864623556,0.23946699999999999,391.06825360824746,0.0,97.0,0.032114247351893374
Wos,sup,CBLOL,15,34,0.5,Flamengo MDL|Liberty|LØS,51.8,51.2,73.5,61.1,44.4,55.7,5.2,5.1,7.3,6.1,4.4,5.6,21.647058823529413,19.147058823529413,-1.9411764705882353,150.67212352941178,0.08234023235294118,0.9460088235294117,0.0,2.5902470588235293,0.28813235294117645,18.205882352941178,0.714859437751004,0.2563559322033898,0.0,0.30302254602737033,0.20971922694094228,0.7630225613802255,-0.8911555711060842,0.08727304117647058,495.44323529411764,0.0,34.0,-0.22442244224422447
Keii,top,GL,3,47,0.83,Zeu5 Bogota,79.4,37.4,48.2,42.7,63.8,55.7,7.9,3.7,4.8,4.3,6.4,5.6,949.2765957446809,524.1914893617021,26.680851063829788,645.1565936170213,0.2719978085106383,8.556159574468085,0.5106382978723404,0.7395638297872341,0.13215106382978722,1.872340425531915,0.5275229357798165,0.2757201646090535,0.0,0.10791280356741843,-0.047176562932865505,0.047188106011635436,-0.8307325320575152,0.24037717021276597,744.6663446808511,0.0,47.0,0.1749838915024763
Lac,bot,LMF,2,54,0.481,KRÜ Esports|Undead Gaming,62.1,49.5,50.7,56.9,58.1,55.7,6.2,5.0,5.1,5.7,5.8,5.6,243.62962962962962,108.66666666666667,7.074074074074074,542.9501092592592,0.26661861111111107,8.499292592592592,0.8333333333333334,1.126212962962963,0.24743148148148147,6.962962962962963,0.6736566186107471,0.18911917098445596,0.0,0.21232805648538997,-0.28943911707983916,-0.19372035736607968,-0.9040934465517317,0.2545468518518519,256.98000185185185,0.0,54.0,0.20625986684055186
Binky,mid,VL,3,60,0.517,Pirate Dream,49.4,51.5,62.0,58.9,68.2,55.7,4.9,5.2,6.2,5.9,6.8,5.6,-10.666666666666666,53.483333333333334,-3.65,516.89549,0.25540742166666663,7.22926,0.38333333333333336,0.9292116666666667,0.15143333333333334,5.216666666666667,0.6608247422680412,0.1805094130675526,0.0,0.3305624159008624,-0.12044679504535562,0.0706990841404756,-0.8951637758891565,0.22005529999999998,328.6935266666667,0.0,60.0,0.23431975234378427
Hana,jng,PCS,15,62,0.613,Deep Cross Gaming,52.7,60.5,50.1,52.8,63.8,55.7,5.3,6.0,5.0,5.3,6.4,5.6,75.7741935483871,95.61290322580645,1.3870967741935485,260.1995709677419,0.13171857096774192,5.659209677419354,0.25806451612903225,1.5931564516129033,0.4456241935483871,12.838709677419354,0.673469387755102,0.21951219512195122,0.0,0.18791114715688925,-0.2929630147521499,-0.6413339858770887,-0.836875997824872,0.17286924193548386,731.3470951612903,0.0,62.0,0.11619106065255203
Medzz,mid,LDL,2,115,0.678,MAX,49.0,60.6,46.1,55.5,75.3,55.7,4.9,6.1,4.6,5.5,7.5,5.6,0.0,0.0,0.0,561.9824147826088,0.2556361643478261,8.49648695652174,0.0,0.9996452173913043,0.2038530434782609,4.660869565217391,0.6747624076029567,0.1889644746787604,2.365217391304348,0.15612119284074247,-0.25511586780276063,-0.3881464760636115,-0.796025164439802,0.21904292173913043,0.0,0.0,115.0,0.1345504586344067
Care,mid,LPL,1,68,0.471,FunPlus Phoenix,43.4,70.5,56.6,56.6,51.7,55.7,4.3,7.0,5.7,5.7,5.2,5.6,0.0,0.0,0.0,460.4473544117647,0.23122223529411765,8.209944117647058,0.0,1.413069117647059,0.37972058823529414,6.323529411764706,0.6922183507549361,0.18708971553610504,2.1176470588235294,0.23264015075038694,-0.04231086233912106,0.1284292947132933,-0.910034989272509,0.21914870588235294,0.0,0.0,68.0,-0.03943529411764717
XLC,sup,LDL,2,20,0.35,LGD Gaming Young Team,49.0,60.7,59.1,67.5,41.0,55.7,4.9,6.1,5.9,6.8,4.1,5.6,0.0,0.0,0.0,151.72754500000002,0.0785307,0.5724199999999999,0.0,2.28426,0.23391,15.1,0.7768595041322314,0.1906474820143885,0.0,0.305923537540304,0.03325004804920229,-0.8154910628483567,-0.9244911114790939,0.085845865,0.0,0.0,20.0,-0.2077744319737202
Kruimel,mid,ESLOL,3,73,0.534,The Agency|mCon esports,46.9,60.1,55.1,56.0,67.7,55.6,4.7,6.0,5.5,5.6,6.8,5.6,-178.75342465753425,-47.52054794520548,-0.958904109589041,555.3701260273973,0.2511112191780822,8.334520547945205,0.2602739726027397,1.2080383561643837,0.16404520547945206,5.561643835616438,0.6427906976744187,0.17131474103585656,0.0,0.2267377448828333,0.1399715262031583,0.005826039631344701,-0.9335903259487099,0.22137610958904108,301.2259424657534,0.0,73.0,-0.27137740984782477
EliWood,sup,PGN,3,22,0.364,GGEsports|mCon esports,62.7,64.9,46.3,51.3,36.0,55.6,6.3,6.5,4.6,5.1,3.6,5.6,59.81818181818182,-144.77272727272728,-9.727272727272727,210.26065,0.10407933181818181,1.0501454545454545,0.09090909090909091,2.807659090909091,0.34942727272727275,14.5,0.6784313725490196,0.2,0.0,0.19428857357303692,0.0,0.0,-1.1648973135795269,0.09755477272727274,322.3812454545454,0.0,22.0,-0.641298833079655
Frost4,jng,UPL,2,74,0.527,Cloud9 Academy|Tempest Gaming|Winthrop University,63.0,55.0,47.8,46.5,61.0,55.6,6.3,5.5,4.8,4.7,6.1,5.6,-70.67567567567568,85.24324324324324,3.189189189189189,394.6748472972973,0.1700681945945946,6.562245945945946,0.3783783783783784,1.4511486486486487,0.37832027027027026,7.45945945945946,0.6348148148148148,0.20974076983503534,0.0,0.1787174489265987,-0.2507142228978478,0.0,-1.0174178190659717,0.19852598648648648,816.4943027027027,0.0,74.0,0.008778211509945677
Mayhem,top,DDH,3,66,0.652,Atheris Esports,51.5,55.5,60.4,50.0,67.4,55.6,5.2,5.5,6.0,5.0,6.7,5.6,68.06060606060606,46.90909090909091,2.6515151515151514,452.98785303030303,0.22156339393939395,7.820100000000001,0.3484848484848485,1.0274848484848487,0.19064848484848484,4.787878787878788,0.5106796116504855,0.2235294117647059,0.0,0.3007242734317972,0.0,-0.36825696353119747,-0.9885526930121684,0.21837223939393938,759.7482530303031,0.0,66.0,-0.07587132307800241
Minerva,jng,CBLOL,15,24,0.292,Rensga eSports,52.7,60.3,62.2,57.5,41.3,55.6,5.3,6.0,6.2,5.8,4.1,5.6,116.04166666666667,89.70833333333333,1.9583333333333333,272.62212916666664,0.140777125,5.771341666666667,0.08333333333333333,1.4723499999999998,0.35255416666666667,14.041666666666666,0.705685618729097,0.19602977667493796,0.0,0.27408832691955287,0.0,0.0,-0.9544068626257685,0.1917677916666667,757.2678208333333,0.0,24.0,-0.1433177894632404
Krim,bot,LMF,2,45,0.644,Boca Juniors Gaming|XTEN Esports,47.7,62.9,58.0,60.7,49.7,55.6,4.8,6.3,5.8,6.1,5.0,5.6,-45.022222222222226,-65.6,-0.044444444444444446,507.87342222222225,0.2601556666666667,8.694333333333333,0.5777777777777777,1.3309,0.31124,5.933333333333334,0.6797385620915033,0.16472868217054262,0.0,0.2109406137903547,-0.325495862340733,0.0,-0.712315997164315,0.2517420444444444,223.94305777777777,0.0,45.0,-0.4512024819128969
Nickleaf,bot,VL,3,46,0.565,Skull Cracker|Waia Snikt,64.7,55.3,48.6,46.9,54.7,55.6,6.5,5.5,4.9,4.7,5.5,5.6,382.95652173913044,388.60869565217394,15.0,521.8231304347827,0.24861169565217392,8.427128260869566,0.8913043478260869,1.3368108695652174,0.3060695652173913,5.913043478260869,0.6264367816091954,0.1880466472303207,0.0,0.22682671558049203,-0.2964560797417455,-0.6392365634026165,-0.8614036093397424,0.25162658695652174,240.2861695652174,0.0,46.0,-0.30682242409158783
CarioK,jng,CBLOL,15,61,0.59,paiN Gaming,55.7,51.9,51.4,60.8,62.0,55.6,5.6,5.2,5.1,6.1,6.2,5.6,3.1147540983606556,-30.688524590163933,0.4098360655737705,312.7841786885246,0.15354754590163935,5.5964426229508195,0.21311475409836064,1.431118032786885,0.37136393442622956,13.770491803278688,0.7053087757313109,0.23574144486692014,0.0,0.17660758328599468,-0.15170914420649778,-0.0893947677597217,-0.9689722886794319,0.17839431147540985,879.2504491803279,0.0,61.0,0.20269864483876537
Penguin,jng,VCS,15,82,0.561,Team Secret,55.7,50.8,56.8,53.1,67.2,55.6,5.6,5.1,5.7,5.3,6.7,5.6,-136.59756097560975,-38.84146341463415,-3.475609756097561,336.817293902439,0.14568266463414636,5.270968292682927,0.4024390243902439,1.472729268292683,0.3635731707317073,9.74390243902439,0.6523736600306279,0.214170692431562,0.0,0.222735078966533,-0.16817867382714266,-0.05441512563003456,-0.9153705672193613,0.17725498780487806,812.0786073170732,0.0,82.0,-0.08973488505320341
Konodio,sup,LDL,2,56,0.25,Shu Dai Xiong Gaming,57.9,58.0,61.7,45.8,49.5,55.6,5.8,5.8,6.2,4.6,5.0,5.6,0.0,0.0,0.0,181.84214642857143,0.10022841785714286,1.1135857142857142,0.0,2.465207142857143,0.30350535714285715,13.071428571428571,0.6863033873343152,0.2437703141928494,0.07142857142857142,0.3208561510134743,0.0,0.0,-1.081591355567969,0.09785459285714285,0.0,0.0,56.0,-0.1231041685587141
escoX,sup,NEXO,3,23,0.348,Phlox Gaming,58.7,58.0,49.2,58.2,47.8,55.6,5.9,5.8,4.9,5.8,4.8,5.6,230.17391304347825,-30.0,14.73913043478261,152.07394347826087,0.07620017391304348,1.421413043478261,0.0,2.5695869565217393,0.3081695652173913,13.869565217391305,0.6833333333333333,0.2111650485436893,0.0,0.25465898841323803,-0.46023688663282575,0.0,-1.0890330980390361,0.10178094347826086,537.2135,0.0,23.0,0.35513044321598325
Jiizuke,mid,LVP SL,2,41,0.585,Giants,76.7,43.6,52.4,41.8,51.3,55.6,7.7,4.4,5.2,4.2,5.1,5.6,456.9512195121951,325.8048780487805,11.365853658536585,682.2430975609756,0.3101801951219512,9.722582926829269,0.5853658536585366,1.0267951219512195,0.1523121951219512,3.707317073170732,0.6275510204081632,0.22363636363636363,0.0,0.23731307885503009,-0.0008894090111175771,-0.5102399063779988,-0.9455523871688262,0.267010756097561,335.58408536585364,0.0,41.0,0.11504505740816964
Nazrat,mid,HM,3,20,0.4,Inside Games,58.6,48.5,48.2,57.7,70.6,55.6,5.9,4.8,4.8,5.8,7.1,5.6,-4.4,-72.85,-3.2,629.0379,0.2956376,8.131005,0.35,0.88971,0.151135,4.0,0.7064846416382252,0.22525597269624573,0.0,0.17414529914529916,0.0,0.0,-0.9617291436637602,0.24964024999999998,443.722325,0.0,20.0,2.1817215727948986
Mihile,top,LAS,3,31,0.645,Nongshim RedForce Academy,70.3,54.8,39.7,52.3,46.3,55.6,7.0,5.5,4.0,5.2,4.6,5.6,275.93548387096774,273.19354838709677,5.67741935483871,602.7809096774193,0.24587593548387096,7.983525806451613,0.45161290322580644,0.9153548387096775,0.19646774193548386,3.935483870967742,0.5103092783505154,0.20460358056265984,0.0,0.14545454545454545,-0.7519199122325837,-0.8444871091607241,-0.8328394648094319,0.22116809677419355,803.3762548387097,0.0,31.0,-0.43861028867505547
Ryoma,mid,LCSA,2,96,0.562,Golden Guardians|Golden Guardians Academy|Jake's Kittens,66.2,46.5,45.7,50.9,67.6,55.5,6.6,4.7,4.6,5.1,6.8,5.5,217.125,144.3125,3.875,603.6872541666667,0.2848507604166667,8.850411458333333,0.4583333333333333,0.9261260416666667,0.162878125,4.65625,0.6503957783641161,0.20211960635881907,0.0,0.18610168266308294,-0.16569695418619027,-0.4785605963663689,-0.931145699854631,0.25006140625,383.18739791666667,0.0,96.0,-0.019748097913784013
V1per,top,LCSA,2,51,0.373,No Org|TSM|TSM Academy,65.3,51.6,45.8,50.0,60.1,55.5,6.5,5.2,4.6,5.0,6.0,5.5,240.41176470588235,81.3921568627451,3.5294117647058822,493.64055098039216,0.26004974509803924,8.086827450980392,0.49019607843137253,0.9840960784313725,0.15674117647058824,4.764705882352941,0.5527859237536656,0.2407170294494238,0.0,0.19189969318548825,-0.43613710139392786,0.0,-1.0526058984932483,0.23598966666666665,521.7351117647058,0.0,51.0,0.5885114971336006
Isles,sup,LCSA,2,51,0.627,Cloud9|Cloud9 Academy,56.8,56.3,54.4,52.2,56.5,55.5,5.7,5.6,5.4,5.2,5.7,5.5,-53.568627450980394,153.54901960784315,-1.4901960784313726,185.35115686274509,0.08995743333333334,1.0249117647058823,0.0,2.6117431372549023,0.3418862745098039,10.137254901960784,0.6343001261034048,0.1975867269984917,0.0,0.21069014949825923,-0.3440081449429623,0.0,-0.8661220734717876,0.09034025490196078,314.1934235294118,0.0,51.0,0.06885720170773729
Infoneral,sup,GLL,3,35,0.514,Sector One|WLGaming Esports,50.7,63.3,46.8,61.1,55.0,55.5,5.1,6.3,4.7,6.1,5.5,5.5,106.31428571428572,-17.37142857142857,-3.914285714285714,152.8211657142857,0.07469745142857143,1.0636771428571428,0.02857142857142857,2.5665199999999997,0.35869142857142855,11.4,0.7267441860465116,0.22332015810276679,0.0,0.2298230811822712,-0.6445870271973418,-0.879695802242814,-0.8814623666509522,0.09581195428571428,431.1970285714286,0.0,35.0,-0.003448099790650844
Achuu,bot,PGN,3,34,0.382,aNc Outplayed|beGenius ESC,56.0,59.4,51.1,56.3,50.8,55.5,5.6,5.9,5.1,5.6,5.1,5.5,58.411764705882355,43.94117647058823,4.529411764705882,575.2536264705882,0.2746875882352941,8.267438235294117,0.4117647058823529,1.2267558823529412,0.26999411764705883,5.588235294117647,0.6577017114914425,0.1588235294117647,0.0,0.23590151439838286,-0.13416142086330946,-0.46043165467625913,-0.9060896810212318,0.24833788235294119,249.8361411764706,0.0,34.0,-0.002616747181964564
Tierwulf,jng,LHE,2,67,0.657,Movistar Optix,63.5,47.2,57.3,48.1,61.0,55.5,6.3,4.7,5.7,4.8,6.1,5.5,185.3582089552239,174.32835820895522,4.626865671641791,344.0616,0.15622568358208955,5.972197014925373,0.31343283582089554,1.3478164179104477,0.3182597014925373,6.91044776119403,0.644114921223355,0.23151750972762647,0.0,0.25912360751969943,-0.233236372113674,-0.2654849272452515,-0.9007952332237891,0.18822276119402984,818.6075611940298,0.0,67.0,0.007735824738734284
Izaenk,top,LMF,2,57,0.772,Pampas,59.3,48.5,67.0,44.6,60.5,55.5,5.9,4.8,6.7,4.5,6.0,5.5,237.35087719298247,296.8421052631579,8.31578947368421,439.58545263157896,0.21457205087719297,8.116973684210526,0.2982456140350877,0.9880701754385965,0.21972105263157896,5.649122807017544,0.46878097125867196,0.2461799660441426,0.0,0.2887187944911969,-0.21431879561636497,-0.0048517956386849165,-0.7690053790446009,0.22066484210526316,688.7745666666667,0.0,57.0,0.059179305075476994
Manuelcap,sup,DDH,3,22,0.364,Atomic México|God's Plan,51.0,59.6,58.9,65.8,39.7,55.5,5.1,6.0,5.9,6.6,4.0,5.5,16.454545454545453,-77.18181818181819,0.22727272727272727,130.43106363636363,0.06463580909090909,0.9935272727272726,0.13636363636363635,2.381209090909091,0.2600318181818182,18.227272727272727,0.7585139318885449,0.21800947867298578,0.0,0.30048400778404266,0.0,0.0,-1.0510638470528986,0.09621165,439.6965090909091,0.0,22.0,-0.380837657524092
Huni,top,LCS,1,25,0.28,TSM,41.5,67.1,54.1,70.0,47.9,55.5,4.2,6.7,5.4,7.0,4.8,5.5,-154.28,-489.6,-9.6,461.249776,0.255292176,7.879392,0.24,1.091072,0.159248,5.2,0.6470588235294118,0.189873417721519,0.0,0.2368101545253863,0.0,0.0,-1.1653057760325185,0.22985010800000003,574.88694,0.0,25.0,0.6725427350427351
Spica,jng,LCS,1,46,0.348,TSM,60.5,53.5,48.1,67.6,40.9,55.5,6.0,5.3,4.8,6.8,4.1,5.5,20.17391304347826,-65.08695652173913,0.782608695652174,311.3046195652174,0.1527573608695652,6.051578260869564,0.2391304347826087,1.3257891304347826,0.3536847826086957,10.282608695652174,0.7810650887573964,0.2215568862275449,0.0,0.187802288545476,-0.023843850504602457,0.25762448707996,-1.08577987064343,0.18343454347826088,839.9399195652173,0.0,46.0,-0.077168260359
Saens,jng,DDH,3,53,0.472,Zylant Esports,53.8,58.5,53.3,55.0,57.2,55.5,5.4,5.8,5.3,5.5,5.7,5.5,0.9811320754716981,-59.64150943396226,-4.6415094339622645,344.053658490566,0.16479196226415094,5.7899358490566035,0.4716981132075472,1.4424566037735849,0.3671905660377358,11.18867924528302,0.7090261282660333,0.24125,0.0,0.24054338280656698,0.0,-0.6529407270782629,-1.0172028717030446,0.18810286792452832,776.3151056603774,0.0,53.0,-0.31881114320320514
Arven,mid,NEXO,3,27,0.852,Ramboot Club,69.9,49.3,62.1,37.7,47.7,55.5,7.0,4.9,6.2,3.8,4.8,5.5,325.3703703703704,165.55555555555554,12.037037037037036,578.4788074074074,0.2523961111111111,9.176925925925925,0.9259259259259259,1.2118481481481482,0.22168888888888888,5.37037037037037,0.546875,0.20875420875420875,0.0,0.19331612162937462,-0.014631233203941534,0.3735443415945058,-0.6419577869063765,0.238864,295.44341481481484,0.0,27.0,-0.37900280527179386
ZombieHog,bot,SL (LATAM),3,20,0.35,Antares Esports,51.7,52.2,70.4,57.9,49.5,55.5,5.2,5.2,7.0,5.8,5.0,5.5,-572.5,-52.9,-12.0,630.034585,0.2844538,7.73716,0.85,0.9054800000000001,0.18838,3.0,0.638235294117647,0.11564625850340136,0.0,0.3920757634325473,-0.17740399873056178,-0.42875277689622343,-0.7358070588806,0.25053424999999996,244.67718,0.0,20.0,0.18557356212265655
Tadeusz,mid,HC,3,26,0.538,ERKO Esports,63.8,42.0,73.7,47.4,50.9,55.5,6.4,4.2,7.4,4.7,5.1,5.5,-52.15384615384615,-94.1923076923077,1.5769230769230769,660.3978999999999,0.3011495,8.504792307692309,0.5384615384615384,0.8345692307692307,0.13142307692307692,3.423076923076923,0.6481481481481481,0.21204188481675393,0.0,0.26065162907268175,0.6076266934269944,1.7094831911690915,-0.8061941783031652,0.24898615384615383,343.02484230769227,0.0,26.0,0.17228226319135415
mumus100,top,UL,2,73,0.534,Zero Tenacity,45.3,59.3,55.0,59.8,66.7,55.4,4.5,5.9,5.5,6.0,6.7,5.5,-183.31506849315068,-195.45205479452054,-7.041095890410959,473.6708178082192,0.22686941095890412,7.327068493150684,0.3150684931506849,0.9928739726027397,0.1820068493150685,6.397260273972603,0.5415499533146592,0.1988071570576541,0.0,0.2226868271389897,0.04766647749865856,-0.540591980048566,-0.9460530978377191,0.21555693150684932,760.8105328767123,0.0,73.0,0.37815399324243
SofM,jng,LPL,1,93,0.559,Weibo Gaming,47.6,61.6,64.7,45.1,62.9,55.4,4.8,6.2,6.5,4.5,6.3,5.5,0.0,0.0,0.0,270.42004731182794,0.12719898817204303,5.528217204301075,0.0,1.6770784946236559,0.4610344086021505,11.64516129032258,0.6327924850555081,0.19223985890652556,12.03225806451613,0.24587889859703937,-0.016063192493240726,0.011878217861920871,-0.8777865212965095,0.1692055376344086,0.0,0.0,93.0,0.1585270398867154
NorthnLghts,top,GLL,3,33,0.485,Hive Athens EC,62.6,42.5,65.9,56.7,49.4,55.4,6.3,4.2,6.6,5.7,4.9,5.5,123.72727272727273,254.21212121212122,10.272727272727273,521.9727878787878,0.24249033333333334,7.47210303030303,0.2727272727272727,0.7424242424242424,0.15799393939393938,2.909090909090909,0.5404858299595142,0.24950884086444008,0.0,0.2572178270897267,0.838327226309401,0.0,-1.060126192958233,0.2152871212121212,978.1311606060607,0.0,33.0,0.12097935882491116
Ranger,jng,CBLOL,15,36,0.472,FURIA|Flamengo MDL|LØS,54.1,61.8,57.6,53.2,44.7,55.4,5.4,6.2,5.8,5.3,4.5,5.5,-74.52777777777777,121.47222222222223,-1.3055555555555556,296.68993333333333,0.15166810833333333,5.7807305555555555,0.19444444444444445,1.7086472222222222,0.4631055555555556,13.416666666666666,0.6888454011741683,0.24280575539568344,0.0,0.32899493384946155,-0.3990179395477618,-0.4071945662205815,-0.9916988473267884,0.17909744444444445,799.2193944444444,0.0,36.0,-0.16932060615391373
Anyyy,mid,CBLOL,15,42,0.429,Miners,58.0,54.2,50.2,64.2,47.0,55.4,5.8,5.4,5.0,6.4,4.7,5.5,-141.92857142857142,-105.85714285714286,-2.5238095238095237,563.0551095238095,0.28025414285714284,8.501409523809523,0.5238095238095238,0.9780904761904762,0.15328333333333333,6.166666666666667,0.7099236641221374,0.1621212121212121,0.0,0.20886075949367086,-0.5446071904127829,0.0,-0.8861087444492977,0.24287011904761904,440.13243809523806,0.0,42.0,-0.2422044960116027
Kazuo,jng,EL,3,27,0.333,Bandits Gaming,64.9,59.0,45.4,51.0,43.3,55.4,6.5,5.9,4.5,5.1,4.3,5.5,106.44444444444444,110.62962962962963,0.18518518518518517,368.14425185185183,0.19507843333333333,6.391837037037037,0.5555555555555556,1.2210962962962963,0.30279259259259256,9.25925925925926,0.7114285714285714,0.18510158013544017,0.0,0.16566298650607786,0.0,0.0,-1.1085944634130787,0.23106207407407406,731.9136666666667,0.0,27.0,-0.1472303206997082
Zzzofia,sup,VL,3,60,0.517,Pirate Dream,56.5,49.1,57.1,50.1,71.2,55.4,5.7,4.9,5.7,5.0,7.1,5.5,10.366666666666667,35.083333333333336,2.4,178.57170333333335,0.08406905333333332,1.4797066666666665,0.016666666666666666,2.32519,0.32635333333333333,15.883333333333333,0.6649484536082474,0.23477297895902546,0.0,0.2369592888284922,-0.0988503292278173,0.015547682487629229,-0.9051842250002105,0.09864765333333333,435.79953,0.0,60.0,0.2919185011305595
ONLY,bot,HC,3,51,0.647,Team Sampi,47.1,62.7,51.8,56.4,63.7,55.4,4.7,6.3,5.2,5.6,6.4,5.5,12.176470588235293,8.098039215686274,-7.745098039215686,486.37710000000004,0.24367245882352942,7.448178431372549,0.8627450980392157,1.4464529411764704,0.29842549019607845,5.333333333333333,0.6483103879849812,0.17165354330708663,0.0,0.18751054852320673,-0.1374095989480606,-0.12820512820512822,-0.7858743187324175,0.23694409803921568,259.9296509803922,0.0,51.0,-0.0015485450878708752
Chieftain,jng,LPL,1,46,0.522,NASR eSports Turkey|ThunderTalk Gaming,68.1,41.3,50.5,47.2,71.6,55.4,6.8,4.1,5.0,4.7,7.2,5.5,515.0454545454545,333.90909090909093,11.318181818181818,239.53006304347826,0.12304421739130436,5.606571739130436,0.15217391304347827,1.441641304347826,0.3640152173913044,9.434782608695652,0.6357267950963222,0.23622047244094488,10.625,0.1643250089048957,-0.014359582944816568,0.12604899550733237,-0.9081052233171203,0.16527745652173914,804.6150045454546,0.0,46.0,1.47123719464145
Likai,top,PCS,15,41,0.537,Beyond Gaming,44.2,64.8,53.6,65.8,51.6,55.4,4.4,6.5,5.4,6.6,5.2,5.5,-225.14634146341464,-54.26829268292683,-5.829268292682927,417.0266853658536,0.2136710243902439,7.7067341463414625,0.2682926829268293,0.9904585365853659,0.17883170731707315,7.463414634146342,0.5977229601518027,0.16288659793814433,0.0,0.1628244524354364,-0.1294434254040087,-0.095599084202493,-0.8522561872418072,0.21951041463414633,719.2357048780488,0.0,41.0,-0.10150711900394413
Harder,mid,LDL,2,39,0.333,Anyone's Legend|Anyone's Legend.Young,48.2,70.2,51.8,57.4,43.8,55.4,4.8,7.0,5.2,5.7,4.4,5.5,0.0,0.0,0.0,501.2193846153846,0.27703266666666665,8.672879487179488,0.0,1.0566794871794871,0.2748230769230769,5.384615384615385,0.7058823529411765,0.15262321144674085,0.9487179487179487,0.20426366086743444,0.0,0.0,-0.9589299625219333,0.24335894871794872,0.0,0.0,39.0,-0.2823795272705063
Whyker,sup,LMF,2,25,0.04,Stone Movistar,67.3,40.2,72.0,41.4,55.2,55.4,6.7,4.0,7.2,4.1,5.5,5.5,-76.6,97.64,15.6,160.96964,0.10016014399999999,2.088472,0.08,1.7999479999999999,0.322416,10.64,0.6,0.18814432989690721,0.0,0.39938271604938275,0.0,0.0,-0.888601539677412,0.11424121599999999,454.831636,0.0,25.0,0.5128915405923715
Lvsyan,mid,ESLOL,3,35,0.457,KV Mechelen Esports,61.7,59.8,48.2,46.7,51.3,55.4,6.2,6.0,4.8,4.7,5.1,5.5,45.457142857142856,-206.94285714285715,-1.2,632.6733,0.27969654285714285,9.021828571428571,0.7714285714285715,1.3101342857142857,0.18161142857142856,6.2,0.6136783733826248,0.1825657894736842,0.0,0.1731080468699424,0.0,0.00500573906389493,-0.957594194546904,0.2612715428571428,431.0664142857143,0.0,35.0,0.10336444290816918
Beat,sup,LPLOL,3,25,0.32,Boavista FC,42.9,64.0,56.0,61.1,59.7,55.4,4.3,6.4,5.6,6.1,6.0,5.5,-239.76,-392.28,-5.2,190.58423599999998,0.08697331200000001,1.0181879999999999,0.0,2.558868,0.32424,9.16,0.7263157894736842,0.2052401746724891,0.0,0.17883807705354302,0.0,2.731664764038168,-1.3102164438066704,0.0951463,381.270572,0.0,25.0,1.5174892544834742
Mireu,mid,LLA,15,26,0.731,Estral Esports,75.3,42.4,48.9,53.6,45.2,55.4,7.5,4.2,4.9,5.4,4.5,5.5,246.0,182.5,4.230769230769231,715.6544615384615,0.2903021538461539,8.532184615384615,0.6923076923076923,0.9340307692307692,0.2485230769230769,3.1153846153846154,0.6729559748427673,0.24829931972789115,0.0,0.1630805408583186,-0.35661432566143253,-0.05562486556248665,-0.8109789205904019,0.23938811538461538,500.31110384615386,0.0,26.0,-0.041596524572359475
duong pro,jng,PGC,2,50,0.48,"University of California, Irvine",73.3,45.1,47.8,46.3,54.6,55.3,7.3,4.5,4.8,4.6,5.5,5.5,504.76,251.34,2.86,401.680536,0.173792768,6.689476,0.46,1.187218,0.263396,5.36,0.6435643564356436,0.19809322033898305,0.0,0.18437687278465575,-0.10598647051096809,0.0,-1.1059793461926528,0.20891142,762.8074099999999,0.0,50.0,0.2517497076166625
Afroboi,jng,PRM,3,42,0.31,E WIE EINFACH E-SPORTS,48.8,59.5,51.6,62.2,58.3,55.3,4.9,6.0,5.2,6.2,5.8,5.5,-129.45238095238096,-315.23809523809524,-7.404761904761905,352.45845476190476,0.17221324285714287,5.436678571428571,0.40476190476190477,1.1785261904761906,0.3195071428571429,7.357142857142857,0.708041958041958,0.1782608695652174,0.0,0.2040780979373327,0.0,0.0,-1.0417771956646615,0.19255383333333334,803.2059214285714,0.0,42.0,0.3777667246953493
Fun K3y,bot,PRM,3,36,0.25,PENTA 1860,57.1,59.8,53.4,53.3,45.9,55.3,5.7,6.0,5.3,5.3,4.6,5.5,12.305555555555555,241.41666666666666,10.333333333333334,536.7356527777778,0.2599305833333333,9.004297222222222,0.5555555555555556,1.2506611111111112,0.30794166666666667,5.25,0.6708595387840671,0.18140929535232383,0.0,0.2582111171464783,0.0,0.0,-1.038186046081051,0.2569722222222222,244.11066944444443,0.0,36.0,-0.22338834661083784
Agresivoo,top,LFL,2,60,0.467,Team BDS|Team BDS Academy,48.8,61.4,60.2,56.3,50.1,55.3,4.9,6.1,6.0,5.6,5.0,5.5,-208.0,-154.86666666666667,-3.933333333333333,472.052485,0.23934353333333333,8.027613333333333,0.4166666666666667,1.08847,0.19637666666666667,6.816666666666666,0.5505913272010512,0.2209026128266033,0.0,0.3072277057270745,-0.19513309722380895,-0.1282988689592138,-1.0591047093450447,0.22721271666666668,784.23402,0.0,60.0,-0.22572935730433843
Crisp,sup,LPL,1,98,0.5,Bilibili Gaming,47.8,60.1,55.7,55.4,62.7,55.3,4.8,6.0,5.6,5.5,6.3,5.5,0.0,0.0,0.0,146.76886530612245,0.07136703061224489,1.1033836734693878,0.0,2.631965306122449,0.36518979591836737,17.26530612244898,0.7213114754098361,0.2172549019607843,0.030612244897959183,0.24116484059642473,-0.010103489953165084,-0.6578536536234073,-0.9036248734487804,0.09270854285714285,0.0,0.0,98.0,0.16503808018393437
Kisee,mid,LCO,15,74,0.527,ORDER,66.4,46.8,49.1,48.9,62.7,55.3,6.6,4.7,4.9,4.9,6.3,5.5,63.810810810810814,119.60810810810811,5.1891891891891895,536.6953351351351,0.2745837027027027,8.726048648648648,0.7027027027027027,1.0449743243243244,0.2370635135135135,3.7162162162162162,0.6555023923444976,0.2209660842754368,0.0,0.17989078443877551,-0.1353787598149239,-0.1305484735569066,-0.9660786198767352,0.24053289189189192,395.8950986486487,0.0,74.0,-0.07923070552183545
Kanra,top,SL (LATAM),3,39,0.59,God's Plan|Incubus,53.0,62.3,47.5,56.3,55.3,55.3,5.3,6.2,4.8,5.6,5.5,5.5,-45.07692307692308,52.12820512820513,-2.6153846153846154,460.8107871794872,0.22721182051282054,7.793266666666668,0.5384615384615384,0.9664282051282052,0.16618205128205127,3.4358974358974357,0.5505050505050505,0.1695906432748538,0.0,0.19517429193899785,-0.44933993399339933,-0.7648514851485149,-0.8193191480480551,0.23031192307692308,688.8210615384615,0.0,39.0,-0.13906684218224372
Demon,top,LDL,2,61,0.426,Team WE|Team WE Academy,56.0,64.0,47.4,51.4,50.1,55.3,5.6,6.4,4.7,5.1,5.0,5.5,0.0,0.0,0.0,517.8684049180328,0.2624182901639344,7.728216393442623,0.0,0.9853688524590164,0.19228688524590162,5.213114754098361,0.5923645320197044,0.23825503355704697,3.1639344262295084,0.1839697567900668,0.0,0.0,-1.1472972398536259,0.22972726229508197,0.0,0.0,61.0,-0.11876090444084543
Asura,bot,LDL,2,38,0.553,Qing Jiu E-sport Club|Royal Club,56.4,61.5,54.8,42.2,56.9,55.3,5.6,6.2,5.5,4.2,5.7,5.5,0.0,0.0,0.0,614.334255263158,0.2921452105263158,9.662178947368421,0.0,1.3005973684210526,0.32040526315789475,2.6842105263157894,0.6139705882352942,0.16701461377870563,3.1842105263157894,0.18746227563932868,0.0,0.0,-0.8641633295649185,0.27392413157894735,0.0,0.0,38.0,0.453691275167785
Yoshino,top,VCS,15,44,0.341,Team Flash,47.6,71.4,48.9,55.7,47.4,55.3,4.8,7.1,4.9,5.6,4.7,5.5,-427.7352941176471,-162.44117647058823,-4.970588235294118,494.55804545454544,0.24869563636363637,7.635652272727273,0.20454545454545456,0.9466454545454546,0.207975,4.7272727272727275,0.5388429752066116,0.19525065963060687,3.2,0.20408966037036075,0.0,-0.8414669179045977,-1.1061525427775332,0.2135995681818182,684.4020588235294,0.0,44.0,-0.12260736028080965
Ufrock,bot,TAL,3,25,0.64,Beşiktaş Academy,44.3,55.6,72.0,61.5,51.6,55.3,4.4,5.6,7.2,6.2,5.2,5.5,-357.48,-142.0,-5.76,505.10207199999996,0.25676564,8.13944,0.84,1.0134239999999999,0.26334,3.6,0.6976744186046512,0.17708333333333334,0.0,0.246957869678348,0.5520060560181681,1.0075700227100681,-0.7313986962107423,0.24383472,258.989528,0.0,25.0,0.11948767592523647
1xn,bot,LDL,2,58,0.569,JD Gaming|Joy Dream,57.3,63.1,48.9,46.4,53.5,55.3,5.7,6.3,4.9,4.6,5.3,5.5,0.0,0.0,0.0,660.8641362068965,0.27622763275862067,9.108056896551723,0.0,1.210908620689655,0.34151724137931033,3.913793103448276,0.6543624161073825,0.17804551539491298,3.5689655172413794,0.186020451640392,-0.14093866171003724,-0.4144981412639406,-0.8828869120720791,0.2690934137931034,0.0,0.0,58.0,-0.22944044962393595
Witek,jng,UL,2,20,0.4,Komil & Friends,58.1,42.7,60.8,59.4,63.0,55.3,5.8,4.3,6.1,5.9,6.3,5.5,97.05,188.5,5.05,318.31183999999996,0.15225706,5.4448,0.15,1.1561350000000001,0.280925,7.5,0.72265625,0.2896551724137931,0.0,0.251862037355334,0.0,0.29740518962075846,-1.007404524185406,0.17796745,1036.61795,0.0,20.0,1.2489143651207224
ThreaM,sup,NEXO,3,31,0.677,Kawaii Kiwis,54.0,53.2,61.8,58.8,50.0,55.3,5.4,5.3,6.2,5.9,5.0,5.5,59.87096774193548,-116.12903225806451,-8.741935483870968,193.99294193548388,0.08587962903225807,0.7678290322580645,0.03225806451612903,2.126409677419355,0.26535806451612903,10.225806451612904,0.7628083491461101,0.23615160349854228,0.0,0.2400342661336379,0.05683468801186741,0.06635349383440972,-0.8199099991556038,0.09791913548387096,317.5969870967742,0.0,31.0,-0.29190496080195344
QKI,mid,GLLPA,3,26,0.577,Pentagon Maze,65.0,42.6,62.2,55.3,49.2,55.3,6.5,4.3,6.2,5.5,4.9,5.5,-58.57692307692308,-28.807692307692307,4.884615384615385,614.5562692307692,0.26804076923076925,8.6732,1.0,0.8071846153846154,0.1525269230769231,1.3846153846153846,0.610752688172043,0.1872146118721461,0.0,0.3382939552009818,0.0,0.18254456054087254,-0.9717818097432765,0.24121853846153846,545.0912653846154,0.0,26.0,0.3457324106113033
Leyan,jng,LPL,1,87,0.425,Rare Atom,58.0,64.7,43.8,46.7,54.3,55.2,5.8,6.5,4.4,4.7,5.4,5.5,0.0,0.0,0.0,317.30728620689655,0.15980641264367818,6.015486206896552,0.0,1.5878724137931035,0.485,6.252873563218391,0.6875,0.21121039805036557,14.149425287356323,0.20509368487601565,-0.238016855662461,-0.6289473384095462,-1.0284483403004345,0.18530354022988504,0.0,0.0,87.0,0.03396287898797048
ON,sup,LPL,1,100,0.58,Bilibili Gaming|Weibo Gaming,61.3,62.3,45.2,36.3,63.4,55.2,6.1,6.2,4.5,3.6,6.3,5.5,0.0,0.0,0.0,196.466341,0.08757180999999999,1.441555,0.0,3.0864730000000002,0.48184899999999997,14.98,0.6541635408852213,0.26311475409836066,0.23,0.19735876517033937,-0.4112015966074669,0.19014139563974256,-1.108181961030796,0.09646672199999999,0.0,0.0,100.0,0.4422062049514257
WildTurtle,bot,LCSA,2,39,0.436,Immortals|Immortals Academy,55.5,56.2,63.0,50.4,47.9,55.2,5.5,5.6,6.3,5.0,4.8,5.5,-30.28205128205128,202.82051282051282,-1.8205128205128205,535.3148948717949,0.26413471794871796,9.15815641025641,0.7435897435897436,1.2562358974358976,0.358451282051282,4.794871794871795,0.629695885509839,0.18547140649149924,1.0,0.3058341615231719,-0.14117716407792755,-0.12358159686403959,-0.8703108352482717,0.26382420512820515,289.46575384615386,0.0,39.0,-0.16730322954941007
Music,jng,PGN,3,38,0.5,GGEsports|GOAL,55.2,61.3,45.4,57.8,51.6,55.2,5.5,6.1,4.5,5.8,5.2,5.5,23.842105263157894,97.60526315789474,2.6315789473684212,336.13389210526316,0.16771153684210527,5.393571052631579,0.2894736842105263,1.4474026315789474,0.36984736842105265,10.105263157894736,0.698292220113852,0.2182468694096601,0.0,0.18599006387508868,-0.43422339874546817,-0.3232433676699086,-1.0079029479510895,0.1867553947368421,816.86325,0.0,38.0,-0.09687265107168092
LiquidDiego,jng,DDH,3,56,0.482,Atomic México|Six Karma,59.8,55.2,48.4,50.9,58.9,55.2,6.0,5.5,4.8,5.1,5.9,5.5,161.58928571428572,45.785714285714285,3.1964285714285716,350.0124785714285,0.1762720125,6.1929767857142854,0.35714285714285715,1.3390232142857141,0.3498125,9.928571428571429,0.7070588235294117,0.23788546255506607,0.0,0.19261070184035395,0.0,-0.9627470266520315,-0.9499430117575415,0.205283625,766.0136767857142,0.0,56.0,-0.4584682322263078
Alann,bot,DDH,3,49,0.367,Tomorrow Esports,46.1,60.1,55.0,59.0,62.5,55.2,4.6,6.0,5.5,5.9,6.2,5.5,-127.10204081632654,-37.55102040816327,-2.6530612244897958,490.74120408163265,0.25038259591836737,8.045071428571429,0.7142857142857143,1.2453469387755103,0.2945857142857143,7.510204081632653,0.6915204678362573,0.18879415347137637,0.0,0.25237518887995125,0.0,0.0,-0.9709377773361961,0.24948883673469385,272.7341183673469,0.0,49.0,0.3158102279728896
CHEF,jng,TAL,3,45,0.6,Dark Passage Academy,56.9,55.3,46.6,56.6,60.4,55.2,5.7,5.5,4.7,5.7,6.0,5.5,59.6,-25.244444444444444,-3.2222222222222223,343.45252666666664,0.1717949022222222,5.538117777777778,0.5111111111111111,1.2156133333333332,0.3535888888888889,5.977777777777778,0.709726443768997,0.22103386809269163,0.0,0.2116780225003961,-0.5048062918729974,-0.7553160501019517,-0.9690504524298109,0.18599937777777778,731.9103288888889,0.0,45.0,0.26743608243660183
Mechanics,bot,ESLOL,3,21,0.619,Northern Lions Esports,72.4,40.6,53.3,54.9,46.4,55.2,7.2,4.1,5.3,5.5,4.6,5.5,491.76190476190476,91.80952380952381,9.333333333333334,720.9875952380952,0.26342952380952384,8.216471428571428,1.0476190476190477,0.8153333333333334,0.18998095238095236,1.7619047619047619,0.6635514018691588,0.19937694704049844,0.0,0.19216994382022473,0.0,0.18688771665410706,-0.863446689444072,0.25565190476190475,311.5389619047619,0.0,21.0,0.13559322033898302
Winner,jng,LCKC,2,74,0.527,Gen.G Global Academy,37.1,66.9,56.3,59.6,67.3,55.1,3.7,6.7,5.6,6.0,6.7,5.5,-285.7432432432432,-262.9594594594595,-6.581081081081081,245.54555810810808,0.11886179999999999,5.066347297297297,0.20270270270270271,1.6389013513513513,0.46918513513513516,11.85135135135135,0.666323377960865,0.2191358024691358,0.0,0.2247693307648469,-0.26369823425714534,-0.1276045429587029,-0.8386038849522173,0.15565062162162163,697.5911243243243,0.0,74.0,0.19101934087732736
Marky,top,LVP SL,2,44,0.386,Movistar KOI,52.4,59.3,63.5,52.9,44.5,55.1,5.2,5.9,6.3,5.3,4.5,5.5,-48.75,-245.13636363636363,-8.068181818181818,504.7764409090909,0.24776606363636364,8.230445454545453,0.5,1.0075727272727273,0.15867954545454546,5.454545454545454,0.5214285714285715,0.1742857142857143,0.0,0.2608761974495088,0.2545883586785527,-0.13476664918720502,-0.9687508419816445,0.24201211363636366,612.4281409090909,0.0,44.0,-0.36756037269442865
SlowQ,mid,NLC,2,35,0.514,Riddle Esports|X7 Esports,54.7,51.9,63.2,53.2,55.1,55.1,5.5,5.2,6.3,5.3,5.5,5.5,-144.97142857142856,126.65714285714286,-1.4857142857142858,580.4276028571429,0.25473842857142853,8.265431428571429,0.5714285714285714,1.092077142857143,0.18202857142857143,4.628571428571429,0.6184668989547039,0.185121107266436,0.0,0.2131520027548004,0.7578282993504792,0.39230567914158576,-0.9948806725178169,0.24050934285714284,465.9928,0.0,35.0,0.5163786465937814
Scoooped,bot,PGC,2,52,0.635,Jake's Kittens|No Team,71.3,45.2,41.8,55.4,53.5,55.1,7.1,4.5,4.2,5.5,5.3,5.5,510.03846153846155,41.30769230769231,3.8846153846153846,631.1304480769231,0.2661103846153846,8.762740384615386,1.5576923076923077,0.9207384615384615,0.22348653846153846,1.6730769230769231,0.6699900299102692,0.1762749445676275,0.0,0.18954022121533745,-0.757493037530276,-0.46603971566299285,-0.8953696419429845,0.2709230192307692,284.3634057692308,0.0,52.0,-0.05814179249369005
Humanoid,mid,LEC,1,76,0.579,Fnatic,75.9,43.8,48.6,41.2,54.8,55.1,7.6,4.4,4.9,4.1,5.5,5.5,283.05263157894734,278.11842105263156,10.421052631578947,606.4100763157895,0.2807295,8.913463157894736,0.34210526315789475,1.0772815789473684,0.23558157894736842,2.6315789473684212,0.6106719367588933,0.19393939393939394,2.3529411764705883,0.221733343362663,-0.22267942759520165,-0.36623987361537186,-0.8854793450297499,0.24971385526315787,357.49009078947364,0.0,76.0,-0.027098463360658423
Blizz,mid,LPLOL,3,28,0.571,OFFSET Esports|White Dragons,41.7,63.6,64.0,63.4,47.4,55.1,4.2,6.4,6.4,6.3,4.7,5.5,-61.92857142857143,-51.17857142857143,-4.392857142857143,439.33759642857143,0.23451189285714286,7.6811178571428576,0.42857142857142855,1.1078892857142857,0.19321428571428573,4.821428571428571,0.6810933940774487,0.1710914454277286,0.0,0.3526388888888889,-0.11172232625884314,-0.5737749687890137,-0.7711641508061515,0.22422264285714286,375.83013928571427,0.0,28.0,-0.21747430249632896
Ferret,jng,TCL,15,63,0.667,İstanbul Wildcats,52.4,57.3,62.1,47.6,58.0,55.1,5.2,5.7,6.2,4.8,5.8,5.5,-219.96825396825398,-187.0952380952381,-5.857142857142857,335.81782857142855,0.15962682698412697,5.499311111111111,0.38095238095238093,1.6059968253968255,0.44890476190476186,10.079365079365079,0.6613226452905812,0.23066666666666666,0.0,0.21402929502265622,0.23829222402639222,-0.20436093713755518,-0.8341931103747037,0.1778517777777778,722.0310428571428,0.0,63.0,-0.2898347795961463
AMBAN,jng,LHE,2,32,0.281,Cruzados Esports|Rebirth eSports,54.9,56.0,50.2,64.5,47.7,55.1,5.5,5.6,5.0,6.5,4.8,5.5,22.5,-145.53125,-3.90625,307.86255625,0.18584436875,5.343165625,0.34375,1.25135625,0.2907375,9.78125,0.7534246575342466,0.24288840262582057,0.0,0.21147570449961053,0.0,0.0,-1.1610299155933674,0.1808643125,596.948734375,0.0,32.0,0.2989351492162151
tol2,top,LJLA,3,32,0.312,AXIZ|DetonatioN FocusMe Academy,51.7,68.6,41.2,63.0,42.1,55.1,5.2,6.9,4.1,6.3,4.2,5.5,-151.0,-213.23076923076923,5.038461538461538,510.56649375,0.27337890625,7.20580625,0.125,0.8975875,0.1595625,5.1875,0.6075949367088608,0.22016806722689075,0.3333333333333333,0.13558896333012568,0.20606483245504922,-0.49272809622062314,-1.1834017644665729,0.21264915625,742.2572538461538,0.0,32.0,-0.22967710309643333
Kepa,sup,LAS,3,28,0.25,DN SOOPers Academy,57.2,59.8,52.1,55.6,43.4,55.1,5.7,6.0,5.2,5.6,4.3,5.5,-173.03571428571428,-27.464285714285715,-2.642857142857143,206.46509999999998,0.09731356785714286,0.9304035714285714,0.03571428571428571,2.5334214285714287,0.3536464285714286,15.285714285714286,0.706081081081081,0.226890756302521,0.0,0.22482269503546098,0.0,0.0,-1.057609453219898,0.0960203892857143,382.04615357142853,0.0,28.0,-0.27191216834400733
Taewang,sup,UL,2,26,0.231,EPIC-DUDES|devils.one inStreamly,64.9,43.6,52.2,57.8,54.6,55.0,6.5,4.4,5.2,5.8,5.5,5.5,128.73076923076923,213.1153846153846,1.0769230769230769,178.55649230769228,0.08815428846153847,1.1362038461538462,0.038461538461538464,2.1037423076923076,0.25337692307692306,9.653846153846153,0.7104477611940299,0.25149700598802394,0.0,0.21152364905524132,0.0,0.0,-1.07397121295007,0.09694606153846154,546.4142346153847,0.0,26.0,0.7090205076724507
OmulFinn,jng,ESLOL,3,23,0.391,DMG Esports|GTZ Esports|Team 7AM,58.7,49.9,65.5,51.7,47.6,55.0,5.9,5.0,6.5,5.2,4.8,5.5,76.73913043478261,-23.043478260869566,-0.30434782608695654,381.0509434782609,0.1741908304347826,6.010382608695652,0.34782608695652173,1.1958739130434781,0.2742217391304348,7.0,0.6731843575418994,0.20051413881748073,0.0,0.24733125680416113,1.1832514734774064,0.0,-1.0830522357288748,0.20512004347826088,802.8713913043479,0.0,23.0,0.4441108923884513
Farfetch,sup,TCL,15,63,0.667,İstanbul Wildcats,63.0,41.1,64.5,47.6,62.3,55.0,6.3,4.1,6.5,4.8,6.2,5.5,62.06349206349206,83.55555555555556,0.7142857142857143,171.0828365079365,0.08349943968253969,1.0723222222222222,0.047619047619047616,2.252196825396825,0.2833555555555555,11.19047619047619,0.6983967935871743,0.2733333333333333,0.0,0.14344317417619368,0.6332581750337793,0.46353706949563056,-0.8699876670861459,0.09509613015873015,392.93126984126985,0.0,63.0,0.2058189954137152
UnicornG,jng,GL,3,24,0.833,The Kings Colombia|Zeu5 Bogota,51.9,54.6,66.9,54.0,49.1,55.0,5.2,5.5,6.7,5.4,4.9,5.5,202.5,9.416666666666666,-0.041666666666666664,332.24713333333335,0.1412559625,5.120016666666666,0.25,1.4024791666666667,0.3046375,9.75,0.6463414634146342,0.19557195571955718,0.0,0.25379834254143646,0.0,0.0,-0.6980909316967251,0.17428104166666666,758.475225,0.0,24.0,-0.26609686609686617
JJirkos,sup,HC,3,25,0.36,Rulers Esports,46.4,58.8,64.0,61.2,47.9,55.0,4.6,5.9,6.4,6.1,4.8,5.5,-256.72,-324.28,6.4,165.772288,0.084703632,1.455272,0.04,2.395892,0.31869600000000003,12.32,0.6910569105691057,0.1951219512195122,0.0,0.2998540856031129,0.0,-0.3201595358955765,-0.8211511068458172,0.09633846,483.12569199999996,0.0,25.0,-0.19179766170585621
Morttheus,bot,CBLOLA,3,23,0.609,RED Academy,50.4,67.7,43.7,58.1,49.8,55.0,5.0,6.8,4.4,5.8,5.0,5.5,-245.7391304347826,35.78260869565217,-7.739130434782608,543.3632086956522,0.24866465217391306,8.703426086956522,1.0869565217391304,1.3370521739130437,0.41753913043478263,5.826086956521739,0.6952380952380952,0.19375,0.0,0.14395711500974662,-0.051000357270453794,0.0,-0.973682220377808,0.26166265217391305,298.4290695652174,0.0,23.0,0.497093023255814
Xhow,jng,LDL,2,22,0.409,Weibo Gaming Youth Team,48.4,58.2,76.2,49.0,44.3,55.0,4.8,5.8,7.6,4.9,4.4,5.5,0.0,0.0,0.0,313.29474090909093,0.14244876818181818,5.215245454545454,0.0,1.3467590909090907,0.36902272727272734,10.590909090909092,0.677536231884058,0.23452768729641693,8.681818181818182,0.4105486425339366,0.0,0.0,-0.6737565412438971,0.1742047272727273,0.0,0.0,22.0,-0.33857361963190186
Alex,jng,PCS,15,22,0.273,Impunity,52.1,68.6,44.7,61.7,37.5,55.0,5.2,6.9,4.5,6.2,3.8,5.5,81.0,24.681818181818183,1.0454545454545454,277.19617272727277,0.1471773590909091,5.429927272727273,0.09090909090909091,1.4020045454545456,0.43784545454545454,10.681818181818182,0.7257383966244726,0.17563739376770537,0.0,0.19126074498567336,-0.4947235120303925,-0.2705783030814689,-1.0612643172700265,0.18973668181818182,710.2831636363636,0.0,22.0,-0.2933937823834197
Nesty,jng,LJLA,3,21,0.333,DetonatioN FocusMe Academy,76.6,57.7,38.7,41.7,34.4,55.0,7.7,5.8,3.9,4.2,3.4,5.5,605.8,813.5333333333333,26.066666666666666,381.79231904761906,0.1794012142857143,6.543771428571428,0.38095238095238093,1.0448809523809524,0.2522047619047619,4.190476190476191,0.6307053941908713,0.2536945812807882,12.0,0.119005597297161,0.8243666781947087,-0.5515303475704652,-1.3790795872154926,0.21237142857142854,897.1984133333334,0.0,21.0,-0.5932619438102282
Urgaleex,top,NEXO,3,30,0.6,seQura ZEST,60.7,52.6,55.7,54.5,45.9,55.0,6.1,5.3,5.6,5.5,4.6,5.5,240.36666666666667,100.0,10.4,497.55102999999997,0.2314804,7.93787,0.36666666666666664,0.9310033333333333,0.17982333333333334,4.566666666666666,0.5129310344827587,0.21372031662269128,0.0,0.19425287356321835,0.004296455424274878,0.3928571428571428,-0.9445730934755062,0.22438370000000002,955.87356,0.0,30.0,-0.22730006013229107
Nite,mid,UL,2,76,0.724,AGO ROGUE,63.2,45.9,57.6,48.5,58.5,54.9,6.3,4.6,5.8,4.8,5.8,5.5,268.7894736842105,235.42105263157896,8.855263157894736,554.5766368421052,0.23145286052631578,8.661992105263158,0.5394736842105263,1.0915697368421053,0.18736052631578948,3.8289473684210527,0.5645604395604396,0.1946524064171123,0.0,0.2558572395480814,0.11886001384135575,-0.9229981638023675,-0.8040241440778496,0.22445523684210525,398.18423815789475,0.0,76.0,-0.374101579369486
Tarzan,jng,LPL,1,113,0.531,LNG Esports,50.0,59.1,48.0,56.6,65.2,54.9,5.0,5.9,4.8,5.7,6.5,5.5,0.0,0.0,0.0,276.79502300884957,0.13790545486725664,4.9507230088495575,0.0,1.5574893805309733,0.39581592920353986,11.150442477876107,0.7072010869565217,0.2116212338593974,8.389380530973451,0.16715044930324857,-0.08919282271773965,-0.24000219543486773,-0.8881140048462735,0.1643059203539823,0.0,0.0,113.0,0.03400763984704272
JDG,top,LFL2,2,64,0.719,IziDream,39.3,57.0,69.0,62.3,60.9,54.9,3.9,5.7,6.9,6.2,6.1,5.5,-357.734375,-207.5,-6.796875,462.5752125,0.1960557671875,7.408675,0.25,1.048325,0.1501453125,6.203125,0.5322731524789522,0.2017291066282421,0.0,0.2440604768579045,0.39533664519021494,-0.041438705338742346,-0.7695257193853139,0.197159109375,764.88711875,0.0,64.0,-0.07396317371965311
Sword,sup,PGC,2,71,0.69,100 Thieves Academy|100 Thieves Next,51.6,52.9,52.4,56.4,68.7,54.9,5.2,5.3,5.2,5.6,6.9,5.5,32.08450704225352,-64.64788732394366,0.30985915492957744,170.71879014084507,0.07585711549295775,1.1718225352112677,0.014084507042253521,2.3848774647887323,0.26535211267605635,10.690140845070422,0.6539984164687253,0.1787773933102653,0.0,0.1712276217327047,-0.4073662050784537,-0.22270604426595678,-0.7354108105030347,0.09483221971830987,410.9483929577465,0.0,71.0,0.2718711850728124
Cotopaco,mid,DDH,3,34,0.618,The Kings,42.4,65.6,54.6,58.4,58.8,54.9,4.2,6.6,5.5,5.8,5.9,5.5,72.61764705882354,16.294117647058822,-6.617647058823529,470.6533176470588,0.23462241176470588,7.459958823529412,0.17647058823529413,1.2813117647058823,0.24233529411764707,7.264705882352941,0.662962962962963,0.20493827160493827,0.0,0.15751571385812632,0.0,0.591150818974686,-0.8293779593002721,0.20893529411764705,307.1352617647059,0.0,34.0,0.4319710294878426
Shawi,sup,TCL,15,32,0.281,Galakticos,53.2,51.1,61.5,57.1,55.5,54.9,5.3,5.1,6.2,5.7,5.5,5.5,-15.46875,-21.625,-3.34375,141.72921875,0.0819543875,1.1429,0.0625,2.35983125,0.37414375,13.8125,0.6735751295336787,0.2316831683168317,0.0,0.28384926648127484,0.0,0.0,-1.1410695701543767,0.090905646875,496.566509375,0.0,32.0,1.0486566962170942
Apii,mid,LCO,15,48,0.521,PEACE,53.8,63.1,47.2,58.8,45.2,54.9,5.4,6.3,4.7,5.9,4.5,5.5,49.416666666666664,31.458333333333332,-0.9583333333333334,498.8741916666666,0.24846310416666664,8.192804166666667,0.375,1.1085166666666666,0.2977520833333333,3.3333333333333335,0.6750392464678179,0.16693418940609953,0.0,0.20535845954485413,-0.6275477266439178,0.0,-0.9433474069215907,0.22903322916666666,357.11852916666663,0.0,48.0,-0.4321469356680624
Solid,jng,LLA,15,42,0.5,inf,51.5,58.3,49.8,61.8,53.8,54.9,5.2,5.8,5.0,6.2,5.4,5.5,133.92857142857142,51.976190476190474,3.3333333333333335,245.27364523809524,0.1316777738095238,5.687816666666667,0.19047619047619047,1.3587500000000001,0.35669999999999996,12.071428571428571,0.7295081967213115,0.20454545454545456,0.0,0.22565831319170587,-0.3895897754507915,-0.8121587859720552,-0.8651876812864114,0.1796675238095238,736.0459666666667,0.0,42.0,0.076934684199181
Eisley,bot,LDL,2,36,0.389,Rare Atom Period|Team Pinnacle,51.9,71.7,45.2,52.7,41.5,54.9,5.2,7.2,4.5,5.3,4.2,5.5,0.0,0.0,0.0,569.3649944444445,0.2785287777777778,8.904575000000001,0.0,1.4424388888888888,0.4226111111111111,4.222222222222222,0.720164609053498,0.19888475836431227,2.5555555555555554,0.1485830803119605,0.0,0.0,-1.0557103095422773,0.2661558333333333,0.0,0.0,36.0,-0.2814231155254892
Ever,bot,LDL,2,76,0.224,Shu Dai Xiong Gaming,52.1,63.0,56.3,45.5,55.2,54.9,5.2,6.3,5.6,4.5,5.5,5.5,0.0,0.0,0.0,543.4114328947369,0.29348718421052633,9.357425000000001,0.0,1.1732486842105263,0.36534210526315786,4.105263157894737,0.6797814207650273,0.17956656346749225,2.210526315789474,0.26591027077059287,0.0,0.0,-1.0472763155387954,0.2891703552631579,0.0,0.0,76.0,-0.2831319341389302
Mole,mid,LPL,1,28,0.429,Invictus Gaming,54.0,54.4,50.6,64.6,50.9,54.9,5.4,5.4,5.1,6.5,5.1,5.5,0.0,0.0,0.0,532.1345857142857,0.2678311428571429,7.5229,0.0,1.0174178571428572,0.23808214285714285,5.821428571428571,0.7312138728323699,0.20046620046620048,1.6785714285714286,0.21008961168270823,0.0,0.0,-0.9775627190564671,0.20633335714285714,0.0,0.0,28.0,0.41666666666666646
Young,mid,PGC,2,34,0.647,Area of Effect Esports,69.4,43.2,55.6,51.9,46.8,54.9,6.9,4.3,5.6,5.2,4.7,5.5,186.76470588235293,232.35294117647058,7.352941176470588,653.04225,0.2693563235294118,8.245994117647058,0.5588235294117647,0.8973705882352941,0.12988529411764707,3.6176470588235294,0.579454253611557,0.16728624535315986,0.0,0.22072286426467255,-0.22099966485879213,0.0,-0.8171785268079925,0.22736535294117646,359.73661176470586,0.0,34.0,-0.18750687341911365
Climber,jng,LDL,2,36,0.361,V5 87,47.2,66.2,57.7,56.9,43.6,54.9,4.7,6.6,5.8,5.7,4.4,5.5,0.0,0.0,0.0,290.96601944444444,0.14312407222222223,4.891811111111111,0.0,1.362775,0.36285555555555554,7.75,0.6880530973451328,0.19578313253012047,11.305555555555555,0.2246983865885507,0.0,0.0,-0.9471604939866055,0.16593433333333332,0.0,0.0,36.0,-0.3339093252108715
Zinie,mid,LAS,3,33,0.545,KT Rolster Academy,67.2,44.5,52.3,52.9,52.8,54.9,6.7,4.5,5.2,5.3,5.3,5.5,-70.33333333333333,-104.45454545454545,-1.4848484848484849,697.560690909091,0.2853034545454545,8.343454545454545,0.9393939393939394,0.8395484848484848,0.19774545454545453,5.151515151515151,0.630057803468208,0.21713147410358566,0.0,0.24697811694009414,-0.18637253292588993,-0.7744245072165469,-0.8074997234793837,0.2419880909090909,508.49394848484843,0.0,33.0,0.023783700345685974
Yen,bot,UPL,2,42,0.548,Fragbox Gaming|Illinois State University,66.0,45.5,57.3,47.3,53.2,54.8,6.6,4.5,5.7,4.7,5.3,5.5,35.404761904761905,-22.0,5.523809523809524,659.3210714285715,0.26833354047619046,8.678821428571428,1.3095238095238095,1.081997619047619,0.29336428571428574,3.6904761904761907,0.6328626444159179,0.19423558897243107,0.0,0.2176814869543802,-0.058012237796414616,0.0,-0.8561346449870341,0.27197140476190473,258.51355714285717,0.0,42.0,0.09522180129536835
Zamudo,top,PGC,2,65,0.554,Area of Effect Esports|Tempest Gaming|Third Party|Wildcard Aces,71.3,35.5,60.9,44.0,62.0,54.8,7.1,3.5,6.1,4.4,6.2,5.5,226.12307692307692,57.33846153846154,13.784615384615385,597.5572492307692,0.25747152461538464,8.377716923076923,0.4,0.6246523076923077,0.12739846153846154,0.4,0.504,0.25112917795844625,0.0,0.26630095644407265,-0.040147152911068525,0.0,-0.9826119317291114,0.24710259999999998,820.9199307692307,0.0,65.0,0.29125837287595474
HeSSZero,top,UL,2,58,0.517,SINNERS Esports|Team ESCA Gaming|Vanir,48.2,55.0,65.1,61.3,48.5,54.8,4.8,5.5,6.5,6.1,4.8,5.5,-55.56896551724138,-105.05172413793103,-2.6206896551724137,446.092124137931,0.2190155172413793,7.442444827586207,0.43103448275862066,0.9373862068965517,0.1379362068965517,3.7241379310344827,0.5653206650831354,0.20355029585798817,0.0,0.20477865317271862,0.4468636932839034,0.7628454194033762,-0.9695514289288695,0.2171106896551724,707.2145620689655,0.0,58.0,-0.41098937741151814
Phantomles,mid,PRM,3,72,0.528,PENTA 1860|SK Gaming Prime,51.8,53.3,51.5,54.4,70.4,54.8,5.2,5.3,5.2,5.4,7.0,5.5,22.375,-60.31944444444444,-0.8333333333333334,566.6478819444444,0.23800973472222223,8.097052777777778,0.5,1.0441430555555555,0.18042777777777777,5.611111111111111,0.6081923419412288,0.16993464052287582,0.0,0.31073749442388154,-0.5237796461287489,-0.6687162755678253,-0.8846437941409045,0.2165522361111111,341.1674041666667,0.0,72.0,-0.061509764952757374
Yuuji,jng,LCSA,2,97,0.505,FlyQuest Academy,49.3,53.7,55.5,55.4,69.2,54.8,4.9,5.4,5.5,5.5,6.9,5.5,-111.50515463917526,-120.4020618556701,-2.1752577319587627,335.20242783505154,0.14699472886597936,5.672631958762887,0.23711340206185566,1.2993061855670103,0.3196061855670103,9.587628865979381,0.6487972508591066,0.1820689655172414,0.0,0.24417690921009505,-0.01054498933901906,-0.7543710021321962,-0.8913271074738961,0.17778014432989692,701.3385319587629,0.0,97.0,-0.07326013790321555
Wixxi,bot,LCSA,2,101,0.554,100 Thieves Academy|Area of Effect Cows|Area of Effect Ginger Turmeric|Cloud9 Academy|No Org,55.9,45.1,58.1,53.4,70.7,54.8,5.6,4.5,5.8,5.3,7.1,5.5,140.67326732673268,8.257425742574258,4.079207920792079,557.6293663366337,0.24957080297029702,8.657835643564358,0.7326732673267327,1.0319415841584159,0.28882376237623764,3.623762376237624,0.6253928346951603,0.18447923757658272,0.0,0.18929470238790244,0.204562838424131,0.6886432302035272,-1.0216479785837171,0.24387200990099012,259.9034663366337,0.0,101.0,0.2410696806060602
Paixdia,sup,TAL,3,28,0.571,SuperMassive Blaze Academy,55.4,54.9,53.2,57.4,51.7,54.8,5.5,5.5,5.3,5.7,5.2,5.5,99.64285714285714,-6.25,-3.5357142857142856,164.87356428571428,0.08633703571428572,0.9628785714285714,0.03571428571428571,2.522264285714286,0.3494178571428571,16.107142857142858,0.7046413502109705,0.2558139534883721,0.0,0.24114411441144115,-0.29293882326301085,-0.682982979205193,-0.8491505501420546,0.09425487499999999,481.0078642857143,0.0,28.0,0.011658874356394651
DudsTheBoy,bot,CBLOL,15,43,0.581,KaBuM! Esports|LOUD,54.7,56.1,53.0,50.3,60.7,54.8,5.5,5.6,5.3,5.0,6.1,5.5,76.34883720930233,128.2325581395349,-1.7674418604651163,540.7767488372093,0.2424216046511628,8.742002325581394,0.9302325581395349,1.5239186046511626,0.4018046511627907,6.790697674418604,0.6349206349206349,0.1962457337883959,0.0,0.17097705437770902,0.15975856004516156,-0.7537833554074299,-0.8217773826379537,0.2614750465116279,309.8639139534884,0.0,43.0,0.3101728189842945
Clid,jng,LPL,1,83,0.458,FunPlus Phoenix,47.1,67.9,43.3,58.8,55.4,54.8,4.7,6.8,4.3,5.9,5.5,5.5,0.0,0.0,0.0,257.655221686747,0.13151391686746988,5.210087951807229,0.0,1.617031325301205,0.4296409638554217,11.975903614457831,0.7135969141755063,0.18772241992882563,9.91566265060241,0.19197591680350298,-0.45094048710783396,-0.2400635290806377,-0.9619276979626779,0.17061889156626506,0.0,0.0,83.0,0.034554274906009264
Shieldworm,mid,VL,3,49,0.735,Descuydado Aucas Esports|Skull Cracker,70.5,46.4,45.5,46.9,57.0,54.8,7.0,4.6,4.5,4.7,5.7,5.5,585.2448979591836,199.0612244897959,13.306122448979592,563.3578428571428,0.2576103612244898,8.022975510204082,0.6326530612244898,1.112538775510204,0.1709,7.428571428571429,0.6054590570719603,0.2231012658227848,0.0,0.2130672888455022,-0.19255512381302745,-0.49814912744579587,-0.985944575454309,0.2254238775510204,356.8438428571429,0.0,49.0,-0.020193230692514018
Fear,mid,SL (LATAM),3,30,0.233,Cienciano Esports|Club Deportivo Municipal|WAP Esports,49.4,62.4,58.6,59.0,40.8,54.8,4.9,6.2,5.9,5.9,4.1,5.5,-75.06666666666666,-37.166666666666664,1.8,454.15746333333334,0.2641434,7.847623333333333,0.6333333333333333,0.9834466666666667,0.20241333333333333,6.333333333333333,0.6848137535816619,0.16367265469061876,0.0,0.33725029377203286,-0.14880000000000007,0.0,-0.9947975206590858,0.23099636666666665,274.7158166666667,0.0,30.0,-0.45562543675751216
Keaiduo,mid,LCSA,2,26,0.346,TSM|TSM Academy,64.3,50.3,50.0,47.4,57.4,54.8,6.4,5.0,5.0,4.7,5.7,5.5,208.92307692307693,100.23076923076923,9.153846153846153,545.3876653846154,0.28297715384615385,9.700561538461539,0.46153846153846156,0.9536,0.15507307692307692,4.230769230769231,0.5914634146341463,0.14496314496314497,0.0,0.20391945798771607,0.3135384615384613,0.0,-1.1280603121946315,0.2632324615384615,369.73967307692305,0.0,26.0,1.0101364522417156
Licorice,top,LCS,1,45,0.356,Golden Guardians,52.8,52.7,64.7,59.8,44.2,54.8,5.3,5.3,6.5,6.0,4.4,5.5,-23.133333333333333,55.577777777777776,1.6,456.91364666666664,0.23651222222222223,7.775306666666666,0.2222222222222222,1.0495644444444445,0.19444,5.622222222222222,0.5667351129363449,0.21664050235478807,0.0,0.23178137829320608,0.1849371302607014,0.4231729536405964,-1.038735376586719,0.21952748888888887,872.9174711111111,0.0,45.0,0.017932874257751957
eight,jng,LDL,2,67,0.552,Top Esports Challenger,54.6,57.9,51.0,48.5,62.2,54.8,5.5,5.8,5.1,4.8,6.2,5.5,0.0,0.0,0.0,360.32512238805975,0.1722386104477612,5.550322388059701,0.0,1.2785731343283582,0.3660358208955224,6.104477611940299,0.684931506849315,0.22740524781341107,7.880597014925373,0.20693186518740778,0.04414444505515429,-0.8508365078492637,-0.9195716995353244,0.18493288059701493,0.0,0.0,67.0,0.1025301680202544
Exothy,bot,UPL,2,21,0.524,Last Resistance,57.6,38.4,79.1,50.5,56.6,54.8,5.8,3.8,7.9,5.0,5.7,5.5,-174.71428571428572,-38.38095238095238,1.0,594.7758095238095,0.2789230952380952,8.829533333333334,1.0952380952380953,0.8092619047619047,0.17722857142857143,1.8095238095238095,0.6287878787878788,0.17438692098092642,0.0,0.5536095159967186,-0.0019083969465650311,0.0,-0.7122006321388865,0.26196257142857143,224.02793333333332,0.0,21.0,0.5941534048220749
Ethe,top,NEXO,3,49,0.755,Oxygen Valiants|Ramboot Club,71.5,41.0,53.9,44.3,58.5,54.8,7.2,4.1,5.4,4.4,5.8,5.5,503.734693877551,215.79591836734693,9.89795918367347,546.1340857142857,0.25106365306122447,8.143304081632653,0.5714285714285714,0.8600163265306122,0.10270408163265306,2.306122448979592,0.4845869297163995,0.21317157712305027,0.0,0.19288591836230304,-0.12644686187121634,-0.15688247791568824,-0.8440205387795804,0.2350822244897959,736.2320551020408,0.0,49.0,-0.3004721695674649
Lens,bot,PGC,2,50,0.78,100 Thieves Next|Ginger Turmeric,67.7,36.8,64.0,47.5,59.0,54.8,6.8,3.7,6.4,4.8,5.9,5.5,529.22,181.14,8.06,579.463654,0.24164692,8.6095,1.06,0.946456,0.24572399999999997,3.1,0.5963302752293578,0.20729684908789386,0.0,0.22320614405219721,-0.0266567439384005,0.04769489425714532,-0.6809891845013062,0.24532520000000002,308.356734,0.0,50.0,-0.004211141979821634
Rock,top,PCS,15,24,0.625,J Team,53.7,54.0,60.8,62.6,40.9,54.8,5.4,5.4,6.1,6.3,4.1,5.5,120.08333333333333,88.125,-1.7916666666666667,462.1239041666667,0.21480299583333332,7.714645833333333,0.3333333333333333,0.9376041666666667,0.1668625,5.833333333333333,0.6351351351351351,0.23921568627450981,0.0,0.2673155593172521,-0.1789148974777717,-0.8366902558519325,-0.8619803627297604,0.21521625,705.8767291666667,0.0,24.0,-0.4107418856259659
danny1018,top,LDL,2,26,0.423,Team WE Academy,49.9,52.4,75.3,52.2,48.4,54.8,5.0,5.2,7.5,5.2,4.8,5.5,0.0,0.0,0.0,507.7864884615385,0.21756865384615384,6.868734615384615,0.0,0.9906423076923077,0.1588076923076923,5.269230769230769,0.55,0.24651162790697675,0.9615384615384616,0.34230480480480485,0.16858868753432188,0.8780889621087314,-0.8499993974301984,0.19780080769230768,0.0,0.0,26.0,0.13233287858117335
Xiaohao,jng,LPL,1,83,0.386,Anyone's Legend,52.3,58.1,51.3,58.4,53.1,54.7,5.2,5.8,5.1,5.8,5.3,5.5,0.0,0.0,0.0,282.66880361445783,0.1479099313253012,5.509480722891566,0.0,1.3718530120481927,0.37672168674698797,9.903614457831326,0.7355533790401567,0.19240724762726488,5.9156626506024095,0.19694066551702116,0.0,0.0,-1.0112893040233808,0.18203456626506023,0.0,0.0,83.0,0.0007732911945668446
Aria,mid,LCK,1,38,0.395,KT Rolster,34.6,67.9,74.7,57.2,46.4,54.7,3.5,6.8,7.5,5.7,4.6,5.5,-296.2894736842105,-177.94736842105263,-11.473684210526315,421.3158394736842,0.23365478947368423,8.271542105263158,0.3157894736842105,1.5445815789473685,0.34516842105263157,11.078947368421053,0.6527093596059114,0.16849015317286653,0.0,0.39297149964275313,0.0,0.0,-0.8593394279742754,0.2215513947368421,293.9453868421053,0.0,38.0,-0.021044720030064138
Kedaya,sup,LPL,1,62,0.274,Team WE,44.6,57.9,70.1,54.3,52.8,54.7,4.5,5.8,7.0,5.4,5.3,5.5,0.0,0.0,0.0,126.06069677419356,0.07220599516129032,1.1807870967741936,0.0,2.5635370967741937,0.3722935483870968,15.096774193548388,0.7155555555555555,0.2209695603156708,0.06451612903225806,0.33202768309058983,0.0,0.0,-0.9240382990216983,0.09160499838709678,0.0,0.0,62.0,0.16090096939745274
UmTi,jng,LCK,1,82,0.354,HANJIN BRION,43.8,61.2,59.6,62.1,51.6,54.7,4.4,6.1,6.0,6.2,5.2,5.5,-62.48780487804878,-63.30487804878049,-0.926829268292683,222.80002317073172,0.13378876829268294,5.795857317073171,0.12195121951219512,1.5876634146341464,0.4776878048780488,15.134146341463415,0.7036114570361146,0.2066869300911854,0.0,0.2924105592743895,-0.789610162067455,0.0,-0.8615360810838125,0.1646492548780488,716.9778,0.0,82.0,-0.316921186589433
Vetheo,mid,LEC,1,51,0.49,Misfits Gaming,55.3,67.1,36.2,57.8,46.6,54.7,5.5,6.7,3.6,5.8,4.7,5.5,-215.0,-157.7843137254902,-1.2549019607843137,551.2555490196079,0.26309270588235295,9.05806274509804,0.6862745098039216,1.1711745098039217,0.3012019607843137,4.470588235294118,0.7027818448023426,0.14356435643564355,1.1428571428571428,0.1775066361750183,-0.5777144965090334,-0.9300906931548262,-0.8679268032742894,0.2590320980392157,367.14636666666667,0.0,51.0,-0.13179204798508293
Fudge,mid,LCS,1,37,0.568,Cloud9,48.6,56.6,57.7,64.2,49.3,54.7,4.9,5.7,5.8,6.4,4.9,5.5,-253.43243243243242,100.21621621621621,-3.1621621621621623,485.1939027027027,0.2474168891891892,8.97545945945946,0.5135135135135135,1.074718918918919,0.1885243243243243,2.081081081081081,0.7072164948453609,0.14565217391304347,0.0,0.2259570765661253,-0.1637267080745341,0.0,-0.7792393093683083,0.23639402702702705,322.8480162162162,0.0,37.0,0.010138844042621865
Looca,top,ESLOL,3,46,0.413,PENTA 1860|mCon esports,48.2,59.9,49.6,64.4,53.3,54.7,4.8,6.0,5.0,6.4,5.3,5.5,-116.82608695652173,123.47826086956522,-0.5652173913043478,459.6121304347826,0.22134408695652172,7.742106521739131,0.2391304347826087,0.9772413043478261,0.14298260869565219,3.217391304347826,0.5639445300462249,0.18294573643410852,0.0,0.19459126411507363,-0.24561665042142075,0.18800527492689648,-1.0038331419019064,0.21540628260869568,908.1181630434783,0.0,46.0,-0.2625669169388236
Naak Nako,top,TCL,15,59,0.61,Fenerbahçe Academy|Fenerbahçe Esports,57.5,50.9,55.3,51.1,59.9,54.7,5.8,5.1,5.5,5.1,6.0,5.5,97.9322033898305,105.44067796610169,1.5254237288135593,459.2953220338983,0.2250575254237288,8.040981355932203,0.4576271186440678,0.9293084745762712,0.15352881355932202,4.813559322033898,0.5441354292623942,0.19261213720316622,0.0,0.1562243802248931,0.04754466464902858,0.2134120464548213,-0.9117002050263626,0.2296961694915254,626.0035474576272,0.0,59.0,0.015540008693711289
Ice,bot,LCKC,2,66,0.379,Liiv SANDBOX|Liiv SANDBOX Youth,44.1,62.4,52.8,54.6,67.4,54.7,4.4,6.2,5.3,5.5,6.7,5.5,-317.3484848484849,74.15151515151516,-1.4393939393939394,481.1352075757576,0.2475366212121212,9.718151515151515,0.7575757575757576,1.3012696969696969,0.383760606060606,4.166666666666667,0.6452036793692509,0.16224814422057265,0.0,0.2070539609878713,0.0,0.0,-0.9831002373584931,0.2707019393939394,308.5836181818182,0.0,66.0,0.7256105357371181
River,jng,LCS,1,49,0.327,Dignitas|Golden Guardians,40.2,57.7,73.3,67.4,42.7,54.7,4.0,5.8,7.3,6.7,4.3,5.5,-228.6122448979592,-82.95918367346938,-4.591836734693878,242.23146734693876,0.13622382040816328,5.567032653061225,0.04081632653061224,1.4278,0.3856591836734694,9.877551020408163,0.7581967213114754,0.22961730449251247,8.0,0.2754595023297313,0.31338160906124163,0.13678771350653074,-0.8781396572558249,0.16802836734693877,817.3907367346939,0.0,49.0,-0.3422093050509785
Twight,jng,HC,3,47,0.66,IKISEQ|IKISEQ Gaming|Team Sampi,59.1,43.6,57.1,59.2,58.2,54.7,5.9,4.4,5.7,5.9,5.8,5.5,93.51063829787235,31.617021276595743,-1.3191489361702127,349.74752978723404,0.16945101063829787,5.513542553191489,0.5319148936170213,0.9357042553191489,0.25408936170212765,4.553191489361702,0.7057256990679095,0.2183206106870229,0.0,0.282580888190718,-0.41267556723043014,-0.6446742744367235,-0.9318656047219679,0.18558010638297873,819.0270446808511,0.0,47.0,-0.10804064077872064
Fatfish,jng,LDL,2,32,0.219,LGD Gaming Young Team,44.9,67.4,58.1,60.5,39.6,54.7,4.5,6.7,5.8,6.0,4.0,5.5,0.0,0.0,0.0,241.03673125,0.148055815625,4.91059375,0.0,1.360625,0.34395625,12.03125,0.7363896848137536,0.2127659574468085,8.34375,0.2848052805280528,0.0,0.0,-1.138136819953774,0.17707525,0.0,0.0,32.0,-0.3109801031687546
Prismal,sup,LCSA,2,33,0.455,Golden Guardians|Golden Guardians Academy|Jake's Kittens,75.9,51.2,36.5,50.7,38.5,54.7,7.6,5.1,3.6,5.1,3.9,5.5,290.3333333333333,38.09090909090909,6.303030303030303,240.8778393939394,0.09849051818181817,1.5626848484848483,0.09090909090909091,2.333148484848485,0.2883818181818182,10.727272727272727,0.6978021978021978,0.22542372881355932,0.0,0.14347198048757387,-0.8405584129316679,0.0,-1.185826893123337,0.11290534545454546,505.07500303030304,0.0,33.0,-0.3074044220144596
Akaadian,jng,LCSA,2,42,0.262,Golden Guardians Academy,53.4,55.4,56.5,57.0,51.0,54.7,5.3,5.5,5.7,5.7,5.1,5.5,-74.23809523809524,-79.23809523809524,-0.9047619047619048,370.4055404761905,0.16717246190476193,5.686,0.09523809523809523,1.2553761904761904,0.3196952380952381,8.523809523809524,0.6835443037974683,0.19451697127937337,0.0,0.23877419354838708,-0.12331838565022425,0.0,-0.9778261775380801,0.19512630952380952,828.741419047619,0.0,42.0,0.05196253345227456
Zzk,top,TCL,15,20,0.45,Galakticos|Galakticos Academy,64.4,45.1,64.5,53.7,39.8,54.7,6.4,4.5,6.5,5.4,4.0,5.5,298.35,120.05,6.25,512.674715,0.26835405,7.576219999999999,0.25,0.8749549999999999,0.16233999999999998,4.55,0.5714285714285714,0.24295774647887325,0.0,0.23448128342245989,0.0,0.0,-0.8372702140094747,0.22357395000000002,731.83349,0.0,20.0,-0.4377142857142858
Cboi,jng,NLC,2,73,0.658,Bifrost|Macko Esports,56.3,50.6,55.8,51.1,61.7,54.6,5.6,5.1,5.6,5.1,6.2,5.5,-43.273972602739725,13.191780821917808,1.4246575342465753,351.02118767123284,0.15491791917808218,5.4907657534246574,0.2876712328767123,1.433631506849315,0.3575575342465754,9.452054794520548,0.6598639455782312,0.2514910536779324,0.0,0.1920527543134119,-0.1503800291217721,0.4181175257225646,-0.9400497799052598,0.1805464794520548,912.4262219178082,0.0,73.0,-0.026515913599668584
Backlund,mid,NLC,2,84,0.714,Dusty,62.4,45.6,51.8,51.4,62.4,54.6,6.2,4.6,5.2,5.1,6.2,5.5,259.25,79.02380952380952,4.559523809523809,559.8270607142857,0.24603954761904762,8.331515476190477,0.7023809523809523,0.9331428571428572,0.20702023809523812,2.9761904761904763,0.5921052631578947,0.19268774703557312,0.0,0.19930125660695552,-0.11413336257740468,-0.33648412403322764,-0.8261729984257309,0.22567775,389.47344285714286,0.0,84.0,-0.2718145383621505
Venzer,bot,NLC,2,75,0.613,Dusty|JD|XL,71.2,41.6,49.9,47.5,56.8,54.6,7.1,4.2,5.0,4.8,5.7,5.5,625.24,121.56,10.653333333333334,594.2675186666667,0.2596373733333333,8.914897333333334,1.1333333333333333,1.16636,0.31078666666666666,4.493333333333333,0.6650641025641025,0.25510204081632654,0.0,0.18535689421399673,0.18450978209592864,-0.49088682875634065,-0.9544392967778937,0.26111448,329.180424,0.0,75.0,-0.3056655446598119
Yuta,jng,UL,2,28,0.429,Komil & Friends,47.1,65.0,52.4,60.0,46.7,54.6,4.7,6.5,5.2,6.0,4.7,5.5,-129.14285714285714,-188.57142857142858,-4.785714285714286,311.0875142857143,0.15729584285714288,5.363614285714285,0.25,1.5084285714285717,0.4226357142857143,11.357142857142858,0.7086247086247086,0.23275862068965517,0.0,0.22937235416517185,-0.3053774493925884,-0.7086631632403866,-0.8195295669526267,0.1856245,901.2756892857143,0.0,28.0,-0.11943884255248795
Kim Down,sup,UPL,2,63,0.476,"Team Pending|University of California, Irvine|Zenigma",67.0,45.4,52.0,45.3,59.8,54.6,6.7,4.5,5.2,4.5,6.0,5.5,6.349206349206349,-22.142857142857142,-1.6349206349206349,244.54613174603176,0.10700729047619047,1.2023015873015874,0.015873015873015872,2.321525396825397,0.2731396825396825,11.825396825396826,0.6272563176895307,0.208955223880597,0.0,0.24094047881987107,0.019614389743301174,0.0,-1.1728632286601588,0.10420653015873016,380.9867047619048,0.0,63.0,0.43697850990481607
Takeover,mid,LCSA,2,86,0.326,TSM|TSM Academy,51.6,59.2,50.6,51.2,61.6,54.6,5.2,5.9,5.1,5.1,6.2,5.5,14.965116279069768,66.26744186046511,5.616279069767442,482.10778837209307,0.25323002325581395,9.148291860465116,0.36046511627906974,1.0851186046511627,0.2113872093023256,5.686046511627907,0.5885311871227364,0.13229571984435798,0.0,0.2463701780252184,-0.40613658858462554,0.0,-0.9921762027955289,0.25089793023255813,355.81629186046507,0.0,86.0,-0.12864710998655815
Thien,top,LCO,15,47,0.511,PEACE,66.2,53.6,45.4,50.7,45.5,54.6,6.6,5.4,4.5,5.1,4.5,5.5,257.8085106382979,221.29787234042553,7.617021276595745,525.1182595744681,0.2625901914893617,8.163434042553192,0.2978723404255319,0.988827659574468,0.18536808510638295,5.808510638297872,0.5925324675324676,0.23778501628664495,0.0,0.19001453680454605,-0.7003142988583954,0.0,-1.037956131392205,0.24326380851063828,678.1518021276595,0.0,47.0,-0.45193551320655573
Hika,bot,LMF,2,56,0.554,9z Team|Boca Juniors Gaming,53.6,59.3,50.8,54.2,52.8,54.6,5.4,5.9,5.1,5.4,5.3,5.5,64.67857142857143,51.517857142857146,0.6785714285714286,512.3716839285714,0.2597181607142857,7.8836125,0.8571428571428571,1.3779249999999998,0.33794107142857144,8.017857142857142,0.6270753512132823,0.16842105263157894,0.0,0.22518530719815522,-0.2544414075845575,-0.3829859924837718,-0.9027373339378106,0.2478387857142857,229.96406785714288,0.0,56.0,-0.19022390413118886
Whiplash,sup,GL,3,42,0.452,Braves Rising|Fuego,46.8,62.6,52.5,57.5,55.4,54.6,4.7,6.3,5.2,5.8,5.5,5.5,88.26190476190476,-144.54761904761904,2.5476190476190474,138.67895952380954,0.07290033333333333,1.2412357142857142,0.0,2.5223333333333335,0.33357619047619047,17.738095238095237,0.6832797427652733,0.1828125,0.0,0.18312447162298748,0.0,0.06281066425666519,-0.940948640695586,0.09910426190476189,420.3831595238095,0.0,42.0,-0.17422631270167205
Venom,bot,NEXO,3,29,0.552,ECORP|UCAM Esports Academy,38.0,66.1,56.5,63.1,57.3,54.6,3.8,6.6,5.7,6.3,5.7,5.5,-339.55172413793105,-280.8965517241379,-24.724137931034484,509.372975862069,0.2583705862068965,7.492034482758621,0.5517241379310345,1.3724172413793103,0.28454827586206893,6.310344827586207,0.7174887892376681,0.18276762402088773,0.0,0.23288959744918294,0.06311214495592554,-0.436949069539667,-0.81225988219651,0.23928689655172414,237.03106896551725,0.0,29.0,0.49105175795986095
Yukino,jng,PGC,2,28,0.607,Evil Geniuses Prodigies,71.5,38.9,63.7,46.9,44.2,54.6,7.2,3.9,6.4,4.7,4.4,5.5,400.89285714285717,298.7857142857143,5.714285714285714,417.83405357142857,0.170319575,6.299550000000001,0.21428571428571427,1.1196107142857143,0.25789999999999996,7.107142857142857,0.642578125,0.23834196891191708,0.0,0.33865544120898317,-0.6818346627991299,0.0,-0.7959973101052208,0.19367764285714287,929.7871107142856,0.0,28.0,-0.3133631800298468
Zimba,sup,UL,2,26,0.385,Komil & Friends,45.0,58.2,51.6,69.3,54.8,54.6,4.5,5.8,5.2,6.9,5.5,5.5,-353.65384615384613,75.11538461538461,-14.461538461538462,178.41356923076924,0.0887375923076923,0.8009423076923077,0.038461538461538464,2.0191846153846154,0.24078076923076924,7.346153846153846,0.7774390243902439,0.178117048346056,0.0,0.15202380952380953,0.0,0.42209284510494866,-1.0332285330774198,0.09317786153846154,254.78005384615383,0.0,26.0,0.6684382665576452
Desire,mid,LDL,2,29,0.207,Shu Dai Xiong Gaming,47.5,61.7,70.0,47.1,46.5,54.6,4.8,6.2,7.0,4.7,4.7,5.5,0.0,0.0,0.0,525.8497413793103,0.2588812068965517,8.210110344827585,0.0,1.081051724137931,0.293548275862069,5.758620689655173,0.6314363143631436,0.18452380952380953,0.9310344827586207,0.35831451157538113,0.0,0.0,-0.876013249100033,0.2353593793103448,0.0,0.0,29.0,-0.02831704668838214
Xiaoxiang,top,LPL,1,33,0.515,EDward Gaming|ThunderTalk Gaming,53.1,53.6,73.3,48.9,42.1,54.5,5.3,5.4,7.3,4.9,4.2,5.5,0.0,0.0,0.0,500.29721818181815,0.2479300606060606,7.949560606060607,0.0,1.0766363636363636,0.22841212121212123,4.484848484848484,0.5732217573221757,0.2582278481012658,1.7272727272727273,0.297856477166822,0.0,-0.2913815693696318,-0.823155563473735,0.21847069696969695,0.0,0.0,33.0,-0.30323849833827626
yanjee,jng,LPLOL,3,35,0.457,OFFSET Esports,58.6,54.6,46.2,56.5,52.4,54.5,5.9,5.5,4.6,5.7,5.2,5.5,-51.31428571428572,147.28571428571428,5.057142857142857,358.2239714285714,0.16866847428571427,6.014771428571429,0.37142857142857144,1.3681257142857142,0.3488571428571428,7.571428571428571,0.6842105263157895,0.2302025782688766,0.0,0.19500473161614115,-0.7417089464522175,0.0,-0.9726975097755606,0.18896808571428572,897.22854,0.0,35.0,0.05184445979717327
choego,bot,UL,2,28,0.429,Cyberground Gaming|Forsaken,41.0,66.7,62.9,61.7,41.4,54.5,4.1,6.7,6.3,6.2,4.1,5.5,-85.71428571428571,-234.21428571428572,-6.035714285714286,508.2023107142857,0.2520555357142857,8.45089642857143,0.39285714285714285,1.4025142857142858,0.350425,4.821428571428571,0.6576819407008087,0.14921465968586387,0.0,0.2837046827794562,0.0,0.0,-0.8944787551686898,0.2448555357142857,243.21902142857144,0.0,28.0,-0.36582089552238817
Corporal,sup,LCO,15,74,0.527,ORDER,56.4,51.9,49.4,53.4,63.9,54.5,5.6,5.2,4.9,5.3,6.4,5.5,24.472972972972972,64.6891891891892,-1.0675675675675675,161.05416351351352,0.08305409054054054,1.106991891891892,0.013513513513513514,2.537385135135135,0.33624189189189185,12.41891891891892,0.7110047846889952,0.26002055498458376,0.0,0.16775404405200897,-0.22417534722222218,-0.1980454946996465,-0.9688179164895151,0.09056760675675676,401.2266986486486,0.0,74.0,0.1342138778781072
Improve,bot,CBLOLA,3,40,0.45,FURIA Youth,55.1,59.5,45.6,55.5,52.5,54.5,5.5,6.0,4.6,5.5,5.2,5.5,-37.075,37.075,-0.85,534.759885,0.271177775,8.951445,0.925,1.1985899999999998,0.33032,6.95,0.6688,0.18166666666666667,0.0,0.2242833386126069,-0.45838366755254895,-0.8477893210920512,-0.8547739973971913,0.26461125,304.3438175,0.0,40.0,-0.22290844048462763
Slow,sup,LLA,15,39,0.641,Movistar R7,58.5,60.4,46.3,51.7,46.4,54.5,5.8,6.0,4.6,5.2,4.6,5.5,211.69230769230768,22.82051282051282,0.10256410256410256,158.1164358974359,0.0822339641025641,1.2849333333333333,0.0,2.6148589743589743,0.37672051282051283,13.974358974358974,0.7486725663716814,0.2523364485981308,0.0,0.1557727066135357,-0.340245904818545,0.12357298925620896,-1.060118454278103,0.09918754615384615,362.7363641025641,0.0,39.0,0.03192678227360321
Berserker,bot,LCS,1,65,0.615,Cloud9,57.7,43.1,60.3,56.7,60.2,54.5,5.8,4.3,6.0,5.7,6.0,5.5,51.76923076923077,51.87692307692308,4.938461538461539,543.0039876923076,0.2639052769230769,9.363601538461538,0.9538461538461539,1.157266153846154,0.2957215384615385,4.846153846153846,0.6570438799076213,0.16025641025641027,0.0,0.24501902624646307,-0.0835850688668573,-0.36323108656597247,-0.8163249212327535,0.2564205230769231,270.38821230769236,0.0,65.0,0.23718992349841572
Danteh,bot,LCO,15,26,0.5,Dire Wolves,67.2,45.2,56.1,55.8,39.4,54.5,6.7,4.5,5.6,5.6,3.9,5.5,58.69230769230769,127.61538461538461,8.153846153846153,632.8357961538461,0.2884881923076923,9.694303846153845,0.8461538461538461,1.0002153846153847,0.2728653846153846,2.269230769230769,0.6550868486352357,0.16243654822335024,0.0,0.26504530281354316,-0.4267399267399267,-0.6923076923076923,-0.8762338809002876,0.2811179615384615,341.8116615384615,0.0,26.0,-0.48168498168498164
Sherlock,sup,LAS,3,36,0.528,DN SOOPers Academy|Liiv SANDBOX Youth,53.7,57.5,52.6,49.5,59.0,54.5,5.4,5.8,5.3,5.0,5.9,5.5,-23.77777777777778,-10.38888888888889,2.861111111111111,150.01691666666667,0.07523543333333332,1.3002694444444445,0.08333333333333333,2.6378000000000004,0.46882222222222225,14.222222222222221,0.6484517304189436,0.2504317789291883,0.0,0.19234092834726668,-0.10236422726026863,0.0689533654410902,-0.931861843181935,0.09307772222222223,454.6280611111111,0.0,36.0,0.3300237368599526
Strive,mid,LPL,1,87,0.425,Rare Atom,51.4,61.9,52.5,53.4,49.2,54.4,5.1,6.2,5.2,5.3,4.9,5.4,0.0,0.0,0.0,513.9043942528735,0.26052920689655173,8.90009540229885,0.0,1.1759793103448275,0.24816436781609194,5.011494252873563,0.690625,0.16328188464662877,2.310344827586207,0.22325603760720567,-0.002883459689349074,-0.09353041789940829,-0.9527082958575608,0.2378826551724138,0.0,0.0,87.0,-0.27647909586383523
kamilius,sup,LFL,2,73,0.575,GameWard,45.8,55.2,53.8,59.6,68.2,54.4,4.6,5.5,5.4,6.0,6.8,5.4,-71.38356164383562,-72.17808219178082,-4.657534246575342,171.22878493150685,0.07452311506849316,0.8299438356164384,0.0,2.608068493150685,0.30826986301369863,13.95890410958904,0.714410480349345,0.2515090543259557,0.0,0.2701897854503088,-0.33705992960934766,-0.39292946988542793,-0.9565225395278303,0.08768934246575343,375.75954520547947,0.0,73.0,0.48969007987434626
Nukeduck,mid,LEC,1,47,0.489,Excel Esports,56.5,48.5,61.3,50.8,57.7,54.4,5.7,4.8,6.1,5.1,5.8,5.4,21.914893617021278,165.82978723404256,-0.7872340425531915,503.98567872340425,0.24686451063829787,8.483208510638297,0.3617021276595745,1.0894659574468086,0.18242340425531914,4.702127659574468,0.6326194398682042,0.15492957746478872,1.5714285714285714,0.3021235099544405,-0.30786778870526216,-0.6389283179559971,-0.7443324882329163,0.23787406382978724,302.2738382978723,0.0,47.0,0.19800875507153523
eXyu,jng,LCSA,2,86,0.5,Dignitas|Dignitas Academy,44.0,54.3,59.9,59.8,66.0,54.4,4.4,5.4,6.0,6.0,6.6,5.4,-73.36046511627907,-208.82558139534885,-5.523255813953488,296.43216744186043,0.13893751046511627,5.578598837209302,0.18604651162790697,1.3374430232558139,0.32024651162790696,10.63953488372093,0.7027027027027027,0.2342038753159225,0.0,0.2230348258706468,0.09473309241980729,0.0,-0.9089267530370925,0.17804715116279068,808.8356546511627,0.0,86.0,-0.05944111146195128
Vortum,top,LPLOL,3,48,0.604,EGN Esports|GTZ Esports,50.7,56.4,49.4,59.6,59.4,54.4,5.1,5.6,4.9,6.0,5.9,5.4,-126.16666666666667,20.25,-5.729166666666667,503.0492,0.21074131250000003,6.712106250000001,0.4791666666666667,1.0216604166666667,0.15010416666666668,4.125,0.5687426556991775,0.22752808988764045,0.0,0.1816565848862892,-0.15339440036329874,-0.09323333493075191,-0.9551293970171935,0.20739227083333334,780.5136770833333,0.0,48.0,0.003159226408896178
RoseThorn,jng,LCSA,2,75,0.56,CLG Academy|CLG Faith|Counter Logic Gaming,55.7,50.4,58.2,53.8,55.2,54.4,5.6,5.0,5.8,5.4,5.5,5.4,153.06666666666666,102.56,0.8,309.98309066666667,0.141910296,5.683522666666667,0.22666666666666666,1.348468,0.362276,9.013333333333334,0.6684118673647469,0.2464046021093001,0.0,0.19480519480519481,0.35328679510484823,0.0,-0.9963318788161393,0.17511482666666667,847.9137586666667,0.0,75.0,-0.3717788933640277
StarScreen,top,TCL,15,63,0.667,İstanbul Wildcats,42.1,50.9,68.4,61.7,64.7,54.4,4.2,5.1,6.8,6.2,6.5,5.4,-174.95238095238096,-66.06349206349206,-7.746031746031746,421.5598634920635,0.20145277936507935,7.512685714285714,0.1746031746031746,0.9529539682539682,0.17273174603174601,5.396825396825397,0.5390781563126252,0.20666666666666667,0.0,0.18727477008863552,0.5261294341354666,0.6867746377286736,-0.8511050838278323,0.20457825396825396,840.2685476190476,0.0,63.0,0.16039687484319867
Woodboy,sup,CBLOLA,3,41,0.439,INTZ Academy,46.1,59.7,49.4,60.4,62.7,54.4,4.6,6.0,4.9,6.0,6.3,5.4,-95.78048780487805,87.85365853658537,-1.8780487804878048,139.9014780487805,0.06943267804878049,1.112219512195122,0.024390243902439025,2.478448780487805,0.32068536585365853,17.4390243902439,0.6820603907637656,0.19286871961102106,0.0,0.2344647170895757,-0.3440663260387544,-0.5748578039140074,-0.9548394840231951,0.08826251463414633,399.22280731707315,0.0,41.0,0.4280850504452989
hachamecha,jng,LJL,15,63,0.571,Rascal Jester,33.4,65.8,59.8,67.6,57.4,54.4,3.3,6.6,6.0,6.8,5.7,5.4,-404.36507936507934,-339.26984126984127,-9.444444444444445,214.90013492063494,0.11471100634920635,4.898922222222222,0.14285714285714285,1.5226777777777778,0.44377142857142854,10.80952380952381,0.7181705809641533,0.2066115702479339,0.0,0.174485032481311,0.26781987335951063,0.035056068484913036,-0.8848679216190559,0.1576374761904762,793.3730793650794,0.0,63.0,-0.2602508113783887
Lover11,mid,LDL,2,67,0.522,Team Pinnacle,52.4,66.3,40.0,52.9,55.1,54.4,5.2,6.6,4.0,5.3,5.5,5.4,0.0,0.0,0.0,566.8451820895523,0.2847903134328358,8.154414925373136,0.0,1.1327029850746269,0.32261940298507463,4.537313432835821,0.695351137487636,0.2255813953488372,2.029850746268657,0.19484753783290532,-0.7228852216611333,-0.9367240465362832,-0.8800118593138347,0.22199928358208956,0.0,0.0,67.0,-0.2797303027681956
Rito,sup,NEXO,3,30,0.6,seQura ZEST,40.8,62.9,62.8,60.4,51.2,54.4,4.1,6.3,6.3,6.0,5.1,5.4,-266.43333333333334,-300.6,-9.533333333333333,170.98873999999998,0.07943639,0.6325866666666666,0.03333333333333333,2.3788,0.21137333333333333,12.233333333333333,0.7133620689655172,0.14511873350923482,0.0,0.24052060737527114,-0.05127113363519305,-0.02328334648776637,-0.736600646145886,0.09246167666666666,224.41199666666668,0.0,30.0,-0.311489898989899
Sn1lle,jng,NLC Aurora Open,3,20,0.7,Nativz,67.4,39.7,67.9,41.0,53.6,54.4,6.7,4.0,6.8,4.1,5.4,5.4,383.9,166.8,-0.05,399.12604999999996,0.170223935,5.88314,0.5,1.11332,0.227425,4.8,0.6242424242424243,0.2119815668202765,0.0,0.2209702660406886,0.48827131417805,0.7098445595854922,-0.7919574539952585,0.19594265,624.11014,0.0,20.0,0.5305426356589147
Nukes,sup,NLC,2,34,0.529,Cyber Wolves|Riddle Esports,50.9,63.3,42.4,60.7,51.0,54.3,5.1,6.3,4.2,6.1,5.1,5.4,-27.970588235294116,16.61764705882353,0.7058823529411765,167.9525117647059,0.07825165,1.0393882352941175,0.0,2.812897058823529,0.3442176470588235,14.911764705882353,0.6784313725490196,0.2056451612903226,0.0,0.17554490546218487,-0.6533613445378151,-0.3903743315508022,-0.9593674040250804,0.08736754705882353,435.3268676470588,0.0,34.0,0.2086092715231789
Nata,bot,NLC,2,64,0.594,GamerLegion|X7 Esports,56.0,42.8,69.6,56.8,51.4,54.3,5.6,4.3,7.0,5.7,5.1,5.4,119.15625,-43.328125,3.28125,570.8889375,0.246904484375,8.387078125,0.921875,1.06611875,0.246771875,3.578125,0.6722376973073352,0.220536756126021,0.0,0.2771647953211432,0.5786644029428412,0.022071307300509387,-0.8495783197581216,0.2407246875,311.1271046875,0.0,64.0,-0.5690213440824687
SophistSage,bot,UPL,2,39,0.538,Bay State College,75.5,40.5,48.3,48.7,46.7,54.3,7.5,4.0,4.8,4.9,4.7,5.4,470.4102564102564,258.8974358974359,11.538461538461538,672.7933230769231,0.26790302564102564,8.676171794871795,1.435897435897436,0.9053051282051282,0.21694358974358977,2.641025641025641,0.6376262626262627,0.18604651162790697,0.0,0.26804567981038574,-0.07575757575757579,-0.8287220026350461,-1.062718576874134,0.2761609487179487,284.2772333333333,0.0,39.0,0.07353646833013444
Advienne,sup,LVP SL,2,46,0.565,Excel Esports|Giants,40.6,64.2,56.7,62.5,53.0,54.3,4.1,6.4,5.7,6.2,5.3,5.4,-85.71739130434783,-319.8478260869565,-12.021739130434783,157.47999565217393,0.07333680652173913,0.7179217391304348,0.043478260869565216,2.6950826086956523,0.32654130434782613,17.108695652173914,0.6973886328725039,0.19162640901771336,0.0,0.2585404971932639,-0.13546246370800488,-0.46246370800497716,-0.8919212633439937,0.08491596086956521,251.6741239130435,0.0,46.0,0.006711409395973101
Closer,jng,LCS,1,76,0.566,100 Thieves,50.6,46.3,66.7,61.3,54.9,54.3,5.1,4.6,6.7,6.1,5.5,5.4,53.8421052631579,36.94736842105263,-1.131578947368421,255.38550789473686,0.1308791565789474,5.650311842105263,0.13157894736842105,1.3151092105263158,0.35023421052631576,8.460526315789474,0.709915611814346,0.20556227327690446,0.0,0.22935452081793548,-0.046268531233360485,0.288776968624515,-0.7867128518168218,0.17331717105263159,797.7722473684211,0.0,76.0,-0.18784799554565704
Jenkins,top,LCSA,2,67,0.448,CLG Academy|Counter Logic Gaming,48.4,56.5,54.7,54.6,63.0,54.3,4.8,5.7,5.5,5.5,6.3,5.4,-84.04477611940298,-218.55223880597015,-2.4328358208955225,498.31279701492537,0.23093535820895522,8.008305970149253,0.22388059701492538,0.9961865671641791,0.1670985074626866,6.791044776119403,0.5357548240635641,0.20574162679425836,0.0,0.21084866579052625,0.11119979493706685,0.0,-1.0491339631581373,0.23004807462686566,692.2441820895523,0.0,67.0,0.41103967297332633
Jaguar,top,ESLOL,3,44,0.409,Hortus esports|Team 7AM,67.6,47.4,43.3,55.2,49.7,54.3,6.8,4.7,4.3,5.5,5.0,5.4,309.6363636363636,105.3409090909091,5.75,561.9718886363636,0.26421513636363636,7.585154545454546,0.38636363636363635,0.8449090909090909,0.15735681818181818,4.159090909090909,0.5737463126843658,0.25753424657534246,0.0,0.20668349816358186,-0.07061765165513006,-0.4939007013963579,-1.208420035240755,0.23823879545454546,979.242284090909,0.0,44.0,-0.08453836138910487
Bounty,sup,CBLOLA,3,53,0.585,Flamengo Academy|Flamengo MDL|LØS Academy,47.2,52.7,61.5,56.2,63.5,54.3,4.7,5.3,6.2,5.6,6.3,5.4,-39.094339622641506,-90.50943396226415,-0.11320754716981132,154.2234603773585,0.0788837320754717,0.9556075471698113,0.0,2.6286471698113205,0.339777358490566,17.49056603773585,0.6877470355731226,0.2661179698216735,0.0,0.2517662100032688,0.19157261670188072,0.23991880920162367,-0.9355134804357887,0.08602377358490566,442.86105283018867,0.0,53.0,-0.06407450385125184
Skanito,sup,SL (LATAM),3,34,0.412,Club Deportivo Municipal,45.1,59.7,52.9,57.6,63.2,54.3,4.5,6.0,5.3,5.8,6.3,5.4,-88.20588235294117,-114.70588235294117,9.764705882352942,129.81214411764705,0.07157253235294117,1.473841176470588,0.0,2.2723794117647063,0.3118970588235294,15.794117647058824,0.6887550200803213,0.17100977198697068,0.0,0.22529537366548044,-0.004453546583447053,0.0,-1.0311673477050307,0.09938375588235294,378.8137058823529,0.0,34.0,0.90641627543036
cody,mid,LLA,15,41,0.512,inf,56.8,48.7,53.2,54.3,61.5,54.3,5.7,4.9,5.3,5.4,6.2,5.4,38.68292682926829,36.78048780487805,-4.195121951219512,527.9621853658537,0.28471709756097563,8.26099268292683,0.2682926829268293,1.1276268292682927,0.1683048780487805,9.658536585365853,0.6878850102669405,0.21627906976744185,0.0,0.2567224880382776,-0.29851799576570226,-0.8287461773700305,-0.8589016276012378,0.22512248780487804,329.1410536585366,0.0,41.0,0.5422241404114516
RayFarky,top,LJL,15,52,0.423,Burning Core Toyama,59.6,53.9,40.5,65.0,46.0,54.3,6.0,5.4,4.0,6.5,4.6,5.4,328.65384615384613,196.84615384615384,8.01923076923077,439.46565000000004,0.2257419673076923,7.715292307692308,0.34615384615384615,0.8503519230769231,0.15178846153846154,5.865384615384615,0.5960264900662252,0.18676470588235294,0.0,0.146029843444227,-0.4405046417011928,-0.04047158191096257,-1.1862863303345443,0.21365728846153847,741.0644,0.0,52.0,-0.34602537283217477
Jerry,sup,LDL,2,66,0.667,Oh My God|V5 87,46.5,64.9,56.1,47.8,57.0,54.3,4.7,6.5,5.6,4.8,5.7,5.4,0.0,0.0,0.0,148.30267727272727,0.06888603636363635,1.09855,0.0,2.917768181818182,0.3857318181818182,18.196969696969695,0.6689655172413793,0.22577092511013216,0.015151515151515152,0.27456203720426225,-0.25359152337382346,-0.40540700425934695,-0.9279878402253633,0.0919940696969697,0.0,0.0,66.0,-0.09998491363053479
Beige,jng,LDL,2,56,0.446,Invictus Gaming Young|Team Pinnacle,44.0,57.5,63.9,61.2,51.5,54.3,4.4,5.8,6.4,6.1,5.2,5.4,0.0,0.0,0.0,249.20351964285715,0.13380216607142856,5.105339285714286,0.0,1.0533696428571429,0.2457160714285714,7.375,0.697986577181208,0.16288951841359772,9.392857142857142,0.2725563160077853,0.0,0.0,-0.8847583177933587,0.1695305,0.0,0.0,56.0,-0.33617773677736784
705,top,LDL,2,36,0.5,Joy Dream|Weibo Gaming Youth Team,46.9,66.3,58.3,53.0,43.3,54.3,4.7,6.6,5.8,5.3,4.3,5.4,0.0,0.0,0.0,459.6229333333333,0.21692094444444446,7.226302777777779,0.0,1.1102055555555554,0.211025,7.138888888888889,0.5674044265593562,0.23387096774193547,2.2222222222222223,0.2281305762569539,0.0,0.0,-0.950563928664957,0.21028316666666666,0.0,0.0,36.0,-0.2976779374963627
Lekcyc,sup,PGN,3,25,0.56,Cyberground Gaming|Unicorns of Love.CIS,46.4,56.4,58.8,64.2,50.1,54.3,4.6,5.6,5.9,6.4,5.0,5.4,-276.16,-24.32,-1.2,169.46395199999998,0.074416076,1.133152,0.04,2.480304,0.275568,14.4,0.6866485013623979,0.20298507462686566,0.0,0.29718076285240463,-0.2975008558712769,-0.7226977062649778,-0.819392522308406,0.089020584,510.19067199999995,0.0,25.0,-0.02643433914152137
playcool,mid,VCS,15,35,0.343,AS Esports,53.3,48.9,76.9,45.9,49.2,54.3,5.3,4.9,7.7,4.6,4.9,5.4,25.457142857142856,-106.34285714285714,5.828571428571428,485.7096428571429,0.24042200000000002,8.759194285714285,0.45714285714285713,1.0425771428571429,0.22892571428571426,5.942857142857143,0.5851703406813628,0.15719063545150502,0.0,0.38406237610677946,0.0,0.9302033789501328,-0.9274292917271182,0.24295417142857145,380.35951714285716,0.0,35.0,0.10352009448785676
Arrietty,bot,VCS,15,37,0.514,Team Whales,48.0,59.1,56.6,54.1,56.9,54.3,4.8,5.9,5.7,5.4,5.7,5.4,-219.51351351351352,-32.648648648648646,-7.945945945945946,563.0851702702703,0.24413335135135134,8.55611081081081,0.8378378378378378,1.5340486486486486,0.43074054054054056,5.054054054054054,0.6422018348623854,0.19385796545105566,0.0,0.18651392858640878,0.0,0.0,-0.8689534531796952,0.24942675675675677,306.5772837837838,0.0,37.0,0.29461696540701
Gamin,bot,LCKC,2,60,0.35,HANJIN BRION|HANJIN BRION Challengers,43.1,66.6,46.8,63.7,52.0,54.2,4.3,6.7,4.7,6.4,5.2,5.4,-177.78333333333333,-41.15,-0.15,457.77297333333337,0.2432831,9.1624,0.8166666666666667,1.1781966666666668,0.34674666666666665,4.116666666666666,0.7089552238805971,0.14603174603174604,0.0,0.1640769230769231,0.0,0.0,-1.0473223796511464,0.27103113333333334,256.545755,0.0,60.0,-0.09927159209157116
Siler,mid,PGN,3,20,0.45,Case Esports|Cyberground Gaming,54.8,57.5,61.0,49.7,42.9,54.2,5.5,5.8,6.1,5.0,4.3,5.4,55.85,358.85,2.45,517.024245,0.2569163,9.032084999999999,0.2,1.08283,0.221155,5.4,0.6344086021505376,0.19157088122605365,0.0,0.2525898520084567,0.0,0.0,-0.7636049152224815,0.2465239,376.62618499999996,0.0,20.0,-0.2684615384615385
Jool,mid,TCL,15,50,0.56,Dark Passage|Team AURORA,58.6,48.9,53.2,52.7,57.8,54.2,5.9,4.9,5.3,5.3,5.8,5.4,113.34,68.6,5.58,496.3643,0.26589474,8.518092000000001,0.34,1.130112,0.196708,5.62,0.6571428571428571,0.20689655172413793,0.0,0.1958581394499434,-0.3835347809034834,-0.08952829179591398,-0.7732908129844835,0.2339012,399.86235999999997,0.0,50.0,0.024796051968979733
EL,jng,TCL,15,22,0.136,Beşiktaş Esports|Galakticos,43.2,47.8,80.0,57.0,57.2,54.2,4.3,4.8,8.0,5.7,5.7,5.4,-258.72727272727275,-349.3636363636364,-4.5,279.8544318181818,0.1687434090909091,5.2939454545454545,0.13636363636363635,1.254890909090909,0.31339090909090905,10.181818181818182,0.7381974248927039,0.23404255319148937,0.0,0.6970334928229664,0.0,0.0,-0.8059514204716303,0.1859494090909091,732.5470454545455,0.0,22.0,0.7574074074074072
Grevthar,mid,CBLOL,15,65,0.585,RED Canids,43.5,61.4,49.5,57.7,67.1,54.2,4.3,6.1,5.0,5.8,6.7,5.4,-227.8,-275.4,-8.830769230769231,488.02132153846156,0.23301348,7.621873846153846,0.5076923076923077,1.2577938461538463,0.24156923076923076,7.384615384615385,0.6499517839922855,0.16593406593406593,0.0,0.16409867623995658,-0.22960625470987173,-0.030143180105501,-0.8653801697940282,0.21228906153846153,308.4514861538462,0.0,65.0,0.30185655817181595
Hatred,jng,EBL,3,33,0.455,Auxesis Esports|Sector One,50.0,57.2,60.3,55.6,48.4,54.2,5.0,5.7,6.0,5.6,4.8,5.4,-41.515151515151516,-343.6969696969697,-6.181818181818182,354.72082424242427,0.16410534242424243,5.377466666666667,0.45454545454545453,1.2622575757575758,0.2920030303030303,9.636363636363637,0.7157057654075547,0.20226843100189035,0.0,0.1966605563082809,-0.2506379280760311,2.626641869115425,-1.0751857830342442,0.19473857575757575,667.0709939393939,0.0,33.0,-0.0007663794047265674
EXIMUS,jng,LHE,2,53,0.528,Dark Horse|Master Girl|Meta Gaming,44.8,60.0,62.6,57.1,50.4,54.2,4.5,6.0,6.3,5.7,5.0,5.4,-70.22641509433963,-232.24528301886792,-6.3584905660377355,293.12399811320756,0.1465335962264151,5.494301886792452,0.24528301886792453,1.4363867924528302,0.3595113207547169,10.88679245283019,0.6828675577156743,0.2099236641221374,0.0,0.36034433749696687,-0.6154086953410788,-0.40397291761696497,-0.8385901487972155,0.18277824528301886,716.7546811320755,0.0,53.0,-0.39351060281756745
1Curioso,jng,SL (LATAM),3,42,0.476,Instinct Gaming|Maze Gaming,52.8,54.7,52.1,61.0,50.4,54.2,5.3,5.5,5.2,6.1,5.0,5.4,238.16666666666666,-54.30952380952381,-5.619047619047619,303.24756428571425,0.16848624047619049,5.266628571428571,0.38095238095238093,1.162195238095238,0.28778095238095236,11.166666666666666,0.7213114754098361,0.20397111913357402,0.0,0.23041140228016574,-0.34343840463171454,-0.20392409134770031,-0.9901723430197846,0.18653095238095238,757.8338952380952,0.0,42.0,-0.4405601350680306
Paladin,bot,EBL,3,59,0.559,Valiance,58.1,46.2,51.0,55.1,64.6,54.2,5.8,4.6,5.1,5.5,6.5,5.4,187.67796610169492,84.57627118644068,1.271186440677966,560.3746559322035,0.2608894237288136,8.71827118644068,0.7966101694915254,0.9545559322033899,0.22094915254237288,3.7457627118644066,0.6652935118434603,0.189010989010989,0.0,0.20313526976695923,-0.1349562769809769,-0.08137556531570711,-0.8706468163677424,0.25558042372881357,292.7302508474576,0.0,59.0,-0.11686242724804131
Lele,sup,LDL,2,124,0.629,FunPlus Phoenix|FunPlus Phoenix Blaze,51.8,48.6,56.6,48.4,76.8,54.2,5.2,4.9,5.7,4.8,7.7,5.4,0.0,0.0,0.0,173.84788467741936,0.07882545887096774,0.9934685483870968,0.0,2.4049225806451613,0.30760806451612904,10.935483870967742,0.7154944473823374,0.27987616099071205,0.008064516129032258,0.20308520584788414,0.18024595294525544,0.03409808210694315,-0.9878452721906648,0.0917526064516129,0.0,0.0,124.0,0.46281814585256476
xiye,mid,LPL,1,25,0.4,Team WE,48.0,64.2,53.4,58.7,43.5,54.2,4.8,6.4,5.3,5.9,4.3,5.4,0.0,0.0,0.0,461.48692000000005,0.26774222000000003,7.9826,0.0,1.1834479999999998,0.237532,4.44,0.7414965986394558,0.17777777777777778,1.8,0.19820123664980327,0.0,0.0,-0.8707249244841608,0.24066548000000001,0.0,0.0,25.0,-0.008998548621190013
Moham,sup,LCK,1,27,0.333,DN SOOPers|DN SOOPers Challengers,70.2,45.5,47.3,49.7,48.1,54.2,7.0,4.5,4.7,5.0,4.8,5.4,127.66666666666667,120.14814814814815,14.185185185185185,161.92705555555554,0.09077177407407407,1.763988888888889,0.0,2.353803703703704,0.32464074074074073,16.666666666666668,0.6942446043165468,0.2184873949579832,0.0,0.22770448548812666,-0.8276971145010108,0.0,-0.9254293074197412,0.10069493333333333,342.8483111111111,0.0,27.0,0.36828955797565677
Zaiiche,top,NEXO,3,22,0.364,UCAM Esports Academy,43.4,58.2,53.6,64.0,60.5,54.2,4.3,5.8,5.4,6.4,6.0,5.4,-363.27272727272725,-65.13636363636364,-14.954545454545455,454.86541363636366,0.2293921909090909,7.138040909090909,0.45454545454545453,0.8966727272727273,0.098,3.590909090909091,0.5959595959595959,0.16519174041297935,0.0,0.2710366939793374,0.0,-0.7023004059539918,-1.0486501464400708,0.2260767272727273,733.9665227272727,0.0,22.0,1.4035693724812894
Moosey,sup,ESLOL,3,21,0.286,Munster Rugby Gaming|ZennIT,73.5,49.7,46.9,44.3,38.3,54.2,7.3,5.0,4.7,4.4,3.8,5.4,177.33333333333334,-37.95238095238095,-6.0,265.9716142857143,0.09835843333333334,0.7770904761904761,0.14285714285714285,2.423033333333333,0.2138095238095238,7.285714285714286,0.6721763085399449,0.20902612826603326,0.0,0.20685383980181668,-0.36743393009377673,0.16368286445012775,-1.0939549518840583,0.10588618571428572,285.61327619047614,0.0,21.0,-0.41670615311717324
Fanatiik,jng,PGC,2,77,0.766,100 Thieves Next,53.3,47.3,57.6,53.5,66.6,54.1,5.3,4.7,5.8,5.3,6.7,5.4,52.1948051948052,-207.85714285714286,-8.311688311688311,350.07905324675323,0.15051183896103895,5.421398701298701,0.4675324675324675,1.2700324675324677,0.2755194805194805,10.077922077922079,0.6431924882629108,0.2006726457399103,0.0,0.22189749669261036,-0.538641869623355,0.02389109390344906,-0.6939371715933199,0.17531562337662338,748.0025220779221,0.0,77.0,-0.10928341484447084
Nikolex,jng,GLL,3,60,0.533,Team Phantasma,50.5,45.6,66.6,52.8,67.0,54.1,5.0,4.6,6.7,5.3,6.7,5.4,95.03333333333333,-76.23333333333333,-2.683333333333333,339.53963166666665,0.1531959883333333,5.160191666666666,0.25,1.1520366666666668,0.30599666666666664,7.966666666666667,0.6595310907237513,0.22184684684684686,0.0,0.18543478658390372,0.6656339202912764,1.9752236083155446,-0.9705888465940254,0.18332591666666667,824.2514783333334,0.0,60.0,0.18667430030648147
Aeon,bot,LFL2,2,50,0.52,PCS Taran,53.7,55.7,49.9,62.0,47.0,54.1,5.4,5.6,5.0,6.2,4.7,5.4,-31.5,-173.52,-8.04,616.763586,0.28418916,7.959548,0.74,1.112994,0.269324,4.16,0.6738035264483627,0.1590909090909091,0.0,0.24732659048605204,-0.2919018546250433,-0.675843796797604,-0.9073979651041187,0.25246004,285.196962,0.0,50.0,-0.43388775594403106
Twelve,top,LFL2,2,61,0.525,Tony Parker Adéquat Academy,43.3,51.3,63.4,56.6,71.4,54.1,4.3,5.1,6.3,5.7,7.1,5.4,-82.1639344262295,-167.29508196721312,-6.639344262295082,429.5997213114754,0.1874391606557377,7.925101639344262,0.5901639344262295,0.8214229508196721,0.1375032786885246,4.131147540983607,0.5142576204523107,0.16738197424892703,0.0,0.28489278892415515,0.2606649076517153,-0.40842775104764856,-1.0040850184637051,0.2297547704918033,733.6290885245902,0.0,61.0,1.1418167656842682
Crash,jng,TCL,15,36,0.389,All Knights|Fenerbahçe Esports,63.7,49.7,45.7,58.6,44.5,54.1,6.4,5.0,4.6,5.9,4.5,5.4,161.66666666666666,221.19444444444446,10.027777777777779,272.0090916666667,0.14138978055555557,5.882861111111111,0.3333333333333333,1.3257,0.3196444444444444,8.944444444444445,0.715261958997722,0.22309197651663404,0.0,0.17666831133588257,-0.730716922479114,0.0,-0.9599459335144462,0.1837263888888889,791.3723444444445,0.0,36.0,-0.22608426520258898
Umut,mid,TCL,15,26,0.5,Dark Passage,53.1,61.9,48.8,60.8,37.6,54.1,5.3,6.2,4.9,6.1,3.8,5.4,-51.26923076923077,-64.6923076923077,-2.076923076923077,479.8195769230769,0.27304576923076923,8.266623076923077,0.4230769230769231,1.0096461538461539,0.17985769230769233,4.1923076923076925,0.7582417582417582,0.1623931623931624,0.0,0.1832760595647194,-0.27681094749367846,-0.37795626952253447,-0.8448873023258319,0.24005146153846152,231.2391076923077,0.0,26.0,-0.5612813370473538
Pinky,top,GL,3,24,0.208,Aguilas Doradas|Gravity Elite|Mayan Esports,69.6,55.6,32.0,59.3,35.0,54.1,7.0,5.6,3.2,5.9,3.5,5.4,-59.708333333333336,-76.83333333333333,0.3333333333333333,616.3908666666667,0.2987123333333333,7.195208333333333,0.625,0.92165,0.08653333333333334,4.041666666666667,0.6608391608391608,0.22755741127348644,0.0,0.1408436042638241,-0.7271510413878032,0.0,-1.5363029823836833,0.254761,708.0982166666666,0.0,24.0,-0.11681169734415947
Catan,bot,GL,3,32,0.312,Goat Esports|Mayan Esports,60.3,53.4,51.2,50.1,49.1,54.1,6.0,5.3,5.1,5.0,4.9,5.4,50.90625,102.125,5.3125,585.019878125,0.27871009375,8.49720625,0.6875,1.169196875,0.240675,4.65625,0.652073732718894,0.1724137931034483,0.0,0.22901338205520713,-0.07483076662717886,0.0,-0.9828010538412254,0.27054084375,264.225975,0.0,32.0,0.09089192659164716
Chinra,sup,LHE,2,21,0.286,Maze Gaming|Supay Gaming,49.8,52.1,60.6,54.6,59.5,54.1,5.0,5.2,6.1,5.5,6.0,5.4,-84.14285714285714,113.38095238095238,-3.3333333333333335,137.88719523809525,0.07869103333333334,1.2787857142857144,0.047619047619047616,2.341738095238095,0.34983333333333333,12.380952380952381,0.6710526315789473,0.22377622377622378,0.0,0.25426229508196724,0.0,0.0,-0.9291288346641374,0.09295505238095239,392.4617,0.0,21.0,0.8796729788274754
Malice,jng,LCSA,2,39,0.641,Cloud9 Academy,78.7,32.1,53.7,40.1,59.4,54.1,7.9,3.2,5.4,4.0,5.9,5.4,405.28205128205127,750.8974358974359,20.615384615384617,430.7785743589743,0.20459299743589743,7.9767179487179485,0.358974358974359,0.7907589743589744,0.1990871794871795,1.1794871794871795,0.6213592233009708,0.24282982791587,0.0,0.22264224838871718,0.12772298140963778,-0.7628305049851475,-0.9424268085275591,0.2116223076923077,918.9374384615385,0.0,39.0,0.5520865317515702
XinMo,sup,LDL,2,115,0.678,MAX,48.9,58.4,46.1,51.1,72.4,54.1,4.9,5.8,4.6,5.1,7.2,5.4,0.0,0.0,0.0,161.00920347826087,0.07314275826086958,0.9414652173913044,0.0,2.5192043478260873,0.3148991304347826,12.208695652173914,0.6869060190073918,0.21315192743764172,0.017391304347826087,0.17290577207696103,-0.3949372207144228,-0.6985429174548345,-0.8286556658444317,0.09247005565217392,0.0,0.0,115.0,-0.12223741763373706
Xzz,mid,LDL,2,33,0.485,Invictus Gaming Young,41.5,56.8,68.4,58.9,54.2,54.1,4.2,5.7,6.8,5.9,5.4,5.4,0.0,0.0,0.0,478.96789393939395,0.2173993090909091,7.976139393939394,0.0,0.9373484848484849,0.19166363636363637,5.393939393939394,0.6724137931034483,0.17276422764227642,0.7575757575757576,0.3150721957464969,0.0,0.0,-0.7918849323143017,0.21203330303030304,0.0,0.0,33.0,0.2245888974726851
TAKON,sup,LAS,3,24,0.333,Liiv SANDBOX Academy,56.3,57.1,45.3,52.5,55.6,54.1,5.6,5.7,4.5,5.2,5.6,5.4,29.916666666666668,-77.375,-3.125,194.08315833333333,0.09519918333333333,1.4197291666666667,0.0,2.341666666666667,0.37090833333333334,14.875,0.6930091185410334,0.21923937360178972,0.0,0.21909937888198758,0.0,0.0,-1.2698646451247657,0.10457684166666666,428.79305416666665,0.0,24.0,1.1998618068751081
Mianare,bot,GL,3,21,0.571,Braves Rising|Nova Squad,56.6,49.5,51.6,63.2,49.2,54.1,5.7,5.0,5.2,6.3,4.9,5.4,-293.3809523809524,-144.0,3.380952380952381,605.2787142857143,0.2712355238095238,8.410566666666668,1.0952380952380953,0.8786761904761905,0.19175714285714288,2.8095238095238093,0.7100591715976331,0.1792717086834734,0.0,0.21293644529635058,0.0,-0.349709296672954,-0.8893461137412516,0.27066109523809523,344.9305476190476,0.0,21.0,0.3931604417643716
kibah,sup,NLC,2,45,0.578,Astralis Talent,63.3,45.9,58.0,50.1,49.1,54.1,6.3,4.6,5.8,5.0,4.9,5.4,148.88888888888889,-19.22222222222222,2.888888888888889,194.14172444444443,0.08290470222222222,1.1455911111111112,0.044444444444444446,2.38258,0.3094688888888889,11.377777777777778,0.6696428571428571,0.25826771653543307,0.0,0.3348434377081945,-0.26611610994699864,-0.739307284604955,-0.9483703394630003,0.09605957777777778,430.76254000000006,0.0,45.0,-0.12242766734683412
Sive,sup,CBLOL,15,21,0.381,Miners,58.8,63.9,39.1,56.5,37.8,54.1,5.9,6.4,3.9,5.7,3.8,5.4,-143.38095238095238,-76.14285714285714,-5.571428571428571,180.9648380952381,0.09948963333333333,0.8700428571428572,0.047619047619047616,2.6911571428571426,0.40004285714285714,16.142857142857142,0.7450980392156863,0.24509803921568626,0.0,0.1758367167782289,-0.9197211603328086,0.0,-1.1715937239366536,0.09097698571428572,358.3504761904762,0.0,21.0,-0.07770146706221792
Manster,sup,NEXO,3,23,0.609,Herbalife Real Betis|Oxygen Valiants,65.4,50.4,52.8,50.4,40.9,54.1,6.5,5.0,5.3,5.0,4.1,5.4,-47.73913043478261,51.95652173913044,-5.478260869565218,201.4223217391304,0.09928221739130436,1.0386304347826087,0.13043478260869565,1.898508695652174,0.2326695652173913,4.782608695652174,0.7040816326530612,0.174496644295302,0.0,0.2696422918645141,-0.6030246773828389,-0.6374009508716323,-0.8532345461651718,0.10441499565217392,229.8269652173913,0.0,23.0,-0.6455467372134039
Kadir,jng,LVP SL,2,44,0.386,Movistar KOI,58.6,49.4,54.4,55.7,49.4,54.0,5.9,4.9,5.4,5.6,4.9,5.4,141.4090909090909,198.36363636363637,3.7045454545454546,303.99481136363636,0.1516108590909091,5.584234090909091,0.22727272727272727,1.2619295454545456,0.28032954545454547,11.886363636363637,0.6714285714285714,0.21142857142857144,0.0,0.21928878786995756,-0.005560307955517607,-0.6150556030795552,-0.881205059791971,0.18181713636363636,757.5806545454544,0.0,44.0,-0.21167058005043907
Eyhro,mid,NLC,2,36,0.361,NYYRIKKI,49.2,62.9,54.2,54.5,45.5,54.0,4.9,6.3,5.4,5.5,4.5,5.4,-108.11111111111111,-96.47222222222223,3.9166666666666665,536.5925055555556,0.2683654722222222,8.802283333333333,0.2222222222222222,1.2773166666666667,0.21336944444444444,5.083333333333333,0.6658878504672897,0.18740157480314962,0.0,0.26276168975654124,0.0,0.0,-1.087068762776382,0.2485048333333333,365.92331666666666,0.0,36.0,0.06884726984964391
Boukada,jng,LFL2,2,32,0.406,Atletec|UCAM Esports,56.8,57.4,42.3,61.1,46.1,54.0,5.7,5.7,4.2,6.1,4.6,5.4,-37.0625,-26.9375,-0.0625,323.970225,0.151374078125,5.63040625,0.53125,1.31630625,0.310428125,10.125,0.7125,0.2149321266968326,0.0,0.12757107360676367,0.1530207103766497,-0.6394462925206568,-1.090312764316596,0.1868630625,774.5778875,0.0,32.0,0.105142919307025
Xaky,mid,LVP SL,2,26,0.269,UCAM Esports|White Dragons,46.1,64.5,54.8,53.1,51.1,54.0,4.6,6.5,5.5,5.3,5.1,5.4,-153.1153846153846,-80.26923076923077,-1.3846153846153846,473.1411076923077,0.26622761538461537,8.982242307692307,0.5,1.1987038461538462,0.24296923076923077,4.5,0.6438848920863309,0.16119402985074627,0.0,0.30679096264646855,0.0,-0.8255033557046979,-1.0478382301354965,0.2511077692307692,299.9855153846154,0.0,26.0,0.5470085470085472
Teddy,bot,LCK,1,92,0.391,DN SOOPers,42.1,71.5,43.5,64.4,45.6,54.0,4.2,7.2,4.3,6.4,4.6,5.4,-212.3804347826087,-130.34782608695653,-9.945652173913043,496.01222826086956,0.27910728260869566,9.215304347826088,0.5869565217391305,1.6755934782608695,0.4434989130434782,7.75,0.7313278008298755,0.16552399608227228,0.0,0.18783176214648298,-0.38153078202995006,-0.2871880199667221,-0.9498782309840961,0.2737380173913044,254.82357065217388,0.0,92.0,-0.35385411277806533
Malrang,jng,LEC,1,73,0.603,Rogue,37.6,61.4,65.1,63.9,51.1,54.0,3.8,6.1,6.5,6.4,5.1,5.4,-221.93150684931507,-285.1232876712329,-13.931506849315069,276.2941356164384,0.13027280821917808,4.562093150684932,0.1232876712328767,1.7115835616438355,0.44585068493150687,13.054794520547945,0.7289628180039139,0.2518248175182482,5.785714285714286,0.17928689679428997,0.21715871955398844,1.4455110056533738,-0.9393258572830399,0.1538947123287671,745.5853410958904,0.0,73.0,-0.08782671955856308
Mikkel,mid,ESLOL,3,29,0.517,LowLandLions|Sector One,65.3,42.8,61.2,47.8,48.3,54.0,6.5,4.3,6.1,4.8,4.8,5.4,152.31034482758622,200.31034482758622,9.379310344827585,551.8294448275863,0.25532437931034485,9.047031034482758,0.7931034482758621,0.7261068965517241,0.13165172413793103,4.344827586206897,0.6345291479820628,0.1746031746031746,0.0,0.28731555051078317,0.0,0.0,-0.8460771868745139,0.2550078965517241,335.68734137931034,0.0,29.0,-0.06289985052316875
Alan,mid,LFL2,2,45,0.489,Lille Esport,62.0,56.9,41.5,52.4,46.3,54.0,6.2,5.7,4.2,5.2,4.6,5.4,68.15555555555555,43.86666666666667,5.488888888888889,579.2226533333334,0.26289164444444446,8.818933333333332,0.7333333333333333,1.0509333333333333,0.24219555555555555,4.4,0.6586466165413534,0.19310344827586207,0.0,0.19344274552319715,-0.1459816004165943,-0.5000867904877625,-1.1169519450818746,0.25047708888888887,361.38483333333335,0.0,45.0,-0.01768628587996527
Six10,mid,PGN,3,42,0.5,Cyberground Gaming|GGEsports,56.4,49.1,58.3,53.8,53.1,54.0,5.6,4.9,5.8,5.4,5.3,5.4,112.28571428571429,-72.69047619047619,8.619047619047619,563.7665523809524,0.2568936666666667,8.832888095238095,0.35714285714285715,0.9392428571428572,0.18522857142857144,4.714285714285714,0.6449612403100775,0.20679012345679013,0.0,0.23280526444065316,-0.1469344012634667,1.108409949799763,-0.9419551451120672,0.24742845238095237,487.8828880952381,0.0,42.0,-0.08183541903678403
Scorth,bot,TCL,15,50,0.56,Dark Passage,45.5,54.6,53.4,63.0,62.5,54.0,4.5,5.5,5.3,6.3,6.2,5.4,-134.44,-35.96,-9.68,483.19489999999996,0.260087062,8.173184,0.88,1.08345,0.309212,4.86,0.7215909090909091,0.1646153846153846,0.0,0.20953099459323524,-0.316635647121656,-0.5446034083736587,-0.8074439467568308,0.25316081,261.773234,0.0,50.0,0.23586981260905868
Emarlin,mid,EL,3,27,0.259,Vandals Esports,44.5,65.9,51.8,58.3,49.3,54.0,4.5,6.6,5.2,5.8,4.9,5.4,-240.77777777777777,68.44444444444444,-3.5555555555555554,477.9699814814815,0.2581748148148148,7.932503703703704,0.37037037037037035,1.2792296296296297,0.17663333333333334,8.88888888888889,0.6487252124645893,0.1543340380549683,0.0,0.25075555555555556,0.0,0.0,-1.0385428122313036,0.23691696296296297,382.46940740740746,0.0,27.0,0.426859019469857
Kafuu,sup,UPL,2,21,0.524,Last Resistance,55.4,43.5,66.3,59.0,50.2,54.0,5.5,4.3,6.6,5.9,5.0,5.4,-177.57142857142858,75.28571428571429,-2.238095238095238,184.81108571428572,0.08841389047619048,0.9229476190476191,0.047619047619047616,1.9242000000000001,0.1903,5.428571428571429,0.702020202020202,0.1989100817438692,0.0,0.29323929212618616,-0.14882887665052072,0.0,-0.7799887734568998,0.09991080952380951,448.34270000000004,0.0,21.0,0.1691678379947985
Phuc1,jng,VCS,15,44,0.523,CERBERUS Esports|Team Flash,48.9,70.9,39.7,55.4,47.7,54.0,4.9,7.1,4.0,5.5,4.8,5.4,28.970588235294116,-222.55882352941177,-8.764705882352942,305.5111795454545,0.15264732954545454,4.949593181818181,0.2727272727272727,1.4694590909090908,0.3713454545454545,16.568181818181817,0.7140718562874252,0.23051409618573798,14.3,0.1814273892811469,-0.7802095116313382,-0.9546304037771111,-0.9551830242434856,0.17257056818181818,690.4990882352942,0.0,44.0,-0.23381064329985043
kyeahoo,mid,LAS,3,60,0.517,DRX Academy,55.5,55.8,44.6,50.8,63.2,54.0,5.5,5.6,4.5,5.1,6.3,5.4,-23.216666666666665,15.683333333333334,2.45,557.069885,0.25565118333333336,8.235991666666667,0.5666666666666667,1.1051316666666666,0.21197166666666664,4.616666666666666,0.6147186147186147,0.1875,0.0,0.1920365915644193,-0.39303930393039305,-0.3747050380713747,-0.9138472867889975,0.22878788333333333,351.08187333333336,0.0,60.0,-0.14297955686130498
FlickeR,bot,LPLOL,3,22,0.5,GTZ Esports,59.2,54.1,44.3,63.4,41.3,54.0,5.9,5.4,4.4,6.3,4.1,5.4,154.86363636363637,-108.04545454545455,3.8181818181818183,556.728040909091,0.2620280909090909,7.822663636363637,1.2272727272727273,0.8601818181818182,0.26599545454545453,0.3181818181818182,0.6773255813953488,0.15083798882681565,0.0,0.20844327176781005,-0.718358038768529,0.0,-0.8974921305965597,0.24657572727272728,293.9189818181818,0.0,22.0,-0.28464419475655434
Zaki,sup,HC,3,30,0.567,IKISEQ|IKISEQ Gaming,47.9,58.5,54.6,54.8,58.0,54.0,4.8,5.8,5.5,5.5,5.8,5.4,-250.4,-63.833333333333336,0.36666666666666664,171.77939999999998,0.08022792333333334,1.12602,0.03333333333333333,2.560286666666667,0.2687,10.466666666666667,0.6894117647058824,0.1978021978021978,0.0,0.20212729041830976,-0.2366571491324401,-0.21282670766527562,-0.8029609743856863,0.09607419666666667,345.2453266666667,0.0,30.0,0.29106989401317657
Chrisberg,bot,NLC,2,63,0.508,Astralis Talent,68.5,40.8,50.6,50.2,55.1,53.9,6.8,4.1,5.1,5.0,5.5,5.4,241.57142857142858,133.47619047619048,-0.49206349206349204,651.0879333333334,0.2861088095238095,8.80055238095238,0.9206349206349206,0.9197952380952381,0.29408253968253967,1.3650793650793651,0.6714697406340058,0.2253052164261931,0.0,0.25021396520396755,-0.2035010158239619,-0.6358485706927632,-0.9377453267657992,0.27126138095238095,335.67688571428573,0.0,63.0,-0.15171818694403139
Disconnector,top,UPL,2,36,0.583,Illinois State University,51.8,49.7,61.0,53.9,59.0,53.9,5.2,5.0,6.1,5.4,5.9,5.4,-321.77777777777777,-238.83333333333334,-8.416666666666666,554.5169694444444,0.21961130555555555,7.248477777777778,0.7777777777777778,0.9116694444444445,0.1780027777777778,4.0,0.45544554455445546,0.1856115107913669,0.0,0.2563274787266823,-0.16850531856563222,0.0,-0.8901266222690155,0.20688752777777777,890.4874805555555,0.0,36.0,0.6254433423504658
Meech,bot,LCSA,2,78,0.551,CLG Academy|Immortals Area of Effect,70.1,38.6,49.9,51.8,54.8,53.9,7.0,3.9,5.0,5.2,5.5,5.4,127.6923076923077,198.47435897435898,6.641025641025641,654.2112435897436,0.27322539358974357,9.104533333333332,1.1794871794871795,0.7661282051282051,0.20568076923076922,0.34615384615384615,0.6260223048327137,0.1719242902208202,0.0,0.1796094908551656,-0.09061616448011701,0.0,-0.9578198929643424,0.27022878205128203,344.5014423076923,0.0,78.0,-0.5066816937691194
Delight,sup,LCK,1,87,0.368,HANJIN BRION,39.8,70.4,51.2,60.4,48.6,53.9,4.0,7.0,5.1,6.0,4.9,5.4,-64.86206896551724,-106.28735632183908,-2.8045977011494254,122.39508505747126,0.07210674367816092,1.191451724137931,0.011494252873563218,3.0444839080459767,0.49932758620689655,19.839080459770116,0.7086705202312139,0.23420796890184645,0.0,0.25321669028310695,-0.6625501249491487,0.0,-0.9659460907236134,0.08798394252873563,392.38504482758617,0.0,87.0,-0.30474530199356065
Moutarde,mid,LFL2,2,72,0.542,Team MCES,49.7,49.9,63.4,57.8,55.1,53.9,5.0,5.0,6.3,5.8,5.5,5.4,-224.59722222222223,-126.98611111111111,-9.51388888888889,610.9303833333333,0.27286876388888887,8.007241666666665,0.5833333333333334,0.9509527777777778,0.15439583333333334,5.041666666666667,0.6576576576576577,0.18468468468468469,0.0,0.2504276474407153,0.32117574811345295,0.2961384335154827,-0.9361121141037925,0.23468580555555554,392.0990708333333,0.0,72.0,-0.2995124892155131
6ax,mid,EBL,3,32,0.469,Axolotl|Split Raiders,44.2,51.5,69.7,57.1,58.2,53.9,4.4,5.2,7.0,5.7,5.8,5.4,-38.09375,8.0625,-2.8125,470.64943125,0.236120184375,7.644628125,0.375,1.034196875,0.15838125,5.03125,0.6430062630480167,0.19172113289760348,0.0,0.3733230134158927,0.44441690420126434,-0.6356425827240054,-0.8023908683960208,0.21671590625,351.449278125,0.0,32.0,0.4238047808764939
k1ng,bot,LCSA,2,90,0.589,Cloud9|Cloud9 Academy,52.0,51.7,48.5,52.4,72.3,53.9,5.2,5.2,4.8,5.2,7.2,5.4,-89.35555555555555,-45.74444444444445,5.855555555555555,537.6977822222223,0.2524078922222222,9.70385888888889,0.8666666666666667,1.084002222222222,0.3352211111111111,2.6666666666666665,0.6305779078273592,0.16873889875666073,0.0,0.1916857437481594,0.03268021581274603,-0.8286073587278407,-0.8747126397917412,0.2644768,282.73076333333336,0.0,90.0,0.42668921299232015
Cosmoz,mid,LHE,2,39,0.308,Rebirth eSports,44.0,60.2,60.7,64.7,41.4,53.9,4.4,6.0,6.1,6.5,4.1,5.4,-148.0,-78.0,-3.4358974358974357,445.75660256410254,0.26851510256410255,7.558223076923077,0.4358974358974359,0.987971794871795,0.21142051282051283,6.6923076923076925,0.7252964426877471,0.1880064829821718,0.0,0.28965150305932424,0.0,-0.24623115577889448,-0.9265719219208747,0.2310412564102564,333.45945384615385,0.0,39.0,-0.49963115963411037
Gavotto,bot,LLA,15,63,0.524,Isurus,54.4,53.0,49.8,53.1,60.9,53.9,5.4,5.3,5.0,5.3,6.1,5.4,143.68253968253967,-0.8571428571428571,-0.5079365079365079,537.8183857142857,0.26063748095238093,8.820226984126984,0.7777777777777778,1.2497301587301588,0.38526190476190475,5.158730158730159,0.6733021077283372,0.19042316258351893,0.0,0.18230288836846212,-0.14100215923071127,-0.4541749311640596,-0.9146949519261871,0.263005,284.2871,0.0,63.0,-0.023743551685584043
Aspire,top,LDL,2,72,0.528,Top Esports Challenger,44.7,64.8,49.1,52.0,62.6,53.9,4.5,6.5,4.9,5.2,6.3,5.4,0.0,0.0,0.0,440.8939236111111,0.2061848888888889,8.700056944444444,0.0,0.7963069444444444,0.17780138888888888,1.8055555555555556,0.5093283582089553,0.12641673931996514,3.3472222222222223,0.21824900464840513,-0.6022716863607218,-0.3331501328203719,-0.8991517065959664,0.2358950277777778,0.0,0.0,72.0,0.04660834132310641
DNA,mid,PGC,2,41,0.488,Ginger Turmeric|Grand View University|Team Ambition,67.2,34.6,72.1,43.7,52.0,53.9,6.7,3.5,7.2,4.4,5.2,5.4,195.3170731707317,-18.585365853658537,9.829268292682928,679.8845731707318,0.2712099756097561,8.04140487804878,0.43902439024390244,0.8575024390243903,0.10140731707317073,3.5365853658536586,0.5718120805369128,0.23316062176165803,0.0,0.33478253456771184,0.20782049166804165,0.0,-0.7673957586174842,0.22668365853658534,338.2835853658537,0.0,41.0,-0.09537092153573437
Kandar,sup,NEXO,3,28,0.679,QLASH Spain,50.9,46.5,78.0,47.3,53.8,53.9,5.1,4.7,7.8,4.7,5.4,5.4,114.92857142857143,144.07142857142858,1.8571428571428572,140.39724642857144,0.067770675,1.0547428571428572,0.0,2.4616499999999997,0.3153821428571429,12.892857142857142,0.6102783725910065,0.22413793103448276,0.0,0.5037878787878789,0.15606166783461822,0.5767344078486337,-0.802133811746704,0.08857561785714285,406.4878178571429,0.0,28.0,0.081723295580724
Hunter,top,NEXO,3,31,0.581,ECORP|Phlox Gaming,65.6,40.6,53.8,53.6,53.8,53.9,6.6,4.1,5.4,5.4,5.4,5.4,588.0967741935484,130.0,6.032258064516129,512.2683483870968,0.24099183870967741,7.7274419354838715,0.3548387096774194,0.7359354838709677,0.09981935483870967,1.6451612903225807,0.5364963503649635,0.22146118721461186,0.0,0.2668692759456241,-0.21165153147606602,-0.6363706325996614,-0.9583689891714761,0.2242317419354839,821.8588322580646,0.0,31.0,0.3533121410992617
Shernfire,jng,LFL,2,40,0.4,Team Oplon,51.0,53.5,50.2,54.4,66.2,53.9,5.1,5.3,5.0,5.4,6.6,5.4,-99.975,19.8,4.3,330.42841250000004,0.15163242,5.6370325,0.025,1.4150575,0.4353625,8.075,0.6765285996055227,0.27121464226289516,0.0,0.15296407708008822,0.5729258700360444,-0.07295714520278043,-1.2154255696659968,0.17308267500000002,995.9169125000001,0.0,40.0,1.3063029449923256
hulatang,top,LDL,2,55,0.6,Joy Dream,55.0,51.4,63.1,46.6,54.3,53.9,5.5,5.1,6.3,4.7,5.4,5.4,0.0,0.0,0.0,555.9502054545454,0.23384474545454545,7.5543618181818175,0.0,0.94238,0.15821090909090907,5.454545454545454,0.5267349260523322,0.24856321839080459,2.9272727272727272,0.2534533671020471,0.1135590679788292,0.22479738670195185,-0.9676958878302441,0.21074465454545455,0.0,0.0,55.0,0.015476282972689586
Hylissang,sup,LEC,1,74,0.568,Fnatic,57.6,52.6,53.3,52.1,49.8,53.8,5.8,5.3,5.3,5.2,5.0,5.4,39.2972972972973,73.5,-0.7432432432432432,151.8032891891892,0.07029720405405405,0.9595364864864866,0.04054054054054054,2.7316216216216214,0.3751418918918919,12.797297297297296,0.7035532994923858,0.25661914460285135,0.0,0.18085273725553064,0.027013766111846225,-0.029862829535399812,-0.937842940261434,0.09263056621621621,317.54715675675675,0.0,74.0,-0.12057620251823792
White,jng,LFL2,2,61,0.525,Tony Parker Adéquat Academy,49.3,47.8,56.8,64.5,60.0,53.8,4.9,4.8,5.7,6.5,6.0,5.4,-28.918032786885245,-18.0327868852459,-1.639344262295082,309.6013950819672,0.13485735737704918,4.847304918032787,0.22950819672131148,1.2105311475409837,0.2579032786885246,11.60655737704918,0.7168141592920354,0.24678111587982832,0.0,0.22671160303458898,-0.09376665825173051,0.332327969918818,-1.027550265561837,0.16327786885245904,864.0789180327869,0.0,61.0,0.2350761617974891
Cospect,sup,PGN,3,52,0.5,Atleta Esport|Goskilla,46.2,66.1,44.9,54.0,57.6,53.8,4.6,6.6,4.5,5.4,5.8,5.4,-23.78846153846154,-83.46153846153847,0.23076923076923078,149.93709615384617,0.07342260384615384,1.1813365384615384,0.0,2.889413461538462,0.49867500000000003,12.326923076923077,0.6573248407643312,0.2349799732977303,0.0,0.20645098106990192,-0.2944970189930151,-0.5759209236007917,-1.0481994444453246,0.0924999076923077,483.3698480769231,0.0,52.0,-0.26679632541587356
Neramin,bot,TCL,15,36,0.417,Galakticos|SuperMassive Blaze,55.6,49.0,62.5,56.4,44.8,53.8,5.6,4.9,6.2,5.6,4.5,5.4,147.97222222222223,-22.694444444444443,2.611111111111111,482.7281194444444,0.2615401388888889,9.208594444444445,1.1666666666666667,0.8631555555555556,0.24827499999999997,2.5,0.734375,0.15476190476190477,0.0,0.24878419452887535,0.0,0.0,-0.9314461793163543,0.28411261111111114,233.975475,0.0,36.0,-0.2709413369713507
androM,mid,SL (LATAM),3,48,0.438,Diamond Doves|Wolf Club Esports,47.5,53.1,77.2,48.3,47.5,53.8,4.8,5.3,7.7,4.8,4.8,5.4,-235.25,-103.39583333333333,-1.125,509.68658125,0.266531,7.679770833333333,0.5416666666666666,1.0452854166666667,0.21305416666666666,4.916666666666667,0.6059743954480796,0.18860759493670887,0.0,0.2975031928480204,1.6174450052789144,2.0599626860275078,-1.0744135017198653,0.22595522916666666,303.87088958333334,0.0,48.0,-0.4796673829429929
Alex Mercer,mid,SL (LATAM),3,21,0.619,Incubus,53.4,59.8,43.8,62.2,43.9,53.8,5.3,6.0,4.4,6.2,4.4,5.4,-69.33333333333333,212.38095238095238,-9.952380952380953,568.3587,0.27063108571428574,7.213442857142858,0.38095238095238093,1.0754095238095238,0.15836190476190476,9.571428571428571,0.6824512534818942,0.17301038062283736,0.0,0.15843986054619408,-0.28225721784776897,-0.7459317585301837,-0.832163917571036,0.2076530476190476,248.70416190476192,0.0,21.0,-0.10352738743905923
Mikyx,sup,LEC,1,42,0.5,Excel Esports,40.2,66.2,59.8,57.3,48.5,53.8,4.0,6.6,6.0,5.7,4.8,5.4,-157.04761904761904,-100.45238095238095,-5.595238095238095,155.80926190476188,0.0765406642857143,0.8799571428571428,0.0,3.134297619047619,0.4413285714285714,19.428571428571427,0.7242647058823529,0.2764084507042254,0.0,0.20418741113758163,0.5646560087489783,-0.03196787337500088,-1.0579868808427584,0.08945115952380953,361.4638785714286,0.0,42.0,0.3777898799072308
Marzo,bot,HC,3,30,0.467,Inside Games|Inside Games Challengers,46.9,56.4,56.9,61.6,50.6,53.8,4.7,5.6,5.7,6.2,5.1,5.4,-34.63333333333333,122.1,-5.9,474.33716333333336,0.23595793333333331,7.36596,0.8333333333333334,1.0313633333333334,0.2155,4.366666666666666,0.6869565217391305,0.15151515151515152,0.0,0.22103846153846152,0.0,0.0,-0.8141046966350973,0.24727523333333332,249.15515,0.0,30.0,-0.014146341463414636
Pridestalkr,jng,LCS,1,33,0.394,Golden Guardians,70.5,38.2,58.3,50.3,44.5,53.8,7.0,3.8,5.8,5.0,4.5,5.4,190.66666666666666,239.03030303030303,6.96969696969697,307.02518484848486,0.15925617272727274,7.092296969696969,0.18181818181818182,1.1434909090909091,0.26572727272727276,9.484848484848484,0.6740331491712708,0.17873303167420815,0.0,0.27276485788113697,-0.5946969696969697,0.0,-0.8972982255278038,0.20034845454545455,827.3136424242424,0.0,33.0,0.032420296362819956
Aquasonic,top,LMF,2,44,0.477,River Plate Gaming,49.5,64.4,42.7,61.1,46.4,53.8,5.0,6.4,4.3,6.1,4.6,5.4,271.65909090909093,214.13636363636363,8.227272727272727,357.63434545454544,0.1937605840909091,7.796740909090909,0.20454545454545456,0.99745,0.20906818181818182,9.227272727272727,0.5494137353433836,0.18488745980707397,0.0,0.21155049929095449,-0.5996037189452827,-0.881572930955647,-1.0004196876453155,0.21961763636363638,728.6204909090909,0.0,44.0,-0.1839234252778921
XuHao,sup,VCS,15,84,0.571,Team Secret,64.6,42.2,49.9,47.2,66.2,53.8,6.5,4.2,5.0,4.7,6.6,5.4,6.916666666666667,78.21428571428571,2.238095238095238,195.7955107142857,0.08723811428571429,1.3682309523809524,0.011904761904761904,2.236782142857143,0.260625,13.238095238095237,0.6456634544106745,0.2203659506762132,0.0,0.20499861386560894,-0.27727126390239526,-0.637102261223975,-0.9694585018050077,0.1004406761904762,447.36857142857144,0.0,84.0,0.02158426607330027
Biob,sup,VCS,15,44,0.341,Genius Esports,61.7,51.3,53.2,50.9,44.4,53.8,6.2,5.1,5.3,5.1,4.4,5.4,6.181818181818182,-138.63636363636363,9.295454545454545,185.45725227272726,0.08843040227272726,1.8250727272727274,0.0,2.311806818181818,0.33889318181818184,11.522727272727273,0.6575809199318569,0.19975186104218362,0.0,0.22456474186836445,0.0,-0.32314454100489465,-1.1388808353573776,0.10237656363636365,471.6834159090909,0.0,44.0,-0.17140665241931072
Raptor,jng,LCKC,2,45,0.422,HANJIN BRION|HANJIN BRION Challengers,46.6,64.2,46.8,58.1,52.0,53.7,4.7,6.4,4.7,5.8,5.2,5.4,-66.95555555555555,-90.71111111111111,-3.511111111111111,282.0723622222222,0.14680166444444445,5.3171711111111115,0.2222222222222222,1.5808111111111112,0.46106222222222226,11.044444444444444,0.7036363636363636,0.26112759643916916,0.0,0.1556402758780894,0.0,0.0,-1.096550381381651,0.17085346666666665,727.6360688888889,0.0,45.0,0.19927822595969702
Feisty,mid,LCKC,2,66,0.333,HANJIN BRION|HANJIN BRION Challengers,42.9,62.9,49.3,66.2,49.8,53.7,4.3,6.3,4.9,6.6,5.0,5.4,-163.25757575757575,-193.43939393939394,-1.4696969696969697,483.55674242424243,0.26081119696969696,8.224078787878788,0.3484848484848485,1.002207575757576,0.2262848484848485,6.53030303030303,0.7122905027932961,0.17105263157894737,0.0,0.2088581024349286,0.0,0.0,-1.0542580837367852,0.2265862424242424,345.1947893939394,0.0,66.0,-0.31234382808595695
sanghyeon,sup,LCKC,2,91,0.637,T1 Esports Academy,49.6,50.2,49.9,58.0,71.1,53.7,5.0,5.0,5.0,5.8,7.1,5.4,6.558441558441558,-137.4805194805195,2.116883116883117,171.80270769230768,0.07652587252747252,1.0396703296703296,0.0,2.4192769230769233,0.2782087912087912,14.637362637362637,0.6858407079646017,0.23090128755364808,0.0,0.21959055067445632,-0.1657215539059095,-0.6824883053681452,-0.92746001848159,0.09060604285714285,455.660025974026,0.0,91.0,0.34344137671623926
Badlyyga,jng,UL,2,56,0.446,Gentlemen's Gaming,35.7,59.6,68.0,60.0,58.8,53.7,3.6,6.0,6.8,6.0,5.9,5.4,-471.8392857142857,-338.07142857142856,-6.0,261.13568928571425,0.12799866607142857,5.2353375,0.16071428571428573,1.3641017857142859,0.36660892857142857,10.732142857142858,0.684053651266766,0.20304017372421282,0.0,0.20702762732513305,0.51435307169602,1.0734988212453196,-1.0150431010514807,0.17538221428571427,730.9652196428572,0.0,56.0,0.25301866081229407
Tian,jng,LPL,1,117,0.65,Top Esports,42.5,54.2,66.1,51.8,67.0,53.7,4.2,5.4,6.6,5.2,6.7,5.4,-300.0,-82.33333333333333,1.1666666666666667,276.09063333333336,0.13180438547008547,5.446112820512821,0.0,1.5901581196581196,0.42921367521367526,12.863247863247864,0.6716417910447762,0.23616523772408418,11.81081081081081,0.23303281247833357,-0.025873493131509707,0.19886427765533013,-0.8132059343454318,0.17033835897435898,826.08235,0.0,117.0,-0.03833970173705079
Finn,top,LEC,1,47,0.489,Excel Esports,45.7,66.4,49.2,56.7,48.5,53.7,4.6,6.6,4.9,5.7,4.8,5.4,-232.95744680851064,-56.48936170212766,-8.76595744680851,472.75255531914894,0.2346096170212766,8.052648936170213,0.2978723404255319,1.204104255319149,0.17888936170212766,7.148936170212766,0.5766062602965404,0.2112676056338028,4.0,0.21462188333071974,-0.39544340023401564,-0.7046706265510997,-0.9253998714047141,0.23290021276595746,714.3250638297872,0.0,47.0,0.039085865733817546
Patrik,bot,LEC,1,47,0.489,Excel Esports,63.8,48.9,42.5,57.2,48.9,53.7,6.4,4.9,4.2,5.7,4.9,5.4,46.06382978723404,38.12765957446808,-2.74468085106383,608.0010212765957,0.2977452765957447,9.021529787234043,0.9574468085106383,1.1776574468085106,0.28261489361702125,5.723404255319149,0.6902800658978583,0.1752738654147105,4.285714285714286,0.1708600326674205,-0.28946003660768754,-0.7389795607077486,-0.8859794143283871,0.2727128936170213,329.39001489361704,0.0,47.0,0.09523809523809526
Endz,bot,PGN,3,47,0.553,Atleta Esport,63.6,47.2,48.9,48.0,56.7,53.7,6.4,4.7,4.9,4.8,5.7,5.4,452.93617021276594,129.2127659574468,9.27659574468085,558.6133936170213,0.2615198510638298,9.116121276595745,0.8297872340425532,0.9528361702127659,0.2579872340425532,2.9148936170212765,0.6635761589403973,0.19316493313521546,0.0,0.1972490073737947,0.021628323460531833,-0.7251687560270008,-0.8671672990723369,0.27337597872340424,252.54683404255317,0.0,47.0,-0.19848289158430674
ceo,bot,LLA,15,51,0.588,Movistar R7,58.1,55.3,45.8,53.0,50.8,53.7,5.8,5.5,4.6,5.3,5.1,5.4,-204.2156862745098,-174.4313725490196,-4.882352941176471,591.9719843137254,0.29475874509803923,8.507613725490197,1.196078431372549,1.3594901960784314,0.3478333333333333,5.254901960784314,0.7276536312849162,0.20616883116883117,0.0,0.1882468406301539,-0.5472572142595182,-0.36371831469597127,-0.9265706876880562,0.265099862745098,244.58369411764707,0.0,51.0,-0.2762820688593263
shibi,jng,HC,3,28,0.429,Inside Games Challengers,48.5,64.7,48.5,59.3,42.2,53.7,4.8,6.5,4.8,5.9,4.2,5.4,135.96428571428572,-122.5,2.0,267.76714285714286,0.1491431357142857,5.840367857142858,0.39285714285714285,1.3691892857142858,0.4290107142857143,8.464285714285714,0.6978609625668449,0.20155038759689922,0.0,0.18613382899628256,0.0,0.0,-1.0768040322988959,0.19290382142857143,843.8001571428571,0.0,28.0,-0.38390450519830566
Ariana,mid,UL,2,46,0.478,Gentlemen's Gaming,57.1,42.7,58.1,57.8,58.0,53.7,5.7,4.3,5.8,5.8,5.8,5.4,-187.52173913043478,95.71739130434783,-3.108695652173913,571.8499782608695,0.28790265217391303,8.446834782608695,0.6739130434782609,0.6610782608695652,0.11814347826086956,1.5434782608695652,0.6666666666666666,0.1752136752136752,0.0,0.2520112074921317,-0.19398197056130712,-0.0914148883724207,-0.8390679465964722,0.2425587391304348,378.9597043478261,0.0,46.0,0.24256008641641924
Juzu,top,TCL,15,33,0.515,SuperMassive Blaze,45.5,59.5,52.8,63.1,50.5,53.7,4.5,6.0,5.3,6.3,5.0,5.4,-221.9090909090909,-103.66666666666667,-5.393939393939394,413.1326424242424,0.2445430303030303,8.002927272727273,0.21212121212121213,0.9564787878787879,0.18905454545454548,5.696969696969697,0.6286472148541115,0.2175141242937853,0.0,0.1602551358515573,-0.32816537467700246,0.48510811913504703,-0.9037867547429188,0.22477760606060607,734.0633303030303,0.0,33.0,0.13404833746601713
Massu,bot,PGC,2,31,0.516,Team Pending,49.7,62.4,47.9,63.1,40.3,53.7,5.0,6.2,4.8,6.3,4.0,5.4,-18.741935483870968,-51.83870967741935,-17.93548387096774,624.9732064516129,0.2452280580645161,6.399941935483871,0.9354838709677419,1.3985548387096776,0.31613225806451617,2.806451612903226,0.7072164948453609,0.19498069498069498,0.0,0.20515641113784805,-0.557258064516129,0.0,-0.9188565176644111,0.24626745161290323,296.20025161290323,0.0,31.0,-0.4990046449900464
Cerecof,sup,LFL2,2,28,0.286,FC Nantes Esports,56.8,61.6,37.4,61.9,40.0,53.7,5.7,6.2,3.7,6.2,4.0,5.4,-168.75,22.142857142857142,3.2142857142857144,171.17785,0.08685419285714287,1.1525035714285714,0.07142857142857142,2.5120535714285714,0.31057142857142855,15.321428571428571,0.7425742574257426,0.2157303370786517,0.0,0.1859447528159185,-0.6521659992719331,-0.20288041499817977,-1.2729388427924508,0.09746269285714286,343.9472928571428,0.0,28.0,0.02868060238255786
Solo,top,LCS,1,27,0.444,TSM|TSM Academy,49.0,44.9,65.3,59.2,61.3,53.7,4.9,4.5,6.5,5.9,6.1,5.4,-64.03703703703704,220.5185185185185,5.185185185185185,445.8575111111111,0.2155528148148148,7.82124074074074,0.037037037037037035,0.974337037037037,0.17950370370370372,4.37037037037037,0.5294117647058824,0.20052770448548812,0.0,0.1463756819953235,0.6454457050243112,1.7690437601296598,-1.1004633933330155,0.21037666666666668,1022.4865592592593,0.0,27.0,1.1877122324883516
Gryffinn,jng,PGC,2,41,0.61,No Org|No Team,77.6,37.6,49.6,44.0,46.4,53.6,7.8,3.8,5.0,4.4,4.6,5.4,452.6341463414634,245.46341463414635,5.7560975609756095,504.6151048780488,0.21737684390243903,6.298480487804879,0.4146341463414634,1.1331243902439025,0.2045341463414634,8.341463414634147,0.664490861618799,0.2559774964838256,0.0,0.2329148923586468,-0.6518961386544646,-0.12974034663616166,-0.9162036547666924,0.21510878048780485,928.6624,0.0,41.0,-0.2914676911660862
Flandre,top,LPL,1,107,0.598,EDward Gaming,45.6,53.8,52.4,56.9,70.2,53.6,4.6,5.4,5.2,5.7,7.0,5.4,-49.45454545454545,-192.36363636363637,-6.181818181818182,509.3974299065421,0.23573751401869159,8.57418598130841,0.0,0.939622429906542,0.20979813084112148,4.5046728971962615,0.5786555786555787,0.21484716157205241,2.84375,0.16762816944435927,-0.17276097136129284,-0.10944944887215884,-0.8591336307483362,0.23504576635514018,827.7954727272728,0.0,107.0,0.30030383636364283
Draptix,top,LFL2,2,21,0.476,Atletec,42.4,51.4,78.2,62.8,41.7,53.6,4.2,5.1,7.8,6.3,4.2,5.4,-191.66666666666666,5.238095238095238,-0.5238095238095238,403.8833952380952,0.18692480476190476,6.864538095238096,0.38095238095238093,0.9149857142857143,0.15184285714285714,5.095238095238095,0.5360501567398119,0.2118380062305296,0.0,0.47637020019691506,-0.23567899586059557,0.0,-0.6970160838805304,0.19605704761904763,858.3644428571428,0.0,21.0,-0.4608919382504288
Prismal,bot,LCSA,2,46,0.609,CLG Academy|Counter Logic Gaming,61.4,42.5,62.0,48.9,53.4,53.6,6.1,4.2,6.2,4.9,5.3,5.4,261.7826086956522,66.17391304347827,3.0434782608695654,570.5609260869566,0.2687334782608696,9.111017391304348,0.717391304347826,1.0942760869565218,0.23904347826086958,5.869565217391305,0.5933429811866859,0.17850953206239167,0.0,0.22713864306784662,0.17541613316261212,0.0,-0.8249219152903395,0.2505153913043478,274.62241521739134,0.0,46.0,-0.03614305573107556
Maximillion,mid,TAL,3,22,0.545,İstanbul Wildcats Academy,49.6,56.0,65.9,51.4,44.7,53.6,5.0,5.6,6.6,5.1,4.5,5.4,-57.04545454545455,-191.45454545454547,-6.5,519.428759090909,0.30039713636363635,7.910181818181818,0.4090909090909091,1.1143954545454546,0.16013181818181818,4.2272727272727275,0.6774193548387096,0.20344827586206896,0.0,0.3950678175092479,-0.4521331945889698,-0.10093652445369396,-0.7714717620994205,0.23945845454545456,270.9952318181818,0.0,22.0,-0.18212478920741995
Shade,bot,EL,3,38,0.526,Fuego|Janus Esports,55.9,51.1,59.4,51.9,47.6,53.6,5.6,5.1,5.9,5.2,4.8,5.4,263.63157894736844,138.44736842105263,9.289473684210526,497.1511078947368,0.2452059605263158,8.291160526315789,0.7631578947368421,0.98705,0.2748157894736842,4.947368421052632,0.6378091872791519,0.16134453781512606,0.0,0.2457107843137255,0.0,0.3299713984645491,-0.8703902615960003,0.2477338947368421,232.30226842105262,0.0,38.0,-0.47111622554660537
Xypherz,jng,LMF,2,48,0.375,KRÜ Esports|River Plate Gaming,62.2,49.9,45.7,48.9,56.6,53.6,6.2,5.0,4.6,4.9,5.7,5.4,41.729166666666664,80.625,0.6875,358.8364854166667,0.18538943333333335,6.0252187500000005,0.2916666666666667,1.2410541666666666,0.3010041666666667,9.916666666666666,0.664576802507837,0.20535714285714285,0.0,0.21732750803725995,-0.7311198718738449,0.0,-1.0042267535636928,0.20653568749999998,706.5537083333334,0.0,48.0,0.27918459671190565
Thayger,jng,NEXO,3,56,0.821,Ramboot Club|UCAM Esports,42.9,53.5,67.7,51.3,64.5,53.6,4.3,5.3,6.8,5.1,6.5,5.4,-143.41071428571428,-154.67857142857142,-5.946428571428571,317.3426982142857,0.12960412321428572,5.634682142857143,0.32142857142857145,1.392925,0.3709071428571429,8.732142857142858,0.6131805157593123,0.19796215429403202,0.0,0.2826285886671024,0.10803248107099758,-0.36484966531328866,-0.7514738435530303,0.1782085892857143,858.4068285714285,0.0,56.0,-0.3354884491051013
Ibai,bot,NEXO,3,39,0.41,BISONS ECLUB|Phlox Gaming|Stormbringers,66.2,49.8,38.8,56.2,46.4,53.6,6.6,5.0,3.9,5.6,4.6,5.4,507.64102564102564,405.94871794871796,4.923076923076923,550.9574641025641,0.26668241025641026,7.907176923076924,0.7692307692307693,1.1098641025641025,0.24112051282051283,4.102564102564102,0.6875,0.2107843137254902,0.0,0.1743773687845705,-0.658917630097868,0.0,-1.0399699787534025,0.26656135897435895,332.8127538461539,0.0,39.0,-0.30778935368232374
Ophelia,mid,LCKC,2,39,0.462,Gen.G|Gen.G Global Academy|Movistar R7,47.1,57.1,62.2,52.8,51.3,53.5,4.7,5.7,6.2,5.3,5.1,5.3,-86.43589743589743,-35.92307692307692,-0.6666666666666666,501.62013333333334,0.2644563333333333,8.84584871794872,0.2564102564102564,1.0830333333333333,0.23617435897435898,4.9743589743589745,0.6247139588100686,0.17564870259481039,0.0,0.3129690585911784,-0.33470043236565783,-0.20197652872143296,-0.8466296546149646,0.23737715384615385,314.0453205128205,0.0,39.0,0.020280046674445665
Pyrka,sup,LVP SL,2,40,0.375,Movistar KOI,54.3,52.3,51.3,63.4,44.0,53.5,5.4,5.2,5.1,6.3,4.4,5.3,12.9,176.475,5.925,148.96756,0.07708494,1.164955,0.0,2.3634825,0.2847,12.875,0.7128309572301426,0.23112480739599384,0.0,0.27600950803140534,-0.3679842022450553,-0.7338880851558127,-0.9518986040824787,0.0872640325,488.47907,0.0,40.0,-0.3361734961912268
Faker,mid,LCK,1,144,0.743,T1,54.7,44.6,60.3,46.0,71.1,53.5,5.5,4.5,6.0,4.6,7.1,5.3,157.13194444444446,-72.43055555555556,0.0763888888888889,509.15832430555554,0.24219793055555558,8.443309722222223,0.3402777777777778,1.2630145833333333,0.26964374999999996,6.354166666666667,0.5887715930902111,0.19208306294613886,0.0,0.21424004522379916,0.001941747572815776,-0.33262682893477363,-0.6906286342121577,0.21997179166666667,346.98906875,0.0,144.0,-0.21822149481723943
Czekolad,mid,LFL,2,73,0.575,GameWard,64.3,48.7,38.8,50.5,60.4,53.5,6.4,4.9,3.9,5.0,6.0,5.3,74.1917808219178,-23.835616438356166,2.2465753424657535,660.2852424657534,0.2834242876712329,8.564519178082191,0.5616438356164384,1.0912397260273972,0.20753698630136985,4.821917808219178,0.6524017467248908,0.23440643863179075,0.0,0.15833930066808874,-0.5175520523914291,-0.5030569647420428,-0.978355186056269,0.23842423287671236,396.1487191780822,0.0,73.0,0.040574882172396375
Indecision,jng,EBL,3,39,0.564,Team Phantasma|Valiance,48.9,55.3,56.3,56.0,53.9,53.5,4.9,5.5,5.6,5.6,5.4,5.3,114.71794871794872,-56.0,-2.948717948717949,324.53989743589744,0.15087383846153846,5.198171794871795,0.20512820512820512,1.2927102564102564,0.3148769230769231,10.076923076923077,0.6900763358778625,0.20735785953177258,0.0,0.204175528109071,-0.14507758410417096,0.24930108636508616,-0.8823165084100817,0.18035665641025642,712.4637974358975,0.0,39.0,-0.20125903598388858
Champen,top,HM,3,20,0.3,Dark Tigers|Viperio,70.3,47.6,52.0,42.8,40.2,53.5,7.0,4.8,5.2,4.3,4.0,5.3,508.3,491.25,20.35,463.78137,0.2690903,8.914865,0.25,0.772735,0.127335,1.7,0.5221238938053098,0.17971014492753623,0.0,0.2589952904238618,-0.5225259915286868,0.0,-0.9851963313568715,0.26658755,595.698405,0.0,20.0,-0.23948870487981355
Krosak,top,HM,3,31,0.419,Inside Games|Rulers Esports,57.1,47.9,62.2,54.2,44.0,53.5,5.7,4.8,6.2,5.4,4.4,5.3,-46.516129032258064,-1.2903225806451613,-2.5806451612903225,511.06243870967745,0.24488829032258064,6.959222580645161,0.5161290322580645,0.7866,0.1350483870967742,2.774193548387097,0.5648535564853556,0.2165991902834008,0.0,0.29778122664827267,0.0,0.0,-0.9852357140172734,0.22422225806451615,675.2316741935484,0.0,31.0,-0.3625
monkaS,sup,TAL,3,46,0.609,Dark Passage Academy|NASR eSports Turkey Academy,43.3,51.5,60.4,58.8,67.3,53.5,4.3,5.2,6.0,5.9,6.7,5.3,-2.5652173913043477,-129.69565217391303,0.17391304347826086,117.20604565217391,0.06634865434782608,1.1044913043478262,0.043478260869565216,2.4280304347826087,0.25789782608695655,14.91304347826087,0.6932907348242812,0.22770398481973433,0.0,0.2550110784768383,-0.21738023075159818,-0.14252094847566416,-0.7846925443816823,0.08774460652173913,406.9227673913043,0.0,46.0,0.2934815717331708
whisper,jng,LDL,2,41,0.512,Ultra Prime Academy,51.0,62.5,40.1,55.2,56.1,53.5,5.1,6.2,4.0,5.5,5.6,5.3,0.0,0.0,0.0,344.2518975609756,0.1493931243902439,4.939926829268293,0.0,1.3540243902439024,0.32297073170731705,10.78048780487805,0.6915887850467289,0.20562130177514792,9.585365853658537,0.13322741715842032,-0.43151620514094124,-0.4980131627964734,-0.9746176874185907,0.17114529268292683,0.0,0.0,41.0,0.3617331997234588
Dal,top,LAS,3,56,0.679,T1 Esports Academy Rookies,51.4,47.2,65.7,47.6,64.2,53.5,5.1,4.7,6.6,4.8,6.4,5.3,167.32142857142858,-28.982142857142858,8.875,456.1854589285714,0.2222893392857143,7.711294642857142,0.21428571428571427,0.9006321428571429,0.17779642857142858,5.089285714285714,0.47002141327623126,0.21476510067114093,0.0,0.20373730876348292,0.28752411240289893,1.2967172375440978,-0.9207396446097234,0.20806017857142858,733.6196660714286,0.0,56.0,-0.035205922316450415
Alexx,jng,LVP SL,2,51,0.51,G2 Arctic|G2 Esports Academy,41.0,55.8,58.2,63.0,59.9,53.4,4.1,5.6,5.8,6.3,6.0,5.3,-183.07843137254903,-176.88235294117646,-6.921568627450981,281.2896431372549,0.11898882156862745,5.220078431372549,0.27450980392156865,1.2971862745098037,0.34903529411764705,9.529411764705882,0.696524064171123,0.2214941022280472,0.0,0.26679658400487194,-0.19060917656322976,-0.5788535552849325,-0.8339374964477793,0.16606739215686273,830.2450196078431,0.0,51.0,0.19068793619440247
Fatihcan,bot,NLC,2,39,0.487,Axolotl|Riddle Esports,41.7,54.3,65.5,61.3,54.4,53.4,4.2,5.4,6.5,6.1,5.4,5.3,-143.23076923076923,-186.48717948717947,-12.076923076923077,525.7740743589744,0.2469133256410256,7.777938461538462,0.7948717948717948,1.062374358974359,0.26375128205128207,4.435897435897436,0.6355633802816901,0.13595706618962433,0.0,0.38161539931218946,-0.5071347678369196,-0.5941109852774632,-0.746255530264184,0.24743907692307693,292.46891025641025,0.0,39.0,0.06785610885929344
Enjawve,sup,LFL,2,39,0.487,GamersOrigin|Partizan Esports,55.0,45.6,63.8,46.6,61.4,53.4,5.5,4.6,6.4,4.7,6.1,5.3,64.51282051282051,21.17948717948718,5.923076923076923,166.82188205128205,0.07713037948717948,1.1677179487179485,0.0,2.772453846153846,0.34435641025641023,18.487179487179485,0.6525573192239859,0.3096885813148789,0.0,0.3929478209547454,-0.5031597979815542,-0.678717652274446,-0.8433705905441647,0.08972761794871795,490.878458974359,0.0,39.0,0.5396830228030433
Vsta,sup,LCK,1,84,0.274,Hanwha Life Esports,50.5,54.2,50.9,66.9,44.1,53.4,5.0,5.4,5.1,6.7,4.4,5.3,-175.0,-76.13095238095238,-4.678571428571429,160.6650619047619,0.0961897869047619,1.0273511904761905,0.03571428571428571,2.4474369047619047,0.2910940476190476,17.345238095238095,0.7211267605633803,0.19446922390722568,0.0,0.2174281734551744,0.0,0.0,-1.1287487327795414,0.08614345714285714,300.02531071428575,0.0,84.0,-0.2970956030657524
Druxy,bot,GLL,3,31,0.452,GOAL,49.6,61.3,47.0,52.9,55.0,53.4,5.0,6.1,4.7,5.3,5.5,5.3,195.61290322580646,-8.451612903225806,5.903225806451613,499.26428064516125,0.23989429032258064,8.678451612903226,0.5161290322580645,1.286190322580645,0.31726129032258066,3.5806451612903225,0.639344262295082,0.15789473684210525,0.0,0.23463919172557005,-0.8190323772005417,0.0,-0.8466983189377152,0.2599776129032258,274.18674838709677,0.0,31.0,0.3123098101724388
Heimdall,sup,LFL2,2,54,0.556,Lille Esport|RNL ROAR,56.3,50.6,45.9,61.8,51.0,53.4,5.6,5.1,4.6,6.2,5.1,5.3,-121.12962962962963,91.68518518518519,-12.425925925925926,214.7592611111111,0.0965594,0.6369018518518518,0.018518518518518517,2.2640166666666666,0.24209629629629628,9.814814814814815,0.7490864799025578,0.24187725631768953,0.0,0.186028173919774,-0.17979797434311956,-0.37815411949269473,-1.0433916261328937,0.09287723148148148,327.19189814814814,0.0,54.0,-0.05616717551628443
Youxin,jng,LDL,2,72,0.472,LGD Gaming Young Team|ThunderTalk Gaming Young,44.5,62.6,42.4,58.4,63.9,53.4,4.5,6.3,4.2,5.8,6.4,5.3,0.0,0.0,0.0,264.74574929577466,0.13113753239436618,4.810886111111111,0.0,1.3040887323943662,0.33592535211267605,9.788732394366198,0.7191919191919192,0.2197483059051307,7.873239436619718,0.16584550395489717,-0.3171431499129009,-0.8048980428322574,-0.9533905036547415,0.17080595833333334,0.0,0.0,72.0,0.15002824060999714
Holo,jng,PCS,15,54,0.481,Frank Esports,47.8,61.9,46.8,52.3,59.4,53.4,4.8,6.2,4.7,5.2,5.9,5.3,-113.98148148148148,23.333333333333332,-1.1666666666666667,260.83492962962964,0.1308358,5.350422222222222,0.2777777777777778,1.5454796296296296,0.4436407407407407,10.407407407407407,0.6657824933687002,0.20031298904538342,0.0,0.16322718583914345,-0.15995454279739849,-0.839765506049251,-0.8883851917076013,0.17085301851851853,673.2256629629629,0.0,54.0,0.1199447760361465
Decade,top,LDL,2,46,0.63,Weibo Gaming Youth Team,54.6,56.3,55.3,42.7,55.5,53.4,5.5,5.6,5.5,4.3,5.5,5.3,0.0,0.0,0.0,499.50585869565214,0.26083304347826086,8.9129,0.0,0.9723760869565218,0.1474804347826087,6.217391304347826,0.5359877488514548,0.2303370786516854,3.6739130434782608,0.22291861931573828,-0.1863749971337506,-0.5367682465433032,-0.8433746325916015,0.24608141304347825,0.0,0.0,46.0,0.11181178753334946
Sebbek,bot,LMF,2,25,0.16,WAP Esports,53.9,59.7,52.3,52.3,41.8,53.4,5.4,6.0,5.2,5.2,4.2,5.3,255.84,113.68,0.84,435.622108,0.27803476,8.684136,0.64,1.2881960000000001,0.335264,6.88,0.6583333333333333,0.1707920792079208,0.0,0.2075448361162647,0.0,0.0,-0.9993531579259517,0.28034004,273.085652,0.0,25.0,-0.08340214698596198
Roamer,mid,LCKC,2,58,0.293,Hanwha Life Esports Challengers,50.1,60.9,42.6,56.6,54.8,53.3,5.0,6.1,4.3,5.7,5.5,5.3,-26.43103448275862,-41.87931034482759,-1.1724137931034482,502.6315551724138,0.2786943448275862,8.38653448275862,0.3275862068965517,1.195644827586207,0.2555913793103448,8.275862068965518,0.677257525083612,0.20899470899470898,0.0,0.16531467264533367,0.0,0.0,-1.1353430666881341,0.23484793103448276,363.3447017241379,0.0,58.0,0.24000000000000002
Cheoni,bot,LCKC,2,59,0.22,Hanwha Life Esports|Hanwha Life Esports Challengers,43.0,61.8,52.9,59.9,52.2,53.3,4.3,6.2,5.3,6.0,5.2,5.3,-138.16949152542372,-168.47457627118644,-1.9830508474576272,447.0720491525424,0.278148,9.321227118644067,0.5932203389830508,1.1733305084745762,0.29647288135593225,5.016949152542373,0.7074569789674953,0.16080402010050251,0.0,0.21871933682963965,0.0,0.0,-1.0144405219073227,0.2791502881355932,250.47451016949154,0.0,59.0,-0.11652672823957455
PsYcraw,sup,PRM,3,42,0.31,E WIE EINFACH E-SPORTS,57.3,52.2,56.7,42.9,54.7,53.3,5.7,5.2,5.7,4.3,5.5,5.3,-137.11904761904762,3.0238095238095237,1.9761904761904763,160.8027380952381,0.07983130000000001,1.3319809523809523,0.14285714285714285,2.7254261904761905,0.3786404761904762,8.952380952380953,0.6276223776223776,0.2492753623188406,0.0,0.263734495005161,0.0,0.0,-1.0193230389768166,0.10721428333333333,503.90077142857143,0.0,42.0,-0.08890012906826668
Djoko,jng,LFL,2,41,0.415,Solary,47.1,54.8,61.0,56.8,51.0,53.3,4.7,5.5,6.1,5.7,5.1,5.3,28.5609756097561,-30.073170731707318,0.36585365853658536,260.6457170731707,0.13487968292682925,6.242378048780488,0.17073170731707318,1.3230829268292683,0.3837609756097561,7.073170731707317,0.6594488188976378,0.21142857142857144,0.0,0.2868630751964085,-0.12534938722855293,-0.2743496022360782,-0.9112890744385083,0.17261558536585364,855.4734487804877,0.0,41.0,-0.01644211854656116
Zekja,bot,GLL,3,22,0.5,Hive Athens EC,64.8,53.6,44.4,50.7,39.0,53.3,6.5,5.4,4.4,5.1,3.9,5.3,57.22727272727273,475.6818181818182,14.909090909090908,580.7463727272727,0.26884336363636363,8.783518181818183,0.5,1.1803318181818183,0.23836363636363636,3.272727272727273,0.6212121212121212,0.15,0.0,0.21232876712328766,-0.6730091613812544,0.0,-0.9238509739305579,0.2583022272727273,261.68162727272727,0.0,22.0,-0.47267497603068076
kubYD,sup,PGN,3,31,0.548,Atletec|aNc Outplayed,63.9,49.9,44.4,50.1,50.7,53.3,6.4,5.0,4.4,5.0,5.1,5.3,169.1290322580645,72.51612903225806,2.6129032258064515,193.7854612903226,0.08715460645161291,1.2225129032258064,0.03225806451612903,2.276041935483871,0.3152225806451613,14.161290322580646,0.6560975609756098,0.21345707656612528,0.0,0.1731164250833269,-0.04081355932203399,-0.824271186440678,-1.0089470379657504,0.09723865161290322,396.77927419354836,0.0,31.0,0.08466709346991041
Bayonetta,top,TAL,3,45,0.6,Beşiktaş Academy,44.7,50.9,66.7,49.9,66.5,53.3,4.5,5.1,6.7,5.0,6.7,5.3,-34.37777777777778,-2.311111111111111,-2.1777777777777776,403.21218,0.21952093333333333,7.6585977777777785,0.3111111111111111,0.9184666666666668,0.1358288888888889,2.4,0.5087719298245614,0.18785578747628084,0.0,0.19026946107784432,0.5947326107670319,0.586469747498809,-0.8302993841323163,0.2143574888888889,569.4077199999999,0.0,45.0,0.49303302533355675
Blackengel,mid,EL,3,30,0.367,Fuego,52.0,64.2,44.8,53.1,44.8,53.3,5.2,6.4,4.5,5.3,4.5,5.3,-153.43333333333334,132.86666666666667,3.4,504.38751333333335,0.2522220666666667,7.585096666666667,0.5666666666666667,1.2022266666666668,0.23191,4.833333333333333,0.6142857142857143,0.16,0.0,0.18234481986604228,0.0,0.0,-1.095335711204414,0.2290636,338.55705666666665,0.0,30.0,0.06478446409796518
Nekhazten,sup,LMF,2,44,0.227,Malvinas Gaming,45.0,64.3,45.3,70.0,38.4,53.3,4.5,6.4,4.5,7.0,3.8,5.3,-59.11363636363637,-16.363636363636363,-0.6818181818181818,126.71333181818181,0.08195759545454545,1.2191909090909092,0.0,2.284372727272727,0.3030863636363636,14.545454545454545,0.7802469135802469,0.19236417033773862,0.0,0.20328927895813764,0.0,0.0,-1.2811092425967563,0.09318181590909091,368.8593772727273,0.0,44.0,-0.39927111589671377
iFrix,jng,VL,3,49,0.735,Descuydado Aucas Esports|Skull Cracker,52.1,54.7,48.1,49.7,65.3,53.3,5.2,5.5,4.8,5.0,6.5,5.3,81.06122448979592,29.0,-1.6938775510204083,324.02768367346937,0.14737483673469387,5.848451020408163,0.3877551020408163,1.4524489795918367,0.3303877551020408,9.591836734693878,0.6352357320099256,0.20253164556962025,0.0,0.15573082453063836,-0.3407792030538121,-0.5184513428671085,-0.7882745596179295,0.18687269387755104,787.5847448979591,0.0,49.0,0.163688772845953
NiuNai,jng,NEXO,3,23,0.522,Kawaii Kiwis,40.9,56.3,76.6,52.8,47.3,53.3,4.1,5.6,7.7,5.3,4.7,5.3,-128.6086956521739,-327.0,-9.565217391304348,303.03846521739126,0.1383956913043478,5.192552173913043,0.34782608695652173,1.3991086956521739,0.3809,9.91304347826087,0.605,0.17974683544303796,0.0,0.40760346919516466,0.04049074371947463,0.1669055069751118,-0.7628345727518042,0.1744474782608696,849.7385347826087,0.0,23.0,-0.25956645560470704
Coten,top,LDL,2,32,0.375,Anyone's Legend.Young|Team WE Academy,50.4,61.7,50.6,55.0,44.0,53.3,5.0,6.2,5.1,5.5,4.4,5.3,0.0,0.0,0.0,484.28435625,0.2339339375,7.83264375,0.0,0.85353125,0.164546875,4.75,0.5738095238095238,0.18200408997955012,2.0,0.17477812768393933,0.0,0.0,-1.0097031656870723,0.23066325,0.0,0.0,32.0,-0.06561595368285615
Ribu,mid,UL,2,26,0.385,Komil & Friends,43.5,60.6,51.0,67.1,46.4,53.3,4.3,6.1,5.1,6.7,4.6,5.3,-273.88461538461536,-92.8076923076923,-4.153846153846154,514.6235538461539,0.25996488461538464,7.900876923076923,0.38461538461538464,0.9841653846153846,0.18135,2.6923076923076925,0.7073170731707317,0.1628498727735369,0.0,0.1793032786885246,0.0,0.32484076433121023,-0.9636551857507722,0.22829230769230768,405.3001,0.0,26.0,0.15068493150684942
Southwind,sup,LPL,1,54,0.296,Rare Atom|ThunderTalk Gaming,49.3,57.6,63.5,45.8,49.8,53.2,4.9,5.8,6.3,4.6,5.0,5.3,0.0,0.0,0.0,143.32025185185185,0.07920042777777778,1.5081185185185186,0.0,2.5722777777777774,0.34660925925925923,17.40740740740741,0.6842105263157895,0.18651362984218078,0.1111111111111111,0.2776132127665364,0.0,0.0,-0.9723015778187961,0.10057341666666667,0.0,0.0,54.0,0.17587110769647937
SeTab,mid,LCKC,2,66,0.667,Kiwoom DRX|Kiwoom DRX Challengers,50.5,53.4,55.0,53.2,57.1,53.2,5.0,5.3,5.5,5.3,5.7,5.3,-135.56060606060606,-144.72727272727272,-1.5909090909090908,544.4827545454546,0.272591803030303,8.491048484848484,0.6060606060606061,1.1376227272727273,0.24972424242424243,7.242424242424242,0.6363636363636364,0.21983914209115282,0.0,0.22528615246502584,-0.10459889232441996,-0.5233894532975435,-0.7822942317039392,0.22493983333333334,370.53801515151514,0.0,66.0,-0.2801753047017738
Rhino,sup,LCSA,2,27,0.556,Team Liquid Academy|Wildcard Gaming,54.2,53.4,56.7,51.4,48.0,53.2,5.4,5.3,5.7,5.1,4.8,5.3,12.11111111111111,71.81481481481481,-0.8888888888888888,179.69865185185185,0.0804028148148148,1.134851851851852,0.0,2.6602925925925924,0.35159999999999997,12.703703703703704,0.672289156626506,0.2556053811659193,0.0,0.1838339724470956,0.0,0.0,-0.8502255006181083,0.0948118,438.9723111111111,0.0,27.0,0.022165245341210834
Doxa,mid,PGC,2,83,0.578,Evil Geniuses Prodigies|Saint Louis University|Taco Gaming,67.5,35.8,48.8,47.0,69.5,53.2,6.8,3.6,4.9,4.7,7.0,5.3,258.27710843373495,118.01204819277109,5.9879518072289155,633.8003819277109,0.25287910843373496,7.839253012048193,0.7108433734939759,0.6815626506024096,0.1298879518072289,2.9156626506024095,0.5548817465130382,0.1855324849296718,0.0,0.2082260845386075,0.06795884399618303,-0.7089374462059583,-0.9394407129276698,0.2294995903614458,380.9479024096385,0.0,83.0,0.3858838599578889
OddOrange,jng,PGC,2,36,0.556,Maryville University,50.5,52.3,62.3,56.2,45.9,53.2,5.0,5.2,6.2,5.6,4.6,5.3,84.41666666666667,-41.916666666666664,-0.3888888888888889,292.2699333333333,0.13361333611111112,5.089441666666667,0.25,1.3168111111111112,0.2796,9.722222222222221,0.6471518987341772,0.17892644135188868,0.0,0.26053013798111835,-0.19307716735471575,0.0,-0.814210127842662,0.17596580555555555,728.2145888888889,0.0,36.0,-0.34584856317004903
Seminol,top,LFL2,2,46,0.239,FC Nantes Esports,53.0,56.0,45.0,60.2,49.2,53.2,5.3,5.6,4.5,6.0,4.9,5.3,130.6086956521739,92.97826086956522,3.5652173913043477,436.7121652173913,0.23006678260869565,7.422567391304348,0.15217391304347827,0.8584630434782609,0.1499913043478261,4.260869565217392,0.5361216730038023,0.1664564943253468,0.0,0.16881632653061227,-0.698526892771497,1.2610483042137721,-1.1449275964071908,0.22318558695652174,683.9596956521739,0.0,46.0,0.1667073468391507
Numandiel,mid,ESLOL,3,51,0.51,FC Nantes Esports|KRC Genk Esports,43.6,52.6,67.2,52.7,60.2,53.2,4.4,5.3,6.7,5.3,6.0,5.3,12.92156862745098,-147.2156862745098,-3.235294117647059,479.4667745098039,0.23750847058823532,7.845386274509804,0.39215686274509803,1.0382352941176471,0.20892549019607845,5.03921568627451,0.6368876080691642,0.2095730918499353,0.0,0.2923567049182762,0.4597355038324546,-0.006341760055598944,-0.8225969472480796,0.2274988431372549,376.3117352941176,0.0,51.0,-0.16084219593258026
Evaan,mid,LFL2,2,55,0.509,PCS Taran,49.5,54.5,57.7,55.4,50.3,53.2,5.0,5.5,5.8,5.5,5.0,5.3,-138.52727272727273,-98.58181818181818,-3.709090909090909,558.77406,0.2569315072727273,8.343781818181819,0.6,1.0075145454545456,0.18585636363636363,3.2,0.6470588235294118,0.17167381974248927,0.0,0.2582962962962963,0.0560726870016612,-0.3716009214619897,-0.9053301063946875,0.24669036363636365,408.7647636363637,0.0,55.0,-0.2750888218087593
Lawrence,top,PGC,2,68,0.471,Cloud9 Academy|DK Crew|Harrisburg University|Taco Gaming,59.7,53.9,37.1,54.9,54.8,53.2,6.0,5.4,3.7,5.5,5.5,5.3,-63.35294117647059,5.661764705882353,-2.2941176470588234,529.2456970588236,0.2453489705882353,7.726052941176469,0.5441176470588235,1.0501382352941178,0.1486029411764706,2.3970588235294117,0.5260223048327137,0.2179930795847751,0.0,0.14349076375688452,-0.5549130955136697,-0.5763572515625078,-1.1063860664868836,0.2199750588235294,758.8905455882352,0.0,68.0,-0.045659050966608036
Melody,sup,GL,3,46,0.5,Braves Rising|Mayan Esports,43.4,56.9,50.1,50.2,77.5,53.2,4.3,5.7,5.0,5.0,7.8,5.3,-259.8478260869565,-200.69565217391303,-8.76086956521739,178.5685804347826,0.08374806304347826,0.9551304347826087,0.021739130434782608,2.4434173913043478,0.34528695652173913,11.934782608695652,0.6646971935007385,0.20264900662251656,0.0,0.17258299006542283,0.8690161170883597,-0.48729613538657507,-1.1601946807829155,0.09977221521739131,372.1603608695652,0.0,46.0,2.3541929098434413
Dolis,mid,HC,3,24,0.458,Inside Games Challengers,63.0,49.8,44.5,54.6,46.1,53.2,6.3,5.0,4.5,5.5,4.6,5.3,165.125,392.375,2.9583333333333335,512.8531291666667,0.2757200416666667,8.201358333333333,0.5416666666666666,0.9874916666666667,0.15165416666666667,4.083333333333333,0.6891495601173021,0.2235294117647059,0.0,0.16021768374709555,0.0,0.0,-1.0509703944319158,0.250201375,424.99892500000004,0.0,24.0,0.3341653666146648
Jauny,top,LLA,15,41,0.488,inf,39.2,56.8,67.4,57.3,56.3,53.2,3.9,5.7,6.7,5.7,5.6,5.3,-357.9268292682927,-200.0,-7.951219512195122,377.9455804878049,0.20946424390243903,8.322239024390244,0.24390243902439024,0.9086780487804879,0.1717170731707317,6.414634146341464,0.550321199143469,0.1643192488262911,0.0,0.3011504295907966,-0.30674730674730677,-0.38083538083538077,-0.773773258535009,0.22609134146341464,669.9264512195122,0.0,41.0,0.103309929789368
Tactical,bot,LCS,1,59,0.373,TSM|TSM Academy,67.6,35.9,64.5,47.6,47.4,53.2,6.8,3.6,6.5,4.8,4.7,5.3,75.0677966101695,212.22033898305085,8.661016949152541,593.1145389830508,0.29532584745762713,9.222159322033898,0.6610169491525424,1.123964406779661,0.2940491525423729,5.813559322033898,0.6510903426791277,0.20962199312714777,0.0,0.18668299162970386,0.5708681697101038,1.7166986812456129,-1.1549579142690443,0.26493362711864404,335.0388610169491,0.0,59.0,0.1696211297660747
Sangchu,bot,LJL,15,42,0.238,AXIZ,48.6,66.7,41.1,60.5,41.5,53.2,4.9,6.7,4.1,6.0,4.2,5.3,-296.0952380952381,-168.9047619047619,-4.857142857142857,499.91568095238097,0.3057963095238095,9.903290476190476,0.8095238095238095,1.0967095238095237,0.38927142857142855,3.761904761904762,0.7923976608187134,0.15760111576011157,0.0,0.13861573373676248,0.0,0.0,-1.2369073809008753,0.31578592857142856,300.4917261904762,0.0,42.0,-0.26256372906045145
Le Grain,bot,PGC,2,20,0.55,Ginger Turmeric,59.2,42.8,62.6,59.0,40.6,53.2,5.9,4.3,6.3,5.9,4.1,5.3,376.45,69.65,5.4,546.2732149999999,0.234716375,7.79059,0.85,0.93582,0.19804,3.1,0.6170212765957447,0.15730337078651685,0.0,0.23450426371388572,0.0,0.0,-0.7615800492309878,0.24197129999999997,364.30644,0.0,20.0,-0.46193643754619373
Xicor,bot,LFL,2,21,0.238,Team Oplon,41.0,70.8,51.4,61.0,37.3,53.2,4.1,7.1,5.1,6.1,3.7,5.3,-495.3333333333333,-89.85714285714286,-14.380952380952381,516.1773333333333,0.286646380952381,9.580442857142858,0.6190476190476191,1.4082428571428571,0.402747619047619,6.095238095238095,0.7067307692307693,0.16176470588235295,0.0,0.2153846153846154,0.0,0.0,-1.0484753632037422,0.2850189047619048,351.6075666666667,0.0,21.0,-0.35159500693481277
XuanLv,bot,LDL,2,32,0.688,Team Pinnacle,46.3,64.0,57.0,47.8,49.6,53.2,4.6,6.4,5.7,4.8,5.0,5.3,0.0,0.0,0.0,524.269709375,0.2545315625,8.737625,0.0,1.366821875,0.309834375,5.125,0.6186915887850467,0.1529745042492918,2.3125,0.2519033232628399,-0.32828282828282834,-0.750445632798574,-0.6722644806996666,0.25513409375,0.0,0.0,32.0,-0.20573929961089496
Densi,jng,ESLOL,3,43,0.581,mCon esports,49.0,50.5,49.0,60.1,66.3,53.2,4.9,5.0,4.9,6.0,6.6,5.3,70.0,-86.46511627906976,-4.6976744186046515,329.47675813953487,0.14575320697674418,5.402297674418604,0.32558139534883723,1.0928697674418606,0.2850279069767442,9.116279069767442,0.6965317919075145,0.2007042253521127,0.0,0.18173221988483032,-0.4338274617287252,-0.19571829667758533,-0.883040960829835,0.1861118837209302,825.9191418604651,0.0,43.0,0.7738082682978271
R1kka,top,LDL,2,36,0.472,LGD Gaming Young Team,49.6,65.5,46.9,54.1,42.4,53.2,5.0,6.5,4.7,5.4,4.2,5.3,0.0,0.0,0.0,486.40273888888885,0.22660025000000003,7.5797138888888895,0.0,1.0781916666666667,0.17140833333333333,6.361111111111111,0.5565217391304348,0.20784313725490197,2.8055555555555554,0.20797925045171067,-0.4367606040203905,-0.4829277676252765,-0.976242604945983,0.2119982222222222,0.0,0.0,36.0,-0.33048304830483055
Dragoon,top,PGC,2,79,0.582,Cincinnati Fear|No Team,57.8,41.7,53.9,52.5,66.1,53.1,5.8,4.2,5.4,5.2,6.6,5.3,85.39240506329114,159.73417721518987,2.7468354430379747,495.7750835443038,0.2160728607594937,7.549007594936709,0.35443037974683544,0.8320708860759493,0.0886379746835443,2.5063291139240507,0.45566860465116277,0.17452135493372606,0.0,0.2361605987045485,-0.41583381743154174,0.16103443440636214,-0.9803658280192005,0.2123224683544304,739.695717721519,0.0,79.0,0.2489420273981835
Kaymin,mid,PRM,3,42,0.31,E WIE EINFACH E-SPORTS,52.6,54.0,41.4,64.1,53.3,53.1,5.3,5.4,4.1,6.4,5.3,5.3,-187.5,-127.76190476190476,-6.357142857142857,605.57875,0.28741283333333334,7.784054761904762,0.42857142857142855,0.96105,0.1600214285714286,5.476190476190476,0.7167832167832168,0.2144927536231884,0.0,0.1583797971399068,0.0,0.0,-1.1643070510027151,0.23968297619047618,486.04917857142857,0.0,42.0,0.3219349822634725
WillTheScout,sup,GLL,3,39,0.462,Forsaken|Gamespace Mediterranean College Esports,40.4,50.0,71.4,53.7,66.1,53.1,4.0,5.0,7.1,5.4,6.6,5.3,-228.53846153846155,-175.84615384615384,-0.7948717948717948,147.30586666666665,0.07133852051282051,1.000030769230769,0.0,2.4576076923076924,0.3158974358974359,12.333333333333334,0.6742857142857143,0.24705882352941178,0.0,0.27562604340567615,0.0,2.3193149040992065,-0.9344951506591657,0.08930998205128206,418.55314615384617,0.0,39.0,0.7595508316819796
Sleeping,top,PRM,3,29,0.31,Anorthosis Famagusta Esports|PENTA 1860,63.1,50.1,49.2,50.4,43.3,53.1,6.3,5.0,4.9,5.0,4.3,5.3,6.896551724137931,-17.896551724137932,4.241379310344827,559.8859413793103,0.2658696206896552,8.381279310344826,0.41379310344827586,0.902455172413793,0.16952758620689654,4.344827586206897,0.49278846153846156,0.2033271719038817,0.0,0.19591397849462366,0.0,0.0,-1.0830285062099143,0.23353048275862068,926.6308827586207,0.0,29.0,-0.1672179345828739
fjoompbun,top,ESLOL,3,34,0.588,Cryptova|Team Echo Zulu,63.6,43.9,62.8,38.9,53.1,53.1,6.4,4.4,6.3,3.9,5.3,5.3,57.94117647058823,26.029411764705884,6.823529411764706,544.0974647058823,0.2509912941176471,8.095482352941175,0.5,0.9557764705882353,0.12481764705882353,3.5294117647058822,0.473491773308958,0.21940928270042195,0.0,0.31835963847295295,-0.2378455672068637,-0.5166825548141086,-0.8397394642885395,0.24294079411764707,583.2809970588235,0.0,34.0,-0.03966091432031486
Empyros,top,GLL,3,65,0.677,Riddle Esports|WLGaming Esports,51.1,50.6,56.4,45.5,69.1,53.1,5.1,5.1,5.6,4.5,6.9,5.3,-142.06153846153848,-301.18461538461537,2.123076923076923,504.81034153846156,0.23345214153846156,8.539081538461538,0.5076923076923077,1.020946153846154,0.15304153846153845,6.184615384615385,0.5088372093023256,0.22885572139303484,0.0,0.26018110107587106,-0.3507840681985919,-0.538138967899228,-0.8177903482945892,0.24215804615384615,801.6295630769231,0.0,65.0,-0.1741011091162453
Vladi,mid,GLL,3,48,0.667,Riddle Esports|WLGaming Esports,49.2,49.6,62.5,51.5,60.2,53.1,4.9,5.0,6.2,5.2,6.0,5.3,-50.458333333333336,-110.72916666666667,-2.625,528.02320625,0.2501529375,8.36615,0.5625,1.0927770833333332,0.14756458333333333,5.0625,0.6002554278416348,0.1795774647887324,0.0,0.3416829745596869,-0.27149979227253834,-0.7033651848774408,-0.7123566892608406,0.22769085416666668,389.05595833333336,0.0,48.0,-0.23232223754185544
Junder,top,GL,3,45,0.533,Ramo Awake Gaming,43.3,61.0,46.2,59.8,60.5,53.1,4.3,6.1,4.6,6.0,6.0,5.3,-173.51111111111112,-9.2,-9.2,428.58409333333327,0.21664981777777778,6.947537777777778,0.35555555555555557,1.0201111111111112,0.15814,4.955555555555556,0.5294924554183813,0.17147435897435898,0.0,0.2090551387650176,-0.4607353821944031,-0.6202130283137411,-0.9320751149734443,0.2028234777777778,713.4867622222222,0.0,45.0,0.18047604639637976
Shall,jng,SL (LATAM),3,51,0.725,Incubus,50.2,52.8,46.0,57.2,64.8,53.1,5.0,5.3,4.6,5.7,6.5,5.3,151.90196078431373,81.43137254901961,-0.3333333333333333,308.2917568627451,0.13844116666666667,5.930264705882353,0.27450980392156865,1.391243137254902,0.3171686274509804,7.921568627450981,0.6847237269772481,0.23460898502495842,0.0,0.14634032937035665,-0.26904576540023334,-0.7010179062337469,-0.8217627566843994,0.18356650980392156,897.024388235294,0.0,51.0,0.08463655461044493
AdyTheKid,mid,HC,3,49,0.653,Team Sampi,62.9,41.5,52.5,47.9,61.5,53.1,6.3,4.2,5.2,4.8,6.2,5.3,254.08163265306123,294.59183673469386,8.36734693877551,519.3905775510203,0.2632363673469388,8.276877551020409,0.46938775510204084,0.7908918367346939,0.14559795918367346,1.836734693877551,0.6274256144890039,0.20098039215686275,0.0,0.1698152513568335,0.03933189374821134,0.06996904024767804,-0.8437790021743719,0.2398425306122449,340.66073061224495,0.0,49.0,0.04871929406153092
Novice,mid,LDL,2,36,0.5,Top Esports Challenger,49.4,64.6,46.2,53.5,46.5,53.1,4.9,6.5,4.6,5.3,4.7,5.3,0.0,0.0,0.0,535.0500388888889,0.27176744444444445,8.049122222222222,0.0,1.0580333333333334,0.24160833333333334,6.416666666666667,0.690522243713733,0.19532554257095158,2.361111111111111,0.19566499334704246,0.0,0.0,-1.108081575788631,0.23177605555555555,0.0,0.0,36.0,0.16038302871349333
Myths,top,LDL,2,85,0.659,Bilibili Gaming Junior,55.1,48.5,61.1,41.6,62.9,53.1,5.5,4.8,6.1,4.2,6.3,5.3,0.0,0.0,0.0,539.4150588235294,0.24408709411764704,8.671217647058823,0.0,0.8291835294117647,0.13538823529411764,2.9647058823529413,0.4985835694050991,0.22155172413793103,3.9647058823529413,0.19784386933745976,0.10150707775742081,0.7114859731766874,-0.9329804170820876,0.23622323529411765,0.0,0.0,85.0,-0.18507445282265028
Nper,top,VCS,15,78,0.487,SBTC Esports,62.4,40.4,54.9,46.4,63.5,53.1,6.2,4.0,5.5,4.6,6.3,5.3,106.25641025641026,63.166666666666664,-1.2692307692307692,538.2039012820513,0.25439335384615386,8.177461538461538,0.38461538461538464,0.8340653846153847,0.1702423076923077,4.064102564102564,0.5151515151515151,0.24189526184538654,0.0,0.23813610456358764,-0.30986238532110105,-0.4963302752293579,-0.963298043114239,0.23156969230769234,754.5712935897435,0.0,78.0,-0.2140169477866836
LRK,jng,CBLOLA,3,20,0.05,Rensga Academy,53.1,50.0,69.7,48.0,44.4,53.1,5.3,5.0,7.0,4.8,4.4,5.3,-92.6,41.85,3.35,331.523045,0.18154055,5.4707,0.2,1.244965,0.33893,10.2,0.680628272251309,0.23316062176165803,0.0,0.38766559255281063,0.0,0.0,-1.0910421093800755,0.1887115,660.7386349999999,0.0,20.0,0.2861347792408986
0909,mid,LDL,2,29,0.621,EDG Youth Team|Oh My God,40.8,62.9,57.2,59.7,48.7,53.1,4.1,6.3,5.7,6.0,4.9,5.3,0.0,0.0,0.0,442.2177620689655,0.22538079310344827,8.364124137931034,0.0,0.9238413793103448,0.19136206896551725,5.241379310344827,0.7004504504504504,0.171875,2.4827586206896552,0.19090909090909092,-0.18188363112769157,0.06027881405851169,-0.6895822406804235,0.2223526551724138,0.0,0.0,29.0,-0.15302491103202853
Misstery,bot,LHE,2,22,0.273,Wolf Club Esports,70.4,47.3,36.0,55.6,42.1,53.1,7.0,4.7,3.6,5.6,4.2,5.3,358.09090909090907,242.4090909090909,5.7727272727272725,565.95155,0.28407845454545455,8.205499999999999,1.2727272727272727,1.0047454545454546,0.22065,5.454545454545454,0.7040816326530612,0.19518072289156627,0.0,0.14924597855227884,0.0,-0.8481158308562662,-1.2500270341482083,0.2807593181818182,293.25665000000004,0.0,22.0,0.4412453183520601
William4,mid,LFL2,2,20,0.35,Ion Squad|beGenius ESC,55.1,41.7,47.5,58.2,73.8,53.1,5.5,4.2,4.8,5.8,7.4,5.3,-185.65,102.0,0.75,600.23842,0.294487,8.303895,0.1,0.7491800000000001,0.11530499999999999,5.8,0.670995670995671,0.2,0.0,0.1904647435897436,-0.3103575832305795,0.5406905055487053,-1.0488699596350701,0.23172895,389.916355,0.0,20.0,2.1921658986175117
Lunddorf,top,NLC Aurora Open,3,20,0.7,Nativz,74.0,39.4,50.2,45.3,44.6,53.1,7.4,3.9,5.0,4.5,4.5,5.3,608.6,512.5,9.4,569.3193349999999,0.24776389999999998,7.88493,0.45,0.8875149999999999,0.142245,2.5,0.5121212121212121,0.2857142857142857,0.0,0.1255362614913177,0.19828928835140025,0.529588423998362,-1.0062700279353956,0.2194347,815.74144,0.0,20.0,0.21104035270344745
Prove,sup,LCKC,2,36,0.389,Liiv SANDBOX|Liiv SANDBOX Youth,48.7,69.0,42.8,56.0,38.7,53.0,4.9,6.9,4.3,5.6,3.9,5.3,-112.75,-280.30555555555554,-6.75,176.39175555555553,0.09935523888888889,1.1244611111111111,0.027777777777777776,2.9253750000000003,0.46080277777777773,19.22222222222222,0.7192224622030238,0.2459605026929982,0.0,0.16152974230968659,0.0,0.0,-1.2586833421302595,0.09745298611111111,360.65878055555555,0.0,36.0,-0.24835208471211126
Shad0w,jng,LPL,1,64,0.344,LGD Gaming,56.5,52.9,51.3,47.6,53.7,53.0,5.7,5.3,5.1,4.8,5.4,5.3,0.0,0.0,0.0,302.395421875,0.1602322109375,5.4732921875,0.0,1.412609375,0.388165625,11.984375,0.6739974126778784,0.19502487562189055,10.015625,0.19377536906878934,0.0,0.0,-0.9975490094653608,0.181609140625,0.0,0.0,64.0,0.2757602016700802
Lmzs,mid,EBL,3,39,0.436,Esport Empire|Valiance,52.2,56.3,49.1,58.5,45.3,53.0,5.2,5.6,4.9,5.8,4.5,5.3,-62.43589743589744,-80.46153846153847,1.2820512820512822,513.5115641025641,0.26838723076923077,8.113133333333334,0.5897435897435898,0.9597205128205127,0.20505384615384614,4.358974358974359,0.7075812274368231,0.21864951768488747,0.0,0.1802149066119263,0.34363358613348116,-0.5971035237654191,-0.9654837773332376,0.23518946153846157,358.34094102564103,0.0,39.0,-0.48203647956915496
Tsiper,mid,EBL,3,48,0.583,Crvena zvezda Esports|GOAL,47.7,57.5,48.3,56.7,58.2,53.0,4.8,5.8,4.8,5.7,5.8,5.3,-155.25,-187.4375,-5.166666666666667,554.8450958333334,0.27298672916666666,7.624320833333333,0.3958333333333333,1.0629083333333333,0.17774375,4.104166666666667,0.6686838124054463,0.18740399385560677,0.0,0.17559322033898306,-0.1617647058823528,-0.14465786314525803,-0.8755711944730931,0.21849477083333335,258.37128333333334,0.0,48.0,-0.08836662749706227
Jonhy,bot,LPLOL,3,35,0.457,OFFSET Esports,61.7,40.2,51.2,52.6,62.1,53.0,6.2,4.0,5.1,5.3,6.2,5.3,411.74285714285713,63.22857142857143,2.742857142857143,573.9839971428572,0.2756723942857143,8.717500000000001,0.6571428571428571,0.7334085714285714,0.22484285714285712,1.6857142857142857,0.6374269005847953,0.1841620626151013,0.0,0.2919752598352575,-0.793883546832997,0.0,-0.9029335488211215,0.25822068571428575,316.24809999999997,0.0,35.0,0.7502672758307015
Srtty,top,LCSA,2,88,0.409,Evil Geniuses Academy,56.4,41.6,58.3,48.1,68.8,53.0,5.6,4.2,5.8,4.8,6.9,5.3,-52.28409090909091,-212.85227272727272,0.6590909090909091,504.54121931818185,0.2500927431818182,7.940389772727273,0.5340909090909091,0.8260056818181819,0.15388522727272727,2.727272727272727,0.5210355987055016,0.25686711210096513,0.0,0.244367984062244,0.2482382133995038,0.0,-1.1065073886299581,0.23024745454545456,764.328303409091,0.0,88.0,0.4467229309097959
Goku,mid,CBLOL,15,24,0.292,Rensga eSports,48.7,57.2,64.9,51.8,40.8,53.0,4.9,5.7,6.5,5.2,4.1,5.3,-285.8333333333333,-104.83333333333333,-3.5,511.4901625,0.26792020833333335,8.063508333333333,0.3333333333333333,1.2381041666666668,0.23117083333333333,8.916666666666666,0.6555183946488294,0.18858560794044665,0.0,0.26237985390234525,0.0,0.0,-0.8481019514180907,0.22694266666666665,308.4093291666667,0.0,24.0,-0.24637463746374644
Zemnas,top,CBLOLA,3,40,0.45,FURIA Youth,55.7,52.6,50.1,50.8,53.9,53.0,5.6,5.3,5.0,5.1,5.4,5.3,-54.575,21.325,1.425,460.5787675,0.23502740000000003,8.4734175,0.625,0.8839975000000001,0.14712,5.525,0.5664,0.21666666666666667,0.0,0.25415063837506463,-0.6221444568868981,-0.944568868980963,-0.815956408010004,0.24241307499999998,684.635595,0.0,40.0,-0.2903679497443032
aleykxar,bot,NEXO,3,26,0.346,AYM Esports|Dead Rabbits Club,59.3,45.5,65.6,44.8,47.3,53.0,5.9,4.5,6.6,4.5,4.7,5.3,96.61538461538461,274.5769230769231,11.807692307692308,556.8232653846154,0.2634366923076923,8.837988461538462,0.4230769230769231,1.1095653846153846,0.22190000000000001,5.615384615384615,0.595679012345679,0.16701461377870563,0.0,0.32793693846414645,-0.0871103622577929,0.0,-0.8359012806304721,0.2687783846153846,287.3200807692308,0.0,26.0,-0.05105973025048178
OddEye,bot,LAS,3,32,0.656,Nongshim RedForce Academy,65.6,44.1,41.3,55.7,52.5,53.0,6.6,4.4,4.1,5.6,5.2,5.3,296.4375,578.46875,4.34375,580.909821875,0.23668578125,8.702371875,0.875,1.048459375,0.26089375,3.8125,0.6260434056761269,0.2025,0.0,0.16467166726554078,-0.40714550014389667,-0.815812194219463,-0.852943106270427,0.24755321875,385.050715625,0.0,32.0,0.10089186176142688
xKenzuke,mid,LVP SL,2,40,0.375,Movistar KOI,44.2,63.7,49.6,61.4,43.9,52.9,4.4,6.4,5.0,6.1,4.4,5.3,-270.9,-58.325,-8.65,521.08307,0.26255795000000004,8.240242499999999,0.5,1.1502725,0.277305,5.55,0.6883910386965377,0.19722650231124808,0.0,0.24099547511312217,0.3472720524557715,-0.5100828900160832,-1.1730819828626344,0.234385275,470.15088750000007,0.0,40.0,0.0006458557588805029
Woolite,bot,LFL,2,49,0.49,Misfits Premier,59.5,53.9,41.5,53.4,48.9,52.9,6.0,5.4,4.2,5.3,4.9,5.3,182.83673469387756,-139.55102040816325,4.591836734693878,598.6236102040816,0.27191830408163264,9.086773469387754,0.7755102040816326,1.2181081632653061,0.3627448979591837,4.26530612244898,0.655425219941349,0.19738562091503267,0.0,0.2226476431280477,-0.6125119337980587,-0.8947169054568952,-0.9499113671120044,0.2644301632653061,341.8729795918368,0.0,49.0,-0.2034763948497853
Showkz,jng,LFL2,2,28,0.214,FC Nantes Esports,55.7,54.7,51.1,55.9,40.3,52.9,5.6,5.5,5.1,5.6,4.0,5.3,60.67857142857143,88.67857142857143,5.75,284.44146785714287,0.1472440142857143,5.452160714285715,0.2857142857142857,1.2867071428571428,0.3246607142857143,8.857142857142858,0.6837349397590361,0.20675944333996024,0.0,0.14990923055439184,0.0,1.3244672063439613,-1.2642003278211102,0.19087300000000001,733.6397928571429,0.0,28.0,-0.005601317957166495
dibu,jng,ESLOL,3,22,0.409,Sector One|mYinsanity,47.2,56.1,60.1,56.6,45.3,52.9,4.7,5.6,6.0,5.7,4.5,5.3,48.77272727272727,5.636363636363637,-0.5909090909090909,297.16339999999997,0.14539596818181819,5.348081818181818,0.22727272727272727,1.342559090909091,0.3451136363636364,11.5,0.6910828025477707,0.22074468085106383,0.0,0.2650181863112292,0.0,0.0,-0.9928959790414915,0.18584950000000003,814.2300227272727,0.0,22.0,0.07250689626347893
SpeedoBear,sup,GLL,3,22,0.364,Partizan Esports|Team Refuse,50.5,61.1,52.4,54.4,40.1,52.9,5.0,6.1,5.2,5.4,4.0,5.3,-250.9090909090909,-239.1818181818182,-7.2272727272727275,205.13899090909092,0.09658637272727272,0.9661500000000001,0.045454545454545456,2.5363318181818184,0.3780727272727273,8.318181818181818,0.686084142394822,0.211864406779661,0.0,0.2302060510573349,0.0,0.4376965408805032,-1.1442024668274997,0.09268838181818183,345.6285772727273,0.0,22.0,-0.17609893802930518
Hope,bot,LPL,1,120,0.683,JD Gaming|Team WE,40.1,55.1,57.0,58.0,67.5,52.9,4.0,5.5,5.7,5.8,6.8,5.3,-441.35714285714283,-341.5,-2.9285714285714284,608.7507666666667,0.2622701016666667,9.248615833333334,0.075,1.3578241666666666,0.39788333333333337,5.133333333333334,0.6698930208863983,0.1759379042690815,3.443396226415094,0.22549121079243714,-0.24779166507585568,-0.3402172064433053,-0.7547576096282123,0.258902825,347.60880714285713,0.0,120.0,-0.038390397371347515
Miang,jng,DDH,3,60,0.55,Arctic Gaming México|Atheris Esports,44.2,49.2,66.0,51.2,67.7,52.9,4.4,4.9,6.6,5.1,6.8,5.3,-283.5,-163.58333333333334,-2.1,312.96337166666666,0.14688937,5.567864999999999,0.36666666666666664,1.29781,0.36952666666666667,9.7,0.650893796004206,0.23497267759562843,0.0,0.29589278406223796,0.0,0.0,-0.8951303158652011,0.17298663333333333,789.4825483333333,0.0,60.0,0.10587688452366541
Loers,mid,DDH,3,31,0.226,PÊEK Gaming,45.2,52.5,69.2,48.9,56.7,52.9,4.5,5.2,6.9,4.9,5.7,5.3,-66.0,-131.48387096774192,-2.2903225806451615,493.1344225806452,0.2572726129032258,7.6091096774193545,0.3548387096774194,1.0455419354838709,0.18939354838709677,7.516129032258065,0.6305882352941177,0.1964856230031949,0.0,0.37633940353655315,0.0,0.0,-0.7819022242682335,0.24725403225806453,386.3602258064516,0.0,31.0,0.32680918698411193
stillnumb,mid,TCL,15,45,0.467,Fenerbahçe Esports,59.7,42.2,57.1,52.9,53.1,52.9,6.0,4.2,5.7,5.3,5.3,5.3,-76.4888888888889,75.2,1.6,543.6749511111111,0.2643303,8.627117777777778,0.5111111111111111,0.8961644444444444,0.1626622222222222,4.822222222222222,0.662751677852349,0.20155038759689922,0.0,0.16911572052401747,0.2864994875524846,0.3258042119879657,-0.9811937878548384,0.23965293333333335,407.6085088888889,0.0,45.0,0.13050421451682348
Froststrike,jng,LLA,15,38,0.5,Globant Emerald|Isurus|Meta Gaming,37.2,49.0,75.7,53.3,69.5,52.9,3.7,4.9,7.6,5.3,7.0,5.3,-154.05263157894737,-279.44736842105266,-6.578947368421052,232.33402105263158,0.12000888684210526,5.586926315789474,0.15789473684210525,1.290721052631579,0.3163605263157895,12.105263157894736,0.6780684104627767,0.19909502262443438,0.0,0.2983738950125505,1.2743393867313175,-0.09275269505817067,-0.8397842751782545,0.17501355263157894,676.0808842105263,0.0,38.0,1.2197564276048711
yekai,jng,LDL,2,56,0.607,Ultra Prime Academy,44.7,59.5,57.3,51.2,55.5,52.9,4.5,6.0,5.7,5.1,5.5,5.3,0.0,0.0,0.0,272.3600303571429,0.12910039642857143,5.037510714285714,0.0,1.3837482142857145,0.3131910714285714,10.142857142857142,0.6600221483942414,0.2027363184079602,10.357142857142858,0.18859190997998226,-0.1286727456940222,0.4532878031695998,-0.8963246460470605,0.1669064642857143,0.0,0.0,56.0,-0.08782065210444914
Aomine,bot,VCS,15,42,0.333,Burst The Sky Esports,46.3,49.1,73.1,44.8,61.6,52.9,4.6,4.9,7.3,4.5,6.2,5.3,-224.97619047619048,-121.35714285714286,1.3571428571428572,521.9396404761904,0.26641204761904763,9.440407142857143,0.47619047619047616,1.1695785714285716,0.38367380952380953,3.5,0.593698175787728,0.16442048517520216,0.0,0.3566200931470393,0.0,0.043883495145631134,-0.9242347834619093,0.2637241666666667,242.93369285714283,0.0,42.0,0.5048638132295719
KennyChan,jng,LDL,2,109,0.67,MAX,47.9,54.4,47.9,49.3,73.6,52.9,4.8,5.4,4.8,4.9,7.4,5.3,0.0,0.0,0.0,309.4457128440367,0.14006259174311927,5.328897247706422,0.0,1.2108963302752294,0.3289348623853211,6.972477064220183,0.6727982162764772,0.22759714512291832,11.73394495412844,0.184075925328747,-0.3298650829437311,-0.6127710404948936,-0.8391077058289034,0.17295818348623854,0.0,0.0,109.0,0.0227861347285808
Longqi,top,LDL,2,70,0.529,Team Pinnacle,50.0,60.6,50.5,46.8,55.1,52.9,5.0,6.1,5.0,4.7,5.5,5.3,0.0,0.0,0.0,476.99777,0.23477455714285714,8.195355714285714,0.0,0.8596928571428571,0.16532285714285713,4.571428571428571,0.5412757973733584,0.2053872053872054,5.114285714285714,0.22204037882156152,-0.2502658036596967,-0.7931767734233646,-0.917845827407194,0.23950842857142857,0.0,0.0,70.0,-0.35225669128369164
Jisung,top,PGC,2,22,0.409,300|Wildcard Gaming Developmental,59.4,42.2,57.5,52.4,54.3,52.9,5.9,4.2,5.8,5.2,5.4,5.3,161.5,-1.7272727272727273,-3.0454545454545454,518.9835818181818,0.23859854545454545,7.152336363636365,0.4090909090909091,0.7590363636363636,0.10968636363636364,3.272727272727273,0.49736842105263157,0.19315403422982885,0.0,0.25378222885148094,0.0,0.0,-1.0635339037847522,0.22464218181818182,692.7805863636363,0.0,22.0,0.9133858267716535
Gralou,sup,LHE,2,34,0.382,Rebirth eSports,51.7,54.1,51.6,61.4,43.3,52.9,5.2,5.4,5.2,6.1,4.3,5.3,31.441176470588236,-20.264705882352942,6.0588235294117645,132.57560294117647,0.0776799205882353,1.3902911764705883,0.029411764705882353,2.3268970588235294,0.2782529411764706,15.147058823529411,0.7270788912579957,0.22243713733075435,0.0,0.22030479827026686,0.0,-0.3170026172000551,-1.03610196996296,0.09821086764705883,495.0511205882353,0.0,34.0,-0.15499957642673592
mumek,bot,UL,2,26,0.385,Komil & Friends,47.9,51.1,49.3,67.0,55.2,52.9,4.8,5.1,4.9,6.7,5.5,5.3,-182.07692307692307,-74.65384615384616,1.0769230769230769,537.4629923076923,0.2635680384615385,7.885365384615384,0.5384615384615384,1.0136769230769231,0.2731269230769231,3.5,0.7347560975609756,0.20610687022900764,0.0,0.14400465291750503,0.0,0.9345475358230617,-1.1426090670177143,0.23554761538461538,299.7068923076923,0.0,26.0,1.0982267257758078
Scofield,jng,TAL,3,25,0.64,Beşiktaş Academy,44.9,50.0,64.6,61.0,52.9,52.9,4.5,5.0,6.5,6.1,5.3,5.3,-85.6,-81.32,-2.56,286.22371200000003,0.142221136,4.970208,0.36,1.18968,0.23192000000000002,12.32,0.7054263565891473,0.20833333333333334,0.0,0.20684946591785047,0.326975771560427,0.15842226708970295,-0.7330024923996372,0.16996960000000003,728.9732640000001,0.0,25.0,0.09586258401792391
Wapode,bot,HC,3,25,0.52,FLY5,76.0,35.9,49.0,49.6,41.8,52.9,7.6,3.6,4.9,5.0,4.2,5.3,789.64,306.24,8.4,649.734208,0.2899234,8.596436,1.4,0.785184,0.19727999999999998,0.24,0.6346153846153846,0.22346368715083798,0.0,0.1952145214521452,0.0,-0.2659395973154362,-0.9283447313904932,0.26346132,363.55170400000003,0.0,25.0,-0.3069579135674606
Kitzuo,jng,PGC,2,58,0.534,No Ace|Team Pending|University of St. Thomas,68.0,44.2,41.3,49.1,53.8,52.8,6.8,4.4,4.1,4.9,5.4,5.3,-85.62068965517241,-117.72413793103448,0.8793103448275862,477.13178793103447,0.19746658965517241,6.333470689655172,0.4827586206896552,1.1733620689655173,0.27381724137931035,6.551724137931035,0.6883629191321499,0.24682926829268292,0.0,0.16749993832151272,-0.3923491306766154,-0.6537739308214536,-1.0133119189110336,0.20885106896551725,838.7277896551724,0.0,58.0,-0.08019185387754399
Yagao,mid,LPL,1,135,0.674,Bilibili Gaming|JD Gaming,34.5,63.2,48.8,59.3,72.5,52.8,3.5,6.3,4.9,5.9,7.2,5.3,-335.85714285714283,-412.2142857142857,-13.071428571428571,535.4838533333334,0.23206240518518517,8.364368148148147,0.014814814814814815,1.2495607407407407,0.29564814814814816,4.237037037037037,0.6517006802721088,0.16552901023890784,3.256198347107438,0.19783265910349127,-0.253649791335013,-0.4556103266278971,-0.7712907294633796,0.22359032592592593,432.25142142857146,0.0,135.0,0.06769876946966842
Sh4dowUS,jng,UL,2,54,0.37,Goskilla|devils.one inStreamly,40.7,63.6,49.4,63.1,50.4,52.8,4.1,6.4,4.9,6.3,5.0,5.3,-132.85185185185185,-188.27777777777777,-5.407407407407407,259.92349074074076,0.1348741611111111,4.906922222222222,0.12962962962962962,1.4548444444444444,0.401037037037037,10.555555555555555,0.7015384615384616,0.2189119170984456,0.0,0.20977467292137736,0.0,-0.5263436123348018,-1.048369634585879,0.1702311111111111,825.6801907407408,0.0,54.0,-0.1475638152024896
Kael,sup,LCK,1,97,0.464,Liiv SANDBOX,36.6,61.8,41.5,66.1,71.1,52.8,3.7,6.2,4.2,6.6,7.1,5.3,-211.0721649484536,-226.71134020618555,-0.9484536082474226,138.13882577319586,0.07405983608247423,1.057143298969072,0.010309278350515464,2.687016494845361,0.35952061855670103,16.45360824742268,0.7373831775700934,0.22596153846153846,0.0,0.19296042145246975,-0.3129533748017182,-0.3515390236512379,-1.1239096056255236,0.08882800309278349,356.4036288659794,0.0,97.0,0.9787996784465006
Scarlet,mid,LFL,2,41,0.415,Solary,61.0,53.5,44.5,49.0,47.1,52.8,6.1,5.3,4.5,4.9,4.7,5.3,33.34146341463415,-122.0,0.7804878048780488,609.9163951219512,0.31266970731707316,9.152314634146341,0.43902439024390244,1.063329268292683,0.1909951219512195,4.902439024390244,0.6811023622047244,0.20952380952380953,0.0,0.2140826521344233,-0.4429576194770063,-0.6348061316501353,-0.9347908032193426,0.2649265121951219,331.5031,0.0,41.0,-0.14618291761148902
Kyoto,mid,DDH,3,51,0.294,Atomic México|Tomorrow Esports,49.9,55.4,42.0,62.0,56.5,52.8,5.0,5.5,4.2,6.2,5.7,5.3,-242.94117647058823,-147.62745098039215,-2.2549019607843137,556.0146607843137,0.27577529411764706,7.874564705882353,0.5294117647058824,0.8701156862745099,0.1555137254901961,3.2745098039215685,0.7188405797101449,0.18668012108980828,0.0,0.18842446669344784,0.0,0.0,-1.214665610481468,0.23721162745098037,336.19032549019613,0.0,51.0,0.26676374195359365
Machine,bot,TAL,3,26,0.423,Galatasaray Academy,36.9,64.0,64.8,57.1,46.9,52.8,3.7,6.4,6.5,5.7,4.7,5.3,-381.8076923076923,-351.15384615384613,-14.307692307692308,420.4650384615385,0.24964,8.674346153846155,0.9230769230769231,1.2321192307692308,0.2909769230769231,3.923076923076923,0.6594427244582043,0.13846153846153847,0.0,0.34035463524931575,0.0,0.0,-0.9360669013897416,0.25629488461538463,245.34186153846153,0.0,26.0,0.09127995920448753
Sparz,sup,TCL,15,22,0.364,Fenerbahçe Esports|Galakticos,55.3,57.0,47.8,59.7,35.2,52.8,5.5,5.7,4.8,6.0,3.5,5.3,16.954545454545453,214.95454545454547,2.8636363636363638,131.41121818181819,0.07157417272727272,1.0506045454545454,0.045454545454545456,2.6617,0.34053181818181816,14.727272727272727,0.7027972027972028,0.23964497041420119,0.0,0.1681212677997244,0.0,0.0,-1.1934156167613825,0.08515122272727273,438.6294272727273,0.0,22.0,-0.44394329896907214
Daedra,mid,LMF,2,45,0.444,Cruzados Esports|Maycam Evolve,44.8,57.3,60.5,57.9,45.6,52.8,4.5,5.7,6.0,5.8,4.6,5.3,-91.44444444444444,-126.8,-0.17777777777777778,475.95983777777775,0.2542974333333333,7.706777777777778,0.4,1.1403222222222222,0.24608000000000002,5.622222222222222,0.6506955177743431,0.2031496062992126,0.0,0.3420920973822358,-0.2420487675589717,-0.7065995229260535,-0.9284115573228409,0.21699904444444446,328.78220444444446,0.0,45.0,-0.32569362882305364
Zantimon,bot,GL,3,40,0.625,King of Goats|Ramo Awake Gaming,51.5,56.1,47.1,53.5,55.2,52.8,5.2,5.6,4.7,5.3,5.5,5.3,-30.925,-78.7,-5.1,532.9729675,0.24642832499999998,8.5691525,1.15,1.332495,0.24988749999999998,4.375,0.6777939042089985,0.20038910505836577,0.0,0.2047584590999931,-0.46832565828315026,-0.9077577045696068,-0.7263890204314613,0.25227125,252.40742749999998,0.0,40.0,-0.2622780355143178
Ceviche,sup,SL (LATAM),3,50,0.72,Incubus,55.2,44.6,52.6,48.3,70.9,52.8,5.5,4.5,5.3,4.8,7.1,5.3,136.78,81.68,-3.4,165.818174,0.07326689,0.9989919999999999,0.04,2.195554,0.27848399999999995,12.12,0.713971397139714,0.2722689075630252,0.0,0.16775916372135447,0.20230007763975147,-0.42035373066424025,-0.8681568488520323,0.096783084,310.876802,0.0,50.0,0.6272736219867011
Kaixuan,sup,LDL,2,74,0.378,Anyone's Legend.Young,47.5,60.3,45.9,52.7,59.3,52.8,4.8,6.0,4.6,5.3,5.9,5.3,0.0,0.0,0.0,145.42631216216216,0.07518942837837837,1.0026716216216216,0.0,2.4492905405405407,0.2985445945945946,14.608108108108109,0.6963906581740976,0.2185792349726776,0.05405405405405406,0.1965345403008275,0.0,0.0,-1.2401068474733306,0.09053762567567568,0.0,0.0,74.0,0.2940900644309754
Poby,mid,LAS,3,35,0.657,T1 Esports Academy|T1 Esports Academy Rookies,55.9,50.1,55.8,47.7,53.9,52.8,5.6,5.0,5.6,4.8,5.4,5.3,292.2857142857143,117.05714285714286,8.371428571428572,506.00480000000005,0.2439025142857143,8.322448571428572,0.2857142857142857,1.0314885714285715,0.1953542857142857,5.742857142857143,0.5619967793880838,0.1646586345381526,0.0,0.24859934806018805,-0.3110352299063369,0.0,-0.7974536660754434,0.21621425714285714,309.45201428571426,0.0,35.0,0.006025538707102823
Poweh,top,NEXO,3,23,0.522,Kawaii Kiwis,74.0,38.8,56.4,39.0,43.5,52.8,7.4,3.9,5.6,3.9,4.3,5.3,743.5652173913044,476.8695652173913,20.869565217391305,516.3120695652174,0.24382960869565218,8.690808695652175,0.43478260869565216,1.0031434782608695,0.11139130434782608,4.260869565217392,0.455,0.2582278481012658,0.0,0.2511668103457542,-0.26319470657459426,0.2993760685658458,-0.9789299798086648,0.2487743913043478,917.6464739130436,0.0,23.0,-0.063419736773926
Niket,sup,LDL,2,27,0.63,Top Esports Challenger,56.0,61.0,45.7,46.2,45.3,52.8,5.6,6.1,4.6,4.6,4.5,5.3,0.0,0.0,0.0,189.42414444444444,0.08795884444444445,1.8700962962962961,0.0,2.320625925925926,0.30202962962962965,11.222222222222221,0.7223476297968398,0.2594458438287154,0.1111111111111111,0.20057769509448745,-0.8238453276047261,0.0,-0.9381911882084478,0.10368835185185185,0.0,0.0,27.0,-0.025766588042251938
Alvanai,mid,GLL,3,27,0.407,Gamespace Mediterranean College Esports,51.8,53.6,52.8,55.6,50.0,52.8,5.2,5.4,5.3,5.6,5.0,5.3,-96.33333333333333,58.44444444444444,-1.4444444444444444,523.1751814814814,0.2413147037037037,8.545559259259258,0.7037037037037037,1.0408222222222223,0.14916666666666667,3.2962962962962963,0.6373056994818653,0.16968325791855204,0.0,0.17571208622016934,0.0,1.5824647455548746,-1.1053698464780786,0.2452923333333333,446.24558148148145,0.0,27.0,0.5905569812755441
Hunt,mid,EBL,3,29,0.586,Crvena zvezda Esports,62.1,39.4,53.6,63.3,43.6,52.8,6.2,3.9,5.4,6.3,4.4,5.3,209.6551724137931,135.9655172413793,2.0,552.8566068965517,0.23810262068965515,8.394662068965518,0.8620689655172413,0.7104137931034483,0.1144,1.1379310344827587,0.6488095238095238,0.20302375809935205,0.0,0.18463043030677373,0.11932803798046199,0.4133114215283483,-0.9379251782531453,0.23487975862068963,623.0385620689655,0.0,29.0,-0.2621004566210046
Tatuy,top,NLC,2,27,0.074,Cabbage Family|Team Singularity,40.2,56.0,62.3,62.6,50.4,52.7,4.0,5.6,6.2,6.3,5.0,5.3,-266.4074074074074,-252.25925925925927,-3.6296296296296298,413.88165925925927,0.2264712222222222,7.190955555555555,0.18518518518518517,0.8367851851851852,0.1628777777777778,3.074074074074074,0.588,0.20353982300884957,0.0,0.23828571428571427,0.13678950655840097,0.0,-0.9089229551549115,0.23174555555555557,885.1374185185185,0.0,27.0,0.3286919655846045
Nightstar,bot,UPL,2,33,0.394,Conviction|Grand View University|Team Ambition,58.2,47.2,61.4,49.5,43.3,52.7,5.8,4.7,6.1,5.0,4.3,5.3,262.8787878787879,-132.3030303030303,1.3333333333333333,601.0221696969696,0.254803,8.085442424242423,0.8484848484848485,1.2026757575757576,0.281530303030303,3.303030303030303,0.6230366492146597,0.19249592169657423,0.0,0.2790912038037605,0.1377847586331585,0.0,-0.9829423303789276,0.2569266363636364,268.6134181818182,0.0,33.0,-0.17871573568551938
Dreamer Ace,sup,PRM,3,61,0.656,Team BDS Academy|Unicorns of Love Sexy Edition,44.8,55.9,48.7,53.3,70.3,52.7,4.5,5.6,4.9,5.3,7.0,5.3,-86.45901639344262,-189.49180327868854,-1.8032786885245902,144.11481639344262,0.06430383114754099,1.0916344262295083,0.08196721311475409,2.585739344262295,0.34242131147540983,15.557377049180328,0.6519558676028084,0.21528662420382166,0.0,0.21524537853754927,-0.25820022080166044,-0.6744924949024296,-0.9336698226701333,0.08894799016393443,397.6350344262295,0.0,61.0,0.19214542181205538
huanfeng,bot,LPL,1,111,0.577,ThunderTalk Gaming|Weibo Gaming,45.9,55.5,54.3,48.1,67.9,52.7,4.6,5.5,5.4,4.8,6.8,5.3,0.0,0.0,0.0,539.6724459459459,0.24993836936936936,9.842974774774776,0.0,1.3032729729729728,0.3488918918918919,4.675675675675675,0.6505119453924915,0.1363973313565604,3.3333333333333335,0.19795382526029878,-0.2089412024756853,0.045258620689655145,-0.8105086000584766,0.27102786486486485,0.0,0.0,111.0,0.1033006043360051
Morgan,top,LCK,1,75,0.387,HANJIN BRION,38.2,67.0,53.7,54.8,53.5,52.7,3.8,6.7,5.4,5.5,5.3,5.3,-180.48,-154.52,-1.1333333333333333,370.99697199999997,0.22041614666666665,8.341645333333334,0.21333333333333335,1.170932,0.2829626666666667,9.693333333333333,0.5518617021276596,0.20114285714285715,0.0,0.25329076720381066,-0.7971558894553259,0.0,-0.9331144288049045,0.22828289333333335,717.6845293333333,0.0,75.0,-0.056914743320262196
Caps,mid,LEC,1,89,0.629,G2 Esports,61.5,45.1,51.7,51.0,50.5,52.7,6.2,4.5,5.2,5.1,5.0,5.3,109.17977528089888,-60.674157303370784,-0.5617977528089888,534.5055528089888,0.26579583146067415,8.320706741573034,0.550561797752809,1.036096629213483,0.2196011235955056,3.7752808988764044,0.6737000753579503,0.2221163012392755,2.75,0.1529372095409831,0.23671358804941087,0.08589485779948275,-0.8939310129356016,0.23646334831460675,397.57736179775276,0.0,89.0,-0.3183750567869354
ppgod,sup,LPL,1,99,0.667,Victory Five,49.6,42.6,67.8,47.1,69.8,52.7,5.0,4.3,6.8,4.7,7.0,5.3,0.0,0.0,0.0,158.65631919191918,0.07023106565656566,1.52850202020202,0.0,2.1909242424242423,0.2568656565656566,12.282828282828282,0.7028938906752411,0.20624486442070666,0.050505050505050504,0.3240671241689899,-0.35369151420016093,-0.21289029007109972,-0.7871081819887438,0.10102193535353535,0.0,0.0,99.0,0.4147422418895684
Deidara,top,PGN,3,27,0.593,Cyber Wolves|aNc Outplayed,52.4,62.2,44.2,42.5,57.9,52.7,5.2,6.2,4.4,4.2,5.8,5.3,18.333333333333332,-65.92592592592592,1.7777777777777777,522.8859222222222,0.23361025925925924,7.743248148148148,0.18518518518518517,1.3673407407407407,0.19098888888888887,4.555555555555555,0.47837150127226463,0.23743016759776536,0.0,0.21076938003298726,-0.3355495762491551,-0.8325794207871887,-1.018107241494557,0.21765837037037036,623.5899814814815,0.0,27.0,0.9392800592239194
Lukezy,mid,PGN,3,32,0.469,Cyber Wolves|aNc Outplayed,63.1,54.0,37.8,49.3,48.2,52.7,6.3,5.4,3.8,4.9,4.8,5.3,159.625,53.5,2.65625,586.91269375,0.2726336875,8.442296875,0.625,1.0719375,0.1993,4.34375,0.6452380952380953,0.20787746170678337,0.0,0.12290767274942395,-0.15300697751689005,-0.8371912725661756,-1.0302456796182402,0.25001403125,395.951196875,0.0,32.0,0.13376199009170447
Luka,mid,TCL,15,51,0.608,5 Ronin|Diamant Esports,54.4,48.7,54.0,52.3,55.9,52.7,5.4,4.9,5.4,5.2,5.6,5.3,53.411764705882355,-147.76470588235293,-3.0784313725490198,535.6352098039216,0.25071350980392154,7.801692156862745,0.47058823529411764,1.1153960784313726,0.20085294117647057,5.823529411764706,0.6371359223300971,0.19448476052249636,0.0,0.22577221287110985,-0.17454414541092628,-0.6888648366956295,-0.7991572132608796,0.22332011764705884,360.78771372549016,0.0,51.0,-0.07193832828105036
Duivel,sup,LHE,2,59,0.61,Master Girl|Meta Gaming,49.4,49.7,54.3,59.0,56.9,52.7,4.9,5.0,5.4,5.9,5.7,5.3,141.23728813559322,14.169491525423728,-1.5423728813559323,137.14587627118644,0.06906743898305084,1.0204271186440677,0.01694915254237288,2.4585745762711864,0.2564864406779661,16.28813559322034,0.695562435500516,0.23823529411764705,0.0,0.21543566992014201,-0.10115507882695117,-0.44457566831545603,-0.8615879624030278,0.09131677966101695,501.67638644067796,0.0,59.0,-0.06473404943703887
Griba,sup,CBLOLA,3,42,0.524,Miners Academy,44.6,56.7,52.6,60.1,54.4,52.7,4.5,5.7,5.3,6.0,5.4,5.3,-96.73809523809524,-232.42857142857142,-5.666666666666667,168.1728761904762,0.08363409285714286,0.8314380952380953,0.0,2.4483714285714284,0.32713571428571425,16.38095238095238,0.7173202614379085,0.23731884057971014,0.0,0.24847790551223306,-0.4731773434156086,0.0,-0.9571609842657061,0.08695440952380953,376.01465952380954,0.0,42.0,-0.2161282146269181
Soweto,jng,CBLOLA,3,41,0.439,INTZ Academy,50.9,56.0,47.5,56.1,52.3,52.7,5.1,5.6,4.8,5.6,5.2,5.3,2.1707317073170733,24.682926829268293,1.3658536585365855,318.9964536585366,0.15391982926829267,5.312356097560976,0.2926829268292683,1.4697829268292684,0.4057048780487805,13.853658536585366,0.7087033747779752,0.27228525121555913,0.0,0.20313900192760762,-0.3029906830699542,-0.25196890925001286,-1.04446148214579,0.17277080487804877,821.9408926829268,0.0,41.0,-0.10425710613925904
Van,jng,LMF,2,34,0.206,Maycam Evolve|Stone Movistar,53.1,50.1,57.9,61.1,39.5,52.7,5.3,5.0,5.8,6.1,4.0,5.3,-167.08823529411765,-104.02941176470588,-5.4411764705882355,280.94536470588235,0.1825890882352941,5.077670588235295,0.5882352941176471,1.1215882352941176,0.2681441176470588,10.941176470588236,0.7131147540983607,0.21389396709323583,0.0,0.24446727158591564,0.0,0.0,-1.0081781485546777,0.1859410882352941,727.3848705882352,0.0,34.0,-0.5310700615743053
Kenny,sup,HC,3,20,0.55,ERKO Esports,46.3,58.3,50.3,64.6,44.1,52.7,4.6,5.8,5.0,6.5,4.4,5.3,-26.7,-68.55,-3.15,159.21043,0.07353351500000001,1.041735,0.0,2.41721,0.281785,14.95,0.6885245901639344,0.18652849740932642,0.0,0.2438601816020437,-0.37378139694919155,-0.8569933478609932,-0.8908325757299607,0.09567954,546.8029300000001,0.0,20.0,-0.15477545303335377
Minji,mid,PCS,15,71,0.549,Beyond Gaming,49.5,51.1,45.8,59.6,64.0,52.7,5.0,5.1,4.6,6.0,6.4,5.3,-96.43661971830986,-91.09859154929578,-3.4788732394366195,471.008561971831,0.2391484366197183,7.808405633802817,0.5633802816901409,1.0011042253521127,0.18899014084507043,6.225352112676056,0.7053388090349076,0.19747416762342135,0.0,0.17831869593627483,-0.3469788659880826,-0.5453950811093667,-0.8535076705285115,0.22075133802816901,321.8233830985916,0.0,71.0,-0.053269910324365684
Perry,jng,PGC,2,67,0.522,300|Area of Effect Pump|Dignitas Academy|Evil Geniuses Prodigies,59.6,45.3,50.3,52.4,54.1,52.6,6.0,4.5,5.0,5.2,5.4,5.3,-70.85074626865672,22.208955223880597,2.08955223880597,377.0938910447761,0.17121293880597013,5.324258208955224,0.2835820895522388,1.231055223880597,0.3192328358208955,5.985074626865671,0.670863309352518,0.2488646684831971,0.0,0.24037512310232123,0.22934119137265108,-1.0,-1.1063938754366285,0.18239494029850747,868.639980597015,0.0,67.0,-0.12639578042075472
LvMao,sup,LPL,1,84,0.524,LNG Esports,47.6,45.8,65.0,52.8,62.8,52.6,4.8,4.6,6.5,5.3,6.3,5.3,0.0,0.0,0.0,144.39877619047618,0.07201705119047619,0.7896285714285715,0.0,2.4892619047619045,0.2946154761904762,17.464285714285715,0.6978021978021978,0.22840690978886757,0.0,0.24610709334644518,0.33981474150898583,0.019713403530995224,-0.9640219393241226,0.08652442857142857,0.0,0.0,84.0,0.4231913455037186
Neon,bot,LEC,1,51,0.49,Misfits Gaming,56.0,48.6,40.5,60.4,58.4,52.6,5.6,4.9,4.0,6.0,5.8,5.3,-270.8235294117647,-174.80392156862746,-2.6666666666666665,631.6131254901961,0.29616764705882354,8.901039215686273,0.8823529411764706,1.1411019607843136,0.31970784313725487,4.764705882352941,0.6822840409956076,0.15346534653465346,0.14285714285714285,0.1953370892609845,-0.5000086660619681,-0.960721074129494,-0.911503061941849,0.2660734117647059,315.1186294117647,0.0,51.0,0.3810638386014335
Kevy,jng,LCO,15,65,0.508,CLG Academy|ORDER,57.4,40.2,72.8,46.0,49.6,52.6,5.7,4.0,7.3,4.6,5.0,5.3,-290.9384615384615,-46.92307692307692,-2.5384615384615383,336.3738446153846,0.16836499384615383,5.834698461538462,0.4307692307692308,1.158453846153846,0.2682707692307692,8.4,0.6857463524130191,0.22163308589607636,0.0,0.18414531971057382,0.7799471423851998,1.5815735305328962,-0.9806696717392033,0.18965484615384615,644.24278,0.0,65.0,-0.6620400398931472
DVLK,mid,HC,3,40,0.5,KIA.eSuba Academy,55.8,45.5,54.2,53.4,56.5,52.6,5.6,4.5,5.4,5.3,5.7,5.3,-19.475,-167.3,-1.725,550.7863575,0.28369465,8.29956,0.7,0.945055,0.1367175,3.1,0.6777163904235728,0.2292768959435626,0.0,0.22214369846878682,-0.1639830693371732,0.1436051839245976,-0.8592520156382589,0.25122065,454.72594250000003,0.0,40.0,0.09193548387096771
Ablazeolive,mid,LCS,1,47,0.383,Golden Guardians|Golden Guardians Academy,59.2,44.9,60.0,49.9,46.7,52.6,5.9,4.5,6.0,5.0,4.7,5.3,-98.38297872340425,-165.04255319148936,0.02127659574468085,586.3377276595745,0.28716963829787234,8.463002127659575,0.2553191489361702,1.1481680851063831,0.24663829787234043,5.638297872340425,0.6654676258992805,0.2182890855457227,0.0,0.26596920966082205,-0.08980876030096724,-0.1441239699032604,-0.8604689286775995,0.23630997872340426,375.92386382978725,0.0,47.0,-0.09712959525514211
Juhan,jng,PCS,15,64,0.625,Kiwoom DRX|PSG Talon,52.7,55.0,50.3,47.8,56.7,52.6,5.3,5.5,5.0,4.8,5.7,5.3,84.53125,-39.8125,-0.875,270.144753125,0.142954971875,6.5530234375,0.296875,1.6191015625,0.4103796875,15.171875,0.6842723004694836,0.24613003095975233,0.0,0.1478351352723212,-0.1308673483181306,0.01125852389755295,-0.9614457282538762,0.1727955,674.9072734375,0.0,64.0,-0.2244619205298013
Rovex,sup,PGC,2,71,0.592,Taco Gaming|University of St. Thomas,67.2,38.1,48.8,47.9,58.5,52.6,6.7,3.8,4.9,4.8,5.8,5.3,36.774647887323944,234.11267605633802,4.873239436619718,186.54340845070422,0.07606672535211267,1.2478971830985917,0.09859154929577464,1.7938845070422536,0.20352535211267606,5.957746478873239,0.6431283219438116,0.1970970206264324,0.0,0.23870290291596163,-0.43617124862852336,-0.43096473995731066,-0.9796920396509232,0.10574518732394367,394.19275352112675,0.0,71.0,-0.040254311198264704
Arashi,jng,PCS,15,28,0.071,SEM9,49.7,63.3,39.1,55.4,50.6,52.6,5.0,6.3,3.9,5.5,5.1,5.3,-454.2857142857143,-249.42857142857142,-2.107142857142857,299.6787142857143,0.19145710357142856,5.681471428571428,0.2857142857142857,1.3668071428571429,0.35614642857142853,11.928571428571429,0.772020725388601,0.20522388059701493,0.0,0.11348144609014174,0.0,0.0,-1.3760491379257482,0.20948710714285715,633.2593142857143,0.0,28.0,0.9810497444208953
Phenix,sup,HC,3,26,0.577,ERKO Esports,55.3,43.6,61.8,57.1,46.9,52.6,5.5,4.4,6.2,5.7,4.7,5.3,-35.76923076923077,31.807692307692307,4.346153846153846,173.6240269230769,0.07689011538461538,1.294253846153846,0.038461538461538464,2.055223076923077,0.25066153846153844,6.846153846153846,0.6726804123711341,0.22465753424657534,0.0,0.17569689831173932,0.9218346947549442,0.9733447979363716,-1.0820810056766237,0.0949588076923077,504.8920153846154,0.0,26.0,0.14912171421452589
Karakal Jr,sup,NLC,2,20,0.6,MNM Gaming,39.9,66.2,45.7,63.9,49.4,52.6,4.0,6.6,4.6,6.4,4.9,5.3,-97.25,-405.2,2.4,136.526,0.06044343,1.04149,0.05,2.49954,0.32115,11.2,0.7544378698224852,0.19101123595505617,0.0,0.15117835321501313,-0.44678416113527114,-0.7286945906767376,-0.7541276070249809,0.09957226999999999,289.19743,0.0,20.0,0.10387588277817926
Toaster,bot,ESLOL,3,21,0.714,mCon esports,69.5,41.3,50.6,48.9,42.5,52.6,7.0,4.1,5.1,4.9,4.2,5.3,521.4761904761905,42.80952380952381,-1.9047619047619047,627.6284619047619,0.25544157142857143,8.184585714285715,1.6666666666666667,1.0049761904761905,0.2584619047619047,4.0,0.6666666666666666,0.2446043165467626,0.0,0.17464222261270232,0.0,-0.8524554263919557,-0.7096680147223717,0.26382209523809524,322.9472714285714,0.0,21.0,-0.46264913947840774
Citrus,jng,LCKC,2,50,0.46,DN SOOPers Challengers,43.2,57.4,54.1,58.6,54.8,52.5,4.3,5.7,5.4,5.9,5.5,5.2,-213.04,-123.94,-0.88,267.296278,0.134185672,5.31114,0.24,1.44721,0.397058,14.38,0.6998468606431854,0.25857142857142856,0.0,0.2905065475031346,-0.529688048171033,-0.7233459106888429,-0.8569061679309097,0.16813036,754.3721959999999,0.0,50.0,-0.05393213305668973
Irrelevant,top,LEC,1,51,0.471,Misfits Gaming|Misfits Premier,57.2,48.5,34.6,64.9,56.8,52.5,5.7,4.8,3.5,6.5,5.7,5.2,-35.11764705882353,47.23529411764706,0.6078431372549019,504.5121705882353,0.23982537254901962,7.654874509803921,0.2549019607843137,0.8901470588235294,0.1969313725490196,4.7254901960784315,0.6,0.22116689280868385,0.0,0.15494504332643072,-0.5180776196636482,-0.9257438551099613,-1.0866587761510764,0.21947435294117645,863.7623960784314,0.0,51.0,0.6464195145513828
Hena,bot,LCK,1,84,0.381,HANJIN BRION,45.5,57.3,53.5,59.9,48.2,52.5,4.5,5.7,5.3,6.0,4.8,5.2,-117.33333333333333,58.666666666666664,0.5476190476190477,460.9121857142857,0.26634741666666667,9.699116666666667,0.5357142857142857,1.322747619047619,0.40815238095238093,5.821428571428571,0.6986951364175563,0.1683673469387755,0.0,0.270055427876166,-0.7671553529629173,0.0,-0.8299246333024741,0.2684825714285714,270.8702666666667,0.0,84.0,-0.298038943940129
FBI,bot,LCS,1,76,0.566,100 Thieves,43.6,57.1,48.1,67.3,50.5,52.5,4.4,5.7,4.8,6.7,5.0,5.2,-188.1184210526316,-234.8684210526316,-13.276315789473685,551.5616407894737,0.2854933947368421,8.542776315789473,0.5394736842105263,1.350821052631579,0.3521736842105263,5.894736842105263,0.7236286919831224,0.18016928657799275,0.0,0.15966807122907284,-0.21462612661101704,0.18682415571452352,-0.8602864778043181,0.2544203684210526,285.5804789473684,0.0,76.0,-0.1253257070225612
Soligo,mid,LCSA,2,88,0.409,Evil Geniuses Academy,40.2,46.6,72.8,52.2,69.0,52.5,4.0,4.7,7.3,5.2,6.9,5.2,-163.52272727272728,-187.4431818181818,-5.090909090909091,505.10785454545453,0.2468109090909091,8.152480681818183,0.1590909090909091,0.9308147727272726,0.1764522727272727,5.579545454545454,0.5938511326860841,0.1744617668893838,0.0,0.3426819610147408,0.650573875022773,0.0,-0.9195031846400462,0.22488522727272728,304.6998090909091,0.0,88.0,0.2209394118807972
Rogue,sup,LCO,15,68,0.603,Pentanet.GG,42.5,53.0,59.5,54.4,64.7,52.5,4.2,5.3,6.0,5.4,6.5,5.2,-72.73529411764706,-205.41176470588235,-3.0441176470588234,155.54251470588235,0.06851500882352941,1.0829382352941175,0.0,2.5600014705882352,0.2741514705882353,15.955882352941176,0.6883680555555556,0.21806167400881057,0.0,0.2358244780653686,-0.17142813544321167,-0.1862328902995438,-0.8879017277023724,0.09089258529411764,387.27397352941176,0.0,68.0,0.2640051567814219
Jealow,sup,SL (LATAM),3,40,0.45,Cienciano Esports,43.6,59.2,45.0,59.1,61.2,52.5,4.4,5.9,4.5,5.9,6.1,5.2,4.025,-12.8,-2.95,132.47672749999998,0.067446435,1.0826775,0.0,2.5634275,0.38612,18.625,0.712171052631579,0.25,0.0,0.19009388808604477,-0.17256235675161988,-0.6537786416124716,-1.0247708984288344,0.09221582,458.930155,0.0,40.0,0.47674412862295273
Clyde,sup,PGC,2,29,0.414,DK Crew|Harrisburg University,67.8,49.8,36.6,53.3,40.0,52.5,6.8,5.0,3.7,5.3,4.0,5.2,98.41379310344827,98.13793103448276,3.2413793103448274,212.0080448275862,0.09482757241379311,1.3418275862068965,0.034482758620689655,2.140451724137931,0.2450344827586207,10.275862068965518,0.7028824833702882,0.1983640081799591,0.0,0.15876641918903484,-0.863610369805566,0.0,-1.2144476743229464,0.11025872068965517,385.9194551724138,0.0,29.0,-0.07053358443188947
Ventair,top,PRM,3,46,0.609,Berlin International Gaming,46.5,52.9,57.2,56.9,54.9,52.5,4.7,5.3,5.7,5.7,5.5,5.2,-273.4130434782609,-80.97826086956522,-6.934782608695652,480.2425239130435,0.22247167173913043,8.123208695652174,0.43478260869565216,0.8955869565217391,0.15790652173913045,6.065217391304348,0.4891304347826087,0.16993464052287582,0.0,0.23055508530368862,-0.19775958638517885,0.1296854803963809,-0.8821097451722251,0.21969978260869566,951.1660586956523,0.0,46.0,-0.36467751657625086
SeongHwan,jng,TCL,15,33,0.485,Fenerbahçe Esports,42.2,64.6,52.6,56.1,47.4,52.5,4.2,6.5,5.3,5.6,4.7,5.2,-173.9090909090909,-170.0909090909091,-4.03030303030303,277.3639575757576,0.13695968181818183,5.204954545454545,0.09090909090909091,1.663551515151515,0.5039969696969697,12.909090909090908,0.7048054919908466,0.2423580786026201,0.0,0.1537401151716829,0.04438619065870874,0.16009965504024534,-1.0132276028344425,0.16302651515151514,719.358409090909,0.0,33.0,0.13487535482420387
Sahira,mid,NLC,2,33,0.545,Cryptova|Vanir,59.0,48.4,45.7,54.7,50.5,52.4,5.9,4.8,4.6,5.5,5.0,5.2,-88.06060606060606,-34.878787878787875,-1.6666666666666667,655.8419393939394,0.2907407878787879,8.57839696969697,0.3939393939393939,0.9316515151515151,0.13890000000000002,4.333333333333333,0.6526315789473685,0.18216318785578747,0.0,0.21519486926492354,-0.8341484159047418,0.0,-0.8861013302647902,0.24512181818181816,381.329596969697,0.0,33.0,0.14688139757062912
Dragonmin,jng,UPL,2,37,0.541,Bay State College,53.0,44.6,57.3,55.6,56.9,52.4,5.3,4.5,5.7,5.6,5.7,5.2,-153.32432432432432,-166.0810810810811,-4.27027027027027,372.4363945945946,0.14932924594594596,6.074,0.4594594594594595,1.119862162162162,0.24489999999999998,6.378378378378378,0.6679946879150066,0.2052401746724891,0.0,0.19501778528338953,0.15961881675738349,-0.21403281794186102,-0.881398896142663,0.1857232972972973,837.5227351351351,0.0,37.0,0.3687268829906739
RangJun,mid,LFL,2,36,0.25,Mirage Elyandra,36.0,64.8,63.7,57.1,44.8,52.4,3.6,6.5,6.4,5.7,4.5,5.2,-243.44444444444446,-153.41666666666666,-9.222222222222221,405.115075,0.24058958333333333,8.687238888888889,0.2777777777777778,1.2251194444444444,0.2770888888888889,4.972222222222222,0.6810810810810811,0.19834710743801653,0.0,0.31834368530020707,0.0,0.0,-0.9794320295845783,0.24168605555555558,388.9314444444444,0.0,36.0,-0.13043478260869576
View,jng,LPL,1,41,0.293,Team WE|Team WE Academy,48.9,63.9,44.7,56.9,40.7,52.4,4.9,6.4,4.5,5.7,4.1,5.2,0.0,0.0,0.0,254.80714634146344,0.1444863268292683,5.155509756097561,0.0,1.4954121951219512,0.46021951219512197,9.585365853658537,0.7354988399071926,0.20833333333333334,6.2439024390243905,0.175515230722831,0.0,0.0,-1.091629720985064,0.18005163414634145,0.0,0.0,41.0,-0.014039447350212593
Jojopyun,mid,LCS,1,123,0.61,Evil Geniuses,56.4,38.9,60.8,50.0,63.5,52.4,5.6,3.9,6.1,5.0,6.3,5.2,178.73170731707316,-5.7560975609756095,2.6666666666666665,502.7687162601626,0.2447980894308943,8.330823577235773,0.25203252032520324,1.0313040650406504,0.22398536585365855,5.699186991869919,0.654243119266055,0.2287390029325513,0.0,0.23119337752178065,0.16421117473601335,0.004134666904804376,-0.877736757950293,0.22868913821138212,422.88244146341464,0.0,123.0,-0.1575437913114898
Weiwei,jng,LPL,1,84,0.512,Bilibili Gaming,49.4,56.6,54.9,47.2,54.8,52.4,4.9,5.7,5.5,4.7,5.5,5.2,0.0,0.0,0.0,275.4308511904762,0.1354004630952381,5.347982142857143,0.0,1.5840583333333333,0.44170595238095234,12.023809523809524,0.6835555555555556,0.23176361957525393,10.583333333333334,0.19177087215747846,0.0629508959739353,0.4769994569854939,-1.0120579933004847,0.17269079761904763,0.0,0.0,84.0,0.07439937117665134
Tochas,sup,LPLOL,3,28,0.25,Boavista FC|QLASH Spain|Tony Parker Adéquat Academy,54.3,50.3,43.1,58.1,56.8,52.4,5.4,5.0,4.3,5.8,5.7,5.2,-156.89285714285714,162.89285714285714,0.75,176.30287857142858,0.08919711071428571,1.3445285714285713,0.0,2.167385714285714,0.2989428571428571,13.464285714285714,0.7028571428571428,0.22707423580786026,0.0,0.22257087806220757,-0.6383550320314114,0.0,-1.1614033975310638,0.09478589999999999,436.66797499999996,0.0,28.0,0.9201850780798154
Saya,jng,GL,3,38,0.395,Janus Esports|Ramo Awake Gaming,61.9,48.1,48.7,46.7,50.1,52.4,6.2,4.8,4.9,4.7,5.0,5.2,-111.78947368421052,145.5,4.657894736842105,368.35789736842105,0.18362062368421053,6.2080131578947375,0.5,1.2334789473684211,0.3108289473684211,11.052631578947368,0.6528028933092225,0.21474358974358973,0.0,0.1877005859905156,0.0,-0.2793794735791485,-1.0301514341012108,0.2095854210526316,817.2154131578948,0.0,38.0,-0.17966154485049837
RobbyBob,mid,UPL,2,67,0.612,Team Pending|University of St. Thomas,70.8,39.5,41.2,49.5,53.3,52.4,7.1,4.0,4.1,5.0,5.3,5.2,177.02985074626866,2.970149253731343,6.940298507462686,728.0412447761194,0.27977282537313436,8.533314925373134,0.6865671641791045,0.745458208955224,0.12532835820895522,1.2388059701492538,0.5963375796178344,0.1790916880891174,0.0,0.15233756128578838,-0.3963380082020753,-0.4488580787516207,-0.9036128125399746,0.24655685074626865,447.23304776119403,0.0,67.0,-0.34264818909300715
Mobility,bot,UPL,2,46,0.435,Team Ambition|Tempest Gaming|Winthrop University,61.6,46.1,44.6,54.8,50.3,52.4,6.2,4.6,4.5,5.5,5.0,5.2,-35.08695652173913,-93.69565217391305,3.4782608695652173,627.8525630434782,0.26896419565217394,8.457828260869565,1.326086956521739,0.9558,0.20234347826086957,4.543478260869565,0.6692913385826772,0.17037037037037037,0.0,0.1638129312547917,-0.2345776481365412,0.0,-1.0335689476356766,0.27169821739130434,239.04017826086957,0.0,46.0,0.10496729906491534
Sang,bot,LMF,2,22,0.136,Malvinas Gaming,44.8,56.5,59.4,61.6,40.7,52.4,4.5,5.7,5.9,6.2,4.1,5.2,-33.45454545454545,-74.86363636363636,0.7272727272727273,445.27349545454547,0.2770728181818182,7.946568181818182,0.3181818181818182,1.0834136363636364,0.29575,4.318181818181818,0.7142857142857143,0.1810810810810811,0.0,0.29358151476251604,0.0,0.0,-1.036307439737695,0.26628840909090906,287.39555454545456,0.0,22.0,-0.0406685236768803
Kobrq,mid,EL,3,21,0.762,Aurelius Esports,39.7,61.8,51.2,66.2,46.8,52.4,4.0,6.2,5.1,6.6,4.7,5.2,251.71428571428572,98.71428571428571,-3.6666666666666665,407.16751904761907,0.17763197142857143,7.517695238095238,0.2857142857142857,1.0675666666666668,0.22240476190476188,6.619047619047619,0.648876404494382,0.1700404858299595,0.0,0.1679606342263532,0.2934131736526945,-0.6766467065868264,-0.837972478576964,0.21016847619047618,469.87509047619045,0.0,21.0,0.13769271664008523
Rosseu,sup,VL,3,24,0.5,Waia Snikt,48.1,57.1,60.3,52.6,42.5,52.4,4.8,5.7,6.0,5.3,4.2,5.2,-57.083333333333336,-153.83333333333334,-14.0,190.41051249999998,0.09278933333333333,1.1624958333333333,0.0,2.514858333333333,0.33584166666666665,16.625,0.6750700280112045,0.2136986301369863,0.0,0.3651084365370079,-0.2522411177139968,-0.7830319888734355,-0.9606066773853014,0.09617701666666667,381.19224583333335,0.0,24.0,-0.3471664906722985
Tobi4,top,ESLOL,3,35,0.457,KV Mechelen Esports,48.8,46.4,49.0,68.6,57.6,52.4,4.9,4.6,4.9,6.9,5.8,5.2,-314.42857142857144,-29.514285714285716,0.9428571428571428,500.0832314285715,0.22218957142857143,7.703042857142857,0.37142857142857144,0.7550857142857144,0.08192571428571428,3.1142857142857143,0.5730129390018485,0.1875,0.0,0.13947979374221034,0.0,0.06052860452918884,-0.9229153471130638,0.2108594857142857,1063.73286,0.0,35.0,0.38902102732622884
Nisqy,mid,LEC,1,39,0.538,MAD Lions KOI,57.7,42.7,54.0,62.0,45.3,52.4,5.8,4.3,5.4,6.2,4.5,5.2,18.666666666666668,-133.46153846153845,-2.9743589743589745,543.8130307692307,0.26764415384615386,8.24488717948718,0.5128205128205128,0.9378230769230769,0.1578692307692308,5.846153846153846,0.7448015122873346,0.2248995983935743,0.0,0.27951769495772,-0.45065724936237,-0.5320776927604474,-0.8004585003550342,0.23517387179487179,394.4493025641026,0.0,39.0,-0.15548838689150485
Dehaste,mid,PGN,3,50,0.52,SK Gaming Prime|aNc Outplayed,56.5,47.3,54.6,45.7,58.5,52.3,5.7,4.7,5.5,4.6,5.8,5.2,57.74,-197.56,2.46,593.098402,0.26188175999999996,8.637742000000001,0.56,1.00754,0.173984,4.26,0.61625,0.20546163849154747,0.0,0.2258834962086995,-0.09353786090959411,0.5942662354689274,-0.964117332321686,0.24325739999999998,349.517318,0.0,50.0,0.005451076587626183
Bdd,mid,LCK,1,82,0.354,Nongshim RedForce,50.0,50.7,54.9,53.4,56.5,52.3,5.0,5.1,5.5,5.3,5.7,5.2,-80.58536585365853,-110.03658536585365,-1.5,492.28366585365853,0.2661309634146341,8.520835365853658,0.34146341463414637,1.1643975609756096,0.2357707317073171,9.048780487804878,0.65625,0.174496644295302,0.0,0.25106273600205625,0.0,0.0,-1.0048097680318817,0.23440778048780486,314.70038414634143,0.0,82.0,0.12974713514537356
Mojito,jng,TCL,15,46,0.543,Galatasaray Esports,56.2,45.9,54.3,50.6,56.4,52.3,5.6,4.6,5.4,5.1,5.6,5.2,307.1521739130435,173.47826086956522,4.413043478260869,262.27703478260867,0.12704143478260868,5.799304347826087,0.13043478260869565,1.398954347826087,0.35540652173913045,11.58695652173913,0.6607717041800643,0.23099850968703428,0.0,0.22502432628078822,-0.03630651109877188,-0.42689182267817427,-0.9612166374593107,0.1766250652173913,781.0249630434782,0.0,46.0,0.2574206280877891
Pbd,sup,TCL,15,50,0.56,Dark Passage,56.6,46.0,50.2,48.5,63.4,52.3,5.7,4.6,5.0,4.8,6.3,5.2,24.34,-177.42,7.86,147.17305,0.079234388,1.4231200000000002,0.06,2.209396,0.352054,12.26,0.671875,0.23692307692307693,0.0,0.1654403398316013,0.004496648347727606,-0.46233838688541606,-0.9803693150073097,0.099508196,440.32921600000003,0.0,50.0,0.8479564107116032
Leemas,bot,LCO,15,42,0.405,Kanga Esports,49.4,39.7,66.9,47.8,73.2,52.3,4.9,4.0,6.7,4.8,7.3,5.2,-280.42857142857144,-79.95238095238095,-9.19047619047619,579.7077285714286,0.27935716666666666,8.523150000000001,0.6666666666666666,1.0991285714285715,0.30943333333333334,4.523809523809524,0.6260720411663808,0.20351390922401172,0.0,0.16147602455616392,0.4970294614701115,1.5611094656515145,-0.9623542104559328,0.25961142857142855,299.63408095238094,0.0,42.0,1.3610635421360975
ElOjoInka,jng,SL (LATAM),3,30,0.433,Club Deportivo Municipal,43.2,54.9,63.4,54.9,51.5,52.3,4.3,5.5,6.3,5.5,5.2,5.2,-86.8,-48.1,0.13333333333333333,269.3654266666667,0.14657553666666667,5.549056666666667,0.2,1.4370666666666667,0.32880000000000004,9.9,0.6719101123595506,0.22433460076045628,0.0,0.2716533081468927,0.08147747337244393,0.0,-0.9276937091468478,0.18568136666666665,859.0400533333334,0.0,30.0,0.13108128336909322
Zothve,top,LLA,15,28,0.286,All Knights,51.3,54.8,54.5,52.7,45.9,52.3,5.1,5.5,5.5,5.3,4.6,5.2,-113.57142857142857,-38.607142857142854,4.607142857142857,461.4793,0.24573064285714286,8.863014285714286,0.14285714285714285,0.9749,0.14314642857142856,7.428571428571429,0.5412844036697247,0.16941176470588235,0.0,0.24519317160826598,-0.5188294790592625,0.0,-1.019403227932777,0.23326596428571428,630.0097035714286,0.0,28.0,0.11081716637272207
Shogo,bot,UPL,2,36,0.694,University of St. Thomas,73.2,35.8,54.8,41.0,47.5,52.3,7.3,3.6,5.5,4.1,4.8,5.2,41.75,251.72222222222223,6.583333333333333,741.7011027777777,0.27716755555555556,9.54443611111111,1.1111111111111112,0.907113888888889,0.28260555555555555,1.2777777777777777,0.5745784695201037,0.20955315870570107,0.0,0.1818736038570075,-0.04810961650478854,-0.07831104970130447,-0.80945540781599,0.2713828333333333,345.37272777777775,0.0,36.0,-0.2199118094020147
PmK,top,HC,3,21,0.524,FLY5,51.8,42.0,62.8,50.1,65.0,52.3,5.2,4.2,6.3,5.0,6.5,5.2,-16.333333333333332,-78.38095238095238,0.14285714285714285,513.4534761904762,0.23582038095238095,7.210371428571428,0.23809523809523808,0.7950857142857143,0.15604285714285715,2.5238095238095237,0.46814404432132967,0.21474358974358973,0.0,0.3170263488080301,0.0,-0.4477452030778222,-0.9450009217644973,0.20771433333333333,855.4162904761904,0.0,21.0,1.6237010529213405
ZaZee,mid,PRM,3,70,0.571,Berlin International Gaming,43.6,53.8,47.4,57.0,70.0,52.2,4.4,5.4,4.7,5.7,7.0,5.2,-120.62857142857143,-96.97142857142858,-3.6714285714285713,498.3258671428572,0.23813051857142858,8.439324285714285,0.4142857142857143,0.9394871428571429,0.18219,4.414285714285715,0.6685552407932012,0.19037871033776868,0.0,0.18807493497514238,-0.3120039498023407,-0.27753786636276623,-0.8568100817636017,0.23170949999999998,353.41470571428573,0.0,70.0,-0.06826263864890482
Johnsun,bot,LCS,1,58,0.448,FlyQuest,57.0,56.0,39.9,56.3,42.7,52.2,5.7,5.6,4.0,5.6,4.3,5.2,-18.896551724137932,-36.827586206896555,-1.6896551724137931,530.340101724138,0.2998541206896552,9.565410344827587,0.9827586206896551,1.3966396551724138,0.35997413793103444,6.068965517241379,0.7140549273021002,0.18646408839779005,0.0,0.1725690556177678,-0.3501802743583727,-0.7668220510741791,-0.9562530328175148,0.28288250000000004,295.4737189655172,0.0,58.0,-0.15977337110481593
Therru,top,SL (LATAM),3,40,0.4,Diamond Doves|GeekSide Esports,49.1,61.9,50.9,46.4,48.8,52.2,4.9,6.2,5.1,4.6,4.9,5.2,143.9,-96.75,6.35,449.51506500000005,0.22438557499999998,7.6905125,0.2,1.19149,0.154115,5.8,0.4856175972927242,0.17379310344827587,0.0,0.19447884958538886,0.29910233393177765,0.0,-1.1418574829664558,0.23587267500000003,669.3469849999999,0.0,40.0,-0.09034480618230337
Vasekfel,mid,HC,3,20,0.55,ERKO Esports,61.1,42.4,59.7,51.3,42.4,52.2,6.1,4.2,6.0,5.1,4.2,5.2,-270.0,69.3,4.15,592.862295,0.27083225,7.710275,0.9,0.755,0.14551,2.4,0.6420765027322405,0.19689119170984457,0.0,0.3464362886061965,-0.35107046352109744,-0.7453751818748702,-0.7753269492531752,0.2320861,320.51635500000003,0.0,20.0,-0.28564453124999994
Sengio,bot,GLL,3,20,0.2,Team Refuse,42.9,68.5,42.4,63.4,38.0,52.2,4.3,6.8,4.2,6.3,3.8,5.2,-342.4,-207.1,0.35,521.040125,0.2677007,9.75193,0.3,1.0525,0.27475499999999997,2.8,0.7546296296296297,0.14285714285714285,0.0,0.19904761904761906,0.0,-0.7454931071049841,-1.0882727462552098,0.29950215,274.30129,0.0,20.0,-0.21062618595825433
Lospa,sup,LCKC,2,77,0.506,Gen.G|Gen.G Global Academy,42.6,50.1,50.7,63.8,66.8,52.1,4.3,5.0,5.1,6.4,6.7,5.2,-125.1948051948052,0.4025974025974026,-2.5454545454545454,140.9438987012987,0.07081296493506493,1.180196103896104,0.0,2.33865974025974,0.24510909090909092,16.285714285714285,0.719560878243513,0.2334975369458128,0.0,0.2373889208913784,-0.38941147882190114,-0.04151801908089135,-1.0330772439935567,0.08585582597402597,437.59472467532464,0.0,77.0,0.41762850552008624
Clozer,mid,LCK,1,94,0.479,Liiv SANDBOX,53.7,43.5,44.5,52.6,76.5,52.1,5.4,4.3,4.5,5.3,7.7,5.2,-191.74468085106383,-85.63829787234043,-1.3829787234042554,527.8599521276595,0.27736212765957446,8.897078723404254,0.4148936170212766,0.9397542553191489,0.20729787234042554,4.872340425531915,0.6654028436018957,0.17937971500419111,0.0,0.18486785385776566,-0.006558625650573386,-0.38228324800067703,-0.9771705950688367,0.2434672340425532,384.8850521276596,0.0,94.0,1.0908383466523002
DuDu,top,LCK,1,89,0.27,Hanwha Life Esports,54.6,52.0,48.0,54.1,48.5,52.1,5.5,5.2,4.8,5.4,4.8,5.2,-4.235955056179775,-27.15730337078652,2.707865168539326,435.27820561797756,0.2595822808988764,8.162831460674157,0.25842696629213485,0.9569269662921348,0.2254494382022472,6.932584269662922,0.5714285714285714,0.21168501270110077,0.0,0.19000385059684252,0.0,0.0,-1.1270554222063283,0.23640877528089888,671.4427325842697,0.0,89.0,-0.16181506454043146
scuro,sup,CBLOL,15,53,0.604,KaBuM! Esports,49.4,54.1,48.6,50.9,60.9,52.1,4.9,5.4,4.9,5.1,6.1,5.2,-53.943396226415096,-162.37735849056602,3.2452830188679247,150.17381132075474,0.06676645471698113,1.135922641509434,0.05660377358490566,2.5867207547169815,0.3310433962264151,18.943396226415093,0.6518353726362626,0.2131367292225201,0.0,0.1617241126300156,0.14449621648207922,-0.8002145843353435,-1.01964532238865,0.09000697735849057,381.85672452830187,0.0,53.0,0.6176439037995323
NinjaKiwi,bot,CBLOL,15,33,0.182,Rensga Academy|Rensga eSports,61.7,52.1,41.1,57.4,35.9,52.1,6.2,5.2,4.1,5.7,3.6,5.2,145.54545454545453,-86.6969696969697,15.121212121212121,547.4910878787879,0.3045986363636364,8.884569696969697,0.5454545454545454,1.2192666666666665,0.324369696969697,5.787878787878788,0.6857142857142857,0.18081180811808117,0.0,0.14957463263727766,0.0,0.0,-1.2867278919650291,0.26549221212121216,307.83520000000004,0.0,33.0,-0.48164452877925357
Nottingham,sup,LMF,2,58,0.621,EBRO,38.1,57.5,67.9,51.9,54.5,52.1,3.8,5.8,6.8,5.2,5.5,5.2,-121.6896551724138,-260.13793103448273,-6.155172413793103,138.19378965517242,0.07129002413793104,1.2244241379310343,0.0,2.7675706896551726,0.3805310344827586,15.96551724137931,0.6441326530612245,0.23066666666666666,0.0,0.33767072043657487,0.08308463210640732,-0.049850779263844514,-0.9202381572233069,0.09008266551724138,409.38167586206896,0.0,58.0,-0.1006662149954834
Snoopy,bot,SL (LATAM),3,35,0.4,Club Deportivo Municipal,42.2,63.0,50.5,53.0,54.4,52.1,4.2,6.3,5.0,5.3,5.4,5.2,-523.8857142857142,-333.9428571428571,-13.028571428571428,520.7912885714286,0.2788474285714286,8.460857142857142,0.8857142857142857,1.4057028571428571,0.2953314285714286,5.9714285714285715,0.6699410609037328,0.17851500789889416,0.0,0.23750220809044337,-0.31804053213974876,0.0,-0.9367238645648777,0.26835559999999997,271.6687228571429,0.0,35.0,0.2604079564170785
Enso,sup,PCS,15,64,0.609,J Team,50.3,46.1,55.8,52.3,64.8,52.1,5.0,4.6,5.6,5.2,6.5,5.2,96.609375,-9.03125,2.03125,137.196303125,0.069951775,1.039521875,0.015625,2.3971015625,0.243871875,16.515625,0.6780748663101605,0.22547584187408493,0.0,0.19466412096203,-0.18663505162812932,-0.040774221570703525,-0.8877868461671735,0.0889225875,364.3726515625,0.0,64.0,0.4018105300074526
Paz,top,LJL,15,66,0.667,QT DIG∞,40.0,51.8,52.5,64.6,65.7,52.1,4.0,5.2,5.2,6.5,6.6,5.2,-197.3181818181818,-77.57575757575758,-4.515151515151516,368.3516333333333,0.1814841212121212,7.516971212121212,0.2727272727272727,0.914569696969697,0.16958939393939393,5.0,0.5407166123778502,0.1906779661016949,0.0,0.19237597911227156,-0.46528080104484104,-0.30779277318241177,-0.8170435244785345,0.19966890303030302,842.8047318181818,0.0,66.0,0.10485303386237334
yawang,sup,LDL,2,40,0.525,LNG Academy,42.0,55.3,63.2,49.7,58.7,52.1,4.2,5.5,6.3,5.0,5.9,5.2,0.0,0.0,0.0,112.553925,0.06555700249999999,1.1419774999999999,0.0,2.5616700000000003,0.351535,15.3,0.66728280961183,0.22641509433962265,0.0,0.23582919563058588,0.0,0.0,-0.7869580719307601,0.0870894475,0.0,0.0,40.0,0.2934583248420624
Phlaty,mid,UL,2,24,0.5,Goskilla|Unicorns of Love.CIS,55.7,48.9,44.0,65.3,43.4,52.1,5.6,4.9,4.4,6.5,4.3,5.2,78.33333333333333,11.166666666666666,1.1666666666666667,560.8065375,0.26439995833333335,8.288400000000001,0.375,0.8917541666666667,0.13907916666666667,4.625,0.7361563517915309,0.2206405693950178,0.0,0.19455782312925168,-0.5148568974268868,-0.7266799422123306,-0.837783853042613,0.22178325,388.219875,0.0,24.0,-0.18360486164985784
PauFerran,sup,NEXO,3,20,0.25,LK Gaming|Phlox Gaming|TDC Esports,51.9,50.4,58.8,57.3,40.7,52.1,5.2,5.0,5.9,5.7,4.1,5.2,-304.3,-169.4,-3.15,205.27285,0.10875640499999999,0.930805,0.0,2.2404900000000003,0.22164,14.1,0.7004405286343612,0.20699708454810495,0.0,0.28447488584474884,0.0,0.0,-1.009756609696495,0.094709725,375.78087,0.0,20.0,-0.26167023554603847
Aaron,bot,NEXO,3,28,0.679,Pawned Mercenaries|QLASH Spain,54.9,43.1,70.7,43.9,50.4,52.1,5.5,4.3,7.1,4.4,5.0,5.2,134.39285714285714,-67.82142857142857,7.25,517.4372892857143,0.24809057142857144,8.638528571428571,1.0357142857142858,1.0292678571428573,0.2241107142857143,5.5,0.5686695278969958,0.15384615384615385,0.0,0.32847146821088186,-0.09096732863549022,0.36835361947469564,-0.69048444617638,0.23862642857142857,214.0226,0.0,28.0,-0.16499999999999998
Manuize,sup,LMF,2,25,0.16,WAP Esports,52.8,62.0,38.8,60.0,35.8,52.1,5.3,6.2,3.9,6.0,3.6,5.2,-40.4,-140.52,-0.52,140.5656,0.089096628,0.988824,0.08,2.6943560000000004,0.358928,19.6,0.7041666666666667,0.22524752475247525,0.0,0.1675973872135919,0.0,0.0,-1.4545224151199505,0.091307136,416.005304,0.0,25.0,-0.07471016145547715
Guardian,top,LAS,3,28,0.25,DN SOOPers Academy,49.2,55.2,44.5,65.4,44.9,52.1,4.9,5.5,4.5,6.5,4.5,5.2,-349.7857142857143,131.82142857142858,-9.535714285714286,523.8281035714286,0.25172610714285715,6.955325,0.14285714285714285,0.8963428571428571,0.1621857142857143,6.107142857142857,0.5371621621621622,0.19117647058823528,0.0,0.16630252100840337,0.0,0.0,-1.1554498935441513,0.20397389285714285,1036.896275,0.0,28.0,0.15020191670182623
Wendel,sup,NLC,2,23,0.391,Astralis Talent|Rebels Gaming,42.0,54.3,53.1,56.4,64.3,52.0,4.2,5.4,5.3,5.6,6.4,5.2,-147.7826086956522,-273.30434782608694,-5.086956521739131,167.2986652173913,0.0818581347826087,0.8594999999999999,0.0,2.585404347826087,0.35740434782608693,13.608695652173912,0.6934984520123839,0.25806451612903225,0.0,0.2265347434520367,0.0,0.0,-1.0894739431382672,0.08823423913043478,406.3064130434783,0.0,23.0,1.3413626639644205
Josedeodo,jng,LCS,1,58,0.448,FlyQuest,44.8,61.9,41.9,62.5,48.0,52.0,4.5,6.2,4.2,6.2,4.8,5.2,-144.3793103448276,-34.05172413793103,-0.6551724137931034,233.97784827586207,0.13339538448275862,5.9479482758620685,0.1724137931034483,1.5648258620689655,0.46201551724137935,10.913793103448276,0.7172859450726979,0.20441988950276244,0.0,0.19610237024928487,-0.10599940304447314,-0.7954158790170133,-1.0772180749819509,0.17403322413793104,808.5492,0.0,58.0,0.18689704823614103
Lauxio,sup,EBL,3,25,0.44,Cyber Wolves,63.5,43.7,50.6,49.9,45.9,52.0,6.3,4.4,5.1,5.0,4.6,5.2,44.68,193.8,10.4,156.944048,0.08191919199999999,1.3703200000000002,0.08,2.195772,0.2511,12.52,0.6216216216216216,0.20245398773006135,0.0,0.175294253404108,0.0,0.0,-0.9678452624767554,0.09443613199999999,443.383456,0.0,25.0,-0.08927598247986596
Ploxy,jng,PGN,3,39,0.538,Cyberground Gaming|aNc Outplayed,52.3,49.9,46.3,57.6,56.0,52.0,5.2,5.0,4.6,5.8,5.6,5.2,13.538461538461538,-247.35897435897436,-5.923076923076923,353.07855641025645,0.1536310128205128,5.573766666666667,0.5641025641025641,1.0811871794871795,0.2804641025641026,6.153846153846154,0.6925858951175407,0.19824561403508772,0.0,0.18809980806142038,-0.5261427132812292,-0.6994412312518381,-0.892338753842114,0.19498246153846152,816.4991512820512,0.0,39.0,0.005264500765436296
Chad,jng,LCSA,2,107,0.477,Immortals|Immortals Academy,49.8,39.8,62.6,52.4,69.0,52.0,5.0,4.0,6.3,5.2,6.9,5.2,-140.47663551401868,-98.3644859813084,-1.3177570093457944,316.4493794392523,0.14505200560747664,5.660894392523364,0.35514018691588783,1.041217757009346,0.27845607476635514,5.719626168224299,0.6594694632942628,0.23653395784543327,0.0,0.23813792670389194,0.5766406612719055,-0.15985339907648605,-1.0473218488793548,0.18075065420560746,885.0944925233646,0.0,107.0,-0.09861918230237587
Messi,sup,DDH,3,57,0.456,The Kings|Zylant Esports,49.3,52.6,43.1,55.5,64.7,52.0,4.9,5.3,4.3,5.5,6.5,5.2,26.228070175438596,-94.35087719298245,-2.210526315789474,153.15121754385964,0.07724203157894736,0.9386754385964913,0.03508771929824561,2.4121315789473683,0.2996982456140351,14.75438596491228,0.6869369369369369,0.22821100917431192,0.0,0.1729323142938817,0.0,-0.8453781783979946,-1.0692854566431844,0.08926649122807018,371.7085877192983,0.0,57.0,0.09205626355997704
Perro,bot,LHE,2,50,0.48,Dark Horse,48.8,56.7,47.2,59.2,46.7,52.0,4.9,5.7,4.7,5.9,4.7,5.2,-184.38,18.2,2.94,519.13244,0.2552422,8.450313999999999,0.66,1.1593200000000001,0.293458,5.46,0.6649350649350649,0.16162790697674417,0.0,0.1955546022468295,-0.595066682402927,-0.0015342853770802037,-0.8978212066910024,0.2541627,243.130334,0.0,50.0,-0.47374890254609303
Dargus,bot,LHE,2,36,0.333,Maze Gaming,39.4,53.6,65.6,61.5,48.9,52.0,3.9,5.4,6.6,6.2,4.9,5.2,-238.38888888888889,-304.5,-5.5,496.38622222222216,0.26068322222222223,8.212988888888889,0.5277777777777778,0.9780361111111111,0.2650722222222222,5.361111111111111,0.6844349680170576,0.156140350877193,0.0,0.3183217859892225,0.0,0.0,-0.9013471654092172,0.25926397222222225,250.33268055555558,0.0,36.0,0.03250478011472276
Bananitoo,bot,GLL,3,35,0.629,GOAL|WLGaming Esports,51.0,56.4,48.1,52.0,50.1,52.0,5.1,5.6,4.8,5.2,5.0,5.2,32.65714285714286,-38.02857142857143,0.6857142857142857,533.2014857142857,0.24225574285714288,8.661662857142858,0.8285714285714286,1.2189742857142856,0.29747999999999997,3.914285714285714,0.648014440433213,0.17745302713987474,0.0,0.23236339404709017,-0.5111505627335591,-0.6026344916768036,-0.8166125895467801,0.2527314857142857,255.11867142857145,0.0,35.0,-0.2595325203252032
Snaker,bot,LLA,15,32,0.531,inf,55.7,46.0,50.8,49.8,60.1,52.0,5.6,4.6,5.1,5.0,6.0,5.2,222.65625,123.78125,4.65625,500.8873,0.267795125,9.202668749999999,0.625,1.162609375,0.324815625,5.28125,0.6908602150537635,0.20569620253164558,0.0,0.23719705768486254,-0.4811394658753709,-0.8433234421364985,-0.8769345021678008,0.27316843749999997,278.63955,0.0,32.0,0.593275217932752
JUG,jng,LJL,15,42,0.238,AXIZ,48.6,61.6,40.7,61.3,42.4,52.0,4.9,6.2,4.1,6.1,4.2,5.2,-148.92857142857142,-185.42857142857142,-0.5238095238095238,273.70540238095236,0.16776646666666667,5.670209523809524,0.16666666666666666,1.2724904761904763,0.3740785714285714,10.428571428571429,0.7543859649122807,0.19525801952580196,0.0,0.12452927599611271,0.0,0.0,-1.3267463271443818,0.18468514285714285,644.4946595238094,0.0,42.0,-0.040242407735258036
pzx,jng,LDL,2,75,0.653,ThunderTalk Gaming Young|V5 87,49.4,54.7,52.3,43.8,63.2,52.0,4.9,5.5,5.2,4.4,6.3,5.2,0.0,0.0,0.0,324.29473466666667,0.14619586933333334,5.655053333333334,0.0,1.29172,0.32214933333333334,7.906666666666666,0.648991784914115,0.22884615384615384,15.266666666666667,0.18700064031118038,-0.19996438767436175,-0.4191093145099001,-0.8044747084107211,0.18098621333333334,0.0,0.0,75.0,-0.14517493073960666
Aliez,top,LDL,2,49,0.469,Ultra Prime|Ultra Prime Academy,50.9,59.6,41.2,50.3,54.8,52.0,5.1,6.0,4.1,5.0,5.5,5.2,0.0,0.0,0.0,510.2869551020408,0.2248497551020408,8.05990612244898,0.0,0.8927428571428572,0.16868571428571427,4.857142857142857,0.5387647831800263,0.18352059925093633,1.7959183673469388,0.19191852393861228,-0.6160519364796486,-0.7402539541100467,-1.0152833109337533,0.23175469387755104,0.0,0.0,49.0,0.2518669789227164
selenex,top,NEXO,3,60,0.633,Kawaii Kiwis|Oxygen Valiants,47.1,49.1,59.6,43.6,71.7,52.0,4.7,4.9,6.0,4.4,7.2,5.2,-77.01666666666667,-70.98333333333333,-0.13333333333333333,458.68457,0.21443167666666665,7.42583,0.35,1.1528716666666667,0.11930333333333333,6.366666666666666,0.45903361344537813,0.2125340599455041,0.0,0.19866895368782161,0.47815673925577695,-0.1172218033441255,-0.9291002942598365,0.21675356666666667,665.5464383333333,0.0,60.0,0.5380518811200825
Thoryn,top,LMF,2,25,0.04,Stone Movistar,35.1,64.1,64.4,56.0,46.3,52.0,3.5,6.4,6.4,5.6,4.6,5.2,-421.16,-250.2,-14.44,350.460288,0.22580904000000002,7.807256,0.24,1.021484,0.144056,5.2,0.5487179487179488,0.15206185567010308,0.0,0.29166666666666663,0.0,0.0,-0.9666982285876515,0.25534704,637.521448,0.0,25.0,0.19457013574660623
Bolyy1,sup,UL,2,22,0.409,Iron Wolves,57.5,48.6,50.3,51.8,48.2,52.0,5.8,4.9,5.0,5.2,4.8,5.2,56.40909090909091,-71.22727272727273,4.454545454545454,172.90961363636364,0.07934123636363637,1.491109090909091,0.045454545454545456,2.4105045454545455,0.24199090909090912,10.863636363636363,0.6595744680851063,0.2080745341614907,0.0,0.23297762478485365,-0.3071984782737917,-0.9251025381917614,-0.8341948656788736,0.10230254545454547,472.0503409090909,0.0,22.0,0.10256687967074615
Sintax,mid,EBL,3,31,0.484,Nexus KTRL,44.8,49.4,58.1,61.8,54.2,52.0,4.5,4.9,5.8,6.2,5.4,5.2,-597.7096774193549,-53.25806451612903,-4.516129032258065,599.1438225806452,0.2716974193548387,7.3571838709677415,0.2903225806451613,0.9849709677419355,0.14409677419354838,4.838709677419355,0.6666666666666666,0.2053742802303263,0.0,0.2582784514064135,0.0,0.24400907204555317,-0.9128439178566655,0.21341216129032256,406.7862580645161,0.0,31.0,0.38362455197132644
AnDa,jng,LCSA,2,31,0.452,No Org|TSM Academy,51.1,65.6,37.4,58.2,35.9,52.0,5.1,6.6,3.7,5.8,3.6,5.2,285.2903225806452,67.7741935483871,2.5161290322580645,251.90054193548386,0.11925773225806452,5.543803225806451,0.16129032258064516,1.4952548387096773,0.46646774193548385,9.903225806451612,0.6675257731958762,0.20316027088036118,0.0,0.1719540730260652,-0.488348062542488,0.0,-1.3574913329142348,0.17637516129032257,867.8537322580645,0.0,31.0,-0.37522772818364003
AD,bot,LAS,3,33,0.545,KT Rolster Academy,67.4,44.7,42.4,44.5,51.8,52.0,6.7,4.5,4.2,4.5,5.2,5.2,345.1818181818182,203.33333333333334,11.606060606060606,630.7459878787879,0.2519873575757576,9.662712121212122,0.9090909090909091,1.0053424242424243,0.23660303030303032,4.7272727272727275,0.6165703275529865,0.17729083665338646,0.0,0.18256891495601174,-0.41012829169480075,-0.787305874409183,-0.8670362513753284,0.2902744242424242,321.19862727272726,0.0,33.0,0.037893384714194005
Wunder,top,LEC,1,76,0.579,Fnatic,49.8,46.8,56.9,54.8,57.9,51.9,5.0,4.7,5.7,5.5,5.8,5.2,-134.27631578947367,-109.63157894736842,2.539473684210526,484.5755565789473,0.22184335263157892,7.933324999999999,0.2894736842105263,1.0173105263157896,0.1658394736842105,4.815789473684211,0.5484189723320159,0.23030303030303031,2.5294117647058822,0.20992417856022588,-0.07874540771634399,-0.325375554015715,-0.9178483608370366,0.21535984210526316,718.3546802631579,0.0,76.0,0.10967186350670104
Counter,bot,PGN,3,38,0.342,Samsung Morning Stars,53.6,49.2,50.9,50.1,57.5,51.9,5.4,4.9,5.1,5.0,5.8,5.2,78.71052631578948,-14.842105263157896,-1.0263157894736843,571.7013868421052,0.25403292105263153,8.145621052631578,0.6578947368421053,1.0862052631578947,0.2621131578947368,3.0526315789473686,0.6501831501831502,0.19158200290275762,0.0,0.24018394574708565,0.0,-0.37092482964063456,-0.9911170995076202,0.2562632105263158,258.23596315789473,0.0,38.0,0.44676273669763894
Madly,top,TCL,15,45,0.4,Team AURORA,48.8,46.1,62.3,60.6,47.0,51.9,4.9,4.6,6.2,6.1,4.7,5.2,-201.64444444444445,-31.6,-6.511111111111111,436.86328888888886,0.23854664444444443,7.4902066666666665,0.3333333333333333,0.8123044444444444,0.14966222222222222,4.088888888888889,0.5670840787119857,0.2113095238095238,0.0,0.17450120662112098,0.16514063132335088,1.358356940509915,-1.0348981496438945,0.21506651111111114,789.6332333333332,0.0,45.0,-0.28131580599147593
Bubble,mid,LDL,2,36,0.278,Shu Dai Xiong Gaming,41.9,50.5,69.9,48.1,61.3,51.9,4.2,5.0,7.0,4.8,6.1,5.2,0.0,0.0,0.0,435.06364444444444,0.24265747222222223,7.982205555555556,0.0,1.0352222222222223,0.19218055555555555,6.083333333333333,0.620253164556962,0.19672131147540983,0.5833333333333334,0.35121828239237146,0.0,0.0,-0.8564445662889133,0.22002722222222224,0.0,0.0,36.0,0.6593418372815949
Wayward,top,LPL,1,112,0.661,Top Esports,45.2,47.0,63.3,50.2,66.7,51.9,4.5,4.7,6.3,5.0,6.7,5.2,-47.0,-103.83333333333333,2.0,460.65302410714287,0.22628673214285716,8.422500892857142,0.008928571428571428,0.9742919642857143,0.16846785714285714,6.625,0.5375302663438256,0.22442244224422442,4.849056603773585,0.19545968790029267,0.033869135717481985,0.22626817302065996,-0.846410424150103,0.225192,694.1360500000001,0.0,112.0,-5.098095861187585e-05
Tempester,mid,LAS,3,40,0.525,Hanwha Life Esports Academy,52.5,49.0,57.5,50.4,50.9,51.9,5.2,4.9,5.8,5.0,5.1,5.2,116.825,-120.675,-2.675,584.99578,0.255496325,8.5344025,0.325,0.97721,0.21510500000000002,6.45,0.6291161178509532,0.22075471698113208,0.0,0.2695676792842785,0.0,0.0,-0.9139269472165036,0.22991640000000002,390.940235,0.0,40.0,-0.19990658570761316
Mirror,mid,LDL,2,32,0.531,Ultra Prime Academy,55.3,50.6,45.7,52.7,53.1,51.9,5.5,5.1,4.6,5.3,5.3,5.2,0.0,0.0,0.0,655.3977875,0.26826225,7.697246875,0.0,0.849803125,0.144003125,3.8125,0.6781609195402298,0.20113851992409867,2.1875,0.19992680248871536,-0.31893028144341934,-0.12501459768772627,-0.9983611780775942,0.22627350000000002,0.0,0.0,32.0,0.471930274288644
Amazo,jng,LCSA,2,89,0.584,Golden Guardians|Golden Guardians Academy|Maryville University,55.1,44.0,46.3,49.4,70.8,51.8,5.5,4.4,4.6,4.9,7.1,5.2,-40.68539325842696,105.85393258426966,3.651685393258427,311.9532438202247,0.14645843033707867,6.162712359550562,0.29213483146067415,1.1790898876404494,0.27900449438202246,6.370786516853933,0.6353276353276354,0.2031523642732049,0.0,0.1851480237314489,-0.31952864689150745,-0.8355140186915888,-0.8509400097594197,0.18500098876404497,715.1206831460674,0.0,89.0,0.17225052294819726
Mystiques,sup,PRM,3,45,0.422,Forsaken|SK Gaming Prime,56.0,39.7,53.5,49.2,68.9,51.8,5.6,4.0,5.3,4.9,6.9,5.2,80.68888888888888,119.2,2.6666666666666665,168.1481488888889,0.07855824888888889,0.9592044444444444,0.0,2.2687466666666665,0.22611333333333333,11.955555555555556,0.6380368098159509,0.2492836676217765,0.0,0.2718547821293754,0.0,0.0,-1.143082626895734,0.08914862,434.6780533333333,0.0,45.0,1.1133233418117527
Kbstible,sup,LMF,2,42,0.643,Pampas|Undead Gaming,55.7,50.3,48.0,54.6,46.8,51.8,5.6,5.0,4.8,5.5,4.7,5.2,-63.785714285714285,2.1666666666666665,0.40476190476190477,152.2507642857143,0.07134666428571428,1.4901333333333333,0.11904761904761904,2.258514285714286,0.28723333333333334,13.071428571428571,0.662613981762918,0.19615384615384615,0.0,0.2012327311370882,-0.8660915470289062,0.0,-0.8450541708619314,0.09880222857142858,451.13537380952374,0.0,42.0,-0.33936507936507937
Driver,top,PCS,15,40,0.6,J Team,58.5,46.5,51.8,49.3,50.1,51.8,5.8,4.7,5.2,4.9,5.0,5.2,21.575,87.45,2.725,454.9982175,0.23777829,7.8325249999999995,0.5,1.005645,0.17818499999999998,6.35,0.5256637168141592,0.24299065420560748,0.0,0.15765272607838846,-0.268602093780241,0.07230403800475055,-0.8690463540141481,0.21262775,695.3210799999999,0.0,40.0,-0.1546617915904937
Haetae,top,LAS,3,39,0.538,Hanwha Life Esports Academy,58.1,41.4,54.8,51.3,55.1,51.8,5.8,4.1,5.5,5.1,5.5,5.2,-146.05128205128204,-192.84615384615384,0.0,578.504458974359,0.2547423076923077,7.545120512820513,0.4358974358974359,0.8036871794871795,0.18436410256410257,4.435897435897436,0.5227272727272727,0.2821011673151751,0.0,0.24269096149886762,0.0,0.0,-1.0508880223034778,0.2113286923076923,947.8277410256411,0.0,39.0,0.2607725650178482
Rod,jng,LMF,2,22,0.136,Malvinas Gaming,37.1,53.6,80.6,48.3,50.7,51.8,3.7,5.4,8.1,4.8,5.1,5.2,-268.6363636363636,-249.54545454545453,-1.2272727272727273,205.22146818181818,0.12784800454545453,5.63230909090909,0.13636363636363635,1.29295,0.3383818181818182,9.136363636363637,0.6173469387755102,0.15945945945945947,0.0,0.6609022556390978,0.0,0.0,-0.7348031219924818,0.19511195454545452,671.4098136363637,0.0,22.0,0.1394891944990177
Xiaolaohu,top,LPL,1,64,0.422,FunPlus Phoenix,53.2,57.8,54.3,41.9,44.4,51.7,5.3,5.8,5.4,4.2,4.4,5.2,0.0,0.0,0.0,480.557703125,0.2593518125,8.8210640625,0.0,1.011753125,0.2262640625,4.5625,0.5537848605577689,0.21612541993281076,4.796875,0.2314243679163034,0.04634026526936294,-0.6463075159652857,-1.0489386463824144,0.248467359375,0.0,0.0,64.0,-0.19030470914127418
Mordio,jng,PGC,2,30,0.433,Big Duck Energy|Glacial Red|The Longest Yard|Winthrop University,62.8,47.5,56.3,40.4,42.3,51.7,6.3,4.8,5.6,4.0,4.2,5.2,-287.4,7.4,-1.8666666666666667,451.23467,0.19001899666666666,6.920583333333334,0.43333333333333335,1.3610233333333333,0.3733,4.633333333333334,0.6116700201207244,0.22182468694096602,0.0,0.2546635320794985,0.0,0.0,-1.0962126428581174,0.20405966666666667,711.3238833333332,0.0,30.0,-0.10961492081357022
Toucouille,mid,LCS,1,58,0.448,FlyQuest,57.4,48.0,41.7,52.7,57.7,51.7,5.7,4.8,4.2,5.3,5.8,5.2,-66.36206896551724,-17.67241379310345,0.13793103448275862,511.0356896551724,0.2898333793103448,8.75283448275862,0.3103448275862069,1.0677586206896552,0.1736689655172414,6.051724137931035,0.6688206785137318,0.16160220994475138,0.0,0.2058941947565543,-0.3682482877768865,-0.6723329425556858,-0.8984468228244143,0.2434959827586207,234.89426896551723,0.0,58.0,0.2849924894169058
Concept,top,LCSA,2,95,0.4,Golden Guardians Academy|Immortals Academy,44.9,44.1,62.6,56.7,64.0,51.7,4.5,4.4,6.3,5.7,6.4,5.2,-179.62105263157895,-53.2,-2.831578947368421,455.26435578947365,0.21073984210526317,7.574722105263159,0.24210526315789474,0.7710115789473684,0.15251263157894737,2.6,0.5129533678756477,0.21720025109855617,0.0,0.20708914684135926,0.34654174332717436,0.9578775333300227,-1.0659593409419141,0.2145555157894737,981.266574736842,0.0,95.0,-0.13725724365149536
Cuest1oN,bot,SL (LATAM),3,44,0.455,Cienciano Esports|Cruzados Esports,51.1,53.1,45.0,51.6,59.3,51.7,5.1,5.3,4.5,5.2,5.9,5.2,14.613636363636363,30.795454545454547,-0.7045454545454546,470.04958863636364,0.2389103409090909,8.557431818181819,1.2727272727272727,0.9880590909090909,0.22182045454545454,5.909090909090909,0.641860465116279,0.13543307086614173,0.0,0.2327573636628755,-0.5676534869858931,-0.8982714087025631,-0.8489836781331014,0.26435606818181817,223.02976136363634,0.0,44.0,0.07779751332149192
Atlen,bot,PCS,15,21,0.667,CTBC Flying Oyster,48.0,60.7,47.6,59.0,37.3,51.7,4.8,6.1,4.8,5.9,3.7,5.2,276.1904761904762,39.666666666666664,-0.9523809523809523,454.178080952381,0.2303544285714286,8.296661904761905,0.8095238095238095,1.367657142857143,0.3822190476190476,5.095238095238095,0.656,0.16019417475728157,0.0,0.11492734478203434,0.0,0.0,-0.8686368517892668,0.23809504761904762,250.40779523809522,0.0,21.0,-0.5614478114478114
Ruxal,mid,NEXO,3,26,0.385,MAD Lions Madrid|UCAM Esports Academy,34.5,66.9,51.4,60.8,49.8,51.7,3.5,6.7,5.1,6.1,5.0,5.2,-421.6923076923077,-228.03846153846155,-12.423076923076923,443.3325961538461,0.2212121923076923,7.444476923076923,0.38461538461538464,1.0784153846153846,0.2172730769230769,4.653846153846154,0.6631299734748011,0.141439205955335,0.0,0.21633263009845288,0.0,-0.34803050882875364,-0.9029294781062469,0.2227561153846154,280.36076153846153,0.0,26.0,0.26908487434803247
KroMAX,sup,EBL,3,27,0.667,Diamant Esports,49.7,53.6,51.6,55.2,48.3,51.7,5.0,5.4,5.2,5.5,4.8,5.2,-52.03703703703704,111.37037037037037,-1.5925925925925926,168.0204111111111,0.07080717037037038,0.7138666666666666,0.0,2.3831888888888892,0.24252592592592592,10.851851851851851,0.7136752136752137,0.21899736147757257,0.0,0.22735647431645667,-0.36423598003439445,-0.8270626232121135,-0.8119983435189992,0.09403101481481482,307.77025925925926,0.0,27.0,-0.2586788731915472
Lucky,sup,LVP SL,2,44,0.523,Antares Esports|Barça eSports,53.9,59.2,37.6,58.2,39.4,51.6,5.4,5.9,3.8,5.8,3.9,5.2,14.795454545454545,-166.45454545454547,-3.022727272727273,171.0568659090909,0.08193554545454546,1.0187954545454545,0.06818181818181818,2.5948818181818183,0.3805727272727273,12.409090909090908,0.7363636363636363,0.26548672566371684,0.0,0.1860572573979708,-0.5541723816633969,-0.611850443599493,-1.1936123092486681,0.09346572954545454,366.63331363636365,0.0,44.0,-0.4262102186023423
Jaqen,top,UL,2,47,0.426,Auxesis Esports|Komil & Friends,59.9,45.5,47.4,50.2,51.9,51.6,6.0,4.5,4.7,5.0,5.2,5.2,98.59574468085107,133.53191489361703,2.3617021276595747,463.6647425531915,0.24639168085106383,8.261695744680852,0.425531914893617,0.7027808510638298,0.1378127659574468,1.4042553191489362,0.5166931637519873,0.18356164383561643,0.0,0.14290943801099118,-0.1747666751015912,0.6671380300977955,-1.064830882665057,0.251322,708.710785106383,0.0,47.0,0.19503180773127576
Algos,sup,TAL,3,22,0.545,Beşiktaş Academy|Beşiktaş Esports|İstanbul Wildcats Academy,49.2,53.8,45.6,55.6,55.5,51.6,4.9,5.4,4.6,5.6,5.5,5.2,32.5,200.9090909090909,3.4545454545454546,120.8706318181818,0.07184625454545455,1.08575,0.0,2.4799409090909093,0.32343636363636363,16.045454545454547,0.685823754789272,0.23552123552123552,0.0,0.10468409033240295,0.0,0.0,-0.9398420966641746,0.08680068181818182,368.97407727272724,0.0,22.0,0.7036850075719335
Kireas,jng,TCL,15,49,0.531,5 Ronin|SuperMassive Blaze,51.3,58.3,43.1,53.3,46.5,51.6,5.1,5.8,4.3,5.3,4.7,5.2,54.02040816326531,-89.75510204081633,-2.673469387755102,277.42082040816325,0.14854654897959185,5.831479591836735,0.2653061224489796,1.420734693877551,0.40616326530612246,11.510204081632653,0.6677215189873418,0.1912568306010929,0.0,0.15053455034221347,-0.41851525224430725,-0.5649322750604889,-0.9651757272666792,0.18029783673469385,711.7004979591836,0.0,49.0,-0.4369865990583121
Hobko,sup,HC,3,26,0.423,Inside Games Challengers,39.4,54.4,53.9,63.8,57.0,51.6,3.9,5.4,5.4,6.4,5.7,5.2,-113.07692307692308,-167.53846153846155,-6.769230769230769,127.89603461538461,0.07430020384615385,0.9894538461538461,0.0,1.9559153846153845,0.2815692307692308,7.423076923076923,0.7382352941176471,0.19662921348314608,0.0,0.21100644301266386,0.0,0.0,-0.961446522085881,0.0878359076923077,307.2359769230769,0.0,26.0,0.670890742362103
Yijin,jng,VCS,15,45,0.333,Genius Esports,56.9,50.6,52.9,45.7,46.6,51.6,5.7,5.1,5.3,4.6,4.7,5.2,-189.6888888888889,18.555555555555557,2.3555555555555556,336.7990022222222,0.1609750288888889,5.643855555555556,0.17777777777777778,1.4638977777777777,0.39372666666666667,9.155555555555555,0.6402027027027027,0.21497584541062803,0.0,0.2517515527950311,0.0,-0.3337299226650803,-1.1219707601107891,0.18770884444444447,749.1494644444444,0.0,45.0,-0.10426518525320233
PhenomEX,top,UPL,2,22,0.409,Conviction|Here For T-Shirt,54.1,44.9,62.6,52.1,44.2,51.6,5.4,4.5,6.3,5.2,4.4,5.2,-239.95454545454547,-208.3181818181818,-7.318181818181818,544.7637227272727,0.2281881818181818,7.058509090909092,0.7727272727272727,0.8881999999999999,0.13577727272727272,1.8181818181818181,0.5234159779614325,0.23478260869565218,0.0,0.3734586024662361,-0.4583082398029018,0.0,-1.1299315322104266,0.2240145,783.19275,0.0,22.0,0.3540856031128404
Jakoule,top,LPLOL,3,40,0.7,For The Win Esports,47.9,43.3,68.2,50.4,58.2,51.6,4.8,4.3,6.8,5.0,5.8,5.2,-66.875,-82.225,-3.475,509.59024250000004,0.204009325,6.968655,0.325,0.9664375,0.1562825,3.475,0.4635854341736695,0.24310344827586206,0.0,0.3053532524120759,-0.03202858078909187,0.407588261907362,-0.8485687514491059,0.199493275,943.3110525,0.0,40.0,0.0797497853550841
Satorius,top,LVP SL,2,43,0.465,BK ROG Esports|Team Heretics,49.1,52.4,47.6,64.7,43.1,51.5,4.9,5.2,4.8,6.5,4.3,5.2,86.62790697674419,105.46511627906976,2.9069767441860463,414.7848209302325,0.20592674418604653,6.898455813953489,0.23255813953488372,1.0397348837209301,0.10456976744186047,5.744186046511628,0.5321428571428571,0.20221169036334913,0.0,0.1994495742512245,-0.02706856801297925,-0.6167065152420801,-1.0628131221683461,0.19500783720930231,1002.2748581395349,0.0,43.0,-0.3050196051336086
Viking,jng,NLC,2,67,0.672,Dusty|X7 Esports,45.7,50.9,49.3,62.6,55.7,51.5,4.6,5.1,4.9,6.3,5.6,5.2,-97.46268656716418,-146.3134328358209,-4.268656716417911,317.92271343283585,0.1337361089552239,5.290110447761195,0.208955223880597,1.2026820895522388,0.27348955223880594,6.298507462686567,0.6914805624483044,0.20555555555555555,0.0,0.18668656687250842,-0.16318527973692173,-0.6682532127558306,-0.8613826712106766,0.1732944776119403,876.4467208955224,0.0,67.0,-0.354269053268982
Meslo,mid,UPL,2,25,0.44,Grand View University,66.5,38.4,53.2,48.2,44.1,51.5,6.7,3.8,5.3,4.8,4.4,5.2,3.48,329.56,2.24,621.22276,0.28113092,7.544128,0.56,0.815128,0.128604,2.88,0.6008869179600886,0.2068230277185501,0.0,0.310832657244756,-0.2633888073364232,0.0,-1.1897133953895744,0.233193,347.52492400000006,0.0,25.0,0.33777619014674126
Cinkrof,jng,LEC,1,36,0.194,Team BDS,55.5,55.3,47.0,52.8,37.3,51.5,5.5,5.5,4.7,5.3,3.7,5.2,19.02777777777778,145.72222222222223,4.805555555555555,251.1010111111111,0.13659613055555556,5.395525,0.1388888888888889,1.5906444444444443,0.4417027777777778,13.13888888888889,0.6614173228346457,0.20430107526881722,3.0,0.2010136415308829,0.0,0.0,-1.1364820917642295,0.17361972222222222,767.8882194444445,0.0,36.0,-0.1444351730440657
Hoon,top,TCL,15,43,0.465,5 Ronin|Dignitas|Dignitas Academy,64.4,47.8,44.5,46.8,42.6,51.5,6.4,4.8,4.5,4.7,4.3,5.2,257.83720930232556,73.51162790697674,9.488372093023257,527.2836697674419,0.2560156348837209,8.08843488372093,0.27906976744186046,1.0356790697674418,0.18026744186046512,6.372093023255814,0.5132450331125827,0.2345890410958904,0.0,0.19144608402639837,-0.3846607772011733,-0.7774094451290418,-1.0628780687531125,0.22610632093023258,717.7864488372093,0.0,43.0,-0.528827811436507
Nate,top,LLA,15,33,0.182,Globant Emerald,40.9,55.0,67.7,56.8,42.0,51.5,4.1,5.5,6.8,5.7,4.2,5.2,-595.4848484848485,-211.12121212121212,-14.363636363636363,424.62919090909094,0.24494180909090912,7.870096969696969,0.2727272727272727,0.8905060606060606,0.16523636363636363,4.424242424242424,0.5891238670694864,0.19222903885480572,0.0,0.24963406520292747,0.0,1.2335025380710658,-1.027624597785431,0.23908375757575756,690.9795787878788,0.0,33.0,-0.34177786130426613
Skewy,mid,SL (LATAM),3,36,0.472,Spectacled Bears|Supay Gaming|Wolf Club Esports,45.2,58.4,42.6,52.9,62.7,51.5,4.5,5.8,4.3,5.3,6.3,5.2,-101.5,-178.63888888888889,-7.194444444444445,542.069725,0.26324491666666666,7.804374999999999,0.3055555555555556,1.2732055555555555,0.20984444444444444,5.75,0.658,0.2323943661971831,0.0,0.16932722822030116,-0.1887405017278638,0.0,-1.072522006664667,0.23500325,419.14695555555556,0.0,36.0,1.0608988248489635
yyy,jng,LDL,2,45,0.578,TEAM ORANGE,51.3,57.4,36.3,57.3,52.1,51.5,5.1,5.7,3.6,5.7,5.2,5.2,0.0,0.0,0.0,320.2741136363636,0.16550583636363636,5.802644444444445,0.0,1.1402681818181817,0.25677272727272726,8.704545454545455,0.7387687188019967,0.2280431432973806,11.568181818181818,0.16290726817042603,-0.6011000311983639,-0.9431496481517858,-1.0966164714834585,0.18548395555555558,0.0,0.0,45.0,0.20525153304503024
Coated,top,VCS,15,67,0.284,Genius Esports|Luxury Esports,65.3,40.9,46.0,47.5,52.6,51.5,6.5,4.1,4.6,4.8,5.3,5.2,-39.134328358208954,-118.55223880597015,3.1194029850746268,596.824780597015,0.27260122388059704,8.142644776119402,0.417910447761194,0.8136835820895523,0.13906119402985073,3.4328358208955225,0.5202072538860104,0.21689334287759485,0.0,0.1860071979404025,0.0,0.0,-1.3236573422483822,0.23250702985074626,696.4577149253731,0.0,67.0,-0.1287874535816885
lovely,jng,LDL,2,34,0.588,Royal Club,50.2,56.4,56.1,42.0,50.4,51.5,5.0,5.6,5.6,4.2,5.0,5.2,0.0,0.0,0.0,321.6361176470588,0.15485638529411766,5.4660529411764704,0.0,1.4339323529411765,0.38766470588235297,8.970588235294118,0.6544401544401545,0.2611764705882353,12.235294117647058,0.21087005212575333,0.0,0.0,-0.955026552733872,0.17984164705882352,0.0,0.0,34.0,0.15154652949428807
Yesjun,jng,LDL,2,42,0.143,Rare Atom Period,44.1,57.8,51.2,59.0,47.1,51.5,4.4,5.8,5.1,5.9,4.7,5.2,0.0,0.0,0.0,246.09928095238095,0.13687535,5.066621428571429,0.0,1.1184833333333333,0.26241666666666663,10.333333333333334,0.7026378896882494,0.1763888888888889,7.5,0.2546721571111815,0.0,0.0,-1.2728645604195779,0.17610957142857142,0.0,0.0,42.0,0.19559834938101797
Such,bot,LDL,2,39,0.256,FunPlus Phoenix Blaze|Rare Atom Period,41.4,61.5,50.6,47.1,62.1,51.5,4.1,6.2,5.1,4.7,6.2,5.2,0.0,0.0,0.0,434.1452589743589,0.2511504871794872,9.57548717948718,0.0,1.0774615384615385,0.359974358974359,1.9743589743589745,0.655860349127182,0.15873015873015872,2.1794871794871793,0.20112513481213748,0.0,0.0,-1.0329261082387216,0.2787316923076923,0.0,0.0,39.0,1.0615937940761637
Lothen,bot,UL,2,30,0.4,devils.one inStreamly,54.9,47.6,45.9,57.0,51.5,51.5,5.5,4.8,4.6,5.7,5.2,5.2,-120.46666666666667,124.23333333333333,6.733333333333333,506.24014999999997,0.26976686666666666,8.97854,0.8,0.8845233333333333,0.2115166666666667,4.0,0.6923076923076923,0.16666666666666666,0.0,0.1585811163275952,0.0,-0.2667509481668775,-0.9918016901187392,0.28056983333333335,259.49986333333334,0.0,30.0,0.5071315372424723
Cozy,top,PGC,2,56,0.571,No Org|Taco Gaming|Zenigma,55.4,48.5,46.5,54.1,50.7,51.4,5.5,4.8,4.7,5.4,5.1,5.1,-226.32142857142858,52.07142857142857,-7.178571428571429,545.1515499999999,0.22598814285714286,7.091826785714285,0.5535714285714286,0.9249017857142857,0.1445642857142857,3.625,0.4780578898225957,0.19151036525172754,0.0,0.18668283211653183,-0.09117034145916798,-0.6593497276778346,-1.0216273069573936,0.20760739285714286,704.2008017857142,0.0,56.0,-0.15162004393049766
Interor,top,HM,3,23,0.261,Cryptova|Inside Games|Valiance,38.5,58.6,56.2,68.7,38.2,51.4,3.9,5.9,5.6,6.9,3.8,5.1,-472.7826086956522,-103.52173913043478,-2.5217391304347827,415.45800869565215,0.2066516086956522,7.162013043478261,0.2608695652173913,0.8573869565217391,0.09845217391304349,3.130434782608696,0.6174496644295302,0.16826923076923078,0.0,0.23991426530126225,0.0,-0.002169197396963148,-0.9999425167371601,0.2084652608695652,721.4151478260869,0.0,23.0,-0.5774941314553991
Benda,mid,HC,3,44,0.5,Cryptova|IKISEQ|IKISEQ Gaming,53.5,44.7,54.1,52.3,55.8,51.4,5.3,4.5,5.4,5.2,5.6,5.1,-162.86363636363637,-24.5,-3.977272727272727,569.7063795454545,0.2748356818181818,8.357461363636363,0.5681818181818182,0.8629840909090909,0.12424999999999999,3.8181818181818183,0.6334405144694534,0.181021897810219,0.0,0.25712919967222064,0.3473890763301664,-0.3062947329785282,-1.0599436286762887,0.2444956818181818,403.7289590909091,0.0,44.0,0.2310097435648845
Tamoz,top,LFL2,2,47,0.468,PCS Taran|beGenius ESC,56.9,44.6,56.3,50.9,46.6,51.4,5.7,4.5,5.6,5.1,4.7,5.1,80.14893617021276,149.06382978723406,0.48936170212765956,488.23284042553195,0.23961863829787236,7.430340425531915,0.1702127659574468,0.9487659574468085,0.1337787234042553,3.74468085106383,0.4697406340057637,0.21448087431693988,0.0,0.2543364229602228,-0.34034004559270514,-0.003656914893617033,-0.9661283018127347,0.21679648936170212,948.3840170212766,0.0,47.0,-0.29071395840347136
BetaTwinz,sup,DDH,3,31,0.355,PÊEK Gaming|Zylant Esports,46.4,56.6,50.0,57.5,46.5,51.4,4.6,5.7,5.0,5.8,4.7,5.1,-50.96774193548387,-132.0,-0.12903225806451613,153.27645806451613,0.07986,1.0932322580645162,0.0,2.3458870967741934,0.30415806451612903,15.225806451612904,0.6788154897494305,0.18979591836734694,0.0,0.182491652754591,0.0,0.0,-1.0082100913965237,0.09261547741935484,381.8672451612903,0.0,31.0,-0.2345232447817836
Stray,sup,LLA,15,61,0.574,Team Aze,41.5,45.3,67.5,61.1,55.3,51.4,4.2,4.5,6.8,6.1,5.5,5.1,-211.98360655737704,4.0,-4.081967213114754,142.4717393442623,0.07046278032786885,0.9182639344262294,0.0,2.2155737704918033,0.24402459016393444,15.442622950819672,0.6888888888888889,0.2127906976744186,0.0,0.2450223064404156,0.17746555021357993,0.24123786884952927,-0.8671087311074664,0.08591000655737704,449.4117409836066,0.0,61.0,-0.25949353555799476
Dargod,sup,EBL,3,29,0.379,Auxesis Esports,41.0,56.4,51.7,67.7,44.7,51.4,4.1,5.6,5.2,6.8,4.5,5.1,-127.75862068965517,-107.17241379310344,0.034482758620689655,136.92066206896553,0.06472329655172414,0.8572379310344828,0.0,2.249931034482759,0.24504137931034484,13.310344827586206,0.7248157248157249,0.1941544885177453,0.0,0.14173052362707536,0.3356240665118408,0.9145464434640722,-1.1136831321590959,0.08404564827586207,407.95716896551727,0.0,29.0,-0.10944251063594675
DNK,jng,VCS,15,68,0.485,SBTC Esports,57.7,45.2,45.7,50.9,57.4,51.4,5.8,4.5,4.6,5.1,5.7,5.1,34.088235294117645,-97.3970588235294,1.0735294117647058,329.2146029411765,0.15526283088235293,5.461372058823529,0.25,1.3088323529411765,0.3306441176470588,11.029411764705882,0.6502016129032258,0.20908230842005676,0.0,0.2337403479215326,-0.41119714721052575,-0.7081321487033243,-1.0550665858586044,0.18411538235294117,793.9501397058823,0.0,68.0,-0.16049965320152076
Bosketi,sup,UPL,2,22,0.318,Zenigma Solar,72.1,42.4,42.1,43.8,41.7,51.4,7.2,4.2,4.2,4.4,4.2,5.1,45.86363636363637,-32.86363636363637,5.409090909090909,225.46021818181816,0.09077640454545455,1.3418227272727272,0.13636363636363635,2.26345,0.24663636363636365,7.818181818181818,0.6293706293706294,0.21881390593047034,0.0,0.16382518153171668,0.0,0.0,-1.2916925596170699,0.1097891090909091,471.86307727272725,0.0,22.0,0.2927261857313672
Edward,sup,GLL,3,21,0.619,GOAL|Team Spirit,44.3,64.0,44.0,56.0,45.4,51.4,4.4,6.4,4.4,5.6,4.5,5.1,37.42857142857143,-26.571428571428573,-1.0476190476190477,129.2367238095238,0.06731298571428572,1.1166142857142858,0.0,2.851661904761905,0.3704523809523809,15.238095238095237,0.6626984126984127,0.20717131474103587,0.0,0.18525097146536065,-0.8956762772726318,0.0,-0.9429130696802319,0.08971999047619048,411.03589523809524,0.0,21.0,0.004558093974152391
Miyuuri,sup,NEXO,3,27,0.37,Stormbringers,53.8,56.7,35.2,54.3,51.4,51.4,5.4,5.7,3.5,5.4,5.1,5.1,-139.59259259259258,21.37037037037037,-5.814814814814815,176.3744148148148,0.08672614814814815,0.9530481481481481,0.07407407407407407,2.3881111111111113,0.32797777777777776,15.814814814814815,0.75,0.2546972860125261,0.0,0.16032338861470513,-0.07680609018421768,-0.3633145449546329,-1.4971494998985253,0.10310854814814814,359.2840925925926,0.0,27.0,1.1666155985575222
RTeks,sup,NEXO,3,22,0.545,Bis Esports,79.3,38.2,44.6,36.1,39.5,51.4,7.9,3.8,4.5,3.6,4.0,5.1,390.0,354.77272727272725,27.727272727272727,261.45481363636367,0.1146593181818182,2.964159090909091,0.0,1.5170272727272727,0.2130409090909091,5.409090909090909,0.6508379888268156,0.1844380403458213,0.0,0.17945454545454548,-0.39543726235741444,-0.24144486692015207,-1.017045928818659,0.13073790909090907,283.0370045454545,0.0,22.0,-0.45462878093492204
Ashlomailma,sup,LDL,2,41,0.585,ThunderTalk Gaming Young,50.3,45.4,53.9,50.9,64.2,51.4,5.0,4.5,5.4,5.1,6.4,5.1,0.0,0.0,0.0,166.34658048780486,0.07612329024390244,0.833019512195122,0.0,2.3065853658536586,0.2273560975609756,14.75609756097561,0.6803149606299213,0.22900763358778625,0.0,0.1851418515581801,0.34921457351677226,-0.34715423862091666,-0.9882516449312526,0.08752481219512195,0.0,0.0,41.0,0.8647137125413333
Able,bot,LPL,1,92,0.478,Oh My God,44.4,64.6,35.9,47.4,65.4,51.3,4.4,6.5,3.6,4.7,6.5,5.1,0.0,0.0,0.0,506.0609728260869,0.2544732391304348,9.14298152173913,0.0,1.6303521739130435,0.4996945652173913,3.5,0.6801762114537445,0.186966640806827,1.5434782608695652,0.1416312230765036,-0.37093044595338603,-0.7844558634611856,-1.0146681361288417,0.2702437173913043,0.0,0.0,92.0,0.34780439121756485
DeepLearn,bot,PGC,2,50,0.66,Area of Effect Ginger Turmeric|Dinka Never Homeless Again,54.3,36.2,66.0,50.8,57.4,51.3,5.4,3.6,6.6,5.1,5.7,5.1,324.98,83.84,10.1,530.162126,0.208399702,8.004584,0.58,1.004216,0.185462,3.72,0.5964325529542921,0.20655270655270655,0.0,0.22946190671390507,0.4586960383727127,0.0,-0.8012833138155424,0.22908080000000003,306.06006,0.0,50.0,0.08397271128461832
Adison,bot,UL,2,56,0.446,Gentlemen's Gaming,50.0,47.0,52.9,58.7,51.7,51.3,5.0,4.7,5.3,5.9,5.2,5.1,-62.232142857142854,-34.232142857142854,-1.7142857142857142,529.6455374999999,0.2680586,8.522658928571428,0.625,0.9655017857142857,0.2548035714285714,2.5714285714285716,0.6885245901639344,0.19109663409337677,0.0,0.19624374463084138,0.020286479562128645,0.21299638989169647,-1.0097685138082078,0.26694964285714284,363.2668964285714,0.0,56.0,-0.08467887984444397
Cryin,mid,LPL,1,79,0.342,Ultra Prime,60.5,45.0,48.6,51.0,45.9,51.3,6.0,4.5,4.9,5.1,4.6,5.1,0.0,0.0,0.0,582.4679443037974,0.28381532911392404,8.214273417721518,0.0,0.8647632911392404,0.18628987341772152,4.379746835443038,0.673866090712743,0.16979591836734695,1.4556962025316456,0.20819531249999995,0.0,0.0,-1.0207851543170685,0.23479184810126583,0.0,0.0,79.0,-0.2506627480373979
Gaarfield,sup,EBL,3,44,0.432,Nexus KTRL|Team 7AM,41.7,51.0,57.7,55.8,61.5,51.3,4.2,5.1,5.8,5.6,6.2,5.1,-333.65909090909093,-267.6363636363636,-8.318181818181818,180.02128181818182,0.08418250909090909,0.8177886363636364,0.022727272727272728,2.3639477272727274,0.25282727272727273,8.204545454545455,0.7096247960848288,0.23415977961432508,0.0,0.24945959223777942,0.0,-0.0821212261315826,-0.9335924409216678,0.09454301136363635,377.0647340909091,0.0,44.0,0.16518891399479455
Zergsting,sup,TCL,15,46,0.543,Galatasaray Esports,52.2,49.6,49.5,51.6,55.0,51.3,5.2,5.0,5.0,5.2,5.5,5.1,-13.543478260869565,21.717391304347824,1.1956521739130435,157.48714347826086,0.07691296304347826,1.0254043478260868,0.0,2.5125565217391306,0.31968478260869565,15.217391304347826,0.7009646302250804,0.2593144560357675,0.0,0.19594080406729167,-0.16658013889549478,-0.5233849396125476,-1.0295217168072168,0.08786538913043479,359.5071760869565,0.0,46.0,0.41572272926041387
Pepi,jng,HC,3,24,0.583,ERKO Esports,42.0,59.2,48.1,63.2,45.8,51.3,4.2,5.9,4.8,6.3,4.6,5.1,-256.7083333333333,-438.875,-7.25,320.27638333333334,0.15049498333333333,5.084508333333333,0.4166666666666667,1.2830666666666666,0.3623541666666667,7.291666666666667,0.7384259259259259,0.23094688221709006,0.0,0.22295315139123476,-0.4117828633597733,-0.747618505446127,-0.988527566611767,0.180232375,812.9135500000001,0.0,24.0,0.016323555398480263
Lure,bot,LCKC,2,34,0.235,Hanwha Life Esports Academy|Hanwha Life Esports Challengers,58.6,50.2,45.1,52.8,41.9,51.3,5.9,5.0,4.5,5.3,4.2,5.1,159.2941176470588,8.235294117647058,2.7058823529411766,544.3375411764706,0.2849117647058823,9.357461764705883,0.6176470588235294,1.0501470588235293,0.3034588235294118,4.5,0.6767955801104972,0.19073083778966132,0.0,0.1850274725274725,0.0,0.0,-1.1671992462260437,0.28222964705882353,318.2444852941176,0.0,34.0,-0.011787746655827434
reri,sup,LJLA,3,21,0.333,DetonatioN FocusMe Academy,40.3,57.4,72.5,52.2,36.4,51.3,4.0,5.7,7.2,5.2,3.6,5.1,-133.4,-260.53333333333336,-2.533333333333333,146.5927761904762,0.07129114761904762,0.7575571428571428,0.0,2.4862333333333333,0.29400000000000004,12.285714285714286,0.6680497925311203,0.1896551724137931,0.0,0.18900710923239505,3.4445511359937506,0.7298352971811735,-1.4251285606015989,0.08971446190476191,264.68812,0.0,21.0,-0.07379566246561334
TheShy,top,LPL,1,93,0.559,Weibo Gaming,69.0,37.4,41.6,42.5,60.7,51.2,6.9,3.7,4.2,4.2,6.1,5.1,0.0,0.0,0.0,622.3154408602151,0.2927439677419355,8.361625806451613,0.0,0.8630516129032259,0.15889999999999999,4.333333333333333,0.5644748078565329,0.2751322751322751,3.7096774193548385,0.19333371059928695,-0.46676860089264577,-0.45306517900395354,-1.058942762778521,0.2298610430107527,0.0,0.0,93.0,0.2632870083519539
Hades,bot,DDH,3,61,0.328,Arctic Gaming México|Atomic México|Rensga eSports,43.0,59.4,43.9,55.9,57.8,51.2,4.3,5.9,4.4,5.6,5.8,5.1,-441.5081967213115,-307.59016393442624,-6.180327868852459,524.3240721311475,0.2569516393442623,8.535004918032786,0.9180327868852459,1.1076016393442623,0.32549180327868854,4.590163934426229,0.671021377672209,0.16970802919708028,0.0,0.19738761778891542,0.0,0.0,-1.1538881373981529,0.2593660983606557,267.84900655737704,0.0,61.0,-0.19886565047855373
Luuukz,jng,CBLOLA,3,26,0.577,RED Academy,45.7,55.1,46.0,53.4,60.7,51.2,4.6,5.5,4.6,5.3,6.1,5.1,-151.5,-1.5769230769230769,0.9230769230769231,309.30736923076927,0.14787205769230768,5.031961538461538,0.19230769230769232,1.4272884615384613,0.3894615384615384,12.192307692307692,0.6844919786096256,0.2486910994764398,0.0,0.1476009721729157,0.049599049599049566,0.0,-1.0351645056807053,0.16541446153846154,708.5572961538461,0.0,26.0,1.3790261028850552
Cube,top,LPL,1,84,0.417,Rare Atom,49.2,54.3,49.0,49.8,53.5,51.1,4.9,5.4,4.9,5.0,5.3,5.1,0.0,0.0,0.0,466.80379523809523,0.2407154880952381,8.60490238095238,0.0,0.9626333333333333,0.17702619047619048,4.583333333333333,0.5570175438596491,0.18671152228763668,3.511904761904762,0.20700767997703182,-0.335091753581462,-0.3689006474671504,-0.9803647118822308,0.23319630952380951,0.0,0.0,84.0,-0.09681660249788712
Serendip,mid,LFL2,2,42,0.476,Joblife,40.5,61.1,49.7,55.5,52.2,51.1,4.0,6.1,5.0,5.5,5.2,5.1,-140.6904761904762,-186.33333333333334,-5.023809523809524,498.26841904761903,0.24474230952380954,8.092973809523809,0.21428571428571427,1.4141738095238094,0.23465238095238095,11.119047619047619,0.6247960848287113,0.20840950639853748,0.0,0.23789079974153785,-0.2850734144064406,-0.786122191641306,-0.868377333526605,0.21050414285714286,306.033580952381,0.0,42.0,0.040915824618037736
Akunma,top,LMF,2,61,0.623,EBRO,44.2,57.5,48.4,54.9,53.1,51.1,4.4,5.8,4.8,5.5,5.3,5.1,-83.98360655737704,-95.54098360655738,-3.1311475409836067,418.8212278688525,0.21889396721311474,7.804750819672131,0.2459016393442623,1.0287754098360655,0.15630983606557378,4.754098360655738,0.51145958986731,0.18401015228426396,0.0,0.17453714173516846,-0.31494603472548105,-0.3526122321288911,-0.8804451273105843,0.2206749344262295,581.662631147541,0.0,61.0,-0.3221980791686565
Tufi,sup,LHE,2,53,0.509,9z Team|Newstar,49.0,54.1,50.7,49.8,52.5,51.1,4.9,5.4,5.1,5.0,5.2,5.1,-131.62264150943398,-14.339622641509434,1.2452830188679245,152.28078490566037,0.07784791698113207,1.327767924528302,0.03773584905660377,2.6458320754716977,0.3813415094339623,16.18867924528302,0.6729323308270677,0.26068965517241377,0.0,0.24568619094008767,-0.335679405145577,0.0,-1.0902666280743878,0.09651845283018869,415.4558924528302,0.0,53.0,0.10876103535157355
Nap,top,LJL,15,50,0.4,Crest Gaming Act,51.7,52.3,41.1,57.6,51.6,51.1,5.2,5.2,4.1,5.8,5.2,5.1,67.84,50.34,2.86,404.84754999999996,0.22846523000000002,7.805964,0.32,0.857994,0.144796,4.5,0.5348432055749129,0.15611814345991562,0.0,0.17159420289855074,-0.4939579186806938,-0.7910150696616435,-1.0782335661070972,0.21931844,662.297732,0.0,50.0,-0.046935674489279086
RonOP,sup,VCS,15,43,0.488,CERBERUS Esports,36.9,51.2,69.9,57.8,52.5,51.1,3.7,5.1,7.0,5.8,5.2,5.1,-78.27906976744185,-279.74418604651163,-5.534883720930233,128.85301395348836,0.06488201395348837,1.0042279069767444,0.0,2.442913953488372,0.29757441860465117,15.651162790697674,0.6551724137931034,0.20224719101123595,0.0,0.3994991799437676,-0.6149522510231924,0.0,-0.918536531348887,0.08800718139534883,460.39643488372093,0.0,43.0,0.16708732963149922
JunJia,jng,LPL,1,25,0.68,EDward Gaming,49.9,53.8,51.5,56.4,40.3,51.1,5.0,5.4,5.2,5.6,4.0,5.1,0.0,0.0,0.0,297.109828,0.12521596000000002,4.461944,0.0,1.5419919999999998,0.37237200000000004,11.92,0.6883720930232559,0.21232876712328766,7.0,0.21579425039246466,-0.608021441562171,-0.14233751316167323,-0.7921408461568266,0.15434908,0.0,0.0,25.0,-0.3193343332619098
Truncapochas,jng,CT,3,24,0.625,seQura ZEST,46.7,50.9,58.0,55.3,48.1,51.1,4.7,5.1,5.8,5.5,4.8,5.1,-59.416666666666664,-232.875,-3.2083333333333335,332.3906416666667,0.1524621375,5.123408333333333,0.2916666666666667,1.44585,0.37227916666666666,12.541666666666666,0.6532258064516129,0.25,0.0,0.19422787580358364,0.25102040816326515,-0.3392857142857143,-0.8103543364602476,0.17080733333333334,946.5388041666666,0.0,24.0,-0.13310463121783878
Like 1999,jng,LAS,3,33,0.545,KT Rolster Academy,58.1,56.9,38.1,45.6,45.8,51.1,5.8,5.7,3.8,4.6,4.6,5.1,-70.60606060606061,60.09090909090909,-0.9393939393939394,400.40645454545455,0.16172353939393938,5.340003030303031,0.3939393939393939,1.544418181818182,0.4497333333333334,9.515151515151516,0.6473988439306358,0.24900398406374502,0.0,0.15828709165730542,-0.761104871250884,-0.8318357668788219,-1.0463982365235431,0.18197857575757576,739.2608909090909,0.0,33.0,-0.3091365071128983
Leemo,jng,PGC,2,35,0.4,Area of Effect Pump|Dare Gaming|Team Fish Taco,56.2,49.9,47.6,53.7,41.0,51.0,5.6,5.0,4.8,5.4,4.1,5.1,-96.2,-211.45714285714286,-3.2,372.40227999999996,0.1851345542857143,5.469145714285714,0.34285714285714286,1.2477314285714285,0.29298,6.571428571428571,0.6723768736616702,0.2107843137254902,0.0,0.1881941274912521,-0.11643604454944313,0.0,-1.1208852398756584,0.19220282857142856,788.8904314285713,0.0,35.0,-0.28117316840441026
D4SH,jng,LPLOL,3,26,0.346,Karma Clan Esports,52.8,53.3,45.0,55.0,43.8,51.0,5.3,5.3,4.5,5.5,4.4,5.1,122.76923076923077,-177.42307692307693,-4.0,356.55206153846154,0.18547165000000002,5.3747,0.15384615384615385,1.229123076923077,0.27713461538461537,10.538461538461538,0.7134146341463414,0.21428571428571427,0.0,0.17481852315394245,0.0,0.0,-1.161124457558058,0.19266776923076925,689.3536538461539,0.0,26.0,0.07157057654075545
Mia,sup,LLA,15,68,0.471,Estral Esports|TSM|TSM Academy,39.3,62.3,48.9,55.3,53.2,51.0,3.9,6.2,4.9,5.5,5.3,5.1,-170.80882352941177,-476.4852941176471,-7.838235294117647,155.44173676470587,0.07837520882352941,0.8477970588235294,0.029411764705882353,2.875980882352941,0.35710882352941176,20.36764705882353,0.7101796407185629,0.24456521739130435,0.0,0.16976086643983324,0.044439111972355616,-0.25153824212542275,-1.1200272478939834,0.08641018382352941,362.9050955882353,0.0,68.0,-0.25314195743245144
Wuming,mid,LDL,2,69,0.391,Bilibili Gaming Junior|Oh My God Academy,46.4,57.1,39.5,53.2,61.6,51.0,4.6,5.7,4.0,5.3,6.2,5.1,0.0,0.0,0.0,521.0706652173913,0.24958482608695653,8.22975072463768,0.0,0.8485391304347826,0.20682898550724638,3.739130434782609,0.6478723404255319,0.16652433817250215,2.130434782608696,0.17424198619493333,-0.7587492789977063,0.0,-1.019345839534511,0.22622115942028984,0.0,0.0,69.0,0.24816128543277238
LightFall,top,NEXO,3,23,0.435,Stormbringers,44.3,53.6,53.6,61.1,45.2,51.0,4.4,5.4,5.4,6.1,4.5,5.1,-287.5652173913044,-13.695652173913043,-6.6521739130434785,443.759252173913,0.21417234782608693,6.887704347826087,0.43478260869565216,0.9061391304347827,0.1183608695652174,5.391304347826087,0.5325779036827195,0.16962025316455695,0.0,0.11120533010296792,0.670910556003223,0.9580983078162771,-1.119943351156589,0.21132017391304347,826.9179826086956,0.0,23.0,0.3303260258572232
Michi,bot,LDL,2,27,0.37,Anyone's Legend.Young,48.3,64.9,41.1,53.1,37.7,51.0,4.8,6.5,4.1,5.3,3.8,5.1,0.0,0.0,0.0,515.8418814814814,0.2760208518518518,9.561355555555556,0.0,1.0582777777777777,0.29869999999999997,2.925925925925926,0.75,0.17873303167420815,2.5555555555555554,0.13781620116461746,0.0,0.0,-1.1771348181344448,0.29632559259259256,0.0,0.0,27.0,-0.23351128530882564
Chemera,mid,NLC,2,36,0.417,MNM Gaming,41.1,57.2,45.7,65.9,49.8,51.0,4.1,5.7,4.6,6.6,5.0,5.1,-506.52777777777777,-337.3611111111111,-10.0,572.2096611111111,0.27347716666666666,7.861913888888889,0.6666666666666666,0.9911361111111111,0.13615,5.138888888888889,0.7232824427480916,0.17777777777777778,0.0,0.21820698139320313,-0.4286651791573698,-0.6876230476440478,-0.898379836660598,0.23234397222222222,376.62299722222224,0.0,36.0,0.06459143968871595
Roshan,jng,ESLOL,3,43,0.535,The Agency,52.4,51.0,47.3,48.7,55.1,51.0,5.2,5.1,4.7,4.9,5.5,5.1,-1.441860465116279,110.04651162790698,4.441860465116279,308.95201627906977,0.13771079069767442,5.684018604651163,0.4418604651162791,1.3665186046511628,0.4078627906976744,8.232558139534884,0.6348408710217756,0.2353896103896104,0.0,0.15968571428571426,-0.06580215121575231,-0.6705439936467895,-0.8908329537827876,0.18219302325581396,848.2501069767442,0.0,43.0,-0.2761390628374001
Puff,bot,LPL,1,53,0.283,ThunderTalk Gaming,52.0,50.3,48.4,45.3,60.4,50.9,5.2,5.0,4.8,4.5,6.0,5.1,0.0,0.0,0.0,533.6697132075471,0.2973592075471698,9.047581132075472,0.0,1.3155113207547169,0.41913207547169806,4.0,0.6776556776556777,0.19734904270986744,1.4528301886792452,0.19584848304226027,0.0,0.0,-1.0679625715271748,0.2718001320754717,0.0,0.0,53.0,0.5606838737170019
OnFleek,jng,LCK,1,81,0.284,Hanwha Life Esports,43.8,62.5,48.3,49.1,49.6,50.9,4.4,6.2,4.8,4.9,5.0,5.1,-163.71604938271605,-125.45679012345678,-1.9876543209876543,245.03781481481485,0.14348482592592593,5.826129629629629,0.1111111111111111,1.7769,0.5593246913580248,11.88888888888889,0.6762589928057554,0.23862581244196843,0.0,0.21509099189972314,0.0,0.0,-1.1639915896399382,0.18029944444444446,820.2380456790124,0.0,81.0,0.09755008419066975
Carzzy,bot,LEC,1,45,0.467,Team Vitality,51.0,44.0,63.4,48.3,52.0,50.9,5.1,4.4,6.3,4.8,5.2,5.1,-207.57777777777778,-34.71111111111111,-5.644444444444445,595.0854244444444,0.28432762222222224,8.694673333333332,0.4,1.3844844444444444,0.34985777777777777,3.933333333333333,0.6147260273972602,0.18530884808013356,3.909090909090909,0.25868421052631574,-0.156794604385652,0.3860910612838598,-0.8735585027886796,0.2493588,316.53268,0.0,45.0,0.20096701825793298
aphromoo,sup,LCS,1,58,0.448,FlyQuest,47.3,46.5,46.2,63.5,58.8,50.9,4.7,4.7,4.6,6.3,5.9,5.1,3.9310344827586206,162.25862068965517,0.3448275862068966,113.12052413793103,0.06469839310344827,0.9963051724137931,0.017241379310344827,2.3123775862068965,0.3061844827586207,14.258620689655173,0.7108239095315024,0.21685082872928177,0.0,0.20980484704895175,0.07381110370333112,-0.7145375239005736,-1.0905229034388968,0.08607975,360.1581948275862,0.0,58.0,0.7160970672065208
Doggo,bot,LPL,1,88,0.5,Bilibili Gaming|Bilibili Gaming Junior,54.7,50.3,46.3,48.3,52.4,50.9,5.5,5.0,4.6,4.8,5.2,5.1,0.0,0.0,0.0,595.7743409090909,0.28497853409090906,9.615313636363636,0.0,1.2675761363636364,0.3401625,6.125,0.6756055363321799,0.17657497781721385,3.0795454545454546,0.20932387147644393,-0.23910728088273778,-0.6438374506259624,-0.9513621927620796,0.26894475,0.0,0.0,88.0,-0.09481072016396992
Ahn,bot,LPL,1,45,0.444,Invictus Gaming,50.6,51.5,49.0,53.9,49.0,50.9,5.1,5.2,4.9,5.4,4.9,5.1,0.0,0.0,0.0,568.7489177777778,0.2702862888888889,8.667393333333335,0.0,1.31122,0.36561333333333335,3.6,0.6920473773265652,0.19519094766619519,2.688888888888889,0.18090839107005388,0.0,0.0,-0.9909042048109927,0.25388166222222225,0.0,0.0,45.0,0.20638864241348706
Hidan,top,CBLOLA,3,41,0.366,INTZ|INTZ Academy,53.4,56.0,38.5,53.7,46.1,50.9,5.3,5.6,3.9,5.4,4.6,5.1,-250.09756097560975,-126.97560975609755,-0.2682926829268293,515.7709365853659,0.2633309024390244,7.984348780487805,0.36585365853658536,0.9152,0.1554439024390244,6.682926829268292,0.5911708253358925,0.2237442922374429,0.0,0.14816965241998217,-0.18913588789897054,-0.4161404722774846,-1.2025353488340733,0.23513785365853657,640.9281487804878,0.0,41.0,-0.24309168344329501
Macucho,sup,VL,3,36,0.472,GeekSide Esports|God's Plan,61.1,43.9,44.0,49.5,51.8,50.9,6.1,4.4,4.4,5.0,5.2,5.1,127.27777777777777,58.19444444444444,13.055555555555555,155.64221944444444,0.08348216111111112,1.706911111111111,0.027777777777777776,2.1938,0.24663888888888888,8.222222222222221,0.6653696498054474,0.23104693140794225,0.0,0.17708781693421405,-0.48249241537318893,0.0,-1.0500189432229035,0.09845238611111111,410.89349444444446,0.0,36.0,0.019757942671748734
Akemi,top,VL,3,36,0.361,GeekSide Esports|God's Plan,53.1,46.4,55.2,48.8,52.1,50.9,5.3,4.6,5.5,4.9,5.2,5.1,62.69444444444444,34.833333333333336,-2.611111111111111,446.5537277777778,0.24029908333333333,7.425583333333334,0.4444444444444444,0.8161555555555555,0.1303888888888889,3.9444444444444446,0.5181236673773987,0.19900497512437812,0.0,0.25983087124391474,-0.44945101097978035,0.0,-0.9161557554508579,0.22732022222222226,637.347125,0.0,36.0,-0.06452645051194529
Dimitry,jng,LLA,15,63,0.556,Team Aze,53.4,43.3,58.3,47.9,55.0,50.9,5.3,4.3,5.8,4.8,5.5,5.1,-200.20634920634922,37.06349206349206,-0.30158730158730157,290.55458095238095,0.1457630984126984,5.736646031746032,0.38095238095238093,1.3058507936507937,0.3983619047619048,8.523809523809524,0.670316301703163,0.25,0.0,0.19082238940525834,0.07195199660152937,0.3842395921835172,-0.9937504934314075,0.17960069841269843,769.9469825396825,0.0,63.0,-0.25354040976636844
Raina,sup,LJL,15,57,0.526,Fukuoka SoftBank HAWKS gaming,49.1,46.7,53.1,50.1,62.8,50.9,4.9,4.7,5.3,5.0,6.3,5.1,61.49122807017544,-41.26315789473684,7.771929824561403,120.81757719298245,0.06476712280701755,1.331321052631579,0.03508771929824561,2.427405263157895,0.3599701754385965,16.87719298245614,0.6439169139465876,0.24786324786324787,0.0,0.19978866943022025,-0.12798829077898854,-0.3397300374044561,-0.9690818096529582,0.08752920877192984,428.6924192982456,0.0,57.0,0.5706166460743569
Shockey,top,UPL,2,20,0.4,Area of Effect Pump|Area of Effect Rise|ImPerium Vancuverii|Team Zoose,53.8,38.7,78.8,43.1,43.2,50.9,5.4,3.9,7.9,4.3,4.3,5.1,-81.85,-368.5,-1.2,555.8910149999999,0.23841495,7.58329,0.45,0.8899549999999999,0.09618499999999999,2.45,0.44,0.21138211382113822,0.0,0.4891774891774892,-0.3023753763800602,0.0,-0.6253385934214627,0.23162694999999997,727.6226899999999,0.0,20.0,-0.4209677419354839
Bini,bot,TCL,15,27,0.37,Beşiktaş Esports,53.2,52.2,41.8,53.3,51.1,50.9,5.3,5.2,4.2,5.3,5.1,5.1,112.88888888888889,85.18518518518519,0.8148148148148148,499.19768888888893,0.2676184333333333,8.494174074074074,0.7037037037037037,1.2440592592592592,0.3313111111111111,5.444444444444445,0.6635802469135802,0.17525773195876287,0.0,0.11487697572103633,0.0,0.0,-1.1050902862497916,0.25092977777777775,237.60854074074072,0.0,27.0,0.498312710911136
ChiQQQ,bot,NEXO,3,27,0.37,Stormbringers,44.2,56.5,49.8,57.5,48.3,50.9,4.4,5.7,5.0,5.8,4.8,5.1,-450.9259259259259,-248.66666666666666,-4.444444444444445,533.1966,0.2623294074074074,7.876348148148147,0.8148148148148148,1.0253370370370372,0.23237037037037037,5.296296296296297,0.7091836734693877,0.17118997912317327,0.0,0.2546713659467253,-0.18000464873031555,-0.4280899529316055,-0.9912586349063017,0.2588328148148148,209.66104814814813,0.0,27.0,0.25652571660906703
Sheiden,jng,LCSA,2,50,0.58,Cloud9 Academy,61.9,41.4,43.3,51.4,53.7,50.9,6.2,4.1,4.3,5.1,5.4,5.1,145.96,152.92,0.44,332.69761,0.14663454,6.0225800000000005,0.5,1.0579720000000001,0.24202400000000002,9.68,0.662269129287599,0.21440536013400335,0.0,0.13722078085205067,0.14292787334936558,-0.728763938519826,-1.0532482702271955,0.19413596,811.097872,0.0,50.0,0.13349124843012242
Loopy,sup,LCKC,2,60,0.333,HANJIN BRION|HANJIN BRION Challengers,47.1,57.5,43.2,60.1,43.6,50.8,4.7,5.8,4.3,6.0,4.4,5.1,-167.36666666666667,-191.83333333333334,-1.7,173.4285383333333,0.09364355166666667,1.3504833333333333,0.0,2.36479,0.39936166666666667,12.633333333333333,0.732824427480916,0.2533609100310238,0.0,0.1764546501388607,0.0,0.0,-1.2857092430309083,0.09451927833333333,456.9323366666667,0.0,60.0,-0.2892871672983447
Creme,mid,LPL,1,89,0.483,Oh My God,61.7,49.9,32.3,45.0,57.7,50.8,6.2,5.0,3.2,4.5,5.8,5.1,0.0,0.0,0.0,582.3679786516853,0.29335149438202246,8.338369662921348,0.0,1.1360044943820224,0.2620550561797753,4.775280898876405,0.6435643564356436,0.18645418326693228,1.2134831460674158,0.1310059059494975,-0.5776505670069433,-0.6880373506301286,-1.0159087889938292,0.23342051685393256,0.0,0.0,89.0,0.12202856147683734
Verdict,jng,PGC,2,37,0.405,Team Ambition|Team Ambition Sussy|Team Fracture,78.4,36.1,41.6,37.9,42.7,50.8,7.8,3.6,4.2,3.8,4.3,5.1,362.4054054054054,604.081081081081,15.54054054054054,467.788145945946,0.19617949459459458,6.551762162162162,0.4864864864864865,1.1343108108108109,0.22147297297297297,5.27027027027027,0.6085043988269795,0.22994652406417113,0.0,0.18736568744835783,-0.7172960041331532,0.0,-1.0797370610143233,0.21707435135135134,775.3606432432432,0.0,37.0,-0.24671461392328395
Bung,bot,PRM,3,45,0.311,Team Oplon|WAVE Esports,40.7,51.3,51.7,56.8,65.9,50.8,4.1,5.1,5.2,5.7,6.6,5.1,-722.6888888888889,-279.8666666666667,-16.488888888888887,557.26382,0.25805731111111113,8.155666666666667,0.9333333333333333,1.0277800000000001,0.2538755555555556,3.8444444444444446,0.6761061946902654,0.18620689655172415,0.0,0.1632492060839044,0.2691350342252647,1.352209085252023,-1.1283478704234322,0.2564680888888889,291.32127333333335,0.0,45.0,1.0306557984548088
UNF0RGIVEN,bot,LEC,1,57,0.509,MAD Lions KOI,53.2,42.0,58.0,57.4,45.5,50.8,5.3,4.2,5.8,5.7,4.5,5.1,-4.947368421052632,12.771929824561404,-2.280701754385965,538.1164964912281,0.26732243859649124,9.242884210526315,0.9122807017543859,0.985521052631579,0.2844,4.017543859649122,0.6833333333333333,0.1631578947368421,0.0,0.23268180912532377,-0.09054068465394054,-0.28783192918843975,-0.8420828403412358,0.2697965789473684,279.86013157894735,0.0,57.0,-0.1436989086684094
KearZy,mid,LHE,2,30,0.533,Dark Horse,41.1,54.6,62.9,57.6,41.7,50.8,4.1,5.5,6.3,5.8,4.2,5.1,-351.3666666666667,-119.3,-13.3,501.25271333333336,0.2571133666666667,7.350126666666667,0.7,1.18499,0.20023,7.133333333333334,0.6421267893660532,0.2056451612903226,0.0,0.30112845399469607,0.0,-0.5811969494592616,-0.8242221730886853,0.2206061666666667,420.66469333333333,0.0,30.0,-0.44151222132688694
Athyz,jng,GL,3,61,0.557,Braves Rising,54.0,46.4,47.4,46.8,61.8,50.8,5.4,4.6,4.7,4.7,6.2,5.1,217.01639344262296,63.81967213114754,0.9016393442622951,302.46010655737706,0.1528572098360656,5.3350967213114755,0.3770491803278688,1.326434426229508,0.3187672131147541,10.360655737704919,0.6267529665587918,0.22514285714285714,0.0,0.1546542524284183,-0.005182940720827548,0.12718993484303096,-1.012939923505009,0.18617165573770492,810.6604163934427,0.0,61.0,-0.3119478011917839
Blind Walker,jng,EL,3,35,0.514,Gravity Elite,48.2,52.7,54.4,49.9,49.5,50.8,4.8,5.3,5.4,5.0,5.0,5.1,64.17142857142858,5.3428571428571425,-1.9714285714285715,289.2428885714286,0.15001327714285714,5.739142857142857,0.3142857142857143,1.4022828571428572,0.32276285714285713,9.571428571428571,0.6361829025844931,0.2052401746724891,0.0,0.26150956597946157,-0.7184793268557207,-0.003139911489109258,-0.9545253762533257,0.1925008,839.8152228571429,0.0,35.0,-0.2460931107838325
Unforgiven,jng,LMF,2,32,0.625,Leviatan,42.9,50.1,65.2,55.3,46.5,50.8,4.3,5.0,6.5,5.5,4.7,5.1,-31.875,-248.625,-2.75,242.086390625,0.1282123125,4.95018125,0.3125,1.44610625,0.312175,11.875,0.668903803131991,0.24925816023738873,0.0,0.29221854304635764,-0.12804878048780483,-0.4446629950170469,-0.7248068442653974,0.16625075,799.148340625,0.0,32.0,-0.3368648479800083
xqw,mid,LDL,2,73,0.438,LGD Gaming Young Team|Team WE Academy,53.6,52.8,37.9,49.6,58.0,50.8,5.4,5.3,3.8,5.0,5.8,5.1,0.0,0.0,0.0,590.2997616438356,0.2842582328767123,8.374489041095892,0.0,0.9300739726027396,0.1750082191780822,5.2465753424657535,0.6869918699186992,0.21872265966754156,2.1780821917808217,0.18460333093320752,-0.566903983833989,-0.7961901100395242,-1.0306849204781416,0.23471865753424656,0.0,0.0,73.0,-0.02652403874122598
Slayder,bot,VCS,15,72,0.278,Genius Esports|Team Flash,43.7,51.7,53.5,51.3,62.2,50.8,4.4,5.2,5.3,5.1,6.2,5.1,-456.3611111111111,-82.16666666666667,-4.0,511.6704,0.24410235833333335,9.125765277777779,0.875,1.1100833333333333,0.3247875,3.9444444444444446,0.6663113006396588,0.16140865737344093,0.0,0.23105953914688993,0.0,-0.5421795194701704,-1.0416682790123988,0.2777430416666667,261.5894916666667,0.0,72.0,-0.005558620803241246
FatShield,top,PGN,3,22,0.318,EPIC-DUDES|GGEsports,49.1,48.6,37.7,61.1,63.5,50.8,4.9,4.9,3.8,6.1,6.3,5.1,-122.54545454545455,-17.045454545454547,-1.3181818181818181,507.5453454545455,0.23667668181818183,7.632204545454545,0.13636363636363635,0.8287818181818182,0.13633636363636364,2.5,0.549800796812749,0.21212121212121213,0.0,0.16394506866416977,0.0,0.0,-1.4475593878239945,0.22063818181818184,1008.3244500000001,0.0,22.0,2.352231604342581
Lwx,bot,LPL,1,95,0.474,FunPlus Phoenix,49.9,51.9,46.9,47.3,59.7,50.7,5.0,5.2,4.7,4.7,6.0,5.1,0.0,0.0,0.0,542.6502757894737,0.2780198526315789,9.572388421052631,0.0,1.2847715789473684,0.3959157894736842,4.621052631578947,0.6836301950805768,0.18935837245696402,2.5789473684210527,0.15535491535491533,-0.029913212936070778,0.22756447722176754,-0.9783969794353965,0.27177914736842107,0.0,0.0,95.0,0.0953849693800228
Lilipp,sup,PRM,3,63,0.524,FC Schalke 04 Esports|MAD Lions Madrid,49.7,50.1,45.9,45.6,67.8,50.7,5.0,5.0,4.6,4.6,6.8,5.1,-51.3968253968254,-177.44444444444446,-4.5396825396825395,178.11889682539683,0.07930453174603175,0.9425285714285715,0.047619047619047616,2.8223777777777777,0.35596190476190476,17.666666666666668,0.6353305785123967,0.27226202661207777,0.0,0.16266391654863777,0.6635126173855381,0.16198312928274508,-1.3300092003256456,0.09053043492063492,427.57595555555554,0.0,63.0,0.5488637264225708
Firetheft,top,UPL,2,41,0.537,Supernova,59.0,36.7,65.0,43.9,50.2,50.7,5.9,3.7,6.5,4.4,5.0,5.1,176.70731707317074,246.3658536585366,7.146341463414634,469.2107951219512,0.20826474146341464,7.263882926829269,0.34146341463414637,0.8284219512195121,0.12835853658536583,3.048780487804878,0.4083438685208597,0.2188976377952756,0.0,0.29432534021893825,0.06399806589763077,0.0,-0.978275712788512,0.2034563902439024,684.395175609756,0.0,41.0,0.09932259564470171
Strompest,mid,PGC,2,27,0.481,Saint Louis University|Team Ambition|Wildcard Gaming,58.8,47.8,52.0,46.1,41.2,50.7,5.9,4.8,5.2,4.6,4.1,5.1,200.59259259259258,-65.74074074074075,-0.7407407407407407,584.2070555555556,0.28730685185185184,8.076451851851852,0.2962962962962963,1.1207777777777777,0.2078888888888889,4.222222222222222,0.6089108910891089,0.22072072072072071,0.0,0.24171201377819307,-0.1696807674162604,0.0,-1.0193008968568837,0.24120177777777776,367.08328518518516,0.0,27.0,-0.14973877105427327
Zoom,top,LPL,1,49,0.306,Top Esports|Ultra Prime,45.3,62.0,49.7,54.8,35.5,50.7,4.5,6.2,5.0,5.5,3.5,5.1,0.0,0.0,0.0,446.3843959183673,0.2245297102040816,8.389867346938775,0.0,1.0328836734693878,0.19387755102040816,5.653061224489796,0.5868725868725869,0.18598382749326145,1.8775510204081634,0.1886197372349955,0.0,0.0,-1.0831018931642116,0.23484528571428573,0.0,0.0,49.0,-0.5909533468559838
Sertuss,mid,LEC,1,36,0.389,SK Gaming,37.0,63.3,55.5,58.1,41.4,50.7,3.7,6.3,5.5,5.8,4.1,5.1,-457.6666666666667,-297.27777777777777,-9.166666666666666,484.3276888888889,0.2726581388888889,8.6966,0.2222222222222222,1.178886111111111,0.24704166666666666,6.527777777777778,0.7002583979328165,0.17316017316017315,3.5,0.2356419508788267,0.0,0.0,-0.9421431578104107,0.24408324999999997,352.36849722222223,0.0,36.0,-0.13878260869565204
Septico1,top,EBL,3,22,0.364,42 Gaming|Nexus KTRL,53.4,39.3,73.4,43.7,48.0,50.7,5.3,3.9,7.3,4.4,4.8,5.1,-229.22727272727272,-205.95454545454547,2.3181818181818183,491.97645454545454,0.2406469090909091,7.502559090909091,0.6363636363636364,0.7949590909090909,0.15050454545454547,1.0,0.46474358974358976,0.2349869451697128,0.0,0.36457607433217193,0.3079466608846485,0.0,-0.8358486892269797,0.22897881818181817,856.3355499999999,0.0,22.0,0.10307933194154496
Philip,top,LCSA,2,86,0.488,FlyQuest|FlyQuest Academy,44.6,45.3,56.4,54.4,65.1,50.7,4.5,4.5,5.6,5.4,6.5,5.1,-299.4767441860465,-150.09302325581396,-7.034883720930233,480.83995930232555,0.2338072441860465,7.442969767441861,0.22093023255813954,0.9217930232558139,0.14241511627906978,4.848837209302325,0.5271966527196653,0.24588815789473684,0.0,0.24114980284191162,0.09293937213916975,-0.7984718521973547,-0.9346251506452581,0.2111425,807.0102372093023,0.0,86.0,-0.05156914893617026
MrMemox,bot,DDH,3,23,0.13,PÊEK Gaming,44.3,47.6,68.6,53.8,45.4,50.7,4.4,4.8,6.9,5.4,4.5,5.1,-774.7391304347826,-207.04347826086956,-15.217391304347826,569.655447826087,0.30359691304347824,7.879191304347826,0.6956521739130435,0.9934347826086957,0.19047826086956524,6.130434782608695,0.6527777777777778,0.16666666666666666,0.0,0.3663546798029557,0.0,0.0,-0.8756480990287256,0.2559473043478261,261.96811304347824,0.0,23.0,-0.009224794659917246
Rostak,jng,HC,3,20,0.55,Inaequalis|Team Sampi,48.1,47.1,62.6,56.3,41.9,50.7,4.8,4.7,6.3,5.6,4.2,5.1,-50.75,-59.6,-1.7,317.521105,0.152522425,5.605595,0.3,1.23136,0.28669500000000003,8.9,0.6696165191740413,0.22525597269624573,0.0,0.27163317163317163,0.0,0.0,-0.9322116884036169,0.18261235,894.126845,0.0,20.0,-0.31740125930165997
Miaoniu,sup,LDL,2,28,0.393,Ultra Prime|Ultra Prime Academy,49.9,53.7,47.2,53.4,46.9,50.7,5.0,5.4,4.7,5.3,4.7,5.1,0.0,0.0,0.0,157.95903214285713,0.07890626071428572,0.8810928571428571,0.0,2.4624892857142853,0.2899214285714286,19.178571428571427,0.7222222222222222,0.2691358024691358,0.03571428571428571,0.2515939776262352,0.0,0.0,-1.3538910978308984,0.08507132857142856,0.0,0.0,28.0,0.606495519169867
Bay,mid,PCS,15,52,0.615,PSG Talon,41.2,58.7,54.9,52.0,49.4,50.7,4.1,5.9,5.5,5.2,4.9,5.1,-84.5576923076923,-134.46153846153845,-2.3076923076923075,381.2113211538462,0.21624322884615385,8.508655769230769,0.4230769230769231,1.2791961538461538,0.24054999999999999,6.788461538461538,0.6510948905109489,0.18773946360153257,0.0,0.2052761087267525,0.019964754957728186,-0.5434205536594615,-0.8204165395850452,0.21851667307692307,277.41444807692307,0.0,52.0,-0.42854865704949396
10ng,mid,LDL,2,36,0.556,Top Esports Challenger,45.4,60.5,47.7,53.3,42.9,50.7,4.5,6.0,4.8,5.3,4.3,5.1,0.0,0.0,0.0,525.9427361111111,0.23797925000000003,8.425386111111111,0.0,0.9809944444444445,0.19086944444444442,4.166666666666667,0.6504504504504505,0.1624087591240876,2.0555555555555554,0.2730483838178491,-0.6413679685071999,-0.9605692530819434,-0.8862534169222048,0.22904258333333333,0.0,0.0,36.0,-0.3888440860215054
Kofte,mid,TCL,15,43,0.512,Galakticos|Galatasaray Esports,42.7,57.5,49.0,56.6,49.3,50.6,4.3,5.8,4.9,5.7,4.9,5.1,-127.86046511627907,-175.1627906976744,-3.5813953488372094,435.04738837209305,0.22865079069767444,8.087676744186046,0.37209302325581395,1.1740232558139534,0.19420232558139536,7.348837209302325,0.6551094890510949,0.15955766192733017,0.0,0.19474673089290445,-0.24693720819670126,-0.26273572830446285,-0.9399520254160167,0.21710353488372094,285.14116279069765,0.0,43.0,-0.07524912075029305
Billy,sup,VL,3,22,0.318,Aguilas Doradas|God's Plan,59.6,51.5,41.0,52.2,37.2,50.6,6.0,5.2,4.1,5.2,3.7,5.1,63.63636363636363,37.0,-3.3181818181818183,168.3743681818182,0.10053683181818183,1.1610636363636362,0.045454545454545456,2.1791590909090908,0.2822545454545455,10.727272727272727,0.6925795053003534,0.20738636363636365,0.0,0.16919850187265914,-0.32414844941535337,0.0,-1.1986103650733009,0.09894847272727274,331.6400227272727,0.0,22.0,-0.4176856546376379
AdrYh,sup,SL (LATAM),3,20,0.3,Diamond Doves|Instinct Gaming,46.1,44.3,75.1,43.7,52.4,50.6,4.6,4.4,7.5,4.4,5.2,5.1,-85.1,-81.35,-5.55,148.329615,0.075543345,1.233845,0.05,2.37469,0.391615,14.3,0.5793650793650794,0.2336182336182336,0.0,0.5009445100354192,0.0,0.0,-0.9076766401448786,0.09271646,480.93974,0.0,20.0,0.5081236062440265
Velocity,sup,ESLOL,3,20,0.45,mCon esports,41.9,56.8,64.0,50.0,41.7,50.6,4.2,5.7,6.4,5.0,4.2,5.1,-27.0,-47.85,2.8,122.38079499999999,0.05915752,1.19902,0.0,2.591035,0.41134000000000004,11.25,0.6484641638225256,0.2302158273381295,0.0,0.3024162679425837,-0.1501200429500405,0.7836331390929818,-0.9831986614480791,0.097741275,465.58046,0.0,20.0,-0.2127213064713065
Mishi,bot,NLC,2,54,0.352,MNM Gaming,42.7,51.2,49.5,59.8,57.1,50.5,4.3,5.1,5.0,6.0,5.7,5.0,-440.85185185185185,-69.31481481481481,-8.833333333333334,538.54145,0.2611423333333333,8.349998148148147,0.7777777777777778,0.999362962962963,0.27184444444444444,5.62962962962963,0.6689008042895442,0.1653179190751445,0.0,0.2488609937235878,-0.4235717961914565,-0.04271744724652592,-1.0347866860872186,0.25593237037037037,281.1729240740741,0.0,54.0,0.35733484226906215
Jeremy,bot,PGC,2,43,0.419,Conviction|Here For T-Shirt|Wildcard Aces,46.0,48.7,57.2,54.6,51.3,50.5,4.6,4.9,5.7,5.5,5.1,5.0,-331.6744186046512,-213.2093023255814,-8.744186046511627,584.0326744186046,0.26679876744186043,8.511218604651162,1.0,1.066713953488372,0.19623953488372092,4.046511627906977,0.6408345752608048,0.15270935960591134,0.0,0.22740724946695096,0.08329233432768891,0.0,-0.9403966104709736,0.2681139069767442,259.43306511627907,0.0,43.0,0.0852808314766301
Kolthro,jng,UPL,2,45,0.422,Area of Effect Randoms|Grand View University,54.8,50.7,41.7,51.0,50.3,50.5,5.5,5.1,4.2,5.1,5.0,5.0,-218.35555555555555,-178.17777777777778,-2.2,385.6605044444444,0.16438671333333332,5.767037777777778,0.4444444444444444,1.2702622222222222,0.3405488888888889,5.888888888888889,0.6616541353383458,0.21593533487297922,0.0,0.23206151390508933,-0.6003477464883326,-0.8437081018961885,-1.064600502420378,0.19436666666666666,804.6906733333334,0.0,45.0,0.0555084060334645
BOSS,top,PRM,3,49,0.51,MOUZ NXT,45.5,53.6,47.1,48.9,63.2,50.5,4.5,5.4,4.7,4.9,6.3,5.0,-73.20408163265306,-253.85714285714286,-3.020408163265306,474.9788448979592,0.22186638775510206,7.779516326530612,0.32653061224489793,0.9717367346938776,0.15647959183673468,5.26530612244898,0.48356164383561645,0.17897727272727273,0.0,0.23404979186679475,-0.5165343347639485,-0.6128755364806866,-0.9555762415393405,0.21891551020408165,661.6064734693878,0.0,49.0,0.25963003264417833
Abbedagge,mid,LCS,1,76,0.566,100 Thieves,57.5,47.8,38.6,49.2,56.3,50.5,5.8,4.8,3.9,4.9,5.6,5.0,-17.605263157894736,-163.9078947368421,-3.3815789473684212,530.9619078947369,0.27448847368421053,8.711757894736843,0.631578947368421,1.2476868421052631,0.2452671052631579,7.184210526315789,0.6772151898734177,0.2249093107617896,0.0,0.12354949828361848,-0.2618885675010023,0.14727361246348591,-0.9546324070359428,0.23750728947368419,303.6578644736842,0.0,76.0,0.116384870542707
ANDARIEL,bot,TCL,15,45,0.533,5 Ronin|Galatasaray Esports|SuperMassive Blaze,50.7,44.4,57.3,46.2,60.1,50.5,5.1,4.4,5.7,4.6,6.0,5.0,-21.822222222222223,-49.355555555555554,1.6666666666666667,503.5749311111111,0.25387426222222226,9.0496,0.8666666666666667,1.2155822222222221,0.34867555555555557,4.511111111111111,0.6297520661157024,0.20035149384885764,0.0,0.19795117476173488,0.03309737899368673,-0.38014157260378795,-0.8224175124700888,0.2631724888888889,278.1805355555556,0.0,45.0,0.23128680834335072
Beats,sup,LCO,15,28,0.571,PEACE,65.3,47.5,41.9,45.8,37.6,50.5,6.5,4.8,4.2,4.6,3.8,5.0,62.75,76.35714285714286,2.392857142857143,167.07203214285713,0.08538066071428571,1.085192857142857,0.07142857142857142,2.4454285714285713,0.29686428571428575,14.642857142857142,0.6544117647058824,0.22714681440443213,0.0,0.15475740390674228,-0.8394004282655246,0.0,-0.9755432577959429,0.09103227142857143,314.961925,0.0,28.0,-0.6077660745165855
Keishao,sup,LMF,2,40,0.5,River Plate Gaming|Stone Movistar,47.5,60.6,36.1,56.7,46.7,50.5,4.8,6.1,3.6,5.7,4.7,5.0,12.725,-43.15,-2.075,135.8217525,0.07716880000000001,1.078715,0.025,2.8453475,0.3954225,16.175,0.6814671814671814,0.2518796992481203,0.0,0.10326909316974184,-0.824449788110463,0.0,-1.100368515568042,0.0875461125,456.92081500000006,0.0,40.0,0.03423665030170652
doing,mid,LDL,2,48,0.188,Rare Atom Period,43.5,57.3,37.4,55.4,64.1,50.5,4.3,5.7,3.7,5.5,6.4,5.0,0.0,0.0,0.0,446.04055625,0.255540625,7.823439583333333,0.0,1.0361958333333334,0.22502708333333332,5.0625,0.6731517509727627,0.19482120838471023,0.3541666666666667,0.1451969083548031,0.0,0.0,-1.301495691268534,0.21597966666666668,0.0,0.0,48.0,1.2092365692742697
Vit,bot,VCS,15,31,0.323,Luxury Esports,52.6,53.8,45.1,53.6,40.8,50.5,5.3,5.4,4.5,5.4,4.1,5.0,-58.61290322580645,-133.83870967741936,5.612903225806452,546.0727612903225,0.24435151612903225,9.220529032258064,0.9032258064516129,1.1935548387096775,0.3882774193548387,3.967741935483871,0.6498993963782697,0.17087667161961367,0.0,0.16283639555528956,0.0,0.0,-1.1745382889243823,0.25834596774193547,272.60302580645157,0.0,31.0,-0.13267586693911884
Iwandy,sup,LPL,1,33,0.545,LNG Esports|Team WE,49.7,65.8,36.8,49.7,38.7,50.5,5.0,6.6,3.7,5.0,3.9,5.0,0.0,0.0,0.0,154.85122424242425,0.07325911212121212,1.230048484848485,0.0,2.880630303030303,0.39881212121212123,15.93939393939394,0.7225950782997763,0.2591687041564792,0.2727272727272727,0.1328305489260143,-0.8139555244265453,0.0,-1.0055140498589519,0.09404333333333333,0.0,0.0,33.0,-0.1685957102387696
Serch,mid,NEXO,3,27,0.37,Stormbringers,53.4,52.3,46.7,51.5,42.8,50.5,5.3,5.2,4.7,5.2,4.3,5.0,-118.48148148148148,132.44444444444446,3.7037037037037037,551.406837037037,0.2598368148148148,8.239303703703703,0.3333333333333333,0.8963629629629629,0.17235555555555557,4.0,0.6301020408163265,0.15866388308977036,0.0,0.3124047546479732,-0.5664537478836386,-0.7982145605664152,-1.0021288659340923,0.25695370370370374,410.4926,0.0,27.0,-0.140547798066595
iso,bot,LHE,2,28,0.571,Newstar,46.0,51.2,59.2,55.4,42.3,50.5,4.6,5.1,5.9,5.5,4.2,5.0,-398.2142857142857,-92.25,-3.892857142857143,538.6155642857143,0.25995342857142856,8.0914,1.1071428571428572,1.1740535714285714,0.29057857142857146,4.571428571428571,0.6428571428571429,0.17989417989417988,0.0,0.25199320350281007,-0.30380548652731076,0.0,-0.804810037347897,0.24939610714285715,270.24674999999996,0.0,28.0,-0.4372101013571551
Quinncidence,top,PRM,3,31,0.452,WAVE Esports,35.3,56.2,53.1,61.6,57.9,50.5,3.5,5.6,5.3,6.2,5.8,5.0,-427.4516129032258,-341.06451612903226,-12.548387096774194,438.5683,0.1982611258064516,7.085909677419354,0.1935483870967742,0.9831,0.14557741935483873,4.67741935483871,0.5219123505976095,0.1828193832599119,0.0,0.2062641215426568,0.0,0.18207816968541482,-1.024140031719612,0.19501787096774195,813.8127741935484,0.0,31.0,0.772523729332517
Sero,top,LAS,3,33,0.545,KT Rolster Academy,43.9,47.5,42.3,75.3,51.5,50.5,4.4,4.8,4.2,7.5,5.2,5.0,-195.21212121212122,101.54545454545455,-8.151515151515152,499.7368060606061,0.20907884848484848,6.675966666666667,0.06060606060606061,0.6241515151515152,0.07433333333333333,2.090909090909091,0.6069364161849711,0.16533864541832669,0.0,0.17767921609076842,-0.6026171461560667,-0.6632348696237853,-0.9143712500614438,0.18903787878787878,1089.7840151515152,0.0,33.0,0.01691039032435396
Orre,bot,ESLOL,3,29,0.517,LowLandLions|Sector One,52.3,41.9,60.3,52.5,48.1,50.4,5.2,4.2,6.0,5.2,4.8,5.0,-559.1034482758621,-118.96551724137932,3.0344827586206895,592.2771448275862,0.2762651724137931,8.229765517241379,0.9310344827586207,0.7505862068965518,0.20835172413793104,3.7241379310344827,0.6188340807174888,0.15419501133786848,0.0,0.2573765702600058,0.0,0.0,-0.8232300268392324,0.23870310344827586,241.2859827586207,0.0,29.0,-0.1420815752461324
Adiss,top,GLL,3,50,0.54,Anorthosis Famagusta Esports|Team Refuse,39.8,46.5,59.6,62.1,57.8,50.4,4.0,4.7,6.0,6.2,5.8,5.0,-283.72,-223.68,-9.54,469.35738599999996,0.21036156000000003,7.275756,0.22,0.763774,0.12122400000000001,3.54,0.5177865612648221,0.17857142857142858,0.0,0.2030836521190682,0.39878853077266313,0.43505925930453593,-1.0120455423219514,0.20136306,901.16829,0.0,50.0,-0.1007328258711171
Tito,bot,LFL2,2,32,0.25,Karma Clan Esports|beGenius ESC,57.5,45.9,41.9,55.5,47.1,50.4,5.8,4.6,4.2,5.5,4.7,5.0,-149.84375,70.59375,10.875,535.12189375,0.28506699375,8.899659375,0.625,0.91568125,0.2229875,3.90625,0.6704225352112676,0.17165668662674652,0.0,0.15156169994879673,0.0,0.0,-1.1862627763151978,0.27402878125,285.721565625,0.0,32.0,0.4758169934640522
Kebap,top,TAL,3,31,0.452,Galakticos|Galakticos Academy|Galatasaray Academy,46.3,53.6,48.0,56.9,48.0,50.4,4.6,5.4,4.8,5.7,4.8,5.0,23.903225806451612,111.64516129032258,2.5483870967741935,380.4738483870968,0.22548581935483872,7.511645161290322,0.25806451612903225,0.9672516129032258,0.1416774193548387,3.032258064516129,0.56657223796034,0.22604422604422605,0.0,0.17541869482715947,0.0,0.0,-1.06092698277531,0.21931412903225808,779.6442709677419,0.0,31.0,0.09973696608040197
Himmel,mid,VCS,15,66,0.288,Genius Esports|Luxury Esports,53.6,38.5,60.5,46.9,59.8,50.4,5.4,3.9,6.0,4.7,6.0,5.0,-118.54545454545455,-226.24242424242425,0.5606060606060606,571.690753030303,0.2593976818181818,8.507683333333334,0.3787878787878788,0.9479757575757576,0.19736818181818183,4.666666666666667,0.5855472901168969,0.20818115412710006,0.0,0.2494038224213699,0.0,0.0,-0.9671201775164557,0.22978231818181818,447.8507075757576,0.0,66.0,-0.042448716744703956
Poss,top,VCS,15,34,0.588,CERBERUS Esports,49.0,58.6,46.7,48.6,43.8,50.4,4.9,5.9,4.7,4.9,4.4,5.0,-289.55882352941177,-110.47058823529412,-9.176470588235293,503.40507058823533,0.234117,8.183732352941176,0.29411764705882354,1.1342264705882352,0.2228529411764706,7.147058823529412,0.5402298850574713,0.22839506172839505,0.0,0.2005384389067982,-0.8617961022426794,0.0,-0.9560691630348866,0.2282505294117647,671.6109911764706,0.0,34.0,-0.31986949429037537
Crow,sup,ESLOL,3,31,0.355,Hive Athens EC|Ion Squad,47.2,46.8,52.9,53.6,58.6,50.4,4.7,4.7,5.3,5.4,5.9,5.0,-147.2258064516129,-301.5483870967742,1.7096774193548387,153.80719677419356,0.07548893548387096,1.2079129032258065,0.0967741935483871,2.1862903225806454,0.2787516129032258,8.225806451612904,0.6469135802469136,0.20593368237347295,0.0,0.23293710691823902,0.006941035842769928,-0.6362019483406767,-0.9397136098364323,0.0950056064516129,462.7835225806451,0.0,31.0,0.5302618531712512
Violet,bot,LCSA,2,34,0.412,Golden Guardians Academy|PEACE,47.6,49.6,51.9,59.7,44.9,50.4,4.8,5.0,5.2,6.0,4.5,5.0,-463.44117647058823,-53.14705882352941,4.852941176470588,558.1184205882354,0.2758681470588235,9.264805882352942,0.4411764705882353,0.9873441176470588,0.2484235294117647,4.088235294117647,0.6722488038277512,0.16808510638297872,0.0,0.22683760683760687,0.15161321024079194,-0.8001332445036642,-0.9237120434956456,0.2560385882352941,274.83144411764704,0.0,34.0,-0.17410338440814951
yaoyao,sup,LPL,1,30,0.5,ThunderTalk Gaming,43.0,54.3,57.7,59.2,38.7,50.4,4.3,5.4,5.8,5.9,3.9,5.0,0.0,0.0,0.0,127.06509,0.06472950000000001,1.1572133333333334,0.0,2.5349633333333332,0.27388,16.766666666666666,0.726161369193154,0.20580474934036938,0.0,0.2097338196726253,0.0,0.0,-0.9095467652977769,0.09071752000000001,0.0,0.0,30.0,-0.25504391686233596
Ten10,mid,LCKC,2,40,0.35,Liiv SANDBOX|Liiv SANDBOX Youth,31.5,62.9,58.2,58.4,48.9,50.3,3.1,6.3,5.8,5.8,4.9,5.0,-433.775,-334.35,-10.475,346.408895,0.1996904975,7.71296,0.45,1.3110225,0.266035,9.45,0.6399176954732511,0.19905956112852666,0.0,0.2636628103646573,0.0,0.0,-0.967443388111607,0.214247625,359.1385,0.0,40.0,0.029893165319819316
s0ul,top,LCSA,2,80,0.45,Immortals Area of Effect|TSM|TSM Academy,51.0,48.1,43.3,55.1,56.2,50.3,5.1,4.8,4.3,5.5,5.6,5.0,-27.1,-52.3125,-2.55,490.3776825,0.22115479124999998,7.523082499999999,0.3125,0.8703350000000001,0.12123999999999999,3.75,0.4918032786885246,0.17642209398186315,0.0,0.17706827475114617,-0.41402920930910153,0.0,-1.1051040876599747,0.2200294875,750.3975437500001,0.0,80.0,-0.2397545474468552
Kulvas,top,GLL,3,50,0.5,Dynamo Eclot|Gamespace Mediterranean College Esports,39.3,58.4,43.8,61.1,54.6,50.3,3.9,5.8,4.4,6.1,5.5,5.0,-244.96,-25.2,-4.84,423.22409,0.20097012,7.4223479999999995,0.14,1.00916,0.12537800000000002,4.5,0.5237483953786907,0.16050955414012738,0.0,0.18031301482701811,-0.23076923076923075,-0.016722408026755793,-1.1294557012130924,0.20915102000000002,814.489044,0.0,50.0,-0.12201834862385322
Lakerz,top,GLL,3,28,0.286,Cyber Wolves|Gamespace Mediterranean College Esports,48.7,48.1,58.6,52.6,45.2,50.3,4.9,4.8,5.9,5.3,4.5,5.0,73.10714285714286,-69.32142857142857,-4.964285714285714,446.76977857142856,0.22996360714285716,7.345007142857143,0.35714285714285715,0.8551500000000001,0.08647142857142856,4.071428571428571,0.5322128851540616,0.17425742574257425,0.0,0.2633308660251666,0.0,0.0,-0.996258014654761,0.23094782142857143,654.633925,0.0,28.0,-0.10681088389386506
zhìì,mid,ESLOL,3,40,0.45,Team 7AM,46.9,49.8,50.4,57.7,50.1,50.3,4.7,5.0,5.0,5.8,5.0,5.0,5.925,38.75,2.5,485.84506,0.234435515,8.230952499999999,0.325,0.97273,0.185145,5.275,0.5707547169811321,0.15569823434991975,0.0,0.2134247917687408,-0.013035381750465602,-0.6275605214152701,-0.8708906433489821,0.228418925,572.9777575,0.0,40.0,-0.3322099805573559
Fayonix,mid,DDH,3,37,0.432,Arctic Gaming México,38.6,51.7,56.9,61.9,52.1,50.3,3.9,5.2,5.7,6.2,5.2,5.0,-459.1081081081081,-323.3783783783784,-14.135135135135135,516.6727189189189,0.2600605945945946,6.701710810810811,0.5405405405405406,0.9863378378378379,0.15804594594594593,6.351351351351352,0.6928571428571428,0.21651090342679127,0.0,0.2926850484454171,0.0,0.0,-0.9896494892532022,0.21255767567567566,349.5307081081081,0.0,37.0,0.13444433652018253
Ellam,bot,TCL,15,40,0.65,Fenerbahçe Esports|NASR eSports Turkey,48.3,42.4,54.3,55.1,60.5,50.3,4.8,4.2,5.4,5.5,6.0,5.0,81.325,226.875,2.6,464.88822250000004,0.23569200499999998,8.897805,0.55,1.11767,0.26630750000000003,5.925,0.6386554621848739,0.18318965517241378,0.0,0.24694169722291204,-0.6258795116570951,-0.781025367968661,-0.748129486729247,0.24600167499999998,293.4479925,0.0,40.0,0.2807707351215596
Gonti,top,DDH,3,51,0.431,Atomic México|Instinct Gaming,41.9,55.4,53.9,51.7,53.4,50.3,4.2,5.5,5.4,5.2,5.3,5.0,-304.078431372549,-12.784313725490197,-7.882352941176471,427.4830019607843,0.22415332156862747,7.337670588235294,0.27450980392156865,0.971413725490196,0.1553372549019608,4.529411764705882,0.5167336010709505,0.18890200708382526,0.0,0.26580858497398036,-0.10181158194002579,-0.5842076761659785,-1.0053163549995026,0.21683850980392158,634.3208117647059,0.0,51.0,-0.47831695863191925
bkr,sup,LDL,2,63,0.206,Rare Atom Period,49.2,48.4,43.4,49.8,66.7,50.3,4.9,4.8,4.3,5.0,6.7,5.0,0.0,0.0,0.0,150.33725555555557,0.08007254285714285,1.1460095238095238,0.0,2.217652380952381,0.2619761904761905,10.238095238095237,0.6736694677871149,0.21525885558583105,0.015873015873015872,0.16584516666045493,0.0,0.0,-1.2476933129309682,0.09113707142857143,0.0,0.0,63.0,0.9612412034434896
Jervo,top,GLL,3,32,0.312,QLASH Spain|Team Refuse,37.0,64.1,36.7,67.5,48.8,50.3,3.7,6.4,3.7,6.8,4.9,5.0,-247.75,-43.1875,-6.59375,389.29624375,0.19971353125,7.014796875,0.09375,0.925384375,0.2035125,4.3125,0.5674931129476584,0.18375241779497098,0.0,0.14440133037694014,-0.17110478423491313,-0.7085915257075867,-1.2458293452441764,0.20262246875,935.4492125,0.0,32.0,0.44549226706903045
1ssue,sup,PCS,15,21,0.286,Meta Falcon Team,52.5,53.7,37.8,61.8,38.6,50.3,5.2,5.4,3.8,6.2,3.9,5.0,21.047619047619047,95.71428571428571,1.9047619047619047,145.29007142857142,0.07649078095238096,1.3862761904761904,0.0,2.356295238095238,0.2847571428571428,13.0,0.722488038277512,0.21036585365853658,0.0,0.13285067873303166,-0.5782840523509454,0.0,-1.2484366454392655,0.09304742857142857,460.29130952380956,0.0,21.0,0.12359033371691598
Pluto1,sup,PGC,2,60,0.4,Grand View University|Saint Louis University|Supernova,49.6,41.5,62.0,49.8,55.0,50.2,5.0,4.2,6.2,5.0,5.5,5.0,-37.7,-143.46666666666667,3.7666666666666666,168.7730083333333,0.07472404166666666,1.3289566666666666,0.016666666666666666,2.21701,0.22864833333333331,10.816666666666666,0.6268509378084897,0.21272885789014823,0.0,0.29644499473721486,-0.15783766487716427,0.0,-0.9416763480594966,0.09673593833333333,489.1133483333333,0.0,60.0,-0.07778091886569902
D0MAS,mid,UL,2,22,0.455,Forsaken,54.2,54.0,37.3,55.7,41.9,50.2,5.4,5.4,3.7,5.6,4.2,5.0,71.95454545454545,67.22727272727273,-4.363636363636363,533.9649818181819,0.2675795454545455,8.52524090909091,0.45454545454545453,0.9349636363636363,0.1643590909090909,3.3181818181818183,0.6387832699619772,0.14939024390243902,0.0,0.13195527821112846,-0.32378001549186664,-0.8884585592563903,-0.9526064165807602,0.2440878181818182,303.82759090909093,0.0,22.0,-0.08634020618556705
Flakked,bot,LEC,1,89,0.629,G2 Esports,41.3,54.1,54.5,54.9,52.2,50.2,4.1,5.4,5.5,5.5,5.2,5.0,-270.60674157303373,-101.28089887640449,-7.887640449438202,517.5785820224719,0.25810161797752806,9.27462808988764,0.6179775280898876,1.400108988764045,0.3368943820224719,5.438202247191011,0.653353428786737,0.15919923736892277,3.8,0.12003129691894522,0.4126282474540976,0.1179432155827006,-0.8215377452613054,0.2626586741573034,307.39215168539323,0.0,89.0,-0.21814475981963674
Trungi,top,HM,3,26,0.308,Inaequalis|Inside Games,37.4,61.5,55.8,50.9,49.0,50.2,3.7,6.2,5.6,5.1,4.9,5.0,-271.03846153846155,-254.84615384615384,-11.423076923076923,402.03524230769233,0.2093405,7.737084615384616,0.3076923076923077,1.1321115384615383,0.13309230769230768,6.6923076923076925,0.5611940298507463,0.20054945054945056,0.0,0.24305159860715417,0.0,0.0,-1.0202624520271626,0.23258046153846154,554.4415461538462,0.0,26.0,0.3307576733204549
Juanma,sup,DDH,3,29,0.345,PRO42|Tomorrow Esports,57.7,45.8,47.6,51.9,41.8,50.2,5.8,4.6,4.8,5.2,4.2,5.0,11.758620689655173,52.241379310344826,3.793103448275862,172.73678275862068,0.08378009310344828,1.2327896551724138,0.034482758620689655,2.3607586206896554,0.27034482758620687,13.517241379310345,0.6591422121896162,0.23897058823529413,0.0,0.20624975478434604,0.0,0.0010793930679893584,-1.1516004869518042,0.09359270344827586,452.5241206896552,0.0,29.0,-0.29456171062339964
Crasia,bot,TAL,3,22,0.545,İstanbul Wildcats Academy,43.0,58.4,51.6,52.9,45.1,50.2,4.3,5.8,5.2,5.3,4.5,5.0,-227.8181818181818,-85.5909090909091,-1.0909090909090908,433.5899454545455,0.2493322,8.693295454545455,0.8636363636363636,1.0523181818181817,0.22400454545454543,4.2727272727272725,0.6272401433691757,0.10344827586206896,0.0,0.21983471074380165,-0.3253012048192771,-0.4698795180722892,-0.7642076662579016,0.2523118181818182,180.1044681818182,0.0,22.0,-0.18776371308016868
Melkior,mid,GL,3,40,0.525,Braves Rising,41.4,52.9,63.2,47.6,52.3,50.2,4.1,5.3,6.3,4.8,5.2,5.0,-162.0,-34.25,-4.45,443.3245075,0.23273310500000002,7.767415,0.5,1.00532,0.1715675,5.5,0.597623089983022,0.15254237288135594,0.0,0.2852766724228546,0.0,0.17922745483407673,-0.8067621592420814,0.23203875,254.223065,0.0,40.0,-0.2875080906148867
Zika,top,LPL,1,76,0.382,Invictus Gaming|LNG Esports,42.9,58.7,49.9,48.9,52.5,50.2,4.3,5.9,5.0,4.9,5.2,5.0,0.0,0.0,0.0,423.63274210526316,0.2189884605263158,8.487518421052632,0.0,0.9623684210526315,0.2222355263157895,5.118421052631579,0.5554371002132196,0.17994858611825193,2.986842105263158,0.17544970047510847,0.0,0.0,-1.0276033876030242,0.23751701315789475,0.0,0.0,76.0,0.03520000000000021
Kino,sup,PCS,15,72,0.556,Beyond Gaming,44.4,48.1,51.8,54.5,61.0,50.2,4.4,4.8,5.2,5.5,6.1,5.0,2.638888888888889,-109.875,0.4722222222222222,130.70662638888888,0.06495369444444445,1.1180305555555554,0.027777777777777776,2.4908819444444443,0.3053152777777778,16.09722222222222,0.6815415821501014,0.24943052391799544,0.0,0.16606996801378762,-0.08979518831290449,-0.04693187939731286,-0.9698549407845545,0.0877544625,434.9914166666667,0.0,72.0,-0.025036125097871977
Clever9,top,LDL,2,23,0.435,LNG Academy,48.8,57.9,44.9,54.6,37.8,50.2,4.9,5.8,4.5,5.5,3.8,5.0,0.0,0.0,0.0,428.0959608695652,0.25046760869565216,8.073230434782609,0.0,0.8516999999999999,0.15129565217391305,4.0,0.5850340136054422,0.2099644128113879,2.217391304347826,0.14352077762379717,0.0,0.0,-1.0961364980558066,0.2251118695652174,0.0,0.0,23.0,-0.2682881497147984
Mrozku,mid,UL,2,59,0.492,JD|XL|Team ESCA Gaming,47.4,38.9,69.1,48.2,59.1,50.2,4.7,3.9,6.9,4.8,5.9,5.0,4.661016949152542,215.38983050847457,-2.983050847457627,470.4527084745763,0.21676289491525425,8.360872881355933,0.4745762711864407,0.8223,0.14402881355932204,3.3389830508474576,0.5371621621621622,0.17149478563151796,0.0,0.21045510455104552,0.8399409263361597,0.8860831323591999,-0.8998801168635696,0.2289590847457627,464.70563898305085,0.0,59.0,0.1354750137287205
Semin,top,LAS,3,49,0.306,HANJIN BRION Academy,55.3,52.3,40.5,46.8,50.2,50.2,5.5,5.2,4.0,4.7,5.0,5.0,-24.285714285714285,-215.9387755102041,-1.6326530612244898,509.51969591836735,0.2613074285714286,8.230963265306123,0.4489795918367347,0.8233224489795917,0.14873673469387755,4.428571428571429,0.5480916030534351,0.19138149556400508,0.0,0.25014807039354475,-0.7482614651107656,-0.7324039196059321,-1.1497681084238576,0.25173204081632655,572.8720142857143,0.0,49.0,-0.3671004518008699
SLT,top,LVP SL,2,25,0.52,KOI,51.2,49.8,54.7,47.8,44.6,50.1,5.1,5.0,5.5,4.8,4.5,5.0,-122.72,-73.92,1.8,453.706616,0.23942480400000002,7.705652,0.36,1.02542,0.21758399999999997,4.96,0.5173410404624278,0.27635327635327633,0.0,0.22978881756442457,0.029898189524116645,-0.12931312479845203,-1.0573941107879623,0.21344548,626.9773799999999,0.0,25.0,0.2081953134584712
Nemesis9,mid,PGC,2,47,0.468,Area of Effect Randoms|Team Ambition,60.3,38.4,59.5,43.9,45.4,50.1,6.0,3.8,6.0,4.4,4.5,5.0,62.297872340425535,123.70212765957447,7.638297872340425,556.0523723404256,0.23621946808510635,8.746123404255318,0.7659574468085106,0.9004893617021277,0.1486340425531915,2.5319148936170213,0.5255041518386714,0.1853146853146853,0.0,0.26463403726708074,0.015095894150798159,0.0,-0.9351454848881168,0.24506182978723404,573.0411361702128,0.0,47.0,-0.3693194614529229
fearness,top,LPL,1,73,0.37,LGD Gaming,47.0,52.3,44.4,55.4,53.3,50.1,4.7,5.2,4.4,5.5,5.3,5.0,0.0,0.0,0.0,444.9710602739726,0.2377024520547945,7.915469863013699,0.0,0.918790410958904,0.17820958904109588,4.068493150684931,0.5859728506787331,0.1974050046339203,1.7534246575342465,0.16500860613880763,0.0,0.0,-1.1241293072529452,0.22811124657534249,0.0,0.0,73.0,0.2669997952296487
Zdz,top,LPL,1,83,0.386,Anyone's Legend,49.4,48.4,56.0,46.7,52.3,50.1,4.9,4.8,5.6,4.7,5.2,5.0,0.0,0.0,0.0,461.6955108433734,0.24494413253012046,8.328906024096385,0.0,0.9523590361445783,0.17835060240963857,7.373493975903615,0.5631733594515181,0.21225194132873165,1.6867469879518073,0.2227308839393362,0.0,0.0,-1.069704470182251,0.23747438554216868,0.0,0.0,83.0,0.007289276523458831
Cape,jng,TAL,3,30,0.5,Galakticos Academy,46.8,46.8,60.0,50.8,51.5,50.1,4.7,4.7,6.0,5.1,5.2,5.0,28.566666666666666,-10.966666666666667,-1.4666666666666666,278.2858133333333,0.15550703666666665,5.186513333333334,0.26666666666666666,1.2330633333333334,0.32902333333333333,8.666666666666666,0.6775956284153005,0.24619289340101522,0.0,0.21945640473627556,0.0,0.0,-0.8225193045980521,0.17364203333333333,707.2111433333333,0.0,30.0,-0.08789400396641196
Cerasus,sup,LDL,2,45,0.467,Top Esports Challenger,56.0,50.8,42.0,46.4,49.5,50.1,5.6,5.1,4.2,4.6,5.0,5.0,0.0,0.0,0.0,183.74921333333333,0.09118103111111112,1.2213133333333333,0.0,2.523502222222222,0.31208444444444444,16.244444444444444,0.6963434022257552,0.26,0.0,0.18592745089518511,0.14204828361287752,-0.9101759776933691,-1.1771403410372443,0.09559849111111111,0.0,0.0,45.0,0.20769561062093972
lyy,bot,LDL,2,49,0.286,TWELVE,47.9,55.1,57.6,40.8,47.0,50.1,4.8,5.5,5.8,4.1,4.7,5.0,0.0,0.0,0.0,528.1390653061225,0.2663346530612245,9.806053061224489,0.0,1.1154183673469387,0.3954510204081632,3.4285714285714284,0.6184798807749627,0.18453038674033148,1.9591836734693877,0.2801935072801214,0.0,0.0,-1.0514192094528236,0.2748320612244898,0.0,0.0,49.0,-0.16670977999758058
Wen,mid,PCS,15,34,0.353,Meta Falcon Team,42.2,57.0,46.3,60.9,45.3,50.1,4.2,5.7,4.6,6.1,4.5,5.0,-74.44117647058823,-83.17647058823529,0.17647058823529413,385.9416470588235,0.21629175,8.558170588235294,0.38235294117647056,1.0242147058823527,0.22183823529411767,5.529411764705882,0.6625916870415648,0.15111940298507462,0.0,0.20452548915213628,-0.6965147189130649,0.0,-0.942868661563675,0.24156141176470586,458.9910970588235,0.0,34.0,-0.07994275199345728
New,top,LPL,1,44,0.273,Qing Jiu E-sport Club|ThunderTalk Gaming,43.6,45.1,64.7,47.4,60.6,50.0,4.4,4.5,6.5,4.7,6.1,5.0,0.0,0.0,0.0,409.2353954545455,0.2321171818181818,7.8702,0.0,0.9555704545454545,0.15557045454545457,5.613636363636363,0.5398633257403189,0.20134228187919462,1.6136363636363635,0.24738675958188155,0.0,0.0,-0.958589247249641,0.22572961363636362,0.0,0.0,44.0,0.7068238859686508
XinLiu,sup,LPL,1,69,0.435,Invictus Gaming|ThunderTalk Gaming,56.1,48.1,47.6,40.6,54.5,50.0,5.6,4.8,4.8,4.1,5.5,5.0,0.0,0.0,0.0,169.01603768115945,0.08662584782608695,1.4351855072463768,0.0,2.6382550724637683,0.3327797101449275,17.043478260869566,0.6623093681917211,0.22142857142857142,0.08695652173913043,0.16327124233621312,0.0,-0.041243503165877535,-1.0282939467041112,0.09634411884057971,0.0,0.0,69.0,0.2886856065706206
Hawk,sup,CBLOL,15,28,0.429,A One Man Army|Miners,47.0,48.2,51.8,59.4,46.7,50.0,4.7,4.8,5.2,5.9,4.7,5.0,-237.14285714285714,-107.32142857142857,2.8214285714285716,166.89171785714285,0.07590243928571429,1.067707142857143,0.0,2.4173535714285714,0.29121071428571427,15.642857142857142,0.6781609195402298,0.23076923076923078,0.0,0.22161223573193028,-0.5976272990407954,0.0,-0.953848342522043,0.0921325607142857,540.4284714285715,0.0,28.0,0.2439776610819372
Boal,top,CBLOL,15,24,0.458,Flamengo MDL|RED Canids,42.6,44.7,74.5,45.0,53.9,50.0,4.3,4.5,7.5,4.5,5.4,5.0,-464.2916666666667,-76.79166666666667,-6.833333333333333,427.48982500000005,0.22743229166666667,8.1911,0.20833333333333334,0.9134291666666666,0.16235,5.916666666666667,0.49843260188087773,0.208955223880597,0.0,0.34087646711137387,0.0,0.0,-0.7589607893906325,0.23928816666666666,709.81245,0.0,24.0,0.42045454545454564
Tyr,sup,EL,3,23,0.696,Aurelius Esports|XTEN Esports,59.5,40.8,46.1,51.2,49.4,50.0,6.0,4.1,4.6,5.1,4.9,5.0,48.34782608695652,165.34782608695653,4.086956521739131,177.96538260869565,0.08600582173913043,1.1857521739130434,0.0,2.1145826086956525,0.2768826086956522,11.217391304347826,0.7,0.28363636363636363,0.0,0.09481304930731416,0.3043560308224565,-0.5350212297531057,-0.8916764938016335,0.09698349130434783,454.12030000000004,0.0,23.0,0.13521216196025695
Shenyi,sup,LCSA,2,37,0.243,TSM|TSM Academy,44.6,44.1,68.7,50.5,50.4,50.0,4.5,4.4,6.9,5.0,5.0,5.0,-184.67567567567568,-146.6216216216216,6.675675675675675,146.7519918918919,0.07938830270270271,1.3696918918918919,0.0,2.3852864864864864,0.3475648648648649,11.72972972972973,0.654292343387471,0.27563025210084036,0.0,0.3320685555775708,0.0,0.0,-0.8535410785313317,0.09107047027027027,547.2792837837839,0.0,37.0,-0.02144970414201176
Meslo,top,PGC,2,32,0.406,Illinois State University|Supernova,61.1,41.8,49.4,50.0,40.6,50.0,6.1,4.2,4.9,5.0,4.1,5.0,83.71875,-5.1875,2.4375,561.480559375,0.241496,7.319475,0.25,0.84423125,0.0845125,2.375,0.500998003992016,0.20349761526232116,0.0,0.18190181514853518,-0.29424338151976104,0.0,-0.9539227967532603,0.23158334375,658.6079281250001,0.0,32.0,-0.41809990255261525
Primo,sup,LJLA,3,20,0.5,Crest Gaming Act|Crest Gaming Act Academy,60.4,41.6,51.8,50.8,39.0,50.0,6.0,4.2,5.2,5.1,3.9,5.0,24.285714285714285,113.35714285714286,0.42857142857142855,179.81539,0.087707525,0.82075,0.05,1.872575,0.22553,12.95,0.7251908396946565,0.250814332247557,0.0,0.15513283043620857,0.29947643979057603,0.0,-0.9690889854592887,0.100644035,322.15284285714284,0.0,20.0,-0.5079432323660241
Nio,sup,PRMP,3,22,0.727,Hertha BSC eSport,48.8,41.4,53.8,49.8,67.2,50.0,4.9,4.1,5.4,5.0,6.7,5.0,158.63636363636363,-133.9090909090909,-2.772727272727273,165.30166363636366,0.06892923636363636,0.900959090909091,0.0,2.3631545454545453,0.22864545454545454,11.227272727272727,0.6888888888888889,0.2822966507177033,0.0,0.17686368200547073,0.0,-0.6035263747503774,-0.7598665000784519,0.08949515454545455,373.19538181818183,0.0,22.0,1.292334830019243
QiuQiu,sup,LPL,1,77,0.39,Anyone's Legend,55.8,39.3,58.6,42.7,56.4,49.9,5.6,3.9,5.9,4.3,5.6,5.0,0.0,0.0,0.0,165.6138948051948,0.0878058168831169,1.5116753246753247,0.0,2.397333766233766,0.26941558441558444,13.402597402597403,0.6923076923076923,0.25847846012832265,0.06493506493506493,0.2536748451324136,0.0,0.0,-1.0352505309811435,0.0955958922077922,0.0,0.0,77.0,0.2900442197818452
Sadaz,mid,PGN,3,26,0.231,QLASH Spain|Samsung Morning Stars,46.5,43.6,59.2,46.2,64.2,49.9,4.7,4.4,5.9,4.6,6.4,5.0,-111.11538461538461,-94.6923076923077,1.5769230769230769,523.6168115384615,0.2612876923076923,8.83423076923077,0.19230769230769232,0.7159884615384615,0.1308653846153846,3.5,0.6075085324232082,0.14692982456140352,0.0,0.21967877094972066,0.9548720024284125,0.0,-1.0931586116699028,0.2510678846153846,282.6281730769231,0.0,26.0,1.6076207097149506
Tercote,mid,SL (LATAM),3,30,0.433,Club Deportivo Municipal,39.8,59.3,54.0,49.1,50.4,49.9,4.0,5.9,5.4,4.9,5.0,5.0,-528.8666666666667,-406.76666666666665,-3.466666666666667,495.9470533333333,0.2648237,7.70257,0.6333333333333333,1.2440399999999998,0.19966,5.7,0.6261261261261262,0.1925233644859813,0.0,0.26419868244621936,-0.26345494859907287,0.0,-0.9095915931754829,0.2356531,328.24401666666665,0.0,30.0,0.16247212488053525
Fallen,jng,LFL2,2,30,0.2,beGenius ESC,43.3,57.7,50.0,58.4,37.8,49.9,4.3,5.8,5.0,5.8,3.8,5.0,-115.03333333333333,-172.8,-3.933333333333333,276.71139000000005,0.14560432666666667,5.616666666666666,0.13333333333333333,1.3393066666666666,0.34968333333333335,10.5,0.6861538461538461,0.20734341252699784,0.0,0.2120967741935484,0.0,0.0,-1.1694089477296574,0.18213133333333334,744.5572333333333,0.0,30.0,-0.3885633934848839
Ino,top,LJL,15,63,0.571,Rascal Jester,43.9,51.7,47.6,53.5,58.9,49.9,4.4,5.2,4.8,5.3,5.9,5.0,-70.41269841269842,-169.55555555555554,-1.2857142857142858,373.48973333333333,0.2028496761904762,7.731217460317461,0.38095238095238093,0.9791063492063492,0.15584920634920635,6.444444444444445,0.5550061804697157,0.2066115702479339,0.0,0.14469400745657907,-0.2880390651939356,-0.31869500895429426,-0.8758342200279964,0.2214226396825397,653.6616920634921,0.0,63.0,-0.21868331357439247
Yuhi,bot,LJL,15,51,0.431,Burning Core Toyama,40.8,60.8,44.0,56.9,47.3,49.9,4.1,6.1,4.4,5.7,4.7,5.0,-522.2549019607843,-229.58823529411765,-7.117647058823529,513.4749176470588,0.26213270588235293,8.78226274509804,0.6666666666666666,1.3593450980392157,0.3967235294117647,6.0588235294117645,0.676126878130217,0.17095310136157338,0.0,0.1678854427534836,-0.3287400411163145,-0.21970955855790772,-1.0388479010040426,0.2552086470588235,266.31402352941177,0.0,51.0,-0.3328830260648443
sahori,bot,UPL,2,34,0.529,"University of California, Irvine",50.3,40.8,64.0,49.4,49.7,49.8,5.0,4.1,6.4,4.9,5.0,5.0,126.17647058823529,18.352941176470587,-0.20588235294117646,505.9237882352941,0.23069582352941176,8.301764705882352,0.9705882352941176,1.1085882352941177,0.21432941176470588,4.0,0.5922330097087378,0.1858974358974359,0.0,0.2084018559849642,0.830538200153458,0.0,-0.9528484534857661,0.23878982352941178,243.60437647058825,0.0,34.0,0.2170951439244123
Absolute,sup,LFL,2,40,0.3,BK ROG Esports|Team Oplon,45.8,47.0,55.4,56.5,49.8,49.8,4.6,4.7,5.5,5.7,5.0,5.0,-7.175,0.25,1.875,133.58903,0.0707829375,1.0919975000000002,0.0,2.26704,0.2632825,14.175,0.6609808102345416,0.2113323124042879,0.0,0.1933838051349572,0.34739707383463775,0.2575706022456619,-1.1214984662081353,0.0885858225,389.041555,0.0,40.0,0.24326249554790447
Subbex,bot,EBL,3,28,0.429,Cyber Wolves,34.6,63.2,60.0,50.2,44.8,49.8,3.5,6.3,6.0,5.0,4.5,5.0,-250.53571428571428,-279.14285714285717,-11.5,432.26240714285717,0.2118934285714286,7.988582142857142,0.39285714285714285,1.3521214285714287,0.35911785714285716,5.464285714285714,0.5940054495912807,0.13709677419354838,0.0,0.27849576271186444,0.0,0.0,-0.89957294125231,0.24448260714285716,248.51836428571428,0.0,28.0,-0.2198386505317198
MGX,mid,TCL,15,37,0.351,Beşiktaş Esports,48.3,49.1,50.4,53.9,48.6,49.8,4.8,4.9,5.0,5.4,4.9,5.0,-213.7027027027027,-65.16216216216216,-7.891891891891892,488.78130540540536,0.27093734324324326,8.422978378378378,0.35135135135135137,0.932191891891892,0.1385162162162162,4.837837837837838,0.7013574660633484,0.17448405253283303,0.0,0.17615883807169344,0.0,0.0,-1.0108029086049382,0.2445741081081081,292.07602162162163,0.0,37.0,0.11575098624073882
Strensh,mid,LMF,2,46,0.457,River Plate Gaming|Undead Gaming,48.5,42.1,66.1,46.9,51.7,49.8,4.8,4.2,6.6,4.7,5.2,5.0,-279.60869565217394,-47.47826086956522,-3.4130434782608696,555.5757913043478,0.270094152173913,8.219945652173914,0.5217391304347826,0.979504347826087,0.13030652173913043,5.869565217391305,0.582723279648609,0.19236417033773862,0.0,0.35328489674048275,-0.6755015949402738,0.0,-0.7659110208169634,0.24071469565217393,394.4124608695652,0.0,46.0,-0.2136107634543179
Celebrity,bot,VCS,15,71,0.507,SBTC Esports,56.4,41.9,44.8,44.5,63.8,49.8,5.6,4.2,4.5,4.5,6.4,5.0,162.0,-118.97183098591549,5.577464788732394,541.6617929577465,0.25683776760563376,9.515814084507042,0.9154929577464789,1.041994366197183,0.3140661971830986,3.4788732394366195,0.6060019361084221,0.17535545023696683,0.0,0.21201272411798733,-0.5252858350387045,-0.9299314885665984,-0.9472133676157433,0.2765614507042254,279.88565211267604,0.0,71.0,-0.0019014550264549537
minghai,sup,LDL,2,32,0.25,LGD Gaming Young Team,44.2,45.0,76.2,43.9,46.8,49.8,4.4,4.5,7.6,4.4,4.7,5.0,0.0,0.0,0.0,119.158684375,0.07311888125,1.0698,0.0,2.4247843749999998,0.34093125,14.125,0.6574585635359116,0.2736625514403292,0.0,0.43876569669991483,0.0,0.0,-0.7215393975249907,0.08755409375,0.0,0.0,32.0,-0.3183314381471063
Tazaku,bot,LVP SL,2,44,0.386,Movistar KOI,42.4,50.5,55.8,56.7,48.4,49.7,4.2,5.0,5.6,5.7,4.8,5.0,-153.9318181818182,-179.13636363636363,-5.4772727272727275,511.6180136363636,0.2593280068181818,8.4328,0.4772727272727273,1.161518181818182,0.26535909090909093,6.295454545454546,0.6607142857142857,0.18571428571428572,0.0,0.2995503747995142,-0.22687230496547706,-0.666675484775535,-0.9075056035093576,0.2528588409090909,283.44035,0.0,44.0,-0.18962413034297262
LE0,mid,PGC,2,64,0.453,300|Area of Effect Pump|Evil Geniuses Prodigies|No Org,53.2,42.0,46.4,53.2,57.1,49.7,5.3,4.2,4.6,5.3,5.7,5.0,-8.046875,-6.265625,3.015625,530.184309375,0.2332891875,8.5355125,0.75,0.7464625,0.1281140625,3.828125,0.6162260711030082,0.17088607594936708,0.0,0.17357406844471465,0.05348599885704964,0.0,-1.046001482737765,0.240729171875,398.8760109375,0.0,64.0,0.12612498593767585
Kingston,jng,TAL,3,29,0.483,Galatasaray Academy,45.9,50.8,48.8,57.6,47.7,49.7,4.6,5.1,4.9,5.8,4.8,5.0,-149.68965517241378,-69.48275862068965,-0.6206896551724138,270.6823517241379,0.15674178620689655,5.502451724137931,0.41379310344827586,1.2322000000000002,0.2902275862068966,11.448275862068966,0.7245989304812834,0.24128686327077747,0.0,0.1560233918128655,0.0,0.0,-0.951791544346438,0.18114606896551724,738.0114655172414,0.0,29.0,-0.11947060927626084
Kyose,mid,LCO,15,23,0.435,Dire Wolves,54.7,51.9,36.8,54.6,43.0,49.7,5.5,5.2,3.7,5.5,4.3,5.0,60.30434782608695,210.17391304347825,1.2608695652173914,450.21986521739126,0.24829913043478263,8.113960869565219,0.391304347826087,0.9795652173913044,0.2101304347826087,5.0,0.6845238095238095,0.1836734693877551,0.0,0.1310708898944193,-0.8633817955535442,0.0,-1.009340492888847,0.2288154347826087,287.6321434782609,0.0,23.0,0.1146104030029288
Crus,bot,LMF,2,42,0.452,Maycam Evolve|Stone Movistar,49.6,51.7,44.7,54.3,46.1,49.7,5.0,5.2,4.5,5.4,4.6,5.0,100.0,99.78571428571429,5.357142857142857,466.30586428571434,0.24163392857142854,8.885678571428572,0.5476190476190477,1.1220714285714286,0.24546190476190477,5.4523809523809526,0.6176470588235294,0.14335664335664336,0.0,0.21322187188848324,-0.5763060468942821,-0.7408473879062114,-0.8563349338371156,0.2541654285714286,204.47362619047618,0.0,42.0,-0.39207317073170733
Fade,mid,TAL,3,24,0.583,Fenerbahçe Academy|Galakticos Academy,48.5,48.5,48.4,56.3,48.5,49.7,4.8,4.8,4.8,5.6,4.8,5.0,177.79166666666666,187.125,0.0,426.99600000000004,0.22765361666666664,8.410404166666668,0.5,0.9180333333333334,0.1567875,4.625,0.6258064516129033,0.17666666666666667,0.0,0.1407252440725244,0.0,0.0,-0.8709211175409076,0.23998529166666668,486.86420833333335,0.0,24.0,0.19447755264203404
Nawa,bot,TAL,3,28,0.607,Dark Passage Academy|NASR eSports Turkey Academy,38.2,55.4,52.8,55.3,54.7,49.7,3.8,5.5,5.3,5.5,5.5,5.0,-206.89285714285714,-307.14285714285717,-10.142857142857142,417.9137464285714,0.23552251428571427,8.974210714285714,0.9642857142857143,0.9442714285714285,0.22260357142857143,3.392857142857143,0.6796875,0.1423948220064725,0.0,0.20695304297454836,-0.20125721352019782,-0.6267003297609233,-0.70698273022828,0.2611877142857143,197.42523571428572,0.0,28.0,0.1652091254752852
Sander,top,DDH,3,21,0.333,PRO42|PÊEK Gaming,42.7,52.3,61.7,54.9,38.6,49.7,4.3,5.2,6.2,5.5,3.9,5.0,-78.14285714285714,-52.857142857142854,-6.238095238095238,408.923519047619,0.21229757142857145,7.693966666666666,0.3333333333333333,0.9016333333333334,0.10215714285714286,4.809523809523809,0.535483870967742,0.16847826086956522,0.0,0.19065434272300472,0.0,2.4795539033457255,-1.125560195358488,0.23533661904761904,751.550480952381,0.0,21.0,-0.20917215852667695
Knighter,mid,LVP SL,2,43,0.256,MAD Lions Madrid,46.2,53.9,45.2,57.6,44.3,49.6,4.6,5.4,4.5,5.8,4.4,5.0,-65.46511627906976,-36.093023255813954,2.9767441860465116,466.7731674418605,0.2521367558139535,9.173646511627906,0.3023255813953488,0.8564302325581395,0.15424651162790698,4.5813953488372094,0.6583333333333333,0.14351851851851852,0.0,0.22825504895960835,0.0,-0.8102243471864656,-1.083722370385377,0.2535513488372093,367.16302093023256,0.0,43.0,-0.15267854888793525
Bejjaniii,top,UPL,2,35,0.571,Bay State College,50.9,46.2,59.0,47.9,43.7,49.6,5.1,4.6,5.9,4.8,4.4,5.0,-23.685714285714287,-88.34285714285714,-1.9428571428571428,522.6946371428572,0.20850017142857144,7.394514285714285,0.2857142857142857,1.0060657142857143,0.13914285714285715,4.857142857142857,0.4388888888888889,0.19781931464174454,0.0,0.2914787353413566,-0.22574507148597306,-0.7568485039867372,-0.9076665690801088,0.2101270285714286,680.7793971428572,0.0,35.0,-0.3069954854372308
Blossoms,sup,PGC,2,38,0.421,Conviction|Dare Gaming|Here For T-Shirt|Wildcard Gaming,47.9,54.8,50.3,46.4,46.3,49.6,4.8,5.5,5.0,4.6,4.6,5.0,-205.5,-296.7631578947368,-1.9736842105263157,194.5778894736842,0.08953944210526316,1.1268789473684209,0.02631578947368421,2.5541868421052634,0.3400921052631579,10.631578947368421,0.6484098939929329,0.2108843537414966,0.0,0.2357136215998619,-0.4630502022364978,0.0,-1.0250271563853834,0.1052127894736842,330.6998736842105,0.0,38.0,-0.05222609816985469
Reptile,bot,PRM,3,52,0.635,Unicorns of Love Sexy Edition,44.3,47.5,56.8,45.9,62.7,49.6,4.4,4.8,5.7,4.6,6.3,5.0,-290.6730769230769,24.25,-7.230769230769231,500.7908538461539,0.23316471153846155,9.073496153846154,0.8653846153846154,1.1436538461538461,0.2425903846153846,3.980769230769231,0.6079545454545454,0.17410714285714285,0.0,0.19787329527038816,0.21161961233807403,-0.364654504472776,-0.7614921836374443,0.25289396153846155,243.20138653846152,0.0,52.0,-0.16360796563842245
Mega,jng,EL,3,22,0.364,Fuego|Zylant Esports,46.1,39.8,75.0,41.9,55.9,49.6,4.6,4.0,7.5,4.2,5.6,5.0,-414.6363636363636,-418.22727272727275,-7.954545454545454,401.9959863636364,0.18342360454545456,5.609927272727273,0.22727272727272727,1.3339772727272727,0.2852863636363636,10.954545454545455,0.6320754716981132,0.2692307692307692,0.0,0.35253708040593285,0.0,0.0,-0.6429624712797605,0.1838225909090909,754.9599772727273,0.0,22.0,0.3262578616352202
Emps,mid,UPL,2,21,0.476,Harrisburg University,52.3,49.1,50.9,52.4,38.6,49.6,5.2,4.9,5.1,5.2,3.9,5.0,91.61904761904762,57.857142857142854,5.9523809523809526,498.3894333333333,0.2294176666666667,7.977571428571428,0.47619047619047616,1.0288904761904762,0.14595238095238094,4.333333333333333,0.5989159891598916,0.16624685138539042,0.0,0.19882055602358886,0.05314480741101906,0.0,-0.9851960594632293,0.23281457142857143,333.8706714285714,0.0,21.0,-0.29151291512915134
Kozi,top,UL,2,36,0.389,devils.one inStreamly,50.5,45.6,43.3,57.6,53.8,49.6,5.0,4.6,4.3,5.8,5.4,5.0,-250.72222222222223,-69.16666666666667,-6.472222222222222,502.89131111111107,0.2599078888888889,7.404905555555555,0.19444444444444445,0.84085,0.11716944444444444,4.361111111111111,0.5827505827505828,0.24586776859504134,0.0,0.1429203101798383,0.0,-0.03252851855929392,-1.1459946681064328,0.2280942777777778,815.7233083333333,0.0,36.0,0.6860398990013875
Getback,mid,PGC,2,26,0.462,Maryville University,54.4,48.6,41.3,58.8,37.5,49.5,5.4,4.9,4.1,5.9,3.8,5.0,179.07692307692307,-73.96153846153847,0.11538461538461539,529.3076115384615,0.24705449999999998,7.891523076923077,0.6153846153846154,0.87825,0.11087307692307692,5.269230769230769,0.6603325415676959,0.16507177033492823,0.0,0.18870431893687706,-0.8455598455598455,0.0,-0.9554987110880869,0.23510199999999998,317.2394307692308,0.0,26.0,-0.5335403726708075
Lothi,bot,PRM,3,42,0.31,E WIE EINFACH E-SPORTS,34.7,48.4,60.6,60.2,60.0,49.5,3.5,4.8,6.1,6.0,6.0,5.0,-365.42857142857144,-328.3095238095238,-9.19047619047619,444.49820476190473,0.20534049285714284,7.909095238095238,0.5952380952380952,0.8038428571428572,0.1752095238095238,3.380952380952381,0.6678321678321678,0.14057971014492754,0.0,0.28587547892720305,0.0,0.0,-0.9036982458382717,0.2434972142857143,237.09003333333334,0.0,42.0,0.3068315204632601
Kakan,top,UL,2,60,0.467,Iron Wolves,48.7,54.8,36.4,57.2,46.9,49.5,4.9,5.5,3.6,5.7,4.7,5.0,-214.66666666666666,-190.03333333333333,-1.7333333333333334,522.1611,0.23390206666666666,7.592716666666666,0.18333333333333332,1.0646966666666666,0.1642,5.166666666666667,0.5492289442467378,0.23967774420946628,0.0,0.1744840137320594,-0.560243480467101,-0.28591894628862885,-1.3119063624108895,0.21140191666666666,754.0093183333333,0.0,60.0,-0.05421514665255642
113,jng,LFL,2,85,0.624,Karmine Corp,45.5,42.3,52.5,54.6,64.1,49.5,4.5,4.2,5.2,5.5,6.4,5.0,-42.37647058823529,-309.8235294117647,-7.011764705882353,326.0305388235294,0.14074906235294118,5.163458823529412,0.25882352941176473,1.2809235294117647,0.30984235294117646,9.423529411764706,0.6792717086834734,0.2868632707774799,0.0,0.2489959575383779,-0.4406823675116358,-0.03132578254529468,-0.9939227898652669,0.15872253647058823,783.9788670588235,0.0,85.0,-0.056821555833794835
Instinct,bot,LCSA,2,81,0.321,TSM|TSM Academy,36.5,56.5,44.9,60.4,58.8,49.5,3.6,5.7,4.5,6.0,5.9,5.0,-582.3086419753087,-204.50617283950618,-10.814814814814815,503.25528888888886,0.2617652049382716,8.677371604938273,0.4444444444444444,1.133374074074074,0.2812962962962963,5.901234567901234,0.6530194472876152,0.14920368818105617,0.0,0.19311289743377255,-0.1516156419392059,0.0,-1.1368898859344232,0.2518927037037037,270.2913839506173,0.0,81.0,-0.015340374470064687
Carnage,jng,LPLOL,3,30,0.433,GTZ Esports|Hive Athens EC,36.6,52.6,56.1,59.9,52.1,49.5,3.7,5.3,5.6,6.0,5.2,5.0,-425.8666666666667,-546.7333333333333,-11.366666666666667,301.14546333333334,0.14736310333333333,4.82771,0.3,1.1455766666666667,0.30841,8.066666666666666,0.691415313225058,0.19955654101995565,0.0,0.21676035067270755,0.0,0.0,-0.9415264196307286,0.16981786666666665,722.94295,0.0,30.0,0.21304188096987506
Lot,top,TCL,15,37,0.351,Beşiktaş Esports,45.3,51.8,44.4,53.3,56.6,49.5,4.5,5.2,4.4,5.3,5.7,5.0,-239.43243243243242,-129.6216216216216,-1.1891891891891893,407.4308378378379,0.22562297567567569,7.7152378378378375,0.2972972972972973,0.9190540540540542,0.17002432432432432,5.837837837837838,0.5271493212669683,0.18386491557223264,0.0,0.12960462287104624,0.0,0.0,-1.1459239793149276,0.21804448648648647,648.345118918919,0.0,37.0,0.7659279778393352
HAKA,top,EL,3,36,0.5,Janus Esports,51.8,54.9,45.0,47.0,41.3,49.5,5.2,5.5,4.5,4.7,4.1,5.0,-223.75,-107.36111111111111,-1.3611111111111112,481.8309805555556,0.24314438888888887,7.555413888888888,0.5277777777777778,0.9712777777777778,0.1916138888888889,3.361111111111111,0.5182926829268293,0.22007042253521128,0.0,0.20690085014085913,0.0,-0.505474075604214,-1.170584555695424,0.23831375,747.3513666666666,0.0,36.0,-0.5081664098613251
vSack,bot,GL,3,24,0.5,Ramo Awake Gaming,47.0,56.1,50.0,47.9,43.0,49.5,4.7,5.6,5.0,4.8,4.3,5.0,-45.875,-146.5,-6.916666666666667,467.51000416666665,0.249498625,8.57465,1.2083333333333333,1.2312874999999999,0.2875375,5.958333333333333,0.6572164948453608,0.18406593406593408,0.0,0.1627330742628971,0.0,0.39083508363101166,-0.9093772862045855,0.2705954166666667,239.84287500000002,0.0,24.0,-0.19065187239944525
Reversed,top,CBLOLA,3,28,0.5,Miners Academy,33.9,59.4,68.0,50.1,42.0,49.5,3.4,5.9,6.8,5.0,4.2,5.0,-450.32142857142856,-332.17857142857144,-12.928571428571429,404.87881428571427,0.19787625,6.988010714285714,0.14285714285714285,1.1347107142857142,0.22618214285714286,8.714285714285714,0.49772727272727274,0.2393617021276596,0.0,0.45032072698115727,-0.5863189776169018,0.0,-1.0197896405149376,0.20356239285714287,766.4917821428571,0.0,28.0,-0.3515227462595883
Relife,jng,LDL,2,45,0.356,Anyone's Legend.Young,46.9,49.3,45.5,50.8,60.1,49.5,4.7,4.9,4.5,5.1,6.0,5.0,0.0,0.0,0.0,286.2004822222222,0.14308928444444444,5.030535555555556,0.0,1.1648844444444444,0.25723999999999997,8.222222222222221,0.6794871794871795,0.22340425531914893,8.466666666666667,0.1504587733517997,0.0,0.0,-1.127100202260481,0.17274122222222224,0.0,0.0,45.0,0.7020544482227622
Shun2,bot,LAS,3,34,0.529,DN SOOPers Academy,40.9,54.8,49.5,49.5,59.7,49.5,4.1,5.5,5.0,5.0,6.0,5.0,-35.23529411764706,-38.205882352941174,-5.176470588235294,443.83475,0.21539182352941177,8.942973529411764,0.7058823529411765,1.1164529411764708,0.3588411764705882,5.617647058823529,0.6514285714285715,0.1953405017921147,0.0,0.1578634904040027,0.2989698213504693,0.15728560374121062,-0.9855720707374074,0.2540657647058823,247.3299294117647,0.0,34.0,0.7648805571985564
Envy Carry,mid,PRM,3,31,0.452,WAVE Esports,37.5,39.5,74.2,52.8,63.6,49.5,3.8,4.0,7.4,5.3,6.4,5.0,-202.6451612903226,-310.7096774193548,-10.580645161290322,453.04979354838713,0.20238508387096774,7.973880645161291,0.7741935483870968,0.7935032258064516,0.16848387096774192,3.6129032258064515,0.5936254980079682,0.2092511013215859,0.0,0.41873833434483393,0.0,1.640340689121177,-0.9272808294733312,0.22976703225806452,531.5046032258065,0.0,31.0,1.0743936567164178
ICON,mid,LPL,1,31,0.452,Bilibili Gaming,51.5,43.6,53.6,47.4,54.6,49.5,5.2,4.4,5.4,4.7,5.5,5.0,0.0,0.0,0.0,530.5129129032258,0.25141554516129033,8.50387741935484,0.0,0.9417225806451613,0.20124193548387098,5.838709677419355,0.6558265582655827,0.1872037914691943,1.7741935483870968,0.29128865476538873,-0.5782818891781331,-0.15656377835626614,-0.8612956217439098,0.2305792258064516,0.0,0.0,31.0,0.3850124647734663
Sips,top,NLC,2,25,0.28,Team Singularity,42.7,55.2,50.4,54.2,46.9,49.5,4.3,5.5,5.0,5.4,4.7,5.0,-545.0,-309.48,-11.36,507.8399,0.24185676,8.120108,0.4,0.94082,0.15365600000000001,2.88,0.5492063492063493,0.2017738359201774,0.0,0.18472597537928964,0.925395416397676,-0.8603204413404542,-1.2570704576936031,0.24888556,854.5065559999999,0.0,25.0,0.6646857674048007
Porsche,top,UPL,2,75,0.6,Jake's Kittens|Radiance|Team Pending|University of St. Thomas,45.2,42.2,56.9,53.1,60.7,49.4,4.5,4.2,5.7,5.3,6.1,4.9,-75.8,-45.86666666666667,-3.506666666666667,463.4637666666667,0.19195464666666667,7.219886666666667,0.30666666666666664,0.8270666666666667,0.11871999999999999,2.72,0.44,0.1770516717325228,0.0,0.24651957651374107,-0.3299951025678127,-0.37746958583306434,-0.8479116641285134,0.19953672,748.0152413333334,0.0,75.0,-0.22091319520338856
Biubiu,top,LPL,1,71,0.31,Team WE,45.1,59.9,38.1,59.1,39.8,49.4,4.5,6.0,3.8,5.9,4.0,4.9,0.0,0.0,0.0,422.77743802816906,0.2359115633802817,7.9360788732394365,0.0,0.9933507042253521,0.1943394366197183,5.873239436619718,0.6081424936386769,0.20276953511374876,1.5211267605633803,0.1569256394185777,0.0,0.0,-1.2880308218915775,0.22722969014084507,0.0,0.0,71.0,-0.1737708962061651
r0bbed,top,HM,3,27,0.444,Panathinaikos Esports|SINNERS Esports,41.3,52.8,53.1,56.7,48.0,49.4,4.1,5.3,5.3,5.7,4.8,4.9,-155.8148148148148,-234.4814814814815,-9.37037037037037,468.58433333333335,0.20492344444444444,6.953207407407408,0.2962962962962963,0.9834740740740741,0.16317407407407405,2.7037037037037037,0.5550122249388753,0.2433734939759036,0.0,0.2185790828752348,-0.11252444640716669,-0.26868967257586274,-0.9362520110395531,0.20074037037037037,737.1999888888889,0.0,27.0,0.058625730994151984
Celo,bot,CBLOL,15,41,0.463,Miners|Miners Academy,53.4,45.6,49.5,50.3,46.5,49.4,5.3,4.6,5.0,5.0,4.7,4.9,-256.1951219512195,-35.926829268292686,-1.6097560975609757,590.1326463414634,0.28761358536585363,8.755685365853658,0.5609756097560976,1.1079999999999999,0.3374121951219512,5.536585365853658,0.6703499079189686,0.19592476489028213,0.0,0.23818966644865924,-0.702353549114483,0.0,-1.0220905619581209,0.2633437804878049,266.4543707317073,0.0,41.0,-0.17607227998477462
Mmy,sup,LDL,2,37,0.459,ThunderTalk Gaming Young,42.4,55.0,48.7,53.9,49.4,49.4,4.2,5.5,4.9,5.4,4.9,4.9,0.0,0.0,0.0,116.11886388888888,0.06566264999999999,1.0967702702702702,0.0,2.364822222222222,0.29013055555555556,14.027777777777779,0.6912028725314183,0.21880650994575046,0.027777777777777776,0.15284895533250448,0.0,0.0,-1.0190108612265332,0.08636782162162163,0.0,0.0,37.0,0.1412117669513767
Xaiyen,jng,EBL,3,29,0.586,Diamant Esports|Nexus KTRL,41.4,46.4,59.1,62.4,45.5,49.4,4.1,4.6,5.9,6.2,4.5,4.9,-364.0,-174.27586206896552,-0.7241379310344828,322.8861862068965,0.14790061724137932,5.175275862068966,0.13793103448275862,1.1810724137931035,0.27899999999999997,6.862068965517241,0.6879271070615034,0.23234624145785876,0.0,0.2678516111751622,0.0,-0.33794234136824663,-0.9807152383921394,0.17592210344827586,983.630575862069,0.0,29.0,-0.2837610565854842
LeitoF,bot,LMF,2,20,0.4,9z Team,44.1,57.7,44.6,56.5,41.8,49.4,4.4,5.8,4.5,5.7,4.2,4.9,95.6,-3.0,20.4,378.34204,0.21605257500000002,7.907210000000001,0.45,1.17667,0.32614,5.45,0.6287128712871287,0.14634146341463414,0.0,0.14644529587058322,0.0,0.0,-1.069147893547945,0.24950719999999998,208.416865,0.0,20.0,0.15575620767494364
Wunai3,sup,LDL,2,25,0.56,EQX|Invictus Gaming Young,53.5,41.2,64.4,46.7,40.1,49.4,5.3,4.1,6.4,4.7,4.0,4.9,0.0,0.0,0.0,190.36879199999998,0.077028412,0.850352,0.0,2.203884,0.241784,12.48,0.6536796536796536,0.23834196891191708,0.0,0.31484883754484855,0.0,0.0,-0.9705531416251805,0.08746774,0.0,0.0,25.0,-0.30899299454624274
Wojtus,sup,UL,2,73,0.534,Zero Tenacity,43.1,44.2,50.8,56.5,64.0,49.3,4.3,4.4,5.1,5.7,6.4,4.9,-83.83561643835617,-117.16438356164383,0.9041095890410958,145.18044794520546,0.07031813424657533,1.0510027397260275,0.0,2.3769712328767123,0.2496753424657534,12.972602739726028,0.7180205415499533,0.28429423459244535,0.0,0.2725389886267578,-0.37926746909846587,-0.6370859785620058,-0.9813438030496624,0.0906120506849315,445.1098589041096,0.0,73.0,0.24425858027873126
TynX,jng,LVP SL,2,46,0.37,MAD Lions Madrid|Misfits Premier,47.0,57.9,34.9,59.9,41.7,49.3,4.7,5.8,3.5,6.0,4.2,4.9,142.30434782608697,-67.17391304347827,-1.9130434782608696,261.39811956521737,0.13335407173913044,5.610395652173913,0.13043478260869565,1.4236695652173912,0.3683630434782609,8.804347826086957,0.6931608133086876,0.2346456692913386,0.0,0.15674928160919538,-0.6302166765028244,-0.8187336649523649,-1.1966583773418427,0.17239832608695654,849.9340717391306,0.0,46.0,-0.35714285714285726
Kantoshi,top,GL,3,46,0.543,Braves Rising,49.7,45.2,52.3,48.9,53.4,49.3,5.0,4.5,5.2,4.9,5.3,4.9,-87.82608695652173,-106.21739130434783,-7.369565217391305,467.6733413043478,0.24417225869565218,7.057397826086957,0.43478260869565216,0.8747739130434783,0.14391739130434783,5.195652173913044,0.5155096011816839,0.23195084485407066,0.0,0.17933371184640778,0.5043731778425655,-0.4256029684601113,-1.0550984137169828,0.21629143478260868,702.7843695652174,0.0,46.0,-0.16505281690140855
Yaoyang,top,LDL,2,41,0.659,MAX,56.0,48.3,45.4,40.0,52.3,49.3,5.6,4.8,4.5,4.0,5.2,4.9,0.0,0.0,0.0,523.759987804878,0.2595076829268293,8.69680243902439,0.0,0.8672756097560976,0.14790731707317073,4.804878048780488,0.5014367816091954,0.2515991471215352,4.902439024390244,0.1761352758739518,-0.572520196172809,-0.8573974580791196,-0.7860502047297947,0.23340563414634144,0.0,0.0,41.0,-0.05356487067834845
Elated,top,UPL,2,21,0.524,Last Resistance,43.0,55.7,47.5,61.0,38.3,49.3,4.3,5.6,4.8,6.1,3.8,4.9,-481.57142857142856,-449.8095238095238,-10.952380952380953,537.5733428571428,0.2411482857142857,6.934261904761904,0.38095238095238093,0.9432142857142858,0.15292380952380952,2.8095238095238093,0.5782828282828283,0.21798365122615804,0.0,0.19345615249454234,-0.3030407501896159,0.0,-1.0556493253288084,0.21590623809523807,643.093480952381,0.0,21.0,-0.22779423072530858
ZaFiR,sup,ESLOL,3,21,0.476,Sector One|Zerolag Esports,35.1,61.1,53.9,59.8,39.3,49.3,3.5,6.1,5.4,6.0,3.9,4.9,-372.1904761904762,-226.95238095238096,-6.9523809523809526,138.40051904761904,0.06278598571428572,1.049804761904762,0.0,2.678242857142857,0.3839666666666667,15.238095238095237,0.6905444126074498,0.23372781065088757,0.0,0.23095784341841122,0.0,0.0,-1.0166819906367144,0.08808263809523809,459.08391428571423,0.0,21.0,-0.43653180818041065
Koba,bot,LFL2,2,25,0.48,BK ROG Esports,56.0,47.6,38.4,60.3,36.0,49.3,5.6,4.8,3.8,6.0,3.6,4.9,180.12,20.04,-7.4,592.436432,0.2691344,7.94978,0.52,1.1024720000000001,0.24465199999999998,4.56,0.6697819314641744,0.1937984496124031,0.0,0.1685770320331227,-0.3541886684743828,-0.46053946053946054,-1.1407950249892123,0.243266872,341.805356,0.0,25.0,-0.4597078870496592
huanhuan,mid,LDL,2,30,0.133,Qing Jiu E-sport Club,52.0,52.8,42.3,53.9,37.8,49.3,5.2,5.3,4.2,5.4,3.8,4.9,0.0,0.0,0.0,581.1652533333333,0.27446136666666665,8.612466666666668,0.0,0.70333,0.14685,3.566666666666667,0.677536231884058,0.14285714285714285,0.8,0.1766788766788767,0.0,0.0,-1.1870298290668366,0.24876189999999998,0.0,0.0,30.0,-0.2602827763496144
Cyku,mid,LDL,2,67,0.806,EDG Youth Team,45.7,53.3,45.3,44.9,59.7,49.2,4.6,5.3,4.5,4.5,6.0,4.9,0.0,0.0,0.0,548.8363716417911,0.229583,8.058682089552239,0.0,1.0665880597014925,0.24947313432835821,4.865671641791045,0.6009049773755656,0.223943661971831,2.582089552238806,0.1434075873874869,-0.3111166565185712,-0.3718339882459544,-0.762635714828601,0.21216455223880598,0.0,0.0,67.0,-0.184773890149294
Baumeef,jng,HC,3,24,0.542,Team Sampi,38.2,49.4,58.4,60.6,48.8,49.2,3.8,4.9,5.8,6.1,4.9,4.9,-423.4583333333333,-250.08333333333334,-4.375,278.14154583333334,0.139650425,5.428816666666666,0.2916666666666667,1.1761125000000001,0.28128749999999997,5.916666666666667,0.6990595611285266,0.22082018927444794,0.0,0.17000460532375425,0.5515816993464052,0.5372549019607842,-0.9389590557300072,0.17438225,822.0527333333333,0.0,24.0,0.2033177205308354
Quixeth,sup,NLC,2,23,0.478,Lille Esport|Vanir,43.5,66.8,34.4,56.8,34.4,49.1,4.3,6.7,3.4,5.7,3.4,4.9,-308.8695652173913,-54.391304347826086,-2.608695652173913,157.7543652173913,0.07520730869565218,1.1422956521739132,0.043478260869565216,2.8071347826086956,0.4562869565217391,16.47826086956522,0.6979166666666666,0.23342175066312998,0.0,0.09390739236393177,-0.852543791141359,0.0,-1.1849965850520292,0.09187429999999999,345.63051739130435,0.0,23.0,-0.5646349576466559
JeppeHou,sup,NLC,2,32,0.125,All for One Gaming|Cyber Wolves|Team Singularity,51.8,43.1,56.7,48.1,46.4,49.1,5.2,4.3,5.7,4.8,4.6,4.9,-178.125,-19.1875,2.84375,174.3253625,0.093735728125,1.482865625,0.0,2.245459375,0.322940625,12.75,0.6452599388379205,0.25116279069767444,0.0,0.21834791059280856,0.0,0.0,-0.9516450460626309,0.099113471875,538.250834375,0.0,32.0,-0.03361751012757726
GFP,jng,UPL,2,62,0.5,Illinois State University|Raleigh Black Flame|Super Sunshine Fruit Basket Warriors,45.8,36.9,66.9,48.3,61.2,49.1,4.6,3.7,6.7,4.8,6.1,4.9,-510.3709677419355,-387.2096774193548,-8.67741935483871,423.3061483870968,0.16456755322580646,5.675362903225807,0.3548387096774194,0.9237193548387097,0.22958870967741937,2.2580645161290325,0.6220677671589921,0.19601593625498007,0.0,0.2979081141016672,-0.007119440234677478,0.0,-0.8486404967907638,0.18539712903225805,763.0305532258064,0.0,62.0,0.05838149683978786
Yashiro,bot,UL,2,60,0.467,Iron Wolves,48.0,49.3,40.5,57.5,51.9,49.1,4.8,4.9,4.0,5.8,5.2,4.9,-234.51666666666668,-32.06666666666667,-0.13333333333333333,564.1231516666667,0.2502347833333333,8.668978333333333,0.6333333333333333,0.9834783333333333,0.26011833333333334,3.6666666666666665,0.6725978647686833,0.17220543806646527,0.0,0.2009150854528327,-0.607715220134424,-0.6346687039151223,-0.9967210640763474,0.26236335,261.268095,0.0,60.0,-0.19012450481041301
Ivok,top,GLL,3,28,0.25,Zerolag Esports,45.1,54.4,47.6,57.2,38.9,49.1,4.5,5.4,4.8,5.7,3.9,4.9,-259.42857142857144,-16.892857142857142,0.2857142857142857,431.5494392857143,0.23159889285714286,7.936164285714286,0.2857142857142857,1.0004535714285714,0.10518571428571429,3.0357142857142856,0.5483870967741935,0.18951612903225806,0.0,0.21239067055393585,0.0,0.0,-1.1909900912423308,0.23664603571428572,890.8421214285714,0.0,28.0,-0.3718469121484488
Xing,bot,LPL,1,51,0.275,Team WE,46.7,58.3,45.3,50.5,38.4,49.1,4.7,5.8,4.5,5.0,3.8,4.9,0.0,0.0,0.0,498.8669647058823,0.2766462156862745,9.508564705882353,0.0,1.331613725490196,0.39557450980392156,4.980392156862745,0.6829268292682927,0.15675675675675677,1.7254901960784315,0.19233158072748516,0.0,0.0,-1.14999069236348,0.2747133529411765,0.0,0.0,51.0,-0.12701882949400564
Frosts,bot,LCO,15,22,0.409,Dire Wolves,44.7,53.8,51.5,53.0,41.9,49.1,4.5,5.4,5.2,5.3,4.2,4.9,-257.45454545454544,-301.04545454545456,-10.272727272727273,489.7293363636364,0.2805479090909091,8.20505909090909,1.0454545454545454,1.2376045454545455,0.2808090909090909,4.454545454545454,0.6962025316455697,0.16816816816816818,0.0,0.23681457081960858,-0.8937784522003035,0.0,-0.8576139971072655,0.26139918181818184,206.06177272727274,0.0,22.0,-0.2291158874362951
Cassin,jng,LJL,15,50,0.4,Crest Gaming Act,59.5,47.7,37.0,49.8,41.7,49.1,6.0,4.8,3.7,5.0,4.2,4.9,213.74,116.9,4.78,261.160596,0.142068352,5.734872,0.32,1.403054,0.36890999999999996,12.94,0.6707317073170732,0.2320675105485232,0.0,0.17036067967811125,-0.5481969327131212,-0.6750333901349422,-1.241729968264074,0.1777759,743.429098,0.0,50.0,-0.43296943231441054
beishang,jng,LPL,1,47,0.34,Team WE,43.9,58.1,41.3,60.3,38.1,49.1,4.4,5.8,4.1,6.0,3.8,4.9,0.0,0.0,0.0,232.24429361702127,0.1262004595744681,4.95681914893617,0.0,1.3940425531914893,0.41004255319148936,10.553191489361701,0.7309160305343512,0.21363636363636362,10.063829787234043,0.16290772414206744,0.0,0.0,-1.141206496747847,0.16439834042553192,0.0,0.0,47.0,-0.22015023674748105
Draco,top,PGC,2,30,0.433,CLG Faith|Pandy Pandas,59.4,41.5,40.2,54.0,45.4,49.1,5.9,4.2,4.0,5.4,4.5,4.9,-6.533333333333333,124.66666666666667,6.966666666666667,476.0324033333334,0.23584460000000002,7.203913333333333,0.43333333333333335,0.84341,0.10826333333333334,3.0,0.5316455696202531,0.24109014675052412,0.0,0.19360686385791548,-0.8071713879068912,0.0,-1.1334901600977392,0.21844190000000002,813.4326666666667,0.0,30.0,0.26355715017939535
Rychly,sup,ESLOL,3,43,0.535,The Agency,48.2,46.5,39.4,58.5,57.6,49.1,4.8,4.7,3.9,5.8,5.8,4.9,-74.06976744186046,-15.418604651162791,9.627906976744185,151.2563930232558,0.06614423255813953,1.1655279069767441,0.0,2.2922348837209303,0.28544651162790696,9.930232558139535,0.6666666666666666,0.23696682464454977,0.0,0.13589822339822338,-0.31147979662831154,-0.6128802069396129,-1.0686982379398013,0.08588661860465116,488.37238139534884,0.0,43.0,0.16075730618290796
Cl0x,sup,NLC Aurora Open,3,20,0.7,Nativz,60.2,36.2,54.6,44.5,48.0,49.1,6.0,3.6,5.5,4.5,4.8,4.9,141.65,138.0,0.45,193.97601500000002,0.079649425,0.88491,0.0,2.2004200000000003,0.244825,6.0,0.6303030303030303,0.28110599078341014,0.0,0.15839593500392973,-0.16663839891451843,-0.02285447761194029,-0.7380050757999207,0.092976635,463.24254499999995,0.0,20.0,-0.10517610430044767
Zpikee,bot,NLC,2,50,0.18,Team Singularity,35.0,45.1,59.9,64.3,57.1,49.0,3.5,4.5,6.0,6.4,5.7,4.9,-547.58,-293.04,-8.8,487.326378,0.24382984,7.5413879999999995,0.56,0.8076000000000001,0.151034,2.24,0.6931608133086876,0.1556701030927835,0.0,0.21276400967763032,1.752836192584394,-0.7675705589374655,-1.254705354969496,0.24644294,215.61923,0.0,50.0,0.8229566999743787
Prank,top,UPL,2,46,0.391,Big Duck Energy|Grand View University|Team Amibition Blaze,41.3,51.3,60.4,51.8,44.7,49.0,4.1,5.1,6.0,5.2,4.5,4.9,-435.7173913043478,-62.23913043478261,-6.978260869565218,465.0851847826087,0.21272365217391304,6.993013043478261,0.21739130434782608,1.083786956521739,0.15275,4.869565217391305,0.45077720207253885,0.195852534562212,0.0,0.28291741567093165,0.09445158842253935,0.0,-1.1106358950969748,0.20191602173913042,736.7914456521738,0.0,46.0,-0.186853468360722
Yuekai,mid,LPL,1,56,0.339,Invictus Gaming|LNG Esports,45.7,57.1,43.4,51.8,43.4,49.0,4.6,5.7,4.3,5.2,4.3,4.9,0.0,0.0,0.0,457.42221071428577,0.25235467857142857,8.321575,0.0,1.1713107142857144,0.2766517857142857,7.035714285714286,0.6814024390243902,0.18668252080856124,1.5714285714285714,0.18055412322513303,0.0,0.0,-1.071495097769888,0.22914948214285716,0.0,0.0,56.0,-0.07233873108574462
LIMIT,sup,LEC,1,25,0.24,Team BDS,44.2,53.2,51.2,58.6,36.1,49.0,4.4,5.3,5.1,5.9,3.6,4.9,-74.28,-225.8,-2.48,161.125608,0.086199624,0.96358,0.0,2.767416,0.371552,18.32,0.7123287671232876,0.26616915422885573,0.0,0.27996051905826347,0.0,0.0,-1.3332311844964093,0.08623123599999999,395.64424399999996,0.0,25.0,0.1356085229324667
Kunduz,mid,TAL,3,44,0.568,Fenerbahçe Academy|Team AURORA,47.9,38.0,65.2,50.1,52.4,49.0,4.8,3.8,6.5,5.0,5.2,4.9,-7.886363636363637,50.84090909090909,-2.1818181818181817,478.33590909090907,0.23892886363636362,7.9780977272727265,0.5454545454545454,0.7528909090909092,0.1023340909090909,3.25,0.6013071895424836,0.18487394957983194,0.0,0.2673553622647669,0.10148514851485133,0.28712871287128694,-0.7514123366924161,0.22845395454545453,368.3624431818182,0.0,44.0,-0.539057456423499
Yunika,jng,LJL,15,42,0.071,V3 Esports,31.5,60.8,41.4,62.1,60.2,49.0,3.1,6.1,4.1,6.2,6.0,4.9,-577.2619047619048,-471.23809523809524,-11.571428571428571,192.66801666666666,0.1303427166666667,4.8399809523809525,0.07142857142857142,1.4641642857142858,0.42065714285714284,13.952380952380953,0.7275862068965517,0.22403560830860533,0.0,0.1656954666128978,0.0,0.0,-1.4070353096822292,0.16573454761904763,732.1201880952382,0.0,42.0,1.2273580688421997
redwall,top,LDL,2,30,0.567,JD Gaming|Joy Dream,63.4,50.2,40.8,37.4,37.0,49.0,6.3,5.0,4.1,3.7,3.7,4.9,0.0,0.0,0.0,614.4045533333334,0.2745749666666667,8.09274,0.0,0.9224266666666666,0.22528333333333334,3.1333333333333333,0.4969450101832994,0.2824742268041237,3.7333333333333334,0.17658431455418164,-0.01370917723549415,-0.4361913724148256,-1.2852838422419284,0.2344997,0.0,0.0,30.0,-0.2362657757980698
Toni,jng,NLC,2,36,0.389,NYYRIKKI|Partizan Esports|UniQ Esports Club,47.1,44.2,41.3,52.2,69.7,48.9,4.7,4.4,4.1,5.2,7.0,4.9,-208.58333333333334,-142.25,-6.444444444444445,346.17735555555555,0.16851658333333333,4.962372222222222,0.1111111111111111,1.2463444444444445,0.28924444444444447,8.833333333333334,0.6555323590814196,0.23627287853577372,0.0,0.12452921744648288,0.0,0.01679200576903271,-1.2232978774936845,0.17247955555555555,724.6481,0.0,36.0,1.6657854984894258
shochi,mid,PGC,2,66,0.576,Immortals Area of Effect|Taco Gaming,57.4,42.9,40.2,50.6,50.3,48.9,5.7,4.3,4.0,5.1,5.0,4.9,-93.25757575757575,-20.818181818181817,-2.015151515151515,641.3329787878788,0.26460370454545457,7.93365303030303,0.5909090909090909,0.9383636363636364,0.1841,3.378787878787879,0.6099518459069021,0.21472937000887313,0.0,0.18990122611857346,-0.5327692460743401,-0.16873923356039947,-1.0867341639191777,0.22894628787878787,414.97426666666667,0.0,66.0,-0.23743395090629393
Revenge,top,LCS,1,40,0.225,Immortals,49.4,48.0,56.5,49.9,38.3,48.9,4.9,4.8,5.7,5.0,3.8,4.9,-119.65,-18.275,-0.025,442.839825,0.25334707,8.2566675,0.15,0.9778874999999999,0.1573675,5.35,0.5625,0.2326007326007326,4.5,0.25652000455944374,-0.2944568076067166,0.0,-1.0725966971788619,0.236312525,657.0325,0.0,40.0,-0.2456804344248807
Zaremba,sup,NLC,2,24,0.292,Cyberground Gaming|Vanir,48.0,47.9,44.7,61.3,42.5,48.9,4.8,4.8,4.5,6.1,4.2,4.9,-130.875,49.625,-1.75,158.55701666666667,0.083311,1.0534125,0.0,2.3109208333333333,0.2520291666666667,14.291666666666666,0.7214765100671141,0.25076452599388377,0.0,0.14195645108872276,0.0,0.0,-1.1285073509547274,0.08497241666666666,349.35209166666664,0.0,24.0,0.10120858340869843
Rythrod,mid,TAL,3,47,0.574,NASR eSports Turkey Academy,38.6,46.4,57.0,52.6,64.5,48.9,3.9,4.6,5.7,5.3,6.5,4.9,-246.4255319148936,-227.25531914893617,-9.425531914893616,439.00837659574466,0.2514794893617021,8.262446808510639,0.48936170212765956,0.8558297872340425,0.14015531914893617,4.085106382978723,0.6093489148580968,0.15841584158415842,0.0,0.24123196448390677,-0.06262785208497253,-0.09756097560975603,-0.8173461705413899,0.22217431914893615,298.09161276595745,0.0,47.0,0.30500988386459105
Meifan,jng,LCO,15,42,0.262,MAMMOTH,53.1,50.8,42.1,53.3,37.3,48.9,5.3,5.1,4.2,5.3,3.7,4.9,-520.952380952381,-76.0952380952381,2.357142857142857,333.9195785714286,0.1802874380952381,5.5358261904761905,0.19047619047619047,1.292454761904762,0.37712380952380953,6.738095238095238,0.7013274336283186,0.22071516646115907,0.0,0.16858489107431807,0.0,0.0,-1.3819888184638707,0.18961954761904762,750.3895214285715,0.0,42.0,-0.42104281740112076
Pelirrojo,mid,GL,3,29,0.345,NOCTA,34.2,62.7,48.4,60.1,41.5,48.9,3.4,6.3,4.8,6.0,4.2,4.9,-466.55172413793105,-177.20689655172413,-10.344827586206897,445.67121379310345,0.227309,7.117934482758621,0.20689655172413793,1.1715413793103449,0.1955,7.0344827586206895,0.6305882352941177,0.15547024952015356,0.0,0.22265540394195366,0.0,-0.5303643724696356,-0.9798708539079835,0.21292682758620687,346.8116517241379,0.0,29.0,-0.3762768557828379
JKJK,sup,LDL,2,45,0.578,TEAM ORANGE,44.5,58.1,40.7,51.3,47.6,48.9,4.5,5.8,4.1,5.1,4.8,4.9,0.0,0.0,0.0,128.97103863636363,0.06979508181818182,1.1184977777777778,0.0,2.61225,0.3376681818181818,16.068181818181817,0.6938435940099834,0.2280431432973806,0.0,0.18648351867182147,-0.4584256720379622,-0.712529266674179,-1.0519871794225564,0.09072042000000001,0.0,0.0,45.0,-0.06758168319611833
Rapid,jng,PGC,2,39,0.385,Here For T-Shirt|Wildcard Aces|Winthrop University,36.9,49.8,60.3,60.5,45.2,48.8,3.7,5.0,6.0,6.0,4.5,4.9,-495.7692307692308,-584.4615384615385,-15.0,322.09875384615384,0.15175042051282053,4.952415384615385,0.358974358974359,1.166920512820513,0.25943589743589746,7.282051282051282,0.7147540983606557,0.2230971128608924,0.0,0.2895025584491222,-0.4313003391267486,0.0,-0.872887688122103,0.18652917948717948,748.4531256410256,0.0,39.0,-0.37835153618934725
Karsa,jng,LPL,1,76,0.632,Victory Five,47.9,52.5,46.0,46.2,49.9,48.8,4.8,5.2,4.6,4.6,5.0,4.9,0.0,0.0,0.0,276.9576802631579,0.12554296842105264,5.403953947368421,0.0,1.5510368421052632,0.3837144736842106,13.171052631578947,0.6760204081632653,0.22616632860040567,11.447368421052632,0.18310118567975134,-0.12678605645220722,-0.5352894728530369,-0.939129422752718,0.17456385526315787,0.0,0.0,76.0,-0.19720435752723456
Oguzkhan,jng,TAL,3,22,0.545,İstanbul Wildcats Academy,53.2,49.3,50.8,43.3,41.8,48.8,5.3,4.9,5.1,4.3,4.2,4.9,-135.04545454545453,38.77272727272727,4.863636363636363,329.55759545454544,0.19335762272727272,6.4434499999999995,0.13636363636363635,1.3124818181818183,0.32101363636363633,8.363636363636363,0.6845878136200717,0.24482758620689654,0.0,0.24059179128221445,-0.6141173762283643,-0.47167748154755923,-0.9472968403356613,0.20842604545454543,657.4342,0.0,22.0,-0.40644071375778695
Poltron,jng,LCO,15,25,0.48,Dire Wolves,61.1,49.4,40.2,42.5,36.5,48.8,6.1,4.9,4.0,4.2,3.6,4.9,68.44,70.28,2.12,321.90995200000003,0.148901656,5.386072,0.32,1.612384,0.39696,14.24,0.6344647519582245,0.23958333333333334,0.0,0.18865598425069793,-0.6509318885448917,-0.8252383900928792,-1.0371839128772415,0.18383275999999998,742.36062,0.0,25.0,-0.5262317018774584
Xoura,mid,PRM,3,24,0.125,All for One Gaming|WAVE Esports,42.5,59.5,37.5,59.4,41.2,48.7,4.2,6.0,3.8,5.9,4.1,4.9,-114.04166666666667,-14.875,-3.0416666666666665,468.3264541666667,0.22736733333333334,7.731637500000001,0.4166666666666667,1.0004125,0.16554166666666667,3.7083333333333335,0.6523297491039427,0.14285714285714285,0.0,0.1291446208112875,0.0,0.0,-1.2710486868120217,0.22511841666666665,297.35255416666666,0.0,24.0,0.3035847647498131
Bardito,sup,LLA,15,33,0.333,Globant Emerald|XTEN Esports,43.2,42.9,53.5,53.9,61.5,48.7,4.3,4.3,5.3,5.4,6.2,4.9,-133.66666666666666,-207.93939393939394,7.666666666666667,123.58669696969696,0.0679785909090909,1.3518727272727273,0.030303030303030304,2.330209090909091,0.31275454545454545,16.666666666666668,0.6565934065934066,0.2541176470588235,0.0,0.213692480359147,0.0,0.0,-1.1578256635811457,0.08689238484848485,478.4923393939394,0.0,33.0,1.4807452998352
chenshao,jng,LDL,2,37,0.297,TWELVE,58.1,47.8,45.3,42.1,40.7,48.7,5.8,4.8,4.5,4.2,4.1,4.9,0.0,0.0,0.0,380.6984756756757,0.19195535945945946,6.229764864864865,0.0,1.116508108108108,0.26702972972972977,6.108108108108108,0.6609848484848485,0.2225392296718973,11.64864864864865,0.17890052655677655,0.0,0.0,-1.2339211036131603,0.20131937837837838,0.0,0.0,37.0,-0.2018433845376057
Mysun,sup,LDL,2,56,0.518,Royal Club,46.0,45.1,44.7,52.7,63.2,48.7,4.6,4.5,4.5,5.3,6.3,4.9,0.0,0.0,0.0,148.47710535714285,0.06653715892857143,1.104869642857143,0.0,2.1715642857142856,0.19617857142857145,13.714285714285714,0.7032181168057211,0.22002635046113306,0.0,0.18682512021871378,-0.7586982815445211,0.0,-0.9617905804281863,0.09233130357142857,0.0,0.0,56.0,0.48602560209086787
child,sup,LHE,2,22,0.273,Wolf Club Esports,45.1,63.3,36.1,54.0,36.1,48.7,4.5,6.3,3.6,5.4,3.6,4.9,-156.3181818181818,-44.59090909090909,-9.590909090909092,154.26933636363637,0.07992214545454546,1.2709545454545454,0.045454545454545456,2.7915954545454547,0.43414545454545456,14.545454545454545,0.673469387755102,0.23373493975903614,0.0,0.1793336236933798,0.0,-0.7407189157336476,-1.443121296061768,0.09353208181818182,418.1849590909091,0.0,22.0,0.0011792452830187631
Vex,bot,PGC,2,44,0.591,Winthrop University,67.5,32.2,41.9,45.1,50.5,48.6,6.8,3.2,4.2,4.5,5.0,4.9,197.4318181818182,288.84090909090907,1.9772727272727273,621.388,0.2569886590909091,7.9585954545454545,1.0909090909090908,0.7600818181818183,0.11826363636363636,2.1136363636363638,0.5733015494636472,0.19842312746386334,0.0,0.18293516547150998,-0.8350126686700843,0.0,-0.9615743396056591,0.2406173863636364,238.16402272727274,0.0,44.0,0.04482954814849933
Forge,mid,LPL,1,65,0.431,Anyone's Legend,43.9,52.4,46.2,56.8,44.8,48.6,4.4,5.2,4.6,5.7,4.5,4.9,0.0,0.0,0.0,455.34323384615385,0.2380758769230769,8.388790769230768,0.0,0.9715846153846154,0.23324615384615385,5.230769230769231,0.7011904761904761,0.1735357917570499,0.9846153846153847,0.17799775758291042,0.0,0.0,-0.9866196300526249,0.22817106153846153,0.0,0.0,65.0,-0.2052054968570864
Ghost,bot,LCK,1,80,0.362,Nongshim RedForce,40.4,46.6,59.0,52.7,53.8,48.6,4.0,4.7,5.9,5.3,5.4,4.9,-250.85,-31.825,-5.35,473.36920124999995,0.2539680875,9.0980225,0.625,1.3321975,0.39091125,6.65,0.6587570621468927,0.18977384464110128,0.0,0.2408062435500516,0.0,0.0,-0.9433836637676186,0.257617025,274.2727125,0.0,80.0,0.013680781758957511
Palafox,mid,LCS,1,65,0.523,CLG Academy|Counter Logic Gaming,55.4,41.1,49.4,46.9,49.2,48.6,5.5,4.1,4.9,4.7,4.9,4.9,26.123076923076923,-18.29230769230769,-1.2307692307692308,522.929303076923,0.24935887692307693,8.43787846153846,0.4153846153846154,1.1399969230769231,0.19371999999999998,5.876923076923077,0.6203931203931204,0.19351100811123986,0.0,0.23864307123416664,-0.25900659824046923,-0.390255376344086,-0.8980917847283144,0.23399156923076925,381.0128523076923,0.0,65.0,-0.12716498316498304
Fallouch,jng,GL,3,34,0.471,King of Goats|Osaka,54.2,42.7,42.7,54.5,47.7,48.6,5.4,4.3,4.3,5.5,4.8,4.9,-31.441176470588236,40.14705882352941,1.9705882352941178,352.16404705882354,0.17326067647058824,5.886347058823529,0.20588235294117646,1.012794117647059,0.23499411764705883,8.970588235294118,0.7047619047619048,0.23011844331641285,0.0,0.1554232804232804,-0.7079946294388368,0.0,-0.9661251886725581,0.1961563823529412,795.182544117647,0.0,34.0,-0.34062397372742204
Clarence,jng,LVP SL,2,24,0.25,BK ROG Esports|UCAM Esports,41.0,55.9,46.4,58.0,42.1,48.6,4.1,5.6,4.6,5.8,4.2,4.9,-191.04166666666666,-1.8333333333333333,2.9583333333333335,202.3855,0.11766392083333334,5.98435,0.20833333333333334,1.315775,0.3572416666666667,15.125,0.6639344262295082,0.19745222929936307,0.0,0.17834757834757836,0.0,0.0,-1.1873484104102712,0.17420516666666666,789.331475,0.0,24.0,0.11709233791748537
Sh3ry,bot,NEXO,3,43,0.465,Bis Esports|Oxygen Valiants|QLASH Spain,50.0,45.9,40.5,55.7,52.5,48.6,5.0,4.6,4.0,5.6,5.2,4.9,79.32558139534883,-44.55813953488372,-23.674418604651162,598.2659441860466,0.26387372093023254,6.383986046511628,0.6511627906976745,1.0351023255813954,0.20013023255813955,3.953488372093023,0.6666666666666666,0.1964549483013294,0.0,0.1937007549800152,-0.5113389098951273,-0.595491189270172,-0.9748250568489277,0.23879202325581397,259.8752534883721,0.0,43.0,-0.13542435424354252
Raluxu,jng,LPLOL,3,21,0.143,Odivelas Sports Club,35.0,46.0,72.8,53.9,48.5,48.6,3.5,4.6,7.3,5.4,4.8,4.9,-539.2380952380952,-387.6190476190476,-8.904761904761905,295.27933809523813,0.14112284285714286,5.1017,0.09523809523809523,1.1730047619047619,0.3178142857142857,6.619047619047619,0.6682027649769585,0.23214285714285715,0.0,0.3668222683264177,0.0,-0.6188871244774282,-0.7432836512923261,0.18603642857142857,877.5463142857143,0.0,21.0,-0.08505695487944002
DrChaos,sup,NLC,2,20,0.2,AYM Esports|MNM Gaming,47.4,52.9,42.5,61.9,32.0,48.5,4.7,5.3,4.2,6.2,3.2,4.8,-38.4,-56.65,5.55,143.80014,0.073945495,1.153335,0.0,2.31589,0.296435,11.0,0.6818181818181818,0.20270270270270271,0.0,0.16277939747327502,0.0,0.0,-1.271284932374219,0.08931936,514.997855,0.0,20.0,-0.8085553997194951
Bellow,sup,PGC,2,44,0.386,Dark Matter|Tempest Gaming,48.4,45.0,39.8,53.6,61.5,48.5,4.8,4.5,4.0,5.4,6.2,4.8,-203.02272727272728,-157.11363636363637,-8.795454545454545,206.8276340909091,0.09525462954545455,0.817640909090909,0.0,2.0947136363636365,0.2524409090909091,9.477272727272727,0.6748554913294798,0.21119592875318066,0.0,0.18056599605849444,-0.7522614114724729,0.0,-1.149488500353783,0.09625343863636364,320.03080454545454,0.0,44.0,0.8604024899273944
Shlatan,jng,LEC,1,48,0.479,Misfits Gaming|Misfits Premier,65.6,35.9,45.6,45.9,40.6,48.5,6.6,3.6,4.6,4.6,4.1,4.8,-45.958333333333336,68.45833333333333,6.333333333333333,320.3602770833333,0.14847732083333334,5.45598125,0.3125,1.2495520833333333,0.25022916666666667,11.416666666666666,0.6506746626686657,0.22195985832349469,9.285714285714286,0.23918226637506018,-0.4485777298447397,-0.6549418548958752,-1.0247076077074426,0.1832148541666667,776.2410416666667,0.0,48.0,-0.232239442479717
Speedy,jng,HM,3,35,0.457,SINNERS Esports,43.0,47.3,42.4,60.6,57.1,48.5,4.3,4.7,4.2,6.1,5.7,4.8,-111.6,-140.65714285714284,0.14285714285714285,293.6245971428571,0.12931161428571428,5.563194285714286,0.2857142857142857,1.1062685714285714,0.26995714285714284,9.114285714285714,0.6920152091254753,0.21507352941176472,0.0,0.15144953132758948,-0.3233734939759036,-0.5142168674698795,-0.9951163193440488,0.18322282857142858,893.5043,0.0,35.0,0.5218873340509506
Disave,bot,CBLOL,15,28,0.607,KaBuM! Esports,46.8,47.6,57.5,47.6,43.9,48.5,4.7,4.8,5.8,4.8,4.4,4.8,-301.89285714285717,44.035714285714285,-4.535714285714286,531.0954,0.24383771428571427,8.872235714285713,0.7857142857142857,1.1738464285714285,0.3269714285714286,4.285714285714286,0.5878661087866108,0.15560640732265446,0.0,0.2779420250621567,-0.5650667986145473,-0.8441365660564077,-0.7870896047798026,0.25733717857142857,253.4900035714286,0.0,28.0,-0.3147526304007163
Foreigner,jng,LCO,15,34,0.382,Gravitas|Kanga Esports,42.2,46.3,59.1,48.3,55.5,48.5,4.2,4.6,5.9,4.8,5.5,4.8,-514.4411764705883,-245.8235294117647,-4.4411764705882355,283.4761235294118,0.1468531794117647,5.238555882352942,0.35294117647058826,1.3523117647058824,0.3938529411764706,7.382352941176471,0.6454352441613588,0.22422258592471359,0.0,0.22235672805707649,-0.19955283071600163,0.5445382729501497,-0.9855298150033129,0.18465411764705883,804.2461588235294,0.0,34.0,0.5716470650282156
lhyz,jng,LDL,2,39,0.538,Royal Club,42.3,55.0,46.6,47.2,54.2,48.5,4.2,5.5,4.7,4.7,5.4,4.8,0.0,0.0,0.0,254.04287692307693,0.11330768205128205,4.309158974358974,0.0,1.4497205128205128,0.4120923076923077,8.179487179487179,0.6381818181818182,0.24531835205992508,5.948717948717949,0.19979856477401486,-0.7976359633371328,0.0,-0.8799160831218226,0.1497606641025641,0.0,0.0,39.0,0.16996196415721482
Nille,top,NLC,2,21,0.524,Vanir,38.2,59.2,55.6,49.4,39.8,48.4,3.8,5.9,5.6,4.9,4.0,4.8,-222.61904761904762,-201.85714285714286,-2.4285714285714284,401.6219523809524,0.20184251904761905,7.576547619047618,0.09523809523809523,1.2060095238095239,0.17443333333333333,8.285714285714286,0.49063670411985016,0.21052631578947367,0.0,0.2987270155586987,-0.8213058419243986,0.0,-0.9474485086233476,0.22405442857142854,643.0808619047618,0.0,21.0,-0.24593924593924582
Marcel,top,PRM,3,42,0.31,E WIE EINFACH E-SPORTS,46.0,43.4,48.0,53.0,59.4,48.4,4.6,4.3,4.8,5.3,5.9,4.8,-296.4047619047619,-282.04761904761904,-10.857142857142858,515.7659595238096,0.25520204761904763,7.2732214285714285,0.2857142857142857,0.8450619047619048,0.10783095238095239,2.7142857142857144,0.5209790209790209,0.21739130434782608,0.0,0.21169454043103908,0.0,0.0,-1.174915953316575,0.2170517142857143,797.9838476190477,0.0,42.0,0.6635168046760836
mirrored,mid,ESLOL,3,22,0.591,Team Echo Zulu,40.4,52.0,56.5,51.7,45.0,48.4,4.0,5.2,5.7,5.2,4.5,4.8,-180.77272727272728,11.681818181818182,-4.590909090909091,457.29131363636367,0.2245320909090909,7.842422727272727,0.36363636363636365,0.9998454545454546,0.18667272727272727,4.545454545454546,0.6371681415929203,0.19377162629757785,0.0,0.29516270597913863,-0.3682664054848187,-0.6791380999020568,-0.7510485679869537,0.2263073636363636,303.0954636363636,0.0,22.0,-0.1930150473713542
vins,top,VL,3,60,0.517,Pirate Dream,39.1,54.3,49.2,41.9,66.1,48.4,3.9,5.4,4.9,4.2,6.6,4.8,-424.78333333333336,-352.4166666666667,-9.983333333333333,451.73411166666665,0.22036413333333332,7.461246666666667,0.38333333333333336,1.1110266666666668,0.20584,7.35,0.45979381443298967,0.22812846068660023,0.0,0.16077849648723924,0.2964742887470361,0.12317780904818397,-1.1152099390413674,0.21991366666666667,667.3058149999999,0.0,60.0,0.29602557172068533
Allerz,sup,SL (LATAM),3,32,0.5,Atomic México|Instinct Gaming,47.7,52.6,37.8,58.0,42.5,48.4,4.8,5.3,3.8,5.8,4.2,4.8,-61.0625,-23.1875,4.28125,132.679421875,0.073850509375,1.21665625,0.03125,2.395321875,0.282925,11.84375,0.6838842975206612,0.21875,0.0,0.13588260628806986,-0.5029476225636698,-0.7120354417917795,-1.070447604923026,0.091358025,436.52609375000003,0.0,32.0,-0.5044756774271942
ICU,top,PCS,15,24,0.208,Hurricane Gaming|Impunity,46.9,57.0,38.9,54.8,37.5,48.4,4.7,5.7,3.9,5.5,3.8,4.8,-407.625,-315.375,-9.125,497.0863166666666,0.28763558333333333,7.6787625,0.08333333333333333,0.9742083333333333,0.16070416666666668,4.125,0.6283185840707964,0.22041763341067286,0.0,0.1352693864839614,0.0,0.0,-1.4395108066857214,0.23103179166666665,541.6439333333334,0.0,24.0,0.051226551226551134
Soraaa,sup,VCS,15,38,0.395,Team Flash,43.5,45.9,47.5,50.5,64.8,48.4,4.3,4.6,4.8,5.0,6.5,4.8,-255.17857142857142,-189.39285714285714,2.9642857142857144,149.93704736842105,0.07128096052631579,1.128728947368421,0.02631578947368421,2.4646263157894737,0.3030815789473684,13.789473684210526,0.6452205882352942,0.23857868020304568,0.0,0.2066313481914505,0.0,-0.7689547836321996,-1.1831768197821522,0.0917455552631579,459.1928107142857,0.0,38.0,1.631127703398558
Haenam,top,LAS,3,34,0.618,Nongshim RedForce Academy,45.4,48.0,49.4,49.9,53.7,48.4,4.5,4.8,4.9,5.0,5.4,4.8,25.147058823529413,63.26470588235294,-7.970588235294118,413.43644117647057,0.20120176470588236,7.333885294117647,0.4411764705882353,0.8704529411764707,0.15093823529411765,6.5588235294117645,0.47299509001636664,0.1834862385321101,0.0,0.19057727986299414,-0.1492975836878863,-0.44946616360279357,-0.9195172091021663,0.20558726470588234,661.899594117647,0.0,34.0,0.14145196090874465
Th3Antonio,top,LVP SL,2,59,0.542,Giants,38.8,46.8,49.5,63.6,53.4,48.3,3.9,4.7,5.0,6.4,5.3,4.8,-384.9830508474576,-209.72881355932202,-6.254237288135593,438.2242118644068,0.2113629593220339,7.6578288135593215,0.1864406779661017,0.8206491525423729,0.11318983050847459,3.2711864406779663,0.5190184049079755,0.18742138364779873,0.0,0.19452438642469796,0.018099547511312153,-0.7624434389140271,-0.9682923979765543,0.201319593220339,1016.6651186440678,0.0,59.0,-0.12858233230959357
H4cker,jng,LPL,1,79,0.342,Ultra Prime,44.6,45.8,54.8,50.3,51.7,48.3,4.5,4.6,5.5,5.0,5.2,4.8,0.0,0.0,0.0,245.41588860759495,0.1229059746835443,5.170246835443038,0.0,1.3102544303797468,0.3656037974683544,9.49367088607595,0.6792656587473002,0.20653061224489797,7.0886075949367084,0.22803474032080387,0.0,0.0,-1.057027787801204,0.17104711392405064,0.0,0.0,79.0,0.05673898750821825
Taco,top,PCS,15,45,0.311,Meta Falcon Team,48.4,49.2,44.3,52.0,46.1,48.3,4.8,4.9,4.4,5.2,4.6,4.8,-361.0,-171.2,-5.488888888888889,453.33131333333336,0.2552988666666666,7.9796933333333335,0.3333333333333333,0.9103533333333332,0.15484666666666666,5.177777777777778,0.5335968379446641,0.19398907103825136,0.0,0.19088768542500587,-0.7100127739019357,0.0,-1.0834692016531045,0.2331568222222222,715.9304422222223,0.0,45.0,-0.2815267963643719
dresscode,bot,LJL,15,42,0.071,V3 Esports,33.9,57.2,48.9,57.4,52.1,48.3,3.4,5.7,4.9,5.7,5.2,4.8,-725.3333333333334,-368.8809523809524,-2.2142857142857144,388.5083976190476,0.2566897976190476,9.077995238095237,0.5,1.0031833333333333,0.36541904761904764,6.285714285714286,0.7275862068965517,0.16023738872403562,0.0,0.21568776051534674,0.0,0.0,-1.260716721705111,0.2737217142857143,235.2109119047619,0.0,42.0,0.3956566701137537
Just,sup,UPL,2,24,0.458,Tempest Gaming|Third Party,39.0,49.0,61.0,58.4,39.3,48.3,3.9,4.9,6.1,5.8,3.9,4.8,-483.9166666666667,-305.4583333333333,2.5416666666666665,167.44084166666667,0.07331124166666667,0.8939499999999999,0.041666666666666664,2.3692083333333334,0.2176375,12.708333333333334,0.6775,0.2037037037037037,0.0,0.2783289028178078,-0.0565699915261187,0.0,-0.9615495861943195,0.0954236,510.40610416666664,0.0,24.0,-0.37344612644701697
Guubi,bot,LVP SL,2,73,0.521,BISONS ECLUB,43.4,39.0,53.6,60.5,56.8,48.2,4.3,3.9,5.4,6.0,5.7,4.8,-271.90410958904107,-50.16438356164384,-8.520547945205479,546.3277082191781,0.25359941506849315,8.482919178082192,0.5068493150684932,0.8669095890410958,0.20957808219178084,4.3561643835616435,0.6928982725527831,0.22255192878338279,0.0,0.22317757559264192,0.052658385679875304,-0.07504841071175557,-1.006048074867868,0.24649738356164386,407.89049863013696,0.0,73.0,-0.16858189335206852
Toasty,mid,PGC,2,66,0.485,ImPerium Vancuverii|Team Fish Taco|Wildcard Aces,46.6,35.8,55.4,52.7,63.8,48.2,4.7,3.6,5.5,5.3,6.4,4.8,-201.34848484848484,38.06060606060606,-6.575757575757576,558.3802833333334,0.24070233333333335,7.404096969696969,0.45454545454545453,0.7254015151515152,0.08988181818181817,2.590909090909091,0.5877268798617113,0.19785138764547897,0.0,0.23345130528104222,0.2702522928600497,-0.4557235421166307,-0.950886929471169,0.21276127272727274,351.50412575757576,0.0,66.0,0.34302226755056975
Avano,mid,PGC,2,71,0.549,Big Duck Energy|Winthrop University,55.7,38.9,46.0,49.6,50.4,48.2,5.6,3.9,4.6,5.0,5.0,4.8,-49.74647887323944,18.070422535211268,1.5633802816901408,592.1316929577465,0.24396204507042255,7.489901408450704,0.6338028169014085,0.9744802816901409,0.12471690140845071,4.23943661971831,0.5773501110288675,0.21468034727703236,0.0,0.2083506477506223,-0.33623134009682243,0.0,-1.03610411138817,0.21651532394366196,402.30100563380284,0.0,71.0,-0.4067392518146287
Ruf,bot,UL,2,31,0.387,Auxesis Esports|Forsaken,54.8,50.3,36.3,51.5,38.6,48.2,5.5,5.0,3.6,5.2,3.9,4.8,1.032258064516129,51.87096774193548,1.5483870967741935,552.4821838709678,0.2664491612903226,9.034422580645161,0.6129032258064516,1.1512,0.2980709677419355,3.225806451612903,0.6410958904109589,0.18259023354564755,0.0,0.18335822862665846,-0.48387883008356547,-0.6615598885793872,-1.1964456984729976,0.26943445161290325,302.84007419354833,0.0,31.0,-0.1998651079136691
Ale,top,LPL,1,101,0.535,LNG Esports,49.5,44.7,53.0,42.2,54.5,48.2,5.0,4.5,5.3,4.2,5.5,4.8,0.0,0.0,0.0,480.4306910891089,0.23519621485148515,8.407954455445545,0.0,0.9127881188118812,0.1804059405940594,5.564356435643564,0.5392231530845393,0.23387096774193547,5.6138613861386135,0.24140873397005236,-0.33639220430504124,-0.20538400633412512,-1.0443708924430775,0.23218496039603959,0.0,0.0,101.0,-0.1564776370469344
KKT,jng,LFL,2,53,0.472,GamersOrigin|Team GO,39.4,49.7,55.3,53.3,50.7,48.2,3.9,5.0,5.5,5.3,5.1,4.8,-302.0377358490566,-388.20754716981133,-11.226415094339623,303.0477075471698,0.1285572886792453,5.148290566037736,0.39622641509433965,1.4099301886792452,0.3088584905660377,13.075471698113208,0.6324582338902148,0.21109902067464636,0.0,0.18628656678270544,0.2814890366571159,0.22676210956885262,-1.0920962281872266,0.16317615849056605,734.4456528301887,0.0,53.0,-0.05304287861519896
Effort,sup,LCK,1,36,0.278,Nongshim RedForce,50.0,44.3,48.3,49.2,50.5,48.2,5.0,4.4,4.8,4.9,5.0,4.8,9.083333333333334,6.472222222222222,5.916666666666667,123.7513388888889,0.06704589444444445,1.486275,0.027777777777777776,2.627075,0.3711861111111111,20.555555555555557,0.6717948717948717,0.25889328063241107,0.0,0.21838606268006655,0.0,0.0,-1.205663485240668,0.09042234444444444,495.6494888888889,0.0,36.0,0.743162169645879
xMatty,bot,LEC,1,38,0.211,Team BDS|Team BDS Academy,51.4,37.5,58.1,56.1,39.3,48.2,5.1,3.8,5.8,5.6,3.9,4.8,-151.97368421052633,27.55263157894737,-3.9473684210526314,546.2737999999999,0.29186473684210523,8.475876315789474,0.42105263157894735,1.0444526315789473,0.2685631578947369,3.4210526315789473,0.674074074074074,0.1955403087478559,0.0,0.27912654564588263,0.0,0.0,-1.1204153101793881,0.25750334210526316,324.9724684210526,0.0,38.0,0.007353794945233691
Blue,mid,LCS,1,46,0.326,Dignitas,51.7,49.6,47.1,44.8,42.1,48.2,5.2,5.0,4.7,4.5,4.2,4.8,-98.91304347826087,48.02173913043478,-0.30434782608695654,457.488452173913,0.2681509347826087,9.33905,0.43478260869565216,1.0795826086956521,0.23163043478260867,4.282608695652174,0.6517857142857143,0.18216318785578747,2.0,0.2367115058116756,-0.07282051282051283,-0.8153846153846154,-0.9572246714733368,0.2592783913043478,332.86291739130434,0.0,46.0,-0.18204283360790777
MxDragon,jng,PGN,3,47,0.553,Atleta Esport,45.1,43.7,55.0,48.5,56.1,48.2,4.5,4.4,5.5,4.8,5.6,4.8,-175.19148936170214,-140.0,-3.3191489361702127,312.76092978723403,0.14506570425531914,5.3174063829787235,0.3617021276595745,1.2046574468085105,0.3102234042553192,9.595744680851064,0.6278145695364239,0.22288261515601784,0.0,0.24188751930243851,0.06665473206826605,-0.638157894736842,-0.990455083530759,0.1800553404255319,811.0381340425532,0.0,47.0,-0.17516498706858105
Burdol,top,LCK,1,51,0.627,Dplus Kia,47.5,44.2,52.4,49.1,51.9,48.2,4.8,4.4,5.2,4.9,5.2,4.8,-130.58823529411765,126.31372549019608,-2.2941176470588234,416.39987647058825,0.23247443137254903,8.015327450980392,0.27450980392156865,1.004164705882353,0.2353529411764706,7.666666666666667,0.5290322580645161,0.2464065708418891,0.0,0.18444055769459955,-0.12231228872582418,-0.3165266850946204,-0.9069135138819447,0.21623921568627452,717.8253588235294,0.0,51.0,0.12141489216177997
Goodo,jng,LCO,15,54,0.481,Dire Wolves|ORDER,42.9,42.0,54.2,54.5,58.8,48.2,4.3,4.2,5.4,5.5,5.9,4.8,-155.64814814814815,-178.8148148148148,-6.574074074074074,268.9723685185185,0.14172824074074072,5.230672222222222,0.2037037037037037,1.1969407407407406,0.2898611111111111,9.777777777777779,0.6763540290620872,0.21621621621621623,0.0,0.21773214905646343,-0.5254602688214902,0.11715491747339692,-0.8902648163426893,0.173807037037037,753.4975462962963,0.0,54.0,0.08562290364559468
Rodnaldinho,mid,LHE,2,26,0.462,Cruzados Esports|Supay Gaming,47.4,50.9,41.9,59.1,38.3,48.2,4.7,5.1,4.2,5.9,3.8,4.8,-73.8076923076923,-2.8461538461538463,-1.1923076923076923,463.54844615384616,0.25788873076923075,7.916273076923077,0.5,0.9703346153846154,0.1688730769230769,4.346153846153846,0.6270096463022508,0.1694915254237288,0.0,0.1857142857142857,-0.8048693161475117,0.0,-0.937185970055184,0.2166067307692308,323.5916423076923,0.0,26.0,-0.4884969325153374
eqq,sup,LDL,2,49,0.286,TWELVE,50.0,54.8,44.0,41.6,44.2,48.2,5.0,5.5,4.4,4.2,4.4,4.8,0.0,0.0,0.0,156.16460204081633,0.08055683265306122,1.161965306122449,0.0,2.8467673469387758,0.3050897959183674,18.816326530612244,0.61698956780924,0.2408839779005525,0.04081632653061224,0.16909307875894986,0.0,0.0,-1.2329684497540574,0.08962132040816327,0.0,0.0,49.0,-0.1137332842107358
YellowYoshi,top,LJL,15,31,0.226,AXIZ,30.1,67.7,42.9,62.6,38.8,48.2,3.0,6.8,4.3,6.3,3.9,4.8,-984.3548387096774,-697.1935483870968,-23.193548387096776,301.9007161290323,0.18215827419354838,6.4316774193548385,0.03225806451612903,1.2630935483870969,0.21143870967741935,10.64516129032258,0.5318352059925093,0.17992424242424243,0.0,0.15653153153153154,0.0,0.0,-1.3280707815124362,0.1840878806451613,679.2681451612904,0.0,31.0,-0.16745730550284624
YSKM,top,LDL,2,59,0.508,Frank Esports|Invictus Gaming Young,46.1,44.8,47.8,49.0,60.3,48.2,4.6,4.5,4.8,4.9,6.0,4.8,-26.103448275862068,-125.89655172413794,-2.6206896551724137,426.0878796610169,0.21566821186440677,7.943461016949152,0.3728813559322034,0.9602864406779661,0.13044237288135593,4.627118644067797,0.5151515151515151,0.2518628912071535,0.7666666666666667,0.20206287238018666,-0.3377519245739987,-0.704372459129833,-0.9207433580749558,0.22508794915254238,774.5227758620689,0.0,59.0,0.22549680317954046
Wenhao,top,NEXO,3,25,0.36,Dead Rabbits Club,44.2,44.2,65.6,49.6,41.6,48.2,4.4,4.4,6.6,5.0,4.2,4.8,-380.92,38.8,-5.28,479.95774400000005,0.22550332,6.934156000000001,0.2,0.738308,0.146796,1.12,0.4906832298136646,0.1900647948164147,0.0,0.40125416898276817,-0.3208091388667503,0.0,-1.0640768099984022,0.21634556,683.7690600000001,0.0,25.0,-0.18012176502742544
Hybridzz,top,PGC,2,20,0.3,DK Crew|Harrisburg University|RBG Esports,43.6,51.9,45.7,59.3,40.4,48.2,4.4,5.2,4.6,5.9,4.0,4.8,-183.0,-133.4,-5.5,476.78472,0.2140315,7.122005,0.15,0.902065,0.137825,2.85,0.5472312703583062,0.20398009950248755,0.0,0.19923182756248567,-0.5468234481700299,0.0,-1.0372772340448895,0.21867455000000002,760.6062549999999,0.0,20.0,-0.03611649092604552
Karis,mid,LCK,1,89,0.27,Hanwha Life Esports,38.3,51.8,46.0,63.7,46.6,48.1,3.8,5.2,4.6,6.4,4.7,4.8,-274.2134831460674,-63.7752808988764,-4.53932584269663,429.8380550561798,0.25268661797752806,7.959430337078652,0.14606741573033707,1.0271898876404495,0.2566460674157303,7.303370786516854,0.6972477064220184,0.18204911092294665,0.0,0.20314566691066485,0.0,0.0,-1.071797731027876,0.21923898876404496,335.5777606741573,0.0,89.0,-0.2578069900886803
Misaki,top,LPLOL,3,26,0.269,Boavista FC|Varona Esports,38.6,50.4,41.3,52.2,70.4,48.1,3.9,5.0,4.1,5.2,7.0,4.8,-249.69230769230768,-221.69230769230768,-5.730769230769231,389.6914153846154,0.19336384615384616,7.2419730769230775,0.46153846153846156,0.9000230769230769,0.09205384615384617,4.076923076923077,0.5233918128654971,0.16598360655737704,0.0,0.20266611410415805,0.0,-0.5377470307926755,-1.300141441043196,0.22567915384615386,600.5713730769231,0.0,26.0,2.549966982170372
notdefused,bot,LHE,2,20,0.3,Pampas|Supay Gaming|Wolf Club Esports,40.2,46.5,40.1,49.9,79.7,48.1,4.0,4.7,4.0,5.0,8.0,4.8,-211.65,-77.85,-0.6,428.04203500000006,0.25191295,8.465985,0.55,1.1449099999999999,0.24241000000000001,8.25,0.5849056603773585,0.15634218289085547,0.0,0.1361271676300578,0.0,0.0,-1.2172267618387813,0.25171555,252.10284500000003,0.0,20.0,4.253772290809328
lll,sup,GL,3,24,0.5,Ramo Awake Gaming,50.6,43.1,59.1,44.6,42.4,48.1,5.1,4.3,5.9,4.5,4.2,4.8,-96.20833333333333,-124.08333333333333,0.25,149.51777083333334,0.08130152083333334,1.0976375,0.08333333333333333,2.356758333333333,0.27644166666666664,17.375,0.6469072164948454,0.25274725274725274,0.0,0.23773961661341853,0.0,0.9514083825379924,-1.04648367769483,0.09396287916666667,352.9769083333333,0.0,24.0,-0.21022136669874864
lcberg,top,LDL,2,47,0.553,TEAM ORANGE,51.8,46.7,46.3,46.5,46.1,48.1,5.2,4.7,4.6,4.7,4.6,4.8,0.0,0.0,0.0,478.40874468085104,0.2490302340425532,8.134929787234043,0.0,0.7018319148936171,0.1491340425531915,0.5531914893617021,0.48878205128205127,0.18975069252077562,2.404255319148936,0.21511138071647626,-0.34681803645666776,-0.7249760153501759,-1.0087152887204447,0.21945921276595745,0.0,0.0,47.0,-0.2608653732051739
Abner,bot,NEXO,3,31,0.581,Oxygen Valiants|UCAM Esports Academy|Wizards,49.6,41.5,48.8,56.9,45.9,48.1,5.0,4.2,4.9,5.7,4.6,4.8,-47.0,-145.90322580645162,3.7096774193548385,514.4186838709677,0.26016919354838713,8.298432258064516,0.7419354838709677,0.8621677419354838,0.19449677419354838,1.096774193548387,0.6548463356973995,0.19362745098039216,0.0,0.2696847840186794,-0.5182077342588002,-0.4494918195339614,-0.9362340110224396,0.2514270322580645,336.1448870967742,0.0,31.0,-0.19545007493443242
Aix,jng,LDL,2,29,0.138,Qing Jiu E-sport Club,54.8,56.7,37.7,42.8,34.0,48.1,5.5,5.7,3.8,4.3,3.4,4.8,0.0,0.0,0.0,364.34781379310346,0.1719774724137931,5.688131034482759,0.0,1.3692931034482758,0.3729965517241379,8.758620689655173,0.6690909090909091,0.2441860465116279,9.068965517241379,0.12532292479833462,0.0,0.0,-1.4089547859263887,0.19374120689655172,0.0,0.0,29.0,-0.5241624440038187
Dmitar,jng,EBL,3,31,0.29,Split Raiders,39.4,51.8,51.3,56.8,45.3,48.0,3.9,5.2,5.1,5.7,4.5,4.8,-509.258064516129,-182.06451612903226,0.06451612903225806,301.1627451612903,0.15430225483870968,5.65071935483871,0.12903225806451613,1.2863096774193548,0.3050709677419355,7.064516129032258,0.6967213114754098,0.22898032200357782,0.0,0.21889952153110048,-0.04078947368421057,-0.5452631578947369,-1.0076196864499003,0.18350535483870967,807.5234677419355,0.0,31.0,-0.34166143708817076
Slyv3r,bot,ESLOL,3,49,0.347,KV Mechelen Esports,39.6,43.7,54.1,56.1,59.1,48.0,4.0,4.4,5.4,5.6,5.9,4.8,-186.85714285714286,-66.9795918367347,-5.836734693877551,479.426593877551,0.22653068979591837,7.409667346938775,0.3673469387755102,0.8751061224489797,0.17777142857142858,4.244897959183674,0.668693009118541,0.18306636155606407,0.0,0.2025298422554767,0.0,1.0181991812937348,-1.0181040584259224,0.2332425224489796,220.6425551020408,0.0,49.0,0.14920834355828208
Tholem,top,TAL,3,32,0.594,Dark Passage Academy,42.6,52.5,41.3,58.1,47.4,48.0,4.3,5.2,4.1,5.8,4.7,4.8,-44.65625,49.59375,1.9375,390.10018437499997,0.1991371875,8.042515625,0.25,0.853625,0.152034375,3.53125,0.5300429184549357,0.1875,0.0,0.19432209093886868,-0.7363250394944708,-0.9032385466034755,-0.9114998021898763,0.22136828125,875.677784375,0.0,32.0,-0.25867115873191204
Drop,bot,CBLOLA,3,22,0.545,Miners|Miners Academy,43.9,56.7,42.0,48.5,47.1,48.0,4.4,5.7,4.2,4.8,4.7,4.8,-300.5,-72.13636363636364,-10.363636363636363,503.64750909090907,0.2519190909090909,8.410922727272727,0.8181818181818182,1.24,0.2766954545454545,6.2727272727272725,0.6318840579710145,0.16040955631399317,0.0,0.17516617920765754,-0.6603243917654399,0.0,-0.9000217720378613,0.25206622727272726,206.04605454545455,0.0,22.0,0.207426376440461
Leo D Aras,sup,GLL,3,26,0.231,Auxesis Esports|GOAL|Gamespace Mediterranean College Esports|Zerolag Esports,52.4,46.8,37.5,58.0,40.1,48.0,5.2,4.7,3.8,5.8,4.0,4.8,-118.88461538461539,-116.07692307692308,2.5,157.2662076923077,0.07387488076923077,1.1561115384615386,0.11538461538461539,2.0845576923076923,0.23956923076923076,9.807692307692308,0.6927536231884058,0.2148936170212766,0.0,0.15060591678531876,0.0,-0.8849832179420563,-1.253626098791776,0.09444541153846155,431.6689923076923,0.0,26.0,-0.16142733575181709
Fiant,bot,DDH,3,59,0.492,Braves Rising|Six Karma|Spirituals,39.6,51.4,42.4,51.9,64.0,48.0,4.0,5.1,4.2,5.2,6.4,4.8,-271.3898305084746,-229.8135593220339,-6.559322033898305,482.6747389830509,0.2471040474576271,8.122184745762711,0.4745762711864407,1.2429050847457628,0.2833762711864407,5.406779661016949,0.6411149825783972,0.20091848450057406,0.0,0.1668274621813181,0.0,-0.7423766735231497,-0.9868878867123941,0.2369811186440678,262.8938033898305,0.0,59.0,0.042129733783277064
Shakaa,bot,EL,3,33,0.364,Atomic México|Red Rooster Team,45.5,50.0,41.9,60.8,41.0,48.0,4.5,5.0,4.2,6.1,4.1,4.8,72.03030303030303,-159.33333333333334,2.515151515151515,459.16222424242426,0.24694609090909092,7.8264272727272735,0.696969696969697,0.8900212121212121,0.20191818181818183,5.090909090909091,0.6907894736842105,0.16784452296819788,0.0,0.14646194926568762,0.0,0.0,-1.0720012816629558,0.24635366666666667,253.79976666666664,0.0,33.0,-0.4603554369809373
g3tH,sup,LMF,2,22,0.227,WAP Esports,35.7,48.6,65.8,58.4,40.1,48.0,3.6,4.9,6.6,5.8,4.0,4.8,-305.95454545454544,-273.04545454545456,-1.7272727272727273,119.49739545454545,0.07507991818181818,1.09185,0.0,2.3011136363636364,0.31615,17.90909090909091,0.7033898305084746,0.2546916890080429,0.0,0.37647942059706774,0.0,0.0,-1.0949203396422549,0.08830665909090908,429.3402818181818,0.0,22.0,-0.09113764927718417
Piu Piu,bot,SL (LATAM),3,51,0.51,Diamond Doves,41.5,42.8,65.9,44.1,56.8,48.0,4.2,4.3,6.6,4.4,5.7,4.8,-282.5686274509804,-153.1764705882353,-0.7058823529411765,474.77856862745097,0.2305021568627451,8.271923529411765,0.7647058823529411,0.9881196078431372,0.27484705882352944,3.4705882352941178,0.5841968911917098,0.17813267813267813,0.0,0.2478946369245373,0.3496659716230892,0.8539416411413832,-0.8895048336512016,0.24533017647058825,249.1940705882353,0.0,51.0,-0.3227180341377874
Kars,top,HC,3,22,0.5,KIA.eSuba Academy,40.1,46.0,68.8,49.5,42.1,48.0,4.0,4.6,6.9,5.0,4.2,4.8,0.3181818181818182,74.0909090909091,-4.7727272727272725,326.3236727272727,0.17137830454545455,6.73705,0.5454545454545454,0.8869772727272728,0.1236590909090909,4.5,0.46839080459770116,0.18005540166204986,0.0,0.36969909572809473,-0.11189996139161765,0.4503882287332161,-1.002407026495008,0.2007778181818182,610.1840136363636,0.0,22.0,-0.10713708591435497
Manster,mid,NEXO,3,29,0.586,Oxygen Valiants,49.9,48.0,49.7,48.4,40.5,48.0,5.0,4.8,5.0,4.8,4.0,4.8,80.13793103448276,52.96551724137931,3.7241379310344827,475.7085758620689,0.24263365517241378,8.035358620689655,0.41379310344827586,0.9469275862068965,0.19421379310344827,4.275862068965517,0.6,0.18925831202046037,0.0,0.26537538738378486,-0.4203698592326801,-0.10826132189643094,-0.9641868753698893,0.22640755172413793,330.10173793103445,0.0,29.0,-0.4906860320848192
Kania,jng,LAS,3,26,0.346,Liiv SANDBOX Academy|Liiv SANDBOX Youth,40.1,55.3,49.5,46.1,52.4,48.0,4.0,5.5,5.0,4.6,5.2,4.8,-455.5,-228.53846153846155,1.0769230769230769,311.4417384615385,0.15804657307692307,5.6513923076923085,0.07692307692307693,1.2710538461538463,0.37120384615384616,6.384615384615385,0.6175637393767706,0.17094017094017094,0.0,0.2147241505297771,0.0,0.0,-1.152298298840009,0.1866415769230769,631.1353269230768,0.0,26.0,0.8800509067769648
CRY NOW,mid,UPL,2,29,0.621,Wild West Bandits,62.2,32.6,49.7,44.4,48.1,48.0,6.2,3.3,5.0,4.4,4.8,4.8,-241.3793103448276,-90.6896551724138,-0.3793103448275862,714.4601413793102,0.2636956551724138,7.728427586206897,1.0344827586206897,0.6101724137931035,0.10012413793103449,0.3793103448275862,0.5370370370370371,0.20342205323193915,0.0,0.18729614338724176,-0.3562278462327477,0.07978857286685127,-0.8501511659389277,0.22972468965517243,449.49417586206897,0.0,29.0,0.032310997265898075
BoilTheOil,top,PGC,2,23,0.304,Area of Effect Soupy Time|Dark Matter,59.1,38.6,47.5,47.0,42.1,47.9,5.9,3.9,4.8,4.7,4.2,4.8,12.73913043478261,212.3913043478261,8.695652173913043,458.09563043478266,0.22115017391304348,7.707134782608696,0.4782608695652174,0.6838130434782609,0.0914391304347826,1.5217391304347827,0.4224137931034483,0.15011037527593818,0.0,0.18694324712643678,0.0,0.0,-1.1542745335803914,0.2272,632.4103304347826,0.0,23.0,0.20598290598290594
Array,bot,LCSA,2,77,0.506,100 Thieves Next|Golden Guardians Academy,39.1,49.7,50.8,52.4,56.5,47.9,3.9,5.0,5.1,5.2,5.7,4.8,-201.5064935064935,-154.15584415584416,-12.168831168831169,516.0986506493507,0.22274044805194804,8.101155844155844,0.8311688311688312,1.206803896103896,0.2914077922077922,4.142857142857143,0.5922406967537609,0.16363636363636364,0.0,0.21261379800853486,-0.49799872244420884,0.0,-0.8712346683203729,0.24024507792207794,257.1340194805195,0.0,77.0,-0.5107725075776194
Mun,sup,DDH,3,27,0.704,The Kings,46.6,36.5,69.7,42.1,54.1,47.9,4.7,3.6,7.0,4.2,5.4,4.8,-10.592592592592593,-30.185185185185187,-3.7777777777777777,141.29909999999998,0.07176765185185185,1.0294962962962961,0.037037037037037035,2.322374074074074,0.27278148148148146,15.777777777777779,0.625,0.297029702970297,0.0,0.2569202128025658,0.0,1.3241024239676555,-0.7814221175402735,0.0894902,415.5546370370371,0.0,27.0,0.10770707923623776
Rooster,top,LCKC,2,49,0.286,Hanwha Life Esports Challengers,40.5,49.5,48.9,55.9,50.7,47.9,4.0,5.0,4.9,5.6,5.1,4.8,-338.265306122449,-243.44897959183675,-12.306122448979592,443.6767367346939,0.23409938775510203,7.928279591836735,0.2857142857142857,0.8481408163265306,0.13221632653061224,5.061224489795919,0.5466417910447762,0.20414201183431951,0.0,0.19945398917392326,0.0,0.0,-1.1525472862361814,0.2269207551020408,601.8943673469388,0.0,49.0,0.20711287577992052
Chapters,bot,LMF,2,25,0.52,Undead Gaming,36.9,53.5,56.3,54.3,43.8,47.9,3.7,5.3,5.6,5.4,4.4,4.8,-312.52,-96.16,-5.64,455.5073,0.22429072000000003,7.759664,0.56,1.3349199999999999,0.31823599999999996,6.4,0.5915492957746479,0.168141592920354,0.0,0.284375,-0.716346891788181,0.0,-0.8319102890340829,0.22843808,258.822336,0.0,25.0,-0.19035527579216907
Smoothie,sup,LCSA,2,45,0.422,Evil Geniuses Academy,33.1,46.1,63.3,61.1,50.4,47.9,3.3,4.6,6.3,6.1,5.0,4.8,-415.9111111111111,-448.3333333333333,-20.866666666666667,165.68225333333334,0.07420899333333333,0.8028311111111112,0.022222222222222223,2.16538,0.21031555555555556,14.533333333333333,0.6933534743202417,0.20948012232415902,0.0,0.21044717123805595,0.5860711582134747,0.0,-0.9388320654787181,0.08602082666666667,333.9572866666667,0.0,45.0,-0.05723286804524725
Gaëthan,top,LVP SL,2,47,0.277,MAD Lions Madrid,45.5,50.5,44.6,53.5,44.1,47.8,4.5,5.0,4.5,5.3,4.4,4.8,-31.25531914893617,-154.25531914893617,2.4680851063829787,410.2040021276596,0.21049851914893616,7.940521276595745,0.3617021276595745,0.8742893617021277,0.16544680851063828,5.957446808510638,0.5142857142857142,0.20224719101123595,0.0,0.2041426457833784,0.0,-0.8937012326133664,-1.14160850715248,0.2250801914893617,704.8179936170212,0.0,47.0,-0.21100515463917516
Munchy,jng,PGC,2,45,0.467,Tempest Gaming|Third Party,55.2,36.9,47.3,54.6,44.7,47.8,5.5,3.7,4.7,5.5,4.5,4.8,-193.04444444444445,-228.26666666666668,-3.6,373.7079733333333,0.17243702444444445,5.223784444444444,0.5111111111111111,0.7552933333333333,0.20700666666666667,2.6222222222222222,0.6735537190082644,0.2037735849056604,0.0,0.19114264987343335,-0.462721847782005,0.0,-0.9796752975917745,0.18999888888888886,725.8028266666666,0.0,45.0,-0.40431506308856247
Hyper,jng,LCSA,2,74,0.311,Area of Effect Cows|TSM|TSM Academy,47.8,42.1,48.0,47.5,60.4,47.8,4.8,4.2,4.8,4.8,6.0,4.8,-15.405405405405405,-171.6891891891892,-5.027027027027027,305.7767743243243,0.14564098108108106,5.493518918918919,0.2702702702702703,1.222785135135135,0.3279297297297297,9.27027027027027,0.6361746361746362,0.2452991452991453,0.0,0.19269203616405914,-0.1460030549898166,0.0,-1.1089348647031358,0.17856471621621622,808.7235337837838,0.0,74.0,0.09081763239460565
Arfyss,top,LHE,2,39,0.308,Rebirth eSports,34.9,55.2,58.5,55.0,40.2,47.8,3.5,5.5,5.8,5.5,4.0,4.8,-280.97435897435895,-163.5897435897436,-2.3846153846153846,320.00160256410254,0.18823082307692307,7.8858461538461535,0.15384615384615385,0.9416769230769231,0.14925897435897437,7.461538461538462,0.5217391304347826,0.18152350081037277,0.0,0.2009132420091324,0.0,1.0005896226415092,-1.0448786260744005,0.23219966666666667,687.7697743589744,0.0,39.0,-0.4815348158950055
Hierro,sup,EL,3,39,0.538,Arctic Gaming México|GeekSide Esports|Janus Esports,43.4,40.7,62.2,47.4,55.7,47.8,4.3,4.1,6.2,4.7,5.6,4.8,-86.12820512820512,-47.02564102564103,0.46153846153846156,135.13021025641027,0.07031424615384615,1.2167948717948718,0.0,2.0674641025641027,0.28897435897435897,8.743589743589743,0.6329787234042553,0.2345890410958904,0.0,0.2943352741387676,0.0,-0.16702644360496488,-0.8960046421272541,0.09510275384615384,435.8363615384615,0.0,39.0,-0.10005577830951298
Faith,mid,PCS,15,21,0.286,Impunity,32.6,61.7,45.6,62.1,39.3,47.8,3.3,6.2,4.6,6.2,3.9,4.8,-514.047619047619,-452.3333333333333,-14.285714285714286,368.1998047619048,0.23196566666666668,7.943261904761905,0.14285714285714285,1.108052380952381,0.2112047619047619,4.333333333333333,0.7045454545454546,0.15963855421686746,0.0,0.1804580152671756,-0.39165701042873696,0.0,-1.0192004773944654,0.2277647619047619,323.5842761904762,0.0,21.0,-0.09504421400852478
miya,bot,PGC,2,27,0.593,Evil Geniuses Prodigies,49.4,34.2,65.2,53.2,42.6,47.8,4.9,3.4,6.5,5.3,4.3,4.8,-179.11111111111111,-37.77777777777778,-2.2222222222222223,610.0009481481482,0.24852614814814816,7.426966666666666,0.4444444444444444,0.9023407407407407,0.16512592592592593,1.4444444444444444,0.6069958847736625,0.21635883905013192,0.0,0.37605453195653643,-0.465749149721398,0.0,-0.9084212931246596,0.21835022222222222,306.9095111111111,0.0,27.0,-0.21192942825985356
Messages,mid,PGC,2,45,0.467,Tempest Gaming|Third Party,43.0,44.6,49.7,58.0,49.7,47.7,4.3,4.5,5.0,5.8,5.0,4.8,-241.6888888888889,47.888888888888886,-6.866666666666666,527.3956111111111,0.23501548888888887,7.343708888888889,0.3333333333333333,0.8842222222222222,0.1527,3.4,0.5867768595041323,0.16729559748427672,0.0,0.20596138081792512,0.020926862870852048,0.0,-1.039066487969913,0.20478162222222224,345.2283733333333,0.0,45.0,0.07540745669587015
Contractz,jng,LCS,1,57,0.474,Counter Logic Gaming,46.9,37.7,57.2,52.2,53.1,47.7,4.7,3.8,5.7,5.2,5.3,4.8,-278.9824561403509,-157.98245614035088,-2.526315789473684,299.07987368421055,0.14709417894736843,5.865980701754387,0.14035087719298245,1.284417543859649,0.34793684210526316,9.771929824561404,0.6860986547085202,0.24327784891165172,0.0,0.195626117516493,0.07714593699712453,0.2867501330705897,-0.9479450307892313,0.17586061403508774,902.9589614035087,0.0,57.0,0.26064977413901835
Geiger,top,PGC,2,36,0.417,Area of Effect Randoms|No Name,42.0,43.3,49.0,61.5,51.6,47.7,4.2,4.3,4.9,6.2,5.2,4.8,-372.72222222222223,-218.61111111111111,-13.333333333333334,508.48522777777777,0.22052341944444442,6.892008333333333,0.2777777777777778,0.7580861111111111,0.08838055555555556,1.5833333333333333,0.5299145299145299,0.19225251076040173,0.0,0.20874242021404388,-0.03280549249764692,-0.869774652566303,-0.9944206279535318,0.20345000000000002,748.3715888888888,0.0,36.0,0.3263230129576556
Horus,bot,LMF,2,25,0.48,River Plate Gaming,46.0,50.9,42.8,56.8,39.1,47.7,4.6,5.1,4.3,5.7,3.9,4.8,-295.6,-213.68,4.08,518.104628,0.26723452000000003,7.823404,0.84,1.20116,0.25718,5.48,0.6627218934911243,0.1885245901639344,0.0,0.19443388072601556,-0.8716528162511542,0.0,-0.946885907746985,0.24672692000000002,242.565012,0.0,25.0,-0.42370313103981444
xGenesis,top,ESLOL,3,24,0.333,Ion Squad,56.2,47.4,34.9,50.0,41.5,47.7,5.6,4.7,3.5,5.0,4.2,4.8,319.9583333333333,58.541666666666664,0.25,488.65661666666665,0.23299208333333332,7.5979375000000005,0.25,0.8378625,0.11680833333333333,4.958333333333333,0.5150501672240803,0.18465227817745802,0.0,0.13602846054333761,0.0,-0.7437201261059697,-1.4021693127414518,0.23578095833333335,726.6448791666667,0.0,24.0,0.4551810237203497
Pinnnk,mid,LJLA,3,21,0.333,DetonatioN FocusMe Academy,39.7,55.6,46.9,59.8,35.6,47.7,4.0,5.6,4.7,6.0,3.6,4.8,-368.0,-473.53333333333336,-10.2,518.2622333333334,0.24881857142857142,7.380771428571428,0.7142857142857143,0.9013047619047618,0.19786190476190477,4.380952380952381,0.6680497925311203,0.17980295566502463,0.0,0.14616076315583704,0.6709670491501503,-0.16242253175431062,-1.1521305981945973,0.23135714285714287,392.6411666666666,0.0,21.0,-0.41280051422958364
Garp,top,LFL2,2,20,0.2,BRUTE|beGenius ESC,47.7,38.2,39.4,55.3,68.0,47.6,4.8,3.8,3.9,5.5,6.8,4.8,-209.85,-221.6,-3.3,468.894405,0.27996321,7.3440650000000005,0.0,0.719835,0.09068000000000001,3.55,0.5519125683060109,0.24749163879598662,0.0,0.13122294372294374,0.0,0.0,-1.2821650249800465,0.21964245,794.9430150000001,0.0,20.0,2.193452380952381
Shy Carry,bot,EBL,3,41,0.585,Diamant Esports,44.6,44.3,50.4,47.6,58.8,47.6,4.5,4.4,5.0,4.8,5.9,4.8,-321.8048780487805,-127.92682926829268,-10.170731707317072,534.404124390244,0.24891490243902437,8.334148780487805,0.8536585365853658,0.9150268292682927,0.24386341463414635,3.317073170731707,0.6021505376344086,0.1595744680851064,0.0,0.24043635562248628,-0.4050480769230769,-0.7607600732600733,-0.7826410922093181,0.256851243902439,268.69513414634145,0.0,41.0,0.04314727567941648
Marth,top,DDH,3,49,0.367,Tomorrow Esports,36.3,52.6,42.4,56.8,60.1,47.6,3.6,5.3,4.2,5.7,6.0,4.8,-355.55102040816325,-271.734693877551,-9.918367346938776,402.9014346938776,0.2102156387755102,7.477357142857143,0.22448979591836735,0.8469857142857142,0.13950816326530613,6.326530612244898,0.5307017543859649,0.17661388550548113,0.0,0.15838680901269026,0.0,0.0,-1.2118674722692375,0.21834738775510204,741.1950571428572,0.0,49.0,0.471225630861166
Ersin,top,TAL,3,43,0.605,İstanbul Wildcats Academy,31.5,54.5,45.0,58.0,62.6,47.6,3.1,5.5,4.5,5.8,6.3,4.8,-594.8139534883721,-443.0,-15.255813953488373,351.46127441860466,0.18469002325581396,7.204786046511628,0.18604651162790697,1.019167441860465,0.1243906976744186,4.744186046511628,0.5282051282051282,0.19288389513108614,0.0,0.20989775220433002,-0.6757454237245253,-0.6174524661918557,-0.8929598539256502,0.1989901627906977,696.6374860465116,0.0,43.0,0.3647640201348456
XXX,mid,LDL,2,52,0.558,TEAM ORANGE,37.2,55.4,41.4,57.3,52.4,47.6,3.7,5.5,4.1,5.7,5.2,4.8,0.0,0.0,0.0,383.7360039215686,0.2034917254901961,7.5296403846153845,0.0,1.094105882352941,0.19631960784313726,5.470588235294118,0.6587887740029542,0.20284237726098192,0.7254901960784313,0.1824153590216267,-0.3899463616082025,-0.8803816395310201,-0.908876095122516,0.1977873076923077,0.0,0.0,52.0,-0.08829688478228008
Leocich,top,SL (LATAM),3,26,0.423,Club Deportivo Municipal,51.9,41.8,42.4,53.4,48.8,47.6,5.2,4.2,4.2,5.3,4.9,4.8,-240.80769230769232,-108.84615384615384,-12.461538461538462,482.15165,0.2533909615384615,6.30606923076923,0.6538461538461539,0.7886076923076922,0.10513076923076924,4.269230769230769,0.5640394088669951,0.2459016393442623,0.0,0.197859911406423,-0.6809163299729337,0.0,-1.0662442812535524,0.215066,687.6411384615385,0.0,26.0,0.3946276137520557
Bojji,jng,VCS,15,25,0.28,Team Flash,46.4,40.2,66.9,44.3,45.2,47.6,4.6,4.0,6.7,4.4,4.5,4.8,-567.92,-278.28,-2.84,322.114732,0.167324576,5.397608,0.32,1.2485439999999999,0.301556,6.44,0.6590909090909091,0.22821576763485477,0.0,0.3178571428571429,0.0,-0.0946097697922516,-0.8675216773697116,0.19270296,724.761924,0.0,25.0,0.000855200972228377
Moyan,jng,LDL,2,38,0.526,ThunderTalk Gaming|ThunderTalk Gaming Young,47.3,42.4,50.6,39.2,66.4,47.5,4.7,4.2,5.1,3.9,6.6,4.8,0.0,0.0,0.0,291.39422894736845,0.14391311315789473,4.994171052631579,0.0,1.3186868421052633,0.33708947368421055,9.157894736842104,0.6290630975143403,0.2902542372881356,9.342105263157896,0.2280302765240311,-0.08799726330761677,0.5041905602117337,-1.2917434212887033,0.16496478684210525,0.0,0.0,38.0,1.4607872686720116
Swordblue,sup,UPL,2,37,0.568,Bay State College,59.1,41.0,40.1,44.4,46.6,47.5,5.9,4.1,4.0,4.4,4.7,4.8,29.56756756756757,-58.270270270270274,-2.5675675675675675,222.6581081081081,0.08948566216216217,0.8584783783783784,0.0,2.3671243243243243,0.2787783783783784,7.486486486486487,0.6442432082794308,0.26772793053545585,0.0,0.22419629319603263,-0.3034478988579176,-0.8557960008360621,-1.2093066234264935,0.10059231621621621,442.56854054054054,0.0,37.0,0.23090605456602312
Gagai,bot,GLL,3,23,0.304,Zerolag Esports,38.9,50.0,36.2,51.3,73.9,47.5,3.9,5.0,3.6,5.1,7.4,4.8,-746.4782608695652,-361.30434782608694,2.3043478260869565,505.1367173913044,0.2508794347826087,9.18201304347826,0.6956521739130435,0.9473217391304347,0.30013913043478263,3.0434782608695654,0.6798561151079137,0.20045558086560364,0.0,0.15992358934169282,0.0,-0.8944002623595967,-1.2306775035172282,0.2746009565217391,283.7328956521739,0.0,23.0,2.976367614879649
Guang,sup,LDL,2,28,0.321,Oh My God Academy,48.0,36.2,67.3,37.2,57.8,47.5,4.8,3.6,6.7,3.7,5.8,4.8,0.0,0.0,0.0,147.74715357142856,0.07615790357142857,0.9366857142857142,0.0,2.221378571428571,0.21727500000000002,13.142857142857142,0.6010928961748634,0.30120481927710846,0.07142857142857142,0.3410397451347707,0.0,0.0,-0.9358081158661803,0.08598328928571429,0.0,0.0,28.0,0.6659638765900624
Martote,jng,LMF,2,21,0.381,9z Team,43.9,52.0,44.1,52.0,45.1,47.5,4.4,5.2,4.4,5.2,4.5,4.8,-71.47619047619048,-234.1904761904762,-5.0476190476190474,267.2827238095238,0.1473836619047619,5.5248380952380955,0.23809523809523808,1.3945714285714286,0.32024285714285716,7.238095238095238,0.7009803921568627,0.2591362126245847,0.0,0.15981003920702413,0.0,0.0,-1.2166615334168602,0.19367761904761907,681.8479809523809,0.0,21.0,0.4299520127965874
Marrow Ooze,mid,ESLOL,3,20,0.4,Ion Squad,60.7,40.9,35.9,51.3,39.1,47.5,6.1,4.1,3.6,5.1,3.9,4.8,-124.45,-219.45,-2.75,686.99119,0.30718915,8.142885,0.45,0.8346899999999999,0.13345,2.1,0.6379928315412187,0.21578947368421053,0.0,0.1780483165303405,0.0,-0.842366011109443,-1.329340270370934,0.23916695,424.871615,0.0,20.0,0.36121942573555477
Kakkun,mid,LJL,15,27,0.481,Crest Gaming Act|Crest Gaming Act Academy,54.6,40.5,46.8,54.7,36.3,47.5,5.5,4.0,4.7,5.5,3.6,4.8,-167.8095238095238,-99.61904761904762,-3.7142857142857144,578.3834074074074,0.26855711111111114,7.870525925925926,0.37037037037037035,0.8040666666666667,0.12760000000000002,5.851851851851852,0.6392045454545454,0.1687344913151365,0.0,0.1482545486201793,-0.1949103528050897,0.0,-0.9250680260260927,0.22587885185185183,356.5799619047619,0.0,27.0,-0.6231108578183046
Cleaver,mid,LAS,3,28,0.25,DN SOOPers Academy,60.2,38.9,44.8,48.0,37.0,47.5,6.0,3.9,4.5,4.8,3.7,4.8,-133.57142857142858,-22.785714285714285,-0.10714285714285714,608.1350428571429,0.29466549999999997,8.682571428571428,0.6071428571428571,0.6946107142857143,0.16588214285714287,4.714285714285714,0.6351351351351351,0.22478991596638656,0.0,0.2102792632204397,0.0,0.0,-1.163244907671683,0.25688717857142856,480.70915,0.0,28.0,-0.48926684280052846
Soma,sup,UPL,2,21,0.381,University of Michigan,33.6,41.9,80.3,47.7,49.5,47.4,3.4,4.2,8.0,4.8,5.0,4.7,-486.7142857142857,-375.0952380952381,-8.619047619047619,161.98870952380952,0.06929510476190476,0.8389523809523809,0.0,2.241795238095238,0.24595238095238095,13.857142857142858,0.6121951219512195,0.2079207920792079,0.0,0.6206651491233927,-0.0905543523010006,0.0,-0.5859365527643956,0.09525378095238095,404.581980952381,0.0,21.0,-0.13264333378728038
Ariendel,mid,PGC,2,62,0.5,Supernova,41.8,40.0,57.2,52.3,57.5,47.4,4.2,4.0,5.7,5.2,5.8,4.7,-19.693548387096776,-159.41935483870967,-6.403225806451613,505.02197741935487,0.2181354516129032,7.297496774193548,0.43548387096774194,0.898966129032258,0.16253064516129032,3.2096774193548385,0.59245960502693,0.21359223300970873,0.0,0.1756621187800963,0.8377490477067078,0.0,-0.9998008518658723,0.21480637096774194,425.32115161290324,0.0,62.0,0.12566935591990622
Lotus,mid,GLL,3,37,0.405,Anorthosis Famagusta Esports|Team Refuse,43.4,45.8,52.7,50.8,49.4,47.4,4.3,4.6,5.3,5.1,4.9,4.7,-296.13513513513516,-151.0810810810811,-6.081081081081081,532.189954054054,0.259789,7.71831891891892,0.3783783783783784,0.9902108108108107,0.14298648648648649,5.378378378378378,0.6087786259541985,0.19023569023569023,0.0,0.28527993111022176,0.0,-0.771413441595693,-0.9585971844701846,0.22547405405405405,358.8317945945946,0.0,37.0,-0.10311702169345817
Yonna,sup,NEXO,3,23,0.522,Kawaii Kiwis,34.8,57.5,46.7,53.5,49.4,47.4,3.5,5.8,4.7,5.3,4.9,4.7,-342.2173913043478,-45.30434782608695,-19.391304347826086,140.97200434782607,0.06310883913043477,1.070917391304348,0.0,2.3901,0.3057,14.73913043478261,0.655,0.17215189873417722,0.0,0.27379838844807,-0.5584847970103618,-0.6979106505860371,-1.0641833368424274,0.09368684347826087,334.8812956521739,0.0,23.0,0.43557735768791056
PandaC,top,LDL,2,29,0.586,LNG Academy|LNG Esports,45.3,60.1,45.2,40.7,37.3,47.4,4.5,6.0,4.5,4.1,3.7,4.7,0.0,0.0,0.0,418.5215586206897,0.22400203448275863,8.030510344827587,0.0,1.016248275862069,0.23893103448275863,5.620689655172414,0.5,0.2571428571428571,4.586206896551724,0.13209599546602388,0.0,0.0,-1.043307056450147,0.22503344827586208,0.0,0.0,29.0,-0.5377086982332709
kelin,bot,LDL,2,26,0.577,Ultra Prime Academy,41.0,54.2,40.2,52.3,51.8,47.4,4.1,5.4,4.0,5.2,5.2,4.7,0.0,0.0,0.0,514.2062884615384,0.20777102692307692,7.712157692307692,0.0,1.1476884615384615,0.29998846153846154,4.230769230769231,0.6467991169977925,0.17889908256880735,1.3461538461538463,0.16581450046016977,-0.4405727923627684,-0.8042959427207638,-0.9292117457463783,0.2343741153846154,0.0,0.0,26.0,0.518565294266229
Solitified,top,UPL,2,20,0.5,Raleigh Black Flame|Verity Esports,55.0,36.5,49.3,51.9,42.5,47.3,5.5,3.6,4.9,5.2,4.2,4.7,-290.1,101.75,2.75,517.1701,0.21811455,7.29332,0.5,0.64925,0.07080499999999999,2.8,0.4704225352112676,0.18635170603674542,0.0,0.1688839615668884,0.31665039062500006,0.0,-1.1597719523738237,0.22062189999999998,816.8044649999999,0.0,20.0,0.31665039062500006
Dove,top,LCK,1,94,0.479,Liiv SANDBOX,33.6,49.0,35.1,67.9,66.9,47.3,3.4,4.9,3.5,6.8,6.7,4.7,-539.6489361702128,-424.63829787234044,-11.446808510638299,431.24629361702125,0.23098035212765955,7.279536170212766,0.13829787234042554,0.9245893617021277,0.1823659574468085,6.329787234042553,0.6009478672985782,0.22212908633696563,0.0,0.12104223763534169,-0.2142950752050119,-0.6670939133461236,-1.0914795361686436,0.2050644255319149,740.0984968085107,0.0,94.0,0.6343239893462724
Jezu,bot,LEC,1,34,0.412,SK Gaming,33.5,46.9,65.9,59.9,40.9,47.3,3.4,4.7,6.6,6.0,4.1,4.7,-483.3235294117647,-494.3529411764706,-8.529411764705882,458.77998235294115,0.2567006470588235,9.144823529411765,0.7058823529411765,1.0403794117647058,0.24609705882352942,5.4411764705882355,0.6766304347826086,0.14482758620689656,4.0,0.2899926416482708,0.0,0.0,-0.9249662533161546,0.26559473529411765,279.4353088235294,0.0,34.0,-0.0507099391480732
Skyy,mid,DDH,3,39,0.385,Atomic México|Tomorrow Esports,39.9,51.8,48.5,49.9,51.0,47.3,4.0,5.2,4.8,5.0,5.1,4.7,-399.0,-276.4102564102564,-4.794871794871795,494.0485743589744,0.2618895128205128,7.864976923076924,0.41025641025641024,1.0761794871794872,0.18042051282051283,7.0,0.6372180451127819,0.2066772655007949,0.0,0.2052598072228302,0.0,0.0,-1.026943959365658,0.23741610256410256,358.88342307692307,0.0,39.0,0.048099030355536136
DrewDozer,mid,UPL,2,52,0.519,Illinois State University|Super Sunshine Fruit Basket Warriors,51.3,38.9,52.3,48.2,46.6,47.2,5.1,3.9,5.2,4.8,4.7,4.7,-253.1346153846154,-175.92307692307693,-6.596153846153846,656.4174980769232,0.26449171538461536,7.489671153846154,0.6346153846153846,0.9310653846153846,0.15017884615384616,3.480769230769231,0.6129685916919959,0.2366412213740458,0.0,0.27082442222335595,-0.3835386774561697,0.0,-1.031768400314215,0.23950861538461538,538.1111038461538,0.0,52.0,-0.2571918824631275
Lelouch,bot,EBL,3,25,0.36,SOVEJA|XtremeDominators,54.7,42.4,44.1,42.3,49.2,47.2,5.5,4.2,4.4,4.2,4.9,4.7,-197.6,-73.92,-0.4,543.854324,0.264329704,9.02806,1.28,0.896844,0.20362,1.36,0.6219839142091153,0.1716937354988399,0.0,0.19763808139534883,0.0,-0.1395382188441131,-1.1230481864986435,0.28619424,248.57004,0.0,25.0,0.6382503290581284
Copy,mid,LCSA,2,97,0.588,Cloud9 Academy,45.2,42.8,40.0,50.3,67.4,47.2,4.5,4.3,4.0,5.0,6.7,4.7,-161.64948453608247,-132.43298969072166,-4.216494845360825,536.4052762886598,0.25651755670103094,8.43150618556701,0.38144329896907214,0.9985082474226804,0.15864639175257733,2.2989690721649483,0.6009549795361528,0.21141479099678456,0.0,0.148757024822731,-0.05171835938573113,-0.8538501689514024,-0.9843255067765132,0.22595378350515463,394.1585742268041,0.0,97.0,0.019741112921943568
Yampi,jng,CBLOL,15,36,0.194,INTZ,38.9,52.4,48.1,56.5,42.8,47.2,3.9,5.2,4.8,5.7,4.3,4.7,-345.8333333333333,-288.1666666666667,-6.555555555555555,257.85141666666664,0.14520454166666666,5.1935111111111105,0.16666666666666666,1.5040722222222223,0.39477222222222225,10.666666666666666,0.7041884816753927,0.2495697074010327,0.0,0.1743351198301143,0.0,0.0,-1.1636027071438584,0.17444313888888888,814.1582055555556,0.0,36.0,-0.0699530516431926
Dicey,sup,LJL,15,26,0.192,AXIZ,35.5,55.8,50.7,59.5,36.9,47.2,3.5,5.6,5.1,6.0,3.7,4.7,-166.15384615384616,-240.6153846153846,1.1153846153846154,96.63533076923076,0.06714743461538461,1.1351115384615384,0.0,2.7035692307692307,0.3062884615384615,17.076923076923077,0.689119170984456,0.2325056433408578,0.0,0.18857927786499215,0.0,0.0,-1.1646852214857568,0.0867941423076923,467.1178961538462,0.0,26.0,-0.35651297556059464
Missia,sup,LDL,2,58,0.569,Ultra Prime Academy,46.4,43.1,55.9,45.1,49.3,47.2,4.6,4.3,5.6,4.5,4.9,4.7,0.0,0.0,0.0,145.37189137931034,0.07022821206896551,1.0017086206896553,0.0,2.4102310344827584,0.24168275862068966,13.689655172413794,0.6417748917748918,0.23815028901734103,0.0,0.2413039463731448,-0.3072819733967397,0.16432835170580798,-0.9651840862219631,0.08795272413793102,0.0,0.0,58.0,-0.3316557032066282
Starlit,mid,LCKC,2,20,0.5,Kiwoom DRX Challengers,45.3,52.0,52.9,47.2,34.1,47.2,4.5,5.2,5.3,4.7,3.4,4.7,-352.9,-313.7,-6.55,625.7410649999999,0.28871955,8.98309,0.3,1.155495,0.33277999999999996,8.1,0.6037037037037037,0.24468085106382978,0.0,0.2399124606756942,0.0,0.0,-1.0467674562719211,0.2335002,510.69726499999996,0.0,20.0,-0.698305571510626
Popon,jng,LJLA,3,20,0.5,Sengoku Gaming Academy,30.8,54.6,55.2,62.4,41.0,47.2,3.1,5.5,5.5,6.2,4.1,4.7,-499.85714285714283,-507.5,-16.857142857142858,217.26534,0.097403185,4.449375,0.1,1.12636,0.29551,11.1,0.6464646464646465,0.18484848484848485,2.6666666666666665,0.11945337620578778,0.7772825825102387,1.3018549747048904,-1.039291735406774,0.144746175,776.28915,0.0,20.0,-0.20541237113402058
Tony Top,top,LCSA,2,94,0.574,Dignitas Academy|Golden Guardians|Golden Guardians Academy,39.5,41.2,50.4,51.1,69.4,47.1,4.0,4.1,5.0,5.1,6.9,4.7,-307.63829787234044,22.45744680851064,-8.24468085106383,407.5455436170213,0.1984274244680851,7.505615957446809,0.23404255319148937,0.8527574468085106,0.11530638297872339,3.5851063829787235,0.4559548978153629,0.20032840722495895,0.0,0.18885003085784818,-0.06370420624151983,-0.7489823609226595,-0.8904336543223283,0.20450984042553194,709.2422106382979,0.0,94.0,0.03844385174284936
Eric,bot,LPL,1,45,0.311,LGD Gaming,52.3,53.6,41.5,40.8,36.3,47.1,5.2,5.4,4.2,4.1,3.6,4.7,0.0,0.0,0.0,541.8445355555555,0.2955447333333333,9.099566666666666,0.0,1.4673755555555554,0.44353777777777775,5.044444444444444,0.6238361266294227,0.164804469273743,2.088888888888889,0.16003564427018357,0.0,0.0,-1.157021592555043,0.2696368222222222,0.0,0.0,45.0,-0.18202696744559455
Flif,bot,ESLOL,3,43,0.419,Ion Squad,36.2,57.0,41.8,54.6,50.1,47.1,3.6,5.7,4.2,5.5,5.0,4.7,-418.4651162790698,-92.37209302325581,-8.023255813953488,434.28609767441867,0.21480702325581394,8.070290697674418,0.5581395348837209,1.0982395348837208,0.32729767441860463,3.0232558139534884,0.6404682274247492,0.16142857142857142,0.0,0.18189965600051922,-0.1545322477110714,-0.7294503192675428,-1.0007876996173357,0.24122618604651164,244.7143604651163,0.0,43.0,-0.2625457350929899
Noki,sup,TAL,3,28,0.357,5 Ronin|5 Ronin Academy|Galakticos Academy,43.5,47.6,50.9,55.0,39.1,47.1,4.3,4.8,5.1,5.5,3.9,4.7,-193.03571428571428,-180.07142857142858,-1.5,145.19116785714286,0.08918868928571429,1.368282142857143,0.0,2.143110714285714,0.27785,13.5,0.7027027027027027,0.2360097323600973,0.0,0.21817794806300556,0.0,0.0,-1.0764292966451312,0.09529791785714285,393.83799642857144,0.0,28.0,-0.662197686645636
Sheja,bot,HM,3,30,0.267,Inside Games|Inside Games Challengers,42.3,52.0,40.5,55.4,45.3,47.0,4.2,5.2,4.0,5.5,4.5,4.7,-480.1,-185.3,-4.666666666666667,496.3734533333334,0.2632199,8.314946666666666,0.7333333333333333,0.9866933333333333,0.21161,5.5,0.6555555555555556,0.14782608695652175,0.0,0.1483065953654189,0.0,0.0,-1.1337264791830044,0.24836953333333334,222.32698,0.0,30.0,0.14648729446935724
Kirei,jng,TCL,15,23,0.565,NASR eSports Turkey,40.6,47.0,52.1,50.0,52.2,47.0,4.1,4.7,5.2,5.0,5.2,4.7,-345.82608695652175,-205.7391304347826,-7.434782608695652,262.9559,0.13723367826086957,5.23505652173913,0.30434782608695654,1.3438826086956523,0.3373391304347826,11.91304347826087,0.6457142857142857,0.20388349514563106,0.0,0.23244444444444445,-0.5900500726861573,-0.5987724115651754,-0.7813843243733437,0.16794891304347825,682.7034739130435,0.0,23.0,0.3895476103611822
Ravey,top,EL,3,24,0.333,Fuego,40.0,43.5,63.6,54.4,40.4,47.0,4.0,4.3,6.4,5.4,4.0,4.7,-435.2083333333333,-69.0,-9.0,427.4942416666667,0.22211595833333334,6.8520458333333325,0.2916666666666667,0.831175,0.11485000000000001,3.125,0.5208333333333334,0.21782178217821782,0.0,0.30552016985138003,0.0,0.0,-0.9617000990879951,0.21563966666666667,846.1675208333332,0.0,24.0,-0.44188911704312117
iGeveze,bot,LMF,2,47,0.128,Stone Movistar|WAP Esports,37.1,55.4,51.5,51.3,41.4,47.0,3.7,5.5,5.2,5.1,4.1,4.7,-512.1276595744681,-210.2127659574468,-11.0,452.0775212765957,0.2897236170212766,8.01625744680851,0.44680851063829785,1.3090510638297872,0.3502425531914894,6.9787234042553195,0.6357308584686775,0.18791064388961892,0.0,0.25108216907411796,0.0,0.0,-1.151357887700712,0.2569138510638298,250.61954468085105,0.0,47.0,-0.3939950980392158
Diesel,top,UPL,2,27,0.37,ANON|Blue Esports|Zenigma Solar,57.2,36.0,42.3,55.9,39.6,47.0,5.7,3.6,4.2,5.6,4.0,4.7,-142.40740740740742,-120.62962962962963,-3.074074074074074,587.4516703703704,0.23443448148148147,6.735525925925925,0.4074074074074074,0.6303185185185185,0.0815037037037037,1.0740740740740742,0.5146443514644351,0.22439024390243903,0.0,0.20082375581230624,-0.48963436796614873,0.0,-1.1972386847548737,0.21190207407407408,891.7243000000001,0.0,27.0,-0.03334522350946303
suki,sup,LDL,2,36,0.361,V5 87,53.1,45.0,45.8,46.6,38.5,47.0,5.3,4.5,4.6,4.7,3.9,4.7,0.0,0.0,0.0,170.65656666666666,0.08598976388888889,1.2682111111111112,0.0,2.2407666666666666,0.2674166666666667,13.194444444444445,0.6880530973451328,0.24548192771084337,0.0,0.18176323696488406,0.0,0.0,-1.200482819825249,0.09596380277777777,0.0,0.0,36.0,-0.34533497193343743
nuc,mid,LEC,1,36,0.194,Team BDS,41.1,46.2,51.8,57.2,42.4,46.9,4.1,4.6,5.2,5.7,4.2,4.7,-173.66666666666666,-199.97222222222223,-5.305555555555555,464.4566916666667,0.2504796111111111,8.294266666666665,0.3333333333333333,0.8952277777777778,0.20028888888888888,6.416666666666667,0.6824146981627297,0.16308243727598568,0.0,0.26759610625309355,0.0,0.0,-1.1337470434910275,0.2407446388888889,329.82902222222225,0.0,36.0,0.15553925165077026
Faded,mid,GLL,3,22,0.364,Gamespace Mediterranean College Esports|Project Sinners,40.3,44.5,50.7,50.8,58.1,46.9,4.0,4.5,5.1,5.1,5.8,4.7,-569.3636363636364,-394.27272727272725,-10.409090909090908,536.7874136363636,0.26892595454545454,7.561622727272726,0.6818181818181818,0.9851954545454545,0.13343181818181818,2.6818181818181817,0.6343042071197411,0.21204819277108433,0.0,0.22263764404609473,0.0,0.0,-1.001804056506931,0.23408727272727273,385.09646363636364,0.0,22.0,1.1673427695899605
Zezpez,top,EBL,3,22,0.5,Crvena zvezda Esports|Split Raiders,35.4,47.1,60.5,54.4,47.4,46.9,3.5,4.7,6.0,5.4,4.7,4.7,-330.0,-277.3181818181818,-4.318181818181818,397.32469999999995,0.20093118181818184,7.660054545454545,0.09090909090909091,0.81235,0.1421318181818182,2.4545454545454546,0.509090909090909,0.19484240687679083,0.0,0.29205531009654717,-0.23869988524043967,-0.5802021249028245,-0.8224179262322252,0.2158616818181818,813.0972545454545,0.0,22.0,0.0305387681625305
Chayon,bot,LCO,15,34,0.559,PEACE,57.1,39.4,40.9,49.8,41.5,46.9,5.7,3.9,4.1,5.0,4.2,4.7,38.911764705882355,-74.47058823529412,1.0588235294117647,544.6614676470589,0.2699771764705882,8.698564705882353,1.0588235294117647,0.9885941176470588,0.2056323529411765,3.5294117647058822,0.64375,0.17420814479638008,0.0,0.14024633532830255,-0.7071108990574616,0.0,-0.9349852178458318,0.26076405882352943,249.1226911764706,0.0,34.0,-0.4394479480851842
Bulldawg,sup,LCO,15,37,0.432,Dire Wolves,40.2,51.8,42.9,58.3,43.5,46.9,4.0,5.2,4.3,5.8,4.3,4.7,-157.35135135135135,-241.13513513513513,-9.405405405405405,156.11434864864867,0.07706321891891892,0.708127027027027,0.0,2.3074675675675675,0.21207837837837837,13.324324324324325,0.7363636363636363,0.19759450171821305,0.0,0.15375583465665754,-0.4688096121237813,-0.4086477320898686,-1.0130507565767415,0.08991701351351351,303.7042405405405,0.0,37.0,-0.21800818238997344
Sydux,top,LMF,2,47,0.191,WAP Esports,31.9,56.9,51.2,54.3,46.8,46.9,3.2,5.7,5.1,5.4,4.7,4.7,-733.8510638297872,-299.9148936170213,-16.340425531914892,326.2518255319149,0.2120360553191489,7.8029744680851065,0.2127659574468085,1.0403,0.12365531914893617,5.404255319148936,0.5063025210084033,0.16731016731016732,0.0,0.22294396826521215,0.0,0.0,-1.157920624201436,0.22994753191489362,603.1918489361702,0.0,47.0,0.0029322739311389225
Ylaht,bot,LDL,2,36,0.5,Top Esports Challenger,47.1,50.7,47.0,43.3,43.0,46.9,4.7,5.1,4.7,4.3,4.3,4.7,0.0,0.0,0.0,527.6632138888889,0.2601266944444445,8.759330555555556,0.0,1.0842999999999998,0.37329166666666663,3.5277777777777777,0.6305609284332688,0.21535893155258765,2.9166666666666665,0.1627629775314381,0.0,0.0,-1.0367958141197016,0.24695777777777778,0.0,0.0,36.0,-0.1815470365088686
Pimen,mid,NEXO,3,22,0.455,Bis Esports|eMonkeyz,38.9,36.2,73.2,56.5,42.4,46.9,3.9,3.6,7.3,5.7,4.2,4.7,-198.8181818181818,-281.6818181818182,-13.227272727272727,509.1702090909091,0.2340613181818182,7.145068181818181,0.45454545454545453,0.8007136363636363,0.14987727272727272,3.590909090909091,0.6347305389221557,0.26685393258426965,0.0,0.4287436004701289,0.03990488470619745,0.29234556323994826,-0.7867335227654945,0.22277122727272725,596.3745409090909,0.0,22.0,-0.3503450071605259
crackadon,jng,UPL,2,29,0.241,Meme City Esports|Team Ambition|Tempest Gaming|Wildcard Gaming Developmental|Zenigma Eclipse,40.6,52.6,38.5,57.3,46.4,46.8,4.1,5.3,3.9,5.7,4.6,4.7,-328.7241379310345,-458.8965517241379,-11.793103448275861,350.3435620689655,0.15703453103448275,5.641396551724139,0.20689655172413793,1.2032827586206898,0.308551724137931,7.241379310344827,0.679324894514768,0.19591141396933562,0.0,0.1723901889049953,-0.6591851700467644,0.0,-1.2156758049782632,0.19144472413793104,862.4052137931034,0.0,29.0,0.3480500620999332
LeeSA,jng,LCO,15,49,0.51,PEACE,39.6,48.1,50.8,53.3,48.0,46.8,4.0,4.8,5.1,5.3,4.8,4.7,-46.53061224489796,-215.59183673469389,-4.36734693877551,234.13294285714284,0.1191799,5.1885306122448975,0.16326530612244897,1.2774816326530614,0.3376326530612245,10.36734693877551,0.6536661466458659,0.19314641744548286,0.0,0.21814385592643976,-0.6756526068710436,0.0,-0.9144199126482312,0.17390140816326533,725.9375244897959,0.0,49.0,-0.41164997823247723
Deimos,top,LFL2,2,26,0.5,Atletec,40.2,48.7,42.4,63.1,43.6,46.8,4.0,4.9,4.2,6.3,4.4,4.7,-432.11538461538464,-185.34615384615384,-4.1923076923076925,462.20634615384614,0.21659326923076924,6.932942307692307,0.15384615384615385,0.8781923076923076,0.1486769230769231,6.576923076923077,0.5568181818181818,0.23351648351648352,0.0,0.14035087719298248,-0.18909585600669737,-0.5479280033486814,-0.9940667057016926,0.19917361538461537,949.2106884615386,0.0,26.0,0.01675457648153888
Burry,jng,PCS,15,35,0.686,PSG Talon,37.7,52.7,45.2,59.3,42.1,46.8,3.8,5.3,4.5,5.9,4.2,4.7,-93.8,-236.62857142857143,-2.257142857142857,230.8495142857143,0.10571895142857142,4.854208571428572,0.11428571428571428,1.4889,0.4209771428571428,11.885714285714286,0.6817204301075269,0.24,0.0,0.15066455844826776,-0.4885472583682302,-0.42809364548494977,-0.8922405868265366,0.1498904,778.04868,0.0,35.0,-0.4698189134808852
Psilakhs,jng,GLL,3,23,0.304,Zerolag Esports,44.1,47.6,32.1,50.8,65.4,46.7,4.4,4.8,3.2,5.1,6.5,4.7,-606.3913043478261,-119.30434782608695,1.7391304347826086,327.9794826086956,0.1677434304347826,5.544921739130435,0.30434782608695654,1.1759782608695653,0.29310434782608696,9.73913043478261,0.6870503597122302,0.22779043280182232,0.0,0.13402162447257385,0.0,-0.8997097650896775,-1.6407023333559223,0.1892964347826087,702.7280043478261,0.0,23.0,3.259220902158998
Petis,sup,HM,3,28,0.393,BRUTE,38.5,52.0,46.6,53.4,46.6,46.7,3.9,5.2,4.7,5.3,4.7,4.7,-252.28571428571428,-380.32142857142856,-1.6071428571428572,152.7625357142857,0.07493095714285714,1.0571857142857142,0.0,2.393525,0.32748214285714283,12.0,0.6541554959785523,0.21541950113378686,0.0,0.1893373608013235,0.0,0.0,-1.1403420342292037,0.08987576428571428,401.432525,0.0,28.0,0.13360585694819732
Fred,mid,LPLOL,3,48,0.542,GTZ Esports|White Dragons,38.3,37.9,58.1,56.7,58.5,46.7,3.8,3.8,5.8,5.7,5.8,4.7,-198.33333333333334,-106.89583333333333,-1.9375,475.50812083333335,0.20330233333333333,7.314314583333334,0.2916666666666667,0.917525,0.12568541666666666,4.25,0.5885350318471337,0.22236842105263158,0.0,0.22876821757990656,0.3396901298873803,0.24646343893205808,-0.9646684919641886,0.20768164583333334,544.4749229166667,0.0,48.0,0.08896638054363377
Kimi,bot,LMF,2,22,0.318,Malvinas Gaming,32.5,61.2,39.7,65.9,34.9,46.7,3.2,6.1,4.0,6.6,3.5,4.7,-406.59090909090907,-472.3636363636364,-10.5,398.83986363636365,0.2612246818181818,8.244795454545455,0.2727272727272727,1.11105,0.25720000000000004,6.045454545454546,0.6842105263157895,0.13183279742765272,0.0,0.12371669915529566,0.0,0.0,-1.1992920530605211,0.24768095454545455,219.64634090909092,0.0,22.0,-0.44922341696535245
Tiansito,jng,GL,3,21,0.429,ELR Gaming|Hooked Esports|Nova Squad,40.4,47.0,44.3,59.1,48.5,46.7,4.0,4.7,4.4,5.9,4.8,4.7,-95.0952380952381,-208.47619047619048,-4.380952380952381,281.0189,0.1378360238095238,5.107861904761905,0.19047619047619047,1.065947619047619,0.24781428571428574,10.333333333333334,0.7051671732522796,0.2127659574468085,0.0,0.16730180767269223,0.0,-0.41427479324483985,-1.0922595750328563,0.18637771428571429,801.8513761904762,0.0,21.0,0.6472720166290619
Ayukura,mid,PGC,2,20,0.6,No Name|Taco Gaming,30.5,41.1,75.7,53.2,51.9,46.7,3.0,4.1,7.6,5.3,5.2,4.7,-763.6,-667.9,-18.85,531.4205949999999,0.21576689999999998,6.766755000000001,0.2,1.02931,0.156755,4.35,0.5817174515235457,0.2190721649484536,0.0,0.35146641438032167,0.0,0.0,-0.5232862571316388,0.1976723,349.4767,0.0,20.0,-0.02406394615061005
Badlulu,top,LFL,2,45,0.333,Mirage Elyandra,40.9,47.8,50.4,47.5,52.0,46.6,4.1,4.8,5.0,4.8,5.2,4.7,-129.33333333333334,-41.577777777777776,-4.711111111111111,382.81278888888886,0.21178304444444443,8.216193333333333,0.17777777777777778,0.9301666666666667,0.17087777777777777,4.4222222222222225,0.47551020408163264,0.21247892074198987,0.0,0.2515592515592516,-0.4197443181818182,0.46590909090909094,-1.2043035038097363,0.22873986666666665,750.8515422222222,0.0,45.0,0.45395305135860115
Domoles,mid,UL,2,36,0.389,devils.one inStreamly,39.0,47.1,44.3,60.6,49.3,46.6,3.9,4.7,4.4,6.1,4.9,4.7,-238.25,-391.8888888888889,-10.027777777777779,485.1267833333334,0.2536555833333333,7.7111777777777775,0.6666666666666666,0.7912916666666666,0.1432111111111111,1.4444444444444444,0.6876456876456877,0.18801652892561985,0.0,0.17668277977025834,0.0,-0.3233688355857871,-1.0394819226309828,0.2396394722222222,442.9014833333333,0.0,36.0,0.2296946717222111
Ginrais,mid,ESLOL,3,27,0.556,AaB Esport|mCon esports,49.7,42.3,41.0,50.0,51.0,46.6,5.0,4.2,4.1,5.0,5.1,4.7,14.777777777777779,-28.0,-1.962962962962963,571.410474074074,0.2435684814814815,7.95542962962963,0.25925925925925924,0.8476814814814815,0.10087777777777777,3.4444444444444446,0.5588235294117647,0.13106796116504854,0.0,0.21266411378555797,-0.7511266900350525,-0.7844266399599399,-0.895751043581249,0.22381299999999998,335.3083740740741,0.0,27.0,0.2981262011531073
Misterdot,bot,UPL,2,37,0.432,"University of California, Irvine",56.0,36.3,45.5,48.6,43.7,46.5,5.6,3.6,4.5,4.9,4.4,4.7,230.48648648648648,-2.675675675675676,-3.027027027027027,574.8322378378379,0.2500993243243243,6.962178378378378,0.7837837837837838,1.0105594594594596,0.1986810810810811,3.5405405405405403,0.5812220566318927,0.20087336244541484,0.0,0.18487244578402573,-0.12557015599754076,0.0,-1.1021338050564145,0.229905,270.97702972972974,0.0,37.0,-0.04094019737757237
sheru,top,UL,2,36,0.389,Auxesis Esports|Forsaken,40.3,47.7,42.7,62.4,43.1,46.5,4.0,4.8,4.3,6.2,4.3,4.7,-347.55555555555554,-49.333333333333336,-8.333333333333334,445.32710555555553,0.2142852222222222,6.897155555555555,0.1111111111111111,0.8453944444444444,0.12407222222222221,3.2222222222222223,0.5212765957446809,0.19494584837545126,0.0,0.14715403291070947,0.07124731602576603,-0.8688268592621511,-1.0506236602564056,0.19575147222222222,806.62545,0.0,36.0,-0.16768129199129422
iBoy,bot,LPL,1,84,0.417,Rare Atom,46.6,51.5,36.6,43.8,52.6,46.5,4.7,5.2,3.7,4.4,5.3,4.7,0.0,0.0,0.0,522.2739369047619,0.26380921428571424,9.282170238095238,0.0,1.3460583333333334,0.46647619047619043,4.107142857142857,0.6458333333333334,0.2001682085786375,5.261904761904762,0.16375207326746957,-0.49404928984449564,-0.469488575759277,-1.0579839186087159,0.25666607142857145,0.0,0.0,84.0,0.03766874930268874
Termo,mid,LMF,2,25,0.48,Stone Movistar,54.1,41.6,41.5,49.4,41.0,46.5,5.4,4.2,4.2,4.9,4.1,4.7,173.48,138.92,8.84,434.308496,0.24802208,8.459936,0.4,0.88752,0.14083600000000002,5.08,0.5907590759075908,0.1891891891891892,0.0,0.17794042304032792,-0.7457906899966985,0.0,-0.9475018328299041,0.22592392,274.98906800000003,0.0,25.0,-0.22135746606334847
Assum,bot,LPL,1,50,0.4,LGD Gaming|Rare Atom|Weibo Gaming Youth Team,55.4,38.0,55.3,40.6,38.8,46.5,5.5,3.8,5.5,4.1,3.9,4.7,0.0,0.0,0.0,581.49089,0.29687292,9.151484,0.0,1.044974,0.323358,3.84,0.6722972972972973,0.21708683473389356,2.66,0.21672542107324716,0.0,0.0,-0.9543867739382051,0.27846184,0.0,0.0,50.0,-0.26221297580520886
Kackos,top,LFL,2,24,0.5,Misfits Premier,37.2,53.0,38.8,67.4,38.1,46.5,3.7,5.3,3.9,6.7,3.8,4.7,-556.5,-253.41666666666666,-7.958333333333333,458.3320416666667,0.19744180416666668,7.417370833333333,0.2916666666666667,0.8086416666666666,0.13032083333333333,3.5,0.5940054495912807,0.2014388489208633,0.0,0.1598620506698501,-0.6374118121346503,-0.8306792985285225,-0.9848674241445704,0.20932033333333333,868.8484208333333,0.0,24.0,-0.42950537016415813
Leon,sup,UL,2,24,0.875,AGO ROGUE,45.7,47.0,51.2,44.1,43.4,46.4,4.6,4.7,5.1,4.4,4.3,4.6,5.0,8.166666666666666,2.6666666666666665,147.97974166666668,0.05957928333333334,1.1801458333333332,0.0,2.79495,0.4019083333333333,13.291666666666666,0.6069469835466179,0.2897959183673469,0.0,0.13102725366876308,-0.2408781676123705,0.0,-0.7808749870110044,0.08881531666666666,527.6810166666667,0.0,24.0,-0.30505927265420935
Chente,jng,DDH,3,23,0.261,Arctic Gaming México|Atomic México,33.5,54.6,54.2,53.2,41.0,46.4,3.4,5.5,5.4,5.3,4.1,4.6,-735.6086956521739,-350.8695652173913,-8.91304347826087,257.1010608695652,0.1410326652173913,5.115760869565217,0.17391304347826086,1.2711478260869564,0.30844782608695653,10.565217391304348,0.6514657980456026,0.17954545454545454,0.0,0.260994793397585,0.0,0.0,-1.1712173186843573,0.180668,697.9805695652174,0.0,23.0,-0.07735940139995166
SryNotSry,jng,LMF,2,22,0.318,Malvinas Gaming,35.4,47.5,64.3,48.1,45.4,46.4,3.5,4.8,6.4,4.8,4.5,4.6,-439.1363636363636,-398.04545454545456,-5.681818181818182,227.68216818181818,0.15011376363636364,5.3205,0.09090909090909091,1.3451,0.3829954545454546,10.818181818181818,0.6746411483253588,0.2797427652733119,0.0,0.27056435241575316,0.0,0.0,-0.8618240228586592,0.18052945454545455,636.9210136363637,0.0,22.0,-0.02737642585551337
Xmy,sup,VL,3,20,0.7,Skull Cracker,45.5,35.0,63.8,46.0,50.7,46.4,4.5,3.5,6.4,4.6,5.1,4.6,-62.45,48.95,3.1,139.699875,0.06424093,1.01077,0.0,2.141565,0.24226999999999999,13.75,0.5705705705705706,0.2463768115942029,0.0,0.3262009649674848,0.09815488891678156,-0.38130203757164977,-0.9198565355156093,0.08347418,502.25591000000003,0.0,20.0,0.41011342753944635
Kurilius,bot,NEXO,3,33,0.576,Herbalife Real Betis|Oxygen Valiants,46.1,45.0,49.2,44.7,48.4,46.4,4.6,4.5,4.9,4.5,4.8,4.6,-59.484848484848484,14.242424242424242,1.3333333333333333,487.63402424242423,0.2452418181818182,8.486863636363637,0.5151515151515151,1.0543090909090909,0.234230303030303,5.484848484848484,0.5987654320987654,0.16853932584269662,0.0,0.20241797985016788,-0.22238662785970964,-0.2078177590608284,-0.868600944240818,0.24245457575757579,200.40106060606058,0.0,33.0,-0.2021531182313125
Feitann,bot,LPLOL,3,25,0.32,Boavista FC,45.7,39.7,43.0,52.7,59.0,46.4,4.6,4.0,4.3,5.3,5.9,4.6,-374.16,-319.56,-8.72,592.007692,0.26166794,7.5782799999999995,0.76,0.7694960000000001,0.18194,3.28,0.6552631578947369,0.19213973799126638,0.0,0.11939480357173016,0.0,2.400748524542968,-1.3624491271661041,0.25077992,269.451868,0.0,25.0,1.7516785785129927
Machete,jng,LAS,3,29,0.241,DN SOOPers Academy,34.6,53.5,45.2,62.0,41.3,46.4,3.5,5.3,4.5,6.2,4.1,4.6,-622.0344827586207,-310.6896551724138,-7.758620689655173,275.45446206896554,0.13431550344827586,5.1859551724137924,0.1724137931034483,1.1393724137931036,0.28908965517241375,7.448275862068965,0.7175324675324676,0.20570264765784113,0.0,0.17061042524005487,0.0,0.0,-1.1368164403300305,0.1794634827586207,764.6052620689654,0.0,29.0,-0.41850241545893724
Kikis,sup,NLC,2,34,0.588,Gentlemen's Gaming|JD|XL,48.8,45.0,40.8,54.8,39.2,46.3,4.9,4.5,4.1,5.5,3.9,4.6,-95.70588235294117,-343.5882352941176,-1.4705882352941178,194.03673529411765,0.08376595882352941,1.0157,0.029411764705882353,2.262544117647059,0.28396176470588236,8.852941176470589,0.6575591985428051,0.2318548387096774,0.0,0.16686654741577905,-0.5919486829290137,-0.7461014027113863,-0.93218834346964,0.08965148235294118,468.2575911764706,0.0,34.0,-0.6023386606122662
Blazze,mid,PGC,2,79,0.582,Cincinnati Fear|No Team,42.2,41.7,45.8,51.2,60.4,46.3,4.2,4.2,4.6,5.1,6.0,4.6,-316.1518987341772,-100.82278481012658,-6.886075949367089,533.8453215189874,0.23202709620253165,7.709611392405064,0.620253164556962,0.9326898734177216,0.15499367088607596,3.4936708860759493,0.5799418604651163,0.195139911634757,0.0,0.20932598438201186,-0.6305957934364513,0.03762582862754738,-0.9447040223234074,0.2155229746835443,340.9368,0.0,79.0,-0.12481635260300229
Vichen,jng,LFL2,2,37,0.405,Atletec|FC Nantes Esports,49.8,46.1,38.9,53.4,38.3,46.3,5.0,4.6,3.9,5.3,3.8,4.6,-74.5945945945946,-9.18918918918919,0.6486486486486487,290.7818648648649,0.1432559054054054,5.357297297297297,0.2702702702702703,1.208291891891892,0.31445945945945947,9.0,0.655241935483871,0.2224168126094571,0.0,0.1535147009124704,-0.6636117475525933,0.0,-1.1270513355502598,0.1761592972972973,796.0131054054054,0.0,37.0,-0.5462268236035114
Karoq,mid,LPLOL,3,30,0.467,OFFSET Esports,37.3,51.5,46.6,53.4,47.8,46.3,3.7,5.2,4.7,5.3,4.8,4.6,-265.1666666666667,-73.93333333333334,-2.9,436.4976833333333,0.20482260333333333,7.527246666666667,0.4,1.1013466666666667,0.16865333333333332,4.633333333333334,0.6081081081081081,0.18580375782881003,0.0,0.26023919769216297,-0.7603156092598566,0.0,-0.9467360378632175,0.21332036666666668,339.2537766666667,0.0,30.0,0.038477329085445176
Orrisot,mid,TAL,3,36,0.25,SuperMassive Blaze Academy|Team AURORA Academy,35.8,46.4,46.3,61.7,51.5,46.3,3.6,4.6,4.6,6.2,5.2,4.6,-212.33333333333334,-88.97222222222223,-6.916666666666667,390.29997222222227,0.2229945972222222,7.996194444444445,0.3055555555555556,0.7445944444444444,0.13633333333333333,2.9722222222222223,0.6853658536585366,0.18904593639575973,0.0,0.2333616539224016,0.0,0.0,-1.171176066485286,0.2313158888888889,407.0352833333334,0.0,36.0,0.45220588235294135
2T,mid,VCS,15,36,0.389,AS Esports|SBTC Esports,42.7,43.6,56.5,49.6,42.8,46.3,4.3,4.4,5.7,5.0,4.3,4.6,-218.38888888888889,-112.19444444444444,-6.361111111111111,477.79199166666666,0.23501147222222224,7.632947222222222,0.25,1.2131611111111111,0.23930277777777778,7.805555555555555,0.5836363636363636,0.22847682119205298,0.0,0.22471244482190975,0.0,0.0,-1.0034020769728675,0.2080014722222222,439.8245833333333,0.0,36.0,-0.22349098281912635
Tomeito,bot,PGC,2,29,0.379,Supernova|Trance's Tyrants,34.0,48.9,54.7,54.9,48.2,46.2,3.4,4.9,5.5,5.5,4.8,4.6,-306.7931034482759,-647.7241379310345,-7.724137931034483,512.4979551724138,0.2347066896551724,6.844658620689655,0.5172413793103449,1.184651724137931,0.2961103448275862,3.793103448275862,0.6164383561643836,0.18055555555555555,0.0,0.22156057427774184,0.0,0.0,-0.9662987605936144,0.23216762068965516,248.80234137931035,0.0,29.0,0.25800185795118646
Topo,top,PGC,2,41,0.488,Bay State College|No Ace|Team Pending,31.8,51.8,45.6,63.0,48.8,46.2,3.2,5.2,4.6,6.3,4.9,4.6,-695.5365853658536,-273.1463414634146,-15.24390243902439,400.0059317073171,0.1684914731707317,6.484604878048781,0.12195121951219512,0.9808414634146342,0.13365121951219514,4.317073170731708,0.46008708272859217,0.1632088520055325,0.0,0.18037747595494974,0.0,0.0,-1.2000098268507289,0.1816457804878049,984.7325829268293,0.0,41.0,0.34005661268809917
bucu,mid,UL,2,27,0.222,Forsaken|devils.one inStreamly,39.9,49.9,37.0,53.5,56.2,46.2,4.0,5.0,3.7,5.3,5.6,4.6,-286.8888888888889,-354.74074074074076,-14.518518518518519,553.2912703703704,0.27088303703703703,7.540307407407408,0.4444444444444444,1.0706925925925925,0.15463703703703705,5.851851851851852,0.6309859154929578,0.19076305220883535,0.0,0.12983207268921557,0.0,0.0,-1.2718175507091036,0.23705955555555555,397.8589777777778,0.0,27.0,1.1265160075329568
Yursan,sup,LCSA,2,45,0.333,TSM|TSM Academy,43.8,47.2,39.1,51.6,52.3,46.2,4.4,4.7,3.9,5.2,5.2,4.6,-162.84444444444443,-172.62222222222223,1.0888888888888888,136.8677311111111,0.07516933555555555,1.027908888888889,0.044444444444444446,2.685764444444444,0.2912355555555556,23.333333333333332,0.6097122302158273,0.23410404624277456,0.0,0.16461740420073753,-0.6285469185877359,0.0,-1.1834955333154187,0.08079244444444444,427.6175511111111,0.0,45.0,0.37325679796899214
DoubleAiM,jng,EBL,3,24,0.708,Crvena zvezda Esports,54.1,41.1,44.3,41.7,45.7,46.2,5.4,4.1,4.4,4.2,4.6,4.6,85.45833333333333,32.0,2.1666666666666665,326.924875,0.15870781666666667,5.952741666666667,0.3333333333333333,1.2961625,0.28728333333333333,8.333333333333334,0.6233062330623306,0.24647887323943662,0.0,0.09703167501523549,-0.028435355091749593,-0.3332399495727693,-0.8284609622541593,0.18804858333333332,730.35565,0.0,24.0,-0.3262161935862012
Lumerion,top,ESLOL,3,48,0.562,Sector One|mCon esports,52.2,37.7,39.1,47.1,57.8,46.2,5.2,3.8,3.9,4.7,5.8,4.6,-48.270833333333336,76.89583333333333,-3.1875,519.851175,0.23760558750000002,7.277141666666666,0.16666666666666666,0.7617083333333333,0.1282125,3.2708333333333335,0.4641509433962264,0.22886297376093295,0.0,0.1857789101925562,-0.676823493674505,-0.5081659638338933,-1.0799923737531139,0.20457789583333333,776.3564708333333,0.0,48.0,0.11080801013223275
Vizi,sup,HC,3,31,0.484,Dark Tigers Academy|Inside Games|Panathinaikos Esports,49.4,38.1,52.3,47.9,45.3,46.2,4.9,3.8,5.2,4.8,4.5,4.6,-72.48387096774194,-45.806451612903224,5.193548387096774,137.60899032258064,0.07131089032258064,1.1114612903225807,0.06451612903225806,2.1519935483870967,0.2111032258064516,10.806451612903226,0.6456211812627292,0.25252525252525254,0.0,0.21220264597379468,0.484408383041261,-0.34956096476603304,-1.10278902501549,0.09164780645161291,414.9838580645161,0.0,31.0,-0.1669074719849542
Courage,jng,LCKC,2,25,0.4,DN SOOPers Challengers,43.1,44.9,51.3,57.0,35.8,46.2,4.3,4.5,5.1,5.7,3.6,4.6,52.96,0.4,-3.92,225.670032,0.11702768000000001,5.000179999999999,0.2,1.27932,0.314488,12.68,0.6886446886446886,0.27564102564102566,0.0,0.19834994462901437,0.0,0.0,-1.080063201630065,0.15771156,708.3992440000001,0.0,25.0,-0.6241675096656181
SamD,bot,LCK,1,75,0.32,Hanwha Life Esports|Hanwha Life Esports Challengers,40.7,54.1,46.4,47.6,39.6,46.1,4.1,5.4,4.6,4.8,4.0,4.6,-122.53333333333333,-71.77333333333333,1.56,437.1685573333333,0.2496297306666667,9.599929333333334,0.56,1.410292,0.42534533333333335,5.1066666666666665,0.6604046242774566,0.16956077630234934,0.0,0.1882000967926437,0.0,0.0,-1.1006297112218573,0.28165137333333334,252.25876399999999,0.0,75.0,-0.320223189983669
Nazgul,top,ESLOL,3,26,0.577,Ion Squad|Partizan Esports,44.6,40.4,50.7,54.2,45.0,46.1,4.5,4.0,5.1,5.4,4.5,4.6,83.46153846153847,38.61538461538461,-4.576923076923077,423.4931653846154,0.21077857692307692,7.089373076923077,0.19230769230769232,0.7581884615384615,0.10906538461538462,2.769230769230769,0.522248243559719,0.22562674094707522,0.0,0.2295960203356475,-0.6056260341974629,-0.3022614451185881,-0.8431478890555355,0.2072103076923077,787.7462,0.0,26.0,-0.30699970955562017
Agustin17,mid,LMF,2,45,0.511,9z Team|EBRO,47.3,37.0,45.2,53.5,54.2,46.1,4.7,3.7,4.5,5.3,5.4,4.6,7.2,-176.64444444444445,-7.533333333333333,502.5844622222222,0.2567144,7.524086666666666,0.6888888888888889,0.7043911111111112,0.13275777777777778,4.688888888888889,0.6374622356495468,0.22413793103448276,0.0,0.19404499900170513,-0.5007993649183545,0.0,-0.9534094491674652,0.2271832666666667,434.8762377777778,0.0,45.0,0.21343463034815172
Heartless,jng,VL,3,28,0.179,GeekSide Esports|WAP Esports,31.9,47.0,68.9,45.8,49.8,46.1,3.2,4.7,6.9,4.6,5.0,4.6,-586.2142857142857,-690.5,-13.964285714285714,243.55624285714288,0.14181944642857142,5.121425,0.10714285714285714,1.2917535714285715,0.345325,11.178571428571429,0.6397306397306397,0.23251417769376181,0.0,0.3281846367943352,0.0,0.0,-0.898703152905392,0.18171328571428572,715.4369714285714,0.0,28.0,0.018073429220287703
Dia1,mid,VCS,15,46,0.522,SBTC Esports,50.5,44.8,41.3,47.4,42.6,46.1,5.0,4.5,4.1,4.7,4.3,4.6,-44.06521739130435,-111.45652173913044,-4.956521739130435,537.6933934782609,0.25033856521739134,8.124954347826087,0.30434782608695654,1.097986956521739,0.28453260869565217,7.1521739130434785,0.5705128205128205,0.2087087087087087,0.0,0.1891432308698496,-0.17127867503343283,-0.7459109145149677,-1.129254578555985,0.21938054347826086,442.1907217391304,0.0,46.0,-0.3424796747967479
Cinna,mid,PGC,2,50,0.48,"University of California, Irvine",45.0,37.9,53.4,49.9,50.6,46.0,4.5,3.8,5.3,5.0,5.1,4.6,-88.3,-75.08,-4.22,520.50977,0.232467466,7.751291999999999,0.48,0.776622,0.13068,2.82,0.5544554455445545,0.17902542372881355,0.0,0.2080765480461848,0.22156657466450963,0.0,-1.0045553150960929,0.22016061999999997,388.75528599999996,0.0,50.0,-0.017175610632901146
Jinjiao,sup,LPL,1,84,0.333,LGD Gaming,52.9,43.3,41.6,41.0,47.2,46.0,5.3,4.3,4.2,4.1,4.7,4.6,0.0,0.0,0.0,154.3462142857143,0.08501645714285715,1.300979761904762,0.0,2.5065011904761905,0.35068333333333335,13.380952380952381,0.6731958762886598,0.24376947040498442,0.011904761904761904,0.15594127332601537,0.0,0.0,-1.213859902434863,0.09521967380952381,0.0,0.0,84.0,-0.015455728439019413
Cepted,mid,LLA,15,32,0.594,Movistar R7,41.4,46.6,53.5,49.6,41.7,46.0,4.1,4.7,5.3,5.0,4.2,4.6,-26.9375,-23.65625,-4.5625,429.40255625,0.21178959375,7.884128125,0.1875,1.090428125,0.212771875,4.78125,0.5881104033970276,0.1770573566084788,0.0,0.20619357168652944,-0.36756599941978524,-0.049173194081810305,-0.8287118453169354,0.21561653125,351.11409687500003,0.0,32.0,-0.39835255354200994
Hetel,sup,LJL,15,42,0.071,V3 Esports,41.0,47.2,32.6,58.6,57.1,46.0,4.1,4.7,3.3,5.9,5.7,4.6,-286.0,-100.52380952380952,-3.261904761904762,129.1184523809524,0.08706024285714287,1.0343428571428572,0.0,2.3783095238095235,0.31066666666666665,15.904761904761905,0.6931034482758621,0.24925816023738873,0.0,0.09848351648351648,0.0,0.0,-1.8679228942223605,0.08369078333333332,443.1185023809524,0.0,42.0,1.919299394336225
Pun,top,VCS,15,36,0.417,CERBERUS Esports,45.1,36.8,52.7,51.1,52.8,46.0,4.5,3.7,5.3,5.1,5.3,4.6,-156.77777777777777,-24.02777777777778,-7.916666666666667,448.41901666666666,0.2129575138888889,7.302588888888888,0.19444444444444445,0.8484777777777778,0.1571611111111111,5.361111111111111,0.4774436090225564,0.25092936802973975,0.0,0.2749200721724542,-0.5748987854251012,0.0,-1.1883769502432247,0.19930674999999998,855.7618194444444,0.0,36.0,0.599833610648918
ShorterACE,jng,PGC,2,39,0.385,DK Crew|Harrisburg University,49.2,42.4,42.8,50.7,43.4,46.0,4.9,4.2,4.3,5.1,4.3,4.6,-213.53846153846155,-216.43589743589743,-4.282051282051282,340.32211025641027,0.15475094615384616,5.515666666666666,0.41025641025641024,1.1423820512820513,0.24616666666666667,7.230769230769231,0.6506622516556292,0.21234939759036145,0.0,0.16103489477766933,-0.29526509999060185,0.0,-1.1358120277614718,0.1886591282051282,791.0339666666667,0.0,39.0,-0.16458216478577245
Airawn,jng,UPL,2,30,0.667,CB Gaming|Jake's Kittens,63.0,33.5,41.7,44.3,38.5,46.0,6.3,3.4,4.2,4.4,3.9,4.6,-39.86666666666667,-208.0,-6.033333333333333,457.62673333333333,0.17189627,5.3654166666666665,0.5666666666666667,0.9447066666666667,0.19796666666666668,3.466666666666667,0.6147919876733436,0.23309608540925267,0.0,0.1786630994000847,-0.6448129403630883,0.0,-1.07959612021879,0.1858242,859.4109133333333,0.0,30.0,-0.4396382373463582
dispel,sup,LCKC,2,49,0.469,Nongshim Esports Academy|Nongshim RedForce,39.8,43.1,49.5,54.4,51.4,45.9,4.0,4.3,5.0,5.4,5.1,4.6,-210.3265306122449,-172.16326530612244,-6.63265306122449,145.1261755102041,0.07524038775510204,0.982965306122449,0.02040816326530612,2.2753408163265303,0.2798510204081633,17.3265306122449,0.664167916041979,0.25232198142414863,0.0,0.24537125405611762,-0.28225894118925965,-0.10816393086205026,-1.1215836587417043,0.08481333265306124,391.16986734693876,0.0,49.0,0.1649579360628155
Lunar,bot,PGC,2,45,0.467,Tempest Gaming|Third Party,46.2,40.7,48.9,51.3,45.4,45.9,4.6,4.1,4.9,5.1,4.5,4.6,-383.2888888888889,55.86666666666667,-1.1111111111111112,524.1287311111112,0.24416809555555558,8.452397777777778,0.9777777777777777,0.9504488888888889,0.2116422222222222,3.488888888888889,0.6184573002754821,0.17861635220125785,0.0,0.18987378083763626,-0.3147670193242719,0.0,-0.9343221910306015,0.2558478888888889,284.00578222222225,0.0,45.0,-0.3867816091954023
Crisma,sup,ESLOL,3,26,0.538,Team 7AM,39.3,41.4,46.7,61.8,49.7,45.9,3.9,4.1,4.7,6.2,5.0,4.6,-190.73076923076923,-311.9230769230769,-1.0769230769230769,141.16494230769231,0.06406793461538461,0.9253346153846155,0.038461538461538464,2.220415384615385,0.19043076923076924,12.76923076923077,0.6799065420560748,0.24664879356568364,0.0,0.19215079131033125,-0.18020880617339993,-0.7616886064457558,-0.9469538975680549,0.08537258076923077,541.3057230769231,0.0,26.0,0.1228164471916151
Siuman,mid,LCO,15,25,0.48,Dire Wolves,44.0,42.3,48.7,57.7,38.1,45.8,4.4,4.2,4.9,5.8,3.8,4.6,-237.08,-75.24,-9.0,501.511884,0.23368935999999998,7.62994,0.32,0.836796,0.19596,2.36,0.6266318537859008,0.1796875,0.0,0.27247920997920994,-0.6117375166328174,-0.823517053014917,-0.9380252222508454,0.2144464,411.36057200000005,0.0,25.0,-0.3877857500417153
zzl,mid,LDL,2,24,0.167,Rare Atom Period,45.8,50.9,37.0,46.4,46.1,45.8,4.6,5.1,3.7,4.6,4.6,4.6,0.0,0.0,0.0,490.02930416666663,0.25916895833333337,7.861674999999999,0.0,1.0302916666666666,0.18190833333333334,4.916666666666667,0.6334661354581673,0.19444444444444445,0.375,0.16174500768049158,0.0,0.0,-1.3801907658818273,0.23473470833333332,0.0,0.0,24.0,0.7498365249883234
Rubi0o,top,LVP SL,2,27,0.148,Esport Empire|UCAM Esports,40.2,54.8,36.6,52.5,42.5,45.7,4.0,5.5,3.7,5.2,4.2,4.6,-395.51851851851853,-294.81481481481484,-8.88888888888889,401.26762962962965,0.25189847407407406,7.763451851851852,0.3333333333333333,0.9639074074074074,0.17557037037037038,7.851851851851852,0.5565217391304348,0.22802197802197802,0.0,0.14471282877079977,0.0,0.0,-1.4807600414716782,0.23697155555555557,613.1458222222223,0.0,27.0,0.6327668613913965
Minui,bot,PGC,2,45,0.444,300|Area of Effect Pump|Wildcard Gaming,48.9,34.7,51.2,53.0,44.7,45.7,4.9,3.5,5.1,5.3,4.5,4.6,-307.1777777777778,200.0888888888889,-3.688888888888889,565.4765488888889,0.24009806666666667,8.216931111111112,0.6444444444444445,0.7772066666666666,0.15936666666666666,2.533333333333333,0.6276881720430108,0.20330368487928843,0.0,0.1859905450198337,0.30813407629118333,0.0,-1.0868383510532271,0.2406787111111111,305.1959888888889,0.0,45.0,-0.181051040242088
xCharm,sup,UL,2,27,0.37,GRP Esports|Illuminar Gaming,36.5,46.3,60.4,54.3,36.3,45.7,3.6,4.6,6.0,5.4,3.6,4.6,-204.44444444444446,-123.5925925925926,-0.6296296296296297,116.37868888888889,0.059064622222222224,0.9392962962962963,0.0,2.305544444444444,0.2872925925925926,15.925925925925926,0.5854341736694678,0.17444717444717445,0.0,0.2951576794937334,0.0,0.0,-1.0529140623642859,0.07922576666666667,374.9842037037037,0.0,27.0,-0.5850436375035059
Xeonerr,jng,UL,2,53,0.472,GGEsports|Team ESCA Gaming,40.1,39.0,69.5,43.5,45.5,45.7,4.0,3.9,7.0,4.3,4.5,4.6,-284.9056603773585,-236.11320754716982,-2.9622641509433962,279.9036547169811,0.13913909245283018,5.327633962264151,0.11320754716981132,1.2574377358490565,0.3090132075471698,6.2075471698113205,0.6005509641873278,0.24155193992490614,0.0,0.2190302402410457,0.502601826182398,1.2007599641035391,-1.0124920322492585,0.17285641509433963,777.719296226415,0.0,53.0,-0.4727875137542271
Pop9,jng,PCS,15,42,0.31,Meta Falcon Team,46.6,47.5,37.6,51.6,42.3,45.7,4.7,4.8,3.8,5.2,4.2,4.6,-300.54761904761904,-222.8095238095238,-2.5,270.12402857142854,0.1550351857142857,5.338754761904762,0.38095238095238093,1.2747761904761905,0.38230952380952377,8.952380952380953,0.7170212765957447,0.24492753623188407,0.0,0.1339281373555777,-0.6123876246233741,0.0,-1.2624603686040299,0.17564719047619048,666.0031238095238,0.0,42.0,-0.13326854283410197
BangTwo,bot,PCS,15,36,0.111,Dewish Team|Hurricane Gaming,36.3,56.2,38.0,59.1,38.6,45.7,3.6,5.6,3.8,5.9,3.9,4.6,-813.4722222222222,-316.6388888888889,-4.333333333333333,464.8032083333333,0.2749706666666667,8.605625,0.4444444444444444,1.114725,0.2932722222222222,5.861111111111111,0.6964980544747081,0.14618973561430793,0.0,0.1353932584269663,0.0,0.0,-1.384591859302372,0.2554052777777778,219.6842388888889,0.0,36.0,-0.1715976331360947
Alex Mercer,top,SL (LATAM),3,25,0.52,Cienciano Esports,37.5,52.8,40.7,54.5,46.1,45.7,3.8,5.3,4.1,5.5,4.6,4.6,-478.24,-319.44,-18.48,474.267976,0.22503888,6.708556,0.24,1.009892,0.17857199999999998,7.44,0.4758269720101781,0.20466321243523317,0.0,0.13096296296296298,-0.20993326019381967,-1.0,-0.9304699702830784,0.18770392000000002,779.270968,0.0,25.0,-0.012374362341532252
Urban,jng,ESLOL,3,35,0.457,KV Mechelen Esports|LowLandLions,39.4,49.7,43.9,51.0,47.5,45.6,3.9,5.0,4.4,5.1,4.8,4.6,-477.4,-211.57142857142858,-6.4,321.68007714285716,0.1557891485714286,5.262868571428571,0.14285714285714285,1.330957142857143,0.35415714285714284,8.371428571428572,0.6574257425742575,0.23661485319516407,0.0,0.1535077362828559,0.0,0.0,-1.12311813204099,0.18133282857142857,820.7791114285714,0.0,35.0,-0.08452966240576856
Fang,mid,LHE,2,28,0.321,Dark Horse|Newstar,34.9,45.7,63.0,48.7,44.9,45.6,3.5,4.6,6.3,4.9,4.5,4.6,-366.4642857142857,-36.535714285714285,-8.571428571428571,399.907875,0.22041342857142857,7.313992857142857,0.2857142857142857,1.079875,0.17022500000000002,6.428571428571429,0.5482866043613707,0.17857142857142858,0.0,0.27877480586712683,0.0,0.0,-0.8642971075043296,0.21916067857142857,342.11234285714283,0.0,28.0,-0.12451612903225799
Feather,sup,LDL,2,49,0.571,JD Gaming|Joy Dream,47.2,41.2,48.8,44.8,48.0,45.6,4.7,4.1,4.9,4.5,4.8,4.6,0.0,0.0,0.0,149.2075142857143,0.07165530612244898,1.0137734693877551,0.0,2.2814510204081633,0.23880612244897959,15.040816326530612,0.646606914212548,0.24209078404401652,0.0,0.25300748185684807,-0.41792022868055,-0.526745127342923,-1.0018079778886024,0.08924485102040816,0.0,0.0,49.0,-0.18591313448456298
Wink,bot,LPL,1,34,0.324,Invictus Gaming,43.9,55.9,38.4,46.3,36.0,45.6,4.4,5.6,3.8,4.6,3.6,4.6,0.0,0.0,0.0,481.9790176470588,0.2622125294117647,7.97755,0.0,1.612320588235294,0.5245764705882353,4.647058823529412,0.6379746835443038,0.20463320463320464,1.7352941176470589,0.1404996146348098,0.0,0.0,-1.2095078972048934,0.24103929411764705,0.0,0.0,34.0,-0.0652112276722427
Paopao,sup,LDL,2,23,0.043,Qing Jiu E-sport Club,43.4,39.0,69.2,34.7,48.2,45.6,4.3,3.9,6.9,3.5,4.8,4.6,0.0,0.0,0.0,115.89836521739132,0.07101218695652174,1.3501304347826086,0.0,2.3239043478260872,0.38560434782608694,13.0,0.5469613259668509,0.2505175983436853,0.0,0.2876623376623376,0.0,0.0,-0.7046338057583666,0.09279268260869565,0.0,0.0,23.0,-0.08499956721197968
Cybonox,jng,HC,3,21,0.571,FLY5,55.1,33.1,53.9,38.2,48.1,45.6,5.5,3.3,5.4,3.8,4.8,4.6,-55.476190476190474,-63.95238095238095,-1.9523809523809523,354.27299047619044,0.16140052857142856,6.557990476190477,0.5238095238095238,1.018242857142857,0.17274285714285714,8.19047619047619,0.5570652173913043,0.21428571428571427,0.0,0.17154761904761903,0.0,0.9042203939561743,-0.9878351737515917,0.19876728571428573,823.2885476190476,0.0,21.0,0.39526405016679733
Dajor,mid,LEC,1,36,0.278,Astralis,36.7,42.3,56.3,50.3,53.7,45.5,3.7,4.2,5.6,5.0,5.4,4.5,-455.0833333333333,-239.38888888888889,-12.222222222222221,506.7643277777778,0.25675669444444443,8.339777777777776,0.2222222222222222,1.135588888888889,0.2011777777777778,6.416666666666667,0.65807962529274,0.2131782945736434,0.0,0.2635159651669085,0.0,0.0,-1.0133010132282287,0.2357365833333333,420.85951944444446,0.0,36.0,0.4936893794894688
rocco521,sup,LCO,15,23,0.217,MAMMOTH,41.8,43.1,47.2,59.9,38.7,45.5,4.2,4.3,4.7,6.0,3.9,4.5,-327.4347826086956,30.043478260869566,4.260869565217392,126.24175652173912,0.07459135217391304,1.034095652173913,0.0,2.0585565217391304,0.21638695652173912,7.608695652173913,0.7379032258064516,0.228310502283105,0.0,0.1967960023515579,0.0,0.0,-1.3361135476165282,0.08747534782608696,368.0330434782609,0.0,23.0,0.21047430830039504
Stibi,top,GL,3,29,0.345,NOCTA,37.5,51.1,46.9,51.0,44.1,45.5,3.8,5.1,4.7,5.1,4.4,4.5,-605.3448275862069,-297.51724137931035,-12.344827586206897,437.11832413793104,0.22501523103448276,7.07001724137931,0.3793103448275862,0.9781344827586207,0.17843448275862067,5.862068965517241,0.508235294117647,0.23224568138195778,0.0,0.2272944456623777,0.0,-0.14340058926640048,-1.2357758805008567,0.21603937931034484,835.7352448275863,0.0,29.0,0.18334320110519017
Hang,mid,GL,3,20,0.3,Osaka|RX Esports,30.7,71.1,31.5,55.0,33.2,45.5,3.1,7.1,3.1,5.5,3.3,4.5,-683.7,-508.65,-12.95,394.226315,0.20632630000000002,7.409815,0.3,1.4561600000000001,0.288215,7.45,0.5901060070671378,0.16435185185185186,0.0,0.1273068421323189,-0.7773987206823028,-0.4626865671641791,-1.367859269575273,0.21491125000000003,389.29098,0.0,20.0,-0.40530018139185064
Whisper,bot,LAS,3,28,0.25,DN SOOPers Academy,34.1,49.6,57.2,49.9,43.8,45.5,3.4,5.0,5.7,5.0,4.4,4.5,-550.8214285714286,-391.14285714285717,-11.607142857142858,462.93678214285717,0.22210525,8.718428571428571,0.4642857142857143,1.0113107142857143,0.2907678571428572,4.75,0.5945945945945946,0.14915966386554622,0.0,0.2514571948998178,0.0,0.0,-0.899991346310532,0.26275439285714286,319.10402500000004,0.0,28.0,-0.3013227513227513
Azog,bot,PGC,2,54,0.593,Maryville University,45.5,35.1,55.5,45.2,54.5,45.4,4.5,3.5,5.5,4.5,5.5,4.5,29.296296296296298,-6.703703703703703,-0.3333333333333333,495.70166666666665,0.21614993333333335,8.111181481481482,0.8518518518518519,0.8972666666666667,0.21457962962962965,1.5,0.5718685831622177,0.196870925684485,0.0,0.27748989514978517,-0.48029507913460545,0.0,-0.9253826815853098,0.24147527777777777,252.26162962962965,0.0,54.0,0.009343976106343665
Zanzarah,jng,LEC,1,49,0.367,Astralis|Misfits Gaming|Misfits Premier,36.5,43.7,46.2,56.8,55.2,45.4,3.6,4.4,4.6,5.7,5.5,4.5,-240.81632653061226,-312.40816326530614,-7.877551020408164,245.41905918367348,0.12683721224489797,4.912108163265306,0.12244897959183673,1.3575530612244897,0.3582102040816326,12.183673469387756,0.6913183279742765,0.25034965034965034,13.0,0.2477249663112013,-0.2905507832238504,-1.0,-1.054089813210041,0.1607981224489796,877.9775734693878,0.0,49.0,0.6628148148148149
Leoo,sup,TAL,3,23,0.435,Galatasaray Academy,41.1,42.1,51.1,55.1,43.1,45.4,4.1,4.2,5.1,5.5,4.3,4.5,-286.2173913043478,-102.56521739130434,6.0,115.84516086956522,0.0695638304347826,1.038695652173913,0.043478260869565216,2.0510304347826085,0.26604347826086955,14.695652173913043,0.6816479400749064,0.2483221476510067,0.0,0.17993806286263483,0.0,0.0,-0.9646046467042535,0.0890139652173913,427.19899999999996,0.0,23.0,-0.24077248314478347
Aki,jng,LPL,1,92,0.478,Oh My God,45.5,44.4,36.8,46.2,56.6,45.3,4.5,4.4,3.7,4.6,5.7,4.5,0.0,0.0,0.0,248.9092597826087,0.126534025,5.400591304347826,0.0,1.3447532608695651,0.3222608695652174,7.9021739130434785,0.6519823788546255,0.18929402637703646,7.6521739130434785,0.15120401337792644,-0.321107266435986,-0.7093425605536332,-0.9979978590814328,0.17710296739130432,0.0,0.0,92.0,0.032837911446580076
Petoska,top,NLC,2,26,0.308,NYYRIKKI|Verdant,51.3,39.5,42.9,47.6,43.1,45.3,5.1,4.0,4.3,4.8,4.3,4.5,-336.2692307692308,-204.57692307692307,-2.423076923076923,522.8319269230769,0.24933976923076923,7.8914307692307695,0.4230769230769231,0.7935423076923077,0.09574615384615384,1.1923076923076923,0.4765840220385675,0.20423892100192678,0.0,0.18523578991166664,-0.10834871078749199,0.0,-1.2729188359738974,0.2356193076923077,805.8246038461538,0.0,26.0,0.39188381033746267
Voice,bot,LCO,15,41,0.268,MAMMOTH,35.8,42.4,55.0,60.6,41.9,45.3,3.6,4.2,5.5,6.1,4.2,4.5,-776.0487804878048,-567.390243902439,-16.902439024390244,496.4896463414634,0.2651155121951219,8.039351219512195,1.0,0.890448780487805,0.2575609756097561,2.4390243902439024,0.7299107142857143,0.19318181818181818,0.0,0.24425100932150928,0.0,0.0,-1.1728889080968716,0.2677134390243902,314.73730487804875,0.0,41.0,-0.2883367461242779
NegroNE,jng,LHE,2,26,0.308,Newstar|Wolf Club Esports,33.0,46.9,65.0,45.9,45.5,45.3,3.3,4.7,6.5,4.6,4.5,4.5,-606.3461538461538,-365.03846153846155,-9.384615384615385,241.4379,0.12964945384615384,5.180534615384616,0.038461538461538464,1.3680615384615384,0.34270384615384614,14.26923076923077,0.5964912280701754,0.20302375809935205,0.0,0.33557671957671953,0.0,-0.7742565660950728,-0.8551118070739622,0.16947403846153847,619.4773923076923,0.0,26.0,-0.10956093557652856
Nnicky,sup,LMF,2,41,0.39,9z Team|Santiago Wanderers eSports,37.4,43.4,45.2,57.8,52.9,45.3,3.7,4.3,4.5,5.8,5.3,4.5,-303.3658536585366,-49.34146341463415,-10.292682926829269,131.57395609756097,0.07952706585365853,1.0763341463414635,0.0,2.1486780487804875,0.24156829268292684,15.512195121951219,0.6666666666666666,0.22098569157392686,0.0,0.13550950126068506,0.0,0.0,-1.091373478900045,0.08660458292682927,427.96354146341463,0.0,41.0,0.36094674556213
ALPHA,mid,EL,3,32,0.625,Janus Esports|Red Rooster Team,45.3,48.1,36.0,49.5,45.7,45.3,4.5,4.8,3.6,5.0,4.6,4.5,-200.84375,-104.78125,-3.46875,527.81420625,0.251787625,7.4709125,0.40625,1.1284875,0.157409375,6.4375,0.5928270042194093,0.19739696312364424,0.0,0.10775556500779811,-0.824361581920904,-0.4907796610169492,-0.9094983010799353,0.2079495,294.8796,0.0,32.0,-0.2686188609637999
Raél,mid,VL,3,29,0.379,God's Plan|Skull Cracker,37.3,53.5,35.2,58.7,43.4,45.3,3.7,5.3,3.5,5.9,4.3,4.5,-335.0344827586207,-404.86206896551727,-10.0,455.28994137931033,0.24852231034482758,7.521913793103448,0.5862068965517241,1.0535275862068965,0.15039310344827586,8.482758620689655,0.6722222222222223,0.19866071428571427,0.0,0.109845441173242,-0.44031931970577476,0.0,-1.1918107042840547,0.22448906896551724,361.1891517241379,0.0,29.0,0.1602324241741178
Ryuk,top,VCS,15,44,0.364,Burst The Sky Esports,37.2,34.4,64.6,41.8,68.2,45.3,3.7,3.4,6.5,4.2,6.8,4.5,-467.8636363636364,-402.95454545454544,-11.431818181818182,427.8350931818182,0.2169625,7.48553409090909,0.09090909090909091,0.778090909090909,0.1443727272727273,4.840909090909091,0.4304932735426009,0.23195876288659795,0.0,0.21573342149820163,0.0,0.8816581603431378,-0.9409483031451245,0.19814745454545457,651.2128159090909,0.0,44.0,1.1291170496634673
MooseHater,top,LCSA,2,31,0.613,Area of Effect Cows|Area of Effect Ginger Turmeric,45.6,40.0,49.3,52.1,41.4,45.3,4.6,4.0,4.9,5.2,4.1,4.5,-306.4516129032258,-433.19354838709677,-10.96774193548387,545.9942451612903,0.21896645161290323,7.45801935483871,0.5806451612903226,0.7755225806451613,0.10377096774193548,2.2903225806451615,0.4691848906560636,0.19517102615694165,0.0,0.1892044612420335,-0.14591140990797696,-0.7897296524102417,-0.8868585054582215,0.22071258064516128,946.1148548387097,0.0,31.0,-0.43277260701877407
Fzz,sup,LDL,2,21,0.524,Oh My God Academy,47.6,38.7,62.5,37.7,40.9,45.3,4.8,3.9,6.2,3.8,4.1,4.5,0.0,0.0,0.0,156.05977619047619,0.06972461428571429,1.3792523809523811,0.0,2.540890476190476,0.3253238095238095,14.761904761904763,0.6336336336336337,0.3231292517006803,0.0,0.25171370967741935,0.0,0.0,-0.8583106762951628,0.08843842380952381,0.0,0.0,21.0,-0.32219570405727915
HiRit,top,LEC,1,25,0.52,Misfits Gaming,54.5,45.3,41.0,40.3,33.5,45.2,5.5,4.5,4.1,4.0,3.4,4.5,-175.12,-160.76,-1.4,501.35766,0.25546572,8.24168,0.36,1.03882,0.24657199999999999,5.56,0.4839650145772595,0.2171837708830549,0.14285714285714285,0.2321295339761249,-0.5989650408598122,-0.6902147188985412,-1.1323606722905213,0.23440187999999998,721.0171240000001,0.0,25.0,-0.44805709754163364
Raydell,jng,GL,3,28,0.321,NOCTA,42.4,44.7,42.9,58.0,39.7,45.2,4.2,4.5,4.3,5.8,4.0,4.5,-565.0357142857143,-249.75,-6.285714285714286,321.6183821428572,0.16314737857142858,4.8476107142857146,0.4642857142857143,1.0461785714285714,0.23886785714285713,8.0,0.6953316953316954,0.21553398058252426,0.0,0.17848842886436872,0.0,-0.7622961864977765,-1.1355892223921187,0.18074342857142858,782.3744678571429,0.0,28.0,-0.5768802976258967
Tonerre,mid,PRM,3,30,0.233,Esport Empire|PENTA 1860,35.0,55.6,43.7,54.6,37.7,45.2,3.5,5.6,4.4,5.5,3.8,4.5,-423.6,-490.3333333333333,-6.633333333333334,449.00119333333333,0.22500196666666666,8.824193333333334,0.5666666666666667,0.9809233333333334,0.18325666666666668,5.366666666666666,0.6309859154929578,0.16030534351145037,0.0,0.19232893408748977,0.0,0.0,-1.1590417231920773,0.24295923333333333,404.1236066666667,0.0,30.0,-0.4897793734437431
Krysia,jng,UL,2,32,0.344,Illuminar Gaming|Iron Wolves,45.3,45.8,42.0,49.5,41.4,45.1,4.5,4.6,4.2,5.0,4.1,4.5,22.4375,-255.28125,-7.84375,285.51405625,0.14002496875,5.361178125,0.3125,1.303565625,0.28548125,10.28125,0.6423529411764706,0.22061855670103092,0.0,0.13196379675465694,0.0,0.0,-1.2135749960544218,0.1807265625,690.929625,0.0,32.0,-0.06598792263484916
Egotistic,bot,LHE,2,38,0.316,Santiago Wanderers eSports,32.4,50.0,48.3,60.8,40.7,45.1,3.2,5.0,4.8,6.1,4.1,4.5,-608.5526315789474,-382.10526315789474,-12.947368421052632,423.20582368421054,0.2505482105263158,7.9897447368421055,0.5,1.0093815789473684,0.22394736842105262,5.026315789473684,0.6789838337182448,0.16666666666666666,0.0,0.20527684875510963,0.0,0.0,-1.118946279846292,0.24901018421052631,220.02250789473683,0.0,38.0,-0.29234868671488384
Hayha,sup,LMF,2,23,0.304,Maycam Evolve,38.8,50.0,54.9,46.2,35.6,45.1,3.9,5.0,5.5,4.6,3.6,4.5,-165.1304347826087,-168.82608695652175,-2.391304347826087,124.7856652173913,0.07426840434782608,1.0823130434782608,0.0,2.779417391304348,0.37438695652173914,16.391304347826086,0.6091549295774648,0.25668449197860965,0.0,0.26207908163265303,0.0,0.0,-1.1340558423656835,0.0877620347826087,429.2912086956522,0.0,23.0,-0.48477965747702584
Washidai,top,LJL,15,42,0.071,V3 Esports,37.0,50.3,33.2,49.0,64.8,45.1,3.7,5.0,3.3,4.9,6.5,4.5,-487.5238095238095,-353.8809523809524,-9.80952380952381,364.51625952380954,0.2509347380952381,7.751592857142857,0.047619047619047616,0.9816666666666666,0.1555214285714286,6.5476190476190474,0.5241379310344828,0.19732937685459942,0.0,0.10325360913596207,0.0,0.0,-1.7336415854236595,0.22971321428571428,648.9391785714286,0.0,42.0,2.0318225650916104
Binggan,top,LDL,2,31,0.29,Shu Dai Xiong Gaming,39.3,41.7,45.4,42.7,69.8,45.1,3.9,4.2,4.5,4.3,7.0,4.5,0.0,0.0,0.0,346.658264516129,0.19741204838709678,7.244441935483871,0.0,0.7159612903225807,0.1510774193548387,3.935483870967742,0.44254278728606355,0.20152091254752852,2.193548387096774,0.20280429666042507,0.0,0.0,-1.2832277868038866,0.20777625806451613,0.0,0.0,31.0,2.09720019035533
Yijin,mid,LDL,2,26,0.308,TWELVE,38.1,52.4,38.3,50.0,49.6,45.1,3.8,5.2,3.8,5.0,5.0,4.5,0.0,0.0,0.0,394.3917846153846,0.21275877307692306,7.829976923076923,0.0,1.0334076923076922,0.21785000000000002,5.769230769230769,0.6094674556213018,0.19264069264069264,0.8846153846153846,0.15870132491385897,0.0,0.0,-1.3005394656015643,0.2087405769230769,0.0,0.0,26.0,0.8104259035335215
Aug,jng,LMF,2,30,0.167,Newstar|WAP Esports,32.3,50.4,53.3,55.0,41.8,45.1,3.2,5.0,5.3,5.5,4.2,4.5,-638.9333333333333,-515.5666666666667,-15.5,235.02127666666667,0.14818754666666667,4.856496666666667,0.1,1.25121,0.35406666666666664,12.033333333333333,0.6821428571428572,0.2383838383838384,0.0,0.21569207994078463,0.0,0.0,-1.0666388654126822,0.17596656666666669,655.6297466666667,0.0,30.0,-0.18075801749271145
Eugeo,mid,LJL,15,42,0.071,V3 Esports,39.3,44.2,41.3,50.9,58.4,45.0,3.9,4.4,4.1,5.1,5.8,4.5,-398.26190476190476,-223.23809523809524,-6.9523809523809526,404.20224047619047,0.2749724761904762,8.741771428571429,0.19047619047619047,0.8710690476190476,0.14006190476190478,7.142857142857143,0.6586206896551724,0.16913946587537093,0.0,0.1661718398560504,0.0,0.0,-1.3444618879489219,0.24713983333333334,343.61711904761904,0.0,42.0,0.8991416309012873
Emvipi,jng,NEXO,3,46,0.391,Bis Esports|Oxygen Valiants|Stormbringers,36.9,37.1,54.7,52.0,59.2,44.9,3.7,3.7,5.5,5.2,5.9,4.5,-583.1086956521739,-471.0,-11.891304347826088,335.4633152173913,0.16352958478260868,4.546063043478261,0.15217391304347827,1.0106608695652175,0.25066739130434784,9.08695652173913,0.6398809523809523,0.24,0.0,0.22301138856230365,0.1654706683053826,-0.0641808402384067,-1.0479468175769429,0.1636395,816.8618260869565,0.0,46.0,0.27257340241796196
Ellim,jng,LCK,1,92,0.391,DN SOOPers,32.4,47.4,47.8,56.2,50.8,44.8,3.2,4.7,4.8,5.6,5.1,4.5,-383.1847826086956,-380.30434782608694,-11.815217391304348,205.09279673913042,0.11602729130434783,4.824331521739131,0.20652173913043478,1.575757608695652,0.42174130434782603,15.369565217391305,0.6794605809128631,0.24583741429970618,0.0,0.1853016871604232,-0.08034377866834043,0.05451209502196897,-1.02287014715274,0.15211558695652175,647.351147826087,0.0,92.0,-0.23374892182231627
Kio,top,LFL,2,41,0.415,Solary,33.0,53.3,36.5,59.0,47.6,44.8,3.3,5.3,3.6,5.9,4.8,4.5,-597.390243902439,-478.8048780487805,-16.5609756097561,403.40676341463416,0.2109456536585366,7.234214634146341,0.1951219512195122,1.064578048780488,0.14191951219512194,6.170731707317073,0.5374015748031497,0.22857142857142856,0.0,0.14084449404761903,-0.4525364235226236,-0.8268981103043708,-1.124417107740742,0.1970139512195122,643.079112195122,0.0,41.0,0.14932489332594512
Rigel,top,VCS,15,28,0.357,AS Esports,44.9,34.7,70.7,37.9,40.7,44.8,4.5,3.5,7.1,3.8,4.1,4.5,-403.0,-404.82142857142856,-4.571428571428571,482.55985000000004,0.2436717857142857,8.356046428571428,0.25,0.8158285714285715,0.116825,6.035714285714286,0.4479166666666667,0.2290748898678414,0.0,0.2880751456700824,0.0,1.5893122953259902,-1.1196758190431564,0.23271832142857143,628.1816142857143,0.0,28.0,-0.17977375872112716
Chuz,mid,LCSA,2,20,0.2,Golden Guardians Academy,37.5,45.3,45.3,45.8,59.9,44.8,3.8,4.5,4.5,4.6,6.0,4.5,-474.75,-271.15,-8.55,563.16748,0.2555895,8.139750000000001,0.15,1.08274,0.20350000000000001,4.5,0.5670995670995671,0.20520231213872833,0.0,0.18095238095238095,0.0,0.0,-1.091250162993313,0.23495910000000003,426.15015000000005,0.0,20.0,1.2209959994482
Sambrotta,bot,NEXO,3,21,0.143,Córdoba Patrimonio eSports,30.9,35.5,54.0,57.7,70.1,44.8,3.1,3.5,5.4,5.8,7.0,4.5,-1204.952380952381,-469.76190476190476,-14.19047619047619,455.4001619047619,0.21836843333333333,7.063461904761904,0.23809523809523808,0.7980571428571428,0.1486142857142857,3.8095238095238093,0.6108597285067874,0.1978494623655914,0.0,0.30538774382057965,-0.7209821428571429,0.48897058823529427,-0.9722704495120253,0.22486538095238093,368.94533333333334,0.0,21.0,2.1406190456027443
Paradox,sup,PGN,3,28,0.286,Esport Empire,33.0,51.4,44.6,61.8,36.8,44.7,3.3,5.1,4.5,6.2,3.7,4.5,-480.17857142857144,-480.7142857142857,-8.607142857142858,133.29517142857142,0.07412427142857143,0.9760642857142857,0.0,2.272089285714286,0.27581785714285717,12.75,0.6725978647686833,0.20187793427230047,0.0,0.18063856960408683,0.0,0.0,-1.1871224269958902,0.08369239642857143,434.6759785714286,0.0,28.0,-0.7413067552602436
yuyanjia,sup,LPL,1,67,0.403,Rare Atom,47.4,41.9,42.1,45.4,46.3,44.7,4.7,4.2,4.2,4.5,4.6,4.5,0.0,0.0,0.0,141.09282985074628,0.07353218208955224,1.1795910447761195,0.0,2.5164537313432835,0.28457313432835823,13.791044776119403,0.6689750692520776,0.23350785340314137,0.05970149253731343,0.19813773531475848,-0.25025725806773264,-0.6614065036434921,-1.0701960716603727,0.08742177462686566,0.0,0.0,67.0,-0.038379245966505986
Kituruken,jng,LFL2,2,48,0.521,PCS Taran,44.0,36.1,59.5,44.2,46.3,44.7,4.4,3.6,6.0,4.4,4.6,4.5,-175.97916666666666,-127.83333333333333,-4.5625,298.27147083333335,0.14083255625,5.160902083333333,0.1875,1.14363125,0.26474375,11.354166666666666,0.6080729166666666,0.24692874692874692,0.0,0.3019773239978553,-0.1273937944053481,-0.5700408116341897,-0.938201619186637,0.17576758333333334,872.6287916666666,0.0,48.0,-0.4131536958888176
Eggsy,bot,VL,3,26,0.538,AceS GaminG|Waia Snikt,38.0,40.5,52.0,44.7,60.6,44.7,3.8,4.0,5.2,4.5,6.1,4.5,-409.11538461538464,-134.80769230769232,-7.423076923076923,466.69111538461533,0.23067769230769233,6.922176923076923,0.5384615384615384,1.0833884615384615,0.2837423076923077,4.884615384615385,0.609375,0.2303206997084548,0.0,0.19500617908100212,0.10150489481358055,0.0,-0.9202920257453541,0.22297907692307695,229.58828461538462,0.0,26.0,1.0418496674614128
zs,top,LPL,1,24,0.375,Ultra Prime,43.1,41.8,49.9,51.4,38.7,44.6,4.3,4.2,5.0,5.1,3.9,4.5,0.0,0.0,0.0,433.47410833333333,0.21491301666666665,7.662045833333334,0.0,0.8991875,0.14325416666666665,5.875,0.5150501672240803,0.1725067385444744,0.875,0.19617391304347828,0.0,0.0,-1.1057206806084332,0.20927329166666667,0.0,0.0,24.0,0.039327987781596074
Filou,bot,LFL2,2,46,0.239,FC Nantes Esports,40.6,47.2,35.9,55.6,46.0,44.6,4.1,4.7,3.6,5.6,4.6,4.5,-269.0869565217391,-232.04347826086956,-1.6304347826086956,492.8830608695652,0.2526566956521739,8.751208695652172,0.6304347826086957,0.9627478260869565,0.2732652173913043,3.1739130434782608,0.6692015209125475,0.1828499369482976,0.0,0.16904595984735357,-0.5577873961703856,-0.33128825762350994,-1.2345225254563787,0.2646319130434783,279.6764847826087,0.0,46.0,0.1375403580862931
Genesis,mid,UPL,2,22,0.318,Zenigma Solar,35.9,37.6,58.6,52.0,52.6,44.6,3.6,3.8,5.9,5.2,5.3,4.5,-263.72727272727275,-402.6818181818182,-15.5,553.9231727272728,0.22722763636363635,6.787559090909091,0.3181818181818182,0.8082045454545455,0.1016909090909091,4.090909090909091,0.5967365967365967,0.20040899795501022,0.0,0.23518302559118887,0.0,0.0,-0.8566844553129297,0.22182886363636364,391.7776,0.0,22.0,0.4425992942582383
pyboy,mid,LDL,2,34,0.059,Qing Jiu E-sport Club,40.6,53.9,36.9,51.3,35.7,44.6,4.1,5.4,3.7,5.1,3.6,4.5,0.0,0.0,0.0,401.99486764705887,0.24197658823529414,8.191120588235295,0.0,0.8875794117647059,0.17966470588235295,4.617647058823529,0.6526315789473685,0.1572052401746725,0.11764705882352941,0.15380434782608696,0.0,0.0,-1.3606064450424336,0.24089661764705883,0.0,0.0,34.0,-0.320675105485232
fate,sup,LPL,1,30,0.367,Royal Club|Team WE,49.7,37.7,52.8,43.6,37.5,44.6,5.0,3.8,5.3,4.4,3.8,4.5,0.0,0.0,0.0,143.48217333333332,0.08051775,0.9559666666666666,0.0,2.3722,0.26880666666666664,16.033333333333335,0.6419354838709678,0.20698254364089774,0.0,0.19181002323548849,0.0,0.0,-0.98537635445379,0.08633931333333335,0.0,0.0,30.0,-0.2534537725823592
Daiky,jng,GL,3,28,0.75,Movistar R7|Zeu5 Bogota,41.5,45.7,46.5,44.6,47.3,44.6,4.2,4.6,4.7,4.5,4.7,4.5,27.464285714285715,-56.142857142857146,-0.5,245.49421428571426,0.10206702499999999,5.475289285714285,0.42857142857142855,1.4038535714285716,0.3132392857142857,9.642857142857142,0.5693581780538303,0.2,0.0,0.13876104565537556,-0.35601677755279143,-0.14448944171246741,-0.835402007111536,0.16872953571428573,775.4095178571428,0.0,28.0,-0.35601677755279143
Pollu,sup,LAS,3,26,0.231,HANJIN BRION Academy|HANJIN BRION Challengers,43.9,48.6,33.4,58.8,33.8,44.6,4.4,4.9,3.3,5.9,3.4,4.5,-137.80769230769232,-69.11538461538461,-8.692307692307692,150.80906923076924,0.08665761923076923,0.8717538461538462,0.0,2.1586076923076924,0.2514192307692308,14.038461538461538,0.6923076923076923,0.21377672209026127,0.0,0.1820166462000273,-0.499279128248114,-0.5986588432523051,-1.519455698965927,0.08790701153846155,378.80485000000004,0.0,26.0,-0.552172131147541
Mersa,sup,LEC,1,51,0.49,Misfits Gaming,34.6,45.5,32.1,63.3,57.1,44.3,3.5,4.5,3.2,6.3,5.7,4.4,-247.37254901960785,-158.2156862745098,-1.4313725490196079,135.09284901960785,0.06530525294117648,1.0275607843137256,0.0,2.4389549019607846,0.3054235294117647,13.607843137254902,0.7232796486090776,0.25495049504950495,0.0,0.13192176903493824,-0.5783583118200873,-0.9355091725129636,-1.2059429526546876,0.08622607647058825,462.815168627451,0.0,51.0,0.8744184120395407
Marimo,bot,LJLA,3,23,0.348,DetonatioN FocusMe|DetonatioN FocusMe Academy,36.6,47.9,44.1,58.1,37.6,44.3,3.7,4.8,4.4,5.8,3.8,4.4,-552.6470588235294,-42.1764705882353,-9.588235294117647,484.721052173913,0.2300205652173913,8.495373913043478,0.21739130434782608,0.9085391304347826,0.23105652173913044,4.869565217391305,0.664179104477612,0.1744186046511628,0.0,0.09493049393670512,1.3961908030199042,-0.3784317089910775,-1.3012283850210868,0.2462903043478261,283.0073823529412,0.0,23.0,-0.0019928676316339684
WDR,mid,LHE,2,28,0.571,Newstar,35.8,51.7,40.2,58.8,35.4,44.3,3.6,5.2,4.0,5.9,3.5,4.4,-397.5,-347.89285714285717,-15.821428571428571,516.6275857142857,0.24943325,7.593982142857143,0.39285714285714285,1.0271821428571428,0.1933,6.035714285714286,0.6474654377880185,0.19576719576719576,0.0,0.17553999229391898,-0.7055826558265582,0.0,-1.008711795341667,0.21917914285714285,375.548175,0.0,28.0,-0.7251436231328993
Shredder,sup,PGN,3,37,0.351,GGEsports|MNM Gaming,35.6,46.3,45.5,57.2,42.3,44.2,3.6,4.6,4.5,5.7,4.2,4.4,-313.9189189189189,-348.97297297297297,-2.6486486486486487,132.0108918918919,0.06793550810810811,0.9200594594594594,0.0,2.361089189189189,0.276172972972973,15.432432432432432,0.6744639376218323,0.24875621890547264,0.0,0.1926639010518702,-0.056041172901799406,0.06224159673459061,-1.181124780073321,0.08117052162162162,411.5637864864865,0.0,37.0,-0.5464632976959681
Hyo,jng,VCS,15,28,0.357,AS Esports,37.6,42.7,60.1,45.1,41.7,44.2,3.8,4.3,6.0,4.5,4.2,4.4,-466.07142857142856,-399.17857142857144,-11.214285714285714,307.147275,0.15199587142857143,4.933621428571429,0.10714285714285714,1.4253214285714286,0.3264571428571429,12.714285714285714,0.5967741935483871,0.20815450643776823,0.0,0.20594546501282254,0.0,0.9628865979381442,-1.102636747219113,0.17249932142857144,764.0660785714286,0.0,28.0,-0.01297371116421995
Gorica,bot,PGC,2,40,0.575,Taco Gaming,47.8,37.9,37.1,53.6,45.8,44.2,4.8,3.8,3.7,5.4,4.6,4.4,-21.85,-143.9,-8.0,590.8702175000001,0.23897225,7.174482500000001,0.825,0.9255375000000001,0.21800999999999998,1.7,0.6166902404526167,0.1983695652173913,0.0,0.1580115286337999,-0.7809440399471902,-0.33294989607978975,-1.0492008173356207,0.233869575,305.102445,0.0,40.0,-0.04116985376827903
Sacrifice,jng,HM,3,28,0.429,Cryptova,37.9,46.3,47.0,48.4,45.3,44.1,3.8,4.6,4.7,4.8,4.5,4.4,-401.60714285714283,-456.17857142857144,-11.607142857142858,322.33419999999995,0.1497159142857143,4.925439285714286,0.25,1.3568678571428572,0.32524642857142855,11.571428571428571,0.6435406698564593,0.24395604395604395,0.0,0.18084682493079438,0.0,0.0,-1.1098140797063791,0.17461264285714284,778.6227285714285,0.0,28.0,0.023270124897438228
Onat,mid,UPL,2,29,0.31,Area of Effect Randoms|Here For T-Shirt|Team Ambition|Wildcard Gaming Developmental,45.9,44.4,33.5,56.3,36.7,44.1,4.6,4.4,3.4,5.6,3.7,4.4,-358.55172413793105,-131.3793103448276,-2.896551724137931,566.0468724137932,0.2729208620689655,7.422582758620689,0.41379310344827586,0.8607241379310344,0.12211379310344828,3.1724137931034484,0.6444444444444445,0.18620689655172415,0.0,0.1685499367888748,-0.7881047019519092,-0.8003080960803333,-1.1857436069980087,0.23301789655172414,384.7380724137931,0.0,29.0,-0.35639952483562626
Listo,jng,LCKC,2,23,0.217,HANJIN BRION|HANJIN BRION Challengers,32.4,52.1,47.0,57.7,34.4,44.1,3.2,5.2,4.7,5.8,3.4,4.4,-534.3478260869565,-522.5217391304348,-9.08695652173913,212.27788695652177,0.1207517347826087,4.900739130434783,0.13043478260869565,1.3332347826086957,0.33569565217391306,13.608695652173912,0.6698564593301436,0.22395833333333334,0.0,0.17770963604296938,0.0,0.0,-1.1644058826879011,0.16330795652173913,676.8504173913044,0.0,23.0,-0.6532898726500909
Easylove,bot,VCS,15,21,0.333,AS Esports,38.2,35.5,73.3,45.7,36.5,44.1,3.8,3.5,7.3,4.6,3.6,4.4,-494.9047619047619,-277.0952380952381,-4.761904761904762,508.1442666666667,0.26374461904761903,8.59309523809524,0.23809523809523808,1.013404761904762,0.2662809523809524,2.5238095238095237,0.5699300699300699,0.19298245614035087,0.0,0.2611760660247593,0.0,2.130788344251186,-0.9780980243113382,0.2537884285714286,312.7689,0.0,21.0,-0.5092490118577074
361efe,jng,TAL,3,26,0.769,Fenerbahçe Academy,41.8,37.5,56.9,41.8,49.4,44.0,4.2,3.8,5.7,4.2,4.9,4.4,126.53846153846153,-299.84615384615387,-4.769230769230769,266.1379,0.13195417692307693,5.265692307692309,0.3076923076923077,1.1627192307692307,0.2294923076923077,11.807692307692308,0.6076923076923076,0.23,0.0,0.13646225876441703,0.3085798559902836,1.123709551487811,-0.880320600466636,0.17479388461538464,651.2160923076923,0.0,26.0,0.043375924680565135
Reufury,mid,LCO,15,32,0.25,MAMMOTH,33.8,43.7,56.2,54.6,39.5,44.0,3.4,4.4,5.6,5.5,4.0,4.4,-661.5,-512.90625,-17.78125,426.88065625,0.2430145625,7.37525625,0.375,0.9445375,0.15403125,5.09375,0.6286549707602339,0.17281879194630873,0.0,0.24043887147335424,0.0,0.0,-1.0850886538863378,0.22832959375,402.300378125,0.0,32.0,-0.2721837633731908
Zhadox,jng,UPL,2,22,0.318,Glaive Esports Prime|Zenigma Solar,53.7,33.3,37.9,49.0,43.6,43.9,5.4,3.3,3.8,4.9,4.4,4.4,-187.36363636363637,-420.0,-8.818181818181818,418.07877272727274,0.19355154545454545,5.259013636363637,0.36363636363636365,0.8309545454545454,0.14845909090909093,4.545454545454546,0.6703601108033241,0.25,0.0,0.12661960784313725,0.0,0.0,-1.4001284961340001,0.1994035,954.5353772727274,0.0,22.0,0.5404352498656636
Whale,bot,PCS,15,45,0.311,Meta Falcon Team,39.0,49.6,33.6,52.9,45.3,43.9,3.9,5.0,3.4,5.3,4.5,4.4,-502.84444444444443,-399.8,-7.955555555555556,488.4297955555556,0.26915,8.729851111111111,0.7333333333333333,1.2355177777777777,0.3622911111111111,5.288888888888889,0.6561264822134387,0.1912568306010929,0.0,0.10411568409343716,-0.7529045055256446,0.0,-1.2350857344507162,0.25321306666666665,278.8175488888889,0.0,45.0,-0.08591268040301356
Flozel,sup,LAS,3,28,0.214,HANJIN BRION Academy,37.8,38.3,51.9,49.4,53.1,43.9,3.8,3.8,5.2,4.9,5.3,4.4,-453.67857142857144,-257.89285714285717,6.535714285714286,135.06168214285714,0.06516123214285714,1.2613107142857143,0.03571428571428571,2.019460714285714,0.2279357142857143,12.964285714285714,0.5894428152492669,0.19962686567164178,0.0,0.22445114409400121,0.0,0.0,-1.0616189401762348,0.08909773571428571,467.8054714285714,0.0,28.0,0.4812885802469135
FakeGod,top,LCS,1,28,0.429,Dignitas,34.3,47.7,47.1,53.9,41.1,43.8,3.4,4.8,4.7,5.4,4.1,4.4,-506.5,-195.5,-10.178571428571429,394.670925,0.22918532142857143,7.6952178571428576,0.14285714285714285,1.0518750000000001,0.17991785714285716,5.785714285714286,0.5317725752508361,0.2403846153846154,4.0,0.2045675413022352,-0.26647295307089125,-0.6990805238227918,-0.9873132605625947,0.20701960714285714,797.0757285714286,0.0,28.0,-0.036372723234118026
Trashy,jng,LMF,2,24,0.5,Stone Movistar,47.1,43.2,37.0,51.1,35.9,43.8,4.7,4.3,3.7,5.1,3.6,4.4,-91.0,37.583333333333336,1.125,243.48607916666666,0.1364706375,5.161795833333334,0.2916666666666667,1.2813875,0.29286249999999997,12.0,0.6387959866220736,0.23659305993690852,0.0,0.15191623864085343,-0.7961524885280622,0.0,-1.167405903106889,0.16544283333333334,731.3306583333333,0.0,24.0,-0.47236049253340323
xLiang,bot,LDL,2,27,0.37,V5 87,46.3,45.6,45.3,39.3,37.5,43.8,4.6,4.6,4.5,3.9,3.8,4.4,0.0,0.0,0.0,521.5280851851852,0.2562012962962963,8.777907407407408,0.0,1.0339814814814814,0.3330592592592592,3.3333333333333335,0.5955056179775281,0.19284294234592445,1.6296296296296295,0.1868861081550524,0.0,0.0,-1.1637776330920966,0.2649602962962963,0.0,0.0,27.0,-0.28210673163595085
COLD,sup,LPL,1,82,0.488,Oh My God,48.6,36.9,39.5,43.2,52.1,43.7,4.9,3.7,4.0,4.3,5.2,4.4,0.0,0.0,0.0,145.31631829268292,0.0752959487804878,1.1014231707317073,0.0,2.375020731707317,0.24891951219512196,17.23170731707317,0.6776061776061776,0.24870466321243523,0.012195121951219513,0.1679717795200703,-0.2714794179043957,-0.6559763917881868,-1.061660354529526,0.09143167439024391,0.0,0.0,82.0,0.052506879755124906
Dec0y,top,UPL,2,39,0.333,Fugitive Gaming|Team Ambition,43.4,40.6,43.7,52.6,38.9,43.7,4.3,4.1,4.4,5.3,3.9,4.4,-463.35897435897436,-287.12820512820514,-11.205128205128204,534.3706025641026,0.23468894871794874,6.7760461538461545,0.28205128205128205,0.8009666666666667,0.12736153846153847,1.9487179487179487,0.4642857142857143,0.20671834625322996,0.0,0.22532736307020304,-0.7305009293071403,0.0,-1.1298832924110411,0.201099358974359,755.0365743589743,0.0,39.0,-0.4719485188822062
Saintsu,jng,ESLOL,3,21,0.476,Auxesis Esports|Ion Squad,46.0,38.5,41.7,52.9,40.0,43.7,4.6,3.9,4.2,5.3,4.0,4.4,19.0,-13.047619047619047,0.23809523809523808,304.20526190476187,0.13055305238095238,5.032966666666667,0.23809523809523808,1.121252380952381,0.2506333333333333,6.285714285714286,0.646875,0.24742268041237114,0.0,0.21041982802225595,0.0,-0.6118458884416331,-1.3305195041547613,0.180581,960.1440952380951,0.0,21.0,0.2198747770121377
Jellou,jng,HM,3,21,0.333,BRUTE,37.2,44.4,49.7,45.6,47.7,43.7,3.7,4.4,5.0,4.6,4.8,4.4,-677.952380952381,-237.0,-5.714285714285714,301.31791904761906,0.15002418571428572,5.692738095238095,0.23809523809523808,1.2129666666666667,0.2925714285714286,7.142857142857143,0.6540084388185654,0.2319277108433735,0.0,0.20828877005347596,0.0,0.0,-1.1197282961129973,0.18593009523809526,672.0222857142857,0.0,21.0,0.6258373205741626
Remix,bot,ESLOL,3,20,0.5,Team 7AM,38.9,45.6,47.0,43.5,47.4,43.7,3.9,4.6,4.7,4.3,4.7,4.4,-389.65,-144.35,-4.95,480.64061000000004,0.24474605,8.48322,0.35,1.20389,0.261145,7.0,0.5898305084745763,0.18815331010452963,0.0,0.16091954022988506,0.0,0.0,-0.9304414143770178,0.24043674999999998,227.798135,0.0,20.0,0.36718750000000017
Nemoh,sup,LJL,15,46,0.391,Crest Gaming Act,39.7,42.9,35.6,61.5,42.6,43.7,4.0,4.3,3.6,6.2,4.3,4.4,-234.45652173913044,-159.19565217391303,-1.1956521739130435,132.15748260869566,0.0753101347826087,0.9327934782608697,0.0,2.2911652173913044,0.2535826086956522,18.26086956521739,0.7223300970873786,0.26749611197511663,0.0,0.14170766874155072,-0.4543518903199002,-0.7130964175002397,-1.3427954972590275,0.0821696,455.2485695652174,0.0,46.0,-0.0953537890369076
V1tal,top,LCSA,2,53,0.453,Immortals Academy,39.7,35.6,50.9,50.0,53.2,43.7,4.0,3.6,5.1,5.0,5.3,4.4,-511.07547169811323,-394.8679245283019,-16.339622641509433,525.6843773584906,0.22527175849056602,7.178890566037736,0.33962264150943394,0.6672528301886792,0.10544339622641509,0.5094339622641509,0.48714810281517745,0.2349537037037037,0.0,0.21747155611803742,0.6067469338026715,-0.7844710846293103,-1.2409180885311841,0.21236324528301886,759.1990622641509,0.0,53.0,0.3999839420972651
bolin,top,LDL,2,34,0.059,Qing Jiu E-sport Club,46.2,46.5,35.3,48.4,35.8,43.6,4.6,4.7,3.5,4.8,3.6,4.4,0.0,0.0,0.0,399.6376911764706,0.2427941764705882,7.727573529411765,0.0,0.7538382352941176,0.1129764705882353,3.2058823529411766,0.5228070175438596,0.18340611353711792,0.5882352941176471,0.14023629926108375,0.0,0.0,-1.5470404289165014,0.2319135,0.0,0.0,34.0,-0.08801538908246218
Knika,top,NEXO,3,34,0.353,Bis Esports|Córdoba Patrimonio eSports|Oxygen Valiants,33.0,45.4,46.4,59.5,40.9,43.6,3.3,4.5,4.6,6.0,4.1,4.4,-439.29411764705884,-334.94117647058823,-10.911764705882353,380.46302352941177,0.19322870588235294,6.832402941176471,0.058823529411764705,0.9237470588235294,0.1299264705882353,3.411764705882353,0.45714285714285713,0.1905564924114671,0.0,0.1734646257233526,-0.04379084967320266,0.372549019607843,-1.1604247127902694,0.1995164411764706,1147.5425,0.0,34.0,-0.4726353361094586
Guanch0,mid,NEXO,3,23,0.174,Córdoba Patrimonio eSports,31.9,36.1,56.7,44.3,70.3,43.6,3.2,3.6,5.7,4.4,7.0,4.4,-781.8695652173913,-399.0869565217391,-11.695652173913043,459.70520869565223,0.23198034782608695,7.204986956521739,0.17391304347826086,0.8995565217391304,0.12969130434782608,4.6521739130434785,0.5615384615384615,0.22376237623762377,0.0,0.3557753444012717,-0.6792189679218968,-0.11087866108786602,-0.8827521608495513,0.22298282608695655,415.98564347826084,0.0,23.0,1.8945366528354077
Han Jae,mid,PGC,2,23,0.304,Dark Matter|Ego Geniuses,51.9,35.5,44.7,44.0,37.8,43.5,5.2,3.5,4.5,4.4,3.8,4.3,118.91304347826087,-12.521739130434783,0.6521739130434783,516.9388695652174,0.2530138695652174,7.398521739130435,0.34782608695652173,0.8076478260869565,0.11031739130434783,2.9565217391304346,0.5760869565217391,0.21649484536082475,0.0,0.22241698903932947,0.0,0.0,-1.254963996829595,0.23857982608695652,382.88627391304345,0.0,23.0,-0.03176957445250129
Scrappy,top,LMF,2,22,0.318,Malvinas Gaming,37.9,52.6,37.0,52.0,34.9,43.5,3.8,5.3,3.7,5.2,3.5,4.3,-419.27272727272725,-420.27272727272725,-8.909090909090908,391.11534090909095,0.25792940909090906,8.789068181818182,0.22727272727272727,0.8880499999999999,0.11318636363636364,6.5,0.5311004784688995,0.17041800643086816,0.0,0.10733333333333332,0.0,0.0,-1.3254690435515517,0.2531703181818182,603.3077045454546,0.0,22.0,-0.25563636363636366
Mitsuki,sup,LDL,2,32,0.5,Invictus Gaming Young,46.5,39.5,46.2,43.9,40.6,43.5,4.7,4.0,4.6,4.4,4.1,4.3,0.0,0.0,0.0,134.23424375,0.076583728125,0.9679125,0.0,2.219309375,0.21036875,13.75,0.6659090909090909,0.2777777777777778,0.03125,0.139313110181311,0.0,0.0,-1.0666017256757516,0.088887465625,0.0,0.0,32.0,-0.2759266587521435
Kui,jng,LPL,1,20,0.3,LGD Gaming,41.2,46.4,52.6,38.5,37.8,43.5,4.1,4.6,5.3,3.9,3.8,4.3,0.0,0.0,0.0,210.67976,0.119156305,4.955415,0.0,1.54877,0.48909,10.95,0.6192893401015228,0.24372759856630824,8.7,0.2032967032967033,0.0,0.0,-1.0073872962514074,0.16801465,0.0,0.0,20.0,-0.09774436090225554
Fujimoto,sup,LJL,15,34,0.5,Burning Core Toyama,33.9,37.3,62.6,46.9,50.4,43.4,3.4,3.7,6.3,4.7,5.0,4.3,-340.20588235294116,-309.47058823529414,-6.823529411764706,127.55410588235294,0.06722981176470588,1.0073176470588237,0.0,2.4225676470588233,0.26153235294117644,17.235294117647058,0.6232227488151659,0.28117359413202936,0.0,0.2826557994566395,-0.1685793665040226,-0.2693745002366226,-0.9389813290197446,0.08162624411764707,417.0268911764706,0.0,34.0,0.3218531257542844
Hangjoo,mid,LAS,3,24,0.333,Liiv SANDBOX Academy,41.3,40.3,54.7,38.6,46.1,43.3,4.1,4.0,5.5,3.9,4.6,4.3,-191.58333333333334,-279.75,5.958333333333333,484.3870291666667,0.24119083333333333,8.118133333333335,0.25,1.063175,0.24370833333333333,4.833333333333333,0.5258358662613982,0.2483221476510067,0.0,0.24000372995151062,0.0,0.0,-0.9262478506682249,0.21713770833333335,375.48805416666664,0.0,24.0,0.11576197077956703
Sumi,mid,HM,3,22,0.364,Dark Tigers|Verdant,39.6,39.7,49.6,51.0,41.1,43.2,4.0,4.0,5.0,5.1,4.1,4.3,-578.7727272727273,-322.0,-9.545454545454545,571.7369681818182,0.2758531818181818,7.853322727272727,0.2727272727272727,0.8964363636363636,0.1549590909090909,4.045454545454546,0.598705501618123,0.22355769230769232,0.0,0.18765432098765433,0.30433901054339,0.0,-1.0636083943916619,0.21926022727272726,448.0577909090909,0.0,22.0,0.02065727699530509
En,sup,PCS,15,36,0.111,Dewish Team|Hurricane Gaming,34.6,44.6,48.9,51.4,43.4,43.2,3.5,4.5,4.9,5.1,4.3,4.3,-440.1666666666667,-266.44444444444446,-3.6666666666666665,123.54481388888888,0.07562914444444445,1.1578305555555555,0.0,2.2282277777777777,0.3374083333333333,12.416666666666666,0.6536964980544747,0.2332814930015552,0.0,0.1868969810146281,0.0,0.0,-1.2266865292237692,0.09203891111111112,449.42733055555556,0.0,36.0,0.12012826022280247
Diamondprox,jng,NLC,2,26,0.577,Bifrost|Team Spirit,45.2,44.8,38.0,44.2,40.0,43.2,4.5,4.5,3.8,4.4,4.0,4.3,202.0,-130.8846153846154,-8.038461538461538,270.28976153846156,0.13129630769230768,4.891303846153846,0.11538461538461539,1.5350038461538462,0.3822615384615385,11.653846153846153,0.6126373626373627,0.27848101265822783,0.0,0.16343589711860318,-0.7752403846153846,-0.86082995951417,-0.9354453048942344,0.1605466923076923,757.1498115384616,0.0,26.0,-0.4126953501832915
Rumiki,top,LDL,2,25,0.24,LGD Gaming Young Team,40.3,43.9,44.5,54.2,32.8,43.2,4.0,4.4,4.5,5.4,3.3,4.3,0.0,0.0,0.0,342.74676,0.2116424,6.605872,0.0,0.844764,0.10830400000000001,6.28,0.5683453237410072,0.2547945205479452,0.84,0.21370525420313863,0.0,0.0,-1.3572558146522076,0.19497048,0.0,0.0,25.0,-0.630441317119825
Z Score,sup,PGC,2,32,0.406,Nameless Randoms|Team Rapid,44.1,38.3,40.5,42.3,55.6,43.1,4.4,3.8,4.0,4.2,5.6,4.3,-609.46875,-249.75,-1.28125,224.54601875,0.101872221875,1.188659375,0.0,2.206046875,0.30273125,5.84375,0.610655737704918,0.2603448275862069,0.0,0.13894621137963384,-0.09828406466941728,0.0,-1.2529798338045943,0.0982921375,450.56817812500003,0.0,32.0,0.8920550084073987
ShiauC,sup,LPL,1,68,0.353,Ultra Prime,44.6,46.3,38.3,44.1,37.1,43.1,4.5,4.6,3.8,4.4,3.7,4.3,0.0,0.0,0.0,134.31607647058826,0.06669958529411764,1.070639705882353,0.0,2.610388235294118,0.34486470588235296,18.764705882352942,0.6888619854721549,0.2662276575729069,0.11764705882352941,0.1405007734647624,0.0,0.0,-1.2955090732398604,0.09048284558823529,0.0,0.0,68.0,-0.35827856384352674
Mauss,bot,HM,3,27,0.407,BRUTE,36.0,38.3,46.3,47.1,61.5,43.1,3.6,3.8,4.6,4.7,6.2,4.3,-655.6296296296297,-26.333333333333332,-6.148148148148148,439.8705148148148,0.21326822222222222,7.901962962962963,0.6296296296296297,0.8736666666666666,0.15777777777777777,2.259259259259259,0.6027397260273972,0.17494089834515367,0.0,0.18506884681583477,0.0,0.0,-1.0317984067864512,0.22799025925925928,199.512562962963,0.0,27.0,1.263636363636364
Secondate,sup,TAL,3,22,0.545,İstanbul Wildcats Academy,46.5,43.6,38.9,43.8,38.1,43.1,4.7,4.4,3.9,4.4,3.8,4.3,-139.9090909090909,-126.0,3.727272727272727,125.60133181818182,0.07170328636363636,1.1398000000000001,0.09090909090909091,2.3277272727272726,0.23736818181818184,15.863636363636363,0.6594982078853047,0.2413793103448276,0.0,0.1776283846872082,-0.7650901414879051,-0.5686900958466453,-1.0763213509857796,0.09450367727272728,267.7919227272727,0.0,22.0,-0.5168476075593084
Rhioni,bot,TCL,15,27,0.481,Team AURORA,44.3,43.0,46.0,42.4,37.4,43.1,4.4,4.3,4.6,4.2,3.7,4.3,-205.14814814814815,57.370370370370374,0.14814814814814814,432.43353333333334,0.24040637037037038,9.12355925925926,0.8888888888888888,1.1164703703703704,0.2797962962962963,5.555555555555555,0.6201780415430267,0.17506631299734748,0.0,0.21082840062431898,-0.6610529852178921,-0.19571894797465916,-1.004483591403902,0.2606308148148148,182.88440000000003,0.0,27.0,-0.5273219491878384
Plugo,mid,LLA,15,25,0.16,Globant Emerald,35.6,57.2,36.6,46.8,33.6,42.9,3.6,5.7,3.7,4.7,3.4,4.3,-425.48,-417.96,-12.0,422.175072,0.25331116000000004,8.399112,0.16,1.305656,0.25203600000000004,7.36,0.6322314049586777,0.19436619718309858,0.0,0.12698412698412698,0.0,0.0,-1.4402643289076529,0.23695124,332.254472,0.0,25.0,-0.32337257800538516
BMFX,bot,LCSA,2,67,0.612,100 Thieves Academy|Dare Gaming|Team Ambition,36.8,37.7,42.2,54.3,54.3,42.8,3.7,3.8,4.2,5.4,5.4,4.3,-316.2835820895522,-196.8955223880597,-18.35820895522388,530.5866537313433,0.2357924447761194,7.16335223880597,0.5522388059701493,0.9866925373134329,0.24108059701492537,1.9253731343283582,0.6267326732673267,0.22066738428417654,0.0,0.1754020090191004,-0.2848456240478897,-0.7321375186846039,-0.9492326786016646,0.2186989701492537,272.45170447761194,0.0,67.0,-0.28321008032024125
Lost,bot,LCS,1,40,0.325,Golden Guardians|Immortals,33.5,43.1,50.3,58.3,35.0,42.8,3.4,4.3,5.0,5.8,3.5,4.3,-186.225,-243.05,-7.275,420.680295,0.226919425,8.538795,0.3,1.214635,0.2850275,6.05,0.6605263157894737,0.16885553470919323,0.0,0.21734818215307886,-0.2773437500000001,0.0,-0.9575643942707983,0.24975804999999998,263.7037225,0.0,40.0,-0.3991561181434599
Savage,mid,PGC,2,36,0.361,DK Crew|Harrisburg University,45.7,37.8,38.3,50.5,41.3,42.7,4.6,3.8,3.8,5.0,4.1,4.3,-212.41666666666666,-59.22222222222222,-2.75,535.7217166666667,0.2508195277777778,7.900444444444444,0.4166666666666667,0.8261083333333333,0.10003888888888889,4.722222222222222,0.60727969348659,0.20772946859903382,0.0,0.16941247824816777,-0.5689798045417847,0.0,-1.1301315237858793,0.22558947222222223,339.92771944444445,0.0,36.0,-0.16177047825637836
Sjakal,jng,ESLOL,3,22,0.591,Team Echo Zulu,48.0,37.2,44.9,41.4,39.5,42.6,4.8,3.7,4.5,4.1,4.0,4.3,-192.45454545454547,-82.68181818181819,-1.5909090909090908,321.59574545454547,0.15920835909090908,5.5458454545454545,0.36363636363636365,1.2089954545454544,0.24820454545454543,11.863636363636363,0.6460176991150443,0.27335640138408307,0.0,0.21197995665433275,-0.5095413363533409,-0.7431483578708946,-1.03417938534828,0.1872751818181818,715.3449772727273,0.0,22.0,-0.5121460534727185
Kobra,mid,LMF,2,45,0.133,Stone Movistar|WAP Esports,33.1,39.3,55.8,50.5,45.5,42.6,3.3,3.9,5.6,5.0,4.5,4.3,-519.6,-277.77777777777777,-11.311111111111112,393.03324444444445,0.2563239777777778,7.225128888888889,0.2222222222222222,0.9144622222222223,0.10490222222222223,5.666666666666667,0.582089552238806,0.19505494505494506,0.0,0.2670269291148412,0.0,0.0,-1.0541654868983061,0.22041231111111112,352.8962422222222,0.0,45.0,-0.15637735287960597
Fersito,mid,LMF,2,44,0.227,Malvinas Gaming,37.5,46.9,36.5,55.6,35.7,42.5,3.8,4.7,3.6,5.6,3.6,4.2,-261.25,-295.6363636363636,-0.9090909090909091,411.26228181818186,0.26416347727272727,7.73568409090909,0.22727272727272727,0.927525,0.15461590909090908,4.704545454545454,0.6814814814814815,0.2143906020558003,0.0,0.1522677049352836,0.0,0.0,-1.380996042873542,0.23582420454545455,327.3804,0.0,44.0,-0.4952110677545229
tako,jng,PCS,15,21,0.286,Impunity,43.3,37.4,49.0,41.6,44.0,42.5,4.3,3.7,4.9,4.2,4.4,4.2,-353.0,-100.0,-4.0476190476190474,265.1662095238095,0.1705018380952381,5.498957142857143,0.047619047619047616,1.2529238095238096,0.3102190476190476,7.190476190476191,0.6590909090909091,0.25301204819277107,0.0,0.2063270777479893,-0.503638452700115,0.0,-1.0138890937069005,0.17439219047619048,632.8071333333334,0.0,21.0,0.23436196830692238
Snow2,sup,UPL,2,20,0.3,Team Ambition|Wild West Bandits|Wildcard Gaming Developmental,39.9,39.1,50.0,45.5,41.6,42.4,4.0,3.9,5.0,4.5,4.2,4.2,-474.35,-379.2,2.6,170.41431,0.07920912,1.05627,0.05,1.9145600000000003,0.267955,8.1,0.6019736842105263,0.19525065963060687,0.0,0.3260358949650687,-0.6770604217880709,0.0,-1.2103489829164602,0.09803688499999999,340.269255,0.0,20.0,0.21682590233545673
Fok,top,UL,2,39,0.308,GRP Esports|devils.one inStreamly,36.1,35.3,50.9,48.5,52.9,42.3,3.6,3.5,5.1,4.8,5.3,4.2,-345.84615384615387,-353.1025641025641,-5.282051282051282,400.57428974358976,0.19913415384615382,7.38246923076923,0.23076923076923078,0.686648717948718,0.10818974358974359,1.9743589743589745,0.4596949891067538,0.22790697674418606,0.0,0.1535526202192869,0.0,1.0269684982531113,-1.1277273714140459,0.21320323076923076,887.3296769230769,0.0,39.0,0.5318096100173492
Overture,top,LDL,2,38,0.342,Anyone's Legend.Young,41.1,41.3,48.6,44.9,36.0,42.3,4.1,4.1,4.9,4.5,3.6,4.2,0.0,0.0,0.0,376.6697,0.20294386842105264,7.062097368421052,0.0,0.9383552631578947,0.1152736842105263,4.868421052631579,0.4642082429501085,0.23202614379084968,0.6842105263157895,0.2523883989453587,0.0,0.0,-1.3475851327995432,0.19251734210526317,0.0,0.0,38.0,-0.45200871707409507
Amazing,jng,PRM,3,23,0.435,MOUZ NXT,31.9,44.0,39.0,62.9,40.5,42.2,3.2,4.4,3.9,6.3,4.0,4.2,-502.5652173913044,-343.0869565217391,-8.782608695652174,228.05542608695652,0.10980325217391304,5.224743478260869,0.0,1.165795652173913,0.2668086956521739,5.782608695652174,0.6840390879478827,0.2401129943502825,0.0,0.1646351931330472,-0.5890786488530375,-0.8014872699773128,-1.0788656214921506,0.16174669565217392,948.2889565217391,0.0,23.0,-0.34105253350185527
Mafro,jng,EBL,3,27,0.667,Diamant Esports,36.7,38.7,46.2,48.2,50.6,42.2,3.7,3.9,4.6,4.8,5.1,4.2,-457.74074074074076,-404.51851851851853,-13.11111111111111,287.2252148148148,0.12463224074074074,4.678318518518519,0.5185185185185185,1.159037037037037,0.3152037037037037,7.777777777777778,0.5833333333333334,0.22691292875989447,0.0,0.17602610338313585,-0.5105772891680944,-0.8530601561012755,-0.8303320544764338,0.15796287037037035,862.4692962962962,0.0,27.0,-0.007917074763303921
Nary,top,HC,3,30,0.567,IKISEQ|IKISEQ Gaming,40.1,37.2,43.0,48.5,47.8,42.1,4.0,3.7,4.3,4.8,4.8,4.2,-200.93333333333334,55.4,-6.3,418.36616,0.19944009999999998,6.735086666666667,0.16666666666666666,0.7826799999999999,0.10656666666666667,1.0333333333333334,0.4470588235294118,0.21318681318681318,0.0,0.17696090580608131,-0.3791080528516066,-0.4431356992462848,-1.0144327772441408,0.1935761,759.5896233333333,0.0,30.0,0.05095476360665772
Thomas Shen,bot,LCO,15,23,0.043,Gravitas,37.8,37.3,46.5,54.3,39.4,41.9,3.8,3.7,4.7,5.4,3.9,4.2,-463.3478260869565,-373.60869565217394,1.6521739130434783,453.5156826086956,0.2811831304347826,9.126347826086956,0.21739130434782608,0.8514,0.2318478260869565,4.043478260869565,0.6648936170212766,0.18944844124700239,0.0,0.15137445887445886,0.0,0.0,-1.0694429211043708,0.277367,349.4412608695652,0.0,23.0,-0.18222881120821185
Lezar,mid,PCS,15,26,0.038,SEM9,30.1,41.9,34.7,60.1,56.9,41.9,3.0,4.2,3.5,6.0,5.7,4.2,-1013.1923076923077,-626.8461538461538,-16.923076923076923,354.2449884615384,0.23476903846153846,7.108557692307692,0.038461538461538464,0.7594538461538461,0.11681538461538461,3.923076923076923,0.7016574585635359,0.18518518518518517,0.0,0.09542176870748298,0.0,0.0,-1.4475396178106705,0.20992973076923077,256.91774230769227,0.0,26.0,1.330600635770453
YeG,mid,LPL,1,39,0.333,LGD Gaming|Qing Jiu E-sport Club,40.5,39.5,44.0,43.5,44.7,41.8,4.0,4.0,4.4,4.3,4.5,4.2,0.0,0.0,0.0,431.72095384615386,0.22150622307692308,7.872664102564103,0.0,0.972902564102564,0.19466153846153847,6.846153846153846,0.6117886178861789,0.1869009584664537,1.4615384615384615,0.19289404322614653,0.0,0.0,-1.0959286937537436,0.22290397435897438,0.0,0.0,39.0,0.19111625514403288
Venour,top,PRM,3,24,0.5,Berlin International Gaming,36.7,39.7,51.9,41.4,46.3,41.8,3.7,4.0,5.2,4.1,4.6,4.2,-815.7083333333334,-365.9583333333333,-15.416666666666666,467.7199166666667,0.23362158333333335,7.4649125000000005,0.375,0.8199666666666667,0.13842083333333333,2.9166666666666665,0.48606811145510836,0.24383561643835616,0.0,0.1997991967871486,0.11595866819747414,0.0,-1.0535921553987466,0.21951241666666665,559.3342458333333,0.0,24.0,0.2589792060491493
Creatore,sup,LHE,2,26,0.423,Cruzados Esports|Maycam Evolve,36.1,39.1,52.4,46.2,41.8,41.8,3.6,3.9,5.2,4.6,4.2,4.2,-200.5,-157.30769230769232,-4.076923076923077,113.29897692307692,0.06609370384615385,1.049,0.0,2.3312384615384616,0.3014807692307692,15.423076923076923,0.5783783783783784,0.24202127659574468,0.0,0.21882390349569744,0.0,0.0,-1.0883006986637016,0.08209985,423.8943,0.0,26.0,-0.040224971878515155
Helaz,sup,LFL2,2,21,0.476,Atletec,41.0,37.3,51.9,44.2,34.0,41.5,4.1,3.7,5.2,4.4,3.4,4.2,-150.9047619047619,-109.0952380952381,1.619047619047619,124.59019523809523,0.058214,1.1200095238095238,0.047619047619047616,2.474757142857143,0.3096809523809524,16.714285714285715,0.6112852664576802,0.308411214953271,0.0,0.33133294403081054,-0.6840824453375612,0.0,-1.1623477889669236,0.08657280476190476,555.5868857142857,0.0,21.0,-0.6169652313234908
Zeni,top,LPLOL,3,36,0.583,EGN Esports,31.9,41.5,49.1,49.3,45.3,41.5,3.2,4.2,4.9,4.9,4.5,4.2,-624.8611111111111,-338.0,-16.02777777777778,349.9397583333333,0.16976014166666664,6.307908333333334,0.3333333333333333,0.9162972222222222,0.1366638888888889,5.5,0.43956043956043955,0.21568627450980393,0.0,0.2067823765020027,-0.06296746035936154,-0.2107069320521619,-1.0589026424572294,0.1840791111111111,762.3173499999999,0.0,36.0,-0.3429987608426269
Jay,mid,LPL,1,25,0.32,LGD Gaming,38.0,41.6,47.1,49.3,31.9,41.5,3.8,4.2,4.7,4.9,3.2,4.2,0.0,0.0,0.0,386.47633199999996,0.221674008,7.757576,0.0,0.927832,0.224672,3.44,0.6286764705882353,0.17829457364341086,0.8,0.21070540085065403,0.0,0.0,-1.0661917543032455,0.21431112,0.0,0.0,25.0,-0.6656067937197591
Luco,sup,LHE,2,49,0.51,Dark Horse|River Plate Gaming,34.3,45.2,38.1,51.4,41.6,41.4,3.4,4.5,3.8,5.1,4.2,4.1,-466.57142857142856,-377.57142857142856,-10.795918367346939,145.02755918367347,0.07404561836734694,1.0465285714285715,0.04081632653061224,2.395026530612245,0.30335102040816325,17.122448979591837,0.6407103825136612,0.24107142857142858,0.0,0.18165751886948375,-0.9086445533788341,-0.08825455253331436,-1.1544480451582606,0.08924982040816326,447.22524081632656,0.0,49.0,-0.3999233826009892
Tron,top,LCO,15,22,0.227,MAMMOTH,31.4,42.1,44.4,60.5,34.2,41.3,3.1,4.2,4.4,6.0,3.4,4.1,-981.9090909090909,-473.3181818181818,-18.5,316.35385909090905,0.17751465454545454,6.566227272727272,0.22727272727272727,0.6648090909090909,0.12080454545454546,2.3636363636363638,0.5327868852459017,0.16945107398568018,0.0,0.16262690047117112,0.0,0.0,-1.2911105851667561,0.1962196818181818,654.1605272727273,0.0,22.0,-0.5633307868601987
Neith,sup,VL,3,21,0.238,AceS GaminG,31.9,35.5,59.8,49.1,39.7,41.0,3.2,3.5,6.0,4.9,4.0,4.1,-457.9047619047619,-371.42857142857144,-18.523809523809526,116.74438095238095,0.07132425238095239,0.9496190476190476,0.0,1.8362571428571428,0.21762857142857142,12.285714285714286,0.6047430830039525,0.2215909090909091,0.0,0.3585915326395459,-0.6444012797074954,0.0,-0.9828424189160682,0.08327094761904762,405.33840000000004,0.0,21.0,-0.4497235437829496
Kind Jungle,jng,PGC,2,24,0.458,Maryville University,42.2,36.6,43.2,46.6,36.3,40.9,4.2,3.7,4.3,4.7,3.6,4.1,-260.2083333333333,-456.4166666666667,-10.375,335.97724999999997,0.16241985416666668,4.8100875,0.25,1.1087666666666667,0.26216666666666666,8.041666666666666,0.6296296296296297,0.2517985611510791,0.0,0.2142884615384615,-0.7499344233627699,0.0,-1.087392477694147,0.16713716666666667,606.3333833333334,0.0,24.0,-0.529172604577081
Kirt,top,PCS,15,25,0.4,Frank Esports,32.2,39.2,50.6,44.7,47.7,40.8,3.2,3.9,5.1,4.5,4.8,4.1,-805.0,-430.8,-20.56,360.1229,0.19369204,6.412956,0.08,0.990896,0.16438,6.84,0.4634146341463415,0.25301204819277107,0.0,0.17564996829422957,-0.10369833212472802,0.0,-1.0521493810075329,0.179898872,596.2641719999999,0.0,25.0,0.3773993361235387
ZKG,bot,UPL,2,20,0.25,Big Duck Energy|Winthrop University,30.1,34.0,63.5,49.2,41.1,40.8,3.0,3.4,6.3,4.9,4.1,4.1,-1240.0,-633.55,-21.65,556.605645,0.24076045000000001,6.935205000000001,0.3,0.95896,0.203715,2.75,0.5909090909090909,0.2290748898678414,0.0,0.2721811975162326,0.04355781232270515,0.0,-0.8562302256111205,0.21633114999999997,282.01374999999996,0.0,20.0,-0.2584996358339402
UNZY,sup,TAL,3,28,0.071,5 Ronin|5 Ronin Academy|Team AURORA Academy,39.2,39.3,45.0,42.0,40.4,40.7,3.9,3.9,4.5,4.2,4.0,4.1,-706.2857142857143,-310.07142857142856,0.6428571428571429,163.59100714285714,0.10782966071428571,1.467675,0.0,2.1172035714285715,0.344825,11.0,0.578125,0.23180076628352492,0.0,0.17307238216329124,0.0,0.0,-1.151180376277605,0.09053578928571428,409.8985535714286,0.0,28.0,-0.39328761126513934
GoWonBin,mid,LAS,3,59,0.305,HANJIN BRION Academy,33.3,36.9,34.5,60.1,50.2,40.7,3.3,3.7,3.5,6.0,5.0,4.1,-457.8305084745763,-189.83050847457628,-10.101694915254237,426.13138983050845,0.21425082033898304,7.1562762711864405,0.22033898305084745,0.6899779661016949,0.16227796610169493,4.5423728813559325,0.584070796460177,0.2072072072072072,0.0,0.1965960868399893,-0.4380054488098652,-0.8361915686836822,-1.3108696703857092,0.1953355254237288,528.5704355932203,0.0,59.0,-0.3157592779298095
Hypnos,bot,TCL,15,28,0.036,5 Ronin|Galakticos,30.1,48.8,36.8,56.1,33.2,40.6,3.0,4.9,3.7,5.6,3.3,4.1,-959.4285714285714,-564.8928571428571,-7.607142857142857,347.0214,0.2134135357142857,7.9283,0.2857142857142857,0.9157928571428571,0.27299285714285715,3.7857142857142856,0.6238095238095238,0.12098298676748583,0.0,0.10675582990397806,0.0,0.0,-1.3309467512580475,0.2480035357142857,215.13581071428572,0.0,28.0,-0.6582399999999999
Lionel,sup,LCO,15,21,0.286,Kanga Esports,35.3,39.3,48.8,40.6,45.0,40.5,3.5,3.9,4.9,4.1,4.5,4.0,-219.95238095238096,-200.23809523809524,0.42857142857142855,107.81083333333333,0.06160761904761905,0.9678857142857143,0.0,2.343042857142857,0.2481857142857143,14.380952380952381,0.5309734513274337,0.18618618618618618,0.0,0.1808450704225352,0.0,0.0,-1.205970066270931,0.0805590238095238,270.1575285714286,0.0,21.0,0.6890316890316887
Wamdejo,bot,VL,3,22,0.182,GeekSide Esports,32.0,36.5,55.6,45.7,41.6,40.3,3.2,3.6,5.6,4.6,4.2,4.0,-721.4545454545455,-304.22727272727275,0.45454545454545453,384.88424090909086,0.21152490909090907,7.666172727272727,0.09090909090909091,0.9638136363636364,0.15071363636363636,6.0,0.57847533632287,0.18691588785046728,0.0,0.2763632920232473,0.0,0.0,-1.027022315653335,0.23147354545454546,260.54204090909093,0.0,22.0,-0.021884098807175758
Luana,top,TCL,15,27,0.481,Dark Passage,30.6,39.1,45.9,55.5,37.8,40.1,3.1,3.9,4.6,5.5,3.8,4.0,-1002.074074074074,-659.1111111111111,-23.62962962962963,325.9841185185185,0.18410457037037034,6.922159259259259,0.1111111111111111,0.8175333333333333,0.13537037037037036,3.888888888888889,0.48138297872340424,0.20822622107969152,0.0,0.1432733214131574,-0.13804173354735144,-0.1813804173354734,-1.0376832190221628,0.1931854703703704,795.1104629629629,0.0,27.0,-0.5670230263157894
Grafo,mid,LMF,2,23,0.261,KRÜ Esports,33.2,42.3,37.9,53.5,37.9,40.1,3.3,4.2,3.8,5.3,3.8,4.0,-476.3478260869565,-225.6086956521739,-6.173913043478261,425.6423913043478,0.21795647826086956,7.512230434782608,0.17391304347826086,0.8882130434782608,0.13310434782608696,4.782608695652174,0.5433333333333333,0.15311004784688995,0.0,0.11230042016806722,0.0,0.0,-1.1581653924065625,0.20317013043478263,267.4561869565217,0.0,23.0,-0.1590873015873017
Gilius,jng,LEC,1,36,0.389,SK Gaming,34.6,39.3,45.0,48.7,36.4,40.0,3.5,3.9,4.5,4.9,3.6,4.0,-346.6666666666667,-184.19444444444446,-6.611111111111111,224.3444027777778,0.12508190555555554,4.842383333333334,0.0,1.4461722222222222,0.44579444444444444,11.13888888888889,0.6563307493540051,0.2727272727272727,2.5,0.18152115038526725,0.0,0.0,-1.1094520597216575,0.15651722222222222,820.5455861111111,0.0,36.0,-0.28685404772361284
Godles,bot,EL,3,35,0.514,Gravity Elite,33.0,45.5,35.4,45.0,45.1,40.0,3.3,4.5,3.5,4.5,4.5,4.0,-451.8857142857143,-310.34285714285716,-21.257142857142856,437.1470428571429,0.2216816,6.673611428571429,0.34285714285714286,1.3764028571428573,0.22929142857142856,5.857142857142857,0.5964214711729622,0.2074235807860262,0.0,0.1731370234044031,-0.7200874726647922,-0.9666770800791419,-1.030868655429148,0.21686585714285714,203.21287714285714,0.0,35.0,-0.26013391241404255
Feliz,bot,LAS,3,28,0.214,HANJIN BRION Academy,35.5,40.5,37.4,48.6,39.6,39.7,3.5,4.0,3.7,4.9,4.0,4.0,-985.75,-443.25,-21.428571428571427,543.2929392857143,0.2621494285714286,8.075864285714285,0.7142857142857143,0.8817285714285715,0.2672964285714286,2.107142857142857,0.6217008797653959,0.20522388059701493,0.0,0.1607850330154072,0.0,0.0,-1.3232470640577783,0.24794464285714285,296.361,0.0,28.0,0.055842861887365515
DaJeung,mid,LCO,15,42,0.071,Gravitas,35.7,39.4,39.2,46.3,37.4,39.1,3.6,3.9,3.9,4.6,3.7,3.9,-670.2380952380952,-386.4761904761905,-9.666666666666666,428.2722047619048,0.2579995,7.739716666666667,0.2619047619047619,0.924802380952381,0.18687142857142858,3.8333333333333335,0.6338797814207651,0.2217997465145754,0.0,0.13486922434290857,0.0,0.0,-1.3176367202556645,0.23325480952380953,360.6908,0.0,42.0,-0.4397576101879468
Megumiin,mid,LJL,15,42,0.238,AXIZ,33.3,39.6,36.3,48.7,40.3,38.7,3.3,4.0,3.6,4.9,4.0,3.9,-655.2142857142857,-519.6904761904761,-15.833333333333334,408.58155,0.24939359523809526,8.067738095238095,0.23809523809523808,0.898052380952381,0.16332857142857143,6.476190476190476,0.6198830409356725,0.19665271966527198,0.0,0.10602906806894537,0.0,0.0,-1.3664465605597338,0.2279622857142857,360.9104761904762,0.0,42.0,-0.13846591139805906
Kaito,mid,LJL,15,39,0.385,Crest Gaming Act,35.2,42.5,31.9,45.4,38.4,38.6,3.5,4.2,3.2,4.5,3.8,3.9,-395.38461538461536,-180.53846153846155,-4.051282051282051,373.7809487179487,0.21344946153846153,8.071289743589745,0.15384615384615385,0.9366743589743589,0.18976666666666667,7.205128205128205,0.5811764705882353,0.16453382084095064,0.0,0.10382288228822883,-0.6621794871794873,-0.8092307692307692,-1.2135896871679015,0.21000076923076924,224.10658974358972,0.0,39.0,-0.3935857805255023
Solu,jng,SL (LATAM),3,20,0.4,Diamond Doves,33.6,41.8,39.3,41.8,38.1,38.5,3.4,4.2,3.9,4.2,3.8,3.9,-631.8,-589.2,-15.45,324.457905,0.15261216,5.05166,0.0,1.24947,0.26788500000000004,7.95,0.602112676056338,0.21329639889196675,0.0,0.13482366151176442,-0.06470323741007185,0.0,-1.234352844004983,0.17437465000000002,611.799095,0.0,20.0,-0.19082949308755745
985,bot,LDL,2,34,0.059,Qing Jiu E-sport Club,39.2,34.8,42.0,38.6,38.5,38.3,3.9,3.5,4.2,3.9,3.9,3.8,0.0,0.0,0.0,400.80145,0.24325082352941177,8.477629411764706,0.0,0.7462735294117647,0.22764705882352942,2.6470588235294117,0.5578947368421052,0.17758369723435224,0.3235294117647059,0.17183441558441556,0.0,0.0,-1.2423175776150888,0.2558092941176471,0.0,0.0,34.0,-0.2107220328478463
Sandalo,bot,PGN,3,23,0.348,Esport Empire,30.6,37.0,35.1,60.0,35.2,38.2,3.1,3.7,3.5,6.0,3.5,3.8,-813.9130434782609,-418.04347826086956,-13.565217391304348,362.2263434782609,0.20621365217391305,7.5445521739130434,0.21739130434782608,0.8142608695652173,0.15794347826086955,5.043478260869565,0.6666666666666666,0.22397476340694006,0.0,0.0883374149659864,0.0,0.0,-1.2372335495561224,0.21417639130434782,297.2399913043478,0.0,23.0,-0.45528780548319064
Akko,bot,LDL,2,20,0.05,Qing Jiu E-sport Club,37.6,39.2,35.9,40.4,33.2,37.7,3.8,3.9,3.6,4.0,3.3,3.8,0.0,0.0,0.0,432.71232499999996,0.20689405,7.636095,0.0,0.91027,0.286225,0.95,0.5806451612903226,0.1912087912087912,0.85,0.11238323080428342,0.0,0.0,-1.3676606649624274,0.248699,0.0,0.0,20.0,-0.4150344676660467
Mime,bot,EL,3,27,0.333,Bandits Gaming,31.5,34.6,40.7,47.7,41.8,37.6,3.1,3.5,4.1,4.8,4.2,3.8,-824.1111111111111,-359.44444444444446,-18.77777777777778,406.3231777777778,0.21403081481481484,6.478207407407407,0.48148148148148145,0.8158925925925926,0.1437,3.888888888888889,0.6171428571428571,0.2144469525959368,0.0,0.16788100540884507,0.0,0.0,-1.1867649867709944,0.2096841851851852,192.5014,0.0,27.0,0.06775253116404288
pawp,jng,NLC,2,32,0.094,Cabbage Family|Team Singularity,32.9,38.1,32.2,50.6,31.4,36.8,3.3,3.8,3.2,5.1,3.1,3.7,-895.15625,-498.78125,-15.34375,314.9928875,0.154324775,4.66605,0.125,1.072584375,0.255153125,3.46875,0.6491228070175439,0.24331926863572434,0.0,0.09034753373512766,0.1570195890277455,0.0,-1.8319325431343565,0.1715568125,717.290165625,0.0,32.0,-0.5425153935045447
Blaze,bot,PCS,15,21,0.286,Impunity,31.2,37.7,41.2,39.6,34.9,36.3,3.1,3.8,4.1,4.0,3.5,3.6,-1126.3809523809523,-649.3333333333334,-12.428571428571429,407.83580952380953,0.2522812857142857,9.323823809523809,0.6190476190476191,1.1097904761904762,0.28728095238095236,4.904761904761905,0.5909090909090909,0.19879518072289157,0.0,0.18866396761133605,-0.7774607703281027,0.0,-1.1025186175481079,0.2597109523809524,219.2766666666667,0.0,21.0,-0.5379102225575254
zEkO,bot,LMF,2,22,0.273,KRÜ Esports,30.2,33.3,41.1,41.2,35.9,35.2,3.0,3.3,4.1,4.1,3.6,3.5,-826.0,-486.59090909090907,-12.863636363636363,416.8960363636363,0.20898745454545456,7.431854545454545,0.5,1.059531818181818,0.20194090909090912,5.0,0.5319148936170213,0.21882951653944022,0.0,0.18551657785671996,0.0,0.0,-1.3165826441686528,0.21949654545454544,202.44672272727274,0.0,22.0,-0.1087971633330837
