player_id,position,league,tier,games,winrate,操作,运营,心态,指挥,体质,适应力,总评,逆风局数,翻盘率,英雄池,_boxz,_impz,_resid,teams,年龄
TheShy,top,LPL,1,79,0.835,75.3,46.6,71.6,61.5,60.2,64.7,76.7,6,0.5,21,0.62,3.285,2.488,Invictus Gaming,19
Rookie,mid,LPL,1,161,0.72,74.7,57.6,48.4,62.2,53.5,57.2,76.1,20,0.2,23,0.57,3.048,2.284,Invictus Gaming,18
MooJin,jng,LMS,15,89,0.82,57.8,57.8,56.0,69.8,52.0,58.4,76.0,8,0.25,18,0.108,3.363,3.505,Flash Wolves,20
Betty,bot,LMS,15,93,0.796,66.3,65.8,50.8,65.8,46.4,54.3,75.9,8,0.25,15,0.414,3.06,2.827,Flash Wolves,18
Nuguri,top,CK,2,78,0.731,78.0,66.0,64.2,63.2,50.9,65.6,75.7,10,0.3,21,1.046,2.462,1.855,Dplus Kia,19
Maple,mid,LMS,15,106,0.764,59.5,57.7,53.9,73.2,47.3,59.4,75.5,12,0.25,22,0.133,3.141,3.207,Flash Wolves|Suning,21
Baolan,sup,LPL,1,160,0.719,64.4,56.0,55.3,58.4,47.9,50.0,75.3,20,0.2,16,0.241,2.975,2.185,Invictus Gaming,19
Ning,jng,LPL,1,160,0.719,70.6,47.5,50.1,64.8,45.3,56.9,75.3,20,0.2,19,0.243,2.952,2.662,Invictus Gaming,20
JackeyLove,bot,LPL,1,155,0.723,66.1,46.2,51.9,64.1,49.3,54.7,75.1,19,0.211,18,0.107,2.999,2.562,Invictus Gaming,18
Lehends,sup,LCK,1,96,0.76,73.6,59.2,57.3,54.0,37.7,51.6,74.9,13,0.154,12,0.529,2.584,1.604,Griffin,20
Uzi,bot,LPL,1,115,0.67,76.2,65.6,47.9,79.3,40.5,48.6,74.7,15,0.067,13,0.719,2.358,1.388,Royal Never Give Up,27
SwordArt,sup,LMS,15,100,0.76,60.6,55.3,59.5,71.1,52.7,51.5,74.7,11,0.273,13,0.192,2.805,2.653,Flash Wolves|Suning,22
Viper,bot,LCK,1,100,0.76,62.6,59.0,53.0,62.0,38.9,70.0,74.4,13,0.154,26,0.157,2.729,2.262,Griffin,18
ShowMaker,mid,CK,2,78,0.731,61.7,58.7,63.4,65.4,53.0,60.6,74.0,10,0.3,22,0.328,2.462,2.367,Dplus Kia,18
Sw0rd,top,LCK,1,100,0.76,55.0,57.4,51.3,67.8,40.1,60.0,73.9,13,0.154,22,-0.03,2.729,2.582,Griffin,21
Ming,sup,LPL,1,165,0.655,58.4,60.2,46.4,57.4,51.7,57.9,73.8,22,0.091,15,0.058,2.634,2.049,Royal Never Give Up,20
Warangelus,bot,CLS,15,58,0.741,70.0,58.7,54.5,60.3,46.4,68.5,73.6,6,0.167,20,0.403,2.29,2.021,Rebirth eSports,20
Xiaohu,mid,LPL,1,165,0.655,57.1,54.9,48.0,63.3,53.8,59.8,73.6,22,0.091,25,-0.007,2.634,2.444,Royal Never Give Up,20
Tarzan,jng,LCK,1,98,0.755,57.1,60.1,52.7,63.3,41.6,58.0,73.5,13,0.154,19,0.065,2.556,2.437,Griffin,19
Zeitnot,bot,TCL,15,89,0.719,74.8,62.9,62.0,72.7,43.2,51.1,73.4,11,0.364,14,0.706,2.002,1.392,Papara SuperMassive,23
Hanabi,top,LMS,15,77,0.805,55.7,58.5,57.5,64.2,43.9,58.1,73.3,7,0.286,19,0.071,2.502,2.548,Flash Wolves,18
SnowFlower,sup,TCL,15,91,0.714,69.7,58.6,64.2,59.7,48.7,65.7,72.8,12,0.333,19,0.483,2.03,1.587,KT Rolster|Papara SuperMassive,21
Shadow,sup,CLS,15,58,0.741,60.1,62.0,51.0,80.3,44.1,61.3,72.8,6,0.167,14,0.172,2.29,2.158,Rebirth eSports,33
Peanut,jng,LCK,1,99,0.677,60.2,64.8,51.0,60.2,39.5,56.6,72.7,9,0.111,19,0.194,2.25,1.989,Gen.G|Kingzone DragonX,20
Caps,mid,EU LCS,1,82,0.683,69.3,53.3,59.8,57.0,56.1,67.5,72.7,11,0.364,26,0.36,2.121,1.578,Fnatic,19
Broxah,jng,EU LCS,1,82,0.683,58.8,59.8,66.1,64.3,73.6,61.3,72.6,11,0.364,20,0.309,2.121,1.738,Fnatic,21
xiaopeng,jng,LDL,2,90,0.633,59.1,56.8,76.2,71.5,63.2,57.4,72.4,2,0.0,17,0.4,2.019,2.133,SinoDragon Gaming,21
k1ng,bot,OPL,15,67,0.731,61.8,59.8,52.4,60.9,52.4,58.8,72.3,8,0.125,17,0.193,2.155,2.101,Dire Wolves,20
HolyPhoenix,bot,TCL,15,51,0.745,65.7,53.8,51.3,65.9,57.4,59.9,72.3,6,0.167,13,0.287,2.082,1.923,Beşiktaş Esports|Royal Bandits,21
Smeb,top,LCK,1,112,0.643,67.4,64.6,56.4,70.3,48.2,63.3,72.2,12,0.25,22,0.465,1.914,1.282,KT Rolster,23
Rather,mid,CK,2,40,0.9,65.5,59.6,53.4,74.7,42.7,56.4,72.2,2,0.0,14,0.279,2.057,1.984,Griffin,22
Cupcake,sup,OPL,15,67,0.731,57.5,58.3,57.4,74.9,57.6,53.7,72.1,8,0.125,13,0.131,2.155,2.064,Dire Wolves,24
behave,jng,UL,2,42,0.738,58.2,56.6,63.2,67.6,42.2,59.9,72.1,6,0.333,13,0.182,2.122,2.555,Beşiktaş Esports|Illuminar Gaming,20
Zeros,top,VCS,15,78,0.654,76.4,62.5,57.7,52.0,53.3,53.0,72.0,11,0.273,14,0.777,1.609,0.895,GAM Esports|Phong Vũ Buffalo,18
Triple,mid,OPL,15,67,0.731,57.9,58.3,53.8,62.3,56.6,59.8,72.0,8,0.125,19,0.112,2.155,2.179,Dire Wolves,19
GBM,mid,TCL,15,89,0.719,62.2,50.4,68.5,77.9,45.0,68.0,72.0,11,0.364,26,0.21,2.085,2.001,Papara SuperMassive,24
Rakyz,mid,CLS,15,58,0.741,53.7,54.4,49.7,64.4,68.5,56.3,72.0,6,0.167,20,-0.045,2.29,2.49,Rebirth eSports,20
Hylissang,sup,EU LCS,1,82,0.683,62.6,42.9,64.6,69.1,76.5,49.1,71.8,11,0.364,12,0.114,2.121,1.563,Fnatic,23
Twila,mid,LDL,2,90,0.633,51.4,61.0,69.5,63.1,67.5,57.8,71.7,2,0.0,18,0.208,2.019,2.02,SinoDragon Gaming,20
Shernfire,jng,OPL,15,60,0.733,68.7,53.3,51.3,58.5,49.9,58.0,71.6,8,0.125,16,0.277,1.931,1.767,Dire Wolves,20
PraY,bot,LCK,1,112,0.67,63.3,55.0,41.2,75.3,42.6,47.5,71.6,13,0.077,15,0.074,2.102,1.753,Kingzone DragonX,24
fabFabulous,top,TCL,15,89,0.719,57.9,54.4,62.6,71.9,43.2,59.1,71.6,11,0.364,19,0.088,2.085,2.1,Papara SuperMassive,22
Slow,sup,CLS,15,67,0.716,67.3,63.0,61.2,56.9,40.1,57.3,71.5,9,0.333,14,0.533,1.714,1.22,Kaos Latin Gamers,21
Dumbledoge,sup,TCL,15,68,0.721,63.3,54.0,43.5,74.8,48.6,57.3,71.5,6,0.0,11,0.074,2.084,2.05,Royal Bandits,24
Changhong,top,LDL,2,83,0.627,60.1,56.8,77.1,68.5,74.6,47.9,71.5,2,0.0,12,0.471,1.769,1.713,SinoDragon Gaming,21
Karsa,jng,LPL,1,98,0.673,65.9,51.4,51.3,64.2,47.9,56.6,71.3,12,0.083,16,0.177,1.969,1.717,Royal Never Give Up,21
BrokenBlade,top,TCL,15,68,0.721,61.2,54.6,45.7,61.5,47.2,68.0,71.3,6,0.0,21,0.03,2.084,2.159,Royal Bandits,18
Khan,top,LCK,1,104,0.663,68.5,68.2,43.6,64.6,40.4,56.7,71.2,13,0.077,20,0.404,1.756,1.186,Kingzone DragonX|SK Telecom T1,22
Alone,bot,LDL,2,66,0.697,56.7,55.7,49.9,68.0,54.8,42.6,71.0,0,0.0,8,0.004,2.037,2.642,SinoDragon Gaming,20
Rekkles,bot,EU LCS,1,69,0.667,63.7,65.6,65.8,63.8,49.0,40.5,70.9,10,0.4,9,0.451,1.663,0.988,Fnatic,22
Evi,top,LJL,15,58,0.741,68.3,55.4,54.8,73.5,40.2,48.7,70.9,8,0.125,14,0.289,1.785,1.582,DetonatioN FocusMe,23
Blaber,jng,NA LCS,1,29,0.759,71.0,55.5,63.8,53.1,45.9,57.6,70.7,3,0.333,11,0.463,1.606,1.049,Cloud9|Cloud9 Academy,18
Stomaged,jng,TCL,15,89,0.719,52.3,50.5,61.5,68.3,41.9,48.8,70.7,11,0.364,15,-0.111,2.085,2.355,Papara SuperMassive,21
Ryoma,mid,OPL,15,61,0.705,65.5,50.3,73.5,56.8,37.3,54.5,70.6,8,0.625,17,0.338,1.689,1.443,Chiefs Esports Club,19
Raes,bot,OPL,15,56,0.714,66.9,60.0,70.6,53.2,45.1,64.9,70.5,8,0.625,19,0.529,1.52,1.068,Chiefs Esports Club,20
Nuclear,bot,CK,2,41,0.805,60.9,57.9,67.3,72.5,43.8,48.8,70.5,6,0.333,10,0.277,1.724,1.902,Dplus Kia,21
Fix,bot,CLS,15,67,0.716,62.6,55.7,63.5,68.9,42.6,61.9,70.5,9,0.333,18,0.301,1.714,1.517,Kaos Latin Gamers,22
Bdd,mid,LCK,1,118,0.661,53.8,52.8,43.5,60.7,45.2,61.2,70.5,14,0.071,28,-0.172,2.096,2.077,KT Rolster|Kingzone DragonX,19
Tierwulf,jng,CLS,15,66,0.712,65.3,52.4,63.6,68.5,51.0,60.9,70.4,9,0.333,19,0.282,1.714,1.525,Kaos Latin Gamers,22
Edward,sup,LCL,15,64,0.688,64.4,59.9,45.9,72.9,49.9,63.9,70.3,7,0.0,16,0.219,1.733,1.554,Gambit Esports,24
Plugo,mid,CLS,15,66,0.712,59.7,61.5,62.1,64.4,47.8,63.0,70.3,9,0.333,22,0.251,1.714,1.562,Kaos Latin Gamers,21
destiny,sup,OPL,15,61,0.705,56.6,59.1,72.4,58.7,46.3,51.3,70.3,8,0.625,14,0.28,1.689,1.449,Chiefs Esports Club,21
Steal,jng,LJL,15,58,0.741,60.4,59.2,53.2,58.4,47.1,55.8,70.2,8,0.125,15,0.146,1.785,1.751,DetonatioN FocusMe,20
Mata,sup,LCK,1,113,0.637,53.4,63.3,59.7,71.6,48.3,57.8,70.2,11,0.273,13,0.115,1.815,1.3,KT Rolster|SK Telecom T1,24
Babip,jng,OPL,15,61,0.705,58.6,55.7,71.0,56.7,57.4,60.0,70.2,8,0.625,17,0.251,1.689,1.532,Chiefs Esports Club,20
Deft,bot,LCK,1,112,0.634,64.6,53.6,55.7,65.7,49.5,53.6,70.1,11,0.273,16,0.208,1.718,1.267,KT Rolster|Kingzone DragonX,22
GorillA,sup,LCK,1,112,0.67,52.0,49.7,45.7,74.0,39.7,60.8,70.1,13,0.077,18,-0.277,2.102,1.882,Kingzone DragonX,24
Score,jng,LCK,1,98,0.653,60.2,59.8,61.2,78.9,49.5,60.1,70.0,10,0.3,16,0.235,1.669,1.349,KT Rolster,26
Yutapon,bot,LJL,15,58,0.741,60.9,54.1,57.6,70.4,41.9,61.4,70.0,8,0.125,19,0.101,1.785,1.804,DetonatioN FocusMe,22
Scout,mid,LPL,1,159,0.604,70.8,57.4,53.6,51.3,52.7,54.5,69.9,18,0.167,24,0.466,1.466,0.83,EDward Gaming,20
Peng,mid,LDL,2,81,0.58,54.7,58.9,44.3,63.2,47.6,52.9,69.9,0,0.0,15,0.019,1.835,2.025,Unlimited Potential,14
viviD,sup,LJL,15,58,0.741,58.0,54.6,55.5,76.2,37.1,47.6,69.9,8,0.125,11,0.086,1.785,1.739,DetonatioN FocusMe,25
Olleh,sup,NA LCS,1,71,0.648,67.3,60.4,60.0,68.9,53.3,49.3,69.8,9,0.222,10,0.404,1.494,0.778,Team Liquid,24
Meiko,sup,LPL,1,159,0.604,71.8,54.5,58.0,47.4,44.2,58.8,69.8,18,0.167,17,0.451,1.466,0.714,EDward Gaming,20
Hoit,sup,CK,2,58,0.707,50.9,64.6,72.2,56.2,52.0,55.3,69.7,8,0.375,11,0.246,1.61,1.579,Dplus Kia,19
Ceros,mid,LJL,15,58,0.741,64.8,50.2,48.2,79.2,34.9,51.8,69.7,8,0.125,17,0.04,1.785,1.862,DetonatioN FocusMe,25
Sneaky,bot,NA LCS,1,72,0.625,55.4,53.9,65.2,80.2,54.8,70.9,69.7,6,0.333,21,0.065,1.769,1.449,Cloud9|Cloud9 Academy,30
Swip3rR,top,OPL,15,61,0.705,52.3,54.5,73.0,76.6,57.9,51.3,69.7,8,0.625,13,0.145,1.689,1.631,Chiefs Esports Club,24
Kira,mid,LCL,15,64,0.688,57.7,62.8,46.2,59.2,51.1,56.6,69.6,7,0.0,18,0.082,1.733,1.762,Gambit Esports,18
Doublelift,bot,NA LCS,1,72,0.639,65.0,66.0,61.5,74.5,55.7,51.0,69.5,10,0.2,12,0.458,1.405,0.74,Team Liquid,25
Punch,jng,CK,2,47,0.766,58.7,61.4,63.3,61.9,54.9,53.9,69.5,5,0.2,10,0.276,1.558,1.691,Dplus Kia,20
PvPStejos,top,LCL,15,64,0.688,58.2,60.3,46.3,70.3,50.2,54.8,69.5,7,0.0,16,0.062,1.733,1.763,Gambit Esports,22
Diamondprox,jng,LCL,15,64,0.688,62.0,52.7,49.4,79.6,47.9,53.1,69.5,7,0.0,15,0.056,1.733,1.791,Gambit Esports,26
Ley,sup,LDL,2,72,0.556,56.3,55.0,49.1,67.2,58.3,61.7,69.2,0,0.0,13,0.03,1.714,1.923,Victorious Gaming,21
Kumo,top,LCSA,2,48,0.729,53.5,55.6,75.9,62.3,63.4,60.4,69.2,8,0.625,16,0.24,1.542,1.718,Cloud9 Academy,18
Nate,top,CLS,15,67,0.716,52.3,54.6,63.3,58.8,59.9,50.8,69.2,9,0.333,16,0.015,1.714,1.792,Kaos Latin Gamers,19
Palette,sup,VCS,15,83,0.627,72.6,65.1,56.2,46.1,74.2,67.9,69.1,12,0.25,21,0.692,1.153,0.5,Phong Vũ Buffalo|Young Generation,13
Jeskla,bot,SLO,3,58,0.707,71.7,62.1,73.9,52.5,49.7,61.6,69.1,9,0.667,15,0.793,1.071,1.045,Movistar KOI,18
Mystiques,sup,UL,2,54,0.741,65.2,53.7,63.4,63.5,43.7,57.1,68.9,5,0.4,11,0.29,1.449,1.357,7more7 Pompa Team|Giants,21
iBoy,bot,LPL,1,153,0.608,67.0,58.0,55.4,51.5,45.1,45.9,68.8,16,0.125,14,0.331,1.401,0.855,EDward Gaming,18
Shrimp,jng,CBLOL,15,53,0.642,68.5,59.8,61.8,75.8,53.4,63.2,68.7,11,0.273,17,0.559,1.189,0.655,Flamengo MDL|FlyQuest|FlyQuest Academy,25
Endless,bot,LDL,2,85,0.565,56.4,59.2,44.0,64.4,59.1,65.0,68.7,0,0.0,19,0.042,1.622,2.07,Unlimited Potential,20
Ucal,mid,LCK,1,80,0.65,50.4,49.2,53.7,58.7,57.9,53.5,68.7,9,0.222,20,-0.194,1.807,1.814,DN SOOPers|KT Rolster,17
Kiin,top,LCK,1,117,0.59,65.3,62.9,54.2,48.8,55.2,68.0,68.4,18,0.167,27,0.36,1.31,0.788,DN SOOPers,19
LokeN,bot,LPL,1,114,0.57,55.5,59.8,48.1,55.0,51.4,59.7,68.4,19,0.105,18,0.028,1.588,1.314,JD Gaming|Top Esports,20
Zerost,bot,LJLCS,2,22,0.727,68.5,58.6,67.8,75.0,64.4,59.4,68.3,3,0.667,10,0.51,1.178,0.919,QT DIG∞|Smash It Down,22
Kuro,mid,LCK,1,115,0.6,54.0,65.4,55.4,54.0,43.0,63.5,68.2,17,0.176,26,0.113,1.48,1.19,DN SOOPers,15
Stitch,bot,LMS,15,80,0.6,62.3,68.9,68.7,63.7,46.2,51.9,68.1,14,0.286,14,0.518,1.137,0.672,G-Rex,22
Malrang,jng,CK,2,72,0.653,60.2,57.4,51.9,62.3,53.3,64.1,68.1,10,0.0,17,0.134,1.456,1.743,Royal Bandits|Winners,18
Aix,jng,LDL,2,83,0.566,55.1,55.8,44.9,65.6,58.5,58.6,68.1,0,0.0,17,-0.076,1.616,2.229,Unlimited Potential,19
Keith,bot,LCSA,2,48,0.688,64.7,62.2,75.5,66.4,38.2,62.5,68.0,8,0.625,15,0.553,1.087,0.75,Cloud9|Cloud9 Academy,21
Zeyzal,sup,LCSA,2,74,0.635,53.2,57.7,66.4,55.4,52.1,53.1,67.9,9,0.444,13,0.137,1.41,1.48,Cloud9|Cloud9 Academy,19
Seiya,mid,LLN,15,43,0.721,69.0,57.1,47.4,67.0,62.3,58.1,67.8,3,0.0,15,0.302,1.266,1.031,Movistar R7,22
Smlz,bot,LPL,1,138,0.58,69.7,53.4,47.8,57.0,46.7,56.4,67.8,25,0.12,21,0.265,1.291,0.813,Rogue Warriors|Suning,21
Humanoid,mid,UL,2,60,0.617,65.8,55.9,59.5,56.2,56.1,48.4,67.7,11,0.091,13,0.312,1.245,1.077,Dark Passage|Illuminar Gaming|eSuba,18
Letme,top,LPL,1,115,0.643,48.7,52.6,49.3,68.3,46.9,57.1,67.7,17,0.118,23,-0.245,1.704,1.779,Royal Never Give Up,22
Genthix,sup,LLN,15,43,0.721,65.2,59.7,48.7,79.3,73.4,55.7,67.5,3,0.0,11,0.25,1.266,1.056,Movistar R7,28
Yijin,jng,VCS,15,89,0.618,72.5,55.0,58.1,50.3,42.6,59.8,67.4,14,0.214,20,0.449,1.094,0.671,EVOS Esports,18
Newbie,sup,CLS,15,56,0.661,63.6,63.9,61.7,53.9,61.0,61.5,67.4,3,0.333,13,0.371,1.149,0.817,Isurus,21
Closer,jng,TCL,15,34,0.735,66.4,50.8,50.3,54.1,53.0,53.3,67.4,2,0.0,11,0.183,1.305,1.188,Royal Bandits,20
Xmithie,jng,NA LCS,1,72,0.639,53.3,56.0,64.6,79.8,54.3,52.8,67.4,10,0.2,15,0.059,1.405,1.258,Team Liquid,27
Naul,mid,VCS,15,83,0.627,63.2,56.2,61.3,52.5,75.7,54.2,67.2,12,0.25,19,0.343,1.153,0.867,Phong Vũ Buffalo|Young Generation,20
sask,mid,LDL,2,74,0.541,51.1,52.8,49.9,77.2,72.1,60.2,67.2,0,0.0,20,-0.064,1.474,1.726,Victorious Gaming,23
Zhuangzhou,sup,LDL,2,79,0.62,53.9,48.6,48.9,73.1,72.2,48.2,67.2,0,0.0,11,-0.121,1.519,1.876,TyLoo,22
Emp,mid,CLS,15,54,0.667,64.0,64.9,49.6,53.1,45.9,53.3,67.1,2,0.0,15,0.286,1.178,0.954,Isurus,18
Doinb,mid,LPL,1,125,0.584,61.9,65.1,45.4,64.7,49.9,58.4,67.1,21,0.095,24,0.25,1.21,0.79,Rogue Warriors,22
Freeze,bot,TCL,15,34,0.735,59.0,58.8,49.1,75.6,62.9,52.9,67.1,2,0.0,11,0.127,1.305,1.266,Royal Bandits,24
Dove,mid,CK,2,91,0.626,66.4,64.8,60.1,52.3,46.3,50.7,67.0,10,0.1,19,0.52,0.969,0.557,Team BattleComics,20
Spirit,jng,LCK,1,88,0.602,61.3,61.2,58.4,63.5,52.1,64.0,66.9,15,0.2,21,0.281,1.158,0.775,DN SOOPers,22
Bigkoro,bot,VCS,15,83,0.627,60.5,60.9,60.2,52.2,59.9,54.1,66.9,12,0.25,15,0.279,1.153,0.944,Phong Vũ Buffalo|Young Generation,19
Stark,top,VCS,15,86,0.628,69.6,51.8,57.4,59.0,43.2,51.8,66.9,12,0.167,17,0.295,1.142,0.91,EVOS Esports,21
Impact,top,NA LCS,1,72,0.639,49.8,57.6,60.9,70.3,61.8,58.7,66.9,10,0.2,20,-0.034,1.405,1.272,Team Liquid,23
Biubiu,top,LDL,2,70,0.643,55.9,60.6,50.3,62.2,47.4,59.3,66.8,0,0.0,16,0.038,1.332,1.708,Suning-S,19
Weiwei,jng,LDL,2,39,0.744,57.2,53.8,51.8,62.9,55.0,59.5,66.8,0,0.0,13,-0.008,1.378,1.826,Suning-S,18
OnFleek,jng,CK,2,28,0.75,66.4,57.7,50.4,65.5,36.8,54.8,66.7,0,0.0,8,0.311,1.106,1.05,Team BattleComics,21
Clowz,top,LDL,2,80,0.562,58.0,56.4,50.1,68.8,45.5,67.8,66.7,0,0.0,22,0.008,1.351,1.767,OnlyGame,21
Abbedagge,mid,TCL,15,34,0.735,56.8,57.6,51.3,56.2,37.8,55.9,66.6,2,0.0,13,0.037,1.305,1.354,Royal Bandits,19
Pobelter,mid,NA LCS,1,72,0.639,52.1,53.1,58.8,67.9,59.4,52.2,66.6,10,0.2,18,-0.081,1.405,1.307,Team Liquid,22
Ray,top,LPL,1,159,0.604,44.9,56.0,55.6,53.7,66.9,69.5,66.6,18,0.167,29,-0.152,1.466,1.45,EDward Gaming,13
Jensen,mid,NA LCS,1,68,0.618,64.1,58.8,61.6,69.1,50.8,62.8,66.5,6,0.333,21,0.326,1.06,0.568,Cloud9|Cloud9 Academy,23
TusiN,sup,LCK,1,117,0.59,56.6,56.3,62.2,64.8,43.3,53.5,66.5,17,0.176,14,0.089,1.253,0.841,DN SOOPers|Kingzone DragonX,23
Mark,sup,LDL,2,50,0.58,54.4,57.7,60.3,63.9,68.0,53.8,66.5,2,0.0,10,0.067,1.273,1.407,SinoDragon Gaming,21
Svenskeren,jng,NA LCS,1,68,0.588,71.6,56.1,70.3,58.3,77.9,56.0,66.4,7,0.429,17,0.621,0.805,0.061,Cloud9|Cloud9 Academy,22
Oddie,jng,LLN,15,43,0.721,56.8,59.4,50.9,61.3,64.9,53.6,66.4,3,0.0,14,0.062,1.266,1.278,Movistar R7,21
Klaj,sup,SLO,3,58,0.707,54.4,60.4,74.7,60.3,48.2,48.3,66.4,9,0.667,10,0.305,1.071,1.591,Movistar KOI,22
Korol,top,LDL,2,62,0.532,58.2,46.8,50.5,78.8,58.7,53.0,66.4,0,0.0,14,-0.059,1.359,1.857,Victorious Gaming,24
Goldenglue,mid,LCSA,2,51,0.647,66.9,63.1,72.6,67.0,55.2,63.7,66.3,7,0.571,18,0.579,0.824,0.338,Cloud9|Cloud9 Academy,22
Alive,bot,TCS,2,43,0.721,63.2,61.5,63.5,56.0,43.6,62.1,66.3,7,0.286,14,0.354,1.01,0.904,Dplus Kia|Pars eSports,20
sOAZ,top,EU LCS,1,41,0.756,47.7,48.7,71.1,74.5,77.6,54.3,66.3,5,0.6,13,-0.126,1.408,1.367,Fnatic,24
SoaR,top,CK,2,92,0.62,67.1,60.1,57.4,61.8,54.1,55.9,66.2,10,0.1,19,0.471,0.898,0.669,GC Busan Rising Star|Team BattleComics,21
Perkz,mid,EU LCS,1,81,0.568,68.9,56.8,59.0,48.3,42.2,61.1,66.2,11,0.182,23,0.392,0.967,0.411,G2 Esports,20
dyNquedo,mid,CBLOL,15,54,0.648,60.4,57.2,56.0,61.2,41.7,55.3,66.2,10,0.2,17,0.145,1.172,1.098,KaBuM! Esports,21
Killua,sup,LPL,1,132,0.576,65.0,52.5,44.8,59.3,56.8,55.9,66.2,23,0.087,15,0.089,1.209,0.804,Rogue Warriors,22
TitaN,bot,CBLOL,15,54,0.648,59.5,57.7,55.1,53.4,49.4,59.6,66.2,10,0.2,15,0.148,1.172,1.102,KaBuM! Esports,18
Dian,mid,LDL,2,70,0.643,56.7,53.2,50.0,73.1,55.9,60.7,66.2,0,0.0,18,-0.048,1.332,1.556,Suning-S,22
l3est16,jng,LDL,2,80,0.562,54.7,54.0,50.6,63.3,52.5,47.8,66.2,0,0.0,12,-0.085,1.351,1.893,OnlyGame,17
Riyev,sup,CBLOL,15,47,0.681,48.1,55.1,51.6,64.7,63.2,57.7,66.2,8,0.125,11,-0.115,1.382,1.537,KaBuM! Esports,22
Hollow,bot,CK,2,91,0.626,62.3,66.4,55.3,55.3,45.4,46.0,66.1,10,0.1,14,0.378,0.969,0.821,Team BattleComics,9
Wunder,top,EU LCS,1,82,0.573,66.8,55.8,64.7,46.3,47.1,53.8,66.1,11,0.182,17,0.377,0.967,0.43,G2 Esports,20
Bwipo,top,EU LCS,1,41,0.61,62.7,48.6,57.8,49.5,72.4,49.4,66.1,6,0.167,11,0.123,1.168,0.881,Fnatic,20
Babi9,bot,LDL,2,68,0.647,54.5,54.2,49.9,72.2,61.9,60.0,66.1,0,0.0,15,-0.061,1.329,1.83,Suning-S,21
Ruler,bot,LCK,1,121,0.545,63.5,64.5,65.1,46.9,62.1,41.8,66.0,19,0.211,11,0.479,0.864,0.213,Gen.G|KSV eSports,20
Inspired,jng,UL,2,36,0.667,70.6,57.1,52.7,54.7,73.7,55.8,66.0,2,0.0,11,0.398,0.937,0.714,7more7 Pompa Team|KIYF eSports Club|MOUZ NXT,16
MaiX,mid,LDL,2,47,0.596,61.5,58.5,50.8,56.0,68.2,51.9,65.9,0,0.0,14,0.184,1.093,1.051,Rogue Warriors|Royal Club,19
Archie,sup,VCS,15,74,0.581,64.2,54.6,64.0,75.6,56.9,67.1,65.9,16,0.312,18,0.272,1.018,0.785,GAM Esports,26
Tank,mid,LDL,2,80,0.562,55.4,51.5,49.8,77.1,42.7,58.2,65.9,0,0.0,19,-0.126,1.351,1.661,OnlyGame,23
Hatrixx,mid,SLO,3,34,0.706,64.7,59.6,58.0,77.6,38.9,59.9,65.8,6,0.5,16,0.328,0.961,0.868,Movistar KOI,21
Fitz,top,CLS,15,55,0.618,54.9,55.4,58.4,61.6,44.0,58.9,65.8,10,0.3,20,0.018,1.214,1.272,Ilha da Macacada Gaming|Rebirth eSports,
Kindless,bot,CLS,15,56,0.661,55.2,55.7,61.5,53.7,53.3,51.4,65.7,3,0.333,12,0.088,1.149,1.142,Isurus,20
Xyraz,top,SLO,3,34,0.794,55.0,55.3,64.6,80.5,61.3,54.6,65.6,4,0.75,11,0.082,1.138,1.886,Movistar KOI,27
Puki Style,bot,UL,2,29,0.724,66.6,53.4,60.5,80.5,57.3,49.4,65.5,2,0.0,6,0.29,0.963,0.924,7more7 Pompa Team,24
Slay,bot,VCS,15,89,0.618,58.4,54.1,63.2,59.8,47.8,51.8,65.5,14,0.214,15,0.124,1.094,1.045,EVOS Esports,21
Ranger,jng,CBLOL,15,54,0.648,57.4,54.8,52.7,71.4,45.9,66.6,65.5,10,0.2,19,0.029,1.172,1.212,KaBuM! Esports,23
Zantins,top,CBLOL,15,54,0.648,56.8,54.2,58.4,77.8,38.7,65.5,65.5,10,0.2,20,0.022,1.172,1.224,KaBuM! Esports,25
chen9,mid,LDL,2,40,0.6,55.3,55.0,51.1,76.5,54.5,63.0,65.5,0,0.0,17,-0.029,1.219,1.415,Moss Seven Club,23
X41007,bot,LDL,2,40,0.575,55.3,54.9,51.0,61.0,65.1,55.8,65.3,0,0.0,11,-0.012,1.182,1.582,Moss Seven Club,
QQMore,jng,CLS,15,56,0.661,57.3,51.7,60.0,54.2,52.7,57.3,65.3,3,0.333,16,0.016,1.149,1.2,Isurus,19
Sora,sup,LDL,2,70,0.643,55.5,47.1,49.1,66.1,48.5,56.3,65.3,0,0.0,11,-0.193,1.332,1.752,Suning-S,21
Jirall,top,LLN,15,43,0.721,50.7,57.2,47.6,68.9,50.6,53.7,65.0,3,0.0,13,-0.163,1.266,1.512,Movistar R7,22
Joker,sup,CK,2,91,0.626,61.3,55.8,55.6,51.5,42.2,45.1,64.9,10,0.1,9,0.182,0.969,0.955,Team BattleComics,17
ZIV,bot,LDL,2,34,0.676,55.4,57.5,51.3,76.4,51.9,51.4,64.9,0,0.0,10,0.031,1.092,1.414,TyLoo,22
Artifact,mid,VCS,15,76,0.592,70.2,42.4,49.6,53.0,63.0,52.3,64.9,22,0.091,18,0.13,1.004,0.935,Cherry Esports|Friends Forever Gaming,18
FBI,bot,OPL,15,57,0.596,71.9,59.0,55.2,47.4,42.0,50.0,64.8,14,0.214,13,0.466,0.721,0.285,ORDER,19
Licorice,top,NA LCS,1,74,0.581,61.8,60.3,67.8,51.9,55.9,69.5,64.8,6,0.333,24,0.334,0.828,0.335,Cloud9,21
Eyla,sup,OCS,2,20,0.9,63.2,58.6,61.6,50.0,42.5,59.9,64.8,2,0.0,7,0.27,0.877,0.761,Chiefs Academy,19
Himmel,mid,VCS,15,68,0.559,65.5,52.0,50.1,50.7,58.7,55.3,64.8,10,0.1,20,0.278,0.87,0.635,GAM Esports|UTM Esports,19
BioPanther,top,OPL,15,36,0.75,56.2,53.8,56.5,54.1,43.7,45.4,64.8,5,0.2,9,0.001,1.1,1.171,Dire Cubs|Dire Wolves,19
Hjarnan,bot,EU LCS,1,82,0.573,59.2,54.5,62.8,74.0,53.2,54.8,64.7,11,0.182,18,0.145,0.967,0.623,G2 Esports,25
Xiaguang,bot,LDL,2,68,0.603,58.0,51.4,49.9,60.3,72.2,54.3,64.7,0,0.0,13,-0.013,1.107,1.489,Team Fighter,19
Rashomon,sup,LDL,2,75,0.56,53.8,43.1,49.0,67.2,44.7,53.3,64.7,0,0.0,12,-0.328,1.36,1.928,OnlyGame,
Haru,jng,LCK,1,50,0.58,66.5,54.3,66.2,47.3,55.7,54.5,64.6,6,0.333,16,0.392,0.764,0.255,Gen.G|KSV eSports,20
beishang,jng,LDL,2,43,0.558,58.1,54.6,51.6,59.0,78.0,54.6,64.6,0,0.0,11,0.055,1.036,1.294,Moss Seven Club,18
Warzone,mid,VCS,15,89,0.618,52.5,54.3,60.2,76.0,62.6,46.7,64.6,14,0.214,18,-0.025,1.094,1.196,EVOS Esports,24
Venus,sup,VCS,15,24,0.708,57.5,56.9,46.7,49.5,74.1,53.3,64.5,5,0.0,7,0.058,1.015,0.996,Friends Forever Gaming,19
Koala,sup,LMS,15,96,0.583,57.3,59.9,62.8,64.5,52.9,53.0,64.5,16,0.25,14,0.195,0.912,0.756,G-Rex,23
Aoshi,top,BRCC,2,28,0.607,57.6,57.5,53.2,79.1,35.0,56.6,64.5,7,0.143,13,0.137,0.949,1.13,Operation Kino e-Sports,25
PK,top,LMS,15,96,0.583,54.8,59.1,70.0,69.9,47.3,53.9,64.5,16,0.25,20,0.194,0.912,0.777,G-Rex,23
RonOP,sup,VCS,15,89,0.618,53.0,52.7,59.7,50.9,57.9,54.2,64.4,14,0.214,15,-0.046,1.094,1.179,EVOS Esports,20
Spot,jng,VCS,15,71,0.563,62.5,53.5,53.7,50.5,59.6,59.1,64.3,12,0.167,16,0.201,0.87,0.697,GAM Esports|UTM Esports,18
Leyan,jng,LDL,2,34,0.647,60.0,53.1,52.0,58.4,63.7,47.4,64.3,0,0.0,7,0.064,0.983,1.213,WuDu,16
Bugi,jng,LMS,15,39,0.59,60.8,50.5,64.0,51.2,54.4,57.3,64.3,6,0.5,12,0.15,0.914,0.801,Machi Esports|QT DIG∞,19
Zoom,top,LPL,1,130,0.546,68.2,54.9,57.9,50.8,65.7,62.6,64.2,21,0.143,26,0.382,0.721,0.181,JD Gaming,21
Jankos,jng,EU LCS,1,81,0.568,52.5,63.6,57.5,68.8,42.7,57.7,64.2,11,0.182,17,0.081,0.967,0.784,G2 Esports,23
Librid,mid,PGN,3,20,0.65,47.4,56.5,52.8,64.1,79.1,48.5,64.2,3,0.0,8,-0.162,1.163,1.885,Campus Party Sparks|MOBA ROG,
Flawless,jng,LPL,1,117,0.581,52.5,50.8,48.3,55.0,40.7,53.3,64.2,19,0.105,17,-0.202,1.188,1.303,JD Gaming|Rogue Warriors,20
Kit,sup,VCS,15,70,0.557,53.0,50.1,60.8,57.2,50.8,59.8,64.2,19,0.158,13,-0.1,1.114,1.253,Cherry Esports|Cube Adonis,21
Mouse,top,LPL,1,113,0.593,42.9,53.2,46.5,66.6,51.4,50.4,64.2,19,0.105,18,-0.346,1.315,1.493,Rogue Warriors,22
Kashtelan,mid,SLO,3,88,0.659,55.0,50.3,53.3,62.8,43.8,64.8,64.1,13,0.308,21,-0.101,1.093,1.692,7more7 Pompa Team|Giants,20
Cody Sun,bot,NA LCS,1,55,0.582,62.1,60.2,61.0,53.2,51.3,52.6,64.0,8,0.375,12,0.282,0.771,0.311,100 Thieves|100 Thieves Academy,21
Garo,bot,BRCC,2,24,0.625,63.5,57.8,56.6,55.3,37.1,57.2,64.0,6,0.167,11,0.224,0.815,0.821,Operation Kino e-Sports,
CuVee,top,LCK,1,120,0.55,51.6,60.5,57.8,61.6,52.8,52.8,64.0,19,0.211,21,0.056,0.964,0.746,Gen.G|KSV eSports,22
Kramer,bot,LCK,1,73,0.589,49.5,66.9,54.5,61.7,48.0,56.8,63.9,11,0.182,16,0.06,0.948,0.684,DN SOOPers,22
Wei,jng,LDL,2,44,0.591,60.2,48.2,51.6,59.4,62.7,51.1,63.9,0,0.0,11,-0.015,0.999,1.338,Young Miracles,16
Angel,mid,LDL,2,79,0.582,47.8,60.2,57.8,57.3,60.1,54.6,63.9,4,0.25,18,-0.045,1.024,1.223,Suning|TyLoo,18
Cube,top,TCS,2,52,0.577,59.7,60.7,62.1,68.2,58.2,60.8,63.8,7,0.143,18,0.295,0.739,0.689,Galakticos|Macro Maniacs|Unlimited Potential,22
Wuji,mid,LMS,15,29,0.724,50.8,58.9,68.4,75.2,59.5,49.3,63.8,5,0.6,11,0.051,0.94,0.951,G-Rex,24
Dardoch,jng,NA LCS,1,55,0.564,69.8,56.6,69.6,45.2,39.8,59.7,63.7,7,0.429,18,0.492,0.564,-0.054,Echo Fox,20
Ssumday,top,NA LCS,1,65,0.554,61.7,64.7,58.7,56.6,63.6,53.6,63.6,12,0.25,17,0.396,0.625,0.073,100 Thieves,22
esA,sup,CBLOL,15,50,0.64,58.2,64.6,65.7,66.9,49.8,52.1,63.6,7,0.429,11,0.34,0.676,0.375,Flamengo MDL,24
H4cker,jng,LPL,1,103,0.544,68.2,51.1,48.0,48.6,46.7,58.2,63.6,15,0.2,19,0.22,0.776,0.444,Suning,19
Fenix,mid,NA LCS,1,28,0.643,62.6,52.3,70.5,67.8,38.4,53.7,63.6,5,0.6,13,0.241,0.756,0.352,Echo Fox,23
Xintai,sup,LDL,2,54,0.611,52.3,59.6,61.0,74.6,61.3,49.5,63.6,5,0.2,10,0.039,0.919,1.056,Unlimited Potential|Vici Gaming,23
Sundae,top,LDL,2,52,0.635,53.7,46.3,50.9,63.2,39.6,56.2,63.5,0,0.0,15,-0.259,1.16,1.858,Team Fighter,
Rod,jng,CLS,15,39,0.718,45.8,53.8,46.4,62.2,46.4,45.6,63.5,2,0.0,10,-0.212,1.114,1.41,Rebirth eSports,21
Clid,jng,LPL,1,124,0.565,53.7,50.9,51.5,52.8,51.2,60.0,63.4,21,0.143,18,-0.096,1.009,1.01,JD Gaming|SK Telecom T1,19
brTT,bot,CBLOL,15,45,0.667,61.0,54.3,71.8,79.4,49.7,65.9,63.3,5,0.6,16,0.293,0.676,0.422,Flamengo MDL,27
Wadid,sup,EU LCS,1,81,0.568,49.7,54.0,63.5,53.0,47.6,50.7,63.3,11,0.182,14,-0.064,0.967,0.728,G2 Esports,21
Langx,top,LPL,1,117,0.521,65.8,58.2,49.8,50.9,67.0,66.9,63.2,17,0.176,26,0.307,0.657,0.193,Suning,21
Huni,top,NA LCS,1,55,0.564,69.4,54.8,61.7,49.4,49.8,68.7,63.1,7,0.429,21,0.409,0.564,-0.001,Echo Fox,21
Chovy,mid,LCK,1,60,0.667,59.5,62.8,58.6,47.0,59.1,56.2,63.1,11,0.182,17,0.274,0.668,0.233,Griffin,17
Jisu,top,CBLOL,15,50,0.64,62.4,55.2,68.5,62.3,40.9,62.8,63.1,7,0.429,19,0.264,0.676,0.461,Flamengo MDL,22
Gadget,bot,LCL,15,38,0.605,63.5,51.4,59.4,50.6,35.5,55.1,63.1,9,0.222,13,0.127,0.794,0.724,RoX,19
1874,sup,LDL,2,40,0.675,52.8,50.4,50.4,64.0,47.5,57.8,63.1,0,0.0,9,-0.184,1.042,1.429,Victory Song Gaming,
Cepted,mid,TCL,15,34,0.706,62.8,56.8,46.5,58.3,71.9,53.8,63.0,4,0.0,12,0.125,0.775,0.697,Royal Bandits,21
Arce,sup,LLN,15,51,0.588,58.6,60.9,53.5,72.2,42.2,54.9,63.0,11,0.182,14,0.165,0.742,0.616,Predators Esports|inf,25
Winged,jng,CBLOL,15,20,0.7,52.8,60.0,54.2,78.2,75.1,49.3,63.0,2,0.0,8,0.066,0.827,0.797,RED Canids,26
Brave,jng,LDL,2,71,0.592,51.4,53.7,50.8,61.1,43.4,45.9,62.8,0,0.0,11,-0.189,1.008,1.578,Team Fighter,18
Noway,bot,VCS,15,73,0.562,53.1,55.0,59.1,59.2,59.6,66.2,62.7,15,0.267,16,-0.028,0.864,0.963,GAM Esports,21
Bjergsen,mid,NA LCS,1,64,0.547,65.6,55.2,66.3,59.2,43.6,66.0,62.6,8,0.375,22,0.372,0.527,-0.002,TSM,22
Meteor,jng,LDL,2,67,0.597,59.6,53.0,50.9,57.4,49.1,63.0,62.6,0,0.0,16,0.009,0.824,1.076,Victory Song Gaming,19
Able,bot,LPL,1,34,0.706,58.0,53.0,46.6,50.2,65.1,54.2,62.6,2,0.0,10,-0.028,0.854,0.679,Royal Never Give Up,18
GuYueXin,jng,LDL,2,72,0.597,51.9,57.0,50.7,72.8,47.1,51.8,62.6,0,0.0,14,-0.058,0.887,1.247,TyLoo,22
Konektiv,top,UL,2,29,0.724,50.7,54.3,51.4,60.7,44.9,51.8,62.6,2,0.0,9,-0.154,0.963,1.496,7more7 Pompa Team,
V1per,top,LCSA,2,45,0.622,63.3,57.9,64.7,53.3,44.1,57.1,62.5,6,0.333,15,0.289,0.583,0.509,Team Liquid Academy,20
Hauntzer,top,NA LCS,1,64,0.547,63.4,56.5,65.8,62.6,37.5,48.6,62.5,8,0.375,15,0.355,0.527,0.016,TSM,23
FallenBandit,top,LCSA,2,50,0.58,61.3,62.1,57.7,67.6,49.3,56.1,62.4,7,0.143,15,0.252,0.604,0.578,CLG Academy|Counter Logic Gaming,22
Cabochard,top,EU LCS,1,66,0.561,61.0,59.4,50.3,51.0,75.0,57.8,62.3,10,0.1,19,0.238,0.609,0.213,Team Vitality,21
Mlxg,jng,LPL,1,67,0.627,59.5,54.2,54.7,62.4,47.5,57.2,62.3,10,0.1,15,0.038,0.769,0.625,Royal Never Give Up,22
Easylove,bot,VCS,15,61,0.574,58.2,46.2,63.2,52.5,36.6,56.0,62.3,15,0.267,14,-0.058,0.85,0.979,Cube Adonis|Hall of Fame,19
Move,jng,TCL,15,62,0.565,53.6,59.4,65.7,72.4,53.5,58.0,62.2,10,0.2,15,0.134,0.676,0.56,Fenerbahçe Esports|Machi Esports,24
Tally,top,OPL,15,57,0.596,55.8,59.7,56.7,57.4,39.1,49.9,62.1,14,0.214,14,0.071,0.721,0.707,ORDER,21
Zanzarah,jng,LCL,15,38,0.605,51.8,55.8,62.0,64.4,39.2,51.4,62.1,9,0.222,12,-0.027,0.794,0.862,RoX,22
Renyu,bot,LLN,15,53,0.585,67.1,61.8,54.0,46.0,45.8,53.1,62.0,10,0.2,13,0.384,0.447,0.082,inf,19
Attila,bot,EU LCS,1,66,0.561,58.9,62.8,47.6,58.6,67.0,67.3,62.0,10,0.1,20,0.186,0.609,0.249,Team Vitality,22
yT,top,VCS,15,51,0.588,58.0,56.9,58.4,48.9,61.5,59.2,62.0,8,0.25,17,0.189,0.61,0.47,Cube Adonis|Young Generation,19
JeffLee,top,LDL,2,45,0.644,54.9,50.3,51.1,59.9,44.3,59.6,62.0,0,0.0,15,-0.144,0.888,1.394,Moss Seven Club,19
Moyashi,bot,LJL,15,61,0.557,62.0,62.2,56.2,72.0,56.7,52.3,61.9,7,0.143,13,0.257,0.547,0.323,PENTAGRAM,24
Yang,mid,LDL,2,67,0.552,57.7,49.2,50.1,79.7,56.8,46.1,61.9,0,0.0,15,-0.081,0.817,1.04,SHEINOO,25
Nipphu,top,CLS,15,27,0.667,62.6,56.9,59.5,72.4,49.5,51.0,61.9,3,0.333,10,0.223,0.576,0.4,Isurus,24
CoreJJ,sup,LCK,1,112,0.545,47.9,65.5,63.6,66.3,51.3,44.5,61.9,18,0.222,11,0.104,0.669,0.329,Gen.G|KSV eSports,24
Wuxx,bot,LDL,2,60,0.517,55.5,56.1,50.1,75.1,55.1,60.6,61.9,0,0.0,14,0.022,0.732,0.972,Victorious Gaming,22
Haro,jng,LPL,1,120,0.592,54.1,49.2,55.7,51.6,53.6,56.1,61.9,12,0.167,19,-0.113,0.844,0.858,EDward Gaming,20
LongB,sup,TCL,15,23,0.652,56.4,52.6,51.9,54.1,49.0,57.6,61.8,5,0.0,9,-0.036,0.775,0.85,Dark Passage,21
Wilder,jng,LJL,15,41,0.537,68.6,54.7,54.2,53.5,33.8,53.3,61.7,9,0.111,13,0.268,0.507,0.23,Burning Core Toyama|SCARZ Burning Core,21
Slayder,bot,VCS,15,38,0.5,61.4,53.5,50.0,50.0,63.4,53.1,61.7,12,0.083,9,0.076,0.673,0.649,FTV Esports|Sky Gaming,18
Cinkrof,jng,SLO,3,37,0.703,42.6,56.7,59.2,77.7,39.2,52.2,61.7,7,0.571,10,-0.27,0.945,2.166,Movistar KOI,21
Chippys,top,OPL,15,59,0.576,64.9,56.0,45.3,55.7,48.1,43.1,61.6,11,0.0,14,0.158,0.584,0.476,Dire Wolves|MAMMOTH,
Erry,bot,LCSA,2,53,0.604,55.3,60.0,67.1,65.5,53.4,64.4,61.6,11,0.364,15,0.164,0.588,0.61,FlyQuest Academy,21
Luci,sup,CK,2,87,0.529,57.0,57.9,72.3,55.9,72.6,43.8,61.6,18,0.167,10,0.288,0.486,0.32,Ever8 Winners|Winners,21
Yoon,sup,LPL,1,104,0.519,60.3,52.5,47.8,54.7,78.2,50.4,61.5,13,0.154,11,0.16,0.576,0.201,Suning,22
Peluchin,bot,LLN,15,35,0.571,54.7,52.5,51.9,77.0,72.3,54.4,61.5,7,0.143,10,-0.058,0.759,0.883,Predators Esports,25
Xx,jng,LPL,1,83,0.446,66.7,52.4,57.8,49.7,79.5,46.6,61.4,22,0.182,15,0.442,0.335,-0.239,Top Esports,21
JayJ,sup,LCSA,2,51,0.569,62.9,55.0,66.7,56.3,43.9,51.1,61.4,9,0.444,10,0.251,0.492,0.366,FlyQuest|FlyQuest Academy,21
Jiizuke,mid,EU LCS,1,66,0.561,60.2,54.0,47.2,61.7,65.7,51.5,61.4,10,0.1,17,0.106,0.609,0.34,Team Vitality,22
Hard,jng,LCSA,2,45,0.622,57.5,56.2,63.7,53.8,50.2,59.1,61.4,6,0.333,13,0.131,0.583,0.599,Team Liquid Academy,20
Kirei,jng,TCL,15,33,0.576,59.8,50.0,49.9,57.4,54.0,60.8,61.4,8,0.0,13,-0.011,0.706,0.75,Dark Passage|Millenium,21
Yado,mid,VCS,15,68,0.574,69.7,57.9,55.8,45.2,72.9,51.1,61.3,14,0.214,16,0.459,0.309,-0.155,Cherry Esports|GAM Esports,19
Gaeng,sup,LJL,15,61,0.557,58.6,60.6,56.1,56.6,64.8,51.6,61.3,7,0.143,11,0.172,0.547,0.414,PENTAGRAM,22
Zven,bot,NA LCS,1,64,0.547,59.3,53.8,68.8,52.1,38.9,47.3,61.3,8,0.375,13,0.191,0.527,0.168,TSM,21
Lodik,bot,LCL,15,52,0.635,56.5,53.1,49.8,58.2,58.1,52.6,61.3,7,0.0,10,-0.042,0.718,0.822,Gambit Esports,
MANTARRAYA,top,LLN,15,35,0.571,52.6,52.9,50.8,74.4,76.7,52.1,61.3,7,0.143,12,-0.09,0.759,0.913,Predators Esports,24
Nemesis,mid,SLO,3,78,0.667,62.1,60.5,66.9,50.0,52.3,59.0,61.2,10,0.3,19,0.355,0.38,-0.025,MAD Lions E.C.,19
chenlun17,top,LDL,2,36,0.611,55.7,55.2,51.6,57.6,38.0,43.9,61.2,0,0.0,9,-0.057,0.717,1.085,WuDu,17
Effort,sup,LCK,1,64,0.516,54.7,58.4,50.7,45.1,34.4,50.5,61.1,15,0.133,11,0.026,0.642,0.373,SK Telecom T1,18
Viod,mid,LDL,2,30,0.6,53.8,53.8,51.7,55.7,41.2,56.8,61.1,0,0.0,13,-0.118,0.754,1.012,Moss Seven Club,
kRYST4L,bot,LPL,1,61,0.525,48.9,57.5,59.1,70.4,44.0,57.2,61.1,5,0.2,15,-0.045,0.701,0.551,Snake Esports,24
Altec,bot,NA LCS,1,35,0.6,52.6,50.5,68.3,53.5,44.4,55.4,61.1,5,0.6,12,0.07,0.606,0.354,Echo Fox,21
Zhaoyun,top,LDL,2,23,0.522,52.4,49.8,52.4,58.4,79.7,49.2,61.1,0,0.0,6,-0.108,0.748,1.183,Rogue Warriors Shark,17
Mystic,bot,LPL,1,92,0.478,65.1,60.4,57.4,61.4,62.1,53.0,61.0,21,0.238,15,0.342,0.367,-0.124,Team WE,23
BeryL,sup,CK,2,20,0.8,55.3,58.5,49.5,59.5,73.7,65.5,61.0,2,0.0,11,0.012,0.646,0.791,Dplus Kia,21
Ale,top,LDL,2,21,0.714,59.6,52.8,52.5,55.8,52.7,47.7,60.9,0,0.0,5,0.037,0.604,0.836,SHEINOO,17
Engo,top,LCSA,2,53,0.604,51.2,59.3,64.8,62.6,49.7,61.3,60.9,11,0.364,17,0.06,0.588,0.789,FlyQuest Academy,21
Yagao,mid,LPL,1,130,0.546,50.8,52.7,53.5,50.0,45.5,52.6,60.9,21,0.143,20,-0.099,0.721,0.652,JD Gaming,20
ZWuJi,bot,LDL,2,78,0.526,58.8,64.8,50.9,48.8,78.6,53.0,60.8,2,0.0,12,0.399,0.296,-0.055,Rogue Warriors|SHEINOO,20
Paz,top,LJL,15,61,0.557,55.3,56.9,67.0,62.6,43.5,45.5,60.8,7,0.143,13,0.099,0.547,0.499,PENTAGRAM,22
Jay,mid,LDL,2,34,0.647,53.1,51.7,51.5,55.9,49.6,55.3,60.8,0,0.0,11,-0.147,0.743,1.031,TyLoo,13
Crownie,bot,SLO,3,78,0.667,61.4,60.4,62.9,50.0,48.4,53.7,60.7,10,0.3,13,0.285,0.38,0.707,MAD Lions E.C.,20
Claire,mid,OPL,15,72,0.514,62.9,57.5,58.2,54.4,40.9,52.8,60.7,10,0.2,18,0.243,0.417,0.19,Legacy Esports,21
Jactroll,sup,EU LCS,1,66,0.561,60.3,48.4,47.6,45.0,76.7,58.8,60.7,10,0.1,14,0.014,0.609,0.355,Team Vitality,20
Rogue,sup,OPL,15,57,0.596,53.4,51.8,55.6,54.4,34.6,44.8,60.7,14,0.214,9,-0.124,0.721,0.884,ORDER,21
Agresivoo,top,UL,2,54,0.593,60.3,61.7,54.1,51.1,47.8,62.8,60.6,14,0.071,19,0.305,0.359,0.221,G2 Vodafone|Szata Maga,19
Joey,sup,LCSA,2,46,0.609,56.7,60.7,62.3,48.0,40.3,56.1,60.6,7,0.286,9,0.141,0.493,0.486,Team Liquid|Team Liquid Academy,20
Zz1tai,top,LPL,1,50,0.68,55.6,52.8,47.7,53.1,57.3,60.3,60.6,5,0.0,17,-0.026,0.628,0.493,Royal Never Give Up,21
Mithy,sup,NA LCS,1,64,0.547,56.2,50.5,64.9,65.6,51.7,58.3,60.6,8,0.375,14,0.093,0.527,0.217,TSM,24
Ben,sup,LPL,1,40,0.525,51.3,52.4,47.5,63.2,75.5,55.4,60.6,8,0.125,10,-0.156,0.736,0.609,Team WE|Top Esports,23
xlanpang,mid,LDL,2,63,0.619,51.4,52.3,50.2,55.4,72.8,65.0,60.6,0,0.0,20,-0.128,0.71,0.974,Scorpio Game,
MAXI,jng,EUM,2,27,0.519,67.1,59.5,53.8,49.1,56.1,63.9,60.5,2,0.0,12,0.345,0.316,-0.033,Ninjas in Pyjamas|ÇİLEKLER,18
Wendel,sup,LCL,15,26,0.615,60.4,56.8,55.0,45.5,47.6,53.4,60.5,6,0.167,8,0.122,0.494,0.41,RoX|Team Atlantis,20
jinjo,bot,OPL,15,42,0.5,57.4,56.5,49.0,47.9,81.5,40.9,60.5,10,0.0,7,0.147,0.472,0.36,Intuition|Sin Gaming,18
Crank,mid,LDL,2,68,0.574,54.4,54.7,50.1,54.5,58.8,62.9,60.5,0,0.0,23,-0.069,0.646,0.843,Team Fighter,
Spookz,jng,OPL,15,57,0.596,52.4,49.5,53.6,73.8,47.1,64.6,60.5,14,0.214,19,-0.149,0.721,0.915,ORDER,24
SofM,jng,LPL,1,112,0.455,75.2,63.2,60.6,39.2,49.8,61.9,60.4,12,0.25,20,0.834,-0.102,-1.093,Snake Esports,20
Werlyb,top,SLO,3,78,0.667,60.2,58.7,64.5,59.6,47.7,66.1,60.4,10,0.3,22,0.254,0.38,0.494,MAD Lions E.C.,21
Wings,jng,LDL,2,62,0.613,56.9,51.0,51.0,55.9,64.5,61.6,60.4,0,0.0,16,-0.044,0.615,0.872,Scorpio Game,17
BOSS,top,LCL,15,38,0.526,57.1,62.7,53.7,47.9,65.6,50.3,60.3,12,0.083,10,0.155,0.446,0.336,Dragon Army,20
Cotopaco,mid,LLN,15,54,0.593,61.6,51.6,53.4,49.4,39.5,57.4,60.3,10,0.2,21,0.081,0.502,0.453,inf,20
Roki,mid,LJL,15,41,0.537,56.0,55.6,64.6,63.2,37.3,54.0,60.3,9,0.111,11,0.085,0.507,0.454,Burning Core Toyama|SCARZ Burning Core,22
Juejue,jng,LDL,2,44,0.5,56.4,54.3,51.6,55.1,58.6,59.5,60.3,0,0.0,11,-0.003,0.579,0.77,Victorious Gaming,20
MaxPower,top,LDL,2,46,0.609,56.1,51.7,51.1,63.7,72.3,47.6,60.3,0,0.0,10,-0.046,0.609,0.942,TyLoo,21
iBo,top,UL,2,47,0.617,68.2,63.4,58.7,54.2,79.2,54.9,60.2,8,0.125,14,0.541,0.121,-0.346,Illuminar Gaming,21
River,jng,LJLCS,2,21,0.762,71.9,57.8,57.9,46.2,40.5,57.5,60.2,2,0.0,10,0.493,0.152,-0.443,BowQen Blackbucks,19
Upset,bot,EU LCS,1,53,0.509,59.1,61.0,57.5,45.0,73.3,60.1,60.2,10,0.2,16,0.263,0.345,-0.071,FC Schalke 04 Esports,19
Griffin,jng,LCSA,2,53,0.604,59.0,60.1,63.4,59.0,69.7,61.9,60.2,6,0.333,17,0.261,0.351,0.123,CLG Academy|Cloud9 Academy|Counter Logic Gaming,21
Scarlet,mid,TCL,15,39,0.538,60.1,54.0,58.3,49.4,39.5,53.5,60.2,11,0.273,13,0.079,0.494,0.447,HWA Gaming|Millenium,20
XinMo,sup,LDL,2,72,0.569,56.4,54.3,49.1,50.2,59.1,67.8,60.2,0,0.0,18,-0.034,0.591,0.78,Team Fighter,18
Tangwa,top,LDL,2,31,0.613,54.9,50.7,51.8,57.6,49.5,48.0,60.2,0,0.0,7,-0.115,0.659,1.084,TyLoo,20
Phones,top,LCL,15,37,0.595,51.2,53.1,57.5,58.7,36.6,57.2,60.2,9,0.222,14,-0.139,0.67,0.872,RoX,
aqiu,jng,LDL,2,75,0.587,52.3,49.1,50.7,76.9,41.5,47.7,60.2,0,0.0,11,-0.24,0.76,1.32,Mighty Eagle,23
Xico,mid,TCL,15,29,0.552,61.4,54.2,50.5,49.2,51.2,62.7,60.1,7,0.143,13,0.083,0.482,0.429,HWA Gaming|Team AURORA|YouthCrew Esports,20
Tuesday,mid,LCSA,2,47,0.574,60.5,54.8,51.9,52.0,54.1,59.2,60.1,5,0.0,18,0.077,0.489,0.518,CLG Academy,20
Dhokla,top,LCSA,2,42,0.5,57.5,54.3,64.2,61.1,51.2,55.4,60.1,11,0.273,15,0.11,0.463,0.58,OpTic Gaming|OpTic Gaming Academy,21
Ramune,mid,LJL,15,61,0.557,57.2,52.0,57.8,57.4,52.3,62.0,60.1,7,0.143,21,-0.0,0.547,0.587,PENTAGRAM,21
Avenger0,bot,LDL,2,23,0.739,52.4,51.6,52.1,57.3,58.4,57.6,60.1,0,0.0,10,-0.139,0.659,1.082,OnlyGame,
Chieftain,jng,LPL,1,65,0.523,45.5,53.3,66.3,50.5,43.1,39.8,60.1,12,0.417,9,-0.142,0.661,0.699,Bilibili Gaming,18
Baula,sup,LLN,15,38,0.579,51.9,60.6,58.2,46.3,54.7,59.9,60.0,6,0.167,13,0.024,0.519,0.534,Predators Esports|inf,20
Cabu,sup,CBLOL,15,46,0.543,56.8,52.6,73.3,44.3,32.9,54.0,60.0,9,0.333,12,0.184,0.383,0.237,Ilha da Macacada Gaming|RED Canids,20
Damonte,mid,LCSA,2,54,0.537,61.0,59.5,61.6,57.3,37.2,55.0,59.9,4,0.25,18,0.29,0.295,0.081,Echo Fox|Echo Fox Academy,21
Efias,sup,PGN,3,21,0.714,60.6,56.2,51.4,63.5,72.5,58.6,59.9,2,0.0,11,0.09,0.455,0.892,Team Forge,
NighT,mid,CK,2,20,0.6,59.2,56.0,53.2,76.9,72.8,55.1,59.9,5,0.0,10,0.1,0.448,0.448,Winners,24
Niksar,bot,CISC,3,22,0.5,53.3,56.3,59.4,76.1,33.2,55.8,59.9,7,0.143,9,0.003,0.524,1.497,Ascension Gaming|The Largest Salary,24
Mo,sup,LDL,2,30,0.633,55.2,53.3,51.1,59.9,39.8,45.1,59.9,0,0.0,6,-0.091,0.602,0.854,WuDu,
Mole,mid,LPL,1,67,0.507,56.1,50.4,66.2,47.5,43.8,54.6,59.9,14,0.357,18,0.037,0.501,0.302,Bilibili Gaming,18
aphromoo,sup,NA LCS,1,64,0.547,52.9,49.8,57.9,74.4,50.1,49.2,59.9,12,0.25,12,-0.114,0.625,0.478,100 Thieves,26
Andy,mid,LDL,2,36,0.611,50.4,50.7,51.3,56.4,44.7,46.0,59.9,0,0.0,10,-0.233,0.717,1.095,WuDu,20
Ryan,jng,CK,2,54,0.593,61.6,63.2,62.8,46.9,54.9,56.7,59.8,7,0.286,16,0.431,0.161,-0.35,GC Busan Rising Star|Rising SuperStar Gaming|Smash It Down|Team BattleComics,13
Leza,mid,LLN,15,43,0.581,61.9,58.7,58.8,46.2,69.0,69.6,59.8,8,0.25,23,0.287,0.282,-0.001,Dash9 Gaming,20
Lava,mid,LCK,1,88,0.534,55.7,61.8,54.6,46.7,56.8,55.4,59.8,19,0.158,20,0.097,0.441,0.184,Hanwha Life Esports|ROX Tigers,19
t4nky,jng,UL,2,37,0.622,57.6,57.0,51.2,68.5,41.7,55.3,59.8,6,0.0,10,0.128,0.408,0.373,Szata Maga,22
Fury,bot,LPL,1,104,0.519,56.8,52.7,46.9,65.4,48.7,59.6,59.8,13,0.154,17,-0.07,0.576,0.458,Suning,23
XuanLv,bot,LDL,2,68,0.559,53.1,52.1,49.9,56.8,62.6,55.0,59.8,0,0.0,14,-0.126,0.622,1.019,Triumphant Song Gaming|Victory Song Gaming,19
Swiffer,mid,OPL,15,57,0.596,44.6,54.6,58.8,75.5,42.3,55.6,59.8,14,0.214,17,-0.246,0.721,1.034,ORDER,24
Woolite,bot,UL,2,47,0.617,65.7,60.1,64.0,69.4,69.6,56.3,59.7,8,0.125,11,0.464,0.121,-0.357,Illuminar Gaming,22
Solid,jng,LLN,15,54,0.593,56.1,53.1,57.5,49.1,39.4,58.3,59.7,10,0.2,15,0.007,0.502,0.508,inf,9
Huanggai,sup,LDL,2,84,0.536,54.5,51.0,48.7,72.8,44.2,53.0,59.7,0,0.0,11,0.043,0.474,0.571,Shadow Cream,23
wynn,bot,LDL,2,37,0.622,58.6,57.2,51.1,53.3,53.0,53.5,59.6,0,0.0,9,0.067,0.442,0.548,Mighty Eagle,
1220,mid,LDL,2,77,0.571,58.6,56.3,49.8,52.8,38.8,46.1,59.6,0,0.0,15,-0.006,0.503,0.622,Mighty Eagle,
Kane,bot,LDL,2,73,0.521,57.6,53.1,49.7,80.3,77.6,54.2,59.6,0,0.0,13,0.015,0.482,0.665,Young Miracles,24
Yui,sup,LDL,2,62,0.613,55.1,48.1,49.4,51.4,58.0,56.3,59.6,0,0.0,11,-0.158,0.62,0.946,Scorpio Game,20
Shoryu,bot,LCSA,2,45,0.622,49.7,52.9,65.6,56.3,39.1,56.7,59.6,6,0.333,11,-0.113,0.583,0.954,Team Liquid Academy,
Empt2y,jng,LMS,15,23,0.609,47.5,52.2,55.4,57.8,79.5,56.7,59.6,6,0.167,10,-0.155,0.615,0.806,G-Rex,21
Cryin,mid,LDL,2,74,0.514,61.6,55.4,49.9,50.6,77.7,57.0,59.5,0,0.0,19,0.137,0.371,0.326,Young Miracles,18
QingSi,sup,LDL,2,34,0.706,48.6,55.1,50.8,60.9,51.0,41.7,59.5,0,0.0,3,-0.182,0.631,0.984,SinoDragon Gaming,
R4VEN,top,UL,2,41,0.488,70.0,54.6,57.8,49.3,38.7,54.5,59.4,7,0.143,15,0.342,0.187,-0.029,Wisła Płock eSports|iDomina eSports,18
Selfmade,jng,SLO,3,78,0.667,57.1,58.6,55.4,52.5,70.5,62.1,59.4,10,0.3,19,0.119,0.38,0.672,MAD Lions E.C.,19
Chelizi,top,LDL,2,45,0.6,54.7,54.4,51.1,56.3,44.0,57.0,59.4,0,0.0,14,-0.084,0.542,0.907,Victory Song Gaming,18
Innaxe,bot,TCL,15,47,0.489,46.8,57.9,59.4,50.9,46.1,54.2,59.4,14,0.286,14,-0.132,0.582,0.774,HWA Gaming|KIYF eSports Club,19
Water,top,LDL,2,44,0.659,38.4,54.8,51.2,62.8,40.8,44.2,59.4,0,0.0,9,-0.497,0.874,1.8,Unlimited Potential|Vici Gaming,18
GuGer,sup,LJL,15,28,0.464,69.6,57.7,57.0,62.2,78.9,58.5,59.3,10,0.2,11,0.459,0.086,-0.334,V3 Esports,24
Yoppa,top,SLO,3,57,0.632,63.4,63.2,56.2,51.5,40.7,59.5,59.3,11,0.273,19,0.291,0.227,0.209,Giants,20
Key,sup,LCK,1,90,0.522,56.3,64.7,58.1,46.9,71.1,67.6,59.3,19,0.158,17,0.231,0.272,-0.119,Hanwha Life Esports|ROX Tigers,21
Ryu,mid,NA LCS,1,64,0.547,45.2,55.4,52.8,73.8,58.2,58.1,59.3,12,0.25,19,-0.205,0.625,0.662,100 Thieves,24
SaNTaS,sup,LCL,15,42,0.548,59.8,56.4,65.4,52.8,64.5,63.3,59.2,8,0.375,14,0.311,0.192,-0.08,M19,22
Grell,jng,LLN,15,26,0.615,63.3,52.8,59.0,46.3,58.3,64.3,59.2,6,0.333,14,0.18,0.305,0.106,Dash9 Gaming,17
SeongHwan,jng,LCK,1,88,0.534,50.2,62.9,57.2,53.9,52.0,54.7,59.2,19,0.158,16,0.015,0.441,0.311,Hanwha Life Esports|ROX Tigers,21
Manu,bot,LLN,15,25,0.52,59.5,53.1,49.7,56.2,32.7,52.5,59.2,4,0.0,10,-0.034,0.475,0.556,Movistar R7|Pixel Esports Club,
beansu,top,PGN,3,21,0.714,54.9,57.6,52.0,63.2,76.5,53.1,59.2,2,0.0,10,-0.004,0.455,0.992,Team Forge,21
defles,bot,UL,2,37,0.622,52.2,57.9,53.8,53.0,37.2,53.0,59.2,6,0.0,9,0.058,0.408,0.517,Szata Maga,19
Adrian,sup,NA LCS,1,35,0.543,53.4,53.1,58.2,49.6,35.9,55.1,59.2,7,0.286,11,-0.025,0.47,0.269,Echo Fox|Echo Fox Academy,21
AHaHaCiK,jng,LCL,15,36,0.611,53.5,52.1,59.6,49.6,49.6,54.7,59.2,10,0.2,12,-0.062,0.496,0.577,Dragon Army|Elements Pro Gaming|The Largest Salary,19
Kabe,top,LDL,2,55,0.564,51.8,52.8,50.8,77.2,49.7,64.2,59.2,0,0.0,18,-0.164,0.585,1.055,Triumphant Song Gaming|Victory Song Gaming,24
Clearlove,jng,LPL,1,39,0.641,51.2,50.0,50.0,75.6,48.6,56.2,59.2,6,0.167,9,-0.208,0.619,0.723,EDward Gaming,25
Meliodas,jng,VCS,15,42,0.595,65.9,50.3,58.9,45.9,49.0,59.1,59.1,3,0.333,15,0.197,0.28,0.06,Elite Wolves|Phong Vũ Buffalo,17
Thal,top,LCK,1,76,0.5,57.5,52.9,55.3,44.9,46.3,65.7,59.1,17,0.176,23,0.03,0.413,0.225,SK Telecom T1,20
enjoy,bot,LDL,2,32,0.625,55.9,54.4,51.4,54.5,48.6,53.1,59.1,0,0.0,8,-0.036,0.468,0.711,TyLoo,
Fly,mid,LCK,1,65,0.538,48.6,58.2,60.9,62.3,48.3,52.7,59.1,9,0.222,18,-0.081,0.508,0.425,FlyQuest|Gen.G,22
BoBo,bot,LDL,2,32,0.625,56.5,50.0,51.4,74.3,61.3,63.8,59.1,0,0.0,12,-0.045,0.474,0.731,Victory Song Gaming,22
Once,jng,LJL,15,61,0.557,53.0,50.3,53.6,50.5,69.6,55.7,59.1,7,0.143,16,-0.133,0.547,0.709,PENTAGRAM,20
Magic,jng,LPL,1,35,0.543,44.5,57.3,58.3,62.3,72.4,49.1,59.1,10,0.3,8,-0.153,0.565,0.611,Team WE,22
Maxlore,jng,EU LCS,1,52,0.5,69.6,57.0,62.9,54.4,38.6,68.3,59.0,8,0.375,21,0.415,0.092,-0.461,Misfits Gaming,22
Evrot,mid,BRCC,2,23,0.652,59.9,61.7,73.9,69.9,46.7,52.5,59.0,3,1.0,9,0.414,0.086,-0.277,Flamengo MDL,23
DNK,jng,VCS,15,32,0.594,61.8,51.4,54.1,47.3,76.6,57.5,59.0,9,0.111,12,0.089,0.352,0.256,Friends Forever Gaming,17
LvMao,sup,LPL,1,130,0.546,46.7,46.7,52.4,59.0,48.8,65.6,59.0,21,0.143,20,-0.354,0.721,0.765,JD Gaming,22
Cream,jng,LJLCS,2,21,0.667,59.0,56.7,61.4,59.6,34.3,51.2,58.9,5,0.4,9,0.149,0.294,0.195,AKIHABARA ENCOUNT,21
micaO,bot,CBLOL,15,52,0.558,57.4,55.3,53.1,61.1,60.0,57.3,58.9,12,0.083,15,0.078,0.349,0.302,Vivo Keyd,22
Vizicsacsi,top,EU LCS,1,55,0.509,55.0,51.4,51.2,73.5,75.9,46.7,58.9,11,0.182,12,0.01,0.41,0.241,FC Schalke 04 Esports,25
Hollis,mid,LJLCS,2,21,0.762,67.0,56.0,54.1,47.6,52.8,54.3,58.8,2,0.0,11,0.306,0.152,-0.09,BowQen Blackbucks,20
Alu,sup,LDL,2,75,0.507,58.8,58.9,49.0,55.5,74.6,45.7,58.8,0,0.0,8,0.145,0.291,0.263,Young Miracles,
Akunma,top,LLN,15,43,0.581,55.9,61.6,56.9,53.4,54.4,56.2,58.8,8,0.25,17,0.153,0.282,0.168,Dash9 Gaming,21
DiscotEkka,mid,LCL,15,46,0.609,48.9,46.9,54.1,60.2,47.3,55.7,58.8,12,0.167,16,-0.271,0.623,0.956,Dragon Army|RoX,
Kinzu,bot,LCL,15,44,0.523,61.5,59.4,69.0,56.5,53.5,67.5,58.7,1,0.0,16,0.391,0.08,-0.316,Team Just,22
Thaldrin,top,TCL,15,66,0.53,59.9,60.8,55.9,70.7,51.9,63.1,58.7,13,0.154,20,0.219,0.212,0.027,Fenerbahçe Esports,24
JGY,jng,LDL,2,31,0.419,66.6,54.0,52.2,49.0,61.0,53.6,58.7,0,0.0,10,0.237,0.197,-0.047,OuYi Game Team,
Falco,sup,SLO,3,78,0.667,53.0,54.6,60.4,70.3,67.6,48.2,58.7,10,0.3,12,0.017,0.38,0.888,MAD Lions E.C.,24
jiang,bot,LDL,2,20,0.3,53.4,50.7,52.3,55.9,53.6,53.9,58.7,0,0.0,6,-0.135,0.51,0.89,OnlyGame,18
Asura,bot,LDL,2,73,0.534,64.1,54.4,49.7,50.9,57.7,59.2,58.6,0,0.0,14,0.142,0.269,0.236,Game Talents|Mighty Eagle,20
tockers,mid,CBLOL,15,52,0.558,56.8,52.1,54.2,62.4,70.4,55.2,58.6,12,0.083,18,0.041,0.349,0.333,Vivo Keyd,22
Reiya,top,LJL,15,41,0.537,52.2,55.7,50.6,50.6,32.5,49.3,58.6,9,0.111,12,-0.147,0.507,0.711,Burning Core Toyama|SCARZ Burning Core,20
Raid,bot,OPL,15,72,0.514,53.0,52.5,62.4,55.7,44.1,46.0,58.6,10,0.2,12,-0.036,0.417,0.496,Legacy Esports,21
Nomanz,mid,LCL,15,39,0.538,63.7,57.6,65.5,44.3,69.8,58.5,58.5,8,0.375,14,0.361,0.081,-0.294,M19,20
Kreox,jng,LCL,15,42,0.548,59.3,56.3,62.3,45.1,58.9,62.2,58.5,8,0.375,14,0.22,0.192,-0.06,M19,19
Kriss,jng,VCS,15,39,0.59,52.5,60.8,55.1,46.9,60.2,54.2,58.4,8,0.25,12,0.082,0.297,0.204,Friends Forever Gaming|GAM Esports,18
Vander,sup,EU LCS,1,53,0.509,47.9,55.2,60.5,65.8,73.1,55.2,58.4,10,0.2,11,-0.054,0.41,0.243,FC Schalke 04 Esports,24
Zeypher,bot,LLN,15,43,0.581,56.9,55.8,55.8,60.5,42.8,59.5,58.3,8,0.25,14,0.083,0.282,0.225,Dash9 Gaming,22
Revolta,jng,CBLOL,15,52,0.558,54.0,57.4,50.7,66.7,46.9,64.8,58.3,12,0.083,17,0.005,0.349,0.344,Vivo Keyd,23
Alun,top,LDL,2,77,0.571,53.4,50.6,50.1,56.9,41.5,55.8,58.3,0,0.0,18,-0.191,0.503,0.988,Mighty Eagle,
Raphael,mid,LDL,2,32,0.625,52.7,47.2,51.6,54.3,68.8,59.2,58.3,0,0.0,12,-0.192,0.505,0.823,Victory Song Gaming,20
Nap,top,LJL,15,46,0.565,63.3,58.8,62.8,50.7,52.8,48.7,58.2,7,0.286,13,0.304,0.094,-0.182,Crest Gaming Act,21
GALA,bot,LDL,2,61,0.541,57.9,57.0,69.8,49.0,54.8,48.1,58.2,2,0.0,11,0.233,0.155,-0.023,OnlyGame|SinoDragon Gaming,17
Moyu,top,LPL,1,41,0.439,56.9,56.5,66.9,47.2,73.3,46.0,58.2,11,0.273,12,0.277,0.111,-0.319,Top Esports,21
Amazing,jng,EU LCS,1,37,0.568,49.6,49.0,49.3,72.7,50.4,52.4,58.2,8,0.125,13,-0.285,0.57,0.753,FC Schalke 04 Esports,24
997,top,LDL,2,61,0.557,57.8,53.2,50.6,60.8,61.5,47.9,58.1,0,0.0,12,0.014,0.323,0.527,Shadow Cream|Victorious Gaming,21
Nukeduck,mid,EU LCS,1,55,0.509,54.1,48.6,57.0,61.6,50.4,64.8,58.1,11,0.182,25,-0.091,0.41,0.339,FC Schalke 04 Esports,22
Fill,sup,LCSA,2,49,0.571,46.9,54.4,58.9,59.9,62.2,53.9,58.1,7,0.143,12,-0.193,0.489,0.842,CLG Academy,21
LukasNegro,top,CLS,15,54,0.574,48.4,52.8,50.8,50.6,69.7,59.5,58.1,8,0.125,18,-0.172,0.472,0.701,Hafnet eSports|Rebirth eSports,20
Mikyx,sup,EU LCS,1,50,0.5,64.1,59.9,65.9,40.6,67.3,42.5,58.0,6,0.333,10,0.325,0.055,-0.385,Misfits Gaming,20
Atom,top,LCL,15,44,0.523,61.6,57.0,66.7,64.1,44.6,55.8,58.0,1,0.0,15,0.295,0.08,-0.188,Team Just,23
Brizz,sup,PGN,3,23,0.739,62.0,58.7,55.1,66.0,60.8,59.5,57.9,5,0.2,9,0.208,0.14,0.137,aNc Outplayed,24
Hans Sama,bot,EU LCS,1,52,0.5,62.5,57.5,64.8,43.4,45.4,48.4,57.9,8,0.375,10,0.271,0.092,-0.315,Misfits Gaming,19
Kpop,sup,OCS,2,23,0.522,58.9,52.6,58.8,54.2,81.5,60.5,57.9,5,0.2,9,0.18,0.167,0.093,Mammoth Academy|Sin Gaming,
Jockster,sup,CBLOL,15,52,0.558,58.7,46.6,54.5,56.8,53.6,60.7,57.9,12,0.083,13,-0.052,0.349,0.44,Vivo Keyd,22
Relic,top,LLN,15,54,0.593,44.6,56.2,55.3,74.0,51.0,57.1,57.9,10,0.2,16,-0.232,0.502,0.794,inf,24
Flandre,top,LPL,1,112,0.455,73.1,56.5,53.7,39.3,47.8,56.2,57.8,12,0.25,22,0.493,-0.102,-0.746,Snake Esports,20
Luger,bot,TCL,15,48,0.583,59.1,57.6,48.1,47.2,43.1,48.5,57.8,7,0.0,9,0.04,0.269,0.258,Beşiktaş Esports|Dark Passage,17
bluerzor,jng,EUM,2,22,0.727,58.5,57.6,56.1,50.4,44.2,57.2,57.8,2,0.0,8,0.105,0.209,0.142,Movistar KOI,19
Click,jng,PGN,3,21,0.714,61.4,53.2,51.5,72.5,46.0,53.3,57.8,2,0.0,10,0.081,0.236,0.507,Team Forge,21
Puzzle,top,LDL,2,75,0.507,56.6,52.8,50.2,53.2,78.0,55.9,57.8,0,0.0,17,0.004,0.291,0.5,Young Miracles,18
Kore,bot,LDL,2,20,0.5,55.2,53.1,52.3,53.1,68.4,61.9,57.7,0,0.0,10,-0.036,0.317,0.521,VP Game,
gunkrab,bot,OCS,2,25,0.68,50.7,50.7,64.0,54.3,46.4,62.7,57.7,4,0.25,13,-0.106,0.372,0.679,Chiefs Academy|Tectonic,
Jestkui Max,sup,LCL,15,38,0.526,47.6,52.9,56.1,52.9,59.9,54.3,57.7,12,0.083,9,-0.198,0.446,0.683,Dragon Army,21
Armut,top,TCL,15,65,0.477,62.9,59.6,56.5,44.5,64.4,56.8,57.6,22,0.136,15,0.263,0.065,-0.17,HWA Gaming,20
Orome,top,SLO,3,35,0.514,64.2,54.7,56.2,49.3,63.6,62.4,57.6,8,0.375,18,0.297,0.038,-0.083,KIYF eSports Club|Wind and Rain,20
Kikis,jng,EU LCS,1,38,0.605,61.1,56.4,54.9,57.1,66.0,51.4,57.6,6,0.167,14,0.135,0.162,-0.101,Illuminar Gaming|Team Vitality,22
Buggax,top,CLS,15,49,0.551,66.9,47.2,46.4,46.7,59.5,55.8,57.6,5,0.0,18,0.088,0.206,0.157,Gaming Gaming|Isurus,20
Meteos,jng,NA LCS,1,52,0.558,56.9,56.9,44.1,74.1,47.1,58.0,57.6,7,0.0,14,-0.051,0.321,0.254,100 Thieves|FlyQuest Academy,25
Kobbe,bot,EU LCS,1,64,0.531,54.0,56.6,50.9,57.7,76.1,56.8,57.6,15,0.133,14,-0.01,0.287,0.131,Splyce,22
Gralou,sup,LLN,15,43,0.581,49.9,58.1,57.4,61.5,56.9,54.4,57.6,8,0.25,11,-0.001,0.282,0.322,Dash9 Gaming,23
Guan Zong,jng,LDL,2,45,0.6,52.9,48.2,51.5,53.4,81.2,41.8,57.6,0,0.0,8,-0.07,0.338,0.541,SHEINOO,
WhiteLotus,bot,LLN,15,24,0.625,66.5,55.7,48.1,58.3,49.9,58.1,57.5,3,0.0,10,0.193,0.113,-0.071,Movistar R7,22
Carbono,jng,SLO,3,20,0.5,60.8,58.9,65.0,46.9,62.3,55.2,57.5,4,0.5,9,0.275,0.042,-0.101,Spain5|eMonkeyz,
Klaabu,mid,PGN,3,20,0.7,58.1,52.1,49.9,53.8,56.5,44.5,57.5,2,0.0,6,-0.054,0.311,0.475,Team Forge,
fishball,jng,LDL,2,52,0.558,51.7,57.7,51.3,68.7,48.0,45.2,57.5,0,0.0,9,-0.027,0.284,0.414,Shadow Cream|Victorious Gaming,22
Erdote,sup,UL,2,37,0.622,46.1,53.6,50.8,49.8,49.0,49.0,57.5,6,0.0,9,-0.169,0.408,0.729,Szata Maga,19
Xiaoali,bot,LDL,2,26,0.692,51.3,46.9,51.8,56.4,61.6,62.9,57.5,0,0.0,13,-0.239,0.462,0.96,Scorpio Game,
Acce,top,CLS,15,57,0.509,64.6,57.0,53.0,64.5,60.5,60.7,57.4,9,0.111,17,0.226,0.068,-0.128,Furious Gaming,23
Crush,jng,CK,2,39,0.564,56.3,62.0,56.5,49.9,38.9,55.7,57.4,6,0.167,14,0.11,0.161,0.073,Dark Passage|Dplus Kia|Team BattleComics,17
hardgirl,bot,LDL,2,71,0.549,52.2,54.5,49.8,54.6,50.8,54.5,57.4,0,0.0,15,-0.145,0.371,0.726,Shadow Cream,20
Krastyel,mid,BRCC,2,31,0.645,67.5,58.7,50.2,46.0,38.0,54.3,57.3,0,0.0,13,0.337,-0.034,-0.323,Redemption eSports Porto Alegre|T Show,19
Gango,bot,LJL,15,66,0.5,62.0,62.2,50.1,50.9,42.4,50.5,57.3,10,0.1,14,0.213,0.07,-0.137,KT Rolster|Unsold Stuff Gaming,21
Taikki,jng,LCL,15,44,0.523,63.9,56.4,49.7,68.8,51.4,64.2,57.3,1,0.0,17,0.203,0.08,-0.163,Team Just,24
HyBriD,bot,CK,2,82,0.5,57.1,62.9,70.1,45.5,63.7,55.2,57.3,17,0.176,15,0.399,-0.081,-0.531,Ever8 Winners|Winners,18
Rakin,mid,CBLOL,15,32,0.5,62.8,54.8,61.5,70.9,52.2,45.5,57.3,13,0.308,11,0.192,0.083,-0.112,CNB e-Sports Club,24
Xerxe,jng,EU LCS,1,64,0.531,48.6,60.1,53.1,47.1,71.3,49.7,57.3,15,0.133,12,-0.055,0.287,0.224,Splyce,19
Sangyoon,bot,LCK,1,90,0.522,52.9,54.2,57.4,63.3,64.3,63.9,57.3,19,0.158,19,-0.035,0.272,0.141,Hanwha Life Esports|ROX Tigers,23
Goku,mid,CBLOL,15,46,0.565,48.8,58.2,53.0,62.9,73.2,63.5,57.3,5,0.0,20,-0.073,0.304,0.406,Flamengo MDL|ProGaming Esports,22
Cori,bot,LDL,2,37,0.568,50.0,55.7,51.1,54.9,40.7,54.8,57.3,0,0.0,11,-0.166,0.381,0.766,Joy Dream,
Sixsix9,jng,LDL,2,35,0.514,56.2,55.3,52.0,61.1,37.2,62.4,57.2,0,0.0,14,-0.041,0.263,0.404,Shadow Cream,21
Sirt,jng,BRCC,2,23,0.652,54.2,57.0,72.4,80.1,56.1,55.6,57.2,3,1.0,9,0.184,0.086,-0.123,Flamengo MDL,26
y4,bot,LPL,1,46,0.522,55.1,50.0,52.0,47.3,57.4,61.6,57.2,14,0.143,13,-0.114,0.329,0.268,LGD Gaming|Royal Never Give Up,20
Shmebu,sup,CLS,15,24,0.583,54.4,49.0,55.2,45.5,53.3,54.2,57.2,6,0.167,10,-0.078,0.296,0.413,Furious Gaming,20
yuyanjia,sup,LDL,2,74,0.541,50.0,53.2,49.0,59.1,61.5,46.6,57.2,0,0.0,9,-0.192,0.396,0.74,Game Talents|Mighty Eagle,21
Only,jng,OPL,15,62,0.5,60.2,61.5,56.2,56.2,43.7,49.4,57.1,11,0.091,13,0.248,0.016,-0.281,Avant Gaming|Legacy Esports,22
Acee,bot,LJLCS,2,21,0.762,60.1,53.0,56.4,62.5,40.9,52.8,57.1,2,0.0,9,0.081,0.152,0.165,BowQen Blackbucks,21
Sky,mid,CBLOL,15,39,0.487,65.2,58.8,57.5,42.5,39.2,63.1,57.0,5,0.2,20,0.421,-0.135,-0.588,King of Future|RED Canids,16
Razork,jng,SLO,3,59,0.627,52.9,62.6,58.8,49.7,50.0,63.2,57.0,11,0.273,18,0.11,0.126,0.288,Giants,18
Cat 2,sup,LCSA,2,28,0.536,57.3,57.6,54.3,64.0,35.5,54.1,57.0,2,0.0,10,0.067,0.159,0.206,Echo Fox|Echo Fox Academy,22
Lavie,mid,LJL,15,46,0.565,63.0,51.9,57.8,52.6,48.1,48.9,57.0,7,0.286,11,0.147,0.094,-0.052,Crest Gaming Act,
FATE,mid,CK,2,42,0.548,53.6,59.2,53.0,49.8,77.6,52.8,57.0,4,0.0,14,0.042,0.173,0.216,Dark Passage|Winners,18
Wos,sup,BRCC,2,21,0.571,49.1,60.7,62.8,71.9,31.8,53.2,57.0,4,0.5,9,-0.013,0.22,0.358,KaBuM! Esports|Operation Kino e-Sports,23
Kasing,sup,EU LCS,1,64,0.531,52.2,56.1,50.9,69.7,70.1,63.0,57.0,15,0.133,15,-0.086,0.287,0.165,Splyce,25
Wiz,jng,CK,2,50,0.48,45.8,61.6,53.0,52.1,71.1,63.7,57.0,9,0.111,17,-0.039,0.246,0.379,Kongdoo Monster,20
Auto,bot,LCSA,2,47,0.574,42.7,55.4,51.8,57.6,48.1,55.4,57.0,5,0.0,14,-0.343,0.489,1.125,CLG Academy,19
Ceos,sup,BRCC,2,31,0.645,65.2,58.7,51.2,43.2,42.4,50.6,56.9,0,0.0,7,0.291,-0.034,-0.244,Redemption eSports Porto Alegre|T Show,20
Deadly,bot,SLO,3,59,0.627,57.6,59.7,56.4,49.1,39.7,52.1,56.9,11,0.273,13,0.094,0.126,0.589,Giants,19
Sacy,bot,CBLOL,15,37,0.514,58.0,56.6,61.4,51.6,40.8,58.4,56.9,5,0.2,14,0.145,0.08,-0.055,RED Canids,21
Zcyan,jng,LDL,2,54,0.481,56.9,53.3,51.2,52.9,34.7,50.6,56.9,0,0.0,12,-0.086,0.275,0.48,CCfuture|Chong Qing Gaming,
Carzzy,bot,SLO,3,35,0.514,52.6,55.3,63.9,49.8,68.0,51.5,56.9,7,0.429,11,0.069,0.15,0.681,KIYF eSports Club|ad hoc gaming,16
Mission,mid,LMS,15,20,0.55,50.0,54.7,55.3,68.7,61.3,46.3,56.9,5,0.2,6,-0.091,0.272,0.391,Machi Esports|ahq eSports Club,23
VincentVega,bot,LCL,15,42,0.548,52.8,51.0,63.7,60.3,55.6,48.6,56.9,8,0.375,8,0.017,0.192,0.201,M19,22
Odoamne,top,EU LCS,1,64,0.531,52.9,50.8,47.8,64.1,74.3,52.5,56.9,15,0.133,15,-0.11,0.287,0.239,Splyce,23
hachamecha,jng,LJL,15,46,0.565,58.3,58.0,56.2,73.4,45.6,44.7,56.8,7,0.286,9,0.121,0.094,-0.059,Crest Gaming Act,25
Tussle,jng,LJL,15,61,0.508,52.9,59.3,52.1,65.5,48.2,49.2,56.8,9,0.111,15,0.007,0.183,0.162,Unsold Stuff Gaming,23
Iwandy,sup,LDL,2,46,0.413,54.7,55.9,45.9,48.0,43.7,55.2,56.8,0,0.0,10,-0.089,0.259,0.481,Big One Gaming|Unlimited Potential,18
Smoothie,sup,NA LCS,1,54,0.556,55.8,53.5,58.0,47.0,61.6,51.8,56.8,4,0.25,12,0.068,0.135,-0.097,Cloud9|Cloud9 Academy|Echo Fox,21
Mowgli,jng,LCK,1,27,0.593,49.2,59.4,49.2,48.0,40.9,57.4,56.8,2,0.0,11,-0.157,0.318,0.361,DN SOOPers,20
Smurf,top,LCL,15,42,0.548,49.2,56.7,62.5,71.7,54.7,49.9,56.8,8,0.375,12,-0.004,0.192,0.237,M19,24
Pooh,bot,LCL,15,38,0.526,45.3,52.4,50.9,51.3,62.9,53.0,56.8,12,0.083,11,-0.308,0.446,0.816,Dragon Army,13
DudsTheBoy,bot,BRCC,2,31,0.645,66.3,57.4,51.1,69.7,30.8,51.8,56.7,0,0.0,10,0.264,-0.034,-0.301,Redemption eSports Porto Alegre|T Show,22
Decoy,sup,OPL,15,86,0.5,56.6,55.4,57.4,48.4,44.6,38.6,56.7,13,0.154,9,0.076,0.119,0.082,Legacy Esports|V3 New Generation,21
DrMatt,mid,PGN,3,23,0.739,58.9,52.3,56.6,50.8,44.6,60.7,56.7,5,0.2,13,0.044,0.14,0.08,aNc Outplayed,
Sya,sup,VCS,15,21,0.571,59.0,51.2,55.6,44.3,44.2,51.3,56.7,5,0.2,7,-0.008,0.191,0.238,Friends Forever Gaming|GAM Esports,19
KingJ,top,VCS,15,76,0.539,56.1,49.7,45.5,62.3,65.3,55.3,56.7,21,0.048,17,-0.129,0.282,0.46,Friends Forever Gaming,22
Hunter,jng,LDL,2,34,0.559,50.7,52.8,52.0,63.1,42.2,47.2,56.7,0,0.0,6,-0.189,0.334,0.693,Game Talents,21
huanfeng,bot,LDL,2,28,0.607,50.9,49.6,51.7,54.8,65.1,52.6,56.7,0,0.0,9,-0.196,0.336,0.747,WuDu,17
ikssu,top,LMS,15,42,0.5,58.8,57.3,47.7,59.8,48.6,54.3,56.6,9,0.0,11,0.051,0.133,0.12,Hong Kong Attitude,22
Lilv,bot,LMS,15,75,0.493,51.2,61.6,52.6,46.3,69.0,59.1,56.6,12,0.0,16,0.035,0.143,0.13,J Team,20
WeiZoR,top,PGN,3,25,0.72,54.5,52.0,53.8,55.3,59.5,62.3,56.6,6,0.167,16,-0.058,0.216,0.714,Packa Pappas Kappsäck|aNc Outplayed,17
ZaZee,mid,SLO,3,35,0.514,52.0,54.3,65.7,49.9,60.8,53.5,56.6,6,0.5,12,0.086,0.103,-0.036,EURONICS Gaming|KIYF eSports Club,19
Nailao,jng,LDL,2,45,0.511,52.8,48.8,51.5,53.3,76.5,52.5,56.6,0,0.0,12,-0.129,0.273,0.533,Game Talents|Rogue Warriors Shark,
P1noy,bot,TCS,2,22,0.455,59.2,60.4,57.5,70.5,63.9,55.9,56.5,6,0.167,9,0.19,0.003,-0.161,Oyun Hizmetleri|Team Atlantis,22
Insanity,mid,LCSA,2,22,0.591,59.8,56.1,51.6,48.9,67.2,58.4,56.5,0,0.0,12,0.076,0.099,0.1,Team Liquid Academy,19
Bullet,bot,PGN,3,23,0.739,60.1,51.0,54.5,57.2,50.2,55.6,56.5,5,0.2,8,0.025,0.14,0.744,aNc Outplayed,
Shlatan,jng,UL,2,20,0.6,56.4,53.8,53.0,51.5,66.9,51.4,56.5,2,0.0,8,-0.032,0.188,0.294,Illuminar Gaming|R-SIXTEAM,17
SimSin,sup,CISC,3,24,0.667,51.9,53.6,48.9,53.3,80.1,51.9,56.5,2,0.0,9,-0.036,0.192,0.652,PlaPro.c58|Team Just Ice,22
Grim,mid,LDL,2,84,0.524,49.5,55.5,51.4,51.0,47.4,51.7,56.5,2,0.0,16,-0.069,0.218,0.383,Rogue Warriors|Shadow Cream,20
Lost,bot,LCSA,2,59,0.475,58.7,59.0,56.1,47.3,44.3,60.0,56.4,9,0.111,14,0.227,-0.04,-0.262,Echo Fox|Echo Fox Academy,19
Scardorz,bot,LDL,2,33,0.515,57.0,54.3,51.4,63.7,37.9,56.7,56.4,0,0.0,10,-0.036,0.173,0.339,King of Future,21
Celebrity,bot,VCS,15,77,0.532,58.3,50.7,43.4,60.6,70.4,50.2,56.4,21,0.048,15,-0.033,0.176,0.237,Friends Forever Gaming,22
Xsq,sup,LDL,2,30,0.467,55.5,53.0,51.1,57.0,35.2,52.6,56.4,0,0.0,7,-0.103,0.23,0.466,VP Game,
Linsanity,mid,LCSA,2,41,0.463,51.0,57.2,52.3,51.1,63.0,59.9,56.4,13,0.077,17,-0.082,0.213,0.392,100 Thieves Academy,
Enty,sup,LJL,15,61,0.508,51.9,55.5,57.0,49.7,41.8,55.0,56.4,9,0.111,14,-0.044,0.183,0.265,Unsold Stuff Gaming,21
Keane,mid,NA LCS,1,51,0.529,54.7,51.4,59.8,75.2,42.1,56.3,56.4,13,0.308,14,-0.077,0.215,0.132,FlyQuest|FlyQuest Academy,25
Mean,bot,TCS,2,34,0.529,47.5,54.0,58.1,53.1,65.5,65.1,56.4,7,0.143,13,-0.115,0.239,0.522,Macro Maniacs|Oyun Hizmetleri,15
Aiming,bot,LCK,1,44,0.591,42.8,58.3,58.7,48.4,41.7,58.3,56.4,7,0.143,12,-0.252,0.359,0.425,DN SOOPers,18
Masyo,bot,LJLCS,2,34,0.618,62.3,57.8,59.3,46.6,63.6,55.9,56.3,9,0.222,12,0.27,-0.078,-0.364,AKIHABARA ENCOUNT,
Padden,bot,TCL,15,66,0.53,54.5,53.5,51.7,67.3,41.3,66.6,56.3,13,0.154,19,-0.089,0.212,0.334,Fenerbahçe Esports,23
Daylight,jng,LDL,2,52,0.442,54.4,53.1,53.2,48.9,80.6,57.3,56.3,2,0.0,16,0.105,0.057,-0.057,Rogue Warriors|Rogue Warriors Shark,18
Lindarang,top,LCK,1,90,0.522,51.8,52.0,56.1,51.5,48.2,59.8,56.3,19,0.158,19,-0.158,0.272,0.272,Hanwha Life Esports|ROX Tigers,21
Lekcyc,sup,LCL,15,44,0.523,58.3,55.0,52.8,53.9,50.6,43.8,56.2,1,0.0,9,0.054,0.08,0.065,Team Just,22
Aesthetic,jng,SLO,3,37,0.514,56.3,55.5,53.2,71.5,39.5,46.7,56.2,8,0.375,10,0.063,0.077,0.286,KIYF eSports Club|Team Atlantis,21
Demon12,jng,PGN,3,23,0.739,57.6,51.4,54.4,51.3,41.8,54.0,56.2,5,0.2,9,-0.02,0.14,0.514,aNc Outplayed,20
deIord,sup,UL,2,47,0.617,53.3,52.9,61.3,71.2,60.3,47.0,56.2,8,0.125,8,0.008,0.121,0.228,Illuminar Gaming,23
HanXuan,mid,LDL,2,20,0.6,53.7,51.6,52.5,60.1,47.3,53.6,56.2,0,0.0,8,-0.123,0.233,0.458,Triumphant Song Gaming|TyLoo,21
Hudie,sup,LPL,1,66,0.485,45.7,54.2,71.4,65.0,49.4,41.8,56.2,6,0.333,8,-0.114,0.219,0.13,Snake Esports,24
Bang,bot,LCK,1,99,0.475,59.2,65.6,51.8,53.6,44.2,53.1,56.1,23,0.13,17,0.218,-0.061,-0.409,SK Telecom T1,22
Nisqy,mid,EU LCS,1,64,0.531,48.3,54.7,50.4,47.7,67.0,51.5,56.1,15,0.133,18,-0.208,0.287,0.332,Splyce,20
Yampi,jng,CBLOL,15,20,0.5,47.0,55.9,56.3,47.6,78.2,52.5,56.1,8,0.375,10,-0.106,0.199,0.302,CNB e-Sports Club,20
Crystal,jng,TCS,2,53,0.604,58.4,57.5,60.9,78.4,53.7,50.7,56.0,9,0.222,10,0.174,-0.036,-0.271,Beşiktaş Esports|Pars eSports,25
AmazingJ,top,LPL,1,118,0.475,50.8,58.7,60.9,48.6,37.0,44.6,56.0,23,0.217,18,0.038,0.073,-0.12,Bilibili Gaming,21
694,sup,LPL,1,44,0.477,51.6,55.2,64.6,59.1,36.2,47.3,56.0,10,0.3,6,-0.068,0.157,0.038,Team WE,23
Zuao,jng,BRCC,2,31,0.645,61.1,57.9,51.1,56.2,35.2,56.7,55.9,0,0.0,12,0.159,-0.034,-0.249,Redemption eSports Porto Alegre|T Show,21
Larssen,mid,EUM,2,29,0.552,60.9,54.4,57.9,47.6,55.4,56.3,55.9,2,0.0,11,0.138,-0.013,-0.087,H2k-Gaming|Ninjas in Pyjamas,18
Phlaty,mid,LCL,15,38,0.5,56.0,51.5,64.6,53.1,43.0,47.5,55.9,4,0.5,11,0.049,0.058,0.014,Team Just|Vega Squadron,21
Zelt,mid,LLN,15,40,0.475,56.5,58.8,49.2,46.3,66.1,62.9,55.8,7,0.0,17,0.044,0.052,0.013,6Sense|Predators Esports,18
Mountain,jng,LMS,15,48,0.417,52.0,58.5,51.4,66.0,45.8,51.2,55.8,10,0.1,12,-0.086,0.155,0.232,Oh My God|ahq eSports Club,23
apaMEN,top,LJL,15,61,0.508,51.7,57.5,50.0,79.3,40.4,51.5,55.8,9,0.111,16,-0.114,0.183,0.342,Unsold Stuff Gaming,27
Zdz,top,LDL,2,37,0.351,60.0,54.8,46.2,50.3,46.3,59.0,55.7,0,0.0,12,0.062,0.025,0.112,Unlimited Potential,17
DahVys,jng,SLO,3,24,0.458,56.0,53.8,52.1,50.6,71.3,52.0,55.7,7,0.0,10,-0.015,0.082,0.416,UCAM Penguins|eMonkeyz,19
Zergsting,sup,TCL,15,62,0.532,51.1,57.1,57.0,43.9,54.5,69.2,55.7,11,0.091,19,-0.034,0.1,0.172,Fenerbahçe Esports,20
Potm,jng,VCS,15,34,0.5,48.5,59.0,53.2,53.4,69.0,50.5,55.7,12,0.083,9,-0.089,0.145,0.224,Cherry Esports,21
GENTLE,bot,LDL,2,43,0.535,57.5,63.3,53.4,48.3,36.4,55.0,55.6,1,0.0,11,0.119,-0.034,-0.117,Moss Seven Club|Team WE,19
Achuu,bot,TCL,15,33,0.455,58.1,59.4,55.3,68.9,76.8,49.5,55.6,12,0.0,10,0.195,-0.101,-0.301,HWA Gaming,24
Alphari,top,EU LCS,1,52,0.5,53.0,54.2,63.5,43.3,58.7,52.9,55.6,8,0.375,15,-0.029,0.092,-0.035,Misfits Gaming,19
Frozen,mid,TCL,15,65,0.538,59.0,58.6,52.0,44.4,50.9,58.1,55.5,13,0.154,21,0.171,-0.091,-0.274,Fenerbahçe Esports,19
R1kka,top,LDL,2,33,0.515,57.9,57.8,51.7,50.5,38.4,49.6,55.5,0,0.0,10,0.038,0.024,0.14,Virtual Reality Game,
Rikara,bot,LCSA,2,50,0.44,49.1,60.4,53.9,62.6,48.7,64.7,55.5,17,0.059,17,-0.014,0.067,0.177,100 Thieves|100 Thieves Academy,21
Sybol,jng,OPL,15,55,0.455,52.7,52.6,60.3,59.1,44.4,49.2,55.5,9,0.222,14,-0.044,0.09,0.116,Legacy Esports|Tectonic,22
Smoke,top,TCS,2,39,0.462,65.6,63.6,58.8,44.5,48.2,70.7,55.4,10,0.1,20,0.429,-0.311,-0.73,Oyun Hizmetleri,19
Robo,top,CBLOL,15,40,0.475,58.7,60.5,56.6,44.0,49.1,68.0,55.4,16,0.25,21,0.172,-0.098,-0.245,CNB e-Sports Club,20
Nikola,bot,EUM,2,22,0.636,55.0,61.0,59.0,48.3,50.9,59.0,55.4,2,0.0,9,0.11,-0.046,-0.121,KlikTech|Team oNe eSports,
Pekin Woof,mid,LCSA,2,31,0.548,57.1,58.4,59.8,75.3,40.7,59.2,55.4,6,0.167,13,0.131,-0.064,-0.134,FlyQuest Academy,24
Rybson,jng,UL,2,28,0.393,58.2,52.4,58.3,48.6,40.6,58.4,55.4,13,0.154,10,0.068,-0.016,-0.105,Akademia|Piast Gliwice Esports,18
As6,top,LDL,2,34,0.559,56.9,53.4,51.7,51.3,58.1,44.2,55.4,0,0.0,7,-0.014,0.058,0.243,Scorpio Game,
Alps,bot,LJL,15,46,0.565,50.8,56.2,61.2,53.3,40.6,51.4,55.4,7,0.286,12,-0.058,0.094,0.176,Crest Gaming Act,21
Lem0n,top,LJLCS,2,21,0.762,50.6,54.5,54.5,53.2,39.8,49.0,55.4,2,0.0,7,-0.132,0.152,0.497,BowQen Blackbucks,
Jinjiao,bot,LPL,1,118,0.475,51.6,53.0,61.3,45.2,42.2,53.0,55.4,23,0.217,18,-0.042,0.073,-0.039,Bilibili Gaming,20
Lago,sup,LJLCS,2,27,0.63,64.7,57.7,52.2,42.4,69.7,65.9,55.3,5,0.0,14,0.264,-0.187,-0.381,AKIHABARA ENCOUNT,20
Charger1,top,CISC,3,28,0.607,61.2,56.2,47.4,50.0,62.6,55.5,55.3,2,0.0,11,0.122,-0.071,0.016,PlaPro.c58|Team Just Ice,
Finita,jng,CISC,3,22,0.591,60.5,52.3,53.2,47.3,80.3,58.5,55.3,2,0.0,12,0.126,-0.07,-0.043,Aston eSports|Dragon Army Academy|PlaPro.c58,
Josedeodo,jng,CLS,15,51,0.51,51.6,57.7,51.1,46.5,49.3,63.5,55.3,9,0.111,17,-0.073,0.091,0.149,Furious Gaming,18
Blossom,jng,LCK,1,23,0.522,50.7,55.6,61.3,46.0,34.2,54.1,55.3,5,0.2,10,-0.085,0.104,0.066,SK Telecom T1,19
baybay,jng,LMS,15,55,0.564,50.0,56.3,61.4,60.1,34.7,53.3,55.3,9,0.333,15,-0.121,0.129,0.242,G-Rex,22
Calm,top,VCS,15,61,0.541,56.1,49.8,47.3,54.6,50.4,62.4,55.3,10,0.0,19,-0.139,0.146,0.329,GAM Esports|UTM Esports|Vikings Gaming,21
LiLian,bot,LDL,2,36,0.556,53.9,56.6,51.2,50.8,46.3,56.4,55.2,0,0.0,11,-0.055,0.062,0.223,Scorpio Game,
Spunk,top,LDL,2,67,0.507,52.1,51.4,50.4,54.1,44.6,61.0,55.2,0,0.0,18,-0.2,0.18,0.612,Game Talents,
Road,sup,LPL,1,118,0.475,66.8,58.2,59.7,53.8,38.0,59.4,55.1,23,0.217,16,0.339,-0.267,-0.673,Bilibili Gaming,23
Kongyue,jng,LMS,15,54,0.463,64.2,56.2,47.4,43.8,43.7,51.1,55.1,10,0.0,14,0.131,-0.094,-0.274,MAD Team,19
Jackpot,top,LMS,15,23,0.435,59.8,52.7,55.1,45.4,34.5,52.8,55.1,6,0.167,8,0.036,-0.023,-0.026,Afro Beast|Team Afro,20
Blinky,bot,OPL,15,28,0.5,54.7,55.1,54.5,45.7,43.5,46.0,55.1,6,0.167,7,-0.001,0.015,0.032,Avant Gaming,15
Unho1y,bot,CISC,3,27,0.556,56.6,57.7,50.3,72.2,51.6,61.4,55.0,6,0.0,11,0.034,-0.033,0.406,CrowCrowd|Dragon Army Academy,24
Panda,top,OCS,2,20,0.9,57.7,55.1,53.4,80.1,52.1,63.4,55.0,2,0.0,12,0.054,-0.049,0.034,Chiefs Academy,27
Teacherma,mid,LDL,2,59,0.525,56.3,53.9,50.4,49.6,44.8,41.6,55.0,0,0.0,10,-0.058,0.047,0.188,Game Talents,19
Tarky,sup,SLO,3,28,0.5,52.8,51.5,55.9,61.0,65.8,56.8,55.0,8,0.25,11,-0.089,0.074,0.54,eMonkeyz,
Kabupun,sup,LJLCS,2,21,0.762,48.1,54.1,54.0,57.1,47.9,53.1,55.0,2,0.0,8,-0.186,0.152,0.471,BowQen Blackbucks,
Lep,top,CBLOL,15,37,0.514,51.7,49.6,62.8,60.6,33.8,56.3,55.0,5,0.2,17,-0.099,0.08,0.22,RED Canids,22
Breeze,bot,LMS,15,88,0.477,59.7,61.7,48.9,49.4,57.9,45.9,54.9,16,0.062,13,0.176,-0.16,-0.343,MAD Team,21
Smiley,bot,EUM,2,27,0.556,57.6,57.6,54.1,48.6,39.4,57.4,54.9,1,0.0,8,0.061,-0.059,-0.076,Ninjas in Pyjamas,20
Mine,bot,LDL,2,33,0.515,55.0,54.6,51.4,50.5,46.7,54.3,54.8,0,0.0,9,-0.059,0.024,0.18,Virtual Reality Game,
AK,top,LDL,2,41,0.512,53.2,54.0,51.3,52.8,36.9,47.6,54.8,0,0.0,10,-0.141,0.099,0.445,King of Future,
PowerOfEvil,mid,NA LCS,1,36,0.389,68.5,64.0,55.1,45.3,41.1,53.0,54.7,9,0.222,18,0.433,-0.382,-0.957,OpTic Gaming,21
VVvert,top,CBLOL,15,22,0.318,57.2,56.3,64.8,42.6,81.2,57.2,54.7,6,0.167,13,0.251,-0.239,-0.471,ProGaming Esports|Team oNe eSports,19
pbO,bot,CBLOL,15,26,0.5,52.0,57.2,58.7,51.4,81.5,46.4,54.7,10,0.3,8,0.033,-0.056,-0.08,CNB e-Sports Club,
Fzy,sup,LDL,2,33,0.515,56.6,51.1,50.9,55.1,51.3,59.8,54.7,0,0.0,10,-0.074,0.024,0.212,Virtual Reality Game,
Aloned,mid,CLS,15,27,0.519,52.0,52.7,54.4,47.7,39.4,54.4,54.7,6,0.167,13,-0.124,0.071,0.212,Furious Gaming,19
Knight,jng,VCS,15,65,0.4,64.9,53.9,50.3,43.6,46.2,58.7,54.6,23,0.043,16,0.109,-0.136,-0.295,FTV Esports,18
Siler,mid,SLO,3,33,0.424,52.1,61.7,56.6,48.7,47.0,58.4,54.6,9,0.111,15,0.033,-0.066,-0.206,UCAM Penguins,
Mimic,top,OPL,15,68,0.485,59.2,51.9,49.6,45.3,53.5,54.8,54.6,8,0.0,15,0.023,-0.06,-0.05,Legacy Esports,20
Levi,jng,LCSA,2,33,0.485,49.7,56.9,54.0,73.2,72.0,62.8,54.6,9,0.111,14,-0.097,0.04,0.185,100 Thieves Academy,23
Labrov,sup,SLO,3,22,0.545,49.6,53.0,61.6,37.6,40.8,47.1,54.6,4,0.5,6,-0.074,0.023,0.424,KIYF eSports Club|Wind and Rain,16
4LaN,jng,CBLOL,15,31,0.387,59.1,56.7,77.8,38.9,81.4,50.2,54.5,5,0.6,11,0.542,-0.494,-1.153,Team oNe eSports,20
Kz,bot,CLS,15,24,0.458,53.9,60.4,56.0,44.9,35.1,50.2,54.5,5,0.2,7,0.028,-0.071,-0.091,Hafnet eSports,20
Skash,sup,LCL,15,28,0.429,57.3,56.6,52.6,63.6,71.6,60.2,54.5,8,0.125,12,0.065,-0.11,-0.137,Vega Squadron,24
Baiano,sup,CBLOL,15,46,0.457,54.5,56.2,60.2,63.7,46.3,51.0,54.5,17,0.294,11,0.058,-0.098,-0.117,CNB e-Sports Club,24
Gloria,top,LDL,2,69,0.507,52.9,56.5,51.5,50.8,51.7,57.3,54.5,2,0.0,18,-0.038,-0.024,0.173,People's Red Wolf Gaming|Rogue Warriors,20
Y1han,jng,LPL,1,59,0.475,53.9,55.1,55.0,45.0,50.5,53.7,54.5,16,0.188,15,-0.048,-0.009,-0.088,FunPlus Phoenix|Team WE,19
Mickey,mid,LCSA,2,39,0.513,49.2,58.2,57.3,58.1,42.6,65.4,54.5,10,0.2,18,-0.087,0.022,0.192,Golden Guardians|Team Liquid Academy,21
Xuradel,mid,LLN,15,24,0.375,51.9,55.0,62.5,60.2,49.7,55.6,54.5,9,0.111,11,-0.038,-0.017,0.027,Pixel Esports Club|Predators Esports,22
Zeicro,bot,CLS,15,34,0.5,54.6,48.2,52.3,60.9,35.3,57.7,54.5,5,0.0,15,-0.163,0.081,0.274,Evilvice Esports|Movistar R7,22
Professor,sup,CBLOL,15,46,0.478,53.1,57.0,55.9,54.0,34.4,45.6,54.4,7,0.0,8,-0.053,-0.023,0.069,ProGaming Esports,22
Zaremba,sup,UL,2,20,0.35,53.0,54.5,59.3,54.1,52.3,50.8,54.4,9,0.222,7,-0.024,-0.045,0.084,Piast Gliwice Esports,
Crown,mid,LCK,1,68,0.515,52.1,54.0,57.3,64.5,63.5,52.4,54.4,11,0.273,15,-0.017,-0.046,-0.183,Gen.G|KSV eSports,23
cyeol,mid,LMS,15,42,0.5,48.8,55.7,47.1,56.0,40.1,57.7,54.4,9,0.0,14,-0.237,0.133,0.398,Hong Kong Attitude,
OddOrange,jng,LCSA,2,39,0.462,48.3,55.4,60.4,50.2,57.1,56.5,54.4,7,0.143,12,-0.085,0.002,0.12,Echo Fox Academy,20
MISSING,sup,LDL,2,60,0.517,66.7,58.5,64.7,40.5,40.9,57.7,54.3,5,0.2,13,0.376,-0.378,-0.708,Mighty Eagle|Team WE,17
Nyu,top,BRCC,2,31,0.645,54.7,54.3,50.2,74.8,32.9,46.3,54.3,0,0.0,9,-0.051,-0.034,0.178,Redemption eSports Porto Alegre|T Show,24
SSUN,mid,CK,2,48,0.458,56.5,57.3,67.5,74.3,61.9,47.2,54.2,12,0.25,14,0.208,-0.257,-0.424,Ever8 Winners,24
Sencux,mid,EU LCS,1,52,0.5,47.4,50.1,61.1,46.4,51.5,58.6,54.2,8,0.375,20,-0.215,0.092,0.148,Misfits Gaming,20
Paranoia,mid,LCL,15,34,0.471,51.7,56.0,48.0,65.9,80.5,56.9,54.1,5,0.0,15,-0.011,-0.089,-0.078,Team Just|Vega Squadron,23
Kay,mid,LDL,2,33,0.515,51.8,52.7,51.5,50.0,58.5,54.4,54.1,0,0.0,13,-0.142,0.024,0.253,Virtual Reality Game,
Gariaru,mid,LJL,15,61,0.508,43.9,56.2,48.9,69.6,40.6,55.6,54.1,9,0.111,16,-0.339,0.183,0.56,Unsold Stuff Gaming,23
Zin,bot,VCS,15,70,0.529,55.4,54.2,49.0,45.9,51.0,51.0,54.0,10,0.0,14,-0.082,-0.042,0.057,Cherry Esports|GAM Esports|UTM Esports|Vikings Gaming,19
WildHeart,sup,CISC,3,27,0.556,55.2,53.2,47.8,51.0,49.5,62.5,54.0,6,0.0,12,-0.084,-0.033,0.344,CrowCrowd|Dragon Army Academy,22
Roison,mid,SLO,3,26,0.577,55.1,58.3,53.8,47.4,66.1,58.2,53.9,11,0.091,12,0.058,-0.166,-0.39,G2 Vodafone|Szata Maga,20
Malygos,jng,LDL,2,30,0.5,54.1,50.8,52.2,51.2,32.9,53.6,53.9,0,0.0,9,-0.17,0.021,0.256,King of Future,
Prodigy,bot,CLS,15,57,0.509,48.8,51.3,56.2,47.7,46.7,64.4,53.9,9,0.111,19,-0.225,0.068,0.326,Furious Gaming,18
Sorn,jng,VCS,15,73,0.479,64.2,52.4,56.7,42.1,58.1,53.7,53.8,21,0.19,15,0.194,-0.29,-0.555,Cube Adonis|Hall of Fame,18
Akaadian,jng,NA LCS,1,37,0.432,56.5,53.6,58.2,55.5,56.7,55.7,53.8,9,0.222,14,0.031,-0.15,-0.315,OpTic Gaming|OpTic Gaming Academy,22
WooFe,top,CK,2,66,0.485,46.9,58.8,70.3,48.8,48.0,53.2,53.8,16,0.188,17,0.045,-0.162,-0.092,Ever8 Winners|Winners,
Rika,jng,LDL,2,69,0.507,54.0,54.2,50.8,49.8,46.2,60.4,53.7,0,0.0,15,-0.105,-0.055,0.071,Joy Dream,
NoNholy,top,LCL,15,28,0.429,49.1,58.9,57.4,45.3,73.9,59.9,53.7,8,0.125,15,-0.028,-0.11,-0.05,Vega Squadron,20
clx,mid,LDL,2,69,0.507,54.1,53.8,50.0,49.0,55.9,53.9,53.7,0,0.0,16,-0.095,-0.055,0.118,Joy Dream,18
Benny,jng,LMS,15,34,0.5,50.8,56.6,58.1,45.4,40.9,42.2,53.7,6,0.167,8,-0.077,-0.07,-0.022,MAD Team,20
AnDa,jng,NA LCS,1,57,0.474,57.0,59.8,68.1,58.9,51.1,66.2,53.6,13,0.385,19,0.229,-0.334,-0.708,100 Thieves|FlyQuest|FlyQuest Academy,23
Teeen,sup,LDL,2,69,0.507,55.1,52.5,49.2,45.8,49.8,59.1,53.6,0,0.0,10,-0.109,-0.055,0.165,Joy Dream,17
300,sup,LDL,2,23,0.478,50.2,55.4,51.7,64.1,53.0,60.0,53.6,0,0.0,8,-0.136,-0.039,0.211,SHEINOO,22
Yuen,sup,LDL,2,31,0.387,66.5,60.1,54.8,40.6,39.7,60.6,53.4,1,0.0,10,0.317,-0.426,-0.696,Kowloon Esports (九龍電競)|Liberty Zeal Queue,17
Parang,top,CK,2,37,0.432,66.7,59.2,47.6,59.4,66.8,55.1,53.4,13,0.0,12,0.265,-0.391,-0.63,ES Sharks,22
Arora,mid,LJLCS,2,21,0.571,60.9,55.5,58.3,62.5,32.1,55.2,53.4,8,0.25,13,0.117,-0.268,-0.338,AKIHABARA ENCOUNT,22
PawN,mid,LCK,1,34,0.559,52.6,61.7,65.0,48.2,50.0,46.3,53.4,3,0.333,9,0.116,-0.262,-0.526,KT Rolster|Kingzone DragonX,21
Chengzi,mid,LDL,2,23,0.435,55.2,53.8,52.2,71.7,31.3,52.7,53.4,0,0.0,9,-0.099,-0.084,0.091,VC Gaming,23
Luskka,bot,CBLOL,15,45,0.467,59.6,58.6,49.7,56.4,42.4,55.5,53.3,7,0.0,14,0.081,-0.245,-0.333,ProGaming Esports,22
Candy,mid,LMS,15,67,0.522,55.0,58.6,53.7,43.8,66.3,58.4,53.3,11,0.091,19,0.092,-0.256,-0.366,G-Rex,20
Arumik,top,LJLCS,2,30,0.6,53.7,57.9,58.9,62.0,78.4,51.4,53.3,9,0.222,13,0.097,-0.26,-0.272,AKIHABARA ENCOUNT,22
xiaoweixiao,mid,LDL,2,46,0.5,55.2,54.1,50.8,75.6,59.0,61.8,53.3,0,0.0,18,-0.05,-0.135,-0.016,Triumphant Song Gaming|Victory Song Gaming,24
wumian,mid,LDL,2,23,0.348,51.3,50.4,52.2,49.2,63.8,60.1,53.3,0,0.0,14,-0.135,-0.069,0.146,OuYi Game Team,
M1anhua,jng,LDL,2,46,0.522,41.7,58.2,55.6,53.3,37.5,65.6,53.3,4,0.0,17,-0.321,0.083,0.537,Bilibili Gaming|Moss Seven Club,19
Brandini,top,LCSA,2,41,0.488,65.6,54.9,52.7,53.1,54.9,60.2,53.2,8,0.125,15,0.192,-0.345,-0.487,100 Thieves Academy|TSM Academy,21
Hakuho,sup,NA LCS,1,52,0.462,60.7,57.3,44.9,56.3,38.1,58.3,53.2,11,0.0,13,0.01,-0.199,-0.333,Clutch Gaming|Clutch Gaming Academy,23
Tulz,sup,CLS,15,54,0.426,53.6,57.1,65.7,56.9,50.7,59.1,53.2,14,0.214,14,0.078,-0.26,-0.3,Furious Gaming|Legatum,23
MikeYeung,jng,NA LCS,1,42,0.5,52.8,56.5,51.6,43.4,45.1,60.4,53.2,10,0.2,16,0.005,-0.194,-0.333,TSM|TSM Academy,19
Ambition,jng,LCK,1,62,0.516,51.0,52.1,55.0,75.7,67.0,47.1,53.2,12,0.167,13,-0.112,-0.098,-0.114,Gen.G|KSV eSports,26
Riris,top,LMS,15,60,0.45,60.6,57.7,57.8,67.3,70.4,46.7,53.1,11,0.273,15,0.22,-0.382,-0.587,Hong Kong Attitude|Winners,24
RedBert,sup,CBLOL,15,48,0.375,57.9,60.1,56.4,39.4,79.1,49.8,53.1,8,0.125,11,0.26,-0.414,-0.636,INTZ|Team oNe eSports,20
Unforgiven,jng,CLS,15,25,0.56,48.9,49.8,54.2,47.0,43.9,48.3,53.1,1,0.0,8,-0.236,-0.011,0.215,Evilvice Esports,19
May,sup,LDL,2,58,0.5,52.5,52.9,49.6,80.0,64.2,53.6,53.0,0,0.0,10,-0.118,-0.115,0.109,Game Talents|Moss Seven Club,26
Sinmivak,top,UL,2,20,0.35,44.8,55.0,59.0,52.0,61.5,51.4,53.0,9,0.222,9,-0.202,-0.045,0.344,Piast Gliwice Esports,17
Armao,jng,NA LCS,1,58,0.5,46.6,49.5,66.6,45.2,53.8,59.4,53.0,7,0.286,17,-0.158,-0.08,-0.048,TSM|TSM Academy,20
Minerva,jng,CBLOL,15,48,0.458,54.8,60.7,50.4,62.3,51.0,60.5,52.9,7,0.0,16,0.021,-0.245,-0.318,ProGaming Esports,23
RD,bot,LPL,1,21,0.524,55.0,47.7,58.2,70.5,58.9,50.8,52.9,3,0.333,7,-0.096,-0.147,-0.195,JD Gaming,25
Luana,top,TCS,2,35,0.514,57.4,56.7,60.3,46.4,68.0,51.5,52.8,9,0.222,9,0.145,-0.355,-0.442,P3P eSports|Pars eSports,17
Rich,sup,GPL,15,21,0.524,55.2,55.6,56.3,41.0,44.2,52.5,52.8,5,0.0,9,0.067,-0.293,-0.321,Ascension Gaming,20
Uniboy,mid,LMS,15,88,0.477,48.3,56.8,51.5,45.8,76.8,43.9,52.8,16,0.062,14,-0.091,-0.16,-0.069,MAD Team,17
Wraith,sup,LCK,1,44,0.432,43.2,54.9,51.3,59.9,61.9,59.3,52.8,8,0.0,9,-0.322,0.029,0.146,Jin Air Green Wings,23
Ferchu,jng,BRCC,2,22,0.409,49.7,59.6,56.4,48.1,41.7,62.0,52.7,6,0.167,12,-0.056,-0.195,-0.177,Operation Kino e-Sports|WP Gaming,20
melody,top,LDL,2,61,0.508,57.0,57.2,50.6,80.5,61.9,58.1,52.6,0,0.0,17,0.048,-0.297,-0.257,QNG Team|Scorpio Game,28
Brucer,mid,CBLOL,15,21,0.286,49.7,54.6,53.7,59.4,79.3,59.9,52.6,6,0.0,12,-0.096,-0.172,-0.076,CNB e-Sports Club|Team oNe eSports,22
Piglet,bot,LCSA,2,33,0.424,68.3,60.6,50.4,42.2,50.8,61.0,52.5,5,0.0,13,0.344,-0.552,-1.056,Clutch Gaming|Clutch Gaming Academy,18
G4,mid,GPL,15,21,0.524,59.6,55.3,50.6,50.4,35.7,55.5,52.5,5,0.0,11,0.038,-0.293,-0.348,Ascension Gaming,21
TC,jng,LDL,2,64,0.484,54.9,58.5,50.9,47.4,40.8,48.3,52.5,0,0.0,13,-0.029,-0.243,-0.277,Royal Club,20
Recall,top,LDL,2,64,0.5,61.5,46.9,50.5,63.3,57.3,56.1,52.5,0,0.0,16,-0.03,-0.238,-0.092,Joy Dream,22
K,sup,LMS,15,88,0.477,47.2,59.2,52.9,53.5,67.5,49.9,52.5,16,0.062,14,-0.128,-0.16,0.007,MAD Team,22
Nappon,jng,BRCC,2,20,0.5,48.8,56.2,53.4,76.7,45.1,49.7,52.5,4,0.0,8,-0.172,-0.122,0.071,RED Canids|paiN Gaming,24
Finn,top,SLO,3,27,0.556,47.8,55.3,64.9,50.8,62.7,54.0,52.5,4,0.5,11,-0.076,-0.199,0.121,Movistar KOI|Ninjas in Pyjamas,19
LTT,top,LDL,2,39,0.462,49.0,52.1,51.4,52.3,42.2,46.3,52.5,0,0.0,8,-0.248,-0.058,0.384,SHEINOO,
Corn,mid,LPL,1,47,0.404,46.8,51.7,57.3,50.4,70.5,50.1,52.5,15,0.2,13,-0.108,-0.181,-0.227,Top Esports,21
Trix,jng,TCL,15,65,0.477,39.7,53.8,52.0,61.8,62.7,54.4,52.5,22,0.136,16,-0.402,0.065,0.478,HWA Gaming,22
DeuL,bot,LMS,15,73,0.493,58.3,64.4,52.9,66.5,50.4,55.5,52.4,11,0.091,16,0.227,-0.462,-0.718,Machi Esports,24
iiann,sup,LDL,2,33,0.364,61.0,59.6,50.9,42.1,34.4,47.3,52.4,0,0.0,7,0.12,-0.375,-0.428,LaoPengYou|Moss Seven Club,18
CozQ,mid,TCS,2,20,0.45,57.8,55.5,53.9,45.6,36.0,53.5,52.4,5,0.0,10,0.075,-0.34,-0.371,Oyun Hizmetleri,
Cuzz,jng,LCK,1,24,0.542,58.2,50.4,48.3,44.2,33.8,56.8,52.4,5,0.0,13,-0.114,-0.183,-0.199,Kingzone DragonX,19
Rockky,top,GPL,15,21,0.524,52.5,52.2,58.0,49.9,48.0,47.7,52.4,5,0.0,8,0.026,-0.293,-0.295,Ascension Gaming,
Revanche,sup,TCL,15,61,0.475,47.4,47.8,51.0,55.9,55.1,49.0,52.4,20,0.1,12,-0.309,-0.028,0.32,HWA Gaming,
Envy,mid,CBLOL,15,47,0.447,54.6,53.9,57.9,79.9,66.9,62.4,52.3,7,0.143,18,0.017,-0.299,-0.332,INTZ,28
lanyemao,bot,LDL,2,24,0.417,54.9,51.3,52.0,48.5,60.3,53.4,52.3,0,0.0,8,-0.086,-0.221,-0.095,VC Gaming,
XLong,top,LDL,2,21,0.476,56.1,53.3,52.5,48.6,52.2,59.6,52.2,0,0.0,12,-0.034,-0.267,-0.123,Shadow Cream,
tinowns,mid,CBLOL,15,38,0.447,56.9,64.1,57.3,47.3,70.8,62.1,52.1,7,0.143,17,0.23,-0.502,-0.775,paiN Gaming,21
369,top,LDL,2,37,0.378,57.8,60.4,47.2,46.4,50.4,54.7,52.1,1,0.0,12,0.099,-0.393,-0.433,King of Future|Top Esports,17
Jinoo,top,LPL,1,93,0.409,57.1,59.9,54.5,57.8,60.0,61.6,52.1,30,0.1,21,0.103,-0.391,-0.645,LGD Gaming,23
KeYi,sup,LDL,2,28,0.429,53.2,54.1,51.3,53.2,53.0,60.0,52.1,0,0.0,11,-0.094,-0.234,-0.045,Big One Gaming,
Puff,bot,LDL,2,69,0.493,56.7,60.8,49.8,45.7,53.5,52.4,52.0,0,0.0,14,0.073,-0.381,-0.498,People's Red Wolf Gaming,19
Shini,jng,CBLOL,15,46,0.435,56.7,59.4,54.1,47.2,59.5,53.6,52.0,7,0.143,14,0.124,-0.418,-0.617,INTZ,21
Ayel,top,CBLOL,15,38,0.474,55.1,57.9,55.2,43.6,47.1,52.4,52.0,6,0.167,13,0.004,-0.327,-0.308,INTZ|paiN Gaming,20
Art,bot,LMS,15,20,0.35,52.7,53.5,56.5,63.1,61.1,55.9,52.0,9,0.111,8,-0.002,-0.314,-0.317,Afro Beast|Team Afro,23
Lira,jng,NA LCS,1,52,0.462,49.4,54.0,58.0,62.7,43.5,55.6,52.0,11,0.0,15,-0.148,-0.199,-0.181,Clutch Gaming|Clutch Gaming Academy,23
Saulius,mid,TCS,2,47,0.532,62.4,58.5,66.6,49.3,64.6,45.1,51.9,11,0.273,12,0.362,-0.622,-0.982,Could Be Better|Pars eSports|Team Cappadocia,21
Alex,jng,LPL,1,46,0.413,62.9,54.7,49.0,40.9,80.1,52.2,51.9,10,0.0,13,0.16,-0.463,-0.771,FunPlus Phoenix|J Team,18
Humble,top,LDL,2,25,0.44,55.8,51.8,52.2,49.3,37.4,53.9,51.9,0,0.0,11,-0.099,-0.255,-0.031,Team Fighter,17
Praelus,jng,OPL,15,35,0.457,56.7,53.2,56.4,48.7,46.7,57.0,51.8,7,0.143,14,0.006,-0.347,-0.412,Avant Gaming|Dire Wolves,
Chance,sup,LDL,2,40,0.475,53.6,52.2,50.4,44.4,59.6,58.7,51.8,0,0.0,10,-0.113,-0.254,-0.046,Rogue Warriors Shark,19
Name,top,BRCC,2,31,0.516,50.9,54.7,74.5,51.7,80.5,55.8,51.8,4,0.5,15,0.191,-0.501,-0.673,Ilha da Macacada Gaming|Team oNe eSports,21
Sedrion,bot,SLO,3,43,0.326,61.1,60.1,50.5,53.6,48.4,60.7,51.7,8,0.0,14,0.154,-0.478,-0.641,ASUS ROG Army,22
xiye,mid,LPL,1,103,0.447,59.0,59.4,57.6,46.9,43.3,65.3,51.7,23,0.217,24,0.12,-0.449,-0.714,Team WE,21
Solo,top,NA LCS,1,54,0.444,54.8,52.8,52.5,41.1,39.7,48.2,51.7,12,0.0,14,-0.053,-0.31,-0.41,Clutch Gaming|Clutch Gaming Academy,12
Remedy,sup,LDL,2,44,0.477,53.5,53.3,50.2,69.7,61.4,57.5,51.7,0,0.0,11,-0.095,-0.273,-0.086,Triumphant Song Gaming|Victory Song Gaming,23
Echo,jng,LDL,2,30,0.433,54.8,48.9,52.2,48.6,48.1,48.7,51.7,0,0.0,7,-0.146,-0.228,-0.103,King of Future,
Smiths,sup,LDL,2,54,0.5,53.7,46.0,49.7,55.0,52.2,47.0,51.7,0,0.0,8,-0.238,-0.16,0.191,Royal Club,
Bless,jng,CK,2,37,0.432,59.2,54.7,49.6,45.5,58.0,56.8,51.6,13,0.0,10,0.028,-0.391,-0.546,ES Sharks,18
Gilius,jng,EU LCS,1,42,0.5,50.7,55.9,46.2,49.1,68.3,49.2,51.6,7,0.0,11,-0.093,-0.286,-0.327,Team Vitality,21
Blank,jng,LCK,1,75,0.453,41.2,63.2,48.9,44.9,40.8,51.8,51.6,18,0.111,16,-0.215,-0.187,-0.1,SK Telecom T1,18
Absolute,sup,TCS,2,35,0.514,53.6,49.8,60.6,43.1,73.5,52.4,51.6,9,0.222,8,-0.012,-0.355,-0.264,P3P eSports|Pars eSports,19
Aki,jng,LDL,2,45,0.444,49.8,53.0,54.2,48.9,50.5,61.9,51.6,6,0.0,16,-0.173,-0.219,-0.055,HarmoniX Gaming|Virtual Reality Game,18
SkyBart,top,CBLOL,15,45,0.444,55.5,63.5,48.7,42.9,35.4,54.8,51.5,6,0.0,15,0.041,-0.41,-0.431,ProGaming Esports,20
Sebekx,mid,UL,2,45,0.556,56.4,54.7,51.9,68.7,78.0,55.0,51.5,7,0.0,15,0.086,-0.447,-0.497,Illuminar Gaming|Szata Maga,23
Chenp,top,LDL,2,67,0.433,54.7,50.2,50.4,49.8,47.6,54.0,51.5,0,0.0,16,-0.152,-0.249,0.041,CCfuture|Chong Qing Gaming,
Fresskowy,mid,UL,2,29,0.448,46.8,53.8,59.0,47.4,62.0,49.4,51.5,12,0.083,9,-0.107,-0.285,-0.116,Akademia,19
Recap,mid,LJL,15,42,0.452,47.7,52.7,54.8,52.8,68.2,46.1,51.5,13,0.154,10,-0.192,-0.212,-0.017,V3 Esports|V3 New Generation,21
ThintoN,sup,LJL,15,33,0.364,53.9,60.3,47.2,55.9,80.2,44.9,51.4,8,0.0,7,0.048,-0.425,-0.435,7th heaven|Smash It Down,23
Duke,top,LPL,1,82,0.61,60.8,41.3,44.1,66.8,62.3,51.2,51.4,14,0.071,17,-0.172,-0.241,-0.224,Invictus Gaming,24
HiRit,top,CK,2,33,0.364,56.7,59.3,57.9,44.9,78.5,50.6,51.3,17,0.118,8,0.161,-0.527,-0.668,SeolHaeOne Prince,20
Pyrka,sup,UL,2,30,0.433,53.9,56.7,54.9,43.0,62.5,51.6,51.3,13,0.077,7,-0.027,-0.375,-0.27,Akademia,18
Ziv,top,LMS,15,67,0.388,57.8,67.0,54.0,52.8,45.0,53.0,51.2,14,0.0,17,0.226,-0.596,-0.815,ahq eSports Club,22
Nobody,mid,CLS,15,47,0.426,65.5,58.9,48.6,41.0,38.9,59.6,51.2,7,0.0,19,0.217,-0.582,-0.846,Furious Gaming|Gaming Gaming,18
Wink,bot,LDL,2,64,0.484,53.6,50.6,50.0,49.3,38.2,59.3,51.2,0,0.0,17,-0.197,-0.243,0.017,Royal Club,19
Zzus,sup,TCL,15,45,0.467,50.6,50.9,56.1,42.8,69.3,53.6,51.2,11,0.182,11,-0.195,-0.242,-0.009,YouthCrew Esports,20
Wisdomz,jng,LPL,1,35,0.457,49.4,45.4,50.8,45.9,60.7,51.5,51.2,7,0.0,11,-0.318,-0.145,0.05,Bilibili Gaming,20
Pabu,top,OPL,15,58,0.448,58.4,60.0,58.3,41.1,46.5,55.7,51.1,13,0.154,20,0.182,-0.563,-0.736,Avant Gaming,19
Athena,mid,LPL,1,51,0.431,55.5,58.3,52.0,61.6,59.3,54.7,51.1,9,0.0,15,0.023,-0.433,-0.603,Bilibili Gaming,23
Southwind,sup,LDL,2,69,0.493,57.8,52.7,49.2,60.8,49.7,59.3,51.1,0,0.0,14,-0.047,-0.381,-0.254,People's Red Wolf Gaming,22
Optimas,bot,LCL,15,30,0.4,56.5,47.1,55.0,43.8,68.7,60.1,51.1,9,0.111,12,-0.085,-0.349,-0.267,Could Be Better|Vega Squadron,20
mrlonely,bot,LDL,2,67,0.433,54.5,47.1,49.9,49.3,48.9,42.8,51.1,0,0.0,10,-0.205,-0.249,0.02,CCfuture|Chong Qing Gaming,
Cool,mid,LPL,1,63,0.46,47.8,50.8,51.8,70.7,51.2,64.2,51.1,13,0.077,21,-0.291,-0.182,-0.047,FunPlus Phoenix,24
3z,top,LMS,15,65,0.477,55.6,56.7,52.3,55.8,41.5,49.8,51.0,11,0.091,11,0.005,-0.431,-0.416,Machi Esports,22
shuijiao,mid,LDL,2,67,0.433,51.1,52.3,50.1,48.5,41.2,58.1,51.0,0,0.0,24,-0.223,-0.249,0.047,CCfuture|Chong Qing Gaming,
Xinyi,jng,LDL,2,46,0.478,40.9,55.2,65.9,73.2,36.3,59.0,51.0,4,0.25,14,-0.302,-0.176,0.171,FunPlus Phoenix|Triumphant Song Gaming,23
Michi,mid,LDL,2,38,0.5,47.5,46.9,51.2,50.3,56.2,43.5,51.0,0,0.0,9,-0.344,-0.149,0.285,People's Red Wolf Gaming,
Guoguo,mid,LPL,1,109,0.459,36.7,55.8,56.5,47.1,46.1,52.3,51.0,12,0.25,21,-0.461,-0.055,0.245,Snake Esports,19
Stunt,sup,LCSA,2,39,0.462,50.8,60.3,57.5,67.8,70.9,57.5,50.9,10,0.2,12,0.029,-0.466,-0.428,100 Thieves Academy|FlyQuest,23
pyl,sup,LPL,1,91,0.418,54.0,47.5,49.4,62.6,66.1,56.7,50.9,29,0.103,14,-0.194,-0.276,-0.225,LGD Gaming,24
Karakal Jr,sup,SLO,3,50,0.38,48.0,63.6,53.1,54.8,39.7,53.7,50.8,15,0.067,13,-0.075,-0.385,-0.285,UCAM Penguins,23
Guilford,top,TCS,2,32,0.438,49.3,62.0,61.1,45.3,47.3,60.3,50.8,8,0.125,14,0.096,-0.534,-0.599,Team Cappadocia,
Kwon,sup,LCSA,2,27,0.481,45.8,56.3,60.6,52.7,51.2,56.7,50.8,7,0.143,9,-0.138,-0.339,-0.111,FlyQuest|FlyQuest Academy,
Icy,mid,LLN,15,23,0.478,44.2,55.9,49.5,47.5,34.9,52.5,50.8,7,0.0,13,-0.342,-0.169,0.188,6Sense|Predators Esports,18
Apollo,bot,NA LCS,1,52,0.462,46.8,52.7,48.6,45.1,54.0,49.0,50.8,11,0.0,13,-0.304,-0.199,-0.049,Clutch Gaming|Clutch Gaming Academy,18
Sun,mid,LCSA,2,41,0.488,46.7,51.6,53.7,48.7,59.0,53.0,50.8,5,0.0,13,-0.244,-0.247,0.071,Clutch Gaming Academy,
Stixxay,bot,NA LCS,1,36,0.389,63.2,53.8,55.7,44.9,59.0,45.6,50.7,5,0.2,10,0.166,-0.594,-0.859,Counter Logic Gaming,21
axiu,jng,LDL,2,50,0.4,53.3,54.0,51.4,47.5,35.8,51.1,50.7,0,0.0,12,-0.145,-0.348,-0.262,VP Game,
Cacon,jng,VCS,15,30,0.5,58.9,48.0,53.3,42.3,73.3,52.1,50.7,5,0.0,9,-0.006,-0.461,-0.523,Cherry Esports,17
Helper,bot,LDL,2,49,0.449,56.3,53.4,50.5,75.1,80.8,51.5,50.6,0,0.0,13,0.062,-0.526,-0.666,Rogue Warriors Shark,23
Curator,jng,UL,2,21,0.429,49.0,49.7,57.4,48.1,70.1,53.8,50.6,8,0.125,10,-0.183,-0.318,-0.173,Akademia,17
existence,top,TCL,15,44,0.386,48.2,49.4,50.8,44.7,78.3,61.0,50.6,16,0.062,19,-0.164,-0.338,-0.145,Beşiktaş Esports|Galakticos,20
Cognac,sup,TCS,2,39,0.462,48.7,47.9,55.7,53.4,70.1,66.7,50.6,10,0.1,15,-0.193,-0.311,-0.021,Oyun Hizmetleri,
Mocha,sup,LJL,15,27,0.407,59.3,54.1,50.2,44.9,37.4,50.1,50.5,7,0.0,7,-0.005,-0.481,-0.437,Burning Core Toyama,21
Tunaraz,jng,PGN,3,20,0.35,54.5,54.9,51.9,68.5,45.1,50.1,50.5,5,0.0,6,-0.071,-0.43,-0.299,inFerno eSports,21
Vulcan,sup,LCSA,2,41,0.439,56.3,65.3,49.7,40.6,50.1,56.5,50.4,6,0.0,11,0.145,-0.607,-0.705,Clutch Gaming|Clutch Gaming Academy,19
An,bot,LMS,15,60,0.4,57.6,63.5,46.9,66.6,48.2,68.1,50.4,13,0.0,21,0.098,-0.569,-0.695,ahq eSports Club,24
Jz,bot,LDL,2,31,0.452,50.9,50.5,51.5,48.0,74.0,46.8,50.4,0,0.0,7,-0.165,-0.36,-0.17,Joy Dream,
Dreamer,sup,LMS,15,72,0.5,46.2,52.0,50.4,75.6,53.2,49.2,50.4,11,0.091,14,-0.271,-0.275,0.035,Machi Esports,27
Filopo,mid,CLS,15,34,0.441,63.1,58.1,52.0,53.1,34.9,55.1,50.3,5,0.0,15,0.204,-0.667,-0.923,Evilvice Esports,22
Madness,bot,TCL,15,74,0.432,63.3,56.3,64.4,50.8,57.2,49.1,50.3,18,0.222,13,0.279,-0.735,-1.063,YouthCrew Esports,22
poge,bot,LDL,2,27,0.407,54.9,52.9,51.8,46.8,68.8,63.0,50.3,0,0.0,11,-0.099,-0.427,-0.338,Liberty Zeal Queue,
TaiLuo,top,LDL,2,37,0.432,54.5,50.4,51.5,46.4,81.1,54.4,50.3,0,0.0,13,-0.005,-0.506,-0.444,Rogue Warriors Shark,
MoonBlack,mid,LMS,15,29,0.345,53.1,56.6,56.6,55.6,37.7,50.2,50.2,10,0.1,11,0.017,-0.533,-0.581,Afro Beast|Team Afro,22
Maxtrobo,top,LCSA,2,39,0.462,49.8,59.7,56.6,46.6,49.3,60.7,50.2,5,0.0,14,-0.03,-0.496,-0.402,Clutch Gaming Academy,
Cao,bot,LCSA,2,24,0.375,54.4,54.5,56.0,45.9,44.0,58.4,50.2,4,0.0,12,-0.049,-0.48,-0.469,Clutch Gaming Academy|OpTic Gaming Academy,19
JaVaaa,bot,SLO,3,50,0.38,49.4,55.7,52.1,59.4,56.2,63.7,50.2,15,0.067,16,-0.165,-0.385,0.123,UCAM Penguins,22
bademan,jng,LDL,2,69,0.493,53.4,49.3,50.8,47.3,60.4,53.4,50.2,0,0.0,13,-0.161,-0.381,-0.283,People's Red Wolf Gaming,20
Panky,top,TCL,15,75,0.427,45.5,44.9,50.9,61.1,55.3,54.4,50.2,19,0.0,16,-0.42,-0.176,0.287,Dark Passage|Team AURORA,22
Matsukaze,bot,CBLOL,15,38,0.447,52.0,57.8,53.2,67.8,71.8,53.1,50.1,7,0.143,11,-0.026,-0.502,-0.492,paiN Gaming,24
XuHao,jng,VCS,15,22,0.409,52.7,55.1,53.1,42.6,61.6,62.3,50.1,9,0.0,11,-0.07,-0.475,-0.468,Hall of Fame|Phong Vũ Buffalo,19
Solokill,top,LDL,2,30,0.4,53.9,50.9,51.9,47.4,73.5,58.6,50.1,0,0.0,12,-0.084,-0.453,-0.285,Big One Gaming,17
Turtle,jng,CBLOL,15,23,0.435,47.6,50.1,56.7,69.2,71.4,57.0,50.1,8,0.25,12,-0.264,-0.31,-0.079,CNB e-Sports Club,24
Mojito,jng,TCL,15,56,0.464,40.5,50.1,59.1,47.0,64.9,64.8,50.1,14,0.214,20,-0.415,-0.19,0.215,YouthCrew Esports,20
Faker,mid,LCK,1,86,0.453,59.3,64.5,49.1,51.5,51.4,61.2,50.0,21,0.143,27,0.186,-0.694,-1.02,SK Telecom T1,22
Shield,sup,LJL,15,65,0.554,57.7,56.9,57.8,48.2,38.7,53.4,50.0,15,0.133,13,0.113,-0.635,-0.71,Crest Gaming Act|Racoon,
Kiwi,jng,LDL,2,25,0.44,53.6,56.3,53.5,52.8,76.8,55.2,50.0,2,0.0,9,0.003,-0.538,-0.706,Liberty Zeal Queue|Rogue Warriors,21
Allorim,top,LCSA,2,42,0.429,51.1,56.2,66.6,66.8,46.0,52.8,50.0,5,0.2,11,0.019,-0.556,-0.532,Echo Fox Academy|OpTic Gaming|OpTic Gaming Academy,23
Kabosu,bot,LDL,2,26,0.423,51.6,55.5,51.8,45.8,78.0,52.9,50.0,0,0.0,8,-0.054,-0.498,-0.485,QNG Team,
BroCColi,jng,CK,2,33,0.364,52.5,64.8,58.1,42.4,61.3,47.8,49.9,8,0.125,8,0.134,-0.66,-1.039,ES Sharks,19
Crisp,sup,LPL,1,94,0.447,48.8,57.4,51.5,40.4,58.9,57.3,49.9,24,0.125,13,-0.138,-0.438,-0.411,FunPlus Phoenix,20
Lwx,bot,LPL,1,94,0.447,58.2,47.9,51.4,42.7,41.5,60.4,49.9,24,0.125,16,-0.129,-0.438,-0.436,FunPlus Phoenix,20
Fénec,jng,LLN,15,31,0.323,58.0,61.0,54.5,45.0,45.7,50.5,49.8,8,0.0,11,0.158,-0.695,-0.955,Dash9 Gaming|ZAGA Talent Gaming,21
MaRin,top,LPL,1,29,0.345,55.2,58.7,51.4,76.3,34.6,43.6,49.8,10,0.1,10,-0.028,-0.541,-0.664,Top Esports,27
Marshall,top,TCL,15,31,0.387,55.2,54.8,48.5,43.2,43.9,53.3,49.8,7,0.0,12,-0.094,-0.484,-0.369,Dark Passage,20
Anyyy,mid,CBLOL,15,43,0.465,59.6,49.7,68.0,41.3,74.6,54.3,49.8,8,0.25,17,0.103,-0.649,-0.796,Ilha da Macacada Gaming,18
xiaoshi,top,LDL,2,42,0.452,56.5,52.5,51.3,46.2,67.8,60.9,49.8,0,0.0,14,-0.02,-0.541,-0.468,Liberty Zeal Queue|SHEINOO,
Naehyun,mid,TCS,2,46,0.5,50.8,57.6,50.1,62.4,36.9,62.7,49.8,10,0.0,19,-0.088,-0.49,-0.356,Beşiktaş Esports|ES Sharks,22
Hui,jng,LDL,2,34,0.382,52.4,55.8,52.0,62.7,53.9,53.1,49.8,0,0.0,9,-0.081,-0.496,-0.541,VC Gaming,22
Santorin,jng,NA LCS,1,29,0.379,51.8,56.2,58.0,46.1,81.4,54.7,49.8,8,0.25,12,0.028,-0.579,-0.753,FlyQuest|H2k-Gaming,21
Breaker,jng,LMS,15,60,0.45,50.1,54.5,48.7,49.9,40.6,53.2,49.8,13,0.0,15,-0.193,-0.398,-0.252,J Team,21
Resu,top,CISC,3,23,0.522,54.2,49.8,51.4,49.4,37.0,50.0,49.8,5,0.0,10,-0.171,-0.424,-0.073,Comanche|Monolith Gaming,20
Arrow,bot,NA LCS,1,36,0.389,44.1,58.2,54.7,65.5,56.9,57.7,49.8,9,0.222,13,-0.219,-0.382,-0.3,OpTic Gaming,24
Jiekou,jng,LPL,1,27,0.37,49.8,50.4,51.8,49.7,49.8,50.7,49.8,7,0.0,9,-0.242,-0.362,-0.252,Oh My God,21
Matislaw,mid,UL,2,27,0.37,60.1,59.0,58.7,56.7,78.0,56.8,49.7,7,0.143,13,0.308,-0.823,-1.139,R-SIXTEAM,22
Biofrost,sup,NA LCS,1,36,0.389,53.5,57.0,61.9,48.1,53.0,57.1,49.7,5,0.2,11,0.034,-0.594,-0.692,Counter Logic Gaming,22
Djoko,jng,EU LCS,1,36,0.333,50.1,58.5,53.8,70.7,44.8,56.5,49.7,11,0.091,14,-0.097,-0.488,-0.532,Giants Gaming,25
Albis,sup,LMS,15,42,0.381,49.3,58.4,51.3,67.4,53.8,51.7,49.7,8,0.0,10,-0.13,-0.466,-0.297,ahq eSports Club,25
Samux,bot,EU LCS,1,28,0.393,53.9,52.8,53.9,58.9,34.9,54.8,49.7,9,0.111,12,-0.12,-0.468,-0.473,Unicorns of Love,23
Luofan,jng,LDL,2,20,0.45,52.3,53.0,52.9,46.2,46.8,48.9,49.7,0,0.0,4,-0.125,-0.471,-0.45,Suning-S,20
Color,top,UL,2,30,0.433,44.0,56.2,52.7,49.5,57.2,49.8,49.7,13,0.077,9,-0.244,-0.375,-0.001,Akademia,18
Dzondzy,sup,UL,2,27,0.407,63.2,58.1,53.9,46.1,80.0,45.9,49.6,6,0.0,5,0.251,-0.791,-1.019,Team Ascent|Wisła Płock eSports,
Akeno,sup,VCS,15,73,0.466,64.8,50.4,48.3,39.3,47.7,55.3,49.6,22,0.045,14,0.061,-0.632,-0.654,Cherry Esports|FTV Esports,20
Pilot,bot,LCK,1,85,0.376,53.9,59.8,52.3,57.2,42.9,47.0,49.6,19,0.053,15,0.003,-0.584,-0.697,MVP,23
MGX,mid,TCS,2,30,0.433,55.8,53.2,56.4,44.3,46.1,59.2,49.6,8,0.0,15,0.013,-0.596,-0.579,Galakticos,18
lcberg,top,LDL,2,29,0.552,55.7,52.7,52.0,45.9,65.0,55.5,49.6,0,0.0,13,-0.013,-0.567,-0.507,Royal Club,19
wangchen,sup,LDL,2,40,0.4,53.8,53.3,50.4,50.9,61.8,58.5,49.6,0,0.0,13,-0.087,-0.508,-0.348,Si Yi Xuan E-Sport,
Saddy,bot,PGN,3,20,0.35,49.1,55.3,51.7,45.6,46.1,55.0,49.6,5,0.0,7,-0.19,-0.43,0.086,inFerno eSports,18
Raxxo,sup,UL,2,33,0.394,57.8,56.7,60.2,56.7,44.1,52.5,49.5,8,0.125,8,0.138,-0.704,-0.803,Panathinaikos AC eSports|R-SIXTEAM,22
Getback,mid,OCS,2,20,0.55,58.6,55.7,56.4,43.3,35.2,58.4,49.5,4,0.0,11,0.09,-0.671,-0.742,Dire Cubs,
Katsurii,bot,OCS,2,21,0.571,55.6,55.7,54.0,44.6,38.9,55.7,49.5,4,0.0,7,-0.003,-0.592,-0.668,Dire Cubs,
huhi,mid,NA LCS,1,36,0.389,52.8,57.0,59.6,60.6,51.7,62.1,49.5,5,0.2,18,-0.003,-0.594,-0.736,Counter Logic Gaming,23
denyk,sup,SLO,3,37,0.514,56.4,53.4,55.0,51.5,45.5,51.5,49.5,8,0.25,8,-0.014,-0.582,-0.734,Giants|eSuba,23
Ruin,top,EU LCS,1,36,0.333,52.1,55.1,56.6,58.8,33.4,49.7,49.5,11,0.091,14,-0.124,-0.488,-0.516,Giants Gaming,23
Jayke,sup,OPL,15,58,0.448,57.2,47.2,57.6,49.8,45.1,57.5,49.5,13,0.154,13,-0.036,-0.563,-0.489,Avant Gaming,22
Frae,mid,OPL,15,58,0.448,51.2,51.7,61.9,48.9,54.1,50.3,49.5,13,0.154,15,-0.04,-0.563,-0.552,Avant Gaming,21
Bing,mid,LPL,1,31,0.419,43.8,44.6,53.3,70.9,79.3,43.4,49.5,11,0.182,10,-0.407,-0.26,-0.01,FunPlus Phoenix,24
FoFo,mid,LMS,15,85,0.435,61.0,59.9,54.8,39.7,60.4,61.4,49.4,16,0.0,20,0.233,-0.797,-1.092,J Team,19
Yuuki,mid,LPL,1,87,0.402,58.9,54.9,52.0,40.5,56.4,51.6,49.4,29,0.103,17,0.034,-0.638,-0.815,LGD Gaming,19
Deemo,jng,LDL,2,29,0.379,56.7,52.3,52.3,69.2,44.8,48.3,49.4,0,0.0,8,-0.053,-0.566,-0.67,Vortex Team,23
Penguin,jng,LDL,2,21,0.286,54.6,54.1,52.8,53.0,51.6,53.6,49.4,0,0.0,8,-0.051,-0.566,-0.672,Oh My God Academy,21
Clear,bot,VCS,15,53,0.415,49.6,53.9,51.4,57.0,53.4,55.0,49.4,22,0.045,14,-0.199,-0.443,-0.245,Cherry Esports,22
GimGoon,top,LPL,1,94,0.447,51.4,51.0,52.2,59.7,54.4,59.5,49.4,24,0.125,19,-0.197,-0.438,-0.394,FunPlus Phoenix,23
Kimrain,sup,LDL,2,26,0.423,50.2,52.0,51.4,51.3,78.7,52.2,49.4,0,0.0,8,-0.133,-0.498,-0.288,QNG Team,
Alani,jng,OCS,2,20,0.45,57.3,55.5,54.9,43.1,55.4,58.7,49.3,6,0.0,9,0.049,-0.658,-0.924,Dire Cubs|ORDER Academy,
Appen,jng,TCS,2,30,0.433,48.7,57.8,59.0,43.7,41.0,53.3,49.3,8,0.125,10,0.01,-0.62,-0.823,Team Cappadocia,19
Betsy,mid,EU LCS,1,36,0.333,54.2,49.1,54.8,48.6,42.2,51.7,49.3,11,0.091,16,-0.157,-0.488,-0.48,Giants Gaming,21
XXX,mid,LDL,2,34,0.382,54.5,55.2,51.5,43.8,79.7,49.7,49.2,0,0.0,10,0.025,-0.653,-0.653,QNG Team,
Mash,bot,OPL,15,24,0.375,49.9,53.7,50.9,69.2,40.2,53.6,49.2,7,0.0,10,-0.212,-0.458,-0.247,MAMMOTH,24
Steeelback,bot,EU LCS,1,36,0.333,49.0,53.9,54.8,53.3,53.9,51.1,49.2,11,0.091,11,-0.169,-0.488,-0.446,Giants Gaming,22
Rokenia,mid,LJL,15,23,0.304,57.5,56.8,46.9,61.6,69.1,58.1,49.1,6,0.0,13,0.018,-0.654,-0.711,7th heaven,23
Cogcog,top,LJL,15,52,0.404,60.0,54.1,53.8,52.4,76.4,53.2,49.1,18,0.111,15,0.129,-0.74,-0.864,V3 Esports,22
Galen,jng,LCSA,2,41,0.439,52.1,60.1,51.1,52.6,41.4,69.0,49.1,6,0.0,19,-0.043,-0.607,-0.736,Clutch Gaming|Clutch Gaming Academy,21
FEBIVEN,mid,NA LCS,1,52,0.423,52.3,56.6,52.5,54.6,41.1,47.9,49.1,12,0.0,13,-0.098,-0.559,-0.608,Clutch Gaming,22
Tay,top,CBLOL,15,28,0.464,47.8,54.6,50.1,57.1,49.2,56.0,49.1,4,0.0,14,-0.199,-0.474,-0.249,INTZ,22
957,top,LPL,1,103,0.447,45.3,56.0,60.5,70.9,40.5,54.7,49.1,23,0.217,20,-0.237,-0.449,-0.365,Team WE,25
Krvavy,jng,CK,2,33,0.364,45.3,58.6,57.0,70.1,67.3,49.7,49.0,17,0.118,10,-0.147,-0.527,-0.495,SeolHaeOne Prince,23
Ellam,bot,TCL,15,32,0.375,45.2,49.2,55.8,43.9,62.2,64.4,49.0,15,0.2,14,-0.227,-0.466,-0.239,Bursaspor Esports|Packa Pappas Kappsäck,18
Rest,top,LMS,15,85,0.435,61.8,59.9,49.1,39.9,51.4,55.3,48.9,16,0.0,19,0.16,-0.797,-0.954,J Team,20
Wako,mid,LMS,15,63,0.381,48.2,65.8,47.6,42.6,46.7,54.5,48.9,13,0.0,18,-0.064,-0.611,-0.577,ahq eSports Club,20
Czekolad,mid,SLO,3,20,0.4,51.2,51.0,54.7,46.3,38.0,52.8,48.9,7,0.143,9,-0.184,-0.512,-0.542,eMonkeyz,18
Remind,mid,OPL,15,24,0.375,50.8,50.7,50.3,44.7,37.7,53.4,48.9,7,0.0,14,-0.245,-0.458,-0.223,MAMMOTH,19
Tore,sup,EU LCS,1,39,0.385,55.7,60.0,56.4,38.4,37.2,53.6,48.8,8,0.125,10,0.05,-0.719,-0.812,Team ROCCAT,19
Feng,jng,LDL,2,34,0.235,51.9,51.3,52.0,45.0,73.7,54.7,48.8,0,0.0,10,-0.109,-0.586,-0.622,KeyMedia,20
itzRenifer,bot,UL,2,27,0.37,53.6,59.3,61.6,41.4,78.7,47.1,48.8,7,0.143,6,0.184,-0.823,-1.196,R-SIXTEAM,
DCStar,sup,LLN,15,33,0.424,53.8,52.9,48.1,62.0,33.1,55.9,48.8,10,0.0,13,-0.147,-0.553,-0.368,6Sense,24
Taizan,jng,LMS,15,20,0.4,47.5,55.0,53.0,55.7,42.6,48.8,48.8,6,0.0,8,-0.208,-0.501,-0.347,Machi Esports|ahq eSports Club,22
Swathe,jng,OPL,15,39,0.436,64.8,51.8,49.4,42.7,81.5,53.8,48.7,9,0.0,13,0.276,-0.912,-1.319,Chiefs Academy|Tectonic,
CarioK,jng,CBLOL,15,43,0.465,50.9,54.6,63.1,41.3,69.0,50.3,48.7,8,0.25,12,-0.047,-0.649,-0.683,Ilha da Macacada Gaming,18
Liang,top,LMS,15,83,0.458,48.6,49.8,58.1,43.4,59.1,50.2,48.7,16,0.062,17,-0.174,-0.54,-0.343,MAD Team,20
KaKAO,jng,TCL,15,35,0.343,57.9,62.8,50.0,57.4,39.9,56.9,48.6,10,0.0,14,0.105,-0.78,-0.99,Dark Passage|Jin Air Green Wings,23
Kold,jng,EU LCS,1,36,0.361,53.9,60.4,53.7,57.4,50.6,59.4,48.6,13,0.077,14,0.032,-0.726,-0.909,Unicorns of Love,23
Ar,jng,LDL,2,34,0.382,52.3,56.5,52.0,44.0,62.6,59.8,48.6,0,0.0,11,-0.057,-0.653,-0.778,QNG Team,
Photic,bot,LDL,2,34,0.382,50.2,50.6,51.3,47.1,51.5,55.1,48.6,0,0.0,11,-0.222,-0.513,-0.292,King of Future,16
Keymaker,bot,LJL,15,53,0.415,48.1,52.4,55.7,55.3,76.7,49.3,48.6,19,0.158,12,-0.137,-0.589,-0.467,V3 Esports,22
Maestro,sup,LPL,1,52,0.385,50.7,45.3,56.6,40.9,39.2,59.7,48.6,10,0.2,15,-0.277,-0.474,-0.322,Oh My God|Snake Esports,20
DasheR,mid,CK,2,52,0.404,58.9,61.0,58.8,41.5,53.2,59.3,48.5,14,0.071,18,0.186,-0.857,-1.044,ES Sharks,20
Hari,top,VCS,15,32,0.312,65.4,50.3,48.9,45.3,76.4,53.4,48.5,13,0.0,11,0.134,-0.821,-0.952,Cherry Esports,
Bafang,sup,LDL,2,21,0.333,56.0,52.6,51.9,49.0,70.1,56.8,48.5,0,0.0,8,-0.025,-0.688,-0.61,Oh My God Academy,
catjug,jng,LDL,2,42,0.405,56.8,51.4,51.7,44.5,38.3,60.8,48.5,0,0.0,14,-0.094,-0.633,-0.703,Oh My God Academy,
Kaiwing,sup,LMS,15,72,0.431,50.2,56.8,57.1,48.6,67.8,49.3,48.5,16,0.188,11,-0.011,-0.701,-0.652,Hong Kong Attitude,22
Xiaobai,top,LDL,2,35,0.429,52.6,53.0,51.6,46.7,46.7,58.7,48.5,0,0.0,15,-0.138,-0.596,-0.393,Royal Club,19
wilq,bot,UL,2,24,0.417,52.1,53.4,54.0,45.8,45.9,48.2,48.5,5,0.0,5,-0.144,-0.59,-0.488,Wisła Płock eSports,
Chosen,jng,TCS,2,29,0.414,51.5,52.1,55.0,44.3,47.2,54.4,48.5,8,0.0,10,-0.082,-0.641,-0.73,Galakticos,18
BlueWhale,sup,LDL,2,42,0.381,51.4,49.5,50.3,52.1,45.1,52.1,48.5,0,0.0,7,-0.237,-0.511,-0.189,Oh My God Academy,
Itsi,jng,LLN,15,39,0.385,65.3,56.1,47.8,43.3,46.2,54.9,48.4,12,0.0,14,0.207,-0.893,-1.223,6Sense,
Lucker,bot,UL,2,36,0.389,54.4,59.1,52.5,54.4,69.3,49.7,48.4,16,0.062,9,0.044,-0.757,-0.936,Akademia|Crvena zvezda Esports,21
Memento,jng,EU LCS,1,39,0.385,54.7,56.4,56.3,45.4,46.8,57.9,48.4,8,0.125,15,-0.005,-0.719,-0.864,Team ROCCAT,
Absolut,bot,CBLOL,15,41,0.415,52.2,52.6,57.2,42.0,47.1,53.3,48.4,7,0.143,10,-0.099,-0.64,-0.561,INTZ,19
HeaQ,bot,EU LCS,1,39,0.385,52.8,55.0,60.3,45.2,57.6,59.7,48.3,8,0.125,14,-0.015,-0.719,-0.807,Team ROCCAT,
Mizz,bot,CK,2,33,0.364,42.2,58.0,56.7,47.4,52.9,55.7,48.3,17,0.118,10,-0.263,-0.517,-0.246,SeolHaeOne Prince,
Sarkis,bot,CBLOL,15,38,0.474,45.2,52.5,63.1,56.3,52.8,57.9,48.3,7,0.286,15,-0.217,-0.551,-0.341,Ilha da Macacada Gaming,22
Jihoon,bot,CK,2,35,0.343,59.8,55.2,54.0,40.8,80.8,40.8,48.2,8,0.0,7,0.198,-0.898,-1.308,RGA,
papillon,jng,LDL,2,21,0.286,54.8,56.3,52.8,42.3,78.2,56.9,48.2,0,0.0,8,0.035,-0.773,-1.057,ThunderoBot Gaming,
E hi,mid,LJL,15,25,0.36,52.5,57.1,54.3,48.3,34.5,49.9,48.2,9,0.111,9,-0.08,-0.679,-0.633,V3 Esports,21
Energy,mid,SLO,3,20,0.35,51.8,51.0,51.2,44.5,78.8,53.3,48.2,5,0.0,11,-0.118,-0.64,-0.828,Cyberground Gaming|Dragons E.C.|Misfits Academy,
Feikun,mid,LDL,2,51,0.392,55.9,56.4,50.6,43.2,60.5,57.7,48.0,0,0.0,15,0.004,-0.768,-0.753,Oh My God Academy,19
Bolszak,jng,UL,2,27,0.407,56.1,56.0,55.3,42.2,68.1,62.5,48.0,6,0.0,12,0.028,-0.791,-1.072,Team Ascent|Wisła Płock eSports,
Blanc,mid,EU LCS,1,39,0.385,53.7,55.5,54.4,40.6,50.9,53.9,48.0,8,0.125,14,-0.058,-0.719,-0.805,Team ROCCAT,19
Wxm,jng,LDL,2,27,0.333,53.8,52.4,52.4,44.5,38.8,56.3,48.0,0,0.0,11,-0.125,-0.668,-0.708,LaoPengYou|Liberty Zeal Queue,
Zirigui,sup,CBLOL,15,26,0.462,44.7,54.9,56.9,62.7,50.3,60.3,48.0,3,0.333,12,-0.25,-0.555,-0.267,INTZ|Team oNe eSports,24
Chawy,mid,LMS,15,29,0.345,55.3,58.6,61.1,77.5,46.0,47.9,47.9,5,0.4,10,0.087,-0.844,-0.986,Hong Kong Attitude,27
Savage,jng,LJL,15,62,0.403,55.8,57.0,54.4,39.5,67.7,63.9,47.9,13,0.077,18,0.083,-0.844,-1.035,7th heaven|Team BattleComics|YouthCrew Esports,17
Holder,top,CK,2,45,0.4,53.2,57.7,56.6,44.3,65.4,50.3,47.9,10,0.1,13,-0.007,-0.765,-0.752,ES Sharks|Rogue Warriors,20
Elwind,top,TCL,15,74,0.432,51.8,55.6,59.6,71.7,42.0,62.4,47.9,18,0.222,22,-0.055,-0.735,-0.668,YouthCrew Esports,25
XIAO,jng,LDL,2,31,0.387,52.3,53.5,52.2,43.8,72.0,49.3,47.9,0,0.0,7,-0.084,-0.712,-0.82,Young Miracles,15
Dread,jng,CK,2,37,0.324,57.4,62.2,67.2,38.2,75.6,48.5,47.8,9,0.0,11,0.338,-1.067,-1.841,DN SOOPers|RGA,18
Wolf,sup,LCK,1,38,0.395,53.4,63.8,55.7,74.8,30.8,61.0,47.8,9,0.111,13,0.054,-0.83,-0.91,SK Telecom T1,28
Stefan,jng,TCL,15,44,0.455,58.4,53.7,52.5,45.3,51.7,61.7,47.8,14,0.214,16,0.008,-0.798,-0.904,Bursaspor Esports|KlikTech,
Backlund,mid,TCL,15,35,0.314,59.6,50.2,54.6,40.2,79.1,55.2,47.8,11,0.091,16,0.081,-0.859,-0.996,Galakticos|RoX|ÇİLEKLER,19
Cat,sup,LPL,1,80,0.4,55.8,52.3,60.6,50.8,75.7,56.3,47.8,20,0.15,14,0.151,-0.909,-1.061,Top Esports,23
Tsunami,sup,CLS,15,34,0.441,53.7,53.7,48.1,49.9,37.7,56.8,47.8,5,0.0,11,-0.152,-0.667,-0.477,Evilvice Esports,22
TTS,top,LDL,2,66,0.379,51.5,54.0,50.4,46.1,56.0,56.3,47.8,0,0.0,17,-0.142,-0.677,-0.485,VP Game,
eimy,jng,LPL,1,74,0.419,44.7,50.4,49.7,55.5,69.2,61.4,47.8,26,0.077,17,-0.328,-0.514,-0.32,LGD Gaming,22
OdduGi,bot,CK,2,32,0.344,58.8,58.7,52.6,64.6,44.8,56.6,47.7,12,0.0,10,0.1,-0.885,-1.168,GC Busan Rising Star,22
UmTi,jng,LCK,1,91,0.396,53.2,60.5,40.6,40.9,48.3,55.8,47.7,19,0.0,18,-0.104,-0.715,-0.758,Jin Air Green Wings|KT Rolster,19
Flame,top,NA LCS,1,41,0.39,55.8,57.6,57.5,71.9,46.4,53.3,47.7,9,0.222,12,0.039,-0.836,-1.023,FlyQuest,26
Apex,mid,LMS,15,57,0.474,49.1,60.1,50.7,55.0,53.7,52.0,47.7,7,0.0,15,-0.093,-0.723,-0.666,Machi Esports,22
Chaser,jng,TCL,15,48,0.438,55.3,62.3,46.3,57.5,47.0,61.5,47.6,8,0.0,16,0.03,-0.836,-0.969,Fenerbahçe Esports|RED Canids,23
Neulbo,sup,CK,2,34,0.353,53.1,59.5,67.5,45.6,69.4,51.7,47.6,10,0.2,10,0.171,-0.95,-1.103,Rising SuperStar Gaming,
ItsCortez,jng,LCL,15,30,0.4,53.7,54.7,50.3,46.9,37.7,44.7,47.6,8,0.0,10,-0.125,-0.709,-0.663,Comanche|Vaevictis eSports,
Try9,mid,LDL,2,52,0.423,51.8,54.7,50.6,43.8,75.4,58.7,47.6,0,0.0,18,-0.071,-0.757,-0.661,Rogue Warriors Shark,
Mingzai,jng,LDL,2,33,0.394,51.3,52.0,52.1,44.5,61.8,50.7,47.6,0,0.0,10,-0.152,-0.688,-0.7,Big One Gaming,
Unknown,top,UL,2,21,0.238,59.5,57.5,53.5,48.9,44.9,56.3,47.5,6,0.0,11,0.108,-0.911,-1.065,Valkiria Esports,21
AndyBendy,bot,LCSA,2,24,0.333,50.7,54.0,59.0,44.5,35.1,48.5,47.5,8,0.125,7,-0.116,-0.722,-0.689,Enclave|OpTic Gaming Academy,
Gemini,jng,LMS,15,63,0.429,45.6,56.4,51.0,42.6,53.7,60.4,47.5,16,0.125,17,-0.232,-0.635,-0.466,Hong Kong Attitude,20
Unified,bot,LMS,15,77,0.416,55.1,60.6,57.4,39.2,53.9,60.7,47.4,18,0.167,17,0.11,-0.922,-1.083,Hong Kong Attitude,19
Darshan,top,NA LCS,1,35,0.371,52.2,51.5,56.3,63.7,40.4,54.3,47.4,5,0.2,14,-0.157,-0.709,-0.703,Counter Logic Gaming,24
MrRallez,bot,LCSA,2,36,0.417,54.5,54.2,56.9,66.5,35.9,63.2,47.3,9,0.111,14,-0.053,-0.8,-0.867,TSM Academy,22
Totoro,sup,EU LCS,1,36,0.361,50.7,55.4,51.5,39.2,52.2,53.7,47.3,13,0.077,8,-0.145,-0.726,-0.652,Unicorns of Love,14
Zzz2,sup,LDL,2,49,0.408,58.1,47.8,50.0,49.8,33.9,60.5,47.3,0,0.0,14,-0.16,-0.715,-0.493,Victory Song Gaming|Vortex Team,21
Exile,mid,EU LCS,1,36,0.361,56.9,47.9,50.9,46.9,41.5,49.3,47.3,13,0.077,14,-0.152,-0.726,-0.719,Unicorns of Love,21
Profit,top,EU LCS,1,39,0.385,49.7,54.0,52.9,57.3,67.1,44.2,47.3,8,0.125,10,-0.155,-0.719,-0.715,Team ROCCAT,23
Smile,jng,LJL,15,25,0.36,44.9,57.5,54.8,47.8,54.9,47.5,47.3,9,0.111,8,-0.211,-0.679,-0.537,V3 Esports,21
Untara,top,LCK,1,26,0.385,42.5,57.6,46.1,53.5,35.1,46.1,47.3,7,0.0,9,-0.369,-0.548,-0.333,SK Telecom T1,22
KronG,top,CK,2,30,0.3,53.9,61.3,57.8,42.5,47.7,56.5,47.2,9,0.111,12,0.082,-0.928,-1.054,Rising SuperStar Gaming,
aki,mid,PGN,3,20,0.5,58.6,54.8,51.2,40.8,39.2,57.6,47.2,9,0.0,11,0.048,-0.899,-1.451,Racoon,18
Shady,sup,LCSA,2,36,0.417,52.0,55.2,57.1,76.8,43.1,60.5,47.2,9,0.111,10,-0.076,-0.8,-0.675,TSM Academy,25
WildTurtle,bot,NA LCS,1,41,0.39,51.2,55.7,59.4,55.6,67.1,57.9,47.2,9,0.222,14,-0.023,-0.836,-0.909,FlyQuest,23
Mephi,bot,CK,2,34,0.353,50.6,54.7,72.7,41.0,74.7,50.9,47.2,10,0.2,12,0.115,-0.95,-1.269,Rising SuperStar Gaming,
Edge,mid,LCK,1,86,0.407,55.5,57.4,45.7,43.5,78.7,46.6,47.1,15,0.067,18,0.129,-0.971,-1.237,Kongdoo Monster,21
Japone,sup,TCL,15,60,0.383,54.9,55.9,65.8,41.0,58.0,49.4,47.1,14,0.143,12,0.136,-0.977,-1.076,Dark Passage|YouthCrew Esports,21
Clatos,jng,CLS,15,24,0.292,50.7,60.0,50.6,76.6,53.4,51.4,47.1,9,0.0,11,-0.085,-0.797,-0.802,Legatum,27
Nulu,mid,EU LCS,1,31,0.323,51.7,57.0,58.3,45.1,36.4,55.4,47.1,12,0.167,16,-0.014,-0.862,-0.989,H2k-Gaming,21
Loco,sup,LDL,2,66,0.409,52.2,54.3,49.3,66.7,63.1,48.7,47.1,0,0.0,9,-0.112,-0.776,-0.611,Chong Qing Gaming|VC Gaming,23
Ruvelius,bot,TCL,15,49,0.449,55.2,50.6,48.7,41.5,47.7,60.2,47.1,9,0.0,15,-0.134,-0.758,-0.649,Dark Passage|Galakticos,19
Kaze,top,SLO,3,28,0.357,48.2,54.5,51.7,47.5,34.1,44.5,47.1,7,0.0,10,-0.241,-0.671,-0.339,ASUS ROG Army,12
Traitor,bot,PGN,3,20,0.5,56.9,52.8,52.1,43.4,44.5,48.1,47.0,9,0.0,6,0.025,-0.899,-1.181,Racoon,21
Reignover,jng,NA LCS,1,34,0.353,52.5,54.8,56.5,57.6,42.1,47.6,47.0,5,0.2,11,-0.085,-0.815,-0.88,Counter Logic Gaming,23
Milica,mid,TCL,15,44,0.455,52.2,53.2,55.7,47.6,38.0,62.1,47.0,14,0.214,21,-0.11,-0.798,-0.728,Bursaspor Esports|KlikTech,
Ablazeolive,mid,LCSA,2,36,0.417,51.1,54.2,58.2,43.7,45.6,59.9,47.0,9,0.111,17,-0.101,-0.8,-0.675,TSM Academy,20
Kazu,sup,LJL,15,25,0.36,48.5,52.2,53.5,61.8,38.4,50.7,47.0,9,0.111,7,-0.246,-0.679,-0.395,V3 Esports,24
imp,bot,LPL,1,25,0.32,52.4,53.6,47.3,57.2,48.4,54.0,46.9,9,0.0,8,-0.167,-0.762,-0.705,LGD Gaming|Team WE,23
Regi,mid,LLN,15,29,0.345,48.4,56.3,50.1,62.8,67.1,57.7,46.9,8,0.0,13,-0.208,-0.721,-0.541,Dark Horse|Gaming Gaming,23
Dizya,sup,CISC,3,29,0.448,59.2,54.4,50.8,35.2,34.7,55.3,46.8,8,0.0,13,0.004,-0.91,-1.337,Comanche|Monolith Gaming,21
Foy,jng,CK,2,30,0.3,52.9,60.2,60.0,48.7,36.0,46.8,46.8,9,0.111,9,0.033,-0.928,-1.258,Rising SuperStar Gaming,21
Secr3t,mid,VCS,15,33,0.364,44.8,53.7,48.5,50.2,68.0,47.9,46.8,10,0.0,10,-0.304,-0.657,-0.371,Friends Forever Gaming,21
Palafox,mid,LCSA,2,34,0.324,61.7,57.5,59.3,39.8,67.2,60.3,46.7,9,0.111,16,0.227,-1.102,-1.352,OpTic Gaming Academy,19
Looch,mid,OPL,15,46,0.326,62.4,51.7,51.8,45.0,61.5,60.1,46.7,13,0.077,15,0.075,-0.979,-1.118,Bombers,
Wisdom,jng,TCL,15,61,0.344,61.0,54.7,48.9,56.3,38.6,53.9,46.6,16,0.062,16,0.049,-0.969,-1.134,Team AURORA,23
NerzhuL,sup,LLN,15,37,0.351,55.7,57.9,56.3,46.8,58.2,54.6,46.6,9,0.0,11,0.008,-0.941,-0.911,Gaming Gaming,
Tolerant,sup,TCL,15,56,0.464,55.1,53.4,51.7,38.8,42.1,55.2,46.6,15,0.133,13,-0.079,-0.86,-0.743,Beşiktaş Esports|Bursaspor Esports,19
Froststrike,jng,CLS,15,22,0.273,53.8,53.9,56.7,45.4,36.4,49.4,46.6,6,0.0,10,-0.076,-0.872,-0.893,Dark Horse|Furious Gaming,21
MagiFelix,mid,TCL,15,63,0.492,47.4,49.2,73.6,41.8,34.6,54.4,46.6,11,0.455,17,-0.142,-0.817,-0.714,Movistar KOI|YouthCrew Esports,18
Rakyl,jng,CLS,15,33,0.303,52.6,55.6,52.6,51.0,72.8,55.4,46.5,9,0.111,13,-0.045,-0.908,-0.966,Dark Horse,22
Hades,bot,CK,2,64,0.406,51.1,56.9,51.7,42.4,59.6,59.0,46.5,20,0.05,13,-0.041,-0.909,-1.021,ES Sharks,12
PCL,top,LCSA,2,21,0.333,47.3,55.9,57.4,45.0,52.0,56.6,46.5,8,0.125,9,-0.15,-0.823,-0.65,OpTic Gaming Academy|TSM Academy,18
Wyvern,jng,LJL,15,56,0.375,63.7,51.9,51.7,38.0,59.2,52.8,46.3,17,0.118,15,0.135,-1.078,-1.345,Rascal Jester|V3 Esports,20
bucu,mid,UL,2,27,0.407,49.0,52.5,54.0,44.5,59.3,53.8,46.3,6,0.0,11,-0.21,-0.791,-0.549,Team Ascent|Wisła Płock eSports,
WhiteKnight,top,EU LCS,1,36,0.361,46.3,50.9,51.4,51.6,69.5,67.8,46.3,13,0.077,17,-0.287,-0.726,-0.59,Unicorns of Love,22
LemonNation,sup,NA LCS,1,20,0.3,53.4,52.3,49.8,75.2,50.5,52.9,46.2,6,0.0,7,-0.142,-0.864,-0.772,OpTic Gaming|OpTic Gaming Academy,29
Shook,jng,EU LCS,1,25,0.36,47.9,50.6,55.4,65.0,33.7,53.5,46.2,10,0.2,11,-0.247,-0.772,-0.67,H2k-Gaming,24
Ragner,top,TCL,15,30,0.367,40.9,51.2,55.7,44.3,69.0,54.8,46.2,14,0.214,15,-0.415,-0.642,-0.2,Bursaspor Esports,18
dshao,top,LCSA,2,30,0.233,57.3,56.0,53.9,68.7,66.7,60.6,46.1,6,0.0,13,0.07,-1.047,-1.182,Golden Guardians Academy|OpTic Gaming,24
1an,bot,LLN,15,37,0.351,53.6,57.0,54.5,70.5,43.7,65.2,46.1,9,0.0,17,-0.063,-0.941,-0.92,Gaming Gaming,25
sziwek,bot,UL,2,21,0.238,50.5,54.6,54.9,42.8,70.2,50.6,46.1,6,0.0,7,-0.093,-0.911,-0.957,Valkiria Esports,
Snoower,mid,UL,2,21,0.238,51.3,52.9,54.6,43.0,70.0,58.0,46.1,6,0.0,14,-0.105,-0.911,-0.79,Valkiria Esports,
Truth,mid,LDL,2,59,0.373,50.0,52.4,50.4,44.1,60.8,45.0,46.1,0,0.0,10,-0.195,-0.835,-0.612,VP Game,
Coco,mid,TCL,15,37,0.378,43.8,53.0,54.2,69.7,32.2,44.6,46.1,12,0.167,12,-0.355,-0.695,-0.358,Vici Gaming|YouthCrew Esports,24
Kirito,mid,CLS,15,48,0.312,55.8,56.8,57.7,39.3,56.3,50.2,46.0,20,0.15,16,0.06,-1.051,-1.178,Legatum,20
Flipper,jng,PGN,3,20,0.5,54.4,48.0,54.0,41.6,37.8,59.5,46.0,9,0.0,11,-0.129,-0.899,-0.942,Racoon,
Trance,sup,OPL,15,30,0.267,51.5,50.5,57.2,65.2,35.8,60.5,46.0,11,0.182,13,-0.171,-0.863,-0.654,Tectonic,25
Teddy,bot,LCK,1,92,0.37,61.8,62.0,48.2,38.0,39.6,63.6,45.9,21,0.0,19,0.141,-1.134,-1.342,Jin Air Green Wings|SK Telecom T1,20
Pride,top,CLS,15,37,0.405,54.0,53.4,51.2,40.3,37.4,49.2,45.9,6,0.0,13,-0.069,-0.965,-0.891,Evilvice Esports|ad hoc gaming,14
Moryo,top,SLO,3,47,0.362,46.1,52.5,53.1,45.6,78.7,51.8,45.9,16,0.125,15,-0.218,-0.836,-0.62,eMonkeyz,
Ysera,sup,LMS,15,83,0.446,45.3,45.0,48.2,46.9,57.9,46.5,45.9,15,0.0,15,-0.467,-0.634,-0.128,J Team,21
XiGua,sup,LDL,2,31,0.323,56.6,49.0,51.0,48.2,36.5,53.1,45.8,0,0.0,9,-0.14,-0.91,-0.725,DengKaiLi Game Team,
Prime,sup,SLO,3,25,0.28,53.2,50.4,52.2,58.1,42.4,59.7,45.8,7,0.0,12,-0.17,-0.893,-1.005,ASUS ROG Army,24
Victory,mid,VCS,15,65,0.4,50.1,47.1,48.9,43.5,41.4,55.7,45.8,23,0.043,19,-0.348,-0.746,-0.42,FTV Esports,19
Hioss,top,TCL,15,55,0.418,54.3,48.5,53.2,41.1,39.9,57.5,45.7,12,0.083,17,-0.155,-0.909,-0.744,Beşiktaş Esports|Team AURORA,20
Khynm,jng,CLS,15,39,0.333,56.2,59.7,51.0,55.4,40.0,59.2,45.6,10,0.1,16,0.039,-1.086,-1.25,Hafnet eSports|Legatum,23
Xfq,sup,LDL,2,27,0.296,53.6,52.8,51.3,47.6,45.0,58.8,45.6,0,0.0,10,-0.121,-0.959,-0.799,VP Game,21
jer0m,top,LLN,15,39,0.385,48.1,56.4,51.4,47.1,50.4,52.0,45.6,12,0.0,15,-0.199,-0.893,-0.683,6Sense,
Baloo,top,PGN,3,20,0.5,48.9,50.1,53.3,44.7,37.5,47.8,45.6,9,0.0,7,-0.194,-0.899,-0.75,Racoon,
Yuan,jng,LDL,2,28,0.286,60.4,49.4,52.3,40.3,59.2,58.2,45.5,0,0.0,12,0.008,-1.074,-1.417,DengKaiLi Game Team,20
Naru,mid,TCL,15,61,0.344,50.4,57.8,55.9,51.0,67.2,59.2,45.5,16,0.062,21,0.038,-1.097,-1.203,Team AURORA,22
Sleeping,top,OPL,15,46,0.326,51.0,56.3,52.5,52.4,62.3,61.8,45.5,13,0.077,17,-0.103,-0.979,-0.871,Bombers,22
kimi,jng,LDL,2,22,0.227,53.4,47.0,52.7,51.1,37.5,53.1,45.5,0,0.0,9,-0.195,-0.905,-0.928,Big One Gaming,21
DarkSide,bot,OPL,15,41,0.39,53.1,50.0,61.0,51.1,55.3,51.3,45.5,11,0.182,12,-0.043,-1.029,-1.034,Avant Gaming|Team Cappadocia,22
Grisen,sup,LLN,15,23,0.391,52.3,59.2,60.5,40.6,66.1,65.7,45.4,11,0.182,13,0.062,-1.124,-1.149,ZAGA Talent Gaming,21
Choyul,sup,CK,2,33,0.333,50.8,58.6,53.5,39.7,37.3,59.1,45.4,12,0.0,9,-0.094,-0.995,-0.866,Ever8 Winners|GC Busan Rising Star,19
Condi,jng,LPL,1,47,0.362,52.4,56.0,58.3,48.7,62.4,60.7,45.4,8,0.125,15,-0.008,-1.067,-1.219,Team WE,22
sqb,top,LDL,2,34,0.324,56.7,49.8,51.7,50.5,33.7,51.4,45.4,0,0.0,15,-0.134,-0.971,-0.846,Vortex Team,21
NoA,bot,LJL,15,34,0.382,52.0,52.9,49.3,59.3,58.9,59.6,45.4,6,0.0,12,-0.145,-0.96,-0.852,Rascal Jester,23
Bruness,jng,UL,2,21,0.238,50.8,48.8,54.0,43.1,63.1,53.4,45.4,6,0.0,10,-0.199,-0.911,-0.931,Valkiria Esports,18
Lies,top,LPL,1,29,0.31,49.3,48.1,49.1,45.1,44.4,52.7,45.4,6,0.0,13,-0.33,-0.803,-0.625,Top Esports,21
Alleycat,top,LJL,15,38,0.368,60.2,51.8,49.1,76.5,66.3,56.8,45.3,8,0.0,16,0.022,-1.115,-1.14,Rascal Jester,27
World6,jng,LPL,1,28,0.286,48.2,48.5,49.4,41.6,46.4,55.7,45.3,7,0.0,13,-0.329,-0.826,-0.64,Oh My God,20
M0NK,bot,SLO,3,47,0.362,49.6,45.6,51.4,48.4,64.5,56.6,45.3,16,0.125,13,-0.317,-0.836,-0.431,eMonkeyz,21
Julaxe,jng,LLN,15,23,0.391,51.6,59.0,58.4,61.6,64.8,45.3,45.2,11,0.182,8,0.027,-1.124,-1.278,ZAGA Talent Gaming,24
Godlou,mid,LDL,2,21,0.238,53.2,51.4,52.4,42.9,36.9,54.9,45.2,0,0.0,12,-0.155,-0.978,-0.808,KeyMedia|SHEINOO,
Pillo,top,LLN,15,22,0.409,46.3,55.0,57.3,45.7,80.8,53.0,45.2,10,0.2,7,-0.116,-1.012,-0.892,ZAGA Talent Gaming,
Sergh,sup,VCS,15,34,0.353,45.7,53.0,48.4,61.4,49.3,56.9,45.2,11,0.0,10,-0.333,-0.825,-0.453,Friends Forever Gaming,24
Caipi,mid,LMS,15,28,0.286,50.0,58.3,47.4,46.4,34.9,48.7,45.1,5,0.0,11,-0.143,-0.994,-0.901,Team Afro,21
Roach,top,LCK,1,90,0.4,51.4,52.6,46.4,37.1,80.7,43.0,45.1,16,0.062,17,-0.021,-1.101,-1.226,Kongdoo Monster,19
Secret,sup,LCK,1,90,0.4,52.8,50.8,43.1,40.9,80.2,45.5,45.1,16,0.062,12,-0.018,-1.101,-1.081,Kongdoo Monster,21
mantouz,mid,LDL,2,60,0.4,53.0,48.3,50.3,43.3,58.8,44.7,45.1,0,0.0,12,-0.199,-0.951,-0.732,King of Future,
Fdy,bot,LPL,1,32,0.281,39.8,45.3,50.6,44.5,45.3,49.8,45.1,11,0.091,11,-0.61,-0.611,-0.148,LGD Gaming,19
Ssol,bot,LCK,1,90,0.4,52.9,56.5,42.4,38.9,73.8,59.0,45.0,16,0.062,18,-0.041,-1.101,-1.14,Kongdoo Monster,20
xiaoty,top,LDL,2,42,0.286,55.4,52.6,51.3,42.6,51.8,59.0,45.0,0,0.0,15,-0.076,-1.064,-1.027,Big One Gaming|People's Red Wolf Gaming,20
Raise,jng,LCK,1,58,0.397,48.7,58.3,51.0,41.9,78.9,41.5,45.0,8,0.0,10,0.076,-1.187,-1.429,G-Rex|Kongdoo Monster,21
Udysof,jng,OPL,15,27,0.407,46.4,48.6,54.9,41.8,35.3,59.7,44.9,10,0.2,11,-0.33,-0.867,-0.612,Dire Cubs|Dire Wolves|Tectonic,19
Shiganari,bot,LCL,15,35,0.343,55.3,52.5,56.0,38.9,51.0,47.4,44.8,10,0.0,11,-0.041,-1.122,-1.135,Elements Pro Gaming,19
Zoiren,mid,LLN,15,23,0.391,53.0,52.3,58.9,39.4,62.7,59.0,44.8,11,0.182,12,-0.045,-1.124,-1.144,ZAGA Talent Gaming,20
Agonistic,jng,LLN,15,37,0.351,47.2,53.1,51.7,46.2,48.2,56.7,44.8,9,0.0,15,-0.265,-0.941,-0.763,Gaming Gaming,
Lukezy,mid,SLO,3,38,0.342,51.8,56.7,52.3,68.7,48.7,54.0,44.7,6,0.0,15,-0.095,-1.091,-1.523,ASUS ROG Army|Vaevictis eSports,21
kkk1,bot,LDL,2,34,0.324,52.2,49.6,51.3,66.6,31.7,47.6,44.7,0,0.0,9,-0.244,-0.971,-0.843,Vortex Team,22
DoRun,top,CK,2,36,0.389,40.6,57.3,61.4,45.7,34.0,59.0,44.7,13,0.077,14,-0.32,-0.908,-0.548,GC Busan Rising Star|Rising SuperStar Gaming,18
Cheng,bot,LDL,2,65,0.338,57.1,53.0,49.9,40.6,57.3,59.0,44.6,0,0.0,16,-0.034,-1.156,-1.342,Big One Gaming,
SoHwan,top,LCK,1,89,0.371,49.7,56.9,48.3,49.0,41.3,55.6,44.6,21,0.0,19,-0.217,-1.004,-0.935,Jin Air Green Wings,22
Yuki,sup,LJL,15,38,0.368,51.8,52.8,45.9,57.4,79.9,54.9,44.6,8,0.0,11,-0.086,-1.115,-0.991,Rascal Jester,24
Easyhoon,mid,LPL,1,39,0.231,52.0,52.5,48.2,73.5,81.6,40.0,44.6,13,0.0,10,-0.013,-1.17,-1.292,Vici Gaming,26
Patrik,bot,EU LCS,1,40,0.3,54.0,53.3,68.0,37.8,45.7,58.8,44.5,17,0.176,17,0.073,-1.249,-1.385,H2k-Gaming,18
Loop,sup,CBLOL,15,35,0.343,54.1,52.2,55.5,37.6,51.1,62.5,44.5,6,0.167,12,-0.086,-1.13,-1.006,RED Canids|paiN Gaming,17
Karin,jng,LPL,1,24,0.208,52.4,53.4,50.7,56.1,43.3,46.9,44.5,6,0.0,7,-0.149,-1.069,-1.077,Top Esports,23
Aoi Haru,top,LCL,15,35,0.343,53.1,48.1,58.5,44.8,74.5,54.4,44.5,10,0.0,16,-0.092,-1.122,-1.03,Elements Pro Gaming,
Shakeit,bot,LLN,15,39,0.385,42.4,54.5,49.1,48.0,42.3,49.2,44.5,12,0.0,14,-0.37,-0.893,-0.542,6Sense,
Matt Elento,sup,NA LCS,1,36,0.25,58.3,54.3,47.4,40.3,66.9,53.7,44.4,11,0.0,11,-0.003,-1.203,-1.181,Golden Guardians,21
Caedrel,jng,EU LCS,1,20,0.35,54.2,57.3,53.3,47.9,63.7,57.6,44.4,4,0.0,11,-0.022,-1.195,-1.337,H2k-Gaming|Ninjas in Pyjamas,22
Fanxy,mid,LJL,15,38,0.368,51.4,57.3,46.4,45.3,52.3,52.4,44.4,8,0.0,11,-0.108,-1.115,-1.068,Rascal Jester,21
Leash,jng,CK,2,29,0.276,45.4,51.5,54.2,42.2,79.7,50.7,44.4,12,0.083,8,-0.21,-1.032,-1.076,HOU GAMING|RGA,19
F,top,LDL,2,67,0.388,53.2,55.3,50.4,41.8,61.3,43.9,44.3,0,0.0,13,-0.069,-1.169,-1.162,Si Yi Xuan E-Sport,
peka,mid,VCS,15,84,0.429,49.6,53.1,57.9,39.2,80.7,44.4,44.3,28,0.143,14,-0.057,-1.174,-1.184,Cube Adonis|Hall of Fame,19
Trick,jng,LCK,1,78,0.321,49.0,52.9,43.6,58.3,42.8,50.9,44.3,15,0.0,18,-0.321,-0.954,-0.781,bbq Olivers,23
Deftly,bot,NA LCS,1,36,0.25,55.5,53.2,47.6,42.5,78.7,51.9,44.2,11,0.0,12,-0.03,-1.203,-1.247,Golden Guardians,21
Archie2b,sup,LCL,15,35,0.343,49.9,55.4,54.9,63.2,49.4,53.0,44.2,10,0.0,12,-0.132,-1.122,-0.952,Elements Pro Gaming,25
Drobovik123,mid,LCL,15,35,0.343,53.9,51.0,49.7,59.2,49.8,49.8,44.2,10,0.0,14,-0.144,-1.122,-1.037,Elements Pro Gaming,23
Martin,bot,LPL,1,43,0.233,50.5,50.0,55.1,42.2,81.6,53.2,44.1,15,0.067,12,-0.013,-1.234,-1.291,Vici Gaming,21
Yaharong,mid,LCK,1,80,0.375,49.3,47.9,46.0,41.1,44.3,59.0,44.1,21,0.0,19,-0.379,-0.937,-0.704,Jin Air Green Wings,18
OTTO,mid,LDL,2,34,0.324,50.0,46.9,51.5,60.7,32.4,45.8,44.1,0,0.0,14,-0.341,-0.971,-0.601,Vortex Team,22
Rain,bot,TCL,15,66,0.333,48.8,56.1,48.4,51.7,54.5,62.4,44.0,18,0.056,18,-0.192,-1.097,-0.948,Team AURORA,22
Badmilk,sup,CLS,15,46,0.326,48.5,60.3,49.5,45.9,45.9,60.9,43.9,12,0.083,14,-0.109,-1.182,-1.035,Hafnet eSports,
Heaven,jng,VCS,15,36,0.333,42.8,55.2,49.6,65.7,43.3,60.2,43.9,16,0.0,15,-0.374,-0.967,-0.673,Cherry Esports|Friends Forever Gaming,24
Helior,top,CLS,15,48,0.312,49.1,47.5,56.1,46.5,51.6,57.0,43.9,20,0.15,18,-0.268,-1.051,-0.775,Legatum,
Taurus,top,VCS,15,68,0.441,49.3,51.5,49.4,40.8,42.2,42.0,43.8,19,0.053,9,-0.273,-1.065,-0.784,Cherry Esports|FTV Esports,20
L1n,sup,LDL,2,34,0.235,53.7,59.8,50.8,44.1,61.6,61.1,43.7,0,0.0,10,0.016,-1.317,-1.333,KeyMedia,
Kadir,jng,SLO,3,43,0.326,51.4,61.8,54.6,37.4,53.7,62.1,43.7,13,0.077,19,0.005,-1.31,-1.796,ASUS ROG Army|OpTic Gaming Academy,19
Mirin,sup,OPL,15,44,0.341,53.5,54.0,47.4,51.8,43.7,46.7,43.7,15,0.0,9,-0.159,-1.17,-0.973,MAMMOTH|Sin Gaming,23
Haretti,bot,LJL,15,55,0.345,48.9,56.2,44.6,76.9,61.1,54.6,43.7,14,0.0,13,-0.207,-1.131,-0.968,7th heaven|Burning Core Toyama,27
Pipi,bot,LDL,2,53,0.377,50.8,47.8,50.4,43.6,33.4,50.7,43.7,0,0.0,11,-0.319,-1.036,-0.83,Oh My God Academy,
Lourlo,top,NA LCS,1,36,0.25,50.4,56.3,51.3,37.2,54.8,58.4,43.6,11,0.0,15,-0.134,-1.203,-1.216,Golden Guardians,20
hashiqi,top,LDL,2,21,0.238,53.3,51.2,52.5,56.1,35.8,60.3,43.6,0,0.0,11,-0.157,-1.183,-1.074,ThunderoBot Gaming,22
Ggoong,mid,LPL,1,51,0.333,44.2,58.2,53.5,70.2,73.4,57.7,43.6,12,0.083,18,-0.193,-1.151,-1.097,Top Esports,25
Contractz,jng,NA LCS,1,36,0.25,51.9,51.1,50.1,38.7,65.0,61.0,43.5,11,0.0,17,-0.161,-1.203,-1.202,Golden Guardians,19
Fighto,mid,OPL,15,24,0.25,47.5,51.1,52.2,46.0,76.0,48.0,43.5,10,0.0,8,-0.229,-1.144,-0.969,Sin Gaming,
Kackos,top,UL,2,33,0.333,43.7,57.4,58.2,42.2,75.2,51.4,43.4,10,0.1,10,-0.159,-1.205,-1.097,Crvena zvezda Esports|R-SIXTEAM,20
COLD,sup,LPL,1,81,0.333,54.5,50.9,48.3,41.0,55.1,57.6,43.3,24,0.042,13,-0.163,-1.218,-1.057,Oh My God,21
Even,mid,LDL,2,51,0.333,52.6,56.8,50.6,40.4,54.5,53.9,43.2,0,0.0,14,-0.077,-1.308,-1.246,LaoPengYou|Liberty Zeal Queue,
FengXian,bot,LDL,2,34,0.235,53.5,55.7,51.3,39.7,53.9,48.8,43.2,0,0.0,8,-0.061,-1.317,-1.51,KeyMedia,
Hoglet,jng,CK,2,67,0.403,45.4,58.7,69.5,39.4,39.5,59.2,43.2,22,0.136,17,-0.085,-1.304,-1.597,Ever8 Winners|GC Busan Rising Star,19
JiXuan,top,LDL,2,25,0.24,51.5,48.8,52.2,42.7,49.4,52.6,43.2,0,0.0,10,-0.216,-1.193,-1.014,DengKaiLi Game Team,
Max,sup,LCK,1,94,0.33,63.6,54.6,50.4,42.3,55.5,70.6,43.1,18,0.0,24,0.158,-1.515,-1.586,MVP,22
Satan,mid,LDL,2,33,0.273,54.7,51.6,51.5,39.4,81.2,52.8,43.1,0,0.0,11,0.009,-1.396,-1.433,ThunderoBot Gaming,16
promisq,sup,EU LCS,1,41,0.293,44.8,58.6,67.2,54.6,38.7,53.8,43.1,17,0.176,12,-0.024,-1.371,-1.307,H2k-Gaming,24
Vale,sup,TCS,2,30,0.367,45.7,49.7,56.8,40.1,31.9,52.0,43.1,9,0.111,10,-0.304,-1.131,-0.787,Dark Passage|Team Cappadocia,15
Rainbow,bot,LDL,2,42,0.452,47.1,52.7,51.5,52.9,50.0,63.6,43.0,1,0.0,16,-0.24,-1.196,-1.132,Game Talents|Team Afro,21
Homi,sup,SLO,3,43,0.326,55.3,55.6,52.3,58.4,51.9,56.4,43.0,19,0.053,12,-0.021,-1.376,-2.106,Dragons E.C.|G2 Vodafone,25
Xinian,mid,LDL,2,65,0.369,48.3,49.4,50.2,43.6,31.7,65.4,42.9,0,0.0,26,-0.382,-1.101,-0.696,Big One Gaming|People's Red Wolf Gaming,
Syu,bot,CK,2,35,0.314,37.0,52.6,59.8,45.2,51.8,55.5,42.9,14,0.143,9,-0.492,-1.012,-0.581,RGA,20
Dimonko,sup,LCL,15,31,0.226,61.4,56.8,50.8,58.2,68.1,50.5,42.8,7,0.0,10,0.138,-1.544,-1.645,Vaevictis eSports,25
winter,sup,LCSA,2,32,0.375,54.2,58.2,57.7,41.5,80.5,52.8,42.8,9,0.111,11,0.167,-1.568,-1.767,OpTic Gaming Academy|Team Cloud Drake,21
Guokui,top,LDL,2,63,0.365,49.3,51.8,50.5,49.7,38.3,58.7,42.8,0,0.0,18,-0.276,-1.195,-0.945,Oh My God Academy,21
Gambite,mid,CLS,15,46,0.326,48.2,50.2,51.2,46.2,38.3,61.4,42.8,12,0.083,22,-0.294,-1.182,-0.941,Hafnet eSports,21
Daniel,top,LDL,2,66,0.303,54.8,52.0,50.4,40.8,55.8,60.0,42.7,0,0.0,18,-0.1,-1.355,-1.348,LaoPengYou|VC Gaming,20
ADD,top,LCK,1,97,0.33,51.6,65.9,51.1,35.2,56.0,53.3,42.6,20,0.05,24,0.083,-1.518,-1.743,MVP,20
Xiyang,top,LPL,1,85,0.329,49.2,57.0,50.3,59.9,44.8,59.3,42.6,27,0.074,19,-0.196,-1.296,-1.246,Oh My God,24
jun,top,LDL,2,34,0.235,54.5,50.0,51.7,41.5,39.3,46.8,42.6,0,0.0,9,-0.161,-1.317,-1.23,KeyMedia,18
Jaeger,top,EU LCS,1,41,0.293,52.2,49.2,64.2,45.8,35.2,52.3,42.5,17,0.176,16,-0.113,-1.371,-1.403,H2k-Gaming,22
Orion,bot,OPL,15,50,0.3,44.7,52.0,53.2,39.5,70.8,58.2,42.5,16,0.062,14,-0.27,-1.246,-1.024,Bombers,19
Seb,jng,OPL,15,50,0.3,44.8,51.6,53.0,56.7,72.9,54.3,42.5,16,0.062,15,-0.278,-1.246,-1.08,Bombers,23
Aming,bot,LDL,2,41,0.317,50.7,45.5,50.9,42.7,33.1,50.4,42.5,0,0.0,11,-0.349,-1.184,-0.979,DengKaiLi Game Team|VC Gaming,
Rogu,sup,TCL,15,51,0.314,51.4,52.8,50.4,56.9,31.9,56.2,42.4,18,0.056,12,-0.206,-1.31,-1.066,Team AURORA,24
Kuri,sup,CK,2,62,0.355,56.5,56.8,50.4,36.5,53.8,55.9,42.3,20,0.05,11,0.033,-1.526,-1.577,ES Sharks,18
Vexu,sup,TCL,15,41,0.293,53.9,51.5,51.7,43.1,81.1,57.9,42.3,14,0.0,14,0.012,-1.504,-1.478,Galakticos,22
yanxuan,bot,LDL,2,63,0.381,54.9,50.2,50.0,39.6,58.5,59.7,42.3,0,0.0,14,-0.125,-1.397,-1.53,Si Yi Xuan E-Sport,
Nova,sup,LCK,1,45,0.311,48.8,52.1,48.2,40.8,78.0,61.3,42.3,13,0.0,12,-0.215,-1.324,-1.103,Jin Air Green Wings,21
chel1y,bot,LPL,1,69,0.319,47.4,50.8,46.5,39.6,59.6,61.9,42.3,20,0.05,17,-0.323,-1.234,-1.001,Oh My God,20
Sacre,top,SLO,3,42,0.333,63.4,61.2,50.3,43.4,46.7,63.0,42.2,12,0.0,20,0.22,-1.697,-2.564,Dragons E.C.|KlikTech,22
ICON,mid,LPL,1,87,0.322,56.4,51.4,50.7,48.3,51.3,59.7,42.2,28,0.071,22,-0.1,-1.429,-1.462,Oh My God,22
Aodi,top,LPL,1,41,0.244,50.9,52.8,52.2,36.9,38.1,53.8,42.2,17,0.059,12,-0.21,-1.343,-1.279,Vici Gaming,18
FS,bot,LDL,2,33,0.273,50.8,51.5,51.4,39.8,74.5,50.5,42.2,0,0.0,8,-0.15,-1.396,-1.498,ThunderoBot Gaming,
Pampy,mid,VCS,15,28,0.286,46.4,51.1,59.4,44.2,72.0,63.8,42.2,14,0.143,16,-0.186,-1.363,-1.248,Vikings Gaming,
Rosey,sup,OPL,15,50,0.3,47.4,45.8,52.0,58.2,75.4,61.7,42.2,16,0.062,14,-0.321,-1.246,-0.887,Bombers,24
Andreus,bot,LLN,15,30,0.333,45.2,52.1,57.1,38.4,76.7,52.2,41.9,15,0.133,11,-0.208,-1.388,-1.241,ZAGA Talent Gaming,18
QiuQiu,bot,LPL,1,98,0.367,44.7,46.2,48.4,39.0,77.5,48.3,41.9,27,0.148,17,-0.281,-1.327,-1.127,Top Esports,20
LeX,bot,LCL,15,31,0.226,55.1,53.2,50.8,53.7,73.3,51.0,41.8,7,0.0,12,-0.036,-1.544,-1.589,Vaevictis eSports,23
New,top,LPL,1,27,0.185,41.8,50.5,49.3,38.0,80.9,47.8,41.8,11,0.0,11,-0.372,-1.264,-1.04,Vici Gaming,20
Potluck,jng,LCSA,2,36,0.167,46.8,58.4,55.2,37.9,77.9,56.2,41.6,10,0.0,12,-0.081,-1.536,-1.908,Golden Guardians Academy,20
Ian,mid,LCK,1,102,0.324,46.5,58.1,60.6,36.6,55.2,58.3,41.5,23,0.043,26,-0.049,-1.579,-1.659,MVP,20
Sonata,mid,CLS,15,40,0.275,46.3,51.7,50.6,44.5,68.5,53.6,41.5,12,0.083,16,-0.277,-1.4,-1.191,Dark Horse,21
Nekhazten,sup,CLS,15,28,0.214,53.4,53.4,59.6,35.2,79.6,52.8,41.4,8,0.25,9,0.018,-1.652,-1.633,Universidad Católica Esports,19
woofi,jng,CLS,15,28,0.214,51.7,58.0,57.0,39.9,72.2,55.3,41.3,8,0.25,12,0.006,-1.652,-1.829,Universidad Católica Esports,21
Onesh0tiq,bot,CISC,3,26,0.346,48.8,50.6,46.8,66.1,69.8,52.4,41.3,6,0.0,8,-0.264,-1.438,-1.645,Monolith Gaming|Team Just Ice,25
xgd,mid,LDL,2,70,0.371,51.5,52.8,50.0,39.8,50.9,56.2,41.2,0,0.0,19,-0.182,-1.513,-1.354,Si Yi Xuan E-Sport,
Beyond,jng,LCK,1,102,0.324,47.1,52.6,60.5,40.7,57.9,45.4,41.2,23,0.043,18,-0.115,-1.579,-1.636,MVP,21
Ayuny,jng,LDL,2,64,0.359,54.6,52.0,50.9,37.9,44.7,52.0,41.1,0,0.0,15,-0.128,-1.579,-1.902,Si Yi Xuan E-Sport,
Tilting,sup,OPL,15,22,0.091,53.7,49.1,53.7,43.3,72.6,45.4,41.0,8,0.0,6,-0.125,-1.602,-1.439,Tectonic,
Barcode,bot,SLO,3,28,0.179,47.9,53.3,50.3,39.0,80.7,47.4,41.0,12,0.0,8,-0.185,-1.54,-1.98,Dragons E.C.,
FireRain,mid,LPL,1,37,0.216,43.0,48.3,48.6,39.6,59.7,43.9,41.0,15,0.0,11,-0.461,-1.314,-0.994,Vici Gaming,20
Nugget,sup,CK,2,70,0.329,55.9,61.3,67.6,39.2,50.3,48.2,40.9,22,0.091,11,0.227,-1.906,-2.196,RGA,21
Woohee,sup,CLS,15,23,0.13,51.6,52.6,50.2,36.2,34.6,60.6,40.7,7,0.0,11,-0.203,-1.588,-1.347,Dark Horse,20
Dark Solece,top,LCL,15,31,0.226,44.1,54.1,49.5,43.1,80.5,57.9,40.7,7,0.0,18,-0.252,-1.544,-1.301,Vaevictis eSports,
Tempt,mid,LCK,1,93,0.29,55.4,57.4,45.2,36.2,49.2,52.4,40.6,17,0.0,24,-0.071,-1.698,-1.755,bbq Olivers,20
bobqin,mid,LCSA,2,38,0.158,49.0,60.3,54.5,51.8,75.9,60.3,40.6,10,0.0,13,-0.015,-1.746,-1.783,Golden Guardians|Golden Guardians Academy,22
Cover,mid,CK,2,23,0.13,40.4,51.7,57.0,42.1,33.2,52.9,40.6,8,0.0,11,-0.451,-1.393,-0.936,SeolHaeOne Prince,19
Praedyth,top,OPL,15,37,0.243,52.1,52.4,51.0,37.1,60.2,53.7,40.5,17,0.118,15,-0.132,-1.677,-1.563,Sin Gaming|Tectonic,19
Crazy,top,LCK,1,93,0.29,52.1,59.5,46.1,43.8,40.8,51.9,40.4,17,0.0,20,-0.131,-1.698,-1.709,bbq Olivers,22
Epic,jng,LMS,15,61,0.311,50.5,56.8,44.7,36.5,51.7,53.2,40.4,9,0.0,13,-0.143,-1.685,-1.703,Team Afro,20
Hazard,top,CLS,15,49,0.265,48.2,58.8,52.6,40.9,69.0,54.3,40.2,15,0.067,15,-0.099,-1.753,-1.675,Dark Horse,21
CBL,sup,VCS,15,61,0.361,51.9,52.7,46.1,36.1,39.1,65.9,40.2,20,0.05,16,-0.227,-1.643,-1.378,UTM Esports|Vikings Gaming,20
1ee,top,LDL,2,21,0.048,51.9,51.5,52.5,38.3,79.5,62.5,40.2,0,0.0,14,-0.094,-1.762,-1.844,SanHe Gaming,
Poss,top,CK,2,70,0.329,53.2,60.0,60.8,36.7,47.2,50.3,40.1,22,0.091,15,0.078,-1.906,-2.222,RGA,20
meifa,top,LDL,2,26,0.0,53.3,49.1,52.2,38.7,70.0,59.9,40.1,0,0.0,11,-0.136,-1.74,-1.766,LanXiang Gaming,
2188,top,LMS,15,53,0.283,45.7,53.5,47.5,43.6,38.7,52.4,40.1,11,0.0,13,-0.348,-1.556,-1.215,Team Afro,21
Soul,sup,LDL,2,67,0.418,55.4,53.5,49.2,49.9,43.6,49.9,40.0,0,0.0,10,-0.103,-1.785,-1.709,King of Future,22
Ignar,sup,LCK,1,93,0.29,45.3,64.1,41.8,43.3,39.7,60.5,39.9,17,0.0,15,-0.233,-1.698,-1.408,bbq Olivers,22
Zest,sup,LMS,15,67,0.328,53.1,53.5,47.9,52.5,58.9,52.8,39.9,12,0.0,12,-0.11,-1.786,-1.639,Team Afro,24
Crash,jng,LPL,1,24,0.125,50.5,55.1,50.1,39.5,75.4,47.8,39.9,8,0.0,9,-0.1,-1.798,-1.878,Machi Esports|Vici Gaming,21
Hero,jng,SLO,3,45,0.311,41.8,55.1,52.1,37.9,58.4,50.4,39.9,20,0.05,12,-0.356,-1.59,-1.669,Dragons E.C.|G2 Vodafone,20
Magico,mid,CLS,15,28,0.214,43.5,50.8,61.3,49.1,68.1,53.9,39.9,8,0.25,14,-0.277,-1.652,-1.46,Universidad Católica Esports,22
R1uga,mid,LDL,2,26,0.0,52.9,50.1,52.0,38.7,37.9,47.5,39.8,0,0.0,9,-0.189,-1.74,-1.59,LanXiang Gaming,19
Lad,bot,LDL,2,24,0.083,51.5,50.9,52.0,38.3,31.8,53.6,39.8,0,0.0,9,-0.219,-1.714,-1.812,SanHe Gaming,
Low,bot,OPL,15,22,0.091,44.6,49.0,52.2,38.2,60.8,44.7,39.8,8,0.0,7,-0.37,-1.602,-1.296,Tectonic,20
Swift,jng,LPL,1,65,0.246,58.6,51.0,51.4,42.9,62.2,63.4,39.7,23,0.043,17,-0.007,-1.918,-2.097,Vici Gaming,22
Jurassiq,bot,LCSA,2,35,0.2,47.6,55.9,53.8,37.1,71.0,56.2,39.7,13,0.0,10,-0.11,-1.822,-2.086,Golden Guardians Academy|Team Ocean Drake,
Jenkins,top,LCSA,2,34,0.265,54.5,55.8,53.5,36.3,73.5,53.6,39.4,10,0.0,11,0.043,-2.016,-2.312,Golden Guardians Academy|Team Cloud Drake,19
DanChung,mid,CK,2,70,0.329,46.5,58.8,63.3,51.0,53.7,44.2,39.4,22,0.091,16,-0.073,-1.906,-1.893,RGA,22
reM,mid,CK,2,68,0.338,47.7,57.5,75.3,41.5,40.3,54.1,39.4,22,0.091,20,0.07,-2.023,-2.172,GC Busan Rising Star|Rising SuperStar Gaming,21
Nothing,bot,CLS,15,44,0.25,46.6,52.9,49.1,41.9,51.6,48.6,39.4,15,0.0,12,-0.304,-1.718,-1.489,Hafnet eSports|Legatum,21
Caos,sup,CLS,15,24,0.292,44.0,49.8,52.4,45.2,52.1,50.7,39.4,9,0.0,8,-0.433,-1.624,-1.153,Legatum,22
papryze,top,OPL,15,39,0.179,53.1,56.0,50.8,39.8,60.7,53.5,39.3,12,0.0,14,-0.07,-1.928,-1.887,Tectonic,
Kimi,bot,CLS,15,52,0.269,50.6,51.5,64.0,39.8,50.8,51.9,39.2,19,0.263,14,-0.129,-1.906,-1.875,Legatum|Universidad Católica Esports,21
Juves,jng,OPL,15,48,0.312,42.3,47.9,48.7,62.1,52.0,50.1,39.2,17,0.0,13,-0.503,-1.598,-1.217,MAMMOTH|Sin Gaming,24
TomnaM,bot,CLS,15,49,0.265,43.9,51.8,51.8,37.4,56.9,57.5,39.0,15,0.067,16,-0.359,-1.753,-1.468,Dark Horse,20
j1mmy,bot,TCL,15,27,0.111,40.2,52.0,51.0,38.6,44.5,43.1,39.0,14,0.0,8,-0.489,-1.645,-1.214,Galakticos,20
Yue,jng,LDL,2,29,0.103,56.9,49.7,52.3,71.6,48.9,56.1,38.8,0,0.0,11,-0.083,-2.016,-2.535,Liberty Zeal Queue|SanHe Gaming,25
AC,sup,LDL,2,30,0.067,59.2,53.3,51.1,71.2,56.5,61.4,38.6,0,0.0,12,0.032,-2.148,-2.246,SanHe Gaming,25
Paladin,top,CK,2,47,0.234,49.1,59.8,52.8,37.3,35.7,48.1,38.6,16,0.0,16,-0.137,-2.005,-2.083,SeolHaeOne Prince|V3 New Generation,19
LL,top,VCS,15,53,0.321,51.3,51.4,54.6,35.3,79.8,51.5,38.5,23,0.13,15,-0.07,-2.081,-2.044,Cube Adonis|Hall of Fame,18
Vit,bot,VCS,15,33,0.242,40.3,46.5,54.8,37.7,72.0,61.8,38.4,19,0.105,12,-0.457,-1.783,-1.396,Vikings Gaming,17
Shaoran,sup,VCS,15,37,0.27,49.2,52.2,59.9,34.3,72.9,58.8,38.3,17,0.118,11,-0.119,-2.088,-1.932,Cube Adonis|Hall of Fame,19
Hani,top,VCS,15,32,0.125,42.0,45.7,53.6,38.2,44.3,68.8,38.1,20,0.1,19,-0.514,-1.817,-1.312,Vikings Gaming,18
Snow,bot,LPL,1,46,0.196,46.0,50.0,49.7,36.6,53.1,61.0,37.9,18,0.0,15,-0.351,-1.978,-1.672,Vici Gaming,19
Ghost,bot,LCK,1,93,0.301,36.9,47.5,45.0,60.4,40.4,57.2,37.7,20,0.0,18,-0.758,-1.704,-1.034,Team Just Ice|bbq Olivers,24
HighDin,sup,CK,2,65,0.262,44.7,61.2,56.2,46.7,56.8,59.0,37.6,29,0.069,16,-0.129,-2.23,-2.161,SeolHaeOne Prince,22
Asi,mid,LDL,2,30,0.067,50.0,46.8,51.7,37.1,65.4,58.6,37.5,0,0.0,15,-0.266,-2.148,-1.945,SanHe Gaming,
Shok,mid,OPL,15,50,0.2,53.6,52.3,55.8,34.4,49.9,54.1,37.4,17,0.118,17,-0.055,-2.337,-2.425,Tectonic,18
Ippon,jng,LCL,15,53,0.283,52.1,48.2,54.7,54.8,45.2,61.2,37.3,15,0.133,19,-0.223,-2.214,-2.191,R-SIXTEAM|Team Cappadocia|UCAM Penguins|Vaevictis eSports,24
RedSnow,sup,LDL,2,63,0.302,59.1,50.5,49.4,38.0,59.9,55.8,37.2,0,0.0,12,-0.026,-2.401,-2.458,Si Yi Xuan E-Sport|ThunderoBot Gaming,
Minas,bot,VCS,15,49,0.245,45.4,45.4,52.4,44.3,70.1,61.2,36.5,21,0.048,15,-0.384,-2.279,-2.001,FTV Esports|Hall of Fame,22
DalKa,bot,LMS,15,67,0.239,52.4,51.1,45.6,37.3,43.6,62.3,36.3,16,0.0,18,-0.216,-2.49,-2.403,SeolHaeOne Prince|Team Afro,21
Sunblast,top,CLS,15,48,0.208,49.1,48.2,56.5,37.5,58.1,58.0,35.9,14,0.143,19,-0.24,-2.573,-2.377,Hafnet eSports|Universidad Católica Esports,21
Akaman,bot,LDL,2,58,0.121,47.9,43.6,50.2,34.6,76.5,48.4,35.5,0,0.0,12,-0.342,-2.6,-2.775,LanXiang Gaming|LaoPengYou,19
Light,bot,LPL,1,43,0.326,44.8,45.8,62.2,34.0,50.1,56.5,34.9,6,0.333,14,-0.359,-2.788,-2.422,Smash It Down|Snake Esports,17
Duan,sup,LPL,1,76,0.197,52.6,54.5,46.9,37.3,59.4,49.8,34.8,28,0.0,14,-0.15,-2.987,-2.581,Vici Gaming,22
