player_id,position,league,tier,games,winrate,behind_games,comeback_rate,champ_pool,操作,运营,心态,体质,适应力,teams,f_gd15,f_xd15,f_cd15,f_dpm,f_dmgshare,f_multi,f_vspm,f_wcpm,f_kp,f_deathshare,f_ejg,f_dmgmit,f_gspd,f_comeback,f_hold,f_clutch,f_endurance,f_sameday,f_pool,f_indep,f_patchstab,z_操作,z_运营,z_心态,z_体质,z_适应力
Chovy,mid,LCK,1,124,0.726,10,0.5,22,74.2,68.1,73.4,51.5,56.8,Gen.G,333.75,337.43548387096774,10.370967741935484,753.1974540322581,0.2548176693548387,0.6048387096774194,1.5450701612903226,0.36661370967741935,0.6549920227094228,0.1624726451330599,0.0,602.8588870967741,0.0,0.5,0.4913087818696884,0.5367564858717861,-0.12671279337946012,3.2528406621626957,1.975658322294524,-0.3870967741935484,-0.22870779254975285,1.2774347883003825,0.7569141425931573,1.1948100314195795,-0.18637117155438349,0.0965123944247693
Archer,bot,LJL,15,72,0.694,4,0.0,17,76.0,63.5,49.5,53.7,52.2,CITA Kaizen|Rising Gaming,1308.3194444444443,401.55555555555554,21.52777777777778,981.8379347222223,0.30383504166666664,1.5277777777777777,1.3676347222222223,0.32458888888888887,0.677352987278228,0.17755995520481826,0.0,425.6594986111111,0.0,0.0,0.2249604361297803,0.14647542532907842,-0.052856287777351144,4.09241452991453,2.003469213361885,-0.4444444444444444,-0.3800084846248684,1.5021608035095002,0.46188756709221224,-0.2964258049890315,-0.06747962049207974,-0.14667026966339897
Eclipse,bot,LAS,3,68,0.676,11,0.091,15,72.4,67.1,50.8,50.0,53.4,Hanwha Life Esports Academy|T1 Esports Academy,738.0441176470588,431.1470588235294,12.397058823529411,1035.1315308823528,0.2974381617647059,1.6323529411764706,1.370589705882353,0.29515294117647056,0.681176306582648,0.1944632216004887,0.0,424.45278382352944,0.0,0.09090909090909091,0.17124759823937902,0.08290062667860344,-0.3734891888081414,3.8219800529256696,1.8190171877724972,-0.35294117647058826,-0.4539136639217254,1.0930589281418377,0.6871864152897479,-0.22189210736544346,-0.26484581506153954,-0.08368821457084821
Cloud,sup,LCKC,2,141,0.61,20,0.2,25,74.6,64.2,53.9,60.4,61.7,T1|T1 Esports Academy,159.02836879432624,238.77304964539007,1.5673758865248226,309.73322978723405,0.1018954304964539,0.07092198581560284,4.439343971631206,0.5003524822695036,0.7381337905151406,0.19531184879161115,0.0,495.61139716312056,0.0,0.2,0.2583505268268085,-0.2886793083091946,0.14260006442455964,4.631608433149919,2.1053798026662975,-0.3971631205673759,-0.2210056430465523,1.3161424998810032,0.5042966069327337,-0.0599478602274294,0.28570836729320553,0.3598589284329519
Knight,mid,LPL,1,173,0.717,9,0.333,25,77.2,61.5,64.0,53.8,63.3,Bilibili Gaming,506.58620689655174,294.44827586206895,7.834482758620689,777.0742445086705,0.2615333352601156,0.7630057803468208,1.2447427745664739,0.2756965317919075,0.683381754716495,0.16082200375104672,0.84,457.75964391891887,0.0,0.3333333333333333,0.5183538409184533,-0.1647926734236725,-0.014941571479511155,2.984295322182082,1.9007148031742638,-0.28901734104046245,-0.20318897401580582,1.6827537162126074,0.34693681502834584,0.49288655448576413,-0.061938402006869495,0.4511731204717636
Kiin,top,LCK,1,124,0.726,10,0.5,25,73.2,61.8,74.7,45.0,64.2,Gen.G,316.46774193548384,279.69354838709677,5.741935483870968,693.7857024193548,0.2357106693548387,0.4596774193548387,1.386727419354839,0.19913225806451612,0.5894353750023767,0.218680123405037,0.0,1139.823370967742,0.0,0.5,0.5763872666652509,0.1361697170793696,-0.2586869415747079,1.7883604941565323,2.2450662753346866,-0.29838709677419356,-0.3180020234844844,1.1727257626401033,0.3658524563874034,1.3304606397917418,-0.5507635832420212,0.5047777979336387
advance,top,LJL,15,55,0.618,8,0.25,15,78.0,56.3,61.3,53.7,57.6,New Meta,1672.8909090909092,1200.2181818181818,35.18181818181818,922.8225036363636,0.3082441090909091,1.0363636363636364,0.9133327272727273,0.12015999999999999,0.6293923425603274,0.18625051319398972,0.0,1164.9701327272726,0.0,0.25,0.3009784630022056,0.0,0.11504571134558875,1.9603734329885059,2.0225995873897262,-0.43636363636363634,-0.275017383768944,1.8458088868853744,0.06916453299359697,0.33623725147857275,-0.06809398325710388,0.13888003529845638
1xn,bot,LPL,1,53,0.547,4,0.0,16,72.2,61.7,42.7,54.6,52.8,LNG Esports,481.5121951219512,359.9756097560976,10.585365853658537,878.3498433962264,0.3121738679245283,0.7547169811320755,1.4359415094339623,0.412577358490566,0.6738451446418191,0.18602759812745792,2.272727272727273,358.4620380952381,0.0,0.0,0.12289780077619662,-0.6278425132180072,-0.4498765432098766,10.683040935672514,2.1977690231790246,-0.4339622641509434,-0.5650436757833656,1.0778371934046613,0.3602629461466336,-0.7000299513302626,-0.021648635637711522,-0.11842150931581713
DICE,mid,LJL,15,53,0.792,3,0.0,19,74.2,59.3,46.6,49.6,63.0,FENNEL,783.4528301886793,736.377358490566,19.41509433962264,917.4037792452831,0.2834419245283019,0.8679245283018868,1.3239660377358489,0.2507679245283019,0.63344015414167,0.19214458669121903,0.0,590.3007188679245,0.0,0.0,0.12093987560469938,-0.2814159292035398,-0.33792463658734095,4.276815776815777,2.6098507150250914,-0.33962264150943394,-0.24718883236364073,1.271657656105529,0.2259134546310975,-0.4552391370904959,-0.28760750221680814,0.43174622883863634
Daemi,mid,LJL,15,62,0.565,11,0.091,18,74.0,59.4,50.6,47.7,52.8,Arneb,789.0322580645161,469.93548387096774,16.14516129032258,893.7863596774193,0.2979923064516129,0.9032258064516129,1.0910387096774194,0.18117258064516129,0.7437028010022886,0.18251071553933831,0.0,466.21110645161286,0.0,0.09090909090909091,0.224615667317718,-0.7175052575410402,-0.357810345708012,3.5360638163430735,2.286002286003429,-0.5,-0.3884889347501734,1.252430517223915,0.2314245631637108,-0.23459220533794026,-0.39433593354366275,-0.1177292744167431
Peyz,bot,LCK,1,151,0.636,24,0.167,26,74.4,58.6,49.1,53.0,68.2,T1,567.6622516556291,158.2251655629139,5.496688741721854,856.7090125827814,0.2909129735099338,1.0728476821192052,1.2679192052980133,0.3416112582781457,0.6808521060906938,0.17695486460626364,0.0,410.1547165562914,0.0,0.16666666666666666,0.24087657034442245,-0.38886527168639934,-0.08934480746681216,4.1150892402974675,2.1158499928050145,-0.2980132450331126,-0.25354462290851265,1.303405315441034,0.189751348220121,-0.3181687486435722,-0.10792405224912768,0.7652421432198678
Unkn0wn,bot,HLL,3,82,0.756,10,0.1,17,73.1,59.3,50.1,51.1,54.3,Valerion|WLGaming Esports,790.0731707317074,443.4878048780488,15.78048780487805,995.9325890243902,0.2973238780487805,1.5975609756097562,1.0573731707317073,0.24281951219512196,0.6162476527640042,0.17320075268633003,0.0,370.52558780487806,0.0,0.1,0.15936314680402716,-0.031110101124872256,-0.05786398552658908,2.073694460949363,1.877335943272391,-0.4024390243902439,-0.36648333287869556,1.1635768771894803,0.22860559753226445,-0.26346274495171873,-0.2051283555883307,-0.039110943766905576
Boda,top,PRM,3,77,0.597,12,0.167,22,68.8,63.5,64.0,48.7,64.2,Anubis Gaming|BK ROG Esports|Kaufland Hangry Knights,485.94805194805195,311.14285714285717,6.6103896103896105,814.8940506493507,0.26603383116883117,0.7922077922077922,1.3075701298701299,0.17555324675324674,0.5715484018005447,0.23738593097620475,0.0,1061.6605,0.0,0.16666666666666666,0.3942171870045259,1.3579207685356922,-0.21262067341652938,2.263551961665169,2.5071326821120348,-0.3246753246753247,-0.3616886617176846,0.8045119189982708,0.46310621484832254,0.4926607718885263,-0.3357216678765325,0.5026129864986664
Tarzan,jng,LPL,1,133,0.579,17,0.235,20,69.7,62.3,58.6,55.6,53.8,Anyone's Legend,176.73076923076923,185.4903846153846,2.6634615384615383,517.7002812030074,0.18803604812030075,0.3684210526315789,1.8141781954887217,0.35474135338345864,0.7563315678359392,0.19260142650885878,18.2,935.3296509259259,0.0,0.23529411764705882,0.3911022940547743,-0.26584918551548065,0.008595988538681845,3.982006102212052,1.7342199390482398,-0.42105263157894735,-0.3583107131149117,0.874720234347236,0.39384246722587046,0.19183677669545895,0.02984751504742374,-0.06194576998911314
Sayn,mid,AL,3,72,0.639,11,0.273,19,74.6,57.1,65.7,56.5,56.0,BK ROG Esports|FN Esports|Super Stars|Verdant,674.0833333333334,680.0416666666666,17.208333333333332,928.7593486111111,0.2785008611111111,0.9583333333333334,0.9708652777777778,0.15015277777777777,0.6181478656639174,0.16382963139222825,0.0,551.4095041666666,0.0,0.2727272727272727,0.3470252251652263,1.0943444780964824,-0.03427369021719738,4.133411119767724,2.2391714737574007,-0.4305555555555556,-0.368577789137382,1.3230370916620875,0.11195635554538094,0.5994036310500429,0.07881181022292076,0.05190007377269799
SkewMond,jng,LEC,1,128,0.656,18,0.389,19,69.4,62.1,70.7,50.0,58.0,G2 Esports,159.0546875,323.40625,5.421875,494.68450625,0.178838175,0.375,1.91407890625,0.4044828125,0.6950031332521269,0.16707620886664343,0.0,1176.00885390625,0.0,0.3888888888888889,0.4347792924177152,0.2665169736233126,-0.11053705108954798,2.8771459170493987,1.6793786053180502,-0.40625,-0.24526548757165367,0.8448328725650517,0.3820826125179603,0.952520890303948,-0.26592214082060195,0.15698312861879737
kPr,top,HLL,3,58,0.707,4,0.25,12,70.2,60.9,57.5,71.4,45.0,GOAL|Valerion,1046.844827586207,684.3275862068965,17.67241379310345,795.2458672413793,0.2528608965517241,0.4827586206896552,1.1940879310344827,0.15202758620689655,0.5198225476338978,0.18349991191363155,0.0,1022.4759344827587,0.0,0.25,0.2792754232545759,-0.10598342991841349,0.1696597930852672,17.204264870931535,1.5756771943166705,-0.5689655172413793,-0.4136661835935033,0.9102347617790479,0.31534046777143004,0.13314978580997094,1.0099976497635819,-0.555712478484327
Pecia,sup,LAS,3,44,0.182,19,0.053,15,69.3,61.3,53.9,49.4,60.6,HANJIN BRION Academy,235.3409090909091,273.3181818181818,0.6590909090909091,315.40674545454544,0.12391210909090909,0.022727272727272728,3.519222727272727,0.4071181818181818,0.7540534413917339,0.13383756422993778,0.0,332.50935000000004,0.0,0.05263157894736842,0.39912989932264314,0.0,-0.3507462686567163,2.395276292335116,2.2613350843332274,-0.36363636363636365,-0.24359824162209057,0.841383332089036,0.3378045567432321,-0.058643481611144355,-0.30023671123634477,0.3008104658574052
Viper,bot,LPL,1,173,0.717,9,0.333,25,64.9,65.5,63.6,52.1,63.2,Bilibili Gaming,74.53103448275863,208.69655172413792,3.6620689655172414,828.4098699421966,0.27982550289017344,0.6705202312138728,1.5874277456647399,0.3598364161849711,0.6612317578488847,0.18232047344806862,3.36,338.02524527027026,0.0,0.3333333333333333,0.3694805641554868,0.06653328863593959,0.01666890145060793,2.0072102816889883,1.9007148031742638,-0.35260115606936415,-0.22139971641588702,0.5498702881916017,0.5859756937524782,0.4716494582165255,-0.15253726320553998,0.44353533884473967
Yuki,bot,EBL,3,37,0.73,7,0.143,14,67.8,62.4,56.9,55.9,57.0,Croatian Flair|The Secret Club,629.0,217.0810810810811,11.783783783783784,1011.5581540540541,0.3211672162162162,1.5405405405405406,0.965681081081081,0.2542162162162162,0.716490157845993,0.16240982333935858,0.0,413.98319189189186,0.0,0.14285714285714285,0.42270684708928885,0.0,0.5339046670482166,0.0,2.301585822275002,-0.4864864864864865,-0.290936612602672,0.7354228062894368,0.4011315011737044,0.09945126312873749,0.045402172609771585,0.10595020305929442
Aloned,mid,LRS,3,54,0.667,7,0.143,16,67.4,62.6,51.1,58.8,51.7,9z Globant,259.64814814814815,174.14814814814815,9.685185185185185,948.0694222222222,0.29248631481481485,0.5925925925925926,1.3670092592592593,0.28434629629629626,0.6166290709007191,0.206110507310173,0.0,444.20476111111117,0.0,0.14285714285714285,0.23780050999874133,-0.5972561528531956,0.19716781885120083,3.302929505135387,2.1773242158072694,-0.5,-0.4186205535271978,0.7076731649385962,0.4124885395748285,-0.20665673246553218,0.20124150785189943,-0.1740285706512806
Ackerman,sup,CBLOL,15,91,0.615,7,0.0,17,62.7,67.1,49.5,65.7,55.1,LØS,93.06593406593407,173.4835164835165,0.3516483516483517,256.3585593406593,0.09076155824175823,0.02197802197802198,4.320268131868132,0.5268560439560439,0.7462919305338714,0.14890204759846895,0.0,490.0061296703297,0.0,0.0,0.24928379931060898,0.000248881063647671,-0.06028234962995176,8.647152194211019,1.7820842224272613,-0.32967032967032966,-0.359482487198901,0.41501902585882,0.6901057934037242,-0.2919483879605026,0.5958275012792748,0.004899812986434271
moe,jng,AL,3,78,0.538,16,0.062,24,70.6,58.6,49.6,56.4,68.6,BAAM Esports|Dragons Esports|Pyramid IV Esports,572.4230769230769,225.56410256410257,5.653846153846154,653.7278064102564,0.20248839871794871,0.6538461538461539,1.5807730769230768,0.3322217948717949,0.6995975017974323,0.22517346130435073,0.0,921.3560589743589,0.0,0.0625,0.2931105446823776,-0.4904916796826288,0.25911535176311223,1.4242424242424243,2.7174648819470297,-0.34615384615384615,-0.20684391259501728,0.9409135069360575,0.1927500240749051,-0.2861913389418121,0.07276855198707358,0.7914071578265849
Mercy9,mid,LES,3,77,0.701,4,0.5,19,68.9,60.3,73.3,56.5,57.3,Team Heretics Academy,514.8441558441558,531.4155844155844,15.233766233766234,794.7540987012987,0.26244053246753246,0.7402597402597403,1.1723675324675324,0.25623636363636365,0.6549221190306151,0.24726426210282912,0.0,609.7597181818181,0.0,0.5,0.5685725566203654,0.6552395634711347,0.014017142586541645,3.6561446443437924,2.1652509527331207,-0.35064935064935066,-0.4278270932444718,0.811887066988253,0.2840265434123324,1.1856502409197465,0.08091561714656985,0.11902079887277481
Ellim,jng,LJL,15,53,0.792,3,0.0,16,72.1,57.0,48.3,56.0,59.9,FENNEL,758.6981132075472,881.6603773584906,17.32075471698113,606.1219754716981,0.19008777358490567,0.9245283018867925,1.7349490566037735,0.340011320754717,0.6847118167782558,0.17948731282939387,0.0,923.3419547169811,0.0,0.0,0.14686462537178965,-0.04979631347557776,-0.11039981590006298,4.4929846715072435,2.1977690231790246,-0.4528301886792453,-0.21711105363613886,1.066578993944177,0.10333767322988649,-0.35845997604202795,0.051175607086967806,0.2625498747355317
Carim,jng,LAS,3,66,0.758,7,0.0,14,63.5,65.6,47.4,51.9,59.0,T1 Esports Academy|T1 Esports Academy Rookies,455.6969696969697,618.3636363636364,8.5,522.4909742424243,0.16201962575757578,0.4393939393939394,1.8403484848484848,0.32098939393939396,0.6825671600850531,0.1520867812368681,0.0,984.9710409090909,0.0,0.0,0.20662483583831898,-0.15247108307045226,-0.11925745359084945,3.000019354544369,1.7232808737106582,-0.4090909090909091,-0.15733576841382957,0.4626019371599238,0.591159918959537,-0.409956112522163,-0.16386376241730446,0.2111649726379471
Zeka,mid,LCK,1,135,0.63,14,0.143,21,68.0,60.9,56.9,57.2,52.2,Hanwha Life Esports,226.3037037037037,116.42962962962963,2.948148148148148,717.0874607407407,0.24251926296296294,0.762962962962963,1.3216474074074074,0.23913037037037038,0.6752556665659898,0.13652307224056032,0.0,458.70957703703704,0.0,0.14285714285714285,0.38486150546371933,0.22168975089685503,-0.010736127217712369,4.649914678515084,1.807392228230128,-0.362962962962963,-0.3240785182154601,0.7501886830493857,0.3132348982820566,0.0997697205617317,0.11546403437399026,-0.14755485303029164
Zoelys,sup,LFL,2,114,0.693,13,0.154,21,71.6,57.2,54.9,55.6,58.3,Galions,308.53508771929825,322.4122807017544,-2.4210526315789473,297.9531701754386,0.09343257982456141,0.017543859649122806,3.9041236842105267,0.4841394736842105,0.7565799503139358,0.22022858721838162,0.0,449.28093333333334,0.0,0.15384615384615385,0.3781934924962418,-0.20914444780734312,0.07430813090638966,2.979102989926968,1.9668302043215573,-0.3508771929824561,-0.3351470789056119,1.0226986154773423,0.11801495899198651,-0.006022568162162782,0.029108626045389316,0.17461619997044625
Zamudo,top,NACL,2,49,0.653,4,0.0,16,70.9,57.9,45.6,53.7,52.8,NRG,798.4081632653061,629.7142857142857,24.20408163265306,733.7033653061225,0.24814155102040816,0.3469387755102041,1.4897795918367347,0.15307755102040815,0.4967687086561249,0.22299071359853567,0.0,1255.3709591836734,0.0,0.0,0.3085526315789474,-0.8892392363698904,0.06621816434406544,3.647619047619047,2.2857142857142856,-0.4489795918367347,-0.5626243365724567,0.9652143916148651,0.15382851963972524,-0.5146529988242627,-0.06677810445166028,-0.11366708974464104
Nate,top,LRS,3,54,0.667,7,0.143,19,66.6,62.1,51.7,55.5,59.0,9z Globant,482.5925925925926,520.1851851851852,6.87037037037037,772.1426481481482,0.2350410925925926,0.9074074074074074,0.9806722222222222,0.1247,0.5579203519285867,0.13831758346526504,0.0,1277.0314907407408,0.0,0.14285714285714285,0.26970278926910757,-0.5492716752594727,0.035267093054679566,4.192022792022791,2.5855725062711326,-0.37037037037037035,-0.5250679002596921,0.6526997081632033,0.38135133217639033,-0.17601783594377873,0.028718507107809703,0.2147570643422449
uZent,sup,CBLOL,15,49,0.612,6,0.333,15,64.8,63.4,63.6,54.9,56.2,LOUD|RED Academy,212.51020408163265,174.91836734693877,2.2448979591836733,237.9150918367347,0.08561066530612245,0.08163265306122448,4.4146448979591835,0.5944408163265307,0.7387888363998121,0.1766705382750748,0.0,373.8067755102041,0.0,0.3333333333333333,0.46100851983204927,-0.4996835943679797,0.1235112219451373,1.3293075684380031,2.142857142857143,-0.3877551020408163,-0.41536839023218586,0.5388000823412158,0.4586538542916954,0.46664795654891045,-0.0037787371577681916,0.06452043651171206
FlickeR,bot,ROL,3,72,0.861,6,0.5,18,70.3,57.7,75.3,52.7,57.2,Frites Esports Club,623.4166666666666,439.52777777777777,9.11111111111111,954.6804472222221,0.2856991527777778,1.7222222222222223,1.0188930555555555,0.20586666666666667,0.6098469477444171,0.1579541538865921,0.0,339.1213222222222,0.0,0.5,0.9116990755498884,0.0,0.009563717032289915,2.3143382352941178,2.121320343559643,-0.4583333333333333,-0.26966890885788547,0.916702684799042,0.1415956079589077,1.4113856244445897,-0.1201573619095695,0.11802371057491048
Random,mid,AL,3,61,0.59,15,0.2,22,68.7,59.3,54.1,46.1,63.1,Disruptors|FN Esports,359.327868852459,375.60655737704917,10.967213114754099,893.4681229508197,0.27738809836065575,0.7704918032786885,0.961744262295082,0.15732459016393444,0.6796527398985579,0.18791705312957643,0.0,643.3836852459017,0.0,0.2,0.3664480690282072,-0.7780678440561749,-0.3116671546860878,0.9547872340425531,2.8168113585237116,-0.39344262295081966,-0.35533465148596505,0.7979399481393136,0.22591952322151979,-0.04642673124253201,-0.4885065340682555,0.4393403540446796
Zicssi,jng,LFL,2,96,0.708,9,0.333,18,71.0,57.0,71.4,49.9,57.0,Solary,251.35416666666666,383.65625,7.166666666666667,590.37979375,0.19163181250000003,0.65625,1.6462385416666667,0.3368479166666667,0.6670402587554184,0.17894614984013932,0.0,1048.6625395833332,0.0,0.3333333333333333,0.5321408194445969,0.07205116545885493,-0.14725888727255593,3.94327731092437,1.8371173070873836,-0.46875,-0.24553219090737038,0.9731876270087012,0.10737532811452645,1.007578755959633,-0.27252896486227773,0.10332212854428335
Rin,bot,PRM,3,114,0.658,18,0.111,19,66.2,61.6,48.9,62.8,58.3,G2 NORD,364.5438596491228,312.359649122807,8.491228070175438,893.2698982456141,0.288935149122807,0.9912280701754386,1.2188201754385966,0.28351140350877196,0.6085799868602116,0.1968019668703622,0.0,383.6971692982456,0.0,0.1111111111111111,0.20002649106872541,-0.40549529715581156,0.08115321111364154,6.770759153097979,1.7795130420052185,-0.3508771929824561,-0.24249695972978932,0.6278150249526294,0.35274670547402914,-0.3278809258030608,0.425470752894739,0.1768868318532653
Irrelevant,top,PRM,3,115,0.67,19,0.368,21,67.9,59.8,68.5,51.7,56.4,Berlin International Gaming,469.0,642.7391304347826,11.669565217391304,804.2821304347826,0.24470825217391307,0.26956521739130435,1.1582478260869564,0.12816695652173912,0.519249078493461,0.20251403925313605,0.0,1184.5934321739132,0.0,0.3684210526315789,0.5340731902537855,-0.20741365091685263,-0.2153555489860177,4.718638959236943,1.958260097304659,-0.4434782608695652,-0.25150240309647787,0.7401687129646364,0.2565172409234115,0.7838252691780672,-0.175148605776128,0.07605871455974297
Zest,top,CBLOL,15,91,0.615,7,0.0,25,66.6,61.0,49.0,60.1,64.8,LØS,531.2417582417582,338.9010989010989,13.241758241758241,727.2979263736264,0.2576691758241758,0.5164835164835165,1.2578373626373627,0.20350769230769233,0.5498802495563262,0.1995618917858537,0.0,929.521554945055,0.0,0.0,0.22081680780362312,-0.08971778040682347,0.08913603035147062,6.410198170623703,2.620712091804796,-0.32967032967032966,-0.39277159044317356,0.6541802257510663,0.3193410880264341,-0.3224851742260086,0.26945920899996345,0.5384802219585301
Rekkles,sup,LEC,1,21,0.524,8,0.625,8,65.5,62.0,70.6,56.1,47.3,Los Ratones|Witchcraft,150.71428571428572,666.5714285714286,9.142857142857142,244.30987142857143,0.09070932380952382,0.0,4.480414285714286,0.5682666666666667,0.7477645154900794,0.06048992280267399,0.0,293.57085714285716,0.0,0.625,1.1944444444444444,0.0,0.3977272727272727,0.0,1.7457431218879391,-0.5714285714285714,-0.3824824873678022,0.5855735838575149,0.37745726577184385,0.9419696494753853,0.059972641561853196,-0.41757761543961713
Chan,top,EBL,3,51,0.843,3,0.333,15,70.3,57.2,60.2,51.1,57.7,Partizan Sangal,946.3137254901961,858.4901960784314,21.45098039215686,820.820356862745,0.23003717647058824,0.6078431372549019,1.1877607843137254,0.13466666666666668,0.4803014303349682,0.19952917826331898,0.0,1042.9117450980393,0.0,0.3333333333333333,0.2583474534037676,0.0,-0.08106951556021198,1.8444444444444446,2.100420126042015,-0.47058823529411764,-0.18756575510127418,0.917187721994102,0.1144992164080679,0.27529078421402403,-0.20897076864430808,0.14235979219467623
Ivory,mid,LRN,3,24,0.875,0,0.0,15,67.8,59.6,49.5,52.0,63.4,Fuego,910.0416666666666,678.75,22.041666666666668,910.3625916666666,0.26797641666666666,0.6666666666666666,1.1632583333333333,0.222975,0.6257331654471804,0.16848063374095157,0.0,575.2721666666666,0.0,0.0,0.0,0.21260303778400783,0.02202129797066498,0.0,3.061862178478973,-0.4166666666666667,-0.1468294956528371,0.7356351126178791,0.24272816626713106,-0.29521035292704667,-0.1605539162591161,0.45560283421472125
SLT,top,HM,3,72,0.792,7,0.286,22,73.1,54.3,62.2,53.0,62.0,Nightbirds,1040.0555555555557,865.2361111111111,21.194444444444443,878.9351291666667,0.24672393055555558,0.4305555555555556,1.0694194444444445,0.10855694444444446,0.4589377340260847,0.20039903425437294,0.0,1297.32,0.0,0.2857142857142857,0.49860048185941047,-0.48667508873247906,0.12348023841357524,1.2792670292670292,2.5927248643506746,-0.4027777777777778,-0.36113029127139445,1.16550197360274,-0.03641782548413361,0.38750033970611697,-0.10314261284718888,0.37517028873228986
Markoon,jng,PRM,3,114,0.658,18,0.111,21,61.7,65.6,51.4,65.8,60.9,G2 NORD,298.5964912280702,279.4824561403509,3.675438596491228,546.6820385964912,0.1731015096491228,0.38596491228070173,1.5097684210526314,0.27452280701754384,0.6994112845883286,0.13370119391573407,0.0,1138.8388675438596,0.0,0.1111111111111111,0.2222727025888014,-0.22758780202250461,0.1964100827325946,7.359533291097917,1.9668302043215573,-0.35964912280701755,-0.28723880764177706,0.3631404089319906,0.5913022204034205,-0.19299084756577545,0.6002932390034403,0.3150813116568954
Oleg,jng,NL,3,42,0.81,3,0.0,19,70.3,56.8,49.2,54.7,66.2,Karmine Corp Blue Stars,683.5238095238095,1056.857142857143,19.238095238095237,587.1904428571428,0.18089401666666666,0.6904761904761905,1.4465142857142856,0.20824285714285715,0.6726630887264936,0.17496518499956265,0.0,1312.2986452380953,0.0,0.0,0.1794128152010858,0.03809998232392209,0.01593750000000004,3.144562916266041,2.931763649279746,-0.35714285714285715,-0.24819051930852862,0.9170366041650512,0.09520292831335553,-0.31094969868275835,-0.01832269746733125,0.6313029316403317
APP,top,LIT,3,59,0.814,8,0.25,14,69.5,57.5,58.2,50.6,50.6,HMBLE,886.3898305084746,766.5254237288135,16.54237288135593,798.488354237288,0.22971469491525423,0.5932203389830508,1.1879440677966102,0.08440169491525425,0.48775386038264495,0.17434742667282996,0.0,1191.2400898305084,0.0,0.25,0.28979748782363496,0.0,0.06148503815484862,0.0,1.8226447537315342,-0.4915254237288136,-0.37202570352240744,0.8589187549435853,0.13183545927751164,0.17040767081822403,-0.23182693349827668,-0.23633912937779133
xyno,top,CBLOL,15,79,0.57,20,0.25,18,56.9,70.1,68.8,59.1,56.2,LOUD,278.67088607594934,273.4810126582278,6.0886075949367084,595.0740025316455,0.23040037974683542,0.3670886075949367,1.3616341772151899,0.21208354430379747,0.5980789588310746,0.14512008892937517,0.0,1520.3692696202531,0.0,0.25,0.6290298890568407,0.17450068093844895,-0.028066433525401016,7.261904761904762,2.025158221666843,-0.45569620253164556,-0.3373090969825079,0.09930935651927592,0.900567842710582,0.8011275381988617,0.21536396805449284,0.06460892026947734
Fresskowy,mid,LES,3,73,0.699,4,0.25,17,64.7,62.3,56.5,54.1,56.0,Movistar KOI Fénix,488.7260273972603,381.4109589041096,13.63013698630137,747.2591191780822,0.2409788904109589,0.726027397260274,1.2316890410958905,0.18506712328767122,0.5931945242979285,0.13111530247875955,0.0,438.5394602739726,0.0,0.25,0.18622682821928638,-0.13095039561213323,-0.009763255984345047,2.6684486900173177,1.9896995023342199,-0.3561643835616438,-0.38894475270354145,0.5344544223781509,0.3948961005791223,0.07899407371072639,-0.045456303485009904,0.05390622385897047
Kanavi,jng,LCK,1,135,0.63,14,0.143,20,70.7,56.2,58.1,50.4,52.0,Hanwha Life Esports,149.71851851851852,115.25185185185185,1.8222222222222222,554.5559355555556,0.18552818222222223,0.4148148148148148,1.8911733333333334,0.4451962962962963,0.7229725317197077,0.2576235131707195,0.0,1056.7040866666669,0.0,0.14285714285714285,0.4421344583014429,-0.07193153272334785,-0.1155485334713239,3.235913286021086,1.721325931647741,-0.45925925925925926,-0.3436664712738019,0.9501236163231398,0.06494055925579621,0.16137407023393996,-0.24224558139768582,-0.15743842701036403
Rhilech,jng,LEC,1,77,0.519,12,0.167,17,67.4,59.5,47.8,49.3,61.7,Natus Vincere,232.35064935064935,132.32467532467533,2.6233766233766236,473.97305584415585,0.18569864935064934,0.5324675324675324,1.7506961038961038,0.3931181818181818,0.7449501535782965,0.18282962101560704,0.0,999.4098805194806,0.0,0.16666666666666666,0.3294938712504742,-0.8986478977588443,-0.08877066995623707,1.5862068965517244,1.937329799813845,-0.3246753246753247,-0.34981718424741887,0.7052831278246667,0.2417352011129599,-0.38719993974947375,-0.3045139627065174,0.3581142206990975
DuDu,top,LCK,1,120,0.392,27,0.0,21,67.1,59.7,49.7,59.1,50.8,DN SOOPers,192.76666666666668,160.05,4.183333333333334,644.1955708333334,0.24283858333333336,0.3,1.3930608333333334,0.20607583333333332,0.49249393270271474,0.17022838906210938,0.0,1140.9411908333334,0.0,0.0,0.2951096852778795,0.5077916102291564,0.022135673607865468,5.793695680228024,1.9170289512680814,-0.36666666666666664,-0.46218986398246964,0.6874533271696637,0.24845201325626362,-0.282646190174667,0.2156159525423676,-0.22340020447104716
Sharvel,jng,LCKC,2,118,0.619,24,0.208,19,63.6,63.1,62.0,54.4,60.1,DN SOOPers|Dplus Kia|Dplus Kia Challengers,131.11016949152543,163.38983050847457,3.906779661016949,535.168229661017,0.1852229415254237,0.4322033898305085,1.8176610169491527,0.38847288135593216,0.7181962185972235,0.19412271345216278,0.0,1034.8008423728813,0.0,0.20833333333333334,0.31975120723625766,0.23357109066055412,0.06804432519474414,3.689409466627209,1.7490917740068144,-0.3813559322033898,-0.2648658149550224,0.46860667079251395,0.4426140647589214,0.37690276856338895,-0.03364063385473992,0.27417045144329577
Career,sup,LCK,1,146,0.555,19,0.211,24,67.2,59.4,58.2,55.2,63.2,Dplus Kia,80.52739726027397,201.93150684931507,3.184931506849315,233.92308767123288,0.0853808808219178,0.0273972602739726,4.218139726027397,0.5112349315068493,0.7493717887833934,0.18669614786202865,0.0,396.32048561643836,0.0,0.21052631578947367,0.42225415442385955,-0.15497836890268435,-0.011785503830288807,3.872619564887449,1.986254132645683,-0.3356164383561644,-0.17515765087688967,0.6920062282357328,0.23344607963694003,0.1695885448608304,0.01076362358667203,0.4450697626774967
Attila,sup,LES,3,37,0.459,12,0.083,19,65.0,61.6,51.5,53.9,63.2,GIANTX iTero,141.3783783783784,434.86486486486484,7.513513513513513,256.64208918918916,0.09019645405405405,0.02702702702702703,3.431481081081081,0.4998378378378378,0.7541049806392156,0.16459330338486347,0.0,554.6210756756757,0.0,0.08333333333333333,0.167314499601985,0.0,-0.06909833330061452,3.1666666666666665,3.1235807588017885,-0.35135135135135137,-0.5255247035134264,0.5564877015749283,0.3544909002042005,-0.18421838006799832,-0.05861646966963822,0.44827091131756025
Scenari0,bot,LRN,3,58,0.517,11,0.091,14,61.4,65.2,60.3,50.4,49.5,G3V E-sports|Golden Lions,440.3448275862069,262.62068965517244,7.689655172413793,792.1598155172413,0.28785689655172414,0.9310344827586207,1.2470913793103449,0.24195689655172414,0.6727001194710129,0.14318896470821957,0.0,323.9138448275862,0.0,0.09090909090909091,0.5648146171743259,0.46194861851672314,-0.16612154864227582,2.175291953287474,1.8382900600361156,-0.4827586206896552,-0.4579718518286716,0.3417306440656524,0.5636047278090821,0.2799974012857449,-0.24651515667234833,-0.2921853310769124
Grizzly,jng,LCKC,2,44,0.477,7,0.0,18,58.6,67.9,44.7,54.5,64.9,BNK FEARX|BNK FEARX Youth|Ultra Prime,219.3658536585366,103.60975609756098,2.1463414634146343,483.5822090909091,0.17994415454545454,0.4090909090909091,1.8751613636363635,0.44037045454545454,0.7497011919445324,0.18923247976738444,16.333333333333332,967.9784365853658,0.0,0.0,0.20216799452155465,-0.8332730186630822,0.2751025190392501,1.0,2.7136021011998728,-0.4090909090909091,-0.37083752176145246,0.1913909764484137,0.739687007846094,-0.5717635576945701,-0.024169586234874696,0.5479776788115946
Kania,jng,LJL,15,62,0.565,11,0.091,15,68.0,58.5,49.1,53.2,53.3,Arneb,437.2258064516129,327.30645161290323,3.6774193548387095,630.9478129032258,0.2095140322580645,0.7258064516129032,1.6876629032258064,0.3541290322580645,0.7781202663534058,0.23366632640039728,0.0,915.7928741935483,0.0,0.09090909090909091,0.27045095904745026,-0.6553381190717343,-0.2532320129510327,4.550976430976431,1.9050019050028575,-0.41935483870967744,-0.3928003570360661,0.74765518290583,0.18534546962439533,-0.3146636327425236,-0.09374191091239589,-0.09197068364657793
Shourdy,top,AL,3,76,0.474,19,0.105,18,67.5,58.8,58.8,61.8,50.5,Gamespace Mediterranean College Esports|GnG Amazigh|Senshi eSports,411.85526315789474,341.5131578947368,5.7894736842105265,862.956855263158,0.27451040789473685,0.39473684210526316,1.2240986842105261,0.11225131578947369,0.5284231730602367,0.23985341122921336,0.0,1583.445747368421,0.0,0.10526315789473684,0.23756025043223133,1.4911508007189465,0.3954631022728102,4.301857585139319,2.0647416048350555,-0.5394736842105263,-0.3821568101240431,0.7168458913983344,0.20251840560439516,0.20267120619747087,0.3653536958523655,-0.23782240153257145
Looki,bot,LFL,2,64,0.688,5,0.0,17,68.5,57.8,46.1,48.9,52.3,Karmine Corp Blue|Karmine Corp Blue Stars,172.890625,425.515625,5.609375,952.98350625,0.298296859375,1.21875,1.1040140625000001,0.2515203125,0.6467892274166496,0.13802240929778595,0.0,313.99374375,0.0,0.0,0.21703611695012426,-0.05518650119298967,-0.23563979473597088,5.8409827015090166,2.125,-0.53125,-0.3086941511196805,0.7808209952879314,0.14945309438342022,-0.4874974044523117,-0.32932518743670386,-0.14477605966283233
Croco,jng,LPL,1,39,0.692,1,0.0,14,64.4,61.8,41.2,57.2,58.7,LNG Esports,263.42424242424244,343.72727272727275,4.9393939393939394,505.362841025641,0.16946986153846152,0.2564102564102564,1.957302564102564,0.4211974358974359,0.7575455439896749,0.22068172386799836,15.666666666666666,1006.8397151515151,0.0,0.0,0.027055590784189388,-0.8548743616453671,-0.10320704688160852,7.420695010677539,2.24179415327122,-0.5128205128205128,-0.26515124756295066,0.5157379565566886,0.3652367134699279,-0.8038086696218321,0.11740943000573852,0.19690885989580809
Telas,sup,CD,2,42,0.81,1,0.0,14,67.9,58.3,47.5,48.4,58.7,Estral Esports,394.6666666666667,380.7142857142857,4.666666666666667,264.3434738095238,0.08180410476190476,0.0,4.101542857142857,0.49038333333333334,0.721931376444994,0.18421847985094336,0.0,461.2511857142857,0.0,0.0,0.08558754457684613,0.0,-0.1860977721798001,0.0,2.1602468994692865,-0.38095238095238093,-0.3298401362804269,0.7382508823355907,0.174248714508404,-0.40389840832929197,-0.35547778646718436,0.19614211056750078
alix,mid,HLL,3,67,0.582,13,0.077,17,69.7,56.4,48.3,59.0,53.7,Bushido Wildcats|Gamespace Mediterranean College Esports|Team Insidious,666.4179104477612,345.05970149253733,13.343283582089553,817.0108373134328,0.27394667164179104,0.8656716417910447,1.0419029850746269,0.20096268656716418,0.6431708899852693,0.21947149761266962,0.0,475.86351641791043,0.0,0.07692307692307693,0.22246883466400452,-0.5302853214162943,0.0326113671713964,4.830735713088655,2.0768805540571886,-0.3880597014925373,-0.47311734443534764,0.8689206337339994,0.07392382756854786,-0.358712194532616,0.21071282615433057,-0.06835131674902162
Avarice,bot,NL,3,49,0.612,7,0.0,20,63.0,63.1,47.4,57.0,64.2,Project Conquerors,602.3673469387755,168.83673469387756,8.26530612244898,874.3302734693877,0.29380628571428574,0.8571428571428571,0.9235510204081632,0.23058979591836734,0.7299040515162181,0.1390538443879293,0.0,312.0970836734694,0.0,0.0,0.31161219011526925,-0.77234042990044,0.0027999705369637284,4.926545036619299,2.857142857142857,-0.3469387755102041,-0.39565029075936287,0.433809995343696,0.43926296221084055,-0.4098367653141103,0.10729025632021089,0.50561810955637
Pleata,sup,LCKC,2,125,0.52,17,0.0,19,64.2,61.8,46.0,52.7,52.5,Nongshim Esports Academy|Nongshim RedForce,144.24,193.688,2.704,238.32207920000002,0.083617156,0.024,4.3051944,0.5063848,0.705835405125104,0.17437464588154436,0.0,439.74518079999996,0.0,0.0,0.271297572329401,-0.18807066746637416,-0.09876437512803884,3.060990054573858,1.6994116628998401,-0.36,-0.3328033535328224,0.50541822108368,0.3672366349478184,-0.4933417776082824,-0.11920038429301541,-0.131676999105729
Caps,mid,LEC,1,128,0.656,18,0.389,21,70.1,55.9,71.4,51.4,58.2,G2 Esports,294.828125,332.296875,7.3671875,698.89122109375,0.25177398671875,0.4609375,1.3316203125,0.2636796875,0.6471680194385704,0.18854230806105018,0.0,527.3464421875,0.0,0.3888888888888889,0.6289561317703908,0.3884103853376165,-0.18669985025204058,4.045228934412821,1.8561553006146871,-0.296875,-0.297714289560272,0.9017042962201485,0.04552224540256248,1.0031795570608646,-0.19329555046055116,0.1709139819414452
SAJATOR,mid,PRM,3,54,0.463,8,0.125,20,61.8,64.2,49.4,45.8,61.7,TeamOrangeGaming,423.7962962962963,219.75925925925927,7.074074074074074,782.3982092592591,0.2673036851851852,0.4074074074074074,1.3256296296296297,0.26225185185185185,0.6322122948539042,0.1829399291459359,0.0,523.292612962963,0.0,0.125,0.23742304309586632,-0.8360027701239189,-0.39441037735849055,1.333333333333333,2.721655269759087,-0.3148148148148148,-0.5074806713223745,0.3663123579141826,0.5034452685465505,-0.29844862780124015,-0.5026549649820794,0.36087460426561313
Lilipp,sup,PRM,3,54,0.463,8,0.125,22,63.6,62.3,53.7,52.6,62.8,TeamOrangeGaming,234.35185185185185,35.629629629629626,-1.0,267.91588148148145,0.09388983518518518,0.09259259259259259,4.179003703703704,0.47924074074074074,0.749854511738316,0.23822615654681734,0.0,507.31804074074074,0.0,0.125,0.36259197528354814,-0.4842884833695006,-0.2744381243978726,4.375,2.9938207967349952,-0.35185185185185186,-0.574268108908665,0.46879640873347245,0.3957095056959457,-0.06991992344837591,-0.12429961283399302,0.4238390254898347
Brance,bot,CD,2,42,0.81,1,0.0,15,69.6,56.3,46.1,47.5,59.0,Estral Esports,978.5952380952381,400.3095238095238,15.738095238095237,912.7866119047619,0.2862824523809524,0.9285714285714286,1.271897619047619,0.28754761904761905,0.6366030503347884,0.20575133644019092,0.0,387.5827738095238,0.0,0.0,0.12797170056702908,0.0,-0.10113244707040873,0.0,2.3145502494313788,-0.38095238095238093,-0.3309587744214937,0.865122933295782,0.06701631925019026,-0.48441950099559955,-0.4071823597830784,0.2105949449489507
Hype,bot,TCL,15,56,0.607,10,0.3,18,64.2,61.6,63.8,42.4,56.3,Misa Esports|Team Heretics,528.6785714285714,353.5357142857143,9.571428571428571,803.063975,0.28197323214285713,0.9285714285714286,1.3109125000000001,0.28545000000000004,0.6625689808626881,0.14929990935768248,0.0,357.56829821428573,0.0,0.3,0.3117951753736865,0.01408565380231224,-0.5321443103214432,1.7767612059849502,2.4053511772118195,-0.42857142857142855,-0.4770235781813233,0.5021900833553113,0.3556778037347065,0.48333880619321273,-0.718653885447725,0.06925343090522243
Quid,mid,LCS,1,90,0.622,10,0.1,19,70.0,55.8,49.4,59.3,55.4,Team Liquid,268.8333333333333,162.1888888888889,2.3222222222222224,744.7248822222223,0.2680319666666667,0.6333333333333333,1.2550155555555556,0.2385777777777778,0.6970190631338413,0.21227939187394365,0.0,561.99053,0.0,0.1,0.2854777672658467,-0.19783245980278946,0.0913138032493284,4.6400966183574885,2.0027758514399734,-0.4111111111111111,-0.23672861359423508,0.897754027544504,0.04169079282593796,-0.29823922483887055,0.23084094251541792,0.019609284081354067
PowerOfEvil,mid,PRM,3,101,0.574,23,0.261,20,61.7,63.9,58.7,52.1,51.9,Eintracht Spandau,214.15841584158414,120.85148514851485,1.504950495049505,817.4229386138613,0.2685662475247525,0.504950495049505,1.122857425742574,0.18201881188118813,0.6468110198440378,0.13556693839401704,0.0,417.51981584158415,0.0,0.2608695652173913,0.34041966023588927,-0.35404067722825683,-0.26643073198317224,4.305017348551831,1.9900743804199783,-0.44554455445544555,-0.3895683463773182,0.36143597755365464,0.48481686641039123,0.19518520297631256,-0.1540004975911589,-0.1624753623147178
Kamiloo,mid,LFL,2,82,0.537,13,0.077,19,61.6,63.8,49.6,64.1,56.0,Karmine Corp Blue,171.73170731707316,0.4024390243902439,5.280487804878049,809.0398768292683,0.2688061829268293,0.5975609756097561,1.5859560975609754,0.27870243902439024,0.6253224826019237,0.17381328557537112,0.0,453.3789146341464,0.0,0.07692307692307693,0.24720938297174946,-0.2718540797516251,0.40301089382872085,4.178571428571429,2.0981989954220843,-0.3780487804878049,-0.4002962365698579,0.3574143422304921,0.48271510448250665,-0.2877343945592607,0.5010601214146957,0.05069306570825209
Kaiser,sup,PRM,3,111,0.667,19,0.368,19,63.9,61.4,68.1,60.4,52.7,Berlin International Gaming,107.38738738738739,92.28828828828829,0.6576576576576577,286.69764054054053,0.08678523423423423,0.04504504504504504,3.7816513513513517,0.4057441441441441,0.7330348411837745,0.1932755363987104,0.0,496.23384054054054,0.0,0.3684210526315789,0.4489948646653126,0.009689864303512912,-0.01045392582425408,6.417816763507265,1.8034001919297482,-0.43243243243243246,-0.3060466429866746,0.485577450650961,0.34587127692843733,0.7553027876133511,0.2888551373577857,-0.11893815627191871
Legolas,bot,LES,3,68,0.485,21,0.19,17,66.5,58.7,53.6,59.0,53.4,Barça eSports,469.22058823529414,269.47058823529414,6.5588235294117645,909.5801323529412,0.30483075000000004,1.25,1.0201029411764706,0.2556514705882353,0.6521906911214975,0.217382373712827,0.0,446.7806735294118,0.0,0.19047619047619047,0.35101780871002586,-0.8852860544830093,-0.4179891625087182,9.228174603174601,2.0615528128088303,-0.36764705882352944,-0.5485670686027474,0.6506008625396987,0.19398220220929258,-0.07523249619640027,0.21160297563413083,-0.08530515898168047
Bwipo,top,CD,2,26,0.846,2,0.0,18,70.9,54.3,56.0,55.9,66.3,Estral Esports|Witchcraft,799.8076923076923,909.9615384615385,17.46153846153846,810.093426923077,0.2676398461538462,0.6538461538461539,1.1945999999999999,0.13851538461538462,0.5465233916084925,0.25970941956942767,0.0,1363.5443307692308,0.0,0.0,0.5666879862892058,0.0,0.9141711738176289,0.0,3.530090432487313,-0.34615384615384615,-0.33084097816444874,0.9635064882445593,-0.03546659050697079,0.053197639190312646,0.04917022927454559,0.635841928805032
Lucid,jng,LCK,1,145,0.559,18,0.222,19,67.9,57.1,63.8,50.9,48.0,Dplus Kia|Dplus Kia Challengers,154.46206896551723,352.09655172413795,6.758620689655173,481.4959386206896,0.17313128620689655,0.27586206896551724,1.9029779310344828,0.42336620689655174,0.7140704795513826,0.23199009228712358,0.0,1050.6681772413795,0.0,0.2222222222222222,0.43840248344141725,0.1209387586365974,-0.1106951170495217,3.4716810463886585,1.5778641172210595,-0.496551724137931,-0.3289669765133003,0.7394762711550622,0.1108854633100212,0.4787006489223901,-0.21496240836101715,-0.37571379116824305
Mishi,bot,NLC,2,59,0.746,5,0.2,18,68.0,57.0,63.1,56.6,58.2,Verdant,631.8644067796611,286.22033898305085,5.898305084745763,912.1754644067797,0.2784419322033898,1.2542372881355932,1.2611406779661019,0.3120762711864407,0.6421611626317104,0.21422967555526087,0.0,400.5111745762712,0.0,0.2,0.24394883256455369,1.9079307201458522,0.1280429500744572,5.241532202496151,2.34340039765483,-0.423728813559322,-0.3382882467402369,0.7459253969748002,0.10300293437542701,0.43882634454736424,0.08379767451302213,0.16934361615223018
Cryo,mid,LJL,15,37,0.568,13,0.231,13,67.5,57.5,60.7,51.6,51.0,NOVEX,487.18918918918916,385.5405405405405,9.135135135135135,857.8426135135135,0.29209635135135137,0.7837837837837838,1.1923405405405405,0.20661621621621623,0.6552900889153779,0.17818528081892454,0.0,506.3364702702703,0.0,0.23076923076923078,0.3162695190424827,0.0,-0.4207527597578535,6.491647812971341,2.137186834969645,-0.6216216216216216,-0.2842218111888598,0.7131061564230513,0.13331115169147623,0.30578863341417883,-0.17795082424276187,-0.20945273827958136
Savero,jng,HM,3,49,0.796,3,0.333,15,70.8,54.2,62.5,58.5,57.0,Nightbirds,666.3877551020408,779.8163265306123,11.83673469387755,626.9229510204082,0.16957051632653058,0.9183673469387755,1.2629122448979593,0.19291836734693876,0.6451681988377637,0.13559211021943018,0.0,1030.684687755102,0.0,0.3333333333333333,0.459466857698647,-0.7888246067473427,-0.019408290111020594,6.394805194805195,2.142857142857143,-0.46938775510204084,-0.3185270122933657,0.9533958105598703,-0.04386770394340295,0.40305892717119024,0.18561356961060402,0.10386630031396867
j1n5,jng,VCS,15,40,0.7,8,0.125,12,63.6,61.3,58.0,55.6,50.0,Saigon Warriors,248.75,444.55,6.9,609.5202325,0.18807725250000001,0.575,1.82864,0.39334250000000004,0.7392865425382773,0.18093837004254038,0.0,1082.7393325,0.0,0.125,0.2549986520954731,0.45749577344021747,-0.004869473225676051,3.1325516068236454,1.8973665961010275,-0.525,-0.3965002465036921,0.46821307869609197,0.33961803122757567,0.15820499923406764,0.03013199059341168,-0.2689067581846379
Keii,top,LRN,3,54,0.648,3,0.0,18,67.9,57.0,47.0,60.9,56.8,Maryville University|Zeu5 Esports,840.2962962962963,757.074074074074,20.166666666666668,763.99635,0.23500953333333335,0.42592592592592593,1.2796796296296296,0.11613703703703704,0.4785035024386901,0.22187032264872858,0.0,1285.1809722222224,0.0,0.0,0.2066873964825504,-0.2325366489251733,0.4009484964297567,4.207142857142857,2.449489742783178,-0.42592592592592593,-0.476212316925372,0.7437625597924985,0.10331545218637965,-0.4338504041235328,0.31541891781532005,0.09581526959723663
Elative,jng,LJL,15,59,0.525,18,0.111,17,72.2,52.6,57.3,54.5,56.7,Uwinks,511.8305084745763,702.9491525423729,15.135593220338983,637.9916813559322,0.22716574576271187,0.7966101694915254,1.5757152542372883,0.2469864406779661,0.676851562127168,0.19555511899597391,0.0,983.0802440677967,0.0,0.1111111111111111,0.2822465474399176,0.2654633948489149,-0.41987459026521007,7.088319098411603,2.213211486674006,-0.4067796610169492,-0.4720834060648949,1.0735014537162608,-0.1262488063633263,0.11913557576300145,-0.027507358154338912,0.0913723533094985
Click,sup,LIT,3,59,0.814,8,0.25,18,69.0,55.8,60.8,50.1,60.8,HMBLE,263.1186440677966,253.66101694915255,1.6271186440677967,316.6842389830509,0.09123850847457628,0.05084745762711865,3.6844254237288134,0.3786186440677966,0.7157407046667539,0.22919784678370986,0.0,517.2287423728814,0.0,0.25,0.3904739207408416,0.0,0.020286212264614373,0.0,2.34340039765483,-0.3559322033898305,-0.33724555830975883,0.8197026349819685,0.04059368324044316,0.3111767543090638,-0.26106958188878426,0.309811743825501
Janus,top,LCKC,2,124,0.556,15,0.0,20,62.5,62.1,50.3,52.5,46.6,Nongshim Esports Academy,225.9758064516129,248.41129032258064,4.798387096774194,669.8707379032259,0.2292783306451613,0.3870967741935484,1.4720024193548387,0.17941854838709678,0.5016755886870506,0.2026666173121619,0.0,1157.426841935484,0.0,0.0,0.3785204720024553,-0.07869027725960946,-0.27144944846964436,5.574798321721519,1.7960530202677492,-0.5161290322580645,-0.3635148202455157,0.40422675181323103,0.3853735443805482,-0.2473811318263653,-0.1328899834775336,-0.4598896666759538
Thayger,jng,LFL,2,114,0.693,13,0.154,18,67.2,57.3,55.4,57.2,60.6,Galions,290.1842105263158,447.7719298245614,9.078947368421053,542.5888587719298,0.17060635350877193,0.4298245614035088,1.6899061403508773,0.3553798245614035,0.6523615849973703,0.17001260678717858,0.0,983.1639192982456,0.0,0.15384615384615385,0.25222846643409846,0.0493816931182703,0.12241081627157549,4.44826063069238,1.6858544608470492,-0.35964912280701755,-0.2557457573477821,0.6934305768543882,0.12279303853706791,0.02352510587559562,0.11342561761752196,0.299739317353666
Gecko,top,LJL,15,52,0.442,15,0.0,12,62.8,61.7,50.4,46.3,47.4,RAYN Clocks,388.63461538461536,284.13461538461536,3.1346153846153846,712.0194846153846,0.24534092307692307,0.7307692307692307,1.2881326923076923,0.17376153846153847,0.5622662584886445,0.16973813528817105,0.0,1021.4260076923076,0.0,0.0,0.20945462825913694,0.0,-0.41080720480320204,2.0760286225402504,1.6641005886756874,-0.5384615384615384,-0.5516597342188186,0.4223329587790485,0.3608873722859789,-0.24273759626034286,-0.4740197381284623,-0.41189761082533083
Vox,bot,LJL,15,25,0.52,5,0.0,9,66.0,58.5,54.5,58.0,48.9,VARREL YOUTH,618.96,201.16,10.0,1028.549988,0.32677219999999996,1.12,1.08726,0.33142000000000005,0.688272842802591,0.18094041630883737,0.0,392.75004800000005,0.0,0.0,0.4473794549266248,0.0,0.42096830629270215,1.6669734904270985,1.8,-0.56,-0.4184547401533285,0.6181361928917138,0.1839676848512661,-0.024596231685268907,0.16040083525139792,-0.3252735758817127
AlluK,jng,LRS,3,51,0.549,9,0.111,18,65.2,59.3,57.3,50.7,58.5,Docta Esports|Malvinas Gaming,253.09803921568627,408.98039215686276,8.686274509803921,589.1003392156863,0.19198329411764706,0.6274509803921569,1.6595098039215688,0.3150627450980392,0.714651726713955,0.24668337146175282,0.0,1210.1631627450981,0.0,0.1111111111111111,0.35242834217064545,0.2201312579199214,-0.3196689543277756,4.247670807453416,2.5205041512504174,-0.37254901960784315,-0.5410876210019372,0.5647166466927719,0.229730488111974,0.1234744310583196,-0.22580265541537997,0.1843557582136436
OddEye,bot,LCKC,2,81,0.383,15,0.0,18,56.5,67.9,45.1,65.7,54.5,HANJIN BRION Challengers,-4.333333333333333,4.012345679012346,-0.38271604938271603,779.4215209876543,0.2972498024691358,1.1111111111111112,1.4208987654320988,0.34439876543209874,0.7149827338411698,0.17646705524384632,0.0,378.1131234567901,0.0,0.0,0.1980961757639643,0.0,0.7404189379798094,0.0,2.0,-0.35802469135802467,-0.4073124675031722,0.07814315051364171,0.7384564968132981,-0.5462423318366374,0.5982803227006961,-0.02619060494827017
Pyeonsik,bot,LCKC,2,98,0.378,30,0.167,17,59.5,64.9,55.0,57.3,48.6,Hanwha Life Esports|Hanwha Life Esports Challengers,145.27551020408163,131.76530612244898,4.714285714285714,778.660174489796,0.29429278571428574,0.9183673469387755,1.2647132653061224,0.32015,0.6731962199240072,0.14705314839738745,0.0,345.1403959183674,0.0,0.16666666666666666,0.4380566186455969,-0.7819818227821665,-0.20151005510627648,12.694444444444445,1.7172593257387583,-0.41836734693877553,-0.3807828530086199,0.23837755109538986,0.5500423244770174,-0.0025490705153188714,0.12015521956343278,-0.34283988168690815
Afriibi,bot,NLC,2,36,0.722,1,0.0,17,70.8,53.6,46.3,59.5,59.4,CITA Kaizen|E WIE EINFACH E-SPORTS|Ruddy Corporation,836.6388888888889,316.30555555555554,8.0,996.033975,0.3045564444444444,1.6944444444444444,1.0759527777777778,0.25293055555555555,0.6594193405171344,0.22433955524711827,0.0,439.92433611111113,0.0,0.0,0.14409786891995216,-0.2668458945610445,0.4910386420563701,1.3272052894694404,2.8333333333333335,-0.4444444444444444,-0.43160269075662566,0.9581947628682199,-0.07562938132404004,-0.4777115752829382,0.2371409092042611,0.2343407553153279
Berserker,bot,LCS,1,106,0.642,16,0.25,24,70.6,53.8,61.3,69.3,62.7,LYON,455.92452830188677,198.53773584905662,8.10377358490566,810.4824905660378,0.3012995037735849,0.7264150943396226,1.1708575471698113,0.27827169811320757,0.6546372211495536,0.14528935984333782,0.0,339.48338396226416,0.0,0.25,0.54273717273548,-0.2725035983613615,0.3229379731704079,7.926368199701533,2.331086069657434,-0.4056603773584906,-0.36786796144287043,0.9448754286120354,-0.06167084776368498,0.33758318378865176,0.8433172024646586,0.41594633167503675
Skyy,mid,LRN,3,50,0.8,2,0.0,21,64.9,59.4,46.7,63.0,64.6,Fuego|SDM Tigres,523.34,383.18,10.96,767.2358939999999,0.24964518000000002,0.86,1.077026,0.191192,0.6706832047174893,0.19345191660815692,0.0,480.517412,0.0,0.0,0.15022626291648283,-0.286180543461907,0.24546044346067225,5.616822429906541,2.9698484809834995,-0.4,-0.29030369562295577,0.5461125797633799,0.2327705239517735,-0.45245556756559707,0.4364818426154452,0.5290861231815778
Thanatos,top,LCS,1,83,0.578,12,0.167,20,65.4,58.8,63.9,56.7,53.4,Cloud9,339.5903614457831,286.13253012048193,12.313253012048193,597.2825228915663,0.22114947590361447,0.25301204819277107,1.3412578313253012,0.18064698795180723,0.5363008474775045,0.18269588405071382,0.0,1144.7790361445784,0.0,0.16666666666666666,0.6777768082088182,0.14306765312904493,0.07265827722010657,4.169472502805836,2.195285199793807,-0.4457831325301205,-0.37477104846163833,0.5784533938057013,0.19945670554772824,0.48711687800375364,0.09146697325966874,-0.08197533692272083
Fleshy,sup,LEC,1,81,0.543,11,0.182,16,64.6,59.6,55.8,50.6,51.1,Team Vitality,140.575,11.075,0.6625,227.2125086419753,0.07878873950617284,0.06172839506172839,4.617150617283951,0.6223308641975308,0.6849679945449292,0.18886853232311052,0.0,416.1563432098766,0.0,0.18181818181818182,0.32370705706704556,0.0,0.11139745047727605,0.0,1.7777777777777777,-0.4074074074074074,-0.3076407892361765,0.5270447399756147,0.24567914889109024,0.04346798211047531,-0.23468370026122742,-0.20797232136804167
ON,sup,LPL,1,173,0.717,9,0.333,23,63.7,60.4,66.6,53.2,49.6,Bilibili Gaming,114.30344827586207,28.26206896551724,-1.289655172413793,242.99001502890172,0.08196877572254335,0.028901734104046242,4.398008092485549,0.524671098265896,0.7265485636346551,0.269148642176117,0.16,509.0240304054054,0.0,0.3333333333333333,0.4898953924720809,-0.01486167628737484,-0.04034528518905713,3.399966951803538,1.7486576189203227,-0.3872832369942196,-0.34984237343471325,0.4769870705394652,0.2897351196792917,0.6553145366338065,-0.09242979207376087,-0.2898633331499478
Ruby,mid,EBL,3,51,0.843,3,0.333,19,67.3,56.8,59.5,48.4,63.0,Partizan Sangal,759.1372549019608,313.2352941176471,6.490196078431373,860.4209235294118,0.24218001960784313,0.8627450980392157,1.157807843137255,0.19433921568627452,0.5949149590154191,0.1925852176573053,0.0,446.42787254901964,0.0,0.3333333333333333,0.17104772298286738,0.0,-0.16138478516646157,0.5846994535519126,2.6605321596532185,-0.37254901960784315,-0.29699657614795777,0.7003684659506955,0.09242755026911906,0.24113382886482537,-0.3530574505575166,0.431596832799054
XnS,jng,LES,3,69,0.667,7,0.0,25,67.9,56.1,48.5,61.7,67.1,Forsaken|Movistar KOI Fénix|SU Esports,412.0289855072464,525.2608695652174,9.44927536231884,598.9229492753623,0.1938826956521739,0.5072463768115942,1.4040753623188404,0.24564057971014494,0.678365227050766,0.1788986948494939,0.0,983.8380304347826,0.0,0.0,0.22971676228718985,-0.02553473511776381,0.4539360012971373,2.6171275721094407,3.00964632714423,-0.30434782608695654,-0.44392636872051766,0.7421959642577443,0.055412434277722813,-0.348248632827376,0.35939660337442403,0.6879256626333689
GgomZi,bot,LAS,3,37,0.811,4,0.0,13,64.9,59.0,49.2,50.8,58.2,T1 Esports Academy Rookies,386.4864864864865,347.5135135135135,8.27027027027027,928.623327027027,0.2819305135135135,1.7837837837837838,1.0898540540540542,0.2934675675675676,0.6473413608453944,0.21131038556575016,0.0,399.52385945945946,0.0,0.0,0.28088687501847964,-0.40230649811488134,-0.26567707241099736,2.6242590377152406,2.137186834969645,-0.4594594594594595,-0.1839877861089983,0.5494273287411577,0.20953977908619825,-0.30852402381364036,-0.2222063335225204,0.16794973322234416
zamulek,bot,RL,3,32,0.594,2,0.0,12,63.0,60.8,51.2,52.8,53.7,Forsaken|LODIS,462.3125,201.75,7.5,955.069721875,0.29225646875,1.15625,1.20766875,0.24014375,0.6527352791727714,0.17053383854486376,0.0,384.664025,0.0,0.0,0.3063925081433225,-0.05351903566757399,-0.06602216458382465,2.3824137931034484,2.1213203435596424,-0.5,-0.38682195369317174,0.4351720963511344,0.3124280281984361,-0.20349415597362028,-0.11617380663836821,-0.06827573285277333
Keria,sup,LCK,1,151,0.636,24,0.167,26,70.8,52.9,51.5,55.1,67.3,T1,132.17880794701986,280.03973509933775,-0.423841059602649,263.8706609271523,0.08989285629139074,0.026490066225165563,4.251653642384106,0.41724238410596026,0.7243972415861202,0.19870742749644366,0.0,403.567440397351,0.0,0.16666666666666666,0.32131516911027286,-0.3837564478608273,-0.06062467893335827,4.420123254061724,2.1158499928050145,-0.2582781456953642,-0.254454402759958,0.9557263994382849,-0.11110110572551765,-0.18695758204742904,0.005341765542762375,0.7016805651544777
Seal,sup,ROL,3,72,0.861,6,0.5,16,65.5,58.1,70.3,50.3,55.1,Frites Esports Club,432.375,151.02777777777777,2.5,240.1216847222222,0.07069379166666667,0.08333333333333333,4.039256944444444,0.40223472222222223,0.6932840820076368,0.22170707871901393,0.0,495.6114236111111,0.0,0.5,0.43359413687233833,0.0,-0.05483478076678685,1.1038961038961037,1.885618083164127,-0.3611111111111111,-0.37682500554853926,0.582463536607628,0.1664450830027299,0.914386304018169,-0.24773186269377423,0.005046033233160524
Peppe,mid,HLL,3,69,0.696,7,0.286,19,62.8,60.8,64.1,57.4,58.1,Team Phantasma|Valerion,370.71014492753625,247.95652173913044,7.405797101449275,779.9296405797102,0.2465204492753623,0.7101449275362319,1.2063449275362317,0.1883130434782609,0.6368913959669091,0.18526730922712092,0.0,512.0569768115943,0.0,0.2857142857142857,0.6556381530729767,-0.32203389830508466,0.11459074733096095,3.177489177489177,2.287331208629615,-0.4782608695652174,-0.21062119954049022,0.4248267293167664,0.3085894966613089,0.49824426142600703,0.1291980444417031,0.16123736253779525
Aiming,bot,LCK,1,94,0.468,26,0.192,15,59.2,64.3,56.5,51.8,46.9,KT Rolster|Kiwoom DRX,-4.829787234042553,90.51063829787235,0.8297872340425532,791.4653063829788,0.29049287234042553,0.6276595744680851,1.3425702127659573,0.3612244680851064,0.713601693201717,0.15562381478518586,0.0,381.9119946808511,0.0,0.19230769230769232,0.4251705970266423,-0.17518736961392856,-0.07293270880379187,2.966666666666667,1.54713186938819,-0.425531914893617,-0.3848158711661131,0.22403112539471903,0.5098253548177133,0.08137991687924273,-0.171679299131182,-0.4408959807838076
Smash,bot,LCK,1,146,0.555,19,0.211,22,62.9,60.6,64.5,57.0,60.0,Dplus Kia,249.04794520547946,132.5068493150685,4.027397260273973,760.4685787671233,0.27520150000000004,0.7808219178082192,1.3532630136986301,0.3519301369863014,0.673336999867599,0.16506626087048912,0.0,378.9544890410959,0.0,0.21052631578947367,0.6356475411541903,0.047612850876857286,0.15651158263577958,2.339252516783879,1.8207329549252094,-0.3287671232876712,-0.29254384386664517,0.4280613054130995,0.2988771139219561,0.5220462810970584,0.10644189990906613,0.2682388000155329
Imagine,jng,LJL,15,60,0.633,9,0.0,16,67.8,55.7,50.8,56.9,52.8,Inferno Drive Tokyo|L Guide Gaming,725.7333333333333,306.15,5.3,611.6624866666666,0.209211055,0.4166666666666667,1.787345,0.38672,0.6953343117583739,0.2089694074367707,0.0,668.6050433333334,0.0,0.0,0.23717643411726574,0.06024410823090473,-0.05808364675477485,4.369134211096163,2.065591117977289,-0.48333333333333334,-0.4096259390383569,0.7317338861852417,0.03797469987346015,-0.22516663972124742,0.09794662084295774,-0.11753447705127534
HARPOON,bot,LFL,2,114,0.693,13,0.154,21,68.7,54.7,54.8,57.5,54.0,Galions,420.57894736842104,374.3157894736842,7.587719298245614,875.699798245614,0.2755923859649123,1.1842105263157894,1.0991254385964913,0.2762771929824561,0.6490535523962248,0.20175786588978256,0.0,395.832200877193,0.0,0.15384615384615385,0.27707194850060274,0.19652844220559512,0.15550768970864193,4.990846658405304,1.9668302043215573,-0.42105263157894735,-0.3211816399412107,0.7971895554662637,-0.016961897442542312,-0.009908438727967935,0.12999826832400452,-0.05008351703112307
InoriB,bot,LRN,3,29,0.448,3,0.333,18,63.9,59.5,57.6,66.7,65.6,Kits Esports,456.7241379310345,240.31034482758622,4.241379310344827,933.2749620689656,0.3052535172413793,1.7586206896551724,0.9993827586206896,0.25988620689655173,0.6915514923365423,0.1999086839104814,0.0,437.57125517241377,0.0,0.3333333333333333,0.1294353404286033,0.0521432188102514,1.4602044634821623,2.728694714131607,3.342516087186934,-0.3448275862068966,-0.36068253908877207,0.4872224195425603,0.2365174244880847,0.13959994262523243,0.6631613169466067,0.5884760706601802
Haetae,top,LCKC,2,134,0.604,19,0.211,23,66.2,57.1,59.6,57.4,58.3,T1|T1 Esports Academy,378.5074626865672,325.94029850746267,5.552238805970149,700.615173880597,0.23195359701492538,0.373134328358209,1.3039402985074628,0.15794925373134328,0.4671377994623342,0.17767684556988042,0.0,1134.7336619402986,0.0,0.21052631578947367,0.4114192590306841,-0.2680835585117439,0.27039439120273906,4.956810733208815,1.9868973788371282,-0.40298507462686567,-0.2532993364654687,0.6299690514932684,0.10970227034678397,0.24657242327446138,0.1289762037603084,0.1760995148217171
Creme,mid,LPL,1,136,0.537,27,0.111,18,65.4,57.9,49.6,53.5,51.4,Top Esports,41.556603773584904,113.16981132075472,4.066037735849057,757.328556617647,0.2611208529411765,0.27205882352941174,1.3737926470588235,0.27065808823529414,0.6114905864329242,0.1517209061390903,0.37037037037037035,517.7050427272727,0.0,0.1111111111111111,0.3208330287450149,-0.22686970145661628,-0.11597188894589062,4.187902757619739,1.5434872662825794,-0.35294117647058826,-0.2536979487146962,0.575782166871622,0.1534768205338449,-0.29045898165174355,-0.08104565482725304,-0.18922555429883325
adi1,jng,LIT,3,56,0.732,7,0.143,20,69.5,53.8,49.8,52.4,57.2,Bomba Team|HMBLE,403.30357142857144,610.1785714285714,14.464285714285714,655.6644375,0.19353671964285715,0.5178571428571429,1.4049125,0.24668214285714285,0.6841015130610212,0.22676439401539308,0.0,1153.0753553571428,0.0,0.14285714285714285,0.1843344031789699,-0.7442989642679976,-0.18499518903315776,3.9599999999999995,2.6726124191242437,-0.44642857142857145,-0.5653046476804595,0.8549399973725947,-0.06491313551765357,-0.2756842717314923,-0.1376193940393819,0.11439934705048468
Drofan,jng,HLL,3,61,0.639,10,0.1,18,68.1,55.2,48.5,53.2,59.0,GOAL|Team Insidious|Team Phantasma,553.5245901639345,781.0819672131148,13.737704918032787,560.7028950819673,0.187302737704918,0.4098360655737705,1.3408295081967212,0.2462983606557377,0.6801666316890628,0.19042361832446178,0.0,1097.546831147541,0.0,0.1,0.16839063934263057,-0.5698300207811584,-0.026907635668001913,2.7204211509165073,2.3046638387921274,-0.39344262295081966,-0.4102128235959701,0.7541483745877914,0.01063170074752472,-0.3467685676771789,-0.09538510059716324,0.21328713163165225
Doggo,bot,LCP,15,87,0.46,18,0.167,27,58.7,64.6,65.3,49.6,69.6,CTBC Flying Oyster,258.37931034482756,-140.1264367816092,0.5632183908045977,797.2729724137931,0.2857727816091954,1.160919540229885,1.498387356321839,0.42000689655172413,0.6503832240346065,0.18389967354527473,0.0,393.4640402298851,0.0,0.16666666666666666,0.47299323922143444,0.34304893181240564,-0.12005643968838525,2.51785185347002,2.894703844062046,-0.3793103448275862,-0.22728044931646516,0.1983105598806298,0.5267035121729937,0.5706953583593328,-0.2892315486010343,0.861255337453444
Vetheo,mid,TCL,15,24,0.542,2,0.0,17,65.1,58.2,52.8,50.3,62.5,SU Esports,906.5,752.75,21.375,723.5178416666666,0.2556327916666667,0.5416666666666666,1.3138416666666666,0.2700916666666667,0.6549843908397632,0.1833067521026379,0.0,380.37044583333335,0.0,0.0,0.2556205627136471,0.30759651307596514,-0.4059907834101382,3.953794207741577,3.470110468942836,-0.3333333333333333,-0.48744061315327164,0.5596819498949671,0.16672702006326112,-0.1181180731879211,-0.2521567190907643,0.40551216372975163
HongQ,mid,LPL,1,158,0.506,21,0.048,23,62.0,61.2,46.1,62.3,59.7,JD Gaming,149.4765625,59.9296875,-0.1640625,704.2886398734178,0.26300937088607595,0.25949367088607594,1.5669113924050633,0.24671772151898735,0.6665778948515863,0.21126652917041594,0.5517241379310345,508.6688713178295,0.0,0.047619047619047616,0.26593527186990423,-0.18418266847119685,0.12783095614170514,5.291692674614431,1.829781753604179,-0.2721518987341772,-0.2949995424084559,0.3799777609890878,0.3298809067781637,-0.48832885123532266,0.39164341704481254,0.2514150332605327
HOYA,top,LPL,1,92,0.587,13,0.231,22,60.5,62.7,62.3,51.8,56.5,Ninjas in Pyjamas,85.01408450704226,54.42253521126761,-2.1267605633802815,623.0054532608696,0.23677384782608699,0.29347826086956524,1.5317989130434781,0.18894891304347824,0.5556255240692954,0.19252026616022153,0.05555555555555555,958.5462826666667,0.0,0.23076923076923078,0.5299128160782692,-0.043289036194983956,-0.13313194573592757,3.775690099374309,2.2936585546278225,-0.3804347826086957,-0.4316505178171406,0.2933401476188655,0.4158060124509633,0.3956283554172144,-0.17034015019970383,0.08108131530841604
Keduii,bot,PRM,3,77,0.584,20,0.25,13,59.9,63.3,63.7,59.3,44.7,Eintracht Spandau|Joblife,50.96103896103896,161.46753246753246,6.1688311688311686,867.2586077922078,0.2831591168831169,0.8441558441558441,1.279861038961039,0.3139324675324675,0.5965081119015754,0.1903922355346207,0.0,431.3822246753246,0.0,0.25,0.4837942832295863,0.14413415941423371,0.13105633914776593,4.881358522866227,1.4814874939752933,-0.4935064935064935,-0.4686045124046685,0.2619883302351672,0.4499140703344822,0.47360836161250197,0.22713125843774543,-0.5728464896829378
Castle,top,LCS,1,37,0.297,6,0.0,14,63.9,59.3,47.1,50.5,49.8,Disguised|LYON,258.6216216216216,-20.81081081081081,4.297297297297297,675.6750675675676,0.25416900000000003,0.2702702702702703,1.5692567567567568,0.22914324324324326,0.5308960389177085,0.22416184253897944,0.0,1090.060518918919,0.0,0.0,0.32029173700385233,-0.4436314089624546,-0.18020349660758964,2.3818181818181823,2.301585822275002,-0.40540540540540543,-0.6957169534951088,0.4865200232050044,0.22760727860868843,-0.4267559049936807,-0.2414513447284155,-0.27604135881030145
Cryogen,sup,LCS,1,74,0.486,12,0.083,16,64.8,58.4,48.3,55.7,46.4,FlyQuest,99.83783783783784,66.16216216216216,0.8918918918918919,254.25184729729727,0.09275003783783783,0.013513513513513514,4.088205405405406,0.5108743243243243,0.7949223239985386,0.23874491514148002,0.0,392.39364594594593,0.0,0.08333333333333333,0.23376484240584341,-0.26959378885139434,0.126035625517813,2.491959064327485,1.8599622199011085,-0.4189189189189189,-0.5067643687518008,0.5422441135757183,0.177738440592244,-0.3619794957155605,0.037590655625798705,-0.4708199675176393
Centu,sup,HLL,3,69,0.536,18,0.056,18,64.6,58.5,48.7,56.8,55.2,BoostGate Esports|Colossal Gaming|Team Phantasma,137.43478260869566,30.91304347826087,-0.15942028985507245,273.56598260869566,0.09830709420289854,0.10144927536231885,3.677,0.4016347826086957,0.7495344903611546,0.2292158798341319,0.0,544.9565086956521,0.0,0.05555555555555555,0.23438392620769416,-0.4249093944700086,0.08579838116261962,3.738547772810068,2.1669453555438456,-0.391304347826087,-0.4749949401486681,0.5270112745953851,0.18546202065299894,-0.34063894819634155,0.09290335948834112,0.0102924206065324
NoName,jng,HLL,3,35,0.629,5,0.0,12,65.1,58.0,48.7,61.9,50.9,Team Insidious|Verdant,422.34285714285716,447.14285714285717,10.971428571428572,601.3614114285714,0.19116351714285712,0.6,1.4625571428571429,0.2856857142857143,0.6822604431556204,0.17759163325740748,0.0,1075.850297142857,0.0,0.0,0.12773793183443852,0.0,0.5220128117983894,3.7019712140175214,2.02837021134844,-0.45714285714285713,-0.6426230493237873,0.5596347428119143,0.1562936431256191,-0.33662368967652095,0.3735599352335184,-0.2194452279738233
Junu,top,LAS,3,47,0.532,11,0.182,14,61.1,62.0,53.2,55.5,58.3,DN SOOPers Academy,-19.085106382978722,114.87234042553192,-5.042553191489362,786.709055319149,0.2691212787234043,0.723404255319149,1.196055319148936,0.13702978723404255,0.5351035025488432,0.17137900427533745,0.0,1333.8299042553192,0.0,0.18181818181818182,0.33294017991049796,-0.8440410482023754,0.044392605202138086,4.098325754694085,2.042109880970524,-0.40425531914893614,-0.24005102072850473,0.3245455205783926,0.37580160801290613,-0.09649169220010712,0.027879398991626645,0.172787284443636
Eddie,bot,LCP,15,110,0.691,16,0.188,21,62.9,60.1,65.5,55.6,57.0,Team Secret|Team Secret Whales,331.3272727272727,174.74545454545455,6.172727272727273,805.3295309090909,0.27424072727272725,1.0545454545454545,1.3429627272727271,0.30968999999999997,0.6285103220242352,0.15798027981681553,0.0,322.66679636363637,0.0,0.1875,0.43102813413879226,0.2774219920970161,0.048394981261202584,3.8181049478905513,2.002271437415744,-0.35454545454545455,-0.3190107817783861,0.4297546093331008,0.2741651586686117,0.5830061558510682,0.02947567293526389,0.10447514209624337
Strode,bot,HM,3,72,0.792,7,0.286,22,70.9,52.1,60.1,50.2,61.2,Nightbirds,626.3888888888889,345.6111111111111,12.444444444444445,1028.7383083333334,0.2863300833333333,1.4722222222222223,0.8449902777777778,0.1791375,0.6296669602144891,0.20720403670993343,0.0,379.5544944444444,0.0,0.2857142857142857,0.3288646151400235,-0.21812179256692704,-0.11134993133918439,1.8992321258987925,2.5927248643506746,-0.4166666666666667,-0.37942322847211296,0.9622328005603857,-0.15488883964728895,0.26990426732710504,-0.2536920411733475,0.3346892018527792
Shy Carry,bot,EBL,3,64,0.859,3,0.333,14,70.2,52.8,58.6,58.7,52.3,Anubis Gaming|Partizan Sangal,982.4375,520.109375,15.203125,925.362140625,0.2591925,1.484375,0.9410265625,0.210671875,0.576518001389463,0.18996700553964202,0.0,366.83474375,0.0,0.3333333333333333,0.12630536550234067,0.0,0.010613419679798484,5.686746987951808,1.75,-0.390625,-0.41692885039188554,0.9090020259365219,-0.11470600070965994,0.1928373850034002,0.1965990052878359,-0.14341719993337482
Woolite,bot,RL,3,69,0.551,15,0.0,15,64.7,58.3,45.2,54.2,56.4,Barcząca Esports by Yumisu|devils.one inStreamly,476.0289855072464,108.84057971014492,11.565217391304348,917.2255536231884,0.28705042028985506,1.0144927536231885,1.104227536231884,0.26158695652173913,0.6462662719951,0.2321556878328771,0.0,427.5256028985507,0.0,0.0,0.16653971509136853,-0.4081653018158847,-0.02275683943930383,3.35950152175127,1.805787796286538,-0.391304347826087,-0.25614837203229945,0.5345405551332448,0.1730778167474467,-0.5392782325563225,-0.043571111165495405,0.07449394058574238
Giyuu,mid,AL,3,44,0.773,2,0.0,18,65.8,57.2,56.1,46.6,62.6,Anubis Gaming,713.3409090909091,556.9318181818181,14.0,816.8183977272728,0.2400714090909091,0.5,1.268556818181818,0.19591363636363637,0.5697336802171804,0.19966893187425525,0.0,553.471209090909,0.0,0.0,0.7602450952836023,0.0,-0.26376766091051795,0.0,2.7136021011998728,-0.36363636363636365,-0.32686070683957225,0.6016438700634447,0.11418373608024206,0.059170613958701386,-0.4588472247841099,0.412097220969576
MathisV,mid,ROL,3,47,0.383,12,0.25,16,62.7,60.1,61.6,45.2,57.9,Dynasty|Lundqvist Lightside,286.70212765957444,283.74468085106383,3.872340425531915,798.7695872340425,0.25592334042553194,0.8723404255319149,1.1031,0.16452553191489364,0.5993798843373065,0.12781541126716572,0.0,521.4187936170213,0.0,0.25,0.5507976490344249,0.0,-0.3427900806204714,0.0,2.333839863966313,-0.425531914893617,-0.3138049033204115,0.41544853267268755,0.26995803805396457,0.3551747456897065,-0.5400511057432913,0.15075950584467324
Lucy,bot,LCKC,2,124,0.556,15,0.0,17,63.4,59.4,43.4,59.0,52.5,Nongshim Esports Academy,435.11290322580646,258.35483870967744,4.443548387096774,779.1138846774194,0.26580375,1.2419354838709677,1.2968314516129031,0.3318032258064516,0.6006729850934844,0.17444134492556176,0.0,372.293064516129,0.0,0.0,0.20668167956249325,-0.1610833313044348,-0.03898344616415083,10.361865394915041,1.5266450672275869,-0.3790322580645161,-0.23324661536873664,0.4596720398797125,0.23326150279315006,-0.6569337101664757,0.21415749939672077,-0.13356694830631735
Taeyoon,bot,LCK,1,108,0.454,31,0.161,18,59.0,63.8,53.4,62.2,56.2,BNK FEARX|Nongshim RedForce,-15.731481481481481,9.62037037037037,4.842592592592593,782.086787962963,0.27431758333333334,0.8333333333333334,1.642437037037037,0.454025,0.6605021458977864,0.2072151928038899,0.0,412.24809166666665,0.0,0.16129032258064516,0.3128343541009986,-0.036128996836996996,0.10408270441550482,6.4032222222222215,1.7320508075688772,-0.4074074074074074,-0.2279065360425761,0.21327770738798563,0.4800610065657687,-0.08682313436618905,0.390741489292902,0.06353118316533352
Kiaya,top,LCP,15,95,0.537,20,0.1,21,60.0,62.8,52.6,53.6,61.8,GAM Esports,194.1263157894737,210.85263157894738,9.68421052631579,655.9658757894737,0.2533017368421053,0.3684210526315789,1.5282200000000001,0.17504526315789473,0.532665030507871,0.2077233160321626,0.0,1056.739565263158,0.0,0.1,0.32817474268868146,-0.5578048464309193,-0.015959742671836287,3.5950749729832565,2.154554539378824,-0.37894736842105264,-0.2526571151350301,0.26566641429927756,0.42119898238864845,-0.12832906100447392,-0.07427311366651236,0.36496877448229376
Tatu,jng,CBLOL,15,83,0.663,13,0.154,22,57.7,65.0,57.6,47.3,63.8,FURIA,205.3855421686747,54.42168674698795,1.9036144578313252,494.9916325301205,0.17759380240963854,0.43373493975903615,1.8748734939759035,0.4506987951807229,0.7476073259921805,0.19352277360048112,0.0,1101.2223060240965,0.0,0.15384615384615385,0.3075439055537547,-0.0035870864886408164,-0.23890516890516886,1.4809959818193796,2.4148137197731874,-0.3614457831325301,-0.40790807691202374,0.14191947070001165,0.5510294987054076,0.13531122647707416,-0.4200476731583801,0.48279962642083135
mikusik,jng,RL,3,71,0.592,11,0.0,17,60.1,62.6,48.4,59.5,55.4,Barcząca Esports by Yumisu|LODIS,200.53521126760563,9.070422535211268,0.2676056338028169,568.1222464788732,0.1780151014084507,0.5492957746478874,1.4531394366197183,0.2920535211267606,0.7549034453120347,0.19425734058221206,0.0,1042.5061450704225,0.0,0.0,0.14186996610044134,0.30935085428707465,-0.20638066266026187,8.816443236714976,2.0175288189295504,-0.4225352112676056,-0.4180146724097665,0.27438053722707645,0.41158149470398986,-0.353239176595202,0.23939413659534037,0.022610958911787528
Guigs,sup,CD,2,52,0.692,7,0.143,19,61.8,60.9,50.8,55.5,64.1,KaBuM! Ilha das Lendas,120.57692307692308,296.96153846153845,2.3461538461538463,229.90756153846152,0.08488716346153846,0.019230769230769232,4.368221153846154,0.5298480769230769,0.7631208921046138,0.22567828365647075,0.0,441.8663019230769,0.0,0.14285714285714285,0.18291388060026573,-0.34654354675177085,-0.09474774340084481,4.425346378767431,2.6348259320698384,-0.38461538461538464,-0.40346926069170885,0.365663497587325,0.31810323939846125,-0.2236163189784276,0.027038063388387282,0.49993890667593355
Kiari,top,CD,2,39,0.59,8,0.125,21,65.4,57.2,52.7,58.4,68.5,INTZ,207.35897435897436,142.35897435897436,3.282051282051282,764.9221179487179,0.25314089743589746,0.6923076923076923,1.2822692307692307,0.2011897435897436,0.5428799358792953,0.25439717035166776,0.0,1125.0115333333333,0.0,0.125,0.32403794081106047,-0.42901755839520733,0.26998419949850594,6.921352755194218,3.36269122990683,-0.3333333333333333,-0.3068952927129538,0.5810258099397041,0.11772648914825226,-0.11878458752533358,0.17875489487875398,0.7822057281655592
Slayder,bot,AL,3,63,0.54,10,0.0,15,64.0,58.6,49.4,47.1,51.5,BAAM Esports|Dragons Esports,460.2857142857143,205.63492063492063,7.063492063492063,871.6019634920635,0.2605321428571429,1.6666666666666667,0.8875492063492063,0.24312539682539683,0.6273563836598053,0.15799191453753153,0.0,388.7493158730159,0.0,0.0,0.28220362971969715,0.0,-0.13241815497727732,0.0,1.889822365046136,-0.47619047619047616,-0.39260250487024423,0.4933805307539164,0.18974061596838376,-0.2976113101006002,-0.42962755151595067,-0.1877429966678626
Kita,sup,LRN,3,56,0.554,10,0.1,25,63.9,58.6,55.1,53.8,68.3,Zeu5 Esports,212.41071428571428,75.55357142857143,-0.3392857142857143,274.82147142857144,0.08926849285714286,0.08928571428571429,3.644526785714286,0.43263928571428567,0.7436162874744394,0.22161185130887873,0.0,495.7817517857143,0.0,0.1,0.38938140764241463,-0.05215940529239087,0.28545593593953844,0.0,3.3407655239053047,-0.30357142857142855,-0.5083165411317628,0.48678002234574,0.1881067504281564,0.003967398311365159,-0.06281832961669115,0.7684964851140075
Hailstone,sup,LAS,3,55,0.691,9,0.111,14,59.6,62.9,55.3,55.0,54.9,Hanwha Life Esports Academy,195.4,93.7090909090909,-3.0545454545454547,281.2589018181818,0.08182229818181817,0.01818181818181818,3.890781818181818,0.5186290909090909,0.7157627302509968,0.18360380297105539,0.0,499.5190236363636,0.0,0.1111111111111111,0.3658544014405011,0.0,0.11094593655345997,2.413381049933157,1.8877596148970779,-0.38181818181818183,-0.351674000971604,0.24198906250056532,0.4286617645628517,0.014643547068403134,-0.00041675346861808765,-0.004872937062414928
Decay,mid,RL,3,47,0.596,9,0.111,13,64.4,58.1,55.6,47.6,55.2,Forsaken,113.80851063829788,115.17021276595744,7.319148936170213,900.7398574468085,0.265169914893617,0.9361702127659575,1.0810851063829787,0.17518085106382977,0.6171963122052938,0.17521969953583655,0.0,552.0622404255319,0.0,0.1111111111111111,0.2795740842658839,0.5239547204329764,-0.3864218980591372,2.060994900889914,1.8962448894726294,-0.40425531914893614,-0.28962572262762887,0.5165872068357414,0.16434973465213976,0.03362648713331802,-0.40282533126225617,0.012903148715755229
1Jiang,top,LCP,15,68,0.412,18,0.167,19,60.7,61.7,56.2,54.2,54.8,Ground Zero Gaming,363.1470588235294,251.75,13.397058823529411,679.5264647058823,0.2471697205882353,0.25,1.2933529411764706,0.1723529411764706,0.5645794945955251,0.19574509912719318,0.0,1331.893919117647,0.0,0.16666666666666666,0.4146992192136403,-0.7396546909138698,0.01835206603481166,3.4818502824858757,2.3040884378451634,-0.45588235294117646,-0.5400787654109069,0.3045426302160716,0.3592311577797382,0.06099131499369516,-0.04407894756608559,-0.00865333784797645
Leny,top,ROL,3,37,0.622,6,0.167,15,67.7,54.7,55.6,59.6,56.1,Esprit Shōnen|Frites Esports Club,688.8108108108108,436.9189189189189,13.108108108108109,864.0752675675675,0.273326972972973,0.6486486486486487,1.0376486486486487,0.1184108108108108,0.5533217025902634,0.27237772796596327,0.0,1323.9424621621622,0.0,0.16666666666666666,0.3140020856406069,0.0,0.728020714636848,0.0,2.4659848095803594,-0.5135135135135135,-0.35575029805122593,0.724580966447691,-0.014033095659170637,0.03085765293579753,0.2464249389471758,0.0575131342623471
Nanaue,top,VCS,15,30,0.367,13,0.154,16,63.6,58.7,57.4,48.5,56.0,9Gaming Esports,258.56666666666666,273.7,9.6,828.7092633333334,0.2800741666666667,0.6,1.3153833333333333,0.14574,0.4690952468573952,0.1409934536051052,0.0,1180.5723733333332,0.0,0.15384615384615385,0.47007799724444327,-0.43808413447755207,-0.6417161683222683,4.833333333333334,2.9211869733608857,-0.4666666666666667,-0.7400674511905061,0.4724111627718609,0.19488626099966364,0.12407913884125725,-0.3498676154713469,0.053751983737605744
Jauny,top,LRN,3,54,0.759,2,0.0,17,57.6,64.7,52.4,53.5,59.9,Fuego|SDM Tigres,302.1111111111111,-8.0,1.2037037037037037,670.0948074074074,0.21921363333333335,0.6666666666666666,1.24675,0.1768148148148148,0.49622642373023756,0.12355570971344208,0.0,1074.400012962963,0.0,0.0,0.4933363451547323,-0.271826625386997,0.17292870905587665,0.8571428571428571,2.3134069792952237,-0.4074074074074074,-0.2889290169818197,0.135426284585499,0.5332231849558365,-0.13666554886569793,-0.08018581517551757,0.26169497144636245
Saint,mid,LCS,1,106,0.642,16,0.25,22,63.5,58.7,57.4,71.0,60.6,LYON,133.50943396226415,124.9622641509434,0.5660377358490566,687.852304716981,0.25584571698113207,0.5471698113207547,1.4891367924528303,0.3424632075471698,0.6314477451430244,0.22153739168402015,0.0,555.5350150943397,0.0,0.25,0.38956388314590074,-0.1765618527584259,0.2210218190921872,10.559553872053874,2.136828897185981,-0.3018867924528302,-0.3303072520486143,0.46171482203648684,0.19741751056663445,0.12498286847362924,0.9747253982134971,0.3007850959953333
Snaker,bot,LRN,3,41,0.512,7,0.0,17,62.7,59.5,49.0,70.7,55.8,Fuego|Leviatan,753.1463414634146,314.0,9.853658536585366,820.1517926829268,0.2854307804878049,0.8536585365853658,1.1242926829268294,0.23090000000000002,0.6524574669527541,0.186225536393207,0.0,380.0316195121951,0.0,0.0,0.2606987108832127,-0.2923127680633455,2.0361904761904763,0.0,2.654953952106303,-0.4634146341463415,-0.5680031307814365,0.4173800296843153,0.23973526776919374,-0.3208928135062302,0.9477659650986213,0.043028056674874485
Enosh,bot,LCKC,2,109,0.532,27,0.296,19,58.8,63.4,67.2,46.6,46.5,DN SOOPers|DN SOOPers Challengers,125.11009174311927,111.11926605504587,5.422018348623853,801.0709642201836,0.27140459633027525,1.018348623853211,1.2893220183486238,0.29869174311926605,0.6716199215571654,0.17695008572998336,0.0,413.7999385321101,0.0,0.2962962962962963,0.5390502457233298,-0.09823781328306665,-0.20939114196647737,4.357903607503608,1.8198699419201876,-0.47706422018348627,-0.4030038743837174,0.1994821066712096,0.4563959380606343,0.69606076630582,-0.4595631763444372,-0.46068309404047963
Warner,mid,AL,3,77,0.455,19,0.105,25,61.9,60.3,53.4,47.7,64.4,BAAM Esports|Bushido Wildcats|ZennIT,115.07792207792208,69.02597402597402,0.5064935064935064,845.8707805194805,0.27096697402597403,0.6623376623376623,1.1048493506493506,0.19162597402597403,0.6440793052775592,0.18570397014759607,0.0,533.9953467532467,0.0,0.10526315789473684,0.3259057873378406,-0.029248774376642053,-0.308467206118338,2.2738095238095237,2.8490144114909484,-0.38961038961038963,-0.3501088613747671,0.3699961110621348,0.283218830859482,-0.08503887668779896,-0.3952009662782457,0.5152993974942345
Ferret,jng,EBL,3,51,0.843,3,0.333,16,69.3,52.9,64.3,46.2,58.1,Partizan Sangal,447.3333333333333,617.6470588235294,7.03921568627451,697.8632039215686,0.19441468039215684,0.5098039215686274,1.5784333333333334,0.24625882352941178,0.6392931650814098,0.21347558844675338,0.0,990.3314019607843,0.0,0.3333333333333333,0.3494052445909023,0.0,-0.39179423280047126,1.619047619047619,2.2404481344448155,-0.4117647058823529,-0.38784868949599144,0.8425823124726508,-0.10831989419676993,0.5133054684629887,-0.4812030497134141,0.16433129171161706
Yuuji,jng,NACL,2,41,0.634,1,0.0,17,66.2,55.9,48.5,47.8,63.2,Maryville University,525.5365853658536,540.6829268292682,10.317073170731707,541.2908243902439,0.16952351707317073,0.4878048780487805,1.552370731707317,0.3188219512195122,0.6651350319249246,0.16619925523608028,0.0,1038.117187804878,0.0,0.0,0.1842080015350667,0.043980317113176695,-0.349877183719382,3.627207770984393,2.654953952106303,-0.4146341463414634,-0.4122058373151944,0.6270812803709405,0.0477677919591224,-0.34759675530480905,-0.3866459709776214,0.4462528252424835
Ronaldo,mid,NLC,2,46,0.435,10,0.1,16,68.8,53.2,53.6,53.9,61.0,Bulldog Esports|The Secret Club,561.7608695652174,396.0869565217391,11.58695652173913,829.2904217391305,0.2744373478260869,0.6304347826086957,1.0560304347826086,0.16993695652173912,0.6511626939936531,0.19171598980186957,0.0,535.9066260869565,0.0,0.1,0.26998131969734135,0.0,-0.05569633213033359,4.433484750162233,2.359071298478354,-0.391304347826087,-0.2564451438418857,0.8068800619400273,-0.09718426677380855,-0.07112953393498729,-0.05684564865277516,0.3234626847839758
Kojima,bot,CD,2,52,0.692,7,0.143,19,62.4,59.6,51.3,52.9,62.0,KaBuM! Ilha das Lendas,221.0,-1.0,7.076923076923077,869.6949903846154,0.3126728846153846,0.9615384615384616,1.28185,0.3298846153846154,0.6714554665462291,0.20525899903973877,0.0,375.0505711538462,0.0,0.14285714285714285,0.26687871947465625,-0.5289502622229741,-0.00867108722093629,4.510277050091291,2.6348259320698384,-0.38461538461538464,-0.3592651451955905,0.39833592779662336,0.24232919825231916,-0.1973577027132999,-0.11331536592937264,0.37948842164522745
Cboi,jng,ROL,3,71,0.873,5,0.4,17,66.5,55.4,71.8,55.7,57.8,Frites Esports Club|Valerion,552.056338028169,790.9154929577464,15.19718309859155,525.946447887324,0.15751381126760564,0.4507042253521127,1.4644633802816902,0.22746478873239434,0.6559116831614491,0.17491769481038413,0.0,1065.0702647887324,0.0,0.4,0.5848771873494942,0.0,0.10614301925161951,2.7975,2.0175288189295504,-0.43661971830985913,-0.2945475929128946,0.645226188365452,0.02226743891902891,1.0419711156994726,0.036156849119495155,0.14749375567643752
Artemis,bot,LCP,15,95,0.537,20,0.1,18,56.6,65.3,53.9,56.0,50.7,GAM Esports,125.49473684210527,83.84210526315789,0.6,735.367845263158,0.27966382105263154,0.9473684210526315,1.2567284210526315,0.31074842105263156,0.7169184485469543,0.16921105050783905,0.0,350.9237105263158,0.0,0.1,0.298714871980319,-0.17094246223196433,0.06561398271854411,3.829079730007894,1.8467610337532776,-0.4,-0.40655440247611135,0.08189367853408708,0.5701506262647136,-0.05688650423840267,0.05072462651135363,-0.22764867379200082
Lure,bot,LES,3,77,0.701,4,0.5,18,64.3,57.6,70.8,54.7,55.9,Team Heretics Academy,370.1038961038961,235.88311688311688,5.207792207792208,894.9225701298701,0.29214033766233766,1.0389610389610389,1.0591000000000002,0.21777662337662337,0.623933338837048,0.18872724455511639,0.0,369.4306896103896,0.0,0.5,0.5396818411846245,-0.26583869739359434,-0.17495967342048332,4.879098522760495,2.051290376273483,-0.38961038961038963,-0.4012229277915307,0.5102759935674978,0.13488714577137073,0.9557429307085008,-0.015742716472125967,0.04610796226185222
Bin,top,LPL,1,143,0.72,8,0.375,19,69.7,52.1,67.4,51.5,51.4,Bilibili Gaming,412.8225806451613,303.991935483871,11.580645161290322,630.7193629370629,0.21320727342657345,0.32167832167832167,1.217813986013986,0.1683951048951049,0.48587941389449857,0.1877700155965139,0.8235294117647058,1081.5210174603174,0.0,0.375,0.35570158568105914,0.16879138472379102,-0.016219742260393872,2.538358444518432,1.5888598190134724,-0.3916083916083916,-0.24657725551019713,0.869838159438374,-0.1534555827420663,0.7099361510817186,-0.18531772249725328,-0.1925732201767184
Hazel,bot,PRM,3,69,0.478,19,0.105,16,59.6,62.2,55.9,49.3,51.6,Karmine Corp Blue|ROSSMANN Centaurs,13.304347826086957,220.17391304347825,2.7681159420289854,857.5261478260869,0.29132708695652176,0.8260869565217391,1.1726565217391305,0.2689855072463768,0.6206685434836207,0.1653394384536263,0.0,363.85486231884056,0.0,0.10526315789473684,0.41613577705903493,0.0,0.050446885084795286,0.0,1.9261736493723072,-0.43478260869565216,-0.4595071490857,0.2438398574719198,0.3868809106979362,0.049982029646181314,-0.30672583655299374,-0.17865153466731482
Nevid,top,LAS,3,60,0.683,9,0.222,19,69.4,52.4,59.4,55.7,58.9,Dplus Kia Academy,707.6166666666667,742.3166666666667,17.65,821.2721183333334,0.25048855,0.45,1.0142816666666665,0.13417,0.44271396288750425,0.2217100763341121,0.0,1221.7705566666666,0.0,0.2222222222222222,0.33662513436084146,0.2591107906569331,0.028773025334235813,4.388437862518745,2.4528894525980305,-0.43333333333333335,-0.3677881081721544,0.848561784042767,-0.136887094722794,0.23133586812026402,0.038126621565366704,0.20857735462898605
Aether,sup,LAS,3,64,0.781,7,0.0,20,63.3,58.5,47.0,52.5,62.9,T1 Esports Academy Rookies,183.265625,313.609375,-0.625,272.3286875,0.086062603125,0.015625,3.872603125,0.4397875,0.6755524235473386,0.1812295042570711,0.0,366.0883703125,0.0,0.0,0.27517183945766616,-0.5515018515978604,-0.2602752421111163,4.283409981848267,2.5,-0.390625,-0.26214555257706557,0.4511346778779148,0.1877706579141156,-0.4325389548184322,-0.130518747762144,0.4269631060227729
Bie,sup,LCP,15,110,0.691,16,0.188,23,57.1,64.6,60.4,55.2,55.3,Team Secret|Team Secret Whales,108.60909090909091,27.572727272727274,0.44545454545454544,229.1962290909091,0.08012969636363636,0.02727272727272727,4.58725,0.5962745454545454,0.707687379910645,0.19396668394648972,0.0,466.66400272727276,0.0,0.1875,0.264573028555819,0.26866418840471645,-0.12483369511938945,4.153116665975763,2.1929639552648625,-0.4,-0.4797050169548601,0.11220886355638107,0.5315657284748448,0.2858862942188125,0.008692278940556311,0.01786552886663256
Elk,bot,LPL,1,100,0.47,13,0.077,20,60.0,61.6,54.5,53.9,62.2,Weibo Gaming,74.22222222222223,11.160493827160494,-0.30864197530864196,821.874876,0.29471488,0.5,1.4148560000000001,0.39883899999999994,0.6897657990304162,0.20400887100814413,1.4210526315789473,386.0292049382716,0.0,0.07692307692307693,0.27504786118659247,0.8458589886217188,-0.1378562548489918,5.3071023965141615,2.0,-0.35,-0.27819927214113543,0.2645205172295394,0.3532931881254126,-0.02536506452752016,-0.059990361501333994,0.38885513084254075
Rich,top,LCK,1,113,0.478,26,0.269,21,58.4,63.2,67.2,60.3,51.1,Kiwoom DRX|Kiwoom DRX Challengers,-137.7787610619469,-218.73451327433628,-5.20353982300885,683.4486884955752,0.23912533628318586,0.3274336283185841,1.5322451327433628,0.2364628318584071,0.5143299418040478,0.201425659453921,0.0,1209.3276796460177,0.0,0.2692307692307692,0.5503481463129916,0.26120529175713175,0.10122170222275534,5.563271604938272,1.9755138236055543,-0.4690265486725664,-0.302770942828851,0.1817645379387485,0.4437341859497979,0.6925256630160284,0.28049004916378284,-0.20895020223270208
Meiko,sup,LPL,1,68,0.529,6,0.0,19,64.0,57.6,52.2,59.2,52.9,Invictus Gaming,88.89655172413794,153.79310344827587,-2.206896551724138,253.48561911764705,0.08848134705882353,0.029411764705882353,3.984495588235294,0.4526514705882353,0.7547524368533863,0.21547315090290306,0.14285714285714285,400.018164516129,0.0,0.0,0.1582657509086441,0.8236245628871933,0.11704075671789331,4.537060978237449,2.3040884378451634,-0.4852941176470588,-0.3613947455059321,0.4934908629210287,0.1395681717828869,-0.1472284487293658,0.2220809036271426,-0.11236091560200612
Ruler,bot,LCK,1,124,0.726,10,0.5,21,61.6,59.9,72.1,51.2,61.4,Gen.G,100.13709677419355,82.34677419354838,3.25,790.9037088709676,0.26815243548387097,0.9032258064516129,1.482198387096774,0.38205483870967744,0.6652328738870268,0.19035087598587774,0.0,370.3964870967742,0.0,0.5,0.5465226875579063,0.033516862067354804,-0.09576604847173897,3.178924788957171,1.8858556712811365,-0.3951612903225806,-0.18404032641770557,0.3547289331049873,0.26210389159934294,1.0661638421022561,-0.20083803065755215,0.3458742367338583
Erdote,sup,EBL,3,64,0.766,8,0.125,14,65.0,56.5,54.7,67.6,49.9,Partizan Sangal|devils.one inStreamly,343.828125,187.4375,2.03125,270.5621375,0.0770165953125,0.03125,3.4811140625,0.33946875,0.7212763584565304,0.17829578437644694,0.0,429.6223671875,0.0,0.125,0.30715977409364187,0.0,0.2617006879440623,9.6993006993007,1.75,-0.4375,-0.43485315537849767,0.5544821225724524,0.07910293998596198,-0.015022003844756757,0.7195128614652557,-0.2731880127668861
Shu Hari,sup,LRS,3,52,0.5,16,0.188,16,66.9,54.6,57.6,50.4,54.0,Maze Gaming|The New Kings,184.07692307692307,194.51923076923077,0.6153846153846154,299.93416538461537,0.09779319423076924,0.07692307692307693,3.5656153846153846,0.4203942307692308,0.7175487152837221,0.24599851239276582,0.0,461.8467480769231,0.0,0.1875,0.4935784437169478,-0.6181366165502545,-0.1989618376135489,2.0267028330319468,2.2188007849009166,-0.40384615384615385,-0.5464821685637258,0.6748574959854808,-0.021282067653824406,0.13768940405932495,-0.24701923265042683,-0.05264612786023458
Celo,bot,CD,2,40,0.4,10,0.3,14,61.9,59.6,62.7,69.5,54.1,RMD Gaming,273.625,236.1,6.45,873.403355,0.30581235,0.575,1.1654849999999999,0.29275,0.6949798305299615,0.17572450565777345,0.0,368.527175,0.0,0.3,0.3823850370520759,0.4727337017732262,0.9071129433320245,5.510155316606929,2.2135943621178655,-0.4,-0.4653740878435907,0.36942412756866044,0.24642505002161974,0.41528500975026555,0.8546517560729734,-0.04866436716512082
Scout,mid,LCK,1,106,0.415,28,0.179,19,65.3,56.1,60.5,61.8,54.1,Nongshim RedForce,70.00943396226415,145.28301886792454,0.9716981132075472,743.2150509433962,0.25043556603773587,0.5566037735849056,1.2069688679245283,0.21610000000000001,0.684261113707251,0.1690006385849847,0.0,535.2802660377358,0.0,0.17857142857142858,0.4225720943304075,0.38922999496728733,0.13431378621761686,5.323232323232323,1.845443138478802,-0.36792452830188677,-0.2821018438388193,0.5700720521811599,0.05876160459414492,0.29506485968985013,0.36484356589323186,-0.04611363412970913
Elyoya,jng,LEC,1,96,0.521,21,0.238,18,56.4,64.9,53.5,64.3,57.4,Movistar KOI,-5.368421052631579,6.673684210526316,1.5473684210526315,459.0334447916667,0.164335321875,0.2708333333333333,1.9428458333333334,0.43068749999999995,0.7432158809967598,0.17408797370182294,0.0,945.3842791666666,0.0,0.23809523809523808,0.36953512088532736,-0.678813606451015,-0.07330272911051212,10.711775362318841,1.8371173070873836,-0.40625,-0.3255382313794171,0.0734529606789778,0.5467411648913185,-0.07998758420078046,0.5098784905468392,0.1285903914431004
Harky,bot,LCP,15,83,0.578,16,0.188,21,60.2,61.1,57.3,47.9,55.2,MVK Esports|MVK Esports Academy,235.34939759036143,201.3734939759036,6.385542168674699,767.3046144578313,0.2726074939759036,0.963855421686747,1.303177108433735,0.38551084337349395,0.6456012808053375,0.18541745478633828,0.0,386.57886626506024,0.0,0.1875,0.1981374977672066,0.07140008280692699,-0.3553728143715551,4.664166493221013,2.3050494597834974,-0.43373493975903615,-0.45960526679038716,0.2776950604275168,0.3249796566122472,0.12196028516883278,-0.3849488593075743,0.012038827608610893
Rharesh,bot,LIT,3,71,0.479,22,0.182,18,63.5,57.8,61.7,60.2,53.4,GMBLERS Esports,135.29577464788733,146.2394366197183,2.7464788732394365,928.076438028169,0.3072892112676056,1.1126760563380282,0.9333915492957746,0.230743661971831,0.639641585325396,0.17997592220993266,0.0,377.42421690140844,0.0,0.18181818181818182,0.34751371465631836,0.8804917378320092,-0.10249471430278335,7.371222597627092,2.1362069847489358,-0.36619718309859156,-0.5829559988245924,0.46454598047667806,0.1457253946096644,0.36181126503960637,0.2796204015881718,-0.08262245241356456
Tyrone,bot,LIT,3,59,0.814,8,0.25,17,62.8,58.4,59.5,49.6,58.7,HMBLE,327.2881355932203,232.864406779661,2.2542372881355934,924.2771135593221,0.2641732372881356,1.305084745762712,1.073306779661017,0.1689423728813559,0.6263254050289356,0.14148679686710086,0.0,289.0503050847458,0.0,0.25,0.33365640901381144,0.0,0.052130704586567544,0.0,2.213211486674006,-0.3898305084745763,-0.33830331574530326,0.4215152677942055,0.17815677212321623,0.23840570834347924,-0.28629124963614905,0.1978035577547702
SeTab,mid,LCKC,2,124,0.556,15,0.0,23,62.8,58.4,43.9,51.8,61.2,Nongshim Esports Academy,366.9596774193548,128.5483870967742,4.379032258064516,756.8123225806452,0.25938758064516126,0.5241935483870968,1.5220846774193548,0.2646177419354838,0.6080856190776224,0.22614400498987558,0.0,529.5963556451612,0.0,0.0,0.2075775532623809,-0.27455571054991623,-0.14818506729774902,4.976540795154926,2.0654609733079115,-0.3467741935483871,-0.2898492906116491,0.42252718460044836,0.18114960607490793,-0.6241239151447271,-0.1701977485761788,0.3334584624044795
Saber,mid,LPL,1,25,0.36,7,0.143,12,57.9,63.3,60.4,56.1,55.5,Ultra Prime,-20.318181818181817,198.63636363636363,2.6363636363636362,646.167412,0.28031924,0.24,1.277032,0.261596,0.7521903127383677,0.1051419410146695,1.3333333333333333,391.4441909090909,0.0,0.14285714285714285,1.012465087410779,0.0,0.3236410979711402,0.0,2.4,-0.48,-0.2661114145070955,0.15266868879278106,0.45016788994005724,0.29065276091197323,0.05821325743769715,0.02482557187533624
Namiru,mid,CD,2,54,0.5,14,0.357,16,57.9,63.3,71.8,55.5,52.6,Invokers|paiN Gaming|paiN Gaming Academy,185.33333333333334,213.35185185185185,6.518518518518518,728.2136814814816,0.2646992962962963,0.2962962962962963,1.4711814814814814,0.24579814814814813,0.6729323163755855,0.16139370256911376,0.0,417.4487277777778,0.0,0.35714285714285715,0.651229269174217,0.19728979365824018,0.04005404225121462,4.171114815696859,2.1773242158072694,-0.4074074074074074,-0.5095859417988136,0.15359626985452893,0.45357422870947867,1.0426897588716504,0.025983441574158966,-0.12897992239145906
Bisk,top,ROL,3,59,0.559,15,0.267,17,62.4,58.7,62.8,52.7,58.4,The Bandits,160.83050847457628,70.35593220338983,5.084745762711864,790.776240677966,0.251774406779661,0.6271186440677966,1.0429474576271187,0.11864915254237289,0.5269893882419063,0.1824044986679605,0.0,1229.1366847457628,0.0,0.26666666666666666,0.42612355773879296,0.2889751634244052,-0.1971480826120553,4.766987566308344,2.213211486674006,-0.3728813559322034,-0.38502541207233426,0.3972930528849316,0.1939754134827014,0.42046877620953427,-0.12018433876244196,0.18065934895993596
Zeus,top,LCK,1,135,0.63,14,0.143,29,68.2,52.8,56.0,53.5,65.5,Hanwha Life Esports,174.37037037037038,153.38518518518518,3.785185185185185,671.3200866666666,0.22579707407407407,0.4,1.222034074074074,0.1419962962962963,0.5461006579389805,0.20048621424201937,0.0,1143.883811851852,0.0,0.14285714285714285,0.300540327942089,0.3586012497007935,-0.22497327478856416,5.790741780544622,2.4959226008892244,-0.32592592592592595,-0.34722613668902996,0.7602964513816082,-0.11853256016921909,0.051027357095003376,-0.08144981088706343,0.58200865315522
B Butcher,sup,AL,3,82,0.756,8,0.5,18,60.8,60.1,76.2,48.8,57.0,Anubis Gaming|FN Esports,192.21951219512195,61.19512195121951,3.7439024390243905,259.5928865853658,0.0773639768292683,0.0,4.027318292682927,0.5377353658536586,0.6508017619984463,0.2063202536963387,0.0,467.84615365853654,0.0,0.5,0.9503273539502046,0.0,-0.024357806958688805,0.0,1.9877674693472376,-0.36585365853658536,-0.3392877482446416,0.30771262355615464,0.273129515283586,1.5289273762786517,-0.33483985299194613,0.10408198345321268
Ryuk,bot,PRM,3,54,0.463,8,0.125,16,58.7,62.2,50.3,49.8,54.2,TeamOrangeGaming,371.6111111111111,-0.4444444444444444,-1.6666666666666667,840.735825925926,0.286072,1.0,1.0261555555555555,0.2628611111111111,0.6811637889339037,0.16550272122064016,0.0,356.7187722222222,0.0,0.125,0.27995222744961373,-0.8454402799572288,-0.2159284602653097,2.1410256410256414,2.1773242158072694,-0.4074074074074074,-0.508012806008453,0.194100431430025,0.38915155021939274,-0.2481041220985539,-0.275849372509881,-0.039484183214201996
Kaido,jng,NACL,2,35,0.514,13,0.154,16,67.1,53.8,60.7,51.3,66.3,Contingent Esports,87.62857142857143,496.77142857142854,9.657142857142857,629.4619228571429,0.20773272571428572,0.5142857142857142,1.5029742857142858,0.26190857142857144,0.6363194731567419,0.137332302170391,0.0,878.4717285714286,0.0,0.15384615384615385,0.5197190058013224,-0.07794005480380804,0.02371534362864627,1.4133517423006625,2.704493615131253,-0.45714285714285713,-0.10432471143677993,0.689659521203627,-0.0641622472557283,0.3046022709448805,-0.1949521866774098,0.6319148509145851
CoBiT,sup,AL,3,21,0.619,0,0.0,10,65.4,55.4,49.2,52.9,57.8,Dragons Esports,260.1904761904762,383.9047619047619,0.3333333333333333,312.9845904761905,0.09251442857142858,0.14285714285714285,3.664304761904762,0.38050952380952385,0.7007322648129336,0.21592333687585402,0.0,505.79312857142855,0.0,0.0,0.0,0.0,0.10161011552806322,0.0,2.182178902359924,-0.5238095238095238,0.0,0.5769578520298623,0.019012106077181946,-0.3123914841169061,-0.11257371692646194,0.14943300108595112
HongSuo,mid,LCP,15,106,0.509,29,0.31,22,56.2,64.6,71.8,58.3,58.9,Deep Cross Gaming,96.50943396226415,134.16037735849056,1.7264150943396226,685.2612820754717,0.24341375471698112,0.46226415094339623,1.3737764150943395,0.3015858490566038,0.641285951868553,0.17153109370718173,0.0,506.1954216981132,0.0,0.3103448275862069,0.6149872576999277,-0.37437855434760764,-0.13110897743638994,6.629463777971911,2.136828897185981,-0.3113207547169811,-0.31483905087894354,0.06488319549772512,0.5284495707334568,1.039224572950671,0.1761271595867481,0.20747483322647517
Obstinatus,sup,NACL,2,53,0.623,6,0.0,13,59.9,60.9,47.1,53.9,52.1,Maryville University,33.58490566037736,-61.58490566037736,-0.660377358490566,274.5809113207547,0.08731592075471699,0.05660377358490566,4.556366037735849,0.6182490566037736,0.7104776337216825,0.223270489639382,0.0,364.34977547169814,0.0,0.0,0.16573100981026542,-0.12206932407358814,0.14907433144582216,1.4227854582693293,1.7856873313329573,-0.37735849056603776,-0.4117096459502624,0.2603975453853001,0.31770453860917325,-0.42684548264628247,-0.05581628137848124,-0.15452635706570408
Rookie,mid,LPL,1,73,0.493,7,0.143,19,61.1,59.6,56.0,72.6,60.3,Invictus Gaming,165.13333333333333,96.31111111111112,3.8222222222222224,722.0783136986302,0.24899201369863014,0.1643835616438356,1.3717219178082192,0.26077671232876715,0.6502806136274338,0.1612599897093081,0.56,522.7220918367346,0.0,0.14285714285714285,0.28151042112898894,0.350104727994869,0.9496627640385349,3.2981707557978743,2.223781796726481,-0.3424657534246575,-0.28540691540625535,0.3260495636721122,0.24313102686940605,0.05527326825331551,1.110100774212995,0.28282767287902727
Vampire,sup,LPL,1,158,0.506,21,0.048,21,59.1,61.6,47.1,57.2,52.6,JD Gaming,125.5,61.0,-0.359375,218.00161645569622,0.08222117405063291,0.0,4.380305063291139,0.5409493670886076,0.7441824735964278,0.20809758310255635,0.034482758620689655,419.2036449612403,0.0,0.047619047619047616,0.3530838629142079,-0.346793437433763,-0.09882806905751514,5.764448738805619,1.670670296769033,-0.3037974683544304,-0.3910575106603997,0.21684934576510642,0.35321946860839204,-0.42707130536371,0.11469392903752282,-0.12888365635963703
Nille,top,NLC,2,51,0.608,11,0.0,18,63.3,57.4,47.7,51.9,57.1,Arctic Pandas,340.4117647058824,136.90196078431373,9.450980392156863,716.0351509803921,0.2292790392156863,0.43137254901960786,1.349549019607843,0.10623921568627451,0.4995965164016178,0.16234304292656912,0.0,1150.0815666666667,0.0,0.0,0.1810372226914031,0.0,-0.10672810422264355,3.1860465116279078,2.5205041512504174,-0.47058823529411764,-0.3729415974202388,0.44970146142885076,0.12916992668647237,-0.39646821598802884,-0.1659356731039098,0.11025105477396407
Shogun,bot,LCP,15,25,0.48,3,0.0,14,59.8,60.9,50.4,55.6,63.1,1TAP Dino|MVK Esports,141.08,89.8,6.36,852.7283840000001,0.30778668,1.04,1.3885239999999999,0.344324,0.6850377026909534,0.1618063684005717,0.0,354.22625999999997,0.0,0.0,0.1730255507715516,0.0,0.06323922348896317,3.993141289437586,2.8,-0.36,-0.2431203381409796,0.25457136856670803,0.3145838649314397,-0.24257802993395441,0.03276443123279685,0.43745876804144235
Myrtus,sup,LES,3,73,0.699,4,0.25,18,61.7,58.9,72.2,51.1,57.2,Movistar KOI Fénix,196.97260273972603,143.4794520547945,1.0136986301369864,257.93246438356164,0.08238344246575342,0.0273972602739726,3.8684397260273973,0.4857178082191781,0.723924110168861,0.26083879739995297,0.0,601.2545191780822,0.0,0.25,1.1493332738705793,-0.25906721120464177,-0.14445330572351958,2.4424808907567526,2.1067406495303502,-0.3561643835616438,-0.40656497569541467,0.3584731962591212,0.2042977456133998,1.0754682233372093,-0.20462240847821145,0.11656561659097388
Tianzhen,jng,PCS,15,36,0.639,5,0.0,12,64.3,56.3,47.1,60.2,56.8,SillySilly Gaming,546.3333333333334,671.4166666666666,13.916666666666666,528.6903444444445,0.18606171944444444,0.4722222222222222,1.7008999999999999,0.30040833333333333,0.6903971650350634,0.1761588505408333,0.0,971.7109916666666,0.0,0.0,0.09529346778648239,-0.30983612921593073,0.03613357050452775,6.004399585921325,2.0,-0.4722222222222222,-0.1789007442732316,0.5095900920520984,0.07097682381728765,-0.4258562535015501,0.2755660532473364,0.09434045905434182
pr1me,top,EBL,3,22,0.727,0,0.0,8,68.2,52.4,48.8,49.3,46.9,Magaza Esports,1561.9545454545455,1086.909090909091,26.954545454545453,727.860259090909,0.24209840909090907,0.9545454545454546,0.8711318181818182,0.04770454545454546,0.47827225605335655,0.16623918335723317,0.0,799.7032272727273,0.0,0.0,0.0,0.22180041017585195,-0.485631845483453,2.2053763440860217,1.7056057308448833,-0.6363636363636364,-0.5424778157617672,0.7651288752356776,-0.13809879977935155,-0.332974920854437,-0.305346456202677,-0.4429460920287597
Juzu,top,AL,3,28,0.679,4,0.25,12,59.0,61.5,56.5,47.3,56.5,Dragons Esports,26.428571428571427,105.10714285714286,-1.75,802.2161785714286,0.26198642857142856,0.5,1.2359928571428571,0.12993928571428573,0.5429678805190417,0.14414511494643892,0.0,1229.3288,0.0,0.25,0.23848187311178248,0.0,-0.40875596012136967,0.0,2.2677868380553634,-0.39285714285714285,-0.4304786276744826,0.2122132557815774,0.35062626291572846,0.07669973123577996,-0.41510498003930496,0.08116267841095219
Achael,top,LAS,3,55,0.691,9,0.111,15,60.9,59.6,51.9,61.1,52.4,Hanwha Life Esports Academy,-98.7090909090909,-99.2909090909091,0.7818181818181819,836.7226654545454,0.2390701818181818,0.8181818181818182,1.292821818181818,0.19224727272727274,0.4735314238265416,0.2180837567203345,0.0,1043.681050909091,0.0,0.1111111111111111,0.22418268800413751,0.0,0.44042555719241544,3.8756907444407447,2.0225995873897262,-0.509090909090909,-0.34730684264850775,0.31766087807080634,0.24390323043660442,-0.16148257661463564,0.32745565409768934,-0.13513029913305066
Calmsky,sup,RL,3,53,0.509,13,0.077,16,60.4,60.0,51.1,62.5,54.5,DMG Esports|White Dragons|devils.one inStreamly,82.88679245283019,76.90566037735849,0.9811320754716981,268.4652150943396,0.0901768679245283,0.03773584905660377,3.7476245283018867,0.3797754716981132,0.7467864549270158,0.20329743971952893,0.0,618.9281320754717,0.0,0.07692307692307693,0.19712080650291683,0.0,0.9475187224990532,0.0,2.1977690231790246,-0.4528301886792453,-0.4196080778154982,0.2896006914615304,0.26648061542947793,-0.2052582447959201,0.4071310627791882,-0.023839329101062453
frosty,sup,CBLOL,15,65,0.554,9,0.333,15,58.4,62.0,65.0,53.8,50.1,RED Canids,125.29230769230769,-27.50769230769231,3.5692307692307694,237.1791153846154,0.08206750769230768,0.015384615384615385,4.395955384615385,0.5445046153846154,0.7433636802611039,0.20781500527744456,0.0,444.3830738461538,0.0,0.3333333333333333,0.4822980155674803,-0.5062583766838554,-0.028216772270241983,2.4168241115609534,1.860521018838127,-0.4307692307692308,-0.49016798305593307,0.17846356385701784,0.37967178266944346,0.5527447591191894,-0.06091065402536778,-0.26008205054500494
Marty,mid,NL,3,34,0.5,8,0.125,12,60.0,60.4,54.7,60.9,52.9,Galions Sharks,203.35294117647058,68.44117647058823,5.352941176470588,778.7613411764706,0.27889817647058823,0.7058823529411765,1.1816205882352941,0.15860588235294118,0.7064306782655649,0.1673743673704083,0.0,328.40937352941177,0.0,0.125,0.5833443884319448,-0.7757898312761862,0.4419115627574844,3.090909090909091,2.057983021710106,-0.47058823529411764,-0.38688663716801147,0.26386926963467394,0.2904685276311592,-0.01592556601143182,0.31568764696381096,-0.11123979943469148
kkkkkkkkk,top,LJL,15,53,0.792,3,0.0,13,66.8,53.6,48.6,50.3,56.1,FENNEL,716.7547169811321,628.0566037735849,15.09433962264151,725.1314075471698,0.23002232641509435,0.7169811320754716,0.9969358490566038,0.12251509433962264,0.5399593628737903,0.19308155007775177,0.0,1175.3304698113209,0.0,0.0,0.17785333040871537,-0.2335568844499823,-0.24441814482483257,3.4302521008403364,1.7856873313329573,-0.4339622641509434,-0.24941496366921476,0.6663753128960911,-0.07490292812354207,-0.3416263304982147,-0.25262405532411925,0.055647840520376975
Secrett,mid,TCL,15,63,0.587,10,0.1,18,65.3,55.0,52.5,61.7,56.0,Forsaken|SU Esports|Team Phantasma,390.4920634920635,213.46031746031747,14.11111111111111,774.6938857142858,0.26146344285714285,0.6190476190476191,1.05474126984127,0.2335920634920635,0.6357568752830247,0.19341413020526674,0.0,487.88890000000004,0.0,0.1,0.25072307009097183,-0.507322595309617,0.08509536646803058,5.906614549035255,2.2677868380553634,-0.4603174603174603,-0.2797185395140633,0.5736906671584413,0.0022141502071298443,-0.1339758045935651,0.358536327339515,0.05466580526107352
Sencux,mid,PRM,3,57,0.298,20,0.15,20,56.7,63.5,65.8,57.6,62.5,Eintracht Frankfurt,25.210526315789473,148.4561403508772,4.9298245614035086,741.2520578947368,0.25010756140350876,0.5614035087719298,1.1463824561403508,0.2089280701754386,0.6545280161694803,0.15403699169859464,0.0,530.5076105263157,0.0,0.15,0.682218625114139,1.236191261335532,-0.33170653534999656,7.790123456790123,2.6490647141300876,-0.2631578947368421,-0.5354593344399939,0.08777305864545938,0.4613149929431843,0.6030222730854913,0.13718412569798183,0.4062326261888475
qualzy,jng,HM,3,47,0.596,8,0.0,18,70.9,49.3,44.6,55.8,60.3,Otter Side|eSuba,497.6595744680851,669.5106382978723,11.340425531914894,728.5776531914894,0.19431104255319148,0.5957446808510638,1.474604255319149,0.22445106382978725,0.586989314692825,0.19189536791481823,0.0,903.2129297872341,0.0,0.0,0.16321507150715073,-0.8106469918920273,-0.035753555388511174,4.628571428571428,2.6255698469621023,-0.3404255319148936,-0.5262669860742325,0.9667736255854488,-0.3023811912368289,-0.5751219696519643,0.04328846747064968,0.28389423184513146
Jeyrus,bot,TCL,15,49,0.51,11,0.091,15,62.5,57.7,52.4,49.2,55.8,Bushido Wildcats|DIA Ozarox Esports|Otter Side,394.2857142857143,128.75510204081633,6.836734693877551,841.7341734693877,0.2847665102040816,1.0816326530612246,1.138308163265306,0.2820938775510204,0.6762647170119782,0.1964650089956532,0.0,397.2977857142857,0.0,0.09090909090909091,0.3038078432771584,-0.4482435926303871,-0.1554456788191728,1.8185042735042733,2.142857142857143,-0.3469387755102041,-0.4638751235706865,0.40461301338256295,0.140448044981434,-0.1382027798368796,-0.3103012259031299,0.04471484977770748
Ruep,bot,TCL,15,45,0.733,2,0.0,13,64.2,56.0,55.2,58.9,53.8,Bushido Wildcats|Misa Esports,540.0888888888888,284.0,9.911111111111111,827.7932111111111,0.28917984444444444,1.0444444444444445,1.3195444444444444,0.28350888888888887,0.6317865582114927,0.19140052662240487,0.0,339.0074266666667,0.0,0.0,0.4027977268469369,0.3443626652771446,0.19869084794619257,4.568627450980393,1.9379255804998177,-0.4888888888888889,-0.19172552176684177,0.5062660206040377,0.051696243993335576,0.012352077186504842,0.20838526768024682,-0.06242534660889297
Daglas,jng,LEC,1,56,0.429,10,0.1,15,68.3,51.9,51.2,38.8,49.7,Team Heretics|Team Heretics Academy,312.9107142857143,442.375,9.482142857142858,471.02468392857145,0.16853095535714285,0.42857142857142855,1.6723714285714286,0.3545714285714286,0.6940292541343249,0.18402568560242155,0.0,966.4611339285714,0.0,0.1,0.1956898308538822,0.0,-0.6009161766716806,0.0,2.004459314343183,-0.42857142857142855,-0.6281918982984955,0.7690304858122939,-0.1614040330054256,-0.19986719709050105,-0.9890713480247886,-0.2816042184049756
Saifer,mid,LRS,3,50,0.6,7,0.0,16,56.8,63.4,52.5,50.6,57.1,Docta Esports|Golden Lions,25.98,198.46,-0.28,739.443628,0.23939294,0.8,1.253958,0.18907799999999997,0.6529051592513868,0.15969926260961045,0.0,569.346314,0.0,0.0,0.3074382679700075,0.5816451061752501,-0.19743375042751174,2.3056900726392255,2.262741699796952,-0.44,-0.3001863962951474,0.09376243572287604,0.45618111689363744,-0.13452047367562814,-0.23139552886970324,0.10836084882811826
Ramune,mid,LJL,15,54,0.648,4,0.0,16,65.8,54.3,44.7,64.1,56.0,Rising Gaming,422.74074074074076,255.88888888888889,4.944444444444445,800.8926740740741,0.2535277037037037,0.9444444444444444,1.0227462962962963,0.18954444444444446,0.5865150870408509,0.15674672134129478,0.0,458.5504833333333,0.0,0.0,0.06961079829221507,-0.5309236372748182,0.16839934276488594,6.784705882352942,2.1773242158072694,-0.37037037037037035,-0.3592364896896375,0.6049753716175569,-0.037023539685963114,-0.568909722415093,0.5018010917825617,0.050467310863971854
STEPZ,jng,CBLOL,15,54,0.519,5,0.2,15,60.7,59.4,65.3,44.0,54.6,RED Canids,436.1296296296296,381.25925925925924,6.722222222222222,486.7115611111111,0.17987867962962964,0.3333333333333333,1.8493037037037037,0.3918462962962963,0.7107162196673147,0.20478416554894247,0.0,1033.6000055555555,0.0,0.2,0.3652751100196941,0.779678263397616,-0.45538345679548736,1.0,2.041241452319315,-0.3333333333333333,-0.5851977421391087,0.3067171091630224,0.23446958254879638,0.5692908586342152,-0.6171294195615346,-0.020005122915923636
Reedfoo,bot,HC,3,28,0.821,2,0.0,15,69.6,50.5,52.1,46.8,59.8,Ethereal Enigmas,975.0714285714286,265.07142857142856,15.678571428571429,1133.8175357142857,0.3043771071428571,2.0,0.7111392857142856,0.13229642857142856,0.6295318456737016,0.23726212551331413,0.0,468.42551071428574,0.0,0.0,0.41517889237700395,-0.31068363009009076,-0.5765924283531196,0.8232456140350877,2.834733547569204,-0.42857142857142855,-0.4123249149620452,0.8666265051796993,-0.24091985215341966,-0.15508246117669847,-0.44702479714799837,0.25730125532997977
Wei,jng,LPL,1,111,0.459,13,0.077,16,57.9,62.1,46.1,61.9,53.7,Invictus Gaming,153.3048780487805,-100.1829268292683,-0.3170731707317073,475.525972072072,0.16843204684684684,0.1981981981981982,1.9409135135135134,0.386409009009009,0.7332610263992522,0.19623216715755779,12.384615384615385,926.5814360465117,0.0,0.07692307692307693,0.19453826034471192,-0.3031238348561082,0.16943924817388192,5.015023810232534,1.5186527932039984,-0.36936936936936937,-0.34243463819555925,0.15066774889217627,0.38463559965087835,-0.48974464442795296,0.3692117423617717,-0.07062348660463558
Hizto,jng,LCP,15,110,0.691,16,0.188,19,62.7,57.3,61.2,56.5,51.9,Team Secret|Team Secret Whales,207.21818181818182,430.4818181818182,6.0181818181818185,519.2841081818182,0.17717967454545455,0.509090909090909,1.7568845454545454,0.2689127272727273,0.7207780455594834,0.19741634806235658,0.0,969.3801027272727,0.0,0.1875,0.42296589928908845,-0.13439494096519047,-0.011236214695466715,3.4650221846634444,1.8115789195666254,-0.45454545454545453,-0.29893594779623633,0.41658827052825886,0.12134158223820722,0.33102584022802733,0.07642719457295427,-0.16387728978397456
Zdz,top,LPL,1,78,0.346,14,0.0,18,56.7,63.3,59.3,42.6,53.3,EDward Gaming,116.73015873015873,3.9682539682539684,3.2857142857142856,580.7699346153846,0.22759129358974362,0.20512820512820512,1.5069923076923077,0.2019923076923077,0.5565393665150803,0.21340183230173757,0.7647058823529411,1233.92079375,0.0,0.0,0.34881636716630476,1.5221456692913384,-0.5322324894745475,2.389983579638752,2.038098661460272,-0.358974358974359,-0.4627715224048556,0.08713693428665556,0.45480363357663695,0.22911249022822072,-0.7041277737630951,-0.09094477644057933
Morttheus,bot,CBLOL,15,68,0.471,9,0.111,18,58.2,61.8,52.0,48.8,56.5,RED Canids|Vivo Keyd Stars,189.89705882352942,110.94117647058823,3.838235294117647,767.0606970588235,0.2926399411764706,0.7205882352941176,1.3569955882352942,0.3492926470588235,0.6377783669157251,0.14886186602094748,0.0,322.3846720588235,0.0,0.1111111111111111,0.3304755372656607,-0.6999406997430322,-0.2888650532948984,4.052631578947368,2.182820625326997,-0.38235294117647056,-0.405030762152355,0.17080881955425675,0.3669060773176124,-0.15860262681528922,-0.33129803510279066,0.07648194502128244
Guga,jng,CD,2,30,0.633,4,0.25,11,63.2,56.8,61.6,53.5,57.3,Invokers,290.46666666666664,258.53333333333336,5.133333333333334,557.6528933333334,0.18740469,0.5666666666666667,1.4624566666666667,0.25488,0.7170152333706047,0.1631784664300759,0.0,1097.2080066666667,0.0,0.25,0.5849274283587643,-0.72007722007722,-0.0678189734793509,4.369507015845608,2.008316044185609,-0.6,0.0,0.4438260975876456,0.09489072235354482,0.35355513259288085,-0.07875014886112061,0.11889977289384103
Hieu3,sup,VCS,15,21,0.333,9,0.0,11,62.9,57.1,51.5,57.0,60.3,1TAP Dino,105.42857142857143,162.04761904761904,5.666666666666667,263.5671904761905,0.09599664285714285,0.09523809523809523,4.145195238095238,0.5154666666666666,0.6899052765736325,0.1971544944318912,0.0,619.3580952380953,0.0,0.0,0.3693811349370182,-0.718997758672599,0.3340733340733342,1.0517241379310345,2.400396792595916,-0.47619047619047616,0.0,0.4292876171687262,0.11207914426411436,-0.18669395386530924,0.10621792957808676,0.28497887514777276
Izo,jng,LIT,3,32,0.344,14,0.0,14,59.6,60.3,46.6,56.5,51.0,EKO Esports|GMBLERS Esports|P11 Esports,63.1875,-37.0625,2.71875,585.81185625,0.21214366875,0.46875,1.4573875,0.317209375,0.770560542067264,0.2190519768741312,0.0,1064.428,0.0,0.0,0.10935905128950643,-0.5608571492815866,0.15338120428546867,3.1904761904761902,2.4748737341529163,-0.40625,-0.907069776666226,0.24384856780713943,0.28415112383744123,-0.4585273163204715,0.07880171622777297,-0.21423190297245703
iBo,top,RL,3,79,0.62,14,0.0,19,58.0,61.9,49.9,56.9,56.5,Forsaken|WLGaming Esports|devils.one inStreamly,170.9493670886076,173.32911392405063,7.139240506329114,735.1743265822785,0.219575035443038,0.26582278481012656,1.406173417721519,0.19450126582278482,0.44693059384182054,0.2134204162992958,0.0,1330.7557025316457,0.0,0.0,0.24926918742979548,0.4663673572692708,-0.14292204839311776,7.192755296871151,2.1376670117594454,-0.3670886075949367,-0.45792674912581194,0.1577422670565299,0.37233460794042383,-0.27159449416181053,0.09842609290829976,0.08093652801167175
uden,sup,NLC,2,26,0.5,5,0.2,12,61.6,58.3,55.7,52.5,58.5,Deer Gaming,239.53846153846155,302.96153846153845,0.9615384615384616,241.27748846153847,0.08147349999999999,0.038461538461538464,3.540980769230769,0.38458846153846155,0.7712550646058625,0.10498871443463582,0.0,371.6681384615385,0.0,0.2,0.546765563144386,-0.7017692656659895,-0.23036970182041108,2.851949317738791,2.3533936216582085,-0.38461538461538464,-0.4131928766914873,0.35530977481628373,0.1740281407167295,0.039146616427299843,-0.13092600298120086,0.1847578291050457
ianshaka,bot,LRS,3,59,0.593,11,0.182,16,58.0,61.9,59.4,60.4,58.1,Volticons,218.45762711864407,104.57627118644068,6.237288135593221,807.8399711864406,0.2706730338983051,0.9152542372881356,1.1890898305084745,0.2616271186440678,0.5944176505044828,0.14199371270604938,0.0,349.23297118644064,0.0,0.18181818181818182,0.5643192403672039,-0.44822549568027853,0.2570178979948864,4.841150793650794,2.083022575693182,-0.3728813559322034,-0.33425186175699756,0.1604365051031681,0.3710609733247334,0.2347807994589719,0.2903571948850285,0.16176735059130823
Spica,sup,NACL,2,47,0.638,4,0.0,17,63.0,56.9,43.9,56.1,61.8,NRG,264.1489361702128,152.4468085106383,2.425531914893617,233.14978936170212,0.07994508723404255,0.0425531914893617,3.8606361702127656,0.5073531914893618,0.7432428659461442,0.21101547417419228,0.0,496.9264063829787,0.0,0.0,0.15816358142372364,-0.8391209584364152,-0.27026263027404757,6.261904761904763,2.4797048554642074,-0.3617021276595745,-0.44946579597501296,0.43234593416033545,0.10058253237194648,-0.6249934167376723,0.0570239206916664,0.3645029637341985
Habubu,jng,PRM,3,101,0.683,15,0.4,19,64.4,55.4,71.1,61.7,60.7,Berlin International Gaming,357.76237623762376,278.1188118811881,7.683168316831683,572.4647455445545,0.17091444455445542,0.45544554455445546,1.560868316831683,0.2793178217821782,0.6489992732826989,0.20533933238449317,0.0,1059.5803376237625,0.0,0.4,0.32942840248950006,0.4408724712876887,-0.12412655556430606,8.822112974744554,1.8905706613989794,-0.40594059405940597,-0.18822521835152414,0.5163052947791203,0.022347475850284577,0.9792364198020307,0.3626928593470573,0.3035623605530894
Zelt,mid,LRN,3,29,0.69,2,0.0,15,64.9,54.9,49.0,48.8,58.1,Zeu5 Esports,739.2413793103449,252.48275862068965,5.689655172413793,838.4658896551724,0.2570161724137931,1.0689655172413792,1.0180137931034483,0.12031724137931034,0.6238604271060729,0.17632546507026062,0.0,453.8306344827586,0.0,0.0,0.19097767997485068,-0.3221925133689839,-0.2186788154897495,0.0,2.785430072655778,-0.41379310344827586,-0.47999935479789346,0.548501168323557,-0.0028181028875198504,-0.3208252461798593,-0.33487884836469206,0.16355399004633955
frajgo,top,RL,3,66,0.621,9,0.111,26,62.4,57.4,49.0,56.9,67.7,Bomba Team,276.1515151515151,-46.09090909090909,6.4393939393939394,784.2327848484848,0.25109810606060606,0.5909090909090909,1.1609212121212122,0.16704090909090907,0.5175056760989484,0.243503022817459,0.0,977.9120439393939,0.0,0.1111111111111111,0.20543842179132327,-0.5068772612084217,0.0970536709667145,4.388283584912799,3.2003787654626508,-0.36363636363636365,-0.39967813548422376,0.40283290250781995,0.12729323804640025,-0.3196160544382747,0.0978176070321512,0.7267939873928487
Potential,top,LJL,15,21,0.238,7,0.143,15,63.5,56.3,60.7,48.4,59.5,DetonatioN FocusMe Academy,637.4285714285714,570.0,22.61904761904762,783.608680952381,0.28420300000000004,0.38095238095238093,1.1489571428571428,0.16117142857142858,0.4807572706615777,0.16382973424943087,0.0,1153.6713047619046,0.0,0.14285714285714285,0.74098764868382,0.0,-0.39392256686867577,0.0,3.2732683535398857,-0.3333333333333333,-0.7376068000861913,0.46215501112294854,0.06719554576937771,0.3060857845777299,-0.3572546398470648,0.23863835167961395
Angel,mid,LPL,1,31,0.516,0,0.0,12,55.8,63.9,51.0,49.1,50.4,EDward Gaming,74.76,-77.8,-2.08,689.2190838709678,0.2587649032258065,0.2903225806451613,1.516316129032258,0.27611935483870964,0.6848254315242882,0.15541177821657762,2.6666666666666665,464.003396,0.0,0.0,0.0,0.6436855081727694,-0.4081874029091936,3.4,2.155263624321299,-0.4838709677419355,-0.4081087823330734,0.043741368933025326,0.4882738271412161,-0.21145622408965312,-0.31337904739849665,-0.2430708662197597
Junhao,jng,LPL,1,80,0.325,21,0.0,16,58.2,61.4,47.8,65.3,50.3,ThunderTalk Gaming,-48.01538461538462,62.46153846153846,2.4307692307692306,458.7960225,0.17633466874999998,0.2875,1.78722375,0.38946625,0.7534816684947245,0.18269298342131293,10.0,900.8872318181818,0.0,0.0,0.162812678887602,0.18053451077131058,0.17641859122061593,7.760342789598109,1.7888543819998317,-0.4375,-0.4732455967887675,0.17035353380648408,0.34197713185668244,-0.3879408408138556,0.5723500010086926,-0.24946737257226226
Theocacs,jng,AL,3,46,0.783,2,0.0,11,64.7,54.9,60.3,48.4,54.1,Anubis Gaming,385.3695652173913,705.4130434782609,9.456521739130435,581.0154413043477,0.1709705652173913,0.4782608695652174,1.3410304347826087,0.23916304347826087,0.6439416365772355,0.17208914437575584,0.0,1247.7258,0.0,0.0,0.7783237399971922,0.0,-0.12217796236151504,0.0,1.6218615177038684,-0.4782608695652174,-0.24156769949520024,0.5355031994711462,-0.00539422521300921,0.2804030549934009,-0.35207172639803186,-0.048931805379427276
Bluffing,sup,LCKC,2,99,0.414,29,0.172,19,58.5,61.0,51.1,66.8,52.6,Hanwha Life Esports|Hanwha Life Esports Challengers,35.36363636363637,-51.83838383838384,-1.303030303030303,252.01286767676768,0.09537027373737374,0.030303030303030304,4.169052525252525,0.5020343434343434,0.7666357404415588,0.2202585087729845,0.0,475.7822484848485,0.0,0.1724137931034483,0.3854248390431003,-0.828662006542098,-0.15439832924484526,10.981060606060606,1.9095718489925029,-0.3838383838383838,-0.4370688694996904,0.18596425564502453,0.32067806545281397,-0.2067475045310521,0.6693346586102824,-0.12666842825297947
Delight,sup,LCK,1,129,0.628,14,0.143,18,58.4,61.1,56.9,57.1,51.4,Hanwha Life Esports,79.05426356589147,3.9302325581395348,3.612403100775194,215.21357906976743,0.07161776666666667,0.015503875968992248,4.348441085271317,0.5367550387596899,0.7447011526574968,0.1999870824979736,0.0,486.0404395348837,0.0,0.14285714285714285,0.34032018953177423,0.2504612695030706,-0.07187577988710593,5.432802480338778,1.584811631386123,-0.3333333333333333,-0.3287359461054947,0.18113888666731065,0.32960297833926533,0.10213803377047984,0.10868751216369535,-0.19111434048789536
DenVoksne,bot,PRM,3,95,0.568,37,0.351,24,57.9,61.6,62.7,55.7,62.8,Unicorns of Love Sexy Edition,-162.21052631578948,-233.86315789473684,2.6736842105263157,917.8232884210527,0.30947094736842107,0.9052631578947369,1.0744957894736842,0.31432736842105263,0.6218591515289652,0.19933792815465318,0.0,437.6676936842105,0.0,0.35135135135135137,0.3356578774641125,-0.34552452461733796,-0.12182519891571891,4.96115506460334,2.46234804500437,-0.35789473684210527,-0.36659789158716183,0.1550981192592041,0.3539817243612063,0.4184312848363491,0.03710267901859046,0.4228108497755849
Jeykup,jng,LIT,3,26,0.5,6,0.167,11,60.2,59.3,63.0,57.2,53.6,BK ROG Esports|Colossal Gaming,306.34615384615387,403.7307692307692,11.461538461538462,549.297776923077,0.19345217307692308,0.23076923076923078,1.6387653846153847,0.3548653846153846,0.6931797691730226,0.1949358084900264,0.0,949.2858115384616,0.0,0.16666666666666666,0.33520597556820064,1.675280949997725,0.2846867487980767,2.5823529411764707,2.1572774865200244,-0.5,-0.4795181262652222,0.2750904874944097,0.2286900886119136,0.4323769620248558,0.11592796753372173,-0.07262816288378561
Nan0,mid,NLC,2,39,0.769,2,0.0,12,68.6,50.9,46.5,54.1,55.2,CITA Kaizen|Caldya Esport|Ruddy Corporation,659.5641025641025,420.6666666666667,13.384615384615385,816.4814461538462,0.2593274358974359,0.7435897435897436,0.9654692307692309,0.14896666666666666,0.6027240962891959,0.14832606391429923,0.0,468.7735846153846,0.0,0.0,0.22616537623358907,-0.6132127731813227,0.08947279422816794,2.0887147335423197,1.9215378456610455,-0.4358974358974359,-0.2319290262404084,0.7874522787519046,-0.21923324818062118,-0.46595872194814136,-0.049169545899681366,0.012353571114476304
lee sang,mid,RL,3,24,0.417,4,0.5,10,58.9,60.6,73.6,61.3,52.0,LODIS,237.16666666666666,-3.4583333333333335,5.833333333333333,795.8045291666667,0.25846908333333335,0.8333333333333334,1.2465791666666666,0.21304166666666666,0.6722074007588174,0.1732879558881878,0.0,460.0528291666667,0.0,0.5,1.9343640806632105,0.0,0.7101798545097514,1.8837209302325582,2.041241452319315,-0.5,-0.42487318567157434,0.20784394021995609,0.2969646058582493,1.2164515003438434,0.3382208629562858,-0.15783576706552976
Horder,top,NACL,2,50,0.64,4,0.25,18,59.1,60.4,61.9,52.8,59.0,Cupid Esports|Supernova,428.22,249.08,9.36,574.857628,0.21011448000000002,0.5,1.287546,0.169162,0.5353304678964834,0.18130102587620425,0.0,1133.313424,0.0,0.25,0.45941807044410415,-0.0476999003893869,0.15761845558778811,2.142276422764228,2.545584412271571,-0.4,-0.4611617502447201,0.21633538174936937,0.2869140308980042,0.3711798194913314,-0.11601561011124377,0.21149329865903993
kingpo54,sup,PCS,15,35,0.629,1,0.0,14,62.0,57.5,45.8,53.6,57.4,Frank Esports,312.65714285714284,39.371428571428574,0.2571428571428571,255.53444571428568,0.08780933428571429,0.02857142857142857,3.8884057142857142,0.5057742857142857,0.7540941025611774,0.22081854029586262,0.0,495.66836571428576,0.0,0.0,0.03776204359294738,-0.509386032463571,-0.09272182746841959,2.7244855476064984,2.3664319132398464,-0.4,-0.43557332917712305,0.37791037949022954,0.13225528338521975,-0.504802057149398,-0.07435504454140951,0.1274518690547111
NuQ,top,ROL,3,70,0.743,9,0.333,26,66.2,53.2,65.5,49.3,68.9,Bulldog Esports|Frites Esports Club,536.4285714285714,361.64285714285717,6.142857142857143,805.8493971428572,0.24712508571428574,0.5285714285714286,1.2506942857142855,0.11494285714285714,0.5014873377884873,0.27845827407972357,0.0,1012.5343671428571,0.0,0.3333333333333333,0.4842310253614248,0.0,-0.09438619045362995,1.1336601307189542,3.1075943842694236,-0.3142857142857143,-0.3835861690617131,0.6278424969184676,-0.09372385837793965,0.5844664629701803,-0.3025311227590227,0.813858745413667
Wolorz,mid,ROL,3,72,0.861,6,0.5,19,62.7,56.7,71.7,53.2,63.6,Frites Esports Club,387.52777777777777,271.75,11.541666666666666,769.5263791666666,0.23202780555555558,0.7083333333333334,1.0245444444444445,0.15166527777777777,0.5794591723269732,0.14333736045852413,0.0,470.71977638888893,0.0,0.5,0.6310001486104919,0.0,0.0874284876045179,1.192982456140351,2.2391714737574007,-0.3194444444444444,-0.22542926245505507,0.4174169758928883,0.09049784688113555,1.0311515593642724,-0.09729765454231712,0.47049964819188245
Bonnie,jng,TCL,15,29,0.586,4,0.0,9,60.5,58.9,50.1,60.7,49.2,S2G Esports,398.41379310344826,433.6896551724138,8.758620689655173,511.39758620689656,0.18306403103448277,0.4482758620689655,1.6867275862068967,0.34973793103448275,0.7094034947426295,0.15262414625337653,0.0,1064.935872413793,0.0,0.0,0.174057412167952,-0.13364847443059735,0.15145872129112353,5.692307692307693,1.671258043593467,-0.5862068965517241,-0.23852756696278515,0.2946062863064505,0.2057032932630561,-0.26102200422065935,0.3067535798714226,-0.31245646568031116
ANDARIEL,bot,LES,3,83,0.59,16,0.312,19,57.7,61.7,62.5,55.9,60.0,UCAM Esports,237.710843373494,213.86746987951807,3.4216867469879517,769.186313253012,0.2627179277108434,0.9759036144578314,1.0742313253012048,0.22375542168674697,0.6689790920319784,0.17401147303427275,0.0,359.6395204819277,0.0,0.3125,0.3650843137254902,-0.13929724133731197,0.3494595143158322,1.3235025920208994,2.0855209398041166,-0.3855421686746988,-0.25095165422783505,0.1427544001210634,0.35824214844518826,0.4064454650973881,0.04954820349494607,0.2682349527410751
Wamu,top,LRS,3,57,0.667,9,0.111,20,58.7,60.7,56.4,49.0,62.0,Golden Lions|Maze Gaming,113.50877192982456,115.6140350877193,1.9298245614035088,736.3596438596492,0.2293237543859649,0.543859649122807,1.0726701754385966,0.1207280701754386,0.596981046511259,0.20679798114526704,0.0,1162.103347368421,0.0,0.1111111111111111,0.36953859422164725,0.3550377420413522,-0.24941124827230302,2.322997722997723,2.6490647141300876,-0.3508771929824561,-0.44553957088149015,0.19679451118060007,0.304451480359651,0.07599501132270456,-0.3227479926224672,0.3761690192736321
Naak Nako,top,LEC,1,81,0.543,11,0.182,26,72.4,46.9,57.1,47.7,66.1,Team Vitality,471.9625,560.9625,10.6625,660.9236049382716,0.22660906172839504,0.345679012345679,1.1938864197530865,0.15510864197530866,0.47962399084100676,0.2129529359898253,0.0,1085.2666740740742,0.0,0.18181818181818182,0.3968906529375214,0.0,-0.014835961399676743,0.0,2.888888888888889,-0.37037037037037035,-0.36811400051892484,1.096847922945416,-0.4421711058643074,0.11171160613619348,-0.39442141645715223,0.6225023093993489
rre,mid,LJL,15,47,0.596,13,0.231,15,61.3,58.0,58.2,59.1,55.6,L Guide Gaming,192.80851063829786,104.02127659574468,2.382978723404255,784.2267170212766,0.27059536170212767,0.6170212765957447,1.1700489361702127,0.20032765957446808,0.6985203355317501,0.19548762778867218,0.0,555.7143,0.0,0.23076923076923078,0.23402198281557043,-0.4656516994490431,0.1272759866390735,3.9768974162707678,2.1879748724684185,-0.40425531914893614,-0.3354921203639223,0.3371024484010205,0.16120325472903477,0.16823702040830293,0.2197431649473804,0.030071030801774052
Sniper,top,NACL,2,51,0.569,7,0.143,15,57.0,62.3,56.7,52.9,57.1,Conviction,239.9607843137255,63.27450980392157,3.764705882352941,604.5347627450981,0.21857206274509802,0.47058823529411764,1.239094117647059,0.17478235294117647,0.5428562721432806,0.1528208163592404,0.0,1144.6595862745098,0.0,0.14285714285714285,0.3713306766692126,0.0,0.4705239856697636,0.0,2.100420126042015,-0.4117647058823529,-0.30941239883993404,0.10740481576427603,0.3949408656250806,0.09124286647596717,-0.11153975211893252,0.10828673794085363
Vaynedeta,bot,HLL,3,50,0.6,9,0.333,14,62.1,57.0,66.4,61.4,57.1,Gamespace Mediterranean College Esports|Team Phantasma,232.54,193.2,7.04,882.84717,0.27953037999999997,1.32,0.96419,0.23125199999999999,0.6135528612264793,0.1660368317812119,0.0,344.819418,0.0,0.3333333333333333,0.5257285476916459,0.4030776477977547,0.44750813495461567,4.209930313588851,1.979898987322333,-0.44,-0.21959597677342219,0.3819538676166061,0.10611038196314869,0.6395298526777239,0.3432447190409054,0.11188238886259108
Caliste,bot,LEC,1,135,0.644,25,0.2,20,60.8,58.3,57.2,59.1,59.5,Karmine Corp,30.637037037037036,18.814814814814813,1.674074074074074,820.4873311111111,0.2841897703703704,0.6666666666666666,1.4121874074074074,0.34723925925925925,0.6399692564229431,0.16386412735692638,0.0,367.6802118518519,0.0,0.2,0.4120420285302749,-0.111181942658676,0.14155028825464566,3.7459999601981244,1.721325931647741,-0.362962962962963,-0.19953575977221008,0.30871326149516143,0.17378146083409765,0.11414686317772152,0.21693085677909815,0.2389931446718389
Zhuo,sup,LPL,1,108,0.519,18,0.167,21,55.9,63.2,56.3,48.0,56.9,Ninjas in Pyjamas|Top Esports,-13.11111111111111,141.5185185185185,2.2839506172839505,208.66189629629628,0.07660907222222223,0.009259259259259259,4.310056481481482,0.4965759259259259,0.7680329229267668,0.18152815627769045,0.043478260869565216,408.68057441860464,0.0,0.16666666666666666,0.4544059405623908,-0.20817101298930615,-0.14379147923750435,2.037085137085137,2.0207259421636903,-0.3611111111111111,-0.32532652650747335,0.04945589701508218,0.44389003986754294,0.06963474706866271,-0.37673031787399364,0.1010916073835921
Kryze,top,LFL,2,96,0.708,9,0.333,17,66.8,52.3,70.9,58.9,50.6,Solary,453.8229166666667,431.7083333333333,7.958333333333333,703.6614760416666,0.23071463541666667,0.34375,1.0176489583333332,0.10724479166666667,0.4897317374440755,0.1621293054166134,0.0,1274.958846875,0.0,0.3333333333333333,0.6196225483388114,0.06665548286081767,-0.09165781083953238,8.731567852437419,1.735055234471418,-0.4791666666666667,-0.25822639537243536,0.6643298807159718,-0.14286138673590046,0.9691322300443936,0.2047410838626892,-0.23167125327350063
huhi,sup,LCS,1,82,0.488,15,0.267,21,55.5,63.6,61.8,53.9,63.0,Sentinels,75.51219512195122,-88.01219512195122,3.4146341463414633,199.4424073170732,0.07617783048780488,0.012195121951219513,4.549515853658536,0.4991780487804878,0.7898442636091848,0.21268218723725343,0.0,415.74925609756093,0.0,0.26666666666666666,0.3772519443614908,0.20347865213294272,-0.047368245274196835,3.6412225048783724,2.3190620475717774,-0.36585365853658536,-0.24448301645830245,0.027245855552825018,0.4678383342476097,0.3666421230405496,-0.059139228226068465,0.43468674195114226
Dimitry,jng,LRN,3,29,0.448,3,0.333,13,61.8,57.3,61.3,59.1,60.2,Kits Esports,232.20689655172413,157.86206896551724,1.0344827586206897,654.0282586206896,0.20979813793103447,0.3793103448275862,1.3183275862068964,0.28732068965517243,0.7074565997106975,0.2107390207082118,0.0,1402.4073344827586,0.0,0.3333333333333333,0.3512968548039639,-0.20806352286935262,0.285855682012103,4.319444444444445,2.4140393963016744,-0.4482758620689655,-0.2065816333380953,0.36716729668183457,0.12056427473302776,0.33705777890286154,0.2192419519882694,0.2756948534888213
Xicor,bot,AL,3,70,0.657,10,0.4,13,63.4,55.6,68.2,46.9,48.8,FN Esports,528.0428571428571,254.77142857142857,8.4,888.0255142857143,0.2653045,0.9,1.1807271428571429,0.2567757142857143,0.5699607152363614,0.21489073471861694,0.0,381.0895642857143,0.0,0.4,0.45778942274911755,0.2434679381243573,-0.3042107155465743,1.4705882352941173,1.5537971921347118,-0.4857142857142857,-0.32947931808056236,0.45643781753227985,0.03337881322101807,0.7603156778745122,-0.43932963630600635,-0.32991053178806024
Shad0w,jng,LCP,15,87,0.46,18,0.167,16,57.5,61.5,63.3,53.9,53.7,CTBC Flying Oyster,82.3103448275862,42.58620689655172,2.1954022988505746,517.578616091954,0.18491189770114944,0.3793103448275862,1.9307333333333334,0.4005183908045977,0.7305317305926858,0.21554004115181896,0.0,989.6837597701149,0.0,0.16666666666666666,0.3591386334328385,0.45336275613943844,-0.04947672099463768,2.744109269941577,1.7153800557404717,-0.3793103448275862,-0.30898817963301856,0.13292932012959793,0.34693242893962833,0.45312776537652744,-0.055325554164530666,-0.06978852423430451
Alvaro,sup,LEC,1,96,0.521,21,0.238,18,62.2,56.8,52.8,63.3,56.3,Movistar KOI,34.757894736842104,-7.91578947368421,2.4105263157894736,233.71962291666668,0.08605549375,0.03125,4.448139583333334,0.5277010416666666,0.7289455209190127,0.23993078613591667,0.0,453.29345520833334,0.0,0.23809523809523808,0.36852198778869777,-0.7341891953232907,0.09134228210346239,6.67399161168724,1.8371173070873836,-0.3541666666666667,-0.2660618895222702,0.3899926262022186,0.09402900574073242,-0.11430920180662357,0.4493532352986397,0.06654573413922929
Wildenbruch,sup,PRM,3,83,0.518,19,0.158,16,59.1,59.9,60.0,53.3,53.1,E WIE EINFACH E-SPORTS,91.10843373493977,55.674698795180724,0.5421686746987951,251.22633253012046,0.08722273734939759,0.03614457831325301,4.2438975903614455,0.5198506024096385,0.7107658371820283,0.29263060382090667,0.0,618.3661180722892,0.0,0.15789473684210525,0.36624753720303366,0.5474912488680563,0.09990021255858193,1.5532496782496783,1.7562281598350455,-0.40963855421686746,-0.3123980069724029,0.21873969336817392,0.2591399639316821,0.26709257145245896,-0.08862885483504943,-0.1001790881502708
ESCIK,mid,LES,3,83,0.59,16,0.312,18,56.4,62.6,61.0,56.0,54.4,UCAM Esports,-60.75903614457831,62.01204819277108,1.3012048192771084,759.7413819277108,0.25616885542168677,0.6385542168674698,1.1188409638554218,0.1897132530120482,0.635437446188366,0.15865428715487417,0.0,568.3920277108434,0.0,0.3125,0.37139837247521607,-0.3723966755376146,0.11055550662321484,2.4119823633156967,1.9757566798144262,-0.40963855421686746,-0.3525558686533782,0.07189207715990725,0.4099190324681346,0.3220386715917114,0.05229373816980606,-0.029883149746417488
Solid,jng,LAS,3,98,0.622,19,0.158,10,58.4,60.6,53.1,48.7,45.3,Dplus Kia|Dplus Kia Academy|Dplus Kia Challengers,150.55102040816325,303.09183673469386,5.418367346938775,521.317337755102,0.16593759897959184,0.336734693877551,1.7498438775510206,0.39238061224489795,0.6178434663704689,0.193519815296692,0.0,1010.2374102040816,0.0,0.15789473684210525,0.23895271320724062,-0.40621924040836616,-0.2671449641945827,3.153064001805811,1.0101525445522108,-0.5,-0.3051606049545825,0.17799396674152507,0.3005790690657816,-0.10237076257304001,-0.3374257199677976,-0.5367994331544413
Tomo,bot,NACL,2,22,0.545,4,0.25,16,60.7,58.3,57.4,65.5,65.7,Winthrop University,435.59090909090907,374.6363636363636,13.090909090909092,813.0684136363635,0.2911975,0.6818181818181818,1.1927136363636364,0.3037681818181818,0.6320266622886904,0.1470038187720122,0.0,410.8109909090909,0.0,0.25,0.4856828193832599,-0.874,0.4900990099009901,14.2,3.4112114616897666,-0.4090909090909091,-0.23831832004722467,0.3073119568235064,0.17363458309459814,0.12486638257789427,0.5842346753090606,0.5969209870751302
Camana,mid,LPLOL,3,52,0.712,5,0.0,17,60.9,58.0,49.1,52.5,56.6,Bushido Wildcats|Otter Side,287.09615384615387,186.8653846153846,6.711538461538462,767.0234038461538,0.24649717307692307,0.7692307692307693,1.0733192307692307,0.15093653846153846,0.6107626625601325,0.15271012899571834,0.0,489.26569807692306,0.0,0.0,0.2739265063425524,-0.06883660665958072,-0.004254165470833517,1.5626811594202898,2.3574758339572237,-0.4230769230769231,-0.3987880094108366,0.3132838567563218,0.1605874932575461,-0.31656475344553414,-0.13231288630625435,0.08488763495618777
Odi11,bot,RL,3,67,0.627,9,0.111,14,63.6,55.2,52.7,49.9,48.3,Bomba Team,329.34328358208955,292.3731343283582,4.537313432835821,904.378,0.29436441791044776,0.835820895522388,0.7475999999999999,0.17393731343283583,0.6406114159319084,0.150153100254309,0.0,354.99545970149256,0.0,0.1111111111111111,0.32140405839575886,-0.31028279947063436,-0.11750719584870485,1.6599474308539988,1.710372220988273,-0.5970149253731343,-0.26436955184649585,0.46973151345300157,0.012869044912318684,-0.11932506877117058,-0.27368500519767264,-0.35937303838867285
FIESTA,mid,LCKC,2,89,0.461,24,0.042,19,62.4,56.4,50.4,50.0,56.5,BNK FEARX Youth|Team Vitality,252.80898876404495,70.95505617977528,6.50561797752809,781.8807337078651,0.26671035955056177,0.5617977528089888,1.308729213483146,0.2865573033707865,0.6447776255428416,0.24785926533945582,0.0,497.10320337078656,0.0,0.041666666666666664,0.2736122152547662,0.0,0.06850569085407134,0.0,2.013995972012084,-0.3595505617977528,-0.3831134771839661,0.399719398815611,0.07195527673263938,-0.24367192725192283,-0.2665265709560601,0.07722273104104092
Flint,jng,LAS,3,55,0.691,9,0.111,9,58.6,60.1,51.7,57.6,46.2,Hanwha Life Esports Academy,34.163636363636364,245.74545454545455,6.072727272727272,563.2917527272728,0.16253125454545453,0.45454545454545453,1.8080836363636363,0.30083454545454547,0.6550477730476618,0.19334094578170313,0.0,1092.3127036363637,0.0,0.1111111111111111,0.14074038028734445,0.0,0.197713375615028,3.097323238908504,1.2135597524338357,-0.509090909090909,-0.422041372911658,0.18905771319771153,0.27349854775984295,-0.1731393681310827,0.13642267485673198,-0.48229126752754753
Gimi,bot,LJL,15,60,0.517,19,0.105,15,59.0,59.6,57.1,54.2,46.9,Uwinks,170.51666666666668,-43.95,-0.9333333333333333,797.9686483333334,0.2834562666666667,1.35,1.2972633333333334,0.30796166666666663,0.658008207013244,0.1834406559680005,0.0,385.99671333333333,0.0,0.10526315789473684,0.3162836089496006,0.2171266194439867,-0.04141470256092687,4.217621640063885,1.9364916731037083,-0.5166666666666667,-0.5107662708929713,0.21297280128267385,0.2451211903370964,0.1109286623632048,-0.041269094452205196,-0.44205431038818505
justcan,sup,EBL,3,27,0.481,2,0.0,11,60.6,58.0,49.3,50.0,49.5,Magaza Esports,303.81481481481484,350.3703703703704,-0.9259259259259259,229.26868148148148,0.07987083333333332,0.07407407407407407,3.633659259259259,0.40826296296296294,0.76073857020859,0.20129096427835602,0.0,385.47296666666665,0.0,0.0,0.20976451354282932,-0.4583376078155948,-0.2872387979582077,1.0357142857142856,2.116950987028628,-0.5925925925925926,-0.5500191151364624,0.29831548793502205,0.15705612254511997,-0.303892767235749,-0.26858346490364127,-0.2957513189914429
Zkai,top,PCS,15,34,0.618,6,0.0,15,61.9,56.7,50.7,62.7,60.2,CTBC Flying Oyster Academy,292.2352941176471,387.1470588235294,15.117647058823529,732.0770647058824,0.2500215882352941,0.5,1.254464705882353,0.13435588235294119,0.48381728521871237,0.15778715873160007,0.0,932.9131617647059,0.0,0.0,0.06800100494095972,0.30404477769563854,0.19474637681159415,9.661196000754575,2.5724787771376323,-0.4411764705882353,-0.3087243315403691,0.37176842671555826,0.09140687282369406,-0.2269323502030272,0.41787501626335743,0.2780177204379503
Emo,mid,VCS,15,34,0.588,7,0.0,14,62.0,56.5,49.2,47.8,60.3,1TAP Dino,262.20588235294116,310.44117647058823,9.117647058823529,758.5444500000001,0.2534511470588235,0.7647058823529411,1.1997588235294119,0.20247058823529412,0.6048277424741826,0.16392804937523983,0.0,474.3714647058824,0.0,0.0,0.1709221354716185,-0.24050444551913996,-0.42913243424792025,3.094403924164044,2.4009801919951235,-0.5,0.0,0.37760084380493436,0.08133001627294752,-0.31217346651542743,-0.38633979788297323,0.28118632982225994
Color,top,AL,3,50,0.52,11,0.182,21,60.2,58.2,63.2,56.4,65.2,Anubis Gaming|Forsaken|Team Phantasma,154.68,128.72,8.68,777.251388,0.2537083,0.28,1.196018,0.14477399999999999,0.44355791873552697,0.1749951357246924,0.0,1290.87743,0.0,0.18181818181818182,0.7172636401882702,-0.13860276887738374,-0.22834533423505857,8.07777777777778,2.9698484809834995,-0.38,-0.33946391332158604,0.2763388085738565,0.1667872661200108,0.44820728564790596,0.07233954163715328,0.5650831638987862
Flauren,top,LCP,15,107,0.505,29,0.31,22,53.5,64.9,68.4,53.5,59.4,Deep Cross Gaming,-109.67289719626169,-239.70093457943926,-5.186915887850467,696.3219570093457,0.24627017757009348,0.35514018691588783,1.4760018691588785,0.1876981308411215,0.5443864461394565,0.19238613544772037,0.0,1088.0233373831777,0.0,0.3103448275862069,0.5112531970552345,-0.15874832894389257,0.021273514751576027,3.160065128562481,2.1268202759004597,-0.32710280373831774,-0.42860245761628485,-0.07742903840729136,0.5442927980443363,0.7740185662771114,-0.07727855663115843,0.23442954839269542
JoJo,sup,CBLOL,15,85,0.647,14,0.143,17,53.4,65.0,55.2,51.2,56.8,FURIA,62.68235294117647,0.6705882352941176,-0.7764705882352941,221.9350411764706,0.0818415294117647,0.011764705882352941,4.1276882352941175,0.4905094117647059,0.7806058957717205,0.1630843250948537,0.0,336.3823470588235,0.0,0.14285714285714285,0.2516842699146249,-0.09774957947511981,-0.13045041172660038,2.319131097560976,1.8439088914585775,-0.32941176470588235,-0.3189263494160481,-0.08523908750351926,0.5522197022981185,0.010910914900556856,-0.20135688796326484,0.09674051358669053
Canna,top,LEC,1,135,0.644,25,0.2,25,65.4,53.0,54.7,60.4,58.0,Karmine Corp,232.01481481481483,125.70370370370371,2.888888888888889,657.2812644444444,0.22857731407407408,0.24444444444444444,1.3421785185185184,0.17508814814814816,0.5121465260634213,0.20665749599666008,0.0,990.0137044444446,0.0,0.2,0.3517054024934585,-0.2799723485121301,0.08084416997146228,5.727022972620677,2.151657414559676,-0.45925925925925926,-0.18986606713852391,0.5794960457193522,-0.10481588909269828,-0.01733406087100653,0.2871232104196739,0.16040769718634101
Noz2k,bot,PRM,3,78,0.513,18,0.167,20,56.3,62.1,55.5,51.0,53.4,E WIE EINFACH E-SPORTS,57.69230769230769,76.33333333333333,1.4871794871794872,820.4599282051282,0.28111703846153846,0.6794871794871795,1.2632602564102564,0.2639179487179487,0.6152984843702379,0.17039272377993386,0.0,311.697491025641,0.0,0.16666666666666666,0.29010029811530497,-0.04167954837476039,-0.10806024489742076,2.392685102586976,2.264554068289191,-0.48717948717948717,-0.4583430317918117,0.06945826745612386,0.38111541646471797,0.02858884920315146,-0.20974181701689326,-0.08375297100503638
Koussay,mid,AL,3,34,0.618,8,0.0,11,56.3,62.1,53.4,63.3,54.2,Anubis Gaming|BAAM Esports|Lille Esport,144.76470588235293,-58.088235294117645,5.705882352941177,712.572405882353,0.2494181470588235,0.7647058823529411,1.2275058823529412,0.21887058823529412,0.6798356501793712,0.17243164763114788,0.0,458.0860558823529,0.0,0.0,0.5350021213406874,0.0,0.9452789699570816,0.0,1.8864844365675972,-0.4117647058823529,-0.33182580829653324,0.0665756911398742,0.38395046789207243,-0.08398001873006612,0.44998802819028916,-0.04017762688630147
Fallen,jng,NL,3,27,0.593,3,0.0,11,59.6,58.7,50.5,51.4,50.8,Ancient Ones|Super Stars|Zerolag Esports,251.14814814814815,107.22222222222223,0.0,605.1528592592593,0.19300874074074076,0.4074074074074074,1.496425925925926,0.2760296296296296,0.736466788577355,0.20209427586940443,0.0,1090.687411111111,0.0,0.0,0.12237055270197296,0.2678942466146019,-0.16825728087042152,1.9127199597787827,2.116950987028628,-0.5925925925925926,-0.5266941465272365,0.24584725589005493,0.1980050528525666,-0.2395224271927429,-0.1894848550419943,-0.22334297061135966
Tayron,top,AL,3,52,0.423,9,0.0,15,60.6,57.7,47.3,50.4,56.3,GnG Amazigh|JSK Esports,285.13461538461536,-3.9615384615384617,6.3076923076923075,774.6125769230769,0.2559143461538462,0.36538461538461536,1.0229903846153847,0.15306153846153847,0.5009494904042425,0.19376831184568932,0.0,1211.4986653846154,0.0,0.0,0.2103439349971911,-0.19837766909221052,-0.12637042598081738,1.8804347826086956,2.0801257358446095,-0.4230769230769231,-0.3319192016474573,0.29914685479596137,0.14505137304730623,-0.4150727999561109,-0.24336263251822216,0.06951084030740261
Tsiper,mid,HLL,3,85,0.635,15,0.067,21,60.3,58.0,47.1,48.9,59.0,WLGaming Esports,86.69411764705882,-24.741176470588236,-1.9058823529411764,849.0240705882353,0.26721207058823526,0.6352941176470588,1.0383576470588236,0.15597176470588237,0.6743151561104769,0.18743571770176065,0.0,376.5490788235294,0.0,0.06666666666666667,0.16005118996016265,-0.3809886272051581,-0.3212143667100498,3.1895113333590763,2.27776980709589,-0.29411764705882354,-0.5137844472141294,0.2827449990157805,0.15947707754643556,-0.42917076558587636,-0.3242953259892112,0.21195668776920693
Rooster,top,LEC,1,61,0.311,12,0.167,20,61.8,56.5,58.2,51.6,57.1,Shifters,359.344262295082,176.11475409836066,6.934426229508197,590.5189508196722,0.22392606557377048,0.21311475409836064,1.2483081967213114,0.16299344262295082,0.5480686901884181,0.17255813391059074,0.0,938.970293442623,0.0,0.16666666666666666,0.4887569303790993,0.0,0.16818403207073543,0.0,2.5607375986579197,-0.4262295081967213,-0.4447655062685329,0.36847887690502734,0.07769479119191075,0.16930865890620533,-0.18061231438708775,0.10827486790986034
Jinbeom,bot,LAS,3,41,0.634,5,0.0,16,59.0,59.3,48.7,53.2,62.4,T1 Esports Academy|T1 Esports Academy Rookies,136.29268292682926,100.60975609756098,3.8048780487804876,851.8141609756096,0.2754208780487805,1.2682926829268293,1.3659,0.3330609756097561,0.5924059685159574,0.24160646693871796,0.0,413.9971731707317,0.0,0.0,0.25079601696596615,-0.32491731342306057,-0.37426250702228236,5.362467636327286,2.498780190217697,-0.4146341463414634,-0.18840854170977453,0.21119887511650193,0.2261044522948391,-0.33596058561644015,-0.09513216697852747,0.39958338116065334
Painter,jng,LCKC,2,142,0.613,20,0.2,18,60.7,57.5,63.3,53.1,53.8,T1|T1 Esports Academy,184.69014084507043,209.57746478873239,4.457746478873239,504.99945704225354,0.16584506408450705,0.39436619718309857,1.9924126760563379,0.39056338028169013,0.6575606838288468,0.2255178327106168,0.0,974.9127507042252,0.0,0.2,0.4216493689857647,-0.09074455458962626,0.0881209498288816,2.8064789651716904,1.5105264449340403,-0.4154929577464789,-0.29200346337267924,0.30564616930329447,0.13016521890232255,0.44991510080580016,-0.10167308548913742,-0.061921012965481304
c0st0m,mid,AL,3,53,0.491,17,0.176,18,59.2,59.0,54.2,53.2,62.0,3BL Esports|ROSSMANN Centaurs,-20.79245283018868,-77.01886792452831,-2.660377358490566,848.7739264150944,0.28304841509433964,0.660377358490566,1.0430000000000001,0.19622264150943397,0.6287516005023404,0.17881714326232942,0.0,570.2220301886792,0.0,0.17647058823529413,0.3354941189332407,-0.49901232521898586,-0.05226905336137549,2.4659090909090904,2.4724901510764026,-0.41509433962264153,-0.1900067651929573,0.22433285169429923,0.21424263427004644,-0.04438569687762951,-0.09532527754770222,0.3787934209270957
Simpli,mid,NLC,2,51,0.608,11,0.0,18,62.8,55.3,51.6,45.7,61.5,Arctic Pandas,289.96078431372547,40.01960784313726,0.5686274509803921,844.4040235294117,0.26760401960784314,0.6862745098039216,1.0546823529411764,0.15661176470588234,0.6908530415362015,0.1920563255756982,0.0,566.8346117647059,0.0,0.0,0.3577076446985717,0.0,-0.26367773863215765,0.8285714285714286,2.5205041512504174,-0.37254901960784315,-0.35861906546685046,0.4233008029177544,0.01829705589530235,-0.17820764029822342,-0.5135027291653782,0.3469343284456212
Spirax,mid,NACL,2,29,0.655,1,0.0,13,62.6,55.5,52.9,57.8,58.0,Maryville University,342.13793103448273,369.7586206896552,11.344827586206897,792.4714965517242,0.2472966551724138,0.6551724137931034,1.3754793103448275,0.21902068965517243,0.5809724596651958,0.16784561904310466,0.0,501.95030689655175,0.0,0.0,0.5635220125786164,-0.755962842078835,0.20368906455862976,4.1875,2.4140393963016744,-0.41379310344827586,-0.3377752778257607,0.41008201044172965,0.027945889270687592,-0.11281671286909387,0.1479803848956821,0.15611393786229205
Steller,top,VCS,15,36,0.806,2,0.0,12,60.7,57.3,61.8,50.9,55.3,MVK Esports|MVK Esports Academy,460.6666666666667,565.9444444444445,10.666666666666666,671.1252805555555,0.21500316666666666,0.5277777777777778,1.3562027777777779,0.15776111111111113,0.42388103932051385,0.17653585784900494,0.0,1504.4907555555556,0.0,0.0,1.0454545454545454,-0.2488164124145186,-0.267384346814082,3.492753623188406,2.0,-0.5555555555555556,-0.2255911920312666,0.3030636020133784,0.1217571293995994,0.36468936616717507,-0.219127216806146,0.016606536777378
Papiteero,top,LES,3,91,0.681,8,0.375,23,56.3,61.6,70.0,51.9,62.3,Team Heretics Academy|Team Phantasma,331.13186813186815,232.76923076923077,7.714285714285714,624.522410989011,0.2064937054945055,0.3626373626373626,1.1447747252747251,0.13825274725274725,0.5448356070298043,0.19331570652854632,0.0,1115.813898901099,0.0,0.375,0.6131813804845373,-0.02815206582986258,-0.10608344799986837,3.3669262065095396,2.4110551244604124,-0.38461538461538464,-0.3161930942875588,0.06778093490978734,0.3546033511354323,0.8970771575771508,-0.16594959039548488,0.3970009465815753
Upset,bot,LEC,1,67,0.403,16,0.125,15,57.4,60.5,57.4,48.7,50.6,Fnatic,207.91044776119404,-68.1044776119403,-0.5223880597014925,741.8809791044777,0.29443689552238805,0.6567164179104478,1.305986567164179,0.3110238805970149,0.6713694939705089,0.12819716607823622,0.0,357.07948208955224,0.0,0.125,0.5462332758379562,0.0,-0.03825556845034177,0.0,1.8325416653445783,-0.5373134328358209,-0.2774124837047067,0.12527368900849736,0.2910538218815577,0.1276254202415199,-0.33722980572396605,-0.2347549040380843
Josedeodo,jng,LCS,1,90,0.622,10,0.1,20,59.9,58.0,45.7,53.9,64.6,Team Liquid,109.21111111111111,-42.27777777777778,0.26666666666666666,475.6798755555556,0.17108477444444445,0.3333333333333333,1.7844855555555557,0.3719466666666667,0.7422895040737758,0.18884813877055254,0.0,920.64429,0.0,0.1,0.16112134263008165,-0.4079614558709421,-0.0755348271317042,4.356167846309404,2.1081851067789197,-0.4,-0.2337967364640701,0.26235630428310586,0.16044267074932408,-0.5105651962515753,-0.060321742608057546,0.5268254414598386
NightSlayer,top,LES,3,73,0.699,4,0.25,16,60.2,57.7,57.2,61.2,53.0,Movistar KOI Fénix,389.67123287671234,242.8082191780822,7.958904109589041,692.5672561643835,0.2221432589041096,0.4520547945205479,1.080164383561644,0.11296986301369863,0.45268958940453075,0.14437948915790336,0.0,1194.660583561644,0.0,0.25,0.23934218065255433,-0.02935626497556868,0.21812208372616704,6.090643274853801,1.872658355138089,-0.410958904109589,-0.4116358669149946,0.2783018014280096,0.14376189859402289,0.11732418066004954,0.33438691575517265,-0.10758828033402705
Woody,sup,LCP,15,35,0.171,14,0.0,13,54.4,63.5,53.9,49.4,58.5,DetonatioN FocusMe,-56.714285714285715,149.4857142857143,4.4,193.7539514285714,0.07824335142857142,0.02857142857142857,4.189845714285714,0.5595142857142857,0.7956240417894553,0.18213056215649964,0.0,474.08003428571436,0.0,0.0,0.39816548109322353,0.0,-0.12499604192394163,0.0,2.197401062294143,-0.42857142857142855,-0.21880325137344225,-0.03408864961668308,0.4608054200053695,-0.056794673575999134,-0.3017572040125605,0.18367236919224533
Kokos,jng,RL,3,42,0.476,14,0.214,24,64.6,53.3,56.5,56.7,70.2,DOCISK|LODIS|Meavedron,148.1904761904762,373.9047619047619,7.119047619047619,612.4438833333334,0.1958997619047619,0.7142857142857143,1.1074714285714287,0.24214523809523808,0.6989544006303345,0.2000959374505825,0.0,1102.4215238095237,0.0,0.21428571428571427,0.3399459942121287,-0.6195741291667644,0.3158785762199342,1.276995305164319,3.7032803990902057,-0.23809523809523808,-0.44741133987365445,0.52838321162998,-0.09221427518595235,0.07757134388204845,0.089637099880332,0.9107404305336172
Tracy,bot,PCS,15,34,0.618,6,0.0,13,60.6,57.2,46.6,64.8,52.5,CTBC Flying Oyster Academy,383.8529411764706,126.94117647058823,13.382352941176471,816.1984852941177,0.2774185588235294,0.9117647058823529,1.4720529411764705,0.4485235294117647,0.6260804113277687,0.24020136450862536,0.0,400.4850647058824,0.0,0.0,0.04939934882676546,-0.18643183300717536,0.7097148754999354,3.781328334435211,2.2294816068526147,-0.5,-0.47777158004176423,0.30077982371505485,0.11349564086799047,-0.45560013610171385,0.5412560264025689,-0.1337087706429358
About,bot,LPL,1,128,0.406,36,0.139,18,55.5,62.3,53.1,72.5,45.7,Team WE,-24.053097345132745,-32.230088495575224,-1.008849557522124,781.23342578125,0.29943771874999997,0.4140625,1.4545375,0.37192734375,0.6792198423120079,0.1881969255982456,1.1818181818181819,382.98235384615384,0.0,0.1388888888888889,0.3071575586950497,0.11140164486692636,0.6910071755257329,4.24614649424472,1.590990257669732,-0.4140625,-0.4414612541871434,0.025257676503148866,0.3963615763709681,-0.0994413045885616,1.1010620977140366,-0.5120883665093904
Yike,jng,LEC,1,135,0.644,25,0.2,23,67.1,50.7,54.6,58.3,57.7,Karmine Corp,102.18518518518519,117.28888888888889,1.6962962962962962,489.0515948148148,0.17015924222222223,0.6074074074074074,1.7899296296296296,0.38190740740740736,0.6937341069361688,0.2236862188267569,0.0,987.76554,0.0,0.2,0.2210065333879266,-0.0611005510990821,-0.049074253990284415,6.411898951359263,1.979524821394902,-0.3851851851851852,-0.42071193839527327,0.6845739718544179,-0.22752532462516983,-0.023673854586326884,0.17695986332241712,0.1424297481738508
Guti,mid,LCKC,2,141,0.61,20,0.2,20,61.0,56.7,59.3,61.9,56.2,T1|T1 Esports Academy,100.95035460992908,3.9078014184397163,2.4680851063829787,783.4354773049646,0.2583824326241135,0.7943262411347518,1.1232290780141845,0.2145936170212766,0.6590170673240702,0.19687342514974324,0.0,598.4143744680852,0.0,0.2,0.3219344772042575,-0.14508626728549598,0.29887485856322843,3.5600479031096595,1.6843038421330379,-0.3546099290780142,-0.2597987157485081,0.32167151487849327,0.08906710945596477,0.22768417942540958,0.37318104196122426,0.06458185990098214
Afroboi,jng,PRM,3,83,0.518,19,0.158,17,63.2,54.5,61.5,55.5,57.6,E WIE EINFACH E-SPORTS,250.03614457831324,286.9879518072289,4.759036144578313,537.4872602409639,0.18359010843373494,0.6024096385542169,1.3885,0.2559987951807229,0.6367858754118396,0.16683763687731717,0.0,1021.4433698795181,0.0,0.15789473684210525,0.3872954136812772,0.32805609929230584,0.11663702894149262,2.5409715128816255,1.865992419824736,-0.43373493975903615,-0.2498026617463004,0.44454691779384564,-0.026336191940836338,0.35062398176863613,0.026179564290544348,0.13958501236671145
Batuuu,sup,LES,3,77,0.701,4,0.5,19,54.6,63.1,72.7,49.3,58.4,Team Heretics Academy,149.55844155844156,-109.54545454545455,-0.09090909090909091,239.96399870129872,0.08010985714285715,0.012987012987012988,4.158254545454546,0.44240389610389613,0.7489691043064559,0.2109697207755187,0.0,352.2055454545455,0.0,0.5,0.6813819014353223,-0.32167029248247525,-0.1942297088078724,1.8497787203050362,2.1652509527331207,-0.36363636363636365,-0.3718837117805683,-0.020009559180342168,0.43774047494862656,1.1220952069970374,-0.3026867709532173,0.179792153445232
Toasty,mid,PRM,3,114,0.658,18,0.111,19,58.3,59.4,50.1,67.2,60.0,G2 NORD,34.90350877192982,210.82456140350877,1.394736842105263,757.077101754386,0.24571547368421054,0.6929824561403509,1.147959649122807,0.1713236842105263,0.6211329058882895,0.17849821537364174,0.0,478.3872052631579,0.0,0.1111111111111111,0.22526236715936457,-0.2734378127205349,0.15520650225982305,7.34188998831856,1.7795130420052185,-0.2982456140350877,-0.2545319592350259,0.1762781915428397,0.2326736442862953,-0.2604362133021334,0.6929114876971103,0.26526643631303726
Kangkuk,jng,LJL,15,52,0.442,15,0.0,17,60.4,57.3,48.8,54.5,54.6,RAYN Clocks,-3.730769230769231,23.53846153846154,-2.3461538461538463,604.4057019230769,0.20631571153846154,0.5769230769230769,1.4390403846153847,0.22775,0.7639717648099431,0.1560468085167885,0.0,885.8772076923077,0.0,0.0,0.15141030162289487,0.0,-0.2628317523931913,5.34620786516854,2.3574758339572237,-0.46153846153846156,-0.5701077926032572,0.28584566343382134,0.12335691441714132,-0.33099963301930874,-0.025120159668223285,-0.021147933232705647
Faetski,bot,RL,3,44,0.409,13,0.077,14,61.6,56.0,52.7,48.1,45.8,DMG Esports|devils.one inStreamly,45.52272727272727,126.93181818181819,8.909090909090908,907.6980818181819,0.30397979545454545,1.0909090909090908,0.9730795454545454,0.23319772727272728,0.6456816396712566,0.22271868699306516,0.0,428.85464090909096,0.0,0.07692307692307693,0.28704127548524216,0.0,-0.14715343915343904,0.0,2.1105794120443453,-0.4772727272727273,-0.8508394742080139,0.3540542293320139,0.05183806320702654,-0.12042569568840959,-0.37326675396766495,-0.5046430055832198
raining,bot,HM,3,46,0.609,8,0.0,16,65.7,51.9,45.4,49.6,54.2,eSuba,292.60869565217394,413.7173913043478,4.304347826086956,1001.3465565217391,0.26942491304347826,1.565217391304348,0.9037195652173914,0.1136304347826087,0.5375550364468076,0.1399163994010846,0.0,386.23759347826086,0.0,0.0,0.13649107824254098,-0.65665328439656,-0.14984771440896183,1.1788079470198676,2.359071298478354,-0.41304347826086957,-0.5912676890343714,0.5989254645674271,-0.1633955009623113,-0.5310369448120403,-0.28993804480516716,-0.041715275287698333
Anonymouss,jng,NLC,2,33,0.788,1,0.0,11,68.5,49.1,52.5,59.3,57.1,CITA Kaizen|Ruddy Corporation,669.7575757575758,747.6363636363636,13.0,585.3736515151516,0.17656504545454546,0.45454545454545453,1.3789272727272728,0.22683636363636364,0.655818568545115,0.2073393732492997,0.0,834.6296787878788,0.0,0.0,0.1668147218247488,0.8943186474497157,0.5403289941819093,1.7492877492877492,1.9148542155126762,-0.45454545454545453,-0.264442449849655,0.7849982446504068,-0.31562899837291414,-0.1331675417334923,0.22667961341238485,0.1090295304132313
JiaQi,bot,LPL,1,101,0.495,14,0.0,16,62.8,54.7,45.8,61.1,49.5,Invictus Gaming|Top Esports,226.0609756097561,92.08536585365853,4.719512195121951,808.1401762376238,0.2823208316831683,0.5346534653465347,1.3152465346534654,0.36952079207920796,0.6584172907149306,0.22347776698389896,1.3529411764705883,423.40578705882353,0.0,0.0,0.25581943597135764,0.023899826738605853,0.30803820870384474,2.489269650205959,1.5920595043359826,-0.4158415841584158,-0.33683919777701804,0.4210154658826305,-0.013966387885959702,-0.5024141962340386,0.3261292762769984,-0.294594408358406
TopLop,sup,CBLOL,15,41,0.293,14,0.0,14,56.7,60.8,61.7,45.8,50.1,Leviatan,38.46341463414634,-83.36585365853658,-0.21951219512195122,238.9653512195122,0.09436974146341463,0.04878048780487805,4.473709756097561,0.656219512195122,0.7244630712468562,0.23366945327087008,0.0,515.2312000000001,0.0,0.0,0.28746745189871203,2.0209458569358456,-0.7324275407694785,4.464912280701755,2.186432666440485,-0.4146341463414634,-0.7649076272114077,0.08926756575006063,0.30754363010236735,0.362277196310838,-0.502777617037901,-0.2582512023507597
Burdol,top,LPL,1,80,0.45,12,0.167,23,60.7,56.8,59.9,56.5,66.0,LGD Gaming,108.62121212121212,323.1060606060606,0.25757575757575757,590.8462525,0.2422854625,0.175,1.40668875,0.22036875,0.5200421157051844,0.21405264524929435,0.0,955.9799492753624,0.0,0.16666666666666666,0.5677056373092756,-0.06272520929731341,0.13129330254041569,3.407368421052632,2.571478174124758,-0.3875,-0.1973257331726237,0.3055003448562569,0.09748112946825899,0.2605374624483208,0.08021220970515396,0.6139277538993069
Nern,top,VCS,15,56,0.643,11,0.182,15,63.6,53.8,63.0,54.0,58.1,Saigon Warriors,327.48214285714283,210.48214285714286,5.464285714285714,784.8548410714285,0.249279875,0.5535714285714286,1.2813464285714284,0.10337142857142857,0.4352561581277191,0.1654573108663794,0.0,968.0402964285714,0.0,0.18181818181818182,0.5113172306032172,0.13202187995345457,0.04303042288803197,3.0177086829133617,2.004459314343183,-0.5357142857142857,-0.10476489368017171,0.4694883526610107,-0.0657684540134496,0.43705225485512333,-0.053103142878341836,0.1644958946369917
Gavotto,bot,LRN,3,24,0.875,0,0.0,10,60.5,56.9,49.0,51.5,56.9,Fuego,430.3333333333333,120.16666666666667,6.208333333333333,877.8982041666667,0.25679225,1.9583333333333333,1.0649499999999998,0.31077499999999997,0.6031368125786957,0.19185131534692731,0.0,321.2985958333333,0.0,0.0,0.0,0.20630740063800562,0.03362800798473254,0.0,2.041241452319315,-0.5,-0.11998869495833839,0.29330300224853784,0.09986766974834783,-0.3226655298610061,-0.18361550880360714,0.09960778780645856
Elio,sup,VCS,15,53,0.528,10,0.0,21,62.4,54.9,49.5,58.0,67.0,1TAP Dino|MVK Esports,149.67924528301887,111.0,1.8113207547169812,246.53100377358493,0.08546559056603774,0.05660377358490566,4.307418867924529,0.49777169811320754,0.6649991328000207,0.23123731205942752,0.0,568.6868094339623,0.0,0.0,0.2342918918918919,-0.13643982567884685,-0.08676006843297714,5.3812500000000005,2.8845718429224694,-0.32075471698113206,-0.33822354816722994,0.4025651471092379,-0.0032253943134132393,-0.293551641006922,0.1567814671254274,0.6785616116855262
Foxy,bot,LRN,3,28,0.393,8,0.125,10,58.9,58.4,59.4,53.5,48.2,Zeu5 Esports,181.96428571428572,173.25,2.2857142857142856,840.2866857142857,0.2832359285714286,1.3571428571428572,0.8659285714285715,0.19588214285714287,0.7025210703157478,0.1565814497378813,0.0,345.7407714285714,0.0,0.125,0.35036156498712334,1.3605001318327525,0.28858060747663555,0.0,1.889822365046136,-0.4642857142857143,-0.7323063906113317,0.20890289464798636,0.18050022564367382,0.2339639249152346,-0.07962296222875069,-0.3665633229701783
Adyyy,mid,HM,3,46,0.609,8,0.0,19,72.4,44.8,46.0,55.7,60.2,eSuba,905.1086956521739,758.0,14.695652173913043,931.2863043478261,0.2506490782608696,0.9347826086956522,0.5859239130434782,0.0961891304347826,0.5450849216779777,0.20514406242535554,0.0,528.0700782608695,0.0,0.0,0.21025684435090702,-0.7296240201483668,0.004010817826309919,3.416572504708098,2.8013971669430457,-0.391304347826087,-0.46203411551937956,1.0914098205913951,-0.5657589859742788,-0.49141964511641095,0.036580732043796624,0.27689851815791877
Cherry,sup,HC,3,39,0.436,11,0.091,14,60.2,57.0,53.0,64.0,54.6,Andromeda Gaming,23.153846153846153,98.28205128205128,4.3076923076923075,247.71166666666664,0.0823204641025641,0.10256410256410256,3.2240333333333333,0.31088461538461537,0.7269831530609825,0.15113382847144413,0.0,636.8589487179487,0.0,0.09090909090909091,0.23905448598825538,0.08836595029415303,0.7502397717615641,4.035714285714286,2.24179415327122,-0.41025641025641024,-0.5192484834636512,0.2789444896910451,0.10625317058202575,-0.1038335507650289,0.49431458294754754,-0.021717769413907836
Gumayusi,bot,LCK,1,135,0.63,14,0.143,21,61.9,55.3,54.3,51.8,57.7,Hanwha Life Esports,44.903703703703705,38.162962962962965,3.6,818.2444888888889,0.27389882962962964,0.8148148148148148,1.4630251851851852,0.3495859259259259,0.6524190366019454,0.20650597091658476,0.0,376.84898444444445,0.0,0.14285714285714285,0.22201322764876227,0.5834067624418112,-0.08647426189615803,3.415926924678523,1.807392228230128,-0.35555555555555557,-0.30684161182199965,0.3719604827350212,0.01701282256991065,-0.03723627217264893,-0.1680456508994689,0.14397458663999244
Vasco,mid,HM,3,72,0.792,7,0.286,16,65.4,51.7,63.2,58.1,50.2,Nightbirds,488.8888888888889,454.7638888888889,15.125,788.0621652777777,0.2232847361111111,0.7083333333333334,1.0567527777777779,0.16149305555555554,0.5081955928321631,0.17246464235288758,0.0,508.5874069444444,0.0,0.2857142857142857,0.5766627078384798,-0.29873362294458605,-0.05504567203131808,5.181718847560432,1.885618083164127,-0.4444444444444444,-0.43766114867209077,0.5760201566001707,-0.17431457728600985,0.44499915033991944,0.1643176290478756,-0.25804517274593086
Supa,bot,LEC,1,96,0.521,21,0.238,20,60.6,56.5,55.2,58.1,61.3,Movistar KOI,130.69473684210527,-18.842105263157894,0.5263157894736842,789.8469624999999,0.2829349479166667,0.8541666666666666,1.23410625,0.33015208333333335,0.6450280718626257,0.15372426801925143,0.0,393.52838333333335,0.0,0.23809523809523808,0.3547592519071586,-0.41858111727985964,-0.2329761281861361,9.386904761904763,2.041241452319315,-0.3854166666666667,-0.2750981245441758,0.29780373575983565,0.07663304325973361,0.01265022732916253,0.16421860734809274,0.3371922111978947
LazyFeel,bot,LCKC,2,106,0.481,28,0.179,15,55.1,61.9,59.0,61.0,45.8,Kiwoom DRX|Kiwoom DRX Challengers,-164.4811320754717,-15.754716981132075,-0.5283018867924528,836.0459735849057,0.2939399622641509,0.839622641509434,1.2674462264150943,0.354461320754717,0.664637485812092,0.20771129932370658,0.0,429.5484952830189,0.0,0.17857142857142858,0.43371474789219666,-0.09701025270889646,0.1662710371366314,7.641255144032922,1.456928793535896,-0.4528301886792453,-0.3070773416383997,0.004491215243220217,0.3724312118715988,0.2148181989811282,0.3235389518166176,-0.5036492052864129
Jalleba,bot,AL,3,81,0.556,20,0.2,17,58.3,58.7,56.8,62.1,51.1,3BL Esports|Dragons Esports|Pyramid IV Esports,20.185185185185187,22.876543209876544,2.765432098765432,835.5015864197532,0.27068686419753085,1.345679012345679,1.099388888888889,0.26920864197530864,0.5953489924982456,0.17673185060520288,0.0,336.27115432098765,0.0,0.2,0.3049396308575387,-0.12552213706146303,-0.02823019250845005,7.6521739130434785,1.8888888888888888,-0.5185185185185185,-0.32869347480900085,0.1719294975313325,0.19614408192790647,0.0949791538916777,0.3819837591470338,-0.20821619810227052
Hope,bot,LPL,1,133,0.579,17,0.235,17,56.1,60.9,56.3,52.5,50.2,Anyone's Legend,58.40384615384615,140.77884615384616,-2.355769230769231,755.102722556391,0.276839037593985,0.6090225563909775,1.5291045112781956,0.3648962406015038,0.6535424927491441,0.18598804932349608,2.04,315.723925,0.0,0.23529411764705882,0.3285240129447542,-0.1454817551741409,0.031454558174958305,1.89634324009324,1.474086948191004,-0.42105263157894735,-0.23057898458216006,0.060253766867957345,0.3160715302055364,0.07031992622366418,-0.13145983118240195,-0.2534546129749505
Shelfmade,top,PRM,3,114,0.658,18,0.111,24,57.3,59.7,52.5,64.2,56.9,G2 NORD,216.83333333333334,263.70175438596493,8.18421052631579,654.5719315789474,0.20960388859649123,0.39473684210526316,1.2089368421052633,0.1588736842105263,0.4540731627235463,0.19610436582185015,0.0,1388.1922324561401,0.0,0.1111111111111111,0.33133416317754893,-0.2359721598816384,0.355908532150833,5.791994725742803,2.2478059477960657,-0.41228070175438597,-0.4225083182612145,0.12186534986860997,0.24936868796061323,-0.12935747237162132,0.5035703010484454,0.1023721395049807
STANIK,mid,HW,3,69,0.551,13,0.0,21,60.8,56.2,48.9,54.4,61.4,BRUTE|The Secret Club|mCon esports,261.0289855072464,265.2463768115942,7.202898550724638,770.1574913043478,0.24919917391304347,0.5362318840579711,0.9458478260869564,0.1361391304347826,0.585007520362294,0.14945399030082412,0.0,625.1079956521738,0.0,0.0,0.2555555555555556,0.10421159715157696,-0.09621809241449117,3.666143246641494,2.528102914801153,-0.3188405797101449,-0.46059251578036237,0.31031882801862387,0.06311194629766509,-0.32657058894231206,-0.030322834828070758,0.34199274973916244
Sinatra,jng,CD,2,41,0.732,2,0.0,15,63.7,53.3,47.8,45.0,57.3,Estral Esports|LOUD,338.3414634146341,319.219512195122,5.463414634146342,527.5970195121952,0.17368041463414635,0.6341463414634146,1.6517487804878048,0.32925365853658534,0.6915328950145841,0.2459876141000131,0.0,1040.2252512195123,0.0,0.0,0.1607324681201817,0.0,-0.2643373976480011,0.0,2.342606428329091,-0.4878048780487805,-0.42748578081585603,0.47757420773714643,-0.08833730668509426,-0.3896399952938361,-0.5552282694746443,0.12226431540045213
Stalken,jng,TCL,15,55,0.6,9,0.0,18,62.5,54.5,48.6,63.7,66.0,PCIFIC Esports,256.8545454545455,331.43636363636364,7.0181818181818185,492.7132981818182,0.18353395272727271,0.8181818181818182,1.3689454545454545,0.22468545454545455,0.658502305284325,0.10670695730729504,0.0,930.7286909090909,0.0,0.0,0.19115701088989825,-0.12334739136615644,0.31373507616303015,4.3600570436507935,2.4271195048676715,-0.34545454545454546,-0.2620075582477637,0.4048975792676749,-0.02388432671074233,-0.34251042019990074,0.47441730436933116,0.6149252501722238
Kisee,mid,CD,2,26,0.692,1,0.0,14,63.7,53.2,48.7,47.0,57.7,Estral Esports,462.3076923076923,252.0,10.0,829.7126115384616,0.25515076923076924,0.7692307692307693,1.1434423076923077,0.21785384615384615,0.5978082761714109,0.18391087987718138,0.0,476.10555384615384,0.0,0.0,0.11077409996043783,0.0,-0.3234426590358795,0.0,2.745625891934577,-0.46153846153846156,-0.3945936265379101,0.4735384403115916,-0.09276893834337278,-0.33694411575370375,-0.434634881991525,0.1436850587144709
Tuercas,top,LRN,3,25,0.48,5,0.2,16,62.9,54.0,56.2,52.8,62.3,NCG Esports,319.4,358.64,7.64,812.473552,0.27857152,0.68,0.897476,0.081972,0.5195501466369887,0.20968252549918948,0.0,1334.193248,0.0,0.2,0.3118845446033642,0.0,0.12094034099605132,0.0,3.2,-0.4,-0.3973506561644715,0.430513008481462,-0.051089151955083394,0.06285204358176591,-0.11552774793586065,0.39383091276521703
Yuny,mid,LAS,3,67,0.418,19,0.053,16,53.2,63.6,53.9,59.0,55.2,Gen.G Scholars,68.86567164179104,-71.53731343283582,-0.5671641791044776,759.7377074626866,0.24662792537313433,0.3283582089552239,1.2888358208955224,0.271544776119403,0.5902170119292693,0.17591146529890145,0.0,548.6543104477612,0.0,0.05263157894736842,0.5537455505027219,-0.25703342480898705,0.19826276376013421,3.189273522440042,1.9547111097008836,-0.5074626865671642,-0.1292894940956358,-0.09244687534566312,0.4694139555495089,-0.05980413799283753,0.21056509855308655,0.013074796877990263
Marbirius,mid,NL,3,33,0.333,10,0.2,13,58.1,58.7,55.0,49.6,49.7,Caldya Esport,-49.15151515151515,-26.515151515151516,-5.575757575757576,825.9958303030303,0.2890761515151515,0.7272727272727273,1.1701181818181818,0.17514848484848483,0.7050696997337313,0.22393562939506334,0.0,495.624996969697,0.0,0.2,0.3766230019799903,-0.6168800811849352,-0.21527141374339737,1.0173913043478264,2.263009527424072,-0.45454545454545453,-0.717071985824763,0.16570501538299304,0.19395118276274675,0.0020869011222531845,-0.2881992245183639,-0.28117033036178696
Hwichan,mid,LCKC,2,120,0.583,28,0.214,22,63.9,52.9,59.4,54.0,55.3,KT Rolster|KT Rolster Challengers,277.9,216.58333333333334,4.175,761.9512641666666,0.25153505833333334,0.7083333333333334,1.0265625,0.18423833333333334,0.6452063630530489,0.1779826682590275,0.0,511.19087666666667,0.0,0.21428571428571427,0.3198804712830423,-0.19599473158036718,0.07478905252669935,2.5864823284423237,2.008316044185609,-0.35833333333333334,-0.423080951121857,0.4844309788806171,-0.11295213260068297,0.23517496991880663,-0.054513762438724356,0.014423918558343005
Keine,mid,CBLOL,15,51,0.255,22,0.0,17,54.8,62.0,49.6,65.5,58.6,DetonatioN FocusMe|paiN Gaming,13.058823529411764,59.15686274509804,5.215686274509804,665.2781431372548,0.2694148823529412,0.21568627450980393,1.3227431372549021,0.27394313725490194,0.6352986715552337,0.15362317758415361,0.0,457.89329215686274,0.0,0.0,0.21243471811223513,0.0,0.7012576190108789,0.0,2.3804761428476167,-0.3333333333333333,-0.3710535568066706,-0.009527663311494378,0.3775310200834724,-0.29078062197823307,0.5853733179116409,0.19104644759720216
Deadly,bot,LFL,2,32,0.438,7,0.286,12,59.4,57.4,61.2,48.7,51.0,Otter Side|Skillcamp,459.6875,225.90625,6.78125,798.691346875,0.27859321875,0.6875,1.1589375,0.288125,0.6125846696124756,0.137238566987609,0.0,348.167375,0.0,0.2857142857142857,0.4919155933132365,-0.1956210151732318,-0.26987831305217536,3.9166666666666665,2.1213203435596424,-0.5,-0.446732275439912,0.2352340383305997,0.1278905751738446,0.3328640777324683,-0.34060160719809257,-0.21171089194677836
Gniotek,sup,HC,3,31,0.452,10,0.2,15,61.0,55.8,55.7,64.6,57.5,Onion Team|Priority|UP2UMEDIA Cebulaki,48.806451612903224,138.25806451612902,-0.7419354838709677,297.16732903225807,0.10069615806451614,0.03225806451612903,3.3329354838709677,0.388016129032258,0.7357887530849889,0.2054177746392324,0.0,502.4950064516129,0.0,0.2,0.39129548654858076,-0.7194170708689067,0.9439744143625193,3.9218047747459512,2.694079530401624,-0.3870967741935484,-0.600862650067669,0.3189766330199864,0.041601146244335876,0.034337105815511186,0.5310923351847618,0.13260799299847034
VAEII,mid,AL,3,64,0.453,15,0.067,12,60.0,56.7,53.5,56.0,46.0,3BL Esports|JSK Esports|Pyramid IV Esports,304.609375,161.734375,-2.703125,766.2274984375,0.2582069375,0.703125,1.05445625,0.14070625,0.6406908318992223,0.1688053263330219,0.0,338.343134375,0.0,0.06666666666666667,0.3829410507677748,0.08492767148856742,0.1785873738726671,1.8166666666666669,1.5,-0.453125,-0.4598533567771255,0.2689124709594502,0.08709459907809676,-0.08132403205588212,0.05492328151641428,-0.4938366643615937
Aria,mid,LCP,15,70,0.443,12,0.167,17,54.1,62.6,57.8,56.4,51.3,Fukuoka SoftBank HAWKS gaming,165.78571428571428,126.08571428571429,2.5285714285714285,634.2979914285714,0.24501069714285711,0.3,1.3016400000000001,0.2698757142857143,0.6968583302859691,0.17932126287620617,0.0,409.98722714285714,0.0,0.16666666666666666,0.36117503722756195,-0.6063322156306422,-0.1803804721521889,6.470085470085471,2.0318886358684694,-0.4,-0.46198165039081457,-0.046523253508763455,0.41396062607478473,0.15018038546173024,0.07408780419937733,-0.19537292116037283
Oner,jng,LCK,1,148,0.642,24,0.167,21,62.0,54.7,54.8,48.7,57.7,T1,23.905405405405407,-7.108108108108108,-0.18243243243243243,503.8804202702703,0.1711163391891892,0.3716216216216216,1.8863439189189188,0.42615472972972973,0.6764974546480557,0.2107946080060429,0.0,1031.9210986486487,0.0,0.16666666666666666,0.299095925543929,-0.09605955982602159,-0.1731804897126519,3.276350482445429,1.7261893667062516,-0.43243243243243246,-0.23764592626667752,0.3754980725813922,-0.016951117266890012,-0.010191010868309387,-0.3379381358241021,0.14299039228829521
Lagolinas,mid,EBL,3,41,0.463,14,0.071,22,60.6,56.1,47.9,52.6,68.4,Lenovo Legion Honvéd,306.5121951219512,165.1219512195122,0.7317073170731707,798.0618341463414,0.26305139024390245,0.6829268292682927,0.8043634146341464,0.12546341463414634,0.6615962640871108,0.17409559857331194,0.0,674.973487804878,0.0,0.07142857142857142,0.14984502190644625,-0.723602792658965,-0.2087375641903478,3.5060282116613117,3.4358227615493333,-0.2682926829268293,-0.42492177991311336,0.29847929023821207,0.059723366283395175,-0.38418098418316005,-0.12403934886097503,0.7787372480209154
Neo,jng,LRS,3,44,0.523,11,0.091,16,57.8,58.9,51.3,57.6,63.3,Maze Gaming,145.3181818181818,43.27272727272727,2.3863636363636362,529.8961022727273,0.17267162045454545,0.5454545454545454,1.5944113636363637,0.28100681818181816,0.6989539139689916,0.2086912115275279,0.0,1170.0150136363636,0.0,0.09090909090909091,0.3073069580672767,-0.6522555810260562,-0.05598569886357045,6.272599650188715,2.412090756622109,-0.29545454545454547,-0.3228686085039256,0.1453440307426934,0.2046719972218586,-0.1969872292700362,0.13855236423829764,0.45380125849908476
Bambi,top,NL,3,48,0.625,7,0.0,17,57.2,59.4,47.4,63.3,58.9,Project Conquerors,278.4791666666667,29.958333333333332,8.854166666666666,673.5778750000001,0.22656114583333334,0.3958333333333333,1.16434375,0.12969166666666668,0.49436199357032135,0.16660065487749703,0.0,1160.42975,0.0,0.0,0.25757573459485616,-0.47650479571029386,0.3676619311341199,7.131085195776641,2.4537386440559095,-0.3541666666666667,-0.48905764237648264,0.11566075714481266,0.23499395643318946,-0.4106169643248972,0.45343783749835725,0.20583005181263792
HeSSZero,top,RL,3,40,0.475,12,0.083,13,58.3,58.3,50.5,52.8,50.1,Anonymo Esports,117.6,174.95,4.375,706.7450275,0.255169125,0.375,0.9231875,0.08463000000000001,0.5672874519047778,0.17057924380326453,0.0,1423.037975,0.0,0.08333333333333333,0.19819303417403647,-0.16514131123006962,-0.446378316805146,7.484848484848485,2.0554804791094465,-0.55,-0.4484717762388542,0.1742111776025688,0.1729290886223624,-0.23769507326490932,-0.11549809583581783,-0.2598898268094122
Ablazeolive,mid,NACL,2,25,0.64,2,0.0,11,62.2,54.4,46.2,55.3,50.2,Cupid Esports|Nine Lives Esports,324.88,275.32,12.8,788.262784,0.275971,0.56,1.29322,0.175572,0.6056444795936895,0.1832263175302569,0.0,551.099712,0.0,0.0,0.07536081133792745,-0.602909893111327,-0.2523012176039999,9.0,2.2,-0.52,-0.4996795659911485,0.3861091458796944,-0.029364602587706574,-0.4838113384981314,0.01692576164513704,-0.25418125079617176
Tangyuan,mid,LPL,1,97,0.454,12,0.167,25,52.4,64.1,55.5,58.0,62.0,LGD Gaming,-21.897435897435898,7.205128205128205,-2.217948717948718,612.8373206185566,0.25465794845360823,0.3917525773195876,1.4861144329896907,0.2817051546391752,0.6578519567712762,0.16232098943118242,1.1666666666666667,472.29106666666667,0.0,0.16666666666666666,0.583958653360888,-0.3696610705312724,0.07239983187538453,4.059490471214609,2.5383654128340476,-0.4020618556701031,-0.2768631170318021,-0.13889615017671558,0.4972174941301595,0.02428794409425,0.15867268335846937,0.37622648952344223
Reeker,mid,PRM,3,115,0.67,19,0.368,31,60.1,56.4,67.4,56.9,67.3,Berlin International Gaming,205.64347826086956,138.73043478260868,3.382608695652174,808.6946686956521,0.2437270695652174,0.5043478260869565,1.0835252173913044,0.15622173913043477,0.6062922029564346,0.21042792442152286,0.0,726.1881113043479,0.0,0.3684210526315789,0.4086754856018048,0.16751836702559758,-0.06968164022803275,4.550573960033528,2.8907649055449727,-0.34782608695652173,-0.3671051995575039,0.27422991805637104,0.0730131543426384,0.7058708093169457,0.09994528502169756,0.6977379296446629
Esko,bot,HW,3,45,0.511,10,0.0,20,62.1,54.4,55.6,50.1,64.3,BRUTE|eSuba,380.2,256.44444444444446,2.066666666666667,917.1996733333333,0.2769559555555556,1.0888888888888888,0.9219844444444445,0.15223777777777778,0.652917106156598,0.20179055595978015,0.0,387.8975488888889,0.0,0.0,0.22961924022006217,1.5655074756340255,-0.5045882432615468,4.350309514831573,2.9814239699997196,-0.28888888888888886,-0.5163256923355016,0.3839869163198597,-0.03381439975551347,0.030942459263739647,-0.2609888065845308,0.511661728680991
Kozi,top,LES,3,83,0.59,16,0.312,18,61.0,55.5,62.6,53.2,55.4,UCAM Esports,418.5421686746988,348.0843373493976,4.819277108433735,708.6529289156626,0.24000459036144578,0.26506024096385544,1.1360469879518071,0.09901807228915663,0.4786447295011663,0.194992630299861,0.0,1091.6994144578314,0.0,0.3125,0.36488681021102337,-0.06324046524208829,0.09143099797052838,1.8141606871058926,1.9757566798144262,-0.40963855421686746,-0.35598465883432806,0.31974254513427064,0.025551900823877774,0.4091445684864029,-0.09717690580331637,0.021542769327511743
Nobody,mid,LRS,3,44,0.477,6,0.333,13,60.1,56.4,62.3,44.2,46.0,Malvinas Gaming,267.5681818181818,59.59090909090909,10.5,782.003534090909,0.25245954545454546,0.6363636363636364,1.133434090909091,0.17236363636363636,0.6431634176298302,0.224738877791435,0.0,547.2928840909091,0.0,0.3333333333333333,0.34384234201215236,0.2315009106275142,-0.5728785240570506,1.292929292929293,1.9598237397554636,-0.4318181818181818,-0.786595833703556,0.26965912892618993,0.07434182791878174,0.3944858615085726,-0.6029151799838192,-0.49054476164053146
Loopy,sup,LCKC,2,107,0.579,26,0.231,18,59.8,56.6,62.0,54.0,51.9,Dplus Kia|Dplus Kia Challengers,-27.364485981308412,83.38317757009345,-0.22429906542056074,259.5103878504673,0.09091821588785046,0.028037383177570093,3.9876738317757012,0.49587383177570094,0.7228223867351521,0.20862859083466168,0.0,429.4421532710281,0.0,0.23076923076923078,0.392998786722983,0.24453236201781572,-0.2191730869117132,4.633335011742472,1.7401256802821943,-0.3925233644859813,-0.31844603122021653,0.25522778331692436,0.08364401928358921,0.37947727575225126,-0.05111505494595711,-0.16221587588844988
Diable,bot,LCK,1,128,0.445,31,0.194,18,61.4,55.0,61.8,59.8,44.8,BNK FEARX|BNK FEARX Youth|Nongshim RedForce,75.7421875,43.5859375,3.09375,812.18561484375,0.269999015625,0.8203125,1.347453125,0.31929609375,0.642945634794324,0.18818615672816594,0.0,438.08895078125,0.0,0.1935483870967742,0.6967592621642652,-0.4637113597240093,0.17107754084578272,3.7116756714010166,1.590990257669732,-0.453125,-0.4112100142875237,0.3437874172399843,-0.0004976289884051008,0.363668734553589,0.25585196006167077,-0.5647996604624
Adam,top,LFL,2,49,0.612,8,0.125,18,63.3,53.1,55.1,50.3,56.9,French Flair|ZYB Esport,498.1224489795918,227.48979591836735,10.020408163265307,690.2228591836736,0.22780822448979593,0.3673469387755102,1.0665448979591836,0.13158775510204082,0.5059899099186896,0.2195132293603901,0.0,1565.0470734693877,0.0,0.125,0.4117270949300436,-0.3198565057203801,-0.16848232848232858,2.0881410256410255,2.5714285714285716,-0.3877551020408163,-0.6376289934326222,0.45263672737400507,-0.09851197449893863,0.00659563643387629,-0.24986073783778104,0.09794820471954147
Peto,sup,HW,3,28,0.536,5,0.0,15,61.4,55.0,55.5,53.4,61.1,BRUTE,229.35714285714286,73.25,-5.75,286.9849285714286,0.08965372142857143,0.14285714285714285,3.498507142857143,0.3595821428571429,0.7171037097508594,0.20672515875543823,0.0,434.946325,0.0,0.0,0.28115307425652253,1.3965351299326276,-0.40592024119501163,5.676417567351375,2.834733547569204,-0.35714285714285715,-0.4359639645480441,0.34304887627125874,0.0002809896253055215,0.025655631585545208,-0.08288478806138538,0.3262554184753754
Jactroll,sup,RL,3,56,0.571,10,0.0,14,63.6,52.8,47.7,59.1,52.2,Barcząca Esports by Yumisu,80.73214285714286,62.982142857142854,0.39285714285714285,301.6063321428572,0.09613443392857143,0.05357142857142857,3.302882142857143,0.31584464285714287,0.7614851827854909,0.24992477634364377,0.0,520.7302910714286,0.0,0.0,0.18649863355092677,-0.12397705409311363,0.14768117466886463,4.837149692667298,1.8708286933869707,-0.48214285714285715,-0.31242063849643,0.4722724815937551,-0.113439300116282,-0.395840924965667,0.21601493248019962,-0.14737491401505148
Warsor,jng,LRS,3,28,0.679,1,0.0,10,60.4,56.0,55.0,56.3,51.7,9z Globant|Seven Dark,15.0,207.85714285714286,3.3214285714285716,659.5077785714285,0.19234930714285717,0.42857142857142855,1.5348785714285713,0.2543392857142857,0.7055942994606749,0.22501294227763133,0.0,1074.5856071428573,0.0,0.0,0.4868519909842223,0.06520547945205481,0.33390748031496065,1.0254394079555966,1.889822365046136,-0.5357142857142857,-0.4502037781658988,0.29018923398269314,0.05485001991543155,-0.0015535543443593036,0.06896187833330279,-0.17708653696609783
Denathor,top,NACL,2,58,0.431,17,0.118,16,55.4,61.0,58.9,51.4,43.7,Dignitas|Winthrop University,38.53448275862069,-20.775862068965516,-3.3275862068965516,683.8444327586207,0.23862289655172414,0.1896551724137931,1.2661310344827585,0.17215344827586207,0.5440262248941713,0.18027003816093592,0.0,1099.344622413793,0.0,0.11764705882352941,0.22762187238573275,1.016314338235294,-0.22935892703334557,3.831966663473513,2.1009029257555607,-0.5,-0.8722993054329405,0.022273806519306025,0.3228384628129157,0.20694659824504502,-0.1900230236120528,-0.6334902704337488
Crem,bot,EBL,3,49,0.592,2,0.0,18,62.8,53.6,49.0,56.7,61.0,Magaza Esports,672.3469387755102,266.40816326530614,17.53061224489796,805.9796387755102,0.27448171428571433,0.8163265306122449,0.8832020408163265,0.225,0.5824460145014111,0.17820981347976925,0.0,350.9719632653061,0.0,0.0,0.228199852788592,-0.010826679631257292,0.26600818687249234,2.5880193919409606,2.5714285714285716,-0.3877551020408163,-0.37421736723850635,0.42070706863482565,-0.07439928182558145,-0.31875490890142233,0.08853152117677152,0.32368576686696704
Cimpo,bot,TCL,15,37,0.676,3,0.0,14,67.7,48.7,50.2,61.3,56.6,Otter Side|SU Esports,977.2702702702703,621.6486486486486,14.54054054054054,824.679027027027,0.27080000000000004,1.2432432432432432,0.7541216216216217,0.20665675675675677,0.5918779722945816,0.17580631214195624,0.0,302.7701891891892,0.0,0.0,0.23283114850322828,-0.03397809699900447,-0.16985990155244235,12.344512820512822,2.301585822275002,-0.4594594594594595,-0.315979644986584,0.7264907165870846,-0.3397525717043791,-0.2550243959056565,0.33812119557259496,0.08422924626668535
Albi,jng,HM,3,40,0.475,11,0.0,12,64.0,52.4,45.8,56.9,50.4,Meavedron,181.775,259.55,6.475,574.51964,0.180333775,1.025,1.175275,0.2985375,0.6349246569330447,0.19178948619510894,0.0,1092.8132,0.0,0.0,0.10959219670123638,-0.4959905603583211,0.03765023763516663,4.690721649484535,1.8973665961010275,-0.675,-0.27803322116556833,0.49267968210263424,-0.13476363126178367,-0.5028540535524944,0.09952601550077378,-0.2451683739908299
J3rkie,sup,HM,3,50,0.78,2,0.0,19,65.6,50.8,46.7,53.4,61.2,CITA Kaizen|Galions Sharks|Ruddy Corporation,335.18,239.9,-0.7,294.434346,0.087822856,0.02,3.4948520000000003,0.289748,0.7066519664203337,0.25262462277405096,0.0,537.188754,0.0,0.0,0.19035830384021438,-0.5042227468542362,-0.10347381214844961,3.257452574525745,2.6870057685088806,-0.36,-0.4735231034623423,0.5897757968648316,-0.22248656182905602,-0.453786944523237,-0.08529220268167809,0.3311158222124323
chico,sup,LJL,15,48,0.458,13,0.0,13,64.1,52.3,49.7,43.5,46.3,RAYN Clocks,65.85416666666667,-15.6875,2.0,300.177775,0.1039015125,0.041666666666666664,4.025529166666667,0.5411666666666667,0.6597765053606113,0.2523853369799793,0.0,555.1327229166667,0.0,0.0,0.19341276505652677,0.0,-0.5643878381295562,1.4375,1.8763883748662837,-0.5833333333333334,-0.5189109279884461,0.49651855162775366,-0.1409059774755204,-0.28466024669450846,-0.6485012191661332,-0.4747522165724988
Kangin,top,LCKC,2,95,0.474,23,0.0,24,62.1,54.2,42.2,52.4,58.7,BNK FEARX|BNK FEARX Youth,141.34736842105264,97.92631578947369,8.147368421052631,700.146807368421,0.23937415789473684,0.3263157894736842,1.0716136842105262,0.1415357894736842,0.48015490878991673,0.16400593411030806,0.0,1193.3170968421052,0.0,0.0,0.23748812204746175,-0.7793932756298858,0.14229015186285626,2.4,2.46234804500437,-0.3894736842105263,-0.5132485054461042,0.38434905029621874,-0.04396416388581485,-0.7365198115298752,-0.13868293638311538,0.19608207239275882
Jojopyun,mid,LEC,1,96,0.521,21,0.238,18,64.4,51.9,53.2,62.1,53.0,Movistar KOI,171.45263157894738,146.9157894736842,6.705263157894737,698.2448833333333,0.2535101041666667,0.3333333333333333,1.32461875,0.219025,0.6314362174216591,0.2107804288742936,0.0,632.7739666666666,0.0,0.23809523809523808,0.48918709268855315,-0.7285380334719378,0.035579067475753415,7.0314814814814826,1.8371173070873836,-0.3645833333333333,-0.3190654960166537,0.5140253877417272,-0.16247914676496536,-0.0925366089237171,0.3827378300022747,-0.10772286481960186
Carlsen,top,LFL,2,114,0.693,13,0.154,20,63.6,52.7,57.9,56.6,56.7,Galions,320.10526315789474,269.0964912280702,7.587719298245614,681.536251754386,0.212693099122807,0.4473684210526316,1.0208964912280702,0.1337298245614035,0.4864783154141702,0.16744933203850446,0.0,1178.7562912280703,0.0,0.15384615384615385,0.46425058594854685,-0.3514442260945036,0.31396059144163896,4.135441771141499,1.873171623163388,-0.37719298245614036,-0.3270673158124333,0.47128104858091047,-0.11907594846134552,0.15170523265532082,0.08390203487466728,0.09185599864172397
SwiT,top,NL,3,35,0.514,8,0.125,10,53.7,62.6,51.7,59.2,51.0,Galions Sharks,119.2,248.22857142857143,3.4285714285714284,583.6337028571428,0.20646654285714286,0.37142857142857144,1.3140657142857144,0.15444,0.500010564533388,0.1417850476644681,0.0,1253.2644857142857,0.0,0.125,0.2959431345353676,-0.7084881394684195,0.3903677758318737,3.714285714285714,1.6903085094570331,-0.5142857142857142,-0.30666009841039954,-0.07014686716201511,0.4091223756579372,-0.17338820295018148,0.22070202022321325,-0.21323061071039184
Koldo,jng,LES,3,68,0.485,21,0.19,13,53.6,62.7,52.5,49.7,51.3,Barça eSports,105.72058823529412,51.75,1.8529411764705883,473.7854705882353,0.16238453970588235,0.36764705882352944,1.6294117647058823,0.33503529411764704,0.6952677679222932,0.18496062244987058,0.0,1055.137136764706,0.0,0.19047619047619047,0.275499228403063,-0.9172279907050622,-0.41854133563775914,5.0685714285714285,1.5764815627361644,-0.39705882352941174,-0.4592021895707381,-0.07484779720702255,0.41931003972963743,-0.1321426025818515,-0.28299992480926645,-0.19762370339001767
GiaQui,mid,VCS,15,24,0.458,5,0.2,13,58.1,58.2,58.0,60.2,62.2,ZEN Esports,411.625,145.04166666666666,6.375,729.9684291666666,0.252847375,0.2916666666666667,1.3526541666666667,0.24654166666666666,0.5869827430711051,0.15119755097150325,0.0,443.8339416666667,0.0,0.2,0.28254805880135697,-0.03973145498569234,0.23016101799612904,4.954617604617606,2.65361388801511,-0.4166666666666667,0.0,0.1627603174694226,0.17094406269380888,0.15958997305940978,0.27547550023514356,0.3868407276169678
113,jng,TCL,15,77,0.753,8,0.625,21,68.3,48.0,74.4,50.2,65.3,Berlin International Gaming|Misa Esports,427.3766233766234,604.5584415584416,11.03896103896104,587.5548701298701,0.1937235246753247,0.5324675324675324,1.4943467532467534,0.23891168831168832,0.6817376028556834,0.2418327225101878,0.0,903.7418857142857,0.0,0.625,0.4914189580072143,-0.09336829633635642,-0.2331966673972579,2.8592419450407136,2.393172105652397,-0.35064935064935066,-0.33433597339887006,0.7710106002079697,-0.37574488576701937,1.3027793783104948,-0.25686384942630003,0.570488288907067
PhyMini,mid,NACL,2,41,0.683,1,0.0,11,62.5,53.8,42.9,67.4,48.0,NRG,215.29268292682926,255.90243902439025,9.390243902439025,806.1668439024392,0.26943604878048777,0.5121951219512195,1.1883439024390243,0.18023658536585366,0.5999467391877837,0.15423447954407707,0.0,465.4781585365854,0.0,0.0,0.1126628330008215,-0.90591841546805,0.37212497109669346,10.509049773755656,1.7179113807746667,-0.4878048780487805,-0.3795214265978791,0.40818994666475616,-0.06293025909936652,-0.687755194983962,0.7065369497425873,-0.3745774063752152
SCARY,jng,CD,2,52,0.692,7,0.143,13,57.8,58.5,54.1,57.7,53.5,KaBuM! Ilha das Lendas,145.07692307692307,73.21153846153847,1.6538461538461537,481.3647673076923,0.1774651826923077,0.4423076923076923,1.5850711538461537,0.32896538461538466,0.7615885493955192,0.21936329908860894,0.0,1047.777448076923,0.0,0.14285714285714285,0.23585549541068487,-0.021076339931515697,0.20959303346325361,4.110543024227235,1.8027756377319948,-0.4807692307692308,-0.3463442855003693,0.14943571677539713,0.18511861943819594,-0.048899392663270494,0.1439616248166704,-0.07640969565131239
Tian,jng,LPL,1,93,0.559,19,0.158,12,58.3,58.0,57.6,57.4,48.3,Top Esports,-25.7027027027027,77.13513513513513,1.9189189189189189,482.3209107526882,0.1679141569892473,0.22580645161290322,1.8367096774193548,0.39284516129032254,0.7039317818260448,0.20924148804972428,20.066666666666666,1010.4636607594936,0.0,0.15789473684210525,0.433308916881263,-0.12725174636688305,-0.023039486663914303,5.614851368162966,1.2443420336765103,-0.40860215053763443,-0.32281281450409466,0.17700056281348572,0.15619372872074172,0.13565564681277287,0.1259185979809575,-0.3609217464968148
Ayu,bot,CBLOL,15,85,0.647,14,0.143,20,54.3,61.9,58.2,50.5,58.2,FURIA,-35.247058823529414,22.094117647058823,-4.3882352941176475,776.3278294117647,0.28146683529411765,0.8117647058823529,1.2187152941176471,0.2899376470588235,0.6785201025960609,0.17297451633212454,0.0,412.4722035294118,0.0,0.14285714285714285,0.32875166785542104,0.004694088630758222,-0.135035956588609,3.3064171122994654,2.1693045781865616,-0.4117647058823529,-0.2698536976865722,-0.036037871309463405,0.3723446307425181,0.16845453132681937,-0.2378438144716375,0.16788439351624762
Pipibaat,jng,ROL,3,37,0.486,8,0.125,13,55.1,61.0,58.8,60.2,60.3,The Bandits|mCon esports,-12.91891891891892,-178.3783783783784,-0.5675675675675675,564.9454027027026,0.1806919945945946,0.32432432432432434,1.6472297297297296,0.3433513513513513,0.6714870030814303,0.16323657611061704,0.0,975.0218567567568,0.0,0.125,0.2872712280928668,0.7744131523765144,0.22142402289572602,5.486358844613115,2.137186834969645,-0.40540540540540543,-0.19667522713548577,0.003760247085415486,0.31863955265385746,0.20140269672177658,0.2786903502856135,0.2814725072261803
Zika,top,LPL,1,100,0.47,13,0.077,17,59.2,56.8,50.9,60.2,49.8,Weibo Gaming,20.925925925925927,-29.82716049382716,0.8395061728395061,640.921643,0.234579658,0.22,1.25129,0.175902,0.5119395570538362,0.17647352943006797,0.3684210526315789,1235.1893580246915,0.0,0.07692307692307693,0.2811511297178102,0.21163166397415178,-0.027433977138352304,7.058974358974358,1.7,-0.45,-0.25666013689541,0.22143866049569752,0.09737258495497492,-0.21576678428866525,0.27642629656401524,-0.2776318440734735
Carry,sup,TCL,15,65,0.646,6,0.167,17,63.3,52.7,61.0,64.1,55.8,Bushido Wildcats|Misa Esports|SU Esports,193.53846153846155,14.8,0.7538461538461538,245.9076523076923,0.08742526307692307,0.07692307692307693,4.086644615384615,0.46958307692307694,0.6981007236346904,0.2434704589903188,0.0,394.71531076923077,0.0,0.16666666666666666,0.478471130596136,-0.13472434190182636,0.17863613974395018,5.76588564797428,2.108590488016544,-0.3230769230769231,-0.5262949605641055,0.45189159456490785,-0.11953100653460856,0.3232526075946351,0.49866453511821424,0.04391849657457435
Panda,mid,NL,3,42,0.81,3,0.0,12,58.9,57.1,53.6,51.3,54.3,Karmine Corp Blue Stars,542.9285714285714,400.7857142857143,8.142857142857142,667.7577952380952,0.2088614285714286,0.7619047619047619,1.1332738095238095,0.18200238095238094,0.5723962655119349,0.17749193098347893,0.0,612.1787476190476,0.0,0.0,0.5692599620493359,-0.015053081920456249,-0.02261917929432583,0.7985483341793768,1.8516401995451028,-0.5,-0.14669333343119406,0.20591824576112738,0.11170145762767124,-0.07430405433434621,-0.19445134953844995,-0.03777393110224092
Frost,jng,NL,3,49,0.612,7,0.0,18,55.1,60.9,47.1,63.3,57.9,Project Conquerors,96.14285714285714,-40.53061224489796,-0.3877551020408163,510.6990142857143,0.1726836469387755,0.42857142857142855,1.5755408163265305,0.3915020408163265,0.7178868199729825,0.2250373000416317,0.0,959.9234836734694,0.0,0.0,0.25239005736137665,-0.5873087368351327,0.5421108179419524,3.560737812911726,2.5714285714285716,-0.3469387755102041,-0.6285280862366146,0.007780659596888398,0.31831108745581205,-0.4306810030441254,0.45173997876566413,0.1509595815901271
Ryuzaki,jng,EBL,3,55,0.491,13,0.077,15,57.0,59.0,51.4,54.4,56.7,TITANS|The Secret Club,29.418181818181818,51.85454545454545,-0.10909090909090909,540.7702945454546,0.17800743454545453,0.4909090909090909,1.4477545454545455,0.25308545454545456,0.7114551734450412,0.16950160607850057,0.0,907.2947181818181,0.0,0.07692307692307693,0.27429886513265866,-0.3322195331407603,0.009367699981059463,3.0799999999999996,2.0225995873897262,-0.41818181818181815,-0.36320470469369937,0.1040592385077109,0.21253534474609995,-0.19268649914364575,-0.03161649580151444,0.08945947001078589
Qats,mid,CD,2,48,0.5,6,0.167,14,51.8,64.2,56.3,47.7,52.8,Vivo Keyd Stars|Vivo Keyd Stars Academy,-19.875,-7.0625,2.8333333333333335,700.0600958333333,0.2559182291666667,0.3541666666666667,1.4910604166666666,0.28782916666666664,0.6846429539152735,0.17717112962160522,0.0,419.02835208333335,0.0,0.16666666666666666,0.2838046556098996,-0.05174610499704043,-0.2859003483265182,2.869660620846579,2.0207259421636903,-0.375,-0.4998085587699786,-0.16782629974485871,0.5036748835309184,0.0672077018226673,-0.39409232655542736,-0.1180998232559157
zay,sup,CD,2,35,0.4,4,0.0,14,57.2,58.8,46.6,49.4,56.8,Ei Nerd Esports|Vivo Keyd Stars Academy,-0.9428571428571428,110.65714285714286,-2.4571428571428573,219.40884,0.08700464857142857,0.08571428571428572,4.144348571428571,0.4284514285714286,0.7628807020079639,0.18589700402732343,0.0,419.2432657142857,0.0,0.0,0.19269125683060107,-0.6288909850424471,-0.39399973740645094,2.0555555555555554,2.3664319132398464,-0.37142857142857144,-0.5972444433469124,0.11522652363837095,0.19884386728711478,-0.45849422022274855,-0.29842360815519603,0.09282610195871499
xpd,bot,LAS,3,40,0.675,7,0.143,15,60.2,55.8,53.4,63.8,60.1,Dplus Kia Academy,410.625,120.275,3.95,849.1332249999999,0.258002,1.5,1.039105,0.2846575,0.5878630524712167,0.21506743820455046,0.0,413.93607499999996,0.0,0.14285714285714285,0.2590873302276753,-0.25415066286189575,0.552618254112389,5.752776006954506,2.3717082451262845,-0.4,-0.28480604812193505,0.2758448036165792,0.040697594046621384,-0.08503703137347057,0.4828827252200834,0.26946336710623064
Ichiwin,sup,LRN,3,27,0.815,0,0.0,13,59.2,56.8,49.6,55.5,58.7,Fuego,264.8888888888889,216.03703703703704,-0.7777777777777778,238.6271888888889,0.07517082592592593,0.07407407407407407,3.8838037037037036,0.42218148148148144,0.7106352770634639,0.24053229103473986,0.0,593.4177407407408,0.0,0.0,0.0,0.5203950131043569,0.4244798482072755,0.0,2.5018511664883785,-0.37037037037037035,-0.4115979261286665,0.22466214925205222,0.09372138777140987,-0.2887008594487876,0.025714772606590386,0.19687608273476365
Casting,top,LCK,1,110,0.4,20,0.05,21,54.9,61.0,42.1,57.8,54.8,HANJIN BRION,40.7,45.872727272727275,-1.7636363636363637,586.1746609090909,0.22426974636363636,0.21818181818181817,1.4839054545454546,0.1747309090909091,0.5324629861299852,0.18061093411230467,0.0,1029.5217145454546,0.0,0.05,0.2284407750474065,-0.6187449875146422,-0.07975110164617065,6.307467386414754,2.002271437415744,-0.37272727272727274,-0.3686355641453973,-0.005506252077340373,0.32080232599897324,-0.7421044718353558,0.14545751354102007,-0.010094503916086562
Feisty,mid,CBLOL,15,91,0.615,7,0.0,16,56.3,59.6,46.3,69.3,43.7,LØS,312.6373626373626,89.73626373626374,8.813186813186814,656.5056791208791,0.23148395604395605,0.32967032967032966,1.3072494505494505,0.26851868131868134,0.6383580994658703,0.19562891725619763,0.0,476.7208153846154,0.0,0.0,0.1927821447013598,-0.32318641162140216,0.29210434098853855,7.242525252525253,1.6772557387550693,-0.46153846153846156,-0.5285256010366061,0.07028610517958402,0.24449886007994084,-0.47776365855404523,0.8380974155578425,-0.6335201815338468
Ze Luis,sup,LPLOL,3,30,0.6,7,0.0,14,60.5,55.4,50.0,56.8,53.9,Francesinhas|Otter Side,268.1666666666667,81.6,0.6333333333333333,276.27019666666666,0.08876671333333334,0.0,3.73104,0.40801,0.6834648874530138,0.21948520368875013,0.0,509.6941533333333,0.0,0.0,0.3264853571475712,-0.5796538325679972,-0.434093515576529,9.18348623853211,2.556038601690775,-0.5,-0.5896474538751012,0.29139753076524344,0.02280399574393394,-0.2642150407303991,0.09693638932945553,-0.05606102955899929
Furby,mid,NLC,2,30,0.333,11,0.091,14,59.7,56.1,56.5,50.1,57.1,Lund Esports Organization|P11 Esports,122.06666666666666,220.73333333333332,4.266666666666667,795.971,0.2856314,0.4,1.1663233333333334,0.12232,0.6267821575830729,0.09741433797253826,0.0,443.6107033333334,0.0,0.09090909090909091,0.43068727431451137,0.0,-0.29246830723340794,3.857142857142857,2.556038601690775,-0.36666666666666664,-0.5419352867862004,0.2488300093546369,0.05920688814264345,0.08128245935795012,-0.2627752464644502,0.1110339592381625
Zothve,top,LRN,3,40,0.625,4,0.0,13,59.7,56.1,46.3,44.2,48.9,Fluxo W7M|Fuego,346.8,433.975,12.05,650.628395,0.2211198,0.55,1.0354475,0.116435,0.48461439956690827,0.16935938334277995,0.0,944.6000099999999,0.0,0.0,0.17136812411847674,-0.5909090909090909,-0.5443948769607139,0.0,2.0554804791094465,-0.5,-0.6098759402810645,0.25248007225832303,0.05535090438641772,-0.4757817015099381,-0.6007214760223445,-0.32792097395888964
bobista,top,NLC,2,59,0.746,5,0.2,14,64.0,51.8,51.0,56.2,51.0,Verdant,395.135593220339,457.89830508474574,4.8474576271186445,697.9666118644067,0.20941882033898304,0.4915254237288136,1.0383389830508474,0.11068305084745762,0.4863354010111105,0.17377602558838212,0.0,1183.6179084745763,0.0,0.2,0.20245738777951292,-0.573153903775643,0.22101582990114302,4.767132421150278,1.8226447537315342,-0.4406779661016949,-0.43022350898843137,0.49143520165932675,-0.16932723321133253,-0.2114666196542117,0.0643364786407371,-0.211956627361801
Guigo,top,CBLOL,15,85,0.647,14,0.143,17,51.9,63.9,59.2,48.1,55.0,FURIA,-47.11764705882353,-64.54117647058824,-1.576470588235294,622.75616,0.22554032941176472,0.32941176470588235,1.3515741176470588,0.22412235294117647,0.57468210122611,0.24048283933289913,0.0,1701.3077305882355,0.0,0.14285714285714285,0.4564759061023556,-0.258370515083175,-0.2798472574304714,3.0653902490060685,1.8439088914585775,-0.4588235294117647,-0.30107493902658633,-0.1652359645831206,0.4857976644729508,0.22493198658430136,-0.36984220505085447,0.002602495502479374
SAKEN,mid,LFL,2,49,0.612,8,0.125,14,61.4,54.4,62.5,47.2,47.8,French Flair|ZYB Esport,172.79591836734693,117.61224489795919,5.040816326530612,797.6472836734694,0.2665992857142857,0.6530612244897959,1.231148979591837,0.19118163265306123,0.6043341549104212,0.16112921554859236,0.0,454.68097142857147,0.0,0.125,0.5148018329691672,0.4131678814529245,-0.2887796447431589,2.548076923076923,2.0,-0.5102040816326531,-0.4461284394801764,0.3411667067854309,-0.033278831081702744,0.4065429149098458,-0.4213648919011271,-0.3909836825914829
Stormax,jng,AL,3,36,0.722,6,0.333,12,57.6,58.1,63.7,44.6,52.7,FN Esports,27.27777777777778,128.11111111111111,2.0277777777777777,565.6641111111111,0.1688087527777778,0.5277777777777778,1.5103555555555555,0.28136388888888886,0.679274072112091,0.17777821620904755,0.0,1073.53565,0.0,0.3333333333333333,0.40306975520862687,0.0,-0.5002868018981071,0.0,2.0,-0.4444444444444444,-0.5340205351626404,0.1373545531796982,0.1660800905708872,0.4779757009949476,-0.5800070896745748,-0.12078958550149188
BAO,bot,CBLOL,15,62,0.371,19,0.0,17,52.1,63.6,48.5,61.9,51.3,Fluxo W7M,-206.38709677419354,17.806451612903224,-1.2419354838709677,731.5856048387097,0.29258816129032256,0.5806451612903226,1.3670790322580644,0.2853016129032258,0.6681670207827779,0.13853989450811952,0.0,359.0894112903226,0.0,0.0,0.2130542494564943,-0.015366680796947972,-0.1251028806584362,10.901475902013921,2.1590021590032387,-0.4838709677419355,-0.47260921362784936,-0.1544211051197225,0.46969587147407144,-0.346950188792659,0.37315380943804577,-0.19488488987383545
Vlaren,sup,HC,3,21,0.286,2,0.0,12,61.5,54.2,50.9,53.9,54.3,KIA.eSuba Academy,142.61904761904762,71.33333333333333,1.0476190476190477,295.1881523809524,0.0964519857142857,0.09523809523809523,3.5564190476190474,0.39867142857142857,0.7147567705013108,0.26018204675462675,0.0,552.7048142857143,0.0,0.0,0.17939840834494852,0.0,0.22784418602019535,0.0,2.618614682831909,-0.5714285714285714,-0.4878372607736728,0.3473133353781822,-0.043489003216270375,-0.21495020064854864,-0.06002965084495229,-0.0374627114083108
Bradley,mid,NACL,2,30,0.4,7,0.143,13,62.0,53.7,53.9,47.2,52.5,Citadel Gaming|University of Mississippi,337.7,155.86666666666667,9.7,819.9055066666666,0.2792862,0.43333333333333335,1.1795366666666667,0.19998333333333335,0.6188297033328667,0.1951925664420897,0.0,514.0886266666666,0.0,0.14285714285714285,0.32009823986901353,-0.49763252107633676,-0.2559889130865176,0.0,2.37346441585572,-0.5,-0.4582390961909056,0.3783915142964561,-0.06896556905732695,-0.055616375591478626,-0.4206747488096746,-0.1339312313772712
SiuLoong,sup,LCP,15,74,0.541,16,0.188,22,59.4,56.3,59.5,48.6,60.2,MVK Esports|MVK Esports Academy,44.63513513513514,176.2027027027027,0.3918918918918919,237.46187702702701,0.08746043108108109,0.02702702702702703,4.155389189189189,0.4281621621621622,0.7109769242190368,0.20446885322788674,0.0,398.64976756756755,0.0,0.1875,0.3060459133289992,0.0749040846717781,-0.42727522273343,4.112578283317535,2.557448052364024,-0.36486486486486486,-0.5194535978460484,0.23445348946594197,0.06940453409729616,0.23698443080757425,-0.3431798150950196,0.27767233325762986
Bean,top,LAS,3,67,0.418,19,0.053,16,59.8,55.9,55.2,60.3,58.8,Gen.G Scholars,271.64179104477614,-48.3134328358209,6.388059701492537,746.4666895522388,0.2408820746268657,0.43283582089552236,1.0438283582089551,0.17607014925373132,0.47011846980761995,0.21646718370386545,0.0,1068.8928104477611,0.0,0.05263157894736842,0.30557588895217874,0.8585138055584943,0.23647886309065846,5.276812724204165,1.9547111097008836,-0.44776119402985076,-0.12538234031176823,0.2536830489290422,0.04573198099759087,0.012356277784025343,0.28113984617310767,0.1997906385952019
marlon,sup,AL,3,46,0.543,7,0.0,16,57.6,58.0,50.3,51.7,61.0,Anubis Gaming|JSK Esports,184.06521739130434,173.2391304347826,-1.6521739130434783,249.97341086956524,0.07945319347826087,0.0,3.6906760869565214,0.4341217391304348,0.744540349398357,0.2416531895903753,0.0,596.4927978260869,0.0,0.0,0.2863699447042199,0.0,0.10543769188380678,0.0,2.359071298478354,-0.34782608695652173,-0.31265763944310637,0.13535582609183014,0.16123186453480104,-0.2491839366603909,-0.17631441239180112,0.3187115841535768
Canyon,jng,LCK,1,124,0.726,10,0.5,16,58.9,56.7,74.5,54.9,57.0,Gen.G,20.919354838709676,53.87096774193548,0.3870967741935484,485.5488709677419,0.1626370048387097,0.28225806451612906,1.8971806451612903,0.3710516129032258,0.7124819673828304,0.2096961562925282,0.0,1061.8873758064517,0.0,0.5,0.5735421436404564,0.09442060085836913,-0.06999929293643499,4.904068665337834,1.4368424162141993,-0.3709677419354839,-0.21277442223377857,0.20454447579613835,0.0896339078431868,1.3125085359303517,-0.0049299039741957235,0.1048581716812042
Koala,top,NL,3,42,0.81,3,0.0,17,60.1,55.5,50.7,57.5,65.6,Karmine Corp Blue Stars,349.6904761904762,262.5238095238095,5.309523809523809,745.6343452380952,0.2328697142857143,0.40476190476190477,1.0928714285714285,0.11798095238095237,0.4984304057233949,0.20850261376267398,0.0,1030.3623357142856,0.0,0.0,0.22040354989953115,0.5002970591147639,0.19053201082055887,4.175819252432156,2.6231569493555624,-0.35714285714285715,-0.14331733580276407,0.2698204644794867,0.02849657158200243,-0.22637041545475528,0.13185618863838033,0.5878096899740827
Rahel,bot,LCS,1,82,0.488,15,0.267,15,56.2,59.4,61.1,53.6,51.1,Sentinels,-22.23170731707317,137.6341463414634,0.13414634146341464,730.6224487804878,0.26995573170731707,0.9024390243902439,1.3117926829268292,0.2815390243902439,0.7017893778492755,0.14954150353787785,0.0,331.40025487804877,0.0,0.26666666666666666,0.517545099147473,-0.23225206062217493,0.09719824724472176,1.3301127214170692,1.656472891122698,-0.3902439024390244,-0.3708561745542742,0.06068166123612783,0.23625177092910832,0.3278676525012819,-0.0729540088662246,-0.20895490053777202
D4SH,jng,LPLOL,3,38,0.447,14,0.0,12,58.1,57.5,49.4,49.9,53.7,Bubliki|Capybara Esports|Francesinhas|Otter Side,184.94736842105263,144.78947368421052,2.6052631578947367,527.8653263157894,0.18806205263157896,0.3684210526315789,1.4462868421052633,0.2877921052631579,0.7104715654184781,0.20617003854120775,0.0,1030.358552631579,0.0,0.0,0.18700647961047773,-0.006716241884023915,-0.1962565256143628,1.59375,1.9466570535691505,-0.4473684210526316,-0.44492393295494564,0.16157178225164065,0.13282364846706,-0.2986648865551839,-0.27222938923759643,-0.06715090932824964
Dinastik,top,LRS,3,33,0.424,6,0.0,12,57.5,58.1,55.6,50.2,49.4,Docta Esports|Maze Gaming|Seven Dark,351.8787878787879,171.3030303030303,11.484848484848484,624.3872484848486,0.211473,0.6060606060606061,1.114860606060606,0.1734878787878788,0.5031711190044523,0.19700058425304653,0.0,993.8303575757576,0.0,0.0,0.2295050692248991,1.7776420854861437,-0.1976821728499252,1.4699367088607596,2.088931871468374,-0.5151515151515151,-0.6047154238282652,0.1324533600604968,0.16522467470592572,0.030116145796312152,-0.2559464079482123,-0.29946253451199917
Fortu,sup,LRS,3,46,0.5,6,0.333,16,57.9,57.7,63.3,49.8,53.7,Malvinas Gaming,-6.130434782608695,47.91304347826087,0.5869565217391305,280.15085,0.0902149152173913,0.0,3.767613043478261,0.42688695652173914,0.7251954934823572,0.22423597413677698,0.0,477.13956739130435,0.0,0.3333333333333333,0.5305529183435134,-0.4472561465136169,-0.28693623431854853,2.1915380217267013,2.359071298478354,-0.41304347826086957,-0.6297412607871036,0.1508142267725199,0.14401328011093492,0.45161362944125194,-0.2793333907542684,-0.06920968279270227
Redemption,sup,NACL,2,25,0.28,8,0.0,10,59.7,55.9,51.1,50.4,49.0,Dorado Gaming,-116.72,-79.2,2.4,276.894528,0.103033144,0.08,4.088788,0.5531159999999999,0.7076702610217888,0.22455345977500044,0.0,439.088608,0.0,0.0,0.2586725677199183,0.0,-0.14204160619254966,0.0,2.0,-0.6,-0.399649185233197,0.24947950755851586,0.04705707241626108,-0.20672884201131342,-0.2434196338842068,-0.3225217489419336
Samikin,mid,NACL,2,57,0.439,11,0.091,16,57.6,58.0,58.0,68.1,58.3,Blue Otter|Winthrop University,74.7719298245614,114.47368421052632,2.175438596491228,767.7579877192983,0.2734156315789474,0.38596491228070173,1.3609333333333333,0.2317298245614035,0.6480432860586083,0.18927969008757195,0.0,384.1743614035088,0.0,0.09090909090909091,0.44306420811744857,0.0856692528800161,0.633220456034561,5.166666666666667,2.11925177130407,-0.3684210526315789,-0.3325605870686625,0.13546655528595594,0.1568422738603682,0.1577805230287071,0.7584948062913623,0.17234751096716028
Hans Sama,bot,LEC,1,128,0.656,18,0.389,20,59.6,55.8,66.0,50.7,57.7,G2 Esports,144.40625,102.015625,3.6328125,760.77301171875,0.2729020125,0.6953125,1.49675,0.3859390625,0.5855686609955534,0.16834944726057144,0.0,362.204534375,0.0,0.3888888888888889,0.4164155812049012,0.008646425824490513,-0.10969519442010109,3.129822849456002,1.7677669529663687,-0.3515625,-0.2906125121021699,0.2471343075840758,0.04074220992847322,0.6178038221040314,-0.2284759823505501,0.14247999750638096
Blesia,top,RL,3,24,0.458,4,0.5,12,62.5,52.9,72.2,49.7,56.2,Barcząca Esports by Yumisu|LODIS,424.2916666666667,247.08333333333334,8.125,876.5510208333334,0.27827716666666663,0.375,0.9406500000000001,0.09875833333333334,0.5203886380403923,0.2697950516474159,0.0,1485.1818416666667,0.0,0.5,1.2964381328480183,0.0,-0.22128153720944083,0.0,2.4494897427831783,-0.5,-0.34547618162141114,0.40622616546633034,-0.10956346565852747,1.0811135070052695,-0.2830230855765099,0.06207036343287184
Smurfe,top,HLL,3,43,0.605,10,0.2,13,53.6,61.7,61.0,53.1,54.5,A One Man Army|A One Man Army Prime|Frites Esports Club|WLGaming Esports,103.02325581395348,140.1627906976744,2.302325581395349,644.4664627906976,0.21650227209302325,0.20930232558139536,1.3501837209302325,0.1444953488372093,0.5192821301918429,0.18396186334189912,0.0,1089.1567906976743,0.0,0.2,0.5076722090261282,0.23492178974172423,-0.1836236328916149,4.673758865248227,1.9824814143238607,-0.3953488372093023,-0.4265306373085997,-0.07142377925237904,0.3585019219463681,0.3201306595235795,-0.09947246286614872,-0.024225993989665906
CoreJJ,sup,LCS,1,90,0.622,10,0.1,16,59.1,56.2,47.0,54.4,51.9,Team Liquid,28.977777777777778,-42.86666666666667,-1.711111111111111,223.96448777777778,0.08120331333333333,0.05555555555555555,3.9858944444444444,0.49055333333333334,0.750281111658825,0.19098565217737135,0.0,430.9809144444444,0.0,0.1,0.19421175244850264,-0.36062640886142944,0.019003884791865683,3.121825396825397,1.6865480854231356,-0.36666666666666664,-0.30801364650245683,0.21991204763531594,0.06492347746805589,-0.43720631945495053,-0.030713564541969277,-0.16166899220810535
Vizicsacsi,top,PRM,3,83,0.518,19,0.158,14,48.8,66.5,60.7,53.8,47.2,E WIE EINFACH E-SPORTS,-186.3132530120482,-232.09638554216866,-6.674698795180723,638.9355168674699,0.21878949397590364,0.3855421686746988,1.4354469879518073,0.16612289156626506,0.5267557620260882,0.20451553985100998,0.0,1588.1019819277108,0.0,0.15789473684210525,0.24891384179777704,1.3637776437032514,0.14835901474547947,1.5378151260504198,1.5366996398556647,-0.4939759036144578,-0.3560870621701974,-0.33207554501916914,0.646275719937203,0.30427557468772026,-0.06562322790229512,-0.4246207537424715
minemaciek,sup,RL,3,67,0.627,9,0.111,15,60.5,54.7,49.7,52.0,50.5,Bomba Team,185.38805970149255,-23.64179104477612,-3.0,285.9168597014925,0.09448432238805969,0.014925373134328358,3.744749253731343,0.3378776119402985,0.7331181702807169,0.24853995595370765,0.0,493.96050746268656,0.0,0.1111111111111111,0.18326485725719502,-0.4578200631788332,-0.15340671735316233,3.015494374862728,1.8325416653445783,-0.40298507462686567,-0.5012925349696906,0.2927015495207,-0.013878918943112974,-0.28206750466311004,-0.156461663021009,-0.236708070809505
Markus,jng,ROL,3,51,0.529,14,0.143,15,58.1,57.1,64.2,63.3,55.3,Ruddy Corporation|Senshi eSports,58.490196078431374,178.4313725490196,2.5098039215686274,555.8879352941176,0.1794436274509804,0.39215686274509803,1.4141470588235294,0.24848235294117646,0.684667578462329,0.1842515380195805,0.0,1169.110588235294,0.0,0.14285714285714285,0.2590636098077253,1.7126112131054938,0.23305618534340028,7.029260549748354,2.100420126042015,-0.43137254901960786,-0.44023245650654613,0.16587268714818051,0.11305528737519532,0.5066716671259861,0.4517800675295621,0.01820023789038694
Lesranct,jng,LIT,3,20,0.35,3,0.0,12,56.9,58.3,52.7,48.7,57.9,Epitomy Masters|TITANS,154.95,225.05,2.0,529.137735,0.17873259,0.4,1.74115,0.304725,0.6749464029713144,0.19226592634516612,0.0,1081.236575,0.0,0.0,0.3093092244667326,0.0,-0.37525028292852797,0.0,2.6832815729997477,-0.4,-0.48736753716270853,0.09859058089717862,0.1727612678115773,-0.12303812154262168,-0.339625502736535,0.15556279671612633
Raxxo,sup,RL,3,40,0.475,12,0.083,14,58.3,56.9,53.9,51.1,55.8,Anonymo Esports,-29.4,-18.125,1.25,261.60792499999997,0.0920035875,0.075,3.5081499999999997,0.348555,0.7554907598058406,0.2146497198735309,0.0,560.69388,0.0,0.08333333333333333,0.2892476341686374,0.1771198545643423,-0.43437108523175433,4.38411470326364,2.2135943621178655,-0.475,-0.3139914711472213,0.17303029462935998,0.09796235585990563,-0.060229516717702755,-0.20509107133138182,0.04300399639356188
Loid,mid,LAS,3,53,0.321,18,0.111,12,57.9,57.3,51.5,51.5,49.2,KT Rolster Academy,108.22641509433963,143.11320754716982,2.4339622641509435,742.2057396226414,0.26391445283018866,0.6037735849056604,1.1127962264150943,0.17023962264150944,0.6356864714542302,0.19992417473149504,0.0,508.34172075471696,0.0,0.1111111111111111,0.32726944745094777,-0.5514847825194069,-0.14672014564487684,2.394049873737374,1.6483267673842683,-0.4716981132075472,-0.35599285952563137,0.15563335906927825,0.12057647478594896,-0.18593797733521358,-0.18511897099239702,-0.3084927836943441
ZUIAN,top,LPL,1,93,0.559,19,0.158,18,57.4,57.8,49.5,57.6,52.7,Top Esports,82.45945945945945,-45.527027027027025,-0.013513513513513514,627.5382408602151,0.21820211935483871,0.25806451612903225,1.2969118279569891,0.16151720430107527,0.5410556450711315,0.21640032734853024,2.066666666666667,1104.7561873417721,0.0,0.15789473684210525,0.3201561211232527,-0.5791047985037376,0.04828044688294374,4.877674765051744,1.8665130505147656,-0.40860215053763443,-0.31301859194534565,0.12620372961094692,0.14608160062229558,-0.2926013604435907,0.13813609230366986,-0.12181989651137051
Furuy,mid,NLC,2,43,0.721,3,0.0,15,63.2,51.9,48.0,48.7,60.7,Verdant,456.5813953488372,337.04651162790697,12.069767441860465,752.4941325581395,0.23297562790697673,0.6511627906976745,1.0696139534883722,0.1142139534883721,0.6390206811951696,0.15706776812890622,0.0,409.05885348837205,0.0,0.0,0.17479089752414328,0.0,-0.16758029505904853,1.5121527777777781,2.28747855498907,-0.4186046511627907,-0.18014617179884626,0.44800541773444863,-0.16207619216265756,-0.3755382676868179,-0.33767866182155104,0.3031142019345818
Enapon,mid,LJL,15,57,0.684,7,0.0,12,58.4,56.7,49.6,57.9,49.4,Inferno Drive Tokyo|New Meta,306.94736842105266,309.63157894736844,7.0701754385964914,665.1911070175439,0.22963938421052632,0.47368421052631576,1.2309245614035087,0.18757017543859647,0.6233739880198822,0.18009629900211618,0.0,523.0463175438597,0.0,0.0,0.21877050973528767,0.04799927411305685,-0.007268214855521979,4.902454523405288,1.5894388284780525,-0.43859649122807015,-0.3032924712862886,0.17877607246458815,0.08806671895883804,-0.28820789512563477,0.15184688744485417,-0.29937430397076614
JustFocus,sup,LJL,15,60,0.633,9,0.0,15,62.9,52.2,45.9,50.6,54.7,Inferno Drive Tokyo|L Guide Gaming,326.85,109.26666666666667,0.9,228.32199666666665,0.08016917333333334,0.03333333333333333,3.617725,0.41222,0.7065219500594531,0.2157994786956345,0.0,478.83809,0.0,0.0,0.17468540982442218,-0.5098412391147957,-0.24631924989726867,2.995921869892122,1.9364916731037083,-0.4166666666666667,-0.33158877380829826,0.4289280170695129,-0.1478711294381609,-0.49832851413926194,-0.23263335399340315,-0.017113693998231302
sarolu,jng,CD,2,41,0.39,8,0.125,14,52.4,62.7,56.2,59.2,59.6,Vivo Keyd Stars|Vivo Keyd Stars Academy,-64.97560975609755,0.975609756097561,1.5121951219512195,488.36471463414637,0.16935333902439023,0.12195121951219512,2.088380487804878,0.4846780487804878,0.7043841257350938,0.2338159455363294,0.0,1258.2938170731707,0.0,0.125,0.34665746980867523,-0.04407580864008409,0.37962908906921977,3.3348115299334813,2.186432666440485,-0.3902439024390244,-0.4171600543590509,-0.13582741948252314,0.41788488450879024,0.06353889630310534,0.22280647056509506,0.24381728186756627
Space,bot,ROL,3,24,0.5,8,0.0,11,62.0,53.1,49.4,51.5,53.0,Once Upon A Team,567.9583333333334,328.7083333333333,11.625,902.5595958333333,0.2622351666666667,1.4583333333333333,0.6317541666666667,0.14722916666666666,0.6374265353790026,0.18632928536436896,0.0,474.7548208333333,0.0,0.0,0.19855550452970402,-0.4884940980088232,-0.33900015770383224,2.925925925925926,2.2453655975512468,-0.4166666666666667,-0.6444199966506761,0.375071887874836,-0.09964588477487993,-0.3018588078416931,-0.18687878375471684,-0.10611983947302317
Photic,bot,LPL,1,75,0.48,10,0.3,16,51.4,63.6,61.1,66.3,52.6,Invictus Gaming|Ninjas in Pyjamas|Oh My God,-212.19148936170214,-168.89361702127658,-3.021276595744681,792.0446106666667,0.29320328,0.49333333333333335,1.5184706666666667,0.4085146666666667,0.6801203034024949,0.18492696364567357,1.4,365.4575039215686,0.0,0.3,0.488305198492592,-0.3087464731962918,0.37634777079872506,5.607565789473684,1.8475208614068022,-0.38666666666666666,-0.4351342497846334,-0.19009102138773415,0.4684945498052245,0.3276683134559293,0.6334096425500656,-0.12672366097940674
Marble,bot,LCP,15,70,0.443,12,0.167,16,53.5,61.5,58.3,57.1,51.3,Fukuoka SoftBank HAWKS gaming,-71.71428571428571,-70.7,-0.04285714285714286,750.7823471428571,0.28712255714285717,0.7714285714285715,1.3566928571428571,0.3468671428571429,0.6245372136415441,0.14515189161027736,0.0,345.25210571428573,0.0,0.16666666666666666,0.49887556560065327,-0.7983894500909582,-0.2132805821625058,8.599101618781253,1.9123657749350298,-0.35714285714285715,-0.5195026877807977,-0.08129258698154464,0.35155347091955963,0.17320656778645155,0.11033928937737897,-0.19568044712803886
SamD,bot,LEC,1,77,0.519,12,0.167,16,58.5,56.5,55.4,52.6,55.6,Natus Vincere,234.0909090909091,169.35064935064935,2.8051948051948052,710.5924883116883,0.27916731168831166,0.6623376623376623,1.5805285714285715,0.3988155844155844,0.6233429549098662,0.20940046715447075,0.0,384.3710961038961,0.0,0.16666666666666666,0.60104239395387,-0.858963567797565,-0.17534557961571187,5.000000000000001,1.8233692233542071,-0.37662337662337664,-0.34063017921479466,0.18664962156936823,0.07846892502767731,0.01958976781174833,-0.1286836174532749,0.02928862230804495
Carzzy,bot,LEC,1,81,0.543,11,0.182,17,63.2,51.8,55.4,46.9,55.0,Team Vitality,103.525,41.85,0.6625,848.814962962963,0.28924351851851854,0.7407407407407407,1.3135728395061728,0.3353111111111111,0.6120192553192173,0.1758376035405881,0.0,348.90838765432096,0.0,0.18181818181818182,0.3499716561744786,0.0,-0.09595867032251153,0.0,1.8888888888888888,-0.43209876543209874,-0.31354657911667083,0.44788835860764603,-0.16849301598348917,0.020034508025485957,-0.43899528437876423,-0.0012982428700092294
13,bot,LES,3,73,0.699,4,0.25,20,58.3,56.7,59.7,54.2,60.9,Movistar KOI Fénix,149.83561643835617,-79.32876712328768,-1.2054794520547945,872.559195890411,0.2795769863013699,1.1917808219178083,1.0782438356164383,0.2596890410958904,0.6386098326853245,0.23010478541994084,0.0,375.814698630137,0.0,0.25,0.4139344394746367,-0.36816270453946726,-0.004367960785863505,3.2177096639878044,2.3408229439226114,-0.3561643835616438,-0.36622322242202476,0.17604789861922457,0.09127325936473496,0.25197170935170665,-0.043995734269454294,0.3184499010769228
Crimson,top,NACL,2,31,0.613,6,0.0,8,59.3,55.7,53.5,52.8,48.5,Maryville University,243.61290322580646,314.19354838709677,9.96774193548387,678.7584741935484,0.22085906451612905,0.2903225806451613,1.1069935483870967,0.11042258064516128,0.5367837637772742,0.17037005183457896,0.0,1163.7031806451614,0.0,0.0,0.18644639244774108,0.9038590056416392,0.04179441582863219,2.3345588235294112,1.4368424162141993,-0.5806451612903226,-0.13068818733600418,0.22936825393668445,0.03945465755525243,-0.07716683850321934,-0.11806389701607309,-0.34742066667483873
Gloryy,mid,LCP,15,34,0.5,9,0.222,11,52.2,62.8,61.3,60.5,51.8,GAM Esports,-124.41176470588235,-204.1764705882353,4.4411764705882355,600.041605882353,0.23505332352941177,0.7647058823529411,1.6078764705882354,0.3113911764705883,0.7081064750320515,0.20439719131165804,0.0,423.80918529411764,0.0,0.2222222222222222,0.42944846122566377,-0.20336953733002647,0.26611772950245266,3.6429875041414412,1.8864844365675972,-0.5294117647058824,-0.25206088206289845,-0.1491324418453698,0.4242572395311804,0.33876433813047596,0.29365948916799434,-0.1704071630899656
Kemish,mid,LCKC,2,77,0.208,36,0.056,17,51.9,63.0,59.8,45.6,53.0,Gen.G|Gen.G Global Academy,-73.48051948051948,75.58441558441558,-2.9220779220779223,700.2817623376624,0.26452516883116883,0.4675324675324675,1.2155493506493507,0.21609610389610387,0.6893823593592431,0.1451706642776409,0.0,517.4198454545455,0.0,0.05555555555555555,0.5773151169611427,0.0,-0.14133446188430795,0.0,1.937329799813845,-0.4025974025974026,-0.38535616940590106,-0.16630048977035242,0.433757495306116,0.25757064177586547,-0.5187272921891968,-0.10768373990649796
Stend,sup,LEC,1,61,0.459,9,0.222,20,57.6,57.3,51.9,41.9,59.1,Misa Esports|Shifters|Team Heretics|ZYB Esport,132.75409836065575,223.29508196721312,0.9672131147540983,201.78878360655736,0.07235865081967212,0.0,4.136885245901639,0.49940655737704914,0.7523777058365781,0.21488621802723715,0.0,523.4188295081967,0.0,0.2222222222222222,0.21841136297922537,-0.46187303942428276,-0.4966185887844874,1.4694926140012845,2.5607375986579197,-0.32786885245901637,-0.5620836169135686,0.13794391893380142,0.12211294925526786,-0.16609953813414424,-0.7517270851259882,0.21818300339627186
zorenous,top,PRM,3,42,0.5,5,0.2,18,55.2,59.7,56.9,49.7,62.0,TeamOrangeGaming,173.47619047619048,15.857142857142858,4.476190476190476,665.3078452380952,0.222365630952381,0.3333333333333333,1.4605357142857143,0.17061190476190477,0.4632310642434819,0.22125810553664366,0.0,1108.5918095238096,0.0,0.2,0.46716698542682444,-0.6701284238702888,-0.15833092236045151,1.1290322580645165,2.7774602993176543,-0.42857142857142855,-0.3156090094525121,0.008536849856178908,0.24747128220924638,0.09936749311287203,-0.2844237007712932,0.37617804762957463
Targamas,sup,LFL,2,40,0.7,5,0.0,12,58.4,56.5,50.4,59.8,52.3,French Flair,50.75,-48.075,0.15,261.944605,0.0827795325,0.05,4.086672500000001,0.4721,0.7024888256573375,0.18977253758652668,0.0,472.7215475,0.0,0.0,0.14531238290325002,0.39044714340177544,-0.11522140221402216,7.8417047184170485,1.8973665961010275,-0.45,-0.34665036412864225,0.17953541466646075,0.07935034835587235,-0.24349845280085425,0.25633083112060817,-0.1432482040435823
Jakobobbi,sup,PRM,3,40,0.225,18,0.056,19,59.8,55.1,52.0,66.7,65.1,VfB eSports,-154.375,-7.275,2.475,269.0738275,0.0921277525,0.15,3.7013075,0.41925,0.6660335029522744,0.21782420699530375,0.0,554.7358825,0.0,0.05555555555555555,0.3637929657051676,-0.40225985451827145,0.6325925129473325,7.55,3.00416377715996,-0.25,-0.5263763579452746,0.2577882325243626,0.0059378343588645755,-0.15654660844823887,0.6621557827602222,0.5589097639786904
shidolovell,jng,NL,3,21,0.429,5,0.4,8,57.3,57.6,69.4,53.7,50.0,Lille Esport,14.571428571428571,-117.76190476190476,-4.0,575.7236333333333,0.20531579523809526,0.5714285714285714,1.4785,0.30084285714285713,0.7299435800983789,0.21426735789390597,0.0,1035.3363523809523,0.0,0.4,1.0557672324211984,0.0,0.17227733506803272,0.0,1.7457431218879391,-0.6666666666666666,-0.38862453035589756,0.1205621148336943,0.13589883405864758,0.8466108292159008,-0.07082569007582369,-0.26706766956446903
rayq,jng,VCS,15,32,0.562,7,0.0,14,55.5,59.4,49.1,52.4,62.8,1TAP Dino,33.0,-121.625,0.9375,522.16213125,0.176606678125,0.4375,1.7949187500000001,0.39394375,0.7335273939087052,0.19429985066413716,0.0,1039.410009375,0.0,0.0,0.14998622996129546,-0.19108337048595633,-0.31525999477397443,4.255690054006816,2.4748737341529163,-0.53125,0.0,0.02620020517116242,0.23460064200646877,-0.3149774401906909,-0.13575068251988173,0.4255471139525038
Jiejie,jng,LPL,1,112,0.42,19,0.053,22,50.5,64.3,49.9,49.7,61.0,EDward Gaming|Weibo Gaming,-54.24444444444445,-146.9,-2.977777777777778,442.0327758928571,0.1634317142857143,0.25,1.7957392857142858,0.42714017857142855,0.760413862599167,0.18962139561479985,10.727272727272727,947.2616296703297,0.0,0.05263157894736842,0.23331557142801848,0.07301100025581991,-0.2274768490839279,4.501960784313726,2.0788046015507495,-0.48214285714285715,-0.22665428527613773,-0.24147455814613203,0.5117159108990506,-0.2714317099851839,-0.282234169950723,0.3208598572014074
Shogun,sup,VCS,15,21,0.381,7,0.0,15,56.4,58.4,49.6,46.9,66.2,SN CyberCore Esports,-31.523809523809526,-175.0,3.8095238095238093,257.5664238095238,0.0935125,0.047619047619047616,4.005538095238095,0.48550476190476194,0.767645887414795,0.20900385328956755,0.0,607.271119047619,0.0,0.0,0.19837680812194902,-0.662274638151398,-0.6049531863485352,1.1037037037037036,3.2732683535398857,-0.42857142857142855,0.0,0.07636656183511742,0.18233599930697456,-0.2887770206837141,-0.4415126913796853,0.627106455815581
WalliR,mid,HC,3,33,0.727,2,0.0,16,65.4,49.3,51.8,51.5,65.3,Ethereal Enigmas|KIA.eSuba Academy,397.45454545454544,383.5151515151515,8.424242424242424,915.0162848484849,0.25934830303030304,0.8181818181818182,0.7876696969696969,0.1285878787878788,0.5817998128418809,0.23689287075275442,0.0,634.5552,0.0,0.0,0.39181043427289475,0.0016306148512207303,-0.33727461464229264,3.683087027914615,2.7852424952911656,-0.3333333333333333,-0.14754046079761535,0.5750827352459407,-0.30572263444851394,-0.16692205883763536,-0.18649758577996756,0.5749381449411126
TheGreatGary,top,LPLOL,3,40,0.65,6,0.167,13,62.5,52.2,52.8,58.1,52.2,Otter Side|Vantex Esports,663.2,560.525,13.075,743.6782175000001,0.24085855,0.15,0.9454925,0.07832,0.4568496106182832,0.1872857729576139,0.0,1157.1451825,0.0,0.16666666666666666,0.09938035686017323,0.2675525420514219,0.07932436803918837,6.105542544886807,2.0554804791094465,-0.5,-0.41358996988832664,0.40813921432255096,-0.14672378117917315,-0.11396654321521532,0.16163242032347416,-0.1477674036761384
GALA,bot,LPL,1,158,0.506,21,0.048,21,55.3,59.4,46.9,57.0,60.7,JD Gaming,89.6953125,125.59375,5.46875,722.1014151898734,0.2695200816455696,0.4936708860759494,1.3076050632911391,0.3733569620253165,0.6515890460530287,0.15842010476092017,1.2413793103448276,315.6113457364341,0.0,0.047619047619047616,0.3300674349930239,-0.2540174518823758,0.08224228931635688,3.5133513379019385,1.670670296769033,-0.2974683544303797,-0.24098139728934206,0.01567088106759594,0.2361467382652963,-0.4421854767247467,0.106519975986581,0.303184523730779
BuLLDoG,mid,LPL,1,71,0.479,9,0.0,23,53.4,61.3,42.3,52.7,66.1,EDward Gaming|LNG Esports,-28.403508771929825,61.80701754385965,1.3333333333333333,659.3767197183099,0.23712040845070423,0.23943661971830985,1.5832394366197182,0.2638619718309859,0.6142868507471758,0.15600481662785792,1.0,472.7196561403509,0.0,0.0,0.222739814383488,-0.6546676624346527,-0.5186258551285717,9.2,2.7295978138458623,-0.28169014084507044,-0.3878156909164582,-0.08541665434340195,0.34036140141912363,-0.7252459826474498,-0.1210323879864646,0.6226724336342743
Alvanai,mid,LIT,3,38,0.447,11,0.0,16,58.9,55.7,47.8,62.4,55.3,Aeterna Esports|Gamespace Mediterranean College Esports|Hyperion (Portuguese Team),178.23684210526315,141.18421052631578,4.552631578947368,790.7616447368422,0.2540826842105263,0.6052631578947368,0.8906842105263157,0.1577105263157895,0.6013476489986637,0.15919467000197918,0.0,567.7208342105263,0.0,0.0,0.3397618859891193,-0.8585194249005813,0.47613657800415027,3.5882352941176467,2.5955427380922007,-0.47368421052631576,-0.47809677130599615,0.2075702393341873,0.03651775903090372,-0.3883490967321305,0.39894675705909044,0.016045116776033465
Shanks,mid,LPL,1,133,0.579,17,0.235,19,60.9,53.7,60.1,51.0,43.8,Anyone's Legend,104.89423076923077,131.73076923076923,3.7788461538461537,666.7309541353384,0.2449820827067669,0.41353383458646614,1.2416593984962407,0.2334390977443609,0.6530246294594151,0.2068386555863688,0.88,562.6368703703704,0.0,0.23529411764705882,0.5047247747762784,-0.06991082241550144,-0.1380351737190706,3.1953488372093024,1.647508942095828,-0.40601503759398494,-0.4267575862089086,0.31316917508691733,-0.06923568610969218,0.2739589223714009,-0.2116205723061367,-0.6308232680612678
Keshi,top,LPL,1,80,0.325,21,0.0,20,60.2,54.4,47.9,58.7,55.8,ThunderTalk Gaming,24.861538461538462,-65.26153846153846,3.9692307692307693,619.7877025,0.243984425,0.275,1.32782,0.1871475,0.5364718445906769,0.2393814844708718,0.8571428571428571,1064.3714393939395,0.0,0.0,0.36097124314646967,-0.019001552963984994,0.11396703402938878,4.840625,2.23606797749979,-0.4375,-0.32705024618314865,0.27895063479317417,-0.03241059911565593,-0.3818378883216418,0.1965472280081768,0.04361410048058934
Mxe,sup,EBL,3,40,0.55,5,0.0,22,60.3,54.3,56.7,59.8,66.7,Esprit Shōnen|Magaza Esports,188.225,42.375,2.075,261.4565325,0.0878031925,0.025,3.9568375000000002,0.4147225,0.6735765738890739,0.26701649200018474,0.0,567.5387825,0.0,0.0,0.52006787315022,0.6956262466328064,0.336200052924054,4.177156177156177,3.478505426185217,-0.325,-0.5367604771570871,0.28190876168365325,-0.03945959476335998,0.08907399200058438,0.25553369196506986,0.6610827142785878
Patch,sup,LJL,15,65,0.585,6,0.0,17,58.6,56.0,47.7,60.0,58.6,Rising Gaming|SU Esports,134.92307692307693,20.615384615384617,-1.1384615384615384,236.46576153846152,0.07964496153846154,0.06153846153846154,4.006126153846154,0.45855384615384615,0.7242250937849312,0.23050217579460933,0.0,550.7151692307692,0.0,0.0,0.16012726204567196,-0.09183239013113624,-0.19310383859158542,7.496204877382175,2.108590488016544,-0.35384615384615387,-0.33744340730475475,0.19045616399940582,0.05179365802774579,-0.3964254503509652,0.26666497022319946,0.1933116695524687
Soft,jng,LAS,3,55,0.491,13,0.154,8,51.9,62.7,52.4,58.4,47.0,DN SOOPers Academy,21.21818181818182,-229.45454545454547,-5.763636363636364,504.2313345454545,0.17417365818181815,0.36363636363636365,1.71408,0.34116545454545455,0.7295236883431305,0.20977624545822932,0.0,909.130490909091,0.0,0.15384615384615385,0.3083602289458546,-0.8388427182856314,0.1186544104613039,4.619379927869755,1.0787197799411874,-0.5818181818181818,-0.21486171216975328,-0.1630098418705276,0.4159773594901141,-0.13883204787465067,0.18257966134179568,-0.4331658386102152
Music,jng,NACL,2,49,0.653,4,0.25,15,56.2,58.4,57.2,53.1,59.1,Cupid Esports|Supernova,217.6326530612245,248.6734693877551,5.653061224489796,453.4508714285715,0.1609956530612245,0.2653061224489796,1.652842857142857,0.34623265306122447,0.6964829691697174,0.1771177099808209,0.0,1011.1611040816326,0.0,0.25,0.16657235818361862,0.1735280876394377,0.018752993008332466,3.290000000000001,2.142857142857143,-0.3877551020408163,-0.445380907774789,0.06315659636588977,0.17752263019811537,0.11655624136115517,-0.09987024419383497,0.21684502767111366
Kuroneel,mid,HLL,3,48,0.562,10,0.2,13,60.1,54.4,58.1,61.5,53.3,GOAL,64.02083333333333,3.625,-4.645833333333333,811.0144416666667,0.270546875,1.0208333333333333,0.927075,0.13710416666666667,0.6403449067675714,0.18385556572366926,0.0,413.00411041666666,0.0,0.2,0.3018774863352631,0.3175531156423785,0.05411435253569691,6.575763482781027,1.8763883748662837,-0.375,-0.43485823378915106,0.2739350925350112,-0.032300866605277014,0.16222345234537103,0.3484266208064269,-0.08910133847279605
Peter,sup,LCK,1,107,0.514,24,0.0,18,57.8,56.7,42.7,61.8,50.2,DN SOOPers|DN SOOPers Challengers,-22.177570093457945,-72.42056074766356,0.1308411214953271,234.55925140186915,0.08471234205607477,0.028037383177570093,4.223730841121495,0.5094271028037383,0.7482927260355667,0.24324508089503,0.0,530.5057289719626,0.0,0.0,0.27323858114674443,-0.5846150611093848,0.1636559187618917,4.90167057078848,1.7401256802821943,-0.35514018691588783,-0.40808674899122466,0.14541178773261693,0.09143951736184339,-0.7011335981335419,0.3641403008017574,-0.2564810895365007
Solbon,mid,LAS,3,55,0.764,7,0.0,15,59.4,55.1,48.8,54.5,55.9,T1 Esports Academy Rookies,257.4727272727273,278.3272727272727,2.5090909090909093,761.3837,0.2407832,0.6363636363636364,1.0696581818181818,0.17512545454545456,0.6254081449378803,0.23396977535718957,0.0,634.4145781818182,0.0,0.0,0.3008527924325669,-0.18009093861643394,0.06775854043924012,2.080605415262376,2.0225995873897262,-0.4727272727272727,-0.1919198226876923,0.23417660065438323,0.003887196689005855,-0.33118447112232113,-0.02412195217645853,0.04662766151413436
cody,mid,CBLOL,15,53,0.396,13,0.0,17,51.7,62.8,48.5,54.4,53.3,Fluxo W7M,-41.924528301886795,32.471698113207545,-3.8867924528301887,626.2524566037736,0.2515219433962264,0.37735849056603776,1.5757320754716981,0.2188735849056604,0.6534666325178456,0.17322462528374089,0.0,492.3666226415094,0.0,0.0,0.1566923229942924,0.03319589069816214,-0.21773711962391207,5.8040404040404034,2.3351295871277133,-0.4339622641509434,-0.48480912016022915,-0.17717086844560437,0.422218185251652,-0.34945260677012163,-0.029255216316947108,-0.09076689754709055
YSKM,top,PCS,15,35,0.629,1,0.0,14,65.7,48.8,45.6,58.9,57.0,Frank Esports,787.8,474.6,9.457142857142857,776.7685885714286,0.26200817142857147,0.6285714285714286,1.0284085714285716,0.11227714285714285,0.47286296905076575,0.24246708111733578,0.0,1157.7061885714286,0.0,0.0,0.0,-0.7070567305791657,0.294207430571067,4.576502849002849,2.3664319132398464,-0.37142857142857144,-0.5396518279733382,0.5938940541298924,-0.3306417408746256,-0.5188276834675328,0.20662025127885386,0.10425891356413614
kkero,sup,ROL,3,37,0.595,6,0.333,11,58.6,55.9,60.3,52.1,45.9,Otter Side|ZennIT,209.64864864864865,-26.35135135135135,-0.08108108108108109,248.34264054054054,0.07849256216216216,0.08108108108108109,3.8307135135135137,0.4126567567567568,0.6867855305952163,0.23604438277315073,0.0,605.2674297297297,0.0,0.3333333333333333,0.2703985047087297,0.0,-0.3501140650605282,4.2857142857142865,1.8083888603589302,-0.6216216216216216,-0.5079255102035125,0.18950072113710156,0.048827299620682024,0.2849256627028523,-0.15318487751524712,-0.49973920108067155
Disamis,jng,CBLOL,15,74,0.527,19,0.158,18,54.8,59.6,56.8,55.6,58.0,Vivo Keyd Stars|Vivo Keyd Stars Academy,167.86486486486487,131.54054054054055,3.864864864864865,449.2660716216216,0.1693060027027027,0.25675675675675674,1.6046256756756756,0.3491797297297297,0.740063807495616,0.17798281907802033,0.0,952.75565,0.0,0.15789473684210525,0.3359824164401953,-0.18491003451091967,-0.06104360257326653,3.65800485699911,2.092457497388747,-0.35135135135135137,-0.44610233646167924,-0.010493111439384924,0.24654380116438987,0.09395945498408008,0.029308914746113357,0.15595326847312255
DnDn,top,TCL,15,29,0.586,4,0.0,11,57.0,57.4,49.5,49.3,55.7,S2G Esports,405.86206896551727,330.41379310344826,10.0,610.2274931034483,0.22378489655172412,0.3103448275862069,1.2656620689655171,0.16076206896551723,0.48696631003890334,0.17848215699582198,0.0,1294.4028172413794,0.0,0.0,0.14655687538478251,-0.361575071026583,-0.35838383838383836,2.2857142857142865,2.0426487199475707,-0.5517241379310345,-0.22187673809050495,0.10675775070651057,0.12782469679403793,-0.2951978106548786,-0.3058119301991482,0.03477810322798531
Bust,top,NLC,2,22,0.5,5,0.0,10,58.8,55.6,52.7,53.9,54.6,DMG Esports,272.54545454545456,520.8181818181819,6.363636363636363,626.7232227272727,0.21900922727272726,0.45454545454545453,1.2179909090909091,0.14722727272727273,0.4889592690922173,0.19454652031418143,0.0,1381.853059090909,0.0,0.0,0.3429298864081473,0.0,0.28495934959349595,1.6129032258064515,2.1320071635561044,-0.5,-0.24366254048714822,0.20334148531870702,0.029430844754582238,-0.12215676374741487,-0.058786384386706074,-0.018630141471524884
Mafro,jng,NLC,2,41,0.756,4,0.25,15,70.1,44.3,58.6,52.2,58.8,Verdant,642.1219512195122,808.1463414634146,13.463414634146341,577.3290951219512,0.17463825853658535,0.5365853658536586,1.046478048780488,0.16169268292682928,0.6328153837633711,0.2182911148396884,0.0,1068.4754341463415,0.0,0.25,0.3845825264836542,-0.6023856858846919,-0.20962101070165912,5.409090909090909,2.342606428329091,-0.43902439024390244,-0.44674086599569857,0.8995721548044354,-0.5948229119105651,0.1902828605664109,-0.14666720216075524,0.2001916281989978
Kingen,top,LCK,1,106,0.415,28,0.179,22,57.7,56.6,59.6,59.5,51.9,Nongshim RedForce,-194.17924528301887,-128.21698113207546,-3.981132075471698,700.102412264151,0.2334234613207547,0.24528301886792453,1.2709150943396228,0.18842358490566036,0.510004522897655,0.18012745721506643,0.0,1207.9116726415095,0.0,0.17857142857142858,0.45054084778979075,0.1364658827083669,0.3251223153444785,2.717948717948718,2.136828897185981,-0.39622641509433965,-0.4810830958710112,0.14264001733386514,0.08171406828782478,0.2472633899980637,0.23982785819735303,-0.16625078441701957
Mitir,jng,LRN,3,27,0.296,8,0.125,12,54.7,59.6,60.9,55.1,60.2,G3V E-sports|LYON Academy|SDM Tigres|Tu Papá Esports,-176.2962962962963,-124.33333333333333,-0.2962962962962963,555.0329666666667,0.20516614814814815,0.2222222222222222,1.5560444444444443,0.3096666666666667,0.704657874824613,0.1645815757414198,0.0,889.6481962962963,0.0,0.125,0.6808357348703169,0.0,0.32330719594870533,0.0,2.309401076758503,-0.4444444444444444,-0.15169949792172133,-0.013175681477402964,0.2454677438533551,0.3142411801884173,0.007676842378677523,0.2770354284974599
Yakkey,bot,LFL,2,40,0.5,5,0.2,15,61.5,52.8,57.4,46.4,60.8,Deer Gaming|Vitality.Bee,528.975,140.65,7.375,779.31129,0.281150775,1.225,1.0430675,0.22805499999999998,0.6173621535741101,0.16012012271970713,0.0,298.213545,0.0,0.2,0.36430593916653636,0.0,-0.17375047116471912,0.0,2.3717082451262845,-0.35,-0.31337371775541323,0.35070067964590546,-0.11805842558175332,0.1289539021909376,-0.46895909467731367,0.3089180521401339
wanan,bot,LJL,15,60,0.633,9,0.0,16,62.3,52.0,48.1,49.6,51.3,Inferno Drive Tokyo|L Guide Gaming,678.1833333333333,379.43333333333334,9.016666666666667,725.384315,0.24993575,1.0333333333333334,0.9922666666666667,0.19933666666666666,0.635895859522236,0.1683694002219544,0.0,254.36303833333335,0.0,0.0,0.24415782656673263,-0.2340834041765702,-0.11811808756346467,1.987948286178413,2.065591117977289,-0.5333333333333333,-0.3228737632961923,0.3947096855454649,-0.1600863550583595,-0.37257025814024197,-0.2881637755511893,-0.1941564928528361
Gury,jng,LCP,15,78,0.474,18,0.111,19,52.0,62.2,57.4,50.2,63.0,MVK Esports,17.807692307692307,68.83333333333333,1.5128205128205128,433.25310897435895,0.16737399230769232,0.2692307692307692,2.0990294871794872,0.45220769230769225,0.6882597981041821,0.20217517539472588,0.0,951.9208858974359,0.0,0.1111111111111111,0.2636361539703406,0.30461206023364157,-0.3433958255881884,4.102916666666666,2.151326364874732,-0.3076923076923077,-0.3545257022981608,-0.15672484686835544,0.391290754251778,0.12625777920912584,-0.2565627742446761,0.43296514090997873
Ganks,jng,LRS,3,57,0.632,7,0.143,22,59.0,55.2,64.4,47.2,64.2,Golden Lions,133.82456140350877,167.1578947368421,2.087719298245614,560.5114210526316,0.19227941403508772,0.2807017543859649,1.5024842105263156,0.2582894736842105,0.7109579480916838,0.24719691174688074,0.0,1111.546150877193,0.0,0.14285714285714285,0.368709858452329,1.2377570163239782,-0.3176593817511351,1.836544486215539,2.9139711855430965,-0.3333333333333333,-0.4782307643524144,0.2147484875156972,0.00893637140507886,0.517394699339773,-0.4226426300821179,0.5062889105383404
IlllIma,top,TCL,15,24,0.542,2,0.0,12,60.7,53.5,53.1,53.2,58.3,SU Esports,541.75,437.4583333333333,13.5,681.1570791666667,0.240401125,0.5833333333333334,1.1759833333333334,0.1681541666666667,0.4625243478739091,0.21746436116430393,0.0,993.0688458333334,0.0,0.0,0.31677018633540377,-0.017969888295289182,-0.20492610837438424,4.526433691756273,2.4494897427831783,-0.4583333333333333,-0.31104368889631145,0.30415201898622113,-0.07869164534837851,-0.09802554338801664,-0.09384151546164583,0.17317817467702895
haichao,mid,LPL,1,34,0.353,7,0.0,15,55.3,58.9,47.5,50.4,57.7,Oh My God,150.9,94.96666666666667,0.0,609.604655882353,0.24575164705882352,0.35294117647058826,1.3182882352941176,0.23933529411764703,0.6669360631628434,0.12063759065965245,0.0,481.1096033333333,0.0,0.0,0.14340729873464148,-0.19089316987740812,-0.13694267515923558,1.0526315789473684,2.5724787771376323,-0.4117647058823529,-0.35789789708713626,0.013708482339787933,0.20820636839418327,-0.4073642700453944,-0.2450321482269851,0.14074252856123926
Revenge,bot,LAS,3,55,0.491,13,0.154,16,51.9,62.3,52.3,66.0,58.4,DN SOOPers Academy,-137.65454545454546,-89.36363636363636,-0.01818181818181818,757.6745963636364,0.2640129272727273,0.9272727272727272,1.2751290909090909,0.3374981818181818,0.5776290050050374,0.18373202275646824,0.0,423.38378,0.0,0.15384615384615385,0.33657642743423977,-0.8613507367185526,0.4748256884327629,7.008096345159193,2.157439559882375,-0.45454545454545453,-0.22418080838302973,-0.1655711797600485,0.3940809264221637,-0.1449349986098972,0.6188695976292683,0.17973549096746497
Fragola,jng,LIT,3,40,0.525,13,0.154,12,55.7,58.4,55.0,45.8,48.4,Colossal Gaming,-8.875,63.375,1.7,539.666905,0.1870643875,0.25,1.3571149999999998,0.292885,0.7286873135150074,0.19159415316232467,0.0,950.4116275,0.0,0.15384615384615385,0.21088929795308095,0.010624735161232869,-0.5416768630893508,2.1622209417715035,1.8973665961010275,-0.45,-0.7274149579707986,0.03817951683328682,0.18001351029047108,-0.0008141500677625573,-0.5043098355894431,-0.3555114110452054
Vertigo,top,LFL,2,31,0.452,9,0.111,13,58.5,55.6,55.9,50.6,53.3,Joblife,95.12903225806451,251.80645161290323,3.4193548387096775,665.2338451612902,0.2388413870967742,0.3548387096774194,1.0039,0.10494516129032258,0.5035603843739137,0.11272508068365845,0.0,1073.8087,0.0,0.1111111111111111,0.38888988656430507,0.009213840646957473,-0.29002797516948453,2.111111111111111,2.334868926348074,-0.5161290322580645,-0.40507816751302134,0.18528644525113291,0.034057571316843685,0.045541053283666505,-0.2329658476795441,-0.08812425868254137
denyk,sup,HM,3,72,0.792,7,0.286,19,66.1,48.0,59.6,51.8,58.3,Nightbirds,205.31944444444446,301.69444444444446,3.1666666666666665,273.6309361111111,0.07690995,0.05555555555555555,3.2154611111111113,0.2994013888888889,0.6977694940587518,0.24859076320377163,0.0,520.9977611111111,0.0,0.2857142857142857,0.37530153790447673,-0.6150701241817251,-0.10377854868771917,2.4459092408280463,2.2391714737574007,-0.4027777777777778,-0.3443850998050646,0.6195656406780473,-0.3767960802283336,0.24339602840932315,-0.1705014865860622,0.17583994535274244
bluerzor,jng,LES,3,83,0.59,16,0.312,11,53.3,60.8,62.8,54.3,44.6,UCAM Esports,181.0,129.36144578313252,0.8313253012048193,468.76273493975907,0.15804241807228916,0.30120481927710846,1.5551903614457832,0.28158674698795183,0.7087266586221097,0.1894891633457183,0.0,1009.4865722891567,0.0,0.3125,0.35776608219790035,-0.48228758804123245,0.06535184639230754,2.427634920205351,1.2074068598865937,-0.5783132530120482,-0.32363352698059933,-0.08734307830066423,0.3128842306632965,0.42018434552671236,-0.03753691655578431,-0.5763910856254025
ScaryJerry,bot,NACL,2,53,0.604,7,0.0,13,63.7,50.4,52.1,49.7,53.5,Maryville University,362.47169811320754,351.5660377358491,13.547169811320755,879.2193320754717,0.27607343396226414,0.49056603773584906,1.0451,0.21446037735849058,0.6359924619212842,0.21724098939138517,0.0,407.78920943396224,0.0,0.0,0.42018511772562933,0.19016307968600632,-0.1017430062060467,3.297332297332297,1.7856873313329573,-0.4716981132075472,-0.20785469098590087,0.4750092733029335,-0.2429460515871279,-0.15508112471369984,-0.2840085744853825,-0.08065204680135556
FSZ,mid,EBL,3,49,0.592,2,0.0,16,57.1,57.0,55.5,61.7,56.4,Magaza Esports,199.44897959183675,203.59183673469389,3.0816326530612246,721.3187224489797,0.24536714285714287,0.5714285714285714,1.117808163265306,0.17819183673469388,0.5753885254605509,0.1591276722527025,0.0,444.8938959183673,0.0,0.0,0.46438887479645524,0.7888247733056166,0.4134608288531356,3.097841618972805,2.2857142857142856,-0.32653061224489793,-0.5509929582100392,0.11238231362678777,0.10729307540280875,0.02894816283287681,0.35874715390260975,0.07392655244125969
Xzz,mid,PCS,15,21,0.619,4,0.0,7,59.9,54.2,50.5,51.1,49.4,SillySilly Gaming,463.3809523809524,318.0,3.8095238095238093,752.8975047619048,0.24936271428571427,0.6190476190476191,1.0823333333333334,0.19955714285714288,0.6042738363773084,0.18609026409509072,0.0,466.66387142857144,0.0,0.0,0.23638386172078896,-0.6536510947099328,-0.3367109581620623,3.416206579250057,1.5275252316519468,-0.5714285714285714,-0.30246649905562784,0.2598078356153436,-0.04301925873138922,-0.24073768751722832,-0.20748433531027038,-0.3001329683080033
ShiauC,sup,LCP,15,107,0.505,29,0.31,21,52.6,61.4,66.0,60.9,54.7,Deep Cross Gaming,28.46728971962617,-1.9345794392523366,1.1214953271028036,219.5438317757009,0.0786107523364486,0.009345794392523364,4.711914018691589,0.5900859813084113,0.7142689885823311,0.2475182233852957,0.0,495.89876635514014,0.0,0.3103448275862069,0.45176816617451226,-0.3607110401622402,-0.001409505278329704,5.3766807284365505,2.030146626995893,-0.38317757009345793,-0.43583427413903914,-0.12452672546352145,0.34634841652392223,0.6139882272101893,0.3142351506092891,-0.014731536415992875
ceo,bot,CBLOL,15,56,0.446,20,0.05,15,53.8,60.2,52.5,44.9,55.1,Leviatan|Vivo Keyd Stars,36.589285714285715,-197.48214285714286,-2.0535714285714284,808.1382285714286,0.2821325535714286,0.7142857142857143,1.4695250000000002,0.32805,0.6284536416547971,0.18219818893531456,0.0,425.52670178571424,0.0,0.05,0.28512858740216174,-0.02851323828920565,-0.35746749815030127,1.4789473684210526,2.004459314343183,-0.32142857142857145,-0.45841084553766337,-0.06069709069344533,0.27500056101458836,-0.13310253417157072,-0.5613663340602038,0.004439790014466774
Dajor,mid,LFL,2,31,0.387,5,0.0,12,56.9,57.1,49.3,53.0,53.7,Ici Japon Corp. Esport,-3.774193548387097,172.48387096774192,3.2903225806451615,768.4533870967742,0.27461396774193547,0.3870967741935484,1.350567741935484,0.2143935483870968,0.6313731832544875,0.17388047600870932,0.0,469.7993322580645,0.0,0.0,0.18138189799641105,0.0,0.13898587525789566,0.0,2.155263624321299,-0.5161290322580645,-0.2592800086910293,0.10181622569975424,0.1117096461120702,-0.30711938856069054,-0.10606098305151397,-0.06669584152598686
Nafkelah,mid,LFL,2,45,0.467,10,0.1,11,53.5,60.5,56.0,58.7,39.9,Skillcamp,-46.888888888888886,-88.06666666666666,-1.6666666666666667,746.6427422222222,0.2623369333333333,0.5777777777777777,1.4145977777777778,0.22972444444444445,0.6527131298756751,0.17496437806987253,0.0,534.6021222222222,0.0,0.1,0.37179473583745143,0.0,0.4643722150958685,0.0,1.6397831834998458,-0.5555555555555556,-0.634977337734528,-0.07698890163553873,0.2961912826991218,0.05017591941848612,0.19608327429632041,-0.8987352621373885
Camilo,sup,LRS,3,49,0.633,9,0.222,14,52.8,61.2,63.2,54.7,53.6,Volticons,89.38775510204081,13.040816326530612,-0.7551020408163265,220.0681326530612,0.07438174693877551,0.02040816326530612,3.8814693877551023,0.5053918367346939,0.714020152866968,0.19094043112919085,0.0,421.7249428571428,0.0,0.2222222222222222,0.606641123882503,0.07251278227524492,-0.05794219653179175,3.7747474747474747,2.0,-0.42857142857142855,-0.40760846417916946,-0.11474244743263923,0.3346951412005108,0.44365017718248534,-0.015344052979471418,-0.07433613452619067
Budino,mid,LIT,3,29,0.724,5,0.2,13,59.0,54.9,54.5,50.4,55.4,4 Employed e 1 Budino|P11 Esports,-31.896551724137932,91.65517241379311,-2.1379310344827585,842.7204724137931,0.25494444827586205,1.0,1.0459344827586208,0.16728620689655174,0.5787361111576501,0.1753735407214928,0.0,444.29429310344824,0.0,0.2,0.2661089587547571,-0.43868252758540704,-0.5469343112655215,4.627705627705628,2.4140393963016744,-0.4482758620689655,-0.43168967130448743,0.21228123505204136,-0.006415478163660657,-0.027671124448016546,-0.24583719301678142,0.02120874820866859
Oddie,jng,LRN,3,40,0.925,0,0.0,12,58.1,55.8,43.2,50.5,56.0,Estral Esports|Fuego,404.0,501.15,9.325,494.270935,0.1484940425,0.225,1.4411125,0.24417,0.6518775627887478,0.16805111923222754,0.0,1060.53852,0.0,0.0,0.0,-0.7431845120505729,-0.004264949081730368,0.0,1.8973665961010275,-0.525,-0.1775452719177455,0.1665566679462789,0.03949101494212656,-0.6693165494569573,-0.23845702662998292,0.05520963271411365
Martote,jng,LRS,3,59,0.593,11,0.182,17,58.3,55.6,57.2,54.5,55.3,Volticons,199.52542372881356,93.35593220338983,2.457627118644068,538.7332762711865,0.18380891694915252,0.3220338983050847,1.6030338983050847,0.2890694915254237,0.6776897857210309,0.23894944529252132,0.0,1084.996518644068,0.0,0.18181818181818182,0.28377391006591973,-0.08268421277713621,-0.26566208444723627,6.347015687945053,2.213211486674006,-0.3898305084745763,-0.5500598182422181,0.17586607640314267,0.031609509179251434,0.1163394644293812,-0.026592217321080747,0.01655980569647182
Viciun,bot,LRS,3,30,0.6,8,0.125,15,54.6,59.3,51.7,56.0,62.1,Maze Gaming,-10.0,-87.33333333333333,0.13333333333333333,818.2439866666666,0.2606612333333333,1.0666666666666667,1.0698033333333332,0.22988666666666668,0.6289002190033056,0.1419242970657865,0.0,343.31275999999997,0.0,0.125,0.25361990950226243,-0.6761821919974695,-0.19029443838604154,6.0317905563347365,2.7386127875258306,-0.43333333333333335,-0.21724347067194183,-0.02347574066154171,0.228188039069733,-0.17198951359242773,0.054610102871424204,0.3802652258622748
Cripple,top,LIT,3,55,0.455,18,0.167,14,63.2,50.6,61.5,53.3,54.0,ALMO Players|Axolotl|The Bandits,-19.181818181818183,-415.3818181818182,3.8545454545454545,947.6120527272727,0.2973356545454545,0.41818181818181815,0.9017581818181818,0.1361,0.5150206270061176,0.2913597013037339,0.0,1257.7410745454545,0.0,0.16666666666666666,0.5057065633320306,0.47803556474817765,0.0273843505941694,2.475235144819349,1.8877596148970779,-0.4909090909090909,-0.23875474178831885,0.44446035238537207,-0.2344581762496641,0.3514322957756069,-0.08961623078337727,-0.05232924509941091
JunJia,jng,LPL,1,152,0.507,20,0.05,21,57.7,56.1,44.6,63.2,49.2,JD Gaming,21.928,129.512,4.032,442.7214085526316,0.16581064934210527,0.21052631578947367,1.9035618421052634,0.3864144736842105,0.6974130633824818,0.22009384512327726,10.923076923076923,1011.7948190476191,0.0,0.05,0.19941228375377973,-0.28105323629025974,0.20976596900822583,4.798077596423185,1.7033249218730069,-0.4473684210526316,-0.4258354075788021,0.14440109936450066,0.05887258302345502,-0.5777343347613763,0.4447920142355038,-0.31297285033349637
Jekko,jng,LIT,3,39,0.513,8,0.0,13,57.9,55.9,45.9,63.9,52.2,Zena Esports,106.07692307692308,287.6923076923077,4.153846153846154,513.5888487179487,0.17380733333333334,0.48717948717948717,1.3979179487179487,0.22163846153846153,0.6725716629237876,0.16220535780226716,0.0,993.1262692307693,0.0,0.0,0.11681967619874696,-0.5468625858113356,0.5436561519181703,4.902513227513228,2.0816659994661326,-0.48717948717948717,-0.5275323386295071,0.152344356978715,0.04705590623612238,-0.5017760803041528,0.48993203840680954,-0.14744867141988827
Drakehero,jng,CBLOL,15,45,0.467,4,0.0,15,51.7,62.0,45.1,52.7,55.0,Ei Nerd Esports|LØS,45.31111111111111,214.2888888888889,4.222222222222222,394.0989088888889,0.1536241911111111,0.17777777777777778,1.9602111111111111,0.48230222222222224,0.7262810270128287,0.20776932335731185,0.0,1028.2087533333333,0.0,0.0,0.17800719939708562,-0.7434271724693284,-0.039252733681116744,1.6666666666666667,2.23606797749979,-0.4,-0.5784774609908179,-0.17554075844664324,0.37745925568552274,-0.548247864032969,-0.12241543652790622,0.0011860113647358533
VirusFx,bot,LRN,3,33,0.697,2,0.0,14,55.2,58.5,47.9,56.7,63.4,Fuego|SDM Tigres,38.93939393939394,-29.181818181818183,0.3939393939393939,795.6652545454544,0.2732918181818182,1.0606060606060606,1.2509333333333332,0.26823030303030304,0.6596002778297593,0.23700698610592733,0.0,368.33008484848483,0.0,0.0,0.17081701941242505,-0.46054715930984286,0.19434102755026061,3.4444444444444446,2.4370871833797696,-0.36363636363636365,-0.11089156431829411,0.012574985454266528,0.18275292035225466,-0.3831448235662397,0.09057200085487045,0.45951133857522264
Pun,top,LCP,15,109,0.688,16,0.188,24,55.3,58.4,60.0,51.9,66.9,Team Secret|Team Secret Whales,97.73394495412845,-50.08256880733945,-1.5596330275229358,673.745528440367,0.23131416788990825,0.3761467889908257,1.3663954128440365,0.1695605504587156,0.5745738382413547,0.2660820895343668,0.0,1452.0240064220184,0.0,0.1875,0.34368369706284907,-0.15130722288269882,-0.12493739773765405,3.9121832279920516,2.298783084530763,-0.25688073394495414,-0.25246805882686507,0.015680285058195714,0.1798571974965369,0.2649122417771425,-0.16268166066888173,0.6709217195597016
Dire,mid,LCP,15,110,0.691,16,0.188,20,53.8,59.9,60.5,60.6,49.1,Team Secret|Team Secret Whales,27.154545454545456,-81.43636363636364,-2.3181818181818183,688.43994,0.23670465454545453,0.6454545454545455,1.3079163636363638,0.24285363636363635,0.637003254405267,0.18532766201351436,0.0,466.4696054545455,0.0,0.1875,0.2553333892564095,0.11664522713500548,0.07056801244601107,4.790539461180355,1.9069251784911847,-0.4090909090909091,-0.45295680860733695,-0.060940369852863226,0.26102182327169643,0.2914594729901825,0.3008026952701409,-0.316336944526176
UNF0RGIVEN,bot,PRM,3,54,0.481,13,0.0,18,56.8,56.9,50.6,57.2,61.0,BK ROG Esports|Kaufland Hangry Knights,162.88888888888889,47.03703703703704,3.3518518518518516,802.844862962963,0.28448335740740743,0.7407407407407407,0.9077629629629629,0.19881666666666667,0.6117582313299896,0.14683332839540741,0.0,359.5207037037037,0.0,0.0,0.16941399462960038,0.6656339330035431,0.32865025775067175,2.364825729740764,2.449489742783178,-0.37037037037037035,-0.36066530053728135,0.09318731720549908,0.10159107677073803,-0.2339257388969113,0.1164765276749716,0.31921066495652306
SPOOKY,jng,LFL,2,45,0.467,10,0.1,15,55.8,57.9,51.4,50.0,47.1,Skillcamp,140.35555555555555,-107.95555555555555,-4.711111111111111,511.82433777777777,0.18200612222222223,0.28888888888888886,1.6770066666666668,0.37406888888888895,0.7546951585903942,0.24447600431864336,0.0,1027.7603733333333,0.0,0.1,0.1845173123881756,0.0,0.08259323988538946,0.0,2.23606797749979,-0.6666666666666666,-0.5491435821427774,0.04333115952032284,0.1508903433637872,-0.18995204345415706,-0.2685939579755314,-0.42699151354851417
Blind Walker,jng,LRN,3,55,0.564,8,0.125,15,55.3,58.4,56.2,59.6,50.0,Zeu5 Esports,131.1090909090909,194.1818181818182,1.0545454545454545,514.1800654545455,0.16408388181818184,0.2727272727272727,1.5086018181818182,0.24894727272727274,0.693641744861955,0.1995002819136096,0.0,1295.9289963636365,0.0,0.125,0.16691084258271702,0.6048951048951049,0.5865508850510359,0.0,2.0225995873897262,-0.509090909090909,-0.5527956620801312,0.015778144925472803,0.1811688407192511,0.06147147064793826,0.24427396788642433,-0.26388821705861865
Kael,sup,LPL,1,133,0.579,17,0.235,21,55.3,58.3,60.3,52.3,57.4,Anyone's Legend,33.23076923076923,-99.3173076923077,0.33653846153846156,218.25774135338347,0.08075632255639098,0.015037593984962405,4.440918796992481,0.5163488721804512,0.7463149293017237,0.2252095843864537,0.0,364.5780194444444,0.0,0.23529411764705882,0.4316392455121768,-0.069349963575881,-0.08183348772723485,3.4366221802200507,1.8209309360006518,-0.3233082706766917,-0.2898299316811087,0.014966512770374323,0.17405445034946243,0.28018350830159217,-0.14259152529913952,0.12419979459093927
Raptor,jng,LCK,1,130,0.462,34,0.176,21,58.3,55.3,61.4,55.5,53.5,BNK FEARX,-7.2384615384615385,-131.94615384615383,-1.9230769230769231,493.3430561538462,0.17681799384615385,0.3153846153846154,1.8009569230769231,0.38516538461538463,0.7459085507248139,0.22949807393939933,0.0,892.1343792307692,0.0,0.17647058823529413,0.4447198486032953,0.08858939881676446,0.042879978314857174,3.392248866026194,1.8418218405447615,-0.4230769230769231,-0.41165034646139287,0.17555716426697024,0.014112764640009838,0.3439389447891186,0.026500820147524806,-0.07649464473639508
sheer,top,LPL,1,53,0.547,4,0.0,15,57.0,56.6,41.9,53.0,45.4,LNG Esports,92.60975609756098,-19.29268292682927,2.975609756097561,609.6025547169811,0.2168270754716981,0.2641509433962264,1.3581490566037735,0.13920188679245282,0.5360400487224672,0.17982327186500913,0.36363636363636365,1004.101880952381,0.0,0.0,0.15567830604326954,-0.6436871910700841,-0.3381797163309769,6.451058201058202,2.0604084592303353,-0.5283018867924528,-0.5218785637453898,0.10730109352199887,0.08419802479355107,-0.7527284953235337,-0.10662636409556331,-0.5284704671829777
StarScreen,top,TCL,15,67,0.537,19,0.105,21,57.2,56.4,60.1,53.2,60.3,Bushido Wildcats|Ozarox Esports|Pyramid IV Esports,141.6865671641791,110.01492537313433,3.7611940298507465,669.6308238805971,0.2329589253731343,0.3880597014925373,1.1437089552238806,0.14706567164179105,0.5120687095318619,0.18330829571483503,0.0,1153.5016029850744,0.0,0.10526315789473684,0.3126500942523797,0.657816594411969,-0.09030514049760288,4.042572463768116,2.5655583314824097,-0.43283582089552236,-0.4189734097787143,0.11614734641026694,0.07207582221583032,0.2740516476389313,-0.09705986329672722,0.2808134435536785
Morgan,top,LCS,1,90,0.622,10,0.1,20,55.9,57.7,48.8,58.6,57.7,Team Liquid,175.24444444444444,240.46666666666667,3.1333333333333333,566.0805855555556,0.20369105,0.18888888888888888,1.3843277777777778,0.21959111111111113,0.5190313289112507,0.2132197843057688,0.0,1175.0173344444445,0.0,0.1,0.249944208881946,-0.12110922939591388,0.07000846140658439,5.172839506172839,2.1081851067789197,-0.3888888888888889,-0.29427931688015074,0.04832791240241642,0.14283209153700163,-0.331833012216384,0.18922187622827027,0.14163706728791203
Kisno,jng,NACL,2,55,0.636,4,0.0,13,54.9,58.7,42.0,69.4,49.7,Disguised|NRG,99.87272727272727,254.45454545454547,4.218181818181818,464.9137145454546,0.15705494545454543,0.2727272727272727,1.7606963636363637,0.38232363636363637,0.6820121315326299,0.19989911184394718,0.0,1128.3044763636365,0.0,0.0,0.1434434768115338,-0.9162721798215954,0.191213042276872,13.461904761904762,1.7529196424044293,-0.4909090909090909,-0.48233809939120303,-0.003960236775276946,0.19840247426075763,-0.749346134462687,0.8501868255028723,-0.2849804140989616
Damocles,bot,LJL,15,22,0.227,8,0.125,11,55.9,57.6,60.8,53.1,56.9,DetonatioN FocusMe Academy,-17.772727272727273,-47.45454545454545,0.13636363636363635,819.7570954545455,0.2929714090909091,0.8181818181818182,1.0273863636363636,0.2519772727272727,0.6610698291744853,0.14306916129576933,0.0,408.16739545454544,0.0,0.125,0.6688006482982172,0.0,0.12774451097804387,0.0,2.345207879911715,-0.5,-0.20324373428359577,0.04791363035939718,0.13958879357417855,0.30801146587798456,-0.10158234368234313,0.10216049867322899
IHEBIC,sup,AL,3,60,0.517,11,0.182,17,56.3,57.1,59.7,44.3,56.1,Dragons Esports|GnG Amazigh|One More Esports,30.083333333333332,72.93333333333334,0.5333333333333333,239.34527500000002,0.08359632,0.03333333333333333,4.059476666666667,0.4780333333333333,0.6750273052156607,0.26924395716371596,0.0,689.3009266666667,0.0,0.18181818181818182,0.46082814594062227,0.0,-0.4259270522879792,0.0,2.1946905628508695,-0.4166666666666667,-0.4014987458250593,0.06694725190014779,0.11016356251953797,0.24745408892284976,-0.5965276562926478,0.055451234262868326
Trymbi,sup,LEC,1,40,0.35,7,0.0,13,55.8,57.6,50.4,51.4,48.0,Shifters,14.425,-125.05,1.375,216.38808749999998,0.0826671875,0.025,4.1527075,0.5508949999999999,0.7651502969567985,0.22609008665601626,0.0,415.56539000000004,0.0,0.0,0.32466426681131544,0.0,0.09340023736910905,0.0,2.0554804791094465,-0.475,-0.5114806053564416,0.04473513776061454,0.13521212793645307,-0.24354476812105208,-0.1881678881171235,-0.3751708733097848
HamBak,jng,LCS,1,82,0.488,15,0.267,17,58.0,55.4,65.5,57.3,50.6,Sentinels,84.91463414634147,78.34146341463415,1.170731707317073,447.6807414634147,0.16664428048780489,0.2804878048780488,1.6524475609756097,0.34537804878048783,0.7652959279766076,0.21901736508070943,0.0,1075.3659890243903,0.0,0.26666666666666666,0.5169358349659249,0.0914679346941728,0.10335235209166864,3.5667071180769807,1.877335943272391,-0.45121951219512196,-0.4816577578373169,0.15876078239965202,0.018617117708490165,0.5852578711555843,0.12116087133993167,-0.2315546039176994
Boal,top,CBLOL,15,43,0.419,12,0.0,15,53.7,59.6,52.5,51.4,54.2,Vivo Keyd Stars|paiN Gaming,183.1627906976744,106.27906976744185,0.8837209302325582,586.4256209302325,0.23606179767441862,0.20930232558139536,1.3536860465116278,0.1551325581395349,0.5557647189675977,0.18543762589047097,0.0,913.2153674418604,0.0,0.0,0.15867805034471702,0.5079542690342982,-0.05552322722355185,1.825,2.28747855498907,-0.5348837209302325,-0.4641159634329847,-0.0659683171614899,0.24612183978219646,-0.12944389359174413,-0.19174229503881934,-0.04091290242937012
Crecre,sup,LRS,3,61,0.525,12,0.083,15,51.7,61.6,59.2,59.6,51.5,G3V E-sports|Golden Lions,13.901639344262295,50.032786885245905,1.180327868852459,209.2734655737705,0.07750685737704918,0.0,3.746826229508197,0.4413344262295082,0.7594474331901044,0.21041476324064512,0.0,559.0136770491804,0.0,0.08333333333333333,0.5869870759728362,0.18884592664196342,0.477769975865741,2.031106422988776,1.9205531989934397,-0.4262295081967213,-0.4708164299257757,-0.17489054323736225,0.35227009449853647,0.2215837464709658,0.24465124090464074,-0.1878614841010522
Shredder,sup,LIT,3,71,0.507,21,0.238,14,52.0,61.3,61.4,58.8,47.4,Colossal Gaming|GMBLERS Esports,-4.084507042253521,-18.774647887323944,0.9859154929577465,222.98847183098593,0.07520673802816902,0.028169014084507043,3.749981690140845,0.3875225352112676,0.7234013696870464,0.17757382027020016,0.0,620.820404225352,0.0,0.23809523809523808,0.36780873792930746,0.23047224864678428,-0.08942579228114218,6.6043662163752686,1.6614943214713946,-0.4084507042253521,-0.5514031443270528,-0.15725141992345942,0.33636532380293016,0.34432164031625717,0.20136689241827693,-0.4104621622551777
Shlatan,jng,AL,3,41,0.61,9,0.111,13,54.9,58.4,55.7,46.6,53.4,Dragons Esports|devils.one inStreamly,42.146341463414636,115.14634146341463,-0.7560975609756098,528.4439097560976,0.16366621219512195,0.36585365853658536,1.5832097560975609,0.2137268292682927,0.7254228201310379,0.19758012227159175,0.0,1047.0629999999999,0.0,0.1111111111111111,0.3341553911439934,0.0,-0.2868051855798258,0.0,2.030258904551879,-0.5121951219512195,-0.3993715991308334,-0.0035133159200054958,0.1775632747181088,0.03759524833550455,-0.4583608555934225,-0.08482710741240666
Aress,mid,LCP,15,61,0.557,11,0.0,15,50.4,62.9,48.5,69.7,49.5,GAM Esports,28.0,21.80327868852459,2.6885245901639343,557.1812901639345,0.21048670491803279,0.6721311475409836,1.4247639344262295,0.2349688524590164,0.6193826603997462,0.1394513648250389,0.0,417.10864918032786,0.0,0.0,0.28399119308210213,-0.5109953138728888,0.10792198505137984,11.836551724137932,1.9205531989934397,-0.4426229508196721,-0.44871549294737145,-0.24221761617917478,0.4286850993087303,-0.3481022488336798,0.8694523368748763,-0.2953341626504389
Sylvie,jng,LCKC,2,124,0.581,29,0.207,19,53.1,60.1,59.7,49.9,54.6,KT Rolster|KT Rolster Challengers,22.89516129032258,85.62096774193549,-1.935483870967742,495.7680540322581,0.165468275,0.22580645161290322,1.7115040322580644,0.3406177419354839,0.7014921446886695,0.18264709770647852,0.0,1010.3503145161291,0.0,0.20689655172413793,0.3105743740946378,-0.03665723356561074,-0.10601311428159689,3.6158362072001253,1.7062503692543616,-0.4274193548387097,-0.34659538402211315,-0.10060960888646,0.2741030246053638,0.2519198439675015,-0.27263099974586946,-0.020131950841714055
Xun,jng,LPL,1,173,0.717,9,0.333,21,61.9,51.3,65.4,58.6,57.6,Bilibili Gaming,24.282758620689656,135.82758620689654,1.0413793103448277,497.54202601156067,0.16669716936416185,0.2774566473988439,1.6697092485549132,0.32059306358381506,0.7058305412164851,0.20597890221702736,18.72,993.4399871621621,0.0,0.3333333333333333,0.3451861996742052,0.029981346141715205,0.07611752774689008,4.40141160827638,1.5966004346663816,-0.3872832369942196,-0.24942732293568634,0.37333158550727497,-0.19358042116415225,0.579644706478364,0.1897721279595605,0.1387804913717505
Pop9,jng,LCP,15,107,0.505,29,0.31,21,52.4,60.8,66.0,59.6,58.5,Deep Cross Gaming,-2.1682242990654204,-22.61682242990654,0.17757009345794392,462.6534906542056,0.16173184859813086,0.411214953271028,1.9171841121495328,0.407292523364486,0.6869599750125308,0.19165366620257077,0.0,973.7424738317757,0.0,0.3103448275862069,0.49536120204704226,-0.334139631022926,-0.1308463086879431,6.235036087182552,2.030146626995893,-0.3644859813084112,-0.3725057595581266,-0.1376807134763062,0.31206489147524574,0.6157356274188962,0.24459523145065443,0.18553516773226233
Taki,sup,LCP,15,95,0.537,20,0.1,20,49.9,63.3,56.1,59.5,57.1,GAM Esports,-36.242105263157896,-109.76842105263158,-1.936842105263158,208.5578852631579,0.08104867578947368,0.06315789473684211,4.3660736842105266,0.5043189473684211,0.7692863663004467,0.21115183060048132,0.0,425.7520589473684,0.0,0.1,0.38691131428184333,-0.20235576449652176,-0.008714153158361486,4.912375658472038,2.0519567041703084,-0.35789473684210527,-0.38882290779652773,-0.2743442345203038,0.4519753011690433,0.058812797466165447,0.24054356743284905,0.1095253943684833
Artanis,jng,ROL,3,21,0.905,1,0.0,8,57.9,55.3,55.6,48.1,49.5,Frites Esports Club,407.42857142857144,468.0,11.142857142857142,487.6133571428571,0.14653850952380953,0.42857142857142855,1.4135190476190478,0.21994761904761906,0.6614726237716633,0.16334554334554335,0.0,1004.5264952380953,0.0,0.0,0.5516154452324665,0.0,-0.41206859438903637,0.0,1.7457431218879391,-0.6190476190476191,-0.4975485895024408,0.15394167176239346,0.013730763858974138,0.0296836468962786,-0.3700575666267338,-0.29158926006258123
Care,mid,LPL,1,93,0.581,13,0.231,19,45.9,67.2,61.0,60.1,52.7,Ninjas in Pyjamas,-71.94366197183099,-139.57746478873239,-2.5774647887323945,615.4892096774194,0.2290515376344086,0.3118279569892473,1.6297268817204302,0.3434741935483871,0.6318102617989504,0.15850724189470028,1.2105263157894737,480.64100666666667,0.0,0.23076923076923078,0.46348238165856465,0.17431019870044248,0.07428858772497104,5.292950513538749,1.970208219987808,-0.3655913978494624,-0.380713725537226,-0.5000923075010734,0.6929168450745116,0.3226342166700864,0.2707547668376773,-0.12245811364458167
Gordinho,sup,NL,3,32,0.344,9,0.222,13,54.9,58.2,61.1,47.7,50.9,Caldya Esport|Esprit Shōnen,-20.71875,44.90625,2.34375,225.216496875,0.0828382375,0.03125,3.8262593750000002,0.4371125,0.7396676646530471,0.25394450812218033,0.0,750.214928125,0.0,0.2222222222222222,0.3257103017883658,1.0887979785826012,-0.6695717380436594,2.9047619047619047,2.2980970388562794,-0.46875,-0.7154272068238907,-0.007359071642523995,0.17054404208041335,0.3264016473209273,-0.39581485475637784,-0.21701093651796718
DARKWINGS,mid,LCS,1,82,0.488,15,0.267,20,59.2,53.9,65.1,48.2,53.9,Sentinels,30.121951219512194,21.25609756097561,0.8536585365853658,696.4005195121952,0.2656779756097561,0.2804878048780488,1.3472560975609755,0.23967560975609759,0.6403930579558298,0.19784761849297794,0.0,536.0704,0.0,0.26666666666666666,0.4935445246792012,0.4911137933212965,-0.237955845668164,2.481931267130508,2.208630521496931,-0.4268292682926829,-0.3390965147300078,0.2212584561236228,-0.05687603044166693,0.5600855841745815,-0.3672337314697572,-0.05860630351548621
iLEVI,sup,LES,3,83,0.59,16,0.312,17,57.5,55.6,61.7,56.6,55.5,UCAM Esports,72.3855421686747,-2.2048192771084336,0.8554216867469879,245.09150361445782,0.08306620722891565,0.04819277108433735,3.89610843373494,0.3864265060240964,0.7316191437997311,0.2828524461652737,0.0,624.3262879518072,0.0,0.3125,0.37541764338249445,-0.45540852454907194,0.24063855108097623,2.1239892026879295,1.865992419824736,-0.3855421686746988,-0.30322150346504056,0.13157837952516302,0.03149170589615909,0.3587704859131615,0.0830230379559343,0.028925743715643132
Mataz,jng,LRN,3,39,0.615,5,0.0,12,57.4,55.7,46.6,46.7,50.4,SDM Tigres,244.97435897435898,267.61538461538464,5.128205128205129,502.0245487179487,0.1669486641025641,0.358974358974359,1.3742974358974358,0.27333846153846153,0.7101293435180903,0.22223965486849556,0.0,1081.7472666666667,0.0,0.0,0.1472908907953567,-0.488487362847317,-0.5370797970340391,2.811904761904762,1.9215378456610455,-0.5128205128205128,-0.527830806532354,0.12789779806992357,0.03839288205639432,-0.4586540188883657,-0.45227352776025864,-0.24289787884194164
Septico1,top,HLL,3,65,0.462,21,0.095,17,58.1,54.9,64.4,66.7,56.1,Gamespace Mediterranean College Esports|GnG Amazigh|Spartans EU,-6.569230769230769,15.63076923076923,4.446153846153846,700.1563769230769,0.24041661538461537,0.6153846153846154,0.9021553846153847,0.10662153846153846,0.49153796823092005,0.17378257495074648,0.0,1167.2785015384616,0.0,0.09523809523809523,0.3325067894674696,2.4631828978622323,0.6534247536563117,5.666666666666667,2.108590488016544,-0.4153846153846154,-0.37707612937585894,0.16473073655027967,-0.00557845994778175,0.5154512868927084,0.6580418875497944,0.055404469363952845
Kaiwing,sup,CBLOL,15,54,0.444,17,0.118,17,51.3,61.7,51.6,62.7,60.0,Ground Zero Gaming|Vivo Keyd Stars,-69.48148148148148,151.96296296296296,1.4814814814814814,195.5969611111111,0.07210539444444444,0.018518518518518517,4.197272222222223,0.5164703703703704,0.7547307090403402,0.18944989236592338,0.0,429.4569388888889,0.0,0.11764705882352941,0.34098544601152725,-0.8976355571512988,0.20337483617300137,5.030345471521943,2.3134069792952237,-0.3148148148148148,-0.43372506281226103,-0.19640030120822966,0.36306246399565906,-0.18022255588142982,0.41738463521583624,0.2651026607992509
Mood,sup,EBL,3,39,0.538,11,0.0,16,55.4,57.6,45.8,68.9,58.1,Deer Gaming|Lenovo Legion Honvéd|SPIKE Syndicate,102.17948717948718,-146.28205128205127,-2.41025641025641,266.1967512820513,0.08655864871794872,0.02564102564102564,3.4923512820512816,0.4075051282051282,0.7374127553598372,0.21410110507169158,0.0,648.5002384615385,0.0,0.0,0.14083665812858562,-0.8414603002999523,0.14546259155277894,14.462532299741603,2.562050460881394,-0.46153846153846156,-0.3816117386940931,0.021385029871963217,0.13707249785581554,-0.5033195807707,0.8106665328055505,0.1652308511744424
LVS,top,LPLOL,3,20,0.55,6,0.0,12,58.8,54.2,54.9,58.7,58.1,Francesinhas,480.9,458.55,9.6,710.99042,0.2246807,0.4,0.9339449999999999,0.074995,0.44729135057608865,0.15434874993614395,0.0,1335.3790800000002,0.0,0.0,0.5565170362358031,0.0,0.7868567454798331,0.0,2.6832815729997477,-0.45,-0.36315959364927297,0.20396292564932053,-0.0429295132090993,-0.004854986440952833,0.19397238931119082,0.16233037033043396
nvillada,top,LRS,3,27,0.63,3,0.333,13,56.5,56.5,60.7,56.0,56.3,Malvinas Gaming,84.81481481481481,-76.03703703703704,1.3333333333333333,758.9852888888889,0.2410304037037037,0.3333333333333333,0.9403518518518518,0.10958888888888889,0.5295379645821607,0.16583428309261114,0.0,995.9838481481482,0.0,0.3333333333333333,0.19157670670518473,1.040331634856205,0.043197225287718743,4.8,2.5018511664883785,-0.4074074074074074,-0.5270126054865917,0.0767888257554789,0.08047948836443,0.30484256696990447,0.05113474207031149,0.07028280998060421
Zealot,top,LAS,3,53,0.321,18,0.111,16,50.7,62.3,52.0,59.6,54.6,KT Rolster Academy,-228.30188679245282,-220.47169811320754,-8.264150943396226,674.6305132075472,0.23958950377358493,0.2830188679245283,1.224779245283019,0.15812075471698112,0.5210425624071725,0.17129489539964607,0.0,1134.2006396226416,0.0,0.1111111111111111,0.2866186329295852,-0.2964068641137432,0.19094665809994263,5.649310493428141,2.1977690231790246,-0.5094339622641509,-0.32066233418986184,-0.22758666470669947,0.3959826851752562,-0.15825800298984957,0.2428643827173982,-0.01893728905468714
Parus,sup,LEC,1,77,0.519,12,0.167,18,53.4,59.5,50.8,50.8,55.0,Natus Vincere,-1.2077922077922079,45.688311688311686,-1.6883116883116882,212.22885714285712,0.08416416493506494,0.0,4.658001298701298,0.5209259740259741,0.7444404409973048,0.23529414704975232,0.0,408.7292246753247,0.0,0.16666666666666666,0.48382916440813156,-0.9515440035704419,-0.25687390866530535,4.5636363636363635,2.051290376273483,-0.4025974025974026,-0.3179736621046837,-0.0839913472241718,0.24167842930489636,-0.22120996860981199,-0.22064328783967124,0.0016618875999492508
Piwek,bot,HW,3,50,0.52,21,0.238,12,62.6,50.3,59.0,63.1,49.0,CITA Kaizen|Onion Team,213.8,-76.56,4.02,995.217444,0.29812172,1.18,0.88889,0.18993400000000002,0.6194927207386389,0.2579787957471552,0.0,438.79103000000003,0.0,0.23809523809523808,0.36389842285365065,-0.06903633197009758,0.4977604510004519,5.0089483773307295,1.697056274847714,-0.4,-0.5610507356543392,0.41167330177649175,-0.2515055510516446,0.21320438171158326,0.4424100483455782,-0.31909567568025976
OkerumoN,sup,LJL,15,26,0.308,10,0.0,8,61.4,51.5,54.2,59.0,49.1,CAG OSAKA,-49.88461538461539,-20.923076923076923,0.23076923076923078,351.8119192307692,0.11480693076923076,0.0,3.4703461538461537,0.385276923076923,0.7325561040934302,0.26935445016238524,0.0,621.1945269230769,0.0,0.0,0.40202277887842525,0.0,0.44387511705567423,1.2878837462988937,1.5689290811054724,-0.5769230769230769,-0.316578493588344,0.34609593739610817,-0.18627530660855007,-0.04462912021717852,0.21094602726054756,-0.3164265015943827
Cavalo,sup,CD,2,21,0.429,5,0.4,11,55.7,57.2,67.0,68.3,52.0,Team Solid,72.04761904761905,-40.904761904761905,2.619047619047619,228.9966904761905,0.0865325,0.0,4.301271428571429,0.5574523809523809,0.751865554505306,0.24110750966413141,0.0,316.56451904761906,0.0,0.4,1.0989117291414752,0.21522842639593928,2.036221590909091,2.6063579277864997,2.400396792595916,-0.47619047619047616,-0.7508994612331162,0.035113254722000053,0.1162280408336301,0.6810868475808383,0.770954698706688,-0.1570950812998762
Kitten,sup,LAS,3,45,0.711,8,0.25,17,55.6,57.2,59.0,57.3,63.7,Dplus Kia Academy,28.4,-119.37777777777778,0.8444444444444444,271.55795333333333,0.07984476888888889,0.022222222222222223,3.9735044444444445,0.4792311111111111,0.6265944918863926,0.19149152983879902,0.0,481.88034222222217,0.0,0.25,0.3887832245942379,-0.30395582834023843,0.23345136442081615,2.9744163133495136,2.5342103744997617,-0.35555555555555557,-0.21527918392660228,0.030989797026966748,0.11723190557790743,0.21092083393472297,0.11936789129944628,0.47648598327487846
Kallesyn,top,NL,3,20,0.35,7,0.286,13,52.5,60.3,59.0,49.6,61.9,Lausanne-Sport Esports,-145.85,-54.1,-1.5,629.5384449999999,0.21991955000000002,0.25,1.21396,0.168925,0.525669554903301,0.1423701902672491,0.0,1023.877535,0.0,0.2857142857142857,0.42939807350690923,0.0,-0.30923128944995487,0.0,2.9068883707497264,-0.5,-0.03265628701142697,-0.1331019773397839,0.28186828779008544,0.21331335146387967,-0.28913060495778353,0.3710856463560198
FLOW,sup,LAS,3,49,0.306,16,0.125,15,56.4,56.4,54.8,53.2,56.3,KT Rolster Academy,-121.24489795918367,-176.89795918367346,-1.1224489795918366,282.73784693877553,0.10006538367346939,0.061224489795918366,3.7155897959183672,0.396765306122449,0.7218510642849211,0.2315543641344789,0.0,508.82499183673474,0.0,0.125,0.28671524663677134,0.09405865370004562,0.011143383194064644,2.0239665504016218,2.142857142857143,-0.42857142857142855,-0.33055868262820476,0.07125562661444426,0.07470069659639189,-0.011561217480062162,-0.09712122574738125,0.07073064791515327
Grell,jng,LRN,3,27,0.815,0,0.0,12,60.9,51.9,48.5,49.9,59.0,Fuego,302.7037037037037,495.25925925925924,8.481481481481481,558.5450370370371,0.17856518518518516,0.48148148148148145,1.233162962962963,0.2039185185185185,0.6878786538511191,0.2200486220874098,0.0,1008.1722518518518,0.0,0.0,0.0,0.18669308194498008,-0.1386990309442442,0.0,2.309401076758503,-0.5185185185185185,-0.1327736261821189,0.31821440227651565,-0.16321912898130578,-0.34901786830593085,-0.2711544878021604,0.2098880293081394
CLEARS,jng,NLC,2,22,0.455,5,0.2,11,63.2,49.5,56.8,60.9,51.8,DMG Esports|Dream Esports|Lundqvist Lightside,306.72727272727275,451.3181818181818,10.090909090909092,582.9541045454545,0.18402649999999998,0.5,1.2234636363636364,0.22065,0.6630670303390184,0.2323189430187038,0.0,1043.9833545454546,0.0,0.2,0.2914620273640927,0.0,0.7429799351385553,2.1741792212380444,2.345207879911715,-0.5,-0.7816871321899782,0.44477605438974166,-0.29309564230517565,0.09366132561593055,0.31582609141097095,-0.16971678952990846
kubagoat,sup,RL,3,21,0.333,7,0.143,13,55.1,57.6,55.4,49.6,56.4,DOCISK|devils.one inStreamly,-92.52380952380952,-15.428571428571429,-3.761904761904762,278.4053,0.10207712380952381,0.0,3.677447619047619,0.3917333333333333,0.711470249564548,0.14816354457032238,0.0,308.0334904761905,0.0,0.14285714285714285,0.32684824902723736,0.0,-0.3253423313846275,0.0,2.836832573067901,-0.47619047619047616,-0.5806521986948598,0.004245335012167549,0.13785896776407797,0.02218420548552245,-0.29028974475304536,0.07201667448540947
Giankios,top,LRS,3,30,0.333,9,0.0,15,52.6,60.1,52.2,57.2,54.4,Seven Dark|The New Kings,58.46666666666667,-210.36666666666667,0.1,659.4781133333333,0.22431946666666666,0.2,1.21183,0.17304333333333333,0.4872375919962058,0.15307018675471787,0.0,957.2305566666668,0.0,0.0,0.372468482677795,0.0,0.5526943942133816,0.0,2.7386127875258306,-0.4666666666666667,-0.6742692816052022,-0.12648585227351103,0.2695037087063775,-0.1503671999889893,0.11799432387179865,-0.03417642711384923
Ark,jng,LAS,3,51,0.314,21,0.048,14,52.2,60.5,53.2,60.3,54.1,Nongshim RedForce Academy,-205.68627450980392,-373.6078431372549,-5.1568627450980395,562.3679058823529,0.19333249019607843,0.29411764705882354,1.44478431372549,0.279578431372549,0.7517802078630866,0.2020557962485639,0.0,1048.3641568627452,0.0,0.047619047619047616,0.3257709978355305,0.0,0.4568097496662298,2.142077404219489,1.9603921176392136,-0.5686274509803921,-0.24162394507266527,-0.14711153737542718,0.29472451330597077,-0.0971501704452005,0.282893681400961,-0.04589262379138384
1116,mid,PCS,15,26,0.615,2,0.0,15,60.0,52.7,49.8,58.3,61.1,Shadow Keepers Esports|SillySilly Gaming,374.84615384615387,58.61538461538461,2.230769230769231,773.6155961538461,0.2577105769230769,0.7307692307692307,1.0527653846153846,0.1573269230769231,0.6200599923905383,0.20219252356996564,0.0,487.2947038461538,0.0,0.0,0.10051980105456042,0.02940310436209145,0.22906505745226077,2.7666666666666666,2.9417420270727606,-0.38461538461538464,-0.3033411490486338,0.2646246461459427,-0.12318657453062884,-0.2784518881070407,0.1747277377581461,0.3241897407505019
Dolis,mid,ROL,3,60,0.4,19,0.105,20,52.8,59.9,57.8,60.8,59.0,ZennIT|eSuba,-53.666666666666664,115.0,-3.5833333333333335,734.6701966666666,0.24792296666666666,0.38333333333333336,1.2711266666666667,0.16648666666666667,0.5979769043728248,0.15783799107290777,0.0,443.75842166666666,0.0,0.10526315789473684,0.4064394021552062,0.5978783222727122,0.4194436844505245,2.18267298306058,2.581988897471611,-0.45,-0.34200938652972696,-0.11480319200801624,0.2631643923509022,0.14603828950627437,0.3126131473196646,0.21435105047520633
Baca,mid,AL,3,32,0.312,13,0.154,12,52.9,59.8,65.6,56.5,54.9,One More Esports|Otter Side,-114.5,-44.84375,-0.28125,697.44089375,0.24492284375,0.65625,1.2304,0.151671875,0.6560162796860195,0.17542587712980087,0.0,572.137046875,0.0,0.15384615384615385,0.4818803137333207,2.598936611302164,0.27916127104293254,1.3728813559322033,2.1213203435596424,-0.40625,-0.4077527000287786,-0.10968414581066964,0.25418577211145293,0.5884595348347601,0.07669407360353045,-0.004694209794364676
Flandre,top,LPL,1,100,0.59,12,0.167,19,49.9,62.8,56.0,57.8,53.2,Anyone's Legend|Bilibili Gaming,-128.62337662337663,-20.181818181818183,-3.1948051948051948,573.937169,0.208632178,0.28,1.37808,0.21375699999999997,0.5175660834702701,0.17779223848981218,0.8181818181818182,1203.3683884615384,0.0,0.16666666666666666,0.3868425280892429,-0.03785622006064455,0.10423403032262696,4.322727272727273,1.9,-0.39,-0.34427352241125553,-0.2719961166398401,0.4217825501550578,0.05021931757927062,0.14843642745878102,-0.09700583797861077
Piero,sup,LFL,2,95,0.705,9,0.333,21,54.9,57.8,63.9,56.8,61.2,Solary,118.96842105263158,-67.01052631578948,0.6736842105263158,231.8413947368421,0.07603929263157895,0.010526315789473684,4.350785263157895,0.4828863157894737,0.70448530648799,0.21933617522428983,0.0,500.00421052631583,0.0,0.3333333333333333,0.5343599876610756,-0.3995014691579355,0.0582727331247555,3.7550262037182023,2.154554539378824,-0.4,-0.2425148304898405,-0.0056300601168634236,0.14636029384624905,0.48427055928484125,0.09411922784077004,0.3331756898252246
Amel,jng,LJL,15,27,0.667,8,0.375,10,58.7,53.9,63.3,49.9,50.0,L Guide Gaming,286.6296296296296,162.77777777777777,5.481481481481482,512.1067925925926,0.17635674444444444,0.5925925925925926,1.687714814814815,0.3534333333333333,0.6280011144728493,0.17935958267338328,0.0,830.6154296296297,0.0,0.375,0.4396621336070275,0.0,-0.2921557625406801,1.6250000000000002,1.9245008972987525,-0.5925925925925926,-0.3618487370763422,0.19833014053235604,-0.05724055621222464,0.45325546165149055,-0.2711022988737517,-0.2681918054977928
Metroflox,jng,EBL,3,37,0.514,4,0.25,16,59.5,53.1,59.3,49.2,56.4,Dynasty|Magaza Esports,254.02702702702703,75.24324324324324,-0.9459459459459459,559.8286513513514,0.18421724324324323,0.5675675675675675,1.2916351351351352,0.2560891891891892,0.6666609532018739,0.20815875094310954,0.0,1082.4071297297298,0.0,0.25,0.3563560635752601,-0.28500971803117936,-0.40389825080708686,3.3554987212276215,2.6303837968857167,-0.40540540540540543,-0.6281137605523595,0.24016353186982642,-0.0995393196478935,0.22947915086309287,-0.3088019002767998,0.07547930237438318
Winner,jng,LCKC,2,113,0.531,25,0.08,16,49.6,62.9,50.8,60.2,52.9,Kiwoom DRX Challengers,31.539823008849556,39.13274336283186,0.6637168141592921,435.4551637168141,0.1585878265486726,0.23893805309734514,1.949629203539823,0.3625212389380531,0.7238200477925543,0.1970369739585965,0.0,899.2239946902655,0.0,0.08,0.28893174688545303,-0.25782859814656417,0.26402186795070764,4.2337302677199995,1.5051533894137556,-0.4247787610619469,-0.3049997392406413,-0.2902172839373175,0.42712606582841695,-0.22060942245300763,0.274807248199554,-0.10921083714161783
Husha,jng,LCP,15,68,0.412,18,0.167,14,53.7,58.8,55.8,54.6,47.5,Ground Zero Gaming,-100.80882352941177,-42.411764705882355,-1.7941176470588236,514.5128823529411,0.18205356470588235,0.3088235294117647,1.7747367647058825,0.36068970588235294,0.7386132214339552,0.21701432487506211,0.0,959.8600632352941,0.0,0.16666666666666666,0.38020919088017885,-0.465624803075178,-0.13954279879743592,4.048611111111112,1.697749375254331,-0.47058823529411764,-0.4089710288083762,-0.0662901188709378,0.20003929877476137,0.042445090692430146,-0.020386361161989254,-0.4059895534830979
Sweeho,mid,LRN,3,44,0.318,18,0.111,15,53.5,59.0,62.4,50.0,45.2,LYON Academy|Zeu5 Esports,-254.5681818181818,91.3409090909091,-8.318181818181818,758.4754954545456,0.26188472727272727,0.6136363636363636,1.1067749999999998,0.21768863636363636,0.6667568057235889,0.2171471779183812,0.0,530.5155181818182,0.0,0.1111111111111111,0.24020048796346274,2.316630374898339,-0.026674997596847005,0.0,2.2613350843332274,-0.5227272727272727,-0.8123324455437079,-0.07650812211023046,0.21351448823275623,0.3978475782867148,-0.26750307814341623,-0.5428648406473148
Despair,mid,LAS,3,65,0.692,9,0.222,20,63.6,48.9,60.1,61.1,61.9,Dplus Kia Academy,273.16923076923075,253.69230769230768,8.184615384615384,829.4010000000001,0.2501972,0.6923076923076923,0.9819646153846154,0.13426307692307693,0.5105104700579467,0.18620550351149942,0.0,510.44402615384615,0.0,0.2222222222222222,0.445373499479342,0.011396254298462747,0.27640710978751093,3.6601608464780933,2.4806946917841692,-0.4307692307692308,-0.20171651044241953,0.47175014798159376,-0.3271157128582329,0.2697250968601137,0.3292541217146653,0.3713798276102241
Levitate,bot,NACL,2,46,0.457,6,0.167,16,52.7,59.8,57.9,55.8,54.6,Blue Otter|Supernova,164.58695652173913,-5.304347826086956,-1.6956521739130435,732.2365369565217,0.278931,0.6739130434782609,1.252558695652174,0.3211326086956522,0.6345541071409776,0.15899973491448022,0.0,357.8858913043478,0.0,0.16666666666666666,0.2546702172276317,0.9804026632006154,0.04672962365270053,6.35632183908046,2.359071298478354,-0.3695652173913043,-0.5436664415409878,-0.12081658582016942,0.2556227790766711,0.15132991459140838,0.042633636971454975,-0.021133871178001404
Forlin,top,CD,2,21,0.429,5,0.4,11,54.3,58.2,61.1,73.2,49.0,Team Solid,-355.42857142857144,-209.66666666666666,-0.5714285714285714,691.8818571428571,0.26404500000000003,0.19047619047619047,1.1882142857142857,0.14733809523809524,0.5784864692473388,0.1902682827018923,0.0,1223.6409666666666,0.0,0.4,0.3897247706422018,-0.08428603452140768,4.9738249366732346,3.655882352941177,2.400396792595916,-0.47619047619047616,-1.031561477241921,-0.038280732343202874,0.16670316741009475,0.3258497559551871,1.1711146785133189,-0.3228921278997568
Pout,mid,LCP,15,61,0.475,15,0.2,15,53.2,59.3,65.7,61.3,53.9,CTBC Flying Oyster,-111.59016393442623,17.016393442622952,-0.819672131147541,657.1728672131147,0.24612011475409837,0.5737704918032787,1.3286098360655736,0.20957540983606557,0.6155372301714512,0.1642944659588042,0.0,481.4851704918033,0.0,0.2,0.48110975672566825,0.40366025825480173,0.23645919084976583,3.4162522444875387,1.9205531989934397,-0.4098360655737705,-0.27759302958379506,-0.09711556168939352,0.2277028069012441,0.593816092092129,0.33716052154428244,-0.05597495120552927
MG,mid,LCKC,2,31,0.581,4,0.0,10,51.2,61.3,47.6,51.3,56.4,BNK FEARX|BNK FEARX Youth,-61.096774193548384,-19.451612903225808,-2.225806451612903,664.8028354838709,0.2374038387096774,0.6451612903225806,1.2726548387096774,0.24180645161290323,0.7033206723826136,0.14846002760634391,0.0,415.47877741935486,0.0,0.0,0.25869334746885764,-0.7077168926233312,-0.01543954491218511,0.7647058823529411,1.7960530202677492,-0.45161290322580644,-0.08086218762525187,-0.20309511213260367,0.3377419036998708,-0.40037263671570555,-0.1944780027588434,0.0747601709345675
PiskHello,bot,LIT,3,41,0.512,14,0.143,12,54.0,58.4,58.3,51.6,46.0,Colossal Gaming,78.60975609756098,-151.70731707317074,4.048780487804878,785.6251365853659,0.2702683414634146,0.8048780487804879,0.9727146341463415,0.22834878048780485,0.6712944707184199,0.18848972310583129,0.0,378.841143902439,0.0,0.14285714285714285,0.346983840002369,0.6726018635365705,-0.5605080053359851,5.698234243014944,1.8740851426632728,-0.5365853658536586,-0.6545308530058224,-0.05240869315124203,0.17914283886101506,0.17690236244862115,-0.18158549802852583,-0.49311714265192147
Orca,sup,LCP,15,53,0.377,14,0.143,16,52.1,60.3,56.7,54.8,54.7,Ground Zero Gaming,-65.16981132075472,-100.94339622641509,2.4150943396226414,220.6764641509434,0.07958720943396227,0.03773584905660377,4.321471698113208,0.49455094339622646,0.7419087612628839,0.20721739947550732,0.0,465.0343433962264,0.0,0.14285714285714285,0.3863359811236843,-0.32230849781676635,-0.28534633828430433,5.718614718614719,2.1977690231790246,-0.37735849056603776,-0.5515115740108586,-0.15262401560603117,0.28393406768622537,0.0918432622117325,-0.010282247646831943,-0.01834037200018053
Xiaohao,jng,LPL,1,66,0.409,8,0.0,15,49.0,63.4,48.3,46.3,55.7,EDward Gaming|Weibo Gaming,39.129629629629626,-80.0,-1.9444444444444444,393.4757515151515,0.1525159909090909,0.21212121212121213,1.868980303030303,0.3879424242424242,0.7485507930740986,0.17400885777457958,12.857142857142858,985.193124074074,0.0,0.0,0.2764971196356005,-0.09943795012074452,-0.24912994080009557,1.7713043478260868,1.8463723646899908,-0.3939393939393939,-0.3950500263957657,-0.3188445161038578,0.4573586582183212,-0.3620211361198401,-0.47593117028957355,0.03687594388366239
Seany,mid,LCP,15,26,0.577,0,0.0,11,58.4,54.0,53.0,54.5,56.2,MVK Esports|MVK Esports Academy,289.88461538461536,332.03846153846155,3.0384615384615383,701.2730730769231,0.2506421153846154,0.5,1.2165346153846153,0.18263076923076924,0.6204035317450002,0.2043670853802679,0.0,424.4480730769231,0.0,0.0,0.0,1.730077120822622,-0.09950248756218898,3.918032786885245,2.1572774865200244,-0.46153846153846156,-0.18551964460535747,0.17884756913867164,-0.05182906298206743,-0.10716309076384839,-0.024931937494879527,0.061274629487518995
Potent,top,LFL,2,43,0.419,9,0.0,17,57.3,55.1,48.6,50.5,51.5,Vitality.Bee,206.06976744186048,43.906976744186046,3.4186046511627906,657.5699465116279,0.2436454418604651,0.18604651162790697,1.2797279069767442,0.15097441860465116,0.49382298242510575,0.22014844088033012,0.0,1295.1356325581394,0.0,0.0,0.1975104253467911,0.0,0.113414040882598,0.0,2.5924756956542794,-0.5348837209302325,-0.5894655553336626,0.12384778283029577,0.007477676911993037,-0.3460569990873371,-0.23798638630275992,-0.1839655198253618
Vulcan,sup,LCS,1,83,0.578,12,0.167,16,60.8,51.6,57.0,58.0,52.6,Cloud9,35.74698795180723,321.12048192771084,-0.18072289156626506,228.6935048192771,0.08517180602409638,0.0,3.6751554216867466,0.3750132530120482,0.737518224312398,0.145203906316348,0.0,426.84005542168677,0.0,0.16666666666666666,0.3912420679357969,0.04599757658374039,-0.1349182763744428,6.828703703703703,1.7562281598350455,-0.3614457831325301,-0.3326874094194154,0.31215544191449274,-0.18206026474099987,0.10570380890824652,0.1603123741569675,-0.12552005133869754
Leo s Man,sup,EBL,3,28,0.536,6,0.167,15,60.4,52.0,54.6,59.9,59.8,Only The Family|Super Stars,106.96428571428571,136.0,1.1071428571428572,282.4944392857143,0.08275313214285715,0.07142857142857142,3.3434214285714288,0.39260357142857144,0.693419041424351,0.26864086928970526,0.0,601.1885535714285,0.0,0.16666666666666666,0.20187225801565536,0.018813118265427888,0.09748346507501193,7.329802661393317,2.834733547569204,-0.42857142857142855,-0.4142431911659479,0.29051300213475806,-0.15971920934767375,-0.02059567313904414,0.2592714338275348,0.2563853433158773
bulas,sup,CD,2,30,0.4,8,0.0,11,52.4,60.0,51.4,46.7,42.5,7REX,126.36666666666666,-106.4,-2.2666666666666666,211.45703999999998,0.08066513666666666,0.0,4.338816666666667,0.5495233333333334,0.7916593859357017,0.2456018727467191,0.0,470.48282666666665,0.0,0.0,0.3290270598140487,0.0,-0.49748517834580613,0.0,2.008316044185609,-0.5333333333333333,-0.9917954580161925,-0.1367065382556369,0.26719071998675703,-0.18961977899159466,-0.4493889807901429,-0.7155081893291623
AisyL,mid,VCS,15,29,0.759,5,0.2,14,59.4,53.0,65.9,53.7,61.5,Saigon Warriors,208.20689655172413,175.9655172413793,-0.3103448275862069,790.6236379310345,0.2520220689655172,0.6206896551724138,1.2500172413793105,0.2129862068965517,0.6006491214662509,0.23792893730503017,0.0,587.5962310344828,0.0,0.2,0.27273438110876536,2.7864322311504326,-0.28934164512695765,6.051562535433503,2.599734734478726,-0.4827586206896552,0.0,0.2325853056600387,-0.10370054001865954,0.6080906793223089,-0.06795396862952148,0.3475210254001441
Aetinoth,bot,LFL,2,95,0.705,9,0.333,18,62.6,49.7,63.2,50.7,52.6,Solary,313.7263157894737,201.42105263157896,4.052631578947368,843.5606905263157,0.2768475684210526,0.9368421052631579,1.2398852631578947,0.2861263157894737,0.5959014174621237,0.23451827155605195,0.0,342.3844294736842,0.0,0.3333333333333333,0.33569749075588184,-0.14755662872254816,0.018260358442019092,2.621734654706768,1.8467610337532776,-0.3473684210526316,-0.4116621846804262,0.412371068226198,-0.28432631784770596,0.4468508256639112,-0.22911645338362047,-0.12700891853961463
Strensh,bot,LRS,3,48,0.521,6,0.0,21,54.7,57.6,58.6,44.8,64.1,Docta Esports|Golden Lions|Leviatan,-84.79166666666667,93.20833333333333,-3.0,805.4384729166667,0.27660735416666665,0.8333333333333334,0.8801666666666667,0.21135625,0.619921220220545,0.14489429773172116,0.0,379.2883708333333,0.0,0.0,0.49978086776365593,1.1494069609177522,-0.5335114795222774,0.8913043478260869,3.0310889132455356,-0.3125,-0.5304317584023502,-0.016459599671811192,0.138524944586944,0.1902019972836323,-0.5680837330252457,0.5013151760316861
Gastruks,sup,LRS,3,26,0.731,1,0.0,12,53.2,59.1,49.3,51.2,56.5,Golden Lions,41.53846153846154,23.923076923076923,-2.576923076923077,232.0629153846154,0.07230921538461538,0.038461538461538464,3.9439153846153845,0.3827076923076923,0.738810995506235,0.19076599932063706,0.0,504.6910307692308,0.0,0.0,0.14936368023979474,-0.27239087162376363,-0.3791511480374902,3.090909090909091,2.3533936216582085,-0.4230769230769231,-0.40901747808756456,-0.095564931744983,0.21586196491093856,-0.30678575725790697,-0.2000222309694306,0.0806543164423348
Crow,mid,LAS,3,51,0.314,21,0.048,13,59.2,53.1,55.7,52.6,56.6,Nongshim RedForce Academy,-39.431372549019606,-54.21568627450981,4.294117647058823,818.4108078431371,0.28045286274509806,0.6470588235294118,0.8933254901960785,0.16497254901960787,0.652932013906969,0.23514563051995208,0.0,547.5278294117647,0.0,0.047619047619047616,0.608375093520274,0.0,-0.06585193275862616,2.2519700086779584,1.8203641092364127,-0.4117647058823529,-0.1722272387958421,0.2221695936374553,-0.10050329208307698,0.03868016360204911,-0.12415918068136986,0.08525651994280817
Breathe,top,LPL,1,81,0.494,11,0.182,17,51.1,61.2,52.5,56.2,44.0,Anyone's Legend|Invictus Gaming,-36.646153846153844,-40.58461538461538,-1.1846153846153846,583.6624432098765,0.21426457530864196,0.1728395061728395,1.4386518518518518,0.18683456790123457,0.49913548846863387,0.1842847814564756,1.6666666666666667,1116.2597855072463,0.0,0.18181818181818182,0.32539653682317443,-0.3726934972959854,0.2551051189621851,1.8448275862068964,1.8888888888888888,-0.4567901234567901,-0.5613482185955407,-0.20731340043838525,0.33005374466207726,-0.12983369654318977,0.06362450253764212,-0.615683152071759
Aomine,bot,VCS,15,29,0.759,5,0.2,11,58.1,54.2,69.0,55.7,58.4,Saigon Warriors,116.82758620689656,165.79310344827587,0.9310344827586207,815.3880034482759,0.25905441379310346,1.2758620689655173,1.1583655172413792,0.28503793103448277,0.6116170067979888,0.18162179166725576,0.0,330.84242413793106,0.0,0.2,0.49179293091282306,2.202655911607942,0.10174067495559515,3.479954180985109,2.0426487199475707,-0.4482758620689655,0.0,0.16629062223836563,-0.041527839833045886,0.8173895700552772,0.03760818374297641,0.1820817146031544
Huubiii,bot,LIT,3,23,0.609,5,0.0,13,60.8,51.5,52.7,50.5,62.6,Macko Invictus|P11 Esports,300.6521739130435,161.7391304347826,5.173913043478261,934.4195434782608,0.30647021739130437,1.1304347826086956,0.8350782608695653,0.16216086956521739,0.6218690434917641,0.25082007057693556,0.0,446.2567652173913,0.0,0.0,0.12168181936593118,1.0349901581577172,-0.2743434913468773,1.2890173410404626,2.710687382741972,-0.4782608695652174,0.0,0.3091286359737959,-0.18651243446282384,-0.12079754551986266,-0.2410608283397605,0.41185818561694654
Philip,top,NACL,2,21,0.238,4,0.0,14,53.0,59.3,51.6,53.4,58.9,Blue Otter|Nine Lives Esports,-77.57142857142857,-15.571428571428571,-3.9047619047619047,604.2840857142858,0.23341066666666666,0.23809523809523808,1.087495238095238,0.1864904761904762,0.5711840291672224,0.16516290894693797,0.0,1229.5018809523808,0.0,0.0,0.25712196257022235,0.0,0.394541122102679,0.0,3.0550504633038935,-0.47619047619047616,-0.38225164455256017,-0.10373307801903349,0.22571738122481688,-0.1814900257869555,-0.0855632107902212,0.20446974225257958
Nasser,jng,EBL,3,24,0.833,5,0.2,10,61.5,50.8,55.7,56.6,53.9,The Secret Club,309.1666666666667,327.1666666666667,5.541666666666667,563.8449208333333,0.17715354166666666,0.875,1.2668541666666666,0.2306541666666667,0.6566858018118983,0.23972472224986593,0.0,1021.8326458333332,0.0,0.2,0.1811631540000548,0.0,0.4648741012992875,0.0,2.041241452319315,-0.5,-0.4187682441747106,0.35003550822520496,-0.22328683141773834,0.03826220259724854,0.08636819411759067,-0.05978135302843743
fNb,top,CBLOL,15,27,0.481,8,0.375,12,53.0,59.2,65.4,51.5,61.0,RED Canids,-110.74074074074075,-109.4074074074074,-6.148148148148148,631.9063222222222,0.2185682962962963,0.48148148148148145,1.3310037037037037,0.14835185185185185,0.5141502013958219,0.1571097856170619,0.0,1253.0605962962964,0.0,0.375,0.699865427084155,-0.36932788021159013,-0.4208827893175075,5.266499582289056,2.309401076758503,-0.48148148148148145,0.0,-0.10443197490915529,0.22432951018244915,0.5771522174931489,-0.18532236297238489,0.32344243649235727
Vares,mid,LRN,3,21,0.476,6,0.167,12,54.6,57.6,54.1,66.1,55.2,3v Team|NCG Esports,-49.476190476190474,102.85714285714286,5.761904761904762,710.1951857142858,0.24899004761904764,0.47619047619047616,1.0606333333333333,0.20327619047619047,0.6248753116140334,0.17659890065090403,0.0,562.5529952380953,0.0,0.16666666666666666,0.3655488674402198,-0.6644474034620506,1.4992746733798437,0.0,2.618614682831909,-0.42857142857142855,-0.5680313704786597,-0.020002785140290413,0.13800704836962907,-0.046894896090424534,0.6204288580884282,0.013146501114575328
Sundax,sup,NLC,2,23,0.348,4,0.0,11,60.7,51.5,51.1,58.1,58.0,NextGeneration Esports|Volda E-Sport,226.69565217391303,151.30434782608697,3.0434782608695654,256.19907826086956,0.08995220000000001,0.0,3.4450478260869564,0.4141782608695652,0.6809360686323012,0.21206105560466423,0.0,708.4116652173914,0.0,0.0,0.30486346422164645,-0.1771106577285533,0.677943450408659,0.9333333333333332,2.2936585546278225,-0.43478260869565216,-0.27981966548629983,0.3058456208330094,-0.18349257065485686,-0.2078408252209466,0.16229838507367772,0.1588402262773314
Booshi,bot,HLL,3,33,0.455,7,0.0,12,52.9,59.3,47.8,46.5,55.3,Esprit Shōnen|Team Phantasma|ZYB Esport,-121.48484848484848,-2.212121212121212,-2.9393939393939394,767.5620181818182,0.27012372727272727,0.7878787878787878,1.0345030303030305,0.21811212121212123,0.6347180138810641,0.13168848553382748,0.0,312.22899696969694,0.0,0.0,0.20660605925892994,-0.6422982338475296,-0.500587239972131,0.6428571428571429,2.088931871468374,-0.48484848484848486,-0.2909240732176278,-0.1104172712673769,0.2305438753774505,-0.3887584705132407,-0.4646455298075135,0.016835553661163224
Frog,top,LCKC,2,112,0.455,31,0.032,20,48.9,63.2,49.9,53.0,59.7,Kiwoom DRX|Kiwoom DRX Challengers,-124.04464285714286,-85.88392857142857,-6.616071428571429,597.8226928571429,0.22838680625000002,0.2857142857142857,1.4077107142857144,0.17403482142857143,0.481360018472063,0.1408196985499572,0.0,974.5475749999999,0.0,0.03225806451612903,0.32573170669274204,-0.13355596878043838,-0.14865129645353012,5.030368591053709,1.889822365046136,-0.375,-0.20899009120097836,-0.3288886987845662,0.44863453452322366,-0.27414498450590163,-0.10335053944555309,0.24844375252020512
JNX,top,PRM,3,101,0.574,23,0.261,26,49.9,62.2,60.0,55.0,60.5,Eintracht Spandau,-80.04950495049505,-169.13861386138615,-0.594059405940594,655.7599455445544,0.2146832089108911,0.27722772277227725,1.215108910891089,0.1568861386138614,0.4988458400148379,0.19191443063208077,0.0,1346.9693603960395,0.0,0.2608695652173913,0.3260315359074762,-0.055185387302593175,-0.20144786528718545,6.587658707821245,2.5870966945459717,-0.4158415841584158,-0.42867570270933003,-0.2702633956709184,0.388851062376618,0.26644236651948955,-0.0009337785691228562,0.2962904693228988
Libra,top,AL,3,43,0.372,13,0.0,19,58.2,53.8,48.3,59.5,64.9,NextGeneration Esports|Paranormal Invaders|Spartans EU,385.3720930232558,133.2325581395349,0.11627906976744186,694.713511627907,0.24256801627906976,0.37209302325581395,1.0459837209302325,0.09930930232558138,0.45187267615414145,0.1867862297539443,0.0,1136.8990465116278,0.0,0.0,0.21996130495696845,-0.14486547628666083,0.10507432086109694,7.0,2.897472836319489,-0.27906976744186046,-0.4608310041691898,0.16981761354931837,-0.0632842100995217,-0.35844961178655355,0.2378655596089301,0.5445932057901727
Vespa,bot,TCL,15,59,0.458,15,0.133,18,59.9,52.1,59.3,62.4,61.2,Lille Esport|Only The Family|SU Esports,141.96610169491527,-125.28813559322033,-0.2711864406779661,858.6507898305085,0.28644576271186445,1.3220338983050848,1.0217389830508474,0.20659830508474575,0.660704606748041,0.22049924525714712,0.0,400.1641966101695,0.0,0.13333333333333333,0.3700334934319792,0.1758964673083762,0.357405188507154,4.539188151096148,2.34340039765483,-0.3559322033898305,-0.29959483753013455,0.2592166573564376,-0.1529826666373874,0.23039394428141924,0.4004865963783058,0.33362917777585943
Fisher,mid,LCP,15,36,0.167,15,0.0,15,53.4,58.6,55.8,49.4,57.8,DetonatioN FocusMe|HANJIN BRION Challengers,-114.91666666666667,58.97222222222222,0.5555555555555556,659.2467361111111,0.26698255555555556,0.25,1.2790583333333334,0.21077222222222222,0.6476507126726425,0.17573725247557062,0.0,569.2416916666666,0.0,0.0,0.5294913863822804,0.0,-0.12076542026206456,0.0,2.5,-0.3888888888888889,-0.36700851083327934,-0.08512844189451675,0.1927186205397686,0.03954426287307828,-0.29937027877052363,0.14834637466420866
MISSING,sup,LPL,1,45,0.6,2,0.0,16,57.6,54.3,43.7,50.4,50.1,LNG Esports,149.67567567567568,117.64864864864865,-1.1891891891891893,219.88923333333332,0.07646226,0.0,4.232122222222222,0.5082644444444444,0.7413514187848932,0.26350652545354986,0.0,479.51362432432427,0.0,0.0,0.13764192233196718,-0.6519379280198165,-0.31758989567335705,4.43859649122807,2.3851391759997758,-0.4,-0.7085759394820136,0.13781124633667152,-0.03672329723050516,-0.6344628914596624,-0.2434506902062839,-0.2611970210950933
Czajek,mid,LFL,2,43,0.419,9,0.0,16,56.9,55.0,50.8,48.0,57.8,Vitality.Bee,114.5813953488372,96.69767441860465,5.093023255813954,715.2678302325581,0.2666205581395349,0.5116279069767442,1.2752627906976743,0.19129767441860465,0.6050920250035517,0.16542082005906938,0.0,482.3642302325581,0.0,0.0,0.30497857246553245,0.0,-0.11824374943812366,0.0,2.4399771253216747,-0.3953488372093023,-0.42647174435582136,0.09976901699248847,-0.0019278784648956602,-0.2249177601148096,-0.3789852952126982,0.14583881982714159
FoobaR,jng,HC,3,44,0.5,17,0.176,20,60.5,51.4,54.7,47.2,61.5,EXILE esports|EXILE esports Academy|Ethereal Enigmas,132.27272727272728,214.54545454545453,7.181818181818182,561.3114795454545,0.17599682954545456,0.5681818181818182,1.2370227272727272,0.28141363636363637,0.5838693828742697,0.141195148433531,0.0,789.2754272727271,0.0,0.17647058823529413,0.2159320147927962,-0.23024894726507103,-0.4247188478064824,2.3994318181818186,3.015113445777636,-0.36363636363636365,-0.5748596778829834,0.2948467745665682,-0.19330347316001595,-0.015633816985896803,-0.4204807867188114,0.3497992389787763
Time,jng,LES,3,57,0.579,10,0.1,15,55.1,56.8,55.4,60.6,51.1,GIANTX iTero|Movistar KOI Fénix,62.73684210526316,-32.94736842105263,-1.3859649122807018,515.234796491228,0.1675933596491228,0.5087719298245614,1.614357894736842,0.31315263157894735,0.6927371618853001,0.24356242100965836,0.0,1030.9608298245614,0.0,0.1,0.22545860339977986,0.4173083412583979,0.012579047356019635,7.343915343915344,1.9867985355975657,-0.543859649122807,-0.43337696578999574,0.005836699814483915,0.09465305422965963,0.019795396894172732,0.30133315314553183,-0.20864490891699766
Lac,bot,LRS,3,27,0.63,3,0.333,7,55.7,56.2,58.0,48.9,43.7,Malvinas Gaming,276.44444444444446,141.74074074074073,3.3333333333333335,806.4261,0.2483892222222222,0.6666666666666666,1.0482481481481483,0.17942962962962963,0.6519517675240742,0.19041268218081414,0.0,338.30211481481484,0.0,0.3333333333333333,0.2966815970717141,-0.48524434272451816,-0.3136895948310675,0.6071428571428572,1.3471506281091268,-0.6296296296296297,-0.5934794698696351,0.03453309802334171,0.06316551819207773,0.1601146021695376,-0.32589245991531546,-0.6333609859288303
BanaBeer,jng,EBL,3,20,0.35,4,0.0,11,54.1,57.8,51.4,53.6,57.6,RLX Esports,2.1,-405.75,-5.7,578.049505,0.1754138,0.35,1.44118,0.21205,0.7441288883530263,0.1843513783253587,0.0,1153.72567,0.0,0.0,0.33963872801257344,-0.5165175714841348,-0.16378795166673962,3.7658622617972215,2.4596747752497685,-0.45,-0.35637633283889036,-0.04927253204221958,0.14917348099909497,-0.18806255726317306,-0.0741565623349987,0.13476404237426806
BrokenBlade,top,LEC,1,128,0.656,18,0.389,28,52.2,59.6,72.0,50.4,65.2,G2 Esports,-94.9296875,-46.6875,-2.296875,603.25788515625,0.21584048984375,0.25,1.42772265625,0.191171875,0.5058053770478047,0.18853133478683834,0.0,1304.64599296875,0.0,0.3888888888888889,0.5641535683199637,0.23801199995219127,-0.19023376548669374,3.876389312244575,2.4748737341529163,-0.359375,-0.2831476144166004,-0.1466794327255583,0.24672343224261903,1.0606632407591028,-0.24593594961078719,0.5665776711014334
Badlulu,top,LFL,2,31,0.387,5,0.0,9,58.2,53.6,48.7,51.5,47.7,Ici Japon Corp. Esport,240.51612903225808,200.5483870967742,7.258064516129032,660.4706870967742,0.23312397419354838,0.22580645161290322,1.158590322580645,0.1019967741935484,0.48860209007954436,0.17669236197849,0.0,1205.8747806451613,0.0,0.0,0.14539229671897289,0.0,0.16378304821150846,0.0,1.6164477182409742,-0.5806451612903226,-0.3007617635118165,0.1669732529661025,-0.07120534494788679,-0.33802177507235187,-0.18272058911878922,-0.39705086478221696
Blaber,jng,LCS,1,83,0.578,12,0.167,20,56.1,55.7,48.5,57.1,63.5,Cloud9,84.07228915662651,158.18072289156626,2.8313253012048194,427.3337975903614,0.15572096987951808,0.2289156626506024,1.8041240963855423,0.3801180722891566,0.72164072217627,0.21800102983224745,0.0,1109.2686722891565,0.0,0.16666666666666666,0.23041990020536027,-0.5655678246151367,-0.19960518037134148,8.335121842164094,2.195285199793807,-0.3614457831325301,-0.35927823861879116,0.05899829936383875,0.0387440384668992,-0.34869572428657336,0.10842958313246809,0.4613188156685678
Lostboy,sup,LPLOL,3,21,0.476,5,0.0,9,56.7,55.1,51.3,50.3,52.5,Crusaders,127.33333333333333,164.33333333333334,1.7619047619047619,244.37222380952383,0.07746560952380951,0.0,3.073004761904762,0.3724952380952381,0.6993146669836476,0.149980362249953,0.0,448.93140476190473,0.0,0.0,0.23194989561586637,-0.08817064235121704,-0.3405121524243781,1.0,1.9639610121239315,-0.5238095238095238,-0.374228970166247,0.08819736159470193,0.005311150313810446,-0.197831774759494,-0.2516685106682498,-0.13145036870951748
Hayes,sup,LAS,3,67,0.418,19,0.053,13,52.1,59.7,55.2,55.6,52.3,Gen.G Scholars,-118.80597014925372,-57.32835820895522,0.26865671641791045,258.3034626865671,0.0834968671641791,0.0,3.872110447761194,0.44082089552238807,0.6766654656570324,0.17429072244438779,0.0,443.44564029850744,0.0,0.05263157894736842,0.2846982050905839,0.8068996753982033,0.07043110636312722,3.1950202841382693,1.5882027766319677,-0.417910447761194,-0.25308089863183925,-0.1522436880231474,0.24998977656046306,0.008764620287137648,0.03387621581475317,-0.14350399043002415
Luncafoer,jng,ROL,3,78,0.551,23,0.261,18,63.0,48.8,67.6,53.8,52.2,The Bandits,82.5,273.2307692307692,6.769230769230769,586.5739782051281,0.18617547564102563,0.5128205128205128,1.092723076923077,0.23505897435897433,0.6341527784281771,0.19581092453098672,0.0,1232.3010551282052,0.0,0.2608695652173913,0.5342120597424602,0.14093654704821112,-0.014758098543894123,3.078141280058505,2.038098661460272,-0.47435897435897434,-0.4851775543469462,0.4366442143870377,-0.33042224040542195,0.7214232582691744,-0.061239719432709325,-0.1466967143326033
M0NK,bot,EBL,3,24,0.417,7,0.143,15,59.9,51.9,54.8,51.8,62.7,Dynasty|SPIKE Syndicate,22.583333333333332,100.83333333333333,3.4583333333333335,988.4637666666666,0.2887505833333333,1.2083333333333333,0.945125,0.18442916666666667,0.5719538440041596,0.2135056000906749,0.0,350.9252208333333,0.0,0.14285714285714285,0.2864115189884411,0.0,0.06697281587694094,0.0,3.061862178478973,-0.3333333333333333,-0.39466883784154544,0.25931319625621685,-0.1643489773620411,-0.00821691979771506,-0.16904427910457953,0.4192215205649472
Sero,top,LCKC,2,120,0.583,28,0.214,22,57.6,54.1,55.9,50.8,55.9,KT Rolster|KT Rolster Challengers,85.0,114.64166666666667,3.6666666666666665,658.0369599999999,0.2177920625,0.35833333333333334,1.2662200000000001,0.14676166666666665,0.4679739224439488,0.20799566780354564,0.0,1364.5652166666666,0.0,0.21428571428571427,0.3208161416512251,-0.3827637288302891,-0.16020137155730288,3.653729486524518,2.008316044185609,-0.4166666666666667,-0.3306632187842599,0.13742695287279538,-0.045661360376191736,0.04610904946626981,-0.22045323671141137,0.04698344835606459
Nero,jng,CD,2,39,0.462,7,0.286,12,54.2,57.5,62.3,51.3,50.0,7REX|RMD Gaming,22.153846153846153,-19.53846153846154,0.9230769230769231,513.8736564102564,0.17334033333333332,0.10256410256410256,1.6614641025641026,0.35475897435897435,0.703287685143484,0.20714942462363872,0.0,1132.8740128205127,0.0,0.2857142857142857,0.4072068524170523,-0.13500678426051552,-0.06875000000000012,2.785416666666667,1.9215378456610455,-0.48717948717948717,-0.6053029949376849,-0.04351339632468989,0.13102877355931697,0.393696533194725,-0.19525635614693368,-0.2640897099505041
Jackal,jng,LCKC,2,98,0.378,30,0.167,16,50.3,61.4,57.2,59.5,47.5,Hanwha Life Esports|Hanwha Life Esports Challengers,69.95918367346938,36.724489795918366,0.46938775510204084,430.3858112244898,0.15988931020408162,0.25510204081632654,1.6782418367346938,0.3330755102040816,0.7624114815226382,0.2117843387005228,0.0,1045.5983153061225,0.0,0.16666666666666666,0.4286045364891519,-0.6733496887633151,-0.2505132799860707,10.622884012539185,1.616244071283537,-0.5102040816326531,-0.40615956846945916,-0.2519310427404728,0.3415197561518374,0.11714426429517358,0.23921430486664969,-0.4063076794115287
Quad,mid,LCS,1,74,0.486,12,0.083,16,54.3,57.4,54.1,58.2,54.6,FlyQuest,-43.41891891891892,-31.62162162162162,-2.2027027027027026,691.445041891892,0.2551838108108108,0.22972972972972974,1.2976743243243243,0.19682162162162162,0.6908443696843422,0.15585770534749904,0.0,446.0694243243243,0.0,0.08333333333333333,0.3496466260044535,0.2533867593428828,-0.043987229514012204,5.966269841269841,1.8599622199011085,-0.3108108108108108,-0.3747680409031865,-0.0365599445572595,0.12735681931861137,-0.04791770006905893,0.16659837114431217,-0.02163015366127098
Jackies,mid,LEC,1,86,0.488,26,0.192,20,57.6,54.0,49.5,61.3,55.2,GiantX,-28.697674418604652,-33.55813953488372,-3.0813953488372094,686.912126744186,0.26605998837209305,0.46511627906976744,1.3394337209302325,0.26741279069767443,0.6266003528508474,0.1822399897723895,0.0,456.5550081395349,0.0,0.19230769230769232,0.4235368300343069,-0.8380846823914258,-0.05989131628060147,8.0,2.156655464068768,-0.38372093023255816,-0.35300266866020946,0.13752207790613233,-0.05024848084763649,-0.29489862509174913,0.33563895744348604,0.008740137835553318
Jun,sup,LEC,1,86,0.488,26,0.192,19,51.9,59.7,54.2,48.2,51.6,GiantX,-62.2906976744186,59.325581395348834,-0.16279069767441862,200.74880348837206,0.08046251162790698,0.011627906976744186,4.554541860465116,0.5030418604651163,0.7478706589168223,0.21943201251592784,0.0,422.00756279069765,0.0,0.19230769230769232,0.4449145910979985,-0.5465399857738035,-0.17138368412540728,2.214285714285714,2.0488226908653298,-0.4186046511627907,-0.3990640891696938,-0.16581749535360069,0.25145351962136964,-0.04036220545416194,-0.36684489700304357,-0.1774357401658893
3XA,bot,LFL,2,46,0.674,6,0.167,13,56.2,55.4,59.4,52.0,53.0,French Flair|Joblife,35.17391304347826,220.7608695652174,6.217391304347826,808.3155891304348,0.2580136304347826,0.6956521739130435,1.3166521739130435,0.2808326086956522,0.5699122480038102,0.16265430225768532,0.0,322.90401739130436,0.0,0.16666666666666666,0.49471815926781293,0.06191568177809123,-0.08552114447413926,5.1043650793650786,1.9167454300136628,-0.5217391304347826,-0.21891432462226382,0.06106016725755804,0.02115731606043163,0.23158420395226229,-0.15963838712103612,-0.1048693013131744
SuperCleber,top,CD,2,47,0.574,2,0.0,16,57.3,54.3,42.0,50.1,55.9,Estral Esports|Vivo Keyd Stars Academy,258.3191489361702,78.91489361702128,4.872340425531915,638.0146127659574,0.2130962404255319,0.3829787234042553,1.3635425531914893,0.14557872340425532,0.443884336480902,0.18365233827912433,0.0,966.5043723404254,0.0,0.0,0.10145689960598218,-0.8965218043340868,-0.5555055775458798,4.6,2.333839863966313,-0.40425531914893614,-0.5207312490561504,0.12074604756085486,-0.03858401905477362,-0.7512102375699287,-0.2591269984622539,0.04884552264361508
Xiaoxu,top,LPL,1,158,0.506,21,0.048,23,53.2,58.3,47.8,54.5,53.3,JD Gaming,-33.203125,-37.6484375,-1.2890625,586.9772683544304,0.21951450632911393,0.26582278481012656,1.4987177215189873,0.1427272151898734,0.5263114222464511,0.20040125118930424,0.2413793103448276,1166.2440744186044,0.0,0.047619047619047616,0.2952985586822237,0.04993764330420772,-0.05723567549595479,4.408707722419306,1.829781753604179,-0.4050632911392405,-0.27494188413655546,-0.09378996956482086,0.17424914957817164,-0.38873927948104137,-0.028460075007600144,-0.08903418395568762
Enga,mid,CBLOL,15,55,0.255,18,0.0,15,52.3,59.2,58.7,43.4,48.2,Leviatan,-31.745454545454546,15.6,-0.7636363636363637,625.882990909091,0.25868705454545454,0.34545454545454546,1.1787890909090908,0.1706618181818182,0.7078324124639486,0.17282030569093174,0.0,464.6272854545455,0.0,0.0,0.24506396695879926,2.119058397464916,-0.4539316678246685,1.40101201771031,2.0225995873897262,-0.38181818181818183,-0.6615976572039556,-0.14446525991224593,0.22300563204278095,0.19378044155832203,-0.6561971461816652,-0.36630402904466486
Abbedagge,mid,PRM,3,62,0.403,15,0.067,17,49.3,62.2,51.7,55.1,56.4,Kaufland Hangry Knights,-183.1290322580645,-16.403225806451612,-1.967741935483871,705.6741419354838,0.25088424193548386,0.20967741935483872,1.3654870967741937,0.22281451612903228,0.6248682616384652,0.1959940724137112,0.0,488.33809516129037,0.0,0.06666666666666667,0.308577831454643,-0.05620122288453266,0.16338164404414546,1.4519393751933187,2.1590021590032387,-0.43548387096774194,-0.29913494258225515,-0.3065895615641766,0.3914453746057495,-0.17669659817886685,0.004970980971151409,0.0758069023975596
Sunfry,sup,NL,3,49,0.612,7,0.0,17,56.8,54.7,50.1,49.7,52.9,Project Conquerors,209.55102040816325,221.18367346938774,1.9591836734693877,212.32855714285714,0.07161340204081633,0.0,3.6045367346938773,0.3536020408163265,0.7580343464506555,0.27528872851259134,0.0,626.9794653061225,0.0,0.0,0.3984386329578962,-0.49980478340539175,-0.20940009505899865,1.5773464458247068,2.4285714285714284,-0.5714285714285714,-0.4354047161899917,0.09234141899814007,-0.01602226780820246,-0.26334379579646583,-0.2803957056059707,-0.11027019229702512
Gryffinn,jng,LCS,1,74,0.486,12,0.083,23,61.7,49.8,53.3,57.9,70.1,FlyQuest,147.32432432432432,90.58108108108108,0.25675675675675674,466.875577027027,0.1675303283783784,0.43243243243243246,1.592504054054054,0.31299594594594593,0.7180412536432398,0.22976406638447072,0.0,1313.361762162162,0.0,0.08333333333333333,0.36932539525337527,-0.09354028709835119,0.03725184268574825,5.088439955106622,2.6736956911078433,-0.2972972972972973,-0.3973903286736205,0.358804007577988,-0.27452300035056615,-0.08963398460480625,0.15322445590186096,0.8986136646323439
Midir,top,LAS,3,52,0.75,7,0.0,12,57.1,54.4,48.5,51.9,52.9,T1 Esports Academy Rookies,197.6153846153846,199.8846153846154,-3.2115384615384617,724.4355153846154,0.22380587884615383,0.36538461538461536,0.9009846153846154,0.11750384615384615,0.4846251640053501,0.18978727934457335,0.0,1257.3043384615385,0.0,0.0,0.17069578648658357,0.287796837170968,-0.0895648104819841,2.6550694939281896,1.6641005886756874,-0.4423076923076923,-0.2746723046404688,0.10956944487243711,-0.03282803185013258,-0.3500962128742416,-0.16568242718827128,-0.1092872393731068
Lancer,top,LCKC,2,105,0.552,25,0.32,22,54.2,57.2,66.2,48.6,55.2,DN SOOPers Challengers,-88.0,-189.16190476190476,-1.4095238095238096,670.2027495238095,0.22700873333333332,0.4,1.3485885714285715,0.18156666666666665,0.4833570467437971,0.22658953984206676,0.0,1300.5123285714285,0.0,0.32,0.45673472614237154,-0.10275096610259221,-0.1919129465660825,2.1464097496706196,2.146980160486773,-0.3523809523809524,-0.6103730746195016,-0.04287396941433789,0.11388298077628595,0.6301014717552991,-0.3438301301077223,0.010242510813274638
Cuzz,jng,LCK,1,108,0.463,30,0.167,19,50.6,60.8,53.9,56.8,56.7,KT Rolster,-20.453703703703702,-161.35185185185185,-3.009259259259259,434.0868351851852,0.16698977129629627,0.23148148148148148,1.978260185185185,0.46466944444444447,0.7233247513045163,0.22551826208904127,0.0,945.2189851851851,0.0,0.16666666666666666,0.3839072143971423,-0.3838300844237208,0.04031431499829178,4.1813596491228076,1.828275852433815,-0.37037037037037035,-0.39765150852334563,-0.23563235968970128,0.3080658394204501,-0.056682105070817904,0.09446278587402779,0.08886571468042596
RAMES,jng,TCL,15,79,0.57,12,0.167,15,58.4,53.0,56.3,58.8,44.1,SU Esports|Team Phantasma,75.54430379746836,280.9493670886076,4.227848101265823,522.359364556962,0.1780836240506329,0.31645569620253167,1.3113253164556962,0.23532151898734177,0.7198918458508625,0.1894669584055259,0.0,1084.2324253164556,0.0,0.16666666666666666,0.30306836166845347,-0.18482137761798795,-0.07988249104463152,5.481127525508042,1.6876318513890358,-0.5063291139240507,-0.4744012892490881,0.1825036954503652,-0.10524818919245046,0.07047745152932594,0.201642219038832,-0.6086147805534948
Leave,bot,LPL,1,78,0.346,14,0.0,20,56.3,55.1,50.6,41.8,62.2,EDward Gaming,86.52380952380952,5.111111111111111,0.25396825396825395,758.2083525641026,0.2970987820512821,0.4230769230769231,1.227876923076923,0.3444448717948718,0.6718776334354675,0.19613520239419516,1.9411764705882353,334.8217078125,0.0,0.0,0.33928945713686853,0.4369113795170338,-0.4825323137467451,2.137280701754386,2.264554068289191,-0.358974358974359,-0.3905812148991529,0.0686429775685565,0.0041398252487461484,-0.23315184428676083,-0.7649808215142464,0.39136098997040764
Duduhh,bot,CBLOL,15,91,0.615,7,0.0,25,60.2,51.2,46.5,59.5,64.9,LØS,307.3296703296703,179.1098901098901,3.758241758241758,765.4413923076924,0.26672599999999996,1.043956043956044,1.1172758241758243,0.2461736263736264,0.630462493790185,0.2159038369451859,0.0,373.7532945054945,0.0,0.0,0.14647539199370843,0.08723948354000934,0.06390397042221505,6.014193548387096,2.620712091804796,-0.37362637362637363,-0.3296543985517755,0.2746097938448457,-0.20076750805514132,-0.46132489971149815,0.23837435296209858,0.5449147324175025
HRK,jng,LJL,15,62,0.532,11,0.091,20,49.5,61.9,57.8,56.4,57.9,New Meta|VelbeliKaizokudan,-177.09677419354838,-10.64516129032258,0.8225806451612904,453.23904032258065,0.1556970806451613,0.1774193548387097,1.9467112903225807,0.41748225806451617,0.7063557416281239,0.1908764786830981,0.0,1076.637758064516,0.0,0.09090909090909091,0.20714808968128684,0.6359886962499046,-0.15224228149298066,5.130992588422929,2.54000254000381,-0.5,-0.4775299170129214,-0.29261007736946665,0.3735816058428391,0.14668868083070202,0.07140102759234546,0.15183830795629882
Enoch,sup,AL,3,70,0.586,19,0.105,16,54.0,57.4,60.2,69.8,53.8,Croatian Flair|GnG Amazigh|The Secret Club,-49.957142857142856,-142.85714285714286,0.35714285714285715,251.5339514285714,0.08399928857142856,0.05714285714285714,3.8252499999999996,0.39068714285714284,0.6994788744363278,0.21361368340961195,0.0,522.6532885714286,0.0,0.10526315789473684,0.30256542323712415,1.358747009965761,0.9804796398864414,4.545454545454545,1.9123657749350298,-0.42857142857142855,-0.338248328496838,-0.0503117180999563,0.12432273666272911,0.27497010427120216,0.8752217473519015,-0.06406421965089347
Tochas,sup,LPLOL,3,44,0.477,12,0.083,16,55.7,55.6,53.0,51.3,56.2,ALMO Players|Dream Esports|Vantex Esports,29.295454545454547,-73.20454545454545,0.9090909090909091,265.3842409090909,0.08539565681818183,0.0,3.740659090909091,0.4328772727272728,0.6676346109638601,0.22869077188101414,0.0,645.3664681818182,0.0,0.08333333333333333,0.18954007808496973,0.37587973984173945,-0.1518691006898614,2.0770292509422945,2.412090756622109,-0.4772727272727273,-0.39674133187941335,0.03585708167485134,0.03333074752091196,-0.10740394471218348,-0.19383339671579294,0.06545489589481979
Pilot,mid,CD,2,42,0.429,9,0.0,14,53.6,57.7,59.5,61.8,53.7,Ei Nerd Esports|Nerd's Gangster's Carecas,69.52380952380952,-38.54761904761905,-0.2857142857142857,689.9458523809524,0.2682988571428571,0.5,1.1463357142857142,0.17249761904761907,0.6818945454249187,0.1456480911031261,0.0,390.5361761904762,0.0,0.0,0.33742478941034904,1.5106844421764367,0.10755003800354704,8.915485126494302,2.1602468994692865,-0.42857142857142855,-0.42057584015155874,-0.07499925448400972,0.140051329794869,0.23909907161580463,0.3661276413044153,-0.06711836175860374
Joekie,jng,ROL,3,22,0.318,9,0.222,10,51.3,60.0,60.8,60.6,53.3,mCon esports,-159.0,5.2727272727272725,5.681818181818182,468.8645636363636,0.1407568318181818,0.18181818181818182,1.7108227272727274,0.3926636363636364,0.6788527304639087,0.20661367326361085,0.0,1244.7716045454547,0.0,0.2222222222222222,0.5500625819348791,0.0,0.6338085539714868,2.8095238095238098,2.1320071635561044,-0.5909090909090909,-0.3754270873023459,-0.19546757924232214,0.2646576240206255,0.31077681342827546,0.2987938830340944,-0.09128055903985201
Duro,sup,LCK,1,124,0.726,10,0.5,21,52.9,58.4,69.2,44.7,55.2,Gen.G,15.048387096774194,-181.0,-5.806451612903226,232.57537419354838,0.07868227580645161,0.04032258064516129,4.382204032258064,0.49778064516129034,0.750859046331517,0.2188001991834971,0.0,403.0111741935484,0.0,0.5,0.5481619607256807,-0.50564613178154,-0.30100514921755683,2.4199118165784834,1.8858556712811365,-0.3467741935483871,-0.34014760497747143,-0.111501124103414,0.1823700532475827,0.8308369434210834,-0.5698230748917666,0.009589730778847897
Relative,mid,PRM,3,83,0.518,19,0.158,18,48.8,62.5,58.9,57.7,55.6,E WIE EINFACH E-SPORTS,-67.51807228915662,-69.3132530120482,-0.891566265060241,672.8928325301205,0.23126119277108434,0.4819277108433735,1.235224096385542,0.20539156626506022,0.6009963735112506,0.16295516264080687,0.0,559.3104036144579,0.0,0.15789473684210525,0.3643474457725937,0.4560862865947613,0.2098150782361309,2.259469696969697,1.9757566798144262,-0.40963855421686746,-0.30278638498769694,-0.332138355786729,0.4083355957807927,0.2053838117080785,0.14105600234241314,0.033475886689224695
Toffe,mid,LFL,2,66,0.561,17,0.353,16,56.8,54.5,67.0,54.5,47.8,TLN Pirates,62.45454545454545,94.24242424242425,4.924242424242424,754.682203030303,0.2652410606060606,0.3787878787878788,1.278269696969697,0.297019696969697,0.6074243457545325,0.22028889728027243,0.0,392.5026606060606,0.0,0.35294117647058826,0.4907260087526965,-0.44554296910718827,0.011595762640330904,3.871543478650397,1.9694638556693236,-0.3939393939393939,-0.6166991227290162,0.0939293946981549,-0.028701066256719476,0.6782741129152113,-0.027197671263795586,-0.38780881197491773
Bobsik,top,HM,3,61,0.475,19,0.053,19,60.0,51.3,51.9,49.0,55.0,Falke Esports|eSuba,294.26229508196724,429.4754098360656,4.508196721311475,729.5799295081966,0.21368713114754098,0.39344262295081966,0.9870901639344262,0.11648032786885246,0.4062125224798738,0.2022472675685351,0.0,1401.5789327868852,0.0,0.05263157894736842,0.3357321409395172,-0.03599669725936029,-0.3350847301235971,3.507042253521127,2.4327007187250236,-0.4262295081967213,-0.559178584186699,0.2645648197534302,-0.19834703256396471,-0.16463437150011578,-0.32190176942336945,-0.0014437666004498556
Skodix,bot,HC,3,26,0.308,7,0.0,10,59.5,51.8,50.4,49.9,51.0,Diversion Gaming,119.84615384615384,199.96153846153845,8.0,895.6605653846153,0.29578069230769233,0.8846153846153846,0.76405,0.1475076923076923,0.6283967778237893,0.20358360702063358,0.0,356.30422307692305,0.0,0.0,0.19506117465301137,0.0,-0.13527077497665732,0.0,1.9611613513818404,-0.5769230769230769,-0.400106390049298,0.24066061194362343,-0.1679591940589664,-0.24396587299692424,-0.27101822267836617,-0.20951133369223762
Elramir,jng,TCL,15,32,0.531,8,0.0,12,56.2,55.0,52.9,51.5,50.2,Bushido Wildcats|Dream Esports|Pyramid IV Esports,15.4375,28.5,2.3125,545.758109375,0.171123121875,0.375,1.777415625,0.318765625,0.6430340413744069,0.1976637783572956,0.0,1139.7924,0.0,0.0,0.2053685099670645,0.33324691598072875,-0.4007046846590805,4.516207138951809,2.1213203435596424,-0.5,-0.6213011307776405,0.06071276596825634,-0.0024561834308681647,-0.10987824428222512,-0.1838228634564631,-0.2574776485157232
Notiko,bot,PRM,3,38,0.368,12,0.083,13,51.6,59.6,57.4,53.8,52.9,Eintracht Frankfurt,-317.2631578947368,-50.44736842105263,-7.105263157894737,823.8244921052632,0.2653551052631579,0.7105263157894737,1.1456763157894736,0.26780789473684213,0.6358906287842321,0.18772704358375467,0.0,375.39608157894736,0.0,0.08333333333333333,0.285501066098081,1.1891435011269722,-0.17301514456172565,4.169491525423728,2.108878474699913,-0.47368421052631576,-0.46277787937874015,-0.177694360142443,0.24557110866441764,0.12874532620811036,-0.061240129001827764,-0.11292900277200224
DVLK,jng,HM,3,36,0.417,14,0.071,17,57.7,53.5,50.2,58.4,61.1,EXILE esports|eSuba,-285.75,-350.3333333333333,-5.666666666666667,671.3070833333334,0.1968118888888889,0.6944444444444444,1.2703305555555557,0.22215555555555555,0.6756122582504105,0.1970147240144681,0.0,1136.7038583333333,0.0,0.07142857142857142,0.19788768579741173,-0.42177630256281073,0.2170155776170705,4.0,2.8333333333333335,-0.3888888888888889,-0.4509371365359622,0.1439172107702183,-0.08067371827571562,-0.25527823335495425,0.17970522430592623,0.32544424499249563
Yukino,jng,LFL,2,82,0.537,13,0.077,11,58.8,52.4,55.1,67.1,42.2,Karmine Corp Blue,183.9878048780488,302.9878048780488,6.2073170731707314,493.25852926829265,0.1633612707317073,0.25609756097560976,1.560909756097561,0.29833536585365855,0.6811682029797775,0.22567532231859,0.0,1099.5284097560975,0.0,0.07692307692307693,0.36958656547983026,-0.06480057941744337,0.3182407031091242,8.404867006225242,1.214746786823312,-0.5487804878048781,-0.3767967503566849,0.1987572290190269,-0.13901546451647323,0.003776590305041747,0.6888257619250407,-0.7330326950383895
Joexy,sup,TCL,15,27,0.259,7,0.143,15,57.9,53.3,61.9,53.8,58.3,Dark Passage|PCIFIC Esports,88.03703703703704,-7.444444444444445,0.6666666666666666,248.91668148148148,0.09120107777777778,0.037037037037037035,3.858759259259259,0.4662518518518518,0.6581385857778363,0.21328642876814433,0.0,540.7081555555555,0.0,0.14285714285714285,0.8873428170530181,-0.6939396818268184,-0.23307275346065476,4.222222222222222,2.8867513459481287,-0.37037037037037035,-0.6915536258686196,0.15269664474845165,-0.09118209385768233,0.37356437156226047,-0.06581781063156841,0.17688073953162214
Lurox,jng,LES,3,64,0.578,6,0.167,16,50.4,60.8,57.6,61.7,56.1,Kaufland Hangry Knights|Team Heretics Academy,17.15625,122.703125,1.328125,454.0655578125,0.1530226078125,0.203125,1.630278125,0.3064546875,0.6856874081773704,0.19139779229185505,0.0,1097.493028125,0.0,0.16666666666666666,0.2166836481437939,0.34054357391559437,0.3572461149259126,3.884040984814979,2.0,-0.34375,-0.49627775568540133,-0.2453733231695709,0.3115979829453035,0.13732369969276903,0.36047600556802367,0.057362718927528
MrJackson,jng,HW,3,33,0.667,8,0.125,15,58.4,52.8,60.8,52.9,62.2,Nightbirds|The ParadOx Invaders,115.57575757575758,139.15151515151516,3.8181818181818183,552.0811636363636,0.17079766969696972,0.5757575757575758,1.4359000000000002,0.28136363636363637,0.6797200713974899,0.2571088270387794,0.0,1065.5247909090908,0.0,0.125,0.4790259288694616,0.5793184488836661,-0.11948891063978365,3.090909090909091,2.6111648393354674,-0.42424242424242425,-0.21623092266627206,0.1794436075243434,-0.11455017627327028,0.31032367017690843,-0.11141823564740751,0.38696965254913496
Lotuss,jng,EBL,3,52,0.462,21,0.095,16,56.4,54.8,54.2,45.1,56.5,Lupus Esports|Myth Esports,-20.846153846153847,-323.09615384615387,-2.6346153846153846,601.2474865384615,0.19129939423076922,0.40384615384615385,1.1344076923076922,0.22602884615384616,0.7195014038737008,0.17588112383871424,0.0,908.5217846153846,0.0,0.09523809523809523,0.28457739402300186,0.0,-0.32051618756565753,0.0,2.2188007849009166,-0.40384615384615385,-0.4713415671031335,0.07471694413216964,-0.010829767012550083,-0.04460945693211416,-0.5444958274989334,0.07992117354260846
ShowMaker,mid,LCK,1,146,0.555,19,0.211,23,60.0,51.1,58.1,58.4,57.3,Dplus Kia,168.1095890410959,53.013698630136986,0.9726027397260274,674.0493575342466,0.24415814383561646,0.4178082191780822,1.336467808219178,0.21545205479452054,0.6279761940267833,0.18111555415092456,0.0,423.8299678082192,0.0,0.21052631578947367,0.49754992009150445,-0.1586656611231746,0.18883380889140192,2.426433209647495,1.9034935437854463,-0.3082191780821918,-0.3234151107047884,0.26752018804136846,-0.20439055206199275,0.16313144882530137,0.17853529494804884,0.12387277485400572
GIDEON,jng,LCK,1,110,0.4,20,0.05,15,55.5,55.6,41.7,64.5,49.2,HANJIN BRION,98.91818181818182,7.236363636363636,-0.33636363636363636,419.8123872727273,0.15615701454545455,0.4,1.7597927272727274,0.36711818181818184,0.7286257836882428,0.19389707581072502,0.0,917.6404227272727,0.0,0.05,0.20960092243377104,-0.7144095322683761,0.01677946622398162,9.127825877825877,1.4301938838683885,-0.45454545454545453,-0.3042725407183492,0.02382602520244398,0.030007834729010897,-0.7702337257754021,0.5202991674633625,-0.31252865829963794
Kasing,sup,NLC,2,42,0.476,10,0.1,14,56.8,54.3,53.7,51.0,59.5,Bulldog Esports,64.11904761904762,-15.071428571428571,1.3571428571428572,244.3243380952381,0.07934034523809524,0.023809523809523808,3.8125952380952377,0.44303095238095236,0.6994963268573513,0.18854552345826964,0.0,519.883530952381,0.0,0.1,0.32793807021161575,0.0,-0.2554897084501825,2.5357142857142856,2.1602468994692865,-0.35714285714285715,-0.336591101414427,0.09551963532340454,-0.03438404521336482,-0.06779457089879293,-0.21090105044193622,0.23881031730726718
Dzeffry,top,HM,3,55,0.455,17,0.059,23,61.0,50.1,50.4,53.6,63.6,EXILE esports|Meavedron,83.10909090909091,-392.1818181818182,8.618181818181819,850.5687072727272,0.2617920545454545,0.5272727272727272,0.9406800000000001,0.08363272727272728,0.4859729502518292,0.24496298242710773,0.0,1225.3718472727273,0.0,0.058823529411764705,0.2017613391105316,0.15742635144140493,-0.22211495519515673,5.722330835234061,3.1013193673309134,-0.4,-0.47990047430653626,0.32309341013375187,-0.25964727867550635,-0.24661484295797545,-0.07366052329197964,0.46841283217469015
Trigger,bot,CBLOL,15,25,0.32,6,0.0,10,55.0,56.1,49.3,54.5,48.6,paiN Gaming,-209.48,-77.76,-1.2,812.6083439999999,0.2991792,0.84,1.387156,0.407532,0.5833107537341458,0.20034215532501978,0.0,428.5136,0.0,0.0,0.20114328705103143,-0.41298650878384935,-0.42460308070889424,9.666666666666666,2.0,-0.48,-0.729790103850206,0.002436726952862348,0.058065294919175066,-0.3027966709926858,-0.024922909591740566,-0.3456276351052447
MélyaP,mid,NL,3,26,0.423,7,0.286,10,56.9,54.2,58.3,52.5,48.3,Lille Esport|Team Phoenix,259.1923076923077,310.8076923076923,7.653846153846154,665.0686538461539,0.24905603846153848,0.5769230769230769,1.0394307692307694,0.14598846153846154,0.6280315362180092,0.21766315092083782,0.0,502.6524846153846,0.0,0.2857142857142857,0.31074331603173044,0.0,0.08024860616031435,0.0,1.9611613513818404,-0.5769230769230769,-0.5162764729737869,0.09957587213484272,-0.042188738425566155,0.17715133785893497,-0.13422611396665118,-0.3594751973651361
Kaseko,sup,RL,3,32,0.594,2,0.0,13,56.5,54.6,53.6,51.0,55.1,Forsaken|LODIS,137.8125,-63.5,-2.03125,277.564184375,0.085354771875,0.0,3.6379031250000002,0.398871875,0.7639793072495287,0.29460679124636463,0.0,534.4616,0.0,0.0,0.5562440284176372,-0.36685394860679343,-0.14288860279170626,1.16493993993994,2.2980970388562794,-0.46875,-0.4131535221326671,0.0791148174926004,-0.022305101353610295,-0.07549588070847527,-0.21158843247640252,0.007107049239361564
Typhoon,jng,TCL,15,21,0.524,4,0.0,13,57.7,53.4,48.7,54.1,61.4,Dark Passage,149.8095238095238,24.142857142857142,2.5714285714285716,535.3674523809524,0.19208671428571428,0.5714285714285714,1.3591285714285715,0.27984761904761907,0.6953938875134528,0.19046861992268987,0.0,899.417038095238,0.0,0.0,0.13374741200828158,-0.5569327731092437,-0.5137642172362896,7.574999999999999,2.836832573067901,-0.38095238095238093,-0.5006971220832659,0.1441251719608301,-0.0849636928960165,-0.3357556062899086,-0.045221257802396775,0.34279498428786115
MihawK,jng,LCKC,2,124,0.556,15,0.0,18,53.9,57.1,42.8,52.7,61.8,Nongshim Esports Academy,79.70967741935483,21.153225806451612,-0.25,476.6744,0.16319455483870968,0.3548387096774194,1.7979790322580644,0.37946048387096776,0.6765504416801965,0.21565370658872215,0.0,984.9805451612904,0.0,0.0,0.15823558675078656,-0.21954287605577158,-0.1492751769875353,5.653106990584819,1.6164477182409742,-0.3790322580645161,-0.1385731566420594,-0.05845850329252816,0.10901195408537026,-0.6922046187663937,-0.12055843163996857,0.36759505128208725
Namgung,sup,LCK,1,110,0.4,20,0.05,23,62.2,48.8,45.0,65.8,64.6,HANJIN BRION,-37.554545454545455,-28.536363636363635,-0.5545454545454546,260.9830609090909,0.0985416490909091,0.01818181818181818,4.278478181818182,0.5132445454545455,0.6699102248709897,0.2348182936665603,0.0,437.27611,0.0,0.05,0.2854428358941213,-0.535402803016062,-0.014444871674739191,9.163117140128634,2.1929639552648625,-0.33636363636363636,-0.20966032718392688,0.39028123948831,-0.3345463315197089,-0.5543565694258166,0.6048128087218523,0.528029021003649
Exofeng,bot,LFL,2,42,0.429,10,0.1,16,54.1,56.9,52.5,61.6,55.5,Kaufland Hangry Knights|Skillcamp,54.404761904761905,-197.88095238095238,-5.428571428571429,824.4346571428571,0.28111728571428574,1.0952380952380953,1.1132952380952381,0.22303333333333333,0.6767661968407813,0.16177047897967348,0.0,340.44798095238093,0.0,0.1,0.28541710006240906,0.0,0.6462560966364258,0.0,2.4688535993934706,-0.42857142857142855,-0.476119821706912,-0.04994394818520535,0.1015386751852349,-0.13449608023538082,0.3534516777261437,0.02623911256488955
Callme,mid,LCS,1,53,0.302,13,0.0,16,53.0,58.0,44.5,45.3,57.0,Disguised,31.830188679245282,39.79245283018868,2.2452830188679247,619.6105113207548,0.23985832075471697,0.2641509433962264,1.3342339622641508,0.32852264150943394,0.6603546994981068,0.2149708358278419,0.0,628.6901641509434,0.0,0.0,0.3002664174801678,-0.6592342913391698,-0.39705054598671624,1.6262626262626263,2.1977690231790246,-0.39622641509433965,-0.2793749799248852,-0.1036665024434388,0.15811695107325982,-0.5861482816599812,-0.53309174606816,0.10686777676595789
Guli,jng,RL,3,64,0.609,10,0.1,17,51.6,59.4,48.8,57.7,57.4,Barcząca Esports by Yumisu|Bomba Team,8.421875,202.5625,6.421875,455.9756390625,0.1464424421875,0.234375,1.427459375,0.3103453125,0.6734815340242334,0.1679415955538845,0.0,1060.0225,0.0,0.1,0.19440923758796316,-0.6077865064695009,0.062142083268843795,4.649554864958843,2.125,-0.40625,-0.3956592060043164,-0.18171282406827524,0.23548620054291466,-0.33449787133233855,0.14396984776862223,0.12695608851205845
lobellan,top,LIT,3,39,0.564,8,0.25,16,57.4,53.5,58.2,55.3,59.0,Colossal Gaming|EKO Esports|TITANS,62.97435897435897,-53.64102564102564,1.564102564102564,754.7063974358974,0.24939202564102564,0.38461538461538464,0.9216487179487179,0.14395384615384615,0.45504747147827873,0.2213504778583116,0.0,1479.8604307692308,0.0,0.25,0.2813146018835038,0.20837752958549127,-0.19205876525367424,6.777133402995473,2.562050460881394,-0.358974358974359,-0.5025134110889672,0.1272293607598044,-0.08062023671184194,0.17131334656162375,0.016086115059746386,0.211268737809659
Sharon,mid,LIT,3,33,0.485,9,0.111,14,55.6,55.3,51.8,66.5,54.6,Colossal Gaming|Deacoy,314.3636363636364,294.90909090909093,10.06060606060606,667.7017,0.2374918484848485,0.24242424242424243,1.0100454545454545,0.16805151515151515,0.5740248018461266,0.15673915658241677,0.0,422.98626969696966,0.0,0.1111111111111111,0.22191286414024233,-0.34532150085629765,0.5463284319892254,6.8809523809523805,2.4370871833797696,-0.42424242424242425,-0.5402240720558896,0.03381481472195902,0.013914167912186737,-0.16912821244854614,0.646843988161254,-0.02194871444149099
Garden,mid,LCKC,2,107,0.579,26,0.231,20,54.9,56.0,70.1,53.5,56.4,Dplus Kia|Dplus Kia Challengers,-107.33644859813084,-39.32710280373832,0.9719626168224299,746.8291102803738,0.2595717663551402,0.7476635514018691,1.260882242990654,0.22065700934579438,0.6584470969166835,0.2223238632962473,0.0,501.4379252336449,0.0,0.23076923076923078,0.47995199260634797,0.681705948372615,0.005729781763189059,3.3960842892967,1.9334729780913271,-0.38317757009345793,-0.30647503107018614,-0.0056035050593541,0.0507065649292386,0.9005287417637919,-0.08107470319071483,0.07398036863290426
Tomio,jng,NACL,2,44,0.591,7,0.143,17,49.1,61.8,59.5,51.9,62.7,Conviction,58.56818181818182,92.63636363636364,1.4318181818181819,414.2231068181818,0.14576063863636365,0.11363636363636363,1.7194954545454544,0.36902727272727276,0.7152490205871993,0.15923539051678356,0.0,1094.8055181818181,0.0,0.14285714285714285,0.44039564994035657,0.0,0.19432098765432082,0.0,2.5628464289109907,-0.4318181818181818,-0.37168068885585415,-0.31691238942474176,0.36789692308787264,0.23751252222104713,-0.16567930097608993,0.41831856111838556
zynts,top,CBLOL,15,57,0.544,5,0.2,13,52.6,58.3,54.2,45.8,49.6,RED Academy|RED Canids,101.56140350877193,184.33333333333334,3.263157894736842,605.3260578947368,0.2170038894736842,0.08771929824561403,1.4853070175438596,0.16372280701754385,0.4956665262358102,0.2198178020411834,0.0,1122.5435368421051,0.0,0.2,0.20705553615089067,-0.6526533425223984,-0.32351937019259747,0.9285714285714286,1.721892064184557,-0.43859649122807015,-0.5709949019316857,-0.12622256007205138,0.1724915199182854,-0.04471301755138099,-0.5036042229454071,-0.28904264521338363
Ag0nyPain,mid,ROL,3,46,0.565,14,0.143,10,53.7,57.2,62.4,64.5,47.3,Ruddy Corporation|Senshi eSports,-122.73913043478261,-21.02173913043478,-1.6521739130434783,771.02845,0.24572641304347825,0.5217391304347826,1.1311195652173913,0.18283913043478262,0.6355783515206266,0.1971073749851333,0.0,412.60523478260876,0.0,0.14285714285714285,0.2799050520577713,1.9215957783180873,0.09960795408616925,8.318007662835248,1.4744195615489712,-0.5,-0.35308403084400175,-0.07109764911599276,0.11761986933558924,0.4021389373202814,0.5240061130244127,-0.4159585912678502
Ripple,top,LCKC,2,79,0.203,38,0.053,18,55.7,55.1,56.3,48.4,51.7,Gen.G|Gen.G Global Academy,-161.59493670886076,-252.69620253164558,-2.3164556962025316,680.1123075949367,0.2544741392405063,0.3924050632911392,1.1702708860759494,0.17500759493670887,0.4804116502534722,0.2015986834783186,0.0,1235.53,0.0,0.05263157894736842,0.47515709649840915,0.0,0.018654046119028597,0.0,2.025158221666843,-0.46835443037974683,-0.40572338573555405,0.03637907015801693,0.004919369981033747,0.06996184963343088,-0.3571354368168836,-0.17680585949870428
Kellin,sup,LCK,1,130,0.462,34,0.176,21,56.1,54.7,55.6,62.6,57.8,BNK FEARX,-36.684615384615384,-33.55384615384615,-1.0461538461538462,233.55775538461538,0.08339296846153846,0.023076923076923078,3.9588446153846157,0.4101,0.7581884130217287,0.1652263793601991,0.0,326.51655153846156,0.0,0.17647058823529413,0.3630559505022227,-0.11356817077357251,0.11853493021919718,5.665719644541401,1.8418218405447615,-0.3230769230769231,-0.28693445538279694,0.06020993015874077,-0.01466548826270072,0.02992895738435614,0.4099390989993036,0.14808325601263028
Agresivoo,top,RL,3,56,0.571,10,0.0,18,52.6,58.2,47.8,54.8,57.0,Barcząca Esports by Yumisu,100.125,105.375,2.267857142857143,641.6222089285714,0.20352425535714286,0.23214285714285715,1.02495,0.10186785714285715,0.4618514294426626,0.13157971095207263,0.0,1436.9008749999998,0.0,0.0,0.18774757437254433,0.10020270991144783,0.006802721088435524,3.962618595825427,2.4053511772118195,-0.48214285714285715,-0.3479171014578046,-0.12576341784105247,0.1715602764691673,-0.38612375939804244,-0.008550870612444968,0.10767648771256141
Holo,jng,PCS,15,35,0.629,1,0.0,11,52.2,58.6,45.5,52.2,51.7,Frank Esports,-148.65714285714284,-160.74285714285713,-3.4571428571428573,474.6382057142857,0.15937114285714285,0.5428571428571428,1.6757942857142858,0.33506,0.6853264375551849,0.1377843390473757,0.0,1028.1153314285714,0.0,0.0,0.03531733665731796,-0.46052929201538123,-0.2719690473273715,3.703866729340138,1.8593393604027364,-0.4857142857142857,-0.3547440271631667,-0.14698811973716402,0.19011280900244396,-0.5217237031880649,-0.14794339102529208,-0.17213184045883434
Minous,sup,LCKC,2,114,0.526,26,0.077,21,55.8,55.0,49.8,59.1,60.6,Kiwoom DRX|Kiwoom DRX Challengers,-4.4035087719298245,44.28947368421053,-1.263157894736842,237.50914999999998,0.08899370701754386,0.017543859649122806,3.953855263157895,0.44837807017543857,0.7371521330968148,0.22711563528883605,0.0,504.5203456140351,0.0,0.07692307692307693,0.25647377448852615,-0.10837161224027929,0.1433982486267919,4.161624476093402,1.9668302043215573,-0.34210526315789475,-0.26867667989185995,0.04048438500826575,-0.0017397492335333043,-0.2782945810483838,0.2196737008581114,0.29673966557870757
Mikyx,sup,LEC,1,58,0.328,14,0.143,18,50.3,60.5,59.0,48.3,59.2,SK Gaming,-46.36206896551724,-84.91379310344827,-0.29310344827586204,208.31435344827585,0.07739617931034483,0.0,4.655365517241379,0.5386793103448276,0.7418732637102563,0.25012564756462247,0.0,616.8541706896551,0.0,0.14285714285714285,0.5848355624475027,0.0,-0.033254359201622695,0.0,2.363515791475006,-0.3620689655172414,-0.3876651919264791,-0.25157677807649964,0.2942703088780443,0.21427273311239406,-0.36304203494509407,0.22554417678791305
Mobility,bot,NACL,2,63,0.587,11,0.091,15,52.9,57.9,54.4,53.0,51.3,Cupid Esports|Dignitas|Winthrop University,-172.1904761904762,-59.84126984126984,-0.9206349206349206,808.6926730158731,0.2720327301587302,1.0317460317460319,1.2756333333333334,0.25997619047619047,0.6233489786644578,0.15682065338716558,0.0,326.46358253968253,0.0,0.09090909090909091,0.42160529610452135,-0.10246470385114051,0.11394505501200149,2.191510965348175,1.889822365046136,-0.42857142857142855,-0.3769849488013869,-0.11326876265424961,0.15562449729446973,-0.032405905437215124,-0.10361595341122026,-0.1936592855034697
Erha,sup,LPL,1,141,0.426,35,0.086,23,54.2,56.5,53.5,58.7,59.1,Team WE|Weibo Gaming,-14.5,-103.325,-2.058333333333333,212.60481134751774,0.08136120567375887,0.0425531914893617,4.1705297872340426,0.4561588652482269,0.7638833305393657,0.21648236785096833,0.0,406.1301387096774,0.0,0.08571428571428572,0.26466830035645295,0.3507184574309927,0.05768111909922425,4.581591076760552,1.9369494184529936,-0.3333333333333333,-0.2778660398214973,-0.039722448255026785,0.07909885490802498,-0.08071839524597935,0.1981480780453636,0.2176645939457641
Lehends,sup,LCK,1,105,0.457,26,0.192,17,61.0,49.7,53.8,54.3,50.2,Nongshim Esports Academy|Nongshim RedForce,-12.59047619047619,12.657142857142857,1.561904761904762,251.20078380952384,0.08407924571428571,0.01904761904761905,3.9988114285714285,0.47084095238095236,0.7053704321017265,0.23661349362499315,0.0,558.1838904761904,0.0,0.19230769230769232,0.40396928548309086,-0.4847110304712098,0.07981587261356471,2.3265625,1.6590301240125065,-0.37142857142857144,-0.33641162997303564,0.3199324314863011,-0.2838111206637219,-0.062155434466701714,-0.038688109671977486,-0.25627812452083343
Feng,bot,LCP,15,107,0.505,29,0.31,22,52.2,58.5,69.2,64.2,59.8,Deep Cross Gaming,-149.3177570093458,-15.822429906542055,-4.514018691588785,775.9395663551402,0.2700053457943925,0.8317757009345794,1.4010392523364488,0.2990588785046729,0.6422000377671518,0.19695634319218944,0.0,362.57327009345795,0.0,0.3103448275862069,0.490269366844035,-0.20404558059875563,0.02209309320577673,9.40858546775338,2.1268202759004597,-0.3364485981308411,-0.3139956989932529,-0.14740479262403866,0.18772723884615433,0.8371699129715818,0.5077247207100445,0.2551416595683458
scuro,bot,CD,2,20,0.5,7,0.143,9,55.7,55.0,55.4,61.8,52.5,INTZ,-114.05,22.8,-3.15,851.56094,0.29588365,0.9,0.95953,0.223075,0.7198670829514483,0.20204298387221725,0.0,382.20074,0.0,0.14285714285714285,0.28153885043048704,0.4961785914763158,0.6365677469738382,4.913043478260871,2.0124611797498106,-0.45,-0.4336009390230968,0.03480477399656901,-0.0021888140035978033,0.02281153291984941,0.3655119970436371,-0.12946064228028814
konseki,sup,CD,2,42,0.548,10,0.1,16,49.1,61.6,54.0,52.6,57.9,INTZ,-83.9047619047619,-184.45238095238096,-1.4047619047619047,220.48235952380952,0.07586252857142857,0.023809523809523808,4.3876,0.5441119047619047,0.7727037679887923,0.22577344289505127,0.0,506.20120476190476,0.0,0.1,0.3879654169520463,-0.0982152611558591,-0.3341886770192746,4.311976783735449,2.4688535993934706,-0.4523809523809524,-0.4447394805484806,-0.316206062920187,0.3535156843937585,-0.05259252649670148,-0.1276847809899341,0.15409811662137157
Soboro,top,LPL,1,65,0.385,10,0.1,16,62.8,47.9,47.0,74.5,55.5,Fnatic|Invictus Gaming,165.7391304347826,223.2608695652174,5.804347826086956,604.524443076923,0.23523426153846153,0.27692307692307694,1.2675353846153845,0.14197692307692308,0.4936966229004965,0.24369543995051557,0.631578947368421,1182.8891652173913,0.0,0.1,0.2895860721264878,-0.6112326312938775,0.6053991402919531,12.41137566137566,1.9845557534273355,-0.4307692307692308,-0.2337128776754301,0.422888805460441,-0.38351796392793014,-0.4332165342383832,1.3129108789905566,0.027019151215938664
Shanks,jng,AL,3,46,0.543,7,0.0,10,56.4,54.3,49.9,49.8,51.3,Anubis Gaming|JSK Esports,184.2173913043478,254.80434782608697,2.760869565217391,507.04464130434786,0.16148498695652175,0.34782608695652173,1.5000152173913042,0.2202413043478261,0.6828519193784425,0.2118543251789353,0.0,1016.8171869565218,0.0,0.0,0.24151820187534473,0.0,-0.028004305547953946,0.0,1.4744195615489712,-0.5434782608695652,-0.23166135248241054,0.07426902560118964,-0.036948783095836754,-0.27187962580551334,-0.27545768926364966,-0.19591306260800828
Heng,jng,LPL,1,97,0.454,12,0.167,18,53.3,57.4,54.7,61.3,61.5,LGD Gaming,108.3974358974359,-26.384615384615383,-0.8333333333333334,411.48748041237116,0.16944818350515467,0.18556701030927836,1.7839567010309278,0.40486391752577316,0.7164398517599959,0.20783359913937632,14.333333333333334,940.7275061728395,0.0,0.16666666666666666,0.3996036349574633,-0.3550055482291634,0.22940434907335824,3.885006144908106,1.8276230972405145,-0.3402061855670103,-0.29968150775320335,-0.09083490441115724,0.126780711662161,-0.017134864721984853,0.3405153315416056,0.34639502235414504
Moham,sup,LPL,1,45,0.4,7,0.0,20,48.9,61.8,47.3,50.4,67.2,Oh My God|Weibo Gaming,-54.25714285714286,-176.97142857142856,0.6,191.52543333333335,0.07755682888888889,0.0,4.539642222222222,0.6037333333333333,0.750205300948335,0.18465511198857992,0.0,339.8091228571428,0.0,0.0,0.16835016835016836,-0.08637873754152822,-0.05738568518648579,1.2727272727272727,2.9814239699997196,-0.3333333333333333,-0.34023261524934784,-0.3275631194601225,0.3673913394584907,-0.4190181862479536,-0.24424703211692572,0.6956395213196036
Sprotte,top,ROL,3,32,0.281,9,0.0,16,57.4,53.2,54.8,49.7,59.5,Myth Esports|SPIKE Syndicate,-115.71875,-98.84375,-2.9375,778.594825,0.27966303125,0.375,0.777953125,0.07804375,0.5356029711604748,0.22929711522507176,0.0,1716.795971875,0.0,0.0,0.553542383973323,0.0,-0.22312999442915624,1.111111111111111,2.82842712474619,-0.4375,-0.43045058590774615,0.12509588239153754,-0.09356597740357793,-0.008976371411429549,-0.28430837923521557,0.23745005138159905
Speedy1,sup,HLL,3,82,0.756,10,0.1,15,56.7,53.9,49.2,51.9,51.3,Valerion|WLGaming Esports,104.2560975609756,130.3048780487805,-2.3780487804878048,258.80539999999996,0.07790855731707318,0.012195121951219513,3.6650048780487805,0.35956951219512195,0.7039218991011857,0.23310254172853948,0.0,476.98577682926833,0.0,0.1,0.17344351485910794,-0.34332247557003265,-0.16625016958944036,3.1996626025611534,1.656472891122698,-0.36585365853658536,-0.418817011384063,0.08979305954025438,-0.05936789345718717,-0.30994769731437055,-0.16292832472934457,-0.19839809137729994
Busio,sup,LEC,1,135,0.644,25,0.2,20,57.9,52.7,54.6,52.5,52.4,Karmine Corp,-1.3925925925925926,52.992592592592594,-0.9259259259259259,231.5959711111111,0.08106599037037036,0.022222222222222223,4.178240000000001,0.46634296296296296,0.7229290977668763,0.21143347273421934,0.0,403.38068592592595,0.0,0.2,0.2382100548686837,-0.011083550157900572,-0.23079133389360987,5.334282645682208,1.721325931647741,-0.35555555555555557,-0.32233462306987154,0.1519611353445763,-0.11952732490897681,-0.01856708734504322,-0.13224499085774144,-0.1372017911711934
rym,mid,ROL,3,20,0.5,6,0.0,10,56.1,54.5,51.7,52.4,54.5,Once Upon A Team|Vitality Rising Bees,49.9,-15.95,-1.0,817.256915,0.24633984999999997,0.6,1.021195,0.168415,0.5930513715018139,0.18875136143047364,0.0,412.114145,0.0,0.0,0.3389092399518405,-0.22607914105958654,-0.3560580989152417,3.8496732026143787,2.23606797749979,-0.45,-0.42151754633544125,0.05722347109536713,-0.02856569072575828,-0.17517862331970221,-0.13661746050310603,-0.028383708541235446
Koresh,sup,HW,3,26,0.423,9,0.0,10,57.9,52.7,49.8,49.5,49.4,Onion Team|Priority,58.19230769230769,204.92307692307693,1.0,258.80702692307693,0.08800643076923077,0.0,3.261088461538461,0.2683076923076923,0.7484776070674789,0.2306808591951555,0.0,444.03768076923075,0.0,0.0,0.23835618480991896,-0.43552635823110086,-0.589223907754989,3.189655172413793,1.9611613513818404,-0.5769230769230769,-0.5054441365170103,0.1511831988120424,-0.1224982218453862,-0.2754839214745882,-0.29555213995833124,-0.29817905926479193
Hydra,mid,LES,3,35,0.286,17,0.0,13,52.4,58.2,49.9,54.6,56.5,LUA Gaming,-264.22857142857146,-110.85714285714286,-2.085714285714286,741.0069457142857,0.28280294285714286,0.2857142857142857,1.0889342857142856,0.16034857142857142,0.6606169795394649,0.1781207653753695,0.0,461.18248,0.0,0.0,0.2308573392834124,0.0,0.2736507936507936,0.0,2.197401062294143,-0.4,-0.35781219616114895,-0.13768460457952691,0.1697685284743907,-0.27134845532832047,-0.022235995883279736,0.07772791694850337
StineR,jng,CD,2,42,0.548,10,0.1,11,52.1,58.5,54.9,61.9,48.0,INTZ,-88.07142857142857,-206.0952380952381,-4.595238095238095,505.5646714285714,0.17198395238095238,0.2857142857142857,1.5719595238095239,0.3054928571428571,0.7344465574019555,0.17934137973162162,0.0,1016.5599,0.0,0.1,0.31634455078728,0.014184397163120515,0.46858094049105276,4.367734150190291,1.697336849583011,-0.5476190476190477,-0.46767294553697947,-0.15561893550379563,0.18462818635767983,-0.005384309424387732,0.3731607297477187,-0.37905815568140855
Candy,sup,EBL,3,29,0.345,9,0.111,15,55.5,55.1,54.3,62.4,62.6,Lupus Esports|SPIKE Syndicate,-150.24137931034483,61.37931034482759,3.2413793103448274,235.36191379310344,0.08494414482758621,0.06896551724137931,3.5623206896551722,0.3725413793103448,0.7106517272805839,0.2167810290242824,0.0,482.2715724137931,0.0,0.1111111111111111,0.29469282331959906,0.0,0.8149756445922466,3.166666666666667,2.785430072655778,-0.4482758620689655,-0.14005270282864807,0.02542612290543994,0.0026347198639074844,-0.037171936105673466,0.4023289059747624,0.4107299694068257
Quantum,sup,LCKC,2,93,0.495,23,0.348,18,53.1,57.4,69.1,59.9,50.2,DN SOOPers|DN SOOPers Challengers,-29.27956989247312,-156.0,-3.7311827956989245,252.20781720430108,0.08718666129032258,0.043010752688172046,3.894209677419355,0.48274301075268816,0.7394638895554941,0.20278199660745297,0.0,476.99480322580644,0.0,0.34782608695652173,0.6306495010525651,0.13680143041239592,0.17994060764725334,4.388956228956229,1.8665130505147656,-0.41935483870967744,-0.42722810780871917,-0.10192619363478744,0.12551197718632792,0.8234785059792106,0.26040052165029903,-0.25545618949333626
Jopa,bot,LEC,1,58,0.328,14,0.143,15,54.7,55.8,57.0,48.8,54.4,SK Gaming,-208.56896551724137,33.275862068965516,-2.586206896551724,806.8592068965518,0.29262656896551725,0.5,1.3083758620689656,0.2972051724137931,0.6598587623684388,0.15625921409385096,0.0,329.5190448275862,0.0,0.14285714285714285,0.5012882255101263,0.0,-0.04928946357700678,0.0,1.9695964928958383,-0.4827586206896552,-0.30561524503191273,-0.016285267112629256,0.03972129096588035,0.1055394961081657,-0.33026883503053694,-0.033736694757974174
Vzz,bot,HLL,3,27,0.519,5,0.0,12,57.1,53.4,50.4,53.5,56.1,Forsaken|WLGaming Esports,296.8888888888889,100.81481481481481,10.296296296296296,795.9098888888889,0.2634082962962963,0.8518518518518519,1.023388888888889,0.2152925925925926,0.5548381345279387,0.18545158348014273,0.0,318.3662925925926,0.0,0.0,0.10936617331374986,0.37682046261167534,-0.17193505139282,3.7142857142857144,2.309401076758503,-0.48148148148148145,-0.3452817660642391,0.11106858423167679,-0.08363799753106922,-0.2472318782251203,-0.07641652333572652,0.05627632809503761
Razork,jng,LEC,1,67,0.403,16,0.125,14,56.2,54.2,55.6,45.8,48.4,Fnatic,55.16417910447761,-95.25373134328358,-2.1194029850746268,462.08832238805974,0.1855084865671642,0.16417910447761194,1.7902850746268657,0.4266686567164179,0.7329124599101637,0.2631638579936446,0.0,1082.630208955224,0.0,0.125,0.3610512155718269,0.0,-0.16286288699184262,0.0,1.710372220988273,-0.4925373134328358,-0.43159430191584003,0.06355745321775719,-0.040793410809558235,0.03182029982813914,-0.5078304767133949,-0.35328979476530764
Peach,jng,CBLOL,15,62,0.371,19,0.0,14,55.4,55.0,47.6,57.0,46.9,Fluxo W7M,35.806451612903224,331.7096774193548,7.919354838709677,438.947635483871,0.17569445161290323,0.20967741935483872,1.851432258064516,0.42328870967741933,0.6941093596234522,0.28041503714635163,0.0,1088.4223306451613,0.0,0.0,0.20785917366298434,-0.26948358816878715,-0.17541316796421888,5.718292682926829,1.778001778002667,-0.4838709677419355,-0.48375275454154754,0.020618868581631852,0.0008689289609694235,-0.4014507045501881,0.1032203395705833,-0.4422355237828832
PatkicaA,top,EBL,3,59,0.475,21,0.095,17,52.4,58.0,51.4,48.5,54.7,Lupus Esports|Myth Esports,103.76271186440678,24.135593220338983,-0.13559322033898305,646.7448915254238,0.20778883050847458,0.2711864406779661,0.9808983050847457,0.10970508474576271,0.5107305985427044,0.1813095476495711,0.0,1614.0413491525424,0.0,0.09523809523809523,0.2314957655133331,0.0,-0.07965727673949774,0.0,2.213211486674006,-0.4745762711864407,-0.3834698977774022,-0.13557569873763176,0.15939529027044538,-0.18863276520825364,-0.3465243304415392,-0.014036961194419769
Mihai,bot,EBL,3,51,0.431,13,0.0,15,52.2,58.2,50.8,56.6,57.4,EKO Esports|The Secret Club,-288.1372549019608,-106.43137254901961,-6.549019607843137,844.8156941176471,0.27843307843137255,0.7450980392156863,1.0224509803921569,0.2037392156862745,0.6593020782043993,0.18301159855993757,0.0,357.1628784313725,0.0,0.0,0.1319960200419317,0.8510846474565216,0.1736871067926768,3.2857142857142856,2.100420126042015,-0.49019607843137253,-0.18950712198015138,-0.1459986256390481,0.169134869108586,-0.22149794796137762,0.08672297826243125,0.12454504361665084
Vin,mid,VCS,15,32,0.344,14,0.143,16,53.7,56.7,54.1,51.8,60.5,Ngựa Hí Esports|SN CyberCore Esports,-290.59375,-261.0625,-5.21875,771.28871875,0.254187625,0.625,1.071715625,0.180175,0.6260829453817234,0.15489835690327902,0.0,587.12363125,0.0,0.14285714285714285,0.24432736099497476,-0.670587087013811,-0.2771091417691168,4.266666666666667,2.82842712474619,-0.375,-0.3544285784038683,-0.06987808214602348,0.08883399418110094,-0.04902787248089093,-0.16702276608576758,0.2930645193850412
Nemesis,mid,LEC,1,21,0.524,8,0.625,11,59.6,50.7,70.0,50.4,56.0,Los Ratones|Witchcraft,13.523809523809524,0.8095238095238095,1.7619047619047619,729.2331571428572,0.2717090952380953,0.5714285714285714,1.0371142857142857,0.19897619047619047,0.6569230973240998,0.2003604452110628,0.0,440.42661904761906,0.0,0.625,1.3759273626533481,0.0,-0.1675050301810866,0.0,2.400396792595916,-0.5714285714285714,-0.07475948889432268,0.2435444458497189,-0.2279580465183301,0.8947553506916994,-0.24465164412453766,0.051184261891336735
Vit,bot,VCS,15,21,0.381,7,0.0,9,55.1,55.2,50.4,49.0,54.9,SN CyberCore Esports,137.38095238095238,-32.76190476190476,3.857142857142857,790.8876285714286,0.2782556666666667,0.47619047619047616,1.1730809523809522,0.3023952380952381,0.6458560261711522,0.21890637140637142,0.0,434.10565238095234,0.0,0.0,0.24845189548406588,-0.45336364282162395,-0.49889643543910506,3.4694835680751166,1.9639610121239315,-0.5714285714285714,0.0,0.004597113333097027,0.008580979978303658,-0.24346794455263418,-0.322716360908544,-0.0043059740289382725
Kofte,mid,TCL,15,68,0.618,10,0.2,18,54.0,56.3,56.3,51.7,56.9,Joblife|Misa Esports|S2G Esports,208.23529411764707,221.85294117647058,3.676470588235294,614.9136911764706,0.22355038235294117,0.38235294117647056,1.278229411764706,0.21274264705882354,0.5871304376263348,0.1796976052623931,0.0,487.4183661764706,0.0,0.2,0.2759601074182016,-0.8826425445798809,-0.13258660198363872,2.8461538461538463,2.182820625326997,-0.4264705882352941,-0.24595091392952825,-0.05185679803724501,0.07027522793206685,0.06846751165081881,-0.17609400259268895,0.10092440807616343
Dehaste,mid,EBL,3,30,0.5,10,0.1,12,60.9,49.4,52.8,44.6,53.0,Lupus Esports,104.66666666666667,-71.73333333333333,4.233333333333333,860.4160833333333,0.27759656666666666,0.9333333333333333,1.00063,0.11228666666666666,0.5797350673031619,0.24743417119298447,0.0,462.21825,0.0,0.1,0.21994880967065497,0.0,-0.5830569524953007,0.0,2.1908902300206643,-0.43333333333333335,-0.519710636654656,0.3147299175680022,-0.29896347378871646,-0.11526244295776678,-0.5797360033986807,-0.1063196720010836
Dreampull,top,LPLOL,3,25,0.44,6,0.0,13,62.4,47.9,48.0,59.3,58.4,Capybara Esports|Elegance|Ronaldo Team,806.76,422.0,23.44,768.846936,0.24849519999999997,0.16,0.6885680000000001,0.043887999999999996,0.3794268320391744,0.18011391912959787,0.0,1147.134704,0.0,0.0,0.12945641454741055,-0.5077788520699658,0.17040480030452665,7.458333333333334,2.6,-0.44,-0.35027073182038293,0.39855571629438885,-0.38555956922843876,-0.37823459273663296,0.2267566149440316,0.182409313195523
Zoen,top,CD,2,45,0.511,14,0.357,14,51.8,58.5,62.1,56.5,49.0,paiN Gaming Academy,-127.6,37.51111111111111,-1.1555555555555554,592.8140222222222,0.22242273333333332,0.3111111111111111,1.4402088888888889,0.1851022222222222,0.46208350794436104,0.18240034996619553,0.0,1042.028631111111,0.0,0.35714285714285715,0.4410099396521122,-0.46215938709422644,0.27180022278092353,4.847675472675473,2.0869967789998034,-0.4888888888888889,-0.6063288502811279,-0.1689841575116456,0.18545415964187503,0.3857732598641676,0.08077250620791365,-0.32352670455379806
Oguzkhan,jng,ROL,3,21,0.476,3,0.0,10,58.4,51.9,51.2,47.1,54.0,mCon esports,368.6190476190476,230.47619047619048,0.47619047619047616,547.9233523809523,0.1952645238095238,0.2857142857142857,1.3070380952380953,0.1501095238095238,0.64712884768895,0.17999163608804572,0.0,962.4031952380953,0.0,0.0,0.19207317073170735,0.0,-0.5219795458918126,0.0,2.182178902359924,-0.47619047619047616,-0.5060051968555477,0.1799381738025071,-0.1616896799072747,-0.2031540623492773,-0.4263407691164468,-0.05125457348619541
Vigil,mid,LIT,3,59,0.814,8,0.25,19,58.6,51.6,58.7,49.8,58.7,HMBLE,155.47457627118644,125.8135593220339,1.2033898305084745,778.0547423728814,0.2269336220338983,0.8813559322033898,1.1311796610169491,0.1511864406779661,0.5722843508173978,0.2362760654514041,0.0,571.504993220339,0.0,0.25,0.29846234055702503,0.0,0.00577890346968379,0.0,2.4735893086356535,-0.3728813559322034,-0.44675909467438896,0.18916551495664258,-0.1821622370226134,0.19433317067709718,-0.27690689596518786,0.19798264257071957
Jamie,bot,ROL,3,43,0.372,14,0.143,14,55.2,55.0,56.0,53.5,54.7,ZennIT,-42.95348837209303,-115.34883720930233,1.0,804.3335139534884,0.28370606976744184,1.0930232558139534,1.0410255813953488,0.22739069767441858,0.6061482912358567,0.20318111564766325,0.0,346.24761162790696,0.0,0.14285714285714285,0.3631911116954835,-0.02320586450016329,-0.06527926506227814,3.131087105624143,2.134979984656465,-0.3953488372093023,-0.4853230285263216,0.008118760584640575,-0.0012963519252898485,0.05080367437340672,-0.07877954779018305,-0.015274588718113491
scamber,sup,CD,2,55,0.545,13,0.231,15,50.1,60.1,62.1,51.6,59.8,Vivo Keyd Stars|Vivo Keyd Stars Academy,-28.381818181818183,17.8,1.490909090909091,191.8120981818182,0.06980443454545454,0.01818181818181818,4.207587272727273,0.46774727272727273,0.7496250915701994,0.1899694085193663,0.0,434.46836181818185,0.0,0.23076923076923078,0.5726683954703606,0.0493958024167904,-0.21464005967922414,2.9470142260839935,2.0225995873897262,-0.38181818181818183,-0.19790843240999045,-0.2633359758777043,0.27084758604146575,0.38038465577254604,-0.17793117881428516,0.2564738576710117
Pyrka,sup,PRM,3,30,0.3,8,0.125,12,51.9,58.3,56.2,56.8,55.1,Kaufland Hangry Knights,-51.6,194.66666666666666,-1.6333333333333333,210.0049,0.07598114333333333,0.0,3.9499333333333335,0.43068333333333336,0.7458774230198959,0.22969934468593034,0.0,394.5165533333333,0.0,0.125,0.411306686224178,0.0,0.5542096686583377,0.0,2.1908902300206643,-0.43333333333333335,-0.4145026497947868,-0.16454563686951418,0.17235477917077704,0.060880314388839285,0.09531373401398313,0.0074187089523971685
behave,jng,HW,3,38,0.579,10,0.3,10,54.4,55.8,62.7,59.0,49.7,CITA Kaizen,-88.55263157894737,-257.42105263157896,-5.5,581.5177184210526,0.17134167368421052,0.5,1.224378947368421,0.2630078947368421,0.6660515710030215,0.15310103992098634,0.0,1039.6885368421053,0.0,0.3,0.3184008042377141,0.2663511763918033,0.07170856259215322,6.113358141391675,1.6222142113076254,-0.5526315789473685,-0.39675733919821715,-0.030685613848588308,0.04307899756664552,0.41913427402447395,0.2122836050388883,-0.284892706536351
Tibor,mid,ROL,3,23,0.435,7,0.0,10,58.4,51.8,52.0,63.4,58.2,mCon esports,218.7826086956522,273.4347826086956,1.608695652173913,766.6667782608695,0.273952,0.5217391304347826,0.8678347826086956,0.11450869565217392,0.6318581697986732,0.22819796618000776,0.0,483.03766086956523,0.0,0.0,0.1843842904083868,0.5058733230995129,0.6103776660147152,5.181156595191683,2.0851441405707476,-0.4782608695652174,0.0,0.1786892957080623,-0.17067702747622884,-0.15597254336178362,0.45769324510792575,0.16842899608866205
PlanB,sup,LCKC,2,81,0.383,15,0.0,20,51.1,59.0,46.7,52.5,64.7,HANJIN BRION Challengers,-56.08641975308642,67.29629629629629,-0.8024691358024691,213.9374259259259,0.08385303209876543,0.0,4.2092123456790125,0.5131876543209877,0.7500994779424573,0.2289031258049634,0.0,408.6275543209876,0.0,0.0,0.17613350224432664,0.0,0.24394875040626776,0.0,2.2222222222222223,-0.3333333333333333,-0.26160719678898386,-0.20733249621707783,0.21035915696432184,-0.45114473211927625,-0.12966484726999752,0.5376480380759721
yaoyao,sup,LPL,1,46,0.522,7,0.286,16,54.4,55.7,59.3,58.8,56.3,SillySilly Gaming|Team WE,-26.615384615384617,-8.23076923076923,0.8461538461538461,200.5161152173913,0.07286663695652174,0.043478260869565216,4.138089130434783,0.4773152173913044,0.7468005355842461,0.21643426928833073,0.0,484.7600051282052,0.0,0.2857142857142857,0.2668687952875999,0.22124658125809704,0.31622847803420984,2.2945845241619893,2.359071298478354,-0.32608695652173914,-0.5658177691179682,-0.03031006186705339,0.03658586884904402,0.23041261488045747,0.20051967862997527,0.06896814437487733
Kaze,mid,CBLOL,15,77,0.61,10,0.3,24,54.9,55.2,72.7,52.0,65.0,LOUD|RED Canids,59.83116883116883,40.98701298701299,-0.3116883116883117,675.2795948051948,0.24064385714285713,0.5714285714285714,1.2347714285714286,0.17390519480519478,0.6627716867616089,0.20942695489865407,0.0,483.6304168831169,0.0,0.3,0.6917302250228811,0.10199556541019947,-0.0590629602635114,2.050858042793527,2.7350538350313105,-0.2857142857142857,-0.3423935037947674,-0.0039456010845928,0.011685053839634718,1.1211597395522623,-0.15615203979615794,0.5527157175320826
Assum,bot,LPL,1,77,0.532,10,0.1,19,55.5,54.6,47.3,45.7,54.4,Invictus Gaming|Ninjas in Pyjamas,-17.174603174603174,-81.63492063492063,-2.1746031746031744,802.6630402597402,0.2900470519480519,0.5194805194805194,1.2716493506493507,0.3329376623376623,0.6509289116875436,0.21369215659448085,2.7857142857142856,409.8033873015873,0.0,0.1,0.2718202933794759,-0.5678393140306572,-0.256464982302269,1.5814154399060056,2.1652509527331207,-0.4675324675324675,-0.43096819794110397,0.02592204524072573,-0.022679714043891366,-0.41662691054355905,-0.5118439602128931,-0.029224012042310607
Sukru,top,NL,3,43,0.395,11,0.364,13,51.0,59.1,67.9,56.1,52.0,Dark Passage|Dream Esports|Lille Esport,-104.72093023255815,25.348837209302324,-1.6511627906976745,600.106923255814,0.21249483720930232,0.32558139534883723,1.0969186046511628,0.1445232558139535,0.48581223960207015,0.15867433650588414,0.0,1172.118381395349,0.0,0.36363636363636365,0.8601091576730006,-0.7014908535037596,0.2989254821446602,1.5396825396825395,1.9824814143238607,-0.46511627906976744,-0.44707634152903425,-0.21023200766148992,0.2173114044196387,0.7380633865540903,0.05604569613157699,-0.15987112619644783
Chordy,top,LRS,3,59,0.593,11,0.182,17,53.3,56.8,55.2,52.7,55.6,Volticons,-88.47457627118644,-6.101694915254237,-1.9661016949152543,693.0746694915255,0.23219079661016948,0.2542372881355932,0.9221661016949153,0.1260457627118644,0.550917398385217,0.20823078496990968,0.0,1178.740906779661,0.0,0.18181818181818182,0.2337198719742632,0.13474519003572757,-0.09896449392243059,3.5998066959551585,2.213211486674006,-0.3559322033898305,-0.5506087301657437,-0.08947848861748847,0.09733367800426299,0.009746806249104019,-0.11919265637270025,0.030186162558214664
Warangelus,bot,LRS,3,21,0.333,8,0.25,9,55.3,54.8,58.1,50.0,49.4,The New Kings,-28.761904761904763,-18.142857142857142,2.1904761904761907,861.0922904761904,0.2852675238095238,0.47619047619047616,0.8517333333333332,0.19215238095238094,0.6385108248238857,0.19402933067490882,0.0,411.2283238095238,0.0,0.25,0.3904712764137223,0.0,-0.475377088169778,2.094650205761317,1.9639610121239315,-0.5238095238095238,-0.670849699149546,0.016328961872746146,-0.008100399489537165,0.16607958392161115,-0.26693859183413376,-0.30024390515780713
DeadlyMark,mid,LRN,3,35,0.343,10,0.0,15,52.8,57.3,50.3,48.8,63.2,LYON Academy|SDM Tigres,-76.37142857142857,-106.22857142857143,-2.1142857142857143,717.06954,0.24473122857142857,0.6285714285714286,0.9759914285714286,0.18202857142857143,0.6241045758681515,0.16077526917662102,0.0,455.67801142857144,0.0,0.0,0.29078400316768954,-0.07277325091317773,-0.29576023391812867,1.3333333333333335,2.53546276418555,-0.2857142857142857,-0.29391422114672666,-0.1171656815400081,0.12059953294958778,-0.2488050359105545,-0.3327164366127394,0.44533068597472303
Dardoch,jng,NACL,2,54,0.444,14,0.143,19,50.6,59.5,60.0,46.4,65.1,CCG Esports|Dignitas,-99.4074074074074,-4.185185185185185,2.425925925925926,434.70744814814816,0.16915558703703704,0.24074074074074073,1.500424074074074,0.32306666666666667,0.761533024906778,0.19137996859617085,0.0,1031.4907351851853,0.0,0.14285714285714285,0.445391343350527,-0.010291837022416527,-0.38919273681907685,3.8081232492997197,2.5855725062711326,-0.35185185185185186,-0.4604718245510348,-0.23502317761021585,0.2376369846595176,0.2664619876905042,-0.467325731075631,0.5574099977333219
Jeskla,bot,NL,3,42,0.524,9,0.444,15,50.3,59.8,68.0,52.7,59.4,Caldya Esport|Vivo Keyd Stars,-118.66666666666667,-207.88095238095238,-0.07142857142857142,739.447261904762,0.2730507142857143,0.5,1.0606785714285714,0.19017380952380952,0.6480870880293667,0.14460007911146672,0.0,348.8546285714286,0.0,0.4444444444444444,0.724998553993869,-0.5102040816326531,-0.008223921512047294,2.074582560296846,2.3145502494313788,-0.47619047619047616,-0.18841576586525505,-0.2489294552906633,0.25566577549240643,0.7510802809869183,-0.12319755885227135,0.23172702469539272
choego,bot,AL,3,86,0.5,21,0.048,15,55.3,54.7,50.8,70.7,47.9,3BL Esports|BAAM Esports,-13.965116279069768,-26.802325581395348,-1.7209302325581395,815.2488872093022,0.2773431046511628,1.0116279069767442,0.978986046511628,0.2271639534883721,0.599388902684854,0.19325698293821755,0.0,360.0741,0.0,0.047619047619047616,0.334537485930593,-0.19474024867995227,0.47028519761973187,9.118181818181817,1.6174915980515763,-0.5348837209302325,-0.3049729040402844,0.01430509382497231,-0.016247996162279107,-0.2230005476440262,0.9521443420353228,-0.3817410196829303
SlowQ,mid,LEC,1,63,0.619,9,0.444,21,62.7,47.3,60.9,45.6,60.4,Misa Esports|SK Gaming,274.3968253968254,86.22222222222223,3.9682539682539684,700.5293253968255,0.23832839682539683,0.49206349206349204,1.2519650793650794,0.18936190476190476,0.63894680406134,0.23665418233180882,0.0,489.44771746031745,0.0,0.4444444444444444,0.342723233901284,-0.42512352717597873,-0.42341747090025045,2.711217437533227,2.6457513110645903,-0.3492063492063492,-0.43290206076505194,0.41948791027664595,-0.4146534157682335,0.31393119227974986,-0.5190625120920616,0.28848289781061426
DDoiV,jng,LCKC,2,107,0.542,26,0.308,19,49.1,60.8,68.0,49.0,54.7,DN SOOPers|DN SOOPers Challengers,-128.28971962616822,-153.34579439252337,-2.383177570093458,481.72543457943925,0.16400083738317758,0.29906542056074764,1.8793158878504674,0.4027616822429907,0.6856772448514861,0.19552956282552472,0.0,949.7969261682243,0.0,0.3076923076923077,0.4049543780426883,0.1267484492195838,-0.18609426420811154,4.01763159673835,1.8367993291867606,-0.42990654205607476,-0.4076064703566271,-0.317400718025628,0.31279175231862105,0.7502777185657071,-0.32388071400874086,-0.01336597735762082
FenRir,bot,LCKC,2,120,0.583,27,0.185,20,55.8,54.1,54.7,62.8,50.9,KT Rolster|KT Rolster Challengers,-23.2,-7.675,-5.891666666666667,843.7713124999999,0.28207119999999997,1.075,1.2410433333333333,0.3311233333333333,0.5953352011908931,0.21335630851554102,0.0,383.6709716666667,0.0,0.18518518518518517,0.2317267224665437,0.13460909799582582,0.32862211320083096,5.338247891749292,1.8257418583505538,-0.39166666666666666,-0.3854863615167311,0.04242432362358019,-0.048810104263092007,-0.013827120144237197,0.42177014886460634,-0.21588132014380432
Fun K3y,bot,PRM,3,66,0.606,12,0.25,18,51.6,58.3,60.2,70.0,60.5,Berlin International Gaming|Eintracht Spandau,-67.89393939393939,49.54545454545455,-1.6666666666666667,775.8356242424243,0.2416099393939394,0.8181818181818182,1.1789757575757576,0.2667424242424242,0.584367309906653,0.19572976781573564,0.0,386.5412257575758,0.0,0.25,0.4601226663023588,-0.4221814835984441,0.1370647893214373,12.106615031554792,2.215646837627989,-0.4090909090909091,-0.23804110551150534,-0.17761394394977206,0.17273812529516572,0.27767904541179006,0.892062881394322,0.2917893235099153
Doge,jng,HC,3,21,0.286,2,0.0,10,56.8,53.1,52.1,55.9,54.2,KIA.eSuba Academy,357.85714285714283,302.3333333333333,2.1904761904761907,484.2692952380952,0.1521000238095238,0.5238095238095238,1.3371714285714287,0.21378095238095238,0.6221452720576168,0.16732277339755722,0.0,1013.087319047619,0.0,0.0,0.2672886124685325,0.0,0.3987036729267076,0.0,2.182178902359924,-0.5238095238095238,-0.4195477660324378,0.09330170928494784,-0.10150862657250531,-0.1544449330036043,0.04512271405005708,-0.04093113757862956
Nuna,bot,VCS,15,30,0.367,13,0.154,12,51.3,58.6,54.2,42.9,51.8,9Gaming Esports,-92.4,-220.53333333333333,-2.6666666666666665,779.11446,0.2613819333333333,0.5,1.36591,0.31634,0.6480057643868385,0.1824638601895968,0.0,400.55456,0.0,0.15384615384615385,0.3016770886992129,-0.6059060973018908,-0.6943501427640011,0.8930817610062894,2.1908902300206643,-0.4,-0.6898285289103393,-0.19665639666147788,0.18798526814068003,-0.039663554394902135,-0.6842856148676396,-0.16739951897825653
Chika,mid,LCP,15,60,0.567,16,0.188,21,52.6,57.3,60.0,59.6,62.8,MVK Esports|MVK Esports Academy,-119.0,6.733333333333333,-3.3666666666666667,667.714655,0.24558548333333335,0.5333333333333333,1.23481,0.18403,0.6503319162546407,0.19545523421314354,0.0,647.861265,0.0,0.1875,0.2964813411630991,0.0495083859952958,-0.1577771732126749,8.251121431028553,2.711088342345192,-0.3,-0.3801666871076973,-0.125424728114007,0.1226188703890786,0.26676957467032136,0.2428022476648887,0.42437434180244976
Cody Sun,bot,NACL,2,55,0.509,7,0.143,16,51.6,58.3,52.4,51.8,58.4,CCG Esports|Conviction,-26.01818181818182,-37.61818181818182,-1.2181818181818183,748.7803600000001,0.28256505454545455,0.6727272727272727,1.1115236363636363,0.22399090909090907,0.687464335261867,0.15813171282629826,0.0,350.96578181818177,0.0,0.14285714285714285,0.29136030920815625,-0.35933369641742263,0.04179595801516424,2.4545454545454546,2.157439559882375,-0.4,-0.2799247735969924,-0.18173465476252537,0.17205377321905954,-0.1356387737429301,-0.16732843159273295,0.1808512176894154
Evangelyne,bot,HLL,3,40,0.625,6,0.333,16,53.8,56.1,63.0,61.9,60.8,Lille Esport|Team Phantasma,112.45,198.4,-2.3,747.32655,0.26152332500000003,0.575,0.972935,0.176845,0.6028998762536981,0.14248104296586306,0.0,309.3315375,0.0,0.3333333333333333,0.6007974385307799,-0.5893065432516836,0.6797423887587823,3.246913580246914,2.5298221281347035,-0.425,-0.27865034307215353,-0.0643287977396803,0.05653681485843932,0.43632443098611406,0.3731459252122004,0.3098006014639137
Lac,sup,LRS,3,24,0.458,6,0.0,12,54.7,55.2,53.1,59.0,58.1,Docta Esports,-69.66666666666667,4.166666666666667,-1.2083333333333333,241.32205416666667,0.0825088375,0.08333333333333333,3.626625,0.40282083333333335,0.6744239017155684,0.20964506938199368,0.0,566.8954833333333,0.0,0.0,0.2727736667517224,0.5504327563249,0.1622233460973438,6.259259259259259,2.4494897427831783,-0.375,-0.4015543596806174,-0.013673435810674235,0.009644223340209666,-0.1015633647766517,0.21198652868546308,0.1659080277371638
Rosa,bot,CD,2,28,0.679,4,0.25,13,56.6,53.2,63.3,60.3,63.4,Invokers,379.57142857142856,188.10714285714286,-5.642857142857143,799.5643964285715,0.2601557821428572,0.9642857142857143,0.9281821428571428,0.19479285714285716,0.6564232091325798,0.1650400453977001,0.0,353.0498035714286,0.0,0.25,0.8632002022917525,-0.9669749778668282,0.08235009085402781,12.271164129987659,2.456769074559977,-0.4642857142857143,0.0,0.08460518799690335,-0.09472923112108139,0.44903071829264024,0.28104309578036657,0.45523652610081045
Kryzik,mid,EBL,3,24,0.833,5,0.2,8,56.1,53.7,54.7,56.2,49.6,The Secret Club,163.04166666666666,277.25,10.125,721.0297125000001,0.229895,0.4166666666666667,1.1308166666666668,0.12157916666666667,0.5131321766683609,0.15363257126547356,0.0,497.5365208333333,0.0,0.2,0.14523887973640856,0.0,0.41888433981576256,0.0,1.6329931618554523,-0.5416666666666666,-0.35157430160707936,0.05732194233762164,-0.0678068823436388,-0.01574284471075966,0.06478552031706009,-0.2876236781748856
Pyosik,jng,LCK,1,75,0.267,19,0.0,15,48.8,61.0,55.3,40.2,44.8,DN SOOPers,-126.24,-27.933333333333334,-0.38666666666666666,401.7261613333333,0.15460091333333334,0.26666666666666666,1.9445106666666667,0.43701333333333336,0.7302504652188324,0.1958759693719581,0.0,874.499228,0.0,0.0,0.24706548535064266,0.741642089239844,-0.6922388676230361,4.344584061771561,1.7320508075688772,-0.4666666666666667,-0.5952848828858237,-0.33257355696015556,0.3213667317534206,0.015617355146928122,-0.8801584749445578,-0.5635763310962925
NattyNatt,jng,LFL,2,40,0.7,5,0.0,14,62.8,47.0,50.6,51.2,54.8,French Flair,328.575,526.425,9.05,532.6353175,0.167676545,0.325,1.4511100000000001,0.293145,0.6085267652351612,0.25747750367618455,0.0,1158.21426,0.0,0.0,0.1254719789801001,0.758521551861321,-0.27534909044324873,5.419871794871796,2.2135943621178655,-0.45,-0.5725294335191577,0.42279266971723417,-0.43736953762281344,-0.2361248997413244,-0.20000202575317005,-0.011970342979557319
Solis,top,VCS,15,34,0.382,10,0.1,12,58.4,51.4,59.6,73.8,53.7,SN CyberCore Esports|ZEN Esports,132.61764705882354,-252.1764705882353,-0.5,787.2038529411765,0.2654954117647059,0.38235294117647056,1.14585,0.1728029411764706,0.45941616836747345,0.25868455187915407,0.0,1309.1793176470587,0.0,0.1,0.23861310956382964,1.1308099332571704,1.830329118464712,5.6284086284086285,2.057983021710106,-0.4411764705882353,-0.5261954660319255,0.17868022551372187,-0.1932050644853569,0.24483347243315778,1.2351842772391681,-0.0701167715298406
iwanan,mid,TCL,15,34,0.412,12,0.0,19,59.5,50.3,50.4,53.4,65.8,BoostGate Esports|devils.one inStreamly,-76.47058823529412,-44.0,-4.852941176470588,805.9026441176471,0.29780197058823527,0.7647058823529411,0.8819235294117647,0.14043529411764705,0.6649219623621706,0.22156393761836068,0.0,449.69336764705884,0.0,0.0,0.3288150535856958,-0.6564934145305198,-0.34004187994415996,6.636363636363637,3.2584731177076676,-0.3235294117647059,-0.2782607491870489,0.2375331412468747,-0.24826723342230492,-0.24626997659610456,-0.0858109195043579,0.6000664192147691
Mario,jng,LIT,3,64,0.5,20,0.25,12,49.7,60.0,60.0,49.8,46.7,GMBLERS Esports|TIGROTS,-220.5,-495.875,-10.25,540.776115625,0.1777708671875,0.484375,1.5493453125,0.301309375,0.7285596030220228,0.22899703055589693,0.0,1144.15486875,0.0,0.25,0.2795210407016852,-0.1002638767505585,-0.27306451878602395,3.336429987922525,1.5,-0.40625,-0.6372302041241827,-0.2830715609324607,0.26395134070978854,0.26413789172796853,-0.27975290343021936,-0.4526805112475543
Abagnale,sup,HLL,3,71,0.563,15,0.2,15,55.7,54.0,56.8,52.1,49.8,GOAL|Gamespace Mediterranean College Esports,58.28169014084507,153.16901408450704,3.23943661971831,219.61098732394368,0.07429332253521126,0.014084507042253521,3.80572676056338,0.3660971830985915,0.7010956100358942,0.2577474029083031,0.0,584.3892507042253,0.0,0.2,0.28413338923762993,-0.09641950803786958,-0.3660854046135757,5.05351741760534,1.7801724872907798,-0.43661971830985913,-0.44439791600660195,0.037723553773244455,-0.0506596127950032,0.09485060010015968,-0.15421113104460066,-0.2753304859625834
Woldjo,jng,PRM,3,54,0.463,8,0.125,12,50.5,59.2,50.2,48.7,49.1,TeamOrangeGaming,19.98148148148148,281.8333333333333,3.5,415.5949425925926,0.14293151666666667,0.2777777777777778,1.5724666666666667,0.31068703703703704,0.6726767141338263,0.19373314436039304,0.0,1138.3929944444444,0.0,0.125,0.17842389968035408,-0.5410372366015588,-0.270560092386373,2.25,1.632993161855452,-0.5185185185185185,-0.42898235205115814,-0.2385183971027289,0.22319500689663485,-0.2566923873415029,-0.33989824649806516,-0.3151345786855514
Lumity,mid,HM,3,25,0.32,5,0.0,13,53.6,56.1,52.0,56.1,56.3,Bohemian Guardians|ZeroZone Gaming,-117.92,-19.4,-1.48,755.0208839999999,0.24456216,0.48,1.044272,0.141868,0.5931187570004087,0.14484274648009574,0.0,433.649232,0.0,0.0,0.3517100010788651,0.0,0.40399999999999997,0.0,2.6,-0.52,-0.3147656537282101,-0.07530679890778608,0.056827584766009166,-0.16118304271522563,0.057843120585347824,0.06904279400538701
Zaremba,sup,AL,3,37,0.378,11,0.091,11,53.4,56.3,53.9,50.2,47.1,3BL Esports,18.45945945945946,-57.67567567567568,-0.5405405405405406,236.3571594594595,0.08668821081081082,0.0,3.95457027027027,0.3870756756756757,0.6831615095588672,0.23677971324607386,0.0,680.1448108108108,0.0,0.09090909090909091,0.3146117867587725,0.0,-0.06115833372785147,0.0,1.8083888603589302,-0.5675675675675675,-0.511538605032951,-0.0855107954420632,0.07018921108325163,-0.05895089922799013,-0.2557221665991457,-0.4272140571955516
Robocop,top,HM,3,48,0.812,1,0.0,10,53.4,56.3,49.2,64.2,48.4,CITA Kaizen|Ruddy Corporation,241.02083333333334,334.7291666666667,1.25,633.4585375,0.18900661666666665,0.1875,1.21341875,0.09899583333333334,0.43704514744026834,0.1753426546226757,0.0,1329.6122854166667,0.0,0.0,0.20528499672417558,0.24548736462093856,-0.13673655423883319,14.063008130081302,1.4433756729740645,-0.5208333333333334,-0.2837106409157005,-0.08363524623802758,0.0669251331903104,-0.3110610750158154,0.5062769405224385,-0.3562798584810327
Dionelux,top,TCL,15,58,0.483,13,0.0,17,55.2,54.4,49.1,58.4,61.9,BoostGate Esports|JSK Esports|SU Esports,85.87931034482759,65.17241379310344,3.0,659.7355586206896,0.24418168448275862,0.15517241379310345,1.1433741379310347,0.1316603448275862,0.5049226579094965,0.19499668249039306,0.0,1160.4520189655173,0.0,0.0,0.2573960930732837,-0.3459277826033007,0.2120682523267838,4.328070591959481,2.2322093586152834,-0.3448275862068966,-0.26522753913128183,0.008861487287859975,-0.032255841637294044,-0.3143626877578617,0.18001151494077627,0.3728376560821139
Maciejka,jng,LIT,3,20,0.25,6,0.0,13,58.7,50.9,54.8,64.1,61.9,EKO Esports|P11 Esports,18.8,-6.85,0.05,579.37531,0.20916495,0.7,1.00346,0.206535,0.7104819224313773,0.23961568044385378,0.0,939.3252,0.0,0.0,0.4896005889931898,0.0,1.3196969696969696,0.0,2.9068883707497264,-0.35,-0.29925299183742116,0.1972382522533045,-0.21789341840763826,-0.010131461134037616,0.49970943308578697,0.37137740052646456
JackeyLove,bot,LPL,1,93,0.559,19,0.158,19,53.5,56.1,60.2,55.8,58.0,Top Esports,-126.66216216216216,-185.75675675675674,1.2027027027027026,805.5137086021506,0.27918117204301074,0.6021505376344086,1.3803795698924732,0.3915032258064516,0.6507552190798843,0.2125590382224919,0.9333333333333333,395.84331265822783,0.0,0.15789473684210525,0.5778351380844456,0.06873964764342708,-0.09523489406518548,5.784314226433792,1.970208219987808,-0.40860215053763443,-0.30102822579545657,-0.07803121477046648,0.05920815071782693,0.2786258106232653,0.04204351584848051,0.15984028699233127
Zin,sup,VCS,15,24,0.458,5,0.2,13,54.1,55.5,58.9,58.6,62.8,ZEN Esports,71.375,-53.208333333333336,-2.2083333333333335,228.7516916666667,0.07707072916666667,0.041666666666666664,3.877254166666667,0.4861958333333333,0.6714729007024265,0.17782029259992246,0.0,473.17564166666665,0.0,0.2,0.3323045923935858,0.28705950878555486,-0.02099312452253638,6.198666395194951,2.65361388801511,-0.4583333333333333,0.0,-0.04710033466339504,0.026372445332208838,0.20746528395774494,0.19102002080705616,0.42412470440598243
OWLONSKY,jng,AL,3,28,0.393,9,0.111,13,52.5,57.1,53.4,67.1,56.1,Disruptors|FN Esports,-188.71428571428572,-303.2857142857143,-3.5357142857142856,546.2218178571428,0.1769719607142857,0.32142857142857145,1.6094785714285713,0.27275714285714286,0.6545179849224124,0.1820996102075211,0.0,1117.777492857143,0.0,0.1111111111111111,0.23985974523343034,-0.20230725942599892,1.1722568409645082,2.9506172839506175,2.456769074559977,-0.5,-0.424875332861614,-0.13139807598247624,0.11300765093195185,-0.08438813277684601,0.6889200871410971,0.05881310520595744
Silva2,jng,AL,3,45,0.422,12,0.167,11,52.7,56.8,56.0,54.6,45.9,3BL Esports|One More Esports|Pyramid IV Esports,33.8,152.4,2.0,448.56281333333334,0.15963426444444445,0.35555555555555557,1.4514133333333332,0.31915333333333334,0.6553588865265195,0.19906232843909064,0.0,1184.1995,0.0,0.16666666666666666,0.4192305190581502,-0.6802524487213534,-0.17427425733972848,5.301282051282051,1.6397831834998458,-0.6444444444444445,-0.4606840915077196,-0.12046587289938687,0.09454231345216106,0.05323746570617893,-0.02243634274906406,-0.5017523291823961
369,top,LPL,1,43,0.488,8,0.0,17,52.8,56.7,45.7,65.4,63.5,Top Esports,-219.96875,-91.90625,-6.6875,659.3089395348837,0.2281902953488372,0.13953488372093023,1.2716279069767442,0.15033720930232558,0.469219204966311,0.15669003690406302,1.6666666666666667,1277.7080548387096,0.0,0.0,0.15064683706511972,-0.08680024646842685,0.5934076800262399,5.503703703703704,2.5924756956542794,-0.32558139534883723,-0.32054531016308907,-0.11869340799160283,0.0909424004792972,-0.5115714647162625,0.581186852116309,0.4629679055000873
Doran,top,LCK,1,151,0.636,24,0.167,27,58.4,51.1,58.5,54.3,58.9,T1,-33.01324503311258,-86.66887417218543,-0.2119205298013245,645.3927569536423,0.2192874748344371,0.33774834437086093,1.268256953642384,0.18572582781456953,0.4997773409282953,0.2102937070043492,0.0,1103.0990377483445,0.0,0.16666666666666666,0.4401029206300599,0.06620326030075326,-0.04570041225585384,4.198553279093251,2.1972288386821304,-0.36423841059602646,-0.3543491344189381,0.17914738241382142,-0.20407465289698887,0.18658177260359193,-0.03735701237458437,0.2077346272225488
Ersin,top,TCL,15,50,0.36,13,0.077,13,51.8,57.7,54.8,52.8,48.6,Bushido Wildcats|PCIFIC Esports|Team Phoenix,-38.86,-59.28,-1.7,605.521148,0.22839179999999998,0.26,1.234016,0.121988,0.47803821958839454,0.14242342566881752,0.0,1102.6218099999999,0.0,0.07692307692307693,0.3860030870421224,-0.26491404331323953,-0.21280027003206622,5.0,1.8384776310850235,-0.56,-0.5378239184372859,-0.16946336181605895,0.1436437405811142,-0.009555821456916209,-0.11647511282561616,-0.3412996399666956
Way,sup,LEC,1,58,0.362,16,0.188,18,52.4,57.1,66.7,39.8,51.5,Misa Esports|Team Heretics,-12.275862068965518,-5.517241379310345,-0.896551724137931,198.2034948275862,0.07884289137931035,0.017241379310344827,4.160786206896552,0.47303275862068966,0.7693670806880747,0.2072322913620589,0.0,375.9572931034483,0.0,0.1875,0.6331818181818182,0.8387096774193548,-0.575403450194769,0.47368421052631576,2.363515791475006,-0.3620689655172414,-0.6915754921725952,-0.13660084146819004,0.1124068909138818,0.6578783599576965,-0.9107246473635652,-0.185431628536738
Wuis,sup,ROL,3,34,0.353,9,0.111,11,52.7,56.8,54.7,49.6,47.7,Crystal Rose|Dynasty|Team Phoenix,-104.88235294117646,87.44117647058823,-0.029411764705882353,230.12835294117644,0.08395360294117647,0.0,3.568226470588235,0.29646764705882356,0.7363750945588743,0.20018208521409292,0.0,717.8021882352941,0.0,0.1111111111111111,0.3298812514565071,0.0,-0.13872208801462224,0.0,1.8864844365675972,-0.5294117647058824,-0.6068894388444543,-0.12178826383117428,0.09495660644922133,-0.014970213702094207,-0.2875814476943378,-0.39677554353514843
Scorth,bot,TCL,15,77,0.623,11,0.0,20,59.6,49.9,44.4,48.6,58.2,Forsaken|PCIFIC Esports|S2G Esports,-13.142857142857142,198.96103896103895,2.727272727272727,831.7524558441559,0.2759995974025974,0.948051948051948,0.8281090909090909,0.21400129870129872,0.6605087914755463,0.21223661113721343,0.0,352.6842727272727,0.0,0.0,0.21947140855609065,-0.6392348489362969,-0.19874092535874124,2.8315972222222223,2.279211529192759,-0.38961038961038963,-0.3763540164900858,0.24526807747987414,-0.2721501435780348,-0.5893004243722592,-0.34285439809332663,0.17107036004580145
salgueir0,jng,LPLOL,3,23,0.565,6,0.0,10,56.5,53.0,50.6,55.3,51.5,White Dragons|ZeroZone Gaming,57.91304347826087,177.3913043478261,4.391304347826087,552.7437260869565,0.17465126086956523,0.30434782608695654,1.2244304347826087,0.24070434782608696,0.6755873688615529,0.20920275957045997,0.0,1053.1847739130435,0.0,0.0,0.16968445950755318,0.0,0.34272168956457894,0.0,2.0851441405707476,-0.5652173913043478,-0.5326924939005812,0.08101383648776814,-0.10372563626751855,-0.23137049363465598,0.017492567510762752,-0.18712879223053228
KUMEW,bot,LRS,3,38,0.289,12,0.0,18,52.5,57.0,58.4,52.3,65.8,Docta Esports|Maze Gaming|Seven Dark,51.78947368421053,58.026315789473685,0.13157894736842105,729.7697631578948,0.2570479736842105,0.631578947368421,0.9145763157894737,0.14857105263157894,0.6277109049808685,0.13747259952833804,0.0,382.67167368421053,0.0,0.0,0.5167559785651443,1.1222260157050188,-0.21139807798928106,3.377344336084021,2.919985580353726,-0.3157894736842105,-0.30013349679788864,-0.13044764475210177,0.1056622232792734,0.1773373452532697,-0.1401816439643162,0.6001670071370919
jokaa,jng,PRM,3,39,0.487,13,0.077,18,55.5,54.0,51.5,52.5,63.0,Galions Sharks|ROSSMANN Centaurs,-63.17948717948718,-160.53846153846155,-2.2564102564102564,546.0898,0.19464567435897434,0.4358974358974359,1.5730538461538461,0.3156538461538461,0.6477749570057652,0.2380796598357587,0.0,999.1247307692307,0.0,0.07692307692307693,0.16297220150693037,0.0,0.13321623171780897,0.0,2.8823067684915684,-0.358974358974359,-0.4132560162612415,0.026982587154572024,-0.055286722428230656,-0.18631455692868024,-0.1325348817037683,0.4338016880854798
Teddy,bot,LCK,1,110,0.4,20,0.05,21,60.3,49.1,45.9,54.3,53.2,HANJIN BRION,76.36363636363636,78.34545454545454,1.7454545454545454,761.2283736363637,0.2864639727272727,0.8272727272727273,1.1657018181818182,0.2797827272727273,0.6425152315812042,0.18420495354273606,0.0,377.05077818181815,0.0,0.05,0.35951433121019105,-0.6599859397077965,-0.024980787121304,3.7700040700040702,2.002271437415744,-0.4727272727272727,-0.3668859927942748,0.284767049721226,-0.3170931009484733,-0.49968606890642375,-0.03658452430968715,-0.09483123960361406
Kuri,sup,CBLOL,15,37,0.297,9,0.0,13,53.3,56.1,47.2,64.2,54.7,paiN Gaming,-57.972972972972975,-87.05405405405405,1.3243243243243243,218.21381351351351,0.08289968378378379,0.05405405405405406,3.9895540540540537,0.39351891891891894,0.7357535740207795,0.20465675099887037,0.0,440.9707945945946,0.0,0.0,0.1776656858624072,-0.6396568160152527,0.22131038796126073,6.9,2.137186834969645,-0.3783783783783784,-0.5152771834268761,-0.09193591801414538,0.058672536620715525,-0.4231233739119059,0.5027197384275279,-0.016320878094105245
Kenal,bot,TCL,15,25,0.56,7,0.0,11,56.6,52.8,52.9,50.4,54.3,Bushido Wildcats,148.0,103.24,4.36,813.475884,0.27529576,0.6,1.070072,0.233964,0.6110901514640542,0.1756922337507669,0.0,277.111932,0.0,0.0,0.23036078965282503,0.4389146632925628,-0.34794161062817786,3.819819819819819,2.2,-0.44,-0.44482293664629435,0.08377748355672418,-0.11557289881792938,-0.10928140232028662,-0.24640387972098082,-0.03626898588020666
Hakari,top,CD,2,30,0.4,8,0.0,10,51.3,58.1,51.4,51.3,46.0,7REX,-13.633333333333333,-224.4,-4.1,565.9544166666667,0.22019446666666667,0.4,1.1346533333333333,0.14987666666666666,0.5472176507702823,0.16596896706008665,0.0,1122.8204366666666,0.0,0.0,0.29996002436610064,0.0,0.11247280638143586,0.0,1.8257418583505538,-0.5666666666666667,-0.6055199712008722,-0.19430249753165552,0.16172213362854734,-0.18854495932882692,-0.19510888757024286,-0.4914526927832983
Jaehyuk,top,LCKC,2,107,0.579,26,0.231,17,51.1,58.2,68.5,53.6,46.6,Dplus Kia|Dplus Kia Challengers,-43.74766355140187,-23.66355140186916,-1.6728971962616823,590.6020373831775,0.2075168570093458,0.45794392523364486,1.3315971962616822,0.12978691588785046,0.4822023584704564,0.17767602036974733,0.0,1407.5695644859811,0.0,0.23076923076923078,0.5739570280465803,0.2961372491516193,0.07288783180446903,3.823478835978836,1.643452031377628,-0.4392523364485981,-0.5055681370412013,-0.20768381086665907,0.17008965594910447,0.7833871435652175,-0.07311142420528827,-0.4585450482248073
Wayne,bot,LCKC,2,107,0.579,26,0.231,19,50.8,58.5,61.9,48.7,51.2,Dplus Kia|Dplus Kia Challengers,40.80373831775701,-30.27102803738318,3.2149532710280373,742.90221682243,0.2622924112149533,0.7289719626168224,1.1515859813084113,0.25853364485981306,0.6698233532890222,0.1727226176493629,0.0,350.58949813084115,0.0,0.23076923076923078,0.4251223691869544,0.006514260799521116,-0.04931132367749407,2.6179061929187375,1.8367993291867606,-0.411214953271028,-0.3594081337754554,-0.22209660117449284,0.1843107035126418,0.37082768855463666,-0.33822339439749494,-0.19961114767234633
Ucal,mid,LCK,1,112,0.402,32,0.188,17,52.4,56.9,55.3,61.2,48.1,Kiwoom DRX,-77.25,-33.392857142857146,-0.8482142857142857,661.5273616071428,0.23929210714285715,0.41964285714285715,1.2487839285714286,0.2134892857142857,0.6643762232753913,0.1430448464355203,0.0,492.8696705357143,0.0,0.1875,0.5032472529163717,-0.3328225316388808,0.06984514212982607,5.861284939507719,1.6063490102892157,-0.41964285714285715,-0.2652264800973259,-0.13602359660448024,0.09881894091048604,0.013826420067903411,0.33512530831837267,-0.37125748381061807
Mireu,mid,CBLOL,15,67,0.463,21,0.143,20,55.4,53.9,58.0,62.1,58.9,Vivo Keyd Stars,-23.73134328358209,86.82089552238806,1.3432835820895523,720.3298283582089,0.2641898358208955,0.22388059701492538,1.1033104477611941,0.24020447761194028,0.6819548060161857,0.24526734784547047,0.0,587.0972343283582,0.0,0.14285714285714285,0.45665234084006645,-0.7810570214131045,0.07035086007869157,6.333333333333334,2.4433888871261042,-0.34328358208955223,-0.39558033265043935,0.02303316265916317,-0.05745995550169998,0.1583298439144331,0.3850894397796488,0.2067588346448549
Yuros,mid,NL,3,22,0.409,8,0.125,9,50.8,58.5,55.4,54.2,45.5,DIA Ozarox Esports|Zephyr Esport,-248.5909090909091,-338.72727272727275,-3.227272727272727,687.9405409090909,0.2391724090909091,0.6363636363636364,1.3331409090909092,0.16128636363636362,0.6926575318620773,0.2101388894373084,0.0,394.2906363636364,0.0,0.125,0.4124361008284858,0.0,0.226810673443456,0.0,1.9188064472004938,-0.6363636363636364,-0.6997093017765456,-0.2250385615890033,0.1835576694056456,0.022232177262344825,-0.041796165023146994,-0.5232166422735629
Tactical,bot,NACL,2,36,0.667,5,0.0,14,55.4,53.9,48.4,49.7,59.5,Cloud9|Conviction,66.61111111111111,-68.58333333333333,-1.3888888888888888,841.6450583333333,0.2922740277777778,0.6666666666666666,1.244536111111111,0.25672500000000004,0.6386479164567288,0.22121731098439174,0.0,361.0890416666667,0.0,0.0,0.22189473684210526,0.0,-0.0030790762771167645,0.0,2.3333333333333335,-0.4444444444444444,-0.21805107833585385,0.020382390066232985,-0.05987948018834489,-0.3544613304007313,-0.28299512015349826,0.2379723414391192
Yuhe,mid,PCS,15,34,0.618,6,0.0,13,53.2,56.0,47.9,61.1,56.4,CTBC Flying Oyster Academy,-151.2058823529412,-96.52941176470588,-2.411764705882353,685.8677088235295,0.23520823529411766,0.6764705882352942,1.3777852941176472,0.2091441176470588,0.5486981153423359,0.17198268797219574,0.0,480.90416176470586,0.0,0.0,0.0567681822103356,-0.08113990342107062,0.2535535920092203,4.41583054626533,2.2294816068526147,-0.4117647058823529,-0.290274099231462,-0.09479332009367633,0.054067009200150395,-0.38377525433617593,0.32948463401927,0.07115386713499348
Nikiyas,bot,HLL,3,55,0.545,9,0.111,13,54.4,54.8,51.7,52.5,50.6,Bulldog Esports|Team Insidious,228.29090909090908,192.72727272727272,3.018181818181818,746.3307763636363,0.24652963636363637,0.6545454545454545,0.9589072727272727,0.18389454545454545,0.5599325381391547,0.134596570145411,0.0,313.8082927272727,0.0,0.1111111111111111,0.33309230253858535,-0.645436896599972,-0.41004963518733406,5.416666666666667,1.7529196424044293,-0.41818181818181815,-0.4664756776804148,-0.02988534298672335,-0.012118062412451168,-0.17664430745125692,-0.12980448825102367,-0.2320710546726031
SiroN1,sup,HM,3,58,0.5,18,0.056,15,55.9,53.3,50.7,54.6,59.1,Meavedron,39.327586206896555,22.275862068965516,0.41379310344827586,253.20098448275863,0.0809826,0.017241379310344827,3.5515,0.3308706896551724,0.6751842455681221,0.22191701757302112,0.0,711.2928137931035,0.0,0.05555555555555555,0.34143361431391733,-0.49020016793374416,-0.01188164506391346,3.300332088003321,1.9695964928958383,-0.3793103448275862,-0.1779067241039952,0.04503840874242302,-0.09000320278102034,-0.22898419584234406,-0.02037279433582995,0.21937921160262844
MnM,bot,PCS,15,35,0.629,1,0.0,12,54.8,54.4,48.8,61.3,53.9,Frank Esports,59.42857142857143,229.94285714285715,-1.9142857142857144,758.8874628571429,0.2620779142857143,0.6,1.1644314285714286,0.2500114285714286,0.6495771411310316,0.1999986397573106,0.0,324.6853114285714,0.0,0.0,0.09340017855916488,0.18023112859601673,0.28331538323460764,6.059514298590626,2.02837021134844,-0.5142857142857142,-0.21328884304436393,-0.011581013975979078,-0.03213673934249343,-0.33052105423679523,0.3356575912666102,-0.058099154214292306
BunnyBeast,bot,ROL,3,43,0.349,14,0.071,10,51.3,57.8,54.9,53.2,42.6,Lund Esports Organization|Myth Esports,-80.97674418604652,-219.69767441860466,-6.069767441860465,759.448265116279,0.2740986511627907,0.9302325581395349,1.0118651162790697,0.24334418604651162,0.6187741041361363,0.17079526507277432,0.0,357.09330697674415,0.0,0.07142857142857142,0.4276699868409679,0.0,0.19349905029881975,0.8571428571428577,1.5249857033260468,-0.6744186046511628,-0.4841246158298511,-0.19542059133409762,0.1496695427345668,-0.004996241267993183,-0.0941352814927546,-0.7039904839623272
Ghost,sup,LCK,1,22,0.5,4,0.25,13,57.9,51.2,57.7,65.6,60.5,KT Rolster|KT Rolster Challengers,-8.454545454545455,102.5909090909091,1.0909090909090908,252.5161,0.08837705,0.0,3.7617363636363637,0.4284590909090909,0.7301959289470978,0.2421279821824021,0.0,458.5747954545455,0.0,0.25,0.16751493227896022,0.6061468947826701,0.4860368988809355,9.0,2.7716093126229358,-0.4090909090909091,-0.2951535158782894,0.1538252851590382,-0.2024216192781781,0.1417889933842736,0.5890073964077452,0.2927925681345705
Seneca,sup,TCL,15,60,0.583,15,0.067,14,56.3,52.8,55.4,60.2,50.6,BAAM Esports|Lille Esport|SU Esports|Unicorns of Love Sexy Edition,-20.45,108.8,-0.08333333333333333,244.07757833333332,0.08673623333333333,0.016666666666666666,3.53359,0.315295,0.7464119487604267,0.2132237935587652,0.0,519.3566216666667,0.0,0.06666666666666667,0.2971964277780246,0.25572894699845344,0.20155452711522506,3.3776960784313723,1.8073922282301278,-0.4666666666666667,-0.38203058065899637,0.06961176950207427,-0.11449062148772665,0.0217419755435281,0.2757895542103878,-0.23179491497205665
Zyko,sup,NACL,2,49,0.51,3,0.333,15,55.5,53.6,63.0,50.7,57.2,Conviction|Supernova,96.08163265306122,-44.08163265306123,0.46938775510204084,231.4568693877551,0.08606061428571429,0.0,3.8927367346938775,0.45722857142857143,0.7569089258529327,0.2584494337251934,0.0,463.5456346938775,0.0,0.3333333333333333,0.39160222493555824,0.1558580128038307,-0.1032912086405876,1.307692307692308,2.142857142857143,-0.42857142857142855,-0.3057935164554859,0.025424386827256118,-0.0737444394334088,0.4318949933547696,-0.226476013534808,0.11746661441376059
Lukyss,mid,HC,3,40,0.5,17,0.176,14,62.3,46.8,54.3,57.0,53.9,EXILE esports|EXILE esports Academy,-1.6,-182.625,-4.475,1013.3797950000001,0.309615875,0.45,0.71143,0.092705,0.6163638380390416,0.25274586605238886,0.0,566.879145,0.0,0.17647058823529413,0.36711892010629216,-0.588181449919635,-0.00956657039772375,4.494623655913978,2.2135943621178655,-0.45,-0.424255301827211,0.3938347529798515,-0.44478066981992725,-0.03640567820345445,0.10727635453981291,-0.0554560797041339
Smart,top,ROL,3,43,0.372,14,0.143,14,55.5,53.5,55.5,51.9,50.9,ZennIT,40.27906976744186,11.69767441860465,5.395348837209302,685.7130627906977,0.2413860930232558,0.2558139534883721,1.0257279069767442,0.14382093023255815,0.4678030101514592,0.2490041752610365,0.0,1432.7699697674418,0.0,0.14285714285714285,0.3685842334039609,-0.10262620229515007,-0.11559058816779785,2.7086489013557737,2.134979984656465,-0.46511627906976744,-0.5812406675257649,0.024750147681884847,-0.07950837691012716,0.026099888242240507,-0.16611973734619495,-0.21972024905230345
shibi,jng,AL,3,37,0.432,11,0.0,12,52.6,56.4,48.7,48.9,57.6,Anonymo Esports|BAAM Esports|Galions Sharks,-81.24324324324324,-99.83783783783784,-1.135135135135135,498.01825405405407,0.1713737837837838,0.35135135135135137,1.3768216216216216,0.2834135135135135,0.6652682319673165,0.16489734220728464,0.0,925.6904000000001,0.0,0.0,0.24203407133286542,-0.400524480141053,-0.44427501871603875,3.508893280632411,1.9727878476642875,-0.40540540540540543,-0.287592562888549,-0.1270703751484943,0.07422731111703468,-0.3377548057507479,-0.3285207885415681,0.1397709594894941
Dream,bot,NL,3,35,0.514,8,0.125,12,53.2,55.8,53.5,62.8,53.2,Galions Sharks,9.971428571428572,-30.542857142857144,-2.8285714285714287,733.1628828571429,0.2556679142857143,1.2571428571428571,1.0322971428571428,0.21918,0.6153705394730592,0.18900360206058917,0.0,343.6540171428572,0.0,0.125,0.416575155934288,-0.7859615989927605,0.9421606118546847,2.292682926829268,2.02837021134844,-0.5142857142857142,-0.34743781252153183,-0.09249324932477587,0.04461064543905624,-0.08090679521105615,0.42568925891216164,-0.09492420952802519
Photon,top,LCS,1,28,0.179,12,0.167,16,47.4,61.6,63.5,47.7,58.4,Dignitas,-318.75,-263.82142857142856,-7.75,564.3814285714286,0.22600907142857143,0.07142857142857142,1.3823964285714285,0.21072142857142856,0.5488425401240528,0.15310984397644062,0.0,1306.93135,0.0,0.16666666666666666,0.9594254937163376,0.0,-0.27049476345250995,0.0,3.0237157840738176,-0.39285714285714285,-0.5979261146592532,-0.411562808994053,0.35204309635959613,0.4623120667248565,-0.39590592726408613,0.179433119456178
Aikawa,bot,CD,2,21,0.333,5,0.0,11,53.8,55.2,53.7,51.7,51.2,7REX|PREDIQT,-86.71428571428571,-93.85714285714286,0.23809523809523808,805.961338095238,0.29575757142857145,0.5238095238095238,1.175057142857143,0.19128095238095236,0.6444358690599292,0.16805257355517939,0.0,372.20150476190474,0.0,0.0,0.4894688922610016,0.0,0.034976844152188914,0.0,2.400396792595916,-0.5238095238095238,-0.5778685636692129,-0.06520932677423177,0.008682074972905329,-0.06712033325928031,-0.1770719500933557,-0.20036240048244405
Lekcyc,sup,TCL,15,59,0.576,11,0.0,13,55.8,53.1,47.9,54.3,49.7,Bubliki|Bushido Wildcats|Team Insidious,27.610169491525422,162.77966101694915,2.7796610169491527,211.07212881355932,0.0704835593220339,0.03389830508474576,3.8152033898305087,0.44238474576271186,0.6569267582755521,0.19865816738175968,0.0,593.6744813559321,0.0,0.0,0.23501847869056985,-0.37231058441917464,-0.09586860526298276,3.3624212485681553,1.6924558427507104,-0.4406779661016949,-0.40776816730665155,0.04049143910573227,-0.09917535027697513,-0.38108811777256457,-0.03856084116202296,-0.28359456627249874
Jezu,bot,LFL,2,32,0.344,11,0.182,13,50.2,58.7,61.0,42.6,53.6,ZYB Esport,-88.8125,-139.71875,-2.21875,721.71199375,0.25306334375,1.03125,1.2013875,0.234821875,0.6690698160356042,0.15296242467223012,0.0,396.981721875,0.0,0.18181818181818182,0.626474743232408,0.0,-0.506924771797293,0.0,2.2980970388562794,-0.4375,-0.4813033514311033,-0.2562974243310503,0.19844404986919814,0.3240446367653486,-0.7060429613748721,-0.07603215443971356
Hitsu,mid,LRS,3,44,0.523,9,0.111,15,51.3,57.6,52.8,61.7,51.0,Maze Gaming,-207.63636363636363,-42.25,-6.340909090909091,754.622959090909,0.24935761363636366,0.38636363636363635,0.9517795454545456,0.1300409090909091,0.6725628174268492,0.18853528509723824,0.0,682.1001409090909,0.0,0.1111111111111111,0.29462384411189874,-0.20342157019582757,0.3029767759288625,4.434971694394241,2.2613350843332274,-0.5681818181818182,-0.39015489453146324,-0.19782895658993066,0.1362110819128232,-0.11632130071156753,0.36007383138960114,-0.21383402503520899
Patrik,bot,PRM,3,77,0.649,14,0.357,17,51.7,57.2,67.3,58.6,56.7,Berlin International Gaming,-96.58441558441558,-138.93506493506493,-3.9220779220779223,847.7818935064935,0.25532070129870127,0.7402597402597403,1.032281818181818,0.19958571428571428,0.6128777202507585,0.17405566744064177,0.0,374.54277272727273,0.0,0.35714285714285715,0.5362974127103743,-0.07461596726117506,-0.02863974003991137,5.800156750331159,1.937329799813845,-0.42857142857142855,-0.25229803484598234,-0.17339987880659935,0.1171105208780077,0.700939127020791,0.19142664583474717,0.08988608068446388
Prosty,bot,HLL,3,21,0.286,8,0.125,8,53.7,55.2,52.4,69.6,47.3,The ParadOx Invaders|Zerolag Esports,-283.6666666666667,-92.14285714285714,-7.238095238095238,824.3481476190476,0.28493761904761905,0.9523809523809523,0.8193380952380952,0.1869904761904762,0.6624122377020984,0.1958163685126165,0.0,416.35275238095244,0.0,0.125,0.20821380761139796,-0.5043699277624186,1.9310288708784953,5.495726495726496,1.7457431218879391,-0.6666666666666666,-0.5360571005668783,-0.06861330984495909,0.009096314637233878,-0.13941250400807018,0.864681128191415,-0.41752619273753755
Renewal,jng,EBL,3,51,0.353,14,0.071,13,58.7,50.1,54.0,51.8,48.6,Crystal Rose|Only The Family|Vantex Esports,-60.07843137254902,62.11764705882353,0.058823529411764705,574.5377960784314,0.1859488411764706,0.6078431372549019,1.2017823529411764,0.20728039215686273,0.6566321179369172,0.19032012705438364,0.0,913.3633725490196,0.0,0.07142857142857142,0.21984513215999016,0.39987784899841267,-0.14016746906649039,2.917037037037037,1.8203641092364127,-0.43137254901960786,-0.6694937355443862,0.19676081588779548,-0.2598612892286014,-0.05063634055226707,-0.1704004916100782,-0.3444896766584849
Callian,sup,VCS,15,20,0.55,5,0.2,10,60.6,48.2,57.8,56.0,53.8,MVK Esports Academy,135.05,112.8,-4.0,286.71082,0.09130753,0.1,3.303385,0.29307500000000003,0.6678722686859344,0.26382687714584263,0.0,491.92599,0.0,0.2,0.3533805784332503,0.0,0.3400160384923816,0.0,2.23606797749979,-0.65,-0.22969984626795412,0.3010179511733408,-0.3650623372540235,0.14803358909860284,0.05141110828948511,-0.06268466956980492
Ux,sup,LRS,3,44,0.75,4,0.0,14,54.1,54.7,45.9,54.5,51.1,9z Globant,-60.20454545454545,-209.0,0.75,279.06739999999996,0.08258438636363637,0.022727272727272728,3.8227954545454548,0.44392045454545453,0.660287198380164,0.2409414985988814,0.0,532.7878863636364,0.0,0.0,0.14206931302838588,-0.6493566627846609,0.07873044409593383,2.32321505654839,2.1105794120443453,-0.38636363636363635,-0.6955109436663921,-0.04475938987435662,-0.018355506296272826,-0.4962279405758251,-0.027505238282730556,-0.2060092031406862
Ivama,jng,LES,3,34,0.147,22,0.0,9,55.5,53.3,50.0,64.2,43.1,UB Alma Mater,-212.14705882352942,-56.94117647058823,-0.14705882352941177,539.5238852941176,0.2156420588235294,0.3235294117647059,1.1608117647058822,0.23370882352941175,0.7295810422756789,0.2165508951020669,0.0,893.8605764705883,0.0,0.0,0.19985369791141153,0.0,-0.14139753059794039,13.73684210526316,1.5434872662825794,-0.6176470588235294,-0.7450789406175585,0.027764128131822524,-0.08835606522054948,-0.26797530589020807,0.5071276079641447,-0.6749056454256206
Flakked,bot,LEC,1,49,0.49,17,0.235,16,48.8,60.0,54.2,66.9,59.6,GIANTX iTero|GiantX,-131.24489795918367,-295.61224489795916,-2.2653061224489797,741.0220204081633,0.2758966224489796,0.5714285714285714,1.4416081632653062,0.3272612244897959,0.6944284797964173,0.16750949238006987,0.0,352.8989387755102,0.0,0.23529411764705882,0.4346524064171123,-0.9180514454814478,-0.03431111111111107,14.416666666666666,2.2857142857142856,-0.3877551020408163,-0.41842485221089587,-0.33184058024777147,0.2638742457781231,-0.044648908596252854,0.6767108618893863,0.24233047027669863
Rovex,sup,NACL,2,34,0.382,7,0.0,13,54.8,54.0,49.6,64.0,55.0,Blue Otter,45.85294117647059,163.1764705882353,1.7058823529411764,200.88897352941174,0.06999272058823529,0.029411764705882353,3.932155882352941,0.42531176470588233,0.6960989782182299,0.19976463050510107,0.0,518.9071147058823,0.0,0.0,0.2164011968537796,-0.057272800202408033,0.901060789505632,3.5205627705627704,2.2294816068526147,-0.47058823529411764,-0.39222210928317935,-0.010670793183215455,-0.05103463338308489,-0.29075498233938785,0.49528605255964675,-0.0005717480093350713
Aymen,sup,AL,3,50,0.54,10,0.1,13,48.0,60.7,53.8,50.7,54.5,FN Esports|GnG Amazigh|Karmine Corp Blue Stars,-91.68,-52.7,-1.96,222.13000599999998,0.073159114,0.0,3.862596,0.495518,0.7353659374854787,0.22587410192847504,0.0,546.259642,0.0,0.1,0.30433717471189664,0.0,0.038693238865629705,0.0,1.8384776310850235,-0.4,-0.314687167737452,-0.3747813595190901,0.30692114579890906,-0.06146215492681706,-0.22953184791352932,-0.025098019919023412
AisyL,bot,VCS,15,25,0.56,4,0.25,14,59.5,49.2,59.2,51.5,64.9,Saigon Warriors,227.56,142.28,0.72,909.9443799999999,0.27575224,1.0,1.2351999999999999,0.274192,0.5825127393768567,0.2783193922572843,0.0,414.576676,0.0,0.25,0.330027947621172,-0.13782806380456453,-0.10553083280356003,1.7149979649979648,2.8,-0.4,0.0,0.2410121033308483,-0.3075282437099797,0.2219787450145925,-0.184502281163899,0.5455500031885647
Hang,sup,LPL,1,27,0.37,4,0.0,10,56.1,52.6,50.9,57.7,56.7,Weibo Gaming,-90.11111111111111,59.407407407407405,1.6296296296296295,240.19354444444446,0.08906387777777779,0.0,3.90932962962963,0.3881740740740741,0.7698310263125078,0.2308817959539606,0.0,343.7338592592593,0.0,0.0,0.28896923174791667,0.0,0.4953357225677241,0.0,1.9245008972987525,-0.48148148148148145,0.0,0.060096255205899035,-0.12896666274299443,-0.21655952300352474,0.1414453541793724,0.0912661823665458
AKIRA,sup,LAS,3,22,0.409,5,0.2,9,53.0,55.7,55.5,63.5,56.4,DN SOOPers Academy,-97.0909090909091,90.04545454545455,1.0909090909090908,225.10168181818182,0.07830056363636363,0.0,3.7871454545454544,0.42394090909090915,0.7062273353510092,0.2342826583465457,0.0,452.73448181818185,0.0,0.2,0.42540827729527314,-0.8896459913468444,0.46972500753109275,9.153986498814085,1.9188064472004938,-0.5,-0.03550921174210677,-0.10521365129854897,0.03897588930193821,0.02399889121839468,0.4664471728901399,0.07233796001356461
Sinmivak,top,RL,3,32,0.594,2,0.0,12,53.3,55.4,52.0,52.0,55.4,Forsaken|LODIS,151.40625,3.0,4.1875,650.81104375,0.20266690625,0.21875,0.9949,0.097625,0.4593795394654054,0.141092453489384,0.0,986.228128125,0.0,0.0,0.48729055055283255,-0.5654890378280132,-0.07481402763018075,1.888888888888889,2.1213203435596424,-0.5,-0.2603214352481627,-0.09086392335065198,0.021058035572279126,-0.15894323657671383,-0.15755105205773662,0.018706951346790908
Piqueos,mid,LRN,3,62,0.516,12,0.083,18,52.8,55.9,54.9,51.1,54.8,G3V E-sports|Golden Lions,-99.46774193548387,-41.935483870967744,-2.4516129032258065,723.5452225806451,0.2625486129032258,0.5,1.1183645161290323,0.14776935483870968,0.6306663054689291,0.2086804186776803,0.0,525.7079435483871,0.0,0.08333333333333333,0.4400964823561714,0.0715224407834562,-0.22276414588361473,3.0342571142571146,2.286002286003429,-0.3870967741935484,-0.5240292338302062,-0.11374065079508698,0.045391260145932796,-0.0038656826512364767,-0.20910106491749125,-0.013084186994053042
Bdd,mid,LCK,1,112,0.464,31,0.161,20,54.5,54.1,57.3,51.7,54.1,KT Rolster,26.616071428571427,-23.526785714285715,0.25,645.4035151785714,0.24866590178571427,0.375,1.2689214285714285,0.1901125,0.6860791135358825,0.18496901278384983,0.0,460.13184196428574,0.0,0.16129032258064516,0.41952939667093914,0.13513513513513514,-0.20637277717443492,4.443181818181818,1.889822365046136,-0.38392857142857145,-0.2729098040213907,-0.02810043914657869,-0.048941909123223895,0.12339559893076156,-0.17481609136674114,-0.047135739427086897
Guggu,sup,NLC,2,59,0.746,5,0.2,17,60.9,47.7,52.5,63.4,56.7,Verdant,143.25423728813558,88.89830508474576,-1.9322033898305084,274.6627881355932,0.08396636610169492,0.01694915254237288,3.4446983050847457,0.3427220338983051,0.7342765689041753,0.23929819767781219,0.0,508.0970033898305,0.0,0.2,0.20498431169151293,-0.41094119084466885,-0.09674556597581023,9.407157157157156,2.213211486674006,-0.4576271186440678,-0.3287669353982048,0.3141514263723632,-0.39240005765760416,-0.13085967324896575,0.457147969145904,0.08922523981789186
KSAEZ,mid,TCL,15,28,0.214,11,0.182,12,51.6,57.0,62.7,46.4,50.2,Dark Passage,-155.10714285714286,-108.35714285714286,-5.607142857142857,657.6565892857143,0.25256332142857146,0.32142857142857145,1.1381357142857143,0.18467857142857144,0.6378243447883308,0.15734852805330055,0.0,500.5087392857143,0.0,0.18181818181818182,0.6285848567975598,0.0,-0.3789665653495442,0.0,2.2677868380553634,-0.4642857142857143,-0.6699089991118099,-0.18094901470538027,0.10391804427192831,0.4176414998862552,-0.47226558622390796,-0.25615999850847476
Drali,top,NL,3,38,0.368,11,0.182,15,51.2,57.4,52.9,47.4,51.4,Caldya Esport,7.2894736842105265,-62.28947368421053,-0.42105263157894735,595.2557157894737,0.21184613157894736,0.2894736842105263,1.082478947368421,0.14766578947368422,0.4651693307642876,0.18030046132567637,0.0,1345.6497684210526,0.0,0.18181818181818182,0.2630320835976363,-0.6531404847997857,-0.40091937765205093,1.4,2.4333213169614383,-0.5263157894736842,-0.598183972115929,-0.19995112675749918,0.1264031161483023,-0.11336588430098805,-0.4140684263622644,-0.1917247267120188
Kreative,jng,LJL,15,27,0.593,8,0.375,11,56.3,52.3,61.4,54.5,53.1,NOVEX,35.370370370370374,-264.85185185185185,-4.0,543.752425925926,0.17894225925925925,0.7777777777777778,1.2800777777777779,0.2841592592592593,0.7019094845308702,0.2125510727504239,0.0,986.1135148148148,0.0,0.375,0.29712375382615985,0.0,-0.09925957927335248,3.3609751730723323,2.116950987028628,-0.48148148148148145,-0.4761135515621265,0.06858465959576392,-0.14019807725389927,0.34104020562617254,-0.027625471467000222,-0.09808429070310491
lolo,mid,CD,2,30,0.4,8,0.0,14,48.4,60.2,51.0,60.0,51.1,7REX,-63.9,-75.33333333333333,-4.733333333333333,643.01528,0.2438127,0.3,1.46823,0.2075,0.6780336305994201,0.21190314221245443,0.0,744.7832299999999,0.0,0.0,0.27765060240963857,0.0,0.6004553215708593,0.0,2.556038601690775,-0.4666666666666667,-0.6803180863200647,-0.35664061032014754,0.2785710763687,-0.21000060441911003,0.26596970736621633,-0.20785336900800522
Guertas,jng,ROL,3,35,0.457,9,0.222,10,57.1,51.4,60.2,64.5,47.3,Senshi eSports,31.714285714285715,69.57142857142857,-0.37142857142857144,533.1311685714286,0.17289970571428573,0.6571428571428571,1.15316,0.20804,0.6577745460875221,0.18048127717243956,0.0,950.4033599999999,0.0,0.2222222222222222,0.39774152400134277,0.0,0.512118337600462,6.296610169491526,1.6903085094570331,-0.5714285714285714,-0.5624170137614065,0.1114122039465689,-0.19279234597840003,0.27844159029881277,0.5240760510695927,-0.4160589870638999
Tutsz,mid,CBLOL,15,85,0.647,14,0.143,16,50.2,58.3,55.0,54.4,49.3,FURIA,8.011764705882353,-62.44705882352941,-2.0,643.0967729411765,0.23306089411764705,0.36470588235294116,1.4171176470588236,0.2673435294117647,0.6416442973174343,0.22851201117128228,0.0,528.0647,0.0,0.14285714285714285,0.2977905770929559,-0.6352915761249412,-0.09845860647661613,4.039784946236559,1.7354436625492493,-0.38823529411764707,-0.40991527485471374,-0.2551664673396854,0.1743848500893127,0.002105904667253607,-0.03167233488311074,-0.3072994484083669
CRoNiiK,jng,HLL,3,22,0.545,5,0.2,11,54.7,53.8,57.7,50.8,57.0,Esprit Shōnen|Team Phantasma,-92.0,198.54545454545453,5.136363636363637,514.3256772727273,0.16421414545454546,0.3181818181818182,1.3756363636363635,0.2772318181818182,0.6366027875555036,0.19763942289159803,0.0,1041.8511454545455,0.0,0.2,0.44916838270236026,-0.40400296515937734,-0.5266955266955267,4.784313725490197,2.345207879911715,-0.4090909090909091,-0.431725352592164,-0.01564267603638992,-0.06542902951982744,0.14510038020324822,-0.2245240652071113,0.10344901369015523
Yuu,top,LJL,15,26,0.308,10,0.0,7,58.3,50.2,51.6,65.2,47.4,CAG OSAKA,113.0,293.8076923076923,7.384615384615385,757.0293423076923,0.24349823076923077,0.19230769230769232,0.9761269230769231,0.09273461538461539,0.4088974404187987,0.18627520823368543,0.0,1312.3779923076922,0.0,0.0,0.18574065934065936,0.0,1.2271225216065071,2.135742035742036,1.3728129459672884,-0.6923076923076923,-0.4046771606563174,0.17357003304260216,-0.2572484813324155,-0.18043163361812717,0.5630765464532108,-0.41127229196975085
Felkros,sup,LRN,3,44,0.455,16,0.0,17,50.6,57.9,47.8,50.7,59.0,3v Team|LYON Academy,-168.0909090909091,-306.59090909090907,-1.6363636363636365,269.56718863636365,0.08898137045454545,0.022727272727272728,3.9550318181818183,0.45887727272727274,0.6734286866210806,0.22342435534329563,0.0,618.9708909090909,0.0,0.0,0.2273880632503177,-0.47351143178628197,-0.33758048375469935,3.285322359396434,2.5628464289109907,-0.38636363636363635,-0.4698983285882159,-0.23388841255505954,0.1522156721393787,-0.38881951395608605,-0.2295790921344632,0.21340227743748347
aadam,mid,NACL,2,40,0.375,12,0.083,19,54.4,54.1,55.6,58.7,61.3,Dorado Gaming,33.025,91.525,0.175,729.7536975,0.263081075,0.375,1.0381475,0.15272,0.6930559545672617,0.2069930789393933,0.0,544.4101324999999,0.0,0.08333333333333333,0.3838002436053593,0.0,0.3810082897498844,1.6172839506172836,3.00416377715996,-0.4,-0.4909085857993575,-0.030272630212144193,-0.046672216471480725,0.02903662771911765,0.19823560259040685,0.33957729520177193
Akashi,mid,AL,3,71,0.62,11,0.182,20,52.4,56.0,62.4,50.2,59.7,Dragons Esports|Pyramid IV Esports,-24.0,99.33802816901408,-1.1690140845070423,730.3137647887324,0.23297669014084507,0.43661971830985913,1.1337830985915491,0.17661408450704225,0.5938385057433608,0.20375056785620918,0.0,559.4475225352113,0.0,0.18181818181818182,0.4438062474881557,0.7815727861176146,-0.12712714498683664,1.7272727272727273,2.3735633163877066,-0.323943661971831,-0.4601212652803069,-0.1359336912807676,0.05484765653044021,0.40092742261405667,-0.2572258588273646,0.25007007482272453
Shunn,bot,LCP,15,53,0.377,14,0.143,15,47.6,60.8,58.6,44.1,51.9,Ground Zero Gaming,-461.8679245283019,-80.41509433962264,-4.528301886792453,712.8483830188679,0.25923783018867924,0.660377358490566,1.4451603773584907,0.3334943396226415,0.6531363769872952,0.1747185089338066,0.0,333.52629056603774,0.0,0.14285714285714285,0.2959668834563982,0.3092557412881317,-0.449163360495411,1.9250440917107585,2.0604084592303353,-0.4528301886792453,-0.44374998098512786,-0.40131836150126743,0.31161189001854095,0.19208504554919265,-0.6076791833707802,-0.16647393533313098
Mietek,top,PRM,3,56,0.393,16,0.062,15,55.4,53.0,48.6,64.4,53.0,Eintracht Frankfurt|WLGaming Esports,239.23214285714286,-30.75,4.767857142857143,672.1882392857143,0.22597325000000001,0.2857142857142857,1.0856392857142858,0.14404285714285714,0.4238671384772511,0.2242747153258025,0.0,1301.2567910714286,0.0,0.0625,0.2662384731500994,-0.6071936280344717,0.5534861262007,5.375000000000001,2.004459314343183,-0.4107142857142857,-0.4802635540689109,0.021280358469002537,-0.10438315748742834,-0.34517045281642483,0.5188286600757992,-0.10347816354340175
Arp,jng,HC,3,45,0.578,8,0.25,16,53.8,54.6,57.9,56.4,56.1,Andromeda Gaming|Priority,3.4444444444444446,-182.95555555555555,-3.311111111111111,532.5383866666666,0.16867992,0.4444444444444444,1.4457777777777778,0.23816,0.638078452460128,0.170861769133123,0.0,1050.9235822222222,0.0,0.25,0.2778989525569932,-0.35525687727672406,-0.17364424822111554,6.678403755868544,2.3851391759997758,-0.4888888888888889,-0.43290083245673283,-0.06549472266676049,-0.019337973598437835,0.1558776938189051,0.07359644485798489,0.05587034492515322
bakisa,bot,EBL,3,31,0.355,13,0.077,10,56.8,51.6,53.0,46.0,47.0,BeFive|Dynasty|ZeroZone Gaming,88.06451612903226,-134.38709677419354,-0.1935483870967742,859.8190645161291,0.26385325806451615,1.5483870967741935,0.8937903225806452,0.15627741935483871,0.6026088016445661,0.22512677122176,0.0,420.05306451612904,0.0,0.07692307692307693,0.2813393734711825,0.0,-0.5132247988354697,0.0,1.7960530202677492,-0.5483870967741935,-0.6151841720343875,0.09305777127882621,-0.1820880861178688,-0.10352257270035366,-0.49556171788529657,-0.4346565314944133
Sh1vq,sup,LJL,15,25,0.6,7,0.429,12,56.3,52.1,65.2,57.0,56.0,NOVEX,169.48,-38.72,-0.56,247.342804,0.08395662,0.0,3.7140320000000004,0.405636,0.671821314747487,0.22446210157186844,0.0,543.2415880000001,0.0,0.42857142857142855,0.4966179989577052,0.0,0.26042538482898986,1.6690368455074338,2.4,-0.56,-0.2737571451732935,0.06908629095808336,-0.1527059518947592,0.5641933961894597,0.10800818974693657,0.055188617159574405
DiDi,mid,LRS,3,59,0.593,11,0.182,17,50.7,57.7,54.5,56.7,57.6,Volticons,-7.305084745762712,-89.59322033898304,-7.440677966101695,688.6887576271187,0.2348336779661017,0.6779661016949152,1.1497677966101694,0.1718677966101695,0.6589254982283589,0.2153126692427212,0.0,480.2549966101695,0.0,0.18181818181818182,0.30699713004362605,-0.37823037862013875,0.0034047010031472273,3.945168633670756,2.213211486674006,-0.3220338983050847,-0.4758480910396446,-0.22872684450265002,0.1436775006147445,-0.028272225631713374,0.08993934382796417,0.13630296457561195
Random,top,AL,3,33,0.606,3,0.667,12,54.9,53.5,68.3,49.7,48.9,FN Esports,-234.0909090909091,-315.8484848484849,3.1818181818181817,817.0358090909091,0.23373127272727273,0.2727272727272727,1.1530242424242423,0.07608484848484849,0.49057772687041945,0.2504869576654681,0.0,1448.3967727272727,0.0,0.6666666666666666,0.4872273188016933,-0.6402102302439149,-0.12287199035687583,0.0,2.088931871468374,-0.6060606060606061,-0.4819807515988467,-0.006874433620772344,-0.07934827111427603,0.7707222875175778,-0.2846145101872919,-0.3291331949914624
dylux,jng,HC,3,30,0.5,8,0.0,11,57.9,50.5,49.5,58.9,55.5,CITA Kaizen|CITA Kaizen Academy|GD Esports,103.9,21.7,-1.1333333333333333,577.08726,0.1836082,0.5,1.0673466666666667,0.1804,0.6784581097437135,0.20009698850861804,0.0,1006.83848,0.0,0.0,0.1685799388554593,-0.1000125230168411,0.11759874492432625,5.999999999999999,2.008316044185609,-0.5666666666666667,-0.18768211234236956,0.1522486344299558,-0.23865178087434427,-0.2956687705042872,0.2087204072407972,0.02615709281924731
Evi,top,LCP,15,70,0.443,12,0.167,13,52.6,55.7,54.4,54.0,43.8,Fukuoka SoftBank HAWKS gaming,-54.48571428571429,41.642857142857146,-4.671428571428572,623.1117685714286,0.2446156,0.22857142857142856,1.30139,0.1554714285714286,0.5132620823022098,0.24228129696804163,0.0,1514.0696542857143,0.0,0.16666666666666666,0.2613551928285516,-0.5490223561567034,-0.3368504651690492,7.51291627762216,1.5537971921347118,-0.5571428571428572,-0.625935717862023,-0.12853408033562583,0.038916866754217815,-0.03298026414914776,-0.051890457301363935,-0.6291784003188454
Wizer,top,CBLOL,15,22,0.455,8,0.125,9,52.6,55.7,52.1,56.5,50.3,Vivo Keyd Stars,-265.8636363636364,-284.1818181818182,-3.0,668.3422318181819,0.2262210272727273,0.3181818181818182,1.2004136363636364,0.14804545454545456,0.5069062285398602,0.19991210060961284,0.0,1313.8811045454547,0.0,0.125,0.1627097436555552,-0.7378666745920884,0.4260789061387268,1.2166666666666668,1.9188064472004938,-0.5454545454545454,-0.6638499229344195,-0.12495703267590359,0.03698266511087245,-0.15549156424961125,0.07889483881477388,-0.25091699337409074
Syzyfek,bot,AL,3,49,0.429,20,0.1,19,55.0,53.3,63.1,54.0,66.0,Bulldog Esports|Forsaken|One More Esports,-171.87755102040816,23.755102040816325,-1.2653061224489797,836.5803224489796,0.2822782244897959,0.8367346938775511,1.0632632653061225,0.22609183673469388,0.5757849273008101,0.2112287431150246,0.0,348.6560224489796,0.0,0.1,0.46320175507820505,1.6250349073790877,-0.11395316741040627,3.888888888888889,2.7142857142857144,-0.3673469387755102,-0.19113435570483678,-0.0006774386637490078,-0.09147056802945339,0.438267123123973,-0.0539813875890917,0.6137803953657481
Falleo,top,EBL,3,51,0.627,14,0.071,16,55.8,52.5,47.8,63.5,45.8,BeFive|The Secret Club|White Dragons,-21.980392156862745,73.2156862745098,-4.764705882352941,722.7018039215686,0.22306708235294118,0.5098039215686274,1.090964705882353,0.09613529411764705,0.4386152260172,0.21824071948345825,0.0,1400.4705823529412,0.0,0.07142857142857142,0.16431507732833653,-0.45726529550773964,0.42703860367590957,6.333333333333333,2.2404481344448155,-0.5294117647058824,-0.7758880069822759,0.041455065578956354,-0.1311977006321331,-0.38820851656750677,0.46147411223561435,-0.5057117829766261
Cor,mid,LRN,3,40,0.45,14,0.071,17,55.0,53.3,49.5,54.1,53.4,3v Team|Polar Squad Esports,-121.025,-163.425,4.75,767.1369525,0.249135225,0.725,0.8387874999999999,0.11455249999999999,0.6289266921720769,0.18931362411082303,0.0,594.6246375,0.0,0.07142857142857142,0.1797805656542948,-0.3958877945305555,0.1187482499766663,1.2,2.687936011143122,-0.35,-0.8557179943005716,-0.0006369119262628605,-0.09193763762037205,-0.29122981735930054,-0.04979965381429845,-0.08415368405295884
Coxinha748,mid,CD,2,28,0.679,4,0.25,10,56.9,51.4,57.7,55.7,54.4,Invokers,-96.82142857142857,-39.214285714285715,-4.25,839.2016035714286,0.2836088214285714,0.6071428571428571,1.0682642857142857,0.15921428571428572,0.6620281203737531,0.23134490399012025,0.0,406.505775,0.0,0.25,0.457758720593348,-0.9125018003744779,-0.02158630973514174,5.574079485680888,1.889822365046136,-0.5714285714285714,0.0,0.09922682346935338,-0.1930738610470012,0.1445135087304865,0.036156574545109885,-0.03046867859437674
DejaVu,mid,LIT,3,57,0.509,18,0.222,15,47.8,60.4,57.6,53.8,48.4,GMBLERS Esports,-97.6140350877193,108.66666666666667,-2.8421052631578947,633.6139719298245,0.21567475438596492,0.40350877192982454,1.2216736842105265,0.23113508771929825,0.606355712075463,0.17971785870696524,0.0,428.54977719298245,0.0,0.2222222222222222,0.2825785166700389,0.05565035602290675,-0.055507875515923705,2.8824249267858293,1.9867985355975657,-0.47368421052631576,-0.540208080575646,-0.3914391973843241,0.28579488174654155,0.1388805510243971,-0.06307417259222244,-0.35465986170654096
Sheo,jng,LEC,1,63,0.333,12,0.167,19,56.4,51.8,53.7,48.6,62.1,Shifters|Team Heretics,7.158730158730159,69.44444444444444,-0.25396825396825395,458.59822063492066,0.17983239206349205,0.12698412698412698,1.6414174603174603,0.3746936507936508,0.7041974495164428,0.20887426563724168,0.0,1074.7616825396826,0.0,0.16666666666666666,0.20982394845942737,0.0,-0.03942699290753953,0.0,2.3937749957251055,-0.3333333333333333,-0.5107783208093859,0.07350375368987834,-0.17131715976111123,-0.0660028617838487,-0.34151701754342506,0.38345639077500204
Kurama,jng,TCL,15,45,0.467,10,0.2,17,60.3,47.9,55.6,54.8,63.3,Bushido Wildcats|Otter Side|PCIFIC Esports,124.82222222222222,-42.22222222222222,-3.888888888888889,590.9195,0.20133555555555557,0.6888888888888889,1.3868444444444445,0.24650444444444447,0.6800286685294948,0.25886835212151166,0.0,919.8165044444445,0.0,0.2,0.2953223759400395,-0.3734019841768178,0.019245984950657286,2.3262186198356414,2.5342103744997617,-0.3333333333333333,-0.46440996089706676,0.2836904475115231,-0.3849800308813138,0.033604934399604484,-0.012851414198122024,0.4514060076290946
Breezy,sup,NACL,2,44,0.659,10,0.2,15,56.8,51.4,62.9,56.8,57.9,Contingent Esports|Conviction|Cupid Esports|Dignitas,36.31818181818182,162.0,4.2272727272727275,211.93846363636365,0.0735866,0.022727272727272728,3.6844431818181818,0.4168727272727273,0.6914172616165727,0.21896776130118054,0.0,642.51155,0.0,0.2,0.2851331773097069,1.2550288642029777,0.22649467288896705,2.745051391876789,2.2613350843332274,-0.38636363636363635,-0.43900686335132705,0.09311028964556695,-0.193165536813367,0.43068820550608017,0.09600697563134744,0.15415591036459628
Druxy,bot,HLL,3,68,0.515,15,0.267,17,50.6,57.5,61.8,49.0,56.4,GOAL|ZennIT,-94.77941176470588,-148.61764705882354,-2.073529411764706,759.3270779411765,0.2564804558823529,0.9411764705882353,1.0409852941176472,0.27183235294117647,0.597081705395567,0.18642615744672997,0.0,360.1939558823529,0.0,0.26666666666666666,0.3922755916399985,0.07083253302601532,-0.2994999829926188,2.6029062555378344,2.0615528128088303,-0.3235294117647059,-0.4837274333261575,-0.23206520535267763,0.1294991594705954,0.3678174046223783,-0.323931652076285,0.0713494924664262
seaz,sup,PRM,3,101,0.574,23,0.261,16,45.7,62.4,63.0,58.4,50.6,Eintracht Spandau,-33.04950495049505,-178.25742574257427,-1.504950495049505,217.1204306930693,0.07251242376237624,0.009900990099009901,4.192533663366336,0.44825346534653465,0.7043526141629264,0.21163621542567745,0.0,479.87450792079204,0.0,0.2608695652173913,0.41577171607389035,0.006395827399042159,0.11751501110911619,4.217028462680637,1.5920595043359826,-0.39603960396039606,-0.34928673111248504,-0.5131926449038616,0.40010960145183266,0.43710799510415566,0.18163253343070157,-0.2352632792651888
NaiNa,bot,LJL,15,27,0.667,8,0.375,12,54.5,53.6,63.5,54.9,56.2,L Guide Gaming,-105.55555555555556,62.074074074074076,-1.4814814814814814,760.9846740740742,0.25290707407407403,1.1111111111111112,1.0760925925925926,0.21864074074074072,0.6199499204859829,0.17110260686344375,0.0,318.41904074074074,0.0,0.375,0.3406313645621182,0.0,0.08506374698690208,2.8607142857142858,2.309401076758503,-0.5185185185185185,-0.23032838906674938,-0.028308737310835184,-0.07558580241668372,0.4637216702099284,-0.005809100627357747,0.06102991830057843
Inzuh,mid,LPLOL,3,25,0.4,6,0.0,10,54.6,53.5,47.9,47.6,49.9,Crystal Rose|Vantex Esports,102.48,-156.76,2.36,710.362256,0.25742872,0.6,0.788856,0.16796399999999997,0.6251653663845614,0.18802786578092592,0.0,406.99807200000004,0.0,0.0,0.10120296180487698,-0.6120490583465901,-0.6938905754439735,3.083333333333333,2.0,-0.44,-0.6737638012638414,-0.01904036351475302,-0.07887881095743185,-0.3830378305512778,-0.4006629964513841,-0.2728440000782477
Insanity,mid,NACL,2,51,0.569,7,0.143,16,53.7,54.4,61.5,46.4,54.9,Conviction,51.13725490196079,-171.19607843137254,-4.980392156862745,771.8286372549019,0.27024380392156866,0.49019607843137253,1.2438352941176472,0.18793137254901962,0.6615435691407902,0.22010460045227034,0.0,467.78016862745096,0.0,0.14285714285714285,0.5360754652842696,0.0,-0.1709257812739003,0.0,2.2404481344448155,-0.39215686274509803,-0.47445639131450096,-0.06749294209805934,-0.03005575436799312,0.3515803787498202,-0.46813264860540077,-0.007484224310829304
Divine,mid,LIT,3,37,0.378,11,0.0,15,54.5,53.5,52.9,62.4,54.1,EKO Esports|HANGMEN|StoneHenge Esports,-54.54054054054054,-182.6216216216216,-3.054054054054054,765.6828054054055,0.25260583783783785,0.7567567567567568,0.8518864864864865,0.1093027027027027,0.6188921786145826,0.1684264701921717,0.0,497.67540270270274,0.0,0.0,0.14751261460190052,1.098869737445681,0.6786310539310726,1.65,2.4659848095803594,-0.35135135135135137,-0.7130525345810452,-0.024728412277349326,-0.08089457473011878,-0.11282402183455326,0.3981314991165745,-0.046614815775587404
Aeru,bot,AL,3,78,0.628,9,0.222,19,58.0,50.0,61.0,51.7,61.8,Anubis Gaming|JSK Esports,201.34615384615384,122.52564102564102,0.34615384615384615,833.6067217948718,0.25314260128205124,1.1666666666666667,0.7915500000000001,0.14456410256410257,0.6032679431174623,0.18876616495811901,0.0,377.9785358974359,0.0,0.2222222222222222,0.43570938443652685,0.0,0.2347330470282594,0.0,2.151326364874732,-0.3717948717948718,-0.2215487016472177,0.156016577867285,-0.26423148555141973,0.3232975470046201,-0.17454184957979937,0.3645012842130457
Rajed,top,HC,3,34,0.353,4,0.0,15,53.7,54.3,50.6,55.7,58.5,KIA.eSuba Academy|SPIKE Syndicate,-65.0,-74.20588235294117,-5.529411764705882,691.150694117647,0.23623882352941178,0.3235294117647059,0.9579911764705882,0.13588235294117648,0.4469822542131354,0.20017375142550978,0.0,1445.7864735294118,0.0,0.0,0.28595424732042873,0.0,0.4049413218035824,0.0,2.5724787771376323,-0.47058823529411764,-0.3242099844729923,-0.07109983133806874,-0.03827202041824201,-0.23464553631889967,0.03586690441572682,0.1860597461873682
Bisgaard,mid,LIT,3,25,0.52,8,0.125,14,52.8,55.1,55.7,45.7,54.6,Colossal Gaming,143.68,59.64,0.32,660.23918,0.22410832,0.48,0.726456,0.098384,0.6678027763744011,0.14168702229410035,0.0,458.54767999999996,0.0,0.125,0.20713215356072498,0.7348099371445674,-0.6410719495422403,0.7280564263322884,2.8,-0.44,-0.6803831992376259,-0.11692512151149549,0.004817649668660487,0.03792660058987188,-0.5085699889879204,-0.020393997530500724
Effort,sup,LCK,1,116,0.509,33,0.182,19,49.0,58.9,60.0,55.0,47.1,KT Rolster|KT Rolster Challengers,20.20689655172414,-183.8706896551724,-0.06896551724137931,196.92373706896552,0.07486107586206896,0.008620689655172414,4.442558620689655,0.5214896551724139,0.731653583191741,0.2077005926370336,0.0,433.79036724137933,0.0,0.18181818181818182,0.27197598903519943,0.5819826909878464,-0.353677445735263,7.952656178066013,1.7641057126819928,-0.43103448275862066,-0.36881838041328435,-0.32285453779430895,0.20805736529302515,0.267334658285306,0.002498144250417389,-0.4307559871368215
Ilyxøu,top,ROL,3,56,0.5,11,0.182,17,57.7,50.2,57.7,61.1,55.9,Senshi eSports|mCon esports,149.76785714285714,236.33928571428572,-6.267857142857143,711.0632785714286,0.24183492857142858,0.42857142857142855,0.8012875,0.05248928571428572,0.5044213512070597,0.21241053576622806,0.0,1364.2903035714285,0.0,0.18181818181818182,0.38356424151429364,0.0,-0.09451706511900322,10.25,2.271720556255607,-0.4107142857142857,-0.46587379808366386,0.1442312624757651,-0.2530103237354246,0.1415500739531664,0.32582071028145626,0.04733062823256516
Guwon,jng,LPL,1,93,0.581,13,0.231,22,55.0,52.9,64.3,55.5,62.2,Ninjas in Pyjamas,133.7887323943662,123.80281690140845,1.1267605633802817,420.8700333333333,0.15889102365591398,0.16129032258064516,1.6959881720430108,0.3549129032258065,0.7289322890228959,0.23434808594978246,20.63157894736842,905.1731666666667,0.0,0.23076923076923078,0.4871851271018184,0.12928632480696134,0.05736243187156514,3.159607753357753,2.2812937284069355,-0.3763440860215054,-0.4278101826126892,0.0004233278970167467,-0.10850143393737255,0.5121894130824283,0.024284226636100817,0.3864860340160227
Kaii,bot,LES,3,35,0.286,17,0.0,14,54.2,53.7,49.8,58.9,53.7,LUA Gaming,-123.82857142857142,-38.65714285714286,3.4285714285714284,778.7001914285714,0.29687342857142857,0.5714285714285714,0.8937257142857143,0.20894,0.6152439520110424,0.2031707455808708,0.0,371.4007771428572,0.0,0.0,0.21587219014879505,0.0,0.831703984021865,0.0,2.3664319132398464,-0.45714285714285713,-0.5632408478486122,-0.04124650048837973,-0.0699430447609954,-0.2751671748070878,0.2077062133272714,-0.06685875624443528
MAXI,jng,AL,3,45,0.6,9,0.333,13,56.2,51.7,70.9,54.2,56.8,FN Esports|Forsaken,-113.33333333333333,-40.17777777777778,1.7333333333333334,551.7041911111112,0.16140322000000001,0.6888888888888889,1.3276444444444444,0.22361333333333333,0.6581650011701466,0.2001044751334148,0.0,945.8838266666667,0.0,0.3333333333333333,0.6745674601811458,0.5579098659640029,-0.012177792479609094,3.121996124031008,1.9379255804998177,-0.5555555555555556,-0.1110758657523803,0.060982766111435965,-0.17501506009728687,0.9614826199861473,-0.04316675064509272,0.09644967676274185
Hasu7,top,PCS,15,21,0.619,4,0.0,9,56.2,51.7,49.4,55.9,56.8,SillySilly Gaming,18.285714285714285,392.1904761904762,3.7142857142857144,626.4490047619048,0.21063390476190477,0.6190476190476191,0.9332333333333332,0.10032380952380951,0.44065706622327594,0.16727438081215748,0.0,1058.1383095238095,0.0,0.0,0.1630387931034483,-0.7477931904161412,-0.000316940468015291,5.481125356125356,1.9639610121239315,-0.5238095238095238,-0.09601555348796623,0.06185716003186853,-0.1752139814301753,-0.2969808925417619,0.04866647309951833,0.09730100437593553
CrabLord,sup,LPLOL,3,33,0.364,15,0.0,15,55.0,52.9,53.6,47.9,55.7,ALMO Players|Bubliki,-126.03030303030303,123.39393939393939,0.48484848484848486,218.83736363636362,0.08613575151515152,0.09090909090909091,3.387981818181818,0.33349999999999996,0.7019756406761255,0.2189570769603361,0.0,467.7378545454546,0.0,0.0,0.23689776733254994,1.0002607052075867,-0.6997641530560927,3.514619883040936,2.6111648393354674,-0.36363636363636365,-0.7320325811534395,0.0008407150788898449,-0.1093305043453111,-0.07194121871683491,-0.3832227155938921,0.034652365726495854
JayJay,mid,LIT,3,22,0.545,3,0.0,13,53.2,54.7,54.2,61.1,60.6,DMG Esports|Zena Esports,-126.95454545454545,-164.95454545454547,-11.545454545454545,772.6161863636364,0.25756795454545456,0.5909090909090909,0.8367227272727273,0.14506363636363637,0.6113622996756662,0.15394001126621448,0.0,432.7168909090909,0.0,0.0,0.5811992627161849,-0.004477218856992263,0.361438629230639,5.47936507936508,2.7716093126229358,-0.4090909090909091,-0.23339922357074358,-0.09306712100426776,-0.018203093039087875,-0.043522050201988155,0.3270369992757382,0.2974733498850688
Wooper,bot,LAS,3,48,0.167,22,0.045,16,51.3,56.5,51.9,64.6,56.9,HANJIN BRION Academy,9.208333333333334,-241.45833333333334,-1.4375,717.054125,0.27725286875,0.9166666666666666,0.9193395833333334,0.25147916666666664,0.6368558912320995,0.19321718001839824,0.0,364.24938125,0.0,0.045454545454545456,0.30689689525990005,0.0,0.8694833027177242,3.1873914817766384,2.3094010767585034,-0.375,-0.4868370755975478,-0.19756631730827945,0.07899246290666535,-0.1618370374876748,0.5274739653720936,0.09852262626348976
Flip,mid,LCKC,2,105,0.552,25,0.32,20,54.0,53.7,68.6,58.2,56.5,DN SOOPers Challengers,-163.93333333333334,33.819047619047616,1.361904761904762,734.2472133333333,0.24881435238095237,0.7904761904761904,1.227544761904762,0.19622666666666666,0.6278191607029739,0.20227966511758558,0.0,530.535459047619,0.0,0.32,0.428559697066472,0.021095000242471205,0.0746728757002423,5.195192870190866,1.9518001458970664,-0.38095238095238093,-0.3147632354192369,-0.05032079558652575,-0.06720916382180722,0.7926868325344957,0.16887059560959297,0.08049414502876878
xKenzuke,mid,LFL,2,24,0.25,8,0.0,14,51.6,56.1,50.8,45.4,60.7,Esprit Shōnen,-96.79166666666667,189.08333333333334,-3.25,685.8453458333333,0.2523811541666667,0.20833333333333334,1.1462541666666668,0.2025375,0.6666087427436111,0.18815313776498624,0.0,540.3734041666667,0.0,0.0,0.22764142687339176,0.0,-0.48860333215171925,0.0,2.8577380332470415,-0.375,-0.40805388868495535,-0.17883747836159833,0.05531351764576386,-0.22379433767347895,-0.5279745411254515,0.30652776613592225
Karaage,mid,LJL,15,42,0.476,12,0.083,13,59.5,48.2,56.9,67.1,43.9,Fast8|L Guide Gaming|VARREL YOUTH,162.1904761904762,65.76190476190476,7.666666666666667,760.0430809523809,0.2476549285714286,0.5952380952380952,0.9312476190476191,0.15152619047619048,0.5472785460215971,0.20269443130876605,0.0,519.3283023809524,0.0,0.08333333333333333,0.40622102735327587,0.0,0.036333056027778796,12.27616649537513,2.0059435495071947,-0.6904761904761905,-0.5510052964881311,0.23706177751735164,-0.3651314954830256,0.10075050872376204,0.685041620256942,-0.6196491109331553
Madblade,sup,LRN,3,26,0.692,2,0.0,13,52.2,55.5,50.9,53.0,58.5,SDM Tigres,30.76923076923077,33.57692307692308,-0.7692307692307693,213.84928461538462,0.07493536538461538,0.0,3.535326923076923,0.3231769230769231,0.7404185633371154,0.21235315756155032,0.0,506.45620384615387,0.0,0.0,0.31866701379848994,-0.38759053009555117,-0.26960210649502636,3.9249249249249245,2.5495097567963927,-0.4230769230769231,-0.3609516025762852,-0.14530728360953415,0.026702274215718014,-0.21813102107020582,-0.10440959688840432,0.1828540038197073
Corriragazzo,sup,LIT,3,30,0.433,8,0.125,12,54.3,53.4,57.7,50.8,47.4,EKO Esports|P11 Esports,23.666666666666668,67.9,1.2,208.28680666666665,0.07497060666666666,0.06666666666666667,3.31794,0.2868866666666667,0.6937769060437066,0.178740352984935,0.0,463.05432666666667,0.0,0.125,0.6991376697139392,-0.7115870021521375,-0.6881924976638634,5.8484078590785895,2.1908902300206643,-0.5,-0.8822450501979663,-0.034251975292451,-0.08324781829475747,0.14149973233204463,-0.2244277936115884,-0.4088536114152962
ManoloGap,top,LES,3,21,0.476,5,0.2,12,52.4,55.3,57.8,49.6,53.5,GIANTX iTero,-327.8095238095238,-385.85714285714283,-14.238095238095237,619.6445857142857,0.22293409523809524,0.9523809523809523,0.9973190476190477,0.0995904761904762,0.5315697474819188,0.22011506825628127,0.0,1342.8700142857142,0.0,0.2,0.4576963826244892,0.0,-0.4428966655341455,1.8730158730158728,2.618614682831909,-0.5238095238095238,-0.6043088070268895,-0.13623646421773172,0.01536548031350382,0.14677881522104333,-0.2889898689141131,-0.08051995239928013
MaiYuk,top,ROL,3,40,0.425,10,0.0,14,58.4,49.3,55.7,57.6,58.1,mCon esports,42.75,-25.725,3.0,763.5811275,0.2565909,0.425,0.7989200000000001,0.09162000000000001,0.4778733913288867,0.2634271635934124,0.0,1585.34722,0.0,0.0,0.2820568315472365,1.5389276274493895,0.162188047285464,4.700991112494381,2.2135943621178655,-0.425,-0.28060080742611354,0.17964146043998083,-0.3022860592828413,0.03595704697559676,0.13883527093237827,0.16236370132114392
Pallet,jng,HLL,3,85,0.635,15,0.067,15,51.6,56.0,51.5,56.9,50.3,WLGaming Esports,113.85882352941177,52.023529411764706,1.2823529411764707,472.6629705882353,0.14766185529411766,0.3058823529411765,1.5187141176470589,0.2798894117647059,0.685379457832189,0.21820757538947508,0.0,988.8795399999999,0.0,0.06666666666666667,0.1842178666902288,0.21405712413303482,-0.13263331126188393,6.274839730672299,1.6269784336399213,-0.49411764705882355,-0.3631252358505129,-0.18023906511879634,0.05300781417046769,-0.18596184956851827,0.10278996595028675,-0.24876132541002688
Pungyeon,mid,LCP,15,26,0.423,3,0.0,14,51.9,55.7,47.9,55.4,59.7,CTBC Flying Oyster,-104.23076923076923,-133.03846153846155,2.1538461538461537,675.1090692307693,0.22544623076923076,0.3076923076923077,1.4310038461538461,0.28431153846153845,0.560008006973359,0.21036834232572332,0.0,453.6073961538462,0.0,0.0,0.011569416498993963,-0.2232004142931123,-0.12258368694012263,5.144578313253012,2.745625891934577,-0.5,-0.15716200659540067,-0.16125429348771955,0.03892750027672377,-0.3802408391312179,0.020961073423243753,0.24780146558232008
Addusto,top,HLL,3,48,0.396,12,0.167,17,54.9,52.7,54.3,55.4,50.4,Eintracht Frankfurt|Lille Esport|Team Insidious,-41.8125,61.666666666666664,1.6458333333333333,687.5643416666667,0.24719026458333335,0.20833333333333334,1.21800625,0.08746458333333333,0.47575302256655344,0.2523165089942003,0.0,1127.6246708333333,0.0,0.16666666666666666,0.376556295345296,-0.6531760777661093,-0.512567242309058,10.666666666666666,2.4537386440559095,-0.4583333333333333,-0.7535006606057972,-0.006943301226812549,-0.12328567094880855,-0.0393710578961133,0.019814585486004455,-0.24340812781175875
Manaty,jng,LFL,2,40,0.375,13,0.077,16,52.4,55.2,56.2,46.1,62.6,Ici Japon Corp. Esport|ZYB Esport,-79.775,-157.575,-2.3,500.78659,0.178259595,0.175,1.550275,0.31503000000000003,0.6538536705126046,0.16238965732084365,0.0,993.4400925,0.0,0.07692307692307693,0.4021289320904494,0.0,-0.19497228820269197,0.0,2.5298221281347035,-0.425,-0.3560080270934682,-0.13647250412846829,0.009570429220729041,0.06126156630748116,-0.489023866182005,0.4095239383642033
Lucker,sup,RL,3,49,0.592,10,0.1,15,53.3,54.3,53.9,52.8,57.0,DOCISK|Forsaken,-101.44897959183673,-135.14285714285714,2.5918367346938775,260.93246122448977,0.07833345510204082,0.02040816326530612,3.5307,0.37247142857142856,0.7046047382723917,0.24063087685996304,0.0,676.2139999999999,0.0,0.1,0.3477922049238132,-0.1757727610724644,-0.17601782438029848,3.514032342201356,2.142857142857143,-0.3673469387755102,-0.39749107494978364,-0.0904014950785197,-0.034963646261938194,-0.05952031607215468,-0.1150566821421821,0.10718903916338564
Pretender,mid,PCS,15,35,0.629,1,0.0,15,56.2,51.4,46.3,62.1,60.3,Frank Esports,263.57142857142856,210.68571428571428,4.571428571428571,670.1630371428572,0.22873357142857142,0.4,1.0772685714285715,0.16942285714285715,0.5755327821099643,0.19893139978211527,0.0,477.82417428571426,0.0,0.0,0.02882373719533734,-0.4193698227142526,-0.12330051570557901,10.92578687318029,2.53546276418555,-0.45714285714285713,-0.1260103498731057,0.06479553973277087,-0.18840326751703684,-0.47291362442689056,0.38559741430898103,0.2848384638711115
FredSpaghet,sup,NLC,2,29,0.414,12,0.083,12,54.4,53.2,54.8,57.7,58.2,Ruddy Corporation|Sørby eSport,-58.06896551724138,83.62068965517241,-2.413793103448276,235.11916206896552,0.08182613448275862,0.034482758620689655,3.3124862068965517,0.341296551724138,0.757806346327923,0.16412947155814236,0.0,386.46206896551723,0.0,0.08333333333333333,0.2430788434309561,0.5030219488919521,-0.3819996979308262,8.855308641975308,2.2283440581246223,-0.5517241379310345,0.0,-0.03334831110533885,-0.09285875408383987,-0.010212497541329552,0.14391569446356137,0.16987550697555365
Nightmares,sup,ROL,3,21,0.381,10,0.3,8,54.5,53.0,66.4,58.3,45.5,The Bandits|mCon esports,7.619047619047619,285.04761904761904,-4.809523809523809,255.35018095238095,0.07483797142857143,0.0,2.944757142857143,0.2873142857142857,0.6858437786975331,0.16071414558561936,0.0,525.709980952381,0.0,0.3,1.1525298920968214,0.0,0.20783348198022789,5.358208955223881,1.7457431218879391,-0.7142857142857143,-0.6107410283231175,-0.02487711596080884,-0.1080884147442918,0.6434087564512193,0.17241519398495092,-0.521598033140682
Krest,top,AL,3,36,0.722,6,0.333,9,52.9,54.6,61.4,48.6,43.5,FN Esports,-143.5,-122.63888888888889,-1.7222222222222223,707.4844861111111,0.21625943333333333,0.3333333333333333,1.309225,0.13030277777777777,0.41876987126682297,0.228346783721333,0.0,1228.5808138888888,0.0,0.3333333333333333,0.3909726636999364,0.0,-0.1957446808510637,0.0,1.5,-0.6111111111111112,-0.54299270685801,-0.10873920843341406,-0.01901198554695096,0.3456490868904906,-0.34538277969343345,-0.6451817038101382
Van1,jng,LCP,15,70,0.443,12,0.167,17,45.2,62.3,53.2,51.6,54.5,Fukuoka SoftBank HAWKS gaming,-35.142857142857146,-255.71428571428572,-4.485714285714286,383.1464142857143,0.14766037142857144,0.12857142857142856,1.9489971428571429,0.42499857142857145,0.7469035795656376,0.21489501522955906,0.0,947.7197514285714,0.0,0.16666666666666666,0.2996362172893467,-0.5439192496720252,-0.3057172680218231,4.36001036001036,2.0318886358684694,-0.4142857142857143,-0.43279797080667715,-0.5397217451304183,0.3959422603175946,-0.09431799288311139,-0.17740467458030112,-0.02582312304167432
nuc,mid,LEC,1,61,0.311,12,0.167,15,55.5,52.0,58.9,56.9,50.8,Shifters,-42.65573770491803,-90.88524590163935,-2.180327868852459,670.9457524590164,0.25674824590163936,0.5245901639344263,1.260850819672131,0.20877704918032788,0.6532878000959004,0.19677890199856704,0.0,493.3518606557377,0.0,0.16666666666666666,0.6220404759235328,0.0,0.33110426424239364,0.0,1.9205531989934397,-0.4426229508196721,-0.30339290498437566,0.024984432763816077,-0.15974870367206292,0.20838727896777928,0.10194927536626913,-0.22081131949443156
Yeon,bot,LCS,1,90,0.622,10,0.1,16,61.2,46.3,45.8,61.1,54.3,Team Liquid,100.21111111111111,192.54444444444445,3.188888888888889,771.2404577777778,0.2759888777777778,0.7888888888888889,1.1701844444444445,0.2836688888888889,0.6222960528182668,0.19466703287236367,0.0,346.6860433333334,0.0,0.1,0.21881382936681268,-0.558435816060035,-0.01405653170359038,7.8313725490196076,1.6865480854231356,-0.35555555555555557,-0.3356497791963178,0.33312997893207075,-0.47528934019252456,-0.5031627903444376,0.3288245796734247,-0.037412082402341146
GoDirr,top,HC,3,41,0.317,14,0.071,15,56.5,50.9,57.6,51.9,54.3,BRUTE|Diversion Gaming,320.0487804878049,153.3170731707317,6.317073170731708,667.5814878048781,0.23187390243902442,0.1951219512195122,0.8856682926829269,0.0817829268292683,0.4160372406843471,0.17885536540922667,0.0,1316.6900731707317,0.0,0.07142857142857142,0.5885349901539905,0.0,0.1067836584947091,0.0,2.342606428329091,-0.5609756097560976,-0.32274332168651854,0.07787382553165219,-0.2184847427287667,0.13650139545924903,-0.1638838408779586,-0.039264040695282755
Pinnnk,top,LJL,15,40,0.7,4,0.0,12,54.7,52.7,49.8,57.2,57.0,Inferno Drive Tokyo,66.625,218.05,-2.75,626.6557225,0.217510205,0.425,1.15866,0.13118000000000002,0.4457066481347904,0.19985528701318173,0.0,1270.929625,0.0,0.0,0.12968200843199892,0.0,0.12901419268124878,4.748418873418873,1.8973665961010275,-0.475,-0.1768378086734987,-0.015047377616686971,-0.12361998133871589,-0.2762737640004174,0.1179292245791044,0.1060654335938908
Vorkis,top,HC,3,30,0.467,9,0.0,11,51.2,56.2,51.8,61.3,50.9,CITA Kaizen Academy|EXILE esports Academy,-147.96666666666667,5.666666666666667,-3.0,624.01335,0.20439183333333333,0.26666666666666666,1.16419,0.13791,0.4258818514073932,0.18787257035310834,0.0,1481.6596866666666,0.0,0.0,0.25169602500739235,0.4471425686591275,-0.23753074472803515,14.166666666666666,2.008316044185609,-0.5666666666666667,-0.39004907662157495,-0.20194852461687926,0.06192793705721564,-0.17176486284532433,0.33954595891913286,-0.21524438529883036
Samkz,jng,CD,2,40,0.525,12,0.417,13,51.2,56.1,67.3,47.8,53.4,paiN Gaming|paiN Gaming Academy,-115.275,-400.175,-9.425,504.51392,0.1845343075,0.3,1.578675,0.33804,0.7636402061131163,0.26596457516866556,0.0,1157.514815,0.0,0.4166666666666667,0.3761169369794652,0.3009073535235273,-0.372018814853334,3.802758402569643,2.0554804791094465,-0.425,-0.6110906487080937,-0.20374644911805312,0.057808567836880966,0.6998166034509314,-0.3889204587766113,-0.08213798753191286
Kaylem,top,EBL,3,45,0.333,12,0.083,13,51.8,55.5,54.2,49.1,55.5,EKO Esports|SPIKE Syndicate|The Secret Club,-23.133333333333333,-77.06666666666666,2.911111111111111,640.2562777777778,0.22328193333333332,0.15555555555555556,0.9916977777777777,0.10290888888888888,0.48324848813986726,0.17842227358520862,0.0,1279.9979,0.0,0.08333333333333333,0.37952678027997566,0.0,-0.09754010151423982,0.0,1.9379255804998177,-0.4222222222222222,-0.3067733001185357,-0.1681411571692967,0.027172904982625014,-0.041375774301303965,-0.3182193468317684,0.025915774482576703
AoJune,mid,NACL,2,63,0.556,13,0.077,18,48.5,58.8,56.1,61.7,52.7,CCG Esports|Maryville University,-152.93650793650792,-118.44444444444444,-4.634920634920635,719.6821492063492,0.2537572380952381,0.4444444444444444,1.2494174603174604,0.23693809523809523,0.6759996503006303,0.21713657484290963,0.0,609.5242777777777,0.0,0.07692307692307693,0.3224067108974453,0.3546947587345005,0.41979596441464667,2.6203908745575415,2.2677868380553634,-0.4126984126984127,-0.5257075958915818,-0.34996580346787337,0.20279433044821055,0.05650476121605817,0.36205755117130933,-0.11879563200227009
Leleko,mid,CD,2,42,0.548,10,0.1,15,51.6,55.6,54.3,53.1,51.2,INTZ,-58.0,138.66666666666666,4.9523809523809526,659.072880952381,0.2267455714285714,0.5476190476190477,1.3390166666666667,0.1846142857142857,0.6166744050868027,0.17128983678713983,0.0,447.29755,0.0,0.1,0.3745348278030555,-0.30868667849512993,-0.0138779268613523,2.9583333333333335,2.3145502494313788,-0.5,-0.468198869376538,-0.179197270858534,0.03026820094528425,-0.035106407037759774,-0.10020658023155801,-0.2034238999495158
Stookbeer,sup,ROL,3,38,0.447,6,0.0,14,59.1,48.1,50.7,52.0,53.1,mCon esports,107.84210526315789,-101.3157894736842,-0.7894736842105263,264.2426815789474,0.0896090394736842,0.10526315789473684,3.742623684210526,0.41182894736842107,0.5441954354558733,0.2649230182799604,0.0,672.3287684210527,0.0,0.0,0.2845350076379701,0.0,0.11168214408550949,0.0,2.271099895830676,-0.39473684210526316,-0.6615048527886427,0.2196980360029429,-0.36909670459685595,-0.22712242012461878,-0.15594969060580682,-0.10241094238681511
Endless,bot,EBL,3,41,0.463,14,0.071,21,56.9,50.3,49.2,56.5,66.8,Lenovo Legion Honvéd,-132.5121951219512,46.24390243902439,-4.2926829268292686,868.9074512195123,0.28291143902439025,1.2682926829268293,0.7273048780487804,0.15779268292682927,0.62758073578976,0.2203730617054388,0.0,406.6160512195122,0.0,0.07142857142857142,0.17597944406590924,-0.4517580022517915,0.07438538628466883,4.073378158484541,3.2796489996607274,-0.34146341463414637,-0.38396191053016343,0.10150567973929198,-0.24860047139067265,-0.3113688060852399,0.07722635574456453,0.6706516760674466
Rapport,sup,LAS,3,20,0.65,1,0.0,8,56.9,50.3,50.6,60.2,51.4,Dplus Kia Academy,5.6,-68.1,5.05,275.400525,0.08502064000000001,0.0,3.8758000000000004,0.43619,0.49665394909749744,0.24128976632952606,0.0,590.506375,0.0,0.0,0.1254125412541254,0.0,0.8549141965678626,1.9421611429583796,1.7888543819998317,-0.75,0.0,0.0979753312242858,-0.25104491886357067,-0.23621998275650868,0.27875310771684336,-0.19004555001624113
Ranorr,sup,HC,3,33,0.455,11,0.0,13,54.2,52.9,50.2,64.1,57.6,CITA Kaizen Academy|Dynasty,-85.75757575757575,-34.878787878787875,-0.45454545454545453,249.06944848484852,0.0814314,0.06060606060606061,3.2865333333333333,0.2704848484848485,0.7323147613564571,0.2192444417869095,0.0,554.9076242424243,0.0,0.0,0.22284348649501737,0.0,0.3315890478852461,8.72413793103448,2.263009527424072,-0.42424242424242425,-0.29867476628191153,-0.04412819049949285,-0.10854628639678342,-0.25443608093557757,0.49886243010921805,0.1372483533773089
PerfecT,top,LCK,1,112,0.464,31,0.161,21,51.5,55.6,56.8,57.9,58.4,KT Rolster,-57.94642857142857,-46.848214285714285,-1.7589285714285714,575.7639973214285,0.22121027142857144,0.22321428571428573,1.30735625,0.20173660714285716,0.5033388648416439,0.19203498556491716,0.0,1096.6790214285713,0.0,0.16129032258064516,0.31519979637308365,0.30653645293263715,-0.10317338479757884,6.611111111111112,1.9843134832984428,-0.36607142857142855,-0.26108294406463833,-0.18599031658327098,0.03320146051844579,0.09494037664411811,0.1506147064225943,0.1805735861511524
Twight,jng,HW,3,47,0.574,8,0.125,17,56.5,50.6,56.0,56.1,60.2,BRUTE|Galions Sharks,79.2127659574468,69.17021276595744,-5.787234042553192,559.6547446808511,0.1852504680851064,0.3617021276595745,1.1312744680851063,0.21169574468085106,0.7256858114233503,0.2505332226346266,0.0,1087.1747978723404,0.0,0.125,0.28547953391096503,0.13634536397797792,0.141465677179963,2.787474135882521,2.4797048554642074,-0.3617021276595745,-0.43988543218347176,0.07924348747806677,-0.23602133425072214,0.05383968030919023,0.05851006207622593,0.27925726367778503
Kaplica,top,LPLOL,3,34,0.471,11,0.091,13,57.6,49.5,51.1,48.1,58.0,Crusaders|Lund Esports Organization,274.97058823529414,-9.411764705882353,12.705882352941176,689.0968705882353,0.23489126470588237,0.38235294117647056,0.8987647058823529,0.08083823529411764,0.4271503614816452,0.20308761962460495,0.0,821.5705676470589,0.0,0.09090909090909091,0.294808629696824,-0.6308252892667646,-0.34793204289096225,1.1538461538461537,2.2294816068526147,-0.4411764705882353,-0.2502002506415152,0.1391689499323791,-0.2957768660586698,-0.20703954064334004,-0.3691812601307034,0.15654675100156312
VeRu,mid,EBL,3,31,0.323,11,0.091,8,53.8,53.3,55.4,56.4,50.2,Lupus Esports|SPIKE Syndicate,-114.83870967741936,-222.61290322580646,2.4516129032258065,749.4873,0.273345935483871,0.41935483870967744,0.9354806451612904,0.13806451612903226,0.589703792717375,0.18372886638840355,0.0,492.90915806451613,0.0,0.09090909090909091,0.48114628492095723,0.0,0.2707293511511834,1.4,1.4368424162141993,-0.5483870967741935,-0.1468949096066057,-0.06452489414212983,-0.09031102547705808,0.01849331772049926,0.0714844506910844,-0.255229655213949
Trila,jng,HC,3,28,0.821,2,0.0,14,56.0,51.1,55.6,51.6,63.3,Ethereal Enigmas,-70.28571428571429,-48.857142857142854,1.1785714285714286,575.1263607142857,0.15479758214285713,0.6428571428571429,1.160642857142857,0.21117499999999997,0.6274366315449912,0.17071146658372996,0.0,946.8250178571428,0.0,0.0,0.4265794170136823,0.45186307398189235,-0.1779484919085699,2.2824675324675328,2.6457513110645903,-0.39285714285714285,-0.14322113632077293,0.054455331549243174,-0.20740904246202319,0.029796999180532746,-0.1801182058201528,0.4524259624713045
Pollu,sup,LCKC,2,94,0.553,22,0.182,17,55.1,51.9,54.1,52.0,53.6,KT Rolster|KT Rolster Challengers,-8.617021276595745,-117.85106382978724,-2.074468085106383,261.22954468085106,0.08545048936170213,0.031914893617021274,4.041156382978723,0.4326393617021277,0.6972181977368972,0.2353620279727718,0.0,535.6658382978724,0.0,0.18181818181818182,0.32180932934304063,-0.3277179940649262,0.0016645061559342317,1.7826494800569315,1.7534161186399486,-0.3617021276595745,-0.33335664386748215,0.0060176870284943985,-0.16247905784774083,-0.046346959807448934,-0.15670713861885938,-0.0737514423799893
KNEZA,bot,HM,3,54,0.389,22,0.091,20,52.8,54.2,51.6,65.0,60.9,BRUTE|EXILE esports,-436.3703703703704,-161.03703703703704,-0.3333333333333333,866.02165,0.27297699999999997,0.9444444444444444,0.9669314814814816,0.22010185185185185,0.5902304761204311,0.20404195699933153,0.0,428.113912962963,0.0,0.09090909090909091,0.34875922199865866,-0.563544700308336,0.4984651761421042,6.140123456790124,2.721655269759087,-0.3333333333333333,-0.5518534952761138,-0.11840748591736308,-0.04153411862390599,-0.1778249144974246,0.5557225307840069,0.31392716546471444
YoungJae,jng,CBLOL,15,64,0.516,19,0.263,20,49.2,57.7,63.8,59.4,63.3,LOUD,-210.8125,-253.484375,-3.296875,465.46970625,0.17703985,0.234375,1.990771875,0.3897796875,0.6966168521906276,0.2351687376257346,0.0,925.11005,0.0,0.2631578947368421,0.329840826930214,0.28759146209464453,0.01523220449908255,4.911931818181818,2.5,-0.34375,-0.486889810576638,-0.3116644254493466,0.1406716088057424,0.481993501737909,0.2340639715249009,0.45215594727220154
Comp,bot,LFL,2,28,0.429,9,0.111,13,54.6,52.3,54.4,50.0,59.1,Joblife,126.71428571428571,169.64285714285714,4.857142857142857,720.3711571428572,0.27074846428571425,0.7142857142857143,1.0236214285714287,0.20813571428571429,0.5996334282594209,0.16033573439750728,0.0,339.22668571428574,0.0,0.1111111111111111,0.3789342065268452,-0.12216532553035851,-0.1362609293643777,2.2941176470588234,2.456769074559977,-0.32142857142857145,-0.4205705607377847,-0.01898334813504215,-0.14290561569786453,-0.030791211888839765,-0.26663341730450674,0.2172270516849925
OMON,mid,LFL,2,114,0.693,13,0.154,24,59.9,47.0,57.3,51.9,57.5,Galions,180.31578947368422,25.95614035087719,-0.16666666666666666,786.6348245614034,0.24767555263157892,0.7280701754385965,1.114680701754386,0.1883122807017544,0.6179442715138287,0.24055160806615278,0.0,490.3149798245614,0.0,0.15384615384615385,0.3282064951657887,-0.08066612607026169,-0.039653663677046744,3.1996791218351626,2.2478059477960657,-0.32456140350877194,-0.5258637323144152,0.2593893073344364,-0.43464348546478443,0.11968371042983761,-0.1648765323736591,0.1321115094110178
Sidav,bot,ROL,3,31,0.419,9,0.111,12,54.7,52.2,57.6,60.8,48.2,Onion Team|Senshi eSports,-38.87096774193548,42.225806451612904,-2.0,783.2501967741935,0.2764210967741935,0.967741935483871,0.7097354838709677,0.17756774193548386,0.604293847403913,0.17323089759114702,0.0,350.3873387096774,0.0,0.1111111111111111,0.7466697326092299,-0.8524060162119106,0.07345562741698905,7.937728937728938,2.155263624321299,-0.6129032258064516,-0.6041773576009432,-0.015498301899161057,-0.14572399135018704,0.13510980259715274,0.3127416696287415,-0.3670779190104358
belit,jng,RL,3,46,0.435,12,0.0,16,50.4,56.5,45.2,65.7,59.2,Deer Gaming|LODIS|Zerolag Esports|devils.one inStreamly,-199.7391304347826,-473.4782608695652,-10.304347826086957,545.5823913043479,0.18141313260869565,0.391304347826087,1.6156695652173914,0.2672565217391304,0.6845530272742834,0.21155444563972053,0.0,926.628647826087,0.0,0.0,0.170701576976687,-0.7386529217462549,0.3595523386655315,7.909090909090907,2.359071298478354,-0.30434782608695654,-0.5259774674347174,-0.24305038569601606,0.07737669549675595,-0.5421294381474153,0.594488262231615,0.22517358179963637
Grevthar,mid,CD,2,52,0.692,7,0.143,15,44.8,62.1,55.5,56.0,53.9,KaBuM! Ilha das Lendas,5.8076923076923075,-111.51923076923077,-4.3076923076923075,588.2191211538461,0.21934946153846152,0.4807692307692308,1.4116115384615386,0.24141153846153846,0.6457601415504997,0.14605181789669297,0.0,476.40785576923076,0.0,0.14285714285714285,0.3465319937677967,-0.2888911256078458,0.14154708329795354,2.9165448598852404,2.0801257358446095,-0.4423076923076923,-0.3445619279311289,-0.5652614821471731,0.3832612673087969,0.024107268052776812,0.053011020632799756,-0.056461591621890204
Tempester,mid,LCKC,2,80,0.388,14,0.0,18,49.5,57.3,46.6,59.1,56.9,HANJIN BRION Challengers,117.3875,-133.3625,0.95,644.0339974999999,0.24664048749999998,0.5125,1.27533875,0.20485250000000002,0.6441703131656187,0.17981763741053497,0.0,470.2127925,0.0,0.0,0.1976931314075438,0.0,0.4393370216059925,0.0,2.0124611797498106,-0.3625,-0.3615595567209123,-0.29636433258663253,0.11949015719316194,-0.4571632578168739,0.21887189898324605,0.0977492392158208
Starry,bot,LPL,1,27,0.407,7,0.0,11,48.8,58.0,55.8,60.6,57.7,Oh My God,-488.4782608695652,-28.347826086956523,-2.782608695652174,723.3817925925927,0.279394,0.4444444444444444,1.3719851851851852,0.3289814814814815,0.750793296480431,0.20586841852116078,0.0,347.367052173913,0.0,0.0,0.06403227090576152,2.4808016681497618,0.2527870154170303,5.904761904761905,2.116950987028628,-0.48148148148148145,-0.2181131905221638,-0.3329699400363394,0.15920316825551617,0.04434089061852711,0.2986962388784842,0.14378818278864286
Rest,top,LCP,15,87,0.46,18,0.167,23,51.5,55.3,63.7,58.9,57.7,CTBC Flying Oyster,-32.62068965517241,192.35632183908046,-4.114942528735632,598.7410402298851,0.21830996551724138,0.26436781609195403,1.1509597701149425,0.11860114942528736,0.49999807216761705,0.18126298487321807,0.0,1308.7288425287356,0.0,0.16666666666666666,0.2540134437850864,0.9083747103608079,0.1844360322979428,4.601282085775439,2.465858830126928,-0.42528735632183906,-0.5271105648291942,-0.1865083790566139,0.014148432669506543,0.4730830665904663,0.2067028500946748,0.14269524337606365
Robo,top,CBLOL,15,30,0.267,8,0.0,14,50.5,56.3,47.6,55.0,56.3,paiN Gaming,-262.3,-367.8,-6.466666666666667,621.8237266666667,0.2337667,0.23333333333333334,1.1770966666666667,0.17041333333333333,0.503901540436073,0.19928181985213422,0.0,1311.63274,0.0,0.0,0.14654600820215613,-0.8094388772852081,-0.13078532206048976,5.774193548387098,2.556038601690775,-0.43333333333333335,-0.5855040444112657,-0.24064088008980467,0.0699092170503915,-0.3977227008743015,-0.0008658949358932716,0.06903221259826459
Lokmays,sup,AL,3,40,0.425,11,0.091,11,57.5,49.3,51.4,51.3,49.9,JSK Esports,14.5,79.375,3.275,248.6218525,0.0840233725,0.025,3.3603724999999995,0.312595,0.6501071833991683,0.23130089968949927,0.0,490.48026250000004,0.0,0.09090909090909091,0.3130266307632495,-0.6589622378908794,-0.18231909373474794,2.2174568653037547,1.7392527130926085,-0.625,-0.16394674029285247,0.13324235958404787,-0.30398282962532563,-0.18904412940193993,-0.19391741986726044,-0.26938495515613425
zekas,top,CD,2,56,0.536,14,0.214,17,51.5,55.3,58.6,52.3,51.9,Vivo Keyd Stars|Vivo Keyd Stars Academy,-102.30357142857143,-76.14285714285714,-5.196428571428571,632.8947982142856,0.23196529821428571,0.21428571428571427,1.3284267857142857,0.1748875,0.49392237800474004,0.2333758167885526,0.0,1075.8017535714287,0.0,0.21428571428571427,0.21746926229508198,0.4729409620991253,-0.20197537933008874,4.335802469135802,2.271720556255607,-0.5,-0.4643208899266135,-0.1861145706187542,0.013545769114877367,0.1885528271886337,-0.14502911494251747,-0.16503176306412248
Loading,top,HLL,3,57,0.281,28,0.071,14,50.5,56.2,58.4,53.3,48.1,Gamespace Mediterranean College Esports|One More Esports|The ParadOx Invaders,-352.8070175438597,-33.719298245614034,-3.1052631578947367,664.9490315789474,0.23766357719298245,0.17543859649122806,1.1648561403508773,0.09100877192982457,0.42851978817614056,0.14496451845362118,0.0,1140.9438245614035,0.0,0.07142857142857142,0.43467753837072026,0.8282871467993315,0.11135451030388181,1.461538461538462,1.8543452998910612,-0.47368421052631576,-0.5476562558279209,-0.2395920432075232,0.06404915740422859,0.18101958564344545,-0.09124799434258113,-0.3741122953405973
FullClear,jng,RL,3,28,0.393,7,0.143,13,56.0,50.7,56.3,52.1,58.8,DOCISK,74.53571428571429,152.28571428571428,2.4285714285714284,501.59736785714284,0.18018924642857143,0.39285714285714285,1.3323892857142856,0.2318,0.6523783710415267,0.23999073103555055,0.0,1029.1647892857143,0.0,0.14285714285714285,0.3210202177293935,0.0,-0.07527238378171809,1.5576923076923077,2.456769074559977,-0.39285714285714285,-0.39633389874135233,0.053630905486865284,-0.22772584324082026,0.06691485346890949,-0.15530314267428275,0.200752802477025
Sven,top,PRM,3,40,0.225,18,0.056,22,51.6,55.1,51.7,56.3,67.0,VfB eSports,-202.8,-36.2,-1.425,671.679515,0.2295424,0.125,1.06746,0.139675,0.42802860572582757,0.17792249440217273,0.0,1153.8868225,0.0,0.05555555555555555,0.4001955834312353,-0.5663737265311323,0.19182308667569317,3.0909090909090904,3.478505426185217,-0.35,-0.43584134829504934,-0.17988195784863517,0.004852290234632087,-0.17270887659903666,0.06864745249594517,0.6833301603458002
Czekolad,mid,LFL,2,43,0.512,10,0.1,10,55.8,50.9,50.5,69.6,41.4,Joblife|LODIS,139.74418604651163,172.7906976744186,3.5813953488372094,696.2978930232558,0.24580225581395349,0.5348837209302325,1.1294348837209303,0.15796511627906976,0.6269578383745601,0.2009456572256035,0.0,425.72295116279065,0.0,0.1,0.2839558195296292,-0.6526327892860817,0.9438279949997779,3.452830188679246,1.5249857033260468,-0.5348837209302325,-0.5494517419112724,0.041825450853137366,-0.21551002413496745,-0.23809064344626454,0.8658566380843538,-0.790556027878647
Nikolex,jng,HLL,3,26,0.269,14,0.0,18,50.0,56.6,51.5,51.4,67.8,Howl Esports|Spartans EU,-282.9230769230769,-414.0769230769231,-5.5,516.1835615384615,0.1812725769230769,0.11538461538461539,1.2316038461538463,0.23391923076923077,0.7467076719867887,0.19649313293544063,0.0,1107.327776923077,0.0,0.0,0.25668530927465766,0.0,-0.01428766050202657,0.0,3.530090432487313,-0.3076923076923077,-0.21085627346232663,-0.266616615067662,0.08574818604721599,-0.1856543703913152,-0.19146681121388914,0.736869019691506
Farfetch,sup,PRM,3,33,0.333,11,0.091,14,50.0,56.6,57.0,52.6,58.0,Eintracht Frankfurt,-155.84848484848484,-288.6969696969697,0.3333333333333333,242.4637515151515,0.0793443393939394,0.030303030303030304,3.911148484848485,0.41773636363636363,0.7061114715749807,0.23409210712023806,0.0,482.4960696969697,0.0,0.09090909090909091,0.5391416794633477,0.0,0.14396410365538262,0.0,2.4370871833797696,-0.3939393939393939,-0.42092818186144754,-0.26485534153863216,0.08636726302169354,0.10688543191389308,-0.126244432325471,0.15722346966398534
Axelent,bot,LFL,2,66,0.561,17,0.353,16,49.9,56.7,65.8,58.2,50.1,TLN Pirates,-29.53030303030303,-288.8636363636364,-3.606060606060606,790.0378606060606,0.2748834696969697,0.8636363636363636,1.0866772727272727,0.2440712121212121,0.6662066221482088,0.17053003277847786,0.0,364.1537666666667,0.0,0.35294117647058826,0.49061372411511045,-0.284078927995842,0.1679151923927464,5.766854072963518,1.9694638556693236,-0.4696969696969697,-0.39484404676846246,-0.27289906149409165,0.08715640695643831,0.6052719658099972,0.16808198023944831,-0.2585970983250129
Houndin,sup,CD,2,24,0.292,12,0.083,12,52.6,54.0,58.3,46.6,53.9,RED Academy|Team Solid|Vasco E-Sports,-152.54166666666666,-96.95833333333333,2.4166666666666665,234.56483333333335,0.08451406666666667,0.0,4.154437499999999,0.49907083333333335,0.6852996431514918,0.25993518460682613,0.0,687.5803125000001,0.0,0.08333333333333333,0.8018300448694085,0.0,-0.6572046025348985,0.0,2.4494897427831783,-0.5416666666666666,-0.48011968878302086,-0.12757021360657045,-0.052142583162001356,0.1772332817692458,-0.459840050894756,-0.056213910407413
Sobakk,sup,HC,3,33,0.758,4,0.25,12,56.8,49.8,59.9,50.7,55.4,EXILE esports Academy|Ethereal Enigmas,33.27272727272727,18.303030303030305,-1.1818181818181819,292.2383787878788,0.08302502424242425,0.0,2.874966666666667,0.2430969696969697,0.7361703647920964,0.23523413236410928,0.0,558.6707272727272,0.0,0.25,0.3692595243923849,0.25393385171249155,-0.2053740641647415,1.4926523297491041,2.088931871468374,-0.45454545454545453,-0.30604859845225124,0.09652285539400297,-0.2781095205069181,0.2604953214403105,-0.23040606716702755,0.01942956245592337
Death,jng,EBL,3,25,0.6,3,0.0,9,53.8,52.8,47.5,47.4,49.9,Magaza Esports|TQ DURPA KASHLQ,130.0,-29.6,-1.44,481.40352400000006,0.16396529199999998,0.36,1.198712,0.27755199999999997,0.6401248858354122,0.19250891075242108,0.0,1040.005132,0.0,0.0,0.13118631087630162,-0.6955020088409138,-0.4913805938057008,1.016,1.8,-0.56,-0.5248447105378071,-0.06218398374943789,-0.11691545704246545,-0.4036024638513538,-0.41061787611104106,-0.2692465800116817
TheShy,top,LPL,1,30,0.7,0,0.0,17,60.8,45.8,48.7,57.3,64.5,Invictus Gaming,276.42857142857144,422.95238095238096,5.619047619047619,647.0846433333334,0.21317635,0.13333333333333333,1.1045066666666665,0.13670333333333332,0.45308384560089593,0.22713999448973873,0.0,972.861556,0.0,0.0,0.0,0.6798499296545256,0.22544708296687196,3.60454999286835,3.1037611591959413,-0.4,-0.27329631377095337,0.3105317332542047,-0.5028292200653043,-0.3401324276533372,0.12336736237723706,0.5226778401729182
Tigrot,sup,LIT,3,27,0.37,5,0.2,10,52.6,53.9,64.9,60.5,50.7,Axolotl|TIGROTS,-58.48148148148148,-192.88888888888889,-1.5555555555555556,249.2813925925926,0.07434028518518518,0.07407407407407407,3.6542444444444446,0.4117074074074074,0.5878773208144424,0.18258006340133617,0.0,656.3669518518518,0.0,0.2,1.1035691900995586,-0.3207278634555184,0.6562575403076039,2.937931034482758,1.9245008972987525,-0.5925925925925926,-0.34349841539416875,-0.1259460145818193,-0.05772977553986986,0.5484163792898753,0.2950106534449963,-0.22872534267764355
Skream,bot,AL,3,83,0.422,24,0.083,19,49.8,56.7,49.7,58.5,60.6,Disruptors|GnG Amazigh|JSK Esports,-340.43373493975906,-137.93975903614458,-5.373493975903615,794.5923240963855,0.26358143373493975,0.9759036144578314,1.0833590361445784,0.26894939759036146,0.5896963276895463,0.19587392376291385,0.0,344.7793698795181,0.0,0.08333333333333333,0.24272604488086055,-0.3254792911286995,0.10984027758397738,4.597406181015453,2.0855209398041166,-0.3614457831325301,-0.26253780566780444,-0.27878213950367414,0.08877830629454847,-0.28527993617929803,0.1872000817499941,0.30035912777514473
Lot,top,LEC,1,58,0.483,14,0.143,15,48.1,58.4,51.8,47.2,50.0,GiantX,-23.275862068965516,57.224137931034484,2.413793103448276,507.1589827586207,0.20077513275862072,0.15517241379310345,1.3706741379310345,0.22464827586206898,0.5019264026430376,0.19796971066547772,0.0,1350.2588568965516,0.0,0.14285714285714285,0.2279965096812625,0.0,-0.10178289325208759,0.0,1.9695964928958383,-0.46551724137931033,-0.38319179137018367,-0.3696718057902276,0.17887744641259445,-0.16935905594765324,-0.42566324394264604,-0.2688164149151119
Rayito,bot,EBL,3,57,0.456,23,0.043,19,52.1,54.4,49.7,45.3,53.0,GIANTX iTero|Lupus Esports,-169.78947368421052,-157.0,-1.8771929824561404,837.2157298245614,0.2650858596491228,0.7192982456140351,0.9802719298245615,0.2201263157894737,0.5847750023010228,0.20841912170945556,0.0,464.7333350877193,0.0,0.043478260869565216,0.20092790536502012,0.0,-0.31266990190202465,0.0,2.516611478423583,-0.5087719298245614,-0.5733170933172773,-0.1542274922434513,-0.03383979405489113,-0.2849540305757574,-0.5381253473992884,-0.10424584514673291
Fuuu,mid,CBLOL,15,33,0.364,10,0.2,12,51.3,55.2,60.6,48.9,49.8,RED Academy|RED Canids,-171.27272727272728,25.515151515151516,-2.606060606060606,635.2915242424242,0.2434630606060606,0.30303030303030304,1.2339151515151516,0.1706939393939394,0.6237229584085884,0.1888252130938654,0.0,480.6303666666667,0.0,0.2,0.39954439252336443,0.0,-0.16606852990867824,0.0,2.088931871468374,-0.48484848484848486,-0.5495136893746185,-0.1976707078055728,0.008257714210491221,0.3000762932094672,-0.32637504403456785,-0.2790103353036312
Nireo,top,NL,3,22,0.5,3,0.0,11,52.4,54.1,48.2,52.0,51.8,Ancient Ones|Pyramid IV Esports,-139.8181818181818,33.77272727272727,-2.909090909090909,586.2033863636364,0.20694972727272729,0.5,0.87105,0.14049545454545453,0.4939284208528891,0.23163472151009631,0.0,1435.5998681818182,0.0,0.0,0.13965005423303078,-0.6978982348625437,-0.4534499514091351,5.58,2.345207879911715,-0.6363636363636364,-0.41799692337380817,-0.1349995563646294,-0.047541935569970925,-0.36672583152429994,-0.15834746644876296,-0.17154284121320482
Fratellin,top,LIT,3,24,0.333,5,0.0,10,54.4,52.0,48.5,60.3,54.4,Deacoy|Macko Invictus|P11 Esports,170.45833333333334,84.20833333333333,2.5416666666666665,651.1677875,0.23227270833333333,0.125,0.8337,0.081525,0.4376426732246829,0.19171412329500567,0.0,1432.453425,0.0,0.0,0.21937612186484254,-0.8022691194322533,0.5308183401044688,4.675324675324676,2.041241452319315,-0.5,-0.2934477205191097,-0.03165041575175593,-0.16063875260672794,-0.3490495038862706,0.2852218777120976,-0.03223730838212817
Deceiving,mid,AL,3,37,0.324,15,0.0,14,52.7,53.7,49.8,47.5,57.4,3BL Esports|NextGeneration Esports,-134.56756756756758,-123.02702702702703,0.21621621621621623,719.5518162162163,0.2705155135135135,0.3783783783783784,0.9030567567567568,0.1432891891891892,0.6729420177748553,0.23416021974037857,0.0,554.1253837837838,0.0,0.0,0.2308252304135784,0.0,-0.2438215102974829,0.0,2.301585822275002,-0.3783783783783784,-0.38988348311469784,-0.12152339908964375,-0.06776017964258559,-0.2798778900349627,-0.4040951001153624,0.12910594681342735
Dekap,sup,LFL,2,43,0.419,9,0.0,14,55.5,50.9,49.3,52.2,54.5,Vitality.Bee,35.16279069767442,163.86046511627907,3.13953488372093,199.88971627906975,0.07408477674418604,0.023255813953488372,4.026046511627907,0.4124372093023256,0.6375704116174288,0.21261088992647478,0.0,619.8024558139535,0.0,0.0,0.23014408985632007,0.0,0.16698138656595646,0.0,2.134979984656465,-0.4186046511627907,-0.46188998693596806,0.0243738852963845,-0.2151850856280457,-0.303606011924228,-0.1453150168791073,-0.02702535973566353
Soufiane,mid,AL,3,36,0.389,12,0.083,11,51.3,55.1,53.3,57.7,48.4,GD Esports|GnG Amazigh,-303.1111111111111,-138.44444444444446,-3.25,727.4883111111111,0.2441915,0.6388888888888888,1.0687,0.13405555555555554,0.5899080987930139,0.17983789954994814,0.0,567.639525,0.0,0.08333333333333333,0.2899251026818072,0.10811418296246349,0.3536131114973926,1.4464285714285714,1.8333333333333333,-0.5277777777777778,-0.4516247367215429,-0.1982896013625327,0.004870816035895818,-0.08904713178900231,0.14142653562452961,-0.35252200519427423
QQMore,jng,LRS,3,22,0.273,10,0.1,11,50.6,55.8,58.5,59.8,61.4,Malvinas Gaming|ZEN Esports,-178.9090909090909,-232.13636363636363,-7.0,466.3127818181818,0.15371683181818183,0.4090909090909091,1.744,0.3469318181818182,0.5791049318439601,0.17455877494520441,0.0,876.8127318181818,0.0,0.1,0.226572564067425,1.4018013510132603,0.41602840829967974,4.37037037037037,2.345207879911715,-0.45454545454545453,0.0,-0.23539898764188036,0.03974573599577097,0.18327201283809005,0.2548090293923303,0.341357690751851
naiyou,jng,LPL,1,43,0.488,8,0.0,16,51.1,55.2,49.1,64.0,65.5,Top Esports,-144.21875,-143.1875,-0.90625,459.2566697674418,0.15729372790697674,0.18604651162790697,1.892846511627907,0.4361302325581395,0.6759988329146782,0.218845126731928,16.5,862.997558064516,0.0,0.0,0.19773397485643332,0.053409923622825484,0.3854202842927551,5.234339774557166,2.4399771253216747,-0.4883720930232558,-0.10362615994477352,-0.20888205166697904,0.010768426372545006,-0.3131483327218494,0.49287135630844014,0.584303900003397
Hidan,top,CD,2,30,0.433,4,0.5,15,49.7,56.6,68.8,54.7,60.5,PREDIQT|RMD Gaming,-333.43333333333334,-394.6,-4.666666666666667,656.8456433333333,0.21326123333333333,0.26666666666666666,1.11535,0.16699000000000003,0.541551191326733,0.20666017063157147,0.0,1238.2022366666667,0.0,0.5,0.6163943209215108,0.14143920595533502,0.28579418344519014,2.842795698924732,2.7386127875258306,-0.4,-0.3609969705500391,-0.2815089381428125,0.08361549669548961,0.8075245908300815,-0.018004392438603023,0.29577221597391073
handm,top,AL,3,91,0.549,20,0.0,21,49.8,56.5,46.1,59.9,55.7,BAAM Esports,-94.61538461538461,-77.03296703296704,-3.3736263736263736,662.3126912087912,0.21841503186813185,0.17582417582417584,1.0165615384615383,0.11789010989010988,0.4824286815207764,0.18842005466469822,0.0,1393.6003692307693,0.0,0.0,0.21414292369014018,-0.11440782966104651,0.2551919929892678,4.377680311890838,2.2013981571160284,-0.38461538461538464,-0.4957343725357234,-0.27827765302190766,0.08054686052219161,-0.4901306064206822,0.2608046163548595,0.034658841812586175
Spawn,bot,NACL,2,50,0.4,11,0.091,17,49.3,57.0,60.7,64.1,57.3,Blue Otter|CCG Esports,-24.78,-29.96,-1.88,729.827056,0.26795312,0.46,1.2068,0.20552,0.6480021705709735,0.13859840169327986,0.0,268.71700400000003,0.0,0.09090909090909091,0.596412711029704,0.5193161986355704,0.5805458362491256,3.62,2.4041630560342613,-0.4,-0.4201853579285726,-0.30699256479632997,0.10377159721687908,0.30338845853300545,0.4970978634627938,0.12189685963125538
ardaffler,mid,LPLOL,3,21,0.476,8,0.0,14,50.3,56.0,51.4,59.6,58.7,Bubliki,-304.8095238095238,-102.42857142857143,-6.761904761904762,673.6659666666667,0.2527985238095238,0.2857142857142857,1.305595238095238,0.1690761904761905,0.5703551436866698,0.1850349885304119,0.0,399.9263,0.0,0.0,0.09955761445682569,0.4724751890627483,-0.0014890831823621503,7.707633829585049,3.0550504633038935,-0.38095238095238093,-0.5597205417519281,-0.2517914350710057,0.05060640861822397,-0.18915516651416917,0.245299825481434,0.19772689316323652
Leader,jng,EBL,3,23,0.348,5,0.0,10,54.4,51.9,51.0,56.5,55.7,Hooligans|StoneHenge Esports,-67.6086956521739,-266.30434782608694,-5.913043478260869,519.7924260869565,0.1989941304347826,0.4782608695652174,0.9330999999999999,0.24419130434782607,0.68450644803087,0.18954397797131675,0.0,899.9377826086957,0.0,0.0,0.20130755655382643,0.0,0.4512976924460725,0.0,2.0851441405707476,-0.6086956521739131,-0.13352599098145504,-0.03050202577146467,-0.16655480825816138,-0.20960084992189576,0.07659634607555355,0.03801837898029113
Luon,sup,LCKC,2,95,0.474,23,0.0,19,49.2,57.0,43.4,59.7,56.6,BNK FEARX|BNK FEARX Youth,-111.2421052631579,-120.50526315789473,0.631578947368421,230.33352315789475,0.07982225368421053,0.010526315789473684,4.152630526315789,0.4690021052631579,0.7134002135382157,0.20911241821525603,0.0,491.0940242105263,0.0,0.0,0.26925087488433647,-0.6854645068342482,0.11260376010114896,4.833333333333333,1.949358868961793,-0.35789473684210527,-0.36662860099900146,-0.3104393991461477,0.10634729761516645,-0.6563926814154589,0.25126646624055343,0.08499479702605663
Xiaoxia,sup,LPL,1,25,0.36,7,0.143,13,52.0,54.2,56.3,65.3,54.0,Ultra Prime,-78.18181818181819,-132.54545454545453,0.9090909090909091,196.05882000000003,0.087765088,0.0,4.020424,0.38345999999999997,0.8082393846936181,0.2703115010653037,0.0,405.8041090909091,0.0,0.14285714285714285,0.4738960076246955,0.0,1.1310793017032663,0.0,2.6,-0.48,-0.5039155037611568,-0.1597559592868786,-0.04264015030117805,0.06934498042416626,0.5736582116494973,-0.05316210616204345
UniqueCORN,mid,NL,3,49,0.612,7,0.0,15,51.7,54.5,49.8,59.5,55.0,Project Conquerors,-107.75510204081633,-43.69387755102041,2.2653061224489797,705.2691530612244,0.23824944897959183,0.4897959183673469,0.9582387755102041,0.1634734693877551,0.6175104626856667,0.19359295493295256,0.0,481.03948163265306,0.0,0.0,0.4605467192415046,-0.5258661809982221,0.33475620251297056,2.510961260961261,2.142857142857143,-0.42857142857142855,-0.3687126166859943,-0.17412927639468181,-0.02585111306014342,-0.2773670157125741,0.24132928501918507,0.0023643769350893988
Amelia,top,LAS,3,48,0.292,20,0.05,14,48.7,57.5,52.1,49.8,52.0,Nongshim RedForce Academy,-502.7916666666667,-319.75,-4.875,675.8454375,0.2356809,0.20833333333333334,1.0454770833333333,0.17859583333333331,0.46319483306535036,0.19214961035397368,0.0,1264.67760625,0.0,0.05,0.3281291235857546,0.0,-0.5161149639561831,5.885047049584391,2.0207259421636903,-0.4583333333333333,-0.4680875512866651,-0.33660768621800663,0.13260466230645507,-0.15229242214509,-0.27649215748783945,-0.16008182880352484
shochi,mid,NACL,2,35,0.543,4,0.25,17,54.5,51.7,59.6,47.8,60.9,Contingent Esports|Supernova,-83.0,59.542857142857144,-1.3714285714285714,734.8569571428571,0.26660414285714285,0.5714285714285714,0.9960485714285714,0.19866285714285714,0.6594219998147584,0.2484859328133274,0.0,619.3612228571429,0.0,0.25,0.32390105984741985,-0.055812909740811434,-0.34592453830822795,2.8684210526315788,2.8735244660769563,-0.34285714285714286,-0.5432061500054132,-0.024044477969353193,-0.1770788633340288,0.24419445640169243,-0.3867559173058759,0.31612938215979103
Willer,jng,LCK,1,112,0.402,32,0.188,18,50.3,55.9,58.2,52.8,47.7,Kiwoom DRX,-162.58035714285714,-42.401785714285715,-0.6875,439.4010616071428,0.15680479732142857,0.29464285714285715,1.904232142857143,0.3838705357142857,0.7095156015693773,0.21437005557837002,0.0,991.97816875,0.0,0.1875,0.409082019791137,-0.1454422158681776,-0.11576267321966904,4.467874396135266,1.7008401285415224,-0.48214285714285715,-0.42827910788346973,-0.25086425224848236,0.047655222468861363,0.16763226210429732,-0.11533365954125911,-0.39400548370792965
Alaric,sup,NL,3,41,0.805,3,0.0,14,51.8,54.4,51.8,52.1,57.0,Karmine Corp Blue Stars,112.41463414634147,-232.21951219512195,-3.8536585365853657,249.17251951219512,0.07667205853658537,0.024390243902439025,3.9845585365853657,0.4270024390243903,0.6887309030465483,0.28547921708114227,0.0,574.7223097560976,0.0,0.0,0.3915921773573968,-0.09343864461962831,-0.0444432524569842,1.5993804322292695,2.186432666440485,-0.3902439024390244,-0.37436569105148954,-0.17149272308115562,-0.03292819426876696,-0.16751994565614917,-0.15207894018173773,0.10441976770852597
Void,bot,ROL,3,22,0.409,5,0.2,12,53.8,52.4,62.9,56.7,57.0,Dynasty,-314.27272727272725,-11.454545454545455,-1.1363636363636365,830.4781727272729,0.28344563636363634,0.5909090909090909,0.8012090909090909,0.16035,0.6052929647144559,0.2015389841179375,0.0,395.75643636363634,0.0,0.2,0.9221236816874401,0.0,0.6758324924318868,0.0,2.5584085962673253,-0.45454545454545453,-0.4219259824649827,-0.06337930954521873,-0.13548455663616482,0.42890038548032366,0.09158898136418142,0.10311999604765862
tol2,top,LJL,15,49,0.633,12,0.167,20,53.3,52.9,61.4,51.7,64.0,New Meta|Uwinks,128.16326530612244,-137.30612244897958,6.816326530612245,627.891,0.218615693877551,0.24489795918367346,1.2583204081632653,0.16984285714285716,0.43568260864443975,0.22092942950562877,0.0,1062.8523428571427,0.0,0.16666666666666666,0.5787608519666136,-0.208696539459491,-0.16238922630050165,3.5029914529914534,2.857142857142857,-0.3469387755102041,-0.4014593670903755,-0.08747907692306794,-0.11202612044424064,0.3457444795456637,-0.17565760140559486,0.49420953760276387
Colomblbl,sup,ROL,3,26,0.462,9,0.0,13,52.6,53.5,50.3,56.0,55.6,Once Upon A Team|Yumeea,-71.11538461538461,-21.03846153846154,-4.8076923076923075,262.85058846153845,0.08535649615384615,0.0,3.2279576923076925,0.2881730769230769,0.7239247006232354,0.21774782799732992,0.0,665.5468346153847,0.0,0.0,0.26464983543723697,-0.372064773124483,-0.11310790768677034,5.506666666666666,2.5495097567963927,-0.4230769230769231,-0.5894143420787,-0.12566905437913217,-0.08029505650109874,-0.24958285383100687,0.05236225333921282,0.033592608625635
Yen,bot,NL,3,26,0.231,11,0.182,14,49.4,56.7,58.6,47.6,57.9,Esprit Shōnen|Lausanne-Sport Esports,-563.2307692307693,-468.0769230769231,-9.038461538461538,771.8838846153847,0.27957526923076925,1.0,0.9203538461538461,0.1899076923076923,0.6397983821700778,0.15895981868673126,0.0,366.56691538461536,0.0,0.18181818181818182,0.5204857867342852,0.0,-0.419147961520843,0.0,2.745625891934577,-0.5,-0.39225124225775965,-0.29794793508133377,0.08711889763008313,0.19266315924320584,-0.4016206730776052,0.15089129663346712
ankochan,jng,LJL,15,41,0.61,4,0.0,10,54.5,51.6,48.0,61.1,47.4,Rising Gaming,31.146341463414632,-49.31707317073171,-3.658536585365854,503.6783756097561,0.16719917073170731,0.4878048780487805,1.6595048780487804,0.35537560975609755,0.6774330577702975,0.27120728216141754,0.0,995.3323243902439,0.0,0.0,0.19400247959499947,-0.35794920037629346,0.49068645447432147,1.3333333333333333,1.5617376188860608,-0.4878048780487805,-0.3773912633551612,-0.02848709869456852,-0.17732011249795063,-0.37451447186457887,0.327409396400248,-0.4129865315198476
Netuno,bot,CD,2,36,0.5,6,0.0,17,51.7,54.4,45.3,59.4,59.8,Ei Nerd Esports|INTZ,-17.666666666666668,-68.08333333333333,-3.0,748.0210027777778,0.27219377777777776,0.8333333333333334,1.0365888888888888,0.24562499999999998,0.6477559653130585,0.17810460708001874,0.0,366.02778333333333,0.0,0.0,0.16829119707584528,-0.7378186755166691,0.326705519369215,4.773809523809524,2.8333333333333335,-0.3333333333333333,-0.5597712503369089,-0.17360992790101148,-0.03298927347581193,-0.5378872158985903,0.2316383416060642,0.2560266013450221
murilao,sup,CD,2,25,0.48,4,0.5,13,48.2,57.9,70.3,61.6,58.8,RMD Gaming,-71.88,-104.08,-1.4,193.19754799999998,0.063857476,0.0,4.239292,0.542224,0.7328317425608446,0.22287337191832315,0.0,544.60446,0.0,0.5,1.009602543720191,0.6079221942830717,0.731335535630014,3.8990740740740746,2.6,-0.4,-0.5278908403071836,-0.3660460652319341,0.15528450298002472,0.9194119017972241,0.3562093727170711,0.20271856190285992
kyeahoo,mid,LEC,1,135,0.644,25,0.2,17,55.0,51.0,54.1,57.6,51.8,Karmine Corp,42.82962962962963,55.32592592592592,1.4,675.3035103703703,0.23600769925925924,0.24444444444444444,1.3489251851851853,0.25006222222222224,0.6089649746598356,0.19435868508543724,0.0,482.99486370370374,0.0,0.2,0.31066944875838043,-0.15163925988495627,0.1277930276987214,2.928210382093908,1.4631270419005797,-0.32592592592592595,-0.25625226665333606,0.0010567249564633306,-0.21421546516538842,-0.04961980781632884,0.1389241886171373,-0.16689317373763699
Kiki,jng,NL,3,38,0.368,11,0.182,10,47.9,58.1,57.3,50.2,43.5,Caldya Esport,-208.0,-259.07894736842104,-3.3947368421052633,435.72918684210526,0.1564027605263158,0.3157894736842105,1.4133105263157895,0.3248973684210526,0.7160235293893131,0.19703823740230214,0.0,832.4777131578948,0.0,0.18181818181818182,0.32831165659833894,-0.14387240723907127,-0.17750772803846848,1.6571428571428575,1.6222142113076254,-0.6052631578947368,-0.7208544271499264,-0.38353141639284044,0.1635881749424516,0.12058048540545256,-0.2543882228663429,-0.6500821740200933
Loki,mid,LCK,1,35,0.429,10,0.0,15,50.1,55.9,48.6,61.1,60.3,Bulldog Esports|Cloud9|HANJIN BRION,-249.65714285714284,-142.4,-2.7714285714285714,631.9321457142858,0.24157954285714286,0.5142857142857142,1.3720942857142857,0.24027714285714288,0.6770534597691684,0.20443580887602922,0.0,498.0542685714285,0.0,0.0,0.15810531750129067,0.0,0.6284171075837744,0.0,2.53546276418555,-0.37142857142857144,-0.2918972649540784,-0.2633149452230917,0.048954889346458995,-0.3432546452072082,0.32431005667534074,0.28361224238978555
Painful,mid,ROL,3,21,0.333,6,0.0,12,51.3,54.7,51.3,47.3,56.4,Ruddy Corporation|mCon esports,-263.8095238095238,-285.5238095238095,2.619047619047619,690.6001428571428,0.24157538095238093,0.5238095238095238,1.124295238095238,0.17483333333333334,0.5808382958685184,0.21878984300652282,0.0,619.2165238095238,0.0,0.0,0.2356020942408377,0.0,-0.5025170269469943,0.0,2.618614682831909,-0.42857142857142855,-0.4747087162578911,-0.19431742198843432,-0.01429482746250793,-0.1952342713101434,-0.4193204494287384,0.07144263412027839
Alex,mid,HLL,3,29,0.414,10,0.0,10,53.9,52.1,50.7,50.0,53.4,Spartans EU,-348.0689655172414,-184.58620689655172,-6.793103448275862,840.9659655172413,0.28201486206896553,0.41379310344827586,0.8774379310344828,0.10986896551724137,0.6018350135191955,0.18553553400861944,0.0,439.54767586206896,0.0,0.0,0.2575778364116095,0.0,-0.10976653531630014,0.0,1.8569533817705188,-0.4482758620689655,-0.3132220407376023,-0.057443570076593314,-0.15328181142786845,-0.2284253656386779,-0.26520376051577366,-0.08409039553094277
Frozen,sup,AL,3,68,0.397,25,0.16,17,51.8,54.1,61.9,72.8,53.9,3BL Esports|NextGeneration Esports|One More Esports,-119.36764705882354,-22.11764705882353,4.5,224.8913044117647,0.07642684999999999,0.014705882352941176,3.6870823529411765,0.4006911764705882,0.6711563231025014,0.23529221527948146,0.0,618.3981882352941,0.0,0.16,0.4227001416980791,0.79714091218516,0.7305464618484011,9.974358974358971,2.0615528128088303,-0.4117647058823529,-0.44676733050022094,-0.1681969567773674,-0.04656235485857663,0.37142101350133977,1.1298870221037434,-0.06006214122313529
Xagog,jng,PRM,3,101,0.574,23,0.261,19,51.1,54.8,62.0,65.7,56.1,Eintracht Spandau,-95.04950495049505,-200.04950495049505,-3.5247524752475248,544.6588544554455,0.17642485445544553,0.21782178217821782,1.6410930693069308,0.34765346534653463,0.6702774843114966,0.27699688733416983,0.0,1133.624588118812,0.0,0.2608695652173913,0.3155440503542905,-0.130279459222648,0.3773520987913889,5.42507542198461,1.8905706613989794,-0.3465346534653465,-0.4548021668016872,-0.20454396412877518,-0.011768216182033702,0.379922603245327,0.5949908835876574,0.05748146387237342
NOMA,mid,LPLOL,3,20,0.55,6,0.0,16,54.9,51.0,52.0,51.8,62.2,Francesinhas,-35.7,-29.3,-0.7,778.354385,0.24263010000000002,0.6,0.981475,0.141935,0.5356324488070545,0.2246135840554504,0.0,494.91348500000004,0.0,0.0,0.3047006745362563,0.0,-0.028487410402499684,0.0,3.5777087639996634,-0.35,-0.5322402581331258,-0.00513067457861404,-0.21110010993873546,-0.1590819056503891,-0.16739827925226466,0.38673182654627913
random,mid,CD,2,38,0.447,10,0.1,12,52.9,53.0,55.0,58.5,51.1,Barulhinhos|Team Solid|Vasco E-Sports,-206.07894736842104,41.0,-3.8684210526315788,754.9138763157895,0.2573649473684211,0.5789473684210527,1.1092605263157893,0.16615,0.6311121799225621,0.16926839452827036,0.0,408.24796842105263,0.0,0.1,0.5504253281505267,-0.9083207475929772,-0.10242551480770096,9.5,1.9466570535691505,-0.4473684210526316,-0.4210891359819068,-0.11237684753381334,-0.1056731809490023,-0.002318455224177795,0.1869985984023771,-0.20813241921222414
Makes,top,CD,2,30,0.367,6,0.0,14,50.4,55.5,47.3,51.3,51.8,Ei Nerd Esports,-24.0,35.233333333333334,0.03333333333333333,503.69494000000003,0.2083308,0.36666666666666664,1.0648866666666668,0.16974666666666666,0.48601279456697416,0.18850167731840903,0.0,1511.4304866666666,0.0,0.0,0.051307847082494966,0.0,0.11280167890870958,0.0,2.556038601690775,-0.5,-0.6959696662093106,-0.242051275724606,0.027778525649720394,-0.4184827667362292,-0.19500681754327442,-0.17122092277620732
Richu,sup,PRM,3,24,0.25,9,0.222,14,46.8,59.1,66.5,65.2,57.6,Eintracht Frankfurt,-305.0833333333333,-228.33333333333334,-2.25,213.92313333333334,0.075316425,0.0,4.221620833333334,0.5007541666666667,0.6962223625953342,0.23450423676783916,0.0,628.4251875,0.0,0.2222222222222222,0.44678178963893245,3.2282169054637686,1.1133551744074002,4.702564102564103,2.8577380332470415,-0.375,-0.6738760504619132,-0.4476347710259396,0.2181013938279415,0.6481276105786171,0.5683057645408617,0.13689980327864756
Goliah,jng,AL,3,47,0.34,23,0.13,18,43.2,62.6,57.9,51.9,65.2,Aeterna Esports|NextGeneration Esports|One More Esports,-593.2765957446809,-781.936170212766,-14.702127659574469,497.50987872340426,0.17796497021276594,0.2765957446808511,1.5899,0.33541489361702126,0.6986078506846676,0.1626347884004235,0.0,1002.027744680851,0.0,0.13043478260869565,0.32229782363749215,0.31597170978691513,-0.10874760873049201,2.5789473684210527,2.6255698469621023,-0.3829787234042553,-0.18748342622477182,-0.6664824076019861,0.41198289893161677,0.1513335656712525,-0.1619921267257004,0.5640687524230656
Passzi,sup,EBL,3,55,0.564,13,0.077,17,51.1,54.7,50.1,54.7,60.3,Galions Sharks|Lenovo Legion Honvéd|The Secret Club,10.854545454545455,-23.145454545454545,-1.4363636363636363,215.3229781818182,0.07167319636363637,0.05454545454545454,3.809541818181818,0.3614654545454546,0.6767689537957967,0.21517224595392898,0.0,463.3423909090909,0.0,0.07692307692307693,0.3046016277710519,-0.6763207319704064,-0.20960310727812903,5.193333333333333,2.292279532375023,-0.32727272727272727,-0.37923532173780494,-0.20612485144128728,-0.017820981894538644,-0.25932058965793087,-0.01512275818801076,0.28019103333588946
Hankat,jng,NLC,2,24,0.5,4,0.0,9,51.7,54.1,48.1,69.0,50.3,Deer Gaming|Myth Esports,-74.125,-143.83333333333334,-1.7083333333333333,475.58751666666666,0.15741065416666666,0.25,1.6766208333333334,0.2848875,0.6804161375375406,0.2132520326017516,0.0,986.5440208333333,0.0,0.0,0.25490684145992937,-0.9320394347799225,0.9118285612117187,9.955238095238096,1.8371173070873836,-0.5833333333333334,-0.43464491970221064,-0.1753106137516559,-0.045847169120655895,-0.37069256302335507,0.8200464981116229,-0.24771170243601448
Artoria,mid,RL,3,44,0.5,11,0.091,19,50.5,55.3,54.0,56.4,63.9,A One Man Army|A One Man Army Prime|Barcząca Esports by Yumisu|DMG Esports,-92.5909090909091,-11.25,-5.295454545454546,692.1813204545455,0.23195713636363635,0.5227272727272727,1.1332227272727273,0.13673863636363637,0.5805395164904652,0.17279129748970073,0.0,482.20369772727275,0.0,0.09090909090909091,0.33785747091960594,0.11504919399913044,0.21897782928926626,1.7858585858585856,2.8643577734887544,-0.3409090909090909,-0.35948028345041905,-0.23708233126808512,0.016852231629067328,-0.0514053880312306,0.0763305207707268,0.487868244593658
Bvoy,bot,LCS,1,46,0.283,11,0.091,14,52.8,53.0,53.2,63.2,50.0,Shopify Rebellion,-147.06521739130434,-178.67391304347825,-5.217391304347826,771.754352173913,0.29870510869565214,0.6521739130434783,1.2804565217391306,0.28955652173913043,0.6373862236519303,0.17283312877082446,0.0,365.9719,0.0,0.09090909090909091,0.3902511523255784,0.0,0.6612561259601686,0.0,2.06418738616856,-0.4782608695652174,-0.5438097734749189,-0.11696117831203039,-0.10809348500466218,-0.09596934628467088,0.4452043834850198,-0.2655201844352325
Namsi,sup,LAS,3,51,0.314,21,0.048,12,45.3,60.5,57.2,58.8,52.2,Nongshim RedForce Academy,-224.64705882352942,-363.6078431372549,2.3333333333333335,221.42974705882355,0.07615279411764707,0.0,4.242823529411765,0.523656862745098,0.6261117157361143,0.18081945185170073,0.0,456.04435686274513,0.0,0.047619047619047616,0.6039853741876767,0.0,0.27921140644252795,3.5664269404794924,1.6803361008336117,-0.49019607843137253,-0.2005342683949597,-0.5343323310938413,0.29344760365453,0.11356141087022599,0.20304697564690388,-0.1481543265163751
Charlington,bot,VCS,15,24,0.458,5,0.2,12,52.0,53.8,60.2,58.3,61.0,ZEN Esports,-43.333333333333336,42.666666666666664,-5.083333333333333,687.0741125,0.24514166666666667,0.8333333333333334,1.1516958333333334,0.29582083333333337,0.5927215504801712,0.1793216985638031,0.0,336.19308333333333,0.0,0.2,0.5040493889378859,-0.15107351984385164,0.22961309523809526,4.815959595959597,2.4494897427831783,-0.4583333333333333,0.0,-0.16014432390511102,-0.06525044844406588,0.27671049894150196,0.17602682902316663,0.32124642716914
Godot,bot,LJL,15,32,0.562,6,0.167,14,55.7,50.0,58.3,57.4,57.9,New Meta,-84.3125,-36.0,0.4375,835.68809375,0.27811559375,0.84375,0.881871875,0.2319125,0.5917947154705766,0.1958632963801697,0.0,374.822815625,0.0,0.16666666666666666,0.3615795406249423,0.0,0.1402586593952933,4.542200854700854,2.4748737341529163,-0.40625,-0.42208748952806596,0.038780912150856904,-0.2655418760019198,0.17704095541549475,0.12694217509585434,0.15571269369616003
Precede,bot,LAS,3,49,0.306,16,0.125,12,48.0,57.7,55.6,51.9,52.3,KT Rolster Academy,-370.16326530612247,-92.04081632653062,-2.0408163265306123,722.920106122449,0.2523632448979592,0.5714285714285714,1.0946551020408164,0.25021632653061227,0.6221877413937488,0.20248576979230146,0.0,386.407612244898,0.0,0.125,0.46633817317472875,-0.4121660630871778,-0.09083803519949747,2.363123769219436,1.7142857142857142,-0.42857142857142855,-0.3564146229386404,-0.3766611434580982,0.14129748582205498,0.03296676264480203,-0.16354783898279063,-0.14206834709166574
Sangrod,top,TCL,15,22,0.182,10,0.0,14,54.5,51.2,51.5,49.8,55.3,Dark Passage|Shark Attack,-353.45454545454544,-490.77272727272725,1.3636363636363635,716.0696090909091,0.27657536363636365,0.36363636363636365,0.9526090909090908,0.17422272727272728,0.42102507762361746,0.22150885905727707,0.0,1201.5843272727273,0.0,0.0,0.14098354345106343,0.0,-0.20943716268311488,0.0,2.9848100289785457,-0.36363636363636365,-0.9589120892414834,-0.028878123521000037,-0.20018864848681842,-0.18652639558294734,-0.2793906880619424,0.017490908511362868
MadsF,bot,NLC,2,31,0.387,13,0.077,10,53.7,52.0,61.4,53.3,44.8,Ruddy Corporation|Sørby eSport,-202.03225806451613,-105.51612903225806,-1.7741935483870968,845.0917548387098,0.29010454838709676,0.7419354838709677,0.8955903225806452,0.17645483870967743,0.6680902367756879,0.188914020977929,0.0,401.54572580645157,0.0,0.07692307692307693,0.29523650262780693,2.971839865503835,-0.1521597833446174,7.605958132045089,1.7960530202677492,-0.6774193548387096,-0.4059223254173093,-0.06978146497624124,-0.15822603555354148,0.3443940464885927,-0.08721898997971597,-0.567298837305922
Kratos,top,LCP,15,66,0.409,17,0.118,19,49.9,55.8,61.3,57.8,58.1,MVK Esports,-37.04545454545455,-74.34848484848484,3.287878787878788,556.6259378787879,0.21797172272727272,0.24242424242424243,1.3665590909090908,0.1691060606060606,0.47102281903197235,0.2181014992447979,0.0,1052.3476757575756,0.0,0.11764705882352941,0.47169621377488996,0.28005798090909784,0.08317852728235912,5.246224312086381,2.338738328607322,-0.4393939393939394,-0.4098947734205221,-0.2723385848284938,0.043923550071346316,0.33750726074066295,0.1463967065227887,0.16565690145309434
Kyte,bot,LIT,3,25,0.48,9,0.333,10,50.1,55.5,64.9,62.3,48.9,Aeterna Esports|Deacoy,-497.72,-219.08,-8.2,757.378836,0.27167224,0.76,1.051672,0.193536,0.6048324557229781,0.18170302682067388,0.0,354.2867,0.0,0.3333333333333333,1.008233395768972,-0.8686031740012514,0.5385532431952221,6.326582148010719,2.0,-0.6,-0.5598577019303801,-0.2621075781292299,0.025463263493914902,0.5492220719586423,0.39229432732275155,-0.3285042157241229
NtNt,jng,VCS,15,32,0.344,14,0.143,11,51.5,54.1,57.8,48.7,57.2,Ngựa Hí Esports|SN CyberCore Esports,-223.75,-231.1875,-5.34375,523.437884375,0.17148714375000002,0.21875,1.571609375,0.30691875,0.6564537049006152,0.1713107175356062,0.0,893.583675,0.0,0.14285714285714285,0.6381396490366917,-0.7157134739445801,-0.5556029376924899,4.0,1.9445436482630056,-0.375,-0.2851696571913036,-0.18409390554890437,-0.049467328511814845,0.14735195050770594,-0.3395748896253935,0.11688177546313692
whiteinn,sup,LFL,2,31,0.387,5,0.0,10,53.0,52.5,49.7,53.6,44.4,Ici Japon Corp. Esport,18.29032258064516,19.0,1.4193548387096775,210.67308387096776,0.07606475806451612,0.0,3.9188,0.4377258064516129,0.724276049915219,0.26907722728980094,0.0,626.6971225806451,0.0,0.0,0.17939058622513324,0.0,0.2618346095299598,0.0,1.7960530202677492,-0.5806451612903226,-0.5666794037063385,-0.10595970579955961,-0.1324093080879208,-0.284273812506411,-0.07320269387356078,-0.5914756264194987
Darkeszy,top,HW,3,45,0.511,10,0.0,20,53.3,52.2,54.0,54.2,66.5,BRUTE|eSuba,-39.2,22.355555555555554,-6.377777777777778,683.8122422222222,0.20855694222222224,0.4666666666666667,0.9950355555555556,0.08783333333333333,0.4326670718705031,0.17963746384597482,0.0,1106.0953311111111,0.0,0.0,0.2469280280866004,1.267569371602937,-0.408022950981847,8.389782439782442,2.9814239699997196,-0.37777777777777777,-0.23433731234536118,-0.0895215209378825,-0.14729445694410184,-0.0516418438255348,-0.04140223111132557,0.6484111662080818
Lancelot,jng,LAS,3,67,0.418,19,0.053,12,52.5,53.0,60.6,55.8,52.9,Gen.G Scholars,-93.41791044776119,-143.88059701492537,-1.2985074626865671,531.029380597015,0.17200139253731345,0.3283582089552239,1.5875671641791045,0.24915522388059702,0.667349334629101,0.23680886520541447,0.0,990.9001835820897,0.0,0.05263157894736842,0.248065488301813,1.5469534807843424,0.10916807543221546,2.8492991253622213,1.4660333322756627,-0.44776119402985076,-0.2669772667019839,-0.13244002905687316,-0.10783036818171299,0.2967703548642691,0.04254972373985516,-0.11041137774805944
RaptoSauros,bot,LIT,3,20,0.25,4,0.0,8,50.5,54.9,53.0,47.9,46.1,TITANS|Zena Esports,-140.85,-138.0,-10.7,723.08645,0.25898245000000003,0.4,0.804335,0.128645,0.6549589490968801,0.1469720926485554,0.0,300.50693,0.0,0.0,0.3778110944527736,0.0,-0.54,0.0,1.7888543819998317,-0.75,-0.5664584405949143,-0.24105087044762058,-0.00738353860616487,-0.10431107996756353,-0.38417358563208776,-0.4867449591711871
Venour,top,PRM,3,30,0.3,8,0.125,11,50.5,54.9,56.2,53.1,50.1,Kaufland Hangry Knights,-104.5,-154.26666666666668,-3.3333333333333335,601.8948433333334,0.21481233333333333,0.23333333333333334,1.12886,0.09572333333333334,0.45449513573836703,0.19204341878432463,0.0,1302.25462,0.0,0.125,0.43183593750000004,0.0,0.1747430249632892,0.0,2.008316044185609,-0.5333333333333333,-0.504222471618672,-0.23670942403416362,-0.004360870618257895,0.06371302586558779,-0.09856334491054225,-0.2589213712922699
Isles,sup,LCS,1,106,0.642,16,0.25,20,53.4,52.0,60.3,60.1,54.3,LYON,30.641509433962263,24.78301886792453,-1.8113207547169812,198.97863113207546,0.07545560283018868,0.02830188679245283,4.170899056603774,0.42450943396226415,0.7256148882794795,0.2040340033420312,0.0,378.7169066037736,0.0,0.25,0.5433925525409546,-0.38312891739374877,0.05998172804342272,5.326680508896354,1.9425717247145282,-0.3490566037735849,-0.3900514017704115,-0.08268318581565429,-0.16105552519152255,0.2805958444277468,0.26998444176348263,-0.03468418466112475
Pericolo,bot,LIT,3,40,0.525,9,0.111,16,55.9,49.5,51.8,54.1,62.4,Aeterna Esports|P11 Esports|Zena Esports,-71.6,16.175,2.575,864.5752,0.2763149,0.725,0.9346375,0.208525,0.5682604426706305,0.24145465387009507,0.0,357.8512725,0.0,0.1111111111111111,0.26141479832818565,-0.43770109841340293,0.0426456485255336,2.6598734716444157,2.5298221281347035,-0.325,-0.3319767156143596,0.047815508592059595,-0.2916966337531951,-0.16992985603925467,-0.046831167415407035,0.4016869485225332
selenex,top,LES,3,68,0.485,21,0.19,19,44.2,61.2,57.9,68.4,56.6,Barça eSports,-372.95588235294116,-303.94117647058823,-8.367647058823529,583.0174897058823,0.1989717926470588,0.25,1.5068279411764705,0.12474117647058824,0.44204795550535925,0.16458088825850525,0.0,926.1109411764706,0.0,0.19047619047619047,0.5613770119206389,-0.9204253032830925,-0.026779618508868393,15.364444444444445,2.3040884378451634,-0.45588235294117646,-0.374541176982961,-0.606126124077025,0.3316919359894084,0.15399951341308238,0.7782627418089498,0.08380196014224917
666,jng,VCS,15,21,0.429,10,0.2,9,50.5,54.9,55.6,45.1,57.0,9Gaming Esports,-433.3333333333333,-714.6666666666666,-13.952380952380953,561.3192571428572,0.18540266666666666,0.2857142857142857,1.5205714285714285,0.3051857142857143,0.7222886847841178,0.22092880644503904,0.0,1112.6266857142857,0.0,0.2,0.17962075262505708,0.0,-0.685634890625978,0.0,1.9639610121239315,-0.5238095238095238,0.0,-0.24118931495379764,-0.0027496896576189277,0.029581250018094925,-0.5496137190159832,0.10577361840347968
starkyy,top,HC,3,28,0.536,8,0.125,20,58.9,46.5,53.8,49.5,66.4,EXILE esports Academy,254.46428571428572,192.75,10.821428571428571,802.6136607142856,0.23361025,0.17857142857142858,0.6966,0.07145357142857144,0.3954241725023392,0.24124997921884675,0.0,1206.2974535714286,0.0,0.125,0.329451148618851,-0.3073651220058205,-0.3359858532272327,1.7954166666666664,3.779644730092272,-0.35714285714285715,-0.44939370350246755,0.2050082089357601,-0.4659939462157753,-0.06395369409623418,-0.2931732029757992,0.6429169326415806
ISMA,jng,LEC,1,86,0.488,26,0.192,16,51.2,54.1,49.0,65.0,52.9,GiantX,-51.651162790697676,-29.6046511627907,0.10465116279069768,423.86722674418604,0.16472192325581395,0.1744186046511628,1.6333290697674416,0.37828139534883726,0.7237955603068814,0.19240702561891992,0.0,1000.9808534883722,0.0,0.19230769230769232,0.3086020418477711,-0.8025016458196181,0.15763587862620868,7.666666666666667,1.7253243712550146,-0.5116279069767442,-0.2519430744159317,-0.20013158599090533,-0.04859597253523953,-0.3229563983758543,0.5527023433224366,-0.10844665863378336
Stefan,jng,LFL,2,66,0.561,17,0.353,17,50.2,55.1,64.3,57.8,58.3,TLN Pirates,-294.6969696969697,-259.2878787878788,-2.787878787878788,523.7207878787879,0.18241442121212123,0.19696969696969696,1.5520666666666667,0.3324348484848485,0.6898977215770233,0.20210035762718215,0.0,1022.072996969697,0.0,0.35294117647058826,0.3317688172815213,-0.1853580567457846,0.1897719440198986,4.226279175940193,2.0925553466486564,-0.3939393939393939,-0.46623543612969914,-0.2531270205712874,0.006514776920143703,0.513878259617856,0.14800396911604044,0.17371766200771846
Enkil,sup,ROL,3,52,0.442,15,0.2,14,48.3,57.0,62.3,53.3,48.7,BRUTE|Senshi eSports,-58.84615384615385,-59.11538461538461,0.15384615384615385,209.05746153846152,0.07154185384615384,0.0,3.7862846153846155,0.4079326923076923,0.6964422954230668,0.221405083575161,0.0,593.92825,0.0,0.2,0.6017244525934697,0.0,-0.0661440858299434,2.888888888888889,1.9414506867883021,-0.4807692307692308,-0.5571449242378317,-0.3599604842982578,0.10694789655118742,0.39476133463805535,-0.08859915985291394,-0.33695181129796475
Kobs,jng,AL,3,50,0.38,15,0.133,15,47.0,58.3,59.2,45.7,56.2,Esprit Shōnen|GnG Amazigh|ZYB Esport,-222.12,-230.16,-3.84,439.603018,0.15805769,0.3,1.706594,0.319934,0.6643390674171802,0.20035023681176597,0.0,865.3738159999999,0.0,0.13333333333333333,0.46330142415084785,0.0,-0.2901306278397356,0.0,2.1213203435596424,-0.48,-0.3356279400137951,-0.4371177720974025,0.17377851951499074,0.2249166089040775,-0.5088377849699204,0.06145562394784541
TheSerius,top,HLL,3,30,0.133,14,0.0,15,52.3,53.0,51.8,50.3,54.8,Aeterna Esports|Bohemian Guardians|The ParadOx Invaders,-416.6666666666667,-421.3666666666667,-2.933333333333333,708.3698466666666,0.25269166666666665,0.36666666666666664,1.0406666666666666,0.09881666666666668,0.4742366811932029,0.21671182326432928,0.0,953.6593433333333,0.0,0.0,0.34525549816457135,0.0,-0.08908011727968335,0.0,2.7386127875258306,-0.4666666666666667,-0.6425896690143537,-0.1444002275984619,-0.10559729302357306,-0.17166693821965773,-0.2497280959956611,-0.009461894502593035
Tazaku,bot,PRM,3,36,0.222,16,0.062,16,49.1,56.1,53.5,55.6,57.8,VfB eSports,-222.63888888888889,-146.69444444444446,-8.222222222222221,751.9103,0.2554024166666667,0.5277777777777778,1.0049388888888888,0.18778333333333333,0.5920892949899171,0.15869545094907236,0.0,376.12845555555555,0.0,0.0625,0.34801288936627284,0.0,0.5073997998630643,0.0,2.6666666666666665,-0.4444444444444444,-0.4776037266177465,-0.3143334870069756,0.05665680605780205,-0.08123822602114733,0.029920893391302023,0.149527259349107
FireAscept,mid,TCL,15,69,0.551,12,0.083,20,52.1,53.0,51.0,57.0,56.3,PCIFIC Esports,-5.3768115942028984,-156.94202898550725,-4.956521739130435,673.2813565217391,0.2524493623188406,0.4782608695652174,1.2709144927536231,0.21038115942028984,0.6055006807964393,0.22582060151413802,0.0,518.2185695652173,0.0,0.08333333333333333,0.21305324037671894,-0.43714412754875176,0.07975383373688445,2.883009754476503,2.407717061715384,-0.463768115942029,-0.3322665988708175,-0.15388252258739696,-0.10682941091025631,-0.21249190280334918,0.10366012742401934,0.07006557362309546
Domoles,mid,HW,3,40,0.5,13,0.231,13,53.8,51.3,59.1,63.1,51.4,CITA Kaizen|Onion Team,-165.825,-136.85,-8.35,831.67317,0.245977675,0.6,0.74749,0.1412,0.5534539626922932,0.1568187272773071,0.0,501.22708249999994,0.0,0.23076923076923078,0.362728725098585,0.2181692237402544,-0.06740722484332105,9.395010034665207,2.0554804791094465,-0.475,-0.44953044884615895,-0.06507791658656609,-0.19402627146317736,0.21751007020579255,0.4430905994859163,-0.18802672641687618
Degla,sup,AL,3,23,0.348,11,0.0,9,52.1,53.0,52.0,51.0,54.4,One More Esports|ZeroZone Gaming,-24.434782608695652,-35.30434782608695,-8.0,255.87461739130435,0.08867200434782607,0.0,3.552113043478261,0.3773739130434783,0.6629743800632562,0.22202604474866414,0.0,393.82978695652173,0.0,0.0,0.2992532792622562,0.0,-0.11294894350553564,0.0,1.876629726513673,-0.6086956521739131,0.0,-0.1533044688043572,-0.1076120793202897,-0.15929468282951664,-0.21460613778041848,-0.03182658142138156
Kurahuto,sup,LJL,15,22,0.227,8,0.125,11,51.0,54.1,55.5,48.0,55.3,DetonatioN FocusMe Academy,-111.5,-226.0,-2.8636363636363638,248.7394909090909,0.09016722272727272,0.0,3.7286363636363635,0.4096727272727273,0.7082687552722932,0.21238566377548498,0.0,511.31758181818185,0.0,0.125,0.2837981898877382,0.0,-0.3729897660818713,0.0,2.345207879911715,-0.4090909090909091,-0.5431822517065308,-0.21222250816458216,-0.047396670560504804,0.024334241607284653,-0.3765205779822259,0.015401754914229702
Beplush,sup,TCL,15,58,0.517,11,0.0,19,55.9,49.2,49.5,66.1,57.9,Dark Passage|PCIFIC Esports,36.689655172413794,175.3793103448276,0.7586206896551724,215.20269310344827,0.07984188275862068,0.017241379310344827,3.688003448275862,0.3911655172413793,0.6810657830704535,0.23121457230975614,0.0,422.4930603448276,0.0,0.0,0.14411933340853522,0.24561863034574707,-0.051793324846405184,9.81031746031746,2.4948222243347287,-0.3448275862068966,-0.6083769587906138,0.044855570747446435,-0.310043129418394,-0.29124578795719663,0.6208978135877216,0.155679004842445
Wenbo,top,LPL,1,20,0.7,1,0.0,8,53.9,51.2,50.6,49.8,51.9,Bilibili Gaming,-136.95,63.8,-2.95,600.74677,0.20732556,0.3,1.12863,0.15486,0.4358047499271408,0.1669521056877195,0.0,1151.234355,0.0,0.0,0.26700393479482853,0.0,-0.19419419419419415,0.0,1.7888543819998317,-0.65,0.0,-0.05757229923729891,-0.20136964896534398,-0.23582151055518974,-0.2791513370928705,-0.16401431374954026
VicLa,mid,LCK,1,120,0.467,29,0.207,22,58.1,46.9,58.5,58.5,58.9,BNK FEARX,-146.75,23.016666666666666,0.8916666666666667,711.090965,0.2516340166666667,0.475,1.1797641666666665,0.21193083333333332,0.6344639850265215,0.21634046850472838,0.0,530.5058375,0.0,0.20689655172413793,0.49656821376764354,-0.08942586442906934,0.05578727524960466,4.464240159652087,2.008316044185609,-0.3,-0.3335303196523554,0.16158653701693612,-0.44270030429519486,0.18348065735842148,0.18560069241059185,0.20923324747885563
Boltox,sup,NLC,2,51,0.608,11,0.0,16,54.0,51.0,48.4,51.3,61.3,Arctic Pandas,30.764705882352942,-52.11764705882353,2.196078431372549,228.5182568627451,0.07235490784313725,0.0196078431372549,3.777180392156863,0.43320588235294116,0.681039734182215,0.21721481038552323,0.0,532.437405882353,0.0,0.0,0.2023016581242599,0.0,-0.029551761634481505,1.1063829787234045,2.2404481344448155,-0.39215686274509803,-0.24979934608170426,-0.053507258342966726,-0.21452394449816936,-0.352114550996943,-0.1983760789706565,0.3371906445020064
Draktharr,jng,LCP,15,95,0.537,20,0.1,17,50.1,54.9,56.6,61.2,50.0,GAM Esports,-80.87368421052632,-67.7578947368421,-1.7473684210526317,439.39836421052627,0.16670688421052632,0.3473684210526316,1.7832115789473684,0.3363905263157895,0.7217164666925687,0.24921866855505653,0.0,905.6114905263158,0.0,0.1,0.2867817793638673,0.1805450795994352,0.2193222078963333,3.1829759217249682,1.744163198544762,-0.43157894736842106,-0.3756821034377975,-0.2603384319536575,-0.005201071263543662,0.08295373180445771,0.33257688804937247,-0.26873301535630356
Shift,jng,LFL,2,41,0.415,14,0.143,14,53.8,51.2,52.5,53.1,58.6,Joblife,-87.26829268292683,-209.41463414634146,-5.048780487804878,506.17301707317074,0.18178274390243904,0.4146341463414634,1.4702463414634146,0.27276829268292685,0.6975376950056354,0.23500634159957873,0.0,968.5704121951219,0.0,0.14285714285714285,0.2615441588648741,-0.4852280386430016,-0.16297014384614636,5.505747126436781,2.186432666440485,-0.4634146341463415,-0.32529316686603854,-0.06370931211879435,-0.1996029063328545,-0.13016579086007374,-0.0999867098234894,0.1884273182882387
Panj,sup,EBL,3,48,0.5,15,0.133,15,52.6,52.4,54.5,46.8,60.9,Lupus Esports|Myth Esports,1.9583333333333333,14.020833333333334,-0.22916666666666666,237.22903541666665,0.07699646458333333,0.0,3.5359874999999996,0.37071041666666665,0.6798310044158002,0.2334953390801953,0.0,495.3404229166667,0.0,0.13333333333333333,0.27374788447889936,0.0,-0.2859327023218286,0.0,2.165063509461097,-0.3125,-0.2746328215821334,-0.12615654607730584,-0.13600356502212585,-0.027782548215796784,-0.44427551356449324,0.31811040007815167
Strava,top,LIT,3,26,0.423,9,0.0,14,50.9,54.1,47.8,52.1,55.4,Aeterna Esports|EKO Esports|GMBLERS Esports,-361.11538461538464,-38.73076923076923,-0.34615384615384615,632.2137769230769,0.21392761538461538,0.19230769230769232,0.9230076923076923,0.1098076923076923,0.4584255376278482,0.18416181572310286,0.0,1344.5913615384613,0.0,0.0,0.1727425702879278,-0.7031732196282597,-0.4481737056974602,6.051282051282052,2.745625891934577,-0.38461538461538464,-0.7508401828112402,-0.21748037745064824,-0.04627125157509262,-0.3860632002819907,-0.15328997737648364,0.0186646819043655
Młody G,mid,HC,3,42,0.405,15,0.067,9,57.5,47.5,55.1,62.0,42.0,BRUTE|CITA Kaizen Academy,-112.76190476190476,-102.57142857142857,-1.4523809523809523,791.5996738095239,0.26960566666666663,0.9523809523809523,0.7521928571428571,0.10508333333333333,0.5688354811314785,0.20329699429846101,0.0,438.04909285714285,0.0,0.06666666666666667,0.21475931127792697,0.9413685167109827,-0.3363956515081918,11.105734767025089,1.3887301496588271,-0.5476190476190477,-0.5950223818183489,0.1330413025181443,-0.40378530536434826,0.002768834240296808,0.37874576043688196,-0.7463675260626652
En,sup,PCS,15,21,0.619,4,0.0,10,57.7,47.3,48.9,50.3,51.7,SillySilly Gaming,73.47619047619048,167.95238095238096,2.857142857142857,248.30086190476192,0.08386068095238094,0.0,3.4318285714285715,0.380452380952381,0.6265768940332643,0.2899154141217099,0.0,575.5169714285714,0.0,0.0,0.18094059405940593,-0.8082454458293384,-0.4230271668822769,2.6813440234492862,2.182178902359924,-0.6190476190476191,-0.43640283931972174,0.14427944166227757,-0.41939377821743257,-0.3258907223342859,-0.2500443418765256,-0.17379129691111184
Daption,bot,NACL,2,35,0.514,13,0.154,16,49.7,55.3,60.3,48.1,64.5,Contingent Esports,11.657142857142857,-250.65714285714284,-2.4285714285714284,781.7785028571428,0.25943257142857146,0.5142857142857142,1.18118,0.21883428571428573,0.640384673400838,0.1811188263298948,0.0,400.99935142857146,0.0,0.15384615384615385,0.4880597008014528,0.6984126124467214,-0.18787116931065218,1.772431149694614,2.704493615131253,-0.34285714285714286,-0.26240094103980066,-0.284467653056841,0.01712616504068039,0.2841640125355615,-0.3738509972290719,0.5214975209428048
Cypher,bot,LCKC,2,110,0.618,16,0.25,22,48.7,56.2,65.2,55.7,66.2,T1|T1 Esports Academy,57.64545454545455,-73.50909090909092,1.309090909090909,738.1806581818181,0.23894994909090908,0.9,1.3358672727272727,0.3069672727272727,0.5867217255601201,0.2023958385641066,0.0,422.9715190909091,0.0,0.25,0.5693003756019523,-0.29956831431435954,0.07163828620048802,5.496740035454436,2.0976176963403033,-0.2727272727272727,-0.2126690133905031,-0.3398037944107026,0.0636649289087207,0.5630660481700657,0.037994612280882537,0.6310906756710521
Mentos,mid,HLL,3,32,0.312,15,0.067,13,49.3,55.6,54.7,46.6,50.4,Falke Esports|Team Insidious,-243.25,-41.96875,-0.25,629.10996875,0.22843875,0.53125,0.94126875,0.15691875,0.5870979610046106,0.15050007011104058,0.0,495.47695625,0.0,0.06666666666666667,0.48101520291493904,0.0,-0.3725236864771749,0.0,2.2980970388562794,-0.4375,-0.7248534150115383,-0.30295773353873656,0.030225005813036672,-0.016225433172621782,-0.45949478418922385,-0.24396885088493792
CarioK,jng,CBLOL,15,56,0.393,14,0.0,17,49.1,55.8,55.6,63.7,56.4,paiN Gaming|paiN Gaming Academy,-34.80357142857143,-87.39285714285714,-3.4642857142857144,424.28371071428575,0.15673053214285715,0.21428571428571427,1.7252642857142857,0.33054285714285714,0.7234180354438969,0.22795692422032082,0.0,930.3131267857143,0.0,0.0,0.18869089152487792,0.8346710768760618,0.261673170267441,4.929765886287625,2.271720556255607,-0.4107142857142857,-0.517416418750967,-0.3148666150977923,0.04302060520218896,0.034023760416076854,0.4772364768116687,0.0757584717911202
RoyalKanin,mid,PRM,3,95,0.568,37,0.351,21,45.5,59.4,64.3,55.0,55.4,Unicorns of Love Sexy Edition,-127.6842105263158,-139.67368421052632,-1.5578947368421052,656.9799957894737,0.2247761052631579,0.3684210526315789,1.1291936842105263,0.17977684210526318,0.6272561326467146,0.18803997662514405,0.0,534.7437789473685,0.0,0.35135135135135137,0.5281320323107486,-0.5953463132276525,-0.06829841429758113,3.690204856871523,2.154554539378824,-0.4,-0.4125923093005957,-0.5214552412524173,0.2311654272254275,0.5102154292020012,-0.0003760432338452413,0.021417204260378825
Varin,sup,TCL,15,26,0.231,13,0.0,11,47.1,57.8,51.8,50.3,50.4,BoostGate Esports|Dream Esports|Team Phoenix,-90.57692307692308,-363.34615384615387,-0.9230769230769231,191.68942307692308,0.08387581923076923,0.0,3.7434923076923075,0.44853461538461536,0.748382010146716,0.1589128503857425,0.0,339.5824230769231,0.0,0.0,0.23991140642303432,0.0,-0.12373898180111932,0.0,2.1572774865200244,-0.4230769230769231,-0.8046662738661584,-0.4280041239237285,0.1491029401906069,-0.16689791342144147,-0.25172926523515665,-0.24523637656328992
D4nKa,jng,PRM,3,57,0.298,20,0.15,16,47.6,57.3,66.0,46.5,55.0,Eintracht Frankfurt,-433.6666666666667,-314.2456140350877,-3.280701754385965,526.1278315789474,0.17753246842105264,0.17543859649122806,1.4276228070175438,0.3116035087719299,0.7030754314422097,0.21994973809424292,0.0,1058.9543824561404,0.0,0.15,0.5169661832729091,0.9379870299670516,-0.4314000320545744,2.598484848484848,2.11925177130407,-0.42105263157894735,-0.4811768559310551,-0.3989440028318115,0.1200250448119223,0.612839522649639,-0.46586629509730526,-0.0008897999876566268
Macaquinho,mid,LES,3,68,0.485,21,0.19,14,50.5,54.4,52.5,53.0,47.7,Barça eSports,-105.8970588235294,-231.98529411764707,-10.5,754.5353647058823,0.2585655,0.5,1.112254411764706,0.16180294117647057,0.6293351684559457,0.21957337755316292,0.0,412.311525,0.0,0.19047619047619047,0.29310079493268987,-0.7913017681996007,-0.35818374196576497,5.484166666666666,1.697749375254331,-0.4264705882352941,-0.5054152218826669,-0.23804610951225993,-0.03031426993850111,-0.13367128770067452,-0.10709376179106672,-0.39525191949629673
Elbow,mid,LAS,3,55,0.491,13,0.154,14,45.5,59.4,56.5,63.8,50.7,DN SOOPers Academy,-114.92727272727272,-157.87272727272727,-3.7454545454545456,629.6136345454546,0.22217776363636366,0.2909090909090909,1.2740854545454547,0.22852545454545453,0.5886193606317812,0.2096229625201235,0.0,617.5055181818182,0.0,0.15384615384615385,0.6468132231825762,-0.8038492141283917,0.4939212174720802,3.4413167941726996,1.8877596148970779,-0.5454545454545454,-0.2503586025730104,-0.52076407194301,0.23463657090149426,0.07670590867176778,0.48190474313321807,-0.22691371965613275
Yupps,top,CD,2,52,0.692,7,0.143,17,45.6,59.3,52.5,55.4,59.6,KaBuM! Ilha das Lendas,-244.82692307692307,11.26923076923077,-7.596153846153846,550.4307403846153,0.20562532692307695,0.15384615384615385,1.3868442307692308,0.1298519230769231,0.5358949878478291,0.20364760031848855,0.0,1355.4841019230769,0.0,0.14285714285714285,0.21892686403183187,-0.10749114084004055,-0.21059219613259683,7.200757829878441,2.3574758339572237,-0.4230769230769231,-0.2623589323847773,-0.5191556946885679,0.23084928778208524,-0.13152739757060314,0.02274409399754379,0.24634725514337205
Aytekn,top,TCL,15,71,0.592,10,0.0,23,56.7,48.1,52.5,54.8,64.8,Bushido Wildcats|Otter Side|PCIFIC Esports,157.9718309859155,100.5774647887324,4.816901408450704,666.602528169014,0.23644801408450702,0.2676056338028169,1.0328056338028169,0.11976901408450705,0.4601280934270824,0.2148565891996192,0.0,1022.1909112676058,0.0,0.0,0.47793300653594767,-0.3932847961170226,0.12189982991902094,2.6909223817118555,2.7295978138458623,-0.38028169014084506,-0.32967514357248656,0.08853559209479007,-0.37409227016327956,-0.13007488900416858,-0.012849716060247901,0.5422422607811562
Monki,jng,LPL,1,124,0.419,33,0.152,24,49.9,54.9,57.2,70.7,64.5,Team WE,-174.1559633027523,-207.4954128440367,-4.853211009174312,458.7910685483871,0.17351534516129033,0.28225806451612906,1.7897056451612903,0.425783064516129,0.7063615499165334,0.24168818108035667,13.181818181818182,1037.3395752212389,0.0,0.15151515151515152,0.3025633086651083,0.16088833837392982,0.5950991686199338,3.9579560854149056,2.155263624321299,-0.31451612903225806,-0.4102549647145249,-0.2739578557737002,-0.004096907674183001,0.11413628369258508,0.9454664734208883,0.521515990942217
Thomas,sup,LFL,2,66,0.561,17,0.353,15,46.3,58.5,64.4,56.9,45.9,TLN Pirates,-126.71212121212122,-102.33333333333333,-2.712121212121212,207.82112272727272,0.07360838636363637,0.030303030303030304,4.0895090909090905,0.39671060606060604,0.7783227998895593,0.21777189489846632,0.0,552.3632454545454,0.0,0.35294117647058826,0.5862113711155954,-0.38611914206952186,-0.09433241172571517,5.215172805336739,1.8463723646899908,-0.48484848484848486,-0.5044926898637351,-0.47265853207375674,0.18277416734713192,0.5140379456905982,0.1017390583627784,-0.5011791949951987
fantomisto,mid,RL,3,47,0.383,15,0.067,12,44.0,60.7,53.4,45.3,42.9,DMG Esports|Esprit Shōnen|devils.one inStreamly,-348.531914893617,-298.02127659574467,-10.361702127659575,640.5563808510639,0.22565402127659573,0.40425531914893614,1.268740425531915,0.18518085106382978,0.5696697156349525,0.13440113116035918,0.0,492.12295744680847,0.0,0.06666666666666667,0.39040673115053715,0.0,-0.33597643720700715,0.0,1.7503798979747347,-0.5531914893617021,-0.6486280414604502,-0.6155212631782292,0.30298557791170255,-0.08464264596434448,-0.534368810067678,-0.687573860926732
Wunder,top,LEC,1,58,0.328,14,0.143,19,50.0,54.7,57.4,48.7,59.6,SK Gaming,-313.2068965517241,-406.5,-3.1724137931034484,628.435601724138,0.22869989655172415,0.27586206896551724,1.410841379310345,0.15772241379310345,0.4947330773322973,0.19147256337010393,0.0,1124.9742603448276,0.0,0.14285714285714285,0.5002853843784534,0.0,-0.004362779160692771,0.0,2.4948222243347287,-0.43103448275862066,-0.302820481136981,-0.26663603784279727,-0.016800148968406533,0.12744782005837318,-0.33583390206394903,0.2462384736293058
Maged,top,AL,3,34,0.735,0,0.0,12,56.2,48.5,46.3,49.0,50.1,Anubis Gaming|Dragons Esports,429.0,91.73529411764706,4.617647058823529,695.7767088235295,0.20660755882352944,0.2647058823529412,0.9085558823529412,0.07421176470588235,0.3784352653078924,0.20027233734755456,0.0,1143.9506058823529,0.0,0.0,0.0,0.0,-0.17523645565419393,0.0,2.057983021710106,-0.5588235294117647,-0.4624701570259319,0.06567404332865115,-0.34806435061480506,-0.4754621679862822,-0.3218097289183874,-0.2613798899176901
Leaky,jng,PCS,15,31,0.613,6,0.0,15,50.6,54.1,48.2,59.0,67.0,CTBC Flying Oyster Academy,-62.03225806451613,-131.19354838709677,-6.32258064516129,439.230835483871,0.1503056258064516,0.3548387096774194,1.7347935483870967,0.3882258064516129,0.640620670170669,0.2279747143361944,0.0,1103.1117032258064,0.0,0.0,0.058601941165897786,-0.12726130503650251,0.19800778884328094,3.618606701940035,2.694079530401624,-0.3548387096774194,-0.15867449058050387,-0.23293473194544315,-0.047191992532379434,-0.36867332559600346,0.21339285075264092,0.6807069212078476
Sikterr,jng,EBL,3,21,0.429,4,0.0,8,50.9,53.8,51.7,53.3,54.5,Croatian Flair,-216.57142857142858,-120.61904761904762,-5.095238095238095,475.88111428571426,0.15884498095238095,0.2857142857142857,1.3572714285714287,0.2559238095238095,0.6250216023104125,0.17909161222875908,0.0,1076.3874857142857,0.0,0.0,0.2397628276470814,0.0,0.13450764174849553,0.0,1.7457431218879391,-0.5714285714285714,-0.1488180942204799,-0.21653947819647337,-0.06439933473039823,-0.17227048826525473,-0.090166795470805,-0.026888541841319127
Pongo,jng,HC,3,35,0.429,11,0.091,14,56.0,48.6,54.1,52.6,58.5,Andromeda Gaming,-43.17142857142857,178.0,3.5142857142857142,526.2769685714285,0.17460873999999998,0.4,1.09296,0.22713999999999998,0.6364879820296965,0.21799937600354238,0.0,1048.62942,0.0,0.09090909090909091,0.313939025401476,-0.13680185835420183,-0.26792237687748865,4.628205128205128,2.3664319132398464,-0.42857142857142855,-0.36017781017755957,0.05323304898024783,-0.3452728571905337,-0.049199772514893075,-0.12642312206539918,0.1826167194002956
Th3Antonio,jng,LES,3,21,0.476,5,0.2,12,49.9,54.7,55.6,54.8,58.6,GIANTX iTero,-233.38095238095238,-296.3809523809524,-2.6666666666666665,449.4479428571429,0.16534192857142857,0.19047619047619047,1.4321142857142857,0.26708571428571426,0.6826859385005224,0.2276146438778883,0.0,1150.0299285714286,0.0,0.2,0.17561839193508727,0.0,-0.0022845053645874024,3.428571428571429,2.618614682831909,-0.38095238095238093,-0.44083910095700196,-0.2700315261692793,-0.013800840550550536,0.03141046031155531,-0.008870692405645406,0.19129243220872622
Only35,sup,NACL,2,51,0.529,11,0.182,15,48.1,56.5,58.2,50.0,50.6,CCG Esports,-66.66666666666667,-26.0,-1.8235294117647058,201.72528823529413,0.07695034901960784,0.0,3.8697098039215687,0.42806666666666665,0.8054360313690998,0.2470869813594272,0.0,489.6166705882353,0.0,0.18181818181818182,0.4754508834069547,-0.06133843902243433,-0.25085220516343837,2.089869281045752,2.100420126042015,-0.4117647058823529,-0.6451177471809355,-0.3705375401650228,0.07837401512431603,0.16861870266805795,-0.26505444407588086,-0.23496338017130122
Fade,mid,TCL,15,40,0.475,9,0.111,15,53.2,51.3,55.0,49.8,56.7,Ozarox Esports|SU Esports,-201.1,79.225,-0.425,669.6586825,0.253032025,0.425,1.0121725,0.12945500000000001,0.5868904763601983,0.19065150131937747,0.0,606.4340125,0.0,0.1111111111111111,0.2393969110075999,0.0068590190478332765,-0.40177359222464076,4.84890798424633,2.3717082451262845,-0.375,-0.39768667762272275,-0.09397289371067134,-0.19659895489867915,-0.0004895763134671761,-0.2767066215238989,0.08945102910293007
Marco,sup,HM,3,37,0.432,14,0.071,20,54.4,50.1,54.1,61.2,63.7,EXILE esports,-161.3783783783784,-292.4054054054054,-0.10810810810810811,296.4106324324324,0.08894136756756757,0.05405405405405406,2.8963027027027026,0.2869918918918919,0.6633114935619646,0.1843702007119446,0.0,600.8528864864865,0.0,0.07142857142857142,0.33339398395291364,0.14441051293966609,0.6088292567267584,3.033017462889314,3.287979746107146,-0.3783783783783784,-0.5351908833769363,-0.0340504243695687,-0.2625493550475393,-0.048316293559414844,0.3330353858655807,0.4758987288393451
Ratth,bot,LRN,3,23,0.478,11,0.0,15,52.0,52.5,47.9,51.9,58.3,3v Team|LYON Academy,-492.1304347826087,-153.69565217391303,-10.217391304347826,839.9974304347827,0.2684488695652174,0.9565217391304348,0.7954521739130435,0.2258826086956522,0.6209522306559576,0.2340366575669033,0.0,391.9758086956522,0.0,0.0,0.15379465353163407,-0.9127157310057528,0.06695488305065976,0.0,3.127716210856122,-0.43478260869565216,-0.6199097215905274,-0.15984747346261557,-0.1330838579330942,-0.3817052038838879,-0.16439075202787728,0.17536974755432613
Vsta,sup,LCP,15,70,0.443,12,0.167,22,49.9,54.5,54.1,51.7,59.2,Fukuoka SoftBank HAWKS gaming,18.185714285714287,78.82857142857142,-1.5714285714285714,190.25508000000002,0.07559073857142858,0.014285714285714285,3.9720542857142855,0.45297714285714286,0.7058226934178322,0.21835053331591575,0.0,434.2510771428572,0.0,0.16666666666666666,0.28206386325357385,-0.5409696453555569,-0.34734931640837263,4.814814814814815,2.629502940535666,-0.3,-0.711599760393115,-0.2714718545465934,-0.028171541392015928,-0.0500109423345985,-0.17406051574211934,0.22180794314529162
Krosak,top,HW,3,33,0.455,13,0.231,13,53.5,50.9,65.1,58.4,55.4,CITA Kaizen|Onion Team,-239.93939393939394,-168.06060606060606,-0.8181818181818182,724.4208424242424,0.22518772727272726,0.3939393939393939,0.9585545454545454,0.1017060606060606,0.41112040608676437,0.22257054858045752,0.0,1465.0392212121212,0.0,0.23076923076923078,0.48628030570318126,1.724928639391056,0.3531182491057832,3.540075679394565,2.263009527424072,-0.48484848484848486,-0.3500211987549505,-0.07800048686126643,-0.2176661858966826,0.5608632229463019,0.18208084964135055,0.021564981786459526
Pulzer,mid,HC,3,32,0.312,12,0.25,11,53.8,50.6,62.5,54.7,53.2,Divernex|KIA.eSuba Academy|Onion Team,48.375,150.6875,3.1875,709.234721875,0.2461946875,0.25,0.92604375,0.115184375,0.5191282263678026,0.174225146604854,0.0,514.812503125,0.0,0.25,0.7520020456315307,0.0,0.2818685234936125,0.0,1.9445436482630056,-0.53125,-0.2115640791542738,-0.06348622474864662,-0.23394755659219585,0.4057989220913263,-0.015547125197058087,-0.09736268541057735
Robi,mid,EBL,3,33,0.394,8,0.0,10,50.0,54.4,50.7,50.5,51.3,Bohemian Guardians|SPIKE Syndicate,-392.3030303030303,27.87878787878788,-6.878787878787879,715.9478515151515,0.2347769393939394,0.5151515151515151,1.073139393939394,0.14214848484848486,0.5515451813464373,0.1683874543306592,0.0,548.7955393939393,0.0,0.0,0.2856616710923575,0.0,-0.041666913965667,0.0,1.7407765595569784,-0.5454545454545454,-0.20606773929766545,-0.2639356036326268,-0.029731381020953955,-0.22999582581567474,-0.2392749683479169,-0.19371602437398824
JoKozz,top,LPLOL,3,22,0.364,7,0.0,11,49.6,54.8,51.4,51.3,52.6,ZeroZone Gaming,-332.40909090909093,-285.6363636363636,-12.954545454545455,595.5899727272728,0.20159999090909092,0.4090909090909091,0.9736318181818181,0.0888409090909091,0.45436224681221254,0.14238970406949683,0.0,1021.1981681818182,0.0,0.0,0.2641604944850003,0.0,-0.07078795643818067,0.0,2.345207879911715,-0.5454545454545454,-0.5081204218863464,-0.29066849108156173,-0.01010325239148796,-0.1930257020283026,-0.19639687113359938,-0.12763023250717698
Clear,top,LCK,1,130,0.462,34,0.176,30,51.7,52.6,56.8,62.5,65.1,BNK FEARX,-134.66923076923078,-52.715384615384615,-2.723076923076923,601.7469799999999,0.21477970153846154,0.27692307692307694,1.2959046153846154,0.17173615384615384,0.4949910421461101,0.19706834604229884,0.0,1177.302406923077,0.0,0.17647058823529413,0.4531216515598737,-0.2079693211097129,0.20979671750743287,5.3796126572236815,2.6311740579210876,-0.3923076923076923,-0.3012888632678962,-0.1736680168391175,-0.12735302579499652,0.0965161975895766,0.4034100508014244,0.5601833609703418
Inspired,jng,LCS,1,97,0.629,15,0.2,20,53.6,50.7,59.4,52.8,62.8,LYON,61.31958762886598,258.659793814433,4.989690721649485,388.0084381443299,0.14313442680412372,0.23711340206185566,1.6416845360824743,0.3430731958762887,0.6682268003799897,0.15662752714184108,0.0,1022.4792515463918,0.0,0.2,0.36673794154109113,0.040142385985952905,-0.0163473968857669,2.810566372142727,2.030692330267238,-0.4020618556701031,-0.2581968312233274,-0.07599250517370262,-0.22877236529042083,0.2350020974743134,-0.11416057825394867,0.4249827749817088
Infoneral,sup,PRM,3,39,0.487,13,0.077,14,47.6,56.7,53.6,48.3,55.4,Galions Sharks|ROSSMANN Centaurs,-55.256410256410255,-2.051282051282051,-1.3333333333333333,180.84348461538463,0.06666794358974358,0.02564102564102564,3.6723461538461537,0.45428205128205124,0.6801473001922902,0.22072711951599885,0.0,665.5059102564103,0.0,0.07692307692307693,0.32506033845338245,0.0,-0.22201279140836463,0.0,2.24179415327122,-0.4358974358974359,-0.4208163222692542,-0.39819808143096536,0.0905490841431123,-0.0748119925351969,-0.3608262564770742,0.022997511558873633
Ambush,jng,HLL,3,22,0.273,12,0.0,9,51.1,53.2,50.0,57.2,53.4,ALMO Players,-246.22727272727272,-258.77272727272725,-2.0454545454545454,470.3593772727273,0.17646607272727272,0.2727272727272727,1.1941863636363637,0.20275454545454547,0.6473951346124907,0.14933887711927396,0.0,896.7092409090909,0.0,0.0,0.16585005444081505,-0.23774954627949188,0.12971404890178187,4.681818181818182,1.9188064472004938,-0.4090909090909091,-0.5423328302987882,-0.20581795962033897,-0.09346022461054554,-0.2684470404037185,0.11769164661274154,-0.08235226057980674
Twiizt,sup,PRM,3,92,0.565,36,0.361,20,49.5,54.8,65.9,55.2,58.7,Unicorns of Love Sexy Edition,-139.97826086956522,212.05434782608697,0.5434782608695652,208.77883369565217,0.0729961054347826,0.010869565217391304,3.1599521739130436,0.28927608695652174,0.708318224590556,0.13505310152193176,0.0,388.62342934782606,0.0,0.3611111111111111,0.4867856369837965,-0.45605327424023157,0.025665131841937742,3.317922817922818,2.0851441405707476,-0.40217391304347827,-0.25714909072273195,-0.29118002603784743,-0.009019798088950565,0.6118242741354668,0.010357331518189622,0.1956883933478048
Coli,sup,EBL,3,30,0.367,12,0.083,12,55.0,49.3,53.2,46.6,54.7,BeFive|Dynasty|ZeroZone Gaming,-137.9,185.6,1.5,259.17131666666666,0.08028846,0.0,3.2068166666666666,0.31911666666666666,0.6508775215659274,0.26096294794043023,0.0,716.3960333333333,0.0,0.08333333333333333,0.2687312570167979,0.0,-0.4999095310048796,0.0,2.1908902300206643,-0.4666666666666667,-0.39075905561576885,0.0019958737353073432,-0.3057188878518817,-0.09405726628541011,-0.45628269575091146,-0.016874108090393254
Raffy,top,LIT,3,34,0.382,10,0.0,9,52.1,52.1,49.6,65.2,44.5,Crystal Rose|Zena Esports,-51.970588235294116,-156.26470588235293,-4.882352941176471,649.3902029411764,0.22777638235294118,0.29411764705882354,1.0007676470588236,0.11014117647058823,0.4353932989628784,0.21905585465269425,0.0,1265.4487735294117,0.0,0.0,0.16994424603684388,0.2544311330763061,0.7639100736123086,5.999999999999999,1.5434872662825794,-0.5588235294117647,-0.6050272511262945,-0.15460801772808966,-0.15476650084240712,-0.287569991801325,0.5644602641544453,-0.5831389169167076
dresscode,bot,LJL,15,62,0.565,11,0.091,16,46.9,57.3,52.2,50.4,52.6,Arneb,-254.30645161290323,107.01612903225806,-6.919354838709677,658.9964112903225,0.2207657741935484,0.8548387096774194,1.2493193548387098,0.259108064516129,0.6241799434642662,0.14148486412645347,0.0,260.41944838709674,0.0,0.09090909090909091,0.2895674751918228,-0.3795173576213937,-0.1388204081632654,2.9308579183579186,2.032002032003048,-0.41935483870967744,-0.43414244261865553,-0.4378621108504342,0.12050346814616889,-0.1496894988515746,-0.2431744997326394,-0.1280406503534831
Panther,top,LCKC,2,98,0.378,30,0.167,20,48.0,56.1,50.0,71.7,50.1,Hanwha Life Esports|Hanwha Life Esports Challengers,-338.07142857142856,-228.81632653061226,-8.428571428571429,609.3460867346939,0.22644108163265306,0.45918367346938777,1.1798520408163267,0.15803061224489795,0.4973892161455116,0.1865553001061804,0.0,1113.2033989795918,0.0,0.16666666666666666,0.32815772281964456,-0.8988712608340578,-0.1951472285350801,20.59722222222222,2.0203050891044216,-0.4489795918367347,-0.5157738049307051,-0.37499345706313925,0.05624127962885846,-0.26725301279025127,1.0328757898828496,-0.25816786491925686
CloudStrikee,sup,LIT,3,29,0.552,12,0.333,8,50.5,53.6,57.4,48.6,42.3,4 Employed e 1 Budino|Aeterna Esports,-110.72413793103448,26.896551724137932,0.10344827586206896,199.54621034482759,0.0632579827586207,0.06896551724137931,3.3578034482758623,0.35031724137931036,0.6851464145224309,0.23136926998186594,0.0,799.0648413793103,0.0,0.3333333333333333,0.29340976026854987,-0.8622035134588851,-0.473331418174854,1.583333333333333,1.4855627054164149,-0.6896551724137931,-0.6315360464782949,-0.23896620265756213,-0.07572753378836886,0.1252497581949305,-0.34577777686654015,-0.7276316806800881
monkaS,sup,TCL,15,39,0.615,8,0.125,13,54.0,50.1,59.0,57.6,52.8,Ozarox Esports|PCIFIC Esports,-46.07692307692308,136.46153846153845,1.8205128205128205,207.63527435897436,0.07904234871794873,0.02564102564102564,3.1371846153846152,0.37977435897435896,0.7021362172183009,0.20292052398228128,0.0,421.7620153846154,0.0,0.125,0.3973625968277389,0.2699320700750804,0.3203426613363792,0.9876819708846585,2.0816659994661326,-0.46153846153846156,-0.4649058439025329,-0.051080171650696185,-0.2590320158643587,0.2123168687871893,0.1382215604191585,-0.11455240542966835
Blender,jng,LJL,15,26,0.346,15,0.067,10,55.6,48.4,52.7,57.9,49.7,Bamboo Juice,-415.46153846153845,-321.65384615384613,-7.1923076923076925,680.5508692307692,0.21179192307692307,0.34615384615384615,0.9132884615384615,0.24868846153846155,0.6392554971221934,0.23219271752031143,0.0,1370.7194115384616,0.0,0.06666666666666667,0.18514360875826333,0.0,-0.5289536864509896,11.113085133132302,1.9611613513818404,-0.5384615384615384,-0.5166897252089383,0.032324008467200044,-0.35273394969145844,-0.12068415826292961,0.15396673636844238,-0.2841997170824825
Ad1s,mid,HC,3,25,0.32,5,0.0,10,52.8,51.1,50.2,51.5,46.8,Diversion Gaming|EXILE esports Academy,-247.88,-156.52,1.08,739.816336,0.25058324,0.56,0.972132,0.110528,0.5457212178746705,0.19627332416130425,0.0,475.124012,0.0,0.0,0.16810493614083535,0.0,-0.008478495452443509,0.0,2.0,-0.56,-0.701711384486372,-0.11397514973148784,-0.20856138607626395,-0.25283299644944945,-0.18263616693095883,-0.44641190008523296
Oscure,sup,LES,3,68,0.485,21,0.19,12,47.0,56.9,54.2,67.6,48.6,Barça eSports,-68.20588235294117,-90.79411764705883,-4.323529411764706,220.57094852941177,0.07524731617647058,0.029411764705882353,3.8766970588235297,0.33365,0.7086000089163962,0.21350273802563424,0.0,542.6588426470588,0.0,0.19047619047619047,0.37057710983237635,-0.9409301920398502,-0.3648813626745952,15.313030303030304,1.4552137502179978,-0.4117647058823529,-0.37711322218046606,-0.43463250713376966,0.10265212255336534,-0.044713439437219504,0.721242441708265,-0.34497328677458106
Gato,jng,LRN,3,52,0.538,14,0.0,21,51.3,52.6,50.3,50.9,67.0,3v Team|G3V E-sports,-158.57692307692307,-133.98076923076923,-0.057692307692307696,506.66905,0.1671952673076923,0.3269230769230769,1.3637192307692307,0.2902769230769231,0.6737835757404884,0.24160697277832363,0.0,1086.231323076923,0.0,0.0,0.32953707499568136,-0.20889437321478913,-0.09226807289028073,1.729490022172949,2.912176030182453,-0.36538461538461536,-0.2484808531799555,-0.19375288806358704,-0.12561297791034096,-0.2514961251650764,-0.21894482366691892,0.6792783016750283
Kamito,bot,NLC,2,22,0.5,5,0.0,8,53.7,50.2,51.9,54.5,47.4,DMG Esports,171.1818181818182,-137.5,1.4090909090909092,791.9177454545454,0.2714013181818182,0.5909090909090909,0.8117590909090908,0.21054545454545454,0.6033833183675542,0.1821376440480015,0.0,351.8488,0.0,0.0,0.35969111969111967,0.0,0.20307692307692327,1.2684605757196494,1.7056057308448833,-0.7272727272727273,-0.24953454179111972,-0.06710846008063488,-0.25783328728268445,-0.16268652692676114,-0.026002709983464864,-0.41053536398717316
Ycx,sup,LPL,1,53,0.415,6,0.0,17,51.6,52.2,46.7,49.0,60.7,LGD Gaming|LNG Esports,-26.452380952380953,-16.285714285714285,-0.30952380952380953,186.42026981132076,0.07932172264150943,0.018867924528301886,4.215450943396227,0.46411132075471695,0.7206263076546096,0.2336153364455251,0.0,400.7332976744186,0.0,0.0,0.16153682869879007,-0.06970100244463412,-0.2895199938850887,3.4568404491167843,2.3351295871277133,-0.37735849056603776,-0.2747007306679346,-0.18228497697378396,-0.14708428762738301,-0.45336409055164484,-0.3186085808217465,0.3060473097509266
Virtuso,top,NLC,2,44,0.545,10,0.1,16,57.1,46.7,52.9,61.9,59.9,Deer Gaming,-49.59090909090909,-71.02272727272727,5.0227272727272725,687.4745022727274,0.2353150272727273,0.36363636363636365,0.8734204545454546,0.09435227272727274,0.4603387758693845,0.22071771256884265,0.0,1539.422352272727,0.0,0.1,0.42125694741342457,-0.6045841683366733,0.6472246837992428,7.559666899604007,2.412090756622109,-0.38636363636363635,-0.3535012571966438,0.11301473320554505,-0.4545077332614761,-0.10903284489070333,0.3692712686567341,0.2584002193118064
TT,mid,VCS,15,27,0.519,6,0.167,12,52.6,51.2,57.7,50.5,61.4,Saigon Warriors,47.370370370370374,-20.25925925925926,-4.7407407407407405,698.6940074074074,0.2197875185185185,0.2962962962962963,1.0041518518518517,0.18254074074074075,0.5952007469454195,0.22795673731563112,0.0,627.1402037037036,0.0,0.16666666666666666,0.23049497557788634,0.4023202642052672,-0.3019072454875493,2.990337616528093,2.309401076758503,-0.37037037037037035,0.0,-0.1277360383134931,-0.20151964578104664,0.14307045369070218,-0.23915433254042515,0.34083931030688974
Pinguino,sup,LIT,3,24,0.5,7,0.0,13,51.7,52.1,50.7,50.0,63.1,P11 Esports,23.0,-204.83333333333334,-4.458333333333333,221.85810833333335,0.07625495833333333,0.08333333333333333,2.8741833333333333,0.27392916666666667,0.7251132097363113,0.1931658998490139,0.0,468.68575833333335,0.0,0.0,0.17515131965922243,0.07365145228215762,-0.3395339269446649,1.1414141414141417,2.65361388801511,-0.4166666666666667,0.0,-0.17546857507433897,-0.15572009635844794,-0.2270653839950095,-0.2677242105549549,0.4402620472930836
Robenong,mid,AL,3,44,0.386,18,0.167,11,43.5,60.3,57.0,46.8,50.3,GnG Amazigh|One More Esports,-456.20454545454544,-455.15909090909093,-10.363636363636363,670.764709090909,0.24381768181818184,0.20454545454545456,1.2023022727272727,0.1816840909090909,0.6642738972160909,0.1962479821812413,0.0,560.5438113636363,0.0,0.16666666666666666,0.41085397554900155,0.0,-0.2464552146633072,0.0,1.6583123951777,-0.4318181818181818,-0.4005291293033449,-0.6493350240946442,0.2829797107472218,0.10392433156224197,-0.44487532364158977,-0.24995738900293568
Sobek,mid,RL,3,39,0.487,11,0.091,13,53.0,50.8,51.5,56.3,51.3,Anonymo Esports,39.1025641025641,-215.35897435897436,-2.3333333333333335,693.0357230769231,0.24290853846153845,0.8205128205128205,0.6846153846153846,0.16239743589743588,0.5863258413126426,0.20033958646740793,0.0,595.7977794871795,0.0,0.09090909090909091,0.14423362744600482,0.054230469231084856,-0.05692961347571055,4.469271401381493,2.0816659994661326,-0.4358974358974359,-0.5470248843065376,-0.10397870193395678,-0.22343371431643527,-0.18642814336783728,0.0680016495088002,-0.1982120132771397
2274,sup,PCS,15,60,0.533,9,0.0,17,54.1,49.6,44.6,72.9,59.0,CTBC Flying Oyster|CTBC Flying Oyster Academy,11.833333333333334,-62.6,-3.716666666666667,253.88536833333333,0.08640397333333333,0.03333333333333333,3.7912066666666666,0.32278666666666667,0.6979522016704194,0.22180277222558054,0.0,355.9903316666667,0.0,0.0,0.058449917008231426,-0.3333406294346615,0.5917638471297728,8.133579097260638,2.1946905628508695,-0.38333333333333336,-0.318728916985067,-0.04850816165416885,-0.285961071759092,-0.5793485003367729,1.1457931948102484,0.2100158350632557
Griffin,jng,NACL,2,37,0.405,7,0.143,16,49.1,54.6,51.3,46.1,60.2,Citadel Gaming|University of Mississippi,-228.2972972972973,-272.1081081081081,-4.702702702702703,492.1142432432432,0.1648506,0.1891891891891892,1.3927486486486487,0.29621891891891894,0.7098584086213646,0.20401800820604576,0.0,1120.3479297297297,0.0,0.14285714285714285,0.2559115441622524,-0.7484058453328263,-0.22086311510069345,0.0,2.6303837968857167,-0.43243243243243246,-0.5197865861193682,-0.31820303698054886,-0.02176865435084524,-0.19467392227013725,-0.49002450730559644,0.27732599040251266
Smarty,sup,PRM,3,34,0.206,22,0.045,12,52.4,51.3,63.2,75.2,45.9,Otter Side|ROSSMANN Centaurs,-105.76470588235294,-151.1764705882353,1.7058823529411764,229.45245294117646,0.09469291764705882,0.0,3.3991382352941177,0.41709705882352943,0.6918411841804045,0.2826741819578384,0.0,552.2252411764706,0.0,0.045454545454545456,0.136219053139112,4.012183466648298,2.3310940965084095,4.76,2.057983021710106,-0.4411764705882353,-0.9905442205962349,-0.13609563278204542,-0.19359480385917396,0.4483505040098199,1.3922904133379652,-0.5011514596368359
Jwei,sup,LPL,1,73,0.356,13,0.077,15,50.5,53.1,53.4,74.3,48.5,EDward Gaming|Invictus Gaming|Weibo Gaming,-78.29629629629629,135.1851851851852,3.3703703703703702,176.69351643835617,0.0693951095890411,0.0136986301369863,4.036153424657535,0.4324068493150685,0.7377926408075057,0.209407602840103,0.0,471.47295,0.0,0.07692307692307693,0.35376297476510693,0.12568257422421875,0.7336150273389773,7.744432035895452,1.7556172079419585,-0.3835616438356164,-0.44451789750815984,-0.24170591067891709,-0.09809725644780437,-0.08420846447903116,1.2820110761920134,-0.35063599823462416
antana,top,LJL,15,25,0.52,5,0.0,7,48.5,55.1,52.0,56.8,47.2,VARREL YOUTH,-453.64,-237.88,-8.68,595.778728,0.20218495999999997,0.08,1.281928,0.1266,0.4635477598086294,0.19141644028486135,0.0,1289.643468,0.0,0.0,0.21136666033073553,0.0,0.3214020395758762,2.656987295825771,1.4,-0.76,-0.35628577514448545,-0.3487110537908414,0.004203387121418207,-0.1605644348655175,0.09598669816026006,-0.4201688552503891
ShizuOo,jng,AL,3,60,0.517,15,0.133,16,51.1,52.5,53.8,59.2,49.4,3BL Esports|BAAM Esports,-55.11666666666667,-187.33333333333334,-2.7666666666666666,508.651455,0.16701952,0.3,1.2802283333333333,0.26281166666666667,0.6846599534848011,0.2177042924951261,0.0,980.1710233333332,0.0,0.13333333333333333,0.33177993052497673,-0.5150664581412623,0.3464354627523948,2.3833333333333337,2.065591117977289,-0.55,-0.5316180621707581,-0.20839347029977473,-0.12954892165667029,-0.06436327247189112,0.22190860313158292,-0.2985614356755537
Easylove,bot,VCS,15,24,0.5,7,0.0,14,54.4,49.2,48.6,54.2,64.0,1TAP Dino,-75.08333333333333,47.708333333333336,3.2083333333333335,731.0986083333333,0.25970279166666665,0.9583333333333334,0.8203458333333334,0.192075,0.5977920966227418,0.21915654810875398,0.0,385.15117499999997,0.0,0.0,0.10679230467216332,-0.28718177757927643,-0.111170307227846,4.809523809523809,2.8577380332470415,-0.4583333333333333,0.0,-0.034124241719395015,-0.3126278889593566,-0.3434133091224201,-0.04309256186063743,0.4923638087277322
Zephyr,jng,LCKC,2,64,0.422,19,0.0,13,46.7,56.8,47.0,58.7,47.0,BNK FEARX Youth,-208.859375,-354.484375,-2.65625,462.251571875,0.1551466375,0.359375,1.8373578125,0.3742984375,0.6984581602963957,0.23456558985917575,0.0,978.2307796875,0.0,0.0,0.18962864955855266,0.0,0.563445034736412,0.0,1.625,-0.515625,-0.4729258962127327,-0.45209348242373254,0.09650388193344289,-0.4334113041963939,0.19520048037228294,-0.4359818840506431
Doss,sup,PRM,3,44,0.5,10,0.0,16,48.8,54.7,49.5,57.8,57.9,BK ROG Esports|Kaufland Hangry Knights,-86.75,193.04545454545453,0.36363636363636365,177.72600227272727,0.06393076818181818,0.022727272727272728,3.6926522727272726,0.36927727272727273,0.658641591978291,0.20557742530836698,0.0,610.7772795454546,0.0,0.0,0.34905108132593093,-0.519419487090021,0.1490628395508873,4.19421101774043,2.412090756622109,-0.5,-0.25853225036808036,-0.33488964032796115,-0.015775168793585894,-0.29538627126752437,0.14861427212985917,0.15260807263379814
Drzemik,bot,HW,3,34,0.353,15,0.0,10,51.3,52.2,47.6,53.5,42.3,Onion Team|Priority,-257.3529411764706,-280.02941176470586,1.3823529411764706,791.5408352941176,0.26100623529411765,0.8235294117647058,0.7643117647058824,0.1733823529411765,0.5885338812812456,0.1747393590362471,0.0,378.5446911764706,0.0,0.0,0.16692799572656286,-0.497723973674197,-0.4330244496650135,5.945054945054945,1.7149858514250882,-0.7058823529411765,-0.6499718038583588,-0.19828262478391123,-0.14767057300656644,-0.39956424118262523,-0.07833976124511124,-0.7245349699504637
Zhayend,top,LRN,3,34,0.412,11,0.091,14,47.0,56.5,60.1,51.8,51.6,LYON Academy|Zeu5 Esports,-208.41176470588235,-89.02941176470588,-9.058823529411764,560.3073647058824,0.1922544411764706,0.08823529411764706,1.2301882352941176,0.14326764705882353,0.4272531846721406,0.20861676001735507,0.0,1597.8894823529413,0.0,0.09090909090909091,0.2070039896988378,2.5108976727004055,0.07553707553707564,0.0,2.4009801919951235,-0.47058823529411764,-0.6796513084688687,-0.4320325559192546,0.07762407368415747,0.2718798421313071,-0.16720912915251893,-0.17966050310330356
Virgo,sup,TCL,15,35,0.286,14,0.0,11,51.0,52.5,49.1,47.3,50.6,Bushido Wildcats|Zerolag Esports,-234.77142857142857,186.74285714285713,3.0,210.83672857142858,0.07689975428571429,0.0,3.4572971428571426,0.35168857142857146,0.7136333443686385,0.20147226718496586,0.0,494.9897085714286,0.0,0.0,0.17428716117624843,-0.2419589643773476,-0.49052502676694737,2.3904761904761904,1.8593393604027364,-0.4,-0.5882456129117584,-0.2123145627755421,-0.13168758743949874,-0.31707344804440035,-0.41972261888291695,-0.23170269207134347
Aliplane,bot,ROL,3,23,0.435,7,0.0,10,50.4,53.1,53.8,52.2,59.0,mCon esports,-319.7826086956522,19.82608695652174,-2.3043478260869565,704.1036130434783,0.2443306956521739,0.5217391304347826,0.821708695652174,0.15769565217391304,0.5871584593895807,0.15997941033621563,0.0,321.4419347826087,0.0,0.0,0.3314911550205668,0.5567390413764853,-0.33260019550342135,3.5073083116561374,2.0851441405707476,-0.4782608695652174,0.0,-0.2430467387263242,-0.10280063390212946,-0.06257881717261625,-0.14817391220806642,0.2129070453190922
Biskoo,sup,AL,3,25,0.32,10,0.0,11,47.7,55.8,49.0,56.2,54.6,3BL Esports|Pyramid IV Esports,-156.84,-40.6,-2.4,185.186788,0.07156356800000001,0.0,3.929108,0.39846,0.664118040612912,0.22274255813894972,0.0,627.087612,0.0,0.0,0.191768210444838,-0.5971231151722579,-0.15930856348102515,6.137967914438502,2.2,-0.56,-0.2403445284972952,-0.3952252489513612,0.042633156944351255,-0.3205794379830402,0.06132359394900047,-0.019111233233963496
Lynx,mid,TCL,15,22,0.5,5,0.0,11,51.9,51.6,48.8,53.7,56.3,Dark Passage,-173.6818181818182,-5.5,-8.272727272727273,660.2816636363636,0.22970972727272726,0.45454545454545453,1.0289409090909092,0.11989999999999999,0.6175190079463795,0.2041436680233961,0.0,403.50909545454545,0.0,0.0,0.13225206803606285,-0.7562205013059616,-0.3055408170999773,6.070707070707071,2.345207879911715,-0.4090909090909091,-0.32562402356861586,-0.1635959771331201,-0.1783775216528308,-0.3303192600361448,-0.06752806345658807,0.07019008563877052
Hena,bot,LPL,1,45,0.4,14,0.071,14,49.2,54.2,53.8,60.6,57.3,Ultra Prime|paiN Gaming,-296.07142857142856,1.5238095238095237,-2.2857142857142856,716.3728644444444,0.2910627777777778,0.37777777777777777,1.333928888888889,0.3128311111111111,0.6565685035835048,0.1828122162770538,0.0,342.22048333333333,0.0,0.07142857142857142,0.28012196321432087,0.6694332463836851,0.4691420222681245,0.9,2.0869967789998034,-0.4444444444444444,-0.3115950176782878,-0.30868247294779233,-0.042816896424385624,-0.06581105379667106,0.2998751370467364,0.11991579727273532
dibu,jng,NLC,2,51,0.608,11,0.0,16,55.6,47.8,48.3,62.0,57.0,Arctic Pandas,190.01960784313727,127.31372549019608,1.3529411764705883,495.13625686274514,0.1598256725490196,0.21568627450980393,1.3520313725490194,0.21719803921568626,0.650679667235639,0.22593710647724233,0.0,1148.7237725490197,0.0,0.0,0.20973195133654285,0.0,0.49140636367618434,3.593749999999999,2.2404481344448155,-0.45098039215686275,-0.4779864453925385,0.0304916361983398,-0.3890997538283107,-0.3628943724431651,0.3749514720879729,0.10290065571825234
Rabelo,bot,CBLOL,15,58,0.569,15,0.267,17,49.0,54.4,69.4,47.8,56.7,LOUD|RED Academy|RED Canids,-191.70689655172413,-333.2068965517241,-6.517241379310345,757.8968431034483,0.26867474137931036,0.8448275862068966,1.1894275862068966,0.28687586206896554,0.6441780179871304,0.21173688002669022,0.0,352.9745275862069,0.0,0.26666666666666666,0.6039773066587041,0.2436028659160697,-0.2065640481245578,1.8101573223524445,2.2322093586152834,-0.3620689655172414,-0.45759686397009147,-0.3218039487661448,-0.03315947770713368,0.8520182294458847,-0.3889548516100404,0.08862727169134244
Ragner,top,TCL,15,73,0.726,9,0.556,25,51.9,51.5,72.3,45.7,66.1,Joblife|Misa Esports,113.8082191780822,128.58904109589042,0.136986301369863,613.2084602739726,0.20843769863013697,0.1506849315068493,1.056986301369863,0.11256712328767123,0.48889430819406543,0.20146746091304807,0.0,1365.0472753424658,0.0,0.5555555555555556,0.4665645205560362,-0.4668690971666401,-0.29494563432096643,1.1687830687830687,2.9260286799032644,-0.3835616438356164,-0.3530275622427823,-0.16429918395547702,-0.18346994192643717,1.0833300143125135,-0.5125992846499325,0.6206556876657825
Chakroun,top,AL,3,25,0.4,9,0.111,13,50.1,53.3,49.8,52.5,58.7,Disruptors,-476.96,-301.88,0.4,636.107576,0.20396712,0.36,0.969496,0.127668,0.3970932690497908,0.16766866045929454,0.0,1132.9201600000001,0.0,0.1111111111111111,0.15363958663347665,-0.8369298521547657,-0.13122830590079498,2.671052631578948,2.6,-0.4,-0.40326960844406984,-0.2586638497527606,-0.08804706535143786,-0.2763738901741552,-0.13101431520196336,0.19412944810974853
Siwoo,top,LCK,1,146,0.555,19,0.211,25,57.1,46.2,63.1,51.8,58.4,Dplus Kia,13.212328767123287,35.034246575342465,4.226027397260274,614.6346267123287,0.22256866849315068,0.1780821917808219,1.4113575342465754,0.18091369863013698,0.4372381301110264,0.23635869467123202,0.0,1170.165754109589,0.0,0.21052631578947367,0.3394141836408732,0.6368134329168322,-0.022316602855130516,2.771870995953855,2.06901472150592,-0.3835616438356164,-0.27543449468801684,0.11070009368028048,-0.4826707302080297,0.44090797089551076,-0.1676938181231087,0.18148805637418308
Apoka,jng,LRS,3,33,0.606,5,0.2,13,48.1,55.2,54.2,55.5,55.3,9z Globant,-172.8181818181818,-380.72727272727275,-7.575757575757576,454.17854545454543,0.14533677575757575,0.42424242424242425,1.4312424242424242,0.3028878787878788,0.6649218959665173,0.21148181730367013,0.0,1069.7006363636362,0.0,0.2,0.28339661719019676,-0.8016435250779258,0.08688997862666278,3.038792633758309,2.263009527424072,-0.36363636363636365,-0.6043165364919714,-0.3731702721955634,0.010963371757267476,-0.04472453144619157,0.026045705137475478,0.01627397120252993
Kim Down,sup,NACL,2,63,0.54,12,0.167,18,51.7,51.6,60.6,63.4,59.8,Winthrop University,-85.77777777777777,25.03174603174603,-0.1746031746031746,221.40325079365078,0.07525804285714285,0.031746031746031744,3.975090476190476,0.4147079365079365,0.7044568138210849,0.23934194983955467,0.0,542.1492111111112,0.0,0.16666666666666666,0.3682517033906716,0.6285672452123978,0.42833931899395045,4.995524178466268,2.2677868380553634,-0.36507936507936506,-0.4244777682176734,-0.1731671665803487,-0.17914354001549612,0.29970812747094144,0.4593705501975681,0.25741158677075454
Renard,mid,LPL,1,20,0.4,2,0.0,12,48.7,54.6,51.4,45.1,63.2,Invictus Gaming,-459.10526315789474,-123.78947368421052,-4.947368421052632,638.949735,0.23440735,0.3,1.377975,0.24692499999999998,0.6379175936233988,0.19197344322344323,0.0,454.8892105263158,0.0,0.0,0.275,0.0,-0.7018181818181819,0.0,2.6832815729997477,-0.4,0.0,-0.34055421155735943,-0.02261244741436623,-0.19293396585990027,-0.5485269872191868,0.4488707339863234
Deleted,sup,LES,3,30,0.133,20,0.05,15,45.6,57.7,52.3,51.4,55.4,Falke Esports,-381.6666666666667,-312.6333333333333,-1.1,213.17139333333336,0.08751041,0.0,3.83587,0.48843,0.6834780687721864,0.21669480545958816,0.0,573.33676,0.0,0.05,0.26701113456080344,0.0,0.004291491816372343,0.0,2.7386127875258306,-0.3333333333333333,-0.8678095108596552,-0.5140797965518882,0.14381980844303122,-0.14129868503007117,-0.19244585058115604,0.023610037551302088
Bounty,sup,NACL,2,38,0.553,7,0.143,17,52.7,50.6,52.2,45.7,63.2,Conviction|University of Mississippi,128.3421052631579,-92.63157894736842,-3.710526315789474,216.98371578947368,0.07793524210526315,0.02631578947368421,3.908023684210526,0.4235973684210526,0.7260619954070674,0.28242827485119426,0.0,504.65719736842107,0.0,0.14285714285714285,0.38441448136744877,-0.6938715205957094,-0.4905332075026543,0.0,2.757764159222963,-0.3684210526315789,-0.5046295709067803,-0.11912061005038295,-0.23537999947985602,-0.1473419391371709,-0.5104038975429168,0.4478788344219431
Leks,top,TCL,15,59,0.508,18,0.056,16,48.3,55.0,51.9,54.7,55.4,Bulldog Esports|ROSSMANN Centaurs|SU Esports,-62.440677966101696,46.91525423728814,-2.711864406779661,549.8526881355932,0.1916908406779661,0.22033898305084745,1.1160305084745763,0.11260677966101694,0.4948999260260323,0.16937297470345786,0.0,1251.5121762711865,0.0,0.05555555555555555,0.2601403107350205,-0.23850809749713714,-0.17142403121164304,6.078125,2.083022575693182,-0.4576271186440678,-0.39946462194183885,-0.3615393028392848,-0.0022068084223521075,-0.16655968254714013,-0.013328941764083196,0.021681887543697775
TIMR,sup,LES,3,37,0.324,17,0.0,14,47.8,55.5,49.6,50.4,56.1,CITA Kaizen|LUA Gaming,-112.35135135135135,-108.51351351351352,-2.72972972972973,193.6781945945946,0.07369261891891891,0.05405405405405406,3.583910810810811,0.42105945945945944,0.6805894247272629,0.20818897469102016,0.0,527.1478027027027,0.0,0.0,0.19824896430099445,0.0,-0.043149366527501176,0.0,2.301585822275002,-0.3783783783783784,-0.5090550163000517,-0.3869090300529149,0.025143346909793904,-0.29030503390405765,-0.24509179587601654,0.05818177134337552
Sotsy,top,AL,3,32,0.469,9,0.222,14,46.5,56.8,60.5,63.4,64.1,3BL Esports|TeamOrangeGaming,-557.0625,-347.96875,-10.9375,613.45299375,0.2020456875,0.1875,1.04899375,0.141290625,0.49411043657964676,0.20250930417979615,0.0,1373.247015625,0.0,0.2222222222222222,0.4727934002692255,0.3528298992791042,0.4602515287873542,7.833333333333333,2.4748737341529163,-0.40625,0.0,-0.4647968895403405,0.09242820028151726,0.2949015419811742,0.4549538508052171,0.4964563174454752
Danilo,top,EBL,3,45,0.644,9,0.111,15,52.8,50.5,53.3,57.4,54.4,Croatian Flair|The Secret Club,-215.42222222222222,-18.666666666666668,-4.066666666666666,681.7182777777778,0.2198384888888889,0.4444444444444444,0.7618933333333334,0.07927555555555556,0.5042034106341475,0.21476248150890132,0.0,1124.24996,0.0,0.1111111111111111,0.28325796907274053,0.0,0.5262281579102196,0.0,2.23606797749979,-0.5333333333333333,-0.30995612718501253,-0.11591733131537228,-0.24113013353296442,-0.08900419724639873,0.12853720411485303,-0.030273425854996015
Tub,sup,NACL,2,26,0.423,11,0.091,10,53.3,50.0,58.4,56.7,53.6,Contingent Esports,-125.8076923076923,21.53846153846154,3.1923076923076925,225.53470000000002,0.08157945,0.0,3.746596153846154,0.36348846153846154,0.6550476183052392,0.2501904876734553,0.0,881.9274461538462,0.0,0.09090909090909091,0.3249741090560769,1.1317225023980038,0.16872871793335528,3.5535714285714284,1.9611613513818404,-0.46153846153846156,-0.31810818279952957,-0.08762459901905753,-0.26825938208358313,0.18019635540352552,0.08985648444401445,-0.07474890798599683
Slayer,bot,LCKC,2,95,0.453,23,0.0,23,49.5,53.7,41.5,54.1,57.6,BNK FEARX|BNK FEARX Youth,-110.87368421052632,-30.378947368421052,-1.8210526315789475,760.9352452631579,0.2605629789473684,0.8526315789473684,1.2004757894736842,0.321918947368421,0.5883999553908689,0.20765724202079208,0.0,411.70940526315786,0.0,0.0,0.1739699205066667,-0.6312351660422509,0.012278958871448304,5.507936507936508,2.3597502097958545,-0.3894736842105263,-0.424917602156367,-0.2955228040225653,-0.06983093200423793,-0.7838543369078836,-0.04784923499334515,0.13983716411220018
Riippp,sup,LFL,2,33,0.333,12,0.167,10,55.7,47.5,57.7,46.5,44.6,ZYB Esport,-51.90909090909091,-79.54545454545455,1.6666666666666667,244.82609393939393,0.08849896969696969,0.030303030303030304,3.6494424242424244,0.44129090909090907,0.6443787115263286,0.2669679639789071,0.0,623.1379787878788,0.0,0.16666666666666666,0.49790777680983955,0.0,-0.4768889153518246,0.0,1.7407765595569784,-0.5454545454545454,-0.560651632974027,0.0359658499947796,-0.40514720225955053,0.14225004779180533,-0.4644820216955196,-0.5786497257969336
ZaFiR,sup,EBL,3,20,0.35,4,0.0,8,49.7,53.5,52.4,56.6,51.3,Hyperion (Portuguese Team)|The Secret Club,-128.2,-158.65,-0.95,211.792135,0.072575175,0.0,3.48787,0.387195,0.7063266996161733,0.2849557477864114,0.0,768.67897,0.0,0.0,0.25059007080849705,0.2828035204758269,0.17337587956144643,3.7727272727272725,1.7888543819998317,-0.6,-0.26615304034789194,-0.28114365915197126,-0.08104616916667652,-0.1350327539992743,0.08396547392364609,-0.1934067285955054
Klorell,bot,RL,3,24,0.417,4,0.5,9,49.2,54.0,69.2,67.3,51.1,LODIS,-273.5833333333333,-57.75,-7.291666666666667,709.4020833333334,0.22535816666666666,0.5833333333333334,0.8456041666666666,0.18885416666666666,0.6163492659567235,0.1924568661552796,0.0,403.1667041666667,0.0,0.5,0.9748135336720355,0.0,1.6915113871635612,2.9333333333333336,1.8371173070873836,-0.5416666666666666,-0.4063678546189259,-0.31207188383329915,-0.05204604704470735,0.8370450573323409,0.7008312518436656,-0.20702913412637394
Mrozku,mid,RL,3,67,0.627,9,0.111,20,48.7,54.5,51.5,56.3,62.5,Bomba Team,29.0,100.83582089552239,-1.0895522388059702,631.6278880597015,0.20542509701492537,0.5522388059701493,0.9306462686567164,0.17303283582089551,0.5908255652306443,0.1802282475020698,0.0,529.0915164179105,0.0,0.1111111111111111,0.2727264030002105,-0.29693088982115257,0.13882933783926493,2.361572912024999,2.4433888871261042,-0.373134328358209,-0.2651546673761093,-0.3361201236894441,-0.02532656935955034,-0.18383452203640183,0.07088167416834211,0.4052536056241191
jmz,top,CD,2,34,0.324,14,0.071,13,53.0,50.2,55.3,55.0,58.8,Nerd's Gangster's Carecas|RED Academy,-155.3235294117647,-200.3235294117647,-0.4117647058823529,668.733594117647,0.23346125882352942,0.20588235294117646,1.0985411764705884,0.15419117647058822,0.4308496106440371,0.20706760061279747,0.0,1053.3711,0.0,0.07142857142857142,0.25422836074208466,0.6180955855527182,-0.1349401966634668,6.269841269841271,2.2294816068526147,-0.4117647058823529,-0.2177960278271541,-0.1075088138974076,-0.25356073740584006,0.014802538080341196,7.517817215718647e-05,0.20242806805563524
Manel,sup,CD,2,42,0.238,15,0.133,16,46.5,56.7,57.7,55.7,57.8,RED Academy|RED Canids|RMD Gaming,-201.52380952380952,-145.23809523809524,-5.0,208.55761904761906,0.08582004523809524,0.023809523809523808,4.237559523809524,0.49863571428571424,0.6795665643056717,0.1935871255602034,0.0,491.753180952381,0.0,0.13333333333333333,0.7576296296296297,-0.5388940955951266,-0.12225364368066113,4.806451612903226,2.4688535993934706,-0.40476190476190477,-0.5558619432639118,-0.46596032896669953,0.09123884538985451,0.14170631252248667,0.035828722875690014,0.1452811475921077
Mansterninja,top,NLC,2,26,0.462,8,0.0,14,53.9,49.3,49.5,52.5,58.1,Lund Esports Organization|Lundqvist Lightside,-60.88461538461539,-393.0,0.9230769230769231,674.0500807692308,0.24315388461538462,0.23076923076923078,0.9695884615384615,0.13076923076923078,0.4513823676323676,0.23687175167853172,0.0,1358.5561846153846,0.0,0.0,0.15847199516269903,0.0,-0.21014791237595953,3.5000000000000004,2.745625891934577,-0.46153846153846156,-0.3754716395181134,-0.060001396269662555,-0.30680656816555285,-0.29239393121247426,-0.1312992517233576,0.16276340620384316
ceskycechcz,top,HC,3,41,0.683,12,0.25,16,53.9,49.3,60.8,49.3,59.2,EXILE esports|Ethereal Enigmas,123.2439024390244,97.70731707317073,4.926829268292683,659.9640902439024,0.1928920731707317,0.34146341463414637,0.8464926829268293,0.059317073170731704,0.3605810561362389,0.11593561787419683,0.0,837.4643268292683,0.0,0.25,0.3772519343897991,0.4472814892542069,-0.2964521311566936,2.3593137254901957,2.498780190217697,-0.4634146341463415,-0.2825354154829897,-0.058607242684002164,-0.30452832860257756,0.3119779868065773,-0.3054075069317239,0.2244290387741999
Jimsnop,mid,HLL,3,47,0.298,21,0.048,18,48.2,54.9,49.8,65.7,56.5,The ParadOx Invaders,-306.1914893617021,-197.9787234042553,-4.829787234042553,707.7964191489361,0.24707363829787232,0.3617021276595745,0.8597936170212765,0.16059574468085105,0.5935568451487157,0.16635670676061826,0.0,598.762129787234,0.0,0.047619047619047616,0.25905517268694545,-0.28132783238587744,0.8638390031287865,1.5355555555555556,2.6255698469621023,-0.3829787234042553,-0.5946100043638158,-0.3666729414532623,-0.003961902200103505,-0.27588020008949926,0.5955786880370919,0.08132805448192508
Devost,top,CBLOL,15,55,0.255,18,0.0,13,46.4,56.7,56.9,45.4,47.6,Leviatan,-424.3272727272727,-343.6909090909091,-6.109090909090909,578.3501436363637,0.23228401818181818,0.12727272727272726,1.2170054545454545,0.13863999999999999,0.5325221974329128,0.2010399695962185,0.0,1248.0863109090908,0.0,0.0,0.29534797412112535,0.9087383251543457,-0.40905778816111055,1.4184149184149186,1.7529196424044293,-0.509090909090909,-0.6096953636590184,-0.4720345633148011,0.0879212246582091,0.09946145661955051,-0.530807818619959,-0.398438619661368
Setra,top,HM,3,23,0.391,9,0.0,12,51.0,52.1,52.0,50.8,59.1,Andromeda Gaming|Ethereal Enigmas|Onion Team,-426.2173913043478,-403.5652173913044,-10.869565217391305,675.3879913043478,0.22864347826086956,0.43478260869565216,1.0142173913043477,0.09878695652173913,0.4058858485148377,0.20653377218214786,0.0,1285.0462260869565,0.0,0.0,0.32464675435485446,0.0,-0.10978461770585803,0.0,2.5021729686848975,-0.43478260869565216,-0.24960151682759568,-0.21009723252790846,-0.15108735962358427,-0.15879936036168593,-0.2211985350166229,0.21496966902864667
TenT,bot,LJL,15,26,0.308,10,0.0,5,53.6,49.5,50.6,62.9,40.4,CAG OSAKA,-241.07692307692307,30.76923076923077,1.6153846153846154,785.0006769230769,0.2498073846153846,0.8461538461538461,0.5461846153846154,0.1312076923076923,0.6140683803197733,0.15753678882562797,0.0,307.71825,0.0,0.0,0.19017403499091892,0.0,0.6813774104683193,3.4950774160797002,0.9805806756909202,-0.8076923076923077,-0.2393560414190411,-0.07452334994458377,-0.29570473834205696,-0.2347575272002522,0.4277254715482171,-0.8622180093975474
SaKi,sup,LJL,15,27,0.667,8,0.375,10,51.1,52.0,64.5,49.7,53.7,L Guide Gaming,-46.25925925925926,-8.148148148148149,-3.7037037037037037,228.69187777777776,0.07880646666666667,0.0,3.516374074074074,0.3602148148148148,0.6992003361594006,0.21324454878282542,0.0,479.793162962963,0.0,0.375,0.5003615022537795,0.0,-0.3585097493036213,2.163254310344828,1.9245008972987525,-0.48148148148148145,-0.30825333860643234,-0.20793055216303113,-0.16082872696202788,0.524663930810579,-0.2829406691813884,-0.0710150183666649
Hitscan,bot,LAS,3,20,0.65,1,0.0,7,50.4,52.7,52.0,54.0,51.1,Dplus Kia Academy,-311.7,-70.8,-3.55,722.96164,0.22616285,0.7,1.065395,0.29245,0.5014899372580824,0.2183733723582122,0.0,350.330875,0.0,0.0,0.28123348017621147,0.0,-0.011395027624309224,2.6351851851851853,1.5652475842498528,-0.75,0.0,-0.24513954856083242,-0.12000016686410311,-0.1575162509853169,-0.05270167054940132,-0.20788438844628013
Archfiend,top,EBL,3,38,0.395,6,0.0,9,49.4,53.7,51.3,46.3,44.2,Dynasty|Esprit Shōnen|Magaza Esports,-90.65789473684211,-195.47368421052633,-4.973684210526316,605.9536157894736,0.22416523421052634,0.10526315789473684,1.1049315789473684,0.14094736842105263,0.4609854606178136,0.2548525226587013,0.0,1397.6960184210527,0.0,0.0,0.37998151622931076,-0.16922830183635834,-0.5348935192278229,1.9090909090909092,1.459992790176863,-0.5789473684210527,-0.5115411387835387,-0.29842913988425923,-0.07044063244245195,-0.19705577550750245,-0.4741948066588254,-0.6031141122225525
JimieN,mid,LCP,15,53,0.377,14,0.143,18,45.4,57.6,60.2,50.0,60.0,Ground Zero Gaming,-297.22641509433964,-367.54716981132077,-6.962264150943396,621.7264943396227,0.22472364150943397,0.39622641509433965,1.4236735849056603,0.2670924528301887,0.6276426591063554,0.22431295153791936,0.0,536.2759886792453,0.0,0.14285714285714285,0.5101774630381243,-0.4125821545815235,-0.31255307544276706,4.146088628016339,2.4724901510764026,-0.37735849056603776,-0.286169566680327,-0.5271790368282253,0.1392663725696186,0.2796827968997615,-0.26806847599113953,0.2670607624827841
Nerion,jng,LAS,3,53,0.321,18,0.111,12,43.8,59.2,54.6,52.8,51.4,KT Rolster Academy,-242.0754716981132,-316.1698113207547,-4.547169811320755,411.7709490566038,0.14534701320754717,0.18867924528301888,1.667977358490566,0.30471698113207546,0.6975753989348914,0.20411579257267107,0.0,860.8708150943396,0.0,0.1111111111111111,0.3835369227846742,-0.4123028900489747,-0.22494954453717328,4.6545901223601085,1.6483267673842683,-0.49056603773584906,-0.36166284128547793,-0.6271318548847694,0.22556511433517126,-0.02087607582113927,-0.11689552590120582,-0.1891965728680639
kairi,sup,VCS,15,40,0.675,6,0.167,14,48.5,54.5,62.2,51.1,59.0,Saigon Warriors,-28.375,-120.25,-1.95,210.14045249999998,0.0675175925,0.025,4.00669,0.507555,0.6773888621823251,0.20795443911745823,0.0,384.739535,0.0,0.16666666666666666,0.5613537732355772,0.06281529698942244,-0.2039820502766522,2.3223888344517882,2.2135943621178655,-0.425,-0.21776740018251106,-0.3492927902687302,-0.02685259542115784,0.3891771984907604,-0.20842085155283863,0.21152104939039731
Dean,jng,AL,3,65,0.4,16,0.062,15,52.0,51.0,46.7,53.8,51.8,GnG Amazigh|JSK Esports,-146.8,-45.69230769230769,0.15384615384615385,508.4856415384616,0.1698192923076923,0.3384615384615385,1.2341569230769232,0.2218153846153846,0.6475203454043363,0.1826182116739731,0.0,1006.8727938461539,0.0,0.0625,0.20748722360180016,-0.744923623331646,0.09753610012506406,1.670339412360689,1.860521018838127,-0.4,-0.5493378701101106,-0.1605375616110181,-0.2131448856329583,-0.4491364794817476,-0.06568111577196703,-0.16867027180250715
Kellie,sup,EBL,3,30,0.233,13,0.0,15,49.9,53.0,52.6,70.8,57.0,RLX Esports|UB Alma Mater,-262.26666666666665,-321.1666666666667,-0.6333333333333333,254.24377,0.08772618333333333,0.03333333333333333,3.4922633333333333,0.3573866666666667,0.6860188167515754,0.23815898989460818,0.0,573.2225733333333,0.0,0.0,0.2327573435731513,0.6675204918032789,1.7974793568013907,3.6989714820009345,2.7386127875258306,-0.43333333333333335,-0.5762678734479573,-0.2706584934734203,-0.1076696541415912,-0.12504822174652108,0.9548447650918418,0.10795347341820466
Harusary,bot,LAS,3,67,0.418,19,0.053,12,51.3,51.5,51.3,53.2,49.9,Gen.G Scholars,-158.6865671641791,-38.23880597014925,-2.925373134328358,793.9656388059702,0.2569916865671642,0.746268656716418,0.8446850746268656,0.21169253731343285,0.576773424534021,0.19652176334743082,0.0,397.33760447761193,0.0,0.05263157894736842,0.20433016994503758,0.33507211896643224,-0.1590681498407195,3.910925292963628,1.4660333322756627,-0.4626865671641791,-0.2781605465503155,-0.1984989404458648,-0.18743335777398906,-0.1977325641868346,-0.09378837121895336,-0.2717071442714332
Densi,jng,PRM,3,48,0.458,12,0.083,13,48.8,54.0,54.7,64.6,53.8,Kaufland Hangry Knights,-90.45833333333333,-164.85416666666666,-6.0625,469.4227333333333,0.16511449791666666,0.20833333333333334,1.4645895833333331,0.27644583333333334,0.6643748714485084,0.21953529077626932,0.0,1037.2963645833333,0.0,0.08333333333333333,0.181365308309439,0.5854161843310551,0.30218496201205136,7.458663260962112,1.8763883748662837,-0.4166666666666667,-0.4508719771451472,-0.33484544487208356,-0.05011687578423452,-0.015315213819495202,0.5270901400256364,-0.06489585826187497
Dzejno,sup,HC,3,24,0.583,6,0.167,13,54.0,48.8,54.1,51.0,51.6,EXILE esports Academy,-98.875,-354.5833333333333,-0.5833333333333334,296.94341249999997,0.08497341666666668,0.041666666666666664,3.128808333333333,0.28934583333333336,0.5930804237370341,0.21061946298168396,0.0,590.5148291666667,0.0,0.16666666666666666,0.176863684325121,-0.09304754241495608,-0.6143545912776682,4.782608695652175,2.65361388801511,-0.5416666666666666,-0.7815073066947641,-0.05484389449412136,-0.32979762090662507,-0.04937137514561485,-0.213910921733726,-0.17917394262162867
Jool,mid,LFL,2,96,0.708,9,0.333,17,49.1,53.6,64.3,54.8,55.9,Solary,42.385416666666664,51.041666666666664,-0.7395833333333334,688.3339500000001,0.22508608333333333,0.4375,1.3295375,0.181078125,0.6151972578185809,0.2065926202450725,0.0,545.9996020833333,0.0,0.3333333333333333,0.2927474638551214,-0.1788618263285572,-0.10119743478406092,5.990651755651756,1.735055234471418,-0.3854166666666667,-0.2298721659262741,-0.31580666549075853,-0.07254932291209229,0.5094076974688632,-0.010058414140146077,0.04623874754422537
OrthoZero,sup,LIT,3,39,0.513,8,0.0,15,50.4,52.3,46.3,52.7,52.6,Zena Esports,-48.58974358974359,76.3076923076923,-1.7179487179487178,215.5150076923077,0.07406190256410257,0.0,3.561776923076923,0.2965410256410257,0.6744558455579628,0.22783972680239714,0.0,654.0849051282052,0.0,0.0,0.14723835529357374,-0.7114303865513365,-0.10949805462460027,2.6202004278797433,2.401922307076307,-0.46153846153846156,-0.6486234628204625,-0.24409643352537588,-0.14143241318956426,-0.4736594935222741,-0.1206830263933725,-0.1292314505091132
Etoo,bot,HC,3,23,0.261,4,0.0,10,51.3,51.4,49.9,52.2,52.5,KIA.eSuba Academy|Once Upon A Team,-112.65217391304348,84.08695652173913,-4.739130434782608,715.8687869565218,0.23560321739130433,0.6086956521739131,0.7248347826086956,0.16083913043478262,0.5415972141019986,0.15484021408539025,0.0,341.88164347826086,0.0,0.0,0.11683596844955833,0.0,0.10818418995173021,0.0,2.0851441405707476,-0.5652173913043478,-0.38854340300671136,-0.19786082238004035,-0.19269634856091672,-0.2727097644349453,-0.14687088558754424,-0.13447984632613788
JJirkos,sup,HM,3,39,0.308,17,0.118,12,51.3,51.4,55.6,49.0,53.6,Bohemian Guardians|EXILE esports|Ethereal Enigmas,-162.69230769230768,-193.30769230769232,-1.7692307692307692,263.44642307692305,0.0926939,0.0,3.2833974358974363,0.31263846153846153,0.6735598820346181,0.2290104889657924,0.0,724.6403333333333,0.0,0.11764705882352941,0.3737512097469143,0.0,-0.15463669832708724,0.0,1.9215378456610455,-0.41025641025641024,-0.4061560330758199,-0.19429415589389423,-0.19306380002073575,0.029104570559917133,-0.3199036887058033,-0.07461803583235768
Yeti,top,LFL,2,45,0.467,10,0.1,12,47.3,55.4,58.0,50.2,44.4,Skillcamp,-228.33333333333334,-105.31111111111112,-6.2,592.3186288888888,0.20832482222222223,0.15555555555555556,1.2858066666666668,0.13685777777777777,0.48695635410431937,0.19994884158961948,0.0,1269.9705577777777,0.0,0.1,0.4982745605521406,0.0,0.08827890664463951,0.0,1.7888543819998317,-0.5111111111111111,-0.7092899557855704,-0.41898035941442274,0.018600680134950524,0.16089533106559256,-0.2532722385622677,-0.5914703906284231
Raysito,bot,LRN,3,39,0.487,7,0.0,18,50.4,52.3,50.6,57.9,61.2,NCG Esports|SDM Tigres|Zeu5 Esports,-352.7435897435897,8.564102564102564,-7.82051282051282,765.4698461538462,0.25178920512820513,0.8717948717948718,0.9436205128205128,0.13683333333333333,0.5753943070025912,0.16341362627740336,0.0,308.2447564102564,0.0,0.0,0.2931327056208797,-0.03149354115511895,0.714316387311262,0.0,2.8823067684915684,-0.41025641025641024,-0.44147337033749323,-0.2458552327147237,-0.14263089932468162,-0.23401182407644752,0.15195086465789776,0.33108799013230883
Crownie,bot,LEC,1,21,0.524,8,0.625,7,47.7,54.9,67.8,53.7,42.0,Los Ratones|Witchcraft,-24.476190476190474,-614.3333333333334,1.7619047619047619,684.4643904761905,0.24865566666666666,0.5238095238095238,1.4079857142857142,0.3674095238095238,0.5892023000669617,0.16921912495324926,0.0,405.34628095238094,0.0,0.625,0.7987288135593219,0.0,0.13346228239845254,0.0,1.5275252316519468,-0.7619047619047619,-0.5357272009210444,-0.3952003094935121,-0.006588950253152093,0.737048857618811,-0.06654402750538,-0.7513603223160916
udon,top,LJL,15,31,0.419,13,0.077,7,47.2,55.4,53.5,51.1,40.8,Uwinks|VelbeliKaizokudan,-450.06451612903226,-376.2258064516129,-9.96774193548387,559.3336741935484,0.20773867741935484,0.22580645161290322,1.185693548387097,0.17938387096774194,0.41115491385932446,0.18570509159888618,0.0,1576.1566322580645,0.0,0.07692307692307693,0.1986343000388527,0.0,-0.3922911596920254,4.814446259985476,1.2572371141874243,-0.8709677419354839,-0.6384411914081519,-0.4239739821194129,0.02343272384710854,-0.07790372384391941,-0.20778862342831,-0.8346035680685203
Iybc9o2q,mid,LRN,3,29,0.448,3,0.333,13,47.4,55.2,60.3,64.0,54.8,Kits Esports,-275.7241379310345,-222.27586206896552,-6.344827586206897,663.7032827586206,0.214241,0.3793103448275862,1.1374172413793104,0.1570551724137931,0.5930293097295897,0.18437182753338918,0.0,398.8001448275862,0.0,0.3333333333333333,0.25944061995518036,0.3228115719190344,0.9059298431165169,1.6593144560357675,2.4140393963016744,-0.4827586206896552,-0.4107135843269216,-0.4122686002333919,0.009574162448143825,0.28232333818923033,0.49179711291086875,-0.011202323634927285
Azu,bot,HLL,3,49,0.306,26,0.038,19,49.8,52.7,50.5,52.2,59.3,ALMO Players,-407.57142857142856,-147.0204081632653,-6.591836734693878,813.1153204081633,0.26684248979591835,0.673469387755102,0.8775591836734694,0.16660408163265308,0.5748133751000006,0.1734017319622508,0.0,408.37614897959185,0.0,0.038461538461538464,0.19142471746604303,0.19184860684958246,-0.1868354430379746,3.310344827586207,2.7142857142857144,-0.40816326530612246,-0.5042618272228164,-0.2770406894609951,-0.11971181061171246,-0.2408875726320935,-0.14899771035045373,0.228133998551554
kehvo,bot,NLC,2,51,0.608,11,0.0,16,55.2,47.3,47.6,49.2,55.6,Arctic Pandas,-23.019607843137255,52.568627450980394,-0.6274509803921569,851.868768627451,0.27093633333333333,0.7450980392156863,0.8924156862745097,0.16144901960784314,0.6321974168185096,0.20244871463496708,0.0,369.8365019607843,0.0,0.0,0.24365187051754214,0.0,-0.027576136622742758,1.1224489795918366,2.2404481344448155,-0.43137254901960786,-0.3743577281984076,0.01266532616344385,-0.416177901702281,-0.3983530333289933,-0.30790758790188366,0.031592445252098394
Curse,jng,CBLOL,15,98,0.612,15,0.267,20,50.3,52.2,69.1,69.4,50.3,LØS|RED Academy|RED Canids,-105.79591836734694,-54.30612244897959,-3.704081632653061,489.85246224489794,0.1646135479591837,0.23469387755102042,1.6420612244897959,0.3197510204081633,0.7076075394757598,0.25202310874758,0.0,955.1279469387755,0.0,0.26666666666666666,0.5000908584395476,0.31316455230483264,0.4234173792882462,5.381194852623424,2.0203050891044216,-0.40816326530612246,-0.5963527127186508,-0.25081300271050755,-0.14912458652481994,0.8279539276678817,0.8480385897576418,-0.25233475624751883
Spooder,top,LFL,2,66,0.561,17,0.353,15,46.4,56.1,65.3,59.7,54.3,TLN Pirates,-235.45454545454547,-111.0909090909091,-4.257575757575758,585.9316924242424,0.20385280303030304,0.24242424242424243,1.1024833333333335,0.11717121212121212,0.5353481135695661,0.1893088174156012,0.0,1433.6752424242425,0.0,0.35294117647058826,0.49092252170142076,-0.31490229432802913,-0.0489673848351387,9.522839366515838,1.8463723646899908,-0.4393939393939394,-0.2572094999471406,-0.46837847722516596,0.06051898055690174,0.5717630652937324,0.2495184972667303,-0.03587147547058353
Goldmen,top,HLL,3,67,0.507,16,0.062,13,50.0,52.4,50.0,65.0,47.4,DMG Esports|Team Phantasma|devils.one inStreamly,-186.55223880597015,-117.3731343283582,-3.373134328358209,620.0131447761195,0.21443849701492537,0.43283582089552236,0.9526656716417911,0.09877164179104478,0.48424033965217633,0.2279585726071203,0.0,1469.882089552239,0.0,0.0625,0.24717768894336575,-0.09307938789566685,0.6302430774873164,4.363261093911249,1.5882027766319677,-0.5373134328358209,-0.3190846127426439,-0.26708832991290843,-0.13774964555950647,-0.2689718509859074,0.5535263162319402,-0.4087046430011182
TalentLess,mid,HC,3,33,0.455,11,0.091,17,55.8,46.6,55.1,57.6,64.3,Andromeda Gaming,-154.03030303030303,-190.27272727272728,-1.2727272727272727,835.0971757575758,0.27231103030303033,0.5757575757575758,0.7833030303030303,0.1036909090909091,0.532237571799609,0.22049440819478383,0.0,445.0537606060606,0.0,0.09090909090909091,0.34439960870628517,0.36885754146643934,-0.21729723654448632,7.173809523809524,2.9593201512468634,-0.3333333333333333,-0.30370218283127337,0.04459684716945885,-0.46059891460775304,0.007434402708281466,0.13988120706016494,0.5114989308207895
Miniduke,mid,LES,3,21,0.476,5,0.2,14,47.9,54.5,56.4,50.5,57.3,GIANTX iTero,-410.42857142857144,-340.6190476190476,-10.571428571428571,668.9484428571428,0.24191576190476188,0.23809523809523808,1.1681095238095238,0.24027619047619048,0.5601939993983909,0.24309628297114594,0.0,541.1320428571429,0.0,0.2,0.34431476830649527,0.0,-0.6091180737375664,4.5204678362573105,3.0550504633038935,-0.38095238095238093,-0.6842549318123186,-0.3823949040580008,-0.02631982186211234,0.07413074670735652,-0.23752328969700942,0.11993363463063716
ejsner,bot,RL,3,41,0.488,10,0.1,12,44.4,58.0,51.8,52.0,50.3,Anonymo Esports|Barcząca Esports by Yumisu,-550.2682926829268,-309.7073170731707,-11.048780487804878,688.3580414634147,0.23779829268292682,0.7073170731707317,1.005790243902439,0.20596341463414633,0.6107078977282157,0.13334618918084054,0.0,300.37516585365853,0.0,0.1,0.19451727434111704,-0.04617156016119738,-0.293308817651291,3.860774931982362,1.8740851426632728,-0.5121951219512195,-0.43534636361759993,-0.5888842650826165,0.1575178642389008,-0.16758230004628838,-0.15889653661554046,-0.2522184930022913
Bruce,sup,LJL,15,53,0.792,3,0.0,13,50.7,51.7,46.1,52.1,49.9,FENNEL,-39.84905660377358,-208.37735849056602,-0.32075471698113206,241.0402132075472,0.07546257169811321,0.03773584905660377,3.8404924528301887,0.40709622641509435,0.6697830548025523,0.22322836056406195,0.0,595.4793301886792,0.0,0.0,0.13216764360964947,-0.3942522126224771,-0.26617727226528926,3.951830566198382,1.7856873313329573,-0.5094339622641509,-0.35333832613643196,-0.22948253083559997,-0.17293659579246173,-0.4844185463274169,-0.15261560583319236,-0.2712321707685678
Yozan,top,CD,2,30,0.633,4,0.25,11,49.5,52.9,55.2,53.5,57.9,Invokers,-217.26666666666668,-338.6,-5.166666666666667,580.4485666666666,0.19849153,0.5,1.17248,0.18644999999999998,0.45225614285141896,0.23126574102519953,0.0,1269.7572366666668,0.0,0.25,0.24735701819494874,-0.3584324260261526,-0.12044604264283898,4.349875567266872,2.008316044185609,-0.4666666666666667,0.0,-0.29575465833994413,-0.11011090912858329,0.011105390863915487,-0.07871396896016003,0.15467337911967008
Brayaron,top,LRS,3,54,0.537,7,0.143,15,47.8,54.6,62.3,53.4,50.2,G3V E-sports|Golden Lions,-143.09259259259258,-84.33333333333333,-1.6296296296296295,552.5027148148148,0.20046018518518519,0.2962962962962963,1.0033888888888889,0.10105185185185185,0.499206284958581,0.2056333408154911,0.0,1222.0224944444444,0.0,0.14285714285714285,0.40345776220661095,1.366765496467791,0.08652946124954092,1.8671488003095975,2.041241452319315,-0.48148148148148145,-0.5198743665521329,-0.38683189246369526,-0.021864435145258983,0.3940700430070037,-0.08213387734063458,-0.2570432191101513
Blacky,mid,CD,2,40,0.4,10,0.3,15,46.8,55.6,65.9,60.4,59.2,RMD Gaming,-159.475,-196.05,-3.875,664.3341625,0.2278559,0.55,1.186865,0.217815,0.6183175949459588,0.17727558519292197,0.0,579.27991,0.0,0.3,0.48678061977373344,0.20129519697787385,0.26546021093000954,5.070673049662624,2.3717082451262845,-0.35,-0.41181400381797717,-0.44505933650606994,0.029329580968700277,0.6092193911636459,0.28637345107043566,0.22204319806934342
SCP,jng,VCS,15,24,0.458,5,0.2,11,53.2,49.2,54.6,67.2,62.3,ZEN Esports,38.791666666666664,43.416666666666664,-2.2083333333333335,455.5241458333333,0.15509705,0.3333333333333333,1.4589375,0.18818333333333334,0.629544975099932,0.22639890960236686,0.0,913.6187125,0.0,0.2,0.22703881378107282,-0.3580218249361505,0.3444283646888568,10.844261995986132,2.2453655975512468,-0.4166666666666667,0.0,-0.09711848318141751,-0.30799470102849974,-0.022635345165788662,0.6965690325040521,0.392574638801233
White,jng,PRM,3,95,0.568,37,0.351,15,47.1,55.2,67.8,52.3,47.7,Unicorns of Love Sexy Edition,-236.93684210526317,-169.45263157894738,-1.2105263157894737,477.30019684210527,0.16362792421052633,0.2631578947368421,1.4709073684210525,0.24946315789473686,0.6998201999023077,0.22382622845940317,0.0,1037.8760073684211,0.0,0.35135135135135137,0.41402321451339885,-0.16510215350635,0.042475597745442906,1.5951513525598031,1.5389675281277313,-0.47368421052631576,-0.45815058651949087,-0.42807588464184987,0.009589692844128007,0.7327816933240964,-0.1426341891675898,-0.39417003388511157
oki1,sup,HW,3,41,0.634,9,0.333,9,55.2,47.1,63.5,54.7,45.9,CITA Kaizen,-39.073170731707314,159.90243902439025,1.9268292682926829,250.06012926829268,0.07524138048780488,0.0,2.930958536585366,0.30318048780487805,0.6363714769711414,0.2316927981234193,0.0,678.9719902439025,0.0,0.3333333333333333,0.4467168983571299,0.08712765879679861,0.12369525640327568,2.059361981195782,1.4055638569974547,-0.4878048780487805,-0.482658405450547,0.012323634958183277,-0.4278706514551485,0.46145319087194636,-0.016245481571014117,-0.4985251930792355
KASE,jng,LRN,3,24,0.208,13,0.077,12,48.0,54.3,55.6,48.5,53.0,LYON Academy,-289.9166666666667,-265.3333333333333,-3.625,444.5639083333333,0.15096266666666666,0.08333333333333333,1.2243291666666667,0.2349416666666667,0.6830690193726521,0.17986856794101616,0.0,995.5805791666667,0.0,0.07692307692307693,0.40375951374911695,0.0,-0.30900074386312915,0.0,2.4494897427831783,-0.4583333333333333,-0.7120125742173229,-0.37840806248612296,-0.035284822597288545,0.03088035945133124,-0.346838695534086,-0.10470124597822936
Twendddy,top,ROL,3,23,0.261,12,0.083,9,46.9,55.4,54.2,46.1,49.0,Dynasty|Zephyr Esport,-634.1739130434783,-362.8695652173913,-10.826086956521738,562.7488000000001,0.20330865217391303,0.17391304347826086,0.8969782608695652,0.09033043478260869,0.5401925679683806,0.19629149406126742,0.0,1357.774747826087,0.0,0.08333333333333333,0.3607871720116618,0.0,-0.6620734908136483,0.0,1.876629726513673,-0.4782608695652174,-0.6979913628739038,-0.43807912345424016,0.02321311865095365,-0.040392231299014855,-0.4887842162655218,-0.32399989364857235
DDahyuk,top,LCKC,2,81,0.383,15,0.0,17,46.0,56.2,48.1,50.5,54.7,HANJIN BRION Challengers,-282.81481481481484,-178.07407407407408,-5.074074074074074,576.3984,0.22677883950617284,0.2222222222222222,1.1437592592592591,0.13788395061728395,0.5164623546181347,0.18556122124753638,0.0,1230.6222234567902,0.0,0.0,0.2556384426898993,0.0,0.26529435507121024,0.0,1.8888888888888888,-0.43209876543209874,-0.2801496993392964,-0.49115664039014056,0.06140265505334174,-0.36888871326433637,-0.23734069973072203,-0.01774064997110375
Peaker,mid,AL,3,30,0.4,11,0.091,13,51.7,50.5,59.5,51.9,56.3,One More Esports,-140.53333333333333,-191.56666666666666,-4.5,711.5495366666667,0.2522763666666667,0.5333333333333333,0.7210533333333333,0.11195000000000001,0.5803454523104173,0.16849614026823004,0.0,390.16647666666665,0.0,0.09090909090909091,0.27540035261904955,1.890904467237433,-0.27948860772923817,3.2758620689655173,2.37346441585572,-0.4,-0.44368749748096226,-0.1755070378966272,-0.23728416945145375,0.23808932721749132,-0.16545133458122396,0.06699748070624108
Crisp,sup,LPL,1,52,0.462,8,0.25,16,43.2,59.0,65.5,58.2,57.3,LGD Gaming,-136.825,-150.2,3.225,150.49337307692306,0.06442913461538462,0.0,4.217846153846154,0.48691730769230773,0.7396362911201394,0.20117057029498658,0.09090909090909091,476.204823255814,0.0,0.25,0.9952032674772036,-0.4789118756429306,-0.014833924540470911,5.814814814814816,2.2188007849009166,-0.46153846153846156,-0.19203348537394221,-0.6691286592093917,0.21061779566984962,0.5866968509941988,0.17035114796645598,0.12288707380722894
Oscarinin,top,LEC,1,28,0.5,12,0.25,15,48.3,53.9,54.5,56.7,61.3,GiantX,-222.10714285714286,-401.67857142857144,-9.142857142857142,585.454425,0.22391207500000002,0.14285714285714285,1.1445392857142858,0.16117142857142858,0.5794371449045819,0.22261009866466525,0.0,1187.3504785714285,0.0,0.25,0.3702070082355824,-0.7133033321535116,-0.3464736297828335,9.5,2.834733547569204,-0.42857142857142855,-0.2776307969757462,-0.36029528098215674,-0.05739653909965721,-0.02832377593066989,0.09063506447601513,0.337812026906123
REAVER,sup,HLL,3,72,0.556,12,0.167,14,49.2,52.9,56.0,51.6,56.7,Team Phantasma|WLGaming Esports,55.69444444444444,-42.72222222222222,-0.5,211.70184722222223,0.06997739861111112,0.0,3.5733611111111108,0.3241708333333333,0.7027547209887762,0.2252433333378877,0.0,485.3040541666667,0.0,0.16666666666666666,0.26373927488825333,0.09191322864908857,-0.03630032690526137,1.739057239057239,1.649915822768611,-0.3055555555555556,-0.268258698396627,-0.31175709307298877,-0.1123699289675122,0.050267821638474014,-0.17761004768113883,0.08699063603921442
Gakgos,top,LCS,1,74,0.486,12,0.083,20,54.6,47.5,45.8,52.0,52.5,FlyQuest,-15.797297297297296,72.58108108108108,1.8513513513513513,599.7545418918919,0.21662555000000003,0.17567567567567569,1.047754054054054,0.11357567567567568,0.5010293919770992,0.17555521345557343,0.0,1145.2839013513515,0.0,0.08333333333333333,0.27713033517605457,-0.5919996130405341,-0.19994894920445838,4.512169312169313,2.324952774876386,-0.43243243243243246,-0.49185190381327853,-0.022730628923234034,-0.4040506866516632,-0.502538103314648,-0.15862604362582639,-0.1304207898204868
Shiku,sup,LRN,3,38,0.605,4,0.0,16,50.1,52.0,50.6,45.0,58.5,Fuego|Leviatan,38.23684210526316,-103.02631578947368,-2.3684210526315788,222.14450789473685,0.07359246842105263,0.0,3.878042105263158,0.36858684210526316,0.682627482717103,0.2821990135672414,0.0,463.08250263157896,0.0,0.0,0.3270883739238728,-0.2223026647227013,-0.5562668654350575,0.0,2.5955427380922007,-0.3157894736842105,-0.62526900715443,-0.26297196347889823,-0.15943905879540274,-0.23531412686706699,-0.5560054674104167,0.18540405911058921
Lojaz,jng,NACL,2,40,0.375,12,0.083,12,48.0,54.1,53.1,48.5,49.3,Dorado Gaming,-137.9,-359.45,-10.225,461.9514275,0.163480625,0.325,1.436845,0.24863249999999998,0.7391081405731763,0.214656495215411,0.0,1001.77448,0.0,0.08333333333333333,0.2686959196956275,0.0,-0.1385255578996263,1.3846153846153848,1.8973665961010275,-0.5,-0.6059496683021125,-0.37682368940299693,-0.04630257034770835,-0.09948214248458662,-0.34967102005880174,-0.30591749250715694
Buero,bot,CD,2,44,0.523,4,0.25,13,51.1,51.0,60.2,62.6,50.2,Vivo Keyd Stars Academy,-67.45454545454545,184.52272727272728,-0.7727272727272727,710.656834090909,0.2521025113636364,0.7954545454545454,1.2059068181818182,0.24891136363636363,0.6159222210130506,0.22719120960146608,0.0,330.50889318181817,0.0,0.25,0.4014504963188161,0.0319550221300691,0.483123469744666,4.528439153439154,1.9598237397554636,-0.45454545454545453,-0.4417136882203914,-0.20525431162268426,-0.21141647007689207,0.27590629706429237,0.4089305464941307,-0.25589916824716297
Aegis,jng,CD,2,35,0.371,12,0.25,11,47.7,54.4,67.0,52.3,45.5,Team Solid,-270.2857142857143,-155.74285714285713,-4.314285714285714,428.66062285714287,0.1579552457142857,0.3142857142857143,1.3614942857142855,0.27157714285714285,0.7102765023782561,0.19363914925184467,0.0,1094.5115485714284,0.0,0.25,0.2988735085756898,1.9669313452942956,-0.06953475937541038,3.4294981222260157,1.8593393604027364,-0.5142857142857142,-0.8198913774752242,-0.3922159867719306,-0.032695647452460196,0.6826232652227477,-0.1451233125414735,-0.5204307807883
ScienTrist,sup,ROL,3,23,0.435,7,0.0,11,49.7,52.4,52.8,50.6,60.4,mCon esports,-145.91304347826087,-229.2173913043478,2.4347826086956523,208.62196086956519,0.07444791304347827,0.0,3.1390782608695655,0.33929565217391305,0.6495262860709085,0.17272288920209525,0.0,455.95195652173913,0.0,0.0,0.2583951841017334,0.4695401154688433,-0.48155201142585097,2.9689326382824834,2.2936585546278225,-0.43478260869565216,0.0,-0.2848206964970236,-0.13525170766084063,-0.11820763986963456,-0.2358855897611941,0.28915173093634466
Xiaohu,mid,LPL,1,100,0.47,13,0.077,23,44.5,57.5,47.5,48.7,61.2,Weibo Gaming,-182.11111111111111,-124.66666666666667,-2.8518518518518516,626.05915,0.22851363,0.28,1.3530760000000002,0.271851,0.638705308979763,0.18996933133385213,1.0,510.1770271604939,0.0,0.07692307692307693,0.29158996262318515,-0.3005177089325335,-0.21147085506917662,2.6859195402298854,2.3,-0.34,-0.3113351919894583,-0.5854629257167996,0.1328732347841934,-0.4053608006309226,-0.3386729319818489,0.33294003842892395
Tracyn,top,LEC,1,59,0.237,16,0.0,14,52.7,49.3,48.3,43.3,38.8,Team Heretics,-6.0,-15.610169491525424,3.0677966101694913,560.2748237288135,0.22734800169491523,0.13559322033898305,1.130015254237288,0.1365542372881356,0.4890600352823751,0.1854665545427299,0.0,1204.144193220339,0.0,0.0,0.3343802836271266,0.0,-0.35505697493103033,0.0,1.8226447537315342,-0.576271186440678,-0.6495981136039887,-0.11882127234386404,-0.30447964886930995,-0.36080481810293263,-0.6641205294431208,-0.9915957536656511
Prime,sup,LFL,2,82,0.537,13,0.077,15,46.7,55.3,50.0,63.4,45.6,Karmine Corp Blue,-32.40243902439025,-214.32926829268294,-1.2439024390243902,212.105643902439,0.07185184878048781,0.024390243902439025,3.997628048780488,0.4389939024390244,0.7037037163952752,0.20330842871035965,0.0,588.0103719512196,0.0,0.07692307692307693,0.48220805126449057,-0.7143741790565425,0.15331956837008073,6.74537037037037,1.656472891122698,-0.45121951219512196,-0.41788227960431296,-0.45460593839953845,0.013448523534437784,-0.264267743447183,0.459573689911455,-0.5176286311317201
D1verse,mid,HLL,3,23,0.261,12,0.083,13,47.4,54.5,54.1,46.8,55.5,Howl Esports|Lausanne-Sport Esports,-579.0,-584.0,-17.217391304347824,719.579447826087,0.27518939130434783,0.30434782608695654,0.9299565217391305,0.12487391304347827,0.667737956928892,0.21092973587441508,0.0,523.3337565217391,0.0,0.08333333333333333,0.36288705635055385,0.0,-0.5047949115952113,0.0,2.710687382741972,-0.43478260869565216,-0.5812071777759007,-0.41043428717700015,-0.024840556010431863,-0.0494706568838407,-0.4470059319750326,0.025700499733905945
Grave,bot,TCL,15,62,0.484,14,0.071,16,54.9,47.0,53.8,63.7,52.3,Dark Passage|Ozarox Esports|SU Esports,-20.06451612903226,-129.8548387096774,4.725806451612903,738.9448451612903,0.2688784435483871,1.1935483870967742,0.8764290322580645,0.22805645161290322,0.5908975522087613,0.2035771418215077,0.0,347.0848903225807,0.0,0.07142857142857142,0.21127601390014936,0.345785242804586,-0.00866578810750386,10.593868931588231,2.032002032003048,-0.4032258064516129,-0.4769057069433035,-0.007621362120950711,-0.4366780693290234,-0.0618147010443191,0.4744893818825274,-0.14248652534231754
Lelouch,bot,AL,3,47,0.362,12,0.0,23,48.6,53.2,50.2,46.8,67.2,GnG Amazigh|NextGeneration Esports,-309.59574468085106,-208.08510638297872,-6.9361702127659575,746.4183276595744,0.25629989361702127,0.8723404255319149,0.9021787234042553,0.19103191489361704,0.5826238109699772,0.17993208377065265,0.0,373.6246,0.0,0.0,0.28517721590735684,0.0,-0.2406073582071488,0.0,3.354894804451575,-0.2765957446808511,-0.5457821184258305,-0.3449230431277888,-0.09729062567442534,-0.2579210713167933,-0.4456960823670615,0.691392515126886
Fudge,top,LCS,1,46,0.283,11,0.091,14,46.7,55.1,54.1,71.1,47.9,Shopify Rebellion,-107.82608695652173,-111.73913043478261,-5.282608695652174,526.1505173913043,0.20903565217391307,0.15217391304347827,1.250241304347826,0.15645434782608697,0.5421164419121163,0.19384785410560576,0.0,1196.3255413043478,0.0,0.09090909090909091,0.4347626058152374,0.0,1.5441839495040577,0.0,2.06418738616856,-0.43478260869565216,-0.5965056419889652,-0.4521737051394509,0.005777445837898339,-0.04918287936575667,0.9803237030585767,-0.3827884402455305
K1ng,bot,HLL,3,23,0.304,10,0.0,10,52.4,49.4,49.2,55.5,49.0,Hyperion (Portuguese Team)|The ParadOx Invaders,-75.04347826086956,-344.04347826086956,-4.043478260869565,789.739952173913,0.28138547826086957,0.7391304347826086,0.860204347826087,0.15852608695652173,0.5483995327040649,0.22312160970622893,0.0,318.1358608695652,0.0,0.0,0.17771683932561447,-0.5178962746530313,0.2830188679245285,1.8269230769230769,2.0851441405707476,-0.5217391304347826,-0.7351013125300007,-0.13971525445136526,-0.2980979800648222,-0.31038739168611856,0.024309864739561413,-0.321358314328321
Labrov,sup,LEC,1,128,0.656,18,0.389,18,56.5,45.3,66.0,49.1,54.3,G2 Esports,51.3671875,-40.3203125,-1.2578125,226.03505,0.08064534296875,0.015625,4.05761640625,0.4469859375,0.7054809830516157,0.28750070102489655,0.0,510.78827890625,0.0,0.3888888888888889,0.4269017446579257,-0.1091773537871249,-0.20748680493935398,3.461236317214772,1.590990257669732,-0.3203125,-0.27149637205518223,0.0811787683494572,-0.5370956213598,0.6185352467038252,-0.31802703464942805,-0.03826951093419978
Massu,bot,LCS,1,74,0.486,12,0.083,19,53.5,48.3,49.8,71.0,57.8,FlyQuest,-94.51351351351352,149.14864864864865,1.0405405405405406,750.1289432432433,0.26791024324324325,0.5405405405405406,1.0398702702702702,0.23600135135135134,0.6743404292997975,0.20007809967097676,0.0,431.82029324324327,0.0,0.08333333333333333,0.2513569412368489,0.06465660911036426,0.589017455297409,6.498737373737374,2.2087051361325662,-0.3783783783783784,-0.47786194657692477,-0.07974621634637566,-0.3579001993598081,-0.27543162263388,0.9745607569740059,0.14682473604484314
Soul,sup,NLC,2,38,0.395,13,0.154,16,57.5,44.2,55.6,71.1,62.8,DMG Esports|Lundqvist Lightside|The ParadOx Invaders,-127.28947368421052,-45.578947368421055,-1.5789473684210527,254.32684736842106,0.08964592631578948,0.10526315789473684,3.3046342105263156,0.30995,0.6673346959480188,0.2482599841624397,0.0,483.60128421052633,0.0,0.15384615384615385,0.34757022074884997,0.0,1.5626260015507882,4.663596966413869,2.5955427380922007,-0.39473684210526316,-0.3596971745167383,0.13010900762533545,-0.6057226137432616,0.031738594323568,0.9830437534859608,0.4210612677028947
Maynter,top,LEC,1,77,0.519,12,0.167,16,46.8,54.9,53.2,53.0,44.6,Natus Vincere,-28.350649350649352,73.76623376623377,-4.0,524.6130454545455,0.20828116363636365,0.1038961038961039,1.1990727272727273,0.18444415584415583,0.5244885985234575,0.19698984387936863,0.0,1338.3880935064935,0.0,0.16666666666666666,0.4316424429011241,-0.5266903914590748,0.1600245496980328,1.0952380952380951,1.8233692233542071,-0.5064935064935064,-0.4277417142689207,-0.447353302430773,-0.005980214231699931,-0.09578442609263188,-0.10516648507321916,-0.5794342124244283
Bull,bot,CBLOL,15,64,0.516,19,0.263,15,49.3,52.4,68.8,56.5,51.3,LOUD,-348.109375,-33.234375,1.328125,709.369890625,0.26560915625,0.65625,1.0386703125,0.257696875,0.6067760409751571,0.18056940083119824,0.0,375.9350828125,0.0,0.2631578947368421,0.45222574046063624,0.6273461464565154,-0.04775742681124525,5.899253341687552,1.875,-0.40625,-0.41510675819177173,-0.30295821123472705,-0.13595436041725897,0.8078256954952134,0.07934659402292323,-0.19724521992047053
Inspire,mid,HM,3,22,0.273,11,0.0,13,50.4,51.2,51.4,54.4,58.5,Onion Team|Priority,-299.5,-631.1363636363636,-11.318181818181818,795.0996454545456,0.26912445454545453,0.3181818181818182,0.9117772727272727,0.13089545454545456,0.5682816097092511,0.2126785769740277,0.0,440.19178636363637,0.0,0.0,0.2638783630162941,0.0,0.25021082813290585,0.0,2.7716093126229358,-0.4090909090909091,-0.41105863284415106,-0.2468519351800517,-0.20288855200251923,-0.1885013989693694,-0.029253177137516018,0.18294489600803357
f4ke,sup,LJL,15,52,0.481,14,0.143,17,51.2,50.4,61.7,50.9,53.3,Uwinks|VARREL YOUTH,-28.365384615384617,8.653846153846153,-2.423076923076923,230.79544423076925,0.08215060384615384,0.0,3.707848076923077,0.41105,0.6610360481355377,0.21933983567297594,0.0,533.3187115384616,0.0,0.14285714285714285,0.37051366405698744,0.6538198059216028,-0.340096577787109,4.003013145231354,2.3574758339572237,-0.46153846153846156,-0.5846036366937771,-0.20019798280330584,-0.24357439044417015,0.3629793418816987,-0.219659197059277,-0.09000277678283138
Buddy,mid,LAS,3,32,0.719,3,0.0,8,48.6,53.0,49.9,51.4,41.1,Hanwha Life Esports Academy,-224.78125,-233.5,-6.09375,734.910065625,0.20269221874999999,0.46875,1.288175,0.197784375,0.5230978166537789,0.2394726566407542,0.0,526.444575,0.0,0.0,0.2099260227052031,0.0,-0.21292693471681798,2.3419605978592153,1.414213562373095,-0.71875,-0.5051390416942252,-0.34522739218166865,-0.10532086109194733,-0.26991384105499694,-0.19073761116867732,-0.8151569627953122
S1D,sup,LIT,3,32,0.281,10,0.0,15,49.9,51.6,50.1,58.1,53.6,EKO Esports|StoneHenge Esports,-190.71875,42.875,0.65625,217.18675625,0.074527075,0.0,3.368378125,0.320715625,0.6495703133790385,0.21839493178365277,0.0,664.139709375,0.0,0.0,0.2620347394540943,-0.23302196415046697,0.6160092807424594,0.48936170212765956,2.651650429449553,-0.46875,-0.7159653839960713,-0.2696836004045969,-0.18226436641067809,-0.26156533750074495,0.16134681302042958,-0.0725661889562744
Vladi,mid,LEC,1,67,0.403,16,0.125,15,42.6,58.9,52.3,47.5,51.6,Fnatic,-207.955223880597,-335.64179104477614,-6.940298507462686,599.1160552238806,0.24165707462686564,0.3283582089552239,1.420931343283582,0.2569164179104478,0.6759748098124321,0.18105584937599653,0.0,456.7499119402985,0.0,0.125,0.27217906653137053,0.0,-0.11868342599493566,0.0,1.8325416653445783,-0.373134328358209,-0.3554314930762973,-0.7092281105162954,0.2080236071850137,-0.1434344811595073,-0.4045549097934586,-0.179294334628802
Humanoid,mid,LEC,1,56,0.536,6,0.167,20,58.9,42.6,53.2,47.2,61.7,Team Vitality,-59.49090909090909,-131.9090909090909,-2.0,761.7734964285713,0.25507514285714283,0.5357142857142857,1.1540357142857143,0.20194107142857143,0.5627384537986871,0.23462451058860676,0.0,524.3206875,0.0,0.16666666666666666,0.22495523137111767,0.0,-0.16413072107299873,0.0,2.6726124191242437,-0.375,-0.3428953330249107,0.20442682758041167,-0.7062407051767423,-0.09595534525774153,-0.422773797536778,0.35811261931325056
Strongside,sup,ROL,3,26,0.577,4,0.25,9,47.2,54.3,58.7,58.0,50.0,Senshi eSports,-274.2307692307692,-269.03846153846155,-5.115384615384615,217.01307692307694,0.06497853461538462,0.11538461538461539,3.4666653846153848,0.38300769230769227,0.6682272560062951,0.20324451745186514,0.0,590.6638576923077,0.0,0.25,0.38416587836806937,0.0,0.6985837438423645,0.0,1.7650452162436565,-0.46153846153846156,-0.5463131020417609,-0.42420631854765445,-0.035556567072715,0.19692134264133515,0.1564223904004349,-0.2649957976993863
fengyue,sup,LPL,1,121,0.587,22,0.136,21,51.8,49.6,51.3,67.9,52.4,Ninjas in Pyjamas|Top Esports,-51.010416666666664,17.083333333333332,0.3541666666666667,213.89395785123966,0.07580382975206612,0.008264462809917356,4.008757024793388,0.4172363636363636,0.739612594901674,0.2386382643507728,0.0,429.77714545454546,0.0,0.13636363636363635,0.39779768036667235,-0.4716968307290653,0.5053582561075513,3.8815599998360555,1.9090909090909092,-0.33884297520661155,-0.45163764868204714,-0.1681927072205902,-0.2860767012515039,-0.19751630472645937,0.7400518784822837,-0.13813757570498572
Sponge,jng,LCK,1,106,0.415,28,0.179,14,50.7,50.7,55.7,64.9,41.2,Nongshim RedForce,-132.11320754716982,-191.11320754716982,-3.1037735849056602,484.89759528301886,0.1628777283018868,0.18867924528301888,1.762475471698113,0.36193679245283017,0.7052770188126006,0.22412507930728812,0.0,981.1017075471698,0.0,0.17857142857142858,0.3358540218992265,-0.1575963780149402,0.11440960427650573,7.8993055555555545,1.3598002073001698,-0.4811320754716981,-0.49486794964297226,-0.22881141218305245,-0.23034336943240008,0.03427301496305457,0.5476883081217128,-0.8022286227119247
Cape,jng,TCL,15,27,0.519,7,0.143,13,53.3,48.1,54.8,44.4,57.1,Crusaders|Ozarox Esports,-2.259259259259259,6.074074074074074,1.3703703703703705,476.1146703703704,0.17200195925925926,0.1111111111111111,1.313622222222222,0.23935555555555557,0.6576681176599286,0.26113460554180556,0.0,885.687862962963,0.0,0.14285714285714285,0.2076530607759757,0.0,-0.6077505676599918,0.0,2.5018511664883785,-0.48148148148148145,-0.47125805135574184,-0.09043430827637741,-0.37041767639719797,-0.012837620371063976,-0.5933480366457324,0.10883028901550645
Kaka,mid,HC,3,35,0.657,8,0.5,13,53.4,48.0,66.7,66.7,58.5,Priority,-147.37142857142857,-74.68571428571428,-7.542857142857143,794.7289685714286,0.2354776,0.6857142857142857,0.8949171428571429,0.14790857142857142,0.5503621594525748,0.24272654304546362,0.0,443.96132857142857,0.0,0.5,0.7524942293323372,-0.7580754999659501,0.3622387726068929,8.603524795982421,2.197401062294143,-0.42857142857142855,-0.1809689148397552,-0.08235927419509446,-0.3782878322674949,0.6604898792665804,0.6616863948190945,0.1847145521126561
Contractz,jng,LCS,1,46,0.283,11,0.091,17,50.2,51.1,51.9,67.4,56.9,Shopify Rebellion,-47.630434782608695,-169.34782608695653,-2.4347826086956523,426.94389347826086,0.16433491086956523,0.15217391304347827,1.5696217391304348,0.32993260869565216,0.7157872455145334,0.18734849159514982,0.0,932.8127782608695,0.0,0.09090909090909091,0.22972589895113282,0.0,0.8896832338289538,0.0,2.5065132546332514,-0.43478260869565216,-0.5829574048386857,-0.25559919114251517,-0.2041142327548602,-0.16281734512055904,0.7064638908562885,0.10160034321180537
Ariana,top,NACL,2,53,0.377,12,0.083,19,53.2,48.1,55.4,50.0,58.7,Blue Otter|University of Mississippi,-206.58490566037736,22.88679245283019,2.0943396226415096,642.5939075471699,0.2273208113207547,0.2830188679245283,0.9248490566037736,0.10306037735849057,0.48865428852170306,0.21646957278120973,0.0,1368.4665113207545,0.0,0.08333333333333333,0.43588944396492857,-0.14114129333063055,-0.1926441864750323,2.1538461538461537,2.6098507150250914,-0.4339622641509434,-0.42960572319240603,-0.09327415623738061,-0.37088199931354704,0.01987157561245028,-0.2655120740298136,0.19375318509510484
Jiwoo,bot,LCK,1,111,0.477,28,0.143,19,51.6,49.6,52.4,60.7,52.6,KT Rolster|KT Rolster Challengers|Kiwoom DRX|Kiwoom DRX Challengers,-205.94594594594594,-150.45045045045046,-6.63063063063063,767.5760855855856,0.28970884684684683,0.8648648648648649,1.1305351351351351,0.3078612612612613,0.6820753020090077,0.22051327681681684,0.0,420.10841351351354,0.0,0.14285714285714285,0.2926600544845823,0.021435013243763283,-0.02755764733169667,7.5450752950752955,1.8034001919297482,-0.42342342342342343,-0.34826406831307505,-0.18045931939488938,-0.286709095016658,-0.13709701713683786,0.30492573759847946,-0.12912718106132867
Nawa,bot,TCL,15,36,0.528,6,0.0,13,50.0,51.2,47.9,56.7,59.3,PCIFIC Esports,138.80555555555554,-55.97222222222222,-0.08333333333333333,639.561525,0.23962833333333336,0.5833333333333334,0.9947472222222223,0.23727777777777778,0.603551321088659,0.1889249926433879,0.0,331.0169027777778,0.0,0.0,0.07954043305346885,0.03664921465968573,0.21569005397070148,2.698717948717949,2.1666666666666665,-0.3333333333333333,-0.2626475090034973,-0.2688928196035889,-0.20378787599392745,-0.38519053961698485,0.09091492334483843,0.2268341236545027
Fornoreason,top,PRM,3,95,0.568,37,0.351,23,46.4,54.7,63.7,56.4,56.5,Unicorns of Love Sexy Edition,-339.9263157894737,-419.7157894736842,-7.2631578947368425,655.3267484210527,0.22882782105263158,0.2631578947368421,1.1441968421052633,0.14017578947368423,0.4937166240638105,0.25285304697448113,0.0,1154.5621021052632,0.0,0.35135135135135137,0.4337446344913676,-0.5506794262622674,-0.017188805573340175,5.293222574255345,2.3597502097958545,-0.4105263157894737,-0.4922768678529873,-0.47131678104764396,-0.01636236442706661,0.47272192921294354,0.07366107048850734,0.0779363539868506
Tenshi,mid,RL,3,38,0.579,7,0.0,10,52.9,48.2,49.0,52.8,52.7,Barcząca Esports by Yumisu,-122.52631578947368,99.23684210526316,3.3684210526315788,721.9397315789474,0.24226136842105264,0.34210526315789475,0.8072973684210526,0.12597894736842105,0.5720851017515951,0.23205632067965198,0.0,540.4915763157894,0.0,0.0,0.14666539371373413,0.0801790482173708,-0.21502341394573093,3.62638338544447,1.6222142113076254,-0.5,-0.13870350126798425,-0.1127545956016103,-0.3644629994359335,-0.32157517571424005,-0.11473065562085513,-0.12315748549460662
Lagas,sup,HLL,3,31,0.387,12,0.0,10,46.6,54.5,50.3,49.3,52.0,Spartans EU,-199.16129032258064,-302.06451612903226,-3.096774193548387,225.41809677419354,0.07849583870967743,0.0,3.655074193548387,0.4243193548387097,0.6649957887612471,0.23414470135673873,0.0,618.5538419354839,0.0,0.0,0.21550618147888964,0.0,-0.20101254991443235,0.0,1.7960530202677492,-0.5161290322580645,-0.2831545076523529,-0.45613333423238345,-0.02851003143886936,-0.2504145739540964,-0.3057953726975772,-0.16006316595343906
Elkinho,sup,CD,2,41,0.585,6,0.167,16,47.6,53.5,56.4,47.9,58.5,Ei Nerd Esports|Invokers,-61.609756097560975,-65.36585365853658,0.6341463414634146,186.81586585365852,0.06789832682926829,0.0,3.981768292682927,0.43055609756097557,0.7152692079766517,0.2417522655664712,0.0,625.3835878048781,0.0,0.16666666666666666,0.539320795548739,-0.4192156645832181,-0.5059873746633703,2.1912395487274714,2.498780190217697,-0.4146341463414634,-0.5129787485100675,-0.40202573180877643,-0.08118608678991626,0.07184151575980495,-0.38172721383073166,0.18489380824592733
Fooneses,mid,PRM,3,28,0.071,21,0.0,9,45.3,55.7,51.5,48.9,47.6,ROSSMANN Centaurs,-555.8571428571429,-647.3214285714286,-16.321428571428573,656.2261964285715,0.28901164285714287,0.17857142857142858,1.0891071428571428,0.19703928571428572,0.5969864313723963,0.1875344366119778,0.0,391.8664357142857,0.0,0.0,0.3312392426850258,0.0,-0.2142141370538811,0.0,1.7008401285415224,-0.5714285714285714,-0.44195384361612794,-0.5354240967968316,0.03930642711140598,-0.18408041882520026,-0.32496499613971996,-0.4028284955880743
PmK,top,RL,3,37,0.405,11,0.091,14,48.3,52.7,56.4,52.6,56.3,DOCISK,-436.02702702702703,-247.7027027027027,-14.72972972972973,654.7148756756757,0.23410348648648646,0.16216216216216217,0.9182189189189189,0.09907567567567567,0.4438796515989344,0.18803063872050277,0.0,1342.643872972973,0.0,0.09090909090909091,0.49123208186248585,0.0,0.044049247606019304,1.3076923076923077,2.301585822275002,-0.35135135135135137,-0.5515837106175302,-0.3576898695147688,-0.11971915345127293,0.07274791140739445,-0.12544109371966264,0.06658332500238415
Virgo,top,VCS,15,51,0.529,14,0.0,15,49.4,51.6,47.2,60.7,59.5,1TAP Dino,-333.11764705882354,-243.9607843137255,-5.764705882352941,644.8512509803923,0.22425080392156863,0.21568627450980393,1.0353823529411763,0.1532078431372549,0.4480608638163263,0.21178641147171975,0.0,1472.5312882352941,0.0,0.0,0.14037489418542276,-0.4227110090794399,0.20849354344009072,6.3688525466303245,2.100420126042015,-0.37254901960784315,-0.2870661751942958,-0.29931250082135913,-0.17866971219889413,-0.4231782958676988,0.3046147317650945,0.23796669267452825
ZWICKL,jng,PRM,3,40,0.225,18,0.056,15,50.4,50.6,53.9,73.5,56.2,VfB eSports,-365.975,-502.375,-12.425,563.0328499999999,0.189990325,0.45,1.03086,0.2015825,0.7059612647926207,0.2212152400849025,0.0,1110.290825,0.0,0.05555555555555555,0.5643910959729781,-0.8541506516325689,1.3038912064400787,6.87012987012987,2.3717082451262845,-0.4,-0.548582358238009,-0.24236688417027508,-0.2338691468251147,-0.05561169984287154,1.2008135380930578,0.061671854675601406
hinami,bot,LJL,15,26,0.115,16,0.0,10,44.1,56.7,51.7,49.4,48.8,V3 Esports,-831.7307692307693,-649.0769230769231,-13.884615384615385,679.2627538461539,0.2718975,0.5,1.0830653846153846,0.21714615384615385,0.7005182401392809,0.1850701778643121,0.0,331.3313692307692,0.0,0.0,0.2639433978719693,0.0,-0.3875936801724309,3.388407888407888,1.9611613513818404,-0.5384615384615384,-0.5693674480266847,-0.611072673146207,0.08703714705679949,-0.17465978595715487,-0.3000378247431698,-0.33494911873592054
Wilson,jng,NACL,2,63,0.54,12,0.167,13,47.7,53.1,57.4,62.1,47.3,Winthrop University,-137.47619047619048,-320.8095238095238,-7.285714285714286,496.58670317460314,0.16726693968253967,0.15873015873015872,1.4773492063492062,0.28269841269841267,0.7189161628205717,0.2359398505901165,0.0,1108.3335365079365,0.0,0.16666666666666666,0.2458859745264766,0.32951352240483583,0.3446189084299468,5.119164642945131,1.6378460497066512,-0.5238095238095238,-0.44939182484041473,-0.3943759276704429,-0.10278232258405995,0.12562562010924266,0.38155281553942344,-0.41663217326390034
Elix1r,jng,HLL,3,64,0.5,10,0.2,16,51.3,49.5,63.0,60.1,57.4,Axolotl|GOAL|Gamespace Mediterranean College Esports,58.65625,-37.703125,-3.796875,482.855084375,0.1570310921875,0.34375,1.208909375,0.1924234375,0.6589410072637951,0.197065838979034,0.0,1022.09506875,0.0,0.2,0.40148291289462085,0.3447234862825739,0.1126791590367748,5.6617445054945055,2.0,-0.40625,-0.3464274369694548,-0.1962392372338484,-0.29392754353557027,0.4348826890072378,0.27417623962317117,0.12478663613421784
Alps,mid,LJL,15,39,0.564,7,0.143,13,49.8,51.0,54.6,59.9,47.8,New Meta,-10.717948717948717,26.871794871794872,-5.076923076923077,635.5290794871795,0.2113699230769231,0.2564102564102564,0.9545717948717948,0.15554358974358976,0.5681269273351572,0.17086999122880772,0.0,402.3874153846154,0.0,0.14285714285714285,0.15053571753091377,0.0,0.4535439788711495,0.0,2.0816659994661326,-0.5128205128205128,-0.5979157969393349,-0.2768163544132106,-0.21225191721305742,-0.01960508848495192,0.2631804053836544,-0.3869122807598768
FallenBandit,jng,LPLOL,3,23,0.478,8,0.25,8,46.3,54.5,63.5,59.8,47.5,Ronaldo Team|Tung Tung Bogi,-682.7826086956521,-591.5652173913044,-7.086956521739131,482.17189565217393,0.15263527826086956,0.21739130434782608,1.4130260869565219,0.24727391304347823,0.6656503219423644,0.1877326461111965,0.0,915.8860521739131,0.0,0.25,0.909967863232915,-0.7863908373954741,0.6076343853581208,1.985294117647059,1.6681153124565982,-0.6086956521739131,-0.6220134856786951,-0.4773079214692617,-0.02428972863034809,0.46347818589968937,0.2548572910317237,-0.4046566085052962
Dinai,jng,LCKC,2,81,0.383,15,0.0,14,42.6,58.0,45.1,49.6,52.1,HANJIN BRION Challengers,-76.85185185185185,-175.2962962962963,-4.62962962962963,374.5223382716049,0.14525007283950617,0.25925925925925924,1.802756790123457,0.40035308641975315,0.717177404499897,0.22862192827634492,0.0,850.2836222222222,0.0,0.0,0.14846178841660607,0.0,0.13220101873293014,0.0,1.5555555555555556,-0.48148148148148145,-0.2570667504678473,-0.7099569821853224,0.15962186016914184,-0.54700729027318,-0.28765951956396213,-0.1509891994977236
YellowYoshi,top,LJL,15,56,0.661,4,0.0,11,46.3,54.3,45.9,52.1,50.2,Rising Gaming,-175.66071428571428,-143.73214285714286,-4.607142857142857,562.6454410714285,0.17541084107142857,0.23214285714285715,1.3838714285714284,0.11079464285714287,0.42504412689352444,0.18752996015863124,0.0,1205.6639553571429,0.0,0.0,0.11681995982662015,-0.5454932878755594,-0.1786259541984732,4.170940170940171,1.4699368305183342,-0.5535714285714286,-0.2564021739786979,-0.4725466129111596,-0.039342595360937094,-0.50028438862546,-0.15310861100088174,-0.2536871488752787
xHikama,bot,LIT,3,44,0.455,11,0.182,16,50.6,50.0,58.6,55.1,55.3,4 Employed e 1 Budino|Colossal Gaming|StoneHenge Esports,2.8181818181818183,-56.95454545454545,-1.1363636363636365,728.7500454545454,0.24007338636363637,0.75,0.8371227272727272,0.1478818181818182,0.5643940302021364,0.19332494807485762,0.0,398.72409318181815,0.0,0.18181818181818182,0.2581029185867896,0.7731741142106748,0.2320117860619295,1.857142857142857,2.412090756622109,-0.3409090909090909,-0.6665301083989728,-0.2335697419644094,-0.26493285113609394,0.1905212970218787,0.006194039117238259,0.017625046513381162
Fubuki,jng,LJL,15,23,0.391,6,0.0,10,49.7,50.9,50.8,59.0,52.8,Fast8|VARREL YOUTH,-279.0,-210.47826086956522,-1.434782608695652,390.14113043478267,0.13891600434782608,0.43478260869565216,1.5122043478260871,0.26292608695652175,0.56466097288227,0.15323394086306177,0.0,830.3928173913044,0.0,0.0,0.12872947158661444,0.0,0.1541531174365599,4.7272727272727275,2.0851441405707476,-0.4782608695652174,-0.49970407525026017,-0.28360783557942165,-0.21527012381567492,-0.22494576991761744,0.21194054662329043,-0.11576064871731455
Satto,sup,NL,3,26,0.462,5,0.4,9,46.1,54.5,64.4,48.7,46.3,Lille Esport,-53.34615384615385,-260.38461538461536,-5.461538461538462,189.63184615384614,0.0693564423076923,0.0,3.4817192307692304,0.35433461538461536,0.7114007706918026,0.22125394060013856,0.0,539.3747769230769,0.0,0.4,0.5944755371005598,0.0,-0.3358093288492469,0.0,1.7650452162436565,-0.7307692307692307,-0.39709293968312875,-0.4887614274024736,-0.026731630407785256,0.5181728723883365,-0.339110327360437,-0.472428224007195
Noah,bot,LEC,1,58,0.483,14,0.143,14,47.2,53.3,55.6,45.8,52.0,GiantX,-265.91379310344826,-139.1551724137931,-1.896551724137931,723.9084396551724,0.28217575862068967,0.39655172413793105,1.4358120689655174,0.33693275862068967,0.6570103514165253,0.2152116887625855,0.0,345.57151724137935,0.0,0.14285714285714285,0.4325808077978825,0.0,-0.1998368967840302,0.0,1.8382900600361156,-0.41379310344827586,-0.41915015944900286,-0.421276473075139,-0.08979105727402843,0.033103448195816246,-0.505323632512317,-0.15683017110747982
vladichich,bot,EBL,3,44,0.386,11,0.091,13,49.6,50.9,51.2,54.3,52.5,RLX Esports|SPIKE Syndicate|ZeroZone Gaming,-536.6136363636364,-130.77272727272728,-10.090909090909092,820.0220181818182,0.2585201590909091,0.9318181818181818,0.6822409090909091,0.13546363636363637,0.6300700246973266,0.18410927343081449,0.0,368.0238318181818,0.0,0.09090909090909091,0.23726165804421517,-0.28416425861569145,-0.15057824526422478,4.399659863945579,1.9598237397554636,-0.5,-0.3597522808544399,-0.28977367954996347,-0.21524769853522469,-0.20108887621038557,-0.03435178679835407,-0.1299174354356909
LIDER,mid,LEC,1,32,0.312,8,0.125,18,52.4,48.0,55.3,47.4,62.3,SK Gaming,40.9375,43.5,-0.65625,640.1184625,0.2297948125,0.1875,1.077296875,0.19614375,0.5969837507460862,0.21820677278261083,0.0,702.4885375,0.0,0.125,0.47826991058432106,0.0,-0.28679995083780574,0.0,3.181980515339464,-0.28125,-0.5989138794226158,-0.138820838645006,-0.37818326599936125,0.015788518076198806,-0.4136127768449852,0.395260312032115
nonnein,top,LAS,3,48,0.167,22,0.045,13,44.5,55.9,52.8,62.4,50.6,HANJIN BRION Academy,-591.7083333333334,-533.875,-10.4375,591.0852,0.2291197,0.20833333333333334,1.2433145833333332,0.18023750000000002,0.3956791984036852,0.2108038292997644,0.0,1281.54736875,0.0,0.045454545454545456,0.3738673112729886,0.0,0.42112219945806617,5.622368092536159,1.8763883748662837,-0.5625,-0.2909350721740143,-0.5837649182045171,0.04889650941401727,-0.11396405082024691,0.4002980234806401,-0.23278898870448475
Array,bot,NACL,2,39,0.385,7,0.143,15,48.3,52.1,51.6,48.8,53.5,Citadel Gaming|University of Mississippi,-128.76923076923077,-161.28205128205127,-2.0256410256410255,768.6356025641026,0.25736889743589747,0.38461538461538464,1.1988923076923077,0.27820769230769227,0.5418802946452128,0.16650782658787006,0.0,314.4566051282051,0.0,0.14285714285714285,0.2853325110494398,-0.6755701914867666,-0.042572358197358336,0.0,2.401922307076307,-0.4358974358974359,-0.5244870302158725,-0.36005935042427556,-0.15119657986071405,-0.17937881953593482,-0.33428402225523046,-0.08167135088802426
MegaJ,top,EBL,3,20,0.25,7,0.0,10,50.2,50.1,52.2,50.0,58.0,Lupus Esports|NextGeneration Esports,-392.75,-431.55,-6.2,651.01585,0.2244348,0.15,0.6959000000000001,0.081065,0.43500112687272396,0.24979417278124175,0.0,1815.87414,0.0,0.0,0.28523906114169806,0.14782219570405714,-0.34770482277745507,1.0383986928104578,2.23606797749979,-0.45,-0.1635084193672827,-0.25368784306156356,-0.26359413361511874,-0.14958871368019672,-0.2680665464407067,0.15655121938250618
Ferrari,jng,ROL,3,44,0.318,11,0.0,12,46.3,54.0,50.9,51.6,51.4,Myth Esports|SPIKE Syndicate,-198.02272727272728,-185.4090909090909,-6.159090909090909,431.4963409090909,0.15777459545454545,0.1590909090909091,1.383175,0.22787727272727273,0.6718602326089157,0.20827179952545916,0.0,1205.483515909091,0.0,0.0,0.2877421166686926,0.0,-0.013837137311652701,1.1397058823529411,1.8090680674665818,-0.45454545454545453,-0.4990391275290301,-0.4741810455818865,-0.054786551575217744,-0.21939160631767113,-0.1799611241747192,-0.19124847376453574
Hery,top,LPL,1,34,0.353,7,0.0,10,50.7,49.5,46.5,47.2,47.8,Oh My God,-171.8,-257.73333333333335,-4.433333333333334,592.2278852941176,0.24161976470588234,0.08823529411764706,1.4330382352941178,0.1497970588235294,0.4321429559432655,0.2248266242995662,0.0,1173.95748,0.0,0.0,0.0966159223039957,0.019642463032443224,-0.32700573065902583,0.9310344827586202,1.7149858514250882,-0.5,-0.3831660799636507,-0.23038271704842153,-0.29168652077560697,-0.46642091671536745,-0.42530581494940356,-0.38822621782173367
Okyu,bot,VCS,15,21,0.333,9,0.0,10,48.8,51.4,49.2,61.0,58.3,1TAP Dino,-251.9047619047619,-156.8095238095238,-8.857142857142858,682.7708238095238,0.23926028571428573,0.38095238095238093,1.0771428571428572,0.26318095238095235,0.5787391134787035,0.2076480097934715,0.0,351.37771428571426,0.0,0.0,0.22405268637563258,-0.7460765297125727,0.6048464003752051,3.3956043956043955,2.182178902359924,-0.47619047619047616,0.0,-0.3338098380868917,-0.1925118567859621,-0.31287087980498884,0.32256479394274845,0.17368766007597658
Poby,mid,LEC,1,77,0.519,12,0.167,16,52.3,47.8,48.0,52.7,49.2,Natus Vincere,-75.71428571428571,45.33766233766234,1.0129870129870129,617.6500961038961,0.24268864935064935,0.38961038961038963,1.1912142857142858,0.18545714285714288,0.6148020488588297,0.17548592090080126,0.0,455.24269350649354,0.0,0.16666666666666666,0.395271416326932,-0.880381564820488,-0.03038697113069769,2.3750000000000004,1.8233692233542071,-0.37662337662337664,-0.4167635939733337,-0.14326316468762323,-0.3879005132295409,-0.3780652496016391,-0.11947912695750541,-0.30906436380025315
Dovendyr,sup,ROL,3,43,0.349,14,0.071,14,47.0,53.0,54.6,55.7,53.8,Lund Esports Organization|Myth Esports,-187.88372093023256,34.093023255813954,1.6744186046511629,171.60237674418605,0.06487283255813953,0.046511627906976744,3.4501023255813954,0.3361418604651163,0.6813345727974248,0.21869998787886968,0.0,624.1485720930232,0.0,0.07142857142857142,0.4053696865140757,0.0,0.3811922343390876,0.45833333333333337,2.134979984656465,-0.37209302325581395,-0.571331961420648,-0.4371960198978911,-0.10630075027360782,-0.021023172154849626,0.037465118689502114,-0.06203920150627664
APA,mid,LCS,1,66,0.576,9,0.222,18,47.8,52.2,62.4,67.9,51.2,Cloud9,-140.42424242424244,-206.5909090909091,-4.136363636363637,664.6256348484848,0.24280948484848483,0.24242424242424243,1.4321666666666666,0.23211060606060607,0.6508769857879765,0.24348894039853303,0.0,488.7383015151515,0.0,0.2222222222222222,0.6739979865886326,0.09269285708176182,-0.057370541799607544,13.432870370370372,2.215646837627989,-0.4090909090909091,-0.4647070562590159,-0.38862856549718794,-0.1498880281191735,0.40133038558142153,0.7413144552910077,-0.20046600881477855
Anyone,bot,RL,3,37,0.405,11,0.091,15,48.2,51.8,54.3,58.5,57.4,DOCISK,-78.91891891891892,-195.59459459459458,-3.3783783783783785,678.8722783783784,0.23950181081081084,0.6486486486486487,0.8438216216216216,0.2216945945945946,0.5811149112019768,0.20622396777464752,0.0,365.69803783783783,0.0,0.09090909090909091,0.3481613618747438,0.0,0.06194670905829342,5.769911504424779,2.4659848095803594,-0.4594594594594595,-0.3878286504301436,-0.36454062467588755,-0.17176112412724112,-0.03937246532901895,0.1860667492925442,0.12615647530359872
Sushee,bot,NACL,2,46,0.674,4,0.0,16,50.9,49.1,43.4,57.6,57.9,NRG,61.32608695652174,-25.108695652173914,-2.8260869565217392,756.9492173913043,0.24949771739130436,0.8043478260869565,1.0852521739130434,0.2262195652173913,0.601657843448692,0.20522063776623609,0.0,296.2134108695652,0.0,0.0,0.1373898839040896,-0.7784869166659705,0.05287690203164837,8.165625,2.359071298478354,-0.3695652173913043,-0.4159514157218932,-0.2164591892519859,-0.31679045939831124,-0.6542416196373114,0.13782987081559764,0.1513200052939572
curty,top,CBLOL,15,46,0.413,15,0.0,15,45.4,54.5,50.5,54.6,54.0,Fluxo W7M,-513.4782608695652,-301.8478260869565,-13.934782608695652,562.0596608695652,0.21178691304347827,0.2391304347826087,1.230391304347826,0.15687173913043478,0.5040065001317321,0.22769180486939036,0.0,1214.358102173913,0.0,0.0,0.2958543667951749,-0.31011008988991023,0.008081715119542195,3.8612329434697856,2.211629342323457,-0.5217391304347826,-0.4546890187357828,-0.5298785104209195,-0.025378829566703967,-0.23973145831856646,-0.02034187703275534,-0.05068934283989222
Zach,mid,NACL,2,39,0.564,8,0.125,13,47.8,52.1,57.2,55.8,50.9,Winthrop University,-199.5897435897436,-274.9230769230769,-3.2564102564102564,761.1955435897436,0.2462171025641026,0.2564102564102564,1.2598128205128205,0.21583333333333335,0.6090908529668879,0.22710735744049407,0.0,446.8275205128205,0.0,0.125,0.27807442169832236,0.4622891497606563,0.06752921535893155,4.0739445215335595,2.0816659994661326,-0.46153846153846156,-0.46082697538431094,-0.38965273598429245,-0.1542456179891096,0.11512903234819719,0.04221260565949686,-0.2193567271359934
Exan,jng,AL,3,36,0.417,12,0.083,9,47.7,52.2,59.1,58.6,56.7,GnG Amazigh,-289.27777777777777,-246.86111111111111,-3.6944444444444446,455.7827027777778,0.15095389166666667,0.3055555555555556,1.4509333333333334,0.22960555555555556,0.5899739799035421,0.1541213194433525,0.0,872.540611111111,0.0,0.08333333333333333,0.3854893540883879,0.7742803893145578,0.0906619972296997,5.659502262443439,1.5,-0.4722222222222222,-0.05191157505581768,-0.39281682903849124,-0.1471730183776706,0.215832805561696,0.1916493511173726,0.0882768529164274
Lyonz,sup,LCS,1,53,0.302,13,0.0,16,50.0,49.8,43.6,48.8,52.3,Disguised,-173.41509433962264,-135.0188679245283,-0.16981132075471697,215.6876471698113,0.08381654905660378,0.018867924528301886,3.8167188679245285,0.3974547169811321,0.7045484036922894,0.17242634033393792,0.0,433.8395962264151,0.0,0.0,0.23220027633054233,-0.7653361379061017,-0.4792097989000274,5.6,2.1977690231790246,-0.4528301886792453,-0.40455261844423485,-0.2637348668063436,-0.27582745586608687,-0.6414854672582153,-0.33218472728425186,-0.1435660716513064
Birkyy,mid,RL,3,37,0.405,11,0.091,11,52.5,47.2,53.1,50.2,45.1,DOCISK,-146.0810810810811,-72.05405405405405,-2.675675675675676,699.0291648648648,0.25052510810810813,0.6756756756756757,0.744845945945946,0.11597027027027026,0.5682408011536404,0.22159587589524327,0.0,438.3203432432432,0.0,0.09090909090909091,0.2877636614821229,0.0,-0.19500022481003543,1.5346534653465347,1.8083888603589302,-0.5135135135135135,-0.6775383337760547,-0.13293271573074503,-0.4217050013653318,-0.1015005862264613,-0.25395328286995583,-0.5450279034048474
Tockimo,sup,PRM,3,114,0.658,18,0.111,22,52.4,47.3,51.9,60.6,57.9,G2 NORD,1.0263157894736843,-123.33333333333333,-1.4210526315789473,255.36343157894737,0.08264403421052631,0.017543859649122806,3.7463973684210523,0.3451921052631579,0.6706215452512866,0.2948942580184119,0.0,525.0047263157895,0.0,0.1111111111111111,0.2225486003199182,-0.034863504432547446,0.011139041149222342,6.297304218671548,2.060488785479727,-0.3684210526315789,-0.34539064527033325,-0.13970587013350622,-0.4185447255340695,-0.16648690049982667,0.29911507894746875,0.1534768109270221
sas,sup,AL,3,96,0.469,26,0.038,19,50.5,49.1,53.1,53.6,56.1,BAAM Esports|Disruptors,-44.895833333333336,-84.16666666666667,-2.0,241.39961145833334,0.07925823958333333,0.03125,3.745983333333333,0.3436270833333333,0.646230859810259,0.2626386979430661,0.0,606.64565,0.0,0.038461538461538464,0.39714729671645493,0.0624040025585584,0.10009716328930589,1.7776421109754441,1.9391793797033494,-0.3645833333333333,-0.35535349297314367,-0.24015508839679017,-0.31654918481217087,-0.09909626513271981,-0.07130752847387281,0.060301921094104136
Franky,mid,ROL,3,23,0.304,5,0.0,11,46.5,53.1,57.3,50.3,54.4,Myth Esports,-240.0,-99.69565217391305,-12.434782608695652,591.1108869565218,0.20996545217391305,0.21739130434782608,0.9816217391304348,0.1553,0.5382180930088548,0.16740462752240187,0.0,419.0975652173913,0.0,0.0,0.9325842696629216,0.0,-0.2890991784037559,1.3636363636363638,2.2936585546278225,-0.43478260869565216,-0.4746742163532861,-0.4637403684093968,-0.09862909403798452,0.12195406767236859,-0.251858230860435,-0.030480048375221686
Clozer,mid,LCK,1,120,0.392,27,0.0,20,51.2,48.4,43.0,56.8,49.1,DN SOOPers,-67.375,-95.95,0.375,640.9785041666667,0.24099934083333335,0.43333333333333335,1.1466308333333333,0.16932083333333334,0.63893188184412,0.17765874082682928,0.0,562.5188625,0.0,0.0,0.21821588320537258,-0.31458095661787705,0.06658759444737318,3.3638417421099938,1.8257418583505538,-0.38333333333333336,-0.3860237759675449,-0.19971738876733847,-0.3561383520935626,-0.6820300585620612,0.09286714717244648,-0.3169465271604227
Berik,top,NACL,2,32,0.438,9,0.111,15,45.2,54.4,51.8,64.1,61.9,Icon Esports|Winthrop University,-561.375,-382.46875,-12.40625,585.854034375,0.21166980937500002,0.21875,1.084771875,0.108753125,0.5157288191672562,0.16573338072898494,0.0,1042.24043125,0.0,0.1111111111111111,0.3838045219205125,-0.8304190680863535,1.2531605562579016,7.470588235294119,2.651650429449553,-0.34375,-0.3704564097889649,-0.5396901170628949,-0.03390655443450276,-0.16873306665536134,0.5017874690135046,0.37394073771287184
Gyeol,sup,LAS,3,33,0.545,8,0.125,11,49.5,50.1,53.1,58.1,54.5,DN SOOPers Academy,-200.54545454545453,-34.63636363636363,-1.8484848484848484,221.98322424242423,0.07821387878787879,0.030303030303030304,3.2666787878787877,0.34295454545454546,0.649870997766377,0.22459113214812623,0.0,462.4225181818182,0.0,0.125,0.18635545600846784,0.0,-0.055426162071120735,6.672221370971371,1.9148542155126762,-0.5151515151515151,-0.16765001982307592,-0.2933273095073426,-0.26119065583015894,-0.09807121725189318,0.16206163855410421,-0.02801012845289723
Diobello,top,LIT,3,40,0.575,7,0.286,13,50.4,49.1,64.2,51.5,54.7,GMBLERS Esports|HANGMEN,-218.5,-98.725,-4.575,671.9483825,0.212737725,0.175,0.806125,0.0659675,0.4703366138011192,0.2321725049322779,0.0,1327.2059,0.0,0.2857142857142857,0.49777716272552713,0.6061556218139849,-0.22896807803147867,3.5889996967564386,2.0554804791094465,-0.5,-0.27150309320474747,-0.24462003416728526,-0.31743314862169447,0.5058430858644383,-0.1871111510568713,-0.01735839852077637
Zven,bot,LCS,1,66,0.576,9,0.222,14,56.1,43.4,55.0,57.0,48.4,Cloud9,156.36363636363637,-318.4848484848485,1.1515151515151516,801.2687454545455,0.29396251515151517,0.5151515151515151,1.101768181818182,0.2817772727272727,0.609876821925091,0.21968258065213792,0.0,352.9102196969697,0.0,0.2222222222222222,0.2961093288041769,-0.131478397178407,0.07743445692883895,3.8874236874236874,1.7232808737106582,-0.4696969696969697,-0.3947886371619411,0.05947827605547511,-0.6573352359148499,-0.0013910714043786927,0.10407187545092446,-0.35351545644399146
Cow,jng,LRS,3,23,0.348,7,0.0,18,48.5,51.0,53.0,51.6,62.5,Seven Dark|The New Kings,-301.1304347826087,-428.9130434782609,-6.956521739130435,461.1330956521739,0.1605047739130435,0.21739130434782608,1.1061304347826086,0.25067391304347825,0.6698537484274396,0.22606295796113685,0.0,921.6645086956522,0.0,0.0,0.35331742728057264,0.0,-0.022968799673009656,0.0,3.753259453027346,-0.34782608695652173,-0.6535362302658966,-0.3464646037161921,-0.21247805205657655,-0.10495579502098792,-0.18157250327415975,0.4047894646025372
Soldier,bot,LFL,2,31,0.387,5,0.0,12,48.1,51.3,50.3,50.3,57.4,Ici Japon Corp. Esport,28.70967741935484,-157.8709677419355,-5.032258064516129,686.2595903225806,0.24762613548387097,0.6451612903225806,0.8838935483870968,0.20541612903225806,0.6030399469478667,0.13594615577837388,0.0,266.9951870967742,0.0,0.0,0.305171411969785,0.0,0.005759385665528864,0.0,2.155263624321299,-0.4838709677419355,-0.17760767072531686,-0.3711031427190541,-0.1967931372449403,-0.25084507991481075,-0.25212231162129184,0.1241724180344329
SnowRabbit,top,LJL,15,60,0.5,18,0.167,14,50.6,48.7,55.4,50.5,54.1,L Guide Gaming,-280.28333333333336,-293.5,-3.7,634.1859166666667,0.22238876666666665,0.48333333333333334,1.2664883333333334,0.1061,0.4093544287518006,0.2193542134181678,0.0,1012.0172816666667,0.0,0.16666666666666666,0.25037236967061527,-0.3496930755550456,-0.23165708812260535,3.6849190147084885,1.8073922282301278,-0.38333333333333336,-0.4349549072399576,-0.23269686150859442,-0.3398185944087034,0.019773021035003953,-0.23770743740554745,-0.0455665383992471
Citrus,jng,LCP,15,50,0.14,23,0.0,16,44.0,55.2,52.0,54.6,58.6,DetonatioN FocusMe,-451.96,-603.14,-9.1,424.87841999999995,0.17606403199999998,0.12,1.945598,0.40494199999999997,0.6641468239362976,0.23732586149751614,0.0,858.06351,0.0,0.0,0.3040734195283421,0.0,0.22073845113617155,0.0,2.262741699796952,-0.38,-0.4574244109653995,-0.614306911776374,0.011208881242403497,-0.15628704059711898,-0.020428009423475002,0.1897723392290667
Marvin,bot,CD,2,57,0.456,17,0.294,18,43.6,55.6,60.6,54.1,54.3,paiN Gaming|paiN Gaming Academy,-415.82456140350877,-195.0,-7.807017543859649,686.2387298245615,0.2553558070175439,0.9473684210526315,1.1917894736842105,0.2634684210526316,0.6237663225912512,0.1777819729297012,0.0,363.4484578947368,0.0,0.29411764705882354,0.36307273396266104,-0.24131074052433452,0.12176277006724852,2.9848424723424722,2.3841582427170787,-0.38596491228070173,-0.5433346827792385,-0.6438842671252977,0.0339293218597797,0.2973639037687532,-0.04708322672163079,-0.03936634486618365
Munchy,jng,NACL,2,51,0.333,10,0.0,15,50.7,48.5,50.4,64.7,57.3,Blue Otter,-147.41176470588235,-242.84313725490196,-3.372549019607843,464.4026078431372,0.16893564117647059,0.47058823529411764,1.4009764705882353,0.31823333333333337,0.6604732258720132,0.24388772611320642,0.0,967.8551274509804,0.0,0.0,0.1807993365062501,0.556858254573214,0.5736730656035819,4.649538866930171,2.100420126042015,-0.37254901960784315,-0.5426730747551439,-0.22751189348350417,-0.3512242346467306,-0.24426795138184687,0.5325944631258912,0.12390613584316085
Mita,sup,HM,3,63,0.571,13,0.0,18,54.1,45.0,46.5,53.6,58.9,eSuba,33.01587301587302,-190.3968253968254,-2.2698412698412698,272.90487460317456,0.0751723873015873,0.06349206349206349,3.252390476190476,0.3609253968253968,0.6179262349471829,0.27847676179924424,0.0,662.1213619047619,0.0,0.0,0.26971266376192893,-0.6684997520136327,-0.0988543328733272,3.4660384766391834,2.2677868380553634,-0.42857142857142855,-0.27829767232545516,-0.04780948467912673,-0.5538187961752278,-0.462953687923386,-0.07382331160248407,0.20538032815560298
leaf,top,LJL,15,62,0.565,11,0.091,13,46.7,52.4,55.6,53.0,48.6,Arneb,-231.79032258064515,-62.483870967741936,-15.209677419354838,586.2698838709678,0.20143204838709677,0.24193548387096775,1.0750806451612904,0.12002580645161291,0.4715629499457538,0.20303698772846754,0.0,1619.0375951612903,0.0,0.09090909090909091,0.27281139134293264,0.12657539214797353,-0.1345197663360956,4.428726039387803,1.6510016510024765,-0.5806451612903226,-0.38774540087535914,-0.44978074974830573,-0.13576552486513627,0.03065571598330429,-0.1033812915036724,-0.34527159728449797
anakin,sup,LJL,15,25,0.6,7,0.0,5,51.4,47.7,51.0,65.8,41.5,Uwinks,66.48,87.0,-5.96,209.654008,0.07269238,0.0,3.195568,0.33671599999999996,0.6685373445731367,0.23813386133386133,0.0,325.493768,0.0,0.0,0.1704908638630947,0.0,0.8548147679007558,3.3412980420594636,1.0,-0.76,-0.4135674369873445,-0.18809136757218947,-0.3959643441197592,-0.21383558529762214,0.600056878523666,-0.7799583762915904
FIX,bot,LRS,3,54,0.667,7,0.143,15,48.2,50.9,49.8,56.4,53.7,9z Globant,-227.11111111111111,-17.98148148148148,-1.2962962962962963,741.5633277777778,0.22873062962962964,0.5555555555555556,0.9571500000000001,0.20560555555555557,0.5662375706612133,0.20630828904809614,0.0,336.86586666666665,0.0,0.14285714285714285,0.1857387267293789,-0.7248610162879158,0.04388992997337005,4.150483925907655,2.041241452319315,-0.42592592592592593,-0.44394879030937856,-0.3640322055900948,-0.21635861203830822,-0.27946259555077924,0.07405313549862058,-0.07074215813815275
Demonadc,bot,LPLOL,3,41,0.488,13,0.0,14,46.3,52.7,49.1,54.5,55.4,Bubliki|Elegance,-402.5853658536585,-255.5121951219512,-6.195121951219512,686.0454048780488,0.2401818780487805,0.8292682926829268,0.8993926829268294,0.2552341463414634,0.5528125993320882,0.1866981634164502,0.0,343.32775853658535,0.0,0.0,0.13177000532336505,0.2777672765764404,-0.12718031884123865,4.275668597687131,2.186432666440485,-0.36585365853658536,-0.5166239759547804,-0.47307470476242364,-0.1191532049983341,-0.315283215400401,-0.028380382142343383,0.02098574396426732
Momochi,sup,CBLOL,15,53,0.396,13,0.0,15,40.6,58.4,49.6,54.0,51.7,Fluxo W7M,-163.41509433962264,-259.6792452830189,-2.4150943396226414,172.35756037735848,0.06967290566037736,0.0,4.293111320754717,0.42452641509433964,0.7213580341242906,0.19405876820226373,0.0,418.77261886792456,0.0,0.0,0.31013840655734026,-0.40704889201547656,-0.3771473601260836,6.234480343227388,2.0604084592303353,-0.39622641509433965,-0.6011196901365854,-0.8499729286504257,0.17728385109483588,-0.29000870178307303,-0.05462533812075557,-0.17643208331584062
Steeelback,sup,LFL,2,45,0.467,10,0.1,13,47.3,51.6,58.8,48.9,45.3,Skillcamp,-121.0,55.48888888888889,-0.9333333333333333,183.01139111111112,0.06562077111111111,0.022222222222222223,3.8666977777777776,0.35755777777777775,0.707789974512983,0.22627413528272927,0.0,621.2756133333334,0.0,0.1,0.6951255060728745,0.0,-0.11525420968929624,0.0,1.9379255804998177,-0.5333333333333333,-0.5781361495512265,-0.41684347440850905,-0.17901278277809654,0.20324258585367322,-0.32413606389245275,-0.532269991102726
Pasameelcelo,top,LES,3,27,0.111,19,0.0,8,43.2,55.7,56.4,55.2,46.4,UB Alma Mater,-851.2222222222222,-764.2222222222222,-16.22222222222222,536.5849148148149,0.2165146296296296,0.037037037037037035,1.0565555555555557,0.0916037037037037,0.4450123345548182,0.14886146236356868,0.0,1349.2964111111112,0.0,0.0,0.6649727767695099,0.0,0.3662680931403399,0.0,1.539600717839002,-0.7037037037037037,-0.3001273120582812,-0.6702445778100035,0.03857988644314379,0.07366627948313671,0.010477714829854295,-0.4714052065716198
FBI,bot,LCS,1,43,0.186,19,0.158,13,50.3,48.5,63.0,42.9,46.0,Dignitas,-347.51162790697674,-141.02325581395348,-1.2093023255813953,766.7219790697675,0.3044873953488372,0.3023255813953488,1.1599000000000002,0.24377441860465118,0.641139317438907,0.20507061958177833,0.0,399.7812348837209,0.0,0.15789473684210525,0.8497937193010042,0.0,-0.44446678890400415,0.0,1.9824814143238607,-0.4418604651162791,-0.740478492570996,-0.24775225631772912,-0.34700955519768784,0.43436903085474904,-0.6853291027804767,-0.495167065994145
CROmpir,mid,EBL,3,41,0.39,8,0.0,10,46.3,52.5,54.2,60.1,50.1,Croatian Flair|RLX Esports,-310.1951219512195,-361.3658536585366,-6.121951219512195,705.6605999999999,0.22699178048780488,0.34146341463414637,1.0198146341463414,0.15277560975609755,0.5845669220228689,0.21685789530739524,0.0,549.2032097560976,0.0,0.0,0.4042553309197773,0.6454275648646757,0.42709917385889484,2.239728875582169,1.5617376188860608,-0.43902439024390244,-0.36482931564634774,-0.4733320531799248,-0.1310404125485187,-0.04387099651025898,0.27125696074137573,-0.2613974898116552
Faded,mid,HLL,3,41,0.317,25,0.16,19,51.5,47.2,58.4,65.8,62.6,ALMO Players|Aeterna Esports|Gamespace Mediterranean College Esports,-425.4146341463415,-391.2926829268293,-5.609756097560975,788.1255512195122,0.26525248780487803,0.7317073170731707,0.8068219512195123,0.11407560975609757,0.5932658507470886,0.25474410706371403,0.0,551.5517609756098,0.0,0.16,0.3797376022106686,0.5248661533780529,0.6376558440172323,4.392301392301392,2.9673014758835152,-0.2926829268292683,-0.5552580135204391,-0.1859422342587131,-0.4233924293442742,0.17926547464343445,0.604337700668783,0.4139828549420502
Lumos,sup,LCKC,2,67,0.194,34,0.059,14,46.2,52.4,52.2,46.3,42.0,Gen.G|Gen.G Global Academy,-211.76119402985074,-308.5970149253731,3.716417910447761,216.88304328358208,0.08424130149253732,0.0,4.129401492537313,0.5267626865671642,0.65996355279621,0.2532279095624682,0.0,651.3876701492537,0.0,0.058823529411764705,0.346160102032386,0.0,-0.2330417161178105,0.0,1.710372220988273,-0.44776119402985076,-0.6879004368435728,-0.4806947082930758,-0.13815461557217187,-0.15034936326574933,-0.47540620436509595,-0.7466289557237877
Ice,bot,LEC,1,40,0.25,9,0.0,16,47.9,50.7,48.5,40.3,56.8,Team Heretics,-27.1,26.875,0.875,640.9447275,0.256525025,0.425,1.22318,0.3162325,0.6270743126506015,0.18571373571912003,0.0,322.7914875,0.0,0.0,0.25233192537838783,0.0,-0.6591358839050131,0.0,2.5298221281347035,-0.45,-0.5643654892181574,-0.3839563330940495,-0.226859777286204,-0.35035269436952876,-0.8686189579987401,0.09295123785471722
Zelvicka,bot,HC,3,25,0.4,10,0.1,11,50.2,48.4,54.1,46.9,53.4,Andromeda Gaming,-370.08,-309.28,-10.48,804.5356879999999,0.2493672,0.96,0.701504,0.148452,0.566110805354213,0.23811147125386775,0.0,409.416928,0.0,0.1,0.3097881693129714,0.0,-0.5269731377024659,0.0,2.2,-0.48,-0.4947831205957886,-0.2541005699100352,-0.3547053446353579,-0.044813934649731955,-0.4400707271901678,-0.08679832205185845
fabFabulous,top,TCL,15,22,0.5,5,0.0,14,48.6,49.9,57.5,66.2,58.4,Dark Passage,-462.3636363636364,-353.04545454545456,-5.409090909090909,585.26745,0.2091688181818182,0.0,1.0343045454545454,0.11678636363636365,0.41317304977631064,0.21966533376884703,0.0,1061.8504,0.0,0.0,0.23074238695220953,1.535521010758716,0.11884110787172034,17.919973544973544,2.9848100289785457,-0.4090909090909091,-0.6094125144090942,-0.3429470970309161,-0.2698860260707667,0.13442996142023633,0.6262262770549255,0.18046882884112858
Retrozing,mid,NACL,2,26,0.154,9,0.0,13,46.3,52.1,54.3,66.2,53.8,Apex Mission Impossible|University of Mississippi,-120.34615384615384,198.23076923076923,-4.615384615384615,527.3662730769231,0.22092315384615385,0.19230769230769232,0.9780307692307691,0.13448461538461537,0.5880759007074796,0.1226030765495519,0.0,494.50268461538457,0.0,0.0,0.45698924731182794,0.0,0.12226148409893986,16.57575757575757,2.5495097567963927,-0.5,-0.46890813582214735,-0.4741654347152712,-0.1514984241229198,-0.03675874975714098,0.6287878727469394,-0.06348733667189721
Hatred,jng,ROL,3,63,0.381,19,0.211,16,45.1,53.2,63.3,55.2,55.3,ZennIT,-86.3015873015873,-374.4920634920635,-8.984126984126984,441.69399206349203,0.15330012380952382,0.25396825396825395,1.294957142857143,0.22643809523809522,0.6588331046167667,0.17272712466656337,0.0,976.0672857142857,0.0,0.21052631578947367,0.5091843543160213,-0.0747665498933758,-0.05400887276321957,4.3850486431131595,2.0158105227158782,-0.38095238095238093,-0.48522977304741094,-0.5487129787394295,-0.0935889126632802,0.4542194341913312,0.012582689183292195,0.013805151060264712
Feather,sup,LPL,1,80,0.325,21,0.0,19,49.7,48.5,43.7,57.8,46.4,ThunderTalk Gaming,-103.07692307692308,209.6769230769231,1.1076923076923078,179.68817625,0.07145118375000001,0.0125,3.8611787499999997,0.40907375,0.7124492218308686,0.2054361541614828,0.0,444.1485348484848,0.0,0.0,0.2138505507646527,-0.42706657818071375,0.06678521806559594,4.286027568922306,2.1242645786248002,-0.4875,-0.49469038077919963,-0.2842805109876146,-0.35116308263483714,-0.6336621919383283,0.14840004183538247,-0.46916678065978934
bipi,bot,CD,2,34,0.471,10,0.3,13,48.3,49.9,62.9,49.5,50.3,Team Solid|Vasco E-Sports,-223.47058823529412,-171.35294117647058,-3.764705882352941,759.3263147058824,0.2600681764705883,0.5294117647058824,0.911164705882353,0.1979735294117647,0.6325816406286268,0.18982323650024946,0.0,320.6923882352941,0.0,0.3,0.4098849550564743,0.6084739499938416,-0.11865177623932487,1.9947089947089947,2.2294816068526147,-0.5,-0.5203564535900087,-0.3604341258377649,-0.27043453261321737,0.4291212975185928,-0.2956917783002703,-0.25154162944193464
Racon,jng,LJL,15,26,0.308,10,0.0,11,49.3,48.8,51.3,67.6,51.8,CAG OSAKA,-546.7692307692307,-600.5384615384615,-5.615384615384615,498.58183076923075,0.15943727692307694,0.5,1.376076923076923,0.26596153846153847,0.6099026119998078,0.21774712247221417,0.0,814.9323153846154,0.0,0.0,0.1887230873926208,0.0,1.0245077111905652,3.1048224695283513,2.1572774865200244,-0.5384615384615384,-0.49481150055146483,-0.30654514823167317,-0.3317287569524155,-0.1974199446310794,0.7240069877734587,-0.1668081540968745
Shack,mid,LIT,3,28,0.357,5,0.2,14,49.3,48.7,65.9,53.9,58.9,Axolotl|TIGROTS,-307.4642857142857,-393.60714285714283,-2.392857142857143,751.6942857142857,0.2330555,0.32142857142857145,0.83675,0.12036785714285714,0.5135322636426514,0.20969075971457768,0.0,566.0991107142858,0.0,0.2,1.3419837855724686,-0.07283018867924519,0.01776830135039091,1.9629629629629628,2.6457513110645903,-0.42857142857142855,-0.3246910667408849,-0.3050261350478081,-0.33778788112161484,0.6118353873180394,-0.055563401334613696,0.20845630365059045
AwerpiS,sup,ROL,3,68,0.515,16,0.25,15,51.6,46.4,62.4,51.1,45.6,TITANS|The Bandits,-109.70588235294117,86.8529411764706,-0.10294117647058823,228.26413088235293,0.07692751029411765,0.029411764705882353,2.6756073529411766,0.28101029411764705,0.6489643405797043,0.19553880888531416,0.0,756.4174294117647,0.0,0.25,0.3582835606476679,0.4155144713570459,-0.10711320832421169,1.9781297134238311,1.8190171877724972,-0.5294117647058824,-0.5354973204893606,-0.1823001378029336,-0.46946412115230207,0.3988434065777523,-0.2091090012491008,-0.518158972881751
Cube,top,LPL,1,128,0.406,36,0.139,26,40.9,57.1,55.0,67.8,54.6,Team WE,-328.39823008849555,-235.46017699115043,-6.0265486725663715,550.29975234375,0.21232515390625,0.140625,1.37828046875,0.1756796875,0.48879946423316556,0.1798708256387503,0.0,1309.068258974359,0.0,0.1388888888888889,0.2911347979947802,0.3074576362308768,0.39550720906282166,6.394594854070661,2.2980970388562794,-0.390625,-0.476804646255232,-0.8293038402169352,0.10909086565131233,0.0016480302425702746,0.7369015972152124,-0.019361966674205686
Hub,bot,NACL,2,39,0.385,12,0.083,14,46.5,51.5,50.3,54.2,49.4,Dorado Gaming,-181.33333333333334,-107.87179487179488,-8.307692307692308,725.8005025641025,0.2551948717948718,0.46153846153846156,0.9688692307692307,0.22358205128205128,0.5848482514216851,0.15637829667645922,0.0,378.0604743589744,0.0,0.08333333333333333,0.1955375279962498,0.0,0.13515869468037559,2.6363636363636367,2.24179415327122,-0.46153846153846156,-0.5990941110997591,-0.4640153309486275,-0.18392030911203208,-0.25021171672159104,-0.041687957366933315,-0.29971660362839214
Dec0y,top,NACL,2,40,0.375,12,0.083,18,49.0,48.9,54.3,49.3,58.8,Dorado Gaming,-348.3,-262.325,-5.95,636.5055775,0.22510979999999997,0.225,1.0185724999999999,0.149625,0.4082402427760988,0.19710807462274388,0.0,1282.2070675,0.0,0.08333333333333333,0.3503117704877749,0.0,-0.3764755617703489,2.076923076923077,2.846049894151541,-0.35,-0.744484479728739,-0.3190200592742271,-0.3249095750216921,-0.03579111295928009,-0.30208232912120503,0.20024823840716569
The Mountain,top,LIT,3,38,0.474,14,0.071,9,46.2,51.6,55.0,50.9,38.2,Colossal Gaming|EKO Esports,-468.6842105263158,-250.81578947368422,-10.526315789473685,604.9051763157895,0.21433123684210525,0.05263157894736842,0.9939789473684211,0.08907105263157895,0.44450874039479055,0.2310810085281494,0.0,1535.090202631579,0.0,0.07142857142857142,0.3088641303283664,0.6425112026433711,-0.2694985572574973,3.401873137505322,1.459992790176863,-0.5526315789473685,-1.0450121179311638,-0.48328383172252587,-0.18254310221508668,0.0008159791209249138,-0.21881447765400192,-1.038448157619474
Gatovisck,sup,CD,2,47,0.489,14,0.357,16,44.1,53.7,64.2,52.0,55.6,Invokers|paiN Gaming Academy,-159.72340425531914,-130.61702127659575,-2.106382978723404,179.8930425531915,0.06741361489361702,0.02127659574468085,3.7739,0.45099999999999996,0.7528006025000623,0.23761745200854584,0.0,461.2030510638298,0.0,0.35714285714285715,0.5877031756471085,-0.20207515221385589,-0.22011862372607124,3.0700883037839564,2.333839863966313,-0.3829787234042553,-0.6242490794598863,-0.6126264839064656,-0.06595457728634331,0.5054340005714771,-0.159186680494441,0.031409514684067205
bicas,jng,TCL,15,49,0.531,11,0.0,13,47.0,50.7,49.8,55.8,51.9,BoostGate Esports|DMG Esports|Otter Side,-179.26530612244898,-76.61224489795919,-1.5510204081632653,384.0751122448979,0.1362698469387755,0.2653061224489796,1.4215938775510204,0.22003673469387755,0.6573085931028355,0.19112071539311765,0.0,1056.9923285714285,0.0,0.0,0.2623440952550502,-0.20671813176171103,-0.24815578465062993,5.941919191919191,1.8571428571428572,-0.4897959183673469,-0.3080469828748564,-0.4349752802047352,-0.22658102253831608,-0.2779879101771813,0.0416851210912402,-0.16518810422504754
Blek,bot,HC,3,32,0.5,9,0.0,14,48.8,48.9,50.2,61.7,59.0,CITA Kaizen|CITA Kaizen Academy|EXILE esports Academy,-389.375,31.90625,-4.53125,713.2440437500001,0.23158903125,0.59375,0.665590625,0.13148125,0.564746430309027,0.17826729678683909,0.0,340.287675,0.0,0.0,0.23700892139907195,-0.05274427457227382,0.14619223621290903,8.0,2.4748737341529163,-0.46875,-0.2585336287603952,-0.3346095701751613,-0.324649160931008,-0.25498411436575663,0.36067191559577466,0.21398355913800787
bbmuffin,mid,ROL,3,83,0.554,25,0.28,21,47.8,49.8,59.8,50.4,57.4,The Bandits,-305.69879518072287,-261.2168674698795,-5.409638554216867,756.524043373494,0.24175655421686748,0.46987951807228917,0.9189024096385543,0.10975301204819278,0.5947655729508192,0.19478386349934582,0.0,456.9691891566265,0.0,0.28,0.43613748798024254,-0.5448833930890564,-0.18311887261880083,2.549247049247049,2.3050494597834974,-0.3614457831325301,-0.4703544834444452,-0.3879050246076721,-0.27554589156428455,0.2579828146882902,-0.243892453292361,0.12455930478555814
Tao,top,LFL,2,82,0.537,13,0.077,16,50.0,47.6,54.1,63.1,43.6,Karmine Corp Blue,-167.1219512195122,-50.573170731707314,-2.3048780487804876,631.040987804878,0.20849087682926828,0.3048780487804878,1.2532560975609757,0.1275951219512195,0.4555162797558309,0.25564518816771237,0.0,1237.425625609756,0.0,0.07692307692307693,0.3011913540946212,0.229323751712624,0.32041598358594736,9.339285714285715,1.7669044171975445,-0.524390243902439,-0.5465319595287829,-0.26741525608673045,-0.39772798769050055,-0.047065145599088296,0.44315351993386887,-0.6410789055937091
Fluid,bot,LJL,15,33,0.394,11,0.0,15,44.3,53.3,49.3,49.0,57.5,RAYN Clocks,-538.030303030303,-336.969696969697,-11.848484848484848,644.6368272727273,0.22066693939393942,0.8484848484848485,1.2309727272727273,0.2851939393939394,0.6026243690678115,0.19471635584869076,0.0,319.68019999999996,0.0,0.0,0.1524582615665342,0.0,-0.11262904940321733,0.0,2.6111648393354674,-0.42424242424242425,-0.5210262965807404,-0.5955263870976301,-0.09009767878780114,-0.30671980102680096,-0.31862973220553464,0.1307657846257199
Bio,jng,NACL,2,24,0.167,9,0.0,11,47.4,50.2,53.2,52.5,58.1,Apex Mission Impossible,-352.0833333333333,-330.1666666666667,-9.0,441.23483333333337,0.17847008333333333,0.0,1.4175375,0.251675,0.6753023657628922,0.2561975622559988,0.0,1041.4495458333333,0.0,0.0,0.35889758943651157,0.0,-0.23776924361329102,5.275510204081633,2.2453655975512468,-0.4583333333333333,-0.33040700462052774,-0.41111710171780846,-0.2571231678540268,-0.0955007925330727,-0.13122449622101384,0.16375437541715765
Nia,mid,LPL,1,32,0.281,7,0.0,14,45.2,52.3,50.6,46.3,54.9,Invictus Gaming|LNG Esports,-262.2692307692308,-97.3076923076923,-7.153846153846154,575.76103125,0.23151190625,0.1875,1.2688375,0.23170625,0.6318318726552086,0.20847163876518854,0.0,557.2817,0.0,0.0,0.3229644739078701,0.0,-0.36566561717930096,0.0,2.4748737341529163,-0.4375,-0.3997089503715341,-0.541551435329118,-0.14228341246965945,-0.2337207317317461,-0.4758008188908797,-0.00415262900286531
sasi,top,LPL,1,29,0.483,4,0.25,11,43.2,54.2,61.1,46.6,54.6,LGD Gaming|Ultra Prime,-388.0,-130.95833333333334,-7.541666666666667,489.4577517241379,0.19794101724137933,0.034482758620689655,1.352393103448276,0.15413103448275864,0.44161755767926364,0.1653759849264651,0.0,1446.2839125,0.0,0.25,0.6053811659192826,0.0,-0.35287200361827226,0.0,2.0426487199475707,-0.5172413793103449,-0.14969584773014946,-0.6665877334266207,-0.041995594070843405,0.32748405775395767,-0.45736733423280646,-0.02116602635734681
Faker,mid,LCK,1,151,0.636,24,0.167,20,47.8,49.6,51.5,58.5,50.7,T1,-152.46357615894038,-112.36423841059603,-3.152317880794702,671.278517218543,0.22935795364238412,0.40397350993377484,1.3754920529801324,0.25595629139072845,0.5815237964426269,0.20499334126418872,0.0,585.1935112582781,0.0,0.16666666666666666,0.231992643662994,-0.09973070103981978,-0.06010398365878298,5.980141897550083,1.627576917542319,-0.3443708609271523,-0.3197331918890681,-0.3879736021057137,-0.28594952834533316,-0.18322846893186473,0.18427698717907554,-0.2285933851329523
Sankaizer,top,LPLOL,3,21,0.381,8,0.0,14,47.0,50.4,47.9,71.9,57.5,Bubliki,-552.7619047619048,-510.5238095238095,-8.142857142857142,562.6837714285715,0.1940633,0.14285714285714285,0.8636285714285714,0.09273333333333333,0.3831904657966417,0.20590336746075355,0.0,1219.9317476190477,0.0,0.0,0.09251206563706564,-0.6992594546722192,2.178943438491693,5.793402777777779,3.0550504633038935,-0.3333333333333333,-0.8026044368099712,-0.43349618217551017,-0.2462676149683483,-0.3848858601127715,1.0544262357700693,0.1295049705831852
Life,sup,LCK,1,25,0.16,5,0.0,15,52.1,45.1,54.1,48.5,69.0,DN SOOPers,-291.36,-327.56,-1.48,239.718484,0.09882348,0.04,3.6502839999999996,0.415892,0.6696244850279293,0.29905014097193394,0.0,426.179736,0.0,0.0,0.4826577517760134,0.18321432064951576,-0.2015157256536567,0.0,3.0,-0.32,0.0,-0.15504371144013862,-0.5451615758454562,-0.04616523796566972,-0.34643034036266684,0.8190332615130054
Myrwn,top,LEC,1,96,0.521,21,0.238,24,44.0,53.2,54.6,52.3,57.6,Movistar KOI,-270.2842105263158,-281.12631578947367,-7.557894736842106,585.5206302083333,0.21316410208333333,0.17708333333333334,1.4091447916666666,0.19611354166666664,0.4878256590352361,0.22147654326871535,0.0,1130.9251864583332,0.0,0.23809523809523808,0.4360795091248556,-0.7757196004262452,-0.10846859644628673,3.77887831012831,2.4494897427831783,-0.40625,-0.42311384614027236,-0.6188000600782918,-0.09599063713390742,-0.02122632750102743,-0.14488867518714738,0.1381189496115666
eXyu,jng,LCS,1,34,0.206,17,0.176,12,42.5,54.7,61.5,54.1,45.4,Dignitas,-563.6470588235294,-523.2058823529412,-9.823529411764707,421.77180588235296,0.16647233529411765,0.17647058823529413,1.742964705882353,0.40346470588235295,0.730991864728889,0.23115964113919713,0.0,1021.2949088235293,0.0,0.17647058823529413,0.6547619047619048,0.0,0.18557020188030582,0.0,2.057983021710106,-0.5588235294117647,-0.7283410110305629,-0.7125796516142621,-0.01752949022856025,0.34910171706678106,-0.045292963841788464,-0.527251133686367
Lulas,jng,NLC,2,51,0.49,14,0.071,12,48.4,48.8,50.6,58.0,44.6,DMG Esports|Esprit Shōnen|Otter Side,-102.03921568627452,-140.07843137254903,-4.176470588235294,467.18868823529414,0.1594929294117647,0.1568627450980392,1.3368509803921569,0.21248039215686276,0.6584719082577638,0.18762969215537914,0.0,883.3146450980393,0.0,0.07142857142857142,0.20263960393594826,0.0,0.31275379547690013,3.018518518518518,1.6803361008336117,-0.5490196078431373,-0.6039138296768201,-0.3552369292162009,-0.3349660674783877,-0.231958595999909,0.16047927431382183,-0.5784152882590237
Courage,jng,LCKC,2,79,0.203,38,0.053,17,41.1,56.0,59.8,43.8,56.7,Gen.G|Gen.G Global Academy,-396.6835443037975,-256.59493670886076,-2.5822784810126582,417.6278658227848,0.15885772531645567,0.0759493670886076,1.392313924050633,0.3321253164556962,0.7286630143216587,0.1982160722508882,0.0,986.0089139240507,0.0,0.05263157894736842,0.5334243803279424,0.0,-0.16478129169521472,0.0,1.9126494315742406,-0.4177215189873418,-0.3950173942726128,-0.8142165327558721,0.05381893264441415,0.2544209585360384,-0.6272690160516192,0.08983244997057979
CPM,top,PRM,3,42,0.119,29,0.0,9,40.3,56.8,51.0,71.3,36.8,3BL Esports|ROSSMANN Centaurs,-714.6904761904761,-193.07142857142858,-19.571428571428573,436.65464047619054,0.1843056261904762,0.11904761904761904,0.8358309523809524,0.09707142857142857,0.4655888196449247,0.1267549261280735,0.0,1722.4895833333333,0.0,0.0,0.33828536859389857,0.0,1.7966377440347072,0.0,1.3887301496588271,-0.7857142857142857,-0.6881860907339622,-0.8720825486236776,0.09326483657866687,-0.21376852636891186,1.0026244827798565,-1.173509544509328
D4rtaine,top,HLL,3,34,0.412,11,0.182,14,45.7,51.4,56.0,68.6,55.0,Cães de Água|Hyperion (Portuguese Team)|The ParadOx Invaders,-373.6470588235294,-229.23529411764707,-7.647058823529412,539.3689,0.18960633823529413,0.14705882352941177,0.9679088235294119,0.05346764705882353,0.4151106276650796,0.17335005624563438,0.0,1333.7054735294118,0.0,0.18181818181818182,0.42611967870971323,-0.5214603667252011,1.2329337539432177,4.8304904051172715,2.4009801919951235,-0.4411764705882353,-0.5148140739120568,-0.5084147936842092,-0.19054812186838171,0.05394829037356885,0.7937143439857617,0.0017982113201163025
Sïgma,sup,ROL,3,43,0.372,14,0.143,14,45.8,51.2,53.6,54.9,56.6,ZennIT,-120.18604651162791,-254.86046511627907,-2.302325581395349,211.17101395348837,0.07595753720930233,0.0,3.5407372093023257,0.40716976744186045,0.6276653387010348,0.22951494608558862,0.0,508.2135651162791,0.0,0.14285714285714285,0.27867823340264286,-0.34327532724734194,-0.01173670550455229,3.504208754208754,2.134979984656465,-0.37209302325581395,-0.4007231193781251,-0.5053260303658332,-0.20138378688821418,-0.07442300798267551,-0.0035166979667311388,0.08669280474086065
Razer,mid,LJL,15,52,0.442,15,0.0,20,43.1,53.9,48.6,50.4,55.0,RAYN Clocks,-473.40384615384613,-253.03846153846155,-10.038461538461538,615.3983903846154,0.21212036538461537,0.23076923076923078,1.2422596153846153,0.17797307692307693,0.5751545199054375,0.2234942694415498,0.0,972.6394615384615,0.0,0.0,0.16628381252658708,0.0,-0.223735165521549,3.0507589197713383,2.773500981126146,-0.4423076923076923,-0.5992741826405893,-0.6728303278022751,-0.05622456899803187,-0.3430797553364223,-0.24674483754796586,0.0023001836655344114
Ahn,bot,LPL,1,64,0.391,15,0.0,22,44.1,52.9,42.1,48.0,66.4,ThunderTalk Gaming,-100.76470588235294,-282.11764705882354,-2.176470588235294,683.290534375,0.264045171875,0.421875,1.3006234375,0.317040625,0.6502639630537884,0.18561807138512687,0.3333333333333333,323.0545153846154,0.0,0.0,0.15195214105793453,-0.6685830913847127,-0.376077994556917,4.775,2.75,-0.40625,-0.40725522273192455,-0.6077672277307353,-0.11206375929426954,-0.7397908249223577,-0.3800793347893596,0.6393082451773702
Velja,jng,LEC,1,21,0.524,8,0.625,9,49.5,47.4,70.8,57.7,51.3,Los Ratones|Witchcraft,-453.2857142857143,-501.0,-10.80952380952381,479.25065714285716,0.1703243380952381,0.42857142857142855,1.5515095238095238,0.34140952380952383,0.6582338948065766,0.25946069350344103,0.0,1037.6078,0.0,0.625,1.0104903943377148,0.0,0.44661477456307846,0.0,1.9639610121239315,-0.5714285714285714,-0.44136606126734623,-0.29371623674735947,-0.41145516132591137,0.9538192202459355,0.14379134917095227,-0.19687617293400034
Baumeef,jng,ROL,3,35,0.429,12,0.0,12,49.1,47.7,49.4,69.6,52.2,Once Upon A Team,-459.54285714285714,-612.0,-9.0,570.7790714285713,0.17777042857142858,0.34285714285714286,1.1412285714285713,0.22239714285714285,0.6589325025680803,0.26208017911363124,0.0,1088.74638,0.0,0.0,0.24737936082214565,-0.2887100285800188,1.1577317580712834,4.411628795775138,2.02837021134844,-0.4,-0.6471409296102242,-0.315223879885983,-0.39704027149665255,-0.29686443617175867,0.8642490452293329,-0.15025170856171632
Taiyaki,sup,LJL,15,62,0.565,11,0.091,15,47.1,49.7,51.7,49.9,46.3,Arneb,3.274193548387097,-96.46774193548387,-2.032258064516129,209.11234032258065,0.07029590161290322,0.0,3.7915967741935486,0.4258806451612903,0.6485167027532287,0.2393011062053434,0.0,680.2395741935484,0.0,0.09090909090909091,0.2789993220645809,-0.4462809116201518,-0.33127025138185906,3.5522630549804464,1.9050019050028575,-0.5806451612903226,-0.4845433010776451,-0.42635658082592326,-0.2808876094861513,-0.17525390483177788,-0.27212852700635237,-0.4745454464755659
Exile1,jng,EBL,3,25,0.4,6,0.333,5,48.3,48.5,62.0,46.6,41.6,Deer Gaming|SPIKE Syndicate,-278.12,-42.36,0.24,400.285596,0.1389314,0.24,1.36732,0.22962,0.5945378177378177,0.24374326132804394,0.0,979.958456,0.0,0.3333333333333333,0.39232157162215786,0.0,-0.4907892194629769,0.0,1.0,-0.84,-0.49563399614546955,-0.3609853396189075,-0.346383322546177,0.3762748468275905,-0.4606180700731458,-0.7729530942419299
Ludas Matyi,bot,HW,3,20,0.35,12,0.167,9,44.6,52.1,53.4,59.5,51.8,SPAXFAMILY|Team Spawn Peek,-1425.6,-838.9,-21.5,758.083805,0.2573585,1.05,0.90374,0.18184499999999998,0.5979744214296644,0.23516113542502062,0.0,387.59595,0.0,0.16666666666666666,0.3345450921954335,-0.9602060929678995,-0.2478881515605959,10.6,2.0124611797498106,-0.65,-0.29762057006877296,-0.5810468255631163,-0.15478253425302196,-0.08191827391672779,0.24013256077707001,-0.16657839289220971
Deepe,mid,HM,3,40,0.425,14,0.071,19,47.3,49.3,52.8,69.2,63.3,EXILE esports|KIA.eSuba Academy,-347.025,-172.55,-6.05,714.7019875,0.21711724999999998,0.4,0.8862400000000001,0.096055,0.534157139631347,0.18733617862269053,0.0,580.50584,0.0,0.07142857142857142,0.3279681678052039,-0.023734797959984223,0.5180199147924304,8.668733006319812,3.00416377715996,-0.325,-0.4689028914911205,-0.4195392863764061,-0.3045294269258005,-0.11620004657578313,0.8364611551621443,0.4493911037294813
re0,jng,LPL,1,21,0.429,2,0.0,9,47.3,49.3,49.6,45.3,49.1,Oh My God,-267.2105263157895,16.210526315789473,-2.0526315789473686,357.24150476190476,0.14256953333333333,0.047619047619047616,1.7677380952380954,0.28335714285714286,0.7204561381253111,0.2902770990619288,6.0,880.2296210526315,0.0,0.0,0.22498545666084935,-0.3290466871680179,-0.6292321539846293,1.170542635658915,1.9639610121239315,-0.6666666666666666,-0.4426417621475021,-0.41583289972953,-0.30276608226957763,-0.28676994192375665,-0.5379129961205077,-0.31742992486300825
SkaR,top,LIT,3,56,0.536,19,0.211,21,49.0,47.6,54.6,52.3,57.7,4 Employed e 1 Budino|Colossal Gaming|GMBLERS Esports,-280.75,-393.7142857142857,-5.910714285714286,682.3399892857143,0.2255908125,0.26785714285714285,0.7956839285714287,0.0715875,0.4830572523748976,0.24643228360017458,0.0,1208.407417857143,0.0,0.21052631578947367,0.28518168056274684,-0.48044791657236996,-0.2976699854832324,5.573542692939245,2.806243040080456,-0.35714285714285715,-0.7218421708636912,-0.32010244701730506,-0.4016548616932954,-0.020750670478820336,-0.14408209655529305,0.14215272189467548
Dhokla,top,LCS,1,103,0.66,16,0.25,28,50.1,46.4,57.0,59.7,64.6,LYON,-189.62135922330097,-177.2233009708738,-5.912621359223301,606.1014339805824,0.2245936660194175,0.2621359223300971,1.1657495145631067,0.19559514563106797,0.53309210714988,0.269835392944095,0.0,1097.9272,0.0,0.25,0.36401823315928783,-0.3359719559804925,0.39922673013562027,1.9968066343952868,2.758921978860021,-0.3883495145631068,-0.36431422074723463,-0.25955332902367395,-0.4707424336569897,0.1075031056802805,0.2486284322272931,0.5282785325458164
Joki37,jng,RL,3,47,0.489,13,0.154,19,46.6,49.9,55.9,48.9,61.4,Anonymo Esports|Bulldog Esports,-276.21276595744683,-242.17021276595744,-6.531914893617022,463.12290425531916,0.16314752127659574,0.19148936170212766,1.3537148936170214,0.2824276595744681,0.6678484521903325,0.2622049022528087,0.0,945.9723170212767,0.0,0.15384615384615385,0.31460717447241804,-0.2050453362061227,-0.3934361936050201,3.5367415193502154,2.7714348384599967,-0.3829787234042553,-0.4621307350160633,-0.458105838792918,-0.269876406195983,0.048712385819329705,-0.32817746058395547,0.34588539189137607
Valiant,mid,LAS,3,34,0.529,9,0.111,17,45.5,51.0,52.7,51.2,62.4,Hanwha Life Esports Academy|Volda E-Sport,-357.05882352941177,-304.11764705882354,-6.235294117647059,650.4857088235294,0.21711870588235294,0.3235294117647059,1.0720205882352942,0.15690294117647058,0.5082332939768842,0.201436320212061,0.0,501.43071176470585,0.0,0.1111111111111111,0.1954848287922736,0.0,-0.5744231702940618,5.868367331276573,2.91547594742265,-0.35294117647058826,-0.39000675751060093,-0.5251431902787314,-0.2095869314936566,-0.12212375924438737,-0.20124955993163263,0.40010801629388065
Claww,top,AL,3,37,0.378,11,0.091,11,45.3,51.1,54.5,51.8,44.2,3BL Esports,-487.8378378378378,-294.02702702702703,-15.216216216216216,579.1481837837838,0.20694934864864864,0.16216216216216217,0.9311243243243243,0.08941351351351351,0.38883088727333304,0.19422874485069944,0.0,1709.5121972972972,0.0,0.09090909090909091,0.379252943078526,0.0,0.0851438665924267,0.0,1.8083888603589302,-0.5405405405405406,-0.7503866245041955,-0.532571943191769,-0.20855497460714592,-0.026121760960499226,-0.16909637991680376,-0.6021166444880445
Devn,bot,PRM,3,44,0.091,28,0.071,14,40.5,55.9,60.1,55.1,53.2,Eintracht Frankfurt|ROSSMANN Centaurs,-985.2954545454545,-482.3181818181818,-15.931818181818182,650.8720545454545,0.2683213636363636,0.29545454545454547,0.9549522727272727,0.2150068181818182,0.578461476421317,0.15180627163425303,0.0,356.5826318181818,0.0,0.07142857142857142,0.7410942560081814,0.0,0.4607705885933411,0.0,2.1105794120443453,-0.45454545454545453,-0.46535602491957573,-0.857757875562136,0.04607530684778522,0.2723766718855063,0.004320923309701935,-0.0952455938031842
Fame,jng,HLL,3,30,0.4,10,0.1,14,46.2,50.1,53.8,50.6,56.3,Gamespace Mediterranean College Esports,-462.73333333333335,-560.8333333333334,-9.966666666666667,492.9092866666667,0.15534022666666666,0.23333333333333334,1.3997633333333332,0.2120733333333333,0.6501876912790225,0.23797517917761085,0.0,903.2759533333334,0.0,0.1,0.24355422438537375,-0.019413902562451103,-0.3172713317608296,3.08695652173913,2.556038601690775,-0.5,-0.4577160614894417,-0.47980181866928057,-0.2601822908370832,-0.06344862594160976,-0.23288418225709562,0.0674783829002138
Grit,jng,LJL,15,21,0.238,7,0.143,9,42.6,53.7,60.0,48.0,48.4,DetonatioN FocusMe Academy,-979.0952380952381,-782.8571428571429,-10.761904761904763,350.43555714285714,0.12390909523809525,0.047619047619047616,1.9093380952380952,0.4290380952380953,0.6010839164275411,0.2342719334567897,0.0,932.2343666666666,0.0,0.14285714285714285,0.6244675816374823,0.0,-0.3928913192071086,0.0,1.9639610121239315,-0.6190476190476191,-0.5345513142744432,-0.7061385817153795,-0.06836909234437821,0.2675316980701437,-0.3760863301205831,-0.3529624719202612
Ace,bot,ROL,3,68,0.441,20,0.1,18,47.4,48.9,61.9,63.1,54.9,Gamespace Mediterranean College Esports|Icon Esports|Senshi eSports|Vantex Esports,-463.54411764705884,-128.63235294117646,-8.514705882352942,782.0893647058824,0.25287899852941176,0.8088235294117647,0.7947058823529412,0.17986323529411766,0.568138445237843,0.19714975596289988,0.0,375.19429852941175,0.0,0.1,0.25186179921279944,1.988390522006485,0.674349830390537,2.8974519632414366,2.182820625326997,-0.4117647058823529,-0.46976690227650875,-0.4093101821541548,-0.32769781509148166,0.37128987618244397,0.4401147384471253,-0.0029608546813781264
PonG,top,LJL,15,23,0.435,9,0.111,9,45.8,50.5,55.4,66.3,53.0,NOVEX,-857.2173913043479,-340.95652173913044,-9.695652173913043,509.29052173913044,0.18809790434782608,0.17391304347826086,1.0454173913043479,0.1361913043478261,0.3967941252060005,0.22519987085465215,0.0,1430.474352173913,0.0,0.1111111111111111,0.277123730378578,0.0,0.5268069579851438,13.011363636363637,1.876629726513673,-0.6521739130434783,-0.2309685368586802,-0.5043573588519689,-0.2377648934620148,0.02218409685377867,0.6377598467123975,-0.10282072106419661
Skeanz,jng,LEC,1,58,0.328,14,0.143,11,44.5,51.7,55.8,51.0,46.9,SK Gaming,-382.2586206896552,-351.5689655172414,-7.362068965517241,462.56939655172414,0.1682625327586207,0.1206896551724138,1.5469775862068966,0.3176603448275862,0.7320635389399219,0.18575898497982665,0.0,976.2175775862069,0.0,0.14285714285714285,0.34182443333917467,0.0,0.05662894019340542,0.0,1.444370761456948,-0.5,-0.3699528135102403,-0.5841439593858551,-0.17323276812338148,0.0412759710210987,-0.21422987377418054,-0.43847441074881155
BayMaxxx,mid,VCS,15,24,0.417,8,0.125,12,45.4,50.8,55.8,45.8,51.1,9Gaming Esports,-544.4166666666666,-345.6666666666667,-7.666666666666667,591.6978916666667,0.19623804166666667,0.16666666666666666,1.1191375000000001,0.15939166666666668,0.5035992915308772,0.20401504644475196,0.0,629.2526458333333,0.0,0.125,0.34501767242777004,-0.35765718299964877,-0.6584922460488238,2.7101449275362315,2.4494897427831783,-0.4583333333333333,-0.7295524797532924,-0.5286144572008146,-0.22134607911644,0.044740664459949224,-0.5036309842798499,-0.20700544123017395
Fiji,top,NACL,2,51,0.529,11,0.182,12,41.9,54.3,60.0,59.1,49.5,CCG Esports,-426.88235294117646,-372.01960784313724,-16.058823529411764,552.4375862745098,0.20757192156862747,0.19607843137254902,1.045750980392157,0.10925098039215686,0.4946720337351251,0.17117391186822986,0.0,1582.0625647058823,0.0,0.18181818181818182,0.2558245774326176,0.7657657657657657,-0.11809882878637135,9.924242424242424,1.6803361008336117,-0.47058823529411764,-0.37922444306180925,-0.7524852397376895,-0.035377001416909415,0.2637729306063348,0.2175650310343678,-0.29250879310745204
Blueboar,jng,EBL,3,38,0.421,16,0.125,11,47.0,49.1,55.5,47.7,52.5,Lenovo Legion Honvéd|One More Esports,-267.8157894736842,-558.9736842105264,-10.236842105263158,479.9097605263158,0.16277837105263157,0.34210526315789475,1.0636078947368421,0.19940526315789472,0.659715241104294,0.20104139732853515,0.0,950.4284105263158,0.0,0.125,0.29591649919956403,0.0,-0.22599676647013356,0.0,1.784435632438388,-0.5263157894736842,-0.33206986493381724,-0.4371454506415539,-0.31832242110496517,0.024975223280850792,-0.3953717402910484,-0.13053763494466764
Bazz,bot,NACL,2,22,0.182,9,0.0,11,43.6,52.5,51.7,66.2,53.2,Apex Mission Impossible,-732.1363636363636,-133.04545454545453,-8.363636363636363,605.6445772727274,0.2502555454545454,0.18181818181818182,1.2091772727272727,0.23116363636363638,0.5262956979224922,0.14865950351209287,0.0,317.5017590909091,0.0,0.0,0.3410432231433152,0.0,0.2862010221465075,20.0,2.345207879911715,-0.45454545454545453,-0.5205773429369389,-0.6406609267131175,-0.1296268524914825,-0.17611006557788825,0.6276797193690815,-0.09683027496265723
JonnyRockets,top,NACL,2,24,0.458,10,0.1,14,45.4,50.7,62.3,56.6,62.4,Contingent Esports,-547.3333333333334,-570.2916666666666,-13.5,561.4845958333334,0.18941479166666667,0.375,1.1230083333333334,0.14587083333333334,0.4478771512762741,0.23289820719454868,0.0,1088.1765208333334,0.0,0.1,0.6680661009379187,0.7056295659647617,0.4551431601272535,4.2137931034482765,2.8577380332470415,-0.4166666666666667,-0.13183233573670963,-0.5285451421966975,-0.22853009103630284,0.39634325441958185,0.08176092399095593,0.3998941903259012
Padawii,bot,LIT,3,26,0.385,5,0.2,9,44.6,51.4,64.3,50.6,51.5,Axolotl|TIGROTS,-691.8846153846154,-313.46153846153845,-18.307692307692307,701.408823076923,0.21663823076923078,0.5,0.9706,0.14368846153846154,0.5047274062066707,0.15333137957804377,0.0,310.3452307692308,0.0,0.2,0.6043415671936506,1.5388601036269434,-0.4820381045762683,3.435327635327635,1.7650452162436565,-0.5384615384615384,-0.33400263233600336,-0.5779914734797875,-0.1899138416778209,0.509786948192075,-0.23330777244939804,-0.1870209659018743
Zinie,mid,LCS,1,46,0.283,11,0.091,15,46.5,49.5,52.2,61.0,44.0,Shopify Rebellion,-320.10869565217394,-73.69565217391305,-3.108695652173913,615.0777130434782,0.2428454565217391,0.21739130434782608,1.3708847826086956,0.26788913043478263,0.586141060034644,0.24619294772054665,0.0,582.7237913043479,0.0,0.09090909090909091,0.3138085367790249,0.0,0.5728819033265151,0.0,2.211629342323457,-0.4782608695652174,-0.6736344512481314,-0.46542671840827177,-0.29252186687693144,-0.1467545250527411,0.3214477216228194,-0.6156005723981182
Juggernaut,mid,AL,3,63,0.413,14,0.071,13,46.5,49.5,55.6,60.9,47.7,GnG Amazigh|JSK Esports,-340.6825396825397,-238.14285714285714,-9.571428571428571,721.7641349206349,0.23756928571428573,0.47619047619047616,0.7627301587301587,0.15452063492063492,0.545601531419307,0.1729521973694315,0.0,484.38268253968255,0.0,0.07142857142857142,0.5347378291468554,0.0027529281778214,0.027515338331481058,6.015500986928374,1.6378460497066512,-0.42857142857142855,-0.48471570680216125,-0.4653503000371765,-0.29601229271675106,0.03138466534172702,0.31457634232043097,-0.39528243898576215
Kino,sup,LCP,15,61,0.475,15,0.2,17,42.4,53.6,65.2,58.5,58.9,CTBC Flying Oyster,-78.24590163934427,-216.1639344262295,-1.1311475409836065,174.2212950819672,0.06488496721311475,0.01639344262295082,4.123801639344262,0.4230622950819672,0.7060101573640031,0.23770234385839673,0.0,466.8850836065574,0.0,0.2,0.5334595362044486,0.22855977809175532,0.2903489665308235,1.4820629961254963,2.1766269588592317,-0.39344262295081966,-0.29774049596936153,-0.7208595517336571,-0.07189139784194828,0.5630480867082849,0.18758620981171842,0.20529984285554234
Heru,mid,LPL,1,80,0.325,21,0.0,14,41.8,54.0,44.1,55.3,42.6,ThunderTalk Gaming,-391.8,-327.6461538461538,-5.8307692307692305,620.69405125,0.24723096249999998,0.35,1.3357075,0.2409575,0.6465484653881979,0.19194905964144354,0.0,476.3178757575758,0.0,0.0,0.25421584660208757,-0.39615701583170676,-0.12647675304878042,5.327276524644946,1.5652475842498528,-0.45,-0.41379936521153265,-0.7651487414123224,-0.052932073896367816,-0.6080064275107078,0.016287417500913726,-0.7052939630823216
Roamer,mid,LCK,1,93,0.43,13,0.077,19,43.4,52.3,46.7,56.9,55.2,HANJIN BRION,-236.96774193548387,-243.08602150537635,-6.795698924731183,624.6975043010752,0.23669897849462365,0.41935483870967744,1.33347311827957,0.23505913978494622,0.64383035503811,0.2037082178524644,0.0,460.2606258064516,0.0,0.07692307692307693,0.38478908940431567,-0.5785082097464959,0.041276971416238005,3.8654882154882153,1.970208219987808,-0.40860215053763443,-0.23314992584418073,-0.6569384147487675,-0.14505680276520116,-0.45094422332635287,0.0991583680604446,0.009986633422511978
Kakkun,bot,LCP,15,50,0.14,23,0.0,19,43.2,52.4,50.6,57.4,60.5,DetonatioN FocusMe,-572.74,-295.68,-9.82,667.6945019999999,0.27393392,0.3,0.931072,0.20766600000000002,0.6435712211764844,0.18691572688223004,0.0,364.496086,0.0,0.0,0.2798161738167994,0.0,0.4269229100689776,0.0,2.6870057685088806,-0.36,-0.5477657475439627,-0.6654712827548099,-0.1347989486185051,-0.23244408281821508,0.12787224879900588,0.2912941710738483
Envy,mid,CBLOL,15,68,0.618,13,0.231,20,48.6,47.0,66.0,60.9,57.7,Estral Esports|LOUD,-17.044117647058822,-174.08823529411765,-4.632352941176471,635.2391014705883,0.23216142647058824,0.3235294117647059,0.97595,0.13161029411764708,0.5777952232731843,0.20484573962480992,0.0,425.56993088235293,0.0,0.23076923076923078,0.46063123716755,0.14714845450587719,0.040667123600639773,5.927684370587596,2.42535625036333,-0.36764705882352944,-0.4109862822986663,-0.34619445010794747,-0.4320353422865783,0.6170257429140571,0.31393355700692066,0.14118452261438175
Ignar,sup,LCS,1,43,0.186,19,0.158,14,42.4,53.1,58.6,47.8,55.8,Dignitas,-235.1627906976744,-267.93023255813955,-0.4186046511627907,173.47826976744184,0.07289663023255814,0.0,3.7716534883720927,0.39294651162790695,0.7489469800858309,0.16311454189234006,0.0,388.7873069767442,0.0,0.15789473684210525,0.5623929672337025,0.0,-0.11040238758755759,0.0,2.134979984656465,-0.4186046511627907,-0.29404930032688725,-0.7190101604267631,-0.10003708540994063,0.19122746945490343,-0.38790862106625495,0.04170298807217385
Bala,top,EBL,3,41,0.463,14,0.071,14,44.1,51.4,55.2,59.3,54.7,Lenovo Legion Honvéd,-548.7073170731708,-526.8536585365854,-5.829268292682927,560.4303048780488,0.18717672926829268,0.2926829268292683,1.158058536585366,0.1312439024390244,0.3499572137980487,0.19446354566305704,0.0,1037.676943902439,0.0,0.07142857142857142,0.38467982310884263,0.3368466710041205,0.32001946270867504,4.303792643415285,2.186432666440485,-0.5121951219512195,-0.31093692811816764,-0.6116163362697857,-0.19090336443403827,0.011992327133570284,0.22590190721650458,-0.017065260785244236
Dyego,mid,HM,3,39,0.41,19,0.105,13,45.3,50.1,56.7,66.3,53.5,Meavedron|SPAXFAMILY,-624.4102564102565,-412.61538461538464,-10.205128205128204,727.3022692307692,0.23687784615384616,0.4358974358974359,0.8230051282051283,0.10115897435897435,0.5579899011882622,0.1623690594940022,0.0,398.76008205128204,0.0,0.10526315789473684,0.2253215400151313,1.0261612950968713,0.6695885588173474,4.678571428571429,2.0816659994661326,-0.4358974358974359,-0.41425409989490597,-0.5348341462691587,-0.2627654364246157,0.0891906338614224,0.6346628891680165,-0.0771897841449347
Andil,sup,LCK,1,111,0.405,31,0.194,20,48.7,46.6,57.3,57.6,50.3,Kiwoom DRX,-161.82882882882882,-62.765765765765764,-1.3693693693693694,225.79176396396397,0.08159291981981982,0.009009009009009009,3.8300288288288287,0.39871801801801804,0.7322453854629561,0.26296327059045155,0.0,549.005181981982,0.0,0.1935483870967742,0.4298399477777192,-0.16446961921302547,0.03750417872749875,4.405351681957186,1.898315991504998,-0.42342342342342343,-0.34752595220825755,-0.3373510667215193,-0.45774067319647377,0.12341295551890852,0.13824293423973186,-0.24892541091512374
RedBert,sup,CBLOL,15,39,0.538,15,0.267,12,46.2,49.1,62.7,50.9,53.6,LOUD,-274.7435897435897,-102.25641025641026,-0.8205128205128205,212.48346666666666,0.08454219743589744,0.0,3.857102564102564,0.4234538461538462,0.6692872827406412,0.266613913077482,0.0,464.54821538461545,0.0,0.26666666666666666,0.5627029154991549,-0.4585496866606983,-0.34888256864839906,3.757575757575758,1.9215378456610455,-0.358974358974359,-0.4888502861238929,-0.47923452219933144,-0.31753883346316786,0.41461420077359384,-0.2170094477432931,-0.07570902535995674
VOPI,top,HC,3,57,0.561,14,0.286,20,45.6,49.7,58.9,53.2,60.3,Priority,-387.50877192982455,-161.1578947368421,-12.140350877192983,608.3376350877193,0.19055074736842106,0.3157894736842105,0.9035228070175438,0.055412280701754385,0.38945076892883146,0.159226958807777,0.0,1474.7107491228069,0.0,0.2857142857142857,0.3911434333220828,-0.6092617135729321,-0.15373861099857816,4.625699716279427,2.6490647141300876,-0.40350877192982454,-0.43896292180750424,-0.5177826315744223,-0.2823315161679424,0.2063716237654562,-0.09303404034602483,0.2832025544792112
Kakarot,bot,TCL,15,35,0.429,7,0.143,12,48.5,46.8,52.9,63.8,54.0,Deer Gaming|PCIFIC Esports|SU Esports,-134.6,-208.88571428571427,-7.542857142857143,727.5946485714285,0.2395772,0.5714285714285714,0.8229685714285714,0.16496285714285713,0.5922750652804688,0.21962151802058155,0.0,368.67123142857145,0.0,0.14285714285714285,0.2670560127422352,-0.6576588281148499,0.47214262973575283,5.93011803011803,2.02837021134844,-0.4,-0.4053983577720968,-0.3502820318996666,-0.44400056516720016,-0.10953341020800132,0.4807950431165614,-0.050138231858094046
Ceos,sup,LCS,1,48,0.292,16,0.062,15,48.2,47.0,54.5,63.9,52.1,Shopify Rebellion|paiN Gaming,-151.0,-170.97916666666666,-0.4166666666666667,201.36675833333334,0.07679865,0.020833333333333332,3.629675,0.43171458333333335,0.7002530977750556,0.21616481533741316,0.0,425.17575625,0.0,0.0625,0.33311026256741333,0.3711189831214836,0.46225004154434185,3.923076923076923,2.165063509461097,-0.4166666666666667,-0.47134971969717804,-0.363299716100664,-0.43229251536676494,-0.027224300678084443,0.48441614254058124,-0.15236994724717795
Baro,top,HM,3,41,0.463,17,0.059,13,45.4,49.8,50.8,52.8,53.5,Meavedron,-586.0,-409.8536585365854,-16.0,651.8883243902438,0.2054776317073171,0.1951219512195122,0.9819097560975609,0.07042926829268292,0.40146965371752774,0.20105709886043338,0.0,1310.2399487804878,0.0,0.058823529411764705,0.3092418117317053,-0.39919500614591114,-0.2280330038110315,4.901199494949495,2.030258904551879,-0.43902439024390244,-0.43123229192559526,-0.5321002269203416,-0.27828025537718837,-0.22200532376539678,-0.1144758472317176,-0.07810906957413044
Creal,mid,TCL,15,21,0.333,6,0.0,10,49.2,45.9,51.6,46.9,51.8,Bushido Wildcats|Team Phoenix,-350.3333333333333,-17.142857142857142,-8.714285714285714,564.9730285714286,0.23283519047619047,0.2857142857142857,0.7081714285714286,0.09034761904761905,0.4959658867769938,0.21979495389250595,0.0,418.46220952380946,0.0,0.0,0.20401365642434838,0.0,-0.4493082637476258,0.0,2.182178902359924,-0.47619047619047616,-0.5431640726959513,-0.311227025154697,-0.5006585140916336,-0.17953493736794082,-0.440106775692796,-0.17062107987712527
Tobe,mid,LAS,3,30,0.167,12,0.083,9,46.4,48.6,55.7,61.5,50.2,HANJIN BRION Academy,-318.03333333333336,-120.16666666666667,-5.133333333333334,589.1947633333333,0.2251560333333333,0.3333333333333333,1.1638966666666666,0.11881,0.4790203019922699,0.2430466112826233,0.0,592.5860966666667,0.0,0.08333333333333333,0.5348103243547278,0.0,0.5605756753568478,2.741005291005291,1.6431676725154982,-0.5333333333333333,-0.27548111639690126,-0.4676734352083484,-0.34630538259923277,0.03761258557945173,0.3478098320850005,-0.2553733225711968
Neramin,bot,TCL,15,34,0.176,13,0.154,9,48.1,46.8,64.2,45.7,38.7,BoostGate Esports|Dark Passage,-319.0,-0.11764705882352941,-7.794117647058823,656.1819411764707,0.2519811176470588,0.5588235294117647,0.5764676470588235,0.12091470588235295,0.5908587617224187,0.18132208467933178,0.0,377.1673323529412,0.0,0.15384615384615385,0.7211786778501269,0.0,-0.34671789345452825,0.0,1.5434872662825794,-0.7058823529411765,-0.7834195066825599,-0.3739446440560925,-0.44602923842460146,0.5049417044917648,-0.5101217289201051,-0.9964161991162577
arbrio,top,NACL,2,26,0.154,10,0.0,13,46.4,48.5,53.4,54.7,60.5,Apex Mission Impossible|Contingent Esports,-342.1923076923077,-102.76923076923077,-9.576923076923077,508.5388923076923,0.2123855,0.11538461538461539,1.019126923076923,0.09651538461538461,0.39914861712075334,0.18383321787851667,0.0,1200.9213961538462,0.0,0.0,0.4048826291079812,0.0,-0.3473684210526316,7.361111111111112,2.5495097567963927,-0.38461538461538464,-0.2660149090299723,-0.4687773560945127,-0.34908723473958203,-0.08378515595578447,-0.01695869622869059,0.29210260619367373
Mersa,sup,LFL,2,51,0.471,13,0.077,15,46.2,48.6,47.2,49.0,54.7,Joblife|S2G Esports,-35.372549019607845,-65.41176470588235,-0.11764705882352941,179.14071960784312,0.06673832156862745,0.0,3.9525588235294116,0.3683431372549019,0.6847436126893638,0.258346610521058,0.0,564.6273921568627,0.0,0.07692307692307693,0.25582410247853266,-0.8074701578744705,-0.22869540248221293,1.217391304347826,2.100420126042015,-0.47058823529411764,-0.31081289873185924,-0.4827483428863845,-0.34500281751908013,-0.4257365896965639,-0.32093207443863264,-0.01385131014406345
Nisqy,mid,LFL,2,26,0.346,10,0.1,15,45.7,48.8,54.9,45.7,57.4,ZYB Esport,-206.46153846153845,-364.1923076923077,-7.884615384615385,674.0010653846153,0.23198557692307692,0.2692307692307692,1.0330576923076924,0.14826153846153847,0.5657151732909017,0.2021561193632501,0.0,524.2427923076923,0.0,0.1,0.32218911523259347,0.0,-0.42464715732397745,0.0,2.9417420270727606,-0.4230769230769231,-0.5762900995165984,-0.5091213886089674,-0.332115048087277,-0.006261924226425396,-0.5089175770445791,0.12554599689109827
KKT,jng,NLC,2,34,0.441,7,0.0,13,46.4,48.0,50.1,67.3,53.3,Bulldog Esports|Lille Esport,-73.70588235294117,-239.0,-5.5588235294117645,407.48541470588236,0.14533441764705882,0.17647058823529413,1.3411705882352942,0.22325588235294117,0.6380129933108126,0.21604528537183923,0.0,946.8795529411765,0.0,0.0,0.23849310217595326,0.0,0.9558000386025866,4.1909090909090905,2.2294816068526147,-0.5,-0.5708535676620798,-0.46803365502695576,-0.3763280706099705,-0.26008927750860455,0.7012392138233724,-0.09144589321237627
AKaJe,mid,LCKC,2,113,0.531,25,0.08,21,40.0,54.2,53.1,59.0,52.9,Kiwoom DRX Challengers,-228.92920353982302,-106.66371681415929,-7.3628318584070795,621.925785840708,0.2293012389380531,0.3805309734513274,1.277716814159292,0.16616548672566372,0.6300319894122233,0.1907704596055374,0.0,513.2425734513274,0.0,0.08,0.307257887530334,-0.008195244874429023,0.04667991557095927,6.122025689757584,1.9755138236055543,-0.3893805309734513,-0.42142707845990435,-0.8962479184314233,-0.043658068165909183,-0.09848826120309404,0.21281165152803766,-0.11107795179890387
Serin,mid,LEC,1,59,0.237,16,0.0,18,43.6,50.6,48.8,43.3,49.9,Team Heretics,-342.77966101694915,-243.20338983050848,-8.338983050847459,624.7780694915255,0.2606157966101695,0.15254237288135594,1.098264406779661,0.17594745762711866,0.6657776185076321,0.162658881137758,0.0,417.8429355932203,0.0,0.0,0.30791279690967377,0.0,-0.3734524388267702,0.0,2.34340039765483,-0.423728813559322,-0.5455504619482637,-0.6405404945017115,-0.23549729316094686,-0.3305569436654122,-0.6578899734109989,-0.27256061514923036
Marcv1,bot,LES,3,30,0.133,20,0.05,12,45.7,48.2,52.4,50.1,50.0,Falke Esports,-948.4666666666667,-289.6,-9.966666666666667,689.4065166666667,0.27654376666666663,0.5,0.6381266666666666,0.11001333333333334,0.5424174822998353,0.16765255437776128,0.0,339.41210666666666,0.0,0.05,0.2819447419147569,0.0,-0.06369663219305234,0.0,2.1908902300206643,-0.5,-0.6764448506791625,-0.5111094112057796,-0.36415554559207797,-0.13719709095033705,-0.26006681806951554,-0.2679008443614643
Empyros,top,LEC,1,45,0.378,13,0.154,11,39.2,54.6,61.6,66.2,44.6,Fnatic,-620.7333333333333,-531.2888888888889,-10.222222222222221,521.3502888888888,0.20250257111111108,0.2,1.422231111111111,0.15290888888888887,0.47019406520394025,0.19881280003743027,0.0,1567.2527555555555,0.0,0.15384615384615385,0.7262205581533313,0.0,1.1271293716963118,0.0,1.6397831834998458,-0.5555555555555556,-0.3586939825104349,-0.9583420831753745,-0.02189416270185503,0.3526581729011621,0.6282065355381024,-0.5802157583028814
Karis,mid,LPL,1,128,0.406,36,0.139,22,40.0,53.8,57.8,74.8,47.1,Team WE,-322.5840707964602,-300.7787610619469,-6.353982300884955,608.2586968749999,0.235145921875,0.421875,1.3245265625,0.24919296875,0.6330818943536702,0.18034183412585816,0.0,477.9541205128205,0.0,0.1388888888888889,0.2815072708249553,0.5116915518541525,0.8152745051837889,5.340062366027428,1.9445436482630056,-0.4140625,-0.43458578174041396,-0.8968510000686362,-0.06240182199613207,0.14593316452709656,1.342187808499526,-0.42664674803155966
Asilah,mid,NACL,2,37,0.514,12,0.167,20,45.9,47.9,66.5,50.5,67.3,Citadel Gaming|Contingent Esports,-221.43243243243242,-310.64864864864865,-14.432432432432432,750.870708108108,0.24684592702702704,0.2972972972972973,1.0002,0.16777837837837836,0.5739288704234763,0.2171560692670188,0.0,620.948,0.0,0.16666666666666666,0.6642034540805727,0.6477502890854587,-0.11712604699713972,1.9685767528534823,3.287979746107146,-0.3783783783783784,-0.31291872416792366,-0.5004228859311399,-0.38033803771104896,0.6487539378701368,-0.24120927458332647,0.7000522890210448
MayR,bot,LJL,15,68,0.588,12,0.083,18,48.7,45.0,60.3,68.9,55.2,FENNEL|Fast8,-312.3529411764706,108.67647058823529,-3.3823529411764706,713.3137941176471,0.23420885294117647,0.7794117647058824,1.0134985294117647,0.21264264705882352,0.577512396889592,0.22225305419076774,0.0,326.4404617647059,0.0,0.08333333333333333,0.4583206702943962,0.3001384944329248,0.4680106984129358,7.91444422613005,2.182820625326997,-0.4411764705882353,-0.3617515971300161,-0.33531691858515855,-0.5530244579149443,0.2806332787289542,0.8122881949810732,0.012058791871887232
Fishue,jng,ROL,3,35,0.4,11,0.091,9,45.5,48.1,54.7,69.3,49.0,Dynasty,-488.0,-501.3142857142857,-11.857142857142858,466.37235714285714,0.15434406,0.4,1.04254,0.2190457142857143,0.6462541649876214,0.21745989469581278,0.0,961.1777542857144,0.0,0.09090909090909091,0.3182928005760104,0.0,-0.20720556440381926,19.82926829268293,1.52127765851133,-0.5714285714285714,-0.38408199402762033,-0.524495495448382,-0.3724250319483746,-0.013682622932015762,0.838964356988571,-0.3211292913532072
jejemua,top,LJL,15,26,0.115,16,0.0,6,47.4,46.1,51.7,55.8,42.5,V3 Esports,-1044.0384615384614,-748.2307692307693,-17.23076923076923,625.2978692307693,0.25331184615384617,0.4230769230769231,0.8472923076923077,0.07386538461538461,0.3344094861063187,0.1922970821520809,0.0,1155.0184923076924,0.0,0.0,0.19155176584421868,0.0,-0.42632790419859556,10.135449735449736,1.1766968108291043,-0.7692307692307693,-0.6842143966417699,-0.40962898222033933,-0.487511576475689,-0.17684951243918004,0.04236029930149007,-0.7150909086800225
Boukada,jng,LEC,1,28,0.286,7,0.0,14,41.7,51.7,51.9,47.4,60.7,Shifters,-401.67857142857144,-180.39285714285714,-3.2857142857142856,319.5505642857143,0.12818559999999998,0.07142857142857142,1.6781464285714287,0.37553214285714287,0.6712423021288014,0.1959729823921553,0.0,997.033075,0.0,0.0,0.32909731901287204,0.0,-0.26740911418330765,0.0,2.6457513110645903,-0.4642857142857143,-0.38409728839067425,-0.7657025272680297,-0.17495837904652897,-0.16166279181819723,-0.4111960223474535,0.3023946607515519
Kireas,jng,TCL,15,34,0.176,13,0.154,12,44.4,49.0,65.3,44.7,47.6,BoostGate Esports|Dark Passage,-393.7647058823529,-705.0,-12.264705882352942,405.2065147058824,0.15831228235294117,0.14705882352941177,1.3602470588235294,0.33733529411764707,0.6091104167636228,0.21142478752252403,0.0,823.9173000000001,0.0,0.15384615384615385,0.8381802249502801,0.0,-0.47384662522979953,0.0,2.057983021710106,-0.5294117647058824,-0.678931498767368,-0.5900466293376339,-0.31993615943840353,0.5703629796636484,-0.5736112982929132,-0.4026806945076527
CaviaVampier,bot,ROL,3,72,0.542,22,0.227,15,47.9,45.4,63.8,50.6,50.9,The Bandits,-122.16666666666667,-245.09722222222223,-8.277777777777779,765.0958111111111,0.24548255555555556,0.9166666666666666,0.7573916666666667,0.18216666666666667,0.5620760188211045,0.23139419114535484,0.0,368.16929305555556,0.0,0.22727272727272727,0.4961816756261205,0.3444313054057386,-0.12878813958397597,2.2481146304675717,1.7677669529663689,-0.4305555555555556,-0.42084726878619166,-0.3823880173533918,-0.5309468464827826,0.48098524602401,-0.23351109621436242,-0.21859353484833532
Booki,jng,CBLOL,15,55,0.255,18,0.0,14,40.0,53.3,56.5,47.2,45.8,Leviatan,-419.43636363636364,-512.5272727272727,-10.4,327.04529454545457,0.13181524909090908,0.16363636363636364,1.6167018181818182,0.38594727272727275,0.6695371130139116,0.2296059234890024,0.0,968.5199363636364,0.0,0.0,0.32194900592756465,0.5605477574039168,-0.3495644599303135,2.011737089201878,1.8877596148970779,-0.45454545454545453,-0.6918519146160195,-0.8934675244169454,-0.08852159840152786,0.07914081504699538,-0.4209171705359033,-0.5071184221867236
Dawciu,jng,LFL,2,43,0.419,9,0.0,12,45.4,47.9,49.0,51.5,45.8,Vitality.Bee,-153.62790697674419,-407.6511627906977,-9.511627906976743,406.9817186046511,0.14909072558139533,0.46511627906976744,1.2962162790697673,0.27335813953488375,0.6677569875623466,0.23283577709289469,0.0,909.7838488372093,0.0,0.0,0.2176381831402069,0.0,0.1692042440318303,0.0,1.829982843991256,-0.5813953488372093,-0.5933828735826339,-0.5271648530527302,-0.38082949376412084,-0.3232045802202087,-0.18594989650422244,-0.5067589353888547
Howl,jng,LAS,3,37,0.108,20,0.0,11,40.2,53.0,50.3,61.1,51.0,HANJIN BRION Academy,-494.4864864864865,-542.6216216216217,-8.054054054054054,334.68417837837836,0.1298403891891892,0.13513513513513514,1.6364432432432432,0.31179459459459463,0.5980568751689441,0.20198593961045166,0.0,783.8610675675675,0.0,0.0,0.23629414298018941,0.0,0.539421308689681,2.5600343263126106,1.8083888603589302,-0.5945945945945946,-0.3328641799412611,-0.875948100098213,-0.10313177039404238,-0.2474854833022069,0.32643230626973485,-0.21069857202471962
Mean,bot,TCL,15,27,0.296,13,0.0,10,39.0,54.0,48.0,68.7,50.3,BoostGate Esports,-808.8888888888889,-486.1111111111111,-18.77777777777778,474.6316111111111,0.20477151851851852,0.2222222222222222,1.0308703703703703,0.2245962962962963,0.654425001809314,0.1774129163018052,0.0,256.7813074074074,0.0,0.0,0.23755656108597287,-0.8290473407364114,0.550858250276855,12.694117647058823,1.9245008972987525,-0.5185185185185185,-0.43665428483821833,-0.9717302250963797,-0.05150325937573407,-0.3748907989042019,0.7970366633744306,-0.248847839970348
Parukia,sup,LPL,1,53,0.321,10,0.0,15,43.1,49.8,48.9,47.0,53.0,EDward Gaming,-10.210526315789474,-375.7105263157895,-3.6578947368421053,177.88225660377358,0.06837606226415095,0.0,4.251671698113208,0.47813962264150944,0.6800888936568239,0.26439824002227336,0.0,580.0448897435898,0.0,0.0,0.3856426924969568,-0.27491845322576625,-0.1304457194947108,0.21666666666666679,2.0604084592303353,-0.41509433962264153,-0.3798688497947411,-0.6745605707490333,-0.27914888391441034,-0.32421072401893897,-0.4316104253674202,-0.10479940713619637
KryRa,jng,LCS,1,47,0.277,13,0.0,14,46.7,46.2,46.1,59.3,54.7,Disguised,-332.2340425531915,-363.36170212765956,-6.212765957446808,448.14625957446805,0.16846847234042553,0.2553191489361702,1.3556617021276596,0.2834617021276596,0.7331310845296722,0.21541009113727658,0.0,928.9047255319149,0.0,0.0,0.1590828604450232,-0.2300271796532834,-0.353191663245602,13.0,2.042109880970524,-0.425531914893617,-0.47053349788398957,-0.4497013302747566,-0.4839161030152388,-0.4862669327219143,0.23090933062963725,-0.013620019325179294
Paduck,bot,LEC,1,61,0.311,12,0.167,18,46.2,46.6,61.5,46.6,52.5,Shifters,-407.57377049180326,-133.68852459016392,-7.442622950819672,748.4895,0.28814729508196724,0.45901639344262296,1.2337803278688524,0.2743032786885246,0.6020588481297511,0.20119992603660636,0.0,369.28607704918034,0.0,0.16666666666666666,0.6843312398547677,0.0,-0.15215006890345079,0.0,2.3046638387921274,-0.39344262295081966,-0.6879441641695622,-0.4811937624919082,-0.4595658259733184,0.349748400320756,-0.45975244011994826,-0.13196465811995858
Impact,top,LCS,1,82,0.488,15,0.267,23,44.9,47.7,60.9,47.4,55.3,Sentinels,-323.0975609756098,-160.4390243902439,-7.987804878048781,581.9638841463415,0.2215442743902439,0.13414634146341464,1.154589024390244,0.10890609756097562,0.5193255006091542,0.22091132565118135,0.0,1464.5985402439026,0.0,0.26666666666666666,0.378893678523112,0.04312227074235806,-0.21047087035471218,2.0115084793607365,2.5399250997214704,-0.4024390243902439,-0.5461745591211995,-0.5607942606730024,-0.3966178105593703,0.31497024686714375,-0.4125607176180067,0.01410260282664693
Lexendo,bot,HC,3,52,0.462,21,0.143,11,46.0,46.4,52.7,50.1,44.4,EXILE esports|EXILE esports Academy|Ethereal Enigmas,-703.9615384615385,-169.17307692307693,-6.269230769230769,766.012148076923,0.23923965384615384,0.8076923076923077,0.5893769230769231,0.10583846153846153,0.5754013351892909,0.17214355691611416,0.0,330.62659615384615,0.0,0.14285714285714285,0.3194418256887023,-0.6181750120323,-0.3490354653100859,3.333373649411385,1.52542553961938,-0.5576923076923077,-0.48969910199950833,-0.49305128031691337,-0.46671821156724846,-0.12199004887738066,-0.26053572241031053,-0.5900590710155501
Asagao,mid,LJL,15,26,0.115,16,0.0,5,43.1,49.1,55.0,59.1,40.1,V3 Esports,-659.6923076923077,-471.6923076923077,-11.692307692307692,530.7605307692309,0.2153970384615385,0.11538461538461539,0.9241923076923076,0.0991923076923077,0.5578839733251498,0.20698238835821473,0.0,581.5390500000001,0.0,0.0,0.48199346405228755,0.0,0.22372480798266922,3.6314102564102555,0.9805806756909202,-0.9230769230769231,-0.32256404517770654,-0.6734629382908942,-0.31433729029067925,-0.002326371042063938,0.21573035848383945,-0.8888559013725679
Lospa,sup,LEC,1,67,0.403,16,0.125,17,39.9,52.3,55.7,44.7,51.0,Fnatic,-160.4179104477612,-109.17910447761194,-2.5970149253731343,159.27102537313434,0.06384374925373135,0.0,4.213329850746268,0.3909432835820896,0.7315340839313068,0.20886233528781992,0.0,400.2791686567164,0.0,0.125,0.4268586940129694,0.0,-0.19423457821262372,0.0,2.0768805540571886,-0.43283582089552236,-0.42148723559955653,-0.9017677899923912,-0.1416609065339205,0.03441296219184322,-0.571850161205326,-0.2137494625061987
Ravvy,mid,LJL,15,21,0.238,7,0.143,9,45.2,46.8,59.7,46.4,49.8,DetonatioN FocusMe Academy,-703.6190476190476,-816.3809523809524,-17.904761904761905,608.8981,0.21442652380952382,0.6190476190476191,1.039852380952381,0.13745238095238094,0.4303631985216502,0.24539010285405266,0.0,622.8575,0.0,0.14285714285714285,0.5658231230199625,0.0,-0.4935034851643607,0.0,1.9639610121239315,-0.6190476190476191,-0.4142652501213088,-0.539871673208943,-0.44777408758526466,0.25176044668335174,-0.4704791079154453,-0.27729840027827923
Improver,mid,AL,3,58,0.483,12,0.0,11,42.5,49.2,45.5,59.4,44.3,Anubis Gaming|BAAM Esports,-416.82758620689657,-350.6896551724138,-7.862068965517241,656.8919017241379,0.222041,0.3448275862068966,0.9004586206896551,0.1332448275862069,0.560396210495047,0.22649030703544404,0.0,694.7914637931035,0.0,0.0,0.2547918651527063,-0.7689029936330921,-0.1893826898599915,7.416666666666668,1.444370761456948,-0.5862068965517241,-0.30115383071875845,-0.7106359858396372,-0.31040437895836864,-0.5221727957927464,0.23438848162688578,-0.5955838013582979
Jasten,bot,AL,3,54,0.315,22,0.091,14,42.1,49.6,64.7,54.9,55.7,GnG Amazigh|One More Esports|Pyramid IV Esports,-600.574074074074,-305.55555555555554,-7.685185185185185,656.012374074074,0.2232028888888889,0.7037037037037037,1.0158518518518518,0.22744814814814815,0.511650839152307,0.2123393447045315,0.0,363.32106666666664,0.0,0.09090909090909091,0.32171099233125866,2.6097644932732846,0.22211472187884307,1.8171477079796263,1.9051586888313607,-0.4444444444444444,-0.2483539255533883,-0.7440561642024529,-0.2859753137418622,0.5323682954871078,-0.003368804100558495,0.03941591575250719
SM,bot,HLL,3,45,0.356,19,0.0,14,40.9,50.7,51.8,50.1,55.0,Howl Esports|Spartans EU,-759.0666666666667,-494.15555555555557,-15.11111111111111,683.6433066666666,0.23694692444444446,0.4444444444444444,0.7530511111111112,0.16789333333333334,0.5865740580772082,0.17055912542535911,0.0,312.51188666666667,0.0,0.0,0.37791492755098577,0.0,0.04126692836395243,0.0,2.0869967789998034,-0.35555555555555557,-0.5093354005984875,-0.8261456219473665,-0.22617809021214655,-0.16941255127570515,-0.2591487682457813,-0.0020911676167211513
Jericho,mid,LJL,15,59,0.407,23,0.087,15,44.1,47.2,53.3,59.9,47.2,Revolution Victory X|Uwinks,-518.1186440677966,-271.1186440677966,-8.220338983050848,634.7039050847458,0.23056154237288135,0.3050847457627119,0.9941457627118644,0.11311525423728813,0.5388545871982653,0.1859860885388897,0.0,428.73683050847455,0.0,0.08695652173913043,0.27488082638330297,-0.3002534452716616,0.2651377238384199,2.080040676908088,1.952833664712358,-0.4745762711864407,-0.540707813328794,-0.608192478420513,-0.4234787018306368,-0.08914459276177134,0.25925351498591187,-0.42213278132048543
Pasu,jng,PRM,3,25,0.04,20,0.0,8,40.4,50.9,51.4,47.8,48.6,ROSSMANN Centaurs,-842.56,-790.32,-12.16,327.82957600000003,0.143761428,0.04,1.252416,0.228464,0.6856856634268915,0.2436474232507346,0.0,850.892016,0.0,0.0,0.23984403336960466,0.0,-0.3627597760522223,0.0,1.6,-0.48,-0.6655023272825694,-0.8661667145884924,-0.21741582982198568,-0.19330580596664138,-0.38702883308156266,-0.34344453407161857
Darky,top,AL,3,21,0.333,9,0.0,9,40.3,51.0,53.3,53.8,55.0,One More Esports,-1291.1904761904761,-845.3809523809524,-32.714285714285715,434.09481904761907,0.15886068095238096,0.19047619047619047,0.8400047619047619,0.08244285714285715,0.3891807812971015,0.1803025275666029,0.0,1240.5904476190476,0.0,0.0,0.348098971684589,0.3403422003329442,-0.31630259379366177,6.276595744680851,1.9639610121239315,-0.6190476190476191,0.0,-0.8734241962416139,-0.2115675933627657,-0.09050469074402982,-0.06455567251198897,0.001210320667521081
Midnight,mid,LES,3,33,0.182,20,0.0,12,43.9,47.1,49.7,47.8,47.5,Falke Esports|UB Alma Mater,-514.2727272727273,-483.57575757575756,-12.212121212121213,632.7563636363636,0.24728336363636363,0.24242424242424243,0.7069969696969697,0.08776666666666667,0.5626005921193087,0.20642547541472409,0.0,424.4155818181818,0.0,0.0,0.19610978537236687,0.0,-0.2577572880017129,0.0,2.088931871468374,-0.42424242424242425,-0.8434900899626505,-0.6225359283741225,-0.42932365067953004,-0.2829499386437566,-0.38851631347865534,-0.4063844461055395
Slyv3r,bot,ROL,3,55,0.455,11,0.091,15,41.5,48.9,52.2,60.4,49.9,Senshi eSports|mCon esports,-580.5636363636364,-31.89090909090909,-5.945454545454545,626.1149745454546,0.2099594672727273,0.2,1.0569345454545453,0.1452690909090909,0.4959945138309657,0.16382746282686603,0.0,262.98748181818183,0.0,0.09090909090909091,0.24739611450617946,0.0,0.23484772358351994,5.09375,2.0225995873897262,-0.43636363636363634,-0.6057179821838405,-0.7860408594915874,-0.3246859573930214,-0.14721983336697667,0.28796274887527845,-0.2735925466898671
Palafox,mid,LCS,1,45,0.178,21,0.143,16,42.7,47.6,63.2,55.4,47.7,Dignitas,-283.75555555555553,-262.5111111111111,-4.155555555555556,569.0791088888889,0.23194508888888887,0.24444444444444444,1.3372977777777777,0.19385999999999998,0.5902436845410701,0.219943466286426,0.0,454.70934444444447,0.0,0.14285714285714285,1.0732678256487782,0.0,0.2571744964753851,0.0,2.3851391759997758,-0.4444444444444444,-0.6439456134105064,-0.7022695378604865,-0.40180855362378637,0.44788779133476475,0.01844158565107576,-0.39642685022661417
Pegaso,jng,LES,3,35,0.286,17,0.0,10,38.6,51.5,49.9,62.6,49.2,LUA Gaming,-695.4571428571429,-802.4857142857143,-13.6,340.41434571428573,0.1291594257142857,0.17142857142857143,1.3862142857142856,0.26658,0.6334456021045448,0.20199461721055376,0.0,772.3676657142857,0.0,0.0,0.19899763078817034,0.0,0.8945799615015678,0.0,1.6903085094570331,-0.5428571428571428,-0.4833384425090418,-1.0057126185799627,-0.18309159110111714,-0.2731709997325885,0.4111952005296309,-0.310783685911982
Momo,top,LCP,15,48,0.146,22,0.0,12,39.7,49.9,51.6,55.4,51.7,DetonatioN FocusMe,-831.5625,-596.3541666666666,-19.25,484.07374791666666,0.19743441666666664,0.125,1.1639520833333334,0.12615833333333334,0.4127461506573349,0.2134970406625761,0.0,1184.7660458333332,0.0,0.0,0.2722863232159918,0.0,0.3943366544310438,0.0,1.7320508075688774,-0.5208333333333334,-0.36073296756594975,-0.915154055311273,-0.27269611331354515,-0.17911390368381305,0.02017120183945481,-0.17533306454887143
Scuffed,mid,NLC,2,44,0.545,10,0.1,16,44.1,45.1,47.4,68.6,63.4,Deer Gaming,-377.65909090909093,-372.47727272727275,-7.931818181818182,723.6175068181818,0.24584009090909092,0.38636363636363635,0.9801136363636364,0.16215,0.5512595987758183,0.21328110503451073,0.0,510.3925704545454,0.0,0.1,0.1776697293347636,-0.8046682801217834,0.591925632335765,7.864788223456358,2.412090756622109,-0.36363636363636365,-0.2150870812671679,-0.6094985561546752,-0.5445164854886301,-0.4090256916425826,0.7919089231309373,0.4569056376961032
Clicker,jng,LES,3,30,0.133,20,0.05,8,40.3,48.6,54.9,50.2,43.0,Falke Esports,-694.7,-869.9666666666667,-18.933333333333334,373.39036000000004,0.15083104333333333,0.16666666666666666,1.0358433333333334,0.20122,0.6762229687523805,0.22000339916594408,0.0,769.4469566666667,0.0,0.05,0.4028429348845938,0.0,-0.08862477653446327,0.0,1.4605934866804429,-0.7,-0.6575794763147867,-0.8707436621777901,-0.3410898190933011,-0.006732653702599466,-0.25699576469235896,-0.6810129285628584
Shaoye,bot,LPL,1,97,0.454,12,0.167,19,38.3,49.6,55.8,58.3,58.7,LGD Gaming,-199.34615384615384,-271.5,-12.653846153846153,654.6130752577319,0.269082412371134,0.3711340206185567,1.411377319587629,0.30644432989690723,0.6157436448684144,0.2110820617104052,0.4444444444444444,370.43902469135804,0.0,0.16666666666666666,0.4559753986443653,-0.23598042287252458,0.05498414691336568,4.859573070607554,1.9291577137538762,-0.36082474226804123,-0.32949118660065463,-1.0295804800427406,-0.2868357641362676,0.04414373234778737,0.17328481376458743,0.19646329236953783
Lyncas,jng,LEC,1,81,0.543,11,0.182,15,42.7,44.7,59.8,48.2,51.3,Team Vitality,-150.3,-397.2625,-6.9375,427.51981234567904,0.14573784074074073,0.20987654320987653,1.5715197530864198,0.31839506172839505,0.6366493023070319,0.16981437633033317,0.0,989.5784086419753,0.0,0.18181818181818182,0.44141073191557495,0.0,-0.03146749020078136,0.0,1.6666666666666667,-0.4567901234567901,-0.35696472544612745,-0.6991519352655036,-0.5705952667044474,0.2577530500043393,-0.3654447047925658,-0.19447227708042258
Cracker,mid,LCKC,2,98,0.378,30,0.167,16,36.3,49.5,49.8,61.3,47.3,Hanwha Life Esports|Hanwha Life Esports Challengers,-412.0,-210.69387755102042,-9.285714285714286,589.6846275510204,0.2231314387755102,0.3163265306122449,1.2221234693877552,0.21825918367346936,0.5972165424291277,0.2286244015726106,0.0,483.90761020408166,0.0,0.16666666666666666,0.24955816302806977,-0.8272426598259194,0.24497425495397093,4.482666666666668,1.616244071283537,-0.41836734693877553,-0.39397727348864714,-1.2183984659194758,-0.2915313673750246,-0.27547561921906816,0.3400245438757558,-0.41520234158096164
White,bot,LAS,3,48,0.292,20,0.05,10,36.8,47.4,53.8,55.1,48.0,Nongshim RedForce Academy,-1090.0208333333333,-607.2291666666666,-22.6875,625.0850354166666,0.21489375,0.5,0.8150499999999999,0.20388125,0.4915601375903556,0.18955101421791873,0.0,354.1796166666666,0.0,0.05,0.4032813171223913,0.0,0.1325011009367784,2.6491081525864137,1.4433756729740645,-0.6041666666666666,-0.19416096475786068,-1.1716122643348266,-0.4112331110802736,-0.06490136237505581,0.006030705199989397,-0.3793003299964045
deokdam,bot,LCK,1,116,0.405,25,0.0,21,37.6,45.7,43.7,58.7,56.3,DN SOOPers,-430.9051724137931,-354.92241379310343,-11.827586206896552,705.4920008620691,0.2619063275862069,0.5775862068965517,1.1852905172413792,0.26346896551724136,0.6291077207733566,0.20115095870788552,0.0,377.1901103448276,0.0,0.0,0.2542903519703427,-0.29153831294923793,0.17063454122446384,3.129077957643979,1.9498010508590446,-0.3275862068965517,-0.4654483071668909,-1.0953198885171145,-0.5081708157596369,-0.6366672325569729,0.1945139922488531,0.06610928184214312
adrianlaneitor,bot,LES,3,34,0.147,22,0.0,16,37.4,45.4,49.9,65.0,55.4,UB Alma Mater,-1288.3823529411766,-713.2058823529412,-25.352941176470587,596.8480411764706,0.23698270588235293,0.058823529411764705,0.815664705882353,0.15186764705882352,0.4362354917285713,0.18748821112952488,0.0,330.97391470588235,0.0,0.0,0.21418975113556396,0.0,1.1791164658634539,2.398692810457517,2.743977362280141,-0.35294117647058826,-0.8027778253683615,-1.1149684222564864,-0.5277502733089748,-0.271985304760797,0.5540372317010052,0.018517160020393414
Luke,mid,PRM,3,69,0.319,27,0.074,18,37.5,44.9,50.4,59.5,49.0,EKO Esports|TITANS|VfB eSports,-592.1884057971015,-577.1594202898551,-14.072463768115941,625.182847826087,0.22084876811594203,0.21739130434782608,0.8736173913043479,0.13073623188405797,0.5062708016272497,0.21637820311442407,0.0,510.27749130434785,0.0,0.07407407407407407,0.40627372553376667,-0.6386571101425255,0.23064709058860694,3.1166666666666667,2.1669453555438456,-0.42028985507246375,-0.6668779987773157,-1.102485222845899,-0.5592201418816883,-0.24248672491844583,0.2377972299688011,-0.32043335663642947
sajed,bot,LCS,1,53,0.302,13,0.0,18,39.7,41.8,44.2,45.3,59.0,Disguised,-405.188679245283,-223.24528301886792,-10.037735849056604,663.3284716981132,0.2536260377358491,0.37735849056603776,0.9458377358490565,0.23198490566037736,0.5640155472048234,0.18307515341737424,0.0,360.185620754717,0.0,0.0,0.24348440400194166,-0.7345222482118955,-0.49618245696677066,4.040000000000001,2.4724901510764026,-0.39622641509433965,-0.5369554663516153,-0.9202679973405714,-0.7649613278723981,-0.606194692137526,-0.535322855769913,0.21232879968780694
MUDAI,bot,LCKC,2,77,0.208,36,0.056,20,35.7,44.6,50.9,47.5,57.9,Gen.G|Gen.G Global Academy,-668.7792207792207,-379.54545454545456,-14.623376623376624,648.8140324675325,0.24273644285714285,0.5064935064935064,0.8178766233766234,0.2141987012987013,0.5876079524755148,0.1976532343161209,0.0,389.50883376623375,0.0,0.05555555555555555,0.3339914106977271,0.0,-0.005048229721126842,0.0,2.279211529192759,-0.33766233766233766,-0.44563883091405776,-1.285618989400477,-0.5758266095510396,-0.215132877395026,-0.40449631788012974,0.15308748919992238
