player_id,position,league,tier,games,winrate,操作,运营,心态,指挥,体质,适应力,总评,逆风局数,翻盘率,英雄池,_boxz,_impz,_resid,teams,年龄
Chovy,mid,LCK,1,163,0.718,75.3,69.4,70.6,71.4,55.4,64.2,77.5,10,0.4,27,1.005,3.566,1.978,Gen.G,24
Ruler,bot,LCK,1,163,0.718,68.0,64.7,70.1,78.1,49.4,55.7,77.1,10,0.4,20,0.624,3.566,2.361,Gen.G,27
Boda,top,AL,3,95,0.832,69.7,57.2,57.3,69.0,51.4,62.6,76.9,4,0.25,21,0.408,3.588,3.748,Geekay Esports,19
Giyuu,mid,AL,3,95,0.832,66.3,58.6,55.9,79.1,49.6,65.8,76.8,4,0.25,21,0.344,3.588,4.112,Geekay Esports,24
Rekkles,sup,EM,2,108,0.796,74.9,70.3,70.1,77.3,52.2,53.8,76.6,18,0.389,14,0.966,2.932,2.171,Los Ratones,29
OddEye,bot,LAS,3,122,0.73,73.1,60.4,65.5,64.2,55.6,60.5,76.3,11,0.273,21,0.655,3.034,3.392,T1 Esports Academy Rookies,20
Kiin,top,LCK,1,167,0.701,68.2,62.1,63.6,74.9,42.2,61.1,76.3,12,0.333,26,0.504,3.201,2.001,Gen.G,26
Canyon,jng,LCK,1,165,0.709,60.3,53.4,67.2,73.6,51.4,49.0,76.2,11,0.364,20,0.218,3.352,2.674,Gen.G,24
Painter,jng,LAS,3,122,0.73,68.3,64.7,60.4,63.5,58.8,62.6,76.0,11,0.273,22,0.523,3.034,3.207,T1 Esports Academy Rookies,18
Zeus,top,LCK,1,169,0.645,73.3,52.3,56.5,64.2,45.8,66.1,75.4,13,0.154,28,0.433,2.84,1.771,Hanwha Life Esports,23
Velja,jng,EM,2,109,0.798,64.7,54.0,66.8,72.0,39.3,60.0,75.4,18,0.389,21,0.326,2.932,2.823,Los Ratones,23
Duro,sup,LCK,1,167,0.701,45.1,54.4,68.6,68.6,46.6,57.9,75.2,12,0.333,21,-0.117,3.201,2.503,Gen.G,23
Keria,sup,LCK,1,187,0.631,69.8,58.7,64.6,62.5,59.0,67.7,75.1,21,0.238,26,0.539,2.655,1.534,T1,23
Delight,sup,LCK,1,169,0.645,64.2,60.0,57.9,64.8,45.2,64.5,75.1,13,0.154,24,0.312,2.84,1.866,Hanwha Life Esports,23
Nemesis,mid,EM,2,109,0.798,59.3,53.6,65.2,78.0,42.3,59.2,75.0,18,0.389,24,0.14,2.932,3.104,Los Ratones,26
Oner,jng,LCK,1,187,0.631,69.0,56.8,62.0,65.4,55.3,53.7,74.9,21,0.238,23,0.446,2.655,1.848,T1,23
Zeka,mid,LCK,1,169,0.645,59.5,56.6,55.3,68.8,48.6,55.1,74.7,13,0.154,24,0.14,2.84,2.088,Hanwha Life Esports,23
Crownie,bot,EM,2,108,0.796,53.4,55.2,66.7,79.7,38.0,46.4,74.6,18,0.389,15,0.063,2.868,3.144,Los Ratones,27
3XA,bot,LFL,2,127,0.669,68.9,66.0,65.5,64.5,47.7,61.2,74.4,15,0.333,21,0.594,2.38,1.974,Karmine Corp Blue,22
Doran,top,LCK,1,187,0.631,63.1,54.3,62.9,68.2,64.2,61.9,74.4,21,0.238,25,0.247,2.655,1.772,T1,24
Tarzan,jng,LPL,1,183,0.639,72.1,59.9,51.9,75.0,45.7,55.8,74.0,4,0.0,20,0.501,2.319,1.499,Anyone's Legend,26
Guardian,top,LAS,3,112,0.679,69.1,59.2,67.7,63.0,66.4,50.2,74.0,17,0.353,16,0.562,2.291,2.085,Gen.G Scholars|T1 Esports Academy Rookies,21
Dekap,sup,AL,3,113,0.708,59.2,61.5,57.9,77.0,37.9,50.9,74.0,5,0.2,19,0.164,2.595,3.264,Geekay Esports|Vitality.Bee,25
Baus,top,EM,2,109,0.798,54.2,35.3,71.3,79.0,59.2,48.0,73.9,18,0.389,16,-0.257,2.932,3.359,Los Ratones,26
Kanavi,jng,LPL,1,200,0.625,70.5,61.7,48.2,72.1,55.9,64.9,73.7,4,0.0,28,0.437,2.286,1.526,Hanwha Life Esports|Top Esports,25
YoungJae,jng,LCKC,2,129,0.69,72.3,55.7,61.1,66.3,51.7,68.4,73.6,16,0.25,23,0.523,2.189,1.767,KT Rolster Challengers,23
Kael,sup,LPL,1,183,0.639,64.4,65.9,50.4,52.0,46.4,66.2,73.5,4,0.0,21,0.361,2.319,1.406,Anyone's Legend,21
JunJia,jng,LCP,15,132,0.667,56.8,66.8,68.0,72.6,48.1,52.1,73.3,13,0.231,19,0.344,2.28,2.526,CTBC Flying Oyster|JD Gaming,23
SlowQ,mid,LFL,2,127,0.669,61.0,55.5,62.5,61.6,56.1,53.1,73.3,15,0.333,18,0.22,2.38,2.376,Karmine Corp Blue,21
Viper,bot,LCK,1,161,0.627,62.8,61.6,54.2,71.2,46.7,58.9,73.2,13,0.154,21,0.264,2.322,1.593,Bilibili Gaming|Hanwha Life Esports,25
Maynter,top,LFL,2,127,0.669,58.5,57.6,65.5,75.2,50.7,55.8,73.2,15,0.333,18,0.189,2.38,2.289,Karmine Corp Blue,25
Faker,mid,LCK,1,187,0.631,48.6,46.6,65.0,79.0,57.4,57.5,73.2,21,0.238,24,-0.171,2.655,2.186,T1,29
Smash,bot,LCKC,2,144,0.646,71.3,66.5,50.9,51.9,52.4,61.2,73.1,12,0.083,21,0.57,2.026,1.595,Dplus Kia|T1|T1 Esports Academy,19
Doggo,bot,LCP,15,119,0.672,64.1,65.8,65.2,65.8,56.6,60.5,73.1,13,0.231,22,0.477,2.116,2.125,CTBC Flying Oyster,22
Dajor,mid,PRM,3,101,0.713,64.9,64.8,63.2,68.0,47.2,55.4,73.1,10,0.3,19,0.459,2.128,2.187,Berlin International Gaming,22
Gumayusi,bot,LCK,1,162,0.63,66.4,53.7,57.9,62.8,49.0,48.3,73.1,17,0.176,18,0.253,2.283,1.568,Hanwha Life Esports|T1,23
HongQ,mid,LCP,15,132,0.667,60.0,58.5,62.5,58.5,51.5,58.8,73.1,13,0.231,24,0.256,2.28,2.345,CTBC Flying Oyster|JD Gaming,18
Zinie,mid,LCKC,2,129,0.69,65.8,58.7,63.5,54.5,39.2,56.5,73.0,16,0.25,21,0.338,2.189,2.02,KT Rolster Challengers,20
Bean,bot,PRM,3,101,0.713,65.6,53.9,66.5,75.9,52.5,50.4,72.8,10,0.3,14,0.359,2.128,2.561,Berlin International Gaming,25
Shelfmade,top,PRM,3,101,0.713,66.1,57.3,62.4,58.5,48.3,48.9,72.7,10,0.3,16,0.331,2.128,2.163,Berlin International Gaming,19
Flandre,top,LPL,1,183,0.639,54.9,66.6,48.5,75.6,41.0,68.0,72.7,4,0.0,30,0.109,2.319,1.614,Anyone's Legend,27
Peanut,jng,LCK,1,152,0.645,53.1,56.0,58.6,78.3,45.2,53.8,72.7,11,0.182,22,-0.03,2.438,2.079,Hanwha Life Esports,27
Bwipo,top,LTA N,1,86,0.698,73.2,56.0,49.1,73.9,48.5,62.6,72.5,8,0.0,22,0.447,2.004,1.096,FlyQuest,27
Feisty,mid,LVP SL,2,87,0.69,69.8,64.0,71.0,57.6,42.1,49.8,72.4,10,0.4,14,0.643,1.811,1.235,GIANTX iTero,22
Hope,bot,LPL,1,183,0.639,49.6,68.0,47.6,72.1,41.5,53.1,72.4,4,0.0,16,0.019,2.319,1.803,Anyone's Legend,25
Inspired,jng,LTA N,1,91,0.703,65.9,51.9,48.0,64.5,46.8,60.6,72.3,8,0.0,20,0.137,2.197,1.714,FlyQuest,23
HARPOON,bot,LFL2,2,92,0.674,69.0,58.6,46.2,54.5,43.1,64.4,72.2,5,0.0,23,0.296,2.044,1.931,Esprit Shōnen|Galions,20
Knight,mid,LPL,1,180,0.617,63.0,63.6,50.3,71.6,55.7,66.2,72.2,2,0.0,28,0.269,2.083,1.394,Bilibili Gaming,25
LIMIT,sup,PRM,3,101,0.713,60.8,51.9,62.9,79.5,55.6,49.8,72.0,10,0.3,17,0.155,2.128,2.661,Berlin International Gaming,32
kyeahoo,mid,LCKC,2,135,0.607,64.5,59.4,66.9,51.9,44.5,53.4,71.9,13,0.308,20,0.37,1.92,1.674,Kiwoom DRX|Kiwoom DRX Challengers,20
Piero,sup,LFL,2,114,0.675,54.6,58.0,61.5,65.4,44.6,53.4,71.8,13,0.308,15,0.065,2.155,2.313,Karmine Corp Blue,23
Feng,bot,PCS,15,122,0.705,69.4,57.3,57.6,78.9,53.5,58.3,71.7,12,0.167,18,0.386,1.877,1.949,Deep Cross Gaming,27
FlickeR,bot,AL,3,49,0.816,59.8,59.2,50.5,60.3,54.9,53.0,71.7,2,0.0,13,0.127,2.09,2.826,Geekay Esports|Macko Esports,20
Kaiwing,sup,LCP,15,119,0.672,52.0,60.3,61.5,78.2,52.1,49.3,71.7,13,0.231,14,0.081,2.116,2.217,CTBC Flying Oyster,29
Quad,mid,LTA N,1,91,0.703,59.6,49.4,51.0,66.7,41.6,60.7,71.6,8,0.0,20,-0.039,2.197,1.725,FlyQuest,23
DG suyahime,mid,LJL,15,25,0.72,66.9,54.4,50.4,64.8,68.3,61.2,71.5,5,0.0,12,0.248,1.938,1.97,Deltan Gaming,
Busio,sup,LTA N,1,91,0.703,52.6,55.5,49.2,58.7,50.5,59.8,71.5,8,0.0,17,-0.069,2.197,1.655,FlyQuest,22
Paduck,bot,LCKC,2,129,0.674,63.4,56.0,68.8,52.9,41.9,55.6,71.4,17,0.235,22,0.309,1.88,1.727,KT Rolster|KT Rolster Challengers,20
Leb,jng,PRM,3,92,0.717,69.5,58.9,57.2,75.4,55.6,54.1,71.3,8,0.25,16,0.425,1.757,1.733,Berlin International Gaming,26
369,top,LPL,1,183,0.623,64.2,55.3,46.8,65.6,54.0,57.8,71.3,2,0.0,19,0.124,2.002,1.351,Top Esports,24
Peter,sup,LCK,1,135,0.585,56.5,58.6,57.3,57.2,42.0,53.5,71.3,17,0.118,19,0.051,2.07,1.456,KT Rolster|KT Rolster Challengers,22
Massu,bot,LTA N,1,91,0.703,58.0,44.8,50.3,54.4,43.0,58.7,71.2,8,0.0,18,-0.128,2.197,1.825,FlyQuest,21
Rin,bot,LVP SL,2,120,0.625,71.7,57.8,57.3,64.6,46.0,54.0,71.1,8,0.125,19,0.468,1.681,1.316,Team Heretics Academy,23
Kio,top,HLL,3,110,0.691,66.8,61.7,57.1,60.0,48.9,59.5,71.1,19,0.211,23,0.386,1.745,1.661,Team Phantasma|eSuba,21
Creme,mid,LPL,1,183,0.623,60.6,58.3,47.2,61.0,55.9,48.0,71.1,2,0.0,19,0.071,2.002,1.485,Top Esports,22
Elk,bot,LPL,1,190,0.605,61.4,61.2,53.1,65.4,45.7,55.1,71.0,3,0.0,20,0.202,1.889,1.27,Bilibili Gaming|Weibo Gaming,24
Badlulu,top,LVP SL,2,87,0.69,61.2,51.4,70.2,65.8,62.8,46.2,71.0,10,0.4,14,0.296,1.811,1.565,GIANTX iTero,23
ToongE,bot,TCL,15,96,0.656,65.1,54.7,46.9,61.3,54.6,57.0,70.9,4,0.0,19,0.168,1.886,2.219,BoostGate Esports|Misa Esports,21
Kozi,top,RL,3,104,0.644,64.1,60.6,66.0,54.5,44.5,51.7,70.8,9,0.444,16,0.371,1.706,1.634,Zero Tenacity,20
Pop9,jng,PCS,15,122,0.705,69.2,54.4,56.0,64.9,49.2,61.2,70.8,12,0.167,19,0.363,1.71,1.792,Deep Cross Gaming,22
raining,bot,HM,3,67,0.731,70.2,49.8,66.1,67.3,51.2,52.6,70.8,3,0.333,15,0.405,1.688,1.899,FlameHard|Nightbirds,23
Elramir,jng,AL,3,64,0.812,56.0,52.8,55.4,77.7,50.3,54.5,70.8,4,0.25,15,-0.022,2.028,2.631,Geekay Esports,26
Tactical,bot,NACL,2,64,0.75,66.3,54.8,49.2,76.1,44.5,58.1,70.7,3,0.0,16,0.207,1.823,1.779,Luminosity Gaming,26
FakeGod,top,NACL,2,64,0.75,62.8,59.2,46.4,73.1,49.3,58.9,70.6,3,0.0,16,0.174,1.823,1.709,Luminosity Gaming,25
Tomio,jng,NACL,2,64,0.75,60.0,61.3,49.6,61.4,49.3,51.4,70.6,3,0.0,15,0.184,1.823,1.737,Luminosity Gaming,22
TIMR,sup,HC,3,72,0.681,59.0,52.2,67.5,71.1,52.3,57.9,70.6,12,0.5,14,0.169,1.836,2.259,CITA Kaizen|Diversion Gaming,
Insanity,mid,NACL,2,62,0.758,64.0,54.4,46.4,74.7,52.7,68.6,70.5,3,0.0,25,0.148,1.838,1.835,Luminosity Gaming,26
JackeyLove,bot,LPL,1,183,0.623,49.3,64.5,48.9,71.2,53.8,53.9,70.5,2,0.0,20,-0.068,2.002,1.603,Top Esports,25
uZent,sup,CD,2,47,0.723,71.0,62.2,65.5,42.8,59.0,62.5,70.4,4,0.5,15,0.607,1.445,0.892,RED Academy,20
ON,sup,LPL,1,189,0.603,61.7,57.7,48.7,55.5,38.2,59.2,70.4,4,0.0,21,0.116,1.85,1.226,Bilibili Gaming,22
Bin,top,LPL,1,189,0.603,59.1,55.8,50.4,55.9,53.3,51.2,70.4,4,0.0,19,0.1,1.85,1.249,Bilibili Gaming,22
Dzeffry,top,HC,3,67,0.731,61.2,48.6,64.2,67.3,48.0,65.2,70.4,15,0.467,23,0.13,1.826,2.048,Diversion Gaming|KIA.eSuba Academy,
Zamudo,top,NACL,2,42,0.69,74.8,53.5,45.3,53.5,46.2,56.5,70.3,3,0.0,16,0.453,1.543,1.11,DarkZero Dragonsteel|Isurus,21
Mihile,top,TCL,15,95,0.653,67.1,57.3,49.8,63.1,42.8,61.8,70.3,8,0.125,21,0.269,1.707,1.91,Misa Esports,22
Callme,mid,TCL,15,95,0.653,61.0,63.1,52.1,62.9,55.5,48.2,70.3,8,0.125,16,0.269,1.707,1.688,Misa Esports,22
ShiauC,sup,PCS,15,122,0.705,64.8,56.1,57.0,72.4,42.6,53.7,70.3,12,0.167,17,0.245,1.71,1.602,Deep Cross Gaming,26
Flauren,top,PCS,15,122,0.705,59.1,59.7,63.6,52.7,49.9,61.1,70.3,12,0.167,23,0.25,1.71,1.936,Deep Cross Gaming,19
DG toraneko,sup,LJL,15,37,0.649,59.6,50.9,48.6,68.5,56.4,49.7,70.3,9,0.0,9,-0.022,1.938,2.137,Deltan Gaming,
Forest,jng,LJL,15,60,0.783,72.9,54.9,45.0,72.1,38.8,53.5,70.2,5,0.0,16,0.337,1.627,1.72,REJECT,24
Bie,sup,VCS,15,47,0.723,70.3,63.2,63.5,68.3,78.4,60.8,70.0,4,0.25,17,0.642,1.347,0.783,Hyper Vortex Esports|Saigon Dino,26
Woolite,bot,RL,3,102,0.637,63.8,60.5,67.9,78.5,47.5,59.2,70.0,9,0.444,18,0.385,1.553,1.743,Zero Tenacity,29
Rhilech,jng,LFL,2,61,0.639,62.3,59.6,69.2,46.7,47.9,59.3,70.0,5,0.4,17,0.424,1.514,1.121,BK ROG Esports,20
Solbon,mid,LAS,3,110,0.664,47.8,52.6,65.7,60.8,70.2,51.4,70.0,18,0.333,17,-0.044,1.907,2.532,Gen.G Scholars|T1 Esports Academy Rookies,19
Tracyn,top,LVP SL,2,125,0.616,70.3,56.7,55.9,49.2,49.7,58.1,69.9,9,0.111,20,0.389,1.523,1.157,Team Heretics Academy,20
Manaty,jng,HLL,3,94,0.691,63.5,58.0,67.6,64.6,44.6,61.7,69.9,15,0.333,21,0.413,1.507,1.437,Team Phantasma,23
Yukino,jng,LFL,2,96,0.667,66.8,53.1,53.3,49.4,57.0,52.0,69.9,11,0.182,16,0.235,1.658,1.495,Karmine Corp Blue,19
Jool,mid,TCL,15,79,0.646,52.0,58.3,44.2,73.2,51.3,63.1,69.9,6,0.0,22,-0.058,1.904,2.276,BoostGate Esports|LOUD,24
Ferret,jng,LVP SL,2,87,0.69,47.6,62.1,65.8,70.7,46.1,44.0,69.9,10,0.4,14,0.051,1.811,1.873,GIANTX iTero,24
Lospa,sup,LVP SL,2,87,0.69,52.9,55.2,62.7,63.0,62.3,53.9,69.9,10,0.4,16,0.045,1.811,1.944,GIANTX iTero,23
Peppe,mid,HLL,3,89,0.685,62.8,63.6,65.3,67.5,55.6,57.5,69.7,15,0.333,20,0.438,1.45,1.383,Team Phantasma,23
Batuuu,sup,TCL,15,95,0.653,60.0,55.7,54.5,46.9,49.9,53.6,69.7,8,0.125,15,0.135,1.707,1.719,Misa Esports,20
Aomine,bot,VCS,15,43,0.767,64.7,60.2,51.0,71.8,65.5,54.4,69.6,2,0.0,11,0.282,1.573,1.712,Hyper Vortex Esports|Saigon Dino,24
Twight,jng,RL,3,104,0.644,56.2,55.0,67.4,55.1,40.5,56.9,69.6,9,0.444,22,0.117,1.706,2.055,Zero Tenacity,19
SkewMond,jng,LEC,1,113,0.593,68.9,61.4,54.6,46.0,51.6,52.2,69.4,11,0.091,19,0.45,1.392,0.716,G2 Esports,21
Daglas,jng,LVP SL,2,125,0.616,66.8,57.9,53.8,47.9,42.2,61.8,69.4,9,0.111,22,0.286,1.523,1.285,Team Heretics Academy,20
zynts,top,CD,2,47,0.723,63.9,60.2,66.1,48.6,55.3,50.8,69.4,4,0.5,13,0.381,1.445,1.082,RED Academy,19
adi1,jng,HM,3,82,0.683,69.4,52.2,59.8,65.4,45.6,67.1,69.4,4,0.25,27,0.312,1.501,1.554,Nightbirds,23
Aether,sup,LAS,3,56,0.75,61.1,57.6,64.5,78.1,47.7,60.9,69.4,8,0.375,15,0.267,1.539,1.739,T1 Esports Academy Rookies,28
bobista,top,HM,3,82,0.683,66.0,56.9,59.9,68.1,45.2,62.0,69.3,4,0.25,23,0.297,1.501,1.483,Nightbirds,23
Vincenzo,jng,LCKC,2,150,0.62,60.3,62.3,60.6,53.0,61.3,60.9,69.3,12,0.25,23,0.271,1.523,1.302,Kiwoom DRX|T1 Esports Academy,21
Kinatu,top,LJL,15,60,0.783,67.9,52.3,47.8,63.3,48.5,47.4,69.3,5,0.0,13,0.157,1.627,1.947,REJECT,22
Kaiser,sup,LVP SL,2,121,0.628,60.5,53.1,53.0,74.8,49.5,54.3,69.3,8,0.125,16,0.027,1.732,1.876,Team Heretics Academy,27
Axelent,bot,HLL,3,109,0.67,59.8,57.3,65.1,59.0,42.5,53.8,69.2,15,0.267,17,0.213,1.564,1.993,Partizan Sangal|Team Phantasma,21
Driver,top,LCP,15,65,0.723,54.9,56.6,68.2,68.5,57.0,48.7,69.2,5,0.2,13,0.092,1.657,2.061,CTBC Flying Oyster,23
Serin,mid,LFL,2,86,0.616,66.3,56.7,49.2,62.4,54.3,62.3,69.1,7,0.0,19,0.275,1.491,1.289,Galions,23
Raina,sup,LJL,15,60,0.783,59.3,58.7,50.5,77.1,35.4,45.6,69.0,5,0.0,12,0.082,1.627,1.689,REJECT,28
Hwichan,mid,LAS,3,69,0.696,65.9,58.7,47.9,54.6,45.9,51.8,68.8,4,0.0,15,0.224,1.491,1.696,KT Rolster|T1 Esports Academy Rookies,19
Xerxe,jng,LFL,2,86,0.616,64.5,57.8,48.7,74.3,51.1,58.6,68.8,7,0.0,17,0.21,1.491,1.335,Galions,26
Eckas,jng,LVP SL,2,59,0.661,67.5,60.4,57.5,63.7,78.2,54.2,68.7,5,0.2,15,0.516,1.223,0.691,Geekay Esports|Movistar KOI Fénix,24
xKenzuke,mid,LFL2,2,76,0.684,67.6,59.8,49.1,72.2,36.8,58.1,68.7,5,0.0,20,0.289,1.414,1.185,Esprit Shōnen,26
Cloud,sup,LCKC,2,148,0.615,61.0,62.2,61.1,56.6,73.0,54.1,68.7,12,0.25,19,0.359,1.357,1.074,T1 Esports Academy,23
Sparda,top,VCS,15,47,0.723,68.0,55.1,57.0,64.4,55.5,63.5,68.6,4,0.25,18,0.348,1.347,1.388,Hyper Vortex Esports|Saigon Dino,23
PerfecT,top,LCK,1,128,0.562,48.1,54.1,59.7,51.9,49.4,47.9,68.6,19,0.105,18,-0.123,1.744,1.342,KT Rolster|KT Rolster Challengers,21
Peyz,bot,LPL,1,169,0.544,68.3,65.2,75.2,38.8,42.8,63.4,68.5,5,0.6,22,0.69,1.053,0.118,JD Gaming|T1,20
Aetinoth,bot,LVP SL,2,79,0.684,61.0,53.2,64.4,50.6,51.6,57.1,68.5,9,0.444,18,0.173,1.476,1.42,GIANTX iTero,20
Zeyzal,sup,NACL,2,71,0.704,60.1,53.6,45.9,71.6,67.7,57.7,68.5,6,0.0,17,0.06,1.569,1.653,Luminosity Gaming|Shopify Rebellion,26
Canna,top,LEC,1,106,0.594,66.0,58.3,68.3,63.8,65.7,55.8,68.4,14,0.357,21,0.468,1.22,0.457,Karmine Corp,25
Thanatos,top,LTA N,1,75,0.64,65.7,56.8,60.4,47.1,43.5,55.1,68.4,10,0.2,16,0.315,1.349,0.681,Cloud9,21
Haetae,top,LCKC,2,148,0.615,62.6,57.3,60.0,48.6,60.9,57.1,68.4,12,0.25,21,0.297,1.357,1.078,T1 Esports Academy,19
Samver,bot,LJL,15,64,0.75,69.3,52.0,48.3,71.2,40.8,60.5,68.3,7,0.0,18,0.221,1.401,1.581,REJECT|Saigon Dino,24
ManoloGap,top,CT,3,38,0.789,57.7,54.7,60.2,69.4,40.1,59.5,68.1,5,0.4,14,0.081,1.487,1.715,Nocturne Gale|Oxygen Gaming,23
Janus,top,LAS,3,75,0.68,67.2,62.9,44.8,75.7,55.1,50.9,68.0,4,0.0,15,0.35,1.252,1.138,T1 Esports Academy Rookies,26
Blaber,jng,LTA N,1,75,0.64,64.2,54.2,57.2,68.8,45.5,60.5,68.0,10,0.2,18,0.241,1.349,0.865,Cloud9,25
Vasco,mid,RL,3,99,0.636,61.9,54.8,67.9,58.4,40.7,45.2,68.0,9,0.444,14,0.25,1.345,1.484,Zero Tenacity,21
zamulek,bot,RL,3,99,0.596,64.1,62.3,60.1,53.7,46.6,57.7,67.9,14,0.143,19,0.379,1.222,1.301,Kiedyś Miałem Fun|StormMedia Fajnie Mieć Skład,21
Juhan,jng,LCKC,2,155,0.574,58.2,57.8,60.5,67.7,43.1,53.5,67.8,18,0.278,22,0.135,1.401,1.318,Kiwoom DRX Challengers|Oh My God,24
Mafro,jng,LFL2,2,44,0.682,59.2,47.2,60.6,64.4,49.4,59.4,67.8,5,0.4,15,0.058,1.465,1.477,IziDream|Macko Esports,
Potent,top,LFL2,2,79,0.684,62.9,51.4,47.4,65.7,43.2,54.3,67.7,5,0.0,19,0.001,1.502,1.55,Esprit Shōnen|Gentle Mates,23
STANIK,mid,HM,3,82,0.683,52.1,58.0,63.6,66.7,44.0,53.9,67.7,4,0.25,19,0.004,1.501,1.976,Nightbirds,
HongSuo,mid,PCS,15,107,0.692,64.8,59.4,62.2,57.8,59.6,59.9,67.6,11,0.182,21,0.376,1.18,0.977,Deep Cross Gaming,22
UNF0RGIVEN,bot,LVP SL,2,59,0.661,70.1,50.1,56.5,70.3,62.8,61.4,67.6,5,0.2,17,0.317,1.223,0.964,Geekay Esports|Movistar KOI Fénix,25
Jankos,jng,NLC,2,54,0.611,61.7,54.4,47.7,78.2,54.0,62.1,67.6,5,0.0,18,0.054,1.437,1.449,NORD Esports|Ruddy Corporation,30
B Butcher,sup,AL,3,99,0.616,52.9,56.5,46.4,73.4,71.8,50.2,67.6,11,0.0,15,-0.038,1.515,2.109,Anubis Gaming|Fog Esports|Geekay Esports,25
Vulcan,sup,LTA N,1,75,0.64,59.1,55.3,59.5,69.8,44.4,57.0,67.5,10,0.2,15,0.155,1.349,0.79,Cloud9,26
Avra,bot,LFL2,2,50,0.7,72.3,53.7,54.8,54.4,51.8,66.1,67.4,5,0.0,19,0.483,1.06,0.586,Esprit Shōnen|FlameHard,22
Ripple,top,LAS,3,74,0.635,62.9,61.2,60.7,50.0,64.7,51.9,67.4,15,0.2,13,0.357,1.165,1.031,KT Rolster Academy,19
naau,jng,CT,3,51,0.706,64.6,55.2,66.2,63.2,40.6,51.3,67.4,4,0.5,14,0.287,1.216,1.229,Nocturne Gale|Ramboot Club,
Recap,mid,LJL,15,63,0.746,57.1,58.7,46.9,78.6,41.4,50.8,67.4,8,0.0,16,-0.012,1.459,1.725,Japan (National Team)|REJECT,28
Peto,sup,HM,3,82,0.683,52.6,55.0,62.0,70.3,47.9,55.0,67.4,4,0.25,17,-0.048,1.501,2.104,Nightbirds,
REAVER,sup,HLL,3,94,0.691,47.7,52.9,66.0,66.6,52.8,48.5,67.4,15,0.333,14,-0.054,1.507,2.12,Team Phantasma,23
FenRir,bot,LAS,3,78,0.615,67.7,60.3,59.0,47.3,68.4,59.3,67.3,17,0.176,19,0.419,1.104,1.085,KT Rolster|KT Rolster Academy,19
Lucky,sup,PRM,3,59,0.61,60.6,61.4,55.4,73.1,42.6,68.7,67.3,14,0.071,21,0.244,1.241,1.377,CGN Esports|Dung Dynasty|Fantastic Esports,26
CRoNiiK,jng,LFL2,2,76,0.684,60.6,51.8,47.8,64.3,44.6,51.3,67.3,5,0.0,16,0.026,1.414,1.455,Esprit Shōnen,
Zoelys,sup,LFL,2,86,0.616,56.6,54.8,45.8,56.9,46.5,50.0,67.3,7,0.0,15,-0.059,1.491,1.7,Galions,22
Rabelo,bot,CD,2,63,0.667,51.0,59.4,68.2,55.7,43.0,49.0,67.2,8,0.25,14,0.066,1.37,1.421,RED Academy|RED Canids,21
Frog,top,LCKC,2,141,0.582,48.4,59.5,66.6,51.6,49.9,60.5,67.2,15,0.267,22,-0.005,1.436,1.486,Kiwoom DRX Challengers,20
Agurin,jng,PRM,3,57,0.632,70.3,57.5,50.2,77.0,68.6,49.0,67.1,11,0.091,14,0.359,1.118,1.017,CGN Esports|Dung Dynasty,30
Guti,bot,LCKC,2,27,0.556,53.0,53.9,58.2,57.3,57.1,59.4,67.0,3,0.333,11,-0.055,1.442,1.642,T1 Esports Academy,21
GALA,bot,LPL,1,157,0.586,59.9,56.4,43.4,63.4,48.3,55.0,66.9,0,0.0,19,0.03,1.364,0.963,Invictus Gaming|JD Gaming,24
BrokenBlade,top,LEC,1,113,0.593,53.7,55.9,53.2,67.1,53.7,70.7,66.9,11,0.091,29,-0.007,1.392,0.97,G2 Esports,25
Caps,mid,LEC,1,113,0.593,62.1,46.8,53.5,72.8,45.9,69.2,66.9,11,0.091,25,-0.001,1.392,1.065,G2 Esports,26
DM history,bot,LJL,15,40,0.725,68.2,50.2,49.8,66.4,46.3,61.1,66.8,4,0.0,15,0.153,1.244,1.476,Dream in 24,
Shanks,jng,AL,3,55,0.436,45.3,55.2,54.2,73.1,50.0,55.6,66.8,14,0.071,15,-0.263,1.579,2.371,Fox Gaming,24
Caliste,bot,LEC,1,106,0.594,55.7,57.5,66.8,41.9,63.5,63.0,66.8,14,0.357,21,0.175,1.22,0.711,Karmine Corp,19
Vespa,bot,HM,3,98,0.633,58.4,53.0,54.2,67.6,39.4,60.1,66.7,20,0.1,18,0.019,1.343,1.955,eSuba,23
CARFE,bot,LAS,3,59,0.61,70.6,61.2,47.8,45.5,70.3,63.7,66.6,8,0.125,17,0.469,0.96,0.822,DN SOOPers Academy,20
frajgo,top,RL,3,98,0.592,64.5,58.7,52.4,61.4,40.5,65.0,66.6,14,0.143,27,0.237,1.151,1.151,Kiedyś Miałem Fun|StormMedia Fajnie Mieć Skład,
Lucid,jng,LCK,1,162,0.568,63.5,58.9,49.0,40.9,48.8,58.7,66.6,16,0.062,22,0.264,1.13,0.649,Dplus Kia,20
Hang,sup,LPL,1,113,0.593,61.5,60.7,47.0,51.4,53.7,50.5,66.6,0,0.0,14,0.15,1.214,0.685,Top Esports|Weibo Gaming,22
Trigger,bot,LCKC,2,78,0.667,63.6,57.4,49.4,71.0,48.9,49.4,66.6,8,0.125,14,0.177,1.201,1.099,Geekay Esports|Nongshim Esports Academy|Nongshim RedForce,25
Pesho,mid,EBL,3,81,0.679,67.9,51.2,53.8,62.2,64.1,46.2,66.6,15,0.2,16,0.226,1.158,1.286,Crvena zvezda Esports|Senshi eSports,
DARKWINGS,mid,NACL,2,63,0.587,63.7,59.6,62.5,66.4,39.5,63.2,66.5,6,0.333,22,0.344,1.051,0.704,Conviction|Disguised,25
FLOW,sup,LAS,3,74,0.635,59.4,58.5,60.6,46.3,55.6,59.0,66.5,15,0.2,16,0.204,1.165,1.33,KT Rolster Academy,19
sajed,bot,NACL,2,45,0.667,60.0,55.0,46.3,55.1,46.1,60.0,66.5,4,0.0,15,0.047,1.289,1.35,DarkZero Dragonsteel,21
Mikyx,sup,LEC,1,85,0.6,63.7,58.5,63.1,71.3,42.8,63.8,66.4,14,0.286,20,0.294,1.068,0.451,Fnatic,27
Whistle,mid,EBL,3,73,0.644,65.6,56.4,56.9,61.2,43.9,56.5,66.4,9,0.222,18,0.269,1.09,1.15,Ground Zero Gaming|Partizan Sangal,22
Wei,jng,LPL,1,112,0.607,65.0,56.4,43.3,58.1,50.4,61.0,66.3,0,0.0,20,0.138,1.183,0.808,Bilibili Gaming|Invictus Gaming,23
Rybson,jng,RL,3,99,0.596,58.3,56.0,54.5,72.0,47.7,70.2,66.3,14,0.143,28,0.097,1.222,1.475,Kiedyś Miałem Fun|StormMedia Fajnie Mieć Skład,25
SAJATOR,mid,LVP SL,2,65,0.662,53.6,54.1,58.2,54.7,58.1,60.1,66.3,4,0.25,18,-0.028,1.328,1.451,Team Heretics Academy,21
Zven,bot,LTA N,1,75,0.64,53.9,50.7,55.5,76.7,40.5,58.4,66.3,10,0.2,17,-0.066,1.349,1.034,Cloud9,28
xyno,top,CD,2,56,0.661,64.2,67.1,48.6,45.3,60.8,55.8,66.2,6,0.0,15,0.367,0.986,0.605,Vivo Keyd Stars Academy,18
choego,bot,ROL,3,77,0.649,62.2,58.1,56.9,76.3,53.5,48.9,66.2,9,0.222,13,0.213,1.116,1.383,Senshi eSports|mCon esports,27
Patch,sup,TCL,15,87,0.632,51.1,58.1,44.2,65.5,56.2,51.7,66.2,6,0.0,16,-0.112,1.382,1.634,Beşiktaş Esports|BoostGate Esports,24
Savero,jng,HM,3,97,0.639,50.8,52.6,51.9,59.8,57.5,57.2,66.2,20,0.1,19,-0.16,1.415,2.038,eSuba,21
Labrov,sup,LEC,1,113,0.593,55.3,47.7,52.8,59.0,47.2,49.3,66.2,11,0.091,15,-0.123,1.392,1.049,G2 Esports,23
Upset,bot,LEC,1,85,0.6,60.5,61.8,63.7,69.2,45.2,59.9,66.1,14,0.286,19,0.249,1.068,0.515,Fnatic,26
Targamas,sup,LEC,1,106,0.594,49.8,58.7,66.9,65.9,69.0,70.1,66.1,14,0.357,25,0.058,1.22,0.764,Karmine Corp,25
Eclipse,bot,LAS,3,133,0.579,56.6,62.7,59.7,71.5,63.0,54.2,66.0,34,0.294,16,0.194,1.099,1.384,Hanwha Life Esports Academy,25
Gakgos,top,LFL2,2,36,0.694,59.5,55.8,63.7,47.2,39.5,60.6,66.0,6,0.5,14,0.208,1.084,0.88,FlyQuest|Project Conquerors,17
TheShy,top,LPL,1,144,0.583,68.6,45.5,41.1,69.4,54.9,66.7,66.0,0,0.0,25,0.08,1.2,0.749,Invictus Gaming,26
minemaciek,sup,RL,3,99,0.596,55.8,57.5,50.9,53.2,54.9,62.9,66.0,14,0.143,23,0.051,1.222,1.606,Kiedyś Miałem Fun|StormMedia Fajnie Mieć Skład,21
Vladi,mid,LEC,1,106,0.594,53.4,51.5,69.4,47.4,73.2,50.3,66.0,14,0.357,17,0.048,1.22,0.892,Karmine Corp,20
Shunn,bot,PCS,15,100,0.62,68.4,57.4,45.2,63.9,57.1,61.2,65.9,14,0.0,21,0.272,1.028,1.078,Frank Esports,23
Jactroll,sup,RL,3,91,0.626,67.7,48.2,69.7,73.9,48.3,49.9,65.9,8,0.5,15,0.337,0.971,0.9,Zero Tenacity,27
MISSING,sup,LPL,1,101,0.604,56.6,44.5,48.1,64.0,46.1,62.4,65.9,0,0.0,19,-0.192,1.401,1.112,JD Gaming|LNG Esports,24
DICE,mid,LJL,15,64,0.641,73.1,61.4,48.0,53.4,41.8,66.5,65.8,6,0.0,21,0.519,0.815,0.408,QT DIG∞,22
EL,jng,LJL,15,25,0.84,63.9,55.1,45.5,66.8,47.9,61.7,65.8,2,0.0,15,0.108,1.147,1.407,QT DIG∞,23
Loki,mid,LTA N,1,66,0.636,60.4,54.6,54.7,46.5,51.6,57.4,65.8,6,0.167,16,0.135,1.123,0.748,Cloud9,20
Dragonblood,jng,LJL,15,29,0.724,60.0,49.5,55.2,64.2,42.8,57.6,65.8,2,0.0,12,-0.018,1.244,1.685,Dream in 24,
sarolu,jng,CD,2,56,0.661,66.1,62.1,46.0,43.9,59.8,66.6,65.7,6,0.0,20,0.283,0.986,0.686,Vivo Keyd Stars Academy,20
Samkz,jng,HC,3,26,0.654,69.9,55.8,68.9,52.4,45.4,61.1,65.7,1,0.0,13,0.518,0.791,0.41,CITA Kaizen,22
Anonymouss,jng,LPLOL,3,49,0.694,70.7,50.8,60.1,64.4,34.8,61.5,65.7,4,0.25,20,0.362,0.923,0.77,FlameHard|The Secret Club,24
ShowMaker,mid,LCK,1,163,0.571,56.5,59.1,49.0,68.9,63.4,72.1,65.7,16,0.062,36,0.048,1.187,0.866,Dplus Kia,25
Cid,mid,LAS,3,74,0.635,52.3,61.4,56.9,63.6,63.6,47.3,65.7,15,0.2,13,0.069,1.165,1.486,KT Rolster Academy,22
Ragner,top,LFL,2,86,0.616,43.2,57.5,47.1,73.9,48.9,61.7,65.7,7,0.0,21,-0.332,1.491,1.895,Galions,25
Szygenda,top,LFL,2,90,0.567,64.8,59.2,60.4,63.4,53.1,53.1,65.6,9,0.222,17,0.346,0.931,0.569,BK ROG Esports,24
ONLY,bot,HC,3,81,0.642,64.9,52.6,66.9,77.1,46.1,60.9,65.6,17,0.353,18,0.313,0.952,1.023,KIA.eSuba Academy,29
Soft,jng,LAS,3,74,0.635,52.7,60.8,56.5,50.5,72.1,43.4,65.6,15,0.2,11,0.057,1.165,1.453,KT Rolster Academy,17
Tomrio,jng,VCS,15,41,0.732,51.1,56.3,58.7,63.8,70.8,52.4,65.6,4,0.25,12,-0.009,1.21,1.632,Hyper Vortex Esports|Saigon Dino,22
Hans Sama,bot,LEC,1,113,0.593,47.6,52.1,52.1,72.6,46.9,55.6,65.6,11,0.091,17,-0.232,1.392,1.215,G2 Esports,26
Razork,jng,LEC,1,85,0.6,58.6,55.9,65.3,67.8,36.6,49.6,65.5,14,0.286,17,0.149,1.068,0.696,Fnatic,25
Abyss,sup,LAS,3,67,0.657,75.7,54.6,47.9,39.9,56.9,64.8,65.3,7,0.0,19,0.562,0.714,0.266,Ankora Gaming|Connect Arena Esports|T1 Esports Academy Rookies,20
Kaze,mid,LTA S,15,69,0.652,62.7,52.1,73.8,45.7,69.3,65.6,65.3,9,0.333,22,0.382,0.857,0.608,Farenvehn|Gwenchana|RED Academy|RED Canids|WAP Esports|inf,19
shibi,jng,ROL,3,75,0.64,55.4,58.0,61.8,62.7,62.8,56.1,65.3,18,0.333,20,0.166,1.037,1.157,ZennIT,23
Marty,mid,EM,2,90,0.578,60.5,56.3,64.1,44.8,40.2,56.3,65.2,23,0.348,19,0.26,0.936,0.668,Veni Vidi Vici|ZennIT,19
Meiko,sup,LPL,1,144,0.583,54.1,59.5,44.1,73.1,49.1,50.2,65.2,0,0.0,19,-0.058,1.2,0.842,Invictus Gaming,27
scamber,sup,CD,2,58,0.672,50.7,59.4,50.9,66.3,67.8,58.8,65.2,6,0.0,14,-0.009,1.162,1.27,Vivo Keyd Stars|Vivo Keyd Stars Academy,25
bluerzor,jng,LVP SL,2,48,0.583,51.9,55.1,62.6,74.0,63.2,48.3,65.2,12,0.333,11,-0.036,1.186,1.269,Ramboot Club|UCAM Esports,26
Yike,jng,LEC,1,106,0.594,49.6,47.3,65.7,69.7,55.1,55.0,65.2,14,0.357,18,-0.082,1.22,1.038,Karmine Corp,25
Spica,jng,NACL,2,38,0.632,69.7,62.9,62.8,59.7,39.6,64.3,65.1,4,0.25,17,0.521,0.721,0.122,Near Airport,24
STEPZ,jng,LRN,3,29,0.655,68.1,62.0,54.9,43.9,35.8,58.1,65.1,6,0.167,14,0.445,0.784,0.492,inf,19
J3rkie,sup,ROL,3,75,0.64,58.3,52.2,61.3,55.8,53.9,59.2,65.1,18,0.333,19,0.128,1.037,1.261,ZennIT,22
Zyko,sup,NACL,2,45,0.667,52.6,50.1,49.4,68.3,37.7,60.9,65.1,4,0.0,14,-0.177,1.289,1.604,DarkZero Dragonsteel,25
Midnight,mid,CT,3,56,0.661,58.2,56.3,59.4,62.5,37.6,54.0,65.0,6,0.333,15,0.089,1.062,1.336,Fractious eSports|Nocturne Gale|Ramboot Club,
Rookie,mid,LPL,1,144,0.583,52.2,61.2,42.4,69.5,55.8,55.1,65.0,0,0.0,21,-0.083,1.2,0.979,Invictus Gaming,25
Vetheo,mid,LFL,2,84,0.56,60.8,63.9,55.0,56.8,48.0,69.6,64.9,6,0.167,25,0.308,0.868,0.534,Vitality.Bee,23
Curse,jng,LTA S,15,67,0.627,54.0,59.1,64.9,50.7,55.9,59.4,64.9,8,0.25,17,0.12,1.021,1.235,RED Academy|RED Canids,20
Hailstone,sup,LAS,3,133,0.579,52.3,55.5,59.2,47.4,58.8,54.7,64.9,34,0.294,17,0.018,1.099,1.488,Hanwha Life Esports Academy,18
Aiming,bot,LCK,1,146,0.568,60.9,65.0,50.3,64.1,53.9,59.8,64.8,13,0.077,20,0.242,0.901,0.375,Dplus Kia,25
Charley,sup,LJL,15,36,0.722,66.2,53.0,48.7,60.8,40.0,66.2,64.8,3,0.0,17,0.128,0.993,0.956,Dream in 24,24
Quantum,sup,LCKC,2,127,0.543,63.5,60.7,62.6,44.4,47.0,57.9,64.7,18,0.333,19,0.302,0.846,0.559,DN SOOPers|DN SOOPers Challengers,21
Parukia,sup,LPL,1,52,0.635,60.1,47.7,63.6,42.5,40.2,44.1,64.7,3,0.333,12,0.025,1.073,0.673,EDG Youth Team|EDward Gaming,19
Siwoo,top,LCK,1,163,0.571,56.0,50.3,50.2,44.3,42.5,54.0,64.7,16,0.062,20,-0.12,1.187,0.897,Dplus Kia,18
Secrett,mid,RL,3,100,0.57,62.7,58.5,51.4,49.1,55.5,49.1,64.6,21,0.143,19,0.227,0.894,0.961,Anubis Gaming|Forsaken,20
MDB,top,HC,3,28,0.679,59.9,53.7,61.0,70.0,51.1,51.4,64.6,2,0.0,9,0.102,0.999,1.132,CITA Kaizen,24
Jopa,bot,LFL,2,84,0.56,62.9,57.9,57.8,54.8,52.3,55.9,64.5,6,0.167,18,0.247,0.868,0.636,Vitality.Bee,22
Pleata,sup,LCKC,2,139,0.547,65.4,60.0,61.3,47.1,55.0,54.8,64.4,19,0.211,19,0.365,0.749,0.377,Kiwoom DRX|Kiwoom DRX Challengers,22
BeryL,sup,LCK,1,146,0.568,69.2,46.5,49.4,73.9,61.0,71.6,64.4,13,0.077,26,0.189,0.901,0.402,Dplus Kia,28
Marco,sup,HC,3,81,0.642,60.9,52.0,62.3,64.8,53.2,69.3,64.4,17,0.353,24,0.117,0.952,1.164,KIA.eSuba Academy,
1116,mid,PCS,15,74,0.608,69.8,53.5,61.5,58.9,46.3,63.0,64.3,13,0.154,23,0.368,0.743,0.496,Ground Zero Gaming|West Point Esports,23
Casting,top,LCKC,2,135,0.622,59.5,61.9,61.0,54.1,55.1,56.9,64.3,20,0.2,19,0.255,0.836,0.565,HANJIN BRION|KT Rolster|KT Rolster Challengers,22
Spirax,mid,NACL,2,26,0.692,59.1,54.4,48.5,60.8,35.8,60.0,64.3,2,0.0,13,0.007,1.036,1.075,DarkZero Dragonsteel,
YSKM,top,PCS,15,100,0.62,63.2,49.3,45.2,54.1,51.5,57.9,64.3,14,0.0,21,0.018,1.028,1.401,Frank Esports,21
Kitten,sup,LAS,3,59,0.61,59.8,57.9,48.5,65.1,67.9,57.5,64.2,8,0.125,14,0.089,0.96,1.211,DN SOOPers Academy,
Chan,top,EBL,3,70,0.629,62.8,62.8,51.4,58.5,48.6,51.3,64.1,8,0.125,13,0.241,0.817,0.764,Partizan Sangal,22
Qats,mid,CD,2,56,0.661,51.9,59.8,53.3,55.6,63.5,54.7,64.1,6,0.0,15,0.044,0.986,0.975,Vivo Keyd Stars Academy,22
TF Blade,top,NACL,2,64,0.594,49.1,52.1,55.7,74.2,53.2,55.0,64.1,6,0.167,18,-0.169,1.157,1.363,Conviction|Near Airport,26
Pretender,mid,PCS,15,100,0.62,57.7,54.0,45.6,68.3,51.0,58.8,64.0,14,0.0,21,-0.03,1.028,1.262,Frank Esports,24
Quid,mid,LTA N,1,77,0.545,68.0,65.5,48.3,45.8,50.2,57.6,63.9,11,0.091,17,0.504,0.573,0.03,100 Thieves|Team Liquid,21
Panther,top,LAS,3,128,0.57,64.0,60.9,60.8,45.9,69.6,46.7,63.9,33,0.273,16,0.376,0.681,0.454,Hanwha Life Esports Academy,17
Comp,bot,LFL,2,98,0.541,63.5,61.1,55.1,63.3,44.0,56.7,63.9,14,0.143,18,0.289,0.756,0.46,Gentle Mates,24
Devn,bot,EBL,3,81,0.667,49.2,55.5,53.1,66.9,53.7,54.3,63.9,11,0.091,16,-0.137,1.105,1.843,Crvena zvezda Esports|Verdant,
SLT,top,NLC,2,46,0.63,69.2,52.8,55.8,66.5,38.0,58.6,63.8,4,0.0,16,0.295,0.735,0.414,Dragons Esports|Verdant,25
micaO,bot,CD,2,30,0.767,64.6,51.6,54.9,76.8,50.6,64.8,63.7,2,0.0,15,0.159,0.839,0.704,Cusprills|Dopamina E-Sport,29
Roison,mid,RL,3,90,0.622,56.7,53.6,54.3,77.9,49.3,70.6,63.7,17,0.118,27,0.031,0.939,1.256,Back2TheGame|eSuba,27
Worthless,bot,HC,3,28,0.679,56.5,51.5,51.5,65.3,51.5,59.4,63.7,2,0.0,11,-0.046,0.999,1.576,CITA Kaizen,
Mahonix,sup,ROL,3,72,0.625,54.3,52.4,57.3,62.0,54.0,61.0,63.7,12,0.167,22,-0.038,0.997,1.427,GMBLERS Esports|Senshi eSports|mCon esports,23
Way,sup,LCKC,2,124,0.613,66.5,54.9,58.5,60.5,47.3,58.8,63.6,22,0.182,19,0.296,0.717,0.419,KT Rolster|KT Rolster Challengers,25
Cuzz,jng,LCK,1,130,0.508,64.8,68.6,52.6,68.5,51.6,49.7,63.5,23,0.087,21,0.414,0.599,0.041,KT Rolster,26
Afriibi,bot,ROL,3,63,0.587,62.4,58.9,60.4,48.9,54.9,56.4,63.5,16,0.375,18,0.317,0.679,0.646,ZETA|ZennIT,21
Lukyss,mid,HC,3,35,0.714,62.1,51.4,69.9,57.7,64.6,60.1,63.5,7,0.571,15,0.278,0.709,0.673,Diversion Gaming,
Eddie,bot,LCP,15,78,0.551,65.1,63.2,55.0,54.2,50.9,54.0,63.4,10,0.1,16,0.356,0.641,0.52,Team Secret Whales,22
Melonik,top,RL,3,88,0.58,64.6,56.4,60.4,62.1,68.8,67.6,63.4,14,0.214,24,0.297,0.685,0.549,Forsaken,23
Jackal,jng,LAS,3,128,0.57,65.1,55.6,61.7,44.2,54.4,55.3,63.4,33,0.273,18,0.305,0.681,0.538,Hanwha Life Esports Academy,18
Zicssi,jng,LFL,2,98,0.541,61.2,55.5,54.2,57.4,58.3,56.5,63.4,14,0.143,20,0.214,0.756,0.505,Gentle Mates,23
Phantasm,mid,PRM,3,55,0.618,57.7,54.2,50.9,56.8,56.8,53.8,63.4,13,0.077,14,0.003,0.927,1.276,CGN Esports|Dung Dynasty,21
Scout,mid,LPL,1,164,0.53,52.9,56.1,62.1,73.7,38.4,65.4,63.4,4,0.25,25,0.024,0.913,0.671,JD Gaming|Nongshim RedForce,27
welcom,top,HM,3,85,0.588,60.1,53.1,49.9,65.3,63.1,55.5,63.3,19,0.105,17,0.062,0.865,1.024,Tan'i eSports CZ|eSuba,23
Humanoid,mid,LEC,1,57,0.632,66.0,45.2,69.8,66.1,35.9,55.4,63.3,8,0.375,16,0.202,0.75,0.404,Fnatic,25
OMON,mid,LFL,2,90,0.567,54.0,52.9,61.8,55.7,43.1,58.5,63.3,9,0.222,21,-0.019,0.931,0.984,BK ROG Esports,22
TitaN,bot,LTA S,15,62,0.532,63.2,64.0,75.7,66.8,54.5,57.5,63.2,7,0.286,16,0.576,0.439,0.021,paiN Gaming,25
Doss,sup,LFL,2,90,0.567,49.7,50.8,65.3,68.4,58.2,60.5,63.2,9,0.222,16,-0.029,0.931,1.03,BK ROG Esports,26
Myrwn,top,LEC,1,109,0.532,61.8,55.6,60.6,49.0,39.7,62.4,63.1,11,0.273,28,0.167,0.758,0.329,Movistar KOI,22
Nio,sup,LPLOL,3,49,0.694,59.3,46.6,59.3,69.7,44.6,54.7,63.1,4,0.25,13,-0.03,0.923,1.319,FlameHard|The Secret Club,25
Leon,sup,LFL2,2,59,0.678,52.1,53.4,54.1,72.1,43.8,50.0,63.1,4,0.0,13,-0.112,0.983,1.184,Esprit Shōnen,27
Oscarinin,top,LEC,1,85,0.6,49.7,46.5,64.4,53.1,39.7,62.8,63.1,14,0.286,21,-0.219,1.068,0.881,Fnatic,22
Thayger,jng,LVP SL,2,95,0.537,60.8,57.1,59.0,57.5,47.1,56.0,63.0,23,0.174,18,0.185,0.731,0.511,Barça eSports|Natus Vincere,23
Czekolad,mid,LVP SL,2,116,0.534,59.1,51.1,61.8,67.0,41.9,45.9,63.0,25,0.24,18,0.047,0.838,0.8,Barça eSports,25
Elyoya,jng,LEC,1,109,0.532,53.5,62.7,63.1,66.2,46.9,57.1,62.9,11,0.273,19,0.139,0.758,0.428,Movistar KOI,25
Vizicsacsi,top,NLC,2,60,0.6,60.7,55.3,45.9,76.4,41.8,63.9,62.9,8,0.0,18,0.039,0.844,0.805,NORD Esports,32
Peach,jng,TCL,15,36,0.611,57.2,57.9,72.0,70.0,44.8,53.0,62.9,5,0.4,11,0.264,0.649,0.592,Bushido Wildcats,25
Killer2,jng,PCS,15,38,0.684,56.3,52.4,51.5,61.5,54.9,46.1,62.9,5,0.0,8,-0.043,0.902,1.29,West Point Esports|wangting,
Toasty,mid,NACL,2,27,0.593,64.2,59.3,48.6,42.4,76.9,59.5,62.7,2,0.0,12,0.276,0.618,0.284,DarkZero Dragonsteel,19
FoFo,mid,LCP,15,69,0.551,56.3,63.8,64.6,71.0,45.1,58.7,62.7,16,0.312,18,0.252,0.635,0.505,PSG Talon|ZSM,26
Nevid,top,LAS,3,144,0.556,66.7,52.3,50.4,47.3,58.9,51.3,62.7,33,0.121,18,0.199,0.68,0.655,Dplus Kia Academy|Dplus Kia Challengers,17
Solid,jng,LAS,3,167,0.557,54.1,59.5,55.1,47.0,56.7,51.8,62.7,38,0.132,21,0.074,0.787,0.96,Dplus Kia Academy|Estral Esports,16
Caucha,top,LPLOL,3,50,0.72,56.7,51.2,68.2,68.6,67.2,57.3,62.7,3,0.333,15,0.105,0.766,0.862,FlameHard,24
Beichuan,jng,LPL,1,128,0.531,54.0,48.5,51.1,63.9,54.2,54.9,62.7,2,0.0,19,-0.134,0.961,0.853,Bilibili Gaming|ThunderTalk Gaming,24
Whip,top,ROL,3,75,0.64,44.4,51.3,59.7,72.1,59.0,65.3,62.7,18,0.333,23,-0.24,1.037,1.567,ZennIT,24
Career,sup,LCKC,2,171,0.52,62.4,65.9,55.7,41.4,48.1,69.1,62.6,21,0.095,25,0.4,0.513,0.069,BNK FEARX Youth|Dplus Kia,21
Cracker,mid,LAS,3,128,0.57,56.9,58.3,60.8,52.8,70.6,45.6,62.6,33,0.273,15,0.188,0.681,0.749,Hanwha Life Esports Academy,21
Marcv1,bot,CT,3,47,0.681,56.7,54.0,51.4,63.9,37.1,49.4,62.6,2,0.0,13,-0.037,0.86,1.374,Nocturne Gale|Ramboot Club,
RapMonsters,mid,LPLOL,3,35,0.514,49.7,54.3,55.6,63.3,44.1,53.6,62.6,9,0.222,12,-0.126,0.933,1.441,GTZ Esports|Odivelas Sports Club,
Shu Hari,sup,LRS,3,47,0.511,60.7,56.9,54.7,61.4,63.7,64.2,62.5,8,0.0,18,0.201,0.662,0.672,Farenvehn|Golden Lions|Malvinas Gaming|Sicar Esports,24
Prever,jng,LAS,3,123,0.553,57.7,56.0,47.9,51.6,54.3,54.1,62.5,18,0.111,22,0.067,0.771,0.949,DN SOOPers Academy,21
Nafkelah,mid,LFL2,2,63,0.587,69.6,56.8,62.1,52.4,41.0,58.1,62.4,3,0.333,17,0.419,0.474,-0.046,Caldya Esport|Team Valiant,23
Max1,sup,HM,3,40,0.7,59.8,58.6,45.3,57.6,41.4,59.8,62.4,6,0.0,13,0.125,0.705,0.828,eSuba,23
Dani,top,NEXO,3,44,0.636,62.0,59.1,49.1,57.8,58.0,65.7,62.3,3,0.0,18,0.17,0.658,0.664,Kawaii Kiwis|LUA Gaming,
Alvaro,sup,LEC,1,109,0.532,50.3,64.4,61.4,49.2,43.3,41.8,62.3,11,0.273,14,0.056,0.758,0.394,Movistar KOI,22
Pobelter,mid,NACL,2,38,0.632,57.2,57.3,58.3,74.7,34.0,54.2,62.2,4,0.25,14,0.077,0.721,0.631,Near Airport,29
Burdol,top,LCKC,2,57,0.596,62.6,66.0,53.2,50.0,61.9,61.6,62.1,7,0.143,18,0.389,0.459,0.017,Isurus Estral|Nongshim Esports Academy,22
Jinbeom,bot,LAS,3,134,0.552,66.2,57.7,49.6,43.4,62.5,54.8,62.1,31,0.097,17,0.293,0.542,0.492,Dplus Kia Academy,18
Aytekn,top,HLL,3,65,0.615,65.0,52.9,53.9,52.5,62.1,56.1,62.1,9,0.111,17,0.16,0.65,0.666,Gamespace Mediterranean College Esports,21
MUDAI,bot,LAS,3,65,0.585,66.9,50.9,67.8,42.8,48.6,49.5,62.1,10,0.3,13,0.329,0.509,0.397,Gen.G Scholars,20
Lurox,jng,LFL,2,84,0.56,47.0,57.5,57.7,73.0,59.3,49.7,62.1,6,0.167,15,-0.117,0.868,1.003,Vitality.Bee,26
Trila,jng,HC,3,81,0.642,46.6,51.5,61.5,51.1,47.1,58.4,62.1,17,0.353,18,-0.215,0.952,1.528,KIA.eSuba Academy,18
Fleshy,sup,LFL,2,52,0.519,68.9,65.9,66.0,54.0,36.5,57.0,62.0,6,0.167,15,0.611,0.267,-0.448,Team Vitality|Vitality.Bee,25
Kaseko,sup,RL,3,69,0.58,57.2,55.1,56.8,73.4,71.8,52.7,62.0,15,0.2,13,0.133,0.659,0.757,Forsaken,27
Reptile,bot,PRM,3,53,0.623,49.2,54.4,51.4,65.8,49.8,65.5,62.0,13,0.077,16,-0.189,0.914,1.655,CGN Esports|Dung Dynasty,
Tore,sup,NLC,2,32,0.656,63.3,57.8,48.4,65.3,32.1,53.8,61.8,3,0.0,10,0.126,0.638,0.522,Verdant,26
Guertas,jng,ROL,3,73,0.616,56.6,59.6,53.3,60.2,66.2,43.0,61.8,6,0.167,11,0.08,0.673,0.809,mCon esports,
RYue,top,PCS,15,79,0.595,63.8,50.4,66.2,53.8,47.2,59.3,61.8,14,0.214,20,0.198,0.585,0.66,Ground Zero Gaming|West Point Esports|wangting,22
Kaylem,top,LIT,3,41,0.561,53.9,59.7,54.6,54.4,41.2,53.4,61.8,6,0.0,12,0.014,0.729,0.924,Axolotl|Lille Esport|White Dragons,21
Howling,top,LFL,2,77,0.532,56.1,54.6,56.1,55.1,51.7,52.7,61.8,9,0.222,15,0.026,0.722,0.688,Ici Japon Corp. Esport,22
Legolas,bot,LVP SL,2,118,0.525,57.3,51.4,66.2,50.0,41.0,55.7,61.8,25,0.24,20,0.05,0.697,0.666,Barça eSports,21
Sertuss,mid,LFL,2,77,0.532,48.8,59.6,62.1,62.4,56.7,45.8,61.8,9,0.222,15,0.026,0.722,0.691,Ici Japon Corp. Esport,24
Adyyy,mid,HC,3,38,0.632,59.5,48.3,65.6,48.3,52.3,64.2,61.8,8,0.5,16,0.091,0.669,0.853,KIA.eSuba Academy|Team Insidious,19
Kellie,sup,NEXO,3,46,0.565,51.8,53.8,55.0,65.8,35.1,65.2,61.8,8,0.125,20,-0.119,0.837,1.323,Oxygen Gaming,
TopLop,sup,LRN,3,44,0.568,60.1,58.2,55.3,68.8,44.1,55.9,61.7,7,0.143,13,0.23,0.541,0.474,Leviatan|inf,26
Prime,sup,LFL,2,77,0.532,49.9,58.9,63.8,72.8,52.5,48.9,61.7,9,0.222,13,0.012,0.722,0.747,Ici Japon Corp. Esport,31
SPOOKY,jng,LFL2,2,63,0.587,66.2,58.5,58.3,68.6,40.4,56.6,61.6,3,0.333,17,0.294,0.474,0.099,Caldya Esport|Team Valiant,26
VirusFx,bot,LRN,3,46,0.587,57.1,63.5,63.2,57.4,62.1,56.4,61.6,15,0.333,15,0.266,0.499,0.47,Icon Esports|SDM Tigres|inf,
naiyou,jng,LPL,1,58,0.586,47.9,67.1,51.5,45.1,45.6,63.9,61.6,1,0.0,17,-0.029,0.746,0.568,LGD Gaming|Ninjas in Pyjamas,21
Jojopyun,mid,LEC,1,109,0.532,57.4,48.4,62.2,49.8,34.8,53.6,61.6,11,0.273,20,-0.054,0.758,0.61,Movistar KOI,21
deokdam,bot,LCK,1,130,0.523,46.6,50.7,59.7,66.9,50.7,53.6,61.5,22,0.091,19,-0.241,0.908,0.802,KT Rolster|KT Rolster Challengers,25
Keii,top,LRN,3,44,0.659,69.1,59.0,46.2,60.2,46.5,53.2,61.4,3,0.0,14,0.298,0.451,0.279,DarkZero Dragonsteel|Zeu5 Esports,23
Norwegian,jng,LJL,15,56,0.589,73.8,51.3,53.2,51.9,54.6,45.4,61.4,12,0.083,12,0.423,0.348,0.019,Yang Yang Gaming,
Saii,mid,LJL,15,33,0.485,68.6,54.8,57.0,74.7,55.3,57.3,61.4,11,0.182,17,0.357,0.399,0.123,Spirit Quartz Gaming,30
Supa,bot,LEC,1,109,0.532,52.0,51.3,63.9,65.2,45.8,59.6,61.4,11,0.273,20,-0.082,0.758,0.534,Movistar KOI,25
Closer,jng,TCL,15,52,0.596,56.6,64.0,61.2,75.0,62.1,57.5,61.3,5,0.2,15,0.255,0.476,0.388,GiantX|Misa Esports,27
Horder,top,NACL,2,58,0.569,58.7,56.4,63.9,57.3,50.4,59.9,61.3,5,0.4,20,0.166,0.548,0.352,Conviction|Supernova,
Hizto,jng,LCP,15,78,0.551,57.1,57.6,53.0,47.9,49.6,57.8,61.3,10,0.1,16,0.054,0.641,0.844,Team Secret Whales,18
Eyla,sup,LTA N,1,74,0.554,52.9,57.9,51.7,67.5,47.4,53.3,61.3,11,0.091,14,0.007,0.68,0.37,100 Thieves,26
River,jng,LTA N,1,74,0.554,59.4,50.3,53.1,70.7,55.2,56.6,61.3,11,0.091,16,0.01,0.68,0.473,100 Thieves,26
FBI,bot,LTA N,1,74,0.554,58.2,46.9,54.2,68.5,54.1,58.9,61.3,11,0.091,16,0.01,0.68,0.385,100 Thieves,26
Erdote,sup,LFL,2,98,0.541,48.6,56.4,54.5,67.6,51.7,52.3,61.3,14,0.143,14,-0.084,0.756,0.894,Gentle Mates,26
Ibai,bot,NEXO,3,35,0.571,68.9,61.1,56.6,74.1,38.9,61.6,61.2,5,0.2,15,0.425,0.327,0.019,Oxygen Gaming|eQuizers,30
Kenal,bot,HLL,3,56,0.5,62.8,59.2,47.3,53.2,48.3,58.6,61.2,7,0.0,16,0.203,0.507,0.567,Austrian Force willhaben|Gamespace Mediterranean College Esports|Zerance,22
Betty,bot,LCP,15,92,0.533,55.3,63.4,70.0,68.9,49.0,58.1,61.2,17,0.294,18,0.279,0.449,0.384,PSG Talon,25
Washidai,top,LJL,15,64,0.641,53.5,54.7,44.5,72.2,36.9,51.3,61.2,6,0.0,14,-0.168,0.815,1.368,QT DIG∞,25
Cinkrof,jng,RL,3,69,0.58,53.3,53.9,60.6,76.6,64.3,58.9,61.2,15,0.2,20,0.014,0.659,0.875,Forsaken,28
whiteinn,sup,LVP SL,2,116,0.534,46.9,52.3,64.8,65.4,39.6,48.9,61.2,25,0.24,15,-0.208,0.838,1.128,Barça eSports,25
Neon,bot,TCL,15,49,0.551,65.5,54.3,46.3,73.6,53.1,53.5,61.1,5,0.0,14,0.154,0.537,0.637,Beşiktaş Esports|Misa Esports,26
Hosanna,sup,LAS,3,65,0.585,59.8,52.2,71.6,41.1,37.5,56.6,61.1,10,0.3,16,0.189,0.509,0.486,Gen.G Scholars,20
Yuhi,bot,LJL,15,67,0.612,60.3,50.4,51.1,74.7,42.4,56.1,61.1,9,0.0,16,0.011,0.647,0.937,Japan (National Team)|QT DIG∞,26
Tsiper,mid,HLL,3,75,0.547,61.8,60.7,48.4,62.6,45.6,55.0,61.0,10,0.0,19,0.144,0.537,0.626,Gamespace Mediterranean College Esports|WLGaming Esports,23
ianshaka,bot,LRS,3,58,0.621,63.4,64.2,69.1,39.3,56.7,58.9,60.9,4,0.25,14,0.508,0.22,-0.24,Farenvehn,20
HiRit,top,CD,2,53,0.491,65.9,59.5,66.8,70.1,54.0,60.3,60.9,7,0.286,17,0.427,0.294,-0.2,KaBuM! Ilha das Lendas,27
Centu,sup,HLL,3,79,0.57,60.4,60.8,51.7,44.9,45.1,54.1,60.9,11,0.091,15,0.193,0.481,0.444,Gamespace Mediterranean College Esports,21
Gru,bot,CD,2,27,0.407,60.0,58.6,48.6,58.3,81.1,61.0,60.9,5,0.0,15,0.111,0.553,0.431,ZGDX Gaming|e-Champ Gaming,23
Fisher,mid,LCKC,2,124,0.524,56.4,57.0,47.4,47.7,55.0,63.3,60.9,12,0.0,20,0.058,0.586,0.498,HANJIN BRION|Nongshim Esports Academy|Nongshim RedForce,21
Odi11,bot,RL,3,84,0.548,56.2,53.6,55.7,65.3,53.3,49.2,60.9,23,0.174,15,0.038,0.605,0.924,Actions Per Minute|Forsaken,24
WhiteKnight,top,LVP SL,2,116,0.534,41.1,57.7,64.4,77.2,46.6,52.8,60.9,25,0.24,16,-0.245,0.838,1.102,Barça eSports,29
Nenad,top,EBL,3,49,0.673,66.7,51.9,53.1,50.6,52.1,54.2,60.8,8,0.125,15,0.197,0.463,0.409,Crvena zvezda Esports,21
Bdd,mid,LCK,1,131,0.504,58.4,59.2,55.2,69.2,58.7,58.3,60.8,24,0.083,25,0.106,0.538,0.313,KT Rolster,26
Slayer,bot,LCKC,2,139,0.532,60.5,55.3,66.1,75.3,49.8,54.0,60.8,20,0.3,20,0.217,0.445,0.185,DN SOOPers Challengers,28
Zwyroo,mid,NLC,2,32,0.625,64.6,50.9,48.1,71.4,34.8,51.3,60.8,2,0.0,11,0.089,0.551,0.423,Kiedyś Miałem Fun|NORD Esports,27
Taki,sup,LCP,15,78,0.551,52.1,61.0,52.6,49.2,40.8,55.0,60.8,10,0.1,13,-0.015,0.641,0.731,Team Secret Whales,22
Kisno,jng,NACL,2,54,0.593,53.6,56.7,59.3,57.0,77.2,56.9,60.8,6,0.167,16,0.076,0.562,0.443,Conviction|DarkZero Dragonsteel,23
Empyros,top,LFL,2,95,0.537,49.3,59.3,55.0,50.5,47.2,56.2,60.8,14,0.143,20,-0.045,0.668,0.706,Gentle Mates,21
Sayn,mid,LFL2,2,63,0.54,70.7,55.5,62.0,50.7,48.6,45.8,60.7,12,0.333,12,0.422,0.275,-0.278,IziDream,
Furuy,mid,AL,3,80,0.55,62.7,58.3,66.9,69.5,39.4,55.5,60.7,8,0.25,19,0.277,0.395,0.291,Fog Esports|Macko Esports|Skillcamp,25
Xeonerr,jng,EBL,3,82,0.561,58.4,56.3,55.2,62.6,62.1,46.8,60.7,13,0.154,14,0.144,0.494,0.506,Crvena zvezda Esports|devils.one inStreamly,24
Kuri,sup,LTA S,15,62,0.532,55.2,59.0,71.9,60.6,51.4,57.4,60.7,7,0.286,15,0.214,0.439,0.266,paiN Gaming,25
scuro,bot,CD,2,68,0.515,55.8,56.7,49.9,64.3,38.7,51.8,60.7,11,0.091,14,0.007,0.609,0.615,Alpha7 Esports|KaBuM! Ilha das Lendas,24
Despair,mid,LAS,3,134,0.552,62.3,48.6,55.5,47.2,60.8,57.8,60.7,31,0.097,20,0.09,0.542,0.699,Dplus Kia Academy,17
Frost,jng,LFL2,2,74,0.568,62.8,46.8,58.5,51.8,61.3,60.1,60.7,21,0.286,20,0.074,0.56,0.443,Project Conquerors,22
Avarice,bot,LFL2,2,74,0.568,57.4,51.7,60.8,58.7,44.5,55.0,60.7,21,0.286,16,0.065,0.56,0.492,Project Conquerors,
Dire,mid,LCP,15,78,0.551,51.5,57.0,57.3,47.2,45.6,50.4,60.7,10,0.1,16,-0.025,0.641,0.822,Team Secret Whales,19
Send0o,top,PRM,3,71,0.577,47.4,52.9,50.4,63.5,43.3,55.1,60.7,18,0.111,21,-0.307,0.872,1.456,CGN Esports|Dung Dynasty|Veni Vidi Vici,
UmTi,jng,LTA N,1,41,0.561,52.5,47.8,69.6,71.1,62.9,59.0,60.7,3,0.333,15,-0.073,0.674,0.542,Team Liquid,26
Baumeef,jng,HC,3,77,0.597,53.5,46.4,64.4,62.4,54.9,53.6,60.7,20,0.3,16,-0.119,0.719,1.116,Diversion Gaming,23
DM p1ng,top,LJL,15,24,0.708,69.6,50.4,50.3,57.4,57.0,61.4,60.6,2,0.0,14,0.236,0.416,0.415,Dream in 24,
Smiley,bot,CD,2,33,0.636,58.8,59.7,50.6,73.8,56.4,52.2,60.6,6,0.0,11,0.099,0.529,0.418,Vivo Keyd Stars Academy,27
seaz,sup,PRM,3,97,0.536,60.5,57.8,64.8,63.0,58.3,56.8,60.6,20,0.3,17,0.267,0.392,0.229,Unicorns of Love Sexy Edition,25
DenVoksne,bot,PRM,3,97,0.536,59.8,56.8,66.1,61.3,54.5,62.3,60.6,20,0.3,19,0.256,0.392,0.337,Unicorns of Love Sexy Edition,24
YYG MAO,top,LJL,15,33,0.636,58.4,52.8,54.2,61.2,43.3,46.3,60.6,7,0.143,8,-0.01,0.608,0.935,Yang Yang Gaming,
Shadow,sup,LRS,3,55,0.636,65.1,60.5,56.0,73.3,40.3,61.4,60.5,4,0.25,17,0.332,0.326,0.057,Farenvehn,40
The Mountain,top,LIT,3,28,0.536,53.9,57.3,49.9,59.3,54.3,55.7,60.5,6,0.0,13,-0.043,0.627,0.872,Axolotl,
FGG,sup,HM,3,58,0.586,49.9,59.7,54.6,63.5,57.7,56.9,60.5,14,0.143,14,-0.051,0.634,0.966,eSuba,24
Zest,top,TCL,15,56,0.5,67.8,63.7,61.7,74.4,68.2,54.2,60.4,10,0.3,12,0.512,0.168,-0.208,Bushido Wildcats|GameWard,31
Gavotto,bot,LRN,3,47,0.617,62.2,64.5,70.2,61.6,47.5,56.1,60.4,3,0.333,13,0.492,0.183,-0.268,Fuego,25
Unkn0wn,bot,AL,3,57,0.509,63.2,55.4,49.5,58.0,48.7,53.4,60.4,6,0.0,15,0.159,0.451,0.55,Eintracht Frankfurt|One More Esports|Ramboot Club,
Woody,sup,LCP,15,92,0.533,57.4,60.0,62.5,69.4,47.3,54.0,60.4,17,0.294,16,0.169,0.449,0.326,PSG Talon,27
Wizer,top,LTA S,15,62,0.532,53.1,63.5,66.6,74.5,49.6,56.1,60.4,7,0.286,15,0.175,0.439,0.515,paiN Gaming,27
Abagnale,sup,LFL2,2,74,0.568,55.0,51.1,64.6,61.4,57.5,49.0,60.4,21,0.286,19,0.029,0.56,0.544,Project Conquerors,
monkaS,sup,TCL,15,69,0.536,49.9,55.1,58.3,58.9,75.3,45.8,60.4,13,0.154,10,-0.025,0.602,0.699,Bushido Wildcats,24
Crisp,sup,LPL,1,172,0.558,44.9,59.9,48.6,72.3,43.8,53.6,60.4,3,0.0,18,-0.246,0.785,0.659,Top Esports|Weibo Gaming,27
Six10,mid,PRM,3,81,0.531,66.7,62.1,46.2,48.2,57.4,55.5,60.3,9,0.0,21,0.325,0.306,0.123,TeamOrangeGaming,21
Flip,mid,LAS,3,131,0.534,64.4,62.5,46.5,44.4,46.9,48.3,60.3,19,0.105,19,0.257,0.365,0.278,DN SOOPers|DN SOOPers Academy,17
Mireu,mid,LTA S,15,74,0.527,61.0,56.5,52.4,62.5,62.8,49.3,60.3,12,0.083,14,0.18,0.426,0.351,Isurus Estral|Vivo Keyd Stars,24
Azhi,top,LCP,15,92,0.533,52.7,61.9,68.6,63.5,43.0,54.2,60.3,17,0.294,18,0.152,0.449,0.554,PSG Talon,24
Dhokla,top,LTA N,1,37,0.595,55.1,49.2,50.7,74.1,48.8,48.2,60.3,6,0.0,11,-0.143,0.693,0.523,100 Thieves,28
Draktharr,jng,VCS,15,39,0.564,67.4,58.1,58.3,51.6,47.2,63.2,60.2,2,0.0,14,0.371,0.26,-0.026,Team Flash,22
Hiro02,top,LCP,15,49,0.571,57.0,64.6,60.6,57.4,51.0,47.4,60.2,7,0.143,13,0.207,0.388,0.416,Team Secret Whales,23
Urban,sup,ROL,3,20,0.65,62.1,57.9,56.1,63.3,43.7,60.1,60.2,3,0.0,11,0.226,0.373,0.259,A One Man Army,25
Simpy,sup,NEXO,3,40,0.65,55.6,59.9,58.1,61.1,34.5,44.5,60.2,5,0.4,9,0.074,0.502,0.628,Nocturne Gale|Veni Vidi Vici,
Soldier,bot,LFL2,2,63,0.587,57.7,57.7,60.8,57.6,44.1,54.7,60.2,3,0.333,15,0.109,0.474,0.342,Caldya Esport|Team Valiant,23
CarioK,jng,LTA S,15,62,0.532,50.8,63.9,67.1,69.4,50.6,56.2,60.2,7,0.286,15,0.154,0.439,0.468,paiN Gaming,25
NuQ,top,TCL,15,69,0.594,52.9,51.5,46.7,57.8,51.0,68.7,60.2,5,0.0,25,-0.143,0.678,1.176,BBL Dark Passage|BoostGate Esports,22
Gury,jng,LCP,15,91,0.527,63.3,67.6,55.1,50.8,58.0,63.8,60.1,13,0.154,22,0.412,0.213,-0.135,MGN Vikings Esports|Vietnam (National Team),22
Devost,top,LRN,3,47,0.617,63.4,63.0,66.0,41.8,51.7,50.9,60.1,3,0.333,13,0.45,0.183,-0.201,Fuego,17
Fun K3y,bot,PRM,3,62,0.532,55.5,64.7,57.4,69.9,55.9,59.7,60.1,7,0.143,17,0.2,0.381,0.399,Kaufland Hangry Knights|ROSSMANN Centaurs,26
Dahlia,sup,LAS,3,54,0.556,54.8,60.4,56.4,53.4,67.0,54.9,60.1,16,0.125,11,0.218,0.374,0.27,Dplus Kia Academy,23
OvO,sup,LPL,1,21,0.571,58.1,48.3,52.3,41.1,43.1,56.8,60.1,3,0.0,9,-0.102,0.636,0.422,LNG Academy|LNG Esports,20
Someone,mid,HC,3,32,0.562,50.5,48.8,60.4,48.2,81.5,44.6,60.1,9,0.333,8,-0.013,0.556,0.841,CITA Kaizen|Dynamo Eclot Talents,17
SamD,bot,LFL,2,63,0.476,70.8,67.1,53.6,55.4,40.3,48.9,60.0,9,0.111,13,0.555,0.083,-0.618,Ici Japon Corp. Esport|Natus Vincere,24
Shad0w,jng,LPL,1,123,0.48,67.1,58.6,47.6,56.5,59.5,48.2,60.0,0,0.0,20,0.325,0.271,-0.173,Bilibili Gaming|FunPlus Phoenix,24
Skyy,mid,LRN,3,51,0.608,55.1,61.0,66.4,65.5,48.9,52.4,60.0,10,0.3,15,0.208,0.365,0.338,PÊEK Gaming|SDM Tigres|inf,24
Robo,top,LTA S,15,57,0.526,59.7,54.8,60.7,74.4,54.7,54.9,60.0,7,0.143,18,0.158,0.405,0.495,LOUD,27
Ramune,mid,LJL,15,24,0.708,60.3,54.1,49.3,76.0,59.8,53.0,60.0,2,0.0,9,0.058,0.487,0.557,Dream in 24,28
Vertigo,top,LFL,2,62,0.565,57.2,55.8,55.8,52.5,66.9,59.1,60.0,7,0.143,18,0.092,0.467,0.344,Beşiktaş Esports|Vitality.Bee,22
Simpli,mid,PRM,3,97,0.536,53.6,56.5,70.2,65.9,64.8,59.5,60.0,20,0.3,22,0.18,0.392,0.405,Unicorns of Love Sexy Edition,24
BAO,bot,TCL,15,54,0.537,58.3,59.7,58.5,64.2,44.2,57.1,59.9,6,0.167,13,0.203,0.361,0.37,Papara SuperMassive,24
Fade,mid,HM,3,60,0.583,54.4,55.4,55.6,59.1,47.5,55.9,59.9,14,0.143,16,-0.031,0.554,0.861,Beşiktaş Esports|eSuba,22
denizzz,jng,PRM,3,23,0.478,54.9,53.8,50.8,47.0,33.9,55.7,59.9,3,0.0,12,-0.103,0.614,0.965,Austrian Force willhaben|TeamOrangeGaming Academy,18
Robocop,top,HM,3,86,0.558,56.9,62.4,51.8,69.5,57.6,55.1,59.8,14,0.071,15,0.178,0.368,0.322,Entropiq,25
Ady,top,LAS,3,31,0.581,54.3,60.1,50.5,56.8,76.9,61.6,59.8,9,0.0,13,0.074,0.452,0.538,BNK FEARX Academy,22
Nille,top,LFL2,2,63,0.587,58.6,50.6,62.2,66.4,43.0,50.7,59.8,3,0.333,15,0.05,0.474,0.397,Caldya Esport|Team Valiant,25
Ghost,bot,LRN,3,33,0.576,63.9,61.7,57.9,74.2,40.8,53.0,59.7,7,0.286,11,0.318,0.241,0.048,Estral Esports,31
Ruep,bot,TCL,15,63,0.556,65.1,58.9,45.5,58.9,51.1,48.8,59.7,5,0.0,14,0.188,0.355,0.381,Beşiktaş Esports|Eternal Fire,23
Shift,jng,HM,3,86,0.558,63.6,51.2,51.1,42.9,60.6,51.7,59.7,14,0.071,16,0.161,0.368,0.326,Entropiq,20
Oleg,jng,ROL,3,63,0.524,66.0,50.9,69.2,44.6,47.7,55.7,59.6,12,0.167,18,0.318,0.23,-0.042,A One Man Army|Team UNiTY|Veni Vidi Vici,21
Willer,jng,LCKC,2,123,0.504,67.1,61.0,56.1,46.7,39.7,61.9,59.5,11,0.091,23,0.342,0.2,-0.263,BNK FEARX Youth|Kiwoom DRX,22
Mikkel,mid,ROL,3,28,0.607,64.9,53.7,66.3,53.3,64.3,56.2,59.5,4,0.25,12,0.29,0.248,0.095,mCon esports,22
marlon,sup,AL,3,67,0.463,57.0,58.4,60.2,44.7,57.5,56.1,59.5,5,0.2,18,0.123,0.382,0.406,BAAM Esports|Forsaken|Ruddy Corporation,21
Route,bot,LTA S,15,57,0.526,52.1,63.1,53.1,73.3,55.6,58.4,59.5,7,0.143,16,0.099,0.405,0.545,LOUD,26
Pout,mid,VCS,15,24,0.667,55.9,56.1,58.5,53.9,49.2,50.8,59.5,4,0.25,8,0.077,0.425,0.465,Saigon Dino,22
Scorth,bot,TCL,15,71,0.521,54.6,53.1,59.8,61.0,61.6,54.5,59.5,13,0.154,16,0.038,0.449,0.67,Bushido Wildcats,23
PepiineroJr,mid,NEXO,3,21,0.571,53.9,53.5,64.3,58.2,41.6,50.6,59.5,3,0.667,10,-0.001,0.482,0.737,Green Dolphin Gaming|Guinea Pink,
Hermes,bot,PCS,15,81,0.58,58.2,49.0,68.7,43.8,52.3,59.1,59.5,16,0.188,20,0.088,0.416,0.572,Ground Zero Gaming|West Point Esports,19
L1mit,bot,LJL,15,52,0.538,69.2,57.5,54.4,49.7,49.4,49.4,59.4,16,0.188,14,0.381,0.159,-0.08,Burning Core Toyama,22
Zelt,mid,LRN,3,47,0.617,59.4,61.2,69.6,67.5,48.7,53.0,59.4,3,0.333,15,0.352,0.183,-0.06,Fuego,25
Morttheus,bot,LTA S,15,69,0.522,56.5,64.0,52.5,58.6,59.7,54.5,59.4,10,0.1,15,0.185,0.325,0.349,Vivo Keyd Stars,23
FIESTA,mid,TCL,15,50,0.52,60.4,53.7,53.6,54.2,36.5,55.0,59.4,9,0.111,17,0.045,0.432,0.51,Papara SuperMassive,22
KatEvolved,mid,NACL,2,34,0.559,56.1,56.9,49.8,60.3,64.1,61.8,59.4,5,0.0,16,0.013,0.462,0.407,Conviction|Dung Dynasty,24
Kuroneel,mid,LFL2,2,74,0.568,50.0,49.4,60.0,57.8,60.3,67.7,59.4,21,0.286,22,-0.109,0.56,0.66,Project Conquerors,
Hetel,sup,LJL,15,64,0.641,47.2,46.1,47.9,71.3,36.5,44.2,59.4,6,0.0,11,-0.421,0.815,1.356,QT DIG∞,26
Enga,mid,LRS,3,55,0.636,56.7,60.8,60.6,69.7,40.1,64.3,59.3,4,0.25,19,0.165,0.326,0.343,Farenvehn,25
Leave,bot,LPL,1,132,0.492,59.8,57.4,75.8,48.1,52.2,49.9,59.3,3,0.333,18,0.393,0.14,-0.418,EDward Gaming|Ninjas in Pyjamas,23
Bayonetta,top,LPLOL,3,22,0.682,63.3,52.2,58.8,54.8,57.6,63.1,59.3,4,0.25,16,0.173,0.321,0.274,Otter Side,22
Fornoreason,top,PRM,3,97,0.536,55.9,53.2,63.9,56.2,64.5,51.9,59.3,20,0.3,17,0.083,0.392,0.458,Unicorns of Love Sexy Edition,22
Yakkey,bot,EBL,3,64,0.484,68.6,55.8,57.4,39.0,81.1,53.6,59.2,11,0.182,16,0.435,0.096,-0.309,Crvena zvezda Esports|Skillcamp|The Secret Club,20
Vzz,bot,PRM,3,81,0.531,63.7,55.5,44.5,65.7,69.3,53.9,59.2,9,0.0,18,0.178,0.306,0.327,TeamOrangeGaming,25
Czypsy,sup,RL,3,60,0.567,56.9,60.5,62.4,62.9,38.4,58.3,59.2,13,0.154,19,0.189,0.3,0.211,Back2TheGame|Team Insidious,25
Xagog,jng,PRM,3,101,0.515,59.5,57.8,61.0,45.1,75.6,58.6,59.2,22,0.182,23,0.263,0.236,0.035,ROSSMANN Centaurs,21
Doublelift,bot,NACL,2,33,0.606,60.9,56.3,49.6,75.6,49.7,54.8,59.2,3,0.0,12,0.084,0.378,0.261,Near Airport,32
Baca,mid,LVP SL,2,29,0.448,52.5,58.2,51.1,65.3,61.0,51.8,59.2,3,0.0,11,-0.052,0.496,0.522,Ramboot Club,25
Zoen,top,LRN,3,37,0.595,49.0,61.2,55.2,47.8,41.7,55.9,59.2,9,0.111,14,-0.058,0.493,0.735,Isurus|inf,20
Libra,top,HLL,3,60,0.517,53.3,55.2,54.2,58.1,62.4,58.5,59.2,12,0.083,17,-0.039,0.486,0.706,Team Insidious|The Secret Club,22
chico,bot,LJL,15,39,0.564,54.0,53.0,54.5,78.4,46.7,43.4,59.2,9,0.111,10,-0.083,0.515,0.891,Spirit Quartz Gaming|We Can Win|Yang Yang Gaming,30
Sekkou,sup,EBL,3,49,0.673,58.2,48.3,50.9,46.7,56.0,52.9,59.2,8,0.125,12,-0.021,0.463,0.702,Crvena zvezda Esports,21
MaiYuk,top,ROL,3,66,0.591,52.0,48.6,56.0,65.2,49.2,51.8,59.2,16,0.188,17,-0.189,0.6,1.009,A One Man Army|Senshi eSports,23
Booshi,bot,LFL,2,89,0.551,46.3,49.8,62.0,62.2,38.0,45.1,59.2,10,0.2,13,-0.254,0.656,0.969,BK ROG Esports|Team Heretics Academy|White Dragons,
Stunt,sup,NACL,2,28,0.571,60.1,55.7,46.2,71.3,42.2,57.3,59.1,2,0.0,12,0.013,0.432,0.417,Conviction,30
Midir,top,LAS,3,119,0.538,54.1,57.5,46.8,47.8,47.7,47.5,59.1,18,0.111,17,-0.063,0.487,0.734,DN SOOPers Academy,19
Roamer,mid,LTA S,15,50,0.56,52.6,56.5,61.8,54.9,41.2,62.0,59.1,7,0.286,16,-0.012,0.451,0.594,paiN Gaming,22
Farfetch,sup,TCL,15,59,0.576,49.7,57.5,55.6,71.3,51.8,58.2,59.1,11,0.091,16,-0.1,0.524,0.697,Eternal Fire|ULF Esports,27
Karaage,mid,LJL,15,24,0.667,66.7,53.0,58.6,42.1,46.1,49.0,59.0,4,0.25,7,0.259,0.219,0.031,Kareha Children|RAYN Clocks,20
Typhoon,jng,TCL,15,83,0.566,56.6,57.6,50.2,70.3,44.5,62.7,59.0,15,0.067,24,0.005,0.429,0.641,BoostGate Esports|CGN Esports|Misa Esports|ULF Esports,25
Xay,bot,LFL2,2,25,0.6,57.0,52.0,62.0,43.3,55.2,57.8,59.0,3,0.333,12,0.031,0.4,0.348,IziDream,20
Karsa,jng,LCP,15,92,0.533,47.4,60.2,62.1,77.7,55.0,55.4,59.0,17,0.294,17,-0.027,0.449,0.706,PSG Talon,28
Kati,mid,LCP,15,89,0.528,58.9,63.7,58.9,68.3,42.5,65.1,58.9,12,0.167,22,0.274,0.195,-0.013,MGN Vikings Esports|Vietnam (National Team),26
HeSSZero,top,ROL,3,55,0.564,62.1,56.4,47.2,50.4,49.4,58.9,58.9,7,0.0,17,0.092,0.344,0.393,Bulldog Esports|mCon esports,21
Disamis,jng,LTA S,15,69,0.522,52.4,63.2,54.2,54.7,54.8,57.0,58.9,10,0.1,17,0.109,0.325,0.381,Vivo Keyd Stars,22
Seneca,sup,LIT,3,47,0.553,52.7,58.4,63.9,58.5,65.7,49.6,58.9,7,0.143,11,0.144,0.299,0.269,Colossal Gaming,
Hustle,mid,VCS,15,28,0.429,57.9,51.1,62.7,48.6,48.5,62.8,58.9,6,0.167,15,0.081,0.355,0.383,Hanoi Rookies Esports|Mila Gaming,21
452apm,bot,HC,3,72,0.583,57.2,48.8,61.4,44.9,45.7,61.2,58.9,18,0.278,18,-0.003,0.418,0.726,Diversion Gaming,19
Theocacs,jng,LFL,2,77,0.532,42.9,46.2,60.2,46.8,50.2,51.0,58.9,9,0.222,15,-0.378,0.722,1.132,Ici Japon Corp. Esport,18
Heroic,mid,HW,3,44,0.545,66.8,55.0,51.2,74.9,45.7,58.0,58.8,8,0.0,14,0.24,0.214,0.115,FlameHard|GLORE|Zerolag Esports,27
Damage,sup,CD,2,66,0.53,56.3,54.8,49.4,71.1,56.7,55.1,58.8,4,0.0,12,0.016,0.398,0.374,Flamengo MDL|KaBuM! Ilha das Lendas,28
XnS,jng,TCL,15,79,0.532,66.6,56.7,47.8,52.0,55.2,66.2,58.7,11,0.0,23,0.256,0.188,0.028,BBL Dark Passage|BK ROG Esports|BoostGate Esports,22
Zephyr,jng,LAS,3,95,0.526,67.3,54.5,69.5,39.1,50.9,59.7,58.7,17,0.353,19,0.407,0.066,-0.358,Gen.G Scholars,18
Minui,sup,NACL,2,35,0.571,58.5,51.8,62.5,45.7,50.3,68.5,58.7,4,0.25,19,0.109,0.309,0.168,Conviction,22
Gemini,jng,PCS,15,81,0.617,44.5,49.2,45.2,78.1,47.1,52.8,58.7,12,0.0,17,-0.433,0.755,1.593,Frank Esports,27
kPr,top,AL,3,26,0.538,67.4,60.5,52.8,51.5,44.7,57.6,58.6,4,0.0,12,0.342,0.101,-0.172,FN Esports,22
Gori,mid,TCL,15,71,0.521,63.4,55.1,61.7,64.6,41.0,49.2,58.6,16,0.188,17,0.236,0.193,0.027,ULF Esports,25
Lens,bot,TCL,15,32,0.594,55.7,51.0,66.1,60.1,44.1,49.2,58.6,4,0.25,9,0.042,0.354,0.552,Beşiktaş Esports|Misa Esports,
Eika,mid,LFL,2,98,0.541,37.6,56.2,51.5,76.6,46.6,64.9,58.6,14,0.143,24,-0.452,0.756,1.28,Gentle Mates,29
Crem,bot,LIT,3,58,0.552,65.7,54.5,49.1,55.4,48.5,60.0,58.5,10,0.0,16,0.182,0.226,0.212,Axolotl|GMBLERS Esports,
MnM,sup,PCS,15,41,0.61,57.3,56.6,45.8,61.8,55.4,63.6,58.5,4,0.0,14,-0.005,0.379,0.437,Frank Esports,25
Soboro,top,LCKC,2,162,0.506,62.2,57.0,62.9,44.5,44.7,59.0,58.4,18,0.111,22,0.249,0.161,-0.152,BNK FEARX|BNK FEARX Youth|Invictus Gaming,21
Guigo,top,LTA S,15,67,0.522,59.3,58.6,57.4,55.4,46.8,65.9,58.4,11,0.182,20,0.222,0.183,0.154,FURIA,23
Vigil,mid,LIT,3,56,0.554,56.8,60.8,57.0,68.7,64.0,55.1,58.4,10,0.2,18,0.196,0.201,0.152,Colossal Gaming|Partizan Esports,25
Wildenbruch,sup,PRM,3,101,0.515,58.6,56.9,56.3,47.7,66.0,51.1,58.4,22,0.182,17,0.15,0.236,0.178,ROSSMANN Centaurs,22
APA,mid,LTA N,1,75,0.507,60.3,53.7,55.8,55.3,60.0,45.2,58.4,9,0.222,17,0.108,0.274,0.105,Cloud9|Team Liquid,23
Speedy1,sup,HLL,3,21,0.524,52.5,56.0,67.4,59.3,54.1,56.8,58.4,4,0.25,9,0.066,0.304,0.378,Howl Esports|Team Insidious,
Odessa,sup,LJL,15,20,0.55,52.7,54.4,62.1,57.3,42.0,52.9,58.4,6,0.333,7,-0.03,0.393,0.48,Spirit Quartz Gaming,
Pancake,jng,LRS,3,39,0.513,55.9,65.7,51.8,63.6,54.5,52.9,58.3,8,0.0,15,0.223,0.174,0.007,Sicar Esports,25
DoubleAiM,jng,EBL,3,34,0.471,59.9,54.1,54.0,75.2,59.5,59.0,58.3,10,0.1,16,0.051,0.305,0.385,BeFive,29
Banderas,top,NLC,2,20,0.5,59.0,51.2,48.5,62.3,38.4,55.5,58.3,4,0.0,12,-0.045,0.384,0.402,Bitfix Gaming|Rich Gang,24
Perry,jng,NACL,2,28,0.571,57.3,51.9,48.2,47.2,42.2,55.1,58.3,2,0.0,12,-0.103,0.432,0.497,Conviction,21
Kino,sup,PCS,15,80,0.575,58.1,50.9,62.0,69.6,49.5,58.4,58.3,16,0.188,19,0.027,0.334,0.354,Ground Zero Gaming|West Point Esports,27
Nikolex,jng,HLL,3,33,0.606,58.2,49.5,56.4,75.8,43.6,58.9,58.3,6,0.0,15,-0.027,0.373,0.569,Howl Esports|Lundqvist Lightside|The ParadOx Invaders,28
Rest,top,LCP,15,54,0.611,49.1,57.5,56.4,75.7,43.5,63.2,58.3,8,0.25,18,-0.13,0.455,0.896,CTBC Flying Oyster,27
Kiaya,top,LCP,15,100,0.48,59.2,62.9,68.6,58.5,50.7,62.0,58.2,14,0.143,19,0.355,0.056,-0.155,GAM Esports,24
Summit,top,LTA S,15,52,0.558,62.4,53.2,63.6,72.4,81.4,49.4,58.2,6,0.333,15,0.287,0.109,-0.01,Estral Esports|Isurus Estral,27
Ace,bot,NEXO,3,56,0.571,55.9,56.4,49.8,75.9,62.1,66.1,58.2,13,0.154,19,0.019,0.33,0.576,Falke Esports|GLORE|Icon Esports,30
Noodle,jng,AL,3,74,0.541,59.3,51.2,57.6,72.4,53.4,50.9,58.2,12,0.083,17,0.092,0.261,0.28,One More Esports|Team Insidious|Verdant,27
Boal,top,LTA S,15,69,0.522,50.2,59.5,57.1,58.5,61.9,53.2,58.2,10,0.1,15,0.019,0.325,0.565,Vivo Keyd Stars,23
Biofrost,sup,NACL,2,28,0.643,53.0,55.5,50.7,71.9,63.3,61.5,58.2,3,0.0,12,-0.108,0.434,0.556,Near Airport,29
Pallet,jng,HLL,3,79,0.57,47.5,58.4,51.7,56.0,46.5,45.9,58.2,11,0.091,15,-0.172,0.481,0.885,Gamespace Mediterranean College Esports,22
Addusto,top,PRM,3,76,0.5,61.9,56.1,58.1,43.2,61.6,53.5,58.1,11,0.182,16,0.217,0.152,0.03,BRUTE|ROSSMANN Centaurs,20
Chasy,top,TCL,15,71,0.521,58.6,56.8,60.0,61.3,49.0,57.3,58.1,16,0.188,18,0.17,0.193,0.228,ULF Esports,24
Jezu,bot,LFL,2,40,0.575,56.2,56.0,51.4,66.8,44.8,51.8,58.1,4,0.0,13,-0.011,0.341,0.328,Galions,25
Mentos,mid,HLL,3,44,0.568,51.9,57.9,54.3,57.6,60.3,62.9,58.1,9,0.111,17,-0.05,0.366,0.654,Team Insidious|The ParadOx Invaders,
Dardoch,jng,NACL,2,52,0.538,56.0,53.2,61.0,72.0,67.0,50.5,58.1,4,0.25,15,0.092,0.255,0.08,CCG Esports|Supernova,27
RedBert,sup,LTA S,15,45,0.533,48.6,58.5,43.2,71.2,55.4,54.6,58.1,5,0.0,13,-0.149,0.45,0.669,LOUD,27
iBo,top,LVP SL,2,65,0.446,62.3,62.0,52.6,72.7,43.8,48.3,58.0,14,0.214,14,0.298,0.078,-0.293,Ramboot Club|Veni Vidi Vici|WLGaming Esports,28
Time,jng,LVP SL,2,57,0.526,68.6,52.9,53.1,51.2,47.1,49.0,58.0,15,0.133,13,0.287,0.09,-0.324,Movistar KOI Fénix|Veni Vidi Vici,23
JoJo,sup,LTA S,15,67,0.522,54.3,59.8,61.1,59.0,44.2,59.4,58.0,11,0.182,15,0.163,0.183,0.045,FURIA,25
bulas,sup,CD,2,50,0.52,51.7,54.4,48.6,48.6,38.7,51.0,58.0,8,0.125,11,-0.143,0.433,0.595,Dopamina E-Sport|e-Champ Gaming,22
D4nKa,jng,PRM,3,70,0.557,49.7,54.9,55.1,63.9,50.0,48.4,58.0,14,0.143,15,-0.095,0.402,0.69,Austrian Force willhaben|Verdant,24
White,jng,PRM,3,97,0.536,47.1,56.0,63.2,59.1,55.4,47.9,58.0,20,0.3,17,-0.084,0.392,0.664,Unicorns of Love Sexy Edition,23
Emo,mid,LCP,15,43,0.535,42.9,58.8,57.3,47.7,67.6,51.9,58.0,6,0.167,14,-0.229,0.505,0.899,GAM Esports,20
Diable,bot,LCK,1,127,0.48,68.1,57.9,64.2,35.4,57.6,49.3,57.9,24,0.167,15,0.488,-0.094,-0.703,BNK FEARX,18
Cavalo,sup,CD,2,52,0.558,58.3,63.6,47.5,52.7,66.2,59.9,57.9,3,0.0,16,0.157,0.182,-0.03,Corinthians Esports|Stellae Gaming,24
Siler,mid,CT,3,27,0.593,57.7,63.7,47.2,54.2,41.6,58.5,57.9,4,0.0,12,0.141,0.193,0.21,Falke Esports|LEGACY5,
Silk,mid,LPLOL,3,21,0.714,54.0,56.6,55.0,76.3,43.4,58.5,57.9,4,0.25,11,-0.016,0.321,0.558,Otter Side,27
iLEVI,sup,LVP SL,2,62,0.516,63.7,59.0,58.3,63.3,63.4,47.9,57.8,12,0.25,13,0.31,0.042,-0.363,UCAM Esports,27
Xiaohao,jng,LPL,1,82,0.549,56.0,65.8,54.4,50.5,70.4,57.9,57.8,2,0.0,21,0.204,0.128,-0.193,EDward Gaming,23
ANDARIEL,bot,LVP SL,2,62,0.516,60.0,56.5,68.0,47.2,68.2,46.5,57.8,12,0.25,13,0.317,0.042,-0.392,UCAM Esports,22
many,mid,HM,3,67,0.552,61.2,53.2,53.2,54.1,66.7,52.8,57.8,5,0.2,17,0.139,0.183,0.2,Back2TheGame|Entropiq,22
playcool,mid,VCS,15,39,0.564,54.9,54.7,62.2,62.2,47.8,59.4,57.8,2,0.0,15,0.049,0.26,0.311,Team Flash,24
Ablazeolive,mid,NACL,2,24,0.583,54.1,55.4,56.8,70.8,50.4,52.6,57.8,1,0.0,11,-0.029,0.325,0.298,Supernova,27
StineR,jng,CD,2,33,0.576,53.8,51.5,63.6,41.5,73.6,50.6,57.8,1,0.0,11,-0.022,0.32,0.28,LØS,20
V1per,bot,NACL,2,23,0.565,52.2,51.6,47.6,74.5,37.5,52.2,57.8,2,0.0,11,-0.157,0.432,0.6,Conviction,27
Kenma,top,LJL,15,22,0.545,51.4,52.4,59.3,60.3,42.9,52.3,57.8,7,0.286,8,-0.12,0.393,0.81,Spirit Quartz Gaming,
Celo,bot,CD,2,52,0.558,57.3,61.6,46.3,65.8,49.8,60.4,57.7,3,0.0,16,0.036,0.256,0.176,Corinthians Esports|Stellae Gaming,25
Ayu,bot,LTA S,15,67,0.522,53.1,57.8,66.9,75.0,48.8,62.5,57.7,11,0.182,17,0.128,0.183,0.248,FURIA,27
Aincardz,jng,NEXO,3,28,0.536,57.6,52.9,60.5,56.4,32.4,52.2,57.7,5,0.2,12,0.056,0.237,0.294,Oxygen Gaming,
Ivory,mid,TCL,15,61,0.557,53.4,52.6,44.9,56.2,52.9,55.5,57.7,5,0.0,18,-0.182,0.435,0.767,Beşiktaş Esports|Eternal Fire,22
Kenia,sup,LAS,3,80,0.55,59.0,62.2,46.2,39.1,60.7,56.2,57.6,15,0.067,14,0.14,0.164,0.097,Dplus Kia Academy,17
Envy,mid,CD,2,80,0.55,65.3,55.1,54.1,71.1,62.6,56.2,57.6,7,0.143,19,0.212,0.107,-0.231,Dopamina E-Sport|Flamengo MDL,35
Booki,jng,LRN,3,47,0.617,52.6,61.8,62.7,41.9,44.7,50.0,57.6,3,0.333,13,0.111,0.183,0.158,Fuego,18
Breezy,sup,NACL,2,52,0.538,52.3,57.6,58.1,63.1,63.6,51.6,57.6,4,0.25,14,0.028,0.255,0.199,CCG Esports|Supernova,26
KryRa,jng,NACL,2,34,0.471,52.3,54.2,55.3,41.5,38.1,56.2,57.6,5,0.0,12,-0.037,0.306,0.282,Blue Otter|DarkZero Dragonsteel,20
Xun,jng,LPL,1,160,0.519,46.3,52.9,60.8,55.2,41.4,58.4,57.6,4,0.25,22,-0.19,0.436,0.434,Bilibili Gaming|JD Gaming,23
Moham,sup,LPL,1,60,0.467,63.9,64.0,56.5,46.1,80.9,43.9,57.5,4,0.25,14,0.503,-0.141,-0.692,Oh My God|Oh My God Academy,23
Jauny,top,LRN,3,32,0.562,56.7,63.5,59.5,63.5,57.8,49.0,57.5,8,0.25,11,0.18,0.124,0.041,SDM Tigres,24
Stefan,jng,EBL,3,84,0.548,61.5,58.6,53.4,54.4,46.8,42.0,57.5,15,0.067,15,0.164,0.135,0.031,Partizan Sangal|ULF Esports,
Nesty,jng,LJL,15,41,0.512,62.3,52.5,54.2,70.9,38.3,56.4,57.5,20,0.2,15,0.162,0.138,0.083,DetonatioN FocusMe Academy,26
Sty1e,bot,LCP,15,26,0.577,55.0,57.9,58.1,59.2,65.9,53.2,57.5,2,0.0,11,0.035,0.236,0.422,MGN Vikings Esports,23
Taiyaki,sup,LJL,15,35,0.571,55.4,54.2,55.4,56.5,46.6,51.1,57.5,7,0.143,10,-0.037,0.294,0.381,Yang Yang Gaming,
Creepano,bot,LPLOL,3,21,0.667,53.5,55.0,57.9,43.7,51.7,49.5,57.5,4,0.25,8,-0.011,0.277,0.545,Otter Side,20
Kryze,top,LFL,2,62,0.484,60.4,59.9,53.6,66.7,55.4,54.0,57.4,5,0.0,13,0.203,0.09,-0.179,Solary,26
Tatu,jng,LTA S,15,67,0.522,53.7,60.6,60.7,43.8,50.1,51.3,57.4,11,0.182,15,0.09,0.183,0.229,FURIA,19
KinGi,jng,LRS,3,35,0.657,52.9,58.0,52.1,66.1,70.1,58.7,57.4,1,0.0,14,-0.001,0.252,0.384,Farenvehn,25
fishone,bot,LPL,1,26,0.5,55.8,51.3,51.9,58.0,40.3,58.5,57.4,3,0.0,12,-0.12,0.352,0.213,LNG Academy|LNG Esports,
denyk,sup,HM,3,86,0.558,52.2,51.9,49.0,75.6,43.4,61.9,57.4,14,0.071,19,-0.136,0.368,0.728,Entropiq,30
VicLa,mid,LCK,1,125,0.496,51.3,50.5,57.8,51.6,77.2,47.1,57.4,24,0.167,18,-0.04,0.29,0.233,BNK FEARX|BNK FEARX Youth,22
Steeelback,sup,LFL2,2,63,0.587,47.6,48.4,58.6,72.9,46.1,50.3,57.4,3,0.333,14,-0.265,0.474,0.78,Caldya Esport|Team Valiant,29
NoWay,mid,NLC,2,38,0.579,53.2,42.8,50.4,75.0,74.4,55.4,57.4,7,0.0,14,-0.265,0.47,0.736,NORD Esports,28
Puddin,bot,VCS,15,43,0.535,57.9,63.5,50.9,46.0,44.2,64.7,57.3,4,0.0,16,0.148,0.119,0.149,Team Flash|Vietnam (National Team),21
Shiganari,bot,AL,3,67,0.537,59.4,59.1,54.1,68.7,43.0,53.4,57.3,12,0.167,15,0.129,0.14,0.167,Anubis Gaming|IziDream|Verdant,26
Marbirius,mid,ROL,3,64,0.547,53.1,55.6,52.3,56.9,53.1,48.3,57.3,6,0.167,14,-0.051,0.29,0.562,Team UNiTY|mCon esports,
Smurfe,top,PRM,3,81,0.531,52.4,56.2,50.3,51.5,60.4,57.1,57.3,9,0.0,20,-0.073,0.306,0.538,TeamOrangeGaming,21
M G,mid,CD,2,45,0.533,54.7,65.3,63.4,51.0,50.8,47.1,57.2,3,0.333,12,0.191,0.078,-0.24,LØS,
Zdz,top,LPL,1,82,0.549,54.2,65.0,54.9,54.9,66.5,56.7,57.2,2,0.0,20,0.126,0.128,-0.139,EDward Gaming,24
Decay,mid,LFL,2,62,0.484,61.3,57.5,50.8,64.4,59.4,56.3,57.2,5,0.0,15,0.176,0.09,-0.209,Solary,26
FIERCE,mid,HLL,3,22,0.636,61.1,57.4,56.6,53.0,79.4,54.4,57.2,3,0.333,11,0.174,0.097,0.052,Gamespace Mediterranean College Esports,
Kisee,mid,LTA S,15,33,0.485,49.2,55.2,67.1,53.6,70.1,56.7,57.2,5,0.2,13,-0.046,0.271,0.431,Vivo Keyd Stars,22
ardaffler,bot,LPLOL,3,44,0.545,56.5,56.8,55.8,46.1,41.5,61.9,57.2,10,0.1,17,0.087,0.163,0.256,KAOS e-sport|Odivelas Sports Club,21
Forlin,top,CD,2,32,0.406,53.2,59.8,50.7,45.7,61.2,61.3,57.2,8,0.0,14,0.089,0.165,0.024,Dopamina E-Sport|Stellae Gaming|XV eSports,21
justcan,sup,LIT,3,37,0.568,53.8,56.9,51.3,60.7,47.1,47.3,57.2,6,0.0,10,-0.081,0.3,0.567,Axolotl,
Rahel,bot,LTA N,1,37,0.486,53.8,54.1,64.3,40.7,78.2,60.5,57.2,6,0.167,15,0.132,0.125,-0.203,Disguised|SK Gaming,21
Lekcyc,sup,LFL2,2,63,0.54,51.6,52.3,64.2,70.8,45.5,48.9,57.2,12,0.333,12,-0.057,0.275,0.318,IziDream,29
D4rtaine,top,LPLOL,3,22,0.455,49.5,51.8,52.6,53.5,59.0,60.6,57.2,10,0.1,15,-0.202,0.4,0.794,Keypulse Esports,21
Ale,top,LPL,1,89,0.562,35.3,58.8,58.2,61.5,48.9,61.7,57.2,3,0.0,20,-0.486,0.628,0.744,JD Gaming|ZSM,24
Mataz,jng,LRN,3,32,0.562,58.0,60.5,59.6,59.5,37.3,50.8,57.1,8,0.25,11,0.125,0.124,0.067,SDM Tigres,24
ESCIK,mid,LVP SL,2,62,0.516,57.9,58.6,60.9,50.4,70.6,48.6,57.1,12,0.25,13,0.217,0.042,-0.311,UCAM Esports,23
Mega,sup,CT,3,27,0.593,61.6,53.8,47.6,61.7,64.7,60.6,57.1,4,0.0,12,0.13,0.113,0.043,Falke Esports,25
Spooder,top,LVP SL,2,52,0.558,53.3,55.2,64.0,54.4,53.0,49.4,57.1,7,0.286,13,0.108,0.134,-0.03,Movistar KOI Fénix|Team Phantasma,23
Heru,mid,Asia Master,3,22,0.364,51.3,57.0,55.2,45.6,76.1,52.1,57.1,9,0.111,9,-0.018,0.243,0.465,Bilibili Gaming Junior|ThunderTalk Gaming,19
Darkeszy,top,HC,3,57,0.596,52.5,54.5,52.6,57.1,67.3,64.9,57.1,13,0.077,22,-0.1,0.308,0.571,Meavedron,
Funky,jng,LRS,3,45,0.6,60.3,65.1,48.6,69.7,64.1,59.6,57.0,5,0.0,15,0.277,-0.011,-0.291,Maze Gaming,27
kkkkkkkkk,top,LJL,15,51,0.588,66.9,55.3,48.0,39.9,58.4,47.2,57.0,10,0.1,11,0.214,0.032,-0.016,VARREL YOUTH,17
Lancer,top,LCKC,2,147,0.517,60.1,60.0,59.6,43.9,51.9,42.7,57.0,21,0.286,15,0.216,0.039,-0.248,DN SOOPers|DN SOOPers Challengers,21
Croco,jng,LCK,1,82,0.463,61.3,57.3,57.3,61.0,47.1,66.8,57.0,13,0.154,22,0.249,0.01,-0.338,HANJIN BRION|LNG Esports,25
Lindgarde,bot,HLL,3,22,0.636,59.5,53.7,60.6,45.1,76.9,59.6,57.0,3,0.333,12,0.141,0.097,0.093,Gamespace Mediterranean College Esports,21
Strode,bot,HM,3,82,0.573,59.4,52.8,54.1,42.1,56.6,64.0,57.0,7,0.143,18,0.068,0.153,0.268,Entropiq|Nightbirds,20
Kiefer,mid,LRS,3,39,0.513,55.9,59.0,51.4,65.4,46.1,53.4,56.9,8,0.0,17,0.029,0.174,0.324,Sicar Esports,24
twohoyrz,mid,LVP SL,2,28,0.429,59.1,55.5,61.1,68.8,35.5,48.8,56.9,5,0.2,11,0.096,0.119,-0.083,Ramboot Club|WLGaming Esports,27
Dya,bot,LRN,3,25,0.68,56.0,57.7,51.9,57.0,74.5,49.5,56.9,1,0.0,9,0.008,0.198,0.411,Zeu5 Esports,
RoyalKanin,mid,PRM,3,100,0.51,51.1,58.7,53.6,61.6,55.6,53.1,56.9,22,0.182,19,-0.045,0.236,0.49,ROSSMANN Centaurs,23
Trymbi,sup,LTA S,15,67,0.507,52.0,57.2,62.1,59.4,63.2,59.4,56.9,10,0.1,17,0.069,0.15,0.11,Vivo Keyd Stars,25
Cboi,jng,PRM,3,81,0.531,53.2,53.6,48.8,73.7,52.5,58.8,56.9,9,0.0,21,-0.122,0.306,0.603,TeamOrangeGaming,27
Clear,top,LCK,1,125,0.496,52.5,51.7,60.7,72.2,58.6,47.2,56.9,24,0.167,14,-0.021,0.219,0.05,BNK FEARX|BNK FEARX Youth,29
Agresivoo,top,RL,3,67,0.537,63.7,60.5,56.0,70.0,45.6,59.6,56.8,11,0.182,19,0.287,-0.047,-0.278,Back2TheGame,26
TakeSet,bot,LFL,2,62,0.484,57.0,62.4,48.4,54.1,49.1,50.5,56.8,5,0.0,13,0.128,0.09,-0.12,Solary,23
Click,sup,LVP SL,2,55,0.545,66.3,51.8,45.6,68.5,65.3,58.1,56.8,9,0.0,16,0.135,0.082,-0.119,LUA Gaming,28
Armut,top,TCL,15,68,0.5,57.6,59.8,57.0,72.6,43.7,54.2,56.8,11,0.182,17,0.179,0.05,0.047,Papara SuperMassive,27
Artemis,bot,LCP,15,99,0.485,54.2,60.2,58.7,63.2,55.3,57.4,56.8,14,0.143,18,0.084,0.126,0.233,GAM Esports,24
Elio,sup,LCP,15,100,0.48,55.3,58.9,62.4,57.9,54.8,55.8,56.8,14,0.143,18,0.168,0.056,-0.097,GAM Esports,25
Kratos,top,LCP,15,91,0.527,54.6,55.8,54.0,42.7,46.4,55.5,56.8,13,0.154,18,-0.02,0.213,0.478,MGN Vikings Esports|Vietnam (National Team),20
Infoneral,sup,PRM,3,81,0.531,55.2,54.0,46.3,69.8,41.4,51.3,56.8,9,0.0,15,-0.138,0.306,0.649,TeamOrangeGaming,26
Shredder,sup,LFL2,2,54,0.593,49.4,50.3,62.3,56.8,41.0,55.3,56.8,4,0.5,13,-0.17,0.335,0.514,BAAM Esports|Macko Esports|Skillcamp,24
Mewkyo,jng,CD,2,52,0.558,58.6,55.9,48.0,68.6,56.9,55.5,56.7,3,0.0,14,0.001,0.182,0.1,Corinthians Esports|Stellae Gaming,26
Sencux,mid,NLC,2,70,0.557,60.3,53.4,52.3,69.0,45.1,52.4,56.7,12,0.083,16,0.069,0.128,-0.042,Fog Esports|Verdant,27
Winsome,sup,LRN,3,45,0.556,48.7,61.7,59.4,63.8,50.7,54.4,56.7,9,0.333,13,-0.014,0.196,0.342,Estral Esports|LOUD,25
bicas,jng,LPLOL,3,26,0.615,56.4,53.4,56.0,55.7,66.5,58.0,56.7,4,0.25,12,0.041,0.148,0.202,Otter Side|Tan'i eSports CZ,
Perle,top,LJL,15,39,0.385,46.7,55.6,48.0,61.1,45.5,50.8,56.7,7,0.0,9,-0.23,0.373,0.917,Night Cap|VelbeliKaizokudan|Vortex (Japanese Team),
Vaynedeta,bot,PRM,3,70,0.529,63.3,63.7,64.6,53.6,46.5,54.2,56.6,13,0.231,15,0.433,-0.183,-0.687,Austrian Force willhaben|Team Phantasma,24
Telas,sup,CD,2,54,0.537,64.2,60.0,51.2,39.3,37.2,57.3,56.6,11,0.091,15,0.223,-0.012,-0.326,Alpha7 Esports|Corinthians Esports,21
Goliath,sup,AL,3,75,0.48,62.6,57.2,46.0,51.3,47.1,66.0,56.6,9,0.0,21,0.119,0.07,0.001,BAAM Esports|GnG Amazigh|Ramboot Club,23
Markoon,jng,LFL,2,62,0.484,55.5,61.1,49.7,52.8,50.1,69.4,56.6,5,0.0,20,0.092,0.09,-0.105,Solary,23
Warangelus,bot,LRS,3,23,0.522,57.5,58.5,51.8,71.7,59.1,63.2,56.6,6,0.0,15,0.11,0.085,0.118,Sicar Esports,27
Hauz,mid,CD,2,44,0.455,54.1,60.7,50.0,58.0,45.1,55.6,56.6,3,0.0,15,-0.004,0.177,0.098,KaBuM! Ilha das Lendas|Leviatan,24
Ackerman,sup,LTA S,15,62,0.532,53.9,59.6,53.5,49.5,60.0,58.0,56.6,11,0.091,16,0.051,0.13,0.109,Isurus|Isurus Estral,23
Grell,jng,LRN,3,43,0.581,59.7,53.5,46.4,61.7,52.6,52.4,56.6,7,0.0,13,-0.041,0.2,0.37,Zeu5 Esports,24
Shogun,bot,LCP,15,61,0.525,54.0,58.5,54.0,46.6,51.5,59.4,56.6,9,0.111,16,0.066,0.113,0.238,MGN Vikings Esports,21
Netuno,bot,CD,2,45,0.533,54.1,58.0,68.9,49.1,55.3,50.8,56.6,3,0.333,11,0.117,0.078,-0.121,LØS,22
R0se,mid,LJL,15,44,0.523,63.1,48.9,60.1,45.9,46.4,64.2,56.6,14,0.214,19,0.128,0.067,0.007,Burning Core Toyama,21
Kireas,jng,TCL,15,61,0.492,53.3,56.7,59.5,63.8,40.8,49.1,56.6,14,0.214,15,0.036,0.143,0.246,BBL Dark Passage|Beşiktaş Esports|Bushido Wildcats|ULF Esports,24
Dizin,jng,CD,2,80,0.55,53.0,56.2,54.9,54.5,53.7,54.2,56.6,7,0.143,17,-0.016,0.182,0.119,Dopamina E-Sport|Flamengo MDL,23
Liar,bot,LAS,3,35,0.514,54.4,54.6,49.3,43.0,67.8,49.6,56.6,11,0.0,10,-0.013,0.183,0.42,BNK FEARX Academy,20
Soraaa,sup,VCS,15,39,0.564,49.3,57.3,53.6,66.2,45.7,60.4,56.6,2,0.0,11,-0.109,0.26,0.421,Team Flash,26
Wind1,top,HLL,3,58,0.552,63.9,55.7,51.7,63.1,42.3,47.1,56.5,9,0.111,15,0.14,0.044,-0.006,Myth Esports|SINS Esports|The ParadOx Invaders|WLGaming Esports,24
Arn,top,CT,3,27,0.593,56.0,60.1,49.3,54.0,55.3,55.0,56.5,4,0.0,9,0.057,0.113,0.168,Falke Esports,
Deepe,mid,HC,3,28,0.536,57.0,55.5,62.1,53.2,36.0,53.9,56.5,9,0.222,13,0.118,0.068,0.085,Diversion Gaming,
Pun,top,VCS,15,56,0.536,51.6,56.8,60.7,57.0,44.3,61.3,56.5,3,0.0,17,0.008,0.149,0.368,Team Flash|Team Secret Whales,23
Tutsz,mid,LTA S,15,67,0.522,52.1,54.2,61.6,57.6,45.3,59.7,56.5,11,0.182,19,-0.034,0.183,0.319,FURIA,23
Bcan,mid,ROL,3,56,0.518,50.5,50.7,48.0,57.9,65.7,65.1,56.5,13,0.077,21,-0.162,0.293,0.702,Myth Esports|ZennIT,22
Huron,bot,HW,3,34,0.588,67.1,53.2,54.8,47.4,45.2,61.4,56.4,8,0.125,14,0.236,-0.041,-0.225,Meavedron,22
Josedeodo,jng,LTA S,15,65,0.523,57.6,62.2,49.1,66.3,66.0,62.6,56.4,11,0.091,21,0.159,0.023,-0.057,Isurus|Isurus Estral|Team Liquid,25
Kenvi,jng,NACL,2,20,0.55,62.5,56.7,49.3,51.5,59.6,59.2,56.4,1,0.0,11,0.165,0.012,-0.274,Citadel Gaming,23
Grevthar,mid,CD,2,57,0.544,47.5,60.3,56.6,67.2,67.6,59.6,56.4,11,0.182,17,-0.08,0.218,0.234,KaBuM! Ilha das Lendas|RED Academy|RED Canids,26
Klownz,sup,AL,3,46,0.457,53.7,53.5,50.2,68.9,53.9,57.5,56.4,8,0.0,12,-0.1,0.227,0.495,Anubis Gaming|BAAM Esports,26
Enapon,sup,LJL,15,44,0.523,58.4,46.6,54.7,68.8,40.2,56.8,56.4,14,0.214,14,-0.014,0.159,0.21,Burning Core Toyama,27
frosty,sup,LTA S,15,63,0.508,61.8,65.2,62.3,67.8,76.6,52.4,56.3,9,0.111,14,0.412,-0.194,-0.63,RED Canids,29
Dyenn,mid,NEXO,3,35,0.543,63.3,56.8,53.7,52.1,65.6,57.9,56.3,3,0.0,13,0.174,-0.0,-0.067,Kawaii Kiwis,
SuperCleber,top,CD,2,45,0.533,54.7,60.4,56.1,49.5,67.1,55.9,56.3,3,0.333,14,0.073,0.078,-0.053,LØS,22
Momo,top,LJL,15,44,0.523,56.0,56.0,57.9,45.9,38.5,51.1,56.3,19,0.211,14,0.037,0.107,0.283,DetonatioN FocusMe Academy,21
xGenesis,top,NEXO,3,20,0.45,49.0,59.4,62.3,77.4,34.1,56.6,56.3,5,0.4,10,-0.047,0.181,0.366,Green Dolphin Gaming,28
Jeskla,bot,PRM,3,65,0.523,51.1,55.1,51.7,67.7,44.3,53.5,56.3,8,0.0,13,-0.132,0.243,0.663,Kaufland Hangry Knights,25
xMatty,bot,NLC,2,20,0.55,56.0,49.5,51.9,70.5,50.6,48.4,56.3,4,0.0,8,-0.12,0.238,0.335,NORD Esports,26
Envyy,bot,LCKC,2,77,0.545,48.5,53.4,51.2,67.0,48.1,50.7,56.3,10,0.1,16,-0.135,0.248,0.364,BNK FEARX Youth,25
HungryPanda,sup,PRM,3,85,0.529,64.3,62.1,53.4,62.6,44.6,60.4,56.2,13,0.154,19,0.31,-0.126,-0.509,Austrian Force willhaben|Partizan Sangal,26
Sn1lle,jng,LVP SL,2,55,0.545,61.6,53.8,45.4,47.9,66.6,58.5,56.2,9,0.0,16,0.06,0.082,-0.079,LUA Gaming,22
Carry,sup,TCL,15,68,0.5,57.2,57.8,56.2,58.4,47.1,55.6,56.2,11,0.182,16,0.097,0.05,-0.028,Papara SuperMassive,25
SiroN1,sup,HC,3,65,0.538,62.1,51.5,51.5,56.5,52.0,60.5,56.2,10,0.0,15,0.093,0.053,0.013,Meavedron,
alix,mid,EBL,3,76,0.539,62.3,49.8,52.6,44.3,45.8,56.6,56.2,13,0.154,17,0.015,0.11,0.262,Crvena zvezda Esports|Team Insidious|Zerance,19
Angel,mid,LPL,1,82,0.549,43.7,65.7,64.2,64.0,73.6,56.9,56.2,2,0.0,19,0.003,0.128,0.073,EDward Gaming,25
Slyv3r,bot,ROL,3,28,0.607,49.0,53.2,60.5,76.2,61.0,51.3,56.2,4,0.25,10,-0.152,0.248,0.698,mCon esports,33
Don Ponk,sup,NLC,2,27,0.704,53.2,46.1,54.9,61.2,54.7,53.4,56.2,5,0.2,9,-0.209,0.295,0.513,Lund Esports Organization|Lundqvist Lightside,
WonSeok,jng,LAS,3,48,0.479,63.2,62.1,46.6,39.2,67.5,55.8,56.1,6,0.0,15,0.243,-0.087,-0.344,HANJIN BRION Academy,18
Yeon,bot,LTA N,1,69,0.478,65.1,56.1,57.0,53.0,56.5,50.3,56.1,5,0.2,17,0.22,-0.059,-0.44,Team Liquid,24
Akashi,mid,AL,3,40,0.525,53.5,61.0,50.7,44.0,54.0,56.3,56.1,3,0.0,13,0.033,0.089,0.214,Anubis Gaming|Dragons Esports,18
gomamugicha,sup,LJL,15,29,0.655,53.8,51.7,57.9,55.7,52.3,52.5,56.1,8,0.25,11,-0.065,0.167,0.274,RAYN Clocks,
SiuLoong,sup,LCP,15,91,0.527,50.8,50.6,59.7,38.9,48.4,69.8,56.1,13,0.154,24,-0.116,0.213,0.378,MGN Vikings Esports|Vietnam (National Team),20
Should,sup,LAS,3,51,0.392,68.9,54.4,48.7,47.0,73.4,56.9,56.0,17,0.0,15,0.337,-0.168,-0.6,BNK FEARX Academy,23
Tibor,mid,HM,3,59,0.542,64.1,57.0,53.5,61.6,61.4,49.1,56.0,8,0.125,16,0.23,-0.081,-0.234,BRUTE|FlameHard|Tan'i eSports CZ,24
Venour,top,PRM,3,75,0.507,61.7,59.0,54.3,57.1,53.7,51.0,56.0,8,0.0,14,0.174,-0.036,-0.136,Kaufland Hangry Knights,23
Random,mid,PRM,3,75,0.507,66.2,53.3,50.4,57.2,57.3,60.1,56.0,8,0.0,21,0.179,-0.036,-0.116,Kaufland Hangry Knights,23
Chika,mid,VCS,15,23,0.522,57.4,61.8,53.8,41.6,38.4,61.8,56.0,8,0.25,14,0.123,0.007,-0.055,MGN Vikings Academy,19
Wamu,top,LRS,3,45,0.6,56.6,63.4,51.5,67.3,53.8,59.7,55.9,5,0.0,14,0.136,-0.011,-0.064,Maze Gaming,25
Archfiend,top,LIT,3,30,0.567,53.3,58.8,56.4,53.5,37.7,51.3,55.9,7,0.143,11,0.054,0.051,0.101,A One Man Army Prime|Zena Esports,
PatkicaA,top,LFL2,2,63,0.54,45.1,54.3,60.1,58.1,52.3,60.6,55.9,12,0.333,18,-0.214,0.275,0.466,IziDream,
Orca,sup,PCS,15,70,0.5,68.6,60.4,51.9,40.7,46.3,66.0,55.8,16,0.062,23,0.36,-0.213,-0.595,PSG Talon Academy,22
Pungyeon,mid,LCKC,2,141,0.489,66.5,61.2,66.0,38.5,57.5,52.7,55.8,22,0.273,18,0.496,-0.318,-1.046,DN SOOPers|DN SOOPers Challengers,21
Lac,bot,LRS,3,45,0.6,55.8,58.7,50.5,58.6,69.8,60.4,55.8,5,0.0,14,0.12,-0.011,-0.025,Maze Gaming,24
Zanzarah,jng,AL,3,75,0.533,55.1,57.2,51.1,74.4,50.8,52.8,55.8,11,0.091,17,0.012,0.079,0.152,Eintracht Frankfurt|Fog Esports|Misa Esports,29
Yusah,jng,VCS,15,24,0.583,52.8,57.7,53.3,53.0,68.7,63.0,55.8,6,0.167,11,0.027,0.068,0.164,Saigon Dino,22
Rewound,jng,NEXO,3,23,0.609,52.4,56.9,62.0,55.4,56.2,50.3,55.8,4,0.25,9,0.0,0.082,0.17,Falke Esports|Monta Club|NGU eSports,
Shookz,jng,LRS,3,26,0.538,59.6,59.3,50.7,56.4,74.0,65.8,55.7,3,0.0,17,0.223,-0.106,-0.344,WAP Esports,24
Jeykup,jng,LIT,3,57,0.526,51.4,57.8,54.9,55.2,52.4,57.4,55.7,11,0.091,16,0.007,0.065,0.141,Colossal Gaming|Underworld Esports,
Space,bot,ROL,3,35,0.457,52.8,43.3,48.0,59.3,54.1,53.7,55.7,9,0.111,12,-0.19,0.233,0.729,Myth Esports,23
random,mid,CD,2,50,0.5,41.5,50.9,52.3,59.1,48.4,58.9,55.7,12,0.083,14,-0.41,0.412,0.836,Alpha7 Esports|XV eSports,23
PlanB,sup,LAS,3,48,0.479,60.4,58.4,44.8,37.3,81.0,53.4,55.6,6,0.0,13,0.179,-0.087,-0.285,HANJIN BRION Academy,19
Baut,sup,TCL,15,22,0.5,57.5,59.2,57.0,52.4,66.3,54.5,55.6,4,0.25,10,0.13,-0.039,-0.159,BBL Dark Passage,24
Urgaleex,top,NEXO,3,24,0.417,60.2,56.4,49.7,52.3,39.6,51.7,55.6,3,0.0,10,0.114,-0.035,-0.067,Dream Makers|Guinea Pink,
Kaboom,jng,LIT,3,29,0.483,61.4,47.6,54.6,41.5,57.1,59.1,55.6,2,0.0,14,0.024,0.04,0.089,EKO Esports|Papara SuperMassive|ULF Esports,19
Levi,jng,LCP,15,100,0.48,53.8,54.1,61.5,76.4,58.0,62.3,55.6,14,0.143,22,0.009,0.056,0.172,GAM Esports,30
zekas,top,CD,2,52,0.558,51.7,55.9,47.6,56.8,61.7,61.8,55.6,3,0.0,17,-0.138,0.182,0.285,Corinthians Esports|Stellae Gaming,23
Tasteless,sup,EBL,3,40,0.6,51.4,50.8,57.5,75.0,34.9,47.2,55.6,9,0.222,9,-0.162,0.191,0.529,Partizan Esports|Partizan Sangal,28
Ludas Matyi,sup,HC,3,20,0.4,58.2,53.0,53.5,56.7,65.8,53.4,55.5,1,0.0,8,0.04,0.019,0.037,Delta Syndicate,
OWLONSKY,jng,AL,3,26,0.538,51.8,58.3,54.7,42.5,34.4,56.3,55.5,4,0.0,12,-0.055,0.101,0.263,FN Esports,20
Ahn,bot,LPL,1,58,0.552,52.9,56.6,46.1,56.4,71.9,48.4,55.5,0,0.0,14,-0.103,0.133,0.008,EDward Gaming,24
Tory,top,LJL,15,20,0.6,63.1,54.3,53.0,48.4,58.8,58.3,55.4,3,0.0,10,0.151,-0.083,-0.077,Yang Yang Gaming,22
Rabble,jng,PRM,3,75,0.507,62.6,51.8,51.6,58.2,54.6,58.4,55.4,8,0.0,17,0.099,-0.036,-0.101,Kaufland Hangry Knights,24
Jiejie,jng,LPL,1,110,0.536,48.7,64.5,46.5,57.5,46.1,67.6,55.4,1,0.0,25,-0.034,0.068,-0.034,FunPlus Phoenix|Invictus Gaming|Weibo Gaming,24
Duduhh,bot,CD,2,24,0.5,54.2,57.3,61.5,39.8,61.8,60.7,55.4,5,0.4,15,0.119,-0.056,-0.278,KaBuM! Ilha das Lendas,17
sas,sup,AL,3,26,0.538,56.0,51.7,51.9,58.6,47.9,57.1,55.4,4,0.0,10,-0.069,0.101,0.289,FN Esports,
KatzGames,top,NEXO,3,44,0.545,49.5,56.5,68.9,52.7,73.9,50.2,55.4,11,0.364,11,0.077,-0.023,-0.01,Monta Club|Oxygen Gaming,
Mxe,sup,TCL,15,68,0.515,51.1,53.9,60.3,45.0,63.5,53.3,55.4,14,0.143,15,-0.028,0.063,0.122,BBL Dark Passage|Esprit Shōnen|ULF Esports,22
Minu,jng,LAS,3,35,0.514,50.1,52.5,50.5,48.4,57.6,50.0,55.4,11,0.0,13,-0.178,0.183,0.52,BNK FEARX Academy,21
tol2,top,LJL,15,52,0.538,50.3,51.8,58.5,58.5,43.6,55.6,55.4,16,0.188,15,-0.144,0.159,0.561,Burning Core Toyama,23
CoreJJ,sup,LTA N,1,69,0.478,57.6,59.7,57.4,70.8,49.6,60.6,55.3,5,0.2,18,0.11,-0.059,-0.309,Team Liquid,31
Crimson,top,NACL,2,42,0.524,56.5,55.3,46.2,74.2,52.9,56.9,55.3,6,0.0,14,-0.06,0.085,0.098,CCG Esports,31
Osman123,jng,TCL,15,48,0.521,52.8,56.4,63.2,53.3,39.0,50.4,55.3,5,0.2,14,-0.022,0.045,0.196,Eternal Fire|Papara SuperMassive,22
Kofte,mid,TCL,15,72,0.514,50.7,58.1,59.2,60.5,68.9,54.2,55.3,14,0.214,16,0.016,0.02,0.08,BBL Dark Passage|Bushido Wildcats,24
Treatz,sup,NLC,2,49,0.51,58.2,48.6,55.6,69.4,54.7,54.5,55.3,9,0.111,13,-0.025,0.056,0.034,Movistar KOI Fénix|NORD Esports,29
Snaker,bot,LTA S,15,62,0.532,48.5,55.4,51.7,59.6,64.9,59.6,55.3,11,0.091,17,-0.116,0.13,0.475,Isurus|Isurus Estral,23
Miniduke,mid,LVP SL,2,35,0.543,49.1,53.6,50.8,54.5,50.3,52.3,55.3,14,0.143,14,-0.143,0.147,0.225,Veni Vidi Vici,
Kingen,top,LCK,1,144,0.417,70.0,53.6,52.4,56.8,37.8,54.5,55.2,28,0.0,23,0.277,-0.202,-0.521,Nongshim RedForce,25
Philip,top,NACL,2,20,0.55,58.8,55.7,50.5,54.2,44.3,48.5,55.2,1,0.0,8,0.014,0.012,-0.06,Citadel Gaming,23
pan,top,LRS,3,41,0.61,58.2,56.0,64.7,61.5,77.8,55.0,55.2,3,0.333,11,0.178,-0.12,-0.237,Farenvehn|Gwenchana,24
Poby,mid,LCKC,2,111,0.55,55.9,57.7,59.7,38.9,68.3,46.1,55.2,16,0.188,17,0.135,-0.086,-0.364,Fnatic|T1 Esports Academy,19
Skeanz,jng,TCL,15,59,0.475,53.8,58.6,51.6,67.6,38.1,55.7,55.2,11,0.091,18,-0.008,0.03,0.16,Papara SuperMassive|SK Gaming,25
Thomas,sup,LVP SL,2,57,0.526,50.3,55.2,50.1,45.4,45.8,52.6,55.2,15,0.133,13,-0.078,0.09,0.132,Movistar KOI Fénix|Veni Vidi Vici,22
SanSan,jng,VCS,15,23,0.522,53.1,52.2,64.6,43.0,63.2,54.8,55.2,8,0.25,10,0.021,0.007,0.095,MGN Vikings Academy,19
FENZ1,mid,EBL,3,47,0.574,65.0,58.9,46.2,49.7,40.4,53.4,55.1,5,0.0,14,0.246,-0.196,-0.395,SPIKE Syndicate|The Secret Club,22
Wolorz,mid,HM,3,36,0.528,60.9,55.3,53.4,41.9,53.0,56.0,55.1,9,0.0,12,0.132,-0.095,-0.131,Entropiq,19
Pipibaat,jng,ROL,3,69,0.522,57.2,58.4,58.9,56.8,60.4,65.2,55.1,18,0.167,23,0.163,-0.127,-0.294,A One Man Army|Senshi eSports|Tan'i eSports CZ,24
DiDi,mid,LRS,3,45,0.6,56.6,56.1,48.8,68.4,63.6,56.2,55.1,5,0.0,14,0.029,-0.011,0.098,Maze Gaming,25
Hydra,mid,LVP SL,2,55,0.545,53.9,54.8,45.9,72.6,63.9,50.8,55.1,9,0.0,13,-0.089,0.082,0.088,LUA Gaming,30
Raptor,jng,LCK,1,127,0.48,56.0,52.3,63.2,39.9,76.2,52.6,55.1,24,0.167,20,0.126,-0.094,-0.321,BNK FEARX,21
Zewih,bot,LIT,3,42,0.524,52.0,56.3,54.1,55.2,51.1,50.8,55.1,9,0.0,11,-0.002,0.017,0.178,Colossal Gaming|Underworld Esports,
Piku,jng,CT,3,27,0.593,52.6,52.9,48.2,57.0,57.4,55.5,55.1,4,0.0,10,-0.131,0.113,0.373,Falke Esports,
Yuuji,jng,LTA N,1,35,0.543,53.7,48.9,47.8,54.3,33.3,45.2,55.1,2,0.0,10,-0.26,0.227,0.31,DarkZero Dragonsteel|Team Liquid,23
Tian,jng,LPL,1,150,0.467,61.8,58.2,46.0,61.2,46.8,45.8,55.0,1,0.0,20,0.118,-0.096,-0.315,Weibo Gaming,25
soul1,jng,HC,3,56,0.536,61.2,55.5,50.6,52.3,65.1,53.1,55.0,8,0.0,15,0.134,-0.112,-0.24,Meavedron,
Richu,sup,ROL,3,24,0.542,55.4,57.8,54.3,38.7,59.0,49.5,55.0,10,0.2,10,0.02,-0.013,0.022,Myth Esports|TeamOrangeGaming Academy,18
Stookbeer,sup,ROL,3,39,0.538,55.3,57.5,55.8,65.5,54.3,57.1,55.0,8,0.25,14,0.057,-0.049,-0.075,A One Man Army|mCon esports,26
Parlita,top,NEXO,3,29,0.517,56.1,54.3,55.6,53.8,38.0,57.1,55.0,7,0.143,14,-0.015,0.009,0.132,Guinea Pink|eQuizers,
Koala,sup,PCS,15,74,0.541,56.3,52.9,48.0,71.9,42.2,53.2,55.0,17,0.0,15,-0.071,0.063,0.168,Frank Esports|Ground Zero Gaming,30
Lumos,sup,LAS,3,30,0.4,68.8,60.8,64.2,34.0,57.4,62.6,54.9,7,0.429,13,0.534,-0.447,-1.225,Gen.G Scholars,18
Bonnie,jng,LCKC,2,55,0.509,59.5,58.7,55.3,54.9,65.8,52.3,54.9,11,0.182,13,0.198,-0.174,-0.521,BBL Dark Passage|BNK FEARX Youth,24
Jun,sup,LEC,1,57,0.474,59.2,59.0,55.2,57.9,61.7,51.9,54.9,6,0.167,14,0.136,-0.121,-0.38,GiantX,25
Pabu,jng,AL,3,23,0.478,57.5,56.3,51.8,67.1,65.2,63.3,54.9,5,0.0,13,0.063,-0.067,-0.094,Dragons Esports|Nigma Galaxy,26
Shiku,sup,LRN,3,44,0.591,51.5,58.8,66.1,41.9,46.2,58.2,54.9,4,0.5,13,0.044,-0.044,-0.051,Fuego|Golden Lions,21
Liweier,jng,PCS,15,36,0.528,58.9,47.0,68.8,51.5,42.5,60.5,54.9,7,0.286,16,0.063,-0.065,-0.046,West Point Esports,
LazyFeel,bot,LCKC,2,132,0.515,51.0,54.6,61.1,41.0,45.9,52.8,54.9,23,0.174,20,-0.02,0.008,-0.044,Kiwoom DRX|Kiwoom DRX Challengers,18
Tyrone,bot,LIT,3,21,0.524,52.4,52.6,61.6,42.0,31.3,52.9,54.9,3,0.333,11,-0.042,0.027,0.247,Colossal Gaming,19
Drofan,jng,HLL,3,37,0.568,67.7,52.9,49.4,39.0,68.9,51.8,54.8,7,0.0,12,0.196,-0.177,-0.398,GOAL|SINS Esports,20
YYG Magus,sup,LJL,15,21,0.619,54.6,54.5,51.2,54.9,37.9,50.9,54.8,5,0.0,6,-0.089,0.05,0.173,Yang Yang Gaming,
Jalleba,bot,AL,3,26,0.538,52.1,54.4,53.2,57.5,37.1,58.1,54.8,4,0.0,10,-0.144,0.101,0.486,FN Esports,
APP,top,EBL,3,74,0.595,51.9,51.3,55.5,44.8,53.5,52.6,54.8,10,0.2,13,-0.098,0.061,0.287,Crvena zvezda Esports|SPIKE Syndicate,19
Competitive,mid,LJL,15,51,0.588,51.1,51.7,51.0,51.7,77.9,50.4,54.8,10,0.1,14,-0.06,0.032,0.178,VARREL YOUTH,
Aithusa,mid,CD,2,52,0.558,47.2,54.1,50.7,55.7,62.6,51.9,54.8,3,0.0,14,-0.255,0.182,0.393,Corinthians Esports|Stellae Gaming,23
Airren,bot,NACL,2,42,0.524,50.3,50.6,61.8,60.6,43.7,61.0,54.8,4,0.25,15,-0.084,0.049,0.077,Blue Otter|Conviction|Lotus,24
Brance,bot,LTA S,15,28,0.464,63.2,61.1,47.2,42.8,54.1,62.9,54.7,4,0.0,12,0.229,-0.22,-0.349,RED Canids,21
Ichiwin,sup,LRN,3,46,0.609,53.0,58.4,59.7,56.5,41.6,52.7,54.7,7,0.286,12,0.006,-0.04,0.004,SDM Tigres|Zeu5 Esports,24
Lofti,mid,NLC,2,26,0.577,60.9,49.9,63.7,48.5,76.7,52.6,54.7,5,0.2,13,0.211,-0.199,-0.581,Lund Esports Organization|Venomcrest Esports,
Wiz,jng,CD,2,50,0.48,49.2,58.5,68.0,70.9,39.9,58.2,54.7,8,0.375,16,0.009,-0.037,-0.155,KaBuM! Ilha das Lendas|LOUD,27
Hakari,top,CD,2,23,0.348,47.1,56.4,49.6,43.8,42.1,52.6,54.7,7,0.0,9,-0.236,0.16,0.366,Tigers eSports|e-Champ Gaming,20
Nash,sup,EM,2,63,0.524,49.0,54.1,51.7,58.6,41.3,45.6,54.7,12,0.167,12,-0.124,0.066,0.157,BBL Dark Passage|NORD Esports|Veni Vidi Vici,
Ze Luis,sup,LPLOL,3,40,0.55,64.1,59.4,57.4,51.0,50.6,55.5,54.6,6,0.167,14,0.308,-0.291,-0.724,For The Win Esports|Otter Side,
Innaxe,bot,PRM,3,44,0.545,55.5,62.5,47.7,67.0,49.5,61.1,54.6,8,0.0,14,0.084,-0.107,-0.108,Dung Dynasty|Eintracht Spandau|NORD Esports,26
Crack,sup,LCKC,2,89,0.506,59.1,57.6,43.4,42.5,68.6,50.6,54.6,7,0.0,11,0.113,-0.133,-0.338,Nongshim Esports Academy,22
Syzyfek,bot,PRM,3,63,0.476,55.5,59.0,56.7,43.2,60.1,55.3,54.6,16,0.188,16,0.12,-0.139,-0.201,ROSSMANN Centaurs|Ramboot Club,21
Starry,bot,LPL,1,60,0.467,57.3,56.4,55.8,39.5,74.3,53.4,54.6,4,0.25,16,0.122,-0.141,-0.426,Oh My God|Oh My God Academy,21
Evangelyne,bot,ROL,3,21,0.619,53.2,54.3,51.5,56.8,42.4,55.6,54.6,4,0.0,10,-0.12,0.057,0.394,ZennIT,
Kellin,sup,LCK,1,127,0.48,49.2,58.1,61.7,53.7,73.1,57.3,54.6,24,0.167,19,0.061,-0.094,-0.298,BNK FEARX,24
Kurahuto,sup,LJL,15,48,0.5,54.1,51.6,50.8,54.4,34.8,42.9,54.6,22,0.182,9,-0.065,0.008,0.103,DetonatioN FocusMe Academy,
Sinmivak,top,LVP SL,2,62,0.516,47.8,52.7,64.4,60.0,59.0,55.4,54.6,12,0.25,16,-0.098,0.042,0.092,UCAM Esports,24
Bruce,jng,LJL,15,52,0.538,44.8,53.5,56.6,51.2,45.4,50.6,54.6,16,0.188,14,-0.243,0.159,0.614,Burning Core Toyama,21
Asza,bot,ROL,3,26,0.346,64.6,58.9,67.7,46.2,78.8,54.9,54.5,7,0.429,11,0.458,-0.429,-1.056,Senshi eSports,
Mihai,bot,EBL,3,64,0.562,54.9,62.6,65.4,61.0,49.9,52.1,54.5,10,0.3,15,0.178,-0.2,-0.362,Partizan Esports|Partizan Sangal|Skillcamp,25
Revenge,bot,LAS,3,48,0.479,55.6,60.6,44.9,40.5,71.0,48.6,54.5,6,0.0,12,0.036,-0.087,-0.016,HANJIN BRION Academy,18
DDoiV,jng,LCKC,2,148,0.507,53.2,62.3,66.2,44.6,53.3,58.6,54.5,20,0.25,23,0.202,-0.219,-0.576,DN SOOPers|DN SOOPers Challengers,22
Vin,mid,VCS,15,34,0.559,55.0,55.6,61.9,50.0,47.7,55.1,54.5,7,0.286,12,0.037,-0.079,-0.054,Hyper Vortex Esports|SN CyberCore Esports,22
Follow,jng,LRS,3,32,0.562,52.7,54.6,59.8,63.9,37.2,59.5,54.5,4,0.25,13,-0.021,-0.038,0.047,Farenvehn|Golden Lions,25
Nade,sup,HC,3,25,0.44,52.7,53.1,61.7,54.3,80.7,56.0,54.5,4,0.5,10,0.117,-0.151,-0.287,Ethereal Enigmas,
Deceiving,mid,AL,3,26,0.538,48.5,56.0,51.2,56.4,48.4,64.2,54.5,4,0.0,15,-0.185,0.101,0.496,FN Esports,
Sahira,mid,AL,3,30,0.533,54.3,48.2,50.4,56.7,42.0,57.4,54.5,3,0.0,10,-0.207,0.12,0.546,One More Esports,
Zkai,top,PCS,15,65,0.446,65.5,53.4,61.6,39.6,64.7,53.1,54.4,15,0.067,14,0.418,-0.406,-0.779,CTBC Flying Oyster Academy,21
Noah,bot,LEC,1,57,0.474,58.3,56.7,52.8,53.6,69.1,49.5,54.4,6,0.167,14,0.072,-0.121,-0.366,GiantX,24
Dinai,jng,PCS,15,21,0.476,59.2,55.0,50.2,42.5,48.0,55.1,54.4,4,0.0,10,0.008,-0.075,0.01,PSG Talon Academy,20
Shini,jng,LTA S,15,41,0.537,54.7,55.0,47.7,76.1,70.9,55.6,54.4,4,0.0,12,-0.021,-0.046,0.082,Cusprills|LOUD,28
Prominence,jng,NEXO,3,35,0.543,50.1,59.5,50.8,55.3,63.8,53.0,54.4,3,0.0,10,-0.074,-0.0,0.161,Kawaii Kiwis,
Diamond,sup,NACL,2,20,0.55,56.7,52.3,48.4,69.5,42.5,60.3,54.4,1,0.0,13,-0.097,0.012,0.065,Citadel Gaming,32
Shy Carry,bot,LVP SL,2,55,0.545,51.2,55.3,45.3,46.8,56.2,44.5,54.4,9,0.0,11,-0.174,0.082,0.217,LUA Gaming,21
Pericolo,bot,LIT,3,28,0.607,49.6,48.3,54.4,63.6,32.0,51.5,54.4,5,0.2,9,-0.241,0.136,0.665,Zena Esports,24
cody,mid,LTA S,15,58,0.483,60.6,60.3,52.4,56.8,63.6,61.4,54.3,16,0.125,21,0.204,-0.241,-0.424,Estral Esports|Leviatan,24
Baul,jng,ROL,3,21,0.524,54.9,58.3,54.4,62.8,68.1,52.8,54.3,9,0.222,11,0.041,-0.108,-0.118,Myth Esports,25
Dehaste,mid,NLC,2,22,0.5,54.8,55.8,55.7,60.6,42.5,44.9,54.3,5,0.2,9,-0.02,-0.058,-0.153,Rich Gang,25
Impact,top,LTA N,1,66,0.485,53.8,49.6,51.8,72.0,67.1,46.2,54.3,5,0.2,15,-0.153,0.048,0.019,Team Liquid,30
Mrozku,mid,RL,3,95,0.547,48.2,54.5,44.2,51.8,50.9,65.7,54.3,10,0.0,25,-0.248,0.129,0.607,Forsaken|StormMedia Fajnie Mieć Skład,21
Wicked,mid,AL,3,42,0.5,55.1,47.3,64.6,43.3,68.9,65.0,54.3,7,0.286,16,-0.02,-0.061,0.096,BAAM Esports|Oxygen Gaming,18
Rayito,bot,LVP SL,2,76,0.5,50.1,50.4,52.1,55.9,41.3,49.9,54.3,25,0.2,15,-0.136,0.037,0.123,Veni Vidi Vici,
Xiaohu,mid,LPL,1,160,0.463,61.3,64.5,49.3,68.4,48.9,45.5,54.2,2,0.0,21,0.25,-0.29,-0.447,Weibo Gaming,27
DVLK,jng,HW,3,23,0.522,58.4,48.5,55.4,55.0,53.0,56.0,54.2,7,0.143,12,-0.067,-0.027,0.118,Meavedron,
Metroflox,jng,LIT,3,48,0.542,61.7,57.3,52.8,50.4,37.5,55.6,54.2,10,0.1,17,0.203,-0.251,-0.499,Zena Esports,
Music,jng,NACL,2,36,0.5,60.4,57.5,49.5,60.9,57.0,54.6,54.2,7,0.0,12,0.098,-0.163,-0.396,Blue Otter|CCG Esports,25
Ariana,top,NACL,2,23,0.478,58.6,52.9,54.5,48.6,42.1,60.1,54.2,6,0.167,12,0.015,-0.099,-0.18,Dorado Gaming,22
shochi,mid,NACL,2,23,0.478,59.3,51.8,55.0,50.9,35.4,58.9,54.2,6,0.167,13,0.017,-0.099,-0.243,Dorado Gaming,23
SaKi,sup,LJL,15,51,0.588,50.2,52.7,51.5,41.5,60.0,55.9,54.2,10,0.1,11,-0.142,0.032,0.211,VARREL YOUTH,21
SkyK,bot,VCS,15,33,0.455,48.4,54.3,52.4,43.4,36.3,58.1,54.1,14,0.143,15,-0.204,0.068,0.505,MGN Vikings Academy|SN CyberCore Esports,20
shanji,top,LPL,1,47,0.468,51.7,49.8,47.8,61.6,42.0,56.7,54.1,0,0.0,16,-0.243,0.099,0.131,Ninjas in Pyjamas,25
Nae,bot,NEXO,3,24,0.583,61.6,55.6,51.1,52.0,79.7,52.7,54.0,2,0.0,8,0.1,-0.188,-0.24,Dream Makers|Kawaii Kiwis,
xin,jng,PCS,15,65,0.446,60.4,53.1,61.8,41.5,78.1,52.9,54.0,15,0.067,18,0.362,-0.406,-0.845,CTBC Flying Oyster Academy,21
0ri,jng,HC,3,29,0.379,52.8,50.5,55.9,49.7,67.6,57.3,54.0,9,0.222,14,-0.053,-0.066,0.051,Dynamo Eclot Talents,22
Miata,jng,HC,3,24,0.5,49.7,51.9,61.6,56.3,41.2,52.8,54.0,6,0.333,10,-0.153,0.022,0.287,Ethereal Enigmas,23
sanghyeon,sup,CD,2,45,0.533,44.8,55.8,57.5,55.1,41.3,46.6,54.0,3,0.333,10,-0.227,0.078,0.287,LØS,24
Van1,jng,LJL,15,39,0.513,65.0,57.6,52.8,47.2,43.8,60.5,53.9,4,0.0,16,0.267,-0.336,-0.639,QT DIG∞,22
Nawa,bot,TCL,15,34,0.5,54.1,54.8,58.8,41.1,69.1,52.0,53.9,6,0.167,11,-0.027,-0.095,0.103,BBL Dark Passage|Gamespace Mediterranean College Esports,19
Atat,sup,LIT,3,21,0.524,55.9,52.8,51.1,42.3,35.5,55.2,53.9,4,0.0,9,-0.04,-0.079,0.014,GMBLERS Esports,21
Specter,top,LAS,3,27,0.519,51.8,54.1,50.5,44.2,65.6,47.2,53.9,3,0.0,8,-0.105,-0.032,0.188,HANJIN BRION Academy,19
Nyx,jng,LVP SL,2,42,0.452,47.4,54.1,49.5,49.7,42.7,49.1,53.9,15,0.0,14,-0.193,0.042,0.16,Guasones|Rich Gang|Zerolag Esports,22
Leza,mid,LRN,3,38,0.579,61.7,59.2,46.9,73.6,36.7,52.9,53.8,4,0.0,14,0.109,-0.217,-0.252,Isurus|Zeu5 Esports,27
CoBiT,sup,LAS,3,64,0.5,59.0,56.6,53.1,37.3,48.5,60.7,53.8,10,0.1,16,0.076,-0.193,-0.289,DN SOOPers Academy,19
Bradley,mid,NACL,2,22,0.5,61.0,52.5,49.5,55.2,36.1,60.1,53.8,2,0.0,15,0.01,-0.139,-0.282,Citadel Gaming|SDM Tigres,24
Painful,mid,ROL,3,40,0.475,56.3,53.3,55.2,52.8,66.1,62.1,53.8,12,0.083,18,-0.017,-0.116,0.025,A One Man Army|Bulldog Esports,
Marlley,sup,HC,3,59,0.441,54.6,54.4,62.0,53.1,61.1,66.4,53.8,17,0.176,20,0.143,-0.239,-0.437,Diversion Gaming|Dynamo Eclot Talents,
Bambi,top,LIT,3,21,0.524,57.5,50.5,50.8,48.2,37.0,56.7,53.8,4,0.0,10,-0.058,-0.079,0.081,GMBLERS Esports,21
Ardo,sup,NEXO,3,24,0.542,51.5,52.9,52.6,58.3,52.8,55.1,53.8,2,0.0,8,-0.146,-0.007,0.248,Kawaii Kiwis,
Taeyoon,bot,LPL,1,140,0.414,54.3,61.6,51.6,48.2,48.4,45.3,53.7,2,0.0,17,0.053,-0.178,-0.398,Nongshim RedForce|Team WE,23
Carzzy,bot,LEC,1,52,0.442,53.4,58.1,59.7,47.9,52.1,53.6,53.7,9,0.333,14,0.083,-0.206,-0.449,Team Vitality,23
Afroboi,jng,PRM,3,78,0.487,56.6,53.7,50.9,62.7,49.1,63.6,53.7,23,0.087,24,0.012,-0.15,-0.134,E WIE EINFACH E-SPORTS,25
MyCash,top,HC,3,37,0.486,52.7,57.1,46.1,52.7,77.2,59.3,53.7,6,0.0,15,-0.021,-0.119,-0.008,Dynamo Eclot|Meavedron,
ScienTrist,sup,ROL,3,26,0.577,57.3,50.2,49.0,57.9,43.2,51.8,53.7,1,0.0,9,-0.13,-0.029,0.198,mCon esports,24
Matixx,top,NLC,2,22,0.5,54.3,53.2,54.5,41.5,37.8,45.5,53.7,5,0.2,7,-0.095,-0.058,-0.018,Rich Gang,19
Maged,top,AL,3,94,0.5,57.9,49.3,47.0,64.3,43.7,58.3,53.7,13,0.0,18,-0.107,-0.049,0.17,Anubis Gaming|Fog Esports,24
rre,mid,LJL,15,48,0.5,49.0,55.6,53.9,47.9,42.6,53.9,53.7,22,0.182,15,-0.182,0.008,0.289,DetonatioN FocusMe Academy,21
GoDirr,top,HC,3,25,0.44,54.6,49.6,64.9,42.5,65.1,54.5,53.7,4,0.5,10,0.015,-0.151,-0.085,Ethereal Enigmas,16
Mercy9,mid,LVP SL,2,88,0.523,48.2,54.1,51.8,41.7,48.2,59.3,53.7,13,0.0,17,-0.212,0.032,0.171,Bushido Wildcats|Team Heretics Academy,20
Mago,mid,CD,2,30,0.533,50.4,50.5,57.9,44.4,75.2,53.9,53.7,1,0.0,11,-0.133,-0.025,0.015,RED Academy|RED Canids,21
Hinata,mid,LAS,3,99,0.434,57.6,63.6,44.7,45.3,53.2,46.4,53.6,23,0.0,19,0.119,-0.251,-0.307,BNK FEARX Academy|HANJIN BRION Academy,21
Yuki,bot,EBL,3,47,0.574,63.2,52.7,46.3,73.2,57.1,61.1,53.6,5,0.0,16,0.061,-0.196,-0.198,SPIKE Syndicate|The Secret Club,31
fNb,top,LTA S,15,63,0.508,54.9,59.6,56.9,63.9,50.1,66.1,53.6,9,0.111,20,0.061,-0.194,-0.102,RED Canids,25
raki,bot,LJL,15,48,0.562,58.2,55.1,49.6,48.9,58.8,59.2,53.6,10,0.1,13,0.088,-0.226,-0.189,VARREL YOUTH,22
Lot,top,LEC,1,57,0.474,51.0,59.5,51.0,41.4,76.8,50.3,53.6,6,0.167,15,-0.028,-0.121,-0.214,GiantX,21
Kituruken,jng,HLL,3,28,0.536,60.3,49.3,48.6,52.8,57.0,50.3,53.6,4,0.0,10,0.021,-0.17,-0.17,BBL Dark Passage|Team Insidious|Zerolag Esports,
Razer,mid,LJL,15,37,0.459,51.0,51.0,49.8,51.7,72.2,49.7,53.6,12,0.0,11,-0.132,-0.039,0.179,Bamboo Juice|RAYN Clocks,
Taba,jng,NEXO,3,37,0.514,42.7,52.3,56.8,67.9,40.9,54.4,53.6,8,0.125,14,-0.353,0.139,0.683,Guinea Pink|eQuizers,25
Zuhy,mid,LPLOL,3,33,0.515,61.8,58.9,53.6,49.5,42.3,48.3,53.5,8,0.125,12,0.169,-0.295,-0.422,KAOS e-sport|Odivelas Sports Club,
ISMA,jng,LEC,1,63,0.46,61.1,57.6,56.8,53.4,53.4,42.1,53.5,7,0.143,13,0.189,-0.318,-0.577,GiantX|Karmine Corp Blue|SK Gaming,24
Czajek,mid,LEC,1,52,0.442,56.5,53.8,62.9,48.2,45.6,62.6,53.5,9,0.333,18,0.055,-0.206,-0.229,Team Vitality,22
J0J0C,mid,HLL,3,30,0.633,50.2,49.9,53.8,76.1,39.6,60.6,53.5,5,0.0,16,-0.243,0.044,0.497,GOAL|SINS Esports|Team Phantasma,27
Seiya,mid,LRN,3,31,0.387,58.4,63.1,51.2,75.2,80.7,53.5,53.4,8,0.0,11,0.204,-0.341,-0.52,LYON Academy,29
Juzu,top,AL,3,35,0.4,58.3,56.8,53.2,70.4,67.6,55.2,53.4,10,0.1,13,0.049,-0.214,-0.196,Anubis Gaming|Fog Esports,26
gotae,top,LJL,15,37,0.568,64.4,50.4,48.3,52.9,53.7,51.0,53.4,9,0.0,11,0.077,-0.237,-0.173,RAYN Clocks,
Noz2k,bot,PRM,3,78,0.487,51.9,62.7,50.5,44.3,36.9,56.4,53.4,23,0.087,19,-0.02,-0.15,-0.025,E WIE EINFACH E-SPORTS,21
6ax,mid,AL,3,24,0.458,54.7,56.0,51.2,53.0,34.2,59.2,53.4,3,0.0,11,-0.05,-0.132,0.046,BAAM Esports,
Mirrowfox,mid,NEXO,3,22,0.364,54.9,53.7,51.8,54.0,33.9,45.6,53.4,6,0.0,10,-0.11,-0.08,0.182,Green Dolphin Gaming|Guinea Pink,
kehvo,bot,AL,3,58,0.483,53.9,51.7,49.1,71.8,63.3,46.3,53.4,15,0.067,15,-0.088,-0.1,0.135,Anubis Gaming|Rich Gang,27
Gastruks,sup,LRS,3,44,0.591,47.7,56.7,47.6,67.3,71.2,61.8,53.4,5,0.0,14,-0.157,-0.044,0.214,Maze Gaming,26
Kaido,jng,NACL,2,23,0.478,52.5,51.0,61.1,52.7,31.6,53.4,53.4,6,0.167,11,-0.082,-0.099,-0.122,Dorado Gaming,
UniqueCORN,mid,HM,3,51,0.529,62.6,51.4,52.7,61.1,65.5,57.0,53.3,7,0.143,16,0.103,-0.264,-0.302,FlameHard|Team UNiTY,24
StarScreen,top,AL,3,53,0.547,55.4,56.9,53.7,61.9,61.8,59.4,53.3,12,0.083,18,0.039,-0.209,-0.179,Dragons Esports|Nocturne Gale|Veni Vidi Vici,24
Naak Nako,top,LEC,1,52,0.442,59.6,46.5,67.0,37.7,54.1,64.0,53.3,9,0.333,20,0.034,-0.206,-0.331,Team Vitality,20
Naitz,bot,LRS,3,21,0.429,51.1,53.5,52.0,46.0,55.3,59.0,53.3,4,0.0,11,-0.133,-0.071,0.237,Ligre Gaming|Sicar Esports,21
wanan,bot,LJL,15,48,0.5,49.2,46.5,55.8,53.8,47.3,59.4,53.3,22,0.182,16,-0.226,0.008,0.461,DetonatioN FocusMe Academy,22
Blueboar,jng,EBL,3,23,0.652,45.8,49.6,55.0,56.9,62.7,48.5,53.3,6,0.167,8,-0.229,0.008,0.365,Crvena zvezda Esports,
Hyorai,sup,LIT,3,21,0.381,61.0,56.0,52.8,53.3,79.3,59.7,53.2,6,0.167,13,0.095,-0.265,-0.409,EKO Esports,
Pangjin,bot,RL,3,44,0.5,56.8,59.4,56.2,56.4,49.8,59.5,53.2,4,0.25,15,0.083,-0.262,-0.318,Forsaken|Ici Japon Corp. Esport,24
Sounda,jng,RL,3,22,0.5,52.7,62.8,49.0,47.1,79.4,52.6,53.2,0,0.0,10,0.061,-0.241,-0.309,Forsaken,22
Aeru,bot,AL,3,67,0.493,59.1,51.1,55.2,50.9,78.6,61.3,53.2,10,0.2,18,0.115,-0.283,-0.39,BAAM Esports|GnG Amazigh|One More Esports,
XerRay,sup,HW,3,20,0.55,53.3,54.5,56.7,50.8,53.2,48.7,53.2,6,0.167,8,-0.049,-0.149,-0.067,Meavedron,23
Visdom,sup,PRM,3,75,0.507,48.7,56.7,49.5,58.5,45.5,49.7,53.2,8,0.0,13,-0.194,-0.036,0.273,Kaufland Hangry Knights,
Mixtsure,sup,NACL,2,23,0.478,55.7,49.0,53.8,48.3,38.7,61.5,53.2,6,0.167,12,-0.117,-0.099,-0.039,Dorado Gaming,23
Jiwoo,bot,LCK,1,141,0.44,49.3,44.6,52.8,42.7,47.5,58.2,53.2,23,0.0,22,-0.321,0.071,0.143,Kiwoom DRX|Nongshim Esports Academy|Nongshim RedForce,21
Krest,top,AL,3,42,0.5,60.0,63.7,63.2,38.7,59.2,48.9,53.1,8,0.25,11,0.328,-0.467,-0.806,Fox Gaming|One More Esports,19
Nanaue,top,VCS,15,40,0.525,60.9,56.3,52.9,38.0,53.1,67.2,53.1,13,0.154,19,0.173,-0.339,-0.407,MGN Vikings Academy|Saigon Secret,19
Lothen,bot,RL,3,65,0.523,52.7,55.4,59.2,52.8,57.7,61.1,53.1,11,0.182,19,0.005,-0.208,-0.138,Back2TheGame,23
KSAEZ,mid,TCL,15,31,0.387,49.3,57.7,59.9,64.4,54.0,49.7,53.1,9,0.111,12,-0.075,-0.14,0.002,Anubis Gaming|BBL Dark Passage,25
Jackies,mid,LEC,1,57,0.474,56.5,48.1,54.5,45.3,63.4,59.5,53.1,6,0.167,18,-0.097,-0.121,-0.043,GiantX,21
Warner,mid,AL,3,56,0.464,60.4,61.0,57.8,39.6,40.2,69.5,53.0,19,0.211,22,0.2,-0.372,-0.554,Fox Gaming|Kaeru Gyuangu,20
AlluK,jng,LRS,3,22,0.364,51.2,60.0,58.7,39.8,34.8,55.1,53.0,2,0.0,11,0.014,-0.222,-0.227,Golden Lions|Seven Dark,20
Wuis,sup,HM,3,67,0.537,54.6,53.4,54.0,44.6,65.1,55.5,53.0,15,0.133,17,0.024,-0.235,-0.276,GTZ Esports|Team UNiTY|Zena Esports,22
Sushee,bot,NACL,2,22,0.455,46.7,53.9,59.8,41.5,71.8,61.8,53.0,6,0.333,12,-0.174,-0.067,0.046,Dorado Gaming|Near Airport,19
Castle,top,LTA N,1,48,0.396,62.2,59.5,60.6,44.4,81.6,55.9,52.9,9,0.111,18,0.457,-0.599,-0.979,Disguised,23
Inzuh,mid,LIT,3,44,0.545,49.3,53.7,52.6,53.9,60.7,54.0,52.9,10,0.1,14,-0.135,-0.115,0.17,Underworld Esports|Zena Esports,
Fresskowy,mid,LVP SL,2,50,0.46,60.6,58.2,57.3,60.3,71.2,49.8,52.8,6,0.167,14,0.193,-0.395,-0.786,Movistar KOI Fénix,26
tinowns,mid,LTA S,15,38,0.474,54.3,60.4,57.6,73.0,52.6,59.4,52.8,5,0.2,15,0.062,-0.283,-0.312,LOUD,28
Sebekx,mid,RL,3,28,0.464,58.2,55.2,49.8,75.9,48.9,53.1,52.8,6,0.0,15,0.066,-0.293,-0.292,GOAL|MY STAR,30
Esko,bot,HM,3,51,0.49,53.8,57.5,53.0,51.5,56.7,59.4,52.8,9,0.111,17,0.054,-0.281,-0.304,BRUTE|Tan'i eSports CZ,
HALdesu,jng,LJL,15,31,0.613,50.9,50.3,50.4,54.5,51.4,51.6,52.8,7,0.0,10,-0.237,-0.038,0.36,VARREL YOUTH,
Ichikawa,bot,LRN,3,21,0.381,60.5,59.8,50.2,58.6,70.5,61.5,52.7,2,0.0,13,0.202,-0.409,-0.68,PÊEK Gaming,25
Weizhe,top,PCS,15,70,0.5,55.9,56.2,48.8,59.6,53.9,59.9,52.7,16,0.062,18,-0.04,-0.213,-0.004,PSG Talon Academy,24
Bananitoo,sup,HLL,3,28,0.464,53.8,57.0,51.7,69.6,36.6,45.4,52.7,3,0.0,7,-0.084,-0.174,-0.054,WLGaming Esports,27
Enjawve,sup,LFL2,2,40,0.4,59.4,50.7,50.8,64.2,45.6,51.3,52.7,9,0.0,10,-0.052,-0.202,-0.228,Lille Esport,27
Nisqy,sup,LEC,1,21,0.429,57.5,52.0,59.4,66.8,49.1,60.6,52.7,3,0.333,11,0.014,-0.254,-0.389,Team Vitality,27
xiaofang,jng,LPL,1,29,0.448,54.7,53.1,49.2,40.8,56.3,55.7,52.7,0,0.0,13,-0.119,-0.148,-0.151,LNG Esports,21
Oguzkhan,jng,NLC,2,21,0.476,54.6,48.6,54.8,53.6,32.7,45.3,52.7,5,0.2,8,-0.183,-0.092,-0.001,Rich Gang,
Lelouch,bot,LVP SL,2,22,0.409,45.5,49.7,54.3,46.8,81.3,56.6,52.7,8,0.0,14,-0.278,-0.021,0.219,Guasones|Magaza Esports,21
Guvez,top,LPLOL,3,20,0.5,66.4,56.3,52.1,47.3,58.5,57.0,52.6,2,0.0,11,0.273,-0.474,-0.751,B2U|Crusaders,
mikusik,jng,RL,3,21,0.381,61.5,55.0,49.6,37.2,81.1,60.2,52.6,4,0.0,13,0.228,-0.447,-0.776,Barcząca Esports|Orzeł Barcząca Esports,18
Sparz,sup,AL,3,57,0.439,58.5,55.8,52.1,61.2,70.2,50.0,52.6,18,0.056,12,0.185,-0.406,-0.712,GLORE|GnG Amazigh|The ParadOx Invaders,26
Royeq,bot,RL,3,26,0.462,58.4,53.6,49.1,38.7,76.4,47.6,52.6,4,0.0,10,0.071,-0.31,-0.366,Leões Porto Salvo Esports|MY STAR,19
NaiNa,bot,LJL,15,22,0.591,49.1,51.2,52.3,53.5,41.5,53.1,52.6,6,0.0,7,-0.255,-0.045,0.432,Yang Yang Gaming,22
Pinki,bot,EBL,3,37,0.486,59.2,55.1,48.2,62.6,39.6,60.3,52.5,8,0.0,14,-0.031,-0.245,-0.139,Mental Over Tempo|SPIKE Syndicate,25
Bobsik,top,HM,3,53,0.434,53.3,56.0,55.5,41.6,58.8,54.6,52.5,10,0.2,14,0.018,-0.277,-0.233,Team UNiTY,19
Berr,sup,LCKC,2,85,0.471,49.3,58.8,58.2,36.9,62.1,48.9,52.5,18,0.222,14,-0.038,-0.233,-0.28,Dplus Kia Challengers,20
Aegis,jng,LTA S,15,36,0.5,48.7,57.4,45.4,43.7,45.1,54.5,52.5,6,0.0,13,-0.189,-0.112,0.209,LØS|RED Academy|RED Canids,20
Kina,mid,CD,2,29,0.586,49.7,52.8,66.9,59.1,64.9,64.5,52.5,3,0.333,13,-0.03,-0.239,-0.35,Contrata Logo Meu Time|Cusprills,25
Sniper,top,LTA N,1,37,0.514,45.4,50.1,60.6,39.7,41.3,58.5,52.5,5,0.2,14,-0.305,-0.017,0.088,100 Thieves,19
Manel,sup,CD,2,28,0.5,55.4,55.3,61.7,35.4,79.1,58.7,52.4,5,0.2,12,0.151,-0.403,-0.688,Contrata Logo Meu Time|Corinthians Esports,19
nvillada,top,LRS,3,28,0.464,51.6,56.4,62.9,45.6,80.6,54.2,52.4,4,0.25,12,0.037,-0.309,-0.292,Golden Lions|Sicar Esports,21
DnDn,top,TCL,15,45,0.467,53.7,54.2,52.1,49.2,41.5,48.7,52.4,5,0.0,14,-0.08,-0.213,0.042,Eternal Fire|SK Gaming,22
MetroArcher,bot,AL,3,34,0.529,53.8,52.2,55.2,54.3,43.6,53.5,52.4,10,0.1,10,-0.115,-0.186,0.055,FlameHard|One More Esports,
Tockimo,sup,PRM,3,78,0.487,52.4,53.3,51.0,51.8,40.6,48.3,52.4,23,0.087,16,-0.153,-0.15,0.069,E WIE EINFACH E-SPORTS,23
Instinct,bot,NACL,2,22,0.5,52.7,52.5,48.9,45.1,43.4,57.6,52.4,2,0.0,12,-0.175,-0.139,-0.036,Citadel Gaming|SDM Tigres,21
Floris56,bot,ROL,3,21,0.524,52.7,52.1,53.9,53.8,41.8,50.6,52.4,9,0.222,10,-0.087,-0.204,-0.007,Myth Esports,23
Gordinho,sup,LPLOL,3,20,0.6,50.6,51.6,61.7,38.0,71.4,54.8,52.4,2,0.0,10,-0.065,-0.221,-0.141,FlameHard|WLGaming Esports,20
Mersa,sup,LFL,2,62,0.484,41.4,52.2,49.3,52.6,50.3,51.6,52.4,5,0.0,10,-0.444,0.09,0.548,Solary,23
DahVys,jng,AL,3,54,0.481,57.9,62.1,58.1,63.0,49.9,54.7,52.3,8,0.25,15,0.193,-0.44,-0.723,BAAM Esports|Veni Vidi Vici|WLGaming Esports,26
Koussay,mid,AL,3,90,0.467,55.2,59.1,54.6,40.5,62.8,58.7,52.3,18,0.111,21,0.078,-0.353,-0.381,GnG Amazigh,20
Septico1,top,AL,3,90,0.467,64.5,49.5,53.3,65.2,42.5,56.8,52.3,18,0.111,16,0.084,-0.353,-0.396,GnG Amazigh,25
Druxy,bot,HLL,3,37,0.568,51.6,60.7,50.0,53.4,51.7,55.8,52.3,7,0.0,14,-0.072,-0.228,-0.06,GOAL|SINS Esports,
Sylvie,jng,LCKC,2,95,0.474,49.9,62.3,49.0,50.0,65.9,50.6,52.3,12,0.083,16,0.029,-0.307,-0.48,KT Rolster|Nongshim Esports Academy,23
Daystar,mid,LCKC,2,156,0.5,48.1,55.1,55.0,47.6,41.9,55.9,52.3,18,0.111,25,-0.158,-0.157,-0.108,BNK FEARX|BNK FEARX Youth,22
rym,mid,NEXO,3,30,0.533,58.0,56.4,58.3,49.4,40.0,48.8,52.2,3,0.0,10,0.096,-0.378,-0.433,G2 Hel,
moe,jng,AL,3,34,0.559,59.3,51.9,54.0,50.2,78.7,66.1,52.2,7,0.143,16,0.096,-0.375,-0.521,Dragons Esports,
Exofeng,bot,NLC,2,44,0.545,54.2,54.0,55.6,39.4,69.7,48.6,52.2,8,0.125,13,-0.037,-0.27,-0.344,Bulldog Esports|GIANTX iTero,18
Relative,mid,PRM,3,78,0.487,48.3,58.4,48.8,59.4,42.9,58.7,52.2,23,0.087,20,-0.182,-0.15,0.185,E WIE EINFACH E-SPORTS,23
D4SH,jng,LPLOL,3,34,0.5,53.8,52.8,51.2,49.0,38.4,50.6,52.2,10,0.1,11,-0.116,-0.202,-0.039,Odivelas Sports Club|The ParadOx Invaders|White Dragons,22
Doinb,mid,LPL,1,118,0.475,42.8,63.5,42.1,73.9,60.3,59.5,52.2,1,0.0,23,-0.264,-0.085,0.116,Ninjas in Pyjamas,29
Breathe,top,LPL,1,150,0.467,43.2,62.5,45.4,55.8,46.5,48.7,52.2,1,0.0,20,-0.252,-0.096,-0.016,Weibo Gaming,24
Damocles,bot,LJL,15,48,0.562,61.4,55.0,56.5,46.8,50.6,49.9,52.1,15,0.133,11,0.14,-0.425,-0.486,RAYN Clocks,22
Sprotte,top,ROL,3,23,0.478,58.2,55.5,57.0,40.3,49.5,48.5,52.1,10,0.2,11,0.105,-0.395,-0.468,A One Man Army Prime Academy|Myth Esports,20
Lehends,sup,LCK,1,147,0.415,65.1,39.5,55.4,66.8,45.6,50.8,52.1,28,0.0,20,-0.029,-0.283,-0.378,Nongshim Esports Academy|Nongshim RedForce,27
ShazQ,jng,RL,3,67,0.537,43.3,52.5,57.9,57.2,46.8,48.2,52.1,11,0.182,15,-0.316,-0.047,0.405,Back2TheGame,23
RustySniper,bot,NLC,2,41,0.488,63.8,51.9,61.9,47.5,80.4,51.2,52.0,13,0.231,13,0.27,-0.543,-1.009,A One Man Army Prime|Guasones|Lund Esports Organization|Lundqvist Lightside,
Intio,bot,LRN,3,31,0.387,59.9,53.6,49.9,42.3,75.1,55.7,52.0,8,0.0,13,0.029,-0.341,-0.351,LYON Academy,21
Lyncas,jng,LEC,1,52,0.442,44.6,56.7,66.3,45.2,52.0,58.1,52.0,9,0.333,15,-0.136,-0.206,-0.187,Team Vitality,22
Aojune,mid,NACL,2,28,0.5,53.1,46.7,47.3,53.9,57.1,56.4,52.0,3,0.0,14,-0.294,-0.074,0.144,CCG Esports,
Mask,mid,TCL,15,35,0.429,59.3,59.0,55.7,59.4,66.6,52.8,51.9,4,0.25,12,0.199,-0.495,-0.703,Beşiktaş Esports|Papara SuperMassive,25
huhi,sup,LTA N,1,48,0.396,56.1,60.5,62.8,67.4,81.4,59.9,51.9,9,0.111,16,0.333,-0.599,-0.924,Disguised,30
pr1me,top,HLL,3,31,0.452,55.9,53.3,51.4,52.1,36.0,46.2,51.9,11,0.0,9,-0.091,-0.255,-0.084,GLORE|The ParadOx Invaders,
Sacre,top,PRM,3,51,0.431,59.1,63.2,65.1,72.3,67.6,59.6,51.8,12,0.25,18,0.447,-0.705,-1.216,Eintracht Frankfurt,29
Harky,bot,VCS,15,40,0.45,61.5,60.3,59.5,36.5,44.6,62.5,51.8,11,0.182,15,0.297,-0.585,-0.862,MGN Vikings Academy|Saigon Dino|Saigon Secret,20
Mietek,top,NLC,2,57,0.509,65.4,52.4,60.7,39.7,49.6,51.2,51.8,10,0.2,14,0.284,-0.574,-0.976,Bulldog Esports|Colossal Gaming,21
tomomaso,top,HC,3,31,0.387,69.7,47.4,48.9,48.4,57.0,56.2,51.8,6,0.0,13,0.147,-0.464,-0.596,Andromeda Gaming|Mighty Eagles,
Kikis,jng,LIT,3,60,0.483,53.8,58.9,52.1,72.2,45.2,52.6,51.8,14,0.0,18,0.021,-0.356,-0.403,Axolotl|GMBLERS Esports|MY STAR,29
Djoko,jng,AL,3,51,0.49,64.3,58.4,50.1,69.7,49.7,64.1,51.7,13,0.0,19,0.241,-0.546,-0.916,FlameHard|GLORE|One More Esports,32
Saifer,mid,LRS,3,32,0.406,48.0,58.5,60.6,46.3,57.9,56.3,51.7,3,0.333,13,-0.06,-0.302,-0.15,Golden Lions|Seven Dark,21
jmz,top,CD,2,24,0.417,54.6,51.4,64.4,39.4,41.9,62.9,51.7,6,0.167,12,-0.005,-0.346,-0.423,Contrata Logo Meu Time|Zer0 Trein0,20
Basraket,bot,HC,3,39,0.436,61.5,53.9,67.9,52.5,45.5,60.1,51.6,12,0.333,13,0.198,-0.529,-0.837,Ethereal Enigmas,24
Kulvas,top,HC,3,48,0.5,61.3,52.1,47.1,61.1,36.9,43.7,51.6,8,0.0,12,-0.009,-0.359,-0.296,EXILE esports|KIA.eSuba Academy,24
Barry,sup,ROL,3,26,0.462,58.6,54.6,57.5,56.8,76.8,52.0,51.6,5,0.2,11,0.089,-0.437,-0.627,Once Upon A Team,25
Tracy,bot,PCS,15,65,0.446,56.2,51.7,56.6,38.7,78.7,51.8,51.6,15,0.067,14,0.054,-0.406,-0.361,CTBC Flying Oyster Academy,18
Vampire,sup,LPL,1,140,0.421,48.8,58.4,52.5,37.7,55.1,40.1,51.6,0,0.0,15,-0.135,-0.256,-0.27,JD Gaming|Team WE,20
Array,bot,NACL,2,51,0.471,50.5,56.1,47.4,63.5,50.9,64.2,51.6,9,0.0,17,-0.147,-0.239,-0.181,Blue Otter|CCG Esports,25
Sunblast,top,LRS,3,27,0.519,50.0,56.0,48.5,76.4,53.7,58.0,51.6,4,0.0,12,-0.137,-0.25,-0.025,WAP Esports,28
Callian,sup,VCS,15,45,0.489,52.7,52.4,55.6,36.5,45.7,63.1,51.6,16,0.188,18,-0.093,-0.287,-0.186,MGN Vikings Academy|Saigon Dino,19
2274,sup,PCS,15,65,0.446,51.6,50.3,53.9,35.4,81.2,51.8,51.6,15,0.067,16,0.058,-0.406,-0.477,CTBC Flying Oyster Academy,17
Light,bot,LPL,1,150,0.467,43.9,56.5,49.0,56.4,42.8,53.0,51.6,1,0.0,20,-0.327,-0.096,0.003,Weibo Gaming,24
Grizzly,jng,LCKC,2,105,0.448,69.3,63.0,49.1,34.1,58.8,55.4,51.5,16,0.062,19,0.459,-0.75,-1.461,Hanwha Life Esports Challengers,20
Shiina,jng,NEXO,3,31,0.516,59.4,57.6,55.9,54.4,40.0,55.2,51.5,3,0.0,12,0.094,-0.451,-0.613,G2 Hel,24
Rigel,top,VCS,15,36,0.472,55.8,56.8,56.3,41.7,44.9,61.4,51.5,9,0.222,13,0.068,-0.435,-0.398,Saigon Dino|Saigon Secret,21
Janis,jng,ROL,3,29,0.31,54.1,57.9,54.4,38.2,80.3,53.0,51.5,10,0.1,14,0.069,-0.435,-0.562,Jörmungang|Skillcamp,20
Levizin,jng,CD,2,24,0.542,50.9,55.4,57.0,45.4,72.3,58.1,51.5,4,0.25,9,-0.037,-0.343,-0.446,7REX|Contrata Logo Meu Time,22
zeen,jng,HC,3,20,0.4,50.9,52.7,58.5,52.6,80.6,53.4,51.5,3,0.333,8,-0.088,-0.303,-0.201,Ethereal Enigmas,
Kaori,bot,TCL,15,38,0.5,49.2,53.3,59.1,62.0,45.9,59.5,51.5,10,0.1,15,-0.149,-0.257,0.056,Misa Esports|ULF Esports,24
Ronaldo,mid,NLC,2,27,0.407,64.2,51.8,61.8,62.4,72.2,50.9,51.4,2,0.0,11,0.259,-0.6,-1.098,Bushido Wildcats|NORD Esports|Verdant,27
Kiari,top,CD,2,70,0.443,53.3,60.1,56.3,63.4,63.6,64.1,51.4,16,0.125,20,0.111,-0.475,-0.686,Alpha7 Esports|RATZ,26
Joekie,jng,ROL,3,26,0.346,50.9,58.3,66.3,64.4,60.7,48.6,51.4,7,0.429,10,0.049,-0.429,-0.53,Senshi eSports,26
Goliah,jng,LIT,3,41,0.512,51.4,55.9,55.3,43.3,51.0,56.6,51.4,8,0.125,16,-0.073,-0.324,-0.245,GMBLERS Esports|One More Esports,21
Erha,sup,LPL,1,58,0.431,53.2,51.8,55.3,44.4,35.8,54.5,51.4,1,0.0,14,-0.118,-0.292,-0.313,Weibo Gaming,22
Alaric,sup,NLC,2,26,0.462,52.7,52.0,54.1,37.2,34.3,47.7,51.4,6,0.167,10,-0.141,-0.267,-0.201,Rich Gang|Team Heretics Academy,19
Solokill,top,LPL,1,71,0.479,48.2,53.3,49.8,55.2,49.2,56.2,51.4,1,0.0,16,-0.239,-0.188,-0.1,Ninjas in Pyjamas,24
Rocklho,top,PRM,3,78,0.487,45.1,54.4,53.7,75.2,36.2,46.1,51.4,23,0.087,14,-0.292,-0.15,0.267,E WIE EINFACH E-SPORTS,27
Joinze,jng,LFL2,2,62,0.5,62.8,52.1,65.1,47.3,39.0,51.5,51.3,10,0.4,15,0.157,-0.519,-0.862,IziDream|Skillcamp,
Nord,jng,LPLOL,3,20,0.5,61.7,52.5,54.0,54.2,39.6,56.3,51.3,2,0.0,11,0.09,-0.474,-0.636,B2U|Crusaders,24
Xico,mid,LVP SL,2,31,0.419,57.2,55.7,54.3,65.6,35.4,49.1,51.3,9,0.111,11,0.022,-0.416,-0.614,Corinthians Esports|ZETA,27
Nsurr,sup,LFL2,2,52,0.462,51.0,58.7,61.3,53.5,38.0,42.8,51.3,11,0.091,9,-0.003,-0.398,-0.507,Karmine Corp Blue|Karmine Corp Blue Stars,
Skream,bot,AL,3,34,0.559,54.1,55.4,52.7,42.4,58.7,65.1,51.3,7,0.143,14,-0.021,-0.375,-0.33,Dragons Esports,21
Putin,top,LRN,3,23,0.435,51.7,56.0,50.6,62.1,42.3,56.4,51.3,2,0.0,12,-0.09,-0.317,-0.156,PÊEK Gaming,24
Mauki,bot,LFL2,2,33,0.364,50.2,54.7,63.4,50.9,65.6,55.8,51.3,15,0.267,14,0.002,-0.4,-0.538,Kaeru Gyuangu|Venomcrest Esports|ZETA,
Dotmm,bot,PCS,15,70,0.5,48.7,47.5,61.4,57.4,47.6,48.7,51.3,16,0.062,13,-0.218,-0.213,0.189,PSG Talon Academy,
Anthrax,sup,ROL,3,20,0.3,57.6,54.9,64.5,69.1,73.2,48.1,51.2,6,0.333,8,0.15,-0.532,-0.832,Senshi eSports,28
Dean,jng,AL,3,90,0.467,51.4,53.2,54.4,51.9,59.8,51.7,51.2,18,0.111,16,-0.062,-0.353,-0.296,GnG Amazigh,
Side,top,LAS,3,24,0.417,47.4,55.5,64.5,51.4,54.8,55.0,51.2,7,0.429,9,-0.087,-0.336,-0.181,Gen.G Scholars,
John P,top,ROL,3,21,0.381,49.2,52.6,62.8,70.7,39.6,50.9,51.2,5,0.4,10,-0.107,-0.32,-0.139,Senshi eSports,26
BlackSwan,bot,HM,3,35,0.4,58.3,55.7,54.0,58.9,45.6,55.6,51.1,10,0.1,13,0.096,-0.491,-0.647,Dynamo Eclot,25
Sadaz,mid,LIT,3,20,0.45,54.1,55.7,51.4,50.4,56.4,53.2,51.1,5,0.0,8,-0.03,-0.391,-0.296,Zena Esports,
Sunfry,sup,HW,3,28,0.393,55.6,52.1,54.6,53.7,33.9,53.9,51.1,5,0.0,10,-0.05,-0.373,-0.36,GLORE|Karmine Corp Blue Stars|Lundqvist Lightside,
Levitate,bot,NACL,2,22,0.455,48.2,55.2,52.6,52.7,79.6,49.5,51.1,4,0.0,9,-0.122,-0.322,-0.306,Blue Otter,
Seal,sup,EBL,3,68,0.426,58.3,62.0,51.2,49.1,58.9,52.0,51.0,17,0.118,13,0.195,-0.593,-0.972,Crvena zvezda Esports|The ParadOx Invaders|Zerance,24
Chordy,sup,LRS,3,22,0.591,54.3,51.7,48.4,54.9,63.6,63.5,51.0,2,0.0,13,-0.122,-0.324,-0.201,WAP Esports,24
kkero,sup,ROL,3,39,0.487,48.4,54.7,56.4,40.3,78.9,59.0,51.0,9,0.111,17,-0.072,-0.374,-0.332,GOAL|Once Upon A Team,21
Saint,mid,LTA N,1,33,0.333,60.1,60.1,66.9,37.7,66.0,56.7,50.9,4,0.5,14,0.306,-0.694,-0.807,LYON,20
Strensh,bot,LRS,3,38,0.5,53.6,58.7,61.3,40.8,77.2,62.9,50.9,5,0.2,16,0.075,-0.495,-0.623,Golden Lions|WAP Esports,21
Guli,jng,HM,3,23,0.348,55.5,56.4,57.0,48.3,48.1,55.2,50.9,7,0.143,10,0.129,-0.548,-0.779,Dynamo Eclot,
Nan0,mid,PRM,3,64,0.422,49.4,58.5,59.8,45.8,40.7,59.1,50.9,13,0.154,19,-0.078,-0.379,-0.222,Austrian Force willhaben,21
MrHB,bot,ROL,3,20,0.45,51.7,53.9,59.3,52.2,42.4,52.2,50.9,6,0.167,10,-0.093,-0.364,-0.217,A One Man Army,23
Bold,bot,NEXO,3,25,0.48,59.3,59.2,66.6,35.7,65.6,47.1,50.8,6,0.5,8,0.259,-0.663,-1.104,Monta Club,20
Hery,top,LPL,1,53,0.434,55.4,54.3,59.1,50.4,78.7,49.1,50.8,3,0.333,14,0.17,-0.585,-0.74,Oh My God,24
Kojima,bot,CD,2,37,0.459,52.2,56.6,56.4,42.0,80.1,53.5,50.8,4,0.25,13,-0.026,-0.431,-0.541,Dopamina E-Sport|RED Academy,21
Iheb,sup,AL,3,34,0.559,51.7,54.8,54.9,54.1,51.3,66.6,50.8,7,0.143,15,-0.093,-0.375,-0.306,Dragons Esports,
CHEF,jng,TCL,15,59,0.458,52.1,53.3,45.3,46.6,48.7,51.3,50.8,6,0.0,14,-0.187,-0.301,-0.03,Beşiktaş Esports,21
Fudge,top,LTA N,1,63,0.413,51.2,59.3,50.9,48.0,53.0,60.4,50.7,11,0.0,18,-0.041,-0.425,-0.445,Shopify Rebellion,23
Bvoy,bot,LTA N,1,63,0.413,55.6,52.7,53.7,71.0,51.0,55.9,50.7,11,0.0,16,-0.041,-0.425,-0.531,Shopify Rebellion,28
Jamie,bot,HLL,3,43,0.535,47.8,55.3,51.8,49.7,65.5,58.6,50.7,7,0.143,15,-0.239,-0.27,0.11,Team Insidious|The ParadOx Invaders,22
Franky,mid,ROL,3,20,0.5,48.0,54.3,51.7,52.5,60.7,53.9,50.7,8,0.125,12,-0.18,-0.312,-0.016,Myth Esports,22
Salami,bot,HC,3,45,0.489,62.4,51.5,51.2,59.1,81.4,61.3,50.6,6,0.0,16,0.051,-0.516,-0.62,LODIS|Meavedron,25
Caltys,bot,NEXO,3,31,0.516,56.7,55.5,49.1,50.7,55.5,51.2,50.6,3,0.0,10,-0.032,-0.451,-0.419,G2 Hel,23
Furby,sup,AL,3,49,0.408,52.4,59.8,59.6,50.8,44.6,61.8,50.6,14,0.143,15,0.08,-0.534,-0.743,Dynamo Eclot|GnG Amazigh,24
Lonely,top,LCKC,2,25,0.36,47.6,53.6,48.0,62.9,62.7,55.1,50.6,7,0.0,12,-0.219,-0.291,-0.135,HANJIN BRION Challengers,25
Euphoria,bot,LAS,3,64,0.5,47.1,47.6,53.0,42.5,46.0,50.6,50.6,10,0.1,14,-0.337,-0.193,0.348,DN SOOPers Academy,18
KKT,jng,LFL2,2,41,0.415,42.4,48.5,49.5,75.6,60.1,55.0,50.6,9,0.0,16,-0.478,-0.081,0.342,Lille Esport,28
Sharvel,jng,LCKC,2,111,0.423,59.6,69.3,54.9,34.3,60.4,53.6,50.5,26,0.154,20,0.374,-0.785,-1.404,Dplus Kia|Dplus Kia Challengers,18
PatxiPirata,top,NEXO,3,33,0.424,57.6,56.2,50.8,44.4,59.3,63.1,50.5,3,0.0,17,0.012,-0.494,-0.476,Monta Club|Oxygen Gaming,21
Kazunn,top,VCS,15,28,0.393,50.3,57.1,57.7,38.6,75.2,57.2,50.5,12,0.167,12,-0.04,-0.447,-0.283,SN CyberCore Esports,19
Ceos,sup,LTA N,1,56,0.429,43.0,51.0,50.6,69.1,64.1,56.3,50.5,8,0.0,13,-0.388,-0.17,0.004,Shopify Rebellion,27
FSZ,mid,LIT,3,51,0.471,52.4,57.9,50.7,50.3,46.4,57.4,50.4,11,0.0,17,-0.066,-0.435,-0.305,Axolotl|GMBLERS Esports|Tan'i eSports CZ,22
Alvanai,mid,HLL,3,31,0.29,49.8,54.4,55.1,51.3,37.5,62.3,50.4,10,0.1,16,-0.128,-0.392,-0.176,Actions Per Minute|WLGaming Esports,
VaSKED,sup,HM,3,26,0.385,51.9,56.7,59.8,51.5,51.1,59.8,50.3,7,0.0,12,0.018,-0.525,-0.649,Tan'i eSports CZ,
Nero,jng,CD,2,42,0.5,49.9,56.5,64.4,39.6,57.3,52.9,50.3,5,0.4,12,0.044,-0.544,-0.763,Gwenchana|RED Academy|Rise Gaming,21
Kiki,jng,LFL2,2,24,0.375,45.2,52.7,60.8,72.6,51.1,65.6,50.3,10,0.3,15,-0.103,-0.421,-0.46,Kaeru Gyuangu|Venomcrest Esports,32
Daksider,bot,HM,3,37,0.459,58.8,57.4,51.0,47.9,68.4,58.7,50.2,10,0.1,12,0.105,-0.6,-0.808,GTZ Esports|Team UNiTY,
Kocourek,jng,HC,3,23,0.391,52.6,57.2,50.9,72.1,76.1,48.3,50.2,4,0.0,9,-0.07,-0.464,-0.424,Andromeda Gaming,29
Joki37,jng,HLL,3,25,0.44,54.8,50.2,49.8,43.4,45.7,55.6,50.2,3,0.0,11,-0.146,-0.394,-0.241,Actions Per Minute|Leões Porto Salvo Esports,21
eaRyz,jng,EBL,3,52,0.5,53.0,51.3,50.1,53.2,38.3,57.6,50.2,8,0.125,18,-0.196,-0.351,-0.126,SPIKE Syndicate|Team UNiTY,
Licorice,top,LTA N,1,22,0.364,49.9,50.0,66.7,70.1,49.1,59.2,50.2,4,0.5,14,-0.119,-0.414,-0.375,LYON,28
Kania,jng,AL,3,39,0.385,59.8,56.8,51.4,41.0,34.2,58.4,50.1,8,0.0,15,0.028,-0.547,-0.65,BAAM Esports,21
Photic,bot,LPL,1,22,0.227,63.9,48.0,51.3,44.6,81.6,55.1,50.1,0,0.0,14,0.174,-0.672,-0.933,Invictus Gaming|LNG Esports,23
wittman,bot,HM,3,20,0.35,56.7,53.0,50.9,51.1,40.3,44.1,50.1,6,0.0,7,-0.08,-0.463,-0.369,Back2TheGame|EXILE esports,23
Tamoz,top,HM,3,26,0.385,55.4,53.0,57.8,75.0,43.8,57.3,50.1,7,0.0,12,-0.002,-0.525,-0.495,Tan'i eSports CZ,28
NoName,jng,NLC,2,52,0.442,54.1,54.0,48.4,45.0,55.8,54.2,50.1,7,0.0,12,-0.092,-0.456,-0.512,Bushido Wildcats|Ramboot Club|Verdant,22
Citrus,jng,LCP,15,32,0.406,50.4,55.0,47.9,60.6,75.8,55.4,50.1,7,0.0,13,-0.148,-0.403,-0.205,Bushido Wildcats|DetonatioN FocusMe,24
Slide,mid,HC,3,20,0.3,50.3,53.6,54.5,51.6,38.7,55.1,50.1,7,0.0,11,-0.167,-0.394,-0.132,Ethereal Enigmas|Priority,
Blind Walker,jng,LRN,3,23,0.435,48.8,51.2,50.7,54.0,40.3,51.5,50.1,2,0.0,9,-0.252,-0.317,-0.013,PÊEK Gaming,23
Tenshi,mid,RL,3,21,0.381,52.3,47.5,50.5,50.6,81.0,52.2,50.1,4,0.0,9,-0.103,-0.447,-0.274,Barcząca Esports|Orzeł Barcząca Esports,
Deleted,sup,NEXO,3,36,0.5,53.1,59.5,49.9,52.4,47.9,51.5,50.0,6,0.0,11,-0.045,-0.502,-0.536,Nocturne Gale|Universae Instituto FP,
Rising,jng,HC,3,39,0.359,66.5,53.9,47.5,46.5,46.8,58.4,49.9,3,0.0,14,0.187,-0.701,-1.042,Delta Syndicate,
Veignorem,sup,PRM,3,51,0.431,53.9,62.6,62.8,53.2,68.2,49.5,49.9,12,0.25,11,0.184,-0.705,-1.105,Eintracht Frankfurt,25
kairi,sup,VCS,15,21,0.333,59.1,56.2,55.8,43.0,79.9,57.3,49.9,9,0.111,11,0.147,-0.669,-0.857,Never Give Up,23
Obstinatus,sup,NLC,2,33,0.485,57.0,54.6,55.1,44.1,81.5,54.9,49.9,5,0.0,12,-0.005,-0.54,-0.665,Verdant,23
Mita,sup,HM,3,24,0.375,53.8,54.5,59.6,39.2,38.6,50.5,49.9,4,0.25,9,-0.043,-0.512,-0.553,BRUTE,21
Krosak,top,HC,3,26,0.269,49.7,55.7,51.4,51.0,64.0,53.9,49.9,8,0.0,11,-0.139,-0.432,-0.231,CITA Kaizen|Priority,
Yen,bot,HM,3,45,0.467,51.8,51.3,58.5,64.7,60.0,59.3,49.9,13,0.0,16,-0.044,-0.51,-0.483,Anonymo Esports|Entropiq,26
Levy,bot,LCKC,2,20,0.35,50.4,50.7,51.0,39.3,44.3,53.8,49.9,5,0.0,8,-0.16,-0.421,-0.376,HANJIN BRION Challengers,18
Grave,bot,TCL,15,52,0.423,48.2,49.4,56.7,40.4,41.5,45.6,49.9,15,0.133,13,-0.205,-0.386,-0.031,ULF Esports,20
Kreative,mid,LJL,15,44,0.568,47.4,43.5,50.4,66.4,57.2,55.8,49.9,10,0.0,18,-0.413,-0.209,0.304,Yang Yang Gaming,25
Shaoye,bot,LPL,1,81,0.494,57.4,59.1,44.4,51.1,55.9,63.0,49.8,4,0.0,20,0.011,-0.566,-0.699,LGD Gaming,24
Blesia,mid,HW,3,20,0.55,59.9,52.3,55.8,48.0,45.3,48.9,49.8,6,0.167,8,0.039,-0.592,-0.626,Meavedron,
Marky,top,LVP SL,2,44,0.455,57.0,56.8,45.7,49.2,53.0,63.1,49.8,9,0.0,15,0.035,-0.592,-0.73,LUA Gaming,23
Krastyel,sup,CD,2,30,0.333,57.2,54.8,55.9,56.6,39.5,59.0,49.8,7,0.143,15,0.001,-0.557,-0.691,RATZ|Team Revolta,26
Techoteco,jng,PRM,3,51,0.392,52.7,54.4,66.4,42.9,80.6,60.1,49.8,14,0.214,19,0.142,-0.679,-0.959,DKB XPERION NXT|Eintracht Frankfurt,22
Arp,jng,HC,3,26,0.269,49.2,56.9,51.9,52.1,47.4,49.4,49.8,8,0.0,9,-0.162,-0.432,-0.27,CITA Kaizen|Priority,
Colomblbl,sup,NEXO,3,31,0.516,52.4,53.3,51.1,63.7,48.1,49.6,49.8,3,0.0,9,-0.139,-0.451,-0.346,G2 Hel,26
Husha,jng,PCS,15,37,0.432,49.1,55.2,47.4,59.7,81.2,53.0,49.8,10,0.0,12,-0.109,-0.468,-0.335,Chiefs Esports Club|Frank Esports,24
Cimpo,bot,TCL,15,24,0.292,51.7,49.1,52.4,61.9,38.2,51.8,49.8,6,0.0,11,-0.239,-0.364,0.035,BoostGate Esports|Papara SuperMassive,24
Kappa1,mid,HC,3,29,0.414,47.3,53.2,50.1,53.2,44.1,53.6,49.8,5,0.0,12,-0.282,-0.335,0.081,Andromeda Gaming|Mighty Eagles,
Teddy,bot,LCK,1,91,0.462,51.3,62.6,48.4,66.3,59.0,52.5,49.7,15,0.133,16,-0.008,-0.562,-0.679,HANJIN BRION|Kiwoom DRX|Kiwoom DRX Challengers,27
Tochas,sup,LPLOL,3,38,0.5,54.1,57.3,48.4,38.9,60.6,49.7,49.7,6,0.0,12,-0.028,-0.546,-0.616,GMBLERS Esports|GTZ Esports|Leões Porto Salvo Esports,21
Lyonz,sup,LTA N,1,33,0.333,50.5,57.1,72.8,49.6,68.8,56.6,49.7,4,0.5,12,0.144,-0.694,-0.848,LYON,24
Inspire,mid,HC,3,52,0.442,55.4,52.1,67.1,47.3,52.7,61.8,49.7,14,0.357,20,0.079,-0.64,-0.733,Ethereal Enigmas,
Irrelevant,top,LEC,1,38,0.395,49.2,55.1,64.5,52.6,44.1,50.7,49.7,7,0.286,11,-0.104,-0.487,-0.444,Team BDS,24
Momochi,sup,CD,2,45,0.511,49.9,53.4,49.7,38.9,71.9,52.3,49.7,4,0.0,12,-0.136,-0.459,-0.425,Cusprills|Flamengo MDL,21
Enosh,bot,LCKC,2,85,0.459,44.3,54.7,55.8,42.9,54.4,55.5,49.7,9,0.111,15,-0.167,-0.43,-0.378,BNK FEARX Youth|DN SOOPers,21
Contractz,jng,LTA N,1,63,0.413,50.0,48.2,50.6,66.2,69.8,57.8,49.7,11,0.0,18,-0.177,-0.425,-0.346,Shopify Rebellion,26
Narttaker,mid,LPLOL,3,20,0.55,47.9,47.5,50.7,53.8,56.8,52.6,49.7,3,0.0,9,-0.316,-0.31,0.153,Crusaders,
Own3r,jng,LPLOL,3,25,0.48,65.0,49.2,52.2,62.0,57.4,61.9,49.6,4,0.0,16,0.099,-0.659,-0.879,For The Win Esports,26
Drakehero,jng,CD,2,63,0.429,54.6,59.0,56.4,41.6,59.2,58.5,49.6,16,0.125,19,0.15,-0.707,-1.066,Alpha7 Esports|Fluxo W7M|RATZ,22
Swissking,sup,HC,3,23,0.391,55.8,51.6,52.5,52.5,33.7,57.2,49.6,4,0.0,11,-0.079,-0.518,-0.513,Andromeda Gaming,
Marth,bot,LIT,3,40,0.45,52.8,54.0,52.7,69.3,42.1,54.0,49.6,9,0.0,13,-0.105,-0.495,-0.378,GMBLERS Esports|TeamOrangeGaming Academy,27
C7,top,ROL,3,41,0.463,50.3,54.5,64.3,40.0,59.9,50.1,49.6,7,0.286,10,-0.017,-0.57,-0.529,LODIS|mCon esports,19
Tea0r,top,HC,3,27,0.407,48.7,51.8,63.7,50.1,54.1,59.4,49.6,9,0.222,13,-0.098,-0.507,-0.364,Diversion Gaming,
OrthoZero,sup,LIT,3,20,0.45,50.6,48.3,52.1,55.3,55.1,60.8,49.6,5,0.0,10,-0.231,-0.391,-0.146,Zena Esports,
Passzi,sup,EBL,3,49,0.531,44.9,53.9,46.5,39.5,36.1,54.6,49.6,11,0.0,14,-0.366,-0.279,0.179,Guasones|SPIKE Syndicate,19
Alex234,jng,AL,3,45,0.422,43.9,52.5,47.8,56.2,37.6,44.0,49.6,10,0.0,12,-0.411,-0.251,0.269,Anubis Gaming|Skillcamp,
Niket,sup,LPL,1,68,0.456,62.3,53.2,47.4,41.9,72.9,47.5,49.5,1,0.0,15,0.045,-0.635,-0.721,Ninjas in Pyjamas|Royal Never Give Up,22
NinjaKiwi,bot,CD,2,30,0.433,56.4,58.3,49.8,43.8,73.1,52.5,49.5,3,0.0,11,0.072,-0.651,-0.906,Flamengo MDL,22
Ycx,sup,LPL,1,81,0.494,55.4,58.8,44.7,56.3,43.7,52.0,49.5,4,0.0,15,-0.034,-0.566,-0.601,LGD Gaming,25
Lucker,sup,HLL,3,30,0.433,54.9,58.6,49.9,70.0,40.0,52.0,49.5,5,0.0,10,-0.024,-0.571,-0.655,GOAL|Zerance,28
Hanbyeol,top,LCKC,2,129,0.426,54.2,54.7,52.1,45.6,55.2,46.5,49.5,21,0.143,15,-0.04,-0.562,-0.617,Gen.G Global Academy,22
Falleo,top,EBL,3,44,0.477,55.7,51.9,53.7,72.5,53.4,46.3,49.5,11,0.0,13,-0.061,-0.545,-0.45,BeFive|The Secret Club,27
TheGreatGary,top,LPLOL,3,24,0.5,51.7,54.0,53.4,40.9,53.6,56.9,49.5,7,0.0,14,-0.102,-0.505,-0.357,GTZ Esports,18
Aress,mid,LCP,15,57,0.439,45.5,58.0,57.1,44.4,49.5,67.4,49.5,8,0.125,21,-0.177,-0.453,-0.234,GAM Esports,21
Tayron,top,NLC,2,27,0.37,48.8,49.5,55.0,53.4,35.3,48.3,49.5,9,0.0,12,-0.277,-0.368,-0.156,The Forbidden Five|Verdant,
Maple,mid,LCP,15,29,0.379,54.4,60.4,47.1,71.9,81.6,46.5,49.4,4,0.0,10,-0.018,-0.594,-0.57,PSG Talon,28
CPM,top,LVP SL,2,48,0.438,36.5,53.5,54.9,75.1,35.2,41.9,49.4,18,0.222,11,-0.553,-0.157,0.367,Veni Vidi Vici|ZETA|Zerance,31
Winner,jng,LCKC,2,129,0.426,50.9,61.1,51.3,44.1,51.6,45.5,49.3,21,0.143,16,-0.066,-0.562,-0.66,Gen.G Global Academy,22
Bojji,jng,VCS,15,20,0.4,53.6,56.8,60.9,42.5,44.1,63.3,49.3,7,0.286,12,0.007,-0.624,-0.674,SN CyberCore Esports,21
Kaymin,mid,NLC,2,36,0.5,55.3,53.5,57.2,43.1,77.5,58.9,49.3,7,0.143,16,-0.017,-0.605,-0.786,Bulldog Esports,22
Hena,bot,LTA N,1,33,0.333,52.9,55.0,67.3,60.1,62.7,62.3,49.3,4,0.5,15,0.097,-0.694,-0.886,LYON,26
Toumes,mid,HC,3,46,0.37,55.6,50.9,48.5,49.5,51.7,54.8,49.3,7,0.0,15,-0.09,-0.547,-0.413,Delta Syndicate|Inside Games|Kawaii Kiwis,
Maru,jng,ROL,3,23,0.435,48.4,51.4,56.1,73.0,62.0,55.6,49.3,7,0.143,11,-0.21,-0.446,-0.227,Once Upon A Team,29
Notiko,bot,LFL2,2,41,0.415,46.4,49.2,62.2,58.5,39.4,57.1,49.3,7,0.286,15,-0.276,-0.386,-0.203,Team UNiTY|Zerance,24
Assum,bot,LPL,1,86,0.419,43.7,51.2,50.8,45.2,46.8,51.8,49.3,0,0.0,18,-0.369,-0.317,-0.152,EDward Gaming|FunPlus Phoenix|Ninjas in Pyjamas,22
haichao,mid,LPL,1,71,0.394,55.8,61.6,62.4,44.1,73.4,46.3,49.2,3,0.333,17,0.23,-0.81,-0.838,LNG Esports|Oh My God,22
Vlaren,sup,EBL,3,37,0.486,59.2,56.9,49.4,50.1,67.5,68.4,49.2,8,0.0,17,0.034,-0.657,-0.845,Mental Over Tempo|SPIKE Syndicate,
Makes,top,CD,2,69,0.449,57.5,57.3,48.9,39.6,78.5,50.8,49.2,6,0.0,14,0.138,-0.746,-1.005,Flamengo MDL|Rise Gaming,21
Baiye,bot,LPL,1,37,0.378,65.7,47.2,49.7,35.1,67.6,56.9,49.2,0,0.0,12,0.039,-0.661,-0.806,Ultra Prime,20
tyrin,top,CD,2,47,0.468,55.5,54.6,47.0,54.8,48.1,57.9,49.2,8,0.0,16,-0.065,-0.573,-0.602,7REX|Corinthians Esports,24
Qwacker,top,NACL,2,47,0.447,53.6,51.8,47.5,56.7,47.0,59.0,49.2,10,0.0,15,-0.191,-0.468,-0.354,Blue Otter,24
Undefined,sup,HLL,3,46,0.5,48.3,50.2,53.5,55.5,76.9,49.9,49.2,8,0.125,12,-0.27,-0.411,-0.12,Team Insidious|The ParadOx Invaders,24
Dionelux,top,LFL2,2,64,0.5,44.1,53.9,54.0,40.7,60.8,60.2,49.2,20,0.15,19,-0.288,-0.387,-0.164,Colossal Gaming|Project Conquerors|Underworld Esports,19
REV,top,AL,3,21,0.286,45.2,52.6,51.4,76.0,81.4,58.0,49.2,11,0.0,10,-0.213,-0.449,-0.166,Anubis Gaming|Fox Gaming,30
Keine,mid,LTA N,1,50,0.38,55.5,57.3,48.1,63.5,75.7,53.8,49.1,8,0.0,15,0.063,-0.694,-0.617,Dignitas|Isurus,26
Carnage,jng,HM,3,40,0.475,49.1,55.3,47.8,47.4,78.2,50.5,49.1,7,0.0,13,-0.203,-0.472,-0.268,Tan'i eSports CZ|WLGaming Esports,22
Vox,bot,LAS,3,48,0.396,46.7,57.1,58.4,51.2,39.6,51.8,49.1,15,0.2,13,-0.15,-0.518,-0.349,Nongshim RedForce Academy,
Yeti,top,TCL,15,31,0.387,49.7,54.0,53.6,38.7,74.6,54.2,49.1,6,0.167,11,-0.133,-0.527,-0.268,BBL Dark Passage|Tan'i eSports CZ|The Forbidden Five,18
Skude,jng,AL,3,21,0.381,52.1,51.0,56.0,50.9,69.4,61.6,49.1,6,0.167,12,-0.132,-0.53,-0.43,Fog Esports,
RenYe,jng,PCS,15,57,0.474,52.9,49.7,60.3,48.6,50.7,53.9,49.1,16,0.125,15,-0.115,-0.55,-0.43,Ground Zero Gaming|PSG Talon Academy,22
Ferrari,jng,ROL,3,26,0.462,44.7,52.7,59.0,70.2,63.6,50.9,49.1,5,0.2,11,-0.241,-0.437,-0.176,Once Upon A Team,27
Leleko,mid,CD,2,24,0.333,49.5,61.7,53.3,60.8,46.4,57.8,49.0,4,0.0,13,-0.064,-0.6,-0.727,Corinthians Esports,26
Ivama,jng,NEXO,3,32,0.5,59.5,50.8,50.5,49.3,35.6,51.7,49.0,5,0.0,11,-0.044,-0.615,-0.645,Universae Instituto FP,
Ranorr,sup,HC,3,23,0.348,53.4,55.6,50.7,51.6,67.1,59.2,49.0,4,0.0,10,-0.06,-0.596,-0.641,Delta Syndicate|htp eSport Akademie Hannover,
Foxie,mid,EBL,3,37,0.405,57.1,48.6,50.5,50.1,59.4,47.8,49.0,11,0.0,10,-0.144,-0.534,-0.331,Lupus Esports|SPIKE Syndicate,
Shogo,bot,NACL,2,35,0.4,55.8,49.8,50.1,50.2,68.6,65.5,49.0,9,0.0,17,-0.086,-0.579,-0.643,CCG Esports|Supernova,
Samikin,mid,NACL,2,47,0.447,48.8,55.0,48.7,45.6,48.4,55.2,49.0,10,0.0,15,-0.221,-0.468,-0.394,Blue Otter,22
Rovex,sup,NACL,2,47,0.447,49.3,51.9,46.0,54.8,68.1,48.3,49.0,10,0.0,10,-0.22,-0.468,-0.34,Blue Otter,
Rutzou,sup,LPLOL,3,30,0.433,54.5,52.1,53.3,52.4,49.0,54.0,48.9,9,0.111,12,-0.111,-0.569,-0.538,KAOS e-sport|Odivelas Sports Club,
Goldenpenny,bot,NLC,2,23,0.391,52.6,47.8,51.8,51.1,62.0,60.8,48.9,4,0.0,13,-0.152,-0.538,-0.52,Lundqvist Lightside,
eXyu,jng,LTA N,1,48,0.396,45.0,51.5,59.1,53.3,81.5,43.9,48.9,9,0.111,12,-0.074,-0.599,-0.594,Disguised,24
GIDEON,jng,LCK,1,135,0.4,54.0,59.0,52.3,42.1,40.2,45.2,48.8,26,0.0,19,-0.03,-0.652,-0.679,HANJIN BRION|Nongshim RedForce,22
Kemish,mid,LCKC,2,129,0.426,43.4,64.7,52.9,37.8,48.0,55.5,48.8,21,0.143,22,-0.135,-0.562,-0.601,Gen.G Global Academy,20
Kokos,jng,HLL,3,38,0.447,55.9,50.3,55.1,50.2,39.1,60.5,48.8,7,0.143,18,-0.112,-0.586,-0.525,The ParadOx Invaders|Zerolag Esports,
Artoria,mid,LFL2,2,21,0.286,51.4,52.5,52.0,47.7,54.0,54.9,48.8,8,0.125,11,-0.089,-0.599,-0.696,A One Man Army Prime|Skillcamp,23
Ark,jng,LAS,3,48,0.396,44.8,56.6,59.6,42.7,40.1,49.5,48.8,15,0.2,14,-0.191,-0.518,-0.341,Nongshim RedForce Academy,21
MrFreezed,bot,LIT,3,22,0.318,51.5,48.5,55.8,51.6,38.3,55.9,48.8,6,0.167,11,-0.19,-0.521,-0.299,EKO Esports,23
april,sup,RL,3,21,0.381,45.6,51.5,51.0,60.3,56.5,55.5,48.8,4,0.0,9,-0.275,-0.447,-0.162,Barcząca Esports|Orzeł Barcząca Esports,25
Fede,bot,AL,3,55,0.436,55.9,58.7,54.7,42.6,56.2,63.1,48.7,14,0.071,16,0.074,-0.744,-0.961,Fox Gaming,22
NightSlayer,top,PRM,3,68,0.456,54.4,58.5,54.4,38.9,65.6,52.0,48.7,12,0.167,17,0.037,-0.712,-0.754,Austrian Force willhaben|Movistar KOI Fénix,17
Tahahy,sup,VCS,15,37,0.459,53.6,58.6,61.5,42.9,41.1,59.8,48.7,9,0.111,12,0.085,-0.753,-0.88,Saigon Secret,23
Kasing,sup,NLC,2,46,0.457,52.6,57.4,59.0,64.1,39.5,64.5,48.7,12,0.083,17,-0.0,-0.682,-0.832,Bulldog Esports,32
Leks,top,RL,3,52,0.346,52.9,53.6,59.8,48.1,50.4,44.7,48.7,15,0.0,12,-0.022,-0.668,-0.635,Anonymo Esports|BoostGate Esports|Colossal Gaming,22
Frozen,sup,AL,3,64,0.516,49.3,54.6,55.6,62.8,52.4,57.4,48.7,10,0.1,15,-0.148,-0.568,-0.488,Fox Gaming|GenZ Gaming|One More Esports,26
Shourdy,top,HM,3,51,0.451,54.2,46.5,59.2,38.2,81.5,45.4,48.7,14,0.143,11,0.113,-0.775,-0.913,Dynamo Eclot|For The Win Esports|Odivelas Sports Club,20
Nice Guy Ben,top,PRM,3,48,0.458,47.9,46.7,53.3,71.3,38.7,57.0,48.7,15,0.2,22,-0.311,-0.428,-0.03,ROSSMANN Centaurs,26
Slowz,bot,VCS,15,26,0.346,58.4,55.6,54.5,39.5,81.1,57.2,48.6,12,0.083,14,0.143,-0.816,-0.953,Never Give Up,21
JNX,top,LFL,2,77,0.442,56.8,54.3,46.0,66.2,75.9,65.4,48.6,11,0.0,23,0.043,-0.73,-0.886,SK Gaming|Vitality.Bee,27
Faded,mid,HLL,3,39,0.385,56.6,50.6,48.9,43.8,56.9,54.7,48.6,11,0.0,14,-0.081,-0.635,-0.531,Howl Esports|Zerolag Esports,21
IlllIma,top,TCL,15,27,0.259,49.0,55.9,57.1,50.3,79.5,47.8,48.6,13,0.077,10,-0.048,-0.657,-0.523,Ground Zero Gaming|ULF Esports,23
Wako,bot,LPL,1,39,0.385,48.8,52.1,47.0,67.3,62.6,56.3,48.6,0,0.0,12,-0.182,-0.547,-0.515,Ultra Prime,27
MegaJ,top,EBL,3,27,0.481,49.4,50.4,50.7,50.8,46.7,44.7,48.6,6,0.0,8,-0.207,-0.527,-0.262,SPIKE Syndicate,
Zeniv,top,NEXO,3,31,0.516,46.4,50.4,54.5,67.3,43.5,57.5,48.6,3,0.0,14,-0.298,-0.451,-0.071,G2 Hel,25
ss1,jng,LJL,15,48,0.562,48.2,44.4,53.3,51.7,70.7,50.4,48.6,15,0.133,14,-0.324,-0.425,-0.013,RAYN Clocks,
Namgung,sup,LCKC,2,130,0.423,53.0,61.9,54.1,39.1,54.0,58.7,48.5,21,0.143,19,0.056,-0.748,-0.971,Gen.G Global Academy|HANJIN BRION,22
Sleyer,top,LFL2,2,28,0.357,54.7,55.6,49.7,38.3,43.6,55.3,48.5,9,0.0,13,-0.088,-0.633,-0.642,Lille Esport,19
BuLuKaKa,mid,PCS,15,57,0.456,58.4,51.5,55.3,42.0,40.3,45.6,48.5,13,0.077,13,-0.049,-0.668,-0.619,PSG Talon Academy|West Point Esports,21
Trigo,bot,CD,2,84,0.488,51.3,57.6,49.0,63.8,52.1,49.9,48.5,9,0.0,15,-0.05,-0.672,-0.791,Corinthians Esports|Flamengo MDL,26
Adiogs,mid,PCS,15,77,0.468,52.5,52.8,60.2,46.9,45.3,56.7,48.5,21,0.095,21,-0.114,-0.613,-0.485,PSG Talon Academy|wangting,22
Dooly,mid,PCS,15,20,0.3,53.8,50.9,55.8,38.9,69.1,57.6,48.5,7,0.0,11,-0.065,-0.65,-0.58,Ground Zero Gaming,20
Dolis,mid,ROL,3,53,0.453,54.0,63.0,56.0,45.8,44.4,55.4,48.4,13,0.154,18,0.101,-0.796,-0.951,Once Upon A Team,
Krimson,jng,LFL2,2,47,0.34,56.2,55.3,56.3,47.0,42.1,65.0,48.4,10,0.2,21,-0.005,-0.712,-0.897,Zerance,
Roi DEMON,jng,ROL,3,20,0.45,52.5,55.3,51.7,49.8,47.2,50.4,48.4,5,0.0,10,-0.109,-0.626,-0.578,Jörmungang,
ZaZee,mid,PRM,3,51,0.431,50.1,57.1,59.9,67.9,62.3,49.5,48.4,12,0.25,14,-0.012,-0.705,-0.702,Eintracht Frankfurt,26
Poweh,top,NEXO,3,34,0.471,59.5,52.6,49.3,58.0,39.2,60.6,48.3,7,0.0,17,-0.012,-0.725,-0.713,Falke Esports|Universae Instituto FP,24
Anyyy,mid,CD,2,22,0.273,57.3,54.7,50.7,54.5,68.9,51.7,48.3,3,0.0,8,0.009,-0.735,-0.966,Rise Gaming,25
Diplex,mid,LFL,2,48,0.354,53.8,57.8,60.1,41.6,58.7,59.5,48.3,6,0.167,16,0.042,-0.769,-1.043,Joblife,22
Plox,bot,EBL,3,30,0.433,52.7,53.6,50.6,51.1,33.3,42.8,48.3,10,0.0,9,-0.19,-0.569,-0.364,BeFive,
ALNSHT,bot,NEXO,3,32,0.5,52.8,52.8,49.8,50.2,44.8,60.3,48.3,5,0.0,16,-0.143,-0.615,-0.49,Universae Instituto FP,
Palafox,mid,LTA N,1,63,0.413,46.3,49.5,48.5,67.0,51.1,53.3,48.3,11,0.0,18,-0.371,-0.425,-0.067,Shopify Rebellion,26
Tao,top,LFL2,2,42,0.381,63.7,55.6,50.6,46.3,53.8,47.4,48.2,10,0.0,10,0.143,-0.864,-1.136,Karmine Corp Blue Stars,
Xicor,bot,LFL2,2,53,0.377,56.7,56.8,55.0,47.1,58.2,57.0,48.2,15,0.133,16,0.067,-0.795,-1.066,GnG Amazigh|IziDream|Skillcamp,23
Sojo,jng,HM,3,58,0.397,54.4,56.4,49.1,37.4,53.4,51.3,48.2,17,0.059,14,-0.053,-0.701,-0.741,Dynamo Eclot|EXILE esports|Team UNiTY|TeamOrangeGaming Academy,20
NOMA,mid,LPLOL,3,25,0.48,57.4,51.8,49.8,59.4,81.1,55.0,48.2,4,0.0,14,-0.096,-0.659,-0.542,For The Win Esports,24
Serch,mid,NEXO,3,32,0.5,50.4,54.6,49.5,54.9,38.7,59.7,48.2,5,0.0,16,-0.16,-0.615,-0.41,Universae Instituto FP,23
escoX,sup,LVP SL,2,27,0.185,47.1,56.9,54.1,57.6,61.7,44.2,48.2,14,0.071,7,-0.163,-0.611,-0.566,ZETA,26
xqw,mid,LPL,1,62,0.452,53.5,49.7,42.4,47.3,74.4,43.3,48.2,0,0.0,14,-0.171,-0.603,-0.362,LGD Gaming,22
jokaa,jng,PRM,3,27,0.37,52.3,49.5,51.7,51.3,45.8,58.9,48.2,6,0.0,15,-0.215,-0.567,-0.372,Eintracht Spandau,23
Yume,sup,VCS,15,20,0.4,47.6,53.0,65.7,41.3,38.3,52.7,48.2,7,0.286,6,-0.147,-0.624,-0.491,SN CyberCore Esports,22
Oddie,jng,LTA N,1,33,0.333,47.8,52.6,68.8,72.5,64.6,54.7,48.2,4,0.5,12,-0.064,-0.694,-0.687,LYON,28
Necro,bot,HC,3,23,0.391,49.9,50.2,48.7,47.7,35.8,54.1,48.2,4,0.0,12,-0.279,-0.518,-0.173,Andromeda Gaming,22
Nikiyas,bot,HLL,3,49,0.347,53.3,58.0,54.3,51.9,36.7,54.8,48.1,12,0.0,15,0.019,-0.765,-0.916,Actions Per Minute|Gamespace Mediterranean College Esports|Team Insidious,24
ChiCh1,bot,PCS,15,63,0.444,55.8,54.0,58.9,50.5,46.9,49.8,48.1,16,0.125,15,0.009,-0.759,-0.727,West Point Esports|wangting,23
Leo D Aras,sup,HLL,3,23,0.348,55.0,54.7,55.3,64.1,80.6,49.6,48.1,6,0.0,10,0.018,-0.772,-0.975,GOAL|SINS Esports|Team Refuse|Zerolag Esports,27
Polychiki,sup,ROL,3,44,0.432,54.4,49.4,50.8,51.8,67.8,50.9,48.1,14,0.071,13,-0.133,-0.643,-0.606,Jörmungang,
Fogzy,mid,HM,3,28,0.357,46.1,50.0,61.6,49.7,41.2,59.0,48.1,9,0.0,13,-0.174,-0.61,-0.387,A One Man Army Prime|Tan'i eSports CZ,
Divine,mid,LIT,3,25,0.32,44.0,50.9,55.0,52.0,81.1,57.7,48.1,7,0.143,13,-0.317,-0.497,-0.074,EKO Esports,
Zhuo,sup,LPL,1,99,0.394,57.0,62.1,54.6,48.1,63.3,49.3,48.0,2,0.0,18,0.178,-0.912,-1.052,JD Gaming|LNG Esports|Ninjas in Pyjamas,24
Woldjo,jng,AL,3,21,0.19,47.9,52.5,52.8,39.0,53.7,59.1,48.0,11,0.0,10,-0.215,-0.583,-0.391,DKB XPERION NXT|Hannover Esports e.V.|One More Esports,20
Andil,sup,LCK,1,103,0.447,54.7,44.8,52.0,47.7,57.1,62.9,48.0,20,0.15,20,-0.219,-0.581,-0.465,Kiwoom DRX|Kiwoom DRX Challengers,23
iwanan,mid,LIT,3,52,0.442,57.4,55.6,54.4,46.5,52.3,56.4,47.9,8,0.0,17,0.021,-0.789,-0.844,GMBLERS Esports|Zerance,
Phuc1,jng,VCS,15,37,0.459,55.6,53.5,53.9,51.1,45.6,64.6,47.9,9,0.111,16,-0.03,-0.753,-0.789,Saigon Secret,23
ceo,bot,LTA S,15,40,0.375,50.9,57.5,52.1,41.3,50.8,56.5,47.9,10,0.0,14,-0.059,-0.729,-0.61,Leviatan,21
Sobakk,sup,HC,3,32,0.375,53.0,54.4,61.1,49.9,74.1,57.7,47.9,11,0.273,13,-0.039,-0.746,-0.865,EXILE esports|Ethereal Enigmas,
Kangin,top,LCKC,2,101,0.426,50.2,53.3,50.7,43.7,63.8,51.6,47.9,18,0.056,17,0.013,-0.787,-0.915,Hanwha Life Esports Challengers|Nongshim Esports Academy,22
hybradge,jng,NLC,2,21,0.333,51.8,49.5,57.5,48.7,72.5,59.5,47.9,6,0.167,11,-0.153,-0.648,-0.659,Lundqvist Lightside,
Ilyxøu,top,LIT,3,49,0.49,49.0,50.9,50.9,61.4,57.4,50.0,47.9,7,0.0,14,-0.259,-0.567,-0.248,GMBLERS Esports|Leões Porto Salvo Esports,24
behave,jng,EBL,3,34,0.353,46.9,51.6,53.1,69.8,39.4,48.9,47.9,14,0.071,12,-0.277,-0.544,-0.265,Actions Per Minute|BeFive|Magaza Esports,27
ppgod,sup,LPL,1,73,0.425,49.6,43.8,47.3,58.9,38.9,52.0,47.9,0,0.0,15,-0.379,-0.471,-0.247,Ninjas in Pyjamas,25
Harusary,bot,LAS,3,34,0.353,53.0,54.1,65.2,46.6,52.2,49.3,47.8,9,0.333,10,0.028,-0.811,-0.991,Gen.G|Gen.G Scholars,
Arrietty,bot,VCS,15,20,0.4,46.7,52.5,61.8,53.6,45.9,51.1,47.8,7,0.286,6,-0.207,-0.624,-0.311,SN CyberCore Esports,23
Xiaoxia,sup,LPL,1,64,0.406,60.8,52.7,48.3,37.0,72.0,52.0,47.7,0,0.0,14,0.179,-0.946,-1.079,Ultra Prime,21
Listo,jng,PCS,15,30,0.333,59.3,53.6,54.3,37.3,48.8,49.9,47.7,10,0.0,10,0.048,-0.843,-0.998,Ground Zero Gaming|Sponge Gaming,20
Santorin,jng,NLC,2,42,0.429,49.7,56.7,48.1,71.9,35.6,60.0,47.7,9,0.0,17,-0.178,-0.654,-0.638,Eintracht Spandau|NORD Esports,28
TheSerius,top,HLL,3,36,0.389,41.0,57.3,47.9,42.4,58.6,44.8,47.7,10,0.0,13,-0.342,-0.517,-0.096,GOAL|The ParadOx Invaders|Zerolag Esports,20
Photon,top,TCL,15,44,0.318,55.7,65.3,53.8,51.7,46.0,63.5,47.6,5,0.0,18,0.133,-0.924,-1.055,Beşiktaş Esports|Dignitas,24
Ganks,jng,LTA S,15,28,0.321,58.1,56.0,52.2,53.9,80.5,61.0,47.6,3,0.0,14,0.084,-0.885,-1.095,Fluxo W7M|LYON Academy,24
Cherry,sup,HC,3,27,0.185,56.8,54.9,53.5,34.2,78.0,50.0,47.6,9,0.0,9,0.065,-0.869,-1.164,EXILE esports|Priority|Tan'i eSports CZ,20
Worst,bot,LPLOL,3,25,0.48,49.9,54.3,51.4,50.2,81.4,53.6,47.6,4,0.0,13,-0.191,-0.659,-0.485,For The Win Esports,
MKR,bot,LIT,3,23,0.391,48.6,49.6,50.5,51.5,57.1,55.8,47.6,6,0.0,11,-0.256,-0.599,-0.315,Bastu Five|Zena Esports,23
Highway,sup,LFL2,2,50,0.36,54.8,54.3,54.0,49.0,69.4,55.3,47.5,13,0.154,15,0.066,-0.871,-1.121,Back2TheGame|Skillcamp|Zerance,25
Pyeonsik,bot,LCKC,2,105,0.448,49.1,58.9,45.5,37.2,64.5,49.7,47.5,16,0.062,18,-0.086,-0.75,-0.839,Hanwha Life Esports Challengers,19
Neramin,bot,HM,3,50,0.4,53.8,52.3,59.0,51.9,65.7,44.5,47.5,17,0.059,10,-0.026,-0.807,-0.911,BBL Dark Passage|GLORE|The ParadOx Invaders,24
Loid,mid,LAS,3,34,0.353,53.2,52.5,63.7,38.3,58.2,46.1,47.5,9,0.333,11,-0.008,-0.811,-0.835,Gen.G|Gen.G Scholars,17
Rhino,sup,NACL,2,21,0.286,53.5,51.7,53.0,60.3,67.8,61.9,47.5,6,0.0,13,-0.1,-0.737,-0.782,Supernova,27
Sudzzi,mid,NACL,2,24,0.333,53.2,51.0,62.7,46.4,33.4,58.5,47.5,5,0.2,14,-0.083,-0.755,-0.883,Jolly Rogers|Vancouver Impact,
Paixdia,sup,TCL,15,39,0.308,48.0,55.6,55.1,54.5,65.2,48.4,47.5,7,0.0,10,-0.162,-0.691,-0.547,Beşiktaş Esports|The Forbidden Five,25
Rust,bot,AL,3,43,0.326,51.4,51.4,52.4,64.4,47.4,54.1,47.5,19,0.0,12,-0.181,-0.68,-0.528,Dragons Esports|Nigma Galaxy,26
Lauxio,sup,EBL,3,30,0.433,51.0,48.7,49.5,54.4,32.4,44.0,47.5,10,0.0,10,-0.316,-0.569,-0.269,BeFive,
Boukada,jng,LEC,1,49,0.429,45.5,50.9,70.1,48.2,35.6,48.1,47.5,11,0.182,15,-0.212,-0.65,-0.515,Karmine Corp Blue|SK Gaming|Team BDS,23
whisper,jng,PCS,15,43,0.372,65.2,50.4,58.4,36.2,35.2,52.7,47.4,12,0.167,17,0.154,-0.955,-1.269,West Point Esports|wangting,20
Clozer,mid,LCK,1,101,0.386,55.1,56.0,56.8,43.3,56.9,55.8,47.4,20,0.1,18,0.2,-1.003,-0.966,HANJIN BRION,22
PiskHello,bot,LIT,3,20,0.35,53.0,57.1,49.9,47.2,58.1,52.2,47.4,5,0.0,9,-0.033,-0.81,-0.906,aNc Legends,
Harbo,mid,AL,3,55,0.473,58.8,61.5,55.4,43.2,69.5,54.0,47.3,13,0.154,16,0.204,-1.019,-1.349,Dragons Esports|Lundqvist Lightside,
Dan,bot,ROL,3,27,0.444,49.8,54.8,49.7,71.0,62.6,49.0,47.3,9,0.0,10,-0.121,-0.752,-0.707,Jörmungang,30
Tangyuan,mid,LPL,1,50,0.44,50.5,61.7,50.3,40.7,80.8,65.7,47.3,4,0.0,19,0.075,-0.91,-0.795,LGD Gaming|Royal Never Give Up,21
konseki,sup,CD,2,30,0.4,56.0,55.2,63.8,35.3,47.3,55.4,47.3,5,0.2,11,0.133,-0.954,-1.292,7REX|Corinthians Esports|Gwenchana,21
Pinkmin,sup,NEXO,3,26,0.462,52.8,56.2,55.4,50.0,37.9,53.1,47.3,6,0.167,10,-0.082,-0.783,-0.858,Falke Esports|Monta Club,
RAMES,jng,LFL,2,48,0.354,50.9,58.0,54.4,39.1,52.6,49.4,47.3,6,0.167,14,-0.093,-0.769,-0.862,Joblife,21
Warrior,top,VCS,15,21,0.429,53.8,53.4,47.8,55.0,58.4,56.7,47.3,5,0.0,10,-0.092,-0.775,-0.611,GenZ Gaming|Never Give Up,24
Axo,top,ROL,3,27,0.444,55.1,51.6,50.0,68.2,47.2,56.8,47.3,9,0.0,14,-0.121,-0.745,-0.61,Jörmungang,26
Garden,mid,LCKC,2,110,0.418,47.1,57.5,56.2,35.9,80.4,43.7,47.3,26,0.154,17,-0.004,-0.842,-1.074,Dplus Kia Challengers,18
Varry,bot,PRM,3,39,0.385,46.3,55.3,71.2,56.7,45.5,51.8,47.3,11,0.273,11,-0.022,-0.825,-0.942,Eintracht Frankfurt,25
sasi,top,LPL,1,81,0.494,45.0,50.8,44.2,44.6,47.9,38.7,47.3,4,0.0,12,-0.339,-0.566,-0.32,LGD Gaming,22
About,bot,LCKC,2,143,0.406,67.1,61.8,55.3,33.8,52.5,51.9,47.2,25,0.12,20,0.372,-1.158,-1.833,Gen.G Global Academy|Team WE,20
Heng,jng,LPL,1,45,0.422,65.4,57.3,47.9,48.1,61.1,56.8,47.2,4,0.0,16,0.25,-1.058,-1.292,LGD Gaming|Oh My God,24
Karis,mid,LPL,1,141,0.383,59.5,58.0,57.6,43.3,59.9,48.7,47.2,4,0.0,17,0.188,-1.017,-0.967,Team WE,22
Denathor,top,NACL,2,46,0.37,57.0,55.3,54.9,47.4,54.7,55.5,47.2,12,0.083,15,-0.0,-0.853,-0.971,Winthrop University,
Sidav,bot,RL,3,21,0.286,54.2,54.3,51.5,36.5,46.5,53.4,47.2,4,0.0,9,-0.049,-0.814,-0.89,DOCISK|Magaza Esports,19
Deadly,bot,LFL,2,48,0.354,50.4,57.2,56.4,63.5,45.3,51.2,47.2,6,0.167,15,-0.106,-0.769,-0.838,Joblife,26
PmK,top,RL,3,32,0.344,54.0,53.5,50.9,53.3,43.9,61.1,47.2,5,0.0,15,-0.117,-0.761,-0.633,DOCISK,23
Bull,bot,LCKC,2,64,0.391,47.5,58.0,46.8,45.2,42.6,55.0,47.2,12,0.0,16,-0.184,-0.711,-0.681,HANJIN BRION|HANJIN BRION Challengers,22
tiphat,jng,VCS,15,26,0.346,49.6,55.7,54.1,38.0,80.7,56.1,47.2,12,0.083,13,-0.053,-0.816,-0.839,Never Give Up,20
jjs156,top,ROL,3,53,0.453,52.2,52.4,57.3,57.9,49.4,55.1,47.2,13,0.154,16,-0.071,-0.796,-0.727,Once Upon A Team,24
13,bot,LFL2,2,50,0.42,53.1,50.0,51.7,50.2,46.0,57.2,47.2,10,0.0,17,-0.204,-0.691,-0.636,Lille Esport|Movistar KOI Fénix,
Monki,jng,LPL,1,135,0.4,44.6,56.1,51.7,39.3,48.3,60.0,47.2,4,0.0,23,-0.278,-0.626,-0.435,Team WE,21
MrPhant0m,bot,HLL,3,26,0.308,57.5,57.0,48.0,36.1,37.2,54.2,47.1,7,0.0,10,-0.02,-0.853,-0.983,WLGaming Esports|Zerolag Esports,20
Eyliph,top,LFL2,2,47,0.404,56.1,57.5,63.0,54.8,48.2,59.7,47.1,8,0.25,18,0.122,-0.974,-1.232,Partizan Esports|Skillcamp,25
Bluffing,sup,LCKC,2,105,0.448,52.1,56.2,46.0,35.2,51.1,42.9,47.1,16,0.062,12,-0.145,-0.75,-0.745,Hanwha Life Esports Challengers,17
Sheo,jng,LEC,1,54,0.37,58.0,49.3,55.1,51.4,67.2,57.6,47.1,13,0.154,17,-0.031,-0.839,-0.846,Team Heretics,24
Kingsblade,top,NEXO,3,21,0.429,52.5,54.8,50.8,48.1,43.6,51.9,47.1,4,0.0,10,-0.123,-0.769,-0.635,Falke Esports|Gaming Barcelona|Kawaii Kiwis,
Stray,top,NACL,2,39,0.359,52.4,52.8,45.9,63.6,56.9,62.5,47.1,12,0.0,16,-0.17,-0.735,-0.663,Supernova|Zeu5 Esports,26
SCARY,jng,LTA S,15,40,0.375,44.0,59.4,54.3,47.5,49.0,54.2,47.1,10,0.0,14,-0.166,-0.729,-0.589,Leviatan,
Makk,top,RL,3,21,0.333,47.2,54.3,60.3,39.9,48.8,50.6,47.1,5,0.2,8,-0.164,-0.736,-0.551,Anonymo Esports|Lundqvist Lightside,20
Leny,top,LFL,2,48,0.354,49.0,51.8,64.3,49.0,57.6,51.4,47.1,6,0.167,14,-0.121,-0.769,-0.752,Joblife,23
ScaryJerry,bot,NACL,2,44,0.364,55.7,53.9,61.7,44.8,57.4,49.4,47.0,8,0.125,14,0.152,-1.012,-1.413,Disguised|Supernova,23
Pilot,mid,CD,2,32,0.406,49.4,59.9,53.3,66.6,75.5,51.5,47.0,3,0.0,12,-0.033,-0.853,-1.053,Flamengo MDL|Rise Gaming,30
Zothve,top,LTA S,15,40,0.375,49.5,52.4,52.0,45.9,56.4,51.9,47.0,10,0.0,14,-0.189,-0.729,-0.441,Leviatan,22
Linfeng,mid,LPL,1,22,0.318,52.6,47.9,49.2,39.2,75.8,56.9,47.0,0,0.0,11,-0.159,-0.751,-0.488,Oh My God,20
Ls,sup,LJL,15,31,0.419,45.8,48.1,48.2,70.0,71.2,42.2,47.0,11,0.0,7,-0.352,-0.589,-0.232,RAYN Clocks|Spirit Quartz Gaming,32
Morgan,top,LCK,1,104,0.385,55.2,62.1,59.2,46.9,63.8,49.3,46.9,20,0.1,15,0.265,-1.11,-1.232,HANJIN BRION|Team Liquid,24
Stend,sup,LEC,1,54,0.37,47.8,62.4,50.9,49.9,76.7,50.9,46.9,13,0.154,16,-0.063,-0.839,-0.798,Team Heretics,24
fantomisto,mid,LPLOL,3,39,0.487,47.6,60.2,47.1,39.4,67.6,48.0,46.9,10,0.0,12,-0.16,-0.761,-0.589,DMG Esports|GTZ Esports,20
Sponge,jng,LCK,1,110,0.409,57.0,58.5,55.0,36.1,62.2,59.1,46.8,26,0.115,20,0.143,-1.028,-1.17,Kiwoom DRX|Nongshim RedForce,21
Guigs,sup,CD,2,44,0.341,53.1,61.6,70.6,49.1,65.9,60.1,46.8,9,0.222,15,0.295,-1.146,-1.693,Fluxo W7M|KaBuM! Ilha das Lendas,26
nuc,mid,LEC,1,50,0.36,59.1,54.9,61.2,48.5,31.6,50.5,46.8,10,0.2,15,0.05,-0.95,-0.807,Team BDS,23
Seany,mid,VCS,15,43,0.419,60.1,53.6,53.3,36.6,42.3,60.3,46.8,12,0.083,17,0.077,-0.964,-1.092,MGN Vikings Academy|Saigon Secret|Vietnam (National Team),19
NoDu,sup,LPLOL,3,33,0.394,58.6,53.1,49.4,63.3,39.2,58.8,46.8,7,0.0,14,-0.018,-0.897,-1.092,B2U|Crusaders|Rich Gang,27
Nuna,bot,VCS,15,26,0.5,52.7,55.8,48.9,37.3,39.5,59.8,46.8,7,0.0,12,-0.102,-0.82,-0.668,GenZ Gaming|Saigon Secret,20
Sm0oZi,bot,ROL,3,53,0.453,48.5,54.1,57.1,53.1,45.5,58.2,46.8,13,0.154,17,-0.135,-0.796,-0.748,Once Upon A Team,24
xiaohuangren,jng,LPL,1,24,0.25,53.7,47.6,49.8,35.5,81.2,65.0,46.8,0,0.0,13,-0.22,-0.72,-0.571,ThunderTalk Gaming,20
Tempester,mid,LCKC,2,105,0.448,49.2,51.8,46.7,37.2,49.9,51.7,46.8,16,0.062,18,-0.194,-0.75,-0.749,Hanwha Life Esports Challengers,20
TNS,sup,PCS,15,67,0.433,55.0,56.7,54.6,42.6,53.4,50.3,46.7,18,0.111,15,-0.019,-0.906,-0.933,West Point Esports|wangting,23
WNTR,top,ROL,3,38,0.289,56.2,54.2,55.4,44.6,75.5,59.1,46.7,14,0.071,18,0.093,-0.996,-1.144,Aurora|Lundqvist Lightside,
Hasu7,top,PCS,15,67,0.433,56.5,52.8,52.6,36.1,46.7,58.9,46.7,18,0.111,18,-0.011,-0.906,-0.862,West Point Esports|wangting,19
Nukez,sup,NACL,2,25,0.32,54.7,50.2,62.5,50.0,32.4,50.6,46.7,5,0.2,11,-0.059,-0.868,-0.976,Jolly Rogers|Vancouver Impact,
Keel,jng,NACL,2,21,0.286,52.5,47.8,51.4,53.6,56.9,59.8,46.7,6,0.0,12,-0.221,-0.737,-0.682,Supernova,24
Sirinox,bot,HM,3,31,0.355,45.1,53.9,56.8,48.9,54.7,46.3,46.7,7,0.0,8,-0.175,-0.774,-0.663,Tan'i eSports CZ,
starkyy,top,HW,3,27,0.407,46.6,49.9,60.0,40.9,38.4,55.3,46.7,9,0.222,14,-0.275,-0.688,-0.368,Dynamo Eclot Talents|KIA.eSuba Academy,19
Antonio,bot,AL,3,47,0.426,39.3,53.7,52.2,57.2,58.8,56.7,46.7,11,0.091,14,-0.356,-0.627,-0.217,Barcząca Esports|GnG Amazigh|Orzeł Barcząca Esports,24
Toffe,mid,LFL,2,47,0.298,58.0,57.5,47.0,35.3,47.3,54.7,46.6,10,0.0,16,0.031,-0.96,-1.25,Team BDS Academy,20
113,jng,LEC,1,67,0.388,64.9,46.6,62.4,36.1,50.2,51.7,46.6,13,0.308,17,0.135,-1.04,-1.174,Barça eSports|Team BDS,21
Aklass,bot,AL,3,58,0.431,50.8,49.5,59.0,53.3,48.0,51.8,46.6,11,0.091,12,-0.158,-0.805,-0.728,Fog Esports,24
Myrtus,sup,LFL,2,47,0.298,54.2,58.6,47.0,33.8,69.5,50.8,46.5,10,0.0,12,0.02,-0.96,-1.17,Team BDS Academy,20
Hazel,bot,LFL2,2,42,0.381,52.3,56.8,49.7,36.7,54.1,59.9,46.4,10,0.0,16,-0.105,-0.864,-0.948,Karmine Corp Blue Stars,18
Mobility,bot,NACL,2,46,0.37,51.2,56.2,53.0,48.3,77.4,45.5,46.3,12,0.083,12,-0.139,-0.853,-0.896,Winthrop University,
Flakked,bot,LEC,1,54,0.37,47.9,59.3,50.0,50.4,66.5,48.0,46.3,13,0.154,15,-0.152,-0.839,-0.795,Team Heretics,24
Beenie,bot,CD,2,35,0.429,47.3,55.9,62.9,52.1,48.7,47.8,46.3,9,0.222,12,-0.064,-0.916,-1.055,7REX|Gwenchana|RATZ,24
svns,bot,RL,3,32,0.312,49.1,59.5,56.1,61.1,52.8,58.3,46.2,7,0.143,13,-0.076,-0.921,-0.999,Anonymo Esports,26
WalliR,mid,HC,3,65,0.462,61.1,43.1,51.2,46.8,42.8,55.8,46.2,20,0.1,19,-0.113,-0.881,-0.793,BRUTE|KIA.eSuba Academy,
Jaehyuk,top,LCKC,2,100,0.4,45.9,57.9,55.5,36.3,78.8,47.9,46.2,24,0.125,15,0.008,-0.98,-1.116,Dplus Kia Challengers,18
Druust,mid,ROL,3,41,0.439,41.6,54.7,49.2,76.3,53.2,51.7,46.2,13,0.0,13,-0.402,-0.646,-0.152,Jörmungang,29
Raxxo,sup,RL,3,47,0.34,58.5,62.1,53.1,64.9,41.7,40.6,46.1,11,0.091,7,0.117,-1.092,-1.526,Anonymo Esports|MY STAR,29
Minous,sup,LCKC,2,28,0.321,59.2,57.9,51.3,35.0,59.3,63.3,46.1,4,0.0,12,0.096,-1.069,-1.38,DN SOOPers Challengers,21
Nawaf,bot,AL,3,50,0.4,53.6,52.8,50.0,47.5,46.3,58.5,46.1,9,0.0,14,-0.135,-0.883,-0.866,BAAM Esports,23
Loading,top,HLL,3,42,0.333,45.9,55.1,50.0,49.6,63.8,49.5,46.1,16,0.062,13,-0.29,-0.75,-0.423,Actions Per Minute,22
Joao,top,LPLOL,3,20,0.5,44.6,51.4,52.1,50.3,47.3,54.9,46.1,3,0.0,12,-0.336,-0.714,-0.328,For The Win Esports,
Lagolinas,mid,EBL,3,23,0.261,57.2,56.4,54.7,44.4,50.0,62.8,46.0,14,0.143,17,0.037,-1.029,-1.157,Lenovo Legion Honvéd,
Parus,sup,LEC,1,50,0.36,50.1,59.2,61.6,41.0,37.3,49.7,46.0,10,0.2,13,-0.067,-0.95,-0.884,Team BDS,22
Tropy16,top,HW,3,38,0.474,59.1,49.6,48.9,46.8,36.2,59.3,46.0,8,0.0,19,-0.107,-0.916,-0.823,Divernex,
Only35,sup,NACL,2,46,0.37,47.1,56.4,55.3,51.3,77.4,53.0,45.9,12,0.083,14,-0.194,-0.853,-0.806,Winthrop University,25
Hype,bot,LCK,1,90,0.389,44.6,57.2,51.4,41.3,53.7,54.9,45.9,19,0.105,15,-0.187,-0.868,-0.79,HANJIN BRION,22
Ice,bot,LEC,1,50,0.36,55.1,58.1,60.7,48.0,37.8,55.4,45.8,10,0.2,15,0.025,-1.044,-1.127,Team BDS,24
Josifek04,jng,HW,3,38,0.474,56.1,51.5,50.4,47.5,37.1,60.3,45.8,8,0.0,19,-0.138,-0.916,-0.904,Divernex,
Bazz,bot,NACL,2,37,0.324,49.1,55.3,51.4,53.0,50.9,53.8,45.8,11,0.0,13,-0.152,-0.901,-0.936,Apex Mission Impossible,24
Smarty,sup,HM,3,45,0.378,52.9,50.8,52.9,34.5,81.3,52.8,45.8,13,0.0,13,-0.091,-0.955,-1.071,Guasones|Tan'i eSports CZ,20
Wilson,jng,NACL,2,46,0.37,50.4,53.2,49.2,47.6,74.0,56.2,45.8,12,0.083,16,-0.22,-0.853,-0.814,Winthrop University,
Zev,bot,NACL,2,25,0.32,49.1,52.3,59.1,48.6,31.6,48.0,45.8,5,0.2,11,-0.191,-0.868,-0.853,Jolly Rogers|Vancouver Impact,
Wayne,bot,LCKC,2,110,0.418,42.4,55.2,60.0,44.6,67.0,53.2,45.8,26,0.154,19,-0.233,-0.842,-0.775,Dplus Kia Challengers,22
Twiizt,sup,LFL,2,48,0.354,48.3,48.2,55.4,53.0,43.4,48.8,45.8,6,0.167,16,-0.313,-0.769,-0.576,Joblife,25
Bwater,top,PCS,15,31,0.29,46.2,49.4,52.2,52.3,43.2,48.7,45.8,12,0.0,8,-0.358,-0.737,-0.25,Ground Zero Gaming,
BuLLDoG,mid,LCK,1,104,0.356,60.8,57.1,65.4,36.2,56.2,46.7,45.7,12,0.083,18,0.242,-1.233,-1.179,DN SOOPers|DN SOOPers Challengers|LNG Esports,20
Yampi,jng,CD,2,40,0.35,55.8,59.3,55.3,62.2,75.7,45.6,45.7,8,0.0,13,0.155,-1.174,-1.595,Flamengo MDL|Fluxo W7M,27
Climber,jng,LPL,1,49,0.388,52.1,59.7,45.1,37.1,56.5,45.5,45.7,0,0.0,12,-0.095,-0.967,-0.903,LGD Gaming,21
Bala,top,EBL,3,28,0.321,51.2,53.1,54.1,39.0,47.9,52.4,45.7,15,0.133,12,-0.169,-0.905,-0.739,Lenovo Legion Honvéd,20
Kerry,sup,PCS,15,34,0.324,52.6,49.7,51.6,43.9,51.6,57.8,45.7,16,0.0,12,-0.199,-0.876,-0.706,HELL PIGS,23
Kamiloo,mid,LEC,1,54,0.37,45.1,51.8,57.5,39.2,57.7,54.7,45.7,13,0.154,16,-0.25,-0.839,-0.486,Team Heretics,20
Dandom,jng,NLC,2,25,0.4,49.1,51.0,52.3,47.7,55.4,47.5,45.6,8,0.125,8,-0.238,-0.864,-0.805,DMG Esports|Myth Esports,23
Sotsy,top,LFL,2,45,0.311,40.9,57.5,55.0,68.5,47.8,53.5,45.6,11,0.091,14,-0.354,-0.764,-0.497,GameWard|Ramboot Club|WLGaming Esports,27
Dragoon,top,NACL,2,25,0.32,48.9,47.4,64.4,49.0,35.4,59.0,45.6,5,0.2,14,-0.224,-0.868,-0.747,Jolly Rogers|Vancouver Impact,23
Sh0Fty,sup,EBL,3,21,0.286,46.4,49.6,55.8,52.0,49.6,58.6,45.6,13,0.154,12,-0.31,-0.801,-0.581,Lenovo Legion Honvéd,
Fallen,jng,EBL,3,51,0.431,49.1,61.4,54.7,64.3,57.3,51.1,45.5,10,0.1,15,-0.035,-1.034,-1.181,BRUTE|SPIKE Syndicate,27
Aikawa,bot,CD,2,24,0.25,52.5,53.6,50.6,39.6,42.6,50.8,45.5,3,0.0,7,-0.153,-0.937,-0.977,Rise Gaming,21
David,bot,HC,3,23,0.261,53.1,50.6,51.0,45.8,79.6,55.6,45.5,4,0.0,11,-0.075,-1.004,-1.113,Delta Syndicate,
Cube,top,LPL,1,141,0.383,48.0,58.4,58.4,67.3,50.8,53.2,45.4,4,0.0,20,-0.082,-1.017,-0.883,Team WE,29
TalentLess,mid,HW,3,38,0.474,56.7,47.6,49.2,47.3,37.2,50.4,45.4,8,0.0,14,-0.198,-0.916,-0.732,Divernex,
Ka1ser,mid,PCS,15,48,0.417,49.8,48.4,48.9,38.2,75.7,53.6,45.4,12,0.0,15,-0.206,-0.915,-0.72,CTBC Flying Oyster Academy,19
ProDelta,sup,LTA S,15,35,0.286,52.9,55.5,50.0,46.7,37.1,52.6,45.3,14,0.0,12,-0.106,-1.008,-0.949,Fluxo W7M|Leviatan,24
Sword,mid,NACL,2,45,0.356,49.6,57.3,54.0,45.3,63.1,55.5,45.3,12,0.083,15,-0.153,-0.966,-1.045,Winthrop University,23
Hygon,jng,NEXO,3,27,0.185,49.6,56.5,55.8,46.3,58.7,51.7,45.3,10,0.1,13,-0.097,-1.012,-1.076,CORE 128|Gaming Barcelona,
Slayder,bot,LCP,15,32,0.281,47.8,54.8,54.1,61.0,70.8,57.7,45.3,7,0.0,12,-0.124,-0.985,-0.837,BBL Dark Passage|Chiefs Esports Club,25
Dec0y,top,NACL,2,37,0.324,49.4,50.2,50.0,58.2,62.1,55.3,45.3,11,0.0,15,-0.23,-0.901,-0.777,Apex Mission Impossible,25
Liivek,mid,RL,3,32,0.344,41.8,51.2,50.7,41.0,70.4,51.3,45.3,5,0.0,11,-0.399,-0.761,-0.296,DOCISK,20
Baashh,jng,LFL2,2,42,0.381,51.5,48.7,49.5,36.6,41.6,52.3,45.2,10,0.0,15,-0.297,-0.864,-0.74,Karmine Corp Blue Stars,20
KNEZA,bot,HW,3,35,0.286,45.7,52.3,53.1,41.7,32.1,48.2,45.2,16,0.062,13,-0.363,-0.806,-0.451,BRUTE|GLORE|Odivelas Sports Club,21
Keres,sup,PCS,15,36,0.278,57.5,52.3,52.3,55.3,50.3,65.0,45.1,14,0.0,16,-0.037,-1.087,-1.108,Ground Zero Gaming|Sponge Gaming,26
Srtty,top,LTA N,1,37,0.297,48.3,54.4,49.9,46.2,56.2,55.0,45.1,6,0.0,14,-0.231,-0.933,-0.697,Dignitas|LYON,23
Koldo,jng,LVP SL,2,35,0.371,45.5,56.6,47.4,58.3,41.5,50.8,45.1,5,0.0,12,-0.292,-0.878,-0.761,Barça eSports|UCAM Esports|Veni Vidi Vici,25
ZaFiR,sup,HLL,3,38,0.263,50.5,57.4,52.8,39.7,53.6,53.7,45.0,16,0.062,11,-0.12,-1.025,-1.126,EKO Esports|Team Refuse|Zerolag Esports,22
Paresz,jng,EBL,3,30,0.3,50.2,56.0,55.1,55.8,49.8,56.0,45.0,16,0.125,13,-0.125,-1.029,-1.062,Lenovo Legion Honvéd,25
TT,mid,VCS,15,42,0.452,49.7,54.6,47.3,47.9,56.8,53.4,45.0,14,0.071,13,-0.106,-1.047,-0.979,GenZ Gaming|Never Give Up|Saigon Dino,23
Shlatan,jng,LFL,2,47,0.298,50.6,49.6,49.0,51.7,65.0,48.9,45.0,10,0.0,12,-0.212,-0.96,-0.943,Team BDS Academy,24
Nanchuco,bot,NEXO,3,32,0.25,44.5,46.1,55.0,50.4,63.2,42.7,45.0,9,0.111,8,-0.37,-0.821,-0.462,Dream Makers|Falke Esports|Gaming Barcelona,
Bong,top,TCL,15,33,0.333,50.2,55.8,51.3,52.8,52.3,56.0,44.9,9,0.0,12,-0.123,-1.047,-0.898,BBL Dark Passage|Bushido Wildcats,24
Andathy,jng,LRN,3,27,0.333,52.5,52.7,59.6,45.1,64.3,57.9,44.9,10,0.1,14,-0.051,-1.105,-1.25,ODD Esports,
smifi,sup,RL,3,21,0.19,50.3,52.7,55.4,48.8,42.4,53.6,44.9,8,0.0,9,-0.174,-1.003,-1.026,DOCISK|GLORE,
Violet,bot,LCP,15,22,0.227,45.7,54.9,49.1,62.1,78.0,57.8,44.9,9,0.0,11,-0.222,-0.963,-0.694,Chiefs Esports Club|Saving OCE,25
Asilah,mid,NACL,2,39,0.359,43.7,45.3,46.8,50.0,80.3,55.6,44.9,12,0.0,15,-0.505,-0.735,-0.374,Supernova|Zeu5 Esports,
Keduii,bot,LEC,1,40,0.35,48.9,57.8,51.3,54.9,38.2,47.1,44.8,9,0.0,13,-0.195,-0.99,-0.889,BK ROG Esports|SK Gaming,25
Blanenskey,jng,HM,3,21,0.143,45.5,50.1,52.7,49.2,72.6,56.1,44.8,10,0.0,12,-0.311,-0.896,-0.663,EXILE esports|GLORE,
Magic,mid,AL,3,29,0.207,39.4,48.7,53.1,76.1,77.7,53.1,44.8,18,0.0,10,-0.467,-0.777,-0.233,Nigma Galaxy,29
Rooster,top,LCKC,2,76,0.368,66.1,59.8,55.7,33.8,53.5,56.7,44.7,12,0.083,17,0.291,-1.404,-1.874,Hanwha Life Esports Challengers|Team BDS,20
PowerOfEvil,mid,PRM,3,49,0.347,64.1,60.1,51.7,68.3,41.7,52.7,44.7,11,0.0,15,0.354,-1.459,-2.07,Eintracht Spandau,28
Mihawk,jng,LAS,3,56,0.286,65.3,54.4,54.4,33.4,61.1,55.0,44.7,21,0.095,13,0.24,-1.358,-1.929,Nongshim Esports Academy|Nongshim RedForce Academy,16
Joexy,sup,TCL,15,31,0.258,54.0,52.7,57.7,37.9,68.6,49.9,44.7,12,0.083,10,-0.043,-1.139,-1.158,BBL Dark Passage|ULF Esports,22
AwerpiS,sup,HW,3,38,0.474,49.4,50.5,48.6,35.6,40.5,40.3,44.7,8,0.0,8,-0.308,-0.916,-0.736,Divernex,20
Carlsen,top,LEC,1,54,0.37,44.0,46.5,51.5,37.1,67.7,45.2,44.6,13,0.154,16,-0.421,-0.839,-0.472,Team Heretics,20
Xiaoxu,top,LPL,1,112,0.429,51.2,53.7,60.9,40.5,65.6,57.6,44.5,2,0.0,20,-0.057,-1.144,-1.003,JD Gaming|Royal Never Give Up,22
Mishi,bot,LFL,2,62,0.371,48.0,55.9,48.9,51.8,56.2,59.0,44.5,10,0.0,18,-0.173,-1.05,-1.084,Team BDS Academy|Verdant,24
Nino,top,HLL,3,34,0.265,46.5,55.0,52.3,38.7,61.1,52.0,44.5,10,0.1,11,-0.231,-1.008,-0.786,Team Insidious|WLGaming Esports|Zerolag Esports,19
Pollu,sup,LCK,1,101,0.386,45.5,49.4,51.2,35.6,59.7,56.6,44.5,20,0.1,15,-0.24,-1.003,-0.788,HANJIN BRION,19
Pride,top,PRM,3,49,0.347,58.2,58.5,55.7,36.8,53.3,53.0,44.4,11,0.0,14,0.308,-1.459,-1.92,Eintracht Spandau,21
vital,bot,LCKC,2,42,0.333,52.3,63.8,50.3,68.1,73.1,55.5,44.4,6,0.0,14,-0.009,-1.206,-1.45,Nongshim Esports Academy|Nongshim RedForce,28
HamBak,jng,LCK,1,47,0.319,50.7,49.4,51.1,46.7,41.9,61.8,44.3,9,0.0,18,-0.295,-0.977,-0.734,HANJIN BRION|HANJIN BRION Challengers,23
Panda2,mid,AL,3,38,0.342,43.6,54.1,63.8,46.4,43.0,63.2,44.3,19,0.053,16,-0.219,-1.043,-0.861,One More Esports,
Endless,bot,EBL,3,27,0.296,45.9,51.3,56.0,66.7,52.5,60.8,44.3,15,0.133,14,-0.276,-0.992,-0.823,Lenovo Legion Honvéd,27
Marble,bot,LCP,15,54,0.315,59.7,61.1,51.9,44.6,55.7,56.0,44.2,15,0.0,14,0.144,-1.348,-1.585,Fukuoka SoftBank HAWKS gaming,23
Rich,top,LCK,1,101,0.396,50.2,62.7,49.5,61.2,74.8,52.0,44.2,24,0.125,17,0.044,-1.268,-1.182,Kiwoom DRX,27
Saber,mid,LPL,1,76,0.382,55.4,57.3,43.1,37.1,60.7,53.1,44.2,0,0.0,20,-0.03,-1.204,-0.943,Ultra Prime,20
Hitsu,mid,LRS,3,22,0.227,55.0,52.7,58.9,38.6,69.0,57.2,44.2,4,0.0,11,0.053,-1.282,-1.486,Team Evermeet,21
Papiteero,top,LFL,2,61,0.361,52.6,52.4,50.5,41.9,45.3,49.6,44.2,10,0.0,13,-0.088,-1.163,-1.21,Team BDS Academy|Verdant,22
didie,top,HC,3,57,0.404,48.7,47.8,62.6,46.1,71.1,59.5,44.2,15,0.267,17,-0.184,-1.078,-0.919,Delta Syndicate|Ethereal Enigmas,
Biskoo,sup,AL,3,30,0.333,42.9,49.8,52.8,52.8,37.8,44.2,44.2,9,0.111,7,-0.447,-0.864,-0.484,BAAM Esports|Fog Esports,
Isles,sup,LTA N,1,39,0.256,61.0,58.2,47.7,46.2,43.8,64.6,44.1,7,0.0,15,0.101,-1.326,-1.323,Dignitas,24
OkerumoN,sup,LJL,15,43,0.395,68.6,50.3,58.5,32.0,42.9,56.9,44.1,13,0.154,12,0.241,-1.439,-1.787,Kareha Children,20
Camilo,jng,LRS,3,22,0.227,53.0,54.4,50.9,43.0,81.5,54.2,44.1,4,0.0,10,0.042,-1.282,-1.587,Team Evermeet,23
Solorio,bot,LRN,3,31,0.29,45.9,53.4,59.1,45.7,56.6,57.4,44.1,12,0.083,14,-0.173,-1.105,-1.117,ODD Esports,
Hidan,top,LTA S,15,20,0.15,48.4,53.6,52.3,47.9,61.5,56.5,44.0,4,0.0,11,-0.199,-1.094,-0.862,Fluxo W7M,23
Lilipp,sup,PRM,3,49,0.347,63.2,55.3,55.3,41.5,52.5,63.2,43.9,11,0.0,17,0.22,-1.459,-2.145,Eintracht Spandau,24
sheer,top,LPL,1,133,0.361,56.8,56.3,46.6,34.9,41.2,49.4,43.9,0,0.0,19,-0.06,-1.225,-1.065,FunPlus Phoenix|LNG Esports,20
uden,sup,RL,3,21,0.19,49.1,55.7,51.4,43.7,33.4,54.3,43.9,8,0.0,10,-0.212,-1.094,-1.096,Anubis Gaming|LODIS,23
Seeker,top,LRS,3,21,0.238,49.5,52.7,52.6,49.1,81.2,54.4,43.9,4,0.0,10,-0.069,-1.212,-1.205,Team Evermeet,23
1xn,bot,LPL,1,116,0.388,48.7,56.2,48.1,36.8,51.7,45.8,43.8,0,0.0,19,-0.181,-1.145,-1.036,LNG Esports|ThunderTalk Gaming,21
Opeduy,mid,NEXO,3,22,0.409,46.3,50.2,58.2,47.2,34.5,46.1,43.8,7,0.143,7,-0.308,-1.035,-0.743,Falke Esports|Monta Club,
Zika,top,LPL,1,60,0.317,51.9,62.6,52.9,39.2,59.2,44.9,43.7,1,0.0,15,0.069,-1.352,-1.269,LNG Esports|Weibo Gaming,22
Execute,sup,LEC,1,27,0.222,47.2,49.1,52.2,54.8,71.7,47.7,43.7,7,0.0,8,-0.294,-1.067,-0.796,Rogue,25
MathisV,mid,LFL2,2,42,0.381,38.9,52.8,50.1,38.4,42.7,52.9,43.7,10,0.0,13,-0.542,-0.864,-0.481,Karmine Corp Blue Stars,17
Hatsu,top,LIT,3,36,0.361,48.7,56.5,49.3,49.7,34.0,65.2,43.6,9,0.0,19,-0.14,-1.205,-1.116,LODIS|Zena Esports,23
Enricfh,jng,NEXO,3,26,0.385,45.6,58.1,61.6,54.2,45.9,43.3,43.6,8,0.375,8,-0.13,-1.208,-1.279,Monta Club,25
Jericho,mid,LJL,15,32,0.375,50.1,52.4,55.1,43.4,46.6,56.7,43.6,10,0.1,10,-0.185,-1.164,-1.023,Kareha Children,22
Lumity,mid,ROL,3,34,0.206,54.4,56.0,53.1,47.2,54.6,60.2,43.5,11,0.0,15,-0.013,-1.322,-1.454,Aurora,23
Lojaz,jng,NACL,2,41,0.317,40.7,53.6,60.8,56.9,55.3,56.6,43.5,12,0.0,16,-0.318,-1.07,-0.947,Apex Mission Impossible|Blue Otter,25
Lulas,jng,NLC,2,51,0.49,40.1,44.3,52.6,50.3,50.1,42.5,43.5,10,0.1,11,-0.565,-0.861,-0.435,Bulldog Esports|DMG Esports,
Jwei,sup,LPL,1,121,0.339,59.9,58.1,44.2,39.1,42.8,45.8,43.4,0,0.0,14,-0.003,-1.347,-1.257,FunPlus Phoenix|Invictus Gaming,22
Junhao,jng,LPL,1,77,0.364,49.1,62.6,60.6,35.2,57.5,52.3,43.4,4,0.25,18,0.07,-1.394,-1.432,ThunderTalk Gaming|Ultra Prime,21
milkyway,jng,LPL,1,40,0.3,52.1,54.2,47.5,36.2,65.1,62.6,43.3,0,0.0,16,-0.12,-1.252,-1.135,FunPlus Phoenix|Royal Never Give Up,21
handm,top,AL,3,77,0.416,47.7,53.6,52.3,45.5,64.0,59.1,43.3,13,0.077,17,-0.208,-1.183,-1.013,BAAM Esports,
Claww,top,AL,3,65,0.4,44.3,51.2,46.8,43.6,48.4,47.4,43.3,21,0.0,12,-0.406,-1.027,-0.607,One More Esports,21
Etoo,bot,HW,3,38,0.474,41.8,49.0,48.9,51.1,39.7,46.2,43.3,8,0.0,11,-0.537,-0.916,-0.364,Divernex,
HOYA,top,LPL,1,106,0.358,61.6,57.8,46.4,49.9,55.8,51.3,43.2,0,0.0,22,0.136,-1.485,-1.427,Ninjas in Pyjamas|ThunderTalk Gaming,25
SniIIer,sup,NLC,2,27,0.222,54.4,53.4,49.8,51.4,79.9,61.0,43.2,12,0.0,13,-0.108,-1.277,-1.385,KAOS e-sport,26
Lynkez,mid,CD,2,43,0.302,52.5,54.9,53.4,55.1,43.9,66.3,43.2,9,0.111,19,-0.094,-1.29,-1.487,RATZ|Rise Gaming,26
Sh1vq,sup,LJL,15,26,0.269,65.0,52.0,51.4,40.8,79.8,61.4,43.0,12,0.0,12,0.212,-1.578,-1.906,V3 Esports,
Zeron,mid,NEXO,3,22,0.455,54.0,48.7,65.9,41.4,40.4,52.8,43.0,6,0.5,10,0.044,-1.438,-1.666,Monta Club,
ECSTASSY,bot,HLL,3,30,0.233,43.4,53.0,49.7,47.6,70.2,58.0,43.0,14,0.0,13,-0.366,-1.097,-0.843,Guasones|REDPack Esports|Zerolag Esports,23
Anyone,bot,RL,3,46,0.304,52.6,51.3,51.9,52.8,65.2,54.0,42.9,10,0.1,13,-0.129,-1.304,-1.447,DOCISK|LODIS,25
Leo s Man,sup,AL,3,35,0.286,43.7,54.3,52.4,44.2,46.9,46.7,42.9,18,0.0,7,-0.327,-1.151,-1.02,One More Esports,23
DDahyuk,top,LCKC,2,75,0.347,57.4,61.5,47.9,36.7,40.6,41.3,42.8,16,0.0,13,0.03,-1.447,-1.639,HANJIN BRION Academy|HANJIN BRION Challengers,21
HONOR,sup,LFL,2,43,0.256,55.9,49.7,56.8,50.7,68.2,51.4,42.8,13,0.154,12,-0.093,-1.344,-1.478,GameWard,26
Sheiden,jng,LTA N,1,37,0.27,48.0,50.3,50.3,50.8,39.9,52.5,42.8,5,0.0,13,-0.296,-1.189,-0.922,Dignitas,24
kobe67,mid,HM,3,53,0.358,42.6,51.5,50.2,47.2,46.7,47.9,42.8,16,0.062,14,-0.389,-1.111,-0.736,Dynamo Eclot|EXILE esports,
Aki,jng,LPL,1,98,0.398,50.3,45.5,43.3,58.0,44.2,56.7,42.7,0,0.0,20,-0.407,-1.102,-0.745,Ninjas in Pyjamas|ThunderTalk Gaming,25
FATE,mid,LCP,15,54,0.315,53.2,54.2,49.6,55.1,46.7,49.5,42.6,15,0.0,14,-0.136,-1.348,-1.283,Fukuoka SoftBank HAWKS gaming,25
1Jiang,top,LPL,1,70,0.357,53.4,58.0,43.7,39.5,43.7,52.4,42.5,0,0.0,16,-0.081,-1.407,-1.194,Ultra Prime,22
Feather,sup,LPL,1,105,0.352,45.8,62.5,69.8,38.3,47.3,48.8,42.5,4,0.25,16,0.042,-1.502,-1.418,ThunderTalk Gaming,22
En,sup,PCS,15,22,0.045,53.0,50.5,54.3,40.8,39.8,51.1,42.5,15,0.0,8,-0.16,-1.339,-1.248,HELL PIGS,23
Courage,jng,LCP,15,36,0.278,42.9,55.3,51.7,37.8,42.0,47.0,42.5,12,0.0,11,-0.362,-1.175,-0.9,Fukuoka SoftBank HAWKS gaming,20
Buchi,top,NLC,2,25,0.32,47.6,50.4,50.3,36.3,81.6,53.0,42.5,9,0.111,12,-0.27,-1.253,-1.111,DMG Esports,20
Patrik,bot,LEC,1,29,0.207,47.5,46.8,52.1,54.6,62.8,42.7,42.5,7,0.0,7,-0.346,-1.187,-0.929,Rogue,25
Vyctor,mid,LIT,3,30,0.233,54.8,57.5,48.8,40.9,41.2,58.8,42.4,8,0.0,16,0.041,-1.516,-1.757,aNc Legends,22
PhyMini,mid,NACL,2,28,0.214,53.4,52.8,50.9,34.5,38.9,49.4,42.4,10,0.0,10,-0.153,-1.36,-1.498,Apex Mission Impossible|Luminosity Gaming,19
Strava,top,LIT,3,21,0.143,44.0,50.8,53.0,46.7,35.3,54.7,42.4,12,0.0,11,-0.363,-1.184,-0.837,EKO Esports,
Ucal,mid,LCK,1,107,0.374,63.4,55.2,63.1,47.0,59.1,62.2,42.3,26,0.115,24,0.3,-1.751,-1.629,Kiwoom DRX|Kiwoom DRX Challengers,24
Racon,jng,LJL,15,43,0.395,54.0,53.2,57.6,35.1,46.6,47.8,42.3,13,0.154,9,-0.076,-1.439,-1.586,Kareha Children,20
Pockus,sup,NACL,2,26,0.192,50.8,54.2,52.4,60.3,37.8,63.8,42.3,10,0.0,14,-0.182,-1.346,-1.38,Apex Mission Impossible,29
Broeki,bot,PRM,3,42,0.333,43.5,49.5,49.2,71.1,38.1,41.8,42.3,9,0.0,8,-0.488,-1.1,-0.681,Eintracht Spandau,34
Stormax,jng,LFL,2,43,0.256,43.5,59.7,57.3,48.5,68.3,47.9,42.2,13,0.154,11,-0.209,-1.344,-1.377,GameWard,24
vayu,top,NLC,2,26,0.231,49.7,48.2,51.2,46.5,81.1,52.2,42.2,12,0.0,11,-0.292,-1.277,-1.113,KAOS e-sport,
BVL Fubuki,jng,LJL,15,42,0.286,60.6,53.0,54.8,39.6,35.9,47.1,42.1,15,0.067,11,0.044,-1.559,-1.886,BraVeLY,
Guwon,jng,LCP,15,40,0.25,54.1,53.4,51.4,41.3,57.3,58.9,42.1,6,0.0,15,-0.097,-1.446,-1.568,DetonatioN FocusMe|Ninjas in Pyjamas,22
BVL udon,top,LJL,15,31,0.226,46.4,55.6,62.2,44.7,39.2,52.4,42.1,12,0.083,11,-0.135,-1.425,-1.332,BraVeLY,
selenex,top,LVP SL,2,36,0.222,42.3,53.5,59.2,44.9,80.2,43.3,42.1,15,0.0,12,-0.182,-1.385,-1.347,Barça eSports|Guasones,
Yupps,top,CD,2,46,0.348,52.7,58.7,54.8,42.8,50.5,56.0,42.0,5,0.0,15,-0.015,-1.539,-1.691,Flamengo MDL|Rise Gaming,23
Kice,sup,LCKC,2,90,0.367,40.4,59.6,44.7,40.9,51.3,49.7,42.0,22,0.0,16,-0.295,-1.305,-1.205,HANJIN BRION Challengers,23
Matias,bot,LFL,2,43,0.256,42.0,56.2,62.1,54.9,71.8,59.4,42.0,13,0.154,16,-0.243,-1.344,-1.34,GameWard,25
Sjakal,jng,NLC,2,27,0.222,46.6,46.7,51.0,60.5,81.6,46.5,41.9,12,0.0,9,-0.351,-1.277,-1.143,KAOS e-sport,26
Fragola,jng,LIT,3,30,0.233,48.0,55.7,57.2,42.0,36.3,54.0,41.8,8,0.0,14,-0.062,-1.516,-1.749,aNc Legends,
TenT,bot,LJL,15,43,0.395,53.0,49.1,59.9,34.8,39.9,40.4,41.8,13,0.154,7,-0.16,-1.439,-1.332,Kareha Children,20
BioPanther,top,LCP,15,47,0.191,52.0,60.2,50.6,56.8,78.0,55.6,41.6,13,0.0,14,0.041,-1.639,-1.796,Chiefs Esports Club,26
Ellim,jng,LCKC,2,85,0.353,47.2,59.9,44.5,52.5,53.2,49.4,41.6,21,0.0,17,-0.187,-1.449,-1.52,HANJIN BRION|HANJIN BRION Challengers,25
Faetski,bot,NLC,2,40,0.375,55.3,50.3,49.1,43.2,47.6,55.0,41.6,12,0.083,15,-0.117,-1.509,-1.675,DMG Esports,
Bisgaard,mid,NLC,2,39,0.359,51.0,51.1,52.5,41.5,36.9,56.1,41.6,13,0.077,14,-0.144,-1.488,-1.657,DMG Esports|Lundqvist Lightside,
Yuu,top,LJL,15,43,0.395,51.6,49.1,59.6,40.8,39.2,45.1,41.6,13,0.154,10,-0.195,-1.439,-1.278,Kareha Children,22
Evi,top,LCP,15,54,0.315,45.0,54.4,50.0,70.9,57.5,48.4,41.6,15,0.0,12,-0.305,-1.348,-1.039,Fukuoka SoftBank HAWKS gaming,30
Macaquinho,mid,LVP SL,2,36,0.222,43.6,52.5,55.5,39.7,73.3,48.8,41.6,15,0.0,15,-0.263,-1.385,-1.401,Barça eSports|Guasones,22
HNS phast,sup,LJL,15,22,0.182,49.9,54.5,52.2,43.6,55.3,60.3,41.5,18,0.056,12,-0.159,-1.496,-1.418,Hands,
Reeker,mid,LEC,1,28,0.214,45.3,50.3,52.5,53.5,35.3,56.2,41.5,10,0.0,12,-0.387,-1.297,-0.736,SK Gaming,24
Improver,mid,AL,3,44,0.364,45.2,48.5,47.0,44.9,70.2,45.5,41.5,10,0.0,12,-0.333,-1.34,-1.084,BAAM Esports|Fox Gaming|Lille Esport,
Tomo,bot,LTA N,1,39,0.256,47.9,44.4,50.2,48.7,46.3,58.4,41.5,7,0.0,15,-0.369,-1.326,-1.03,Dignitas,24
Dawciu,jng,RL,3,31,0.226,52.1,58.1,56.2,33.4,61.8,56.4,41.4,7,0.143,12,-0.02,-1.615,-1.926,LODIS,17
ezman,bot,LJL,15,26,0.269,52.0,54.0,52.2,44.4,77.1,55.5,41.4,12,0.0,10,-0.068,-1.578,-1.606,V3 Esports,
Bruhruto,sup,NACL,2,45,0.311,56.2,51.1,60.0,41.9,80.5,58.7,41.3,17,0.118,15,0.135,-1.759,-2.207,Cupid Esports|Pulse Star,
Deidara,top,LIT,3,30,0.233,49.0,55.3,49.2,52.5,33.5,56.9,41.3,8,0.0,17,-0.163,-1.516,-1.446,aNc Legends,24
Leo,bot,LCKC,2,22,0.227,45.6,53.0,52.9,55.3,35.6,57.4,41.3,7,0.0,10,-0.328,-1.386,-1.291,HANJIN BRION Challengers,25
Backlund,mid,LFL,2,43,0.256,46.2,47.4,55.3,57.1,53.3,49.8,41.3,13,0.154,13,-0.382,-1.344,-1.216,GameWard,26
Chien,mid,LAS,3,101,0.337,52.4,61.6,56.8,33.7,66.2,59.5,41.2,36,0.139,20,0.09,-1.748,-2.101,Nongshim RedForce Academy,20
buffi,mid,RL,3,49,0.286,50.0,52.3,54.3,42.6,50.5,52.7,41.2,14,0.071,16,-0.194,-1.501,-1.451,Anonymo Esports,22
Calmsky,sup,NLC,2,40,0.375,50.1,49.0,49.7,50.1,62.0,52.5,41.2,12,0.083,11,-0.186,-1.509,-1.56,DMG Esports,26
Gaeng,sup,LCP,15,54,0.315,44.2,53.5,47.9,65.4,45.9,48.1,41.2,15,0.0,12,-0.383,-1.348,-1.017,Fukuoka SoftBank HAWKS gaming,29
Bada,bot,LAS,3,53,0.283,41.0,46.5,54.3,43.4,43.3,55.4,41.2,21,0.095,14,-0.521,-1.234,-0.818,Nongshim RedForce Academy,22
zay,sup,CD,2,38,0.237,53.8,56.5,46.4,33.7,54.4,58.2,41.1,5,0.0,10,-0.074,-1.623,-1.816,Rise Gaming,21
Achael,top,LAS,3,101,0.337,55.4,54.1,55.1,34.2,75.7,50.8,41.0,36,0.139,16,0.067,-1.748,-1.975,Nongshim RedForce Academy,18
Fuuu,mid,LTA S,15,30,0.133,50.8,57.7,51.7,40.0,47.2,50.6,41.0,9,0.0,13,-0.109,-1.617,-1.615,Fluxo W7M,22
SeTab,mid,LPL,1,98,0.347,53.0,52.7,46.9,39.5,33.6,44.7,41.0,0,0.0,18,-0.228,-1.514,-1.031,ThunderTalk Gaming,21
BVL MayR,bot,LJL,15,42,0.286,51.2,50.7,58.0,45.4,37.0,45.4,41.0,15,0.067,10,-0.177,-1.559,-1.454,BraVeLY,
Sting,jng,CD,2,53,0.358,53.6,59.9,46.9,45.5,38.0,55.7,40.9,8,0.0,17,-0.103,-1.624,-1.81,Corinthians Esports|Rise Gaming,24
Care,mid,LPL,1,123,0.333,45.4,64.9,44.5,39.2,46.2,50.4,40.9,0,0.0,19,-0.187,-1.564,-1.102,FunPlus Phoenix|Ninjas in Pyjamas,21
Wink,sup,LPL,1,52,0.365,42.0,51.6,47.9,58.9,46.4,47.1,40.8,1,0.0,12,-0.454,-1.354,-0.898,EDward Gaming|FRK|JD Gaming,26
Taicho,top,LJL,15,26,0.269,48.7,51.5,51.1,44.0,72.9,56.5,40.7,12,0.0,10,-0.203,-1.578,-1.433,V3 Esports,
belit,jng,RL,3,49,0.286,43.5,55.9,55.0,43.9,52.2,62.0,40.7,14,0.071,18,-0.295,-1.501,-1.439,Anonymo Esports,23
BVL uwaaaa,mid,LJL,15,31,0.226,42.6,50.0,56.1,43.0,39.7,41.7,40.7,12,0.083,7,-0.387,-1.425,-1.089,BraVeLY,
Cheng9,bot,PCS,15,46,0.283,44.6,47.0,50.7,60.8,38.6,50.6,40.6,20,0.0,13,-0.478,-1.366,-0.869,Ground Zero Gaming|HELL PIGS,25
Aria,mid,LCP,15,53,0.264,57.9,67.2,46.5,47.9,48.6,51.7,40.5,10,0.0,14,0.164,-1.915,-2.256,DetonatioN FocusMe,25
Starlit,mid,LCKC,2,95,0.347,48.7,59.4,44.2,34.2,68.7,46.2,40.5,23,0.0,16,0.008,-1.785,-2.173,HANJIN BRION Challengers,21
Harp,sup,LCP,15,53,0.264,58.2,63.5,48.2,39.3,69.4,61.4,40.4,10,0.0,19,0.144,-1.915,-2.196,DetonatioN FocusMe,24
Vodin,top,ROL,3,25,0.0,51.7,54.5,61.8,49.4,46.6,52.4,40.4,14,0.0,10,-0.049,-1.76,-1.855,Aurora|Team Meliora|ZeroZone Gaming,24
Adam,top,LEC,1,37,0.162,58.1,59.2,52.4,44.1,39.1,60.4,40.3,11,0.0,17,0.048,-1.847,-1.645,Natus Vincere|Rogue,24
Luon,sup,LCP,15,51,0.196,50.3,56.5,52.0,35.2,78.2,53.9,40.3,15,0.0,12,-0.043,-1.786,-1.856,Chiefs Esports Club,22
Hub,bot,NACL,2,45,0.311,54.0,50.0,57.0,37.8,68.6,53.1,40.3,17,0.118,14,-0.058,-1.759,-2.029,Cupid Esports|Pulse Star,22
Sw3ry,sup,RL,3,43,0.233,47.6,54.2,54.1,32.0,71.3,48.4,40.3,10,0.1,9,-0.106,-1.736,-2.08,Fox Gaming|LODIS|Team Insidious,19
Namsi,sup,LAS,3,93,0.344,46.2,53.4,56.2,36.4,65.8,50.3,40.3,31,0.161,14,-0.191,-1.662,-1.871,Nongshim RedForce Academy,22
Fikus,top,EBL,3,20,0.05,46.3,52.0,52.5,43.3,39.9,64.5,40.3,12,0.0,15,-0.302,-1.576,-1.356,Ankora Gaming|Connect Arena Esports,
HNS ekkusu,jng,LJL,15,23,0.174,43.5,50.6,53.4,42.4,71.6,48.2,40.3,18,0.056,8,-0.346,-1.538,-1.372,Hands,
Calix,mid,LCK,1,116,0.328,52.3,52.0,56.2,35.8,37.9,43.5,40.2,27,0.037,16,-0.132,-1.731,-1.275,Nongshim Esports Academy|Nongshim RedForce,18
VK velbellys,mid,LJL,15,34,0.265,48.5,51.7,50.3,40.4,56.2,49.3,40.2,11,0.0,9,-0.213,-1.658,-1.545,VelbeliKaizokudan,
uroskg,jng,EBL,3,20,0.05,47.9,48.5,52.7,43.4,37.0,57.3,40.0,13,0.0,11,-0.331,-1.597,-1.514,Ankora Gaming|Connect Arena Esports,
89,jng,LJL,15,26,0.269,43.6,49.7,51.2,42.1,76.4,48.8,40.0,12,0.0,7,-0.346,-1.578,-1.423,V3 Esports,
sucuranbul,mid,LJL,15,26,0.269,44.1,46.0,52.0,41.8,57.1,51.0,40.0,12,0.0,9,-0.353,-1.578,-1.298,V3 Esports,
Matislaw,mid,RL,3,53,0.321,60.0,62.7,55.8,64.4,56.7,51.9,39.9,10,0.2,14,0.251,-2.086,-2.71,LODIS|The ParadOx Invaders,29
Loopy,sup,LEC,1,37,0.216,50.8,50.8,52.0,35.9,42.4,61.5,39.8,12,0.0,14,-0.244,-1.699,-1.346,SK Gaming,21
Pika1,bot,PCS,15,32,0.156,48.3,51.2,51.5,37.3,37.3,57.0,39.8,20,0.0,14,-0.301,-1.657,-1.423,HELL PIGS|PaiDA Miwan Bao,21
Marvin,bot,LTA S,15,30,0.133,42.9,54.2,53.9,34.9,52.1,56.2,39.8,9,0.0,13,-0.34,-1.617,-1.33,Fluxo W7M,20
aadam,mid,NACL,2,45,0.311,43.9,49.7,59.0,33.3,81.1,45.7,39.8,17,0.118,12,-0.181,-1.759,-1.926,Cupid Esports|Pulse Star,20
HNS R1to,mid,LJL,15,20,0.1,44.1,49.3,50.9,42.1,47.0,46.8,39.7,17,0.0,8,-0.405,-1.582,-1.244,Hands,
JiaQi,bot,LPL,1,68,0.265,55.3,56.0,46.0,34.2,41.5,61.5,39.4,0,0.0,17,-0.085,-1.91,-1.785,FunPlus Phoenix|Royal Never Give Up,21
JimieN,mid,LCP,15,51,0.196,42.4,56.3,45.4,43.6,75.2,55.0,39.2,15,0.0,14,-0.264,-1.786,-1.631,Chiefs Esports Club,23
DrCalculus,top,NACL,2,45,0.311,45.3,49.4,56.8,43.2,53.2,62.9,39.2,17,0.118,17,-0.309,-1.759,-1.611,Cupid Esports|Pulse Star,
Khaydarin,bot,ROL,3,41,0.171,38.1,49.0,56.6,44.3,57.0,60.5,39.2,17,0.0,19,-0.504,-1.603,-1.345,Aurora,
Bio,jng,NACL,2,45,0.311,43.8,49.9,53.0,42.2,50.0,60.3,38.9,17,0.118,14,-0.386,-1.759,-1.645,Cupid Esports|Pulse Star,
VK motimotti11,bot,LJL,15,38,0.237,52.2,50.9,50.0,42.0,52.0,41.3,38.8,12,0.0,7,-0.142,-1.98,-1.995,VelbeliKaizokudan,
leaf,top,LJL,15,39,0.179,52.6,49.7,50.4,34.9,48.2,50.7,38.6,15,0.0,12,-0.185,-1.971,-1.922,BloomStorm|BraVeLY|VelbeliKaizokudan,21
VK Jmicta,jng,LJL,15,35,0.257,48.9,49.7,51.8,39.6,37.2,42.5,38.6,11,0.0,7,-0.28,-1.892,-1.897,VelbeliKaizokudan,
Malrang,jng,LEC,1,27,0.222,41.0,56.1,52.0,52.5,39.4,43.7,38.6,7,0.0,8,-0.336,-1.847,-1.474,Rogue,25
Larssen,mid,LEC,1,37,0.162,49.7,47.5,52.5,54.8,31.6,48.9,38.5,11,0.0,13,-0.36,-1.847,-1.188,Natus Vincere|Rogue,25
Life,sup,LCK,1,80,0.237,51.2,55.4,54.3,47.4,66.0,51.3,38.3,13,0.077,16,-0.1,-2.108,-1.792,DN SOOPers,25
Abbedagge,mid,LTA N,1,29,0.138,40.7,47.8,52.5,61.1,38.7,50.0,38.3,9,0.0,12,-0.548,-1.743,-0.96,Disguised|SK Gaming,26
HNS Rumi,bot,LJL,15,28,0.143,43.6,54.1,51.5,42.3,81.5,57.2,38.2,23,0.043,12,-0.219,-2.023,-1.954,Hands,
AKaJe,mid,LAS,3,50,0.08,52.1,57.9,53.4,32.7,52.0,52.6,38.1,30,0.0,14,-0.036,-2.189,-2.485,DRX Academy,17
Pyosik,jng,LCK,1,87,0.253,41.8,61.7,55.9,49.9,69.7,56.3,37.9,15,0.133,18,-0.211,-2.107,-1.817,DN SOOPers|DN SOOPers Challengers,25
Likai,top,PCS,15,50,0.24,47.9,50.8,50.5,42.0,36.7,54.9,37.9,28,0.0,18,-0.332,-1.99,-1.77,HELL PIGS,23
Kakkun,bot,LCP,15,50,0.24,44.7,47.8,49.2,43.2,73.6,58.1,37.8,10,0.0,16,-0.336,-2.017,-1.808,DetonatioN FocusMe,23
RayFarky,top,LCP,15,56,0.25,42.2,57.2,47.0,56.1,50.3,42.8,37.6,13,0.0,11,-0.32,-2.083,-1.895,DetonatioN FocusMe|Japan (National Team),26
DuDu,top,LCK,1,88,0.239,60.0,52.3,54.8,41.8,48.7,43.1,37.5,14,0.071,14,0.004,-2.365,-2.022,DN SOOPers,24
HNS Nakamoto,top,LJL,15,28,0.143,41.1,44.2,51.8,42.6,81.3,48.3,37.4,23,0.043,10,-0.444,-2.023,-1.676,Hands,
HotPot,jng,PCS,15,51,0.235,44.9,49.4,50.5,43.3,37.9,50.1,37.3,29,0.0,14,-0.421,-2.052,-1.92,HELL PIGS,23
Minji,mid,PCS,15,55,0.255,50.0,49.3,52.7,63.3,38.9,49.6,37.2,31,0.032,15,-0.281,-2.189,-2.065,Ground Zero Gaming|HELL PIGS,28
Berserker,bot,LCK,1,88,0.239,46.8,54.9,57.4,35.5,51.2,64.1,36.7,14,0.071,20,-0.229,-2.365,-2.055,DN SOOPers,22
Lirua,sup,LAS,3,50,0.08,40.4,49.7,55.2,31.7,51.9,51.3,36.7,30,0.0,10,-0.457,-2.189,-2.214,DRX Academy,18
Keuya,sup,LAS,3,43,0.023,45.5,51.9,56.3,37.6,53.5,45.0,36.0,25,0.04,8,-0.262,-2.529,-2.919,DRX Academy,
Future,mid,LAS,3,43,0.023,38.9,52.3,54.7,33.0,54.5,41.7,35.4,25,0.04,8,-0.465,-2.529,-2.377,DRX Academy,20
Sun eater,top,LAS,3,93,0.054,46.8,53.3,51.8,29.6,39.0,39.0,32.0,55,0.018,14,-0.3,-4.714,-4.952,DRX Academy,17
Nerion,jng,LAS,3,93,0.054,34.5,55.2,53.2,29.3,43.2,50.8,31.8,55,0.018,17,-0.666,-4.714,-4.993,DRX Academy,18
XeRone,bot,LAS,3,93,0.054,34.1,50.7,53.3,29.2,51.5,41.9,31.7,55,0.018,12,-0.72,-4.714,-5.287,DRX Academy,15
