player_id,position,league,tier,games,winrate,behind_games,comeback_rate,champ_pool,操作,运营,心态,体质,适应力,teams,f_gd15,f_xd15,f_cd15,f_dpm,f_dmgshare,f_multi,f_vspm,f_wcpm,f_kp,f_deathshare,f_ejg,f_dmgmit,f_gspd,f_comeback,f_hold,f_clutch,f_endurance,f_sameday,f_pool,f_indep,f_patchstab,z_操作,z_运营,z_心态,z_体质,z_适应力
Knight,mid,LPL,1,129,0.69,17,0.529,28,74.7,65.8,76.4,55.0,64.5,Top Esports,417.66386554621846,316.74789915966386,8.991596638655462,601.2155671875,0.2790287734375,0.875968992248062,1.0560280373831776,0.267396875,0.7315858057426322,0.1532814385047452,5.0234375,340.9414426356589,0.0,0.5294117647058824,0.7572402754615467,-0.14790986482431215,0.05222371462222296,1.9912822388825409,2.4652625377117467,-0.4418604651162791,-0.20957658552290567,1.3316392337287306,0.6021926150332786,1.5626560565305703,0.002364673448567181,0.5204546887005885
Chovy,mid,LCK,1,130,0.592,17,0.118,33,70.5,69.7,55.0,53.4,70.7,Hanwha Life Esports|Kiwoom DRX,309.66923076923075,418.33846153846156,14.838461538461539,521.0497415384616,0.2668703661538462,0.5153846153846153,1.3307361538461537,0.37041230769230765,0.6613323121633892,0.16997271472638278,3.9692307692307693,493.31611076923076,0.0,0.11764705882352941,0.46294110729085236,-0.27726291164297273,-0.09188939705450423,3.580701754385965,2.8942914637131967,-0.2846153846153846,-0.3196767388047835,0.9339172881874456,0.874663931933267,-0.002564870586534474,-0.08446767131520651,0.9531203239025386
Attila,bot,SLO,3,65,0.708,13,0.308,15,65.3,72.2,62.0,62.1,57.9,Giants,359.6307692307692,121.76923076923077,-0.16923076923076924,640.6243692307693,0.3018166923076923,0.8307692307692308,1.5018169230769232,0.46906923076923074,0.7022938793573882,0.11322071133157106,4.938461538461539,309.48099692307693,0.0,0.3076923076923077,0.4932162809257781,-0.33706823925863516,-0.27605002589491284,9.416666666666668,1.860521018838127,-0.46153846153846156,-0.27431999487122977,0.5739310192801804,1.0733248092210157,0.3784264852698201,0.3837109600563865,0.153495598834526
Levi,jng,VCS,15,98,0.663,12,0.25,21,75.9,61.0,63.9,55.7,64.4,GAM Esports,530.8265306122449,607.0612244897959,8.183673469387756,429.09099999999995,0.19406100816326532,0.5204081632653061,1.7255295918367346,0.3857387755102041,0.6893429918038172,0.17791263559032242,17.79591836734694,644.5967540816326,0.0,0.25,0.40608194686872556,0.17055313676087672,-0.1316186964795433,4.6754502218211895,2.1213203435596424,-0.3979591836734694,-0.2578626198204589,1.4805705104267484,0.3219165029554283,0.48775583018132607,0.0383596792839217,0.5185441061296734
Nuguri,top,LCK,1,113,0.69,16,0.062,23,75.6,60.8,54.9,72.5,58.1,Dplus Kia,632.4159292035398,248.78761061946904,8.194690265486726,542.9602424778761,0.273944592920354,0.48672566371681414,1.041154867256637,0.23091150442477876,0.6097645316944714,0.260476821617371,5.345132743362832,632.665285840708,0.0,0.0625,0.313514484435715,0.30068569153622005,1.098431267108916,2.2807017543859653,2.163657997282274,-0.40707964601769914,-0.48430215524160675,1.4491217813002386,0.3091127565087041,-0.006095812466865271,1.104335015270161,0.1624403442784953
BeryL,sup,LCK,1,108,0.741,15,0.067,21,75.5,60.2,47.0,53.0,62.0,Dplus Kia,321.4074074074074,147.3148148148148,12.972222222222221,195.3528638888889,0.09411266296296297,0.06481481481481481,2.830573148148148,0.5215018518518518,0.610228687743775,0.26812316565797667,0.46296296296296297,442.35959444444444,0.0,0.06666666666666667,0.2511257060924987,-0.3196236074658977,0.06327864426608482,1.2130964631402972,2.0207259421636903,-0.4166666666666667,-0.42372503170931014,1.4252647850758544,0.27520579799506883,-0.43578399449491273,-0.10663255791326945,0.37736246848560456
beishang,jng,LPL,1,116,0.534,23,0.174,18,72.7,62.7,56.1,54.6,62.7,Team WE,282.70588235294116,357.4019607843137,7.03921568627451,326.780007826087,0.1710345391304348,0.31896551724137934,1.5465545454545455,0.4408591304347826,0.7454654589493545,0.14777922164642743,12.895652173913044,654.3494448275862,0.0,0.17391304347826086,0.3683032552576233,-0.4018146824305748,-0.007976904080047458,2.898106116433309,1.671258043593467,-0.4051724137931034,-0.20991130106769904,1.1257279741977069,0.4198576858427898,0.05941679937715766,-0.022489554725267695,0.41445857981509004
Feikun,mid,LDL,2,83,0.759,8,0.125,15,67.9,67.1,56.4,53.4,49.8,Invictus Gaming|Invictus Gaming Young|ThunderTalk Gaming,388.1842105263158,286.25,10.631578947368421,581.5091012048193,0.28253281927710844,0.4819277108433735,1.3003163265306121,0.33538192771084335,0.7004143041196611,0.193580438775336,3.6265060240963853,303.0586253012048,0.0,0.125,0.42166233475867076,0.3980522332153653,0.05411038160641974,1.0952380952380953,1.6464638998453551,-0.5542168674698795,-0.23191114212952582,0.7408948725901294,0.6885045308243294,0.07522560420152388,-0.08407660683954316,-0.27477147705941174
Plasma,sup,SLO,3,41,0.512,4,0.0,12,68.7,65.7,49.6,57.8,53.3,UCAM Esports,325.6341463414634,534.560975609756,9.390243902439025,208.11010975609756,0.11070897804878048,0.0,2.747029268292683,0.4675536585365853,0.7571020044836401,0.18922313389225154,0.12195121951219512,499.7701682926829,0.0,0.0,0.48300444397418263,-0.7215564281707378,-0.11157388125318156,7.000000000000002,1.8740851426632728,-0.5121951219512195,-0.4414574425244159,0.7954908597904021,0.5991692606829648,-0.2878403045473462,0.1477621552298173,-0.09127375142916462
Aiming,bot,LCK,1,95,0.453,24,0.083,17,65.7,68.1,51.8,48.8,62.5,KT Rolster,224.34736842105264,70.29473684210527,2.789473684210526,589.1779115789474,0.32756995684210527,0.8,1.5532105263157896,0.4843442105263158,0.76803336589502,0.16366933538948114,3.389473684210526,350.987532631579,0.0,0.08333333333333333,0.3335607472488463,0.0,-0.039014762431521244,0.0,1.744163198544762,-0.47368421052631576,-0.38549277808151033,0.5954936708645315,0.75690304066346,-0.17041465189669006,-0.33155813958712554,0.4030531961042961
Kanavi,jng,LPL,1,119,0.664,19,0.211,17,73.4,60.0,59.2,49.0,54.6,JD Gaming,226.72972972972974,260.76576576576576,4.621621621621622,364.5864983193277,0.18232622521008404,0.36134453781512604,1.7055214285714284,0.530109243697479,0.7104834017963804,0.21163911549900574,17.65546218487395,663.3520386554623,0.0,0.21052631578947367,0.3477162439252732,-0.1910020074172367,-0.19570984935290284,2.44217580909078,1.5583874449479593,-0.44537815126050423,-0.3265705750569543,1.1927187400100618,0.26505951059932786,0.2231996903770963,-0.3209818932929713,-0.0229968167606191
Aria,mid,LJL,15,47,0.511,10,0.1,16,67.1,66.2,53.0,57.7,60.7,Crest Gaming Act,348.0851063829787,236.0,8.0,560.6695255319149,0.307643,0.9148936170212766,1.2544425531914893,0.2952787234042553,0.7267690967727017,0.12933162775066126,2.8085106382978724,322.5840723404255,0.0,0.1,0.3976684674438442,-0.3737387892376681,0.185669155657668,3.912179487179487,2.333839863966313,-0.3829787234042553,-0.19780596473832962,0.6853664451523673,0.6316373364176772,-0.10675898418425464,0.1437409865266444,0.3054011741436622
Elyoya,jng,SLO,3,72,0.722,9,0.222,20,63.6,69.2,56.6,62.4,60.4,Movistar KOI,445.8888888888889,476.81944444444446,9.680555555555555,336.4080069444444,0.16172011249999999,0.20833333333333334,1.7070041666666667,0.4651166666666666,0.7307107572504205,0.1528419133983018,12.597222222222221,655.8919138888889,0.0,0.2222222222222222,0.2819763624425476,-0.16308527482470023,0.40053030303030324,3.929292929292929,2.3570226039551585,-0.4861111111111111,-0.3159306800139616,0.46782446434912794,0.8366460024471493,0.08328862559735967,0.3997159219325017,0.2868400588103789
Dia1,mid,VCS,15,95,0.684,12,0.25,21,72.8,60.0,58.8,54.3,55.7,GAM Esports,717.1157894736842,335.9263157894737,8.273684210526316,579.2000421052632,0.2683005263157895,0.9894736842105263,1.2400463157894737,0.22403578947368422,0.6556744218077382,0.21692678391524867,5.852631578947369,365.1477484210526,0.0,0.25,0.36564926134331105,-0.27644051549685805,-0.1328410938030955,4.1048352083962545,2.154554539378824,-0.4,-0.38617626456344956,1.133719543226449,0.2640367516621494,0.20294429734296848,-0.037831315949150124,0.036815277165861
Ruler,bot,LCK,1,115,0.678,13,0.308,12,71.3,60.8,68.9,64.9,49.7,Gen.G,385.0175438596491,303.6140350877193,6.675438596491228,586.5077852173913,0.3088532173913044,1.1130434782608696,1.565291304347826,0.48110521739130435,0.6414428159301725,0.14666035782965706,3.034782608695652,331.16934,0.0,0.3076923076923077,0.6926728777310279,0.0,0.38396260533379983,3.814814814814815,1.1190057698883766,-0.5565217391304348,-0.31913085865528834,0.9982134527672955,0.3129031039731344,0.8132895553685096,0.5444783487809322,-0.2808451754661914
Bo,jng,LDL,2,64,0.641,11,0.091,11,78.4,53.6,48.9,51.9,48.0,eStar Young,885.936507936508,1159.2380952380952,21.58730158730159,552.18253125,0.2610116875,0.796875,1.2985815789473685,0.37899375,0.704993366268521,0.24936542924042493,22.140625,543.3273921875,0.0,0.09090909090909091,0.13841124257811308,0.0,0.039218826061335844,0.0,1.375,-0.609375,-0.4003712117915041,1.9245604710068536,-0.07211710925249021,-0.32693264138284817,-0.1644646536909038,-0.3759318884264628
PowerOfEvil,mid,LCS,1,81,0.568,17,0.059,17,70.4,61.3,49.2,58.5,45.8,FlyQuest,183.9102564102564,151.06410256410257,6.153846153846154,588.3476802469136,0.3193585925925926,0.7160493827160493,1.1103851851851851,0.24374814814814816,0.7079635490781875,0.16430334256221793,4.2592592592592595,294.3170938271605,0.0,0.058823529411764705,0.311242544058087,-0.23963004875867955,0.14140819692379208,2.675286447976307,1.8888888888888888,-0.6296296296296297,-0.3357925160922135,0.9265118148394597,0.336192166730146,-0.31141675763603816,0.1834223142974887,-0.5021359079265469
Woolite,bot,UL,2,72,0.75,12,0.333,9,69.9,61.7,56.6,61.4,43.6,AGO ROGUE,407.25,171.84722222222223,3.0,688.0400277777777,0.31881706944444443,1.0,1.2724472222222223,0.32650138888888885,0.7072570432763602,0.1698132291203548,2.8194444444444446,369.1892402777778,0.0,0.3333333333333333,0.26292875731308823,-0.518759963561831,0.3262989470042597,2.07037037037037,1.0606601717798214,-0.6805555555555556,-0.4295805590776423,0.8898788545200755,0.3613510501373293,0.08656243899612043,0.3439795170967187,-0.6428263516648847
Palette,sup,VCS,15,99,0.677,19,0.158,21,74.9,56.6,58.9,56.4,66.2,GAM Esports|Team Flash,348.2020202020202,361.8484848484849,4.474747474747475,226.97867373737373,0.10877207272727274,0.04040404040404041,2.413849494949495,0.3389525252525252,0.6647007237223673,0.1828442342882579,0.12121212121212122,468.2028626262627,0.0,0.15789473684210525,0.45154340450377606,0.00655856238600128,-0.071402972991532,5.003746578041947,2.1105794120443453,-0.40404040404040403,-0.25649597611040015,1.3547770999683075,0.08579956145793477,0.20623846457164416,0.07472330732747834,0.6314420385102834
Snow,bot,LDL,2,64,0.844,4,0.5,6,67.8,63.7,67.6,58.7,41.5,Invictus Gaming|Invictus Gaming Young,473.68333333333334,385.6,7.416666666666667,622.0764515625,0.2889931875,0.703125,1.3674387096774194,0.3793671875,0.6600075398747537,0.12256327006327006,3.578125,258.768778125,0.0,0.5,0.4059822521419829,0.08262924244594028,0.29055143502096087,0.92,0.75,-0.84375,-0.25791464407233833,0.7350096229262782,0.4776157068151349,0.7239085065272897,0.19589441728894771,-0.7843197731219378
Deadly,bot,UKLC,3,47,0.702,9,0.222,15,66.9,64.5,55.8,54.8,61.6,JD|XL,607.1914893617021,261.21276595744683,11.191489361702128,619.9078872340425,0.2925696170212766,0.8723404255319149,1.2117468085106384,0.36223404255319147,0.7020080696315291,0.15974397466820062,5.680851063829787,354.28405319148936,0.0,0.2222222222222222,0.5065876073761998,-0.8941771595805849,-0.19810268735925404,4.4425204425204425,2.1879748724684185,-0.425531914893617,-0.2567214079153735,0.6729246812663336,0.5228437291486693,0.039837894432605186,-0.011958462883745496,0.35330584739898724
Kaori,bot,TCL,15,91,0.813,15,0.333,16,74.2,57.1,68.3,56.0,57.4,İstanbul Wildcats|İstanbul Wildcats Academy,578.8314606741573,383.86516853932585,3.404494382022472,667.415045054945,0.3128714505494506,1.1978021978021978,1.0922945054945055,0.2457175824175824,0.7156981406544088,0.14343808635753222,5.065934065934066,311.77523406593406,0.0,0.3333333333333333,0.6328593645856476,0.07367265184944174,0.106555365711793,1.6825127334465195,1.6772557387550693,-0.5824175824175825,-0.272110566711149,1.2735679445365946,0.10832652276985809,0.7658634172358958,0.05059452968934976,0.1290657729077779
Bugi,jng,LJL,15,54,0.63,14,0.214,14,70.5,60.8,58.1,64.9,52.9,V3 Esports,321.47169811320754,425.07547169811323,4.018867924528302,381.5905740740741,0.20080044444444442,0.6111111111111112,1.7282796296296297,0.4109851851851852,0.761095395386451,0.20293715369135112,13.185185185185185,577.8909111111111,0.0,0.21428571428571427,0.30267733192305146,0.008739985433357581,0.2365066449688092,5.32479005036989,1.9051586888313607,-0.42592592592592593,-0.49486560222124937,0.9315629507577241,0.3125849187167543,0.1615170804984822,0.5482892596717203,-0.11214112601056436
Harp,sup,CK,2,34,0.382,10,0.1,12,65.2,65.9,54.9,57.7,59.3,ESC Shane,220.96969696969697,205.96969696969697,2.8484848484848486,212.35397941176473,0.12129584411764706,0.029411764705882353,2.9234764705882355,0.5367970588235295,0.7569617329997953,0.19083418712574723,0.0,371.36649117647056,0.0,0.1,0.4028455783147308,0.0,0.5501902949571836,0.0,2.057983021710106,-0.47058823529411764,-0.3345348434619881,0.5631200463527125,0.6077079806914786,-0.006247399304178846,0.141187192892381,0.22744319339324348
Konodio,sup,LDL,2,85,0.6,15,0.133,18,75.9,55.1,49.3,66.4,61.1,Shu Dai Xiong Gaming,526.2337662337662,288.68831168831167,9.493506493506494,215.91740823529412,0.10346196823529412,0.1411764705882353,2.5665272727272725,0.38226,0.651981759118384,0.2644233982729879,0.17647058823529413,529.5061529411765,0.0,0.13333333333333333,0.31875655545534626,-0.6406052779914876,0.17185805883628882,6.278260869565217,1.9523741203679057,-0.4117647058823529,-0.3735292429822002,1.4839892171728062,0.007207928642652343,-0.30607327773239124,0.6406737157431407,0.32907926858795894
SofM,jng,LPL,1,116,0.552,31,0.355,21,60.9,69.9,71.9,55.2,53.8,Suning,-6.8807339449541285,220.5137614678899,5.128440366972477,300.53814051724135,0.14438248275862067,0.13793103448275862,2.416752688172043,0.6187543103448275,0.7028807434179126,0.19931630770934222,17.198275862068964,808.8122655172414,0.0,0.3548387096774194,0.5639713743278458,0.015629272465894666,0.007763140295156783,3.000574229691877,1.9498010508590446,-0.5086206896551724,-0.4141713825841032,0.31593543095979976,0.8851620993772049,1.050086047688083,0.010083108261830426,-0.06391016523809426
Licorice,top,LCS,1,57,0.772,3,0.333,19,71.2,59.6,73.3,52.6,62.7,Cloud9,594.9821428571429,428.69642857142856,9.553571428571429,490.1227771929824,0.23674421052631578,0.49122807017543857,1.1018105263157896,0.20871578947368422,0.5895033000531722,0.2517800152128814,5.421052631578948,658.0499596491228,0.0,0.3333333333333333,0.9714998668218076,-0.3730566738928461,-0.19814289702187682,4.68587570621469,2.516611478423583,-0.49122807017543857,-0.30705264995751985,0.989574260213525,0.24346473999133345,1.1795856497906512,-0.1260608956282435,0.4168268880723388
Nomanz,mid,LCL,15,54,0.796,8,0.25,23,75.2,55.5,55.0,48.7,65.4,Unicorns of Love.CIS,825.0370370370371,458.9074074074074,10.25925925925926,697.4892037037038,0.3082540555555556,1.037037037037037,1.0252814814814815,0.24019074074074073,0.6474457660770715,0.21172202536534257,4.851851851851852,386.7991277777778,0.0,0.25,0.24479541102055855,-0.41312601063954446,-0.3917881239050211,2.0000000000000004,3.12990356022295,-0.35185185185185186,-0.31797954756123814,1.3928276092451248,0.02544369566737527,0.0015949091623484596,-0.3376600996582371,0.5777964427220666
Puki Style,bot,UL,2,84,0.667,5,0.0,11,67.7,62.8,49.9,55.5,53.7,K1CK,468.1666666666667,335.42857142857144,2.1666666666666665,592.672175,0.27976792857142857,1.0,1.352295238095238,0.33101547619047617,0.6804274216071485,0.15995506278518798,3.9523809523809526,325.57435238095235,0.0,0.0,0.3555273482575583,0.12024788463830308,0.0633368261730119,1.5871879186457192,1.200198396297958,-0.5357142857142857,-0.252511944588342,0.7275338559749731,0.42380424944637507,-0.27195754914182857,0.02575034701972316,-0.06811343471569464
Kirito,mid,LHE,2,56,0.607,4,0.5,19,68.5,61.9,68.5,57.7,60.8,FroztFire Team|Universidad Católica Esports,511.98214285714283,340.69642857142856,10.160714285714286,584.3643410714286,0.2929623035714286,0.5714285714285714,1.1910875,0.250625,0.6817869711661603,0.18760736356559554,3.767857142857143,392.9382678571429,0.0,0.5,0.6154779443625963,0.07505153768759353,0.3286792061304046,1.3748609566184653,2.538981798168032,-0.375,-0.35447707912446386,0.7805050923696766,0.3734795767023133,0.7830803987169809,0.14277791778711146,0.3102511422539028
CJJ,top,LDL,2,35,0.514,4,0.0,15,72.2,58.1,50.0,52.2,61.6,eStar|eStar Young,961.8,807.3142857142857,29.285714285714285,562.8466628571429,0.2571673428571429,0.4857142857142857,1.045325,0.16939428571428572,0.5660017600055194,0.20998568078297764,5.114285714285714,600.17172,0.0,0.0,0.3230320352506848,0.0,-0.015643240719122053,0.0,2.53546276418555,-0.42857142857142855,-0.27708823050272896,1.077584062509198,0.16607620023394137,-0.2654775055860593,-0.14607613501961828,0.3571749929144058
iBo,top,UL,2,84,0.667,5,0.0,16,65.9,64.3,44.2,54.4,55.9,K1CK,520.0357142857143,371.57142857142856,8.321428571428571,477.0381357142857,0.22954940476190477,0.39285714285714285,1.111807142857143,0.21341904761904762,0.5815860373050837,0.22546990158976887,4.071428571428571,894.1173666666667,0.0,0.0,0.15598791103763593,-0.12306090299842466,-0.11137949025139611,2.7332722213553855,1.7457431218879391,-0.5357142857142857,-0.17903535551610875,0.608857123123182,0.5080554614622897,-0.600297557771748,-0.03317914793570004,0.047090972667468256
AnDa,jng,LCSA,2,50,0.58,7,0.143,12,60.3,69.9,58.0,51.2,57.8,Evil Geniuses Academy,303.53061224489795,210.14285714285714,8.73469387755102,307.56791799999996,0.155320462,0.34,1.883964,0.524188,0.7754062274554581,0.1547093279384301,16.04,817.909572,0.0,0.14285714285714285,0.2745247510600791,0.8073485600794439,-0.12252761366555352,0.7857142857142857,1.697056274847714,-0.42,-0.3323063992069797,0.2825396966533749,0.8832966309661499,0.15665788613234868,-0.1994702498561,0.146833757158214
Wondro,top,HM,3,58,0.621,10,0.1,20,73.9,55.8,50.6,55.8,62.7,Cyber Gaming|eSuba,710.2758620689655,298.6034482758621,16.637931034482758,566.6266431034483,0.2713413965517241,0.9482758620689655,0.8609068965517241,0.1086396551724138,0.5822830074341734,0.22497107601739497,5.120689655172414,723.7673637931035,0.0,0.1,0.21820409754648495,-0.2833612298140131,0.1707368786260866,3.4703516241822694,2.626128657194451,-0.3448275862068966,-0.48789872164786835,1.2436225188916135,0.0439208969093938,-0.23551608745404995,0.039611312307829105,0.41741570250292104
Blue,mid,TCL,15,41,0.659,2,0.0,16,68.0,61.7,63.2,63.4,56.2,Fenerbahçe Esports,573.8536585365854,505.9268292682927,16.75609756097561,530.4132292682926,0.2766839024390244,0.7317073170731707,1.2378268292682928,0.25403414634146343,0.6563379630245966,0.15875893628306714,5.341463414634147,335.2054536585366,0.0,0.0,0.4370493081270707,2.2023968042609856,-0.13953970557744147,12.121693121693122,2.498780190217697,-0.4878048780487805,-0.35520435861822586,0.7452443853679817,0.36113530759430046,0.4460230356646087,0.4585873330772754,0.06178414786292297
CRoNiiK,jng,NEXO,3,45,0.756,3,0.0,15,70.4,59.3,51.6,61.0,51.1,Astralis SB,683.5111111111111,780.2,14.2,419.4812488888889,0.20789677555555555,0.5111111111111111,1.4111044444444443,0.3286733333333333,0.6783673025365492,0.16685998756432194,20.066666666666666,581.524768888889,0.0,0.0,0.0805407737667194,0.9080229057205265,0.2858371350697429,4.904333483280851,2.23606797749979,-0.5555555555555556,-0.6562066271701018,0.9218768505516381,0.22890079342306976,-0.18101355548585116,0.3191059837730392,-0.20670446070508652
Maggie,jng,LDL,2,70,0.6,8,0.375,13,68.1,61.5,68.5,51.0,54.1,Suning|Suning-S,484.328125,358.015625,3.96875,394.05626571428576,0.18535216857142858,0.6285714285714286,1.5303704545454544,0.3449014285714286,0.7302062593380415,0.17578409020856273,18.757142857142856,636.3692871428572,0.0,0.375,0.7390557541432617,0.0,-0.008587920596930912,0.0,1.5537971921347118,-0.5428571428571428,-0.2812510294957952,0.7579815165411748,0.3485522462570803,0.7818995973482129,-0.2146899739553907,-0.04959672436509466
Prince,bot,CK,2,82,0.622,10,0.2,10,60.0,69.4,64.5,60.0,50.2,Awesome Spear|Spear Gaming,104.2560975609756,20.76829268292683,-1.0609756097560976,566.164974390244,0.30888686585365854,0.7682926829268293,1.5563743902439025,0.4659195121951219,0.7203018808427983,0.168656761049235,3.341463414634146,388.7872170731707,0.0,0.2,0.5761415084406697,0.5598622459315282,0.15784306850851976,3.090909090909091,1.1043152607484654,-0.5487804878048781,-0.3204651567689822,0.2676537152461545,0.8468580087475462,0.5254523274066446,0.26856355380637276,-0.25328073456532973
GuGer,sup,LCK,1,87,0.529,21,0.19,20,69.6,59.7,66.6,46.2,65.1,Team Dynamics,0.41379310344827586,119.02298850574712,0.8275862068965517,192.53744942528735,0.1067851356321839,0.08045977011494253,2.7447390804597704,0.41557701149425286,0.6514897714563563,0.21447659632378852,0.19540229885057472,414.0888666666666,0.0,0.19047619047619047,0.44264880384080313,0.5384369659314157,-0.4825619153729904,2.1232876712328763,2.1442250696755893,-0.3333333333333333,-0.46676839325421055,0.8641872840384727,0.25062480659156083,0.6527390602595851,-0.4818023459024422,0.5607403347910378
Weiwei,jng,LPL,1,56,0.607,11,0.091,11,67.9,61.4,51.1,48.8,51.7,Victory Five,258.06,371.0,5.02,303.7719785714286,0.17032355535714286,0.30357142857142855,1.7645029411764706,0.4416107142857143,0.7445101510456569,0.17333145350394089,12.482142857142858,678.5989,0.0,0.09090909090909091,0.276462380594612,-0.29710378240804636,-0.3463057790782737,3.0840439344492405,1.4699368305183342,-0.5357142857142857,-0.2807046371804034,0.7425492174771423,0.34209033138497863,-0.20668675466148134,-0.3347651820083064,-0.17466485094243606
FoFo,mid,LPL,1,92,0.489,15,0.0,21,65.2,64.0,50.0,56.6,55.8,Bilibili Gaming|Vici Gaming,61.3,21.15,2.9125,573.2394869565218,0.29309308695652175,0.6521739130434783,1.1589694444444445,0.23779782608695654,0.7273820590147548,0.15256875250053992,3.1739130434782608,326.361152173913,0.0,0.0,0.3647293727345333,0.10953058321479378,0.15561051004636794,1.175925925925926,2.189401347599285,-0.44565217391304346,-0.3350815547642532,0.5646127477207247,0.49490093610379904,-0.2653700420467401,0.08590499411657404,0.04219167014193611
Night,mid,BL,3,60,0.75,7,0.286,16,73.7,55.5,58.6,48.8,49.3,Sector One,810.1,768.9333333333333,18.183333333333334,666.7857600000001,0.2815669333333333,0.7666666666666667,1.0596583333333334,0.17787166666666668,0.5862495840775676,0.17108786314812743,4.883333333333334,302.25325833333335,0.0,0.2857142857142857,0.30733150598177267,-0.09364258600591809,-0.2874986429269352,2.3360707344447182,2.065591117977289,-0.4166666666666667,-0.600373375887978,1.2265319810884923,0.028211808159363673,0.19099937176556875,-0.33356131285395063,-0.3021659808989638
Le Grain,bot,RCL,3,24,0.583,3,0.0,9,69.5,59.7,51.1,64.3,52.3,Wildcard Gaming,942.3333333333334,405.0,9.958333333333334,739.8880166666667,0.31015820833333335,1.5416666666666667,1.0893,0.28910416666666666,0.7388663221301573,0.15365266396326235,2.6666666666666665,352.48088333333334,0.0,0.0,0.2707160325314224,0.0,1.5338622291021673,0.0,1.8371173070873836,-0.7083333333333334,-0.3050169107674448,0.8555089687031231,0.2511520245079142,-0.20416971168872347,0.5093097540830684,-0.1425215564544896
Teddy,bot,LCK,1,103,0.65,14,0.143,12,63.5,65.6,52.1,64.9,51.2,T1,168.99019607843138,101.09803921568627,5.578431372549019,540.9657815533981,0.29972005825242715,0.941747572815534,1.4810436893203884,0.40385922330097085,0.7166156528745087,0.1485823604500075,5.320388349514563,383.7205233009709,0.0,0.14285714285714285,0.3292517006802721,-0.23341766582334186,0.12081405940240383,7.32982456140351,1.1823951337971519,-0.5436893203883495,-0.3302134318602046,0.46363585205854013,0.5928457467993592,-0.1556795702890817,0.5500918646411173,-0.1998165185463732
Scarlet,mid,PRM,3,55,0.509,11,0.182,17,66.6,62.5,58.9,53.1,59.3,EURONICS Gaming,264.3090909090909,212.87272727272727,9.145454545454545,623.3742763636363,0.29778841818181817,1.0,1.072330909090909,0.2036,0.6946207210355965,0.1386370605597407,3.1818181818181817,292.5536018181818,0.0,0.18181818181818182,0.5203308301899852,0.07318765175164771,-0.015520070443703527,1.8440434272300468,2.292279532375023,-0.41818181818181815,-0.19620711261803594,0.6528333645484596,0.40435344986555205,0.20596513690445925,-0.10261730419895432,0.23084574596226798
Hatrixx,mid,SLO,3,47,0.617,9,0.222,20,66.8,62.3,60.7,54.3,62.7,JD|XL|MAD Lions Madrid,357.6170212765957,263.36170212765956,10.085106382978724,620.6249319148936,0.29881655319148936,1.0,1.050036170212766,0.21430851063829787,0.7100697610241574,0.19870222982322563,6.148936170212766,466.1047659574468,0.0,0.2222222222222222,0.6212426858999299,0.0,0.1809012336253571,0.0,2.917299829957891,-0.3404255319148936,-0.3674124916196919,0.6692726172871724,0.3925990146496504,0.30480763028741037,-0.03831363314076647,0.41695257982340383
Akunma,top,DDH,3,41,0.78,5,0.2,18,69.7,59.4,53.6,50.3,64.0,Team Aze,760.1951219512196,429.609756097561,15.78048780487805,517.0870804878049,0.24415278536585366,0.6829268292682927,1.0086585365853658,0.17765121951219512,0.5777834124734754,0.23662747314823554,5.195121951219512,664.7756463414635,0.0,0.2,0.343660892400284,-0.8184608069849366,-0.009327334576978114,0.0,2.8111277139949093,-0.34146341463414637,-0.4365884937655396,0.8722561668260604,0.2357270797741533,-0.07220498364680669,-0.25269438680604306,0.4902251131247356
Insulator,mid,LDL,2,89,0.708,11,0.091,18,69.8,59.3,55.8,59.2,51.8,FunPlus Phoenix|FunPlus Phoenix Blaze|eStar,366.67058823529413,244.76470588235293,8.764705882352942,636.595304494382,0.2856207865168539,0.5730337078651685,1.1384109090909091,0.18307303370786518,0.6708977109688291,0.16402041435414033,2.191011235955056,347.22594831460674,0.0,0.09090909090909091,0.27563925767166164,1.0813565312261102,0.1051586453850927,4.429665398497708,1.907996184011448,-0.550561797752809,-0.2543231978436764,0.8811521022691272,0.22993569170760786,0.0433492658698047,0.22417530676281522,-0.17076998965078083
Smiley,bot,LFL,2,68,0.647,10,0.1,11,68.2,60.8,50.5,54.7,55.1,GamersOrigin,675.5735294117648,370.4264705882353,12.75,557.3526632352941,0.27989941176470584,0.7941176470588235,1.4132985294117646,0.30555,0.7109735177303963,0.21724077731685043,5.338235294117647,333.6783661764706,0.0,0.1,0.20392430278884463,0.017827537507419593,-0.15974927402790565,3.7761904761904765,1.3339459376998313,-0.5294117647058824,-0.2623107830721054,0.7611025430120584,0.30860833084951195,-0.2389465080468636,-0.01828961839181467,0.005819249619919614
Wako,bot,PCS,15,64,0.656,7,0.143,10,66.3,62.5,47.9,56.3,50.8,ahq eSports Club,489.90625,202.46875,8.765625,572.188025,0.304830203125,0.734375,1.436325,0.45161250000000003,0.71095726982897,0.18444070900437948,3.3125,311.52271875,0.0,0.14285714285714285,0.24068595497166928,-0.7360182286360015,-0.011264422505055249,4.367162698412699,1.25,-0.625,-0.2554304505671167,0.6329344645243219,0.40799189626742244,-0.3813003244515464,0.07082456912633342,-0.22248428288745556
Topoon,top,OPL,15,66,0.758,10,0.3,21,68.4,60.2,60.0,48.8,65.5,Legacy Esports,618.060606060606,487.4848484848485,9.363636363636363,483.8827,0.24317485454545457,0.30303030303030304,1.0879090909090907,0.17966666666666667,0.6064213440453213,0.23835045884760103,2.772727272727273,780.5616196969696,0.0,0.3,0.2740039694975452,-0.01846792468814198,-0.2609282992726013,2.2366946778711485,2.584921310565987,-0.42424242424242425,-0.25221629865368866,0.7749304835074508,0.2768346227308144,0.2680017735547473,-0.3318697157668764,0.5874021152978341
StenBosse,top,PGN,3,71,0.648,10,0.0,15,63.6,64.8,47.3,62.3,50.1,Dusty|Samsung Morning Stars,325.67605633802816,222.7605633802817,6.338028169014085,491.4219845070422,0.23382292957746476,0.3380281690140845,1.1017915492957746,0.1642281690140845,0.6482652111675465,0.21160201734085674,1.0704225352112675,756.0806408450704,0.0,0.0,0.2897838249412388,-0.2977554892323397,0.3011059382513817,7.1432636072283975,1.7801724872907798,-0.5774647887323944,-0.2814384982825074,0.46986521296969347,0.5401256913729762,-0.4192343819552432,0.39655836849785214,-0.2635216898147873
Neo,bot,UPL,2,40,0.625,8,0.125,11,67.1,61.3,54.6,45.7,56.3,Dignitas Academy|First Blood Crusade|Mirage Sport Électronique,550.75,274.45,1.125,625.45817,0.306121025,1.225,1.4356525,0.3584025,0.700918404942439,0.1673742646242646,2.425,322.3486925,0.0,0.125,0.3847101468542005,0.0,-0.4615336774675042,0.0,1.7392527130926085,-0.525,-0.3613033710121494,0.6894147766094413,0.3358896860659682,-0.019003692883355523,-0.511081800823793,0.06964017476023984
Kiin,top,LCK,1,110,0.473,30,0.033,26,67.6,60.4,44.6,71.2,64.2,DN SOOPers,196.06422018348624,190.6605504587156,8.422018348623853,460.91919,0.2582050418181818,0.36363636363636365,1.0785954545454546,0.22053636363636364,0.6117171567808516,0.24142734999642512,2.790909090909091,593.1146881818182,0.0,0.03333333333333333,0.2184395008138904,-0.5404814004376368,-0.19571137441613015,20.11111111111111,2.47900273203854,-0.2818181818181818,-0.5414794074650271,0.7196637966471946,0.2856692429209031,-0.5755985892034876,0.9935918501134555,0.5046949968246546
Josedeodo,jng,LLA,15,61,0.574,4,0.0,17,60.8,67.1,51.4,53.1,58.0,Movistar R7,257.1,496.06666666666666,7.483333333333333,251.0866393442623,0.1424335737704918,0.14754098360655737,1.762095081967213,0.4973344262295082,0.7403587214242953,0.1293592811086383,11.62295081967213,640.2627606557378,0.0,0.0,0.2290702160493827,0.3435398829390992,-0.17861572873134052,3.826103500761035,2.1766269588592317,-0.5245901639344263,-0.31899989925044947,0.31082265876242343,0.6903731599891453,-0.19235199020298313,-0.10115492824955155,0.1607566608460952
Mikyx,sup,LEC,1,83,0.675,15,0.2,20,66.2,61.6,53.8,55.9,66.5,G2 Esports,84.57317073170732,144.79268292682926,4.109756097560975,186.6429951807229,0.08968143614457831,0.024096385542168676,2.859267469879518,0.3934132530120482,0.6639327535984645,0.21300965789682874,0.0963855421686747,528.8484626506024,0.0,0.2,0.25593923415866227,-0.30270423473918734,-0.2282034816779266,7.222092315691702,2.195285199793807,-0.39759036144578314,-0.3585240688214881,0.6291926371528731,0.3521923906072659,-0.061980211385543826,0.04776149365932569,0.6459167996207522
Kaiser,sup,LEC,1,69,0.507,17,0.118,19,65.9,61.9,51.9,55.0,64.6,MAD Lions KOI,158.2058823529412,46.5,8.117647058823529,172.00672898550724,0.0875194,0.043478260869565216,2.675659420289855,0.3751072463768116,0.679282577002324,0.18386634675713562,0.13043478260869565,516.7849985507247,0.0,0.11764705882352941,0.3303367830205228,-0.4033728008629256,-0.004948420801400212,3.672244607668444,2.287331208629615,-0.37681159420289856,-0.48018280658438117,0.6119861059881434,0.37133798488718517,-0.16648417066593538,0.002052953135117451,0.5295415416517393
bobista,top,HM,3,40,0.45,7,0.0,15,68.6,59.2,47.1,61.5,56.8,RAMS|Team Sampi,740.6,396.025,11.8,522.98562,0.263364575,0.475,0.906915,0.1117925,0.6224568223164939,0.18602680416698958,3.075,693.6530175,0.0,0.0,0.231582762256194,-0.6245186426856341,0.7863530564743354,4.0856760374832675,2.3717082451262845,-0.475,-0.43093067402932617,0.7895737127841461,0.22046708403998513,-0.4274197129667994,0.34724929055142795,0.09344861240717708
Archer,bot,LJL,15,54,0.63,14,0.214,10,61.5,66.3,61.3,64.9,52.2,V3 Esports,212.69811320754718,-15.90566037735849,-0.8867924528301887,576.5286148148148,0.3012820185185185,0.9259259259259259,1.6021851851851852,0.4748777777777778,0.7326692669825283,0.18814338558295451,4.592592592592593,342.8147462962963,0.0,0.21428571428571427,0.39704464809589,0.5447277115703725,0.09695095006628365,10.872860180754916,1.3608276348795434,-0.5925925925925926,-0.3062737443742878,0.3475838711425911,0.6349556331551343,0.3391232937858425,0.5474547444334218,-0.1465497155052211
l3est16,jng,LDL,2,46,0.5,10,0.0,12,69.1,58.6,48.5,71.4,50.9,Bilibili Gaming|Bilibili Gaming Junior,508.05,798.475,15.65,379.35564999999997,0.18782022173913046,0.5,1.5771318181818181,0.3560586956521739,0.6966311883031876,0.1731898258521963,14.217391304347826,635.5036177777778,0.0,0.0,0.22289256198347107,0.0,1.1209593326381648,3.3333333333333335,1.7693034738587656,-0.5434782608695652,-0.5674686804402427,0.8228359861844441,0.19037844847901234,-0.3480998428199439,1.0035176874760106,-0.21960369939016017
HiRit,top,TCL,15,24,0.792,1,0.0,11,68.2,59.4,58.8,55.5,54.1,Fenerbahçe Esports,701.4583333333334,640.3333333333334,20.125,517.5275958333333,0.27615779166666665,0.6666666666666666,1.0315625,0.16055,0.6377785949573875,0.24154486706247544,9.541666666666666,672.0131541666666,0.0,0.0,0.7072389493914157,0.7056712132089017,0.07078507078507082,2.8181818181818183,2.2453655975512468,-0.5833333333333334,-0.43390503586934287,0.7594493811640642,0.2340954731309282,0.20211643297974866,0.024033309487425377,-0.04952065199937839
MISSING,sup,LPL,1,119,0.529,24,0.167,16,64.8,62.7,52.9,48.7,47.6,Team WE,159.78095238095239,74.61904761904762,-1.3904761904761904,175.34658813559324,0.09270774915254237,0.01680672268907563,2.7188362637362635,0.4373042372881356,0.7133325776333475,0.24855637329279792,0.06779661016949153,586.043868907563,0.0,0.16666666666666666,0.348060299208493,-0.5514757220592934,-0.26805984255594145,2.14990068411121,1.4667175952451381,-0.5714285714285714,-0.36749449774467563,0.540343510783543,0.4182898357090253,-0.11127554415926909,-0.3380758456657187,-0.4004740080432238
Eckas,jng,PGN,3,50,0.66,7,0.0,16,63.1,64.4,50.4,55.5,61.7,Samsung Morning Stars|aNc Outplayed,326.8,337.62,5.24,376.099474,0.178126688,0.44,1.5856839999999999,0.345576,0.739734209054582,0.15850632050529748,17.76,554.6298840000001,0.0,0.0,0.21121403610576578,0.27993878668346545,0.005780078998273894,3.748119019599602,2.262741699796952,-0.44,-0.20763255241647072,0.44265963120121704,0.5145489153483385,-0.2457040370206477,0.028360426913969276,0.36207472477171243
Jejky,jng,HM,3,62,0.71,6,0.0,13,66.4,61.1,48.8,50.2,52.3,eSuba,568.3548387096774,638.6612903225806,10.0,355.74649999999997,0.1649130935483871,0.3387096774193548,1.5709354838709677,0.3717338709677419,0.6647515343121148,0.21065100465317682,24.35483870967742,711.9292838709677,0.0,0.0,0.21507899691652793,0.05263346112032958,-0.1570545512639328,2.0775201288244767,1.6510016510024765,-0.5,-0.3649180714386022,0.6427557368957235,0.3286488262345764,-0.3314126293605136,-0.2566817944269258,-0.14079627120133692
Canyon,jng,LCK,1,121,0.702,16,0.062,22,72.8,54.7,50.0,69.7,62.2,Dplus Kia,371.45454545454544,385.58677685950414,7.132231404958677,307.4303016528926,0.1506767818181818,0.38016528925619836,1.714897520661157,0.44766446280991734,0.6840064412748824,0.2025976007406191,13.231404958677686,674.7763462809918,0.0,0.0625,0.2681324450213806,-0.07839039288253183,0.6029992889136951,3.7051448551448547,2.0,-0.3884297520661157,-0.36773781838776953,1.1282739703334,-0.016793425169205612,-0.2679285224611021,0.8701444701280505,0.3859802389103922
Ssumday,top,LCS,1,49,0.408,14,0.071,11,59.1,68.3,50.3,62.0,48.4,100 Thieves,91.875,163.9375,2.0833333333333335,423.80629795918367,0.23374781428571428,0.30612244897959184,1.2012714285714285,0.23636530612244896,0.6008791060419392,0.15168360338739198,3.979591836734694,803.4441469387756,0.0,0.07142857142857142,0.22785277721808048,-0.24761783763181294,0.28599078341013817,6.555555555555556,1.5714285714285714,-0.5714285714285714,-0.45626351143752647,0.21993259531186793,0.7712067882629482,-0.24813774842635808,0.37856260515272455,-0.3554804589004716
promisq,sup,PRM,3,87,0.655,11,0.0,16,62.7,64.5,43.4,63.6,53.1,MOUZ NXT,221.2528735632184,22.919540229885058,1.4942528735632183,187.53473218390803,0.08921297471264368,0.06896551724137931,2.7596402298850573,0.44628275862068967,0.6964045119218738,0.1951677680577743,0.05747126436781609,394.04825862068964,0.0,0.0,0.20318950356141344,-0.6282911077993046,0.3676977026033631,4.4619594964422555,1.7153800557404717,-0.4482758620689655,-0.4331858605810312,0.42001326245064285,0.5249880643786073,-0.6562433112505962,0.4684026173616209,-0.10257588922533889
catjug,jng,PCS,15,27,0.444,7,0.143,9,70.4,56.8,57.0,50.6,50.2,Alpha Esports,717.6296296296297,1170.6666666666667,22.444444444444443,338.3695407407408,0.15938874444444445,0.5555555555555556,1.6219222222222223,0.3817,0.6554329279367168,0.21426702632407152,28.074074074074073,776.8800518518518,0.0,0.14285714285714285,0.42707033975348313,0.0,-0.1340418725340348,0.0,1.7320508075688772,-0.6666666666666666,-0.3521697101420199,0.9224183140752538,0.09494609163520545,0.10367603063901286,-0.23405194250587064,-0.2530397008166676
Peach,jng,LAS,3,30,0.667,6,0.167,7,71.8,55.4,59.2,59.8,52.6,DRX Academy,478.4,904.6333333333333,21.2,576.80963,0.22193416666666668,0.8666666666666667,1.34683,0.3397833333333333,0.6258695236918872,0.23660808888629423,25.066666666666666,926.3023099999999,0.0,0.16666666666666666,0.30296313614515996,0.9903534547277842,0.3731002377842525,4.068390344855842,1.2780193008453875,-0.7,0.0,1.043255429775367,0.020097674841087772,0.22170009179722466,0.25280835229586873,-0.12792366705648775
Tolkin,top,PRM,3,86,0.663,10,0.0,19,62.3,64.7,44.4,61.9,55.8,MOUZ NXT,228.63953488372093,114.84883720930233,2.8488372093023258,476.27186627906974,0.2300148581395349,0.5116279069767442,1.0592011627906976,0.16501162790697677,0.5893319045424477,0.19745955688263803,3.9651162790697674,799.1292523255813,0.0,0.0,0.1581338026214255,-0.39811497416691105,0.47605133108008035,5.09767711962834,2.0488226908653298,-0.43023255813953487,-0.4010381633674123,0.3965489842755849,0.5341909481024004,-0.5898230917423,0.3703983247754361,0.04261920804368584
Agurin,jng,PRM,3,59,0.542,21,0.19,9,69.7,57.1,59.9,54.2,46.0,Unicorns of Love Sexy Edition,353.3050847457627,593.6271186440678,11.576271186440678,456.3571711864407,0.2220597966101695,0.423728813559322,1.7179813559322035,0.4275983050847458,0.6876093026634862,0.2857054567340814,10.288135593220339,644.0736389830508,0.0,0.19047619047619047,0.4622766648661765,0.14242476792667322,-0.19956333355035807,4.811507936507937,1.171700198827415,-0.559322033898305,-0.4150118347227468,0.8723131448299347,0.11207348152543445,0.2622602690284011,-0.04185306463476876,-0.49051839581322726
Doinb,mid,LPL,1,118,0.568,23,0.087,28,61.3,65.5,50.0,52.8,67.3,FunPlus Phoenix,80.35779816513761,-35.211009174311926,-2.311926605504587,530.8660152542373,0.28482935593220343,0.6610169491525424,1.169204081632653,0.2077686440677966,0.7473868458042187,0.1770373946106391,3.194915254237288,546.4164737288136,0.0,0.08695652173913043,0.3253067757375221,-0.26109655459004755,-0.11221961947454467,3.5848637313767697,2.5776089301153053,-0.3305084745762712,-0.2725451317238529,0.33781343774631395,0.5856401381360878,-0.2670390924107626,-0.11429458882694347,0.6986390438635903
Ackerman,sup,LMF,2,51,0.725,3,0.333,13,62.9,63.9,65.1,51.8,55.1,Nocturns Gaming,199.47058823529412,226.52941176470588,0.43137254901960786,173.70884705882352,0.10013984117647058,0.0392156862745098,2.8175176470588235,0.4098862745098039,0.7038220248638086,0.18900803236274266,0.0784313725490196,479.2754039215686,0.0,0.3333333333333333,0.5312320155828057,0.050282393577296546,-0.11906340785651123,1.129032258064516,1.8203641092364127,-0.5686274509803921,-0.3412837129711386,0.42750304597481376,0.48760961653880924,0.5612065955129271,-0.16859613436744175,0.004930015591538266
ShowMaker,mid,LCK,1,121,0.702,16,0.062,21,62.3,64.5,50.3,72.2,50.0,Dplus Kia,304.75206611570246,68.76859504132231,2.4710743801652892,504.3514859504132,0.2502127520661157,0.628099173553719,1.185429752066116,0.21462561983471073,0.6826888020309408,0.12265622626104054,3.9669421487603307,321.1286925619834,0.0,0.0625,0.37911939492166397,-0.24132353458279115,0.6511563926053077,3.270989974937343,1.9090909090909092,-0.4793388429752066,-0.35316525394121495,0.39377312334381437,0.5223340698037575,-0.24902903172643634,1.0795333755369652,-0.2671736802120768
Palafox,mid,LCSA,2,50,0.78,8,0.375,23,66.6,60.1,62.1,52.6,67.5,Cloud9 Academy,342.96,220.24,5.96,568.3997479999999,0.28150580000000003,1.06,1.18107,0.20431000000000002,0.673420489432383,0.1715658889277815,3.38,340.383504,0.0,0.375,0.4769054845466592,-0.061812851209381896,-0.10444213341256887,1.8653846153846154,3.2526911934581184,-0.34,-0.27639074892599214,0.6556147094547522,0.2693718862771138,0.3836767177765022,-0.1268793851748128,0.716949082353646
Jisu,top,LLA,15,46,0.717,6,0.333,15,66.3,60.4,63.3,56.2,59.3,All Knights,349.4782608695652,200.2173913043478,14.0,531.506002173913,0.2686823913043478,0.2608695652173913,1.1048326086956521,0.2495195652173913,0.6157491684810813,0.2854728837965617,5.043478260869565,660.5192,0.0,0.3333333333333333,0.609538190512143,-0.3808145923375577,0.11592505854800937,2.718226600985221,2.211629342323457,-0.5,-0.2324407100765935,0.6336966930720754,0.28928209397757154,0.45010335911765736,0.06435550321686266,0.22932350539649074
Parang,top,CBLOL,15,27,0.63,9,0.333,13,68.5,58.1,60.9,59.6,59.2,KaBuM! Esports,359.14814814814815,254.74074074074073,14.666666666666666,641.9258962962963,0.2960113703703704,0.5925925925925926,0.9530592592592593,0.14313703703703703,0.7283155240308887,0.2505336172828433,1.7407407407407407,739.1007148148149,0.0,0.3333333333333333,0.4418343416825966,0.0,0.6900177522873139,0.0,2.5018511664883785,-0.48148148148148145,-0.3271958625018958,0.786362545357205,0.1630849826479096,0.31474697328909623,0.2431589683888702,0.2247862982489604
Rainbow,mid,BRCC,2,40,0.675,9,0.222,17,64.3,62.3,56.5,48.5,58.0,Santos e-Sports,201.35,233.1,5.85,605.2125100000001,0.2941193825,0.675,1.2255425,0.23786749999999998,0.7336235716463084,0.19227618613622433,2.9,403.72567,0.0,0.2222222222222222,0.39698895815507473,0.0,-0.3234288864388091,0.0,2.687936011143122,-0.475,-0.37312807795760605,0.5126672633105599,0.3918165138934551,0.07836145324749044,-0.3518130037270669,0.15715819690053212
Lpc,bot,LDL,2,69,0.681,10,0.1,10,63.3,63.2,51.3,46.2,46.4,Joy Dream,305.8484848484849,191.78787878787878,2.106060606060606,568.8194130434782,0.29641623188405797,0.7971014492753623,1.3596000000000001,0.3520782608695652,0.697647429399244,0.14107319850601457,2.6666666666666665,271.2300202898551,0.0,0.1,0.25620915032679736,0.0,-0.2939879924335883,0.0,1.203858530857692,-0.6956521739130435,-0.3566762255049862,0.45420545152892655,0.44445877412526036,-0.19609215907980343,-0.48361407132035633,-0.4694845977034405
Shady,sup,UPL,2,60,0.717,3,0.333,16,72.4,54.0,64.6,61.5,59.8,Maryville University|Team Infernal Drake,456.3333333333333,244.41666666666666,1.0833333333333333,237.73796666666667,0.09811492166666666,0.13333333333333333,2.221283333333333,0.29172499999999996,0.6639104147540169,0.21403377018622036,0.18333333333333332,545.7495333333334,0.0,0.3333333333333333,0.4803195691485593,0.0,0.182032978081641,4.184079037020213,2.065591117977289,-0.4666666666666667,-0.3855799193775917,1.0917706783976637,-0.05043097301393109,0.5274645591191931,0.35158202584775006,0.25579787039066026
Mission,mid,PCS,15,83,0.663,12,0.167,12,69.1,57.3,55.6,56.3,44.8,Machi Esports,340.144578313253,400.2530120481928,10.819277108433734,568.0126180722891,0.28975955421686744,0.5542168674698795,0.9726578313253011,0.22702048192771085,0.6501946198746389,0.15393290200063015,5.036144578313253,277.412421686747,0.0,0.16666666666666666,0.32442151041717116,-0.07294357442686475,0.008891171070239255,4.104274801116906,1.317171119876284,-0.5421686746987951,-0.3321217741170481,0.8251956562284936,0.12181432982576422,0.032608200792369375,0.06818491834216298,-0.5673354289412976
SPOOKY,jng,EBL,3,74,0.649,14,0.143,18,61.9,64.3,52.8,50.9,60.5,Nordavind White|ŠAIM SE SuppUp,343.06756756756755,264.7972972972973,5.391891891891892,347.7231878378378,0.18091407162162162,0.1891891891891892,1.6742432432432433,0.44643243243243247,0.6857450154450928,0.1885744208331044,13.702702702702704,595.2272864864865,0.0,0.14285714285714285,0.2400882277289099,-0.17212587809366164,-0.05998321738366839,1.7878934535921829,2.092457497388747,-0.3918918918918919,-0.3045671195869878,0.36921081174475295,0.5099360984372586,-0.11639636044061027,-0.2170887566211939,0.29403734260438397
Yado,mid,VCS,15,74,0.527,19,0.316,18,62.0,64.1,63.7,53.1,55.2,CERBERUS Esports,31.37837837837838,125.01351351351352,1.472972972972973,554.7056324324325,0.28364720270270266,0.6891891891891891,1.404233783783784,0.25192297297297295,0.6675190656421306,0.1746240338168051,2.6486486486486487,350.9533594594595,0.0,0.3157894736842105,0.6079638022886917,-0.6458993673566287,0.10559574067600638,1.1904761904761905,2.092457497388747,-0.44594594594594594,-0.3119372867601051,0.37762428414977217,0.4967970693147895,0.47545443430892265,-0.09803944374566836,0.012884681148187981
Nothing,bot,LMF,2,50,0.72,3,0.333,9,64.9,61.1,66.1,50.5,53.0,Nocturns Gaming,417.32,316.54,8.2,536.63205,0.30834788,0.86,1.222698,0.327008,0.7620913985253466,0.17303635987120894,2.92,269.889696,0.0,0.3333333333333333,0.770541282774825,-0.08692914854671151,-0.16456850577902904,0.8666666666666667,1.2727922061357855,-0.58,-0.27205993379222226,0.5493205274664249,0.32664052056071063,0.6246946171431041,-0.23877519687732252,-0.10661268811290613
Destroy,top,CK,2,45,0.511,5,0.2,10,58.5,67.4,55.2,50.4,51.3,Spear Gaming,131.55555555555554,186.82222222222222,3.6222222222222222,432.26120444444445,0.24230237777777777,0.4444444444444444,1.2530133333333333,0.25047555555555556,0.641305144753792,0.21346192541631587,3.5555555555555554,762.7086999999999,0.0,0.2,0.5651163657600119,-0.5797283226050738,-0.38770591862154,2.7492877492877494,1.4907119849998598,-0.6222222222222222,-0.19059138406136938,0.18496889416148646,0.7056925014110552,0.012473835113965256,-0.24614560668682756,-0.19478353831098846
Kongyue,jng,PCS,15,69,0.667,8,0.25,13,65.4,60.4,54.2,61.0,51.6,PSG Talon|ahq eSports Club,320.6231884057971,336.7391304347826,4.72463768115942,281.78297391304346,0.1480154115942029,0.5362318840579711,1.5797101449275361,0.39467246376811593,0.7143603054285147,0.1579236417940277,10.681159420289855,713.5376811594202,0.0,0.25,0.315786702855739,-0.7514308482467674,0.06291064664979559,4.82835105003889,1.5650160901149996,-0.463768115942029,-0.3628511907293196,0.5771242367114605,0.2907752763623067,-0.040210694852931946,0.32086892487489704,-0.17746503435278932
Meteor,jng,LPL,1,74,0.473,12,0.0,19,63.3,62.5,47.8,56.3,66.0,Bilibili Gaming,213.07042253521126,230.94366197183098,2.3661971830985915,285.5189986486487,0.14544896486486486,0.22972972972972974,1.7994384615384615,0.4865472972972973,0.7490994560216528,0.17567897800343982,9.31081081081081,684.3585324324324,0.0,0.0,0.23947872931883973,0.0,0.3437814021797943,0.0,2.2087051361325662,-0.40540540540540543,-0.2676657897217579,0.449952462628299,0.4052325621684947,-0.38754771006574146,0.06965585265162066,0.6145575671453867
Limitationss,bot,DDH,3,42,0.548,10,0.2,19,61.5,64.3,59.3,50.9,62.8,Cream Real Betis,149.02380952380952,256.7857142857143,15.666666666666666,589.3657952380952,0.2910037738095238,0.40476190476190477,1.30005,0.33307380952380955,0.6924275052111836,0.1548147846513478,5.928571428571429,352.3595142857143,0.0,0.2,0.6262546956436228,-0.3067231784993833,-0.3959621757392827,3.3024691358024696,2.931763649279746,-0.4523809523809524,-0.5157238531283925,0.3490146523357645,0.5109885756013575,0.22827686809738623,-0.21658194325153507,0.42014479182172715
Daption,sup,UPL,2,25,0.44,10,0.2,9,66.7,59.0,56.0,54.8,56.2,Charlotte Phoenix|Winthrop University,-140.92,18.84,-1.48,352.09574,0.147032332,0.12,2.233248,0.33212400000000003,0.7063761365708734,0.21370041855095978,0.84,368.751824,0.0,0.2,0.31527781335655913,0.0,0.2636646274195166,0.0,1.8,-0.6,-0.1980648976812101,0.6592106685399017,0.21045727101556858,0.05173784444334489,-0.012641386817453706,0.06509006951020335
Saulius,mid,BM,3,41,0.585,5,0.2,18,60.6,65.1,60.9,53.9,58.3,Elementaries Esport Club|Iron Wolves,238.3170731707317,209.4878048780488,3.0,574.3755219512195,0.2894770243902439,0.5853658536585366,1.291358536585366,0.31183170731707316,0.6572030172675005,0.18737825020200616,5.317073170731708,375.26233902439026,0.0,0.2,0.8563319156323237,-0.3263209493270154,-0.09638987870280376,3.567632850241546,2.8111277139949093,-0.5121951219512195,-0.30468479350833994,0.30075471430421796,0.5581374426010727,0.31484900379611375,-0.056730395404595214,0.1742104816314861
WhiteLotus,bot,LLA,15,40,0.575,5,0.2,10,61.6,64.1,53.5,54.6,56.7,inf,363.75,118.925,5.425,542.178755,0.2996987,0.8,1.422595,0.40309249999999996,0.7579457747991357,0.16265545456721928,4.525,355.9786875,0.0,0.2,0.41708391748447826,-0.7775876817792985,-0.1777318522345646,5.9523809523809526,1.5811388300841895,-0.5,-0.33977242876886077,0.3547289065745302,0.4974118205412455,-0.08111613316282748,-0.020366014702076413,0.08813059188983749
Blaber,jng,LCS,1,57,0.772,3,0.333,16,74.9,50.7,59.5,50.7,59.6,Cloud9,476.92857142857144,513.5178571428571,10.785714285714286,359.4303947368421,0.17267919649122807,0.45614035087719296,1.5653210526315788,0.3831912280701754,0.7270969213351839,0.30501861241432693,13.473684210526315,769.7387719298246,0.0,0.3333333333333333,0.28330818671859936,-0.550407458331936,-0.28475153221571187,3.5954415954415957,2.11925177130407,-0.49122807017543857,-0.31722108623585704,1.356448833831779,-0.22850872280662907,0.23725816772880737,-0.22826753151697482,0.24627220565513253
Pirean,mid,LJL,15,44,0.545,5,0.2,17,63.4,62.1,57.6,61.3,54.7,QT DIG∞,244.1818181818182,199.75,9.818181818181818,556.7059522727272,0.29985615909090907,0.4090909090909091,1.242165909090909,0.3065477272727273,0.6942916315810332,0.17071414375343083,1.7272727272727273,310.46860681818185,0.0,0.2,0.4534697727832007,-0.29570160152684416,0.6358969119562717,3.048732943469785,2.5628464289109907,-0.5681818181818182,-0.350434323878825,0.4593567174340026,0.38126704984408705,0.1374849925177789,0.3373148803973396,-0.01831308113709429
Marky,top,NEXO,3,46,0.739,5,0.4,17,63.7,61.8,62.1,52.6,57.6,Movistar Riders Academy,533.4347826086956,131.58695652173913,12.043478260869565,466.36813043478264,0.24081690652173912,0.41304347826086957,1.036595652173913,0.15585217391304348,0.6096098334073775,0.207086463183347,3.782608695652174,720.3832869565218,0.0,0.4,0.4954425335904751,-0.7988325101032779,-0.17466048451260666,3.5656084656084652,2.5065132546332514,-0.45652173913043476,-0.4973267279463258,0.47451778140350537,0.3683111631571498,0.3808588628425398,-0.12635413101519677,0.13603407722981942
Shiganari,bot,LCL,15,40,0.8,6,0.333,9,67.4,58.0,60.6,55.9,54.4,Gambit Esports|RoX,658.4,188.15,9.65,629.537175,0.2984622,0.95,1.2746875,0.28927749999999997,0.7031656366394133,0.12768266514694235,2.1,296.8426575,0.0,0.3333333333333333,0.6384418007930953,-0.7951561132185585,0.01816051552431179,3.6545454545454548,1.4230249470757705,-0.575,-0.2728246085408149,0.7101146324122974,0.15709297991413548,0.30023003144948207,0.049430806830643895,-0.0332368403026471
WouLou,top,GLL,3,63,0.587,15,0.133,13,69.4,55.9,57.6,54.8,45.1,Anorthosis Famagusta Esports|Gamespace Mediterranean College Esports|Pyrsos Esports,323.3015873015873,432.55555555555554,8.412698412698413,608.4797428571428,0.25789561904761904,0.25396825396825395,1.006557142857143,0.1550984126984127,0.5317465742684657,0.23239547874784375,1.7777777777777777,904.6534619047619,0.0,0.13333333333333333,0.3225657155445795,0.5968607709125068,0.09582530644062917,3.3362573099415207,1.6378460497066512,-0.5873015873015873,-0.4704234373054611,0.8504111119764058,0.046622263788657706,0.1363036244223282,-0.010604701986301833,-0.5496382289497549
SkyBart,top,BRCC,2,50,0.52,7,0.429,12,64.9,60.3,68.2,54.4,54.1,Team oNe eSports,433.72,285.1,9.82,488.61855799999995,0.26565881999999996,0.38,1.221048,0.180488,0.559085404963114,0.2316331108602914,2.86,763.8669259999999,0.0,0.42857142857142855,0.9114363896972595,-0.1424665479100211,-0.18351082102370322,3.3998327759197324,1.697056274847714,-0.44,-0.36012061403494666,0.5480349612806519,0.2812131919935288,0.7631169797262638,-0.03174877611355581,-0.047868683632138274
Cryin,mid,LPL,1,56,0.536,13,0.154,17,69.0,56.1,53.1,46.1,54.1,Royal Never Give Up|eStar,342.3265306122449,178.71428571428572,5.040816326530612,578.7604642857143,0.2843611607142857,0.9285714285714286,0.9461653846153847,0.1684017857142857,0.7406611273454516,0.170193558898225,3.142857142857143,337.30308214285714,0.0,0.15384615384615385,0.44244782221636053,-0.7572190546257127,-0.3181398213735756,1.46875,2.271720556255607,-0.44642857142857145,-0.4155796336617345,0.8168171580057911,0.05989644214846531,-0.10190002720899018,-0.4861682411818355,-0.04665244491467531
Wink,bot,LPL,1,73,0.479,18,0.111,9,66.7,58.3,48.1,42.9,38.9,Invictus Gaming|eStar,320.94117647058823,148.51470588235293,9.779411764705882,605.1431397260275,0.31012401369863013,0.7123287671232876,1.3534260869565216,0.4480109589041096,0.6805758399034882,0.16098511556226322,4.219178082191781,317.29970273972606,0.0,0.1111111111111111,0.38956667971006387,-0.7851788311639877,-0.5013930752078213,1.232558139534884,1.0533703247651751,-0.6575342465753424,-0.5824939649429532,0.6604002735662383,0.1743811539722085,-0.3708189087298658,-0.6862799566098247,-0.9820827018198617
YeG,mid,LDL,2,72,0.681,10,0.1,22,65.0,60.0,50.2,46.7,62.1,Joy Dream,385.13235294117646,236.13235294117646,4.779411764705882,557.4248416666667,0.29134863888888884,0.4305555555555556,1.085223404255319,0.2023513888888889,0.7065817513934806,0.19708522397717793,4.361111111111111,360.63989305555555,0.0,0.1,0.27296421336934507,0.0,-0.3137931034482758,0.0,2.5927248643506746,-0.4027777777777778,-0.3021840757116277,0.5514182030984501,0.2652192967615669,-0.25719442249552615,-0.45242871700814097,0.3807121093664346
Alois,top,PRM,3,60,0.467,10,0.1,16,65.3,59.6,54.4,48.9,51.3,Defusekids|SK Gaming Prime,332.9,443.21666666666664,14.7,455.17115333333334,0.2531206166666667,0.26666666666666666,0.9842433333333334,0.12899166666666667,0.5652144289967679,0.218636542129838,5.133333333333334,933.8936883333333,0.0,0.1,0.31045144972096206,0.25456355791569873,-0.4511175783827685,3.142857142857143,2.065591117977289,-0.4666666666666667,-0.5759271445875713,0.5749321174085864,0.24251157792189063,-0.031513697357891494,-0.32444230645960104,-0.19582100842999586
Filopo,mid,LMF,2,44,0.432,14,0.071,14,60.1,64.7,53.0,49.0,51.6,Malvinas Gaming|Valorous,-14.090909090909092,65.6590909090909,9.136363636363637,493.3539181818182,0.28787952272727274,1.0,1.3408795454545455,0.21789545454545456,0.6729508315392393,0.13837241334309108,4.295454545454546,362.1557272727273,0.0,0.07142857142857142,0.42706872370266485,0.0,-0.24414784394250505,0.0,2.1105794120443453,-0.4772727272727273,-0.4999281876666313,0.27084060052786263,0.5370000112173149,-0.10634557526985343,-0.3191380001532286,-0.17841621292345744
Lover11,mid,LDL,2,40,0.575,7,0.143,12,61.3,63.5,50.7,48.8,50.1,Royal Club,133.6153846153846,105.12820512820512,5.205128205128205,584.06358,0.2622886,0.75,1.4966823529411766,0.2948825,0.6526290736874815,0.21332625398245092,2.9,518.31691,0.0,0.14285714285714285,0.16794457686395936,0.0,-0.29282569541725034,0.0,1.8973665961010275,-0.525,-0.4446932729667077,0.33901880459623307,0.4626127653725711,-0.22980417789089805,-0.3332712240144922,-0.2634975834086489
Sencux,mid,NLC,2,72,0.611,8,0.125,20,67.9,56.7,51.7,58.0,60.5,Barrage|Gambit Esports|Riddle Esports,414.27777777777777,337.0,8.26388888888889,559.6862180555556,0.2630467638888889,0.8194444444444444,1.0153375,0.15164027777777778,0.66278898602746,0.15077606703812402,2.375,355.87267916666667,0.0,0.125,0.24904214559386972,0.22587734358903921,0.12822142201510983,3.505418594563331,2.3570226039551585,-0.3888888888888889,-0.3043355813645872,0.7394883224230043,0.0887288575204646,-0.17499725107203376,0.15750026243502935,0.29342289864820725
Supa,bot,SLO,3,69,0.478,15,0.067,19,68.1,56.5,57.9,56.7,62.8,G2 Arctic,308.6231884057971,380.3188405797101,17.81159420289855,600.509568115942,0.31115524637681163,0.7246376811594203,1.1054072463768116,0.30240144927536233,0.635533374801707,0.1672716954630958,2.463768115942029,315.69884782608693,0.0,0.06666666666666667,0.4503177868525285,0.6804927370679674,0.02851845460492255,3.6965713166144205,2.287331208629615,-0.4492753623188406,-0.2735064609528498,0.757526776351267,0.08088015851047067,0.1530987068824175,0.08820844747901235,0.42333370907192913
Xico,mid,SLO,3,72,0.722,9,0.222,18,66.2,58.4,58.3,56.3,54.0,Movistar KOI,338.0138888888889,95.20833333333333,5.208333333333333,627.70615,0.3112221805555555,0.7361111111111112,1.2034888888888888,0.20786527777777777,0.6931017859026979,0.2700632310329675,4.458333333333333,383.7883527777778,0.0,0.2222222222222222,0.5165711758783614,-0.32910629003602226,0.11719093894964967,2.479365079365079,2.121320343559643,-0.5,-0.2689158601827985,0.6265113466459911,0.18149192147796767,0.17328196166119436,0.06785365571550112,-0.053801660343563755
Kiaya,top,VCS,15,88,0.648,11,0.273,19,67.5,57.0,65.7,64.4,58.9,GAM Esports,603.6363636363636,437.6363636363636,11.181818181818182,446.4667738636363,0.21259090795454547,0.4318181818181818,0.9225829545454545,0.13290227272727273,0.5768605462361759,0.18332433926388644,3.5,781.9446522727274,0.0,0.2727272727272727,0.628114612781899,-0.06915745849627213,0.322539312754805,4.801890976176538,2.025406805378299,-0.4431818181818182,-0.30559695515501223,0.7107450472445412,0.1070640335751662,0.5960113317729635,0.5153507664798707,0.20596426354019254
LukasNegro,top,LHE,2,50,0.66,6,0.167,19,62.3,62.2,58.2,67.6,61.8,LDM Esports|Rebirth eSports|Universidad Católica Esports,391.94,127.1,9.44,484.280526,0.25552494,0.3,1.07535,0.16589199999999998,0.6436456574460074,0.21579494968573648,3.76,710.8985279999999,0.0,0.16666666666666666,0.5214879495490728,0.2709487881418174,0.1523328459391199,8.999999999999998,2.6870057685088806,-0.46,-0.35948830639327595,0.3950529201056617,0.38847642223318957,0.17150594535800126,0.7231519449581306,0.3662860452360597
Warangelus,bot,LLA,15,52,0.596,5,0.0,15,63.2,61.3,50.6,49.8,64.6,Isurus,368.94117647058823,233.0392156862745,7.901960784313726,558.0963057692308,0.31669084615384613,0.40384615384615385,1.3080153846153846,0.3829980769230769,0.714862182233894,0.1658737920416121,5.3076923076923075,309.2554769230769,0.0,0.0,0.25649188230478875,0.31378979766890347,-0.26970509383378016,3.10515873015873,2.0801257358446095,-0.46153846153846156,-0.28199874860579616,0.4443301294454205,0.33646597665830424,-0.23530645573093836,-0.2773906868636997,0.5320814996696326
Wei,jng,LPL,1,90,0.444,20,0.1,16,61.4,63.0,46.7,48.4,50.4,Royal Never Give Up|eStar,55.80487804878049,11.292682926829269,-2.451219512195122,326.9517088888889,0.16566688222222223,0.23333333333333334,2.024235,0.5570333333333334,0.7468938695378202,0.22040720839603947,11.055555555555555,615.5138755555556,0.0,0.1,0.27490813566212685,-0.8562798275588621,-0.36648586791240134,3.7218253968253965,1.6865480854231356,-0.4666666666666667,-0.4632181702952502,0.3428591457373553,0.4327236877716519,-0.4539116447519117,-0.3554557420391952,-0.24557669441488345
Takeover,mid,LHE,2,31,0.613,5,0.0,16,62.1,62.3,47.8,49.4,59.1,Kaos Latin Gamers|LDM Esports,422.9032258064516,240.74193548387098,9.580645161290322,478.87891290322585,0.28358535483870967,0.8387096774193549,1.1204096774193548,0.23331612903225807,0.722049100694427,0.14993241705640586,3.5161290322580645,421.3884064516129,0.0,0.0,0.2025974025974026,-0.253956292388847,-0.309147509578544,0.0,2.8736848324283986,-0.41935483870967744,-0.4296401869107076,0.38457063472944913,0.3924416895426116,-0.3903431806751644,-0.29744316961385586,0.21762838267708923
Darshan,top,LCSA,2,41,0.488,5,0.0,14,63.7,60.7,45.6,59.8,52.6,Golden Guardians Academy,504.609756097561,303.219512195122,8.268292682926829,474.5744634146341,0.2458720243902439,0.4634146341463415,0.9689536585365853,0.12330731707317073,0.6519177500828184,0.1876275099749273,3.4878048780487805,844.6039390243902,0.0,0.0,0.2819911515122211,-0.7751394347304261,0.056264311416421305,4.7407407407407405,2.186432666440485,-0.5609756097560976,-0.4954214278395257,0.47620320597485366,0.30401870602982684,-0.5197968001138664,0.25701748403328195,-0.12582753537176303
Uniboy,mid,PCS,15,65,0.677,7,0.286,13,59.9,64.5,56.2,57.4,47.1,PSG Talon|ahq eSports Club,221.16923076923078,64.33846153846154,2.3384615384615386,506.91563692307693,0.26866695384615386,0.6153846153846154,1.0572307692307692,0.2253153846153846,0.7547180667178895,0.13576295491977705,3.476923076923077,357.5618492307692,0.0,0.2857142857142857,0.35533747773596414,-0.8100368585199886,0.028217706279110195,4.817316017316017,1.61245154965971,-0.5846153846153846,-0.30756229367513577,0.2615071554732951,0.5234833094863376,0.06463928910694781,0.12899185722416281,-0.42685299888305245
369,top,LPL,1,129,0.69,17,0.529,21,62.8,61.5,77.1,53.5,61.7,Top Esports,142.6638655462185,101.27731092436974,5.19327731092437,472.48526484375,0.22259607890625,0.2868217054263566,1.0043560747663551,0.2125390625,0.5812927662162485,0.20919352857508536,4.375,773.8183558139534,0.0,0.5294117647058824,0.6580008441732857,-0.2559786850533449,-0.02721252444885779,3.2632903903404324,1.84894690328381,-0.40310077519379844,-0.2553551404948755,0.4214292670969329,0.35115108824067287,1.6622678999581524,-0.08045095301504504,0.3615937444536025
Only,jng,OPL,15,67,0.597,14,0.143,16,67.4,56.7,54.1,57.3,61.9,ORDER,269.92537313432837,513.0298507462686,12.0,313.8233328358209,0.1606477671641791,0.3582089552238806,1.4353134328358208,0.33732537313432837,0.7057141552439277,0.1710318365413417,16.328358208955223,668.5476223880597,0.0,0.14285714285714285,0.3167658223227973,-0.22708802506609227,0.04003447532859307,2.955575980392157,1.9547111097008836,-0.417910447761194,-0.22488624975947222,0.7058188941437855,0.08915186989921088,-0.04499885794160205,0.12370999270506827,0.3716516548804116
Blank,jng,LJL,15,44,0.545,5,0.2,17,60.8,63.3,53.9,69.0,61.1,QT DIG∞,160.9090909090909,332.8181818181818,7.5227272727272725,304.9417931818182,0.15741407272727273,0.13636363636363635,1.8432590909090907,0.4654386363636363,0.768270021871793,0.2121777333610261,15.613636363636363,665.3563181818182,0.0,0.2,0.1681766959657426,-0.1718426501035197,0.600497227003251,3.9833603896103895,2.5628464289109907,-0.4090909090909091,-0.4436536244547372,0.3111182461310691,0.4532818708331779,-0.05761720804087982,0.819498590045336,0.32495591345031305
Keria,sup,LCK,1,123,0.602,15,0.067,26,64.5,59.5,49.8,60.2,71.6,Kiwoom DRX,120.15447154471545,12.520325203252032,-1.4959349593495934,179.54335284552846,0.08866357642276422,0.04065040650406504,2.6205536585365854,0.41180243902439023,0.6882317400176,0.22187948838220187,0.13821138211382114,383.82785772357727,0.0,0.06666666666666667,0.4064638569460455,-0.5668826648821874,0.26060894416579683,4.191399176954732,2.344341050135324,-0.2926829268292683,-0.4067089088049296,0.5236632817763968,0.24048511222833446,-0.277611774460865,0.2772080247309907,1.0255726262569
Calmsky,sup,LPLOL,3,56,0.536,11,0.182,13,64.7,59.3,54.2,49.7,54.3,SAMCLAN Esports Club,182.53571428571428,306.07142857142856,0.7321428571428571,187.53625178571428,0.09641052142857143,0.07142857142857142,2.6022357142857144,0.37829285714285715,0.7192625554252785,0.255331945457051,0.017857142857142856,598.5724321428571,0.0,0.18181818181818182,0.2772151116195373,-0.10202750770690067,-0.18172334110552973,1.9345238095238095,1.7371980724307585,-0.44642857142857145,-0.40060149057574096,0.5356437212334232,0.22960716554699262,-0.04352078790815193,-0.28006560173485634,-0.039337525755511096
esA,sup,CBLOL,15,49,0.571,12,0.167,13,56.7,67.3,55.0,58.3,61.8,Havan Liberty|paiN Gaming,141.18367346938774,-83.57142857142857,-2.2448979591836733,164.74371224489795,0.09002598163265306,0.04081632653061224,2.99964693877551,0.4796979591836734,0.7065776774958379,0.17535985238674867,0.1836734693877551,533.5577408163266,0.0,0.16666666666666666,0.38513076557299103,-0.35434992490881795,-0.1633947218530472,7.912812333864966,1.8571428571428572,-0.4897959183673469,-0.14228937203274267,0.08985332549613247,0.7030245988683911,-0.0006897296863404108,0.17494876840436469,0.3676691361020788
Jaeger,top,SLO,3,23,0.435,5,0.2,14,62.5,61.4,61.6,49.9,62.0,S2V Esports,310.60869565217394,284.1304347826087,13.304347826086957,498.97054782608694,0.2898627391304348,0.30434782608695654,1.129404347826087,0.22083478260869566,0.6052707663977687,0.23418907390256452,3.5217391304347827,819.9043391304348,0.0,0.2,1.215921152388173,-0.6194868838281925,-0.34784190106692525,0.4399999999999999,2.919201796799047,-0.34782608695652173,-0.4336440963382398,0.4049826083463104,0.3413438696680751,0.3552822832162126,-0.27102266380497264,0.3795838432358011
Leza,mid,LLA,15,24,0.583,3,0.0,11,62.1,61.7,50.9,50.2,52.1,Movistar R7,508.375,240.70833333333334,7.708333333333333,529.667875,0.30212141666666664,0.5,1.2789416666666666,0.29649166666666665,0.680837612822907,0.17502196877196877,5.833333333333333,366.18704166666663,0.0,0.0,0.41444043321299645,-0.5524669909659485,-0.4157667386609072,1.2941176470588234,2.2453655975512468,-0.5833333333333334,-0.41269413955557677,0.3840268327926033,0.36166506671875004,-0.21515433742801912,-0.25619232884078785,-0.15279517467215498
LIDER,mid,PRM,3,85,0.671,10,0.0,17,72.0,51.8,45.5,61.1,50.8,MOUZ NXT,625.4941176470588,585.635294117647,15.411764705882353,579.3112141176471,0.27336161176470586,1.035294117647059,0.8988376470588235,0.14569411764705884,0.641264238678879,0.2311977383980583,4.552941176470588,523.6093317647059,0.0,0.0,0.19305019305019305,-0.2402594649595116,0.19087888516226076,4.7675126897335645,1.8439088914585775,-0.4588235294117647,-0.34361722787535354,1.0601744110790499,-0.1680536552701597,-0.5255759305749559,0.32882366458345136,-0.2203123118196885
Rakyz,mid,LMF,2,55,0.727,4,0.25,14,61.9,61.9,62.5,52.5,53.0,9z Team,409.3090909090909,7.7272727272727275,5.709090909090909,509.87552727272725,0.2996955636363636,0.5818181818181818,1.2773145454545456,0.2238090909090909,0.698217471336697,0.18312312328819505,3.4,258.22516545454545,0.0,0.25,0.7806122448979592,-0.4681239688899363,-0.1334683357879234,2.199561403508772,1.8877596148970779,-0.509090909090909,-0.27710715366478916,0.3706724312159708,0.37330969429285676,0.4069290356646791,-0.131014135938548,-0.10534876353014118
Pilot,bot,CK,2,76,0.461,19,0.316,16,57.8,66.0,72.7,63.9,56.9,OZ Gaming,30.407894736842106,9.026315789473685,3.0921052631578947,548.0870723684211,0.29516672368421054,0.6710526315789473,1.4075657894736842,0.3683486842105263,0.6836660552506426,0.1194198210765752,2.3552631578947367,340.7612184210526,0.0,0.3157894736842105,0.6338319907940162,1.4730127576054957,0.15785157851578516,5.624999999999999,1.835325870964494,-0.5526315789473685,-0.36250904018579544,0.14735586108458237,0.6188752271630344,1.1193180738237958,0.4883039592638718,0.10045710123256726
Szygenda,top,UL,2,68,0.735,12,0.333,17,62.3,61.5,57.2,67.0,59.5,AGO ROGUE,453.55882352941177,228.33823529411765,11.088235294117647,465.87708235294116,0.2179960588235294,0.3088235294117647,1.0476441176470588,0.1544235294117647,0.5937642137165453,0.16447878532463003,1.4264705882352942,775.0050102941177,0.0,0.3333333333333333,0.47729437052757595,-0.7500624219725343,0.4419529837251357,4.589436026936027,2.0615528128088303,-0.4264705882352941,-0.2894660473124028,0.3950180827959147,0.34677239950426836,0.11672814256013689,0.682715419644492,0.23823040572627593
Able,bot,LDL,2,79,0.519,19,0.105,12,68.6,55.2,46.6,60.8,51.4,Bilibili Gaming|Legend Esport Gaming,279.3333333333333,112.06060606060606,11.106060606060606,668.5554113924051,0.3053489873417721,0.9113924050632911,0.9139782608695652,0.3865316455696203,0.6520684121207873,0.17956563016375182,2.721518987341772,361.7934828947368,0.0,0.10526315789473684,0.23124035445055513,-0.6720505848049012,0.2717991529565075,2.239864864864865,1.3501054811112287,-0.6582278481012658,-0.25578154387497715,0.792958352152257,0.009358084298973024,-0.4592461703851781,0.3120350425904261,-0.1896697737613781
Shanks,mid,DCup,3,36,0.667,5,0.4,15,63.8,60.0,58.4,50.5,60.1,Team WE|Team WE Academy,329.625,333.375,12.583333333333334,546.6384777777778,0.2697216388888889,1.1666666666666667,1.063952380952381,0.2648527777777778,0.6810562858894472,0.19155891098637096,2.9166666666666665,363.5882472222222,0.0,0.4,0.34297003621995387,-0.7251109701965758,-0.26023233090869624,2.292156862745098,2.5,-0.4444444444444444,-0.14484267035848955,0.4837174852888677,0.2646565781364562,0.17997346945391457,-0.24145761840137708,0.2714410550701311
Abbedagge,mid,LEC,1,43,0.419,8,0.0,14,63.6,60.1,45.5,71.6,41.9,FC Schalke 04 Esports,-26.11627906976744,30.906976744186046,1.0,566.2674860465116,0.30948013953488374,0.9069767441860465,1.2003837209302326,0.24086511627906979,0.7010002908079902,0.17099944283449683,3.1627906976744184,349.70282325581394,0.0,0.0,0.17788783171039918,-0.45296671490593343,0.7462703020504153,6.500000000000001,2.134979984656465,-0.5348837209302325,-0.7931626566956839,0.46934597905990566,0.27413092773734615,-0.5235535084701114,1.0243553681073438,-0.7545908284703787
Deftly,bot,LCSA,2,52,0.558,7,0.143,13,60.7,63.0,59.9,50.7,61.0,Evil Geniuses Academy,347.2352941176471,146.4313725490196,3.7254901960784315,547.6195038461539,0.27827590384615386,0.7307692307692307,1.2701980769230767,0.3600346153846154,0.6945011017025702,0.1145416546233705,1.7692307692307692,303.5521596153846,0.0,0.14285714285714285,0.5262319117740805,0.44203581526861446,-0.14755072586807036,0.8461538461538461,1.8027756377319948,-0.4230769230769231,-0.3079874510207488,0.3044745558838285,0.43384896806580436,0.2611411758929445,-0.22914552350675066,0.323585280684989
Photic,bot,LDL,2,93,0.559,22,0.182,14,59.1,64.6,56.1,57.2,52.8,Top Esports|Top Esports Challenger,11.554347826086957,-43.22826086956522,3.717391304347826,568.4986172043011,0.29642288172043013,0.7956989247311828,1.369609375,0.3726043010752688,0.7230216739624094,0.15266225785546306,2.3870967741935485,259.8088688172043,0.0,0.18181818181818182,0.48006230718411536,-0.3701332410451635,-0.2208017532645421,5.938409854423293,1.4517323726225955,-0.5161290322580645,-0.39332428952520754,0.21514445219731662,0.527319712860325,0.05787909580392281,0.1168831227768648,-0.11364103269931315
Sangyoon,bot,CK,2,43,0.605,11,0.182,7,59.2,64.4,55.3,48.1,45.0,Seorabeol Gaming,207.46511627906978,-138.0,7.767441860465116,588.3698976744186,0.30441186046511626,0.6046511627906976,1.2746558139534885,0.3655255813953488,0.6800432820994134,0.12228505202927407,4.837209302325581,387.177288372093,0.0,0.18181818181818182,0.31794641499047527,0.0,-0.2714277079303676,0.0,1.0674899923282326,-0.813953488372093,-0.32280043907178313,0.2232972057373266,0.5192858580197791,0.01683456495181196,-0.371541962046327,-0.5508758972871346
Invincible,top,LDL,2,50,0.48,13,0.0,11,66.4,57.2,46.7,49.7,45.9,V5 87,454.3333333333333,164.4375,10.229166666666666,560.474258,0.27613160000000003,0.32,1.06115,0.178678,0.5603152052214933,0.26910670736287234,5.64,752.273854,0.0,0.0,0.15357978240783132,0.0,-0.13951301076392525,0.0,1.5556349186104046,-0.62,-0.49451884588877265,0.6382395474597528,0.11777190558191901,-0.45177548697647196,-0.2804606734182056,-0.49865931862599944
Elk,bot,LPL,1,119,0.529,24,0.167,11,67.1,56.5,53.7,50.0,54.0,Team WE,258.57142857142856,13.41904761904762,2.7904761904761903,601.2451398305085,0.31467300847457624,1.0084033613445378,1.2552153846153846,0.3824779661016949,0.7334461216291013,0.19782958237812126,4.161016949152542,353.4840789915966,0.0,0.16666666666666666,0.3148815063775686,-0.12261140319534487,-0.2300487797182941,3.23675448935741,1.0083683467310325,-0.46218487394957986,-0.2712380055869718,0.6891308239464297,0.07958322621704791,-0.06890280367479251,-0.2689981271618422,-0.05051339818297648
Upset,bot,LEC,1,48,0.5,6,0.0,11,62.5,61.1,55.9,60.4,57.5,Origen,139.02083333333334,160.85416666666666,12.75,588.82825625,0.30772370833333335,0.5416666666666666,1.2954416666666666,0.32726041666666666,0.7226485867748078,0.11244001215361296,4.208333333333333,338.43934583333333,0.0,0.0,0.39337016574585637,0.734007669649308,0.058135958166717905,6.386243386243386,1.5877132402714709,-0.6458333333333334,-0.2067821331795672,0.4082339135279157,0.3246129795165146,0.04498536184713599,0.2858560000349944,0.13218777640137985
Zoom,top,LPL,1,99,0.697,16,0.25,16,64.6,58.9,64.9,51.7,52.8,JD Gaming,262.010989010989,262.8021978021978,6.087912087912088,444.03923737373736,0.22055193232323234,0.32323232323232326,1.0114897435897434,0.17457171717171716,0.6074393918930175,0.22871364163041266,2.404040404040404,871.9230929292929,0.0,0.25,0.46039054938134827,-0.13535673322803854,-0.09503796946785052,2.859817640506495,1.6080605044147394,-0.47474747474747475,-0.36043323053437165,0.5292376130071924,0.2064858924615662,0.5452383925488677,-0.17650969453470544,-0.11591356757242294
Feedarias,sup,LPLOL,3,40,0.45,8,0.125,20,64.7,58.8,51.9,52.9,66.9,Boavista FC|For The Win Esports,202.925,199.625,0.55,210.12822999999997,0.11273046,0.05,2.7991625,0.4402375,0.657641781163453,0.2501989281193498,0.2,428.5670475,0.0,0.125,0.2739050837910153,-0.2935019624945486,-0.05451565046978882,2.4615384615384617,3.162277660168379,-0.325,-0.3975299006403028,0.5373644609870739,0.203739953335509,-0.16287608477187399,-0.10904278346904536,0.6760563154322934
Vulcan,sup,LCS,1,57,0.772,3,0.333,15,69.1,54.4,67.3,53.1,59.8,Cloud9,210.19642857142858,330.7142857142857,-1.6785714285714286,181.05522631578947,0.08757855789473684,0.07017543859649122,2.4152736842105265,0.24991929824561404,0.650895054617221,0.15132778750588755,0.03508771929824561,431.6611298245614,0.0,0.3333333333333333,0.5499181669394436,-0.22473771397018225,-0.15493279171135804,3.714285714285715,1.9867985355975657,-0.5263157894736842,-0.30362664229445807,0.8266952019076846,-0.03104552533126387,0.6996670338177962,-0.0984069472889924,0.2538159048706668
PrettyGRE,mid,SLO,3,65,0.708,13,0.308,15,60.5,63.0,61.4,72.3,53.0,Giants,145.3230769230769,120.70769230769231,3.0153846153846153,576.8272061538462,0.27508288615384613,0.7076923076923077,1.1415415384615384,0.24697076923076924,0.7061920228366173,0.21497713238663466,4.769230769230769,364.70914153846155,0.0,0.3076923076923077,0.510669341601313,-0.25767469470827675,-0.13378290290178835,20.739583333333336,1.860521018838127,-0.38461538461538464,-0.3791609935082151,0.29323357010256296,0.4348321389071828,0.34509390722779637,1.0871778471808669,-0.10746657088356143
PiOk,bot,HM,3,49,0.51,11,0.0,9,65.1,58.4,51.0,58.2,45.1,Cyber Gaming|SINNERS Esports,529.7551020408164,246.0612244897959,6.408163265306122,609.1768448979592,0.29722773469387753,0.673469387755102,1.053008163265306,0.21280000000000002,0.6941101816089982,0.13802398994714088,2.3877551020408165,323.3330530612245,0.0,0.0,0.23479842340149185,0.4665346534653465,0.2926639752339914,2.707382327620711,1.2857142857142858,-0.6530612244897959,-0.44114125204995963,0.562515812067261,0.1791740188353667,-0.2095856851352692,0.16906902653597497,-0.5484230440941525
Killua,sup,LPL,1,27,0.444,8,0.25,9,64.5,58.9,58.7,47.5,56.1,LGD Gaming,224.88888888888889,84.29629629629629,16.22222222222222,173.55107307692307,0.08893531538461538,0.037037037037037035,2.3410478260869563,0.2963423076923077,0.7967764311202564,0.20883498821206653,0.0,581.6210666666667,0.0,0.25,0.33370459218642906,0.0,-0.596551724137931,0.0,1.7320508075688772,-0.5185185185185185,-0.2981680467737063,0.5230989142150799,0.2072831395965299,0.19600285774616366,-0.40348882114753587,0.055493553971351625
Khan,top,LPL,1,63,0.571,12,0.083,17,60.7,62.6,53.3,61.9,59.1,Dplus Kia|FunPlus Phoenix,130.11290322580646,124.88709677419355,-0.7258064516129032,436.6541888888889,0.2287105507936508,0.42857142857142855,1.070436507936508,0.2148365079365079,0.5886173749420394,0.17680763638971772,2.4126984126984126,717.6102222222223,0.0,0.08333333333333333,0.20005427858483668,0.3389359185115765,0.45187018763717474,3.2438095238095244,2.141798680385621,-0.3968253968253968,-0.42399713830061003,0.3070571794757812,0.4127823440158547,-0.0917112255924666,0.37145434298967567,0.21928242657525407
Pyosik,jng,LCK,1,127,0.591,17,0.059,19,66.0,57.3,46.5,56.0,55.9,Kiwoom DRX,120.07874015748031,292.2755905511811,5.464566929133858,296.6388692913386,0.15143165354330707,0.23622047244094488,1.7023370078740157,0.47190393700787403,0.707754880580637,0.20112788866077477,11.496062992125983,694.6726456692913,0.0,0.058823529411764705,0.19925104601375884,-0.23756604117325564,-0.08575858778625942,4.327777777777778,1.6859773678906163,-0.41732283464566927,-0.37528878664023724,0.6176821667726808,0.12090336715121863,-0.463099323938587,0.05091445328483746,0.04725592478261445
Artemis,bot,VCS,15,73,0.534,18,0.333,13,67.5,55.7,62.9,52.7,53.6,CERBERUS Esports,574.4383561643835,241.17808219178082,9.136986301369863,572.398895890411,0.28902356164383564,0.8356164383561644,1.0721369863013699,0.31055479452054796,0.7101842529071207,0.173873348253983,3.7534246575342465,361.1487,0.0,0.3333333333333333,0.5811179277436948,-0.5330739299610896,0.030341662417134024,0.4594594594594596,1.5215349135496974,-0.5205479452054794,-0.4198157698182098,0.7168782790982883,0.03593769168809068,0.42590472710540483,-0.12386616524468522,-0.07464724663534414
Guigo,top,BRCC,2,23,0.783,3,0.333,11,67.2,56.0,57.1,51.2,58.2,RED Canids,589.8260869565217,583.8260869565217,14.869565217391305,581.0952826086957,0.2701197826086956,0.6956521739130435,1.080304347826087,0.1851608695652174,0.5900560085199015,0.285909494739418,2.347826086956522,810.3015173913044,0.0,0.3333333333333333,0.38478773937203115,-0.24330052990158976,-0.35168531198765546,1.7871762740183792,2.2936585546278225,-0.43478260869565216,-0.32626985889723303,0.6918285507531372,0.05488669255848034,0.11259970810230446,-0.19893475332566907,0.16771529104466687
Kryze,top,PRM,3,42,0.548,8,0.125,12,65.4,57.7,59.8,46.9,49.0,Excel Esports|Unicorns of Love Sexy Edition,380.64285714285717,414.64285714285717,9.023809523809524,475.9347380952381,0.24622011904761906,0.5714285714285714,0.8659166666666666,0.12703571428571428,0.5716658125011875,0.1870480451344376,5.4523809523809526,581.1504904761905,0.0,0.125,0.7873281679580104,0.0,-0.40684001881341125,0.0,1.8516401995451028,-0.5,-0.5793681549111266,0.57825184502154,0.14356233921768294,0.2528957735672908,-0.4403603931356142,-0.31984409095303973
Jun,sup,LAS,3,29,0.655,6,0.167,8,63.6,59.5,54.3,56.1,52.3,DRX Academy,313.51724137931035,182.72413793103448,-0.5862068965517241,235.14179655172416,0.09424583793103448,0.034482758620689655,2.885062068965517,0.40310344827586203,0.5838937188459904,0.1768220642068728,0.3448275862068966,432.3248103448276,0.0,0.16666666666666666,0.26789341775491365,0.002768477980942729,0.08245193587900099,3.6489819212418353,1.4855627054164149,-0.7931034482758621,0.0,0.46851129979943035,0.24103396957625295,-0.037610400520649685,0.05835981483046092,-0.14276950839299193
huhi,sup,LCS,1,51,0.471,7,0.143,16,60.0,63.0,58.0,56.1,58.0,Golden Guardians|Golden Guardians Academy,148.36,78.42,-1.1,156.97628823529413,0.08740097647058824,0.0196078431372549,2.7730647058823528,0.3973333333333333,0.7471115981929131,0.2055835055381495,0.0,429.0877823529412,0.0,0.14285714285714285,0.3665207960845105,0.11160587249559974,0.03192091440111001,4.333333333333334,2.2404481344448155,-0.35294117647058826,-0.7088377513891474,0.26403558382077075,0.4342289843859465,0.1563616192612779,0.05975635040905146,0.1607808232074513
NerzhuL,sup,DDH,3,42,0.762,3,0.333,15,62.7,60.3,61.2,51.6,58.6,Estral Esports,406.42857142857144,213.26190476190476,5.666666666666667,161.03265238095238,0.08662277619047619,0.047619047619047616,2.452752380952381,0.3328785714285714,0.6954622824863401,0.17689555929107012,0.21428571428571427,467.97269047619045,0.0,0.3333333333333333,0.37556173764177186,0.2019681349578255,-0.17619724988146043,2.8333333333333335,2.3145502494313788,-0.5,-0.3472366783327566,0.4196032358860737,0.28171972745168317,0.3305209098322325,-0.17928777649176297,0.1882148346579005
Chazz,mid,OPL,15,46,0.37,11,0.0,14,62.0,61.0,49.3,68.0,54.9,Avant Gaming,101.28888888888889,202.62222222222223,5.044444444444444,536.440102173913,0.3000379347826087,0.5869565217391305,0.9921826086956521,0.2111282608695652,0.7377332645933176,0.14141933101920987,3.347826086956522,379.28128695652174,0.0,0.0,0.38326919076346994,-0.4244788336104361,0.48322358105989316,10.666666666666666,2.06418738616856,-0.391304347826087,-0.39422324741174974,0.3773166403503878,0.3214683608442846,-0.3059823081456258,0.7497240657153396,-0.0027492052269204037
Isles,sup,OPL,15,66,0.758,10,0.3,17,66.8,56.2,68.5,47.2,64.7,Legacy Esports,143.15151515151516,249.65151515151516,-1.621212121212121,203.62458636363635,0.09926879393939393,0.06060606060606061,2.4054439393939395,0.2863651515151515,0.7082685588578744,0.16956683984428686,0.030303030303030304,356.3489181818182,0.0,0.3,0.5976243504083147,0.524590163934426,-0.305291877451259,1.2369616473814375,2.0925553466486564,-0.3787878787878788,-0.2825094100121126,0.6685617457011082,0.06179297259679874,0.7860893859280814,-0.4218535233699372,0.5366384126116314
Scout,mid,LPL,1,86,0.547,9,0.222,19,65.3,57.6,59.9,55.8,51.8,EDward Gaming,366.0352941176471,204.64705882352942,2.1176470588235294,496.9027879518072,0.2843356385542169,0.5465116279069767,1.1181337662337663,0.21035542168674698,0.6953819490695287,0.18235627926165401,3.4819277108433737,325.61901511627906,0.0,0.2222222222222222,0.5173908401632703,-0.4213120535384767,0.006330089838582832,3.2968749999999996,2.0488226908653298,-0.46511627906976744,-0.3790266361980821,0.5714467747849391,0.13693606510558665,0.2586913554231698,0.04367961317949655,-0.16955366077762024
Visdom,sup,PRM,3,102,0.578,21,0.19,23,66.3,56.6,60.0,51.6,61.5,GamerLegion,169.26470588235293,231.48039215686273,8.186274509803921,197.24020784313726,0.09432452450980393,0.0196078431372549,2.2843186274509804,0.29177254901960786,0.6541473598399559,0.1827798870117724,0.16666666666666666,476.1805617647059,0.0,0.19047619047619047,0.3304499559673479,0.7156991460891303,-0.18275999709703175,3.6996527777777777,2.277339348846351,-0.4117647058823529,-0.3817363240181652,0.634994130491962,0.08629085944916995,0.265227222748147,-0.18122677046968966,0.35144672300324875
Pockus,sup,UPL,2,80,0.625,9,0.0,17,63.6,59.3,48.2,50.8,58.8,ANEW Academy|Just Randoms|Life Support,213.8125,-15.6375,-2.0375,219.7760475,0.09691654625,0.05,2.507185,0.39490625,0.6419605118430474,0.1832404398355753,0.0875,541.849105,0.0,0.0,0.2934814860288325,0.0,0.018216568118019454,0.0,1.900657780874821,-0.4125,-0.4411742961242097,0.4685886726054785,0.227989177114793,-0.36430233095909265,-0.22191280198693095,0.20301247187007276
Alexx,jng,UKLC,3,31,0.645,5,0.4,8,64.4,58.5,69.3,56.8,52.9,NVision Esports|Team Singularity,282.7741935483871,548.8387096774194,10.709677419354838,378.38794193548387,0.18413756451612903,0.8064516129032258,1.3120838709677418,0.3332096774193548,0.6691855976582469,0.15683441228644962,14.548387096774194,847.1199387096774,0.0,0.4,0.5932942967799953,1.6406658549729545,0.28625277403072097,2.336734693877551,1.4368424162141993,-0.6451612903225806,-0.1074055455246775,0.5147410673600213,0.18266333594513431,0.8426952585746235,0.09573899269971603,-0.10814821915152388
Croc,jng,OPL,15,66,0.636,11,0.273,15,68.6,54.3,59.8,53.0,56.4,Chiefs Esports Club,377.8615384615385,444.67692307692306,10.107692307692307,334.55530303030304,0.16700150757575757,0.3787878787878788,1.6631151515151514,0.4014878787878788,0.7185646976302786,0.2658481041462559,11.56060606060606,751.7208499999999,0.0,0.2727272727272727,0.32699785700868056,-0.15686267559453135,-0.15362003923343898,3.3996382938926617,1.8463723646899908,-0.4393939393939394,-0.34040386784721205,0.7927248719664984,-0.037011474930335915,0.2534550992919539,-0.10655584498894821,0.0753328893657497
Cuzz,jng,LCK,1,87,0.655,12,0.167,18,60.6,62.2,57.1,54.3,57.4,T1,104.49425287356321,215.6206896551724,4.931034482758621,264.65622528735634,0.14965420344827587,0.14942528735632185,2.06123908045977,0.5582551724137931,0.7028902769595857,0.18230920079535995,10.0,664.4592149425287,0.0,0.16666666666666666,0.300808392655151,0.019677940681592593,-0.07947427681636625,3.5055432372505537,1.9298025627080306,-0.4827586206896552,-0.34244813594912193,0.3011875533413169,0.3875125653910546,0.10873046382928317,-0.0377360997569296,0.1262604727176578
Ioni,sup,BL,3,26,0.346,9,0.0,15,67.1,55.7,50.0,45.7,60.9,RSC Anderlecht Esports,267.8076923076923,386.34615384615387,14.615384615384615,209.29108076923075,0.11233796538461539,0.07692307692307693,2.0006653846153846,0.21688846153846153,0.6982408643572836,0.18603451528636875,0.3076923076923077,585.3625692307692,0.0,0.0,0.20238095238095238,0.0,-0.5747126436781609,0.0,2.9417420270727606,-0.34615384615384615,-0.5745747974945075,0.6857007893072689,0.03687266681488628,-0.2662918194538228,-0.5098857314006032,0.31608152754791985
Armut,top,TCL,15,58,0.603,6,0.0,18,62.0,60.8,49.8,59.7,61.6,Papara SuperMassive,403.6551724137931,225.5344827586207,4.689655172413793,421.65555689655173,0.22695010172413793,0.4482758620689655,1.0607931034482758,0.15213275862068967,0.6220171519167996,0.21120424225685175,2.9655172413793105,788.8401810344827,0.0,0.0,0.2919514576649463,-0.0007162824661298298,0.3239716361482306,2.604571759259259,2.363515791475006,-0.4482758620689655,-0.29663839329757913,0.37970627794738665,0.3106719510453809,-0.27558343575405847,0.25239387536198465,0.3531382183778187
xiao7,top,LDL,2,88,0.705,11,0.091,17,62.0,60.8,45.6,65.5,55.6,FunPlus Phoenix|FunPlus Phoenix Blaze,404.88235294117646,186.34117647058824,7.258823529411765,457.79998068181817,0.20649862727272728,0.48863636363636365,1.05926,0.23257954545454543,0.5611958580473282,0.2391384783994508,2.534090909090909,841.195775,0.0,0.09090909090909091,0.13584784045918136,-0.29894514881609885,-0.08287298387096784,8.26722170829479,1.8122060890226885,-0.5340909090909091,-0.2217114274783215,0.37839934381945534,0.31001029926732093,-0.5162329842685034,0.5816366540518348,0.030337413387260644
Zeyzal,sup,LCS,1,60,0.483,17,0.118,14,65.0,57.7,52.9,54.3,57.3,Evil Geniuses,71.27586206896552,210.68965517241378,2.8620689655172415,188.15141666666665,0.09697225833333332,0.0,2.369423333333333,0.2898816666666667,0.6829451073492656,0.16578311246181204,0.13333333333333333,513.5630233333334,0.0,0.11764705882352941,0.4018296281723392,-0.5619806094182825,-0.080945787623815,3.9540078724824745,1.8073922282301278,-0.5166666666666667,-0.31458980511671053,0.5561584772831287,0.14050170407194013,-0.113321431334246,-0.035629971869148604,0.1221197970517423
Lilipp,sup,PRM,3,41,0.39,14,0.0,21,68.3,54.4,49.4,59.3,62.5,OP innogy eSport,253.78048780487805,297.4634146341463,21.390243902439025,208.42939512195122,0.10199139512195123,0.024390243902439025,2.2499878048780486,0.32374878048780487,0.6363941831136395,0.2357187238000235,0.3902439024390244,503.57709024390243,0.0,0.0,0.26820544501725535,0.0,0.6173924354971834,0.0,3.2796489996607274,-0.3902439024390244,-0.6773112314002535,0.7694208030168086,-0.03237942652008302,-0.2982350687350884,0.23010612797276905,0.4044068479428532
Lilv,bot,PCS,15,54,0.556,9,0.0,12,60.9,61.8,51.0,63.2,57.1,J Team,150.88888888888889,104.53703703703704,-5.185185185185185,555.887512962963,0.2947704074074074,1.0185185185185186,1.4669462962962965,0.4055462962962963,0.6987045844472384,0.16517942082178583,3.0555555555555554,308.0571611111111,0.0,0.0,0.30248865667537467,0.248244938629467,0.32810141865378817,4.6190476190476195,1.632993161855452,-0.46296296296296297,-0.41113738696487845,0.3181985683060774,0.3663756764131249,-0.21453487811065272,0.44382961773990426,0.10908581600990794
Jay,mid,LDL,2,57,0.614,7,0.429,15,63.9,58.8,67.3,53.3,53.9,Vici Gaming|Vici Gaming Potential,143.21153846153845,264.7307692307692,6.230769230769231,573.7777403508773,0.2721675087719298,0.7017543859649122,1.0964448275862069,0.24163859649122807,0.6731873786088608,0.17333484169256969,2.087719298245614,281.2588140350877,0.0,0.42857142857142855,0.5331602990033222,0.4984020018333622,0.016842482895287513,1.2222222222222223,1.9867985355975657,-0.5614035087719298,-0.18966620781532004,0.4873127744636641,0.20217807926251685,0.6985836208326673,-0.09072706117948227,-0.05782887782938732
Hope,bot,LPL,1,85,0.576,10,0.2,10,60.2,62.4,57.4,53.8,49.5,EDward Gaming,123.2875,43.95,4.7,508.68449878048784,0.28559185365853657,1.0470588235294118,1.4208597222222223,0.4501707317073171,0.7154368846312382,0.1556179478365783,4.2073170731707314,312.94979764705886,0.0,0.2,0.5414203601296684,-0.45519833200339777,-0.14826977850288978,4.219004524886878,1.0846522890932808,-0.5647058823529412,-0.3129427954580853,0.27912158638508083,0.40149901736537696,0.12593670860588396,-0.06290360156626384,-0.29477478466585255
WooFe,top,CBLOL,15,27,0.593,3,0.0,11,61.7,60.9,51.0,52.1,57.1,Flamengo MDL,301.3333333333333,20.51851851851852,1.8888888888888888,517.9701666666666,0.24058044444444443,0.6296296296296297,1.0871259259259258,0.20615185185185184,0.6338476215101791,0.22436232659372207,4.111111111111111,775.411974074074,0.0,0.0,0.24792723174756504,0.0,0.039677285891601424,0.0,2.116950987028628,-0.5555555555555556,-0.18573354802301711,0.3624382660572912,0.31655358907219067,-0.20985502851374227,-0.15320428071711892,0.1083637236970202
Erdote,sup,SLO,3,65,0.708,13,0.308,15,59.4,63.2,61.3,55.0,56.5,Giants,181.2923076923077,29.26153846153846,9.553846153846154,170.83739076923075,0.08293517384615386,0.015384615384615385,2.5856415384615383,0.32140307692307696,0.7188964073293934,0.18001802747277862,0.046153846153846156,611.788176923077,0.0,0.3076923076923077,0.548015873015873,-0.48319852056771717,-0.14044242364389842,5.074074074074074,1.860521018838127,-0.5230769230769231,-0.25204082479772655,0.23102254387246196,0.4449885172746414,0.3399742355430341,-0.002012801495440447,0.07652865596033911
Defflok,mid,HC,3,23,0.739,3,0.667,6,59.5,63.1,63.8,62.6,49.2,KIA.eSuba Academy,544.2608695652174,108.0,14.130434782608695,518.8520347826087,0.26125726086956524,0.6956521739130435,1.4371608695652172,0.2618739130434783,0.6639065330729753,0.17716514214623855,4.086956521739131,466.0981086956522,0.0,0.6666666666666666,0.38857677902621723,-0.5058208600617724,0.012686219739292563,13.303030303030305,1.2510864843424487,-0.6956521739130435,-0.04912617159161725,0.23933471056809685,0.4406386762602307,0.48401047559174903,0.4091008828149727,-0.31167489818315575
Gabbo,top,PGN,3,56,0.661,7,0.0,19,63.3,59.2,46.5,53.0,57.6,CR4ZY|YDN Esports,481.51785714285717,226.33928571428572,1.6428571428571428,448.76048035714285,0.22965132142857142,0.5714285714285714,1.0829446428571428,0.17095,0.529454974622937,0.20887330386219874,2.5535714285714284,806.6596142857143,0.0,0.0,0.08250259605399791,-0.051591234445545725,-0.2120378016331774,4.352631578947369,2.538981798168032,-0.48214285714285715,-0.4827059450897084,0.4502546286862642,0.22372369421262897,-0.4638423275617045,-0.1047865958695343,0.13903979887467885
fNb,top,CBLOL,15,47,0.511,5,0.0,14,64.9,57.6,49.8,52.2,54.7,Prodigy Esports,620.8297872340426,207.46808510638297,13.851063829787234,470.30426170212763,0.22850274468085108,0.3617021276595745,1.1293893617021276,0.1801,0.5855521324550045,0.256171895773672,2.404255319148936,674.4524063829788,0.0,0.0,0.22594302084991247,0.09720416124837458,-0.40750146308837054,5.571428571428571,2.042109880970524,-0.5319148936170213,-0.35673633147707484,0.5490560503864342,0.13752102634993876,-0.27548714376898303,-0.14866286862919237,-0.016856965593022428
Nemky,bot,BM,3,35,0.571,4,0.0,10,63.6,58.9,46.2,47.3,50.3,Demise|Kenty,578.0285714285715,513.0285714285715,18.65714285714286,533.9342,0.2626752857142857,0.7142857142857143,1.2513314285714285,0.28885714285714287,0.6571613293284039,0.16113059602444832,4.542857142857143,276.76365142857145,0.0,0.0,0.13621384108385207,-0.6289559839941797,-0.48389290793297474,0.7777777777777778,1.6903085094570331,-0.5714285714285714,-0.5005538475826203,0.47124379621713297,0.20923843023970967,-0.4822066968241885,-0.41574960683908757,-0.2522524167476744
Steal,jng,LJL,15,59,0.661,5,0.0,15,56.7,65.8,48.2,62.0,54.8,DetonatioN FocusMe,123.38983050847457,-96.96610169491525,-0.7966101694915254,292.14816440677964,0.15359008644067798,0.1864406779661017,2.179445762711864,0.6029728813559322,0.7089598780950185,0.23744515129083069,11.94915254237288,684.1709644067797,0.0,0.0,0.24370337307913031,-0.16110876301311472,0.25341342456307864,2.69513209013209,1.952833664712358,-0.4745762711864407,-0.39450313917835517,0.08733615439815993,0.6029139695784772,-0.36521953390227396,0.37733616300812545,-0.009317916722793893
Nipphu,top,LMF,2,51,0.725,3,0.0,16,62.5,59.9,46.4,56.5,58.2,Undead Gaming,677.5490196078431,373.921568627451,13.862745098039216,356.4206039215686,0.21006413725490197,0.5294117647058824,0.9196549019607844,0.12720392156862745,0.610737497516916,0.15282876302690546,3.0784313725490198,778.8156372549021,0.0,0.0,0.14213141603975238,-0.011574143125615293,0.010760460895916396,2.7500000000000004,2.2404481344448155,-0.35294117647058826,-0.4966026421618409,0.4033461392071013,0.2632416567127642,-0.468392123048991,0.07858635579904395,0.16730445638279198
Trenérský Mág,mid,HM,3,46,0.609,8,0.375,14,61.6,60.8,62.9,52.8,51.5,Cyber Gaming|Team Sampi,417.39130434782606,289.5652173913044,9.543478260869565,527.1222630434783,0.26540717391304347,0.6521739130434783,1.1497369565217392,0.2417304347826087,0.6090294749842454,0.155311787774282,5.195652173913044,286.2675260869565,0.0,0.375,0.6566909809802985,-0.5301127811797695,-0.17379415946625826,3.7008379420144126,2.06418738616856,-0.5869565217391305,-0.2652185471740827,0.3556436133578401,0.3090550529538939,0.42664088737460987,-0.11769328564146303,-0.18794814680519584
Vzz,bot,EBL,3,56,0.679,8,0.125,11,62.5,59.9,52.9,57.7,54.0,ŠAIM SE SuppUp,649.5,194.30357142857142,17.589285714285715,500.31465357142855,0.26165139285714284,0.6785714285714286,1.1399535714285716,0.29858214285714285,0.7149007175560691,0.16385053977722147,2.3392857142857144,274.26433214285714,0.0,0.125,0.39678802657025136,-0.4615790970783046,0.16170829426306363,3.3277777777777775,1.4699368305183342,-0.5,-0.2109165452732325,0.4031527028262327,0.26006936916105444,-0.1117250911495877,0.1419024592827523,-0.050801140182661506
Raes,bot,OPL,15,66,0.758,10,0.3,15,64.0,58.4,63.4,45.4,60.7,Legacy Esports,337.8636363636364,6.757575757575758,5.878787878787879,579.8336393939394,0.28455236363636366,1.0151515151515151,1.3608560606060607,0.36729545454545454,0.6836090546669449,0.20840075129548816,4.409090909090909,388.73076969696973,0.0,0.3,0.5712204007285975,-0.19645961751224914,-0.34545341537696556,0.9595667001613836,1.8463723646899908,-0.5303030303030303,-0.28670630930639307,0.4904433683203729,0.17961511627904328,0.4561095500641382,-0.5276525617154275,0.30295560779673647
mag1cian,mid,BM,3,25,0.64,8,0.375,10,64.3,58.1,60.2,53.3,49.9,PIGSPORTS,237.36,22.36,8.96,709.24378,0.31002924,1.12,1.0249599999999999,0.221252,0.6414777054669645,0.1603683683205246,4.2,349.822748,0.0,0.375,0.5357659543877937,-0.36895134561845416,-0.11770917233680055,2.718309859154929,2.0,-0.52,-0.537899034283335,0.5093060731868867,0.1648991570735558,0.2754493616510993,-0.09094471199903273,-0.2693531265142904
Faker,mid,LCK,1,95,0.611,13,0.154,28,59.1,63.2,59.3,54.3,67.1,T1,216.45744680851064,122.85106382978724,2.8617021276595747,468.87993473684213,0.26402075789473683,0.42105263157894735,1.2514557894736842,0.26987052631578945,0.6768521308790417,0.18226360118732912,4.4,398.42151368421054,0.0,0.15384615384615385,0.43788826445348583,0.1840758182935034,-0.005099506018623657,2.5197318007662837,2.8727393858384316,-0.3473684210526316,-0.34338455659088796,0.2161251947207538,0.44504859299694705,0.22908744329936917,-0.038245577952624635,0.6851660802135318
Rookie,mid,LPL,1,102,0.578,20,0.1,19,67.9,54.4,55.8,53.4,50.7,Invictus Gaming,65.06,88.61,10.84,625.7758774509804,0.2826718921568628,0.39215686274509803,1.0644267441860464,0.2337656862745098,0.6856245264701899,0.19112397976435283,2.2450980392156863,286.06995686274513,0.0,0.1,0.48822721812253306,-0.14012459419145376,-0.013237225908585715,2.1440917107583775,1.8812803316556812,-0.46078431372549017,-0.3500864580128221,0.7397397357045981,-0.0310696234070121,0.04117770277973639,-0.08431357529755007,-0.2295479829586221
Flandre,top,LPL,1,54,0.389,17,0.176,15,61.8,60.5,58.1,50.5,50.5,LNG Esports,-26.79245283018868,91.0754716981132,1.6037735849056605,489.1954245283018,0.2539050188679245,0.35185185185185186,0.8660478260869565,0.26457924528301885,0.6767439624813011,0.2470142657702857,2.207547169811321,766.913575925926,0.0,0.17647058823529413,0.3317919592343832,0.0,-0.019307004949964623,0.0,2.041241452319315,-0.46296296296296297,-0.6571751817813806,0.36446792613997475,0.29544267227244986,0.16434789460987492,-0.2396150303579192,-0.2392549228908122
bluerzor,jng,LFL,2,68,0.647,10,0.1,19,61.8,60.5,50.0,57.5,64.3,GamersOrigin,218.4264705882353,141.89705882352942,4.147058823529412,347.6665455882353,0.17246113382352943,0.4852941176470588,1.5377455882352942,0.3695044117647059,0.7445724569692659,0.21041366218704333,19.220588235294116,594.2279470588235,0.0,0.1,0.19727192205491584,-0.010369292341277061,0.006531454107940912,2.9194444444444443,2.3040884378451634,-0.4264705882352941,-0.3003292599959175,0.3670994198518764,0.2963362023156557,-0.26384251102273004,0.12968629362982242,0.5100916636640092
CoreJJ,sup,LCS,1,60,0.6,11,0.182,14,55.5,66.8,51.9,64.8,59.4,Team Liquid,111.4,98.46666666666667,0.55,138.544415,0.07547772500000001,0.0,2.8978200000000003,0.46296333333333334,0.7132315715647927,0.1638353083615694,0.016666666666666666,412.13362166666667,0.0,0.18181818181818182,0.3247863616932158,-0.7238047943659428,0.10120930232558145,12.037878787878785,1.8073922282301278,-0.48333333333333334,-0.27711159700657884,0.02484311480971183,0.666775304288051,-0.16356558305579955,0.5387381566050526,0.23592875223089266
LiquidDiego,jng,DDH,3,45,0.756,3,0.333,12,59.5,62.8,60.4,54.0,53.8,Estral Esports,321.75555555555553,224.8,3.2444444444444445,316.59640444444443,0.16886313333333333,0.37777777777777777,1.780871111111111,0.42933777777777776,0.7145099897959721,0.2245501054306584,13.2,657.8898644444445,0.0,0.3333333333333333,0.27529249827942187,0.03359515974949575,0.14853650098027918,1.4444444444444444,1.7888543819998317,-0.4666666666666667,-0.4012681450177419,0.24123192419366443,0.4219572257526352,0.2878738735553198,-0.051786695239780085,-0.061016824371682106
Yaharong,mid,CK,2,76,0.539,12,0.083,22,63.4,58.9,52.5,59.3,54.3,Jin Air Green Wings,276.75,112.80263157894737,9.881578947368421,533.6063421052631,0.28575305263157896,0.5263157894736842,1.0440855263157893,0.1916907894736842,0.6642477946712774,0.13676411582736192,1.644736842105263,310.8776328947368,0.0,0.08333333333333333,0.4095146729638649,0.0,0.538535142658316,0.0,2.523573072576179,-0.5657894736842105,-0.36946676336249434,0.4560910352447996,0.20637727530506858,-0.13386172952672246,0.22747670354776547,-0.037054980040306135
Kepler,bot,LDL,2,69,0.623,11,0.182,10,61.6,60.6,55.7,60.9,50.6,Shu Dai Xiong Gaming,204.40322580645162,100.91935483870968,-7.612903225806452,617.1023188405796,0.2923838115942029,0.8405797101449275,1.3468499999999999,0.34571159420289854,0.6616103623083338,0.1719350699344027,3.5217391304347827,338.8403028985507,0.0,0.18181818181818182,0.4446909136567195,-0.3072743736794446,0.06386594077336716,4.964285714285714,1.203858530857692,-0.6376811594202898,-0.2590830983752838,0.35484464326495624,0.30032289086608716,0.039162374859297834,0.3160511935375902,-0.23298164027541757
k1ng,bot,LCSA,2,25,0.8,6,0.333,7,61.8,60.4,60.2,52.4,46.4,Cloud9 Academy,328.04,-78.28,10.08,622.132624,0.28928803999999997,1.28,1.300608,0.454872,0.6738346608800697,0.18803029650088474,4.96,389.474272,0.0,0.3333333333333333,0.5736471496093373,-0.2730332351703829,-0.13461538461538455,1.0350877192982455,1.4,-0.8,-0.5360375562072348,0.3684551245840284,0.28821903758062783,0.2752652045643635,-0.13511927450064914,-0.46770686019124585
Zaki,sup,HC,3,34,0.324,14,0.0,12,59.1,63.0,48.4,69.5,52.5,Gaming Team Kravaře|Vikingekrig Esports,59.705882352941174,-45.73529411764706,-0.8823529411764706,196.04796176470586,0.10663543235294116,0.058823529411764705,2.847579411764706,0.44134117647058824,0.6910257453543899,0.16864922783186267,0.0,467.24460588235297,0.0,0.0,0.2788182778449923,-0.48675854322374396,1.3740490885603565,2.2857142857142856,2.057983021710106,-0.5,-0.6007306009523181,0.21646062354410212,0.43226158222058186,-0.3521214116084497,0.8567949598957808,-0.1324545435844583
Melonik,top,UL,2,39,0.436,5,0.0,14,62.1,60.0,50.7,55.8,55.6,Illuminar Gaming,345.71794871794873,254.64102564102564,9.35897435897436,464.7490769230769,0.2586380358974359,0.38461538461538464,1.1190717948717948,0.16406923076923077,0.5794336782399416,0.2144907850962864,3.8205128205128207,821.6700512820513,0.0,0.0,0.43649188807900297,-0.09986098239110293,-0.19716673461068093,4.4803240740740735,2.24179415327122,-0.48717948717948717,-0.4487222494795672,0.38556510602055927,0.2684214485336456,-0.22880168921875418,0.04196357767673409,0.031527676713008865
TitaN,bot,BRCC,2,41,0.683,8,0.25,18,60.7,61.4,55.0,63.7,67.6,RED Canids,125.1951219512195,157.58536585365854,6.2439024390243905,597.8610804878049,0.29436173170731705,0.6097560975609756,1.482529268292683,0.381509756097561,0.7052969228764087,0.18991670044744147,2.7804878048780486,332.4844390243902,0.0,0.25,0.3093141413396282,-0.42130365659777425,0.472882731074081,3.405555555555556,2.8111277139949093,-0.4634146341463415,-0.2659592996154776,0.3040755265199689,0.34112172427198856,0.0015793871053200043,0.4770038772633777,0.7236840990315396
Pattarek,sup,BM,3,46,0.543,10,0.0,15,69.0,53.1,54.5,67.2,58.8,Five Kings,228.97826086956522,160.7391304347826,8.23913043478261,211.80347608695652,0.11063273043478261,0.13043478260869565,2.205613043478261,0.3818891304347826,0.6370499864081054,0.2426944615770757,0.06521739130434782,535.4894065217392,0.0,0.0,0.2255714591873492,1.4939928897054726,0.7444107516118589,4.951851851851852,2.211629342323457,-0.41304347826086957,-0.40902515028344893,0.8170027636843651,-0.10270493739870432,-0.02525500206138287,0.6932151700873889,0.20018364377675882
Mask,mid,CK,2,29,0.517,3,0.667,9,60.4,61.7,69.9,53.0,52.9,RunAway,249.28571428571428,253.32142857142858,6.821428571428571,527.7019620689655,0.2935083448275862,0.4482758620689655,1.2106275862068965,0.3410586206896552,0.6736888261624733,0.18988540195436748,3.793103448275862,362.7192620689655,0.0,0.6666666666666666,0.8304696449026345,0.0,0.051234567901234686,0.0,1.671258043593467,-0.5517241379310345,-0.17293544520823512,0.2883727343168275,0.3596232358797263,0.8854189130482727,-0.10394048061747156,-0.11052374733815164
Peco,bot,BL,3,60,0.75,7,0.286,13,71.2,50.8,56.6,56.6,52.2,Sector One,649.85,72.71666666666667,19.35,718.5158733333334,0.29660391666666663,1.0166666666666666,1.0219216666666666,0.26145833333333335,0.6286481757197327,0.2475005308015464,7.033333333333333,304.44173333333333,0.0,0.2857142857142857,0.22814718518795626,-0.3944536225487106,-0.009579643864941026,4.001039246999613,1.6782927833565473,-0.5333333333333333,-0.3690377263542504,0.994460001523224,-0.2203040539022357,0.08522428224412842,0.08288259225753139,-0.14769849356737594
VirusFx,bot,DDH,3,41,0.78,5,0.2,14,64.5,57.5,50.9,50.6,58.0,Team Aze,464.3658536585366,206.85365853658536,-0.2926829268292683,619.2465682926829,0.2873586585365854,1.1219512195121952,1.1947634146341464,0.24161463414634146,0.6845883506524227,0.17894458939137176,3.7560975609756095,292.88979268292684,0.0,0.2,0.18718206509506158,-0.8767668913714818,-0.02439815304360103,0.0,2.186432666440485,-0.4634146341463415,-0.40264524628465814,0.5225240158944672,0.13029898512268068,-0.21697020573573647,-0.23527122505533846,0.1596563709584436
JackeyLove,bot,LPL,1,97,0.732,15,0.6,12,72.1,49.9,75.6,57.5,58.6,Top Esports,363.13793103448273,149.44827586206895,14.781609195402298,677.1254166666666,0.31041027083333333,0.9175257731958762,1.268956,0.45861562499999997,0.6833471064355786,0.2354067737521292,3.3333333333333335,335.7712216494845,0.0,0.6,0.8370472829588647,-0.354472201790152,0.10708598905759414,3.1608251024683933,1.218415398160343,-0.4845360824742268,-0.22315353341830152,1.0661508816303422,-0.2720237463381324,1.4401405371996425,0.13305897906198394,0.1897340611084091
kubYD,sup,UL,2,43,0.512,9,0.222,13,62.8,59.1,64.0,73.0,53.6,AVEZ Esport|Anorthosis Famagusta Esports|soon to be named,224.86046511627907,34.55813953488372,4.674418604651163,192.08443023255813,0.09287274186046512,0.06976744186046512,2.413079069767442,0.3521093023255814,0.6551781170926326,0.19703802878756815,0.4418604651162791,538.7207139534884,0.0,0.2222222222222222,0.30048737200418735,1.3264591281208853,1.775546366182377,2.6070625281151596,1.9824814143238607,-0.5581395348837209,-0.521255782969384,0.4248179657490817,0.2148283572789325,0.4938637077015442,1.149428784093824,-0.07168195193346281
Flare,jng,CK,2,31,0.355,7,0.0,9,58.0,63.9,49.1,51.9,56.4,Element Mystic,190.61290322580646,283.741935483871,7.645161290322581,282.9386161290323,0.1588315935483871,0.3225806451612903,1.733490322580645,0.5004096774193548,0.7552261450289666,0.14265448260271293,11.903225806451612,572.7958677419355,0.0,0.0,0.16990779181051435,0.0,-0.03795521653543306,0.0,1.6164477182409742,-0.5806451612903226,-0.11779382045128249,0.1587429737945813,0.486447778113869,-0.31661793873472327,-0.16205789202194976,0.07255457766858747
Hinn,sup,VCS,15,43,0.395,17,0.235,18,65.6,56.3,61.1,53.8,66.5,Saigon Buffalo,163.95348837209303,106.93023255813954,15.906976744186046,190.44697906976742,0.0967781976744186,0.046511627906976744,2.3929162790697673,0.41308837209302324,0.6439497371655132,0.19811471283591803,0.11627906976744186,548.4162953488371,0.0,0.23529411764705882,0.5285614406379321,0.0,0.19057206635444482,0.0,2.744974265986884,-0.37209302325581395,-0.39387480532922275,0.5918978083306381,0.06917195879935553,0.32625285686162864,-0.06232183970580009,0.6481020446031841
Alive,bot,LLA,15,43,0.698,6,0.333,10,62.7,59.1,55.6,54.7,53.5,All Knights,240.97674418604652,164.72093023255815,10.418604651162791,579.8897534883721,0.2929180976744186,0.7209302325581395,1.395846511627907,0.39638837209302324,0.7183304042450082,0.23501698733793183,5.023255813953488,394.1538604651162,0.0,0.3333333333333333,0.24826669716626096,-0.5569515979835685,-0.049235219791181804,3.64500777000777,1.5249857033260468,-0.5581395348837209,-0.3871561010877596,0.4148040635777447,0.2195970631914063,0.030260966250400326,-0.013889988203837404,-0.07785136150347696
Unified,bot,PCS,15,91,0.659,12,0.083,12,58.6,63.2,55.0,54.7,54.4,PSG Talon,21.406593406593405,161.32967032967034,-0.5384615384615384,524.8515868131868,0.28090126373626373,0.7802197802197802,1.4085032967032967,0.37824395604395605,0.702267333578079,0.1427910829471717,2.6153846153846154,306.9645010989011,0.0,0.08333333333333333,0.4050879978827577,0.15801817648783353,0.008475509080902563,2.624416433239962,1.257941804066302,-0.4945054945054945,-0.29095488332247244,0.19308286957556448,0.443312814829962,0.00016924320802083614,-0.013474631373325444,-0.032840603618923464
iBoy,bot,LPL,1,107,0.542,24,0.083,16,57.9,63.9,46.6,56.9,62.8,Vici Gaming,14.51063829787234,91.44680851063829,-0.2553191489361702,542.4457547169811,0.2813294339622642,0.7289719626168224,1.5858772727272727,0.5097726415094339,0.6834946624501724,0.17895591822272186,5.452830188679245,337.6848785046729,0.0,0.08333333333333333,0.3484756719821811,-0.6140589348997524,0.21690943381084204,1.4374057315233786,1.5467783824730617,-0.4672897196261682,-0.29284543835557436,0.1556001160478744,0.48807001018858387,-0.4553241078187841,0.10268086861929976,0.4238984634213681
Bvoy,bot,LEC,1,40,0.525,10,0.2,11,62.7,59.0,58.2,64.5,60.0,Flamengo MDL|Misfits Gaming,252.725,110.475,9.35,587.0830075,0.304505105,0.75,1.3663,0.38351,0.689861163244006,0.12867467259242732,2.275,377.4056925,0.0,0.2,0.7722377343438374,-0.81353591160221,0.34839831139806304,6.833333333333333,1.7392527130926085,-0.525,-0.32613721638040766,0.4184738828720766,0.21083138490212516,0.16965384140620104,0.5228537318834222,0.26755719074892564
Lhazurt,mid,LMF,2,30,0.433,4,0.25,12,61.2,60.5,63.0,52.5,53.3,Feint Gaming|Sinisters,263.26666666666665,125.06666666666666,1.3,536.1117933333334,0.3126714,0.7666666666666667,1.2404733333333333,0.20271333333333336,0.7586322166513982,0.2017234554708755,3.0,326.97561,0.0,0.25,0.8497469077846267,0.0,0.0014812673868276748,0.0,2.1908902300206643,-0.5,-0.42626344415385614,0.3332412410168156,0.29351225183248675,0.4345987814130362,-0.13171371072798863,-0.08979086775921062
Bruce,bot,PCS,15,80,0.662,11,0.182,12,62.6,59.1,55.5,55.4,48.9,Machi Esports,208.4625,122.6375,6.15,573.34573375,0.291562725,0.625,1.3612325,0.391715,0.6784832485221164,0.18665137799360337,3.7625,323.36531125,0.0,0.18181818181818182,0.4653856339828281,-0.4732854633543729,0.04097478039104548,2.48707822907328,1.3416407864998738,-0.625,-0.3618880026778176,0.40893968095190525,0.21804398330503139,0.02631295709109252,0.01894213954236177,-0.3285282574246586
Ahn,bot,LDL,2,68,0.647,8,0.375,7,60.7,61.0,56.5,57.5,44.1,Vici Gaming Potential,397.0967741935484,179.9516129032258,2.6129032258064515,534.0713676470589,0.2621562117647059,0.7647058823529411,1.2680166666666668,0.349925,0.6754164968747716,0.17634469617336837,3.426470588235294,395.7296588235294,0.0,0.375,0.2237306642402184,-0.663004236198822,0.19972355754528875,1.2361111111111114,0.8488746876271654,-0.7205882352941176,-0.294244048169926,0.30717058374791645,0.31927385533716157,0.07869700105059713,0.13426699547987053,-0.608659582897051
FlayStation,sup,NLC,2,28,0.464,7,0.286,17,65.7,56.0,62.3,53.9,68.6,Team Singularity|Tricked Esport,279.0,135.21428571428572,4.214285714285714,215.67595,0.10307488928571429,0.14285714285714285,2.4237607142857143,0.2891214285714286,0.6792321818787238,0.22741398773753255,0.2857142857142857,510.49747142857143,0.0,0.2857142857142857,0.6129540678474933,0.0,0.17272973460913504,0.0,3.2126980205784315,-0.39285714285714285,-0.2617350747756278,0.5937966072444322,0.053117884947016414,0.3949581845424297,-0.057819552480545926,0.7888148909950644
Jeskla,bot,PRM,3,87,0.655,11,0.0,17,65.1,56.5,46.9,70.3,52.0,MOUZ NXT,479.735632183908,194.05747126436782,6.655172413793103,595.2954183908046,0.2791485287356322,0.6436781609195402,1.117671264367816,0.2045494252873563,0.6499895790590847,0.16344308656413054,3.735632183908046,334.93177931034484,0.0,0.0,0.30111135807957323,-0.2543400385781207,0.49201501473219705,8.004464285714286,1.8225913092242512,-0.5632183908045977,-0.39517139215576397,0.5615404857272924,0.0806037337502035,-0.44296473996826835,0.9197801119556333,-0.1576827610429402
Ichikawa,bot,DDH,3,30,0.667,2,0.0,12,60.7,60.9,62.3,54.5,58.9,Estral Esports|Zwan Gaming Mexico,264.6666666666667,218.36666666666667,11.633333333333333,558.1713833333334,0.31474919999999995,0.4666666666666667,1.2448766666666666,0.27352333333333334,0.7638009526417083,0.18508788845876492,3.966666666666667,327.6417533333333,0.0,0.0,1.1508951406649617,0.5777610818933133,0.3208619000979433,0.0,2.1908902300206643,-0.4666666666666667,-0.2990218646562935,0.30483394553077997,0.3159877721299029,0.39443173627658823,-0.023887688424713727,0.20765409201203935
Hyper,jng,UPL,2,52,0.769,9,0.222,16,74.1,47.5,61.5,56.4,57.0,Aqualix Esports|Issue is Critical|Just Randoms,660.1923076923077,774.4807692307693,14.461538461538462,486.5577903846154,0.20801401153846152,0.8846153846153846,1.1320442307692309,0.26242692307692306,0.6212732096620738,0.2398867583464549,23.326923076923077,719.8856326923077,0.0,0.2222222222222222,0.6324992788011933,0.0,0.31458118694477377,0.0,2.2188007849009166,-0.4807692307692308,-0.5302943325505547,1.26373410312882,-0.40524611149622597,0.34960433474488856,0.07401776701356405,0.10431753686134325
Evi,top,LJL,15,59,0.661,5,0.0,15,65.2,56.4,48.6,52.4,55.6,DetonatioN FocusMe,383.6271186440678,265.3728813559322,5.813559322033898,459.54176779661015,0.2389282711864407,0.576271186440678,0.9500559322033898,0.1899762711864407,0.6463166930699117,0.2855093470760422,3.2542372881355934,790.5613169491526,0.0,0.0,0.3018237594661227,-0.2331271677271303,-0.13111707782607182,2.954195542012903,1.952833664712358,-0.4406779661016949,-0.4087634043945418,0.5674269259152416,0.07366605079906975,-0.34411131632540604,-0.13526562718054658,0.03215427094512329
Niles,top,UPL,2,57,0.649,7,0.286,17,71.7,49.9,59.7,64.3,59.1,Maryville University|Team Cloud Drake,810.1228070175439,382.7368421052632,15.456140350877194,590.426849122807,0.24795573684210528,0.5087719298245614,0.9057684210526316,0.11293333333333333,0.5378253987444578,0.2648339104380861,4.578947368421052,712.3990035087719,0.0,0.2857142857142857,0.46823645554032506,0.0,0.18088037726707065,5.8179466230936825,2.2517050070105746,-0.43859649122807015,-0.358648558231345,1.0287179906921617,-0.2730837632192131,0.2510975676991126,0.5093193864067067,0.21496111904266996
Gaeng,sup,LJL,15,59,0.661,5,0.0,17,59.8,61.7,46.6,51.0,62.1,DetonatioN FocusMe,229.5084745762712,192.15254237288136,2.2711864406779663,151.4509338983051,0.07743022203389831,0.03389830508474576,2.568022033898305,0.39954745762711863,0.7127676643127031,0.16407342029562255,0.01694915254237288,457.0219661016949,0.0,0.0,0.2404539675648857,-0.40528959810874704,-0.1863656678063059,2.497149337306727,2.213211486674006,-0.4745762711864407,-0.3173375355765021,0.2540030360136788,0.36054405218916963,-0.4557148852647771,-0.21293277424168938,0.382366217951167
Feitan,sup,LHE,2,47,0.553,6,0.0,14,58.5,63.0,47.6,54.0,51.0,Azules Esports|Rebirth eSports|Universidad Católica Esports,176.5531914893617,71.14893617021276,2.74468085106383,157.7841319148936,0.08133991489361703,0.0425531914893617,3.0329425531914898,0.5714936170212765,0.6416952280643461,0.2534496654918564,0.19148936170212766,564.1815234042552,0.0,0.0,0.18914289629342043,-0.014500670407707292,-0.17649539982921528,2.75,2.042109880970524,-0.5531914893617021,-0.6964740201077424,0.18748605323745318,0.4337118038388694,-0.40238589085358517,-0.050073642005674185,-0.2109204578627859
Summit,top,LCK,1,95,0.411,30,0.067,20,60.2,61.2,65.7,53.5,60.2,Liiv SANDBOX,56.92631578947368,32.98947368421052,4.526315789473684,442.6647421052632,0.25957755789473685,0.2,1.1509715789473685,0.2844136842105263,0.6080137162692802,0.2737067141480877,1.5263157894736843,666.1779210526315,0.0,0.06666666666666667,0.24237676863907415,2.106276677354,-0.208789484314144,5.9,2.0519567041703084,-0.3894736842105263,-0.3817501556372022,0.27829016898643943,0.33490431431969064,0.5965835303298733,-0.07771979591863915,0.27978202707110406
RedBert,sup,CBLOL,15,58,0.5,11,0.273,16,62.3,59.1,68.8,54.1,59.1,INTZ,118.56896551724138,161.86206896551724,1.896551724137931,165.44244655172412,0.08832615172413794,0.08620689655172414,2.6570275862068966,0.3827568965517241,0.6786183915507604,0.19214135033981014,0.017241379310344827,534.3873982758621,0.0,0.2727272727272727,0.6336550423587533,0.7510074231177095,-0.047443419949706765,3.2092151675485012,2.1009029257555607,-0.4827586206896552,-0.3728938915606246,0.3967384648138677,0.21658713900959153,0.8054468422301297,-0.04504801887204216,0.21885573298567312
CarioK,jng,CBLOL,15,49,0.571,12,0.167,17,65.2,56.1,50.3,62.9,61.8,Havan Liberty|paiN Gaming,139.3469387755102,268.51020408163265,4.714285714285714,354.09531224489797,0.18375298163265308,0.40816326530612246,1.394991836734694,0.35501224489795913,0.7432214841567203,0.19396840635714474,13.775510204081632,649.5992081632653,0.0,0.16666666666666666,0.2114739892811371,-0.6685299143860121,0.1324967916726081,5.697522385022386,2.4285714285714284,-0.5306122448979592,-0.2525891401109146,0.5654195410484415,0.05644086628998703,-0.25053460092502977,0.42600865781591946,0.3673351828754724
Eric,bot,LDL,2,68,0.471,17,0.059,11,64.4,56.9,49.8,45.5,53.6,Oh My God|Oh My God Academy,107.27586206896552,15.172413793103448,-0.5862068965517241,660.6158955882353,0.3216399720588235,0.8823529411764706,1.1918661016949152,0.3333735294117647,0.6729920379851317,0.187061691419031,3.014705882352941,306.7789196969697,0.0,0.058823529411764705,0.25449072246348203,0.0,-0.3776129467296022,0.5053763440860216,1.3339459376998313,-0.5735294117647058,-0.26771904732778384,0.5188880231902532,0.10226825138941498,-0.2754671411566694,-0.5236540712887242,-0.07180855191465145
Juliostito,jng,LHE,2,30,0.767,4,0.25,15,59.3,62.0,51.1,52.1,63.8,Arctic Gaming México|Rebirth eSports,281.8666666666667,438.76666666666665,7.866666666666666,286.39859333333334,0.15297704666666664,0.36666666666666664,1.9222066666666668,0.4385233333333333,0.7079460249685509,0.17434672101163698,15.366666666666667,640.6746966666667,0.0,0.25,0.20361018221524604,-0.9133868719718591,-0.027926399582408962,0.0,2.7386127875258306,-0.5,-0.20286700506080524,0.22984210414614553,0.379291834035933,-0.20420890703017758,-0.15282923469986076,0.48342018797587094
Honey,bot,LJL,15,33,0.364,9,0.0,8,60.8,60.5,45.5,64.2,48.9,Fukuoka SoftBank HAWKS gaming,56.90909090909091,53.21212121212121,8.454545454545455,570.5710242424242,0.3366180303030303,0.6666666666666666,1.3614212121212121,0.43114242424242427,0.705154042018652,0.1600227535387963,2.242424242424242,366.8471515151515,0.0,0.0,0.1067130636508627,-0.5659177617634591,0.4451999251450317,6.047619047619048,1.3926212476455828,-0.6666666666666666,-0.4465826342641605,0.3107606688800662,0.293450250987999,-0.5236889766807551,0.5039137283221772,-0.32684317128419094
Youxin,jng,LDL,2,76,0.724,10,0.1,8,66.1,55.2,49.8,63.3,44.0,FunPlus Phoenix|FunPlus Phoenix Blaze,386.52702702702703,179.02702702702703,2.810810810810811,410.86642105263155,0.17995076710526317,0.5131578947368421,1.6718465116279069,0.38225394736842105,0.666908262576559,0.23289385527383355,14.513157894736842,612.5096697368422,0.0,0.1,0.18735201924416114,0.00905947037470769,-0.24088355486978982,7.62491764001198,0.917662935482247,-0.7631578947368421,-0.15184573290459263,0.6194632692542792,0.011075222452560544,-0.27851755798554073,0.4513493872313744,-0.6188945404300651
Peanut,jng,LPL,1,126,0.524,34,0.176,18,59.5,61.7,67.1,58.0,54.5,LGD Gaming|Nongshim RedForce,13.715447154471544,-36.27642276422764,-0.3333333333333333,306.16430569105694,0.16085709349593497,0.23015873015873015,1.6955948979591835,0.5320284552845528,0.7237292270118906,0.1717844712093548,12.260162601626016,617.4646103174604,0.0,0.17647058823529413,0.4024704390941734,0.858805250030666,0.15238746308263781,2.650290446174762,1.6035674514745464,-0.46825396825396826,-0.317443923803675,0.24107090807614126,0.35956474862274707,0.6869401292708291,0.15730460811333644,-0.027580475906433748
Zwyroo,mid,PGN,3,33,0.545,1,0.0,13,62.1,59.1,47.2,55.4,48.7,BCN Squad|Mkers,548.3939393939394,199.0,7.696969696969697,526.7272181818182,0.27940827272727276,0.9090909090909091,1.0231454545454546,0.15271515151515153,0.6878829324531975,0.14679234441284883,4.666666666666667,318.5166303030303,0.0,0.0,0.09785184618912926,-0.3693563085079944,0.16081101376720888,1.373223698081383,2.263009527424072,-0.5757575757575758,-0.5885501444807671,0.382900350858057,0.21863105836162017,-0.42256740396095804,0.022438965704244265,-0.3369021080844957
UmTi,jng,CK,2,59,0.593,10,0.1,11,54.0,67.2,52.1,59.5,50.6,HANJIN BRION|Jin Air Green Wings,94.59322033898304,142.27118644067798,3.830508474576271,262.93475932203387,0.13623881186440676,0.1864406779661017,1.929022033898305,0.6209677966101694,0.7143620349019255,0.19815351952832533,12.305084745762711,767.1172661016949,0.0,0.1,0.293380845455433,0.0,0.5018593814756319,0.0,1.4320780207890627,-0.5423728813559322,-0.4011129576911795,-0.051000855627830806,0.6933378580733753,-0.15514101360507188,0.23967569868182043,-0.233146390303564
Goo,jng,UPL,2,25,0.52,5,0.2,9,71.2,50.0,60.9,47.8,52.9,TBA,494.08,648.72,7.36,607.712324,0.25048344,1.28,0.9714480000000001,0.21143599999999999,0.7057340876589098,0.24994478524344707,17.36,709.0741160000001,0.0,0.2,0.8117625703394445,0.0,-0.4914759941673118,0.0,1.8,-0.56,-0.49360780590720155,0.9889267512457657,-0.26527912213485944,0.3150479314415152,-0.38787023151934374,-0.11202635025809528
Icy,mid,DDH,3,41,0.561,10,0.2,22,62.5,58.6,53.9,54.9,64.9,Cream Real Betis,356.9024390243902,128.09756097560975,14.121951219512194,558.6972292682926,0.28365250000000003,0.7560975609756098,1.0037853658536586,0.15778048780487805,0.6837154108366873,0.18318425077472683,6.2682926829268295,363.8219170731707,0.0,0.2,0.24857155896312522,-0.295372433258603,-0.031166498238765522,3.582357533177205,3.4358227615493333,-0.2682926829268293,-0.5192379020559875,0.406724546024179,0.19141118332525345,-0.059261753600942615,-0.003876117062402991,0.5472625103037607
FATE,mid,LCK,1,57,0.474,19,0.053,15,61.5,59.5,51.7,47.6,56.1,Liiv SANDBOX,168.28070175438597,60.49122807017544,2.491228070175439,518.8170824561404,0.28693164912280705,0.5263157894736842,1.1511245614035086,0.24071228070175438,0.6891191559097738,0.15213170567998766,2.491228070175439,278.82837368421053,0.0,0.05263157894736842,0.34025974025974026,0.0,-0.15948885989203188,0.0,1.9867985355975657,-0.49122807017543857,-0.20101025045326035,0.3518244777475559,0.24063720938645403,-0.1764599357433792,-0.39832888980453307,0.05819346799442408
Jesiz,sup,UL,2,30,0.533,2,0.0,14,59.5,61.5,52.9,58.5,65.0,Illuminar Gaming|SK Gaming Prime,12.433333333333334,149.53333333333333,-10.233333333333333,207.2425266666667,0.10939722333333333,0.1,2.7637533333333333,0.39907,0.6906971671185693,0.1856722253781077,0.26666666666666666,404.4718266666667,0.0,0.0,0.491123631338365,-0.1619710144927536,0.1734374999999998,3.418546365914787,2.556038601690775,-0.4666666666666667,-0.16185388483462132,0.24007275263950548,0.34919413021092405,-0.1090910612975449,0.1865489903410316,0.552919008312401
Canna,top,LCK,1,104,0.644,12,0.167,21,57.9,63.0,61.6,50.2,61.9,T1,57.12621359223301,33.05825242718446,-2.029126213592233,420.10160961538463,0.23064580865384615,0.36538461538461536,1.0252326923076924,0.1980855769230769,0.6348637582446084,0.21411567516769367,3.7403846153846154,610.3961557692307,0.0,0.16666666666666666,0.28351180779946766,0.6166098739995244,-0.06504830319544216,1.3481717011128775,2.0592194189509323,-0.41346153846153844,-0.30616901741833924,0.15175203163725753,0.43310319428957955,0.3545501488833187,-0.25748563887268083,0.3724419759984804
Revolta,jng,CBLOL,15,32,0.531,4,0.0,13,59.5,61.4,51.7,62.2,59.2,KaBuM! Esports|RED Canids,288.4375,207.59375,1.875,295.155353125,0.145793375,0.25,1.738825,0.433459375,0.724381774957464,0.15737219517453652,10.0625,768.3555875,0.0,0.0,0.5456212746446584,-0.6473661297344362,0.41375770020533875,1.9411764705882353,2.2980970388562794,-0.40625,-0.3914886411050438,0.23665754868693642,0.3444347554808012,-0.17413385985914426,0.3860865262948637,0.22466191063993218
Zeros,top,VCS,15,51,0.588,13,0.077,18,69.9,51.0,47.4,49.8,60.0,EVOS Esports|GAM Esports,506.70588235294116,391.7843137254902,16.980392156862745,519.0561509803922,0.2446278823529412,0.6862745098039216,0.8475470588235293,0.16368627450980394,0.5272040093532695,0.2591199009603368,7.764705882352941,712.5782509803921,0.0,0.07692307692307693,0.16525382963545177,-0.5898160947698123,-0.3901291937063257,3.854938271604938,2.5205041512504174,-0.43137254901960786,-0.466266870914965,0.8892495152845435,-0.2111965392529742,-0.41370867436947456,-0.2777861021208246,0.2672682643680403
Make,sup,NEXO,3,46,0.739,6,0.5,16,60.5,60.4,72.5,59.4,61.6,Movistar Riders Academy,83.54347826086956,71.30434782608695,0.4782608695652174,202.8050304347826,0.10287749347826086,0.021739130434782608,2.674810869565217,0.47154999999999997,0.6381897929625301,0.22385087059757272,0.43478260869565216,372.749547826087,0.0,0.5,1.2546843470740845,-0.674289894716753,-0.25251722310545843,9.71937321937322,2.359071298478354,-0.41304347826086957,-0.31157505001761143,0.2910999602823224,0.2884549688865549,1.109287497105883,0.23585294285390582,0.3566659410543438
Xun,jng,LDL,2,84,0.762,10,0.2,13,66.9,54.0,56.7,61.4,50.5,Invictus Gaming|Invictus Gaming Young,276.05263157894734,312.4605263157895,6.592105263157895,392.62221071428564,0.1833072773809524,0.5714285714285714,1.327091836734694,0.31454404761904764,0.7141108161905964,0.2329094473194613,20.678571428571427,586.5287595238095,0.0,0.2,0.4035020300412691,-0.12197900561477754,0.005066502652417764,4.599621212121212,1.4184162865339505,-0.6309523809523809,-0.24591527842439465,0.6719284336742354,-0.05072587074439888,0.08826724991161441,0.3432167359039794,-0.24135186041194917
Bafang,sup,LDL,2,75,0.44,21,0.095,15,61.9,59.0,52.2,48.2,59.9,Oh My God|Oh My God Academy,137.98529411764707,68.98529411764706,2.8529411764705883,195.875836,0.094988596,0.013333333333333334,2.415367307692308,0.3759786666666667,0.6748878112557384,0.192729304622919,0.13333333333333333,468.49684246575345,0.0,0.09523809523809523,0.29805374081140207,0.0,-0.17149846998443394,0.0,1.7320508075688772,-0.48,-0.20939125276674464,0.3730387836038546,0.21373181633591032,-0.1505233038926514,-0.3671163129492355,0.258628018131518
Michi,bot,LDL,2,49,0.367,13,0.077,7,60.8,60.1,54.6,49.5,47.1,Rogue Warriors Shark,181.60416666666666,85.45833333333333,0.9791666666666666,589.3239897959184,0.29770448979591835,0.7755102040816326,1.074984375,0.272095918367347,0.6957631939541224,0.12681742207874014,3.0,359.9915816326531,0.0,0.07692307692307693,0.4815150435269562,0.0,-0.15649727620131706,0.0,1.0,-0.673469387755102,-0.32327088969610246,0.31112396665915454,0.26927320183560727,-0.020694088855028686,-0.2937234915854715,-0.42810581353414245
AK,top,LDL,2,56,0.625,15,0.267,13,54.8,66.1,55.7,52.0,50.0,Top Esports Challenger,24.78181818181818,73.36363636363636,-2.9272727272727272,434.4923232142857,0.22826360357142855,0.39285714285714285,1.33241875,0.15952142857142856,0.6523561011419304,0.22850840184410712,0.875,994.2045303571429,0.0,0.26666666666666666,0.4380165289256198,-0.5185735512630015,-0.3278000195293429,3.417366946778712,1.7371980724307585,-0.5892857142857143,-0.3808532135003272,-0.008830998065533429,0.6192176531389741,0.03644301550039439,-0.1604096141720148,-0.26809871267837887
Doxy,top,NLC,2,76,0.632,8,0.125,17,62.2,58.6,60.7,61.0,57.8,Barrage|Gambit Esports|Riddle Esports|Vitality.Bee,327.80263157894734,217.52631578947367,5.434210526315789,497.42774868421054,0.23083551315789475,0.3026315789473684,1.0196105263157893,0.1498328947368421,0.5537335691099947,0.17602871576348286,2.8421052631578947,707.1587960526316,0.0,0.125,0.42904200285153965,1.0467679001640882,0.06690886421531213,4.462107113316791,1.9500337378997747,-0.4473684210526316,-0.29642225730131255,0.39051020373788237,0.1904688581935192,0.30712477974696956,0.32139136030324145,0.14673970627487698
Cheats,jng,LDL,2,55,0.291,26,0.077,13,55.6,65.2,54.7,52.7,57.3,Triumphant Song Gaming|optical spectrum E-sports,-75.31481481481481,236.16666666666666,4.62962962962963,291.23986,0.1617715527272727,0.2545454545454545,1.6279347826086958,0.39178181818181823,0.7682713398928153,0.13112445327854227,13.563636363636364,526.5734945454545,0.0,0.07692307692307693,0.4808080808080808,0.0,0.08145252805446997,0.0,1.7529196424044293,-0.5272727272727272,-0.23694160247639148,0.03079824725185331,0.5628796795806208,-0.017895554209188105,-0.11878141066178041,0.11908840025882735
Seiya,mid,LLA,15,53,0.604,5,0.0,20,57.0,63.7,49.4,50.9,64.7,Isurus,168.51923076923077,179.75,3.1923076923076925,463.7468698113208,0.2632479433962264,0.37735849056603776,1.2182528301886795,0.27105283018867926,0.6548967048224801,0.13138872502560284,4.566037735849057,337.49219433962264,0.0,0.0,0.3304101838755304,-0.1471960297766749,-0.23545622482662548,2.3125,2.7472112789737806,-0.32075471698113206,-0.24885520160957136,0.1044771959762087,0.47597325433308413,-0.2973146876534376,-0.21714875934303524,0.5341756309534689
Olleh,sup,LCSA,2,22,0.591,3,0.0,6,61.3,59.4,47.2,51.2,48.1,Dignitas Academy,319.0,286.6363636363636,11.863636363636363,153.91641363636361,0.08728971363636363,0.0,2.6282,0.34448636363636365,0.7129609292071816,0.18882821723730814,0.0,599.5287454545455,0.0,0.0,0.14928304851699079,-0.7057793345008756,-0.49740484429065746,2.1111111111111107,1.2792042981336627,-0.8636363636363636,-0.23730854598303877,0.34018582691009286,0.23377901166483928,-0.42540328459017734,-0.203662263946415,-0.37247167418347893
Ferret,jng,TCL,15,95,0.8,16,0.312,23,62.9,57.7,66.2,70.3,64.4,İstanbul Wildcats|İstanbul Wildcats Academy,175.08602150537635,112.49462365591398,1.3978494623655915,325.5006757894737,0.1527427210526316,0.3368421052631579,1.7080673684210528,0.45032315789473687,0.6581959041940298,0.19613261536326257,12.505263157894737,669.559367368421,0.0,0.3125,0.4450497603200765,0.06965459851619185,0.3736738919428873,5.554667519181586,2.3597502097958545,-0.4105263157894737,-0.3312564258549337,0.4277602367693665,0.14472534604190115,0.62782582449657,0.9209201651863597,0.5152713654784167
Value,bot,UPL,2,42,0.714,2,0.0,12,66.7,53.9,65.6,56.9,57.0,Maryville University,774.5714285714286,392.04761904761904,8.357142857142858,604.4022976190475,0.24415811904761903,1.0,1.0880666666666667,0.24133809523809524,0.6214422917159133,0.14789030930540756,2.3095238095238093,320.70210238095234,0.0,0.0,1.4350372736954207,0.0,0.2920996441281138,0.0,1.8516401995451028,-0.5476190476190477,-0.35162201363346085,0.6628091237182008,-0.059206187811586417,0.5935137879051915,0.09899125735923561,0.10357815871821846
Click,sup,PGN,3,71,0.648,10,0.0,14,58.4,62.1,47.6,60.1,55.6,Dusty|Samsung Morning Stars,72.49295774647888,118.80281690140845,-5.366197183098592,189.84928169014086,0.08860291971830986,0.04225352112676056,2.54487323943662,0.3691225352112676,0.7267067807765993,0.18141511827070325,0.09859154929577464,269.0856915492958,0.0,0.0,0.14022800794235102,0.3856097008487277,0.2026091976452989,4.410685941043084,1.6614943214713946,-0.39436619718309857,-0.3704511639573568,0.17966503697220576,0.3818643183787182,-0.4024805608224363,0.2716861606558048,0.02936459682994256
Perkz,mid,LEC,1,34,0.765,4,0.5,17,64.7,55.8,71.8,53.6,63.8,G2 Esports,284.09090909090907,149.8181818181818,2.090909090909091,616.6238352941176,0.26628167647058826,0.7352941176470589,1.093414705882353,0.21331764705882353,0.6282576514607189,0.1733066532635788,5.176470588235294,457.74432647058825,0.0,0.5,1.0253560965754116,-0.3347957830945016,-0.15429070866703531,4.25671536701285,2.91547594742265,-0.3235294117647059,-0.3431706532140623,0.5337884315730187,0.044516320756433705,1.0385932481752547,-0.07138220072969295,0.4834002616780246
Light,bot,CK,2,118,0.475,27,0.0,15,61.7,58.8,46.1,63.6,47.0,Jin Air Green Wings|LNG Esports,198.43362831858408,-10.79646017699115,4.8584070796460175,562.5424923728814,0.29881018644067797,0.7711864406779662,1.0822383177570094,0.3351313559322034,0.6917634073304563,0.17968511455109729,2.7457627118644066,378.22605677966106,0.0,0.0,0.236623256376475,0.0,0.14690721649484542,4.826923076923077,1.380861926847485,-0.652542372881356,-0.3962764308538433,0.35783321938553786,0.20246506533052697,-0.48745702743798996,0.46681779852896754,-0.4331341301493375
Kenvi,jng,UPL,2,41,0.829,3,0.667,13,65.2,55.3,73.5,47.3,56.1,100 Thieves Academy|100 Thieves Next,613.390243902439,571.1219512195122,9.78048780487805,354.53128780487805,0.1502009487804878,0.3902439024390244,1.7072365853658538,0.44170731707317074,0.6265742349877093,0.24509705214392513,18.975609756097562,707.2438951219513,0.0,0.6666666666666666,0.9643018981924375,0.0,-0.35182439334166077,0.0,2.030258904551879,-0.5121951219512195,-0.4358417087295717,0.5635552935620418,0.018109246072446423,1.205178771341994,-0.41665370949821956,0.05899988650878959
Newbie,sup,LLA,15,46,0.717,6,0.333,13,51.9,68.6,59.6,52.8,61.2,All Knights,-39.04347826086956,-31.58695652173913,-2.5434782608695654,165.45952173913042,0.08226762608695652,0.0,2.8395326086956523,0.39500869565217395,0.752963261662791,0.11320451692764295,0.1956521739130435,422.02303260869564,0.0,0.3333333333333333,0.3069665244926974,-0.28274428274428265,-0.11346153846153845,2.8142292490118574,1.9167454300136628,-0.45652173913043476,-0.2230682026749294,-0.16336995684349592,0.7867403542178514,0.24360067552955772,-0.11496121767269028,0.32999757331375706
Hyami,jng,UPL,2,65,0.646,18,0.222,14,65.0,55.5,56.8,47.1,57.2,First Blood Crusade|Mirage Sport Électronique,281.2153846153846,164.53846153846155,2.8,402.44004923076926,0.1802206153846154,0.6307692307692307,1.22498,0.3326415384615385,0.6954935500460838,0.1742409663445325,15.476923076923077,688.5834646153846,0.0,0.2222222222222222,0.33738851501144423,0.0,-0.25329204720453924,0.0,1.7364862842489186,-0.4,-0.42231176293100386,0.5505747277356331,0.024893684284209103,0.09707519893282052,-0.42800827475051184,0.11703297663750158
HwQ,mid,LDL,2,59,0.407,16,0.062,15,62.0,58.5,50.0,51.7,55.2,Rogue Warriors Shark,170.06896551724137,126.10344827586206,6.810344827586207,566.5787016949153,0.29144905084745765,0.423728813559322,1.1102636363636362,0.26663389830508477,0.6600399921720245,0.2051846197429783,2.864406779661017,393.8147593220339,0.0,0.0625,0.3052802427874457,0.0,0.018608597285067932,0.0,1.952833664712358,-0.4067796610169492,-0.35375026916530783,0.38011435414765077,0.18785858169307487,-0.26481945438073956,-0.1742956569004435,0.01018440126062959
Alphari,top,LEC,1,48,0.5,6,0.0,15,64.0,56.4,58.0,54.9,53.2,Origen,435.9583333333333,174.6875,14.0,450.646125,0.23532884583333333,0.20833333333333334,1.0262499999999999,0.13941458333333331,0.5978055634225566,0.21840713965208827,3.2708333333333335,653.2378645833334,0.0,0.0,0.3660662405578152,1.067462499018299,-0.12937378954163967,5.722222222222222,2.165063509461097,-0.5833333333333334,-0.46189685327233226,0.4959583124685757,0.0744725509202833,0.15641048115155867,-0.004821886229427252,-0.0942889611480031
twohoyrz,mid,EBL,3,30,0.5,8,0.25,12,63.3,57.1,59.8,48.2,52.9,Split Raiders|WarKidZ E-Sports,388.26666666666665,205.6,9.666666666666666,617.6521266666666,0.3242993,0.5333333333333333,1.1746,0.18109666666666666,0.7048059521373851,0.2635149165515523,5.266666666666667,350.3245133333333,0.0,0.25,0.5810107320198623,0.0,-0.3195555555555556,0.0,2.1908902300206643,-0.5333333333333333,-0.3459724918291305,0.4541403397755857,0.10970678996768167,0.2527695226474923,-0.3649444528125919,-0.10893754190404056
Shlatan,jng,UL,2,84,0.667,5,0.0,12,61.6,58.8,45.8,59.1,54.7,K1CK,428.4642857142857,240.5,3.5833333333333335,318.0930464285714,0.15264252976190476,0.27380952380952384,1.669875,0.37847261904761903,0.7202416474676061,0.24061857045380833,14.785714285714286,686.9833285714286,0.0,0.0,0.16932936341597274,-0.0007048038894401486,0.09636275634590562,2.83673128342246,1.3093073414159544,-0.5238095238095238,-0.16764069993928363,0.3554291035595212,0.20091383383666972,-0.5063408782571042,0.21910407553316288,-0.018411230876055083
Poulsen,mid,NLC,2,28,0.571,5,0.0,12,62.8,57.6,48.0,75.9,52.0,Dusty|Howling eSports|Vipers Inc,350.57142857142856,373.75,10.464285714285714,567.9568214285714,0.25214992857142854,0.6428571428571429,1.1834642857142856,0.1974642857142857,0.6121019923496881,0.16102913361831447,4.464285714285714,327.7214285714286,0.0,0.0,0.12064177722925022,0.0,0.7926112510495382,26.290000000000003,2.2677868380553634,-0.6071428571428571,-0.3882277867375707,0.4205111664413096,0.13507811542856213,-0.3798815405631131,1.4784583761810675,-0.15949678085818364
XinLiu,sup,LDL,2,76,0.816,6,0.333,14,60.6,59.7,64.8,58.2,55.1,Invictus Gaming|Invictus Gaming Young,271.7857142857143,160.62857142857143,1.5571428571428572,155.61201315789475,0.0729060697368421,0.039473684210526314,2.5543627906976742,0.3678473684210526,0.6997287580829931,0.20384781841825186,0.02631578947368421,410.0447197368421,0.0,0.3333333333333333,0.24165639216019727,0.6797504370779197,0.2175324675324676,2.0,1.6059101370939322,-0.6052631578947368,-0.17798684714084342,0.29977896416826233,0.24838609760414893,0.543125402087155,0.1674524468060849,0.005749334804932754
Once,jng,LJL,15,34,0.382,7,0.0,10,63.0,57.3,45.7,59.1,53.0,Burning Core Toyama,151.8235294117647,240.02941176470588,4.029411764705882,341.1340264705882,0.18805394411764706,0.38235294117647056,1.4419,0.4021882352941177,0.7726584978435307,0.22970633015291073,16.529411764705884,706.4383735294117,0.0,0.0,0.0909863505694037,-0.5510988725515665,0.14632823516650373,3.3030303030303028,1.7149858514250882,-0.5588235294117647,-0.3015245687387741,0.43621008253119165,0.1197767598562559,-0.5082949012595582,0.21689279883189574,-0.10396863926890372
Naehyun,mid,CK,2,36,0.444,5,0.2,15,57.5,62.8,56.7,52.1,60.1,Griffin,129.55555555555554,280.25,0.8333333333333334,469.8446666666666,0.26396569444444445,0.6388888888888888,1.1312944444444444,0.2705694444444445,0.6564556636542483,0.13355485713025983,4.75,361.75663888888886,0.0,0.2,0.4482321899736147,0.0,-0.01109298531810773,0.0,2.5,-0.4722222222222222,-0.1630242432972684,0.13287666349803962,0.421828660125325,0.08758411344049657,-0.1535437746685073,0.2710052525939497
TynX,jng,LFL,2,82,0.671,14,0.143,19,66.4,53.8,51.7,57.4,61.8,LDLC OL,284.0853658536585,377.0121951219512,6.0,405.91874878048776,0.1827822256097561,0.4024390243902439,1.3589414634146342,0.31369146341463416,0.6972172740132787,0.2271481548054662,15.707317073170731,749.7661926829268,0.0,0.14285714285714285,0.3940746415259684,-0.49861977010057457,0.04763443590394615,2.4972983316133472,2.0981989954220843,-0.4146341463414634,-0.37342775594382366,0.6423201089773327,-0.06555037819596779,-0.17559028087405487,0.1285438329385183,0.36404782918852824
jiang,bot,LDL,2,69,0.725,10,0.2,13,60.9,59.3,53.1,65.0,55.0,FunPlus Phoenix Blaze|Gama Dream,342.74626865671644,98.4776119402985,1.5820895522388059,603.2494536231884,0.26792867101449275,0.5362318840579711,1.2310243902439024,0.368104347826087,0.6517010685979973,0.17955145961937846,4.695652173913044,312.05965072463766,0.0,0.2,0.2244891915901688,-0.19117594222685305,0.0002726126052814629,8.461654135338346,1.5650160901149996,-0.5942028985507246,-0.2841987490035243,0.3135617097986132,0.22852859294408237,-0.09832367797296433,0.5520611452562719,-0.0021986377386809704
Hustlin,sup,LFL,2,68,0.647,10,0.1,13,62.5,57.6,47.9,54.2,50.0,GamersOrigin,276.61764705882354,129.98529411764707,0.9852941176470589,183.2916705882353,0.09262483676470588,0.0,2.539370588235294,0.4124235294117647,0.7063036298824596,0.2919666838763948,0.08823529411764706,653.1405926470588,0.0,0.1,0.18555864332841787,-0.2938131669532129,-0.1254096958049782,2.5546851574212894,1.5764815627361644,-0.5588235294117647,-0.4598853746691307,0.403804144370351,0.13644920426987595,-0.3806577590928548,-0.04117484183479553,-0.2668180052157743
Nate,top,LMF,2,55,0.727,4,0.25,18,59.8,60.3,59.3,56.2,61.1,9z Team,243.98181818181817,373.1272727272727,2.690909090909091,405.36891090909086,0.2337956,0.45454545454545453,1.008389090909091,0.16795454545454547,0.6091055766213624,0.21343297478704176,4.5636363636363635,679.5909454545455,0.0,0.25,0.8287107076819633,-0.8493212669683258,-0.139315230224321,4.032051282051283,2.4271195048676715,-0.4,-0.37974842791111135,0.2550972647711592,0.2813028635368374,0.2290242981927414,0.06143009859800572,0.3241836142198423
Zven,bot,LCS,1,57,0.772,3,0.333,11,64.7,55.4,61.2,50.9,56.5,Cloud9,672.1071428571429,197.58928571428572,9.625,526.8066754385965,0.25322591228070174,0.8771929824561403,1.267361403508772,0.3333438596491228,0.6361293355415785,0.11258983700323116,3.6315789473684212,334.3293929824561,0.0,0.3333333333333333,0.43876495789629194,-0.24537941397445523,-0.3537455768053379,4.625730994152047,1.4569855927715483,-0.5614035087719298,-0.2912467359509819,0.5343558655272181,0.021199103676960148,0.3303516113646892,-0.21872266258184367,0.07902013337157647
vital,bot,OPL,15,63,0.508,9,0.0,13,64.6,55.5,48.0,61.9,50.4,Dire Wolves,410.58730158730157,276.5079365079365,13.619047619047619,537.2507238095237,0.2871434761904762,0.6825396825396826,1.1595015873015873,0.2956222222222222,0.6753608085324354,0.17255399308745056,3.9682539682539684,392.96551746031747,0.0,0.0,0.17744100771133067,0.2053556111654199,0.293224349092155,3.5649311519479587,1.6378460497066512,-0.6349206349206349,-0.4558431414247048,0.5294531130513759,0.02626244153508676,-0.3785057688973034,0.37130110148378104,-0.24573161607691188
Flawed,jng,BL,3,35,0.571,7,0.0,16,61.5,58.6,51.6,59.3,61.4,KV Mechelen Esports|Team Barkers|Team THRLL,310.0285714285714,362.1714285714286,10.457142857142857,354.81888285714285,0.17358326,0.37142857142857144,1.488102857142857,0.34743714285714283,0.7043219098124293,0.1955261601480089,13.457142857142857,619.56024,0.0,0.0,0.2919454340081675,0.1467605360118981,0.26800826245955717,4.349795794230101,2.704493615131253,-0.5142857142857142,-0.26561204837419294,0.35068770386676634,0.19047755995273538,-0.17807470698086394,0.2298287231012432,0.3441830489454769
Tenacity,top,UPL,2,32,0.906,1,0.0,16,71.0,49.0,58.3,48.4,66.0,100 Thieves Next,882.375,768.59375,19.34375,551.812353125,0.238260125,0.84375,0.78196875,0.063196875,0.45727918722021316,0.1923667351196923,7.6875,590.396428125,0.0,0.0,1.0176910450483312,0.0,-0.33685756240822323,0.0,2.82842712474619,-0.34375,-0.1791238665963495,0.9734677425813354,-0.3224488309363277,0.17640746489599238,-0.353202562207121,0.6158396836930659
Zelt,mid,DDH,3,22,0.818,1,0.0,14,57.7,62.3,60.6,49.1,58.3,Estral Esports,475.27272727272725,83.54545454545455,5.454545454545454,494.8927136363636,0.2749008636363636,0.6363636363636364,1.11765,0.20835,0.7494025487137871,0.1217092361829204,4.045454545454546,267.69537272727274,0.0,0.0,1.4174454828660437,-0.040511727078891155,-0.3508021390374331,0.0,2.9848100289785457,-0.5,-0.3124801829778877,0.144857101278982,0.39531356485165825,0.3014571736142384,-0.31674841865515,0.17233192569460018
ordno,mid,HM,3,32,0.562,6,0.0,10,61.8,58.2,53.5,53.0,48.7,SINNERS Esports,260.25,304.8125,7.84375,582.030871875,0.28467053125,0.71875,1.016303125,0.2035125,0.7296715269972921,0.207250322731362,3.65625,265.112184375,0.0,0.0,0.5130186274106666,0.11865917876476961,-0.2342909079105399,4.370689655172414,1.7677669529663687,-0.65625,-0.26655645906597203,0.36591928956831415,0.1676161885669024,-0.07847916762594986,-0.10605689075288083,-0.33604627452725694
R4VEN,top,SLO,3,47,0.489,10,0.2,15,60.7,59.2,57.7,50.7,54.2,PRIDE|Team Queso,164.7872340425532,158.0,7.0212765957446805,447.6032957446809,0.24418687234042552,0.46808510638297873,0.9801468085106384,0.1559936170212766,0.6123062476160098,0.2372889707362074,2.617021276595745,812.8985382978723,0.0,0.2,0.6522104085058757,-0.7358851674641148,-0.2529348684953155,2.575,2.1879748724684185,-0.5106382978723404,-0.42326260916219155,0.30300922081994475,0.22469976409176456,0.1426605696087133,-0.22844886816001952,-0.03988033456124558
Kashtelan,mid,EBL,3,26,0.615,2,0.0,13,64.5,55.4,56.2,50.0,55.5,ASUS ROG ELITE|ŠAIM SE,619.7307692307693,293.46153846153845,13.23076923076923,641.6585307692308,0.3061596153846154,0.5,0.9011307692307693,0.14888076923076923,0.6742681740015363,0.20655943164427326,6.269230769230769,384.52992307692307,0.0,0.0,1.013285296104481,-0.42558746736292424,-0.6414668547249647,6.179487179487181,2.5495097567963927,-0.4230769230769231,-0.47779083820614227,0.5205407622175899,0.018429040634389767,0.06518646216048359,-0.2649667443379631,0.027972002986396745
TopLop,mid,LLA,15,28,0.286,10,0.0,11,60.1,59.8,53.8,52.4,57.1,Pixel Esports Club,134.53571428571428,-49.67857142857143,-0.75,593.503932142857,0.34615664285714287,0.2857142857142857,1.0880392857142858,0.21021428571428571,0.7650850611376927,0.17761669692933088,3.1785714285714284,343.07242142857143,0.0,0.0,0.4962461538461537,0.0,0.06474103585657372,0.0,2.0788046015507495,-0.4642857142857143,-0.14103656544875212,0.2738445424925666,0.25357984363626435,-0.06349342165271708,-0.13666664963288244,0.10959554090100737
SaNTaS,sup,LCL,15,54,0.796,8,0.25,13,66.4,53.5,55.7,51.2,56.8,Unicorns of Love.CIS,321.14814814814815,348.9074074074074,11.38888888888889,176.90444814814816,0.07840174814814815,0.018518518518518517,2.272022222222222,0.3274203703703704,0.6376986109116449,0.1879342021371007,0.07407407407407407,599.2899240740741,0.0,0.25,0.3030473296369361,-0.4916469038208169,-0.3174212814544816,4.114754098360656,1.7690759253434063,-0.5370370370370371,-0.26217525252881113,0.6400647309210675,-0.07796777262615755,0.03555831980279668,-0.20063913270442332,0.0932533279548824
Ben4,jng,LDL,2,58,0.534,13,0.154,13,64.3,55.6,47.3,54.0,47.4,Legend Esport Gaming,145.08,307.38,6.14,425.7207620689655,0.1883156396551724,0.39655172413793105,1.48287,0.41006379310344826,0.6586650405061568,0.19494044877716152,13.672413793103448,636.8485267857143,0.0,0.15384615384615385,0.1659666031543697,-0.7134649910233393,-0.2206918472214864,3.1269841269841274,1.7069836271763932,-0.6724137931034483,-0.5095958731205895,0.5112744582386409,0.029243859082829997,-0.4180792946125002,-0.05113026674313942,-0.4101557406759959
Bananitoo,bot,GLL,3,77,0.61,14,0.214,17,64.1,55.8,62.9,54.9,61.2,Greek Regenesis eSports|WLGaming Esports,205.5064935064935,167.5974025974026,7.987012987012987,580.0219766233766,0.2592597532467532,1.2857142857142858,1.1561896103896103,0.2910194805194805,0.59974455805808,0.15467271766390359,2.4675324675324677,298.49293506493507,0.0,0.21428571428571427,0.5805308863686685,0.1354241407244533,-0.127251459312528,3.9719202898550727,1.937329799813845,-0.4155844155844156,-0.23072529860489296,0.5001164462748912,0.040694989292722486,0.42984948364189673,-0.004611944629595036,0.3297482328895591
Trymbi,sup,UL,2,53,0.604,12,0.167,17,62.7,57.1,51.0,62.9,60.7,AGO ROGUE|SK Gaming Prime,191.03773584905662,55.490566037735846,0.05660377358490566,187.89480943396225,0.08801828301886792,0.11320754716981132,2.3988773584905663,0.3634528301886793,0.6968385550528979,0.22687749466422735,0.16981132075471697,412.04485471698115,0.0,0.16666666666666666,0.2711793710616872,-0.543904102913946,0.7597954623631668,1.1176470588235294,2.3351295871277133,-0.41509433962264153,-0.5381133083777483,0.4149167800144577,0.11039964586387567,-0.21202254324290534,0.4301621474823906,0.30558082379352564
Deidara,top,PGN,3,61,0.607,14,0.214,17,57.1,62.7,60.9,53.1,56.6,Racoon|aNc Outplayed,258.72131147540983,65.14754098360656,4.524590163934426,418.72748360655737,0.21475581967213114,0.32786885245901637,1.0679999999999998,0.1866311475409836,0.5958384224215625,0.2386400876219244,3.7704918032786887,870.3309639344263,0.0,0.21428571428571427,0.7170913627254705,-0.4316737304262309,0.00013409360174847538,2.787621394863049,2.1766269588592317,-0.4918032786885246,-0.32514219273484213,0.10851346612449955,0.4175663631546371,0.31706706925150974,-0.10227254217843933,0.0827854377281417
Selfmade,jng,LEC,1,68,0.588,13,0.308,18,70.9,48.9,66.7,57.9,61.3,Fnatic,84.19117647058823,323.2647058823529,6.647058823529412,365.8338,0.1939520588235294,0.3382352941176471,1.3999441176470588,0.3139661764705882,0.6921233381889275,0.19714772801606117,12.235294117647058,559.6606014705882,0.0,0.3076923076923077,0.5829922208636791,-0.3408564775153422,-0.1921697709954926,6.5870098039215685,2.182820625326997,-0.4852941176470588,-0.30636805981872034,0.9683481640939822,-0.32686093604989525,0.6617672472400198,0.1544686683611522,0.33851052833580036
Shadow,sup,LLA,15,61,0.574,4,0.0,18,62.1,57.7,47.6,50.0,64.5,Movistar R7,197.66666666666666,145.68333333333334,5.45,166.33191147540984,0.09855415737704919,0.0,2.545567213114754,0.3542508196721312,0.6683203020594535,0.18138566717041818,0.04918032786885246,502.9432803278688,0.0,0.0,0.2642433400492501,-0.28548864758144127,-0.18331862600908583,1.748090334531982,2.3046638387921274,-0.39344262295081966,-0.3502962257693915,0.3839077332548132,0.1412359436002966,-0.3976536146883645,-0.26726553026435707,0.524808856156568
Bin,top,LPL,1,96,0.562,25,0.4,15,69.3,50.5,73.7,62.2,47.8,Suning,346.22222222222223,254.5222222222222,6.3,477.13569270833335,0.23434253125,0.4791666666666667,0.8285821917808219,0.14716770833333334,0.5906538187542218,0.24478834961953924,4.197916666666667,733.8870989583334,0.0,0.4,0.6167690031440725,-0.0087324931039214,0.34387841762095245,4.196726936440166,1.5309310892394865,-0.5,-0.4734114366186994,0.8382821092519204,-0.24082166180645284,1.2196356897458638,0.38707065621823045,-0.3890474211958874
Pun1sher,mid,GLL,3,64,0.625,13,0.231,15,65.1,54.7,53.4,52.1,47.5,Intrepid Fox Gaming,454.875,386.75,8.453125,552.998659375,0.2577351984375,0.84375,1.104740625,0.178871875,0.5820650728045491,0.21070840845657335,5.15625,425.5508375,0.0,0.23076923076923078,0.29541864139020535,-0.6275862068965518,-0.22388449160650606,4.204545454545454,1.875,-0.46875,-0.5253016378419499,0.5571081160913751,-0.013431938295327364,-0.0842053890430382,-0.15110170394123093,-0.4028963801928313
Slow,sup,LLA,15,53,0.604,5,0.0,17,61.4,58.4,49.0,48.7,65.3,Isurus,92.71153846153847,149.28846153846155,-0.34615384615384615,176.98019245283018,0.09979928301886792,0.03773584905660377,2.670520754716981,0.4013679245283019,0.7610390070456213,0.28471063721346523,0.11320754716981132,429.89069056603773,0.0,0.0,0.21585903083700442,-0.028589784773530375,-0.3418530411038125,2.3200716845878135,2.3351295871277133,-0.39622641509433965,-0.30560622982659236,0.3413211603978048,0.17959443105129097,-0.3235707262188283,-0.33986128862242404,0.5688624940589834
Random,mid,HM,3,64,0.719,6,0.0,22,61.5,58.2,53.7,48.8,61.0,eSuba,199.453125,110.640625,4.84375,596.1424203125,0.280300015625,0.609375,1.086321875,0.18814843750000002,0.6391944978136453,0.1799589673446823,3.796875,355.853925,0.0,0.0,0.12943052851354256,1.1859607898830924,-0.22711017880331633,1.6478956228956232,2.75,-0.4375,-0.2962191619855222,0.3504014244227154,0.16942683558347496,-0.07072888330277133,-0.3309792592649295,0.31891375907932595
Ryan,jng,PCS,15,49,0.347,14,0.071,16,58.0,61.7,51.6,56.5,57.1,Nova Esports,-0.02040816326530612,73.57142857142857,2.9183673469387754,297.7508469387755,0.16824575102040815,0.1836734693877551,1.5879489795918367,0.4015469387755102,0.7871734115789184,0.19615011228156487,14.73469387755102,688.5384387755103,0.0,0.07142857142857142,0.21698453492042022,0.0,0.19811420177667943,0.0,2.2857142857142856,-0.3469387755102041,-0.5649848588022778,0.1589255805439047,0.3589684118393455,-0.1799226232544084,0.07705287684150794,0.11155360150862317
Auto,sup,UPL,2,39,0.667,6,0.333,10,67.9,51.8,63.1,53.1,48.3,100 Thieves Next|Team Cloud Drake,384.5897435897436,223.46153846153845,10.615384615384615,204.4865358974359,0.0884865641025641,0.07692307692307693,2.134148717948718,0.31412051282051284,0.6078449643511523,0.20868003311054933,0.1282051282051282,643.9308487179487,0.0,0.3333333333333333,0.491724209274058,0.0,-0.5683225610429787,4.8617743501206325,1.6012815380508714,-0.6153846153846154,-0.5668669363579563,0.7388056134094126,-0.1702638724938537,0.4391942513678008,-0.09953049559641608,-0.36123050439776583
Haro,jng,LPL,1,61,0.426,21,0.048,16,62.4,57.3,50.2,55.9,50.2,Rogue Warriors,-22.535714285714285,32.482142857142854,3.0892857142857144,304.67616610169495,0.1659626186440678,0.4426229508196721,1.484736170212766,0.3581661016949153,0.7422559850057235,0.1708563552479288,14.372881355932204,577.5446295081967,0.0,0.047619047619047616,0.2386725386379006,0.0,0.18749481714901742,1.5,2.0485900789263356,-0.47540983606557374,-0.6115675440220248,0.40052073118712017,0.11944939545144856,-0.25378270542082837,0.0482656130211232,-0.25376380327161774
Lian,jng,DL,3,31,0.452,6,0.167,13,58.0,61.6,62.6,59.7,56.8,Dynasty,448.2903225806452,311.51612903225805,0.6774193548387096,300.7840548387097,0.15418140322580648,0.22580645161290322,1.5416612903225806,0.3210677419354839,0.7608652829123966,0.16371295306950695,9.64516129032258,677.5213903225807,0.0,0.16666666666666666,0.5602868668758405,1.0985979194934419,-0.04379489225857943,7.75,2.334868926348074,-0.45161290322580644,-0.47158683010760327,0.15909079487572952,0.3536345911379227,0.41004222005944957,0.2498292885184494,0.09648467518404527
SLT,top,LFL,2,52,0.5,15,0.133,18,62.4,57.2,53.1,56.4,61.4,GameWard,219.5,281.13461538461536,8.73076923076923,494.95340961538466,0.23247182692307694,0.4423076923076923,0.9506076923076924,0.15319615384615384,0.5368407852623522,0.16872046794530376,3.6153846153846154,722.3478923076923,0.0,0.13333333333333333,0.26368875489210103,0.221127869459839,-0.21159518432286967,4.921842744383728,2.4961508830135313,-0.36538461538461536,-0.42865283350735695,0.401485555049724,0.11586477233490078,-0.09761640160685173,0.0738462201809918,0.3416948489194188
Keres,bot,PCS,15,50,0.42,15,0.0,12,62.6,57.0,47.9,59.7,54.8,Berjaya Dragons,147.32,96.68,4.84,579.1228960000001,0.3354817,0.6,1.3560560000000002,0.34841,0.6761081731017095,0.18038541925860543,3.08,311.415762,0.0,0.0,0.15006225240520657,0.15203761755485906,0.20267041461700647,3.75,1.697056274847714,-0.64,-0.29622732083556674,0.4103917798328407,0.10540664256690388,-0.3847116141065581,0.25135666159664843,-0.007976452446004255
Zhuo,sup,LDL,2,85,0.647,21,0.286,16,53.8,65.8,53.9,65.4,57.6,Team WE Academy|Top Esports,25.216216216216218,-5.837837837837838,-0.6891891891891891,162.62932470588234,0.08032379176470589,0.023529411764705882,2.679118367346939,0.4365388235294118,0.7228206389055546,0.1912657957468008,0.047058823529411764,480.70557529411764,0.0,0.2857142857142857,0.2687439576349041,-0.6851747852585645,0.18654857787429627,5.643658810325477,1.7354436625492493,-0.43529411764705883,-0.37893869300063177,-0.0643454584979111,0.6030999692060849,-0.05581544529498647,0.5780631609912363,0.1361729821129678
Nxi,jng,NASG,3,22,0.591,5,0.0,6,61.2,58.4,51.3,53.5,51.4,100 Thieves Next|Team Ocean Drake,175.27272727272728,-128.1818181818182,-3.6363636363636362,403.9958545454545,0.19675105,1.3181818181818181,1.310359090909091,0.34895909090909094,0.6603974403435433,0.12173051106504623,21.136363636363637,497.94879999999995,0.0,0.0,0.21456310679611654,0.0,-0.19008264462809907,3.6138897687678178,1.2792042981336627,-0.8181818181818182,0.0,0.33051465580478334,0.1819773496588195,-0.19651480458009923,-0.08164220682923863,-0.1896642887506982
Innaxe,bot,PRM,3,70,0.571,12,0.083,13,54.8,64.7,53.9,53.7,47.7,FC Schalke 04 Esports|FC Schalke 04 Evolution,-79.11428571428571,-64.54285714285714,-1.5,562.9649514285715,0.27659325714285715,0.5857142857142857,1.1909571428571428,0.36335142857142855,0.686225317857892,0.12684661270454275,2.6285714285714286,300.4588714285714,0.0,0.08333333333333333,0.26130675954592364,0.421222634286398,-0.03838674828952099,2.5528512639623746,1.5537971921347118,-0.5714285714285714,-0.46729105820311795,-0.008975463560668012,0.5353113799161827,-0.058028292557697536,-0.07032313321863601,-0.3938580363075518
Homi,sup,SLO,3,41,0.39,6,0.167,18,56.6,62.9,52.7,52.1,63.0,BCN Squad|S2V Esports,36.97560975609756,21.26829268292683,1.0975609756097562,162.5615024390244,0.09577073658536585,0.04878048780487805,2.5097487804878047,0.3559195121951219,0.7646448874021932,0.1694441010596141,0.04878048780487805,427.5357829268293,0.0,0.16666666666666666,0.3955450352027191,-0.8356276967331004,-0.09931431099314307,2.3333333333333335,2.8111277139949093,-0.3902439024390244,-0.43246721445610875,0.08289947555386948,0.42769002853788896,-0.12341140352976196,-0.15256537822073712,0.4361850747288835
Divkid,bot,VCS,15,77,0.532,20,0.1,11,62.4,57.1,48.0,57.1,52.3,EVOS Esports,102.36363636363636,183.97402597402598,5.857142857142857,544.5957987012987,0.27962141558441556,0.974025974025974,1.2501103896103896,0.3827532467532468,0.6606383200287598,0.1869566722994104,4.298701298701299,356.28670259740255,0.0,0.1,0.27496904846126635,-0.5317225509533201,0.05317764107728027,3.634340222575517,1.2535663410560174,-0.5714285714285714,-0.26109152272231234,0.40259211898029384,0.11099726471597948,-0.3772635219846174,0.10842725433139139,-0.14093724139200325
Hasmed,top,VCS,15,68,0.441,26,0.269,20,63.6,55.9,61.7,56.2,57.7,Saigon Buffalo,-31.955882352941178,-72.32352941176471,3.588235294117647,517.519955882353,0.25840916176470585,0.6176470588235294,1.0066529411764706,0.1776220588235294,0.5949047758499786,0.2537819088854549,2.0441176470588234,751.2282529411765,0.0,0.2692307692307692,0.46277423731517175,-0.1106757053097261,0.13068464548106667,2.4117521367521366,2.42535625036333,-0.45588235294117646,-0.5231420044403392,0.46739499874766216,0.046699816917221325,0.3612865038335153,0.0630987438495153,0.14122482254490432
Art,bot,LJL,15,33,0.333,12,0.417,11,61.4,58.1,68.1,54.7,55.0,Rascal Jester,175.9090909090909,-101.3030303030303,11.515151515151516,576.0087787878788,0.32329487878787877,0.9090909090909091,1.243169696969697,0.40343939393939393,0.7012344026698094,0.1569231820806099,1.5757575757575757,329.6538151515151,0.0,0.4166666666666667,0.7950095110215956,0.20565552699228817,-0.03640060820341843,3.2946859903381647,1.9148542155126762,-0.6363636363636364,-0.4015334392423682,0.341320534510906,0.16163959931757207,0.7530332450036589,-0.016623493678349407,0.0022886187124411313
Joey,sup,NASG,3,38,0.579,8,0.125,14,64.7,54.8,61.6,46.7,59.3,Orgless|Team Ocean Drake|Wildcard Gaming,49.921052631578945,205.6315789473684,-0.2894736842105263,224.55043157894738,0.10388840263157895,0.10526315789473684,2.436157894736842,0.34300526315789476,0.6451233514888887,0.22985199299644707,0.02631578947368421,519.1150131578947,0.0,0.125,0.9203118145036803,0.0,-0.4836554757618322,1.8838969973927948,2.271099895830676,-0.4473684210526316,-0.3393656563930864,0.5326394867857065,-0.011881040391462956,0.35609026510392205,-0.4519095464971447,0.22676938549729014
Kubu,top,SLO,3,36,0.333,7,0.0,18,58.5,60.9,50.2,65.2,55.3,Team THRLL|eMonkeyz,184.47222222222223,149.52777777777777,10.583333333333334,431.60543333333334,0.24035233333333336,0.25,1.1270666666666667,0.16267777777777778,0.5772115718484397,0.1979519863584538,2.111111111111111,789.1896499999999,0.0,0.0,0.27274120556051523,0.0,1.8598232659484328,0.0,3.0,-0.4166666666666667,-0.9678477135674481,0.1851411909426704,0.3174393290299351,-0.25364823563107736,0.5630189671542776,0.015267885287385027
Follow,jng,LMF,2,55,0.691,5,0.2,13,57.5,61.9,54.9,53.3,53.4,Isurus Academy|Undead Gaming,357.07272727272726,433.1818181818182,7.581818181818182,226.91568545454544,0.13579495272727274,0.12727272727272726,1.8694636363636363,0.5259254545454546,0.6756949658046404,0.19401774894074217,12.963636363636363,563.9041672727272,0.0,0.2,0.3229881900576765,-0.1388776512743455,0.11652969834161708,0.0,1.7529196424044293,-0.5636363636363636,-0.3803396104200569,0.1345820300461368,0.3721704610475002,-0.004112189666154321,-0.08948319207586242,-0.083263072723829
Dan,jng,UKLC,3,55,0.709,12,0.417,14,62.1,57.3,68.9,54.0,59.3,Fnatic Rising,340.4909090909091,446.1818181818182,6.0181818181818185,348.9762690909091,0.15803258363636366,0.34545454545454546,1.3584672727272726,0.32245454545454544,0.6980514683170963,0.196622223479931,12.127272727272727,700.9959090909091,0.0,0.4166666666666667,0.655995293744704,0.13939274123132178,0.0037649731298704794,2.7898481469682483,1.8877596148970779,-0.45454545454545453,-0.1695277888351051,0.3824738047283505,0.123374215924632,0.8153258266469467,-0.05490375852360181,0.22754140527182215
Cboi,jng,NLC,2,50,0.58,9,0.0,20,64.1,55.3,45.9,61.9,67.2,Dusty|Godsent|Samsung Morning Stars,367.54,561.2,10.2,347.94055000000003,0.173027202,0.24,1.713492,0.440774,0.6478428269517201,0.23380523254358898,12.74,622.753658,0.0,0.0,0.23292821225281599,-0.46688794561644276,-0.28740241685381235,7.941158900836321,2.82842712474619,-0.38,-0.36107018678983027,0.49938071350232416,0.015932177575843122,-0.4980690060309409,0.37211237131807906,0.691344767302792
Kingen,top,LPL,1,69,0.464,14,0.0,21,62.0,57.3,45.2,45.3,65.0,Bilibili Gaming|Kiwoom DRX,209.37313432835822,131.07462686567163,3.91044776119403,435.6691985507246,0.2429330144927536,0.30434782608695654,1.0576533333333333,0.2082217391304348,0.6069389626499103,0.25934861941233334,2.289855072463768,711.3889797101449,0.0,0.0,0.09909004769736958,0.0,-0.3058562613396267,0.0,2.528102914801153,-0.34782608695652173,-0.40244771054732653,0.37928547565190773,0.12052609694454242,-0.5423465357344729,-0.536441785554441,0.5504415710022104
Kz,bot,LLA,15,36,0.528,7,0.429,15,59.4,59.9,67.3,43.4,59.7,Pixel Esports Club|Rebirth eSports|XTEN Esports,411.3888888888889,126.11111111111111,10.777777777777779,485.8780361111111,0.27295475,0.8055555555555556,1.4260972222222223,0.35406944444444444,0.7117038764119088,0.15346844724885414,3.6666666666666665,253.85568055555555,0.0,0.42857142857142855,0.7326315789473685,0.0,-0.5933568193256166,0.0,2.5,-0.5555555555555556,-0.5574376259478728,0.23225918173943297,0.26278076890736546,0.702102187074606,-0.6549349093466276,0.24943202423923036
KaKAO,jng,CK,2,81,0.617,16,0.125,15,65.1,54.2,54.9,62.9,58.3,Papara SuperMassive|Seorabeol Gaming,419.320987654321,615.8765432098766,8.728395061728396,320.1714950617284,0.1696748049382716,0.18518518518518517,1.509335802469136,0.3511432098765432,0.7114977318610631,0.22031141876368043,7.888888888888889,555.5754481481481,0.0,0.125,0.23622996119905884,0.4855699962866691,0.16088541470930887,4.057777777777777,1.6666666666666667,-0.43209876543209874,-0.3057345497912316,0.5604260052770844,-0.04334752713763673,-0.005158917733333213,0.4259040522811127,0.17349095692470684
Aix,jng,LPL,1,70,0.629,14,0.143,18,64.2,55.0,49.7,58.6,65.7,Vici Gaming,54.60344827586207,133.55172413793105,2.396551724137931,327.5577753623188,0.15981548985507246,0.32857142857142857,1.5772859649122806,0.44714347826086953,0.6767315106731332,0.16862651637762208,12.521739130434783,688.2859571428571,0.0,0.14285714285714285,0.2287376902417189,-0.6082466910329656,0.287409200968523,1.8307565420241476,2.1514114968019085,-0.37142857142857144,-0.2920774155207003,0.5047588626577777,0.00019655288517713993,-0.282560410763246,0.19320941882300174,0.5938854474950067
Leb,jng,GLL,3,74,0.635,11,0.364,17,71.9,47.3,66.0,51.4,57.4,Elementaries Esport Club|Intrepid Fox Gaming|Team Phantasma,559.0135135135135,752.1891891891892,10.22972972972973,430.6172364864865,0.20842881756756756,0.5135135135135135,1.090783783783784,0.2534567567567568,0.6529079697912464,0.2233496401649068,13.621621621621621,584.5468851351351,0.0,0.36363636363636365,0.6915205333130302,-0.6414601449881656,-0.06257418575314172,2.0665384802313436,1.9762098586449277,-0.40540540540540543,-0.3810844439798931,1.052183084956295,-0.4154512935639933,0.6134414116258577,-0.1921331656538408,0.12775715915352454
Cat 2,sup,UPL,2,50,0.66,12,0.333,16,67.7,51.5,61.8,53.8,62.1,Columbia College|Supernova,162.06,135.64,-0.76,259.281804,0.110713802,0.08,2.312772,0.339814,0.636892868377899,0.25724250354935063,0.04,643.884544,0.0,0.3333333333333333,0.3680098554325966,0.0,0.2001087933657891,0.0,2.262741699796952,-0.46,-0.352281138934357,0.7255210441461523,-0.18338877956574098,0.3671634360349131,-0.06106020465290671,0.3848970928536148
Clid,jng,LCK,1,115,0.678,13,0.308,20,58.7,60.5,66.0,61.3,56.9,Gen.G,176.41228070175438,36.18421052631579,-2.026315789473684,270.5923252173913,0.14068893217391304,0.24347826086956523,2.0402834782608696,0.5510339130434783,0.689309309520833,0.20657272839331964,12.721739130434782,679.1063808695652,0.0,0.3076923076923077,0.37323454245901067,0.0,0.22797140351062586,3.4,1.8650096164806276,-0.43478260869565216,-0.39474196625764885,0.19715884425880553,0.29481943604056066,0.6139093749308204,0.34042872039705685,0.09996167629036405
Tank,mid,CK,2,74,0.568,8,0.125,16,61.5,57.7,53.4,63.6,49.4,PSG Talon|Spear Gaming,282.6756756756757,216.90540540540542,8.81081081081081,489.13633108108104,0.2714079864864865,0.5135135135135135,0.948027027027027,0.20652432432432433,0.6884414355146141,0.16113193575924092,2.364864864864865,306.0121972972973,0.0,0.125,0.28893020904791133,0.38329506530658336,0.2570663727265571,6.267857142857142,1.8599622199011085,-0.5540540540540541,-0.3453259287940506,0.3518740535312675,0.14320864357523697,-0.08516793538112688,0.469133057957562,-0.2998384312837051
Amazo,jng,UPL,2,60,0.617,11,0.182,14,67.0,52.2,54.5,60.5,47.5,Maryville University|Team Mountain Drake,353.8666666666667,365.31666666666666,5.616666666666666,420.8003033333333,0.18230981666666668,0.5833333333333334,1.2470783333333335,0.33870666666666666,0.6292843607789985,0.1715105061842007,18.816666666666666,588.4521833333333,0.0,0.18181818181818182,0.28163657363298034,0.0,-0.010804321728691503,4.647017621470176,1.8073922282301278,-0.6333333333333333,-0.6005598390421475,0.6833779302423082,-0.15032518861265767,-0.02774079104698725,0.29247591383742566,-0.4038053387449578
Rabble,jng,PRM,3,102,0.578,21,0.19,31,60.9,58.3,58.8,59.1,73.6,GamerLegion,128.85294117647058,211.2941176470588,4.852941176470588,364.82629313725494,0.17006788333333334,0.3235294117647059,1.4489558823529411,0.3396,0.6813526856987476,0.218893306665831,17.03921568627451,723.5230166666666,0.0,0.19047619047619047,0.32293836418786454,0.23512674299151037,-0.12780337555921048,6.634109848297997,3.0694573832276904,-0.24509803921568626,-0.22936908117286336,0.3165062902934799,0.17633856409405374,0.20262954617988582,0.21938190749982364,1.2122811776880245
Worst,bot,LPLOL,3,57,0.702,6,0.0,11,63.6,55.5,48.8,63.8,45.9,EGN Esports,565.8245614035088,369.10526315789474,10.421052631578947,515.1287245614035,0.2599262456140351,0.8947368421052632,0.9415666666666667,0.18701929824561403,0.6918692067201111,0.1481352554994671,3.1228070175438596,275.0916614035088,0.0,0.0,0.21033146627790994,0.15072094320082843,0.15815955658534367,7.270353302611367,1.4569855927715483,-0.7017543859649122,-0.3794131262420808,0.47151631739166544,0.023715187142702387,-0.3342609229124006,0.48189416839827637,-0.49896167482810777
Lvsyan,mid,SLO,3,41,0.366,8,0.125,17,53.8,65.3,53.7,59.5,57.2,S2V Esports,-34.5609756097561,15.78048780487805,2.1219512195121952,510.859368292683,0.28379178048780485,0.3170731707317073,1.2793341463414634,0.24621219512195122,0.6950788851238145,0.12991586582232503,2.268292682926829,312.36004146341463,0.0,0.125,0.7048611111111112,-1.0,0.13057801737047026,5.6000000000000005,2.654953952106303,-0.4634146341463415,-0.37413361379545707,-0.06565478893300225,0.5749125737311069,-0.06684157146006038,0.2383758360008868,0.116797021791819
Fudge,top,LCSA,2,50,0.78,8,0.375,13,60.1,59.0,58.0,53.6,51.2,Cloud9 Academy,178.08,45.22,2.08,476.78314400000005,0.23609535999999998,0.62,0.928856,0.11721,0.6126373277448632,0.15804861059656455,3.02,707.2841659999999,0.0,0.375,0.3269443675615831,-0.37441518513567706,-0.038333759263991914,1.4676923076923079,1.8384776310850235,-0.52,-0.4623880611125306,0.2709128979938787,0.21218738469227008,0.15691304702415937,-0.0714885387151589,-0.20286532341729602
Lost,bot,LCSA,2,50,0.6,6,0.5,10,57.4,61.7,67.3,63.0,55.8,TSM Academy,355.84,-59.22,5.04,514.871062,0.2729362,0.7,1.220218,0.310024,0.7144834164653789,0.12883982800742969,2.42,298.75329,0.0,0.5,0.6058248279860253,-0.3111246412107507,0.3468598075205875,3.725,1.414213562373095,-0.54,-0.25241628486283185,0.12824121097926972,0.3592545371633864,0.7005767953124906,0.43695398219259696,0.04163584504837026
Hanabi,top,PCS,15,94,0.66,12,0.083,21,61.1,58.0,50.2,58.4,55.4,PSG Talon,166.25531914893617,219.8404255319149,6.202127659574468,438.51723723404257,0.2372599723404255,0.2127659574468085,1.115354255319149,0.20023723404255317,0.5920341475639969,0.27661883115793034,1.3829787234042554,783.6109340425533,0.0,0.08333333333333333,0.14491134030486494,0.12529975364707857,-0.2878006114539282,7.961854853584177,2.165984617143466,-0.5851063829787234,-0.2997780347784484,0.32713153761716796,0.15958720904151644,-0.257789648077597,0.17975149588215866,0.02141738628197201
5kid,bot,CK,2,57,0.386,15,0.2,16,58.4,60.7,59.1,60.7,55.7,ASURA|RunAway,7.910714285714286,200.26785714285714,2.607142857142857,527.7190140350878,0.29382377192982456,0.6842105263157895,1.2271543859649123,0.3279280701754386,0.668827820577631,0.1344446132455959,3.456140350877193,285.1799157894737,0.0,0.2,0.40329635261211544,0.2953102600860127,0.1486967437052352,4.094537815126051,2.11925177130407,-0.6140350877192983,-0.43949676954840156,0.1818160801825424,0.3044870183960548,0.21915011844481755,0.30368569113152255,0.038502420086004845
Chasy,top,CK,2,37,0.757,5,0.2,13,58.8,60.3,56.6,53.2,57.5,Awesome Spear,230.78378378378378,182.35135135135135,5.972972972972973,434.7512243243243,0.2404026756756757,0.40540540540540543,1.0781027027027028,0.2075054054054054,0.6381086258741394,0.24461417623182327,3.027027027027027,610.9405756756756,0.0,0.2,0.45890202375349526,0.0,0.06214275414563832,0.0,2.137186834969645,-0.3783783783783784,-0.43532602291297123,0.20350535486594856,0.2815862496078715,0.0827103623856349,-0.09427386625618867,0.12941925081064898
Yoppa,top,LFL,2,21,0.476,2,0.0,11,61.5,57.6,49.6,51.5,58.5,Vitality.Bee,563.9047619047619,454.1904761904762,11.285714285714286,487.6191619047619,0.24180261904761902,0.2857142857142857,0.9239428571428571,0.15960476190476192,0.5901231312171954,0.19717934182219896,3.7142857142857144,933.5133333333333,0.0,0.0,0.12204522096608428,0.0,-0.1745137727712752,0.0,2.400396792595916,-0.47619047619047616,-0.2751755487910051,0.35018806382074585,0.13767728246483052,-0.2880148178150556,-0.18744130058457206,0.18565453893859768
ShiauC,sup,LPL,1,85,0.459,19,0.105,17,58.9,60.1,48.4,49.6,55.6,eStar,125.76623376623377,52.94805194805195,-3.0,165.8520294117647,0.08518111764705882,0.0,2.7135813333333334,0.39363882352941176,0.7046429186724846,0.23818002389462406,0.11764705882352941,450.329294117647,0.0,0.10526315789473684,0.3674362179084991,-0.8452465663960074,-0.36664142602924793,3.665948275862068,1.8439088914585775,-0.4588235294117647,-0.46870743560266503,0.20763568939360016,0.27170077527642067,-0.3564280695609947,-0.28760785819380597,0.03259582112404935
Jensen,mid,LCS,1,60,0.6,11,0.182,17,62.7,56.3,56.5,66.5,58.2,Team Liquid,191.86666666666667,204.31666666666666,5.833333333333333,497.83112,0.27776219999999996,0.55,0.9793933333333334,0.20137166666666667,0.7056085118647374,0.179564344008483,5.366666666666666,303.56525166666665,0.0,0.18181818181818182,0.4197471402769417,-0.28097445686755756,0.36717151043798585,5.445238095238095,2.1946905628508695,-0.43333333333333335,-0.26768040462175874,0.41776159367563503,0.07097389936665817,0.08044490089449535,0.6458081597792689,0.16811330174862615
TusiN,sup,LCK,1,90,0.456,22,0.091,21,60.6,58.4,56.3,47.2,65.2,KT Rolster,106.94444444444444,209.22222222222223,1.9333333333333333,144.68224777777777,0.08301111,0.011111111111111112,2.4565799999999998,0.36612222222222224,0.7272830440637932,0.23878398263497805,0.18888888888888888,435.40192,0.0,0.09090909090909091,0.3960808098542374,0.0,-0.23222944392860814,0.0,2.2135943621178655,-0.37777777777777777,-0.4514953353998303,0.2998902686676561,0.18008544371896285,0.06593756008130419,-0.4200659708410014,0.5635777099221245
Hana,jng,PCS,15,52,0.577,8,0.0,16,57.8,61.2,53.5,61.4,59.7,J Team,61.44230769230769,-77.1923076923077,-2.1153846153846154,314.54153076923075,0.1600073423076923,0.2692307692307692,1.7683346153846153,0.48419615384615383,0.6971182499792766,0.17495439911711383,12.923076923076923,565.3751961538462,0.0,0.0,0.2513685132472082,0.5570339514286292,0.2144021357313473,3.1307692307692307,2.2188007849009166,-0.40384615384615385,-0.39127919434838315,0.14741662406148542,0.3350459771587093,-0.08123554295955604,0.34165338649304483,0.25039568695010606
Mist,sup,UPL,2,74,0.716,12,0.167,17,65.2,53.8,56.5,67.8,56.6,First Blood Crusade|Mirage Sport Électronique|Zenith Esports,244.83783783783784,118.63513513513513,-0.9459459459459459,206.6910635135135,0.09617867837837837,0.05405405405405406,2.349362162162162,0.2856837837837838,0.6879198394695207,0.23095806825355103,0.02702702702702703,500.5303391891892,0.0,0.16666666666666666,0.36244505936955534,0.0,0.4319178158762606,5.545454545454545,1.9762098586449277,-0.4594594594594595,-0.509746552296249,0.5642042500206641,-0.06545105392654027,0.07948965944148398,0.7323123540601348,0.08379012075228817
Kui,jng,LDL,2,58,0.552,17,0.294,11,54.4,64.6,59.2,58.2,52.4,LGD Gaming|LGD Gaming Young Team,-123.0909090909091,-27.654545454545456,1.1272727272727272,310.46663448275865,0.16225635172413794,0.39655172413793105,1.7676631578947368,0.48263965517241375,0.7133963044759388,0.16129538989556147,17.379310344827587,519.0130362068966,0.0,0.29411764705882354,0.6476894851507855,-0.8518155534865488,-0.07262307403231859,4.017361111111111,1.444370761456948,-0.603448275862069,-0.22789155850114778,-0.032991132059122685,0.5311028154905706,0.22047600192650285,0.16913156841881297,-0.13508052497639528
Tuomari,top,BL,3,30,0.467,9,0.0,14,61.8,57.1,49.7,55.2,58.5,Aethra Esports,310.1666666666667,253.33333333333334,12.4,470.32585,0.2517414666666667,0.36666666666666664,1.0137033333333334,0.10829,0.5624125277214522,0.2075406617034023,4.033333333333333,774.3442433333333,0.0,0.0,0.16681797548797095,0.0,0.5696966698005839,0.0,2.556038601690775,-0.43333333333333335,-0.4538092611084097,0.3655046527116731,0.10926852909011478,-0.282249734155618,0.0106320455343491,0.18662685840794327
Caps,mid,LEC,1,49,0.612,11,0.091,16,62.6,56.3,47.5,64.5,56.3,G2 Esports,167.14285714285714,31.653061224489797,1.1224489795918366,564.3789693877551,0.2764654285714286,0.673469387755102,1.0241102040816328,0.1806795918367347,0.6783563912827678,0.16088504960190936,5.122448979591836,339.41781224489796,0.0,0.09090909090909091,0.13611902026096134,-0.3738094210922408,0.09667658308542279,9.127456140350876,2.2857142857142856,-0.3877551020408163,-0.40590973394598245,0.4114507752079958,0.0685361080814137,-0.40775171849696756,0.5205904987694701,0.06782049740599692
Krastyel,mid,CBLOL,15,34,0.265,12,0.083,21,57.1,61.7,56.9,56.6,62.3,Redemption eSports Porto Alegre,12.264705882352942,10.0,-3.088235294117647,512.8295205882354,0.2749293823529412,0.7647058823529411,1.3034470588235294,0.21690588235294117,0.7057427602194037,0.15088854765097706,1.1470588235294117,456.7909264705882,0.0,0.08333333333333333,0.5564210446516564,0.0,0.5558528428093643,0.0,3.601470287992685,-0.29411764705882354,-0.6636254279102506,0.10972540551853527,0.363064362751685,0.09884105075941887,0.08671386689894672,0.3950478922140609
Jiejie,jng,LPL,1,60,0.567,9,0.222,11,59.0,59.8,54.8,56.2,46.0,EDward Gaming,128.91228070175438,-20.596491228070175,-3.2982456140350878,287.46558644067795,0.15572023220338982,0.3,1.565572,0.43687966101694914,0.732890888198186,0.1567539006693839,10.847457627118644,717.2368333333333,0.0,0.2222222222222222,0.40247071807469115,-1.0,0.3420786298170494,0.0,1.420093893609386,-0.65,-0.31152829256763975,0.21162785966587971,0.2568774744565395,-0.011845502584354697,0.0622720635586973,-0.49494890101965616
Stefan,jng,TCL,15,41,0.707,3,0.333,18,63.0,55.8,59.4,47.6,62.0,Galakticos|ŠAIM SE,219.5609756097561,381.0487804878049,6.902439024390244,316.3794073170732,0.1627491,0.2926829268292683,1.474780487804878,0.36586097560975606,0.6941018944600081,0.15973991734393456,9.878048780487806,615.0134268292683,0.0,0.3333333333333333,0.3491083146761368,-0.43001855861429017,-0.3700328714683976,2.28125,2.8111277139949093,-0.4146341463414634,-0.48072796987128275,0.43534368305688464,0.04319823855236755,0.23266733411987264,-0.40213613251644476,0.377359772262432
Edward,sup,PGN,3,44,0.545,3,0.0,14,57.5,61.3,50.8,55.9,57.0,Gambit Esports|Mkers,137.63636363636363,-169.6590909090909,-0.4090909090909091,181.61605454545455,0.09405260454545455,0.06818181818181818,2.6767795454545453,0.4178454545454546,0.68721259916262,0.224102049058531,0.2727272727272727,514.8639068181818,0.0,0.0,0.29329581565942914,0.3101908902787789,0.004367711895834253,4.119084967320261,2.1105794120443453,-0.4772727272727273,-0.37692841181685954,0.13135377504815215,0.33994023589258965,-0.22428048389002836,0.045237284958070376,0.10665754847877416
Wings,bot,LPL,1,53,0.472,8,0.0,10,59.4,59.4,47.2,51.3,55.7,Bilibili Gaming|Bilibili Gaming Junior,-33.509803921568626,141.1764705882353,4.352941176470588,572.8096867924529,0.2907279245283019,0.6981132075471698,1.5733720930232558,0.4156245283018868,0.631379862061129,0.15180292792667932,5.3584905660377355,373.7285519230769,0.0,0.0,0.18956959049049701,0.0,0.03198415751307169,0.0,1.3736056394868903,-0.5471698113207547,-0.2933885005747619,0.23562132124207322,0.23569651706446829,-0.42386211321522105,-0.19865496476894207,0.03813417815915447
Cerasus,sup,LDL,2,64,0.484,14,0.071,17,64.8,54.0,51.9,51.6,60.8,EDG Youth Team|EDward Gaming|Legend Esport Gaming,160.66071428571428,165.73214285714286,2.5892857142857144,200.4438859375,0.09422850468749999,0.0625,2.57138,0.3874015625,0.6755681497965218,0.2871096988462773,0.015625,538.27423125,0.0,0.07142857142857142,0.3174849101156316,0.0,-0.08852023027649401,0.9918699186991871,2.125,-0.40625,-0.45956805208771756,0.5435546392670795,-0.05162511888872834,-0.16536219813187936,-0.17810726757282436,0.3094798557387265
Color,top,LFL,2,20,0.65,3,0.667,12,60.2,58.5,70.3,62.9,61.8,7more7 Pompa Team Academy|AGO ROGUE|Vitality.Bee,340.95,82.6,11.75,539.419805,0.24390779999999998,0.4,1.077615,0.19196,0.5530918345238913,0.2131962013547691,5.0,872.1559799999999,0.0,0.6666666666666666,1.5962651236191479,-0.47526158445440964,0.6708687311592215,3.8626543209876543,2.6832815729997477,-0.55,0.0,0.27985726653810294,0.18735283357614294,0.9186657520755513,0.4264987282660977,0.36697321416754297
Rest,top,PCS,15,51,0.569,8,0.0,16,65.7,53.0,49.5,63.4,52.8,J Team,386.921568627451,234.8235294117647,3.6666666666666665,482.5375450980392,0.2538610980392157,0.5882352941176471,0.768435294117647,0.13627843137254902,0.656912900158501,0.23232316431761374,1.6862745098039216,762.879656862745,0.0,0.0,0.13363526439854542,0.3393928860653708,0.5278984237200323,3.1647058823529415,2.2404481344448155,-0.5098039215686274,-0.5858801910406719,0.5945880027893171,-0.10577350666044023,-0.2915130400977013,0.45928440344820953,-0.1144550566831226
LokeN,bot,LPL,1,119,0.664,19,0.211,14,59.8,58.9,60.7,54.1,56.6,JD Gaming,115.09909909909909,60.549549549549546,1.4684684684684686,533.3381042016807,0.26785976722689075,0.9831932773109243,1.2271030612244898,0.3410655462184874,0.717858981664093,0.13606802223764883,3.563025210084034,320.0899058823529,0.0,0.21052631578947367,0.46674723057794526,0.016013683376763396,0.02130726719398343,2.3324418071322097,1.283377895839496,-0.5210084033613446,-0.2666958389647719,0.25503146821333866,0.20516830093337868,0.3028227237909931,-0.04748547117206166,0.08287042063442121
Asza,bot,PRM,3,55,0.509,11,0.182,12,66.1,52.6,56.0,60.4,48.5,EURONICS Gaming,405.43636363636364,440.94545454545454,16.10909090909091,579.98156,0.28001902181818183,0.7636363636363637,0.9061199999999999,0.2337418181818182,0.6494192121715456,0.1619068809835278,2.0,285.5572018181818,0.0,0.18181818181818182,0.4672897196261682,-0.4653693765986258,0.5666718353795356,1.7617021276595743,1.618079669911781,-0.5272727272727272,-0.5507639643410112,0.6222824157674951,-0.12796203078081644,0.05368774215718891,0.28713816025330624,-0.3470037930814168
WhiteKnight,top,PRM,3,45,0.511,11,0.182,20,54.1,64.6,58.6,55.2,66.3,Berlin International Gaming,-135.93333333333334,125.93333333333334,0.3111111111111111,431.4462488888889,0.23039615555555557,0.2,0.9651977777777778,0.16754666666666668,0.6789618547177513,0.18610463167683275,1.2,830.917411111111,0.0,0.18181818181818182,0.5213821460869338,0.0,0.5685348402423424,0.0,2.9814239699997196,-0.3333333333333333,-0.4093005124517424,-0.049342546066286394,0.528720891698784,0.1923600975553117,0.012731617297499137,0.6358553286832065
Travanques,jng,LPLOL,3,48,0.583,7,0.143,14,60.8,57.8,55.4,55.3,57.1,SAMCLAN Esports Club,287.125,615.5625,13.041666666666666,303.9631395833333,0.14886999375,0.20833333333333334,1.3881916666666667,0.3540208333333333,0.6596554656016177,0.16957296423504184,10.270833333333334,712.3322229166666,0.0,0.14285714285714285,0.2589489304716059,0.2348204013805447,0.21645603656897028,1.6518817204301073,2.0207259421636903,-0.3958333333333333,-0.4093392240774217,0.3086584504526685,0.1476467918203641,0.02110842936604773,0.013756870281656605,0.10915084718226979
Decay,mid,LFL,2,31,0.419,6,0.0,20,59.5,59.1,49.1,48.2,61.4,Misfits Premier|Team MCES,206.90322580645162,177.09677419354838,1.3548387096774193,550.5942677419356,0.2830265806451613,0.4838709677419355,1.183432258064516,0.19037096774193546,0.6388884369036801,0.13731773131603353,2.6451612903225805,393.4907129032258,0.0,0.0,0.21005071224338448,0.1201564663000545,-0.527270299637194,0.9148936170212765,3.5921060405354983,-0.3870967741935484,-0.6023530135398854,0.2374555601111967,0.21995665563985164,-0.3134961823318805,-0.3670623765193046,0.3431514753070394
Thien,top,OPL,15,66,0.636,11,0.273,26,61.6,57.0,62.8,59.2,73.2,Chiefs Esports Club,162.4923076923077,78.50769230769231,0.9230769230769231,455.1271212121212,0.23010135606060605,0.6060606060606061,0.9708409090909091,0.16412575757575756,0.642681737487668,0.24601284556568823,2.1363636363636362,679.4126924242424,0.0,0.2727272727272727,0.508869401154775,-0.06257896066705987,0.1954044039954355,3.524273005027782,3.2003787654626508,-0.30303030303030304,-0.228380134833485,0.35382447980767123,0.10364284647924127,0.4240990412335179,0.22513654694461727,1.1679306326702885
xMatty,bot,UKLC,3,55,0.709,12,0.417,11,62.1,56.5,69.8,51.7,52.3,Fnatic Rising,184.4,264.03636363636366,4.963636363636364,584.5749818181819,0.2649662545454545,0.9272727272727272,1.0232,0.2280690909090909,0.6999416054869799,0.17688509576355427,3.272727272727273,317.7218690909091,0.0,0.4166666666666667,0.725509707664411,0.11985590665257057,-0.05516430703935251,1.3655042779362199,1.4832396974191326,-0.509090909090909,-0.2980869579637999,0.38034816135346555,0.07810411438788302,0.8751360262988317,-0.17631779783138904,-0.14224461836774444
Azhi,top,PCS,15,50,0.42,15,0.0,14,56.0,62.6,46.6,49.2,52.8,Berjaya Dragons,15.98,70.54,-1.98,382.92841200000004,0.21892910000000002,0.58,1.063984,0.185286,0.6283857902038087,0.17948499779984503,1.84,676.517442,0.0,0.0,0.2248929196105166,-0.47744779714919594,-0.2094031512534162,1.4642857142857146,1.979898987322333,-0.52,-0.44447583992483475,0.05240808886022287,0.41320073080961084,-0.4577939592456536,-0.3112937189702354,-0.1162885258385461
shanji,top,LDL,2,41,0.561,9,0.222,12,67.0,51.6,52.8,51.0,47.9,Legend Esport Gaming,465.24242424242425,50.39393939393939,6.242424242424242,632.376024390244,0.27247370731707315,0.5121951219512195,0.7590636363636364,0.09854390243902439,0.5928527295446544,0.19729724125836764,2.8292682926829267,548.7341609756098,0.0,0.2222222222222222,0.3209447047536465,-0.5171636815119675,-0.23623944419752496,1.5459770114942528,1.8740851426632728,-0.6097560975609756,-0.569532674794537,0.679920157576236,-0.18169960336368007,-0.11349515604819944,-0.21035839013787055,-0.38351964742298433
DuaLL,sup,SLO,3,43,0.442,12,0.0,16,61.1,57.4,53.1,53.9,63.2,Cream Real Betis|x6tence,-27.232558139534884,113.67441860465117,-2.395348837209302,210.2073953488372,0.11286623255813953,0.046511627906976744,2.3028069767441863,0.32534883720930236,0.7262147223501533,0.2343534180039626,0.18604651162790697,506.0007930232558,0.0,0.0,0.20291316825577535,1.2047091008825226,0.021540935164261983,2.3962264150943398,2.4399771253216747,-0.3953488372093023,-0.26125633932671444,0.32433466890156537,0.12912143443181873,-0.10219262051610481,-0.059210106676981955,0.44577610817155244
Baca,mid,SLO,3,41,0.512,4,0.0,14,55.7,62.8,47.9,51.5,56.4,UCAM Esports,114.53658536585365,149.26829268292684,-1.3414634146341464,494.0145439024391,0.2621634878048781,0.7073170731707317,1.1601390243902439,0.2258439024390244,0.6817037219117563,0.1561999894169012,4.219512195121951,354.05006097560977,0.0,0.0,0.3275004078968836,-0.5761552085010465,-0.2071284187946042,2.888888888888889,2.186432666440485,-0.43902439024390244,-0.2590305154805102,0.038268854534139536,0.4249869689292859,-0.3848466866003167,-0.1831563953023275,0.07434223732181972
Yoshino,top,VCS,15,68,0.647,10,0.3,13,58.7,59.8,66.3,54.1,51.9,Team Flash,14.264705882352942,1.8823529411764706,-0.7647058823529411,476.4827102941176,0.24843104411764708,0.23529411764705882,1.0188882352941178,0.20927794117647058,0.5622996002474596,0.20661193785530646,3.014705882352941,763.982244117647,0.0,0.3,0.6164181696395346,0.08094376222516202,0.040496019035417004,2.182227964398507,1.5764815627361644,-0.5588235294117647,-0.2143332827808504,0.19774069475898853,0.2555818417667717,0.6360322659973265,-0.046039923616221126,-0.16650985831675436
Bdd,mid,LCK,1,115,0.678,13,0.308,19,62.0,56.5,64.1,54.1,48.9,Gen.G,300.5263157894737,112.5,3.8157894736842106,487.8980339130435,0.2591113304347826,0.5130434782608696,1.0844417391304348,0.22953826086956522,0.6823621020631129,0.17386157660478704,2.1913043478260867,323.77252695652174,0.0,0.3076923076923077,0.39108645190127816,0.0,0.01753360607831676,2.0625,1.7717591356565963,-0.5304347826086957,-0.2816960401018935,0.37556074519888716,0.08064114589613895,0.4987509410729982,-0.04608743633757684,-0.32543645798430165
Xaky,mid,LPLOL,3,39,0.641,6,0.0,16,59.2,59.2,47.9,51.5,54.8,For The Win Esports,441.9230769230769,220.05128205128204,12.256410256410257,503.6068871794872,0.2616174615384615,0.41025641025641024,1.0031564102564103,0.2058102564102564,0.6423057758726922,0.12745230856685966,3.41025641025641,289.41541794871796,0.0,0.0,0.13319551092734788,-0.14031382015691007,-0.25872689938398363,3.4888888888888885,2.562050460881394,-0.5128205128205128,-0.40213679898383714,0.22379670427815485,0.22339976555616944,-0.38488235896194545,-0.18566187349358607,-0.01050591272700949
Kryzpo,top,LHE,2,45,0.422,11,0.091,17,54.7,63.7,51.5,51.6,59.3,Furious Gaming Chile,-12.488888888888889,136.75555555555556,-2.2666666666666666,390.79396888888886,0.23199506666666667,0.4888888888888889,1.0771511111111112,0.18577333333333332,0.658464675264991,0.19137940893197475,2.2666666666666666,742.9199644444444,0.0,0.09090909090909091,0.3044077134986226,0.0,-0.03302191292997666,0.0,2.5342103744997617,-0.35555555555555557,-0.5461598461248569,-0.01716134556168274,0.47594390423664346,-0.1835007990284636,-0.18090288427055623,0.22787422542041577
Skeeto,top,LHE,2,51,0.765,3,0.667,14,58.4,60.0,70.2,51.5,60.0,Rebirth eSports|Universidad Católica Esports,223.94117647058823,106.49019607843137,4.117647058823529,407.4169980392157,0.21311103921568628,0.6862745098039216,1.0423666666666667,0.150321568627451,0.6036698101461804,0.17779618934931057,2.1176470588235294,661.0606490196078,0.0,0.6666666666666666,0.5639862905351964,0.0,-0.02740356908891202,0.0,1.9603921176392136,-0.39215686274509803,-0.24123919540661795,0.17870650464427437,0.26499778612676606,0.9096276690956433,-0.18741455792231454,0.2639389884879896
Vetheo,mid,LFL,2,85,0.647,15,0.133,15,58.4,60.0,54.2,62.0,49.2,LDLC OL,55.576470588235296,-83.48235294117647,0.611764705882353,563.0706411764706,0.25449071764705883,0.7529411764705882,1.0972094117647058,0.23312000000000002,0.6435878278145434,0.1594131132126518,3.411764705882353,307.2997176470588,0.0,0.13333333333333333,0.5308182303867176,-0.467980995290284,0.256492027334852,4.79077075666223,1.6269784336399213,-0.4235294117647059,-0.4523696226846697,0.17864506558428098,0.2674978840362228,-0.040264594793945105,0.3765100316089573,-0.3098655256622088
KSAEZ,mid,TCL,15,40,0.45,9,0.0,16,61.8,56.6,44.4,61.9,57.6,Dark Passage|SuperMassive Academy,293.325,220.625,2.975,487.10982750000005,0.284710075,0.85,1.0265175,0.1803625,0.6542358380645374,0.14391122497643397,3.425,375.2567,0.0,0.0,0.20230845370510173,-1.0,0.22461928934010147,7.5,2.5298221281347035,-0.425,-0.37370637817781716,0.3639651444478352,0.0833452333575248,-0.5893658368755235,0.3691527209152269,0.13794310749641686
Yutapon,bot,LJL,15,59,0.661,5,0.0,11,60.7,57.7,48.7,53.9,53.3,DetonatioN FocusMe,279.8474576271187,241.57627118644066,-2.9491525423728815,520.6601576271187,0.27300810169491524,0.9152542372881356,1.0216525423728815,0.3242254237288136,0.6927583425285172,0.12293369400808427,3.9661016949152543,334.54669322033897,0.0,0.0,0.3676595744680851,-0.2923754627677023,-0.020958835341365507,2.4344444444444444,1.4320780207890627,-0.6101694915254238,-0.2664047201732249,0.3038814747401689,0.14094821325908985,-0.3375714941923433,-0.05535369638411815,-0.08737215904057155
Rockky,top,PCS,15,49,0.347,14,0.071,16,62.8,55.6,51.9,49.6,56.1,Nova Esports,502.55102040816325,234.69387755102042,17.244897959183675,400.7191224489796,0.23425420000000002,0.32653061224489793,0.9544918367346938,0.18194489795918367,0.5642255644264735,0.2194150835930706,3.6122448979591835,631.8213183673469,0.0,0.07142857142857142,0.25695401954319286,0.0,-0.05094859737311478,0.0,2.2857142857142856,-0.4897959183673469,-0.4641722730407375,0.42167746000719225,0.030116331059264596,-0.16264774786542663,-0.2897437028368953,0.060251221099188346
Diamondprox,jng,LCL,15,36,0.611,4,0.0,14,62.1,56.2,44.9,55.8,53.3,Gambit Esports,352.8333333333333,263.25,4.111111111111111,334.2470611111111,0.16731130277777778,0.1388888888888889,1.722511111111111,0.45110555555555554,0.6556851128651954,0.2177479176775291,12.36111111111111,760.2279055555556,0.0,0.0,0.11655383263719875,-0.7284296424279639,0.10375705664784897,1.1818181818181819,2.3333333333333335,-0.4444444444444444,-0.6310701050157382,0.38384951393097005,0.062148057935226084,-0.5567499481210958,0.04400541789424593,-0.089519964172423
pzx,jng,LDL,2,66,0.212,27,0.074,12,57.2,61.1,53.5,49.9,50.7,LNG Academy,-43.803030303030305,-25.681818181818183,0.7121212121212122,343.45484242424243,0.19090482424242425,0.3484848484848485,1.4426630434782608,0.38553787878787876,0.7564911244907242,0.20036037842057608,16.62121212121212,667.8755924242424,0.0,0.07407407407407407,0.42517258932287016,0.0,-0.07972564851506639,0.0,1.4770978917519928,-0.6212121212121212,-0.2952350883178079,0.11619920762824398,0.32433716451054156,-0.0790929036428427,-0.27395193325074374,-0.22960911991611221
Kiari,top,BRCC,2,30,0.633,3,0.333,17,65.2,53.1,63.2,55.2,61.6,Rensga eSports,596.6,173.66666666666666,8.966666666666667,535.0252566666667,0.2681111333333333,0.6333333333333333,0.98471,0.13750666666666664,0.5273573085591863,0.26665146409903445,5.9,681.2069033333333,0.0,0.3333333333333333,0.5185185185185186,0.8398697646884714,-0.13768115942028988,3.4556734006734002,3.1037611591959413,-0.3333333333333333,-0.5969617739122497,0.5686436930031555,-0.09919636760603051,0.4487737801051096,0.008888545723353125,0.3564741659230647
AndyBendy,bot,UPL,2,76,0.566,19,0.158,19,69.0,49.3,54.4,56.9,65.7,Columbia College|Radiance|Team Cloud Drake,538.25,216.32894736842104,12.092105263157896,638.0214236842105,0.2754045263157895,0.8947368421052632,0.9896776315789474,0.2255973684210526,0.6319565694745728,0.19619114374013227,2.776315789473684,340.7656276315789,0.0,0.15789473684210525,0.31184172568880103,0.0,0.06264762585922738,2.443102193102193,2.1794494717703365,-0.42105263157894735,-0.3100484954392338,0.816316544258773,-0.3032141858665576,-0.032273691357632556,0.1007815111503006,0.5945614782486701
Madblade,sup,DDH,3,29,0.69,3,0.333,14,56.5,61.8,55.6,54.3,56.5,Pixel Esports Club|Team Aze,308.1034482758621,81.58620689655173,-0.7931034482758621,161.41771034482758,0.08083746206896553,0.0,2.553548275862069,0.3246344827586207,0.7226644007736617,0.12062696993594547,0.06896551724137931,366.67073448275863,0.0,0.3333333333333333,0.3076194983435873,-0.951928579603983,0.2525198465792525,0.0,2.599734734478726,-0.5172413793103449,-0.5513273563915972,0.07864195731325252,0.36527923394147377,0.03305995246585106,-0.03575632782244814,0.07966848116196835
StarScreen,top,TCL,15,93,0.806,15,0.333,22,62.0,56.2,62.1,65.2,61.4,İstanbul Wildcats|İstanbul Wildcats Academy,239.01098901098902,134.28571428571428,2.2747252747252746,450.5548698924731,0.2171800322580645,0.5161290322580645,1.0417408602150537,0.17281505376344086,0.5604031179655934,0.25028551411214023,4.537634408602151,700.4203311827957,0.0,0.3333333333333333,0.37863915495284084,-0.3009290485411545,0.0329591037831464,8.281746031746032,2.2812937284069355,-0.3978494623655914,-0.39603173390311475,0.37942474526341374,0.06430858398613784,0.3812488681440457,0.563119646377495,0.34564030769912585
lilac,top,LDL,2,59,0.627,7,0.429,7,64.2,54.0,65.5,53.5,36.9,Suning-S,340.0566037735849,250.83018867924528,9.943396226415095,492.1508338983051,0.23603484745762712,0.4915254237288136,0.9079666666666666,0.1638779661016949,0.5617001119217693,0.2450785778183019,4.1525423728813555,690.1849457627119,0.0,0.42857142857142855,0.576893074162823,0.0,0.10295157997723402,0.0,0.9113223768657671,-0.8813559322033898,-0.4335352573039617,0.502247968509737,-0.053526924032661787,0.584853234376959,-0.08133781181480267,-1.1578968629011477
KoreaCK,sup,OPL,15,34,0.676,4,0.5,9,61.3,56.9,64.4,48.7,49.7,Chiefs Esports Club,203.6764705882353,63.44117647058823,6.882352941176471,180.22115,0.09247862647058824,0.029411764705882353,2.2314323529411766,0.28210588235294115,0.6875956488137982,0.15454903511268472,0.14705882352941177,558.3036529411764,0.0,0.5,0.549406799904451,-0.5811138962870124,-0.43413104089219334,2.1804539295392957,1.5434872662825794,-0.6764705882352942,-0.34040508898164,0.33881762118531533,0.09964443698114676,0.5188066921872113,-0.33696014443346367,-0.28345328615151766
Zeka,mid,LPL,1,44,0.432,14,0.0,13,60.4,57.8,48.5,56.6,51.9,Vici Gaming,142.95238095238096,242.5,1.0952380952380953,478.7196340909091,0.2670267045454545,0.7272727272727273,0.9734027027027028,0.178175,0.6783867677566967,0.09183167683449135,1.6590909090909092,341.2537068181818,0.0,0.0,0.23377658817164498,0.0,0.24187483212463082,0.0,1.9598237397554636,-0.6136363636363636,-0.21729152622151507,0.2863281984917858,0.14655252872874194,-0.3504224915774601,0.08387234052795806,-0.16298171457459662
Piqueos,mid,LHE,2,25,0.68,3,0.333,13,58.9,59.3,58.9,49.8,57.3,Kaos Latin Gamers,217.08,106.8,1.72,515.269348,0.29080492,0.72,1.13308,0.17566800000000002,0.7063037318419605,0.1506071967248438,3.12,355.77364800000004,0.0,0.3333333333333333,0.40007738440704194,0.17161916312916925,-0.34968970991485065,0.0,2.6,-0.52,-0.26804531444942403,0.2062271880487612,0.22770065761492633,0.20522163494672657,-0.2790761296177048,0.12003681171576781
Sl4shD,top,LPLOL,3,36,0.389,9,0.111,12,60.1,58.0,51.4,51.2,54.2,Boavista FC,311.80555555555554,228.72222222222223,8.333333333333334,415.3364833333333,0.24078,0.4166666666666667,1.055963888888889,0.13486944444444443,0.4992690079957882,0.16816324110238912,4.388888888888889,697.7700194444444,0.0,0.1111111111111111,0.25677041228779307,-0.5003682093695122,-0.1781644281644282,1.9399999999999997,2.0,-0.4722222222222222,-0.39583636316968435,0.271976757473181,0.1592211243664759,-0.19074053276062722,-0.2015482275572628,-0.04474924975688624
Appen,jng,GLL,3,48,0.604,9,0.111,12,66.5,51.6,53.6,48.5,51.0,Galatasaray Esports|Intrepid Fox Gaming|WLGaming Esports,571.8333333333334,452.375,7.416666666666667,381.6546166666667,0.17901903333333333,0.5833333333333334,1.2468458333333332,0.32244791666666667,0.6496335330468861,0.20840837828574085,11.083333333333334,521.43210625,0.0,0.1111111111111111,0.28117690813669993,0.0,-0.09348643129827465,0.0,1.7320508075688774,-0.5208333333333334,-0.46560790592532975,0.6491165759424969,-0.17745118508726476,-0.0726715234080328,-0.3502549370616308,-0.2097955127547789
Czekolad,mid,UL,2,72,0.75,12,0.333,14,66.5,51.6,55.4,62.6,50.8,AGO ROGUE,330.69444444444446,237.33333333333334,5.930555555555555,584.2437249999999,0.27285247222222225,0.6944444444444444,0.9894694444444444,0.14856250000000001,0.6519641465025705,0.20554369012251622,3.263888888888889,318.30524583333334,0.0,0.3333333333333333,0.29415102905569007,-0.5577406314869441,0.2632217370208639,5.461904761904762,1.649915822768611,-0.5,-0.28468274547406036,0.6458948924788536,-0.18018339444435374,0.023308878491287516,0.4094194062179194,-0.22162809782254836
Ace,bot,NEXO,3,31,0.516,3,0.333,15,58.4,59.7,56.5,52.9,64.7,Abyssal Esport Club|Kawaii Kiwis,244.09677419354838,152.58064516129033,7.806451612903226,499.0573806451613,0.28386500000000003,0.8064516129032258,1.3631129032258065,0.3008677419354839,0.7095286439322019,0.20410807641707474,2.2580645161290325,400.53836774193553,0.0,0.3333333333333333,0.2647754137115839,-0.7416306695464363,-0.3554162936436884,4.090909090909091,2.694079530401624,-0.3548387096774194,-0.27944583943224743,0.17762923711221368,0.25110505689739593,0.07845249218435606,-0.11238802605530644,0.5321257288422186
Assum,bot,LDL,2,64,0.625,8,0.25,9,63.6,54.5,58.2,45.8,49.6,Suning|Suning-S,454.1525423728813,16.83050847457627,5.52542372881356,618.499475,0.293457625,0.59375,1.0157871794871793,0.302828125,0.6684813301037448,0.20245936222942035,4.65625,331.40763125,0.0,0.25,0.34057464230556284,0.0,-0.3312595278315686,0.0,1.125,-0.59375,-0.32054303580250154,0.4708982078356239,-0.02541701699389105,0.1687405578811053,-0.5066375258620828,-0.2886799372219063
Godv,mid,LHE,2,46,0.435,7,0.0,14,60.7,57.3,44.2,55.7,52.9,Azules Esports Academy|Coliseo Dragons|Furious Gaming Chile,351.32608695652175,204.2826086956522,9.956521739130435,485.98654130434784,0.26464492173913046,0.5217391304347826,0.9590043478260869,0.20332173913043478,0.7086375909186012,0.1768414237084314,2.130434782608696,348.0690413043478,0.0,0.0,0.17120059500230403,-0.6315730713408507,0.3128888888888889,0.0,2.06418738616856,-0.43478260869565216,-0.47548791730404355,0.30419131272648126,0.12030393127382769,-0.6022438858768779,0.036218536237766386,-0.11114176837583715
Tactical,bot,LCS,1,59,0.644,10,0.3,12,61.7,56.3,57.3,57.7,62.3,Team Liquid|Team Liquid Academy,220.66101694915255,248.22033898305085,5.8474576271186445,531.4406033898305,0.28973073389830506,0.6949152542372882,1.2616203389830507,0.339664406779661,0.7154445527737693,0.1887708438470016,5.830508474576271,365.9104762711864,0.0,0.3,0.38453538065882537,-0.49303687004581487,0.015177223380544962,4.691666666666666,1.5622669317698865,-0.4915254237288136,-0.234917773278786,0.36196579762369785,0.07013101387986587,0.1212763486871272,0.1406260738157119,0.396568000485916
WRDN,jng,UKLC,3,26,0.423,10,0.2,14,60.2,57.8,55.6,50.6,59.7,Kenty|London Esports|WLGaming Esports,36.0,230.57692307692307,8.615384615384615,380.45512692307693,0.2042945769230769,0.5,1.5130846153846156,0.38421923076923076,0.6594423758737733,0.1895645646991103,15.73076923076923,604.99005,0.0,0.2,0.24741989881956156,0.0,-0.06872884543061304,0.0,2.745625891934577,-0.5384615384615384,-0.30909544894583313,0.276489687445057,0.14805355350588095,0.03320166436961825,-0.23548294029408684,0.2519330875268657
Snaker,bot,LHE,2,45,0.667,3,0.0,11,57.2,60.7,45.0,49.9,53.7,Rebirth eSports|Universidad Católica Esports,130.9777777777778,125.91111111111111,-3.0,538.0539311111111,0.28236426666666664,0.6888888888888889,1.1092777777777778,0.2302511111111111,0.7492990706814909,0.16012394449184955,5.7555555555555555,311.3099133333334,0.0,0.0,0.09784345047923322,-0.3806555399155439,-0.14648829431438132,0.0,1.6397831834998458,-0.5333333333333333,-0.4318569722519743,0.11720020445907808,0.30317884385265786,-0.552759443088464,-0.27316123291074046,-0.06844443130495644
Miniduke,mid,SLO,3,39,0.385,9,0.0,17,55.0,62.9,51.6,56.9,59.2,BCN Squad|Team Queso,-205.66666666666666,25.384615384615383,-6.153846153846154,580.0654794871795,0.31135774358974355,0.38461538461538464,1.1388410256410257,0.2469974358974359,0.7447215990218811,0.21256610485295888,3.051282051282051,492.3437256410256,0.0,0.0,0.41433706070287535,0.0,0.35509588450764923,0.0,2.7221786146864813,-0.41025641025641024,-0.3555200270091744,0.0014886208977119854,0.426706843536305,-0.17772484237457112,0.10050187075583239,0.22500458946844207
tinowns,mid,CBLOL,15,51,0.549,11,0.182,16,58.1,59.8,58.8,61.2,54.2,paiN Gaming,28.50980392156863,79.11764705882354,1.1764705882352942,519.2467470588235,0.2760200980392157,0.5294117647058824,1.1551019607843138,0.25357450980392154,0.6760075946298857,0.14462877983698616,1.8627450980392157,240.90811372549018,0.0,0.18181818181818182,0.5211933140559982,-0.22454424188528224,0.09106672794885735,7.443809523809524,2.2404481344448155,-0.47058823529411764,-0.3865707747898251,0.16198358161936058,0.25553617182218996,0.20126878248551372,0.3323382612127539,-0.041628444288492654
DudsTheBoy,bot,CBLOL,15,43,0.628,8,0.375,11,58.5,59.4,63.4,51.3,59.7,KaBuM! Esports,203.51162790697674,30.906976744186046,-2.372093023255814,571.6346674418605,0.27264655813953487,0.7209302325581395,1.4316697674418604,0.385853488372093,0.6821250904170763,0.2159113977837428,5.27906976744186,414.7213860465116,0.0,0.375,0.5100896860986548,-0.11989528795811519,-0.313474212783764,5.095238095238095,1.6774842736586515,-0.46511627906976744,-0.29160691003996514,0.18464718450990664,0.23201313324860487,0.45581758141401324,-0.19468776888829428,0.24887796236276347
BrokenBlade,top,LCS,1,77,0.532,13,0.0,23,60.1,57.8,53.4,51.5,64.8,TSM,247.43421052631578,-18.644736842105264,0.013157894736842105,447.8010337662338,0.24871647402597402,0.22077922077922077,1.0389662337662338,0.15461558441558443,0.6328343520204829,0.2495859744933662,2.3896103896103895,761.8116428571428,0.0,0.0,0.43768146360233673,0.02972477064220169,-0.13182980231351407,3.040729797295262,2.6210932585716726,-0.3116883116883117,-0.4997251256436325,0.27096212015082827,0.14892361487848588,-0.08197878087126012,-0.18625984080855446,0.5433731621415494
Sparz,sup,TAL,3,55,0.527,16,0.375,12,60.3,57.6,65.4,52.7,51.8,Fenerbahçe Academy|Team AURORA|Team AURORA Academy,151.83636363636364,33.25454545454546,1.290909090909091,193.76124000000002,0.0993139290909091,0.01818181818181818,2.2605672727272728,0.28824727272727274,0.6914568372461317,0.20213431301853507,0.16363636363636364,602.8794036363637,0.0,0.375,0.6159684049661187,-0.11547277936962755,-0.07160733841806433,2.737878787878788,1.618079669911781,-0.5272727272727272,-0.3672454927203713,0.28510415965538055,0.13510386144427458,0.5784391848083517,-0.12108469631348043,-0.16739748190003295
Rich,top,LCK,1,97,0.557,24,0.208,16,59.9,58.0,62.5,47.6,50.0,Nongshim RedForce|Team Dynamics,-47.81443298969072,-85.35051546391753,-1.1134020618556701,484.75196082474224,0.2681292268041237,0.25773195876288657,1.0263938144329896,0.25652474226804123,0.6087873626087946,0.2848785173010759,3.5051546391752577,711.7655474226805,0.0,0.20833333333333334,0.363842790554728,0.17978469567715524,-0.25464196715572673,2.1058823529411765,1.6245538642137907,-0.5051546391752577,-0.4280799522048294,0.26085847960447567,0.1593209693227364,0.40842618478184806,-0.39960278659046605,-0.26818303875931554
Xing,bot,LDL,2,32,0.5,10,0.2,9,55.4,62.5,56.8,65.5,55.2,Young Miracles,-30.0,-54.2,6.566666666666666,553.995321875,0.2747836875,0.5625,1.4993,0.37884687499999997,0.6747748306839392,0.14699424177165546,3.0625,377.30450625,0.0,0.2,0.40391734404074037,0.0,0.992433199337905,0.0,1.590990257669732,-0.625,-0.2478071596846759,0.018897038875355928,0.4063001424481148,0.09509410891732316,0.5838312283157536,0.011701814507312037
SamD,bot,LPL,1,54,0.574,10,0.1,9,59.4,58.5,47.8,52.8,56.4,Suning-S|Victory Five,208.66666666666666,297.1111111111111,4.833333333333333,494.0363685185185,0.2773615740740741,0.6296296296296297,1.4685755555555555,0.42624999999999996,0.6693607299813028,0.14998284900290168,3.2962962962962963,322.1942722222222,0.0,0.1,0.20451998860507073,-0.41654052566396044,-0.13211864406779653,3.1538461538461537,1.224744871391589,-0.5185185185185185,-0.234062452725345,0.23227889965231072,0.18765032088243608,-0.3897742141575637,-0.11716616783325569,0.07262562087345088
Yuekai,mid,LDL,2,21,0.476,8,0.0,10,63.4,54.5,49.7,53.7,58.2,Royal Club,294.8,293.4,12.2,633.9213285714286,0.2981165238095238,0.6190476190476191,0.9121428571428571,0.15156666666666668,0.6056654699530271,0.15762864690579403,5.523809523809524,355.1496666666667,0.0,0.0,0.17108753315649866,0.0,0.09649122807017532,0.0,2.182178902359924,-0.5238095238095238,0.0,0.46035144473904616,-0.02843905989764873,-0.285370839150073,-0.06585089835003649,0.16862618473131205
Dragku,sup,OPL,15,32,0.594,7,0.143,8,62.7,55.1,54.5,60.8,52.0,Chiefs Esports Club,107.03225806451613,-39.58064516129032,4.129032258064516,229.631071875,0.112843796875,0.0,2.3147,0.3946125,0.6076232849797333,0.14814211965866378,0.0625,469.14424375,0.0,0.14285714285714285,0.29255515290228246,-0.11374718412272943,0.4795380198945188,3.552083333333333,1.414213562373095,-0.59375,-0.2672485354691961,0.4180236286120663,0.007786500332065361,-0.026604695362003307,0.30986089370028336,-0.15656162545597846
TomnaM,bot,LMF,2,42,0.476,8,0.125,13,55.3,62.5,57.0,53.8,56.3,Malvinas Gaming|River Plate Gaming,185.61904761904762,168.23809523809524,6.785714285714286,437.2295309523809,0.26393914285714287,0.6666666666666666,1.250702380952381,0.2811904761904762,0.7555888596799698,0.12278072937349807,2.642857142857143,263.12627142857144,0.0,0.125,0.5460205164485319,0.0,0.0988157894736843,0.0,2.0059435495071947,-0.5476190476190477,-0.437532692994168,0.01716612253051451,0.40654206563646655,0.1041486599556706,-0.06086370641077807,0.06995141164948562
Dreedy,top,HM,3,48,0.5,5,0.2,14,60.3,57.5,56.6,52.2,56.4,Barrage|Team Sampi|WLGaming Esports,303.2083333333333,164.0625,4.375,422.7533458333333,0.22250102083333334,0.5833333333333334,0.9504333333333334,0.10542708333333334,0.5689227869650454,0.19573356913714426,4.395833333333333,706.6988312499999,0.0,0.2,0.550358067956727,-0.7156029390577727,0.050506533548671274,1.5396825396825395,2.0207259421636903,-0.4375,-0.3278931413862935,0.2839421879560737,0.13349982375068584,0.08195096953164754,-0.14603814618014715,0.07571028696354169
DNK,jng,VCS,15,79,0.557,18,0.0,22,66.8,51.0,50.5,55.0,71.5,Lowkey Esports.Vietnam|Team Secret,179.69620253164558,235.0759493670886,5.443037974683544,349.93207721518985,0.1823947,0.35443037974683544,1.363046835443038,0.369253164556962,0.6595704771689112,0.18253652228600303,12.025316455696203,585.782217721519,0.0,0.0,0.1941716037833905,0.3734405969453189,-0.14431888973489304,4.510416666666666,2.4751933820372525,-0.3037974683544304,-0.18486841084980038,0.666291505564661,-0.21179122896115593,-0.24066484961125198,0.0016882553894514152,1.0141390684267355
Yamato,bot,LPLOL,3,34,0.412,8,0.125,11,60.5,57.2,50.9,53.8,55.6,Boavista FC,293.8235294117647,81.1470588235294,5.882352941176471,550.5241235294118,0.3054037647058823,0.8235294117647058,1.0230147058823529,0.22597352941176468,0.6820749936439247,0.1603635791187259,3.7058823529411766,359.25973529411766,0.0,0.125,0.20935811975634985,-0.5256153993592727,-0.06694669832241915,2.6021505376344085,1.8864844365675972,-0.6176470588235294,-0.18362298704984842,0.29411065136348935,0.11713411741300168,-0.21798507736878966,-0.06187761315497212,0.03221192760121485
Treatz,sup,LCSA,2,56,0.625,6,0.167,13,59.1,58.6,52.2,58.5,54.3,TSM|TSM Academy,110.38181818181818,224.14545454545456,1.018181818181818,159.62603214285716,0.08531926071428572,0.017857142857142856,2.293057142857143,0.21010892857142857,0.7354433471593179,0.17020920057730066,0.017857142857142856,531.3382410714286,0.0,0.16666666666666666,0.330114161375898,-0.532201610080504,0.10482483932289292,3.151595744680851,1.7371980724307585,-0.6071428571428571,-0.2818966211385707,0.2152779320171432,0.19014806170230125,-0.14775764046248974,0.18364656944925148,-0.035384302147064145
Ranger,jng,CBLOL,15,46,0.543,8,0.25,15,59.6,58.1,59.8,41.8,62.3,Flamengo MDL,141.8913043478261,116.19565217391305,-1.0869565217391304,345.7929717391304,0.1646581695652174,0.10869565217391304,1.736117391304348,0.4484086956521739,0.7079583969350047,0.21230728375781252,9.717391304347826,666.6522108695652,0.0,0.25,0.3565233684886771,0.0,-0.5137735541838743,0.0,2.211629342323457,-0.3695652173913043,-0.3108525246511631,0.24252242357707943,0.16293066453721464,0.25682855354622264,-0.7616092766254347,0.3955407839836172
Raxxo,sup,EUM,2,73,0.658,7,0.0,13,57.0,60.7,46.0,58.5,55.0,CR4ZY|K1CK,173.35616438356163,-92.43835616438356,0.3287671232876712,175.02548356164385,0.08507408082191781,0.0273972602739726,2.582682191780822,0.3695150684931507,0.6937045922642624,0.19785065062312962,0.0410958904109589,477.97866986301375,0.0,0.0,0.3015603135673553,-0.3974141655864658,0.21050707805790267,2.252232142857143,1.5215349135496974,-0.5068493150684932,-0.27581494069918894,0.10697724607620762,0.3039680500027012,-0.494292281408527,0.18754638668207085,-0.001307379602312364
Beenie,bot,BRCC,2,26,0.462,5,0.0,9,59.7,58.0,50.3,57.4,57.1,Havan Liberty|Havan Liberty Academy,247.46153846153845,215.26923076923077,1.5769230769230769,542.3779384615384,0.2751109230769231,1.1153846153846154,1.2732692307692306,0.3098115384615384,0.6420905471481049,0.13533954358555453,3.5,285.5731961538462,0.0,0.0,0.3181483429773803,-0.24791550861589762,0.024752475247524802,4.150793650793651,1.7650452162436565,-0.6153846153846154,-0.21058172706879053,0.2508340583577933,0.15840312792780448,-0.2496976029547245,0.12418641315766527,0.11087416722353341
Zdz,top,LDL,2,64,0.609,8,0.375,16,62.2,55.5,59.1,50.3,58.0,Vici Gaming Potential,173.84745762711864,320.77966101694915,4.9491525423728815,478.4837609375,0.2312406875,0.5,0.9749722222222224,0.1296609375,0.5711965398302299,0.19108698510603733,1.3125,696.4249921875,0.0,0.375,0.34411403620297826,-0.2851894275031878,-0.11686116700201202,0.4642857142857143,2.0,-0.5,-0.2333134371117058,0.3907333415072324,0.024858406450870334,0.2185785466291103,-0.24795740347363399,0.15783060075844924
Siler,mid,SLO,3,39,0.513,9,0.0,15,55.4,62.3,52.5,54.1,57.2,Cream Real Betis|Greek Regenesis eSports|x6tence,-103.6923076923077,95.3076923076923,1.1025641025641026,557.3771743589743,0.27402228205128204,0.46153846153846156,1.1234717948717947,0.18077179487179487,0.6824369078170226,0.14362154618128326,4.6923076923076925,423.9740102564103,0.0,0.0,0.3275004781028877,0.3889264924868012,0.10513490606017795,0.8157894736842106,2.401922307076307,-0.4358974358974359,-0.30264439018857703,0.022122083933805138,0.3920761972158155,-0.13374433711168024,-0.04909274713831842,0.11846528321826812
Kaiwing,sup,PCS,15,94,0.66,12,0.083,17,54.8,62.9,54.8,62.8,58.5,PSG Talon,106.20212765957447,152.18085106382978,3.5319148936170213,141.07266170212768,0.07615195,0.0,2.5606936170212764,0.3898840425531915,0.7193631622791841,0.1681043163515949,0.02127659574468085,471.49612553191486,0.0,0.08333333333333333,0.30720822452772484,0.23415198150067784,0.024060150375939827,7.984679295645971,1.7534161186399486,-0.48936170212765956,-0.2670458728955771,-0.011038506762237082,0.428154960796818,-0.011356225842252682,0.4213320470574024,0.18565562282943593
Kiefer,mid,LHE,2,44,0.773,4,0.5,16,60.0,57.6,61.1,51.6,57.9,All Knights|Rebirth eSports,205.6590909090909,167.0,4.045454545454546,505.5350704545454,0.2649429545454545,0.75,1.1277977272727273,0.21947954545454545,0.702281647654396,0.22619086985497736,3.772727272727273,353.19114545454545,0.0,0.5,0.4373270067220245,-0.831589398915451,-0.2990076040726897,2.9523809523809526,2.412090756622109,-0.4772727272727273,-0.27214427936336094,0.2638735267384095,0.13944934164706205,0.32578082624313065,-0.1783233712654227,0.15532383457801208
Canee,jng,PRM,3,43,0.465,10,0.0,13,62.3,55.3,50.7,58.7,55.3,OP innogy eSport|SK Gaming Prime,229.88372093023256,238.02325581395348,6.162790697674419,386.6381604651163,0.18369123255813954,0.4883720930232558,1.2206558139534884,0.26538837209302324,0.7162277194047079,0.19155599993613812,11.790697674418604,683.4885837209303,0.0,0.0,0.26190018355038897,0.1205055939875309,0.3861379883024045,2.4545454545454546,1.9824814143238607,-0.4883720930232558,-0.3800960566536055,0.3937013025093432,0.01819547252378882,-0.22787242573977876,0.1938723153794375,0.015057758672000454
Zhergoth,top,DL,3,39,0.718,2,0.0,17,63.3,54.3,55.0,52.9,61.1,PSV Esports,500.38461538461536,155.74358974358975,6.666666666666667,501.99732307692307,0.24405363589743592,0.38461538461538464,0.8297615384615386,0.12334102564102564,0.5500109427602085,0.20863675978756638,3.3333333333333335,740.3301846153846,0.0,0.0,0.6636487871540827,0.16247450713800143,-0.2239176029962546,4.0,2.7221786146864813,-0.38461538461538464,-0.4978892843840754,0.45040372051889355,-0.035921612485902345,0.0006388561935236209,-0.11320594860853436,0.3247473075752694
DoubleAiM,jng,EBL,3,45,0.6,9,0.111,19,63.8,53.8,51.6,59.9,63.5,CR4ZY|WLGaming Esports|eMonkeyz,403.22222222222223,449.24444444444447,10.577777777777778,362.58114222222224,0.1817412688888889,0.3333333333333333,1.3109844444444445,0.3443888888888889,0.6275778109255221,0.19186074625364719,14.222222222222221,575.3323088888889,0.0,0.1111111111111111,0.2714247093809138,-0.4128738621586476,0.40231133067772357,3.0806381118881117,2.8323527714997336,-0.37777777777777777,-0.408140370355357,0.48373522808752517,-0.06510728544948582,-0.17884089380358634,0.2592670413786471,0.46486204042502915
Deft,bot,LCK,1,133,0.594,18,0.111,20,65.5,52.0,53.9,57.0,67.9,Hanwha Life Esports|Kiwoom DRX,289.3308270676692,222.47368421052633,8.62406015037594,556.4137105263158,0.2819474135338346,0.7142857142857143,1.3096864661654135,0.3435992481203008,0.6700104072513627,0.17174769860049405,3.5413533834586466,303.2036796992481,0.0,0.1111111111111111,0.3976235459595625,-0.045894700840084596,-0.06137533222631574,4.891953262786596,1.7342199390482398,-0.39849624060150374,-0.3367356067559603,0.5815943258848747,-0.1582287851488852,-0.057032999128751496,0.10804160731242483,0.7388167433971914
TheShy,top,LPL,1,102,0.578,20,0.1,18,77.2,40.3,59.3,71.3,57.3,Invictus Gaming,574.35,119.07,16.92,634.1226862745099,0.28739166666666666,0.47058823529411764,0.7719790697674419,0.13028039215686274,0.5321469902727125,0.2775434061451507,3.2941176470588234,621.2580362745098,0.0,0.1,0.2083478298312091,1.0464376274051608,0.21103485318691823,14.41091871091871,1.7822655773580138,-0.4117647058823529,-0.3517140545131029,1.6836611769145582,-0.8744910651300051,0.22813769340317896,0.9958732737452017,0.12297421619601073
Brucer,mid,BRCC,2,50,0.52,7,0.429,12,59.0,58.5,68.5,60.5,51.7,Team oNe eSports,177.68,102.28,-0.2,533.149802,0.28148794,0.52,1.120494,0.193868,0.6389520570416856,0.187629757778845,6.14,377.768166,0.0,0.42857142857142855,0.6433261420129444,0.5765872738702241,0.2508361204013378,4.694920366795366,1.697056274847714,-0.56,-0.19379425531231212,0.21318662904326954,0.18367082341875401,0.7846464111999916,0.2931667109630413,-0.17272630340410278
Xiaoxiang,top,LPL,1,41,0.585,5,0.2,12,62.9,54.6,59.6,67.2,52.3,EDward Gaming,256.6756756756757,97.05405405405405,-1.3243243243243243,450.71075499999995,0.23552559,0.6097560975609756,0.9686566666666666,0.19105250000000001,0.5795121347624296,0.2350277625284684,2.425,710.2474975609756,0.0,0.2,0.38539998314085816,0.0,0.9982529452038623,2.954545454545455,1.8740851426632728,-0.5365853658536586,-0.4486795788213466,0.4296955570164972,-0.023439379162838822,0.2435774039423615,0.695422730145542,-0.1407131156402504
Aki,jng,LDL,2,65,0.6,18,0.222,14,57.7,59.8,54.4,59.6,52.8,Oh My God|Top Esports Challenger,46.95,18.533333333333335,0.26666666666666666,338.79538,0.17622933846153846,0.38461538461538464,1.5144794117647058,0.36627384615384617,0.762090305491133,0.19266371936223614,10.692307692307692,524.33294,0.0,0.2222222222222222,0.35322675796172187,-0.4144009560800717,-0.037042723434408995,4.348265107212476,1.7364862842489186,-0.5384615384615384,-0.4335748538025134,0.1414510257060111,0.25351137665490886,-0.03131215869992261,0.24593016231113757,-0.11676987246181811
Diva,mid,UKLC,3,29,0.517,7,0.143,8,61.0,56.5,52.5,50.9,47.0,London Esports|Munster Rugby Gaming Academy,394.55172413793105,330.2413793103448,7.137931034482759,579.3734137931034,0.2797933103448276,0.4482758620689655,1.0922,0.2108551724137931,0.6031421408257501,0.17108881622044209,3.103448275862069,335.59052068965514,0.0,0.14285714285714285,0.41162606257609774,-0.7539405774863999,-0.27895424836601307,2.4255464480874314,1.4855627054164149,-0.5517241379310345,-0.46159876175600284,0.3187012611336787,0.08116321972725882,-0.13234220107866906,-0.21902961647204622,-0.43599496619621536
Aspect,mid,UPL,2,31,0.774,3,0.333,12,65.6,51.9,58.2,54.0,56.0,Zenith Esports,715.1290322580645,343.7741935483871,9.129032258064516,519.646470967742,0.23896883870967742,1.1612903225806452,0.8453903225806452,0.1377548387096774,0.617786865426343,0.17434572231849446,3.4193548387096775,398.85575161290325,0.0,0.3333333333333333,0.3575904347165058,0.0,-0.09345555258393677,2.7037037037037033,2.155263624321299,-0.4838709677419355,-0.2587351543130522,0.5897294215585667,-0.16206077732345328,0.16958788788766918,-0.05139218030806301,0.05083567936186688
FakeGod,top,LCSA,2,42,0.476,9,0.222,14,56.3,61.1,61.6,50.9,53.5,100 Thieves Academy,47.23809523809524,279.0952380952381,4.0,420.5023976190476,0.2186937261904762,0.3333333333333333,1.0338,0.18178571428571427,0.5868100219272266,0.16037653091424028,2.0,750.7048047619048,0.0,0.2222222222222222,0.7825492847484166,0.0,-0.0915827177076339,0.0,2.1602468994692865,-0.5,-0.5132623670686685,0.06659669437862806,0.32617697127371426,0.35201127025240286,-0.22007954688710352,-0.07984760660042176
FireRain,mid,CK,2,52,0.462,10,0.3,14,53.8,63.6,63.8,49.4,51.7,HANJIN BRION,-12.01923076923077,91.53846153846153,-3.5961538461538463,489.68654038461534,0.26422021153846154,0.46153846153846156,1.327396153846154,0.25642692307692305,0.6840719747009223,0.17296996965221542,1.7115384615384615,426.05611730769226,0.0,0.3,0.6678059291180622,6.536374926465759e-05,-0.17406063443755118,0.0,1.9414506867883021,-0.5,-0.3797486800957429,-0.06491202828167246,0.47137106524339883,0.4793875494974806,-0.29768263216125224,-0.17353759844925518
Kuzan,mid,LCK,1,87,0.529,21,0.19,16,57.1,60.3,64.9,44.3,48.0,Team Dynamics,116.27586206896552,-7.137931034482759,5.942528735632184,475.57244137931036,0.26081549425287354,0.4367816091954023,1.254519540229885,0.28907241379310344,0.6582914284156675,0.16966084231192372,1.6781609195402298,294.7752735632184,0.0,0.19047619047619047,0.3439620263348441,1.1477627471383975,-0.29585152838427947,0.8775510204081632,1.7153800557404717,-0.5172413793103449,-0.31808418043195036,0.11195432648960962,0.2816751858990882,0.5474558629860158,-0.5946388212762188,-0.3772890368833333
1220,mid,LDL,2,44,0.432,13,0.0,17,55.1,62.3,47.8,55.9,57.4,LinGan e-Sports|V5 87,94.11627906976744,70.32558139534883,-3.0930232558139537,509.33916363636365,0.26271738636363634,0.4318181818181818,1.1418071428571428,0.16535454545454545,0.7204680543420086,0.1527036912957262,3.0,528.4377,0.0,0.0,0.23351755273604732,0.0,0.33436785364260047,0.0,2.5628464289109907,-0.4090909090909091,-0.4677056355613342,0.007667027173801619,0.3948579872710915,-0.38617933479253286,0.04909393978138299,0.12520189568349296
Seffe,sup,NLC,2,27,0.593,5,0.2,8,57.2,60.2,56.1,53.0,55.5,ENCE,142.5185185185185,-111.37037037037037,-0.07407407407407407,189.7357888888889,0.09479305555555556,0.037037037037037035,2.930096296296296,0.4752925925925926,0.6738690375674566,0.20898464656071147,0.0,403.130137037037,0.0,0.2,0.3196683345246605,0.0,-0.10229170567309492,1.23943661971831,1.539600717839002,-0.5185185185185185,-0.23490148009552195,0.11676278099370749,0.2774433394521671,0.05762983954132399,-0.10356819751528626,0.024139918235550895
Howling,top,LAS,3,25,0.44,5,0.2,9,60.2,57.2,54.8,57.6,56.0,Liiv SANDBOX Academy,177.36,191.48,6.32,529.884368,0.23184691999999998,0.36,0.8527,0.141724,0.6100592840995018,0.2059475116195991,2.16,797.700908,0.0,0.2,0.3837928504036063,-0.6631550446747236,0.6054379264126417,2.668399690933985,1.8,-0.56,0.0,0.27741554192225115,0.11665213682817253,-0.010510836429007402,0.13910227135615055,0.052963692259332534
Toucouille,mid,LFL,2,68,0.647,10,0.1,13,64.6,52.8,47.3,55.8,45.2,GamersOrigin,278.2647058823529,171.51470588235293,5.294117647058823,572.1509676470588,0.2870304852941177,0.5882352941176471,0.9987661764705882,0.12930588235294116,0.6384743171150076,0.1786383176545834,4.426470588235294,255.92450882352944,0.0,0.1,0.12764240711452202,-0.007188507010680362,-0.04319896743447184,3.8298474945533774,1.5764815627361644,-0.5441176470588235,-0.4626693047703436,0.5306298288366256,-0.11431234511770039,-0.4156544493999685,0.04470946750278376,-0.540120475245384
Myrwn,top,NEXO,3,44,0.773,2,0.0,15,56.1,61.2,51.2,57.0,51.9,Astralis SB,55.40909090909091,244.22727272727272,-3.3863636363636362,432.63215681818184,0.21663972727272726,0.3181818181818182,1.0204363636363636,0.14479545454545456,0.603246334418935,0.1938001886548889,1.5227272727272727,938.637709090909,0.0,0.0,0.0990566037735849,0.831304347826087,0.05054151624548724,5.608465608465608,2.2613350843332274,-0.4772727272727273,-0.6575150663726639,0.055308003821793725,0.3329396047770244,-0.20387678716649724,0.10780261182746081,-0.16125241460623732
Leyan,jng,LPL,1,56,0.571,10,0.0,13,66.1,51.2,45.4,50.7,58.1,Invictus Gaming|Vici Gaming,132.92857142857142,228.67857142857142,8.232142857142858,320.8805428571428,0.15553099285714286,0.32142857142857145,1.8491300000000002,0.5418517857142857,0.632720180196678,0.2573611646106562,17.071428571428573,671.7893089285715,0.0,0.0,0.32798875180503123,-0.8630948853197417,-0.07271608595583705,1.3333333333333333,1.7371980724307585,-0.4107142857142857,-0.32253227851959715,0.6245034355069801,-0.20083732816797847,-0.5304788797329119,-0.22635294571593856,0.16492808994045188
Eyla,sup,OPL,15,67,0.597,14,0.143,17,61.3,56.0,51.5,51.2,62.6,ORDER,49.38805970149254,154.19402985074626,8.298507462686567,178.73508507462688,0.09417678805970149,0.0,2.282944776119403,0.32116119402985077,0.7019979596410053,0.2168557523314679,0.208955223880597,504.9115059701492,0.0,0.14285714285714285,0.3338569216875242,-0.5978427490675289,-0.2284885161929941,3.3226259981375073,2.0768805540571886,-0.4925373134328358,-0.23700445674069834,0.3384627027194855,0.05448041073122522,-0.18724704790465221,-0.20024645431325927,0.4107047343662482
SnowFlower,sup,TCL,15,38,0.632,5,0.0,13,60.6,56.6,49.2,50.8,61.8,Papara SuperMassive,170.31578947368422,42.78947368421053,-6.842105263157895,173.3912552631579,0.0935799947368421,0.10526315789473684,2.6128184210526313,0.37374473684210524,0.6743032122902173,0.21514175405092756,0.05263157894736842,513.8113421052631,0.0,0.0,0.19183718493188462,-0.0995249116822999,-0.33591980164463714,3.35,2.108878474699913,-0.47368421052631576,-0.22560800739854775,0.2968581354922608,0.08553453032571773,-0.31113809069862725,-0.2247457845656875,0.36737313159412893
Thal,top,CK,2,43,0.605,11,0.182,15,53.9,63.2,53.5,51.3,56.6,Seorabeol Gaming,9.627906976744185,9.651162790697674,-0.8372093023255814,433.1837930232558,0.22734632558139536,0.3023255813953488,0.9939348837209303,0.19066976744186048,0.6621892128963837,0.2107497218144133,6.023255813953488,636.9552093023256,0.0,0.18181818181818182,0.2651571983905067,0.0,-0.05524810346971776,0.0,2.28747855498907,-0.5581395348837209,-0.32425077484762055,-0.058988681833764676,0.4465388920664423,-0.07711609241639258,-0.1942380278481669,0.08656394407130927
Chase,bot,LDL,2,75,0.467,27,0.222,10,59.5,57.6,60.0,55.9,54.2,All Combo,-134.06756756756758,-63.95945945945946,3.4864864864864864,587.6887613333333,0.30806012,0.9466666666666667,1.179961111111111,0.3042106666666667,0.6604010630686541,0.13617036700818438,1.6266666666666667,257.474628,0.0,0.2222222222222222,0.48507799396710605,0.0,0.21555481059336254,0.0,1.1547005383792515,-0.5066666666666667,-0.2527013817182078,0.2397684111930443,0.13542803016837263,0.26775650939886514,0.04619936957248483,-0.04389637506491588
Doran,top,LCK,1,124,0.597,14,0.071,24,60.1,56.9,53.1,64.4,63.5,KT Rolster|Kiwoom DRX,139.70967741935485,132.66129032258064,5.112903225806452,421.7885838709677,0.21518610806451613,0.3064516129032258,1.016191935483871,0.18411048387096773,0.5954927195113625,0.2385910657180235,2.903225806451613,702.4413177419354,0.0,0.07142857142857142,0.22798629782849927,0.35029204772792233,-0.10547728779705141,12.135802469135804,2.155263624321299,-0.3790322580645161,-0.34083168969923255,0.27046883076825945,0.09827322717378094,-0.09903727866020832,0.5152793851458106,0.462731711607695
Ming,sup,LPL,1,85,0.518,10,0.1,16,61.0,56.0,47.0,51.0,56.0,Royal Never Give Up,182.34177215189874,33.75949367088607,2.6582278481012658,157.17335411764705,0.0879999788235294,0.0,2.573348051948052,0.35518352941176473,0.6583631960238502,0.23020634287300795,0.15294117647058825,537.5131576470588,0.0,0.1,0.321939092604102,-0.8078860385208096,-0.09314094200117683,1.4213114754098362,1.7354436625492493,-0.5647058823529412,-0.269852640601286,0.32195850804830634,0.05058796778239398,-0.4316698155536044,-0.21076568216815028,0.05310855500532172
Japone,sup,TCL,15,37,0.486,3,0.0,10,60.2,56.8,50.0,57.6,49.1,Fenerbahçe Esports|Papara SuperMassive|Royal Youth,255.59459459459458,242.6216216216216,3.72972972972973,160.61442972972972,0.08491294054054054,0.0,2.597783783783784,0.3237594594594595,0.6699971965014366,0.1900029859520999,0.05405405405405406,544.9079621621622,0.0,0.0,0.35930881579060875,-0.3434482758620689,0.024329121854442966,5.435820895522388,1.643989873053573,-0.6216216216216216,-0.45658149097979644,0.2769840850181024,0.09629810048328669,-0.26466300372534507,0.13756937400351066,-0.3153826520377003
Violet,bot,OPL,15,24,0.417,3,0.0,8,58.0,59.0,50.6,52.3,55.6,Avant Gaming,145.69565217391303,15.956521739130435,13.608695652173912,544.0277541666667,0.29398045833333336,0.5416666666666666,1.1278875000000002,0.34247916666666667,0.7685844718688977,0.15791705302637965,2.75,430.01844166666666,0.0,0.0,0.19123443780978033,0.1367380560131796,-0.5370734908136483,9.285714285714286,1.6329931618554523,-0.5,-0.40631104136065477,0.15717987371015457,0.2120648278909122,-0.2310654907859332,-0.14128859714541253,0.033807708925476576
Rifty,top,UKLC,3,28,0.5,6,0.0,16,61.9,55.1,49.2,53.8,61.6,Demise|Enclave|PRIDE,231.53571428571428,-26.607142857142858,2.25,535.9149142857143,0.27880753571428574,0.5714285714285714,0.9461142857142857,0.11692500000000002,0.5948079231692677,0.27339559395207547,3.357142857142857,945.693075,0.0,0.0,0.09031376644531583,0.0,0.3653111353711789,0.0,3.0237157840738176,-0.39285714285714285,-0.5252261296521206,0.374053071571749,0.004289432209878891,-0.3080263692022343,-0.06516631665939034,0.3552759702563385
BlueSpirits,bot,UKLC,3,29,0.517,7,0.143,12,62.4,54.6,52.8,55.6,57.1,London Esports|Munster Rugby Gaming Academy,210.44827586206895,60.89655172413793,5.655172413793103,649.2224482758621,0.2989392413793103,1.0689655172413792,1.0253999999999999,0.18492068965517242,0.6818266272088549,0.17540436163054937,3.0344827586206895,310.16182413793103,0.0,0.14285714285714285,0.42502185746115007,-0.8531541881024923,-0.23105039383160772,5.416827852998066,2.2283440581246223,-0.5172413793103449,-0.38320445679450243,0.40068249180092724,-0.022463342953513772,-0.1164275969301933,0.03376415845307626,0.11022245464475673
Kitty,bot,DL,3,39,0.718,2,0.0,10,59.2,57.7,54.5,57.4,47.6,PSV Esports,239.30769230769232,283.7435897435897,2.3076923076923075,523.3693999999999,0.2615752564102564,0.9230769230769231,1.2680487179487179,0.3088128205128205,0.6328858618778838,0.16514790618587263,3.4615384615384617,257.8297435897436,0.0,0.0,0.9349680455651523,-0.8641019746085269,-0.1968849815243941,6.333333333333333,1.6012815380508714,-0.6666666666666666,-0.4829499181524354,0.22254731191848962,0.14120467800911504,-0.0281669103298115,0.12586096846646277,-0.39844795382825937
Hjarnan,bot,PRM,3,102,0.578,21,0.19,27,60.2,56.7,58.8,61.6,72.2,GamerLegion,155.7156862745098,152.5,-2.450980392156863,597.0717215686275,0.2768543490196078,0.5294117647058824,1.0436911764705883,0.25931470588235295,0.6635167956251502,0.15539645863413806,3.2745098039215685,259.22133039215686,0.0,0.19047619047619047,0.34007085145385246,0.22495247951880062,0.03345664223091173,6.023842592592593,2.673398366037021,-0.3235294117647059,-0.17176491555607973,0.2789820976355333,0.09206385189843805,0.2038844226160537,0.35563186699597044,1.0789222783902854
Gastruks,sup,LMF,2,51,0.725,3,0.0,15,56.6,60.3,44.3,58.4,55.4,Undead Gaming,248.6078431372549,24.764705882352942,6.1568627450980395,129.41329411764707,0.07744052352941176,0.0,2.7030843137254905,0.40143137254901956,0.6739655622596394,0.18948172226809998,0.0,429.6097647058824,0.0,0.0,0.10475774770842428,-0.2908667662949763,0.27168091885453105,2.0,2.100420126042015,-0.5098039215686274,-0.5541263992261009,0.08581084841727425,0.2814716610888149,-0.5993073824644032,0.17812146790835187,0.021132273761990117
Wunder,top,LEC,1,83,0.675,15,0.2,30,64.0,52.9,57.1,49.4,72.2,G2 Esports,362.890243902439,141.6341463414634,10.926829268292684,456.0720349397591,0.21572297590361447,0.25301204819277107,1.0372710843373494,0.14287831325301206,0.5602070491776374,0.24042482696481515,2.6626506024096384,779.7629927710843,0.0,0.2,0.3106183441016567,-0.31065214810054964,-0.3260592498755546,4.359299972203051,3.2929277996907103,-0.2891566265060241,-0.44723448261077786,0.49506414682313676,-0.11109347728255181,0.10920040520961866,-0.29793245835790527,1.0758473816426433
Sorn,jng,VCS,15,80,0.537,20,0.1,15,62.2,54.7,49.0,52.7,54.1,EVOS Esports|Luxury Esports,75.925,200.8625,4.575,312.7468675,0.15485116125,0.325,1.49579,0.34320625000000005,0.7019739878134328,0.202422544347917,11.825,760.25176,0.0,0.1,0.21708867783926053,-0.3741259623879843,-0.1110180142438206,2.6626984126984126,1.6770509831248421,-0.4,-0.3919962355692069,0.38647371608019343,-0.017447445578874517,-0.3188512028796296,-0.11936538967704488,-0.04940185354602607
Tomio,jng,NASG,3,20,0.75,1,0.0,6,63.5,53.4,50.0,58.7,52.2,Team Infernal Drake|Zenith Esports,461.6,500.15,5.95,462.94827999999995,0.21243785,0.5,1.32497,0.28859500000000005,0.6363640511947852,0.22536863635160848,22.15,561.572855,0.0,0.0,0.038974358974358976,0.0,0.40049140049140053,3.823809523809524,1.3416407864998738,-0.8,0.0,0.4644586331155744,-0.08396685453197122,-0.26773329515578487,0.19473270107739749,-0.14946409892231113
Lukwer,mid,DDH,3,25,0.36,8,0.0,15,55.1,61.7,52.0,49.1,58.4,Infinity Esports Academy,181.44,81.56,-0.32,527.528692,0.28920592,0.12,1.222404,0.201688,0.7297261461735146,0.17828158962827154,2.68,500.06438799999995,0.0,0.0,0.3680785612872693,0.0,-0.30322721167459254,0.0,3.0,-0.36,-0.536752160986604,0.005480453009005308,0.3598497170276292,-0.15849522358288076,-0.31608591043601447,0.18027838361127568
Hantera,sup,LFL,2,29,0.379,6,0.0,14,59.0,57.8,54.2,53.4,61.9,Solary,57.10344827586207,119.13793103448276,3.6206896551724137,178.93949655172412,0.09664002068965517,0.034482758620689655,2.3555724137931033,0.28826206896551726,0.7367683280208636,0.191431507329469,0.0,478.7013448275862,0.0,0.0,0.521839234620887,0.0,0.1218438610172429,0.0,2.599734734478726,-0.4482758620689655,-0.4373293810656829,0.21326842542944868,0.14915368844454235,-0.04342676401840562,-0.0843707607595896,0.36890353110662716
ACD,top,PGN,3,67,0.522,9,0.0,14,57.3,59.5,48.8,59.4,47.8,Absolved|Mkers|S2V Esports,104.43283582089552,110.46268656716418,4.955223880597015,443.91916119402987,0.23183849253731345,0.208955223880597,1.0570298507462685,0.19034179104477614,0.5696889606387424,0.24392211224075586,1.4477611940298507,867.7233343283582,0.0,0.0,0.19831290570406332,0.2487201326531535,0.1770530210560937,6.017149879894977,1.710372220988273,-0.5671641791044776,-0.3832875431648608,0.12158391176455267,0.2404698098110454,-0.33018529721638584,0.23329852762232145,-0.390338234013895
Flakked,bot,SLO,3,48,0.521,10,0.1,17,50.7,66.0,55.7,49.1,63.5,MAD Lions Madrid,-72.4375,-71.64583333333333,-6.541666666666667,470.1354645833333,0.25403542083333336,0.75,1.5094395833333334,0.37301249999999997,0.6593405922650489,0.1310216255257814,3.8541666666666665,302.49395,0.0,0.1,0.485448770732855,0.0,-0.11465093411996073,0.0,2.4537386440559095,-0.3541666666666667,-0.37678326735903417,-0.23027293101216273,0.615408280790592,0.03851164471555551,-0.3132320970237291,0.46430981979773994
Rulfchen,jng,PRM,3,28,0.357,7,0.0,12,60.6,56.1,51.0,58.0,55.9,BCN Squad|Demise|PENTA 1860,84.60714285714286,326.92857142857144,6.571428571428571,375.82261071428576,0.20403677857142857,0.4642857142857143,1.5061821428571427,0.31787499999999996,0.6856588660174386,0.20222275638302584,8.571428571428571,606.7924178571428,0.0,0.0,0.17490671641791045,0.20698782424563258,0.43367894172327487,2.1690476190476193,2.2677868380553634,-0.5,-0.44356675536453405,0.29806491075139335,0.05744409282325997,-0.21428218305765612,0.16114654523151342,0.04843346105325212
Ronaldo,mid,LFL,2,45,0.622,11,0.364,10,63.1,53.6,63.2,49.8,48.3,Misfits Premier,269.6,134.04444444444445,4.111111111111111,562.3998511111112,0.2772425333333333,0.8222222222222222,0.9190155555555555,0.15414,0.7052629628421834,0.2144859258262462,3.488888888888889,350.3577088888889,0.0,0.36363636363636365,0.45759170593519916,0.4246000524521376,-0.31470483269545535,1.5414354291066619,1.4907119849998598,-0.6222222222222222,-0.2184967636175958,0.4387279534631842,-0.07618173050327692,0.4436013897426375,-0.2753923339431432,-0.3610533996932831
Xioh,mid,PRM,3,49,0.51,8,0.125,20,62.4,54.3,50.6,48.6,59.3,ad hoc gaming,395.9387755102041,266.53061224489795,6.816326530612245,560.2865469387755,0.29523861224489795,0.4489795918367347,1.009487755102041,0.17395306122448978,0.618058026300789,0.20897062041889536,4.408163265306122,401.72189387755105,0.0,0.125,0.3428726267607904,-0.6935098894750444,-0.33509068594027,2.3749999999999996,2.857142857142857,-0.42857142857142855,-0.41118963938212616,0.3989984326008519,-0.03768345188699733,-0.23594492159783526,-0.34340697537745396,0.22702192154778167
Mystic,bot,LCK,1,102,0.5,29,0.034,14,57.1,59.5,40.4,62.1,54.3,DN SOOPers,-37.08910891089109,-108.96039603960396,2.702970297029703,527.8460176470588,0.29143016666666666,0.9803921568627451,1.5200205882352942,0.48799215686274505,0.6690401947870972,0.18849253773695349,3.088235294117647,395.73634803921567,0.0,0.034482758620689655,0.18549436848193765,-0.8204348169637314,0.013470935393393859,6.916666666666668,1.3862065601673441,-0.47058823529411764,-0.4426074008853778,0.11108252289696899,0.24070692984240036,-0.8618604292420118,0.3818711875339873,-0.037918054507324134
Freeze,bot,PRM,3,39,0.513,6,0.167,13,54.6,62.0,57.5,47.5,55.5,ad hoc gaming,201.17948717948718,160.15384615384616,6.0,475.8438282051282,0.24657053846153845,0.46153846153846156,1.3726717948717948,0.3517102564102564,0.6208355929569022,0.13631554636079524,4.615384615384615,295.6269564102564,0.0,0.16666666666666666,0.47247545582047684,0.0,-0.3251760320309265,0.0,2.0816659994661326,-0.5384615384615384,-0.39973582342048347,-0.02021232414333258,0.378236616045187,0.13405917583153637,-0.4045720314951509,0.027837747741358256
Froggen,mid,LCS,1,38,0.395,14,0.143,17,55.8,60.8,57.0,52.4,56.8,Dignitas|Dignitas Academy,12.27027027027027,35.32432432432432,2.0,484.85954210526313,0.2872587894736842,0.21052631578947367,1.0240605263157894,0.2236842105263158,0.7445826563170755,0.1262347113037597,1.9473684210526316,342.2055921052632,0.0,0.14285714285714285,0.4581638350482572,0.0,0.02648809523809536,0.0,2.757764159222963,-0.5,-0.42899229560093993,0.04107748924204843,0.3100350345203864,0.10697147819228722,-0.13913709169073998,0.0933792511251203
Proud,sup,LJL,15,34,0.382,7,0.0,14,52.5,64.1,54.8,58.2,62.6,Burning Core Toyama,-142.6764705882353,-77.29411764705883,-1.2352941176470589,159.4161676470588,0.09290675,0.029411764705882353,2.9339411764705883,0.4452441176470588,0.7104377163890031,0.12672064418623016,0.029411764705882353,307.3782176470588,0.0,0.0,0.23287907538381922,0.8270799347471451,0.33726235741444865,2.4444444444444446,2.4009801919951235,-0.4411764705882353,-0.32294402551604184,-0.1328601361561962,0.5004861143547636,-0.010359057845770306,0.17036326180057315,0.40965813193861284
Simple,bot,LDL,2,54,0.593,15,0.267,10,58.9,57.7,56.8,54.9,53.0,Team WE Academy,4.94,61.12,-1.58,551.3249537037037,0.2708767962962963,1.2592592592592593,0.91105,0.28827407407407407,0.6825458722244087,0.13629852984552984,4.462962962962963,286.55089444444445,0.0,0.26666666666666666,0.28804232804232804,-0.15457652867451566,0.16739588397342406,0.0,1.3608276348795434,-0.5925925925925926,-0.2876268142205222,0.20568398510869243,0.14244341824151352,0.0932773004742447,-0.004682970796129324,-0.10558423853347755
Yanxiang,jng,LDL,2,63,0.635,10,0.2,9,58.9,57.7,65.6,54.6,48.8,Shu Dai Xiong Gaming,170.01785714285714,228.32142857142858,3.5357142857142856,327.1339920634921,0.15518544126984127,0.30158730158730157,1.3494217391304348,0.33796190476190474,0.7155821156034206,0.1709663689824798,12.80952380952381,684.8106174603174,0.0,0.2,0.26721588508660754,1.7497844031045953,-0.07801467766692241,2.2411764705882353,1.1338934190276817,-0.5714285714285714,-0.30830084475309777,0.2075231477254094,0.13994346810075106,0.5890978870762141,-0.0230790011949306,-0.3345397637804969
Werlyb,top,SLO,3,30,0.6,3,0.333,14,57.4,59.1,60.1,46.6,59.3,MAD Lions Madrid,209.73333333333332,-19.5,-1.1,473.18375000000003,0.24142301000000002,0.3333333333333333,1.0713066666666669,0.16528333333333334,0.5902476671082326,0.22453101543304893,2.4,768.63104,0.0,0.3333333333333333,0.3346580624852443,0.0,-0.6421198364403232,0.0,2.556038601690775,-0.4,-0.4501041871362521,0.1276944691186586,0.21960853596291005,0.27166541498002317,-0.4553408469501585,0.2293889782065558
Krim,bot,LMF,2,38,0.526,10,0.2,9,57.7,58.8,53.5,49.1,47.9,Furious Gaming Argentina|Undead Gaming,-52.05263157894737,120.52631578947368,-0.6842105263157895,528.3318868421053,0.33772976315789477,0.5789473684210527,1.2918184210526316,0.2922421052631579,0.7105903094313659,0.17293862243104544,2.973684210526316,299.903997368421,0.0,0.2,0.2818567145663186,-0.3636971624332919,-0.40211401985377665,2.0526315789473686,1.459992790176863,-0.631578947368421,-0.5445906703243013,0.1451235171203492,0.20026318162354892,-0.07662474548505845,-0.31657158461632773,-0.3817975495440201
Acce,top,LLA,15,61,0.574,4,0.0,15,53.6,62.9,50.4,52.5,52.6,Movistar R7,26.516666666666666,102.91666666666667,1.7666666666666666,375.5494540983607,0.21930377049180327,0.16393442622950818,1.0507721311475409,0.2217262295081967,0.6139006501373907,0.22438006910772823,3.1311475409836067,874.9901508196722,0.0,0.0,0.20782384409629348,0.3537689407583507,-0.15161556321463437,3.228158854706614,1.9205531989934397,-0.5081967213114754,-0.4332545510854894,-0.07369555840679975,0.4284824047095345,-0.2425539434680065,-0.13249182865461803,-0.12653199186121056
Xiaohu,mid,LPL,1,79,0.532,9,0.111,18,62.0,54.4,48.0,64.4,57.0,Royal Never Give Up,262.05194805194805,181.55844155844156,3.3506493506493507,496.1001240506329,0.27721189873417723,0.35443037974683544,1.0888106666666666,0.24028987341772154,0.6837601617249627,0.20766000997145576,2.2911392405063293,343.91884556962026,0.0,0.1111111111111111,0.29747652283186443,-0.7118900749824547,0.23041704819778558,5.266666666666667,2.025158221666843,-0.3924050632911392,-0.2965036860541924,0.3779738147723991,-0.03251505687985002,-0.3758615831816674,0.5141542557477974,0.10512323822080633
Afm,bot,LPLOL,3,39,0.641,6,0.0,12,57.1,59.3,46.7,49.0,53.1,For The Win Esports,64.8974358974359,4.717948717948718,-0.7692307692307693,550.9529025641025,0.28827871794871796,0.7435897435897436,1.3090820512820514,0.33289230769230765,0.716864292805886,0.19209480378211027,1.7435897435897436,264.99626666666666,0.0,0.0,0.2372965777835029,-0.6579646833914676,-0.4588124313497448,2.2666666666666666,1.9215378456610455,-0.5384615384615384,-0.4671184282504323,0.11303366743588612,0.22852688177842811,-0.45035767501347124,-0.3194681513607439,-0.10005902448470233
Blizz,mid,LPLOL,3,54,0.63,15,0.2,16,56.5,59.9,53.0,53.7,55.0,EGN Esports|OFFSET Esports,195.44444444444446,36.129629629629626,3.537037037037037,522.2705685185185,0.2652027777777778,0.5185185185185185,1.1184574074074074,0.17433333333333334,0.6743149670875158,0.170047950245892,3.9074074074074074,305.3360222222222,0.0,0.2,0.3239393071858002,-0.6054359243697479,-0.13758771098046657,4.103018985371927,2.1773242158072694,-0.42592592592592593,-0.35530812014463,0.07657428735822422,0.2585725317228211,-0.1045798178807718,-0.06812975130168535,0.0011384556525277957
Gariaru,mid,LJL,15,31,0.29,9,0.0,14,55.7,60.7,49.8,49.6,55.6,AXIZ,261.76666666666665,243.06666666666666,7.2,400.296464516129,0.26646567741935484,0.22580645161290322,1.1744354838709676,0.21295483870967744,0.7449397423930532,0.1466536089603276,1.903225806451613,282.57420322580646,0.0,0.0,0.21316872427983538,0.0,-0.2443324937027708,0.0,2.5144742283748487,-0.45161290322580644,-0.4417774278915824,0.037108582846112896,0.30355412161537004,-0.2787585625572222,-0.28852310038805873,0.031453121380836335
chel1y,bot,LDL,2,65,0.446,19,0.053,10,59.0,57.4,49.3,54.5,44.0,Legend Esport Gaming|LinGan e-Sports|Royal Club,388.8135593220339,128.32203389830508,6.338983050847458,529.7116676923076,0.25290619999999997,0.5846153846153846,1.1424815789473683,0.34987076923076926,0.6553527700950224,0.15323526147180508,1.8,302.87514923076924,0.0,0.05263157894736842,0.23106395831760174,0.0,0.08944921947488232,0.6648648648648651,1.2403473458920846,-0.6307692307692307,-0.5489992679987491,0.21401803777556788,0.126301935138331,-0.3041200706230567,-0.027939909824421176,-0.6159794883781633
Rufus,sup,HM,3,64,0.656,6,0.0,13,64.6,51.8,51.5,49.3,50.9,Team Sampi|eSuba,262.0625,126.984375,8.5,182.136703125,0.08843616562500001,0.0625,2.27185625,0.2024515625,0.6478386200069853,0.23944021246407113,0.234375,609.70470625,0.0,0.0,0.20258276805857223,0.9622268166770255,-0.30600120340754344,3.232385483628269,1.625,-0.53125,-0.39875356064224554,0.530430574518627,-0.16684142805943628,-0.18422259776215277,-0.30533938732490834,-0.21595587047567524
Flaresz,top,UKLC,3,46,0.478,15,0.133,16,60.7,55.6,53.0,53.6,58.6,Barrage|Polar Ace,-34.76086956521739,180.82608695652175,9.73913043478261,505.488152173913,0.24265228260869567,0.32608695652173914,0.9131326086956522,0.15910434782608696,0.586344011016578,0.2665924526278564,3.0434782608695654,829.0340739130435,0.0,0.13333333333333333,0.37712579350432124,-0.5314188228603923,0.2262226729772367,1.2653721682847894,2.359071298478354,-0.391304347826087,-0.4627963980848728,0.3049128307222655,0.03389150477549875,-0.10715344172558931,-0.07471495427277836,0.19224010654196758
Kasing,sup,UKLC,3,47,0.702,9,0.222,15,51.1,65.2,56.7,50.7,61.3,JD|XL,24.70212765957447,-104.38297872340425,-5.1063829787234045,172.70217659574467,0.07972844893617022,0.0,2.6792872340425533,0.3856617021276596,0.7344248776316178,0.14445135794172634,0.19148936170212766,324.574614893617,0.0,0.2222222222222222,0.5634255139649362,-0.8271989190188016,-0.13272428724778504,1.8051378446115292,2.1879748724684185,-0.44680851063829785,-0.21658748941817624,-0.20417024658300353,0.5683662136972759,0.0920658387598911,-0.22787287390285818,0.33654781668593864
Keel,jng,UPL,2,34,0.676,5,0.4,17,65.9,50.4,59.7,55.5,66.5,Columbia College|Supernova,361.9117647058824,415.9117647058824,7.588235294117647,481.98794705882347,0.19715708823529413,0.4411764705882353,1.2272235294117646,0.2159235294117647,0.6511600620075343,0.21223901366026185,13.676470588235293,826.4366882352941,0.0,0.4,0.2668445679350581,0.0,0.26600616880082245,0.0,2.91547594742265,-0.38235294117647056,-0.2949372260030642,0.6106498345268219,-0.24477782303855639,0.24900361423665798,0.02767504647637785,0.648558643429569
Aesthetic,jng,NLC,2,27,0.481,9,0.111,11,60.7,55.6,55.2,69.6,60.2,MNM Gaming,215.37037037037038,423.1111111111111,7.888888888888889,361.24202222222226,0.18857864444444447,0.25925925925925924,1.326048148148148,0.30864814814814817,0.6817807277533193,0.16306175852922086,16.666666666666668,653.6003,0.0,0.1111111111111111,0.4527131782945737,0.0,1.2295981045981044,4.1521739130434785,2.116950987028628,-0.5185185185185185,-0.14194307438109205,0.3021026807792953,0.0316846885726835,0.008667999781832452,0.8636752511094494,0.27534458138781315
River,jng,PCS,15,89,0.652,11,0.0,14,56.8,59.5,50.8,49.5,51.7,PSG Talon,42.53932584269663,87.75280898876404,2.831460674157303,270.3443179775281,0.14564209775280898,0.19101123595505617,1.6596146067415731,0.42923932584269664,0.7649915556872604,0.23247710810158037,12.101123595505618,612.0409730337078,0.0,0.0,0.23960167998916135,0.3124318217235467,-0.25344893147767883,3.179451813255306,1.483997032008904,-0.4606741573033708,-0.3251613883880451,0.09259946862048216,0.2383743846875194,-0.22305315389860217,-0.2942187805085808,-0.17396111312403548
Alternative,bot,CBLOL,15,38,0.447,8,0.125,10,58.5,57.7,52.4,46.0,51.9,FURIA,270.44736842105266,136.3684210526316,3.5789473684210527,536.0427026315789,0.28265494736842106,0.5,1.4440236842105263,0.3272605263157895,0.7086428666958221,0.18830677931948697,1.6842105263157894,341.4547552631579,0.0,0.125,0.21965632004346938,0.0,-0.3901043280652826,0.0,1.6222142113076254,-0.6578947368421053,-0.387416422431153,0.18371590334215837,0.14431933898209545,-0.13992369966968177,-0.4917374686301676,-0.1633722697735025
Coldraa,bot,TAL,3,36,0.278,8,0.0,11,58.0,58.2,50.0,59.9,51.2,Galakticos Academy|Papara SuperMassive|SuperMassive Academy,189.63888888888889,214.86111111111111,5.138888888888889,491.93094722222224,0.2862548888888889,0.7222222222222222,1.0855805555555555,0.249575,0.7186199729761467,0.1569439853985626,1.75,314.448775,0.0,0.0,0.26282505312152177,0.0,0.8311065433367594,0.0,1.8333333333333333,-0.5833333333333334,-0.4950817717505206,0.1587095675704103,0.17153038903211698,-0.2659813228359531,0.25837333925996253,-0.20364640701944028
Vex,bot,UPL,2,34,0.618,5,0.0,10,68.9,47.3,49.1,49.0,53.8,Full Spectrum|Orgless|Simplicity Esports,683.0,457.0882352941176,20.352941176470587,657.9510970588235,0.2591366176470588,1.1176470588235294,0.7967764705882353,0.16098235294117647,0.5754400526937795,0.18605838177364312,2.5,379.9068205882353,0.0,0.0,0.19625104416105144,0.0,-0.26011246485473294,0.0,1.7149858514250882,-0.6764705882352942,-0.3089842341277518,0.8104469779250232,-0.4147125417319,-0.31738455167398166,-0.3189027884171667,-0.06183378919787247
Hery,top,LDL,2,70,0.471,13,0.077,17,59.6,56.6,54.6,50.9,60.3,EDG Youth Team,136.95454545454547,-50.5,5.333333333333333,488.5484471428572,0.2526598285714286,0.37142857142857144,0.8459733333333334,0.1632357142857143,0.6019935174502704,0.20435586475057937,2.7857142857142856,719.0979114285714,0.0,0.07692307692307693,0.5574120560609855,0.0,-0.029074824644199013,0.0,2.0318886358684694,-0.5142857142857142,-0.13113450918422204,0.24229360656075014,0.0862107972967501,-0.019806796460200393,-0.21637005110221882,0.2842182482215546
Cupcake,sup,OPL,15,33,0.606,8,0.25,10,59.9,56.3,57.3,67.2,49.8,Dire Cubs|Dire Wolves,52.666666666666664,31.484848484848484,-6.757575757575758,203.0521090909091,0.10120216666666668,0.06060606060606061,2.246369696969697,0.3226606060606061,0.7161903445607357,0.1736808565367372,0.0,510.9103727272728,0.0,0.25,0.29341947644716904,-0.13311950217032223,0.8278604913016093,6.606568594703928,1.7407765595569784,-0.6060606060606061,-0.49681212356904214,0.26046776634450036,0.0689848267335522,0.11881080024942528,0.6958449978912548,-0.2778310336138483
Ruin,top,LCS,1,38,0.237,13,0.0,18,52.6,63.5,54.0,49.5,62.7,CLG Academy|Counter Logic Gaming,-57.421052631578945,-174.55263157894737,0.868421052631579,403.35589736842104,0.24271441052631582,0.15789473684210525,1.0732131578947368,0.20395789473684212,0.6861512977645701,0.20911664953643933,2.263157894736842,646.8566447368421,0.0,0.0,0.4509820887773644,0.0,-0.147650553605185,0.0,2.919985580353726,-0.39473684210526316,-0.499933857034599,-0.1262773076105905,0.46344618034752616,-0.05374817255699463,-0.2927845149747372,0.4192455954042231
Roison,mid,SLO,3,41,0.463,12,0.25,10,58.6,57.5,58.9,52.8,44.3,Team Queso|piratesports,-125.53658536585365,94.17073170731707,2.951219512195122,573.5076,0.3113228292682927,0.6585365853658537,0.9192560975609757,0.16534878048780488,0.6988375871068614,0.15035441047579534,2.3902439024390243,296.13971219512194,0.0,0.25,0.7347015486393024,-0.7541155866900175,-0.07040328092959665,2.1454545454545455,1.5617376188860608,-0.6341463414634146,-0.4458788466583262,0.18935058350775147,0.13203993314083734,0.2044713510134583,-0.11581394147548457,-0.5977761946645045
Shok,mid,OPL,15,64,0.516,10,0.1,16,61.1,55.0,54.6,62.5,48.6,Dire Wolves,208.84375,85.5,5.625,513.8091328125,0.28043826875,0.546875,0.9721578125,0.1657578125,0.679650509694738,0.14645252295571148,2.796875,244.239534375,0.0,0.1,0.20629476883004122,0.5769546151377947,0.16621376811594207,7.324486429749588,2.0,-0.546875,-0.4430363644246622,0.3243959608387382,-0.001992167051992644,-0.02174244256014543,0.4084654391973392,-0.34156465714290724
NoNholy,top,LCL,15,29,0.448,7,0.0,10,59.3,56.8,49.7,52.7,50.9,CrowCrowd,165.68965517241378,178.79310344827587,3.2413793103448274,459.3636413793103,0.23341372413793102,0.3793103448275862,0.9740931034482758,0.1496448275862069,0.5901251677340607,0.21286487106360064,2.1379310344827585,937.0862689655173,0.0,0.0,0.14420470288983778,0.0,0.10231108244652268,0.0,1.8569533817705188,-0.5517241379310345,-0.5086044786068459,0.228348467584251,0.0958182021631021,-0.2845168962097195,-0.12021240637013064,-0.2156471771585033
Bendix,mid,OTBLX,3,61,0.508,18,0.111,12,59.2,56.9,52.1,49.4,43.1,MNM Gaming|Obnoxious Gaming|Team AURORA|Team AURORA Academy,39.56666666666667,104.75,7.933333333333334,548.828468852459,0.2807526868852459,0.6557377049180327,1.096555737704918,0.18775409836065574,0.5930901571070993,0.15935552530098385,3.278688524590164,346.5325327868852,0.0,0.1111111111111111,0.23175292556400046,0.0,-0.3493635077793494,3.7814027224201787,1.5364425591947517,-0.5081967213114754,-0.5799706974608226,0.22233954261251393,0.10229595095954595,-0.1555101858653133,-0.2975804010656675,-0.6757828767426453
YunWAY,top,LAS,3,20,0.45,7,0.286,10,59.7,56.4,58.0,56.3,58.6,Awesome Spear Academy,-90.0,-141.7,-1.85,619.283325,0.26312860000000005,0.6,0.79069,0.11917,0.6254597886109937,0.2100925950562162,0.9,1044.08801,0.0,0.2857142857142857,0.34262867786206314,0.0,-0.11453035143769975,6.87008658008658,2.23606797749979,-0.55,0.0,0.25169958416068583,0.07185557011269532,0.1606243053307068,0.06606385084516568,0.1887230571981171
Stookbeer,sup,BL,3,33,0.515,10,0.1,12,60.1,55.9,52.8,58.3,54.2,Aethra Esports|Dynasty,58.57575757575758,64.66666666666667,-0.5454545454545454,173.01649696969696,0.09201356363636364,0.15151515151515152,2.4917151515151517,0.3997515151515152,0.6197307919795958,0.23187439280705532,0.2727272727272727,461.50396666666666,0.0,0.1,0.2894208027621925,0.0,0.5733830096420556,0.0,2.088931871468374,-0.6060606060606061,-0.3672629903290726,0.27105280617097544,0.049419537293003385,-0.11655036197832873,0.17491690331281307,-0.04059146221921952
Keduii,bot,SLO,3,30,0.367,8,0.0,13,59.1,56.9,50.2,53.3,53.0,BCN Squad|piratesports,-12.566666666666666,102.7,4.966666666666667,571.29413,0.3115613666666667,0.7666666666666667,1.1644700000000001,0.29042999999999997,0.7321303605804099,0.21628174084830432,2.4,314.15526666666665,0.0,0.0,0.2364574758284506,0.0,0.19017546144080202,0.0,2.37346441585572,-0.6333333333333333,-0.6091505694319124,0.21816330971956624,0.09924247338815209,-0.2547139906130638,-0.0895642217674591,-0.10696014165915518
1an,mid,DDH,3,41,0.78,5,0.2,22,58.8,57.2,49.3,55.6,66.8,Team Aze,277.390243902439,310.0487804878049,5.0,526.7730048780488,0.24992082926829268,0.5853658536585366,1.0927634146341463,0.237109756097561,0.5863125473966141,0.17373540413125724,3.3658536585365852,357.0379585365854,0.0,0.2,0.1493392807359911,-1.0,0.2652784339378081,0.0,3.4358227615493333,-0.2926829268292683,-0.348705208936863,0.20368971728266771,0.11456347658322315,-0.3023558542003892,0.031552370681890346,0.6693857831452852
sask,mid,PCS,15,27,0.444,7,0.143,11,61.5,54.5,61.0,54.2,55.4,Alpha Esports,136.66666666666666,190.59259259259258,5.37037037037037,597.4471222222222,0.2924485925925926,0.5185185185185185,1.0518592592592593,0.2402074074074074,0.6011249904533982,0.17813752491886847,3.5185185185185186,344.47199629629625,0.0,0.14285714285714285,0.7858125668857973,0.0,0.27966515947696435,0.0,2.116950987028628,-0.4444444444444444,-0.3058519751640183,0.34841993940583776,-0.026588943284930208,0.3198627136176714,-0.04207664575644483,0.02067413345183801
Sharp,jng,SLO,3,31,0.419,12,0.167,14,55.8,60.2,56.5,59.8,55.7,Viking Esports|eMonkeyz,-26.967741935483872,66.70967741935483,2.6129032258064515,353.707364516129,0.18103922258064514,0.12903225806451613,1.5466806451612902,0.3775903225806451,0.6854726908893576,0.165926937589961,16.0,577.509535483871,0.0,0.16666666666666666,0.38204795570105177,0.0,0.818590708512042,0.0,2.5144742283748487,-0.5161290322580645,-0.5538593199755615,0.04253445067236702,0.27925796773674016,0.07854684769667063,0.25769475372412076,0.03812172472279969
Yanmo,jng,LDL,2,36,0.694,4,0.5,7,58.4,57.6,76.1,63.4,51.3,Vici Gaming Potential,139.4848484848485,5.848484848484849,3.484848484848485,338.91957222222226,0.16167871666666667,0.5277777777777778,1.8021875,0.44575555555555557,0.6715773378123386,0.2113325492765207,13.722222222222221,495.36881666666665,0.0,0.5,1.0081043277933193,2.192945111753079,0.3062339331619538,4.833333333333333,1.1666666666666667,-0.6944444444444444,-0.0785473957026916,0.17940391736163375,0.13862051923355098,1.507086393162032,0.45693167274340685,-0.1981878726675292
Sertuss,mid,PRM,3,76,0.632,12,0.25,13,58.5,57.4,63.3,51.9,48.4,FC Schalke 04 Evolution,116.89473684210526,50.19736842105263,4.105263157894737,564.4314828947369,0.27092935526315787,0.5657894736842105,1.068580263157895,0.20736447368421054,0.633455624016341,0.18508616491359578,3.0921052631578947,327.0834539473684,0.0,0.25,0.5127994575393937,0.32765624709102087,-0.20354794311056734,3.9011171497584543,1.4912022701586514,-0.4868421052631579,-0.2726085957510656,0.18656577952610642,0.12916570195510582,0.451131454900192,-0.16270037672533294,-0.3546870679801899
Yampi,jng,CBLOL,15,47,0.511,5,0.0,14,55.8,60.1,50.9,55.2,55.0,Prodigy Esports,158.72340425531914,-104.95744680851064,-3.0638297872340425,289.1440659574468,0.14036966170212764,0.2127659574468085,1.733004255319149,0.43766808510638294,0.716940636506706,0.2009710173106495,11.063829787234043,773.8609914893617,0.0,0.0,0.34020751341681577,-0.09877691152278087,-0.00745485090298186,2.4385964912280693,2.042109880970524,-0.5531914893617021,-0.33949194301014185,0.04237017770388292,0.2696938568831311,-0.2180888549960215,0.011162882270210806,0.001405134235566527
Anyyy,mid,CBLOL,15,42,0.405,11,0.091,17,60.2,55.7,53.2,48.2,57.3,FURIA,-108.11904761904762,163.73809523809524,2.380952380952381,562.3438833333333,0.2988458095238095,0.5714285714285714,1.0135166666666666,0.1856595238095238,0.6725036279133902,0.16410791707066888,2.619047619047619,362.2968238095238,0.0,0.09090909090909091,0.3077823884320664,0.0,-0.29119930974978425,0.0,2.6231569493555624,-0.42857142857142855,-0.42763456208429057,0.2765967187562337,0.0375832103939006,-0.09620846289874643,-0.3671751209250113,0.12114913974985193
HolyPhoenix,bot,TCL,15,34,0.676,3,0.333,8,60.6,55.3,59.3,54.0,55.9,Fenerbahçe Esports|Royal Youth,287.1470588235294,163.94117647058823,12.5,551.0443735294117,0.279381294117647,0.6470588235294118,1.0961470588235294,0.3050058823529412,0.6735274970824447,0.154341015780189,5.0,311.416194117647,0.0,0.3333333333333333,0.29949406350901275,0.062366611335072354,-0.004289940828402351,1.8666666666666667,1.3719886811400706,-0.5294117647058824,-0.22797543730782943,0.2973197564347503,0.01771629680314541,0.22577763021351188,-0.05306880449884812,0.04812998659865747
Flare,bot,BRCC,2,21,0.476,5,0.0,6,58.4,57.5,49.8,53.2,55.1,Havan Liberty,339.76190476190476,182.47619047619048,6.333333333333333,507.21240476190474,0.29162042857142856,0.7142857142857143,1.2025285714285714,0.26234761904761905,0.6467434326301321,0.13069765288031543,4.428571428571429,313.6580476190476,0.0,0.0,0.2753143613500993,-0.47467166979362097,-0.29106685071977917,3.5,1.3093073414159544,-0.6666666666666666,-0.09980174078551962,0.17917865890315743,0.13459386791027844,-0.278745478275181,-0.0937869809555327,0.007760978694146228
Bravado,sup,UKLC,3,55,0.709,12,0.417,15,56.1,59.8,67.1,49.0,56.5,Fnatic Rising,18.12727272727273,-92.63636363636364,-1.7636363636363637,184.97945272727273,0.08386015090909092,0.07272727272727272,2.418145454545454,0.3476472727272727,0.6776769017244407,0.19326680712056207,0.21818181818181817,533.5673090909091,0.0,0.4166666666666667,0.6789964270230674,-0.1785798910038702,-0.1975831918841037,1.5448504983388704,2.0225995873897262,-0.5454545454545454,-0.2867825696338065,0.056503419121144885,0.2535697967102523,0.6897736419650083,-0.3213519765878921,0.08081305347584647
Jhinsane,bot,OTBLX,3,29,0.517,5,0.2,14,60.5,55.4,57.8,58.9,64.3,Absolute Legends Netherlands|Team Echo Zulu Tribe|Timeout Esports Academy,326.7586206896552,151.68965517241378,6.0344827586206895,576.6837379310344,0.2684540689655172,1.0,1.0022,0.25014137931034486,0.6665871570590263,0.16242164664437647,2.103448275862069,319.7832551724138,0.0,0.2,0.4554411845654208,0.0,0.26204878048780494,4.247097125861777,2.599734734478726,-0.4827586206896552,-0.058147687846851676,0.29178945637104325,0.020188863037707647,0.14910485486560998,0.2055223481869686,0.5128425600581535
Shu Hari,sup,LLA,15,29,0.345,8,0.375,12,61.1,54.8,67.5,53.9,58.4,XTEN Esports,160.72413793103448,107.89655172413794,-1.3793103448275863,172.03062068965517,0.10659479655172414,0.06896551724137931,2.305458620689655,0.3597793103448276,0.6840718406120883,0.1845114942696183,0.0,402.14583793103446,0.0,0.375,0.9887005649717513,0.0,0.17749513005614748,0.0,2.2283440581246223,-0.5172413793103449,-0.36150960832771617,0.32826494886908253,-0.008636270470809261,0.7122196523533602,-0.05759485322136615,0.17920603119385334
Deepe,mid,HC,3,23,0.696,5,0.4,8,57.6,58.3,64.3,57.4,52.4,Vikingekrig Academy,-151.17391304347825,85.82608695652173,-4.521739130434782,554.1845217391304,0.28917243478260873,1.2608695652173914,1.0521478260869566,0.1714695652173913,0.7084495245689917,0.18505339720840663,4.3478260869565215,382.44039999999995,0.0,0.4,0.7924400181077409,0.21763931548924967,0.21274150685915386,3.418091168091168,1.6681153124565982,-0.5652173913043478,-0.1517511016567104,0.13716274682971982,0.17565529470674598,0.5089612913610633,0.12874581105843186,-0.1397336629289499
Jaunutis1,jng,BM,3,22,0.5,2,0.0,11,66.2,49.6,55.2,49.3,60.4,Iron Wolves|Split Raiders,533.8636363636364,698.9090909090909,19.045454545454547,451.7247863636363,0.20317596363636364,0.6363636363636364,1.3848636363636364,0.3062409090909091,0.6071024937874024,0.2758651380021859,10.045454545454545,513.2588045454545,0.0,0.0,0.6208889162107335,0.0,-0.27238638068096604,0.0,2.345207879911715,-0.45454545454545453,-0.12070720479022023,0.6258695428409217,-0.2894853748747772,0.009902163070007035,-0.30722690557527244,0.2905659131561679
Avenger,mid,BRCC,2,27,0.778,3,0.333,10,58.1,57.7,61.8,55.8,53.3,RED Canids,231.40740740740742,168.14814814814815,7.185185185185185,511.17814074074073,0.24113922222222223,0.5925925925925926,1.212340740740741,0.2175703703703704,0.6120899981150352,0.1514820410861135,3.1481481481481484,267.94024444444443,0.0,0.3333333333333333,0.6018136850783182,0.22316919191919185,0.16402344955260723,1.886904761904762,1.9245008972987525,-0.5925925925925926,-0.1845640687483962,0.16470637935543012,0.14355587112916063,0.3647597172098216,0.04018752206968612,-0.08827857726583971
Knighter,mid,PGN,3,32,0.656,4,0.0,14,59.1,56.7,49.7,57.5,54.5,Samsung Morning Stars,317.625,190.71875,2.90625,558.4062250000001,0.26154728125,0.65625,0.946596875,0.216846875,0.670287979919155,0.2093532465687197,3.875,438.544790625,0.0,0.0,0.1688715953307393,0.05054759898904806,0.24765157984628527,2.4230540701128938,2.4748737341529163,-0.59375,-0.2687810644804771,0.21974241292259386,0.08987983961816415,-0.28229013465100655,0.13378503958946047,-0.027881308009852016
Hadess,jng,DL,3,67,0.537,15,0.133,14,56.8,59.0,56.1,57.1,48.7,Defusekids|LowLandLions,45.298507462686565,225.19402985074626,4.432835820895522,321.4744985074627,0.16420747164179106,0.208955223880597,1.4792611940298508,0.37625223880597014,0.6764106725056829,0.2021717836830066,11.522388059701493,729.5792149253731,0.0,0.13333333333333333,0.41029333453337236,-0.05888284351826558,0.017753494935192717,4.5,1.710372220988273,-0.5223880597014925,-0.5404562919539753,0.09394797632854035,0.21202093779623826,0.0604802481388932,0.11331358299959632,-0.33846395993636025
Enjawve,sup,LFL,2,52,0.5,15,0.133,10,60.8,55.0,60.3,55.1,44.9,GameWard,73.26923076923077,33.80769230769231,0.6730769230769231,216.51662884615385,0.09898845,0.019230769230769232,2.409865384615385,0.3523480769230769,0.648162079973405,0.22337120374748395,0.07692307692307693,569.8621865384615,0.0,0.13333333333333333,0.4607337932928967,0.5105137664854802,-0.30967651785090483,4.300767632682526,1.386750490563073,-0.6923076923076923,-0.48611573723677776,0.3109108946622649,-0.002442511939595244,0.28380516041744097,0.006746626894810537,-0.5612452958013207
Nottingham,sup,LHE,2,49,0.592,4,0.25,11,57.5,58.3,56.1,55.8,48.3,Coliseo Dragons|Universidad Católica Esports,204.6734693877551,73.42857142857143,8.10204081632653,135.94251224489796,0.07637643061224489,0.0,2.5892591836734695,0.37447142857142857,0.6954162117702338,0.2323540329692001,0.0,540.7860448979592,0.0,0.25,0.262094758026713,-0.15420210765774028,0.3589925860351889,0.0,1.5714285714285714,-0.6530612244897959,-0.4531511793026536,0.13240782239957014,0.17277573579373126,0.057466640707060784,0.04458193480094938,-0.35915806573796166
xKenzuke,mid,TCL,15,45,0.578,9,0.111,19,60.4,55.4,52.2,50.4,59.1,Galakticos|Galakticos Academy,133.95555555555555,-14.977777777777778,-2.2444444444444445,553.4350155555555,0.2919744444444444,0.7555555555555555,1.15788,0.25072222222222224,0.644654981184393,0.23726742361589284,3.577777777777778,389.2283266666667,0.0,0.1111111111111111,0.21774778891905694,0.0,-0.055786712246997286,0.0,2.8323527714997336,-0.3111111111111111,-0.585785872352036,0.28823939568808216,0.019112803990900987,-0.1474418433361326,-0.24660084148940573,0.21771537876118074
Jin0,jng,CK,2,41,0.439,13,0.231,9,53.8,62.0,58.8,59.0,49.9,Element Mystic,17.170731707317074,34.853658536585364,1.5365853658536586,277.85607073170735,0.15117096829268292,0.21951219512195122,1.7180878048780486,0.4541512195121951,0.7333071312135724,0.18199442337997324,12.853658536585366,602.0017365853658,0.0,0.23076923076923078,0.4777920542181494,0.0,0.5157072930182175,0.0,1.4055638569974547,-0.5853658536585366,-0.40991620860576417,-0.06533233137782762,0.378800778212663,0.20114554136426924,0.21144040795491661,-0.2702080282271223
Niño Palo,bot,NEXO,3,46,0.739,5,0.4,16,59.8,56.0,65.6,60.5,63.3,Movistar Riders Academy,294.4782608695652,265.6521739130435,3.9347826086956523,516.5709347826087,0.2631023782608696,0.9130434782608695,1.1289217391304347,0.19837391304347826,0.6794823499387561,0.1652613622486755,3.239130434782609,272.5331869565217,0.0,0.4,0.7922541613633733,-0.7962977346278317,0.07156908665105388,6.155555555555556,2.359071298478354,-0.391304347826087,-0.28248999316014467,0.25650393884136796,0.05272018496488147,0.5885257662024144,0.29360106991871027,0.45028856797737793
Kramer,bot,LPL,1,116,0.5,31,0.161,14,55.1,60.6,62.9,58.6,57.6,LGD Gaming,-77.32743362831859,20.849557522123895,-9.309734513274336,556.8559327433628,0.2917296371681416,0.6724137931034483,1.458475,0.4055433628318584,0.7067095724607491,0.1535558223590997,2.9734513274336285,294.214725862069,0.0,0.16129032258064516,0.5158285757672095,0.37764876632801175,0.24511768635309825,1.9298584298584298,1.299867367239363,-0.5,-0.2751819370801158,0.0031886392194090396,0.2984736735154598,0.42677010781449776,0.18851117381558607,0.13635819631507023
Kektz,top,EBL,3,56,0.357,15,0.2,21,62.0,53.7,59.6,53.7,64.1,ASUS ROG ELITE|Crvena zvezda Esports|mYinsanity,210.44642857142858,101.78571428571429,6.196428571428571,509.40319464285716,0.269092375,0.16071428571428573,0.9497357142857143,0.14348392857142858,0.5643231592975136,0.2720003390352616,2.107142857142857,892.166975,0.0,0.2,0.5500244186483338,-0.09895860407894515,-0.10346975088967984,4.0235042735042725,2.806243040080456,-0.3392857142857143,-0.5109616064513159,0.37596660234963786,-0.06885106198722954,0.24390173258875844,-0.06938810801341892,0.49684387712662503
Furuy,mid,DL,3,39,0.718,2,0.0,19,61.3,54.4,49.8,54.2,59.6,PSV Esports,493.8205128205128,335.0,9.897435897435898,537.3245128205128,0.2643769230769231,0.46153846153846156,0.9584923076923076,0.15168205128205128,0.687256464152749,0.21385050413891865,3.5128205128205128,314.5098641025641,0.0,0.0,0.5127078545356225,-0.6468401486988847,-0.10296675191815863,3.9333333333333336,3.0424349222966556,-0.41025641025641024,-0.4691783570174626,0.3392633846234056,-0.03037815421082773,-0.27906248979813403,-0.04037027122729408,0.2441614701096978
Totti,jng,LHE,2,34,0.529,7,0.0,10,56.9,58.7,47.9,51.5,53.2,Kaos Latin Gamers|LDM Esports,232.5,250.05882352941177,3.0294117647058822,277.3381794117647,0.16362125588235293,0.17647058823529413,1.8362441176470587,0.43486470588235293,0.7137722066403881,0.21593743790861802,9.470588235294118,526.1389323529411,0.0,0.0,0.3345659789801479,-0.6656817222456732,-0.05605199025182788,0.0,1.7149858514250882,-0.5588235294117647,-0.4046107833781143,0.10112455418373534,0.19655148101515293,-0.38523110605235983,-0.18281914013372724,-0.09333598977473129
Wos,sup,CBLOL,15,47,0.511,5,0.0,15,58.6,57.0,54.8,62.4,58.1,Prodigy Esports,20.72340425531915,45.808510638297875,5.808510638297872,181.56117872340428,0.0880278255319149,0.02127659574468085,2.4660617021276594,0.3351723404255319,0.6586759103963175,0.2032879524972831,0.23404255319148937,553.5579978723405,0.0,0.0,0.17668632245074067,0.964237852739595,0.13551845297632775,7.977777777777777,2.1879748724684185,-0.425531914893617,-0.49478556234508353,0.18942163944011242,0.10485931950804524,-0.01011896548787572,0.40242495644966436,0.16650864828248912
Sinmivak,top,UL,2,60,0.583,19,0.158,18,58.6,57.0,52.5,51.5,57.4,7more7 Pompa Team|devils.one inStreamly,59.55,46.68333333333333,0.7,443.96959,0.25208231666666664,0.5666666666666667,1.0100266666666666,0.1256,0.5843961838086383,0.19721913480346648,2.4833333333333334,686.4271100000001,0.0,0.15789473684210525,0.4327166547367159,-0.469458278280313,-0.4016909946558187,3.944139194139195,2.32379000772445,-0.43333333333333335,-0.4745157048598232,0.19257272566488431,0.10450784150871079,-0.13449779502256773,-0.18505231139591977,0.12764428501753405
Danny,bot,UPL,2,31,0.774,3,0.333,9,62.7,52.9,59.8,58.0,56.9,Zenith Esports,538.3870967741935,223.4516129032258,5.290322580645161,576.760970967742,0.25984635483870966,1.1290322580645162,0.9840935483870967,0.2580612903225806,0.6538072353869973,0.17547392169511572,3.3225806451612905,248.1540419354839,0.0,0.3333333333333333,0.3865877712031559,0.0,0.11028156996587037,3.4625,1.6164477182409742,-0.5806451612903226,-0.21367904860482337,0.41892251256792346,-0.11080767533047318,0.25520881621319663,0.15804695378724318,0.10244734606864711
Rharesh,bot,PGN,3,78,0.59,19,0.211,15,58.9,56.6,57.3,51.7,54.3,Racoon,37.8974358974359,86.5,5.397435897435898,561.0158025641026,0.28078184615384616,0.6410256410256411,1.214473076923077,0.30261410256410254,0.6545123168068239,0.19812970180764358,3.0,300.10229615384617,0.0,0.21052631578947367,0.4210050382517532,-0.3413638466024493,-0.211539098466532,2.902391677100948,1.6984155512168935,-0.48717948717948717,-0.3302598453256699,0.205458176471738,0.08217756781189976,0.12283092469096481,-0.176874462740369,-0.03698261776141324
Rekkles,bot,LEC,1,68,0.588,13,0.308,13,52.1,63.4,61.4,62.2,57.6,Fnatic,111.58823529411765,98.66176470588235,-2.3529411764705883,453.1685705882353,0.24079120588235295,0.7058823529411765,1.38025,0.4223235294117647,0.7206551107109807,0.10160317223741934,3.6176470588235294,217.54081764705882,0.0,0.3076923076923077,0.47656587925044297,-0.25600828729281766,-0.19375736160188461,10.197385620915034,1.5764815627361644,-0.6029411764705882,-0.2669197598785341,-0.15385307846563523,0.45523573799737604,0.3414352942706293,0.3891073828375631,0.13622953257741036
brTT,bot,CBLOL,15,51,0.549,11,0.182,12,60.8,54.7,56.5,71.7,60.3,paiN Gaming,463.15686274509807,258.078431372549,13.588235294117647,502.65111764705887,0.25957292156862743,0.5490196078431373,1.1933450980392157,0.2749078431372549,0.6864554407092197,0.16987046348877566,2.9607843137254903,344.0423274509804,0.0,0.18181818181818182,0.3826453286752806,-0.032642880381737516,0.3255945586886962,15.625000000000002,1.6803361008336117,-0.47058823529411764,-0.27709488630298185,0.3089579749202555,-0.014923385819011571,0.0802419322104869,1.0320938710921708,0.2805319404446428
Send0o,top,UKLC,3,47,0.702,9,0.222,17,59.8,55.7,59.0,52.5,58.2,JD|XL,250.12765957446808,44.744680851063826,-0.19148936170212766,507.06789361702124,0.2342768319148936,0.3191489361702128,1.080563829787234,0.16597659574468085,0.5707155101497644,0.30554272413117706,3.0638297872340425,910.6602638297874,0.0,0.2222222222222222,0.6999319098416468,-0.7375079543044151,-0.20957109802367588,3.73989898989899,2.4797048554642074,-0.5319148936170213,-0.3230868396872511,0.2538507926980566,0.03773033666186578,0.21321665018781627,-0.13387939257392215,0.16820806694033877
FIESTA,mid,LAS,3,29,0.586,7,0.286,12,60.5,55.0,57.0,55.6,59.1,Nongshim RedForce Academy|Team Dynamics Academy,207.55172413793105,29.137931034482758,8.137931034482758,663.9514965517241,0.283366724137931,0.4482758620689655,0.9535379310344827,0.18346206896551726,0.6395792630758121,0.17320298343831467,1.9310344827586208,344.36766206896556,0.0,0.2857142857142857,0.3580138464974317,-0.3271492908516503,0.04396432111000992,3.252680473968109,2.2283440581246223,-0.4827586206896552,0.0,0.2939944209043937,-0.0024695202543159093,0.1079503778218309,0.0308695041458699,0.21942321669329856
Natu,jng,LAS,3,20,0.45,7,0.286,6,59.7,55.8,57.8,53.1,52.2,Awesome Spear Academy,70.2,16.05,3.15,461.47175,0.1940478,0.55,1.535295,0.38905500000000004,0.6613289792839232,0.22729682436259294,7.75,706.17181,0.0,0.2857142857142857,0.32381241243843606,0.0,-0.27076758173048304,3.877003500871781,1.3416407864998738,-0.8,0.0,0.24924603015634966,0.04020693775113551,0.14843554548644902,-0.0994303893828106,-0.14946409892231113
MapSSi,sup,LAS,3,24,0.5,6,0.0,9,59.1,56.4,47.3,54.7,56.6,DN SOOPers Academy,124.79166666666667,90.58333333333333,2.2916666666666665,206.95847916666665,0.10107515416666667,0.0,2.676133333333333,0.35020416666666665,0.5732264203621762,0.16830132738849843,0.16666666666666666,405.05649166666666,0.0,0.0,0.12771216698709145,-0.8167817312798725,-0.14829268292682907,4.840734663234663,1.8371173070873836,-0.6666666666666666,0.0,0.21913784316608995,0.0748624643747405,-0.41499875765435157,-0.016770982313242283,0.08334837244683019
Truklax,top,LPLOL,3,46,0.652,6,0.0,16,60.0,55.4,45.3,49.9,55.5,For The Win Esports,374.9130434782609,227.7608695652174,7.239130434782608,418.05948695652177,0.21272950652173914,0.43478260869565216,0.923241304347826,0.12100652173913043,0.5414343125359442,0.2083867042400324,3.260869565217391,806.9911847826087,0.0,0.0,0.13313425407490356,-0.6773115484589678,-0.3212164652877331,2.3333333333333335,2.359071298478354,-0.41304347826086957,-0.6088597550597288,0.26674253675502246,0.022036364253034804,-0.534694657496201,-0.2742669863269508,0.026305213371215337
Aeon,bot,LPLOL,3,56,0.536,11,0.182,14,56.7,58.7,56.7,47.5,56.5,SAMCLAN Esports Club,159.57142857142858,-91.67857142857143,2.8392857142857144,535.2503589285715,0.27106092857142855,0.7857142857142857,0.9760482142857142,0.26095357142857145,0.7023687464739126,0.13827505077716165,2.4107142857142856,292.00917142857145,0.0,0.18181818181818182,0.5455392565192223,-0.5689823193651677,-0.4267749353262432,1.7313034188034186,1.8708286933869707,-0.42857142857142855,-0.38742620647882337,0.0905513157660838,0.19784757899925726,0.08798633429446255,-0.40518689176713213,0.0796693994753862
Minerva,jng,CBLOL,15,40,0.375,8,0.125,14,56.1,59.3,58.8,53.3,58.9,FURIA|Vivo Keyd,67.95,151.075,7.025,259.7961975,0.13852475250000001,0.1,1.6119225,0.467295,0.6857199134527846,0.17343616552872218,14.075,695.6993675,0.0,0.125,0.5447123357571119,0.0,0.05142083897158341,0.0,2.2135943621178655,-0.525,-0.2744614234445426,0.05911369044679872,0.2289988377933413,0.20248359130417642,-0.09087531266768743,0.20714983660133757
Matislaw,mid,UL,2,84,0.667,5,0.0,15,62.0,53.4,49.3,56.2,53.9,K1CK,327.45238095238096,185.75,0.8095238095238095,545.9654238095238,0.26243333333333335,0.4880952380952381,0.9105785714285715,0.14592976190476192,0.6384017866732794,0.14420816232650807,2.630952380952381,284.95230357142856,0.0,0.0,0.25391506323053525,0.5901323544132098,0.14255189750243288,2.0581256259040837,1.6366341767699428,-0.4523809523809524,-0.2158669199858691,0.37899832456131066,-0.08327986448886701,-0.30469982690633135,0.06520548292117694,-0.05966305065429401
Haeri,mid,OPL,15,67,0.597,14,0.143,14,60.2,55.2,54.5,52.7,48.2,ORDER,271.8805970149254,148.53731343283582,8.91044776119403,478.15540447761197,0.25861894029850746,0.5074626865671642,1.047341791044776,0.20983880597014926,0.6401718006472418,0.1686047755554388,2.716417910447761,351.2556014925373,0.0,0.14285714285714285,0.3652111055138492,-0.2298164964883873,-0.0965415043238622,2.6152065527065527,1.710372220988273,-0.582089552238806,-0.2938349527044215,0.2774492391942538,0.012586575537459312,-0.02554011017799612,-0.12265284897502635,-0.367758246198722
Sawyor,jng,HM,3,37,0.459,3,0.0,14,54.2,61.2,47.3,69.6,56.9,Phelan Gaming|Team Sampi,257.7837837837838,15.864864864864865,-2.864864864864865,257.0392432432432,0.1301504108108108,0.4594594594594595,1.704964864864865,0.3592297297297297,0.6337940391144052,0.14048107526368395,12.0,716.443645945946,0.0,0.0,0.15587035254206205,-0.46882545093026556,0.7169019458222055,9.064102564102564,2.301585822275002,-0.4594594594594595,-0.4546428999507879,-0.04143961649359417,0.3312682713359012,-0.41440939547482125,0.8628213651175562,0.10054177548588798
Duye,mid,LDL,2,85,0.6,15,0.133,17,56.8,58.6,50.8,58.8,55.6,Shu Dai Xiong Gaming,132.0909090909091,180.07792207792207,2.7012987012987013,495.4878482352941,0.24185341764705884,0.47058823529411764,1.0407068181818182,0.23894470588235295,0.636652172333714,0.14989407284999778,1.4352941176470588,362.33187647058827,0.0,0.13333333333333333,0.2954183967907664,-0.1336298588280797,0.08681470428266223,4.370506912442397,1.8439088914585775,-0.4470588235294118,-0.23342259280305605,0.09288603633209412,0.1891375878899358,-0.22360424429566722,0.20058834614415708,0.03150277273067114
Effort,sup,LCK,1,114,0.632,16,0.125,19,53.2,62.1,56.1,58.3,62.2,Liiv SANDBOX|T1,96.070796460177,44.13274336283186,-1.6106194690265487,126.00249385964912,0.07192913333333334,0.02631578947368421,2.9524877192982455,0.4724254385964913,0.6847699485108258,0.2674412541285606,0.043859649122807015,527.9881526315789,0.0,0.125,0.3015650088517436,0.15317967766002685,0.062019732092724864,5.294117647058823,1.7795130420052185,-0.43859649122807015,-0.2666921827670059,-0.0975029703969476,0.38070089667639695,0.059437719818017584,0.173714882642163,0.38774104261434655
Luana,top,TCL,15,45,0.578,9,0.111,14,60.2,55.1,53.3,53.1,53.1,Galakticos|Galakticos Academy,347.26666666666665,293.4222222222222,6.688888888888889,395.5976444444444,0.21505715555555555,0.4444444444444444,0.8908355555555556,0.13753333333333334,0.5450569630079434,0.1865223762273986,5.066666666666666,759.2624644444444,0.0,0.1111111111111111,0.2590476190476191,0.0,0.16643519063424436,0.0,2.0869967789998034,-0.5111111111111111,-0.5022895222950168,0.2774608125361457,0.00579860335854638,-0.08957580803651373,-0.10126545700074449,-0.10207998961808545
XMJ,jng,LDL,2,28,0.536,4,0.0,9,60.7,54.6,49.1,52.6,53.1,FunPlus Phoenix Blaze|Royal Club,144.76923076923077,256.84615384615387,6.538461538461538,378.2384142857143,0.17766687857142857,0.5357142857142857,1.7038133333333334,0.4012107142857143,0.6036775874584149,0.20115929146852277,17.892857142857142,541.9077714285714,0.0,0.0,0.13890364076237685,0.0,0.005866076369673512,0.0,1.7008401285415224,-0.5714285714285714,-0.4019176354989644,0.30407685188779676,-0.021492066015540715,-0.3173893819720031,-0.12686477146613306,-0.09901939431114287
Dhokla,top,LCSA,2,50,0.6,6,0.5,15,59.5,55.8,64.9,58.0,57.5,TSM Academy,210.72,90.4,4.48,472.46236799999997,0.24921970000000002,0.34,0.917744,0.17663,0.605271976426977,0.2564779151423611,2.94,749.16788,0.0,0.5,0.6016087301790609,-0.4299494661835457,-0.20943196269605757,5.946969696969696,2.1213203435596424,-0.5,-0.29202146280812113,0.2409176896532867,0.042533736170191384,0.5491440700421563,0.16053859856906114,0.13258942307967847
Hauntzer,top,LCS,1,51,0.451,7,0.143,17,57.3,58.0,54.2,55.4,59.9,Golden Guardians,-0.9,106.9,3.84,429.5635764705882,0.23963072549019607,0.17647058823529413,1.108478431372549,0.21052156862745097,0.5611942555714182,0.22419669271567927,2.5294117647058822,739.1225490196078,0.0,0.14285714285714285,0.2825881733909033,-0.2540861019121889,0.0064224975109761755,4.176470588235294,2.3804761428476167,-0.45098039215686275,-0.4057048106345985,0.11907469024042035,0.16043402456506659,-0.04375531400501641,0.021232869153589642,0.2630127882749787
Rascal,top,LCK,1,115,0.678,13,0.308,20,58.9,56.4,69.3,56.0,54.7,Gen.G,124.06140350877193,103.85087719298245,2.008771929824561,402.1170347826087,0.2154427843478261,0.391304347826087,0.9951652173913044,0.20948173913043477,0.5865767739288589,0.24519592928443842,2.5565217391304347,779.5133599999999,0.0,0.3076923076923077,0.49627027792287676,0.0,0.19189500917435082,1.756756756756757,1.8650096164806276,-0.4782608695652174,-0.3929314709729511,0.20629620809956656,0.07261598604247817,0.8428869030864697,0.05381950867233641,-0.01357293613071979
Gango,bot,LJL,15,47,0.511,10,0.1,14,58.3,57.0,49.7,70.8,66.8,Crest Gaming Act,-103.63829787234043,-22.80851063829787,-4.553191489361702,561.9586425531915,0.3131097021276596,0.9148936170212766,1.147691489361702,0.31353191489361704,0.7676543648480824,0.19027216053565493,2.3617021276595747,343.89359574468085,0.0,0.1,0.2735506130244594,-0.4584442655769509,0.4178698435277382,13.2594301994302,2.042109880970524,-0.44680851063829785,-0.141736797144544,0.17670894392928616,0.10445142050461617,-0.2844308113950229,0.9606482912600884,0.6679141524445155
Kaba,bot,GLL,3,46,0.717,5,0.2,13,61.0,54.3,56.0,57.7,56.4,Greek Regenesis eSports|Intrepid Fox Gaming|Team Phantasma,453.5652173913044,218.2826086956522,6.869565217391305,548.1507130434783,0.2457563695652174,0.8913043478260869,1.2302260869565218,0.3104673913043478,0.5455558059061126,0.2032584532938183,6.217391304347826,349.5405608695652,0.0,0.2,0.44929602744097,-0.5331756528454892,0.09483731706834067,4.022668579626973,1.9167454300136628,-0.5,-0.3179246946542586,0.3208368145760733,-0.035469809543554394,0.05081990756945255,0.14132755932350619,0.07199346530746026
Yui,sup,LPL,1,35,0.371,14,0.214,12,63.0,52.3,66.0,46.1,56.9,Bilibili Gaming Junior|Dominus Esports|Dominus Esports Young,13.818181818181818,107.21212121212122,0.9393939393939394,186.6297285714286,0.0969369742857143,0.05714285714285714,2.2519935483870968,0.2822142857142857,0.664368509272076,0.19926537068023137,0.02857142857142857,501.55212,0.0,0.21428571428571427,0.7085639552535089,0.0,-0.6276894215388225,0.0,2.02837021134844,-0.42857142857142855,-0.5348409807425141,0.43585670275244415,-0.14486875893883094,0.6134812279207597,-0.4874089799539905,0.0982582732769427
Chim,top,UPL,2,36,0.75,3,0.0,13,64.1,51.2,47.3,54.4,56.2,Just Randoms,461.1388888888889,552.8888888888889,7.333333333333333,484.65450277777774,0.21382258333333334,0.6111111111111112,0.8204277777777778,0.07561111111111112,0.5066207869916397,0.1703692586738912,2.4722222222222223,887.811738888889,0.0,0.0,0.0990154711673699,0.0,0.14693999700733198,0.0,2.1666666666666665,-0.4444444444444444,-0.4323043201988617,0.499515055443756,-0.19997613963280597,-0.4175018854433476,-0.03231609748030291,0.06569377680606521
Zaphyr,mid,LHE,2,55,0.655,6,0.167,18,58.7,56.5,54.2,54.0,55.5,LDM Esports|Rebirth eSports|Universidad Católica Esports,156.8,43.872727272727275,6.236363636363636,504.8219672727273,0.2665906,0.6363636363636364,0.9991654545454545,0.16852727272727272,0.6528370032270472,0.13972570777458826,2.5090909090909093,273.47292,0.0,0.16666666666666666,0.360854583046175,-0.03375871840304723,-0.1856114249936644,3.9583333333333335,2.4271195048676715,-0.4727272727272727,-0.41938840632172325,0.19489840341892584,0.0814674422663395,-0.042555210396336286,-0.051473652093105754,0.028377953776807026
Hena,bot,CK,2,56,0.464,15,0.267,11,56.7,58.5,62.2,49.8,50.2,HANJIN BRION,54.05357142857143,-14.75,2.357142857142857,556.1196607142857,0.3050975714285714,0.4107142857142857,1.2701660714285714,0.36313035714285713,0.6786658797314191,0.198735424263639,2.9107142857142856,363.2517732142857,0.0,0.26666666666666666,0.5652287697664619,0.0,-0.12194111759224112,0.0,1.4699368305183342,-0.5714285714285714,-0.4592094098822737,0.08951633364495615,0.18444032340312516,0.3865248625386596,-0.27959467879514177,-0.2540920064224845
Emets,bot,LHE,2,61,0.574,14,0.143,13,60.3,54.9,50.0,52.6,57.0,Azules Esports Academy,228.13114754098362,124.31147540983606,9.40983606557377,530.0240344262295,0.27515418032786887,0.7704918032786885,1.0757967213114754,0.2660508196721311,0.6797389507493996,0.19007335031478342,3.098360655737705,354.73156229508197,0.0,0.14285714285714285,0.20960004718434005,-0.3556164383561644,-0.06576440444123252,1.3399999999999999,1.6644794391276478,-0.4262295081967213,-0.42455433242146207,0.2843562324060147,-0.004518171668695368,-0.2644090566350953,-0.12481225561981535,0.10617685411203191
Khantos,bot,PGN,3,28,0.607,5,0.0,13,60.3,54.9,46.6,57.6,61.4,aNc Outplayed|ad hoc gaming,397.64285714285717,215.67857142857142,11.25,538.4548785714286,0.2597886071428571,1.0,1.0565857142857142,0.2567607142857143,0.6183157293017542,0.17127175056705563,4.857142857142857,297.78023214285713,0.0,0.0,0.11983624860439153,-0.776536312849162,-0.18469135802469133,6.781249999999999,2.456769074559977,-0.39285714285714285,-0.3302626370457538,0.28489455162093313,-0.0036748158275617523,-0.4606598423559155,0.13647327825768912,0.3429326842155072
Achuu,bot,NLC,2,47,0.447,12,0.25,16,61.4,53.8,62.3,56.7,62.8,Dark Passage|MNM Gaming|Tricked Esport,167.63829787234042,42.744680851063826,3.5319148936170213,615.5400255319149,0.3013814255319149,0.723404255319149,1.133087234042553,0.24874468085106385,0.6795691392339926,0.1985749925080079,3.0851063829787235,303.860485106383,0.0,0.25,0.6487281700835231,0.0,0.2769843733830076,0.0,2.333839863966313,-0.3829787234042553,-0.4574424538303341,0.34121638711885105,-0.06192382257470097,0.396769283808642,0.09152651642215079,0.42229430021321596
Shmebu,sup,LMF,2,42,0.476,8,0.125,14,57.1,58.0,54.0,52.8,63.2,Malvinas Gaming|River Plate Gaming,135.0,-35.57142857142857,1.119047619047619,164.33210714285715,0.10274033333333334,0.0,2.42687380952381,0.31549285714285713,0.7185935575309746,0.20495818711486558,0.047619047619047616,451.9775714285714,0.0,0.125,0.31302239092094164,0.0,0.10622774908489199,0.0,2.1602468994692865,-0.5,-0.14612487175641414,0.11233989941120313,0.15832792319924138,-0.05360400728142616,-0.11349627954537009,0.4439153397015717
Bolyy1,sup,NEXO,3,44,0.773,2,0.0,16,54.5,60.6,50.4,57.3,55.4,Astralis SB,129.88636363636363,-115.3409090909091,-0.9545454545454546,171.98307499999999,0.08413785,0.022727272727272728,2.5110318181818183,0.35212499999999997,0.7292113870313631,0.22947073654134587,0.36363636363636365,471.5279931818182,0.0,0.0,0.1743893437122534,0.6511098119065379,0.02401077622495371,4.975169209820177,2.412090756622109,-0.45454545454545453,-0.6314250295551298,-0.023765459762203563,0.30094962954230636,-0.24266741166133934,0.11939300439781159,0.021868685140860614
ShorterACE,jng,RCL,3,45,0.533,8,0.125,18,61.7,53.4,58.1,66.5,63.7,Grand View University|Wildcard Gaming,59.77777777777778,232.75555555555556,6.066666666666666,411.33860444444446,0.18571642222222223,0.4666666666666667,1.5309599999999999,0.27848,0.6296198432112419,0.23437010053029764,17.533333333333335,677.4082422222223,0.0,0.125,0.5539928840536946,0.0,0.28190189317374115,9.133333333333333,2.6832815729997477,-0.3333333333333333,-0.3843061875022034,0.3629348295038473,-0.08641902996128449,0.16280208466450816,0.64906359482849,0.4733437883138318
Bolulu,mid,TCL,15,58,0.603,6,0.0,17,58.7,56.3,47.6,54.9,55.2,Papara SuperMassive,191.01724137931035,103.70689655172414,-0.43103448275862066,506.0800396551724,0.2631366379310345,0.5689655172413793,1.0198137931034483,0.13483275862068964,0.6997846809519437,0.15677414907711978,2.4827586206896552,391.65168103448275,0.0,0.0,0.2803213336554723,-0.26808582638029677,-0.071589755161909,3.9026778742924075,2.2322093586152834,-0.5344827586206896,-0.23950593740734777,0.19447189147978816,0.06690739080635734,-0.3985499372588586,-0.0067784755842124345,0.010159861702804786
EliWood,sup,TCL,15,40,0.575,6,0.167,15,52.1,62.9,60.6,52.9,61.7,Beşiktaş Academy|Beşiktaş Esports|MNM Gaming,-67.875,-122.35,-11.0,177.0945925,0.09444171999999999,0.025,2.875855,0.41448999999999997,0.6816421689961449,0.17714372027057113,0.25,399.03290499999997,0.0,0.16666666666666666,0.6597730172408035,0.0,-0.023661712015325086,1.6985294117647058,2.3717082451262845,-0.475,-0.34460691630161594,-0.1529369961126963,0.430050472947024,0.2988943536559456,-0.10987127715991443,0.3626825684144731
Robin,jng,TCL,15,32,0.562,7,0.143,9,62.0,53.0,56.5,68.2,50.2,5 Ronin,96.15625,248.4375,8.1875,338.13528125,0.180167184375,0.28125,1.473090625,0.415246875,0.6895940906188437,0.23931589543119716,17.78125,518.950990625,0.0,0.14285714285714285,0.3756321379713175,0.003768792419531779,0.25231419844936964,10.776296296296296,1.590990257669732,-0.53125,-0.41592441432614125,0.37724270957442657,-0.10768882765872062,0.07709419470288865,0.7598418416372297,-0.2528039280151053
Trap,top,LAS,3,24,0.5,6,0.0,9,64.4,50.6,47.3,55.9,54.9,DN SOOPers Academy,500.125,68.08333333333333,9.375,573.4298541666667,0.27971504166666666,0.5416666666666666,0.7983208333333334,0.10641250000000001,0.5636850568498241,0.28000817560850455,2.7916666666666665,626.1446208333333,0.0,0.0,0.11830113014947141,-0.9291975724881996,0.17259334518669048,4.015664246906175,1.8371173070873836,-0.625,0.0,0.5189635403298781,-0.23556869022536203,-0.4144909186274057,0.04844198457362182,-0.0035264665573643827
Alby,jng,DL,3,38,0.711,2,0.0,11,55.3,59.6,63.2,62.3,48.9,PSV Esports,205.8684210526316,186.73684210526315,1.868421052631579,299.3376526315789,0.14622838947368422,0.13157894736842105,1.6423394736842105,0.4009105263157895,0.6726427160444188,0.21301341781217942,15.763157894736842,649.5331263157894,0.0,0.0,1.3926026467594164,-0.5039897861474625,0.4034822104466315,5.25,1.784435632438388,-0.5789473684210527,-0.5868536437916102,0.017447459512516632,0.24490444355228674,0.44765001175390534,0.39448353488900584,-0.3265958461294998
Kamil,jng,PGN,3,24,0.542,4,0.0,9,57.4,57.5,51.9,57.0,55.1,Bulldog Esports|Cyberground Gaming|EGN Esports,182.875,21.25,3.1666666666666665,345.53689583333335,0.16297520833333334,0.4583333333333333,1.3895083333333333,0.35680416666666664,0.7262873804185723,0.20239696615078004,10.208333333333334,660.5116624999999,0.0,0.0,0.29826086956521736,0.0,0.5849560901107292,0.0,1.8371173070873836,-0.4583333333333333,-0.3595785798251207,0.1264139914495069,0.13213601335526176,-0.16312580474537283,0.10299252832832678,0.004596881250086967
Ignar,sup,LCS,1,81,0.568,17,0.059,17,53.0,61.9,55.5,54.5,53.4,FlyQuest,-12.294871794871796,-116.44871794871794,-0.0641025641025641,143.99551975308643,0.07967495679012346,0.037037037037037035,2.790965432098765,0.43129629629629634,0.6704246854518313,0.19324841831528589,0.04938271604938271,421.42678024691355,0.0,0.058823529411764705,0.44685063014088644,-0.10440436756226228,-0.04339562876148248,3.659824088828404,1.8888888888888888,-0.5802469135802469,-0.4144100588955917,-0.10303443419868717,0.3738190890236987,0.025714200882682975,-0.028840587878099115,-0.08245556261695157
bucu,mid,UL,2,36,0.417,10,0.2,13,53.7,61.2,51.5,60.0,52.7,AVEZ Esport|Komputronik H34T,-108.33333333333333,-84.88888888888889,-2.388888888888889,493.488375,0.2757818055555556,0.6666666666666666,1.3395861111111111,0.21649722222222223,0.6761527876229552,0.17153335849321738,2.8055555555555554,336.4112861111111,0.0,0.2,0.305245211409595,-0.7380064429027817,0.4185277884738799,3.2608695652173916,2.1666666666666665,-0.4722222222222222,-0.4863911239152847,-0.06985730656441112,0.3309397863700399,-0.18329964888641895,0.26678268723305615,-0.12283744098216494
Mataz,jng,DDH,3,45,0.733,8,0.375,19,60.3,54.6,58.9,60.1,65.4,Cream Real Betis|Team Aze,238.46666666666667,191.11111111111111,2.8222222222222224,347.1315911111111,0.16784468,0.5333333333333333,1.3355088888888889,0.26878888888888885,0.7335128039614841,0.2351771591702284,10.377777777777778,686.4566022222223,0.0,0.375,0.26054732863048574,-0.5252191195259552,0.3185399803934652,4.039004029936673,2.8323527714997336,-0.35555555555555557,-0.30852239182225427,0.2838606607349286,-0.019943474646467566,0.20639742205615447,0.2745044746248114,0.5809192529377146
Hyoga,jng,BRCC,2,37,0.703,10,0.3,12,55.8,59.1,57.5,50.4,58.2,Santos e-Sports,-105.75675675675676,90.16216216216216,4.216216216216216,333.95787027027023,0.1488893243243243,0.40540540540540543,1.6081351351351352,0.3711621621621622,0.7068201022147694,0.1717559133157605,10.783783783783784,723.718954054054,0.0,0.3,0.2778983595273603,0.0,-0.1344326181696279,0.0,1.9727878476642875,-0.4864864864864865,-0.31182707487330724,0.043086797566627366,0.2189408924716034,0.1345563487104482,-0.2453810084456973,0.16993267519887417
Raizins,sup,UKLC,3,34,0.412,7,0.286,13,58.4,56.5,59.0,53.5,55.9,London Esports|Phelan Gaming,135.44117647058823,212.8235294117647,3.2058823529411766,164.65722647058823,0.0870564794117647,0.029411764705882353,2.365394117647059,0.3412235294117647,0.6742996888235069,0.21324682710538867,0.11764705882352941,496.0250852941177,0.0,0.2857142857142857,0.4066571277957678,0.0,0.009033052761239741,2.0785340314136125,2.2294816068526147,-0.6176470588235294,-0.30793071441208,0.18172425125654013,0.0792203093768434,0.21296519577201645,-0.07963994598385817,0.046282164119467964
Targamas,sup,LFL,2,61,0.607,14,0.429,19,50.9,64.0,66.5,57.4,69.0,Misfits Premier|Vitality.Bee,-156.44262295081967,-131.34426229508196,-4.213114754098361,183.19170983606557,0.08977899344262295,0.03278688524590164,2.658595081967213,0.43672295081967216,0.712365874532078,0.18747177684690244,0.06557377049180328,452.5664508196721,0.0,0.42857142857142855,0.48218584807626524,-0.18839306360212477,-0.0798636329896218,3.8353767826665512,2.4327007187250236,-0.3114754098360656,-0.29209744332434634,-0.21869740949873992,0.4943185903573421,0.6499412206912962,0.12672176571420557,0.8177999892164305
Alielie,top,LDL,2,24,0.292,9,0.0,11,59.4,55.5,51.1,49.7,57.5,Bilibili Gaming|Bilibili Gaming Junior,247.66666666666666,195.33333333333334,3.375,475.1747708333333,0.26485620833333334,0.375,0.7302208333333334,0.12365,0.6514085941338515,0.22914200054212308,4.083333333333333,901.5264833333334,0.0,0.0,0.3297496624078114,0.0,-0.3145224940805051,0.0,2.2453655975512468,-0.4583333333333333,-0.3366752111176376,0.23217614960256072,0.026228568352874817,-0.20759401114184542,-0.28313535573545856,0.12981245223652854
TolanD,mid,LAS,3,25,0.44,5,0.2,7,58.6,56.3,53.9,53.6,49.8,Liiv SANDBOX Academy,143.88,18.92,4.36,672.201912,0.28655028,0.2,1.2897880000000002,0.215596,0.5897878632115024,0.18982144308739246,1.0,301.78797599999996,0.0,0.2,0.16017853232248444,-0.14124543387606,-0.1223682527741208,3.241962450312871,1.4,-0.72,0.0,0.19229305050349596,0.0666175401737198,-0.05640811139842199,-0.07171387741839473,-0.2773798036507785
Betty,bot,LPL,1,64,0.516,10,0.0,9,53.7,61.1,41.8,48.9,46.9,Rogue Warriors|Royal Never Give Up,-130.18965517241378,86.60344827586206,-7.810344827586207,476.235621875,0.2784095625,1.015625,1.5232433333333333,0.4545953125,0.6843674858314751,0.14123921405039802,2.578125,308.9598828125,0.0,0.0,0.1725070468564892,-0.6992959707251104,-0.2271738367604744,1.8174603174603177,1.125,-0.609375,-0.3815153971717026,-0.06951222956415322,0.32866938286887626,-0.7606487351713076,-0.329161519383048,-0.43959116652172164
whiteinn,sup,EBL,3,69,0.594,11,0.091,15,56.7,58.1,52.1,51.9,53.7,BCN Squad|Team Phantasma|ŠAIM SE SuppUp,159.15942028985506,74.57971014492753,-1.1884057971014492,166.24919855072463,0.08677212463768116,0.014492753623188406,2.4870072463768116,0.2887173913043478,0.6898429601768309,0.20341058223686515,0.057971014492753624,509.92499130434777,0.0,0.09090909090909091,0.36068656924202364,-0.13930574935216553,-0.17925602811098987,3.592540296450911,1.805787796286538,-0.5072463768115942,-0.37736717452252455,0.08749649069903827,0.1659531183406568,-0.15381223130967975,-0.16376615958372592,-0.07019099000316081
Mikkel,mid,BL,3,21,0.524,6,0.0,9,61.2,53.6,50.4,54.7,52.9,Aethra Esports|RSC Anderlecht Esports,315.9047619047619,119.42857142857143,11.238095238095237,565.9740333333333,0.2976495,1.0952380952380953,0.701604761904762,0.10597619047619047,0.7007606289561177,0.15317923983890372,2.4761904761904763,332.5770761904762,0.0,0.0,0.12568555758683728,0.0,0.19472672342762976,0.0,1.9639610121239315,-0.5714285714285714,-0.2325957972570218,0.3314863201932919,-0.0722754726567497,-0.24289892182503958,-0.016502210841101747,-0.11025460451658022
Luci,sup,CBLOL,15,28,0.643,6,0.333,11,57.0,57.8,65.6,48.3,54.6,Flamengo MDL,80.57142857142857,39.857142857142854,-3.6785714285714284,184.69057857142857,0.08470828571428571,0.03571428571428571,2.8070214285714283,0.4322107142857143,0.6644609701056673,0.2639130238582554,0.14285714285714285,684.0291,0.0,0.3333333333333333,0.8978836979593553,0.0,-0.3568836961587112,0.0,2.0788046015507495,-0.5357142857142857,-0.47641062804071727,0.10559054600200218,0.1481008550088426,0.5920840688649989,-0.3608183402808922,-0.0189310365871862
Taikki,jng,NLC,2,27,0.593,5,0.2,11,60.5,54.3,54.6,51.2,60.5,ENCE,447.0740740740741,247.1851851851852,2.5555555555555554,351.6216111111111,0.17512912962962962,0.3333333333333333,1.2325333333333333,0.29824814814814815,0.7324241152364422,0.2042972071876737,13.666666666666666,584.7858962962963,0.0,0.2,0.24251339326250795,0.0,-0.23122991527899503,0.7894736842105263,2.116950987028628,-0.5555555555555556,-0.06282720304646211,0.2910548468508421,-0.03458837901368075,-0.022097255591038898,-0.203764006536791,0.2935504034816797
Time,jng,LPLOL,3,26,0.577,12,0.25,10,54.2,60.5,54.8,54.0,56.7,OFFSET Esports,-108.42307692307692,-97.65384615384616,0.0,337.34985384615385,0.18043421923076924,0.19230769230769232,1.5196461538461539,0.3821115384615385,0.7589548452624237,0.19141395917860551,10.76923076923077,640.4376307692309,0.0,0.25,0.2903344867358708,-0.7056886567503122,-0.00948599161703063,2.6371527777777777,1.9611613513818404,-0.5769230769230769,-0.1520470198214765,-0.041251410827061505,0.29570079022065354,-0.0103521547155115,-0.05232748244734735,0.08755928321824215
Keith,bot,LCSA,2,23,0.522,3,0.0,7,59.7,55.0,49.7,52.7,48.3,Golden Guardians Academy,370.7826086956522,357.2608695652174,8.26086956521739,549.6245,0.26954147826086955,0.5652173913043478,1.2216695652173915,0.3143782608695652,0.6084290526257817,0.15354552828838383,1.2608695652173914,321.6519739130435,0.0,0.0,0.308905997528752,-0.5056356113568269,-0.13739751388521557,1.2222222222222223,1.4596008983995234,-0.782608695652174,-0.4789747920292294,0.25162002634393554,-0.0015585488080620633,-0.28410162207565587,-0.12054934965204127,-0.3619774549084023
DahVys,jng,SLO,3,32,0.5,7,0.0,13,56.1,58.5,53.2,47.1,56.9,Cream Real Betis|Greek Regenesis eSports,68.78125,144.875,0.1875,334.064028125,0.1589383875,0.3125,1.379953125,0.307484375,0.7532795676326274,0.20600042634680796,10.3125,798.778409375,0.0,0.0,0.2932649420160571,0.5003673134263862,-0.38761630482941967,0.44827586206896536,2.2980970388562794,-0.53125,-0.354985308270906,0.058194559333326415,0.1877217447741327,-0.09648226648472608,-0.42832062013388983,0.10233110666172296
Perro,bot,LHE,2,23,0.391,11,0.091,12,57.6,57.0,53.6,50.3,58.5,Dark Horse,101.30434782608695,-142.95652173913044,2.9130434782608696,606.9116869565217,0.30930991304347827,0.6521739130434783,1.013704347826087,0.269995652173913,0.7549861214833165,0.1801575962886368,2.5652173913043477,364.9134,0.0,0.09090909090909091,0.3393992545494409,0.0,-0.26057401812688813,0.0,2.5021729686848975,-0.5217391304347826,-0.4834180251344056,0.13545538046352743,0.10636495337743596,-0.07469183990456554,-0.25089304024841547,0.18674831566966132
Psclly,top,PGN,3,58,0.621,17,0.176,15,56.6,58.0,54.5,58.1,46.5,Game Changers|Racoon,-80.39655172413794,116.06896551724138,1.0517241379310345,458.96331551724137,0.2146908896551724,0.43103448275862066,1.0058931034482759,0.13054827586206896,0.5571133069125666,0.20778397464209358,2.9310344827586206,810.4992706896552,0.0,0.17647058823529413,0.3332435118296831,-0.3768421911493233,0.3709393611261503,3.6620743339660025,1.9695964928958383,-0.6896551724137931,-0.4180128149887606,0.08212924606867066,0.15775565692665539,-0.02576450127485052,0.16127770637829342,-0.4644340400777227
Rafitta,bot,SLO,3,41,0.512,4,0.0,12,56.1,58.5,45.9,60.1,53.2,UCAM Esports,113.51219512195122,-24.390243902439025,-6.048780487804878,551.5738853658536,0.2884345731707317,0.6097560975609756,1.2232292682926829,0.32513170731707314,0.73051471284972,0.2100211872822167,2.1951219512195124,297.0643268292683,0.0,0.0,0.22223895008981134,-0.7689336424819435,-0.26556266755602315,8.813333333333333,1.8740851426632728,-0.5365853658536586,-0.43617674580710347,0.058668441582580805,0.18720177870491067,-0.49976741946433645,0.2712924060674971,-0.09553820899805014
Unho1y,bot,BM,3,39,0.41,11,0.182,10,53.7,60.9,57.6,45.8,49.9,Elements Pro Gaming|Vega Squadron|Zero Six PowerSpike,-219.4102564102564,-171.48717948717947,-4.461538461538462,547.7588358974359,0.2721266666666667,0.9487179487179487,1.4520589743589742,0.29783333333333334,0.6493810183008734,0.14275362428985963,2.58974358974359,265.96943076923077,0.0,0.18181818181818182,0.4439746300211417,0.0,-0.5016981132075472,0.0,1.6012815380508714,-0.5897435897435898,-0.43180142422705853,-0.06951809494836038,0.3141568157060335,0.1394091927245922,-0.5075404557224052,-0.2698230677054775
FatShield,top,OTBLX,3,38,0.474,6,0.167,13,58.9,55.7,53.3,57.9,53.2,Absolute Legends Netherlands|Dynasty|Timeout Esports Academy,283.4736842105263,135.47368421052633,1.5,472.6582657894737,0.2376250263157895,0.23684210526315788,0.8594605263157895,0.11606842105263157,0.5417856329667462,0.1816079864337059,1.5789473684210527,981.1637842105263,0.0,0.16666666666666666,0.2766911194953979,-0.48241060109212214,0.5673506902098027,2.514650469364336,2.108878474699913,-0.5,-0.4681015477796427,0.20858583298426203,0.03533500922489196,-0.09176136107169582,0.1528892252592904,-0.0941645780803319
WidowMaker,jng,NEXO,3,37,0.784,3,0.333,16,56.3,58.3,62.1,59.0,63.0,Movistar Riders Academy,38.513513513513516,204.6216216216216,1.3783783783783783,325.6285864864865,0.15878164864864863,0.32432432432432434,1.3836594594594593,0.331572972972973,0.7120820141283285,0.19405662555817355,14.27027027027027,687.1034675675676,0.0,0.3333333333333333,0.7041420118343197,-0.7710044809559372,0.06250338075404355,5.863278886872353,2.6303837968857167,-0.4594594594594595,-0.20145492311346883,0.06612486890554664,0.17583074357262618,0.38172194661089937,0.2112916078598432,0.43458743055155086
IceBreaker,top,GLL,3,73,0.644,17,0.235,19,61.6,52.9,63.8,50.3,57.4,NVision Esports|WLGaming Esports,263.8082191780822,-69.61643835616438,1.9452054794520548,520.9818383561644,0.2470934383561644,0.3424657534246575,0.9469876712328767,0.12687260273972603,0.5301291724232831,0.27236670715589245,3.8493150684931505,1068.7494123287672,0.0,0.23529411764705882,0.44508856132083063,0.6562636278174215,-0.13434928709392963,2.0086043286252604,2.223781796726481,-0.4246575342465753,-0.4283899782622738,0.35586696910279625,-0.1089021849693168,0.479470355624501,-0.24926197076127624,0.12804604936995506
Manolito,top,LHE,2,58,0.534,8,0.0,13,58.4,56.1,46.9,58.3,49.0,Azules Esports Academy|Dark Horse|Universidad Católica Esports,135.5,109.62068965517241,4.948275862068965,462.8825724137931,0.23745277586206898,0.3275862068965517,0.9117258620689654,0.13867931034482758,0.5816531603436038,0.2080376691124297,2.4827586206896552,864.7594655172413,0.0,0.0,0.17026984904484124,0.08977834476160107,-0.009697513502320954,3.9532967032967035,1.7069836271763932,-0.6379310344827587,-0.3482819231162993,0.18040649134706774,0.05990568812401224,-0.4418430967789839,0.17305855703641132,-0.3198660640981863
sOnyky,sup,LMF,2,51,0.824,2,0.0,16,57.8,56.7,52.0,47.9,60.6,9z Team|Rebirth eSports,187.1764705882353,187.88235294117646,-7.392156862745098,146.27916078431372,0.08306383137254902,0.0784313725490196,2.2740529411764703,0.23957450980392156,0.6888084196763551,0.14787725750400293,0.0784313725490196,370.60208039215684,0.0,0.0,0.6892086491555128,-0.8501218033449492,-0.279704409461702,0.0,2.2404481344448155,-0.5294117647058824,-0.3335457025759775,0.14527094152317802,0.08980154810984081,-0.15992450465776192,-0.38496596216522744,0.296550366838322
Hylissang,sup,LEC,1,68,0.588,13,0.308,14,67.6,46.9,63.1,60.8,57.3,Fnatic,237.05882352941177,219.47058823529412,6.4411764705882355,165.16072647058823,0.0880970955882353,0.029411764705882353,2.3168632352941176,0.3010514705882353,0.6023621320036914,0.27762068082622016,0.3235294117647059,601.7832147058824,0.0,0.3076923076923077,0.44414647808155866,-0.4153583469591516,-0.23008288825314635,11.828234728234728,1.697749375254331,-0.47058823529411764,-0.3190071866112145,0.7215992649717752,-0.4382391343912671,0.4399176609994843,0.3111501302350921,0.11881329842486993
Xerxe,jng,LEC,1,48,0.5,6,0.0,16,58.2,56.3,54.2,63.6,61.3,Origen,57.0,144.875,3.25,284.4690166666667,0.14696199166666665,0.125,1.9704625,0.4567270833333333,0.6809502548117833,0.18116591284724792,9.479166666666666,622.2622395833333,0.0,0.0,0.33645808454740866,0.5459058631307737,-0.12907695587294826,9.81570512820513,2.3094010767585034,-0.4583333333333333,-0.35474921619106214,0.17127194299028153,0.0699417827280273,-0.042378924962545736,0.4690984907307558,0.3376582311793819
Yang,top,CBLOL,15,47,0.511,6,0.0,16,55.0,59.5,52.1,52.9,60.9,KaBuM! Esports|paiN Gaming,-66.74468085106383,90.95744680851064,-0.48936170212765956,416.72357021276594,0.21160517021276595,0.3404255319148936,0.9862978723404255,0.1941063829787234,0.6191798655668966,0.2199302476301328,2.765957446808511,779.3759489361703,0.0,0.0,0.4470844811753903,-0.11010847652875105,-0.000998051049918059,1.7053140096618358,2.333839863966313,-0.44680851063829785,-0.2902534723445968,0.0018155260934338614,0.24029302030215316,-0.154861664768003,-0.11046024131235249,0.31467526150863334
VaSKED,sup,HM,3,53,0.66,7,0.143,14,58.4,56.1,55.6,52.2,56.0,SINNERS Esports|Team Sampi|eSuba,219.1320754716981,9.264150943396226,-1.4150943396226414,174.22511320754717,0.0836633962264151,0.05660377358490566,2.390567924528302,0.3035018867924528,0.6812136274143645,0.22061278507554785,0.03773584905660377,556.4414301886793,0.0,0.14285714285714285,0.44921826370767387,-0.1160428733782008,-0.10014231875391902,2.6753519863689363,1.9230478952816463,-0.5094339622641509,-0.3119014482958318,0.18116647153742566,0.05982073467564782,0.031032162065440558,-0.14804039165722344,0.05523600385045621
Hauz,mid,BRCC,2,27,0.444,7,0.571,15,57.3,57.2,67.9,48.3,58.6,Falkol|INTZ,85.51851851851852,-78.5925925925926,-1.2962962962962963,569.4845962962963,0.3096845555555556,0.4074074074074074,1.1674814814814813,0.22425555555555554,0.6527217241642193,0.2080932087575846,4.666666666666667,342.1387962962963,0.0,0.5714285714285714,0.8307963695336728,0.0,-0.48573483577079835,0.0,2.8867513459481287,-0.37037037037037035,-0.5201329793307902,0.12330514224443141,0.11449859809057117,0.7438882343224809,-0.35871367905037,0.19308817604013168
Ceasarna,jng,PGN,3,21,0.429,7,0.286,11,60.4,54.1,62.3,63.0,56.3,Cyberground Gaming,370.23809523809524,567.8095238095239,14.666666666666666,347.9422714285714,0.18528664761904762,0.09523809523809523,1.357747619047619,0.276,0.6613062636006024,0.20020982629341763,8.857142857142858,705.4370904761905,0.0,0.2857142857142857,0.5124292394782181,0.9357346462814203,0.9963568053737121,3.0760233918128654,2.400396792595916,-0.42857142857142855,-0.5359345497363587,0.28615904426700367,-0.04752799535345275,0.39186316746987615,0.43631525703287166,0.0709916953848861
Slayer,sup,LPLOL,3,57,0.702,6,0.0,9,56.4,58.0,46.5,57.2,44.6,EGN Esports,147.08771929824562,-119.0,-5.649122807017544,181.28608771929825,0.09286317543859648,0.05263157894736842,2.5332754385964913,0.3586578947368421,0.6950798593074949,0.22383061215403294,0.07017543859649122,406.9312894736842,0.0,0.0,0.1382243283417073,-0.01188127018333568,0.1637774762650664,3.137630662020906,1.1920791213585393,-0.6491228070175439,-0.40656341017139513,0.0733202298832718,0.16031029756174564,-0.4645628840861615,0.11494623623115044,-0.5782549839417745
Biofrost,sup,LCS,1,71,0.507,13,0.154,15,50.6,63.8,57.9,57.7,51.4,TSM|TSM Academy,-40.436619718309856,-34.12676056338028,0.2112676056338028,128.88704929577463,0.0734451338028169,0.028169014084507043,2.8703352112676055,0.4285140845070422,0.6700224794706545,0.17772365180265604,0.028169014084507043,478.17464647887317,0.0,0.15384615384615385,0.37303947856449315,-0.023715282946077963,0.1399262155450199,4.202849731193785,1.7801724872907798,-0.5070422535211268,-0.5179955765756572,-0.231590801087307,0.4824998448511177,0.15520158814382323,0.14202297853960943,-0.1908733694194855
zhìì,mid,OTBLX,3,24,0.542,7,0.0,13,58.4,56.0,50.1,59.8,59.6,Absolute Legends Netherlands|Team Black,288.375,258.5416666666667,7.0,536.2790583333334,0.26190929166666665,0.5833333333333334,0.9142625,0.142775,0.6172692955725244,0.10181690962940963,2.5416666666666665,333.5804125,0.0,0.0,0.13475213457372245,0.0,0.3560334528076463,4.329546633468202,2.65361388801511,-0.5416666666666666,-0.02035188469013097,0.17909714076637429,0.05302967303713976,-0.2613710524283657,0.253108899586876,0.24253434644684208
xiaohuangren,jng,LDL,2,75,0.52,26,0.192,11,66.0,48.4,56.9,44.1,48.4,Dominus Esports Young,26.68918918918919,319.68918918918916,7.162162162162162,427.79486133333336,0.208662896,0.5066666666666667,1.1954826923076924,0.30779733333333337,0.6791104351971347,0.2624433647014075,20.466666666666665,593.5378346666666,0.0,0.19230769230769232,0.38950718595633715,0.0,-0.4158359888483336,0.0,1.2701705922171767,-0.4666666666666667,-0.5175389248104002,0.6181780155159144,-0.35595439136094004,0.10069149349353067,-0.6069793363603364,-0.35336047935076476
Stay,bot,LDL,2,21,0.667,4,0.25,5,60.0,54.4,58.3,52.5,51.0,Team WE Academy,435.7142857142857,245.0952380952381,2.4285714285714284,555.5495666666667,0.26906838095238095,1.0,0.9872400000000001,0.2925142857142857,0.6467414033185078,0.17176899244546304,3.5714285714285716,306.12834285714285,0.0,0.25,0.5013283740701381,0.0,-0.07346012912231731,0.0,1.091089451179962,-0.7619047619047619,-0.1981079560716422,0.2637905288258306,-0.030782385591254707,0.17265239800176346,-0.13402225127365047,-0.211413349364211
Own3r,jng,LPLOL,3,46,0.652,6,0.0,17,58.6,55.7,46.0,52.8,56.9,For The Win Esports,259.1304347826087,111.06521739130434,-0.021739130434782608,338.0158956521739,0.17335741956521739,0.34782608695652173,1.4233478260869565,0.3586847826086957,0.6838723370282968,0.23653792801625617,15.173913043478262,628.7030173913043,0.0,0.0,0.0783428889355498,-0.33016539260354705,-0.008371747628588699,2.076923076923077,2.5065132546332514,-0.41304347826086957,-0.6175185547879073,0.1920040621370572,0.03927779974946835,-0.4906301797694135,-0.1159925799300981,0.09873660835199266
GreeN Lant3rN,sup,GLL,3,31,0.613,10,0.2,10,62.2,52.1,53.1,52.8,52.8,Game Changers|Team Refuse,95.90322580645162,129.25806451612902,0.9032258064516129,216.88724838709678,0.09168325161290322,0.0967741935483871,2.1734709677419355,0.22673548387096776,0.6151154093227766,0.20186346770362548,0.03225806451612903,595.3171967741936,0.0,0.2,0.2318171160609613,-0.4740525039582802,-0.09677801468846256,2.5940170940170937,1.7960530202677492,-0.6451612903225806,-0.2849015309323113,0.38668022133765156,-0.15385952446808204,-0.10221878719048418,-0.11411219018373159,-0.11535227417774242
Lesmart,mid,LMF,2,23,0.652,3,0.333,15,58.6,55.7,57.2,52.1,62.6,Isurus Academy,254.65217391304347,24.956521739130434,3.5217391304347827,513.8077434782609,0.2952040869565217,0.6956521739130435,1.1504391304347827,0.21441304347826087,0.6645235929846914,0.25555483481684854,6.086956521739131,375.82135217391306,0.0,0.3333333333333333,0.46765393608729544,-0.5949319213313161,-0.09921780986762925,0.0,3.127716210856122,-0.34782608695652173,-0.2930433986324866,0.19299729114836278,0.03581801869155473,0.11574183812000252,-0.15522742762297256,0.40949959557344107
Caps,bot,LEC,1,34,0.765,4,0.5,13,60.7,53.6,70.8,51.7,66.3,G2 Esports,-37.36363636363637,0.7575757575757576,-9.121212121212121,683.6366558823529,0.29863126470588236,1.0,1.0276176470588236,0.2566764705882353,0.7398127948833649,0.18496043634966616,4.9411764705882355,398.6050117647059,0.0,0.5,0.9489103096801712,0.006102901024476878,-0.18657917135718402,2.4520116640572804,2.2294816068526147,-0.5,-0.279730563826918,0.30318448786783025,-0.07128725084907667,0.959006097735442,-0.17394429940995076,0.6339836644728428
Valyrian,jng,BL,3,27,0.63,7,0.0,14,64.5,49.8,50.4,59.5,58.5,Epsilon Esports|Les Fils De Bonvalet|Timeout Esports,575.2962962962963,598.5925925925926,13.88888888888889,409.7233222222222,0.1920273037037037,0.25925925925925924,1.072385185185185,0.23932222222222221,0.6379025414949339,0.22749656739956267,9.851851851851851,822.9848037037037,0.0,0.0,0.17750552529453734,0.0,0.3933517113826847,3.924528301886792,2.6943012562182536,-0.4074074074074074,-0.5454243207212529,0.5238270647059803,-0.2759757303301558,-0.2459284921301222,0.23942811751522974,0.18635909435614645
woofi,jng,LMF,2,39,0.462,10,0.1,16,54.0,60.3,51.0,59.0,57.7,Azules Esports Academy|Intel New Indians,-37.46153846153846,43.46153846153846,3.9743589743589745,267.1188205128205,0.1622985076923077,0.23076923076923078,1.761302564102564,0.4926897435897436,0.7190752539734441,0.20569591712125648,9.743589743589743,561.255817948718,0.0,0.1,0.3785950960901259,-0.5558223289315726,0.5257685697918656,0.0,2.562050460881394,-0.4358974358974359,-0.6909681974720924,-0.05097633410033412,0.28223157972874413,-0.21316888707775822,0.2130089814721586,0.14457101225235708
Patrik,bot,LEC,1,36,0.417,5,0.0,12,59.5,54.8,50.8,52.3,60.7,Excel Esports,146.33333333333334,84.11111111111111,5.527777777777778,556.8519611111111,0.3167663333333333,0.5277777777777778,1.1877,0.27422777777777774,0.7210225302242109,0.16020639381553256,3.4166666666666665,353.96169166666664,0.0,0.0,0.3447971781305115,0.0,0.06132481599777805,0.0,2.0,-0.5277777777777778,-0.41142297519911086,0.23767982091209222,-0.012972553874368768,-0.2244593729803451,-0.1409784523385908,0.30333048717556627
huanfeng,bot,LPL,1,111,0.577,29,0.379,12,62.9,51.4,67.1,57.9,53.2,Suning,48.613207547169814,83.90566037735849,3.5754716981132075,612.0613585585585,0.2978236864864865,0.6666666666666666,1.1788582417582418,0.30904954954954955,0.676452989952733,0.16527160395858986,3.7117117117117115,347.7490225225225,0.0,0.3793103448275862,0.4202939919975513,0.12907416796436455,0.22103729830851965,1.873878205128205,1.138989594902999,-0.5405405405405406,-0.2579672553800205,0.4277249862136949,-0.18973369059011702,0.6879280083770672,0.15143015138879115,-0.09478805034757107
Alu,sup,LDL,2,34,0.529,11,0.0,13,54.8,59.5,43.8,48.3,59.8,LGD Gaming Young Team|eStar,13.03125,80.53125,-0.21875,153.16378529411764,0.0811684911764706,0.029411764705882353,2.6569642857142854,0.41213235294117645,0.6816499643395235,0.2112475123069654,0.0,583.5167911764705,0.0,0.0,0.1335494976181898,-0.9252679784610739,-0.3646590302582419,0.0,2.2294816068526147,-0.5294117647058824,-0.3092493901301734,-0.009809505263454865,0.23647914039642395,-0.6296401739293722,-0.35824981460811567,0.25573780638108456
xiye,mid,LPL,1,113,0.504,28,0.107,19,59.1,55.1,57.5,51.1,51.7,Dominus Esports|JD Gaming|LGD Gaming,147.23762376237624,169.5049504950495,-0.46534653465346537,486.00050000000005,0.2598115315315315,0.4778761061946903,1.0387948051948053,0.22773243243243244,0.7146448770121455,0.21502115874458275,3.1171171171171173,353.6537707964602,0.0,0.10714285714285714,0.4223630536830523,0.25529552304041664,-0.06786669717255923,1.7652261552560655,1.7873696499288347,-0.40707964601769914,-0.342189833683013,0.2169383642808671,0.006022327150774714,0.12935712757189144,-0.2068926127465623,-0.17425805749840784
Hollow,top,OTBLX,3,24,0.875,1,0.0,10,61.7,52.5,49.6,53.0,55.2,EGN Esports|Obnoxious Gaming,370.25,397.5833333333333,10.708333333333334,468.05941666666666,0.22738483333333334,0.5,0.8065666666666668,0.11825000000000001,0.4938504794425847,0.21231860459801635,4.5,736.964575,0.0,0.0,0.07293483431108293,0.0,-0.1169642857142857,2.6915475470284904,2.041241452319315,-0.5833333333333334,-0.16290464607561866,0.35779800642781534,-0.13173859713103556,-0.2870276597271483,-0.10508402137315086,0.008893964363263202
Ablazeolive,mid,LCSA,2,41,0.488,5,0.0,17,59.1,55.1,50.4,60.8,59.6,Golden Guardians Academy,233.26829268292684,105.7560975609756,3.8780487804878048,535.1156658536585,0.2827333414634146,0.36585365853658536,1.0180121951219512,0.17260243902439024,0.7192299471862259,0.21352728879816202,0.8780487804878049,438.23790731707317,0.0,0.0,0.6008302288451304,-0.8734658311394564,0.2925760821320369,5.0,2.654953952106303,-0.3170731707317073,-0.514451945034508,0.2182992223621686,0.003512062379611467,-0.2420662108286535,0.3086859025347899,0.2434398281292829
Robocop,top,HM,3,55,0.545,11,0.091,12,54.2,60.0,58.4,46.9,45.7,eMonkeyz|eSuba,96.2909090909091,35.63636363636363,-1.5454545454545454,425.2849090909091,0.21406945454545456,0.2727272727272727,0.9350781818181818,0.13299454545454545,0.59919974435396,0.1814584098027667,1.4363636363636363,830.9385963636363,0.0,0.09090909090909091,0.20594857210569972,1.446605527174247,-0.5668352348288654,2.1306193806193807,1.618079669911781,-0.5272727272727272,-0.5498505484522728,-0.04348746609181248,0.26487715122866384,0.17822983211923132,-0.44200576597704727,-0.5084184675020197
Xiaguang,bot,LDL,2,53,0.472,11,0.091,11,57.1,57.1,53.6,50.1,53.9,EDG Youth Team|EDward Gaming,-157.52,-22.06,-6.32,601.8007396226416,0.28362001320754715,1.0188679245283019,1.0621321428571429,0.2737075471698113,0.6649176502910426,0.12995864026356418,2.2830188679245285,297.3826886792453,0.0,0.09090909090909091,0.39086612730494996,0.0,-0.11070172771951162,0.0,1.5109662034355793,-0.6037735849056604,-0.29430930214717027,0.10974478170980226,0.10913307265183007,-0.07523398583209845,-0.2623034824948571,-0.055512842824142095
Memento,jng,PRM,3,49,0.51,8,0.125,18,56.4,57.8,50.7,47.7,57.7,ad hoc gaming,264.0612244897959,125.04081632653062,-0.5510204081632653,296.2858510204082,0.15890826938775512,0.2653061224489796,1.4003061224489795,0.3314122448979592,0.7046285996450251,0.20463629564717828,15.183673469387756,634.4513265306123,0.0,0.125,0.32788992194103317,-0.842473909741301,-0.3900926180651077,2.1785714285714284,2.5714285714285716,-0.5102040816326531,-0.48885651830110183,0.07378747709231384,0.15040849475607632,-0.22725799785799772,-0.3971536652081218,0.14262789051570873
Agresivoo,top,LFL,2,66,0.636,13,0.308,19,57.8,56.4,64.7,57.3,60.2,Misfits Premier,312.27272727272725,309.3030303030303,9.424242424242424,388.57065606060604,0.19723212121212122,0.3484848484848485,0.9613681818181818,0.13527727272727272,0.567424084594012,0.1865995777806338,1.606060606060606,796.1614333333333,0.0,0.3076923076923077,0.6585157643240946,0.19789658959495532,0.011116190973809668,3.086432168812954,2.338738328607322,-0.42424242424242425,-0.37351355310285045,0.15019348946605082,0.07631772840640998,0.5377294934594332,0.12025941310262826,0.2764662700821316
Tempos,sup,RCL,3,34,0.471,16,0.188,9,58.4,55.8,55.9,56.0,50.1,Illinois State University|Sad Squidward,-43.029411764705884,123.8529411764706,2.0588235294117645,192.7821529411765,0.08811172058823528,0.058823529411764705,2.0480735294117647,0.2753029411764706,0.6358409592902019,0.12278216727817982,0.08823529411764706,433.8478970588235,0.0,0.1875,0.35907169428474806,0.0,0.13648811479899217,2.857142857142857,1.5434872662825794,-0.7058823529411765,-0.26282122791857787,0.17840201916599074,0.0406397251219491,0.0472151110728834,0.05325869075615437,-0.25908262944785243
Gralou,sup,LHE,2,48,0.667,7,0.143,16,52.9,61.2,48.8,48.4,60.3,Kaos Latin Gamers,-49.708333333333336,25.479166666666668,-2.7708333333333335,153.62073541666666,0.08849828124999999,0.020833333333333332,2.64219375,0.43412083333333334,0.6931994696778819,0.19132865078105019,0.041666666666666664,391.86379583333337,0.0,0.14285714285714285,0.134922772533875,-0.373132389242562,-0.2530983733539892,0.0,2.3094010767585034,-0.4583333333333333,-0.4762964349400565,-0.11236618210393795,0.33067523578580477,-0.33014931938315595,-0.3565898945952572,0.28001204344590563
Shookz,jng,LMF,2,42,0.5,10,0.0,15,57.5,56.6,49.0,47.2,57.7,Furious Gaming Argentina|Nocturns Gaming|River Plate Gaming,221.42857142857142,296.2857142857143,7.261904761904762,265.4694642857143,0.15507057380952383,0.19047619047619047,1.725847619047619,0.46165476190476196,0.7383341766142518,0.28853643369178533,7.9523809523809526,646.6312547619048,0.0,0.0,0.23686153113465888,0.0,-0.3501257430269776,0.0,2.3145502494313788,-0.4523809523809524,-0.5626505672514501,0.13031917377029192,0.08661144566952134,-0.32129485885869985,-0.42066472395081933,0.14170286433378665
KLOWNY,top,EBL,3,56,0.679,8,0.125,19,58.2,55.9,52.5,58.2,61.8,ŠAIM SE SuppUp,327.7857142857143,54.964285714285715,5.25,412.0533,0.22003232142857146,0.4107142857142857,0.9855214285714285,0.13059464285714287,0.5687326277278179,0.23646947143921532,2.4464285714285716,792.9880053571429,0.0,0.125,0.29783322390019695,-0.293149437251968,0.27106123028839335,4.611721611721612,2.538981798168032,-0.375,-0.4333194646430447,0.1706241533748989,0.04883400023627599,-0.12944472721186387,0.17039455231052483,0.36696387683665865
Hollow,bot,CK,2,20,0.55,3,0.667,4,53.5,60.6,67.4,50.0,46.3,HANJIN BRION,-101.05,-49.95,-5.5,527.51487,0.27552889999999997,0.65,1.412935,0.530205,0.6246838209594805,0.11987845487845487,1.85,298.96539,0.0,0.6666666666666666,0.9843324250681199,-0.6060426540284359,-0.3352657004830918,0.0,0.8944271909999159,-0.95,-0.2818446489395915,-0.07642353951952019,0.2989554284748423,0.707205419327855,-0.26760932056063175,-0.47437593461315714
Sixsix9,jng,LDL,2,24,0.625,5,0.0,8,57.5,56.6,49.8,46.3,54.7,WanZhen Esports Club,318.5416666666667,89.79166666666667,-1.25,294.9292208333333,0.1502322625,0.5833333333333334,1.5434958333333333,0.3878083333333333,0.7107358733078043,0.209784799751905,12.75,639.2611583333334,0.0,0.0,0.15568378534333524,0.0,-0.6735294117647058,0.0,1.6329931618554523,-0.75,0.0,0.13335157647254647,0.08636738062805403,-0.2781701526459484,-0.47391641828084513,-0.015446010184708092
Meliodas,jng,VCS,15,59,0.373,27,0.222,13,59.6,54.4,62.0,53.0,57.5,Saigon Buffalo,-122.86440677966101,-102.76271186440678,0.4067796610169492,353.6115084745763,0.1761704372881356,0.3389830508474576,1.422520338983051,0.31156101694915256,0.6918210764912934,0.1551447902394471,10.457627118644067,619.9285711864406,0.0,0.2222222222222222,0.4915797933786504,0.0,0.05442494883701604,0.0,1.6924558427507104,-0.423728813559322,-0.2632920985844131,0.24666498952591245,-0.029196419610041754,0.3745434427406028,-0.10559200237573166,0.13023989882492634
Hoglet,jng,LJL,15,31,0.29,9,0.0,15,53.4,60.6,50.5,43.5,55.6,AXIZ,-95.3,-220.03333333333333,-1.8666666666666667,264.6283612903226,0.17167278064516128,0.12903225806451613,1.7313193548387098,0.46382903225806454,0.7989486084562486,0.22630805508683832,10.193548387096774,668.7423516129032,0.0,0.0,0.21883045237219562,0.0,-0.5513916015625,0.0,2.694079530401624,-0.45161290322580644,-0.6571980798255479,-0.08656489802614664,0.29814446309332154,-0.2372601167491829,-0.6502204461173337,0.030005329622324134
Fix,bot,LMF,2,27,0.778,1,0.0,11,58.1,55.9,47.0,53.4,62.8,9z Team,462.5925925925926,378.3333333333333,14.222222222222221,426.1335555555556,0.2683017777777778,0.4074074074074074,1.1621148148148148,0.3024,0.7372530233211348,0.21027294667645544,3.6296296296296298,226.5567777777778,0.0,0.0,0.0680390788555478,-0.3837867445681942,0.040980149210450054,0.0,2.116950987028628,-0.48148148148148145,-0.14819703626842204,0.16129946422193717,0.04735766393123013,-0.432968609033055,-0.08443391835397276,0.4225808332299105
Kane,bot,LDL,2,21,0.429,12,0.25,6,56.5,57.5,58.4,48.9,45.8,Dominus Esports Young,-74.28571428571429,-101.80952380952381,13.761904761904763,577.6857952380952,0.2991330952380952,0.47619047619047616,1.3085666666666667,0.34463333333333335,0.6164432724054699,0.14010917498312456,2.9047619047619047,330.42868095238094,0.0,0.25,0.5155109489051095,0.0,-0.4321842140290164,0.0,1.3093073414159544,-0.8095238095238095,-0.6039548506056096,0.07781565558142434,0.13250540970009111,0.17981730504164906,-0.32956260931606174,-0.503728310849125
Eign,mid,LAS,3,30,0.667,6,0.167,9,61.3,52.7,60.7,59.3,51.0,DRX Academy,310.6333333333333,288.7,10.333333333333334,578.7221633333334,0.22866053333333333,1.0333333333333334,0.9175666666666668,0.18785666666666667,0.5741059809441281,0.18611768089249384,3.0,401.46721333333335,0.0,0.16666666666666666,0.41833857062283464,1.122012578616352,0.33862163084271574,3.2837811027132067,1.6431676725154982,-0.7,0.0,0.3382684139107883,-0.12356668828201847,0.30241819405510373,0.23018081977472263,-0.20976684232118942
Yagao,mid,LPL,1,110,0.673,18,0.222,19,53.0,60.9,61.5,60.9,54.5,JD Gaming,-25.587155963302752,8.587155963302752,-1.0458715596330275,485.53776999999997,0.24842548181818183,0.43636363636363634,1.1665602040816327,0.26902818181818183,0.6676458755783607,0.1618291858338048,3.1636363636363636,322.2080409090909,0.0,0.2222222222222222,0.5294976533044011,-0.2904933291145915,0.10840410227852804,4.545250541620777,1.8115789195666254,-0.41818181818181815,-0.26550217044183794,-0.10565714532045138,0.3162874140195363,0.3484702744608512,0.3179416628348434,-0.025828157831476795
Koudys,bot,HC,3,37,0.459,15,0.133,13,58.9,55.0,61.4,66.0,52.7,Vikingekrig Academy|Vikingekrig Esports,70.70270270270271,-97.29729729729729,2.945945945945946,564.8065648648649,0.31011894594594597,0.918918918918919,1.045027027027027,0.23536756756756758,0.7021438925113713,0.1828452264257891,1.3783783783783783,301.23490000000004,0.0,0.13333333333333333,0.4218961919666145,1.2987665600730929,1.1390223889344746,2.588737381745151,2.137186834969645,-0.5135135135135135,-0.6462860325394342,0.2075605628496886,-4.108568660461404e-05,0.342420824719905,0.6178540591763657,-0.12355964618272497
Pillo,top,DDH,3,31,0.258,7,0.0,11,58.4,55.5,53.4,49.8,53.3,ESTORM|Infinity Esports Academy|inf,219.09677419354838,290.93548387096774,6.774193548387097,397.21966451612906,0.24281629032258065,0.3225806451612903,0.8945612903225807,0.11513225806451613,0.548371282713388,0.17510279274860321,1.1290322580645162,769.0853709677419,0.0,0.0,0.555688136281703,0.0,-0.16931064320738387,0.0,1.975658322294524,-0.45161290322580644,-0.4847433487159429,0.18055199967794133,0.023991819741444202,-0.08578651181600193,-0.2789329251759399,-0.0909649396962797
Oncan,top,TCL,15,50,0.52,12,0.083,13,63.5,50.4,49.7,60.9,50.0,5 Ronin|SuperMassive Academy,373.96,101.94,10.0,443.31077799999997,0.244650546,0.54,0.826934,0.130228,0.6073886444577562,0.26546933206191775,3.06,750.7397779999999,0.0,0.08333333333333333,0.16238069788421158,-0.19850632866659204,0.024803162540106716,6.844666517899962,1.8384776310850235,-0.5,-0.5565586914499531,0.4609440334745492,-0.24322216512326725,-0.2834149464507936,0.3181887612249667,-0.265477164562668
Copy,mid,UPL,2,53,0.849,2,0.0,18,63.1,50.8,48.1,58.4,60.7,100 Thieves Next|Team Infernal Drake,452.8867924528302,60.35849056603774,3.5660377358490565,565.6712264150943,0.25034509433962265,0.7547169811320755,1.0091679245283018,0.14662641509433963,0.5915888332136425,0.19820728853030872,3.792452830188679,376.01583207547174,0.0,0.0,0.284468867495765,0.0,0.10518908553134092,4.370299195837275,2.4724901510764026,-0.49056603773584906,-0.14697302304972756,0.4417365846871863,-0.2222197849103941,-0.37136370406468483,0.17869327899357138,0.30536525060184594
Ellam,bot,EUM,2,42,0.571,4,0.25,14,57.4,56.5,58.5,51.4,51.9,Fenerbahçe Esports|LDLC OL|PENTA 1860,160.95238095238096,109.61904761904762,7.928571428571429,539.042669047619,0.26343040476190477,0.5476190476190477,1.1254714285714285,0.2939428571428571,0.6281277148192085,0.14704255341957642,4.142857142857143,295.8202476190476,0.0,0.25,0.2547327674845265,0.41436015429383505,-0.33045958172162854,3.289049919484702,2.1602468994692865,-0.5476190476190477,-0.6918839886167769,0.1253025007891438,0.0804551415554631,0.1842532398575918,-0.189403644909101,-0.16249165971363938
Pride,top,UKLC,3,54,0.704,12,0.417,16,59.5,54.3,67.1,52.1,59.2,Fnatic Rising,200.16666666666666,-41.44444444444444,1.5555555555555556,496.1993759259259,0.22564925925925927,0.46296296296296297,0.959238888888889,0.14618333333333333,0.5652484090617067,0.252444715256712,2.8518518518518516,625.3772055555556,0.0,0.4166666666666667,0.5674295972175473,-0.02837313737497452,0.08494363929146535,1.274825174825175,2.1773242158072694,-0.42592592592592593,-0.28972992568056277,0.24134598840160626,-0.03496062657069175,0.6847884018941868,-0.15406626469323773,0.2216664939329864
Novice,mid,LDL,2,60,0.433,19,0.053,11,62.9,50.9,52.6,69.3,45.7,JingNetGame|Legend Esport Gaming|Oh My God Academy,206.75925925925927,265.037037037037,11.796296296296296,532.21739,0.2757515833333333,0.4666666666666667,0.9093500000000001,0.16996166666666665,0.6421435201421573,0.1943441171028161,1.8166666666666667,351.66804833333333,0.0,0.05263157894736842,0.45129948978104983,0.0,0.26273505956483206,12.200000000000003,1.420093893609386,-0.5666666666666667,-0.36623902104066963,0.4309727509869937,-0.21623569608125395,-0.1284042130023257,0.8433906021640255,-0.5123126009251513
Sirinox,bot,GLL,3,37,0.757,9,0.222,12,59.1,54.6,55.8,61.1,56.6,Game Changers|eSuba,302.7567567567568,177.7027027027027,-0.2972972972972973,572.4689378378378,0.254859,0.8108108108108109,1.1065486486486487,0.24668108108108108,0.6219198619711521,0.15920742911454985,1.9189189189189189,307.3734810810811,0.0,0.2222222222222222,0.3115394079660555,-0.2994415559406894,0.2603951872835379,5.546323529411764,1.9727878476642875,-0.5405405405405406,-0.2716791924837238,0.22019089124390892,-0.022771128170735514,0.04366111768218246,0.32653017591249195,0.0824549830680385
Yonna,sup,NEXO,3,38,0.579,9,0.111,13,53.1,60.6,56.8,63.6,63.9,Arena Quesito,75.76315789473684,78.23684210526316,3.4210526315789473,122.1779947368421,0.07115506315789473,0.05263157894736842,2.3865973684210524,0.35088684210526316,0.722727631415712,0.14806021721656398,0.0,374.0897236842105,0.0,0.1111111111111111,0.5142106968100524,0.24587069372345435,0.4205637411915441,6.090439276485789,2.108878474699913,-0.42105263157894735,0.0,-0.10237702372554025,0.3005525330471562,0.09722136670672006,0.46716653202739056,0.48727617462566225
Cl0x,sup,EBL,3,47,0.489,13,0.231,17,56.3,57.4,58.4,46.8,61.9,Split Raiders|Team Refuse|WarKidZ E-Sports,11.617021276595745,-74.2127659574468,1.553191489361702,188.54202978723404,0.09333986808510637,0.02127659574468085,2.302244680851064,0.2990595744680851,0.6772439876818511,0.1866170841149218,0.1276595744680851,523.5317808510638,0.0,0.23076923076923078,0.44593100480102105,-0.055873630655767,-0.3891834263223909,1.6263087344028524,2.4797048554642074,-0.40425531914893614,-0.3642911011801655,0.06696569589986137,0.1254089972605925,0.1824377041666609,-0.4466575602629417,0.3725466228629645
Nausicaa,sup,OCS,2,20,0.25,4,0.0,7,58.8,54.9,51.7,63.4,49.6,Legacy Genesis|MAMMOTH,218.6,-116.65,5.75,180.85763500000002,0.10270105,0.05,2.3161899999999997,0.362325,0.7135188014599779,0.2762455553775538,0.15,498.468065,0.0,0.0,0.2934989972117595,0.0,1.4648665719248377,0.0,1.5652475842498528,-0.65,-0.5847575442159405,0.20255647277529862,-0.004710822183150498,-0.17513453534582948,0.45793528167207737,-0.2900477770269162
dyNquedo,mid,CBLOL,15,45,0.511,5,0.0,17,55.3,58.4,53.0,57.3,61.3,Havan Liberty|Prodigy Esports,141.42222222222222,-109.75555555555556,-1.5555555555555556,500.16866888888893,0.25714946666666666,0.5333333333333333,1.1284311111111112,0.2180666666666667,0.6785725236196571,0.1753229315755702,2.933333333333333,382.2845244444444,0.0,0.0,0.3528673610239679,0.3869625520110959,0.006660088801184177,5.1607142857142865,2.5342103744997617,-0.3111111111111111,-0.34225197729801776,0.017459976272290123,0.18070996200814043,-0.10767364879092267,0.11886324159911583,0.3372495350739432
Skash,sup,LCL,15,29,0.448,7,0.0,13,60.3,53.4,50.7,53.9,58.4,CrowCrowd,83.13793103448276,218.48275862068965,2.689655172413793,192.4808103448276,0.09743025862068964,0.0,2.214931034482759,0.330948275862069,0.6705232532138158,0.20784012267224608,0.034482758620689655,559.7666413793103,0.0,0.0,0.21673681057990885,0.0,0.17291715195279136,0.0,2.4140393963016744,-0.4827586206896552,-0.4719022283087457,0.28202442789283383,-0.08288358292012678,-0.22676971943675633,-0.06025967609610153,0.1824572740599557
Endz,bot,PGN,3,51,0.627,3,0.0,13,60.8,52.8,44.4,51.6,52.9,Mkers|YDN Esports,447.7450980392157,202.27450980392157,9.372549019607844,505.9551098039215,0.26136133333333333,0.8823529411764706,0.9170196078431373,0.2510156862745098,0.6445297319412584,0.18187978430384974,3.764705882352941,293.5254568627451,0.0,0.0,0.08016194331983806,-0.4768099547511312,-0.2775105659839763,3.0776005317381196,1.8203641092364127,-0.49019607843137253,-0.474108080950209,0.3105122537031686,-0.11499980800292137,-0.5877366265126772,-0.17778572019592798,-0.11124756717544629
Fresskowy,mid,PGN,3,58,0.483,15,0.2,21,55.8,57.8,61.0,61.3,63.2,Diablo Chairs|Racoon,-22.43103448275862,8.0,0.8448275862068966,536.4001293103448,0.27400639655172415,0.6724137931034483,0.9738672413793104,0.14855172413793102,0.6771787015686506,0.14662384215893065,2.0,378.5605310344828,0.0,0.2,0.6291887956355441,0.06324273079315652,0.4034792864514228,2.5316544048292773,2.7574350900541735,-0.3448275862068966,-0.30751907709674836,0.04451107706876713,0.1496576764750001,0.32124244016738496,0.33529353339289303,0.4443811326706995
Maximillion,mid,TAL,3,41,0.561,8,0.0,14,58.5,55.1,53.4,71.5,50.4,Dark Passage|Dark Passage Academy,194.5121951219512,16.585365853658537,-1.7560975609756098,560.4187780487805,0.3094444390243902,0.5365853658536586,1.1294926829268293,0.11341463414634147,0.6536791892961806,0.1991945847765064,3.731707317073171,321.1341878048781,0.0,0.0,0.17962940009915718,0.9629161582708735,0.3830790568654649,15.93611111111111,2.186432666440485,-0.5609756097560976,-0.4304023161388484,0.18265832931793594,0.0045744532664057334,-0.08307685071259227,1.0198562806030549,-0.24545471290885995
IDK,sup,CK,2,34,0.324,15,0.133,14,53.7,59.9,54.9,47.9,62.2,ASURA,21.352941176470587,-292.3235294117647,0.8235294117647058,168.8321911764706,0.10154560294117647,0.029411764705882353,2.561979411764706,0.39038823529411765,0.6737218607845543,0.18389872699805754,0.17647058823529413,498.8349676470589,0.0,0.13333333333333333,0.3492742486338798,0.0,-0.41208353260003183,0.0,2.4009801919951235,-0.3235294117647059,-0.5273200150260575,-0.07022083438826425,0.2592584822174336,-0.004447408774139256,-0.38413992665056207,0.3871243943508092
Woody,sup,PCS,15,50,0.56,8,0.0,14,57.0,56.6,45.0,67.0,55.9,J Team,149.54,-17.12,5.6,161.936674,0.085282366,0.0,2.496962,0.367468,0.6921151998019678,0.2308194774445279,0.12,526.790346,0.0,0.0,0.18021778584392012,-0.6434495039430171,0.19342423575984158,11.380952380952381,1.979898987322333,-0.56,-0.35454867227178477,0.10530315305281807,0.08427634410564831,-0.550423920670938,0.6837134191290176,0.0486635810323371
Forge,mid,LPL,1,54,0.611,10,0.2,19,61.3,52.2,59.3,69.5,59.4,Rogue Warriors|Vici Gaming,73.85416666666667,268.7291666666667,2.1875,519.5244245283019,0.2641211509433962,0.5925925925925926,1.0008326530612244,0.1933622641509434,0.7029410467784794,0.23250149003531642,3.0,448.36174259259263,0.0,0.2,0.44726810673443457,0.0,0.3437711196215364,9.386363636363637,2.5855725062711326,-0.35185185185185186,-0.44335145045865826,0.340459251017248,-0.14914848097645705,0.22744529431873195,0.8588316357390522,0.23407778865240397
Shamber,jng,BL,3,20,0.25,10,0.0,9,55.2,58.3,50.8,49.8,51.2,Brussels Guardians,65.35,144.7,4.85,300.76784499999997,0.16275889000000002,0.15,1.468685,0.38171499999999997,0.7445249706433917,0.21393756783142975,9.25,718.786415,0.0,0.0,0.13257243195785776,0.0,-0.2448979591836735,0.0,2.0124611797498106,-0.6,-0.62835674890759,0.010253783043778922,0.1735738090171683,-0.22317724819340243,-0.27573932160968706,-0.19871500843941614
Syrpy,sup,UL,2,34,0.235,13,0.077,14,59.4,54.1,55.3,46.7,55.5,PRIDE,21.676470588235293,197.38235294117646,3.4705882352941178,181.66542647058824,0.10161362647058823,0.0,2.412720588235294,0.35778823529411763,0.6600050364455755,0.23806721305551662,0.0,516.7193617647058,0.0,0.07692307692307693,0.46693351250125076,0.0,-0.5345840199433811,0.0,2.4009801919951235,-0.5,-0.7154974555383397,0.23509839782161052,-0.048051720465777256,0.015833227608824486,-0.45101572262025147,0.02550790066620725
Arnax,mid,BM,3,35,0.457,6,0.333,17,57.4,56.1,62.1,47.6,60.8,Dragon Army|Split Raiders,30.457142857142856,10.657142857142857,4.571428571428571,566.0791371428572,0.26762944000000005,0.7428571428571429,1.0632771428571428,0.18398857142857145,0.6963848072954345,0.22250236950227967,1.7428571428571429,374.50931142857144,0.0,0.3333333333333333,0.5693274189782881,0.0,-0.31759062414826933,0.0,2.8735244660769563,-0.45714285714285713,-0.2325717716146519,0.12830633237661118,0.05758971125132957,0.3856565838315595,-0.39771961646465226,0.30995589734937257
Oddie,jng,LLA,15,53,0.604,5,0.0,14,57.7,55.8,50.0,55.9,57.4,Isurus,276.88461538461536,399.1923076923077,3.9615384615384617,232.4580320754717,0.13283337547169813,0.09433962264150944,1.4569301886792452,0.3898471698113207,0.7354291464406052,0.23395425746952897,11.283018867924529,892.9380886792452,0.0,0.0,0.21704347826086956,0.1432300163132136,0.04695364735932678,2.006541218637993,1.9230478952816463,-0.4528301886792453,-0.31711376665325697,0.14193726406399856,0.04213395818589901,-0.26474048080547186,0.046494863377424867,0.12517160446493483
Hachi,top,OTBLX,3,30,0.367,7,0.0,15,56.0,57.5,50.5,58.5,57.1,Team Barkers|Tundra Gaming|mCon esports,151.86666666666667,-12.8,1.1,420.51038,0.24358912000000002,0.3333333333333333,0.95447,0.11928666666666668,0.6141022198886649,0.23283804058571858,2.8,898.1219433333333,0.0,0.0,0.25040065204401296,0.0,0.44142928039702234,4.516666509576233,2.7386127875258306,-0.43333333333333335,-0.6634361804215627,0.054693663062822626,0.1316364576794335,-0.2396655942943065,0.18375667431101006,0.10855643546731529
Choisix,sup,DDH,3,34,0.559,9,0.222,14,58.0,55.5,59.0,52.3,58.7,Arctic Gaming México|Isurus Academy,241.5,5.9411764705882355,3.735294117647059,160.57516176470588,0.09312686176470589,0.029411764705882353,2.193879411764706,0.34605882352941175,0.6253427729537937,0.19785378685347407,0.23529411764705882,577.6230470588235,0.0,0.2222222222222222,0.7351579142354357,-0.7261689971432868,0.10328096118299429,0.0,2.4009801919951235,-0.6176470588235294,-0.2009222497927382,0.15997457101291135,0.02690710591307257,0.21032571633374228,-0.14029329686003217,0.19607965708572705
Helper,bot,LDL,2,49,0.469,15,0.067,11,56.2,57.3,51.6,47.5,49.5,Dominus Esports|Dominus Esports Young,9.714285714285714,-43.265306122448976,6.979591836734694,562.9017244897959,0.27811504081632654,0.5306122448979592,1.17260625,0.31345510204081634,0.6597514747290142,0.15808340379367875,2.63265306122449,315.6097693877551,0.0,0.06666666666666667,0.3110139268514903,0.0,-0.27976923076923077,0.0,1.5714285714285714,-0.5714285714285714,-0.5389369044029845,0.06488670106090709,0.12231605026698038,-0.17882625576696276,-0.40380972660914155,-0.29236417796951597
Flora,jng,LDL,2,44,0.477,12,0.167,10,57.4,56.1,56.5,51.3,47.3,LGD Gaming|LGD Gaming Young Team,-78.45238095238095,-128.92857142857142,-1.1666666666666667,372.3459431818182,0.19464131363636364,0.5,1.4254884615384615,0.35522272727272725,0.7150846249234476,0.18081542138638712,13.181818181818182,416.15220454545454,0.0,0.16666666666666666,0.43276218159565516,0.0,-0.040227107997100844,0.0,1.507556722888818,-0.7272727272727273,-0.4003633629969011,0.12902009607530665,0.05651276045211606,0.077143753064676,-0.19812527520009865,-0.4173796142456372
Simpli,mid,NLC,2,27,0.593,5,0.2,10,58.5,55.0,57.8,53.8,50.8,ENCE,306.22222222222223,180.11111111111111,1.4444444444444444,529.8179333333333,0.2660378888888889,0.4444444444444444,0.9797592592592592,0.21562592592592594,0.6943785357136938,0.1985486560368237,1.6666666666666667,278.1958740740741,0.0,0.2,0.558486171761281,0.0,-0.016603343465045595,1.5454545454545454,1.9245008972987525,-0.7037037037037037,-0.19811794670410596,0.18683024353592814,0.0021743462196683744,0.1505525482203191,-0.06243685783886262,-0.22433609167137564
Markoon,jng,SLO,3,41,0.512,4,0.0,17,51.9,61.5,46.7,59.8,62.6,UCAM Esports,-25.536585365853657,-33.292682926829265,-1.6097560975609757,288.7170170731707,0.1506890219512195,0.14634146341463414,1.7714780487804878,0.3777829268292683,0.7756642827123459,0.23673717962320903,4.7073170731707314,594.0940414634147,0.0,0.0,0.21292715690065742,-0.710624078822508,-0.018376581401791457,7.0,2.654953952106303,-0.36585365853658536,-0.37497487412801095,-0.16295405014493694,0.34646683903277387,-0.452109307754562,0.25313531084914964,0.4143135651243483
FIare,mid,LMF,2,51,0.725,3,0.333,21,53.9,59.5,61.1,53.9,66.6,Nocturns Gaming,140.54901960784315,134.80392156862746,3.0784313725490198,441.1127450980392,0.25135350980392157,0.37254901960784315,1.128256862745098,0.19721176470588236,0.6527799587761938,0.16999726244845345,3.9215686274509802,443.81692549019607,0.0,0.3333333333333333,0.4449991085755037,0.08538607295120806,0.012208816641788021,1.7027027027027026,2.9405881764588204,-0.3333333333333333,-0.22909279598192914,-0.057520061986658294,0.24080608541180473,0.3281339245483066,-0.058687487884193194,0.6571067724002855
Lekcyc,sup,LCL,15,40,0.8,6,0.333,9,54.9,58.5,57.8,58.0,45.9,Gambit Esports|RoX,183.525,-86.85,-3.125,161.84509250000002,0.078843765,0.025,2.3281925,0.381645,0.6386377152374678,0.17366485886371572,0.275,641.78669,0.0,0.3333333333333333,0.4285018322001228,-0.8264300973178258,0.032784916536567794,5.580645161290324,1.4230249470757705,-0.75,-0.36948671014287865,-0.0072142876001999295,0.18596162839979985,0.1478702135641834,0.15790260423000418,-0.5017733941061437
enel1,jng,BRCC,2,28,0.429,6,0.0,8,57.5,55.9,50.8,51.5,50.7,Havan Liberty|Havan Liberty Academy,140.96428571428572,-2.392857142857143,0.4642857142857143,328.4764321428571,0.16728878928571428,0.5357142857142857,1.5551499999999998,0.36216785714285715,0.704459407327391,0.21315122437966313,12.107142857142858,610.8581857142857,0.0,0.0,0.34795542148483327,-0.17587152369761067,-0.32287254524451287,1.8907358156028369,1.5118578920369088,-0.6785714285714286,-0.3363986646119935,0.13131324056385718,0.04836208415103942,-0.22446222639325453,-0.18290694218199216,-0.22574727297263036
Nash,sup,UKLC,3,26,0.615,9,0.222,9,51.6,61.8,57.1,49.2,50.4,DMG Esports|NVision Esports,-215.34615384615384,-194.73076923076923,-1.3846153846153846,177.73086538461536,0.08443972692307693,0.038461538461538464,2.9511115384615385,0.46405384615384615,0.7061794448219788,0.19415204099380973,0.0,403.1960807692307,0.0,0.2222222222222222,0.40462613556953175,0.024479672166504794,-0.29602824360105906,0.7916666666666665,1.7650452162436565,-0.6923076923076923,-0.41375025112354796,-0.17787312494347068,0.3672854028102745,0.11012442733462055,-0.30903514683317024,-0.24433815470868014
Akaadian,jng,LCSA,2,38,0.5,10,0.2,14,57.1,56.2,56.0,49.5,59.9,Dignitas|Dignitas Academy,203.13513513513513,250.56756756756758,2.5405405405405403,268.6601552631579,0.15440479736842105,0.34210526315789475,1.5367789473684212,0.39635,0.7106554143875347,0.23960546032914457,10.947368421052632,760.8726315789473,0.0,0.2,0.34672781795731167,0.0,-0.19977394744278046,0.0,2.271099895830676,-0.42105263157894735,-0.4409789500575497,0.10822152006220462,0.06255664143046775,0.05189845412722369,-0.2944071196422174,0.26065460429646625
Claire,mid,OPL,15,66,0.636,11,0.273,18,60.1,53.2,60.3,53.9,56.9,Chiefs Esports Club,123.8923076923077,79.47692307692307,1.3846153846153846,525.8984075757576,0.2651277424242424,0.696969696969697,1.0595166666666667,0.15120454545454545,0.6570296561631961,0.19868740853976335,3.272727272727273,392.81945303030307,0.0,0.2727272727272727,0.4277206980608702,-0.30927544403721446,0.05028386050283864,2.1610863350485987,2.215646837627989,-0.3939393939393939,-0.3613004715993878,0.27142574412174003,-0.0959379822599258,0.2808617100106547,-0.05728838021890986,0.09815459934166222
Zeitnot,bot,TCL,15,58,0.603,6,0.0,12,63.1,50.2,51.7,62.0,54.2,Papara SuperMassive,570.5862068965517,242.4655172413793,10.241379310344827,495.46613448275866,0.2627866551724138,0.896551724137931,1.0819913793103448,0.33824310344827585,0.6561602664917494,0.2025795254669493,3.3793103448275863,266.6052655172414,0.0,0.0,0.2996624680991191,0.39868575291960306,0.26024110071421486,4.494871794871795,1.5756771943166705,-0.5172413793103449,-0.4317187914708948,0.43742775982600524,-0.25603079314824906,-0.17400873348865648,0.37587157668441135,-0.043023141420217965
Bradley,mid,UPL,2,30,0.433,10,0.1,15,64.9,48.4,51.7,56.3,51.8,ANEW Dawn|First Blood Crusade|LB Gurb Nation|Peak Performance|XTGN,269.3,340.1333333333333,11.433333333333334,633.3710166666666,0.2835974333333333,0.6,0.9894200000000001,0.12996666666666667,0.5406599603620489,0.2104366359900516,2.2,408.2462133333333,0.0,0.1,0.26125263861756104,0.0,0.3879927446935186,0.0,2.7386127875258306,-0.4666666666666667,-0.7960671749448066,0.5493322129421387,-0.35608623760826785,-0.17586160726463904,0.06733805037825648,-0.1715363840896447
YellOwStaR,sup,LFL,2,85,0.647,15,0.133,18,54.0,59.3,55.5,57.7,55.7,LDLC OL,-40.32941176470588,110.16470588235295,-0.3176470588235294,163.73845058823528,0.07437873882352941,0.023529411764705882,2.355604705882353,0.302144705882353,0.6841278012011021,0.16341025663268666,0.07058823529411765,503.84591411764706,0.0,0.13333333333333333,0.5120442608843891,-0.4403291125542783,0.037780849531418415,2.988288288288288,1.9523741203679057,-0.49411764705882355,-0.487825381365143,-0.05321553935046146,0.2288417614173229,0.028679197985470816,0.1417140912435046,0.03907750181448948
Grell,jng,CBLOL,15,42,0.643,7,0.143,16,57.5,55.8,49.9,52.4,60.1,All Knights|Vivo Keyd,51.976190476190474,2.0238095238095237,3.0714285714285716,308.74523571428574,0.14986313095238094,0.19047619047619047,1.413411904761905,0.35736666666666667,0.7039324136189462,0.18714324441736402,11.761904761904763,845.4491809523809,0.0,0.14285714285714285,0.2548250064110426,-0.7929127275065921,-0.23684555096238374,3.9777777777777783,2.4688535993934706,-0.40476190476190477,-0.44769099102007515,0.13159474282088982,0.041172480547822514,-0.27258533381709965,-0.13962687927014764,0.27152838395111
jinjo,bot,OPL,15,67,0.597,14,0.143,13,58.0,55.3,54.1,56.7,57.8,ORDER,-10.701492537313433,150.77611940298507,-6.208955223880597,538.5386865671642,0.2834689104477612,0.8208955223880597,1.196341791044776,0.31587164179104477,0.7005216927127431,0.20413629564411512,4.940298507462686,335.75598656716414,0.0,0.14285714285714285,0.3358417175652572,-0.0722469867436127,-0.029332435875862362,4.961489277006518,1.5882027766319677,-0.5373134328358209,-0.266311868900823,0.15697103224007317,0.017874899826617253,-0.047542799714091644,0.08754420222248024,0.14617643484519915
Vaynedeta,bot,GLL,3,53,0.396,16,0.062,19,59.8,53.5,53.5,58.4,59.8,Team Refuse,144.9433962264151,180.26415094339623,-2.5660377358490565,574.9790924528302,0.27021441509433963,0.9056603773584906,0.8769471698113208,0.2048245283018868,0.6415326066695403,0.13292438324224157,2.207547169811321,289.3953471698113,0.0,0.0625,0.3856248112110866,0.10834227246472483,0.1667498851328122,3.7648611111111108,2.6098507150250914,-0.4339622641509434,-0.5890051932387429,0.25751706005049707,-0.07654176795113721,-0.07921270429778424,0.1784624794594443,0.2559832437724392
fjoompbun,top,NLC,2,28,0.393,4,0.0,16,59.5,53.8,60.4,66.5,66.9,Team Singularity,338.92857142857144,209.5,9.678571428571429,451.13216785714286,0.2446805892857143,0.32142857142857145,0.9387535714285714,0.10973571428571428,0.5588917799981294,0.20871031249094774,3.357142857142857,625.9293892857143,0.0,0.0,0.530442035029191,1.9295774647887325,0.8871681415929202,3.5446428571428568,3.0237157840738176,-0.39285714285714285,-0.06653073894209323,0.24160695995636577,-0.06544317295486643,0.28883403039217076,0.6454484317945621,0.6711196500399194
Sleeping,top,PRM,3,76,0.632,12,0.25,16,57.0,56.2,64.2,50.5,55.9,FC Schalke 04 Evolution,137.5,77.96052631578948,1.8289473684210527,447.869797368421,0.2146960236842105,0.32894736842105265,0.9745907894736842,0.13246973684210528,0.5524234449101213,0.24095122396431345,3.289473684210526,944.829875,0.0,0.25,0.48469741875015837,0.5048538453241289,-0.06902071563088506,1.710014619883041,1.835325870964494,-0.4605263157894737,-0.2263481702651888,0.10749263166593769,0.06471803981379327,0.5075154764894121,-0.23671772204301483,0.04727901143365203
5fire,mid,UPL,2,28,0.679,7,0.0,14,60.2,53.0,50.0,52.7,56.9,ANEW Esports|Evil Geniuses Academy,107.53571428571429,130.78571428571428,-2.2142857142857144,604.3403928571428,0.2819515714285714,0.7142857142857143,1.106442857142857,0.19669642857142858,0.6545710396545024,0.262813204529668,4.035714285714286,341.6480428571429,0.0,0.0,0.2806946315536937,0.0,0.014721882224942265,0.0,2.6457513110645903,-0.4642857142857143,-0.41102363242011264,0.2756551908527427,-0.10651322200471845,-0.26606516155447546,-0.11976218550675102,0.09978950925667976
Kaido,jng,UPL,2,44,0.523,13,0.154,19,65.2,48.0,53.0,48.5,62.6,Empyreans|Orgless|TBA|World Class Empyreans,311.04545454545456,341.1363636363636,4.090909090909091,424.60213636363636,0.1688855590909091,0.7045454545454546,1.177615909090909,0.23456363636363636,0.6154254278910652,0.21078057088301805,15.636363636363637,765.3334113636364,0.0,0.15384615384615385,0.23277130697037984,0.0,-0.24062808828373794,0.0,2.8643577734887544,-0.38636363636363635,-0.6215832243755126,0.5638969950805504,-0.37853814580418815,-0.10523552286568033,-0.3485836913204752,0.41417762542064374
Shawi,sup,TAL,3,36,0.611,7,0.0,13,59.6,53.6,47.5,66.1,60.9,Dark Passage|Dark Passage Academy|SuperMassive Academy,49.5,92.61111111111111,-2.888888888888889,177.001425,0.09794172500000001,0.1111111111111111,2.1070444444444445,0.28618055555555555,0.6627165212295324,0.22500227956114469,0.2222222222222222,522.0629138888888,0.0,0.0,0.21990402866024233,-0.4885496183206108,-0.01728608470181503,13.791365280289332,2.1666666666666665,-0.5,-0.11269520651801962,0.2418528263800747,-0.07344121791571279,-0.40439161650452166,0.6235890264404009,0.31501865321319633
yT,top,VCS,15,33,0.333,14,0.071,13,54.4,58.8,57.2,52.3,55.0,CERBERUS Esports|Percent Esports,-186.21212121212122,-149.87878787878788,-7.03030303030303,439.5227,0.24210030303030303,0.3939393939393939,0.9513515151515152,0.13216363636363634,0.6527002102149864,0.189203847261031,2.0303030303030303,818.5174484848485,0.0,0.07142857142857142,0.35966298284019493,0.745339927177871,-0.40111738847663747,5.223404255319149,2.263009527424072,-0.45454545454545453,-0.570568436838819,-0.0322671492214968,0.2033116440674656,0.11816879406459142,-0.1410392043294375,-0.000684974918638559
ppgod,sup,LPL,1,68,0.603,12,0.083,16,57.8,55.4,47.5,55.7,63.2,FunPlus Phoenix Blaze|Victory Five,34.42622950819672,145.37704918032787,2.5901639344262297,136.22024705882353,0.07418297794117647,0.04411764705882353,2.4003217391304346,0.3422367647058823,0.6997641552458195,0.2331866265257482,0.14705882352941177,477.9376367647059,0.0,0.08333333333333333,0.28340203685741994,-0.5947818055876242,0.007827432420133021,4.098119658119658,1.9402850002906638,-0.5441176470588235,-0.14529545046947598,0.14532546062324841,0.01970466291154742,-0.4031848672365075,0.03624830932626544,0.44514759035112506
Arfyss,top,LHE,2,48,0.667,7,0.143,21,56.1,57.0,50.2,47.9,65.6,Kaos Latin Gamers,193.1875,252.875,7.020833333333333,383.2709395833333,0.22123941666666666,0.25,0.9492270833333333,0.16485,0.6149137980000773,0.25079771360247366,4.25,685.6886020833334,0.0,0.14285714285714285,0.34418450340313866,-0.6322671024982489,-0.2714485022568731,0.0,3.0310889132455356,-0.3333333333333333,-0.44091535311947183,0.05638409437079252,0.1065415286864974,-0.25796222254274287,-0.38442280918704386,0.5921523429897234
Lil,jng,LHE,2,48,0.5,16,0.062,18,55.8,57.3,46.6,65.0,60.2,Azules Esports Academy|Newstar,101.10416666666667,163.6875,4.604166666666667,277.3651,0.15169388541666667,0.22916666666666666,1.5675958333333335,0.4195,0.6955493783090779,0.19245638917679628,8.0,626.9083791666667,0.0,0.0625,0.19512615784187406,-0.5756117996488536,0.3006018203470566,5.085972850678734,2.598076211353316,-0.5,-0.49354625069543595,0.039958970497691794,0.12245958127820511,-0.4573164849381457,0.5505690512889411,0.2788857543181941
Rawbin IV,jng,PGN,3,43,0.558,4,0.25,16,55.1,58.0,55.7,56.1,56.5,Campus Party Sparks|Mkers,61.16279069767442,133.1627906976744,3.86046511627907,310.7802023255814,0.1616406465116279,0.11627906976744186,1.5647093023255814,0.2757255813953488,0.7005648451385381,0.19718578647445512,12.86046511627907,653.9606837209302,0.0,0.25,0.3202264381884945,-0.5814294809973689,-0.01706709384789465,4.395652814618333,2.4399771253216747,-0.4883720930232558,-0.513181241246343,0.005977750172658364,0.16012549106728838,0.03846003760636549,0.06008780355948866,0.0816308520875954
Stray,top,LLA,15,38,0.605,5,0.2,12,56.8,56.3,59.4,54.0,56.7,inf,355.2368421052632,98.23684210526316,5.894736842105263,383.93457631578946,0.2174750236842105,0.21052631578947367,0.9922789473684211,0.15927894736842105,0.5243269788296037,0.1865469652234358,4.7105263157894735,665.0529,0.0,0.2,0.6211255735555764,-0.32281680320725115,-0.10324675324675332,3.4999999999999996,1.9466570535691505,-0.47368421052631576,-0.2811366517698614,0.09508848547505536,0.06720000372762741,0.23214625002044265,-0.050555480545275,0.08871286308334198
Serenity,sup,LAS,3,20,0.45,7,0.286,7,56.8,56.3,59.5,54.3,53.2,Awesome Spear Academy,-43.25,113.4,1.6,194.41442,0.08274171,0.05,2.581035,0.367135,0.6402286373579833,0.21720090952055854,0.0,599.19785,0.0,0.2857142857142857,0.5875255268883223,0.0,0.037160208212839684,2.1704493464052286,1.5652475842498528,-0.8,0.0,0.09738718385626373,0.07094643651748159,0.2381670547952456,-0.0393900137384992,-0.0964476357821811
Burry,jng,LAS,3,24,0.5,6,0.0,6,58.7,54.4,47.9,66.1,51.3,DN SOOPers Academy,110.875,89.41666666666667,-0.20833333333333334,379.07717083333335,0.18237954166666667,0.625,1.4623249999999999,0.2750916666666667,0.6351504315136393,0.21162179377639903,16.625,710.6549333333334,0.0,0.0,0.1865415634868346,-0.9482304015091427,1.2233023095484319,3.6066087250557572,1.2247448713915892,-0.7916666666666666,0.0,0.19792814195433925,-0.029149051699161398,-0.3844448689199577,0.6194209203873564,-0.19650226327978657
Korts,bot,LPLOL,3,28,0.321,12,0.083,12,55.4,57.6,53.5,47.2,58.1,GTZ Esports,-168.14285714285714,-139.46428571428572,-3.4285714285714284,577.0150035714286,0.29630639285714283,0.75,1.2981357142857142,0.25540714285714283,0.6938186880199356,0.19046217775541083,2.75,315.9526714285715,0.0,0.08333333333333333,0.33244083606840563,0.0,-0.5120483476919121,0.0,2.2677868380553634,-0.5,-0.34848327482421365,0.023217566614936423,0.13562796934779014,-0.07902779959692702,-0.4242835577231575,0.16235113891463598
Nite,mid,PRM,3,102,0.578,21,0.19,31,57.5,55.5,53.8,48.7,68.2,GamerLegion,14.431372549019608,92.57843137254902,6.176470588235294,554.032594117647,0.25879420098039213,0.5588235294117647,1.104793137254902,0.16443333333333335,0.6272172749428161,0.21714738095644007,3.4607843137254903,482.10763235294115,0.0,0.19047619047619047,0.37464023684579456,-0.4850765258518612,-0.14105018343510353,1.0988113193995548,3.0694573832276904,-0.2549019607843137,-0.41268443877956706,0.1322347550262198,0.024108764506627908,-0.06273528623307706,-0.3360720207815575,0.7589507938218739
Larssen,mid,LEC,1,61,0.525,13,0.077,17,62.4,50.6,52.0,60.3,53.0,Rogue,261.5081967213115,178.18032786885246,5.983606557377049,482.01583606557375,0.2812046557377049,0.4918032786885246,0.8648459016393443,0.1677606557377049,0.6529333644306218,0.16720233656136474,4.590163934426229,337.0689016393443,0.0,0.07692307692307693,0.37123935539958575,-0.18306584592166122,0.04810846261884134,5.964285714285714,2.1766269588592317,-0.4918032786885246,-0.37071986235540816,0.40242786347088305,-0.23424610732091358,-0.15677369566263452,0.2842606819610882,-0.10725256539760954
Triple,mid,LCSA,2,36,0.389,9,0.0,16,56.9,56.1,47.7,52.5,57.1,FlyQuest Academy,15.055555555555555,93.19444444444444,3.4166666666666665,514.6923972222222,0.30827272222222224,0.2777777777777778,1.0616416666666666,0.2451111111111111,0.6685960651194027,0.20265785465317224,2.3055555555555554,291.3706583333333,0.0,0.0,0.17502691065662002,0.0,0.02471169686985164,0.0,2.6666666666666665,-0.4722222222222222,-0.41365887663469786,0.09870992472227204,0.05639586048431528,-0.39536721518592266,-0.13305570966250557,0.10974912849797051
Santorin,jng,LCS,1,81,0.568,17,0.059,18,54.1,58.9,50.9,57.3,54.5,FlyQuest,32.87179487179487,-25.03846153846154,0.15384615384615385,261.882862962963,0.1451450901234568,0.12345679012345678,1.5694246913580248,0.4660469135802469,0.7585860004093727,0.22143533249253824,9.037037037037036,771.6610604938271,0.0,0.058823529411764705,0.26685009213733135,-0.005030822645787751,0.1329409528343953,2.712618459598463,2.0,-0.4444444444444444,-0.49443506084265626,-0.04839407700248708,0.207049673275098,-0.2185425903559542,0.1216324511809348,-0.02613467995666871
Hiro02,top,VCS,15,26,0.462,6,0.167,9,59.0,54.0,56.4,49.6,51.8,EVOS Esports,-193.3846153846154,-89.65384615384616,1.7692307692307692,500.4969538461538,0.27717734615384615,0.5,0.9825346153846154,0.18139615384615387,0.5471483756908858,0.24727984079007098,2.1923076923076925,734.3389653846153,0.0,0.16666666666666666,0.38533905320990447,0.0,-0.19341864716636206,0.0,1.7650452162436565,-0.7307692307692307,-0.1356873550709966,0.2116259912948395,-0.052096475196128846,0.0749827032597278,-0.288338141544179,-0.16971143929658575
Biob,sup,VCS,15,21,0.476,6,0.167,9,59.8,53.2,58.7,57.6,55.4,Luxury Esports|V Gaming Adonis,46.904761904761905,216.61904761904762,0.8095238095238095,207.4288,0.0859592,0.047619047619047616,2.4804142857142857,0.2972904761904762,0.6327510227719455,0.1929885292943674,0.0,457.9095761904762,0.0,0.16666666666666666,0.3739837398373983,0.6428571428571431,0.5691326217642009,0.0,1.9639610121239315,-0.5238095238095238,-0.39949405887181233,0.2565521385290861,-0.09447205885410873,0.19782419798823936,0.13833017509475967,0.01920294161851495
PCL,top,UPL,2,42,0.548,9,0.222,14,61.1,51.9,55.9,49.1,54.8,Supernova,304.3333333333333,147.57142857142858,2.4047619047619047,516.0563023809524,0.23190485714285716,0.4523809523809524,0.870052380952381,0.11639999999999999,0.530699081903103,0.22007331318740436,2.761904761904762,871.1129095238095,0.0,0.2222222222222222,0.35474716202270384,0.0,-0.21806338575445447,0.0,2.1602468994692865,-0.5714285714285714,-0.3512084092762973,0.32726283787924126,-0.16588333771057195,0.0454053743243876,-0.3181670090613442,-0.0094162407212956
Clever9,top,LDL,2,44,0.705,8,0.375,10,61.9,51.1,58.4,59.4,54.6,Team WE Academy,114.4,41.725,-0.075,545.2986931818182,0.24933759090909088,0.6590909090909091,0.7913631578947369,0.1510159090909091,0.5975493188860216,0.3012864903467347,3.477272727272727,857.7333477272728,0.0,0.375,0.39784489963867353,-0.45535148828372396,0.08887955770172853,3.9696969696969693,1.507556722888818,-0.4772727272727273,-0.2112978623678739,0.370317494283427,-0.20784149100031984,0.17761685881977154,0.23152149711424203,-0.021895544361442768
Cospect,sup,PGN,3,43,0.674,4,0.25,13,56.7,56.2,55.8,53.4,53.8,WLGaming Esports|YDN Esports,191.1627906976744,59.27906976744186,3.2093023255813953,162.5535348837209,0.0775247953488372,0.023255813953488372,2.5218372093023254,0.3676325581395349,0.6215491811054137,0.21915303430124355,0.046511627906976744,609.4833790697675,0.0,0.25,0.25030063369067357,-0.12864432574378568,0.0336990791570342,1.865839793281654,1.9824814143238607,-0.6511627906976745,-0.2772089671927331,0.0907962940995007,0.06166494041202836,0.04148240784960308,-0.08592158793841025,-0.060948266032540305
Jankos,jng,LEC,1,83,0.675,15,0.2,20,58.7,54.2,54.4,52.7,63.2,G2 Esports,34.26829268292683,-36.65853658536585,-2.524390243902439,307.2479265060241,0.14596749759036146,0.3253012048192771,1.70515421686747,0.41160843373493977,0.6873368881660711,0.2034509500478505,12.795180722891565,686.543026506024,0.0,0.2,0.23492723943265176,-0.31174992461553935,-0.17140404220105349,3.727271779993462,2.195285199793807,-0.37349397590361444,-0.4035287903124507,0.1952726767792665,-0.04447882491460079,-0.03235065745027094,-0.11945178243703905,0.4472642681647125
LL,top,VCS,15,61,0.574,15,0.4,12,54.1,58.8,66.8,54.3,46.2,CERBERUS Esports,-140.08196721311475,-57.032786885245905,-5.180327868852459,416.6246409836066,0.21025922950819673,0.5573770491803278,0.969304918032787,0.20710655737704917,0.6053727049425675,0.242237801188678,2.8852459016393444,882.2164098360656,0.0,0.4,0.723941942316078,-0.6055394917059809,0.1400158061116965,1.204724409448819,1.5364425591947517,-0.6229508196721312,-0.3876918684615753,-0.04835600267993495,0.2031607316820605,0.6692251220534668,-0.036196426213093616,-0.47835635382117553
Hunter,top,NEXO,3,20,0.45,5,0.0,9,57.1,55.8,49.0,52.9,57.3,Arena Quesito,12.4,133.2,8.05,461.39125,0.2508552,0.2,0.782695,0.136585,0.5872956150130063,0.18533048435912214,1.5,760.638745,0.0,0.0,0.2206060606060606,-0.8921271763815292,-0.2746753246753247,3.4,2.0124611797498106,-0.55,0.0,0.10885996507773753,0.04405784670075317,-0.3213628182150624,-0.11276842559512296,0.12009253494452247
Cheelm,jng,NLC,2,26,0.346,7,0.0,13,56.7,56.1,50.8,51.0,58.7,Dusty|Riddle Esports|mCon esports,17.576923076923077,271.38461538461536,1.6538461538461537,325.8684346153846,0.1741729076923077,0.23076923076923078,1.5878192307692307,0.38580384615384616,0.7268767364364531,0.2327536115434297,10.115384615384615,583.0236076923077,0.0,0.0,0.26810120134943516,0.0,-0.1585644732959575,0.0,2.5495097567963927,-0.46153846153846156,-0.5320815832370511,0.08796839738887813,0.05605376474492705,-0.22480667954620823,-0.2125646105078896,0.19402607661359184
FBI,bot,LCS,1,51,0.451,7,0.143,9,59.3,53.5,53.0,57.3,56.1,Golden Guardians,299.2,46.36,9.22,539.8588274509805,0.29917886274509803,0.3333333333333333,1.1389156862745098,0.31640980392156864,0.6944255379376487,0.14036769167242408,1.7843137254901962,331.56384313725493,0.0,0.14285714285714285,0.40463134852077987,-0.3886075949367089,0.19773253687675227,2.2558139534883717,1.2602520756252087,-0.5294117647058824,-0.24650952681566993,0.2281947527082023,-0.08107423980474628,-0.10365621831280264,0.1197590584451248,0.05755056976291175
Yijin,jng,VCS,15,55,0.564,10,0.2,13,62.8,50.0,64.6,62.5,54.3,Team Flash,199.12727272727273,371.7818181818182,6.3090909090909095,315.02186,0.16351009818181816,0.18181818181818182,1.5395618181818183,0.37284545454545454,0.6578390089592137,0.24398770516579715,11.636363636363637,676.7141218181819,0.0,0.2,0.44408281502939423,0.6938975875239061,0.20610050650544487,3.9411764705882355,1.7529196424044293,-0.43636363636363634,-0.3792393160552566,0.42552604045369197,-0.26558669835518056,0.5287927584034011,0.4042119336447582,-0.037626433227109665
APA,mid,UPL,2,58,0.5,19,0.158,14,60.3,52.5,51.8,55.4,44.6,Aqualix Esports|Supernova|Team Mountain Drake,135.67241379310346,251.24137931034483,4.172413793103448,547.9516931034483,0.2615890344827586,0.43103448275862066,1.0387775862068964,0.11677413793103449,0.6116037913853383,0.1629596030548545,2.7241379310344827,344.65682413793104,0.0,0.15789473684210525,0.24736572153584505,0.0,-0.2509853565074586,5.776630937462705,1.8382900600361156,-0.6724137931034483,-0.43171274943454485,0.2832698123610017,-0.13203214730785376,-0.1675074255277994,0.023179058475758935,-0.577641266322228
Taeyoon,bot,LAS,3,30,0.667,6,0.167,7,58.0,54.8,58.4,57.1,51.6,DRX Academy,227.56666666666666,53.86666666666667,5.0,576.7977433333333,0.2282203,1.0333333333333334,1.2019033333333333,0.35834,0.5828802317711806,0.18449330525996468,3.7333333333333334,240.53976999999998,0.0,0.16666666666666666,0.2975699220541036,0.8139328602620088,0.1909770920991119,3.1870794214888125,1.2780193008453875,-0.7333333333333333,0.0,0.15657549562936798,-0.011138358699155679,0.17928755145517628,0.10836159277322893,-0.18098328472691685
Ice,bot,LAS,3,25,0.44,5,0.2,5,59.9,52.9,52.6,54.6,47.3,Liiv SANDBOX Academy,-25.08,228.44,5.44,605.908764,0.25256356,1.36,0.8716240000000001,0.248828,0.6132517543255485,0.14973787178417217,2.92,249.587964,0.0,0.2,0.17279906405381695,-0.6451899593924768,0.022232221381383793,2.4486591481610667,1.0,-0.92,0.0,0.2598919265655645,-0.11096420473315828,-0.12796678101161907,-0.019826499609480446,-0.41646781601935856
ordno,bot,HM,3,21,0.619,1,0.0,7,58.2,54.5,49.9,49.8,51.1,Team Sampi,357.5238095238095,205.38095238095238,8.285714285714286,519.0071047619048,0.2638144761904762,0.8095238095238095,1.0150809523809525,0.32175238095238096,0.6056585493560284,0.19389008050772755,4.142857142857143,345.8877047619048,0.0,0.0,0.3947887879984208,-0.883177570093458,-0.452402436273404,1.0153846153846153,1.5275252316519468,-0.6666666666666666,-0.3292205280501533,0.16906647813234255,-0.028050032590651093,-0.2722201422813653,-0.2780610113181158,-0.20690519889390147
Heroic,mid,LPLOL,3,36,0.583,7,0.143,13,60.2,52.5,52.7,51.8,50.0,EGN Esports|GTZ Esports,421.9166666666667,14.166666666666666,8.75,570.287325,0.28056152777777776,0.5277777777777778,0.8600666666666666,0.13495833333333335,0.6441170540325375,0.2080931005086062,3.0555555555555554,522.2771972222222,0.0,0.14285714285714285,0.20816886624315253,-0.13753100248019845,-0.026433392576459578,0.3793103448275862,2.1666666666666665,-0.5555555555555556,-0.4728706928876393,0.277191548454706,-0.12996877752272365,-0.12194148269944424,-0.1676704647827288,-0.2650711880661079
P1atypus,top,RCL,3,24,0.417,5,0.2,13,61.0,51.7,55.1,57.0,56.9,Grand View University,313.625,131.375,6.333333333333333,449.82148333333333,0.22614685833333334,0.9166666666666666,0.7224458333333333,0.10115833333333334,0.5174604988058555,0.19143237390233256,2.0,719.1504583333334,0.0,0.2,0.17584621813623066,0.0,-0.6965063707357173,12.083333333333336,2.65361388801511,-0.4166666666666667,-0.6375766080509055,0.32403028662986655,-0.17521832083194752,0.002949464064759053,0.103349853751803,0.09852717424666022
AxeL,bot,GLL,3,39,0.436,11,0.182,8,56.4,56.3,62.1,58.4,47.2,Gamespace Mediterranean College Esports,-25.025641025641026,-77.35897435897436,2.358974358974359,599.2903538461538,0.26351592307692306,0.6666666666666666,1.1427282051282053,0.21777948717948717,0.6042404101861408,0.1274454819213471,1.9487179487179487,351.266458974359,0.0,0.18181818181818182,0.7888187060685801,0.05154170257588812,0.3898462996104856,2.3107344632768356,1.281025230440697,-0.7435897435897436,-0.23889151297471573,0.07549011282882188,0.06719557922157635,0.3842973881936548,0.17873945090574925,-0.4211271142882419
Viciun,bot,LHE,2,44,0.455,11,0.091,13,53.3,59.4,51.0,50.9,57.0,Furious Gaming Chile,-257.70454545454544,-5.454545454545454,-2.0681818181818183,510.5893931818182,0.3029038636363636,0.6590909090909091,1.1735863636363637,0.32074545454545456,0.7240052713683316,0.16246920384277283,2.022727272727273,323.73817045454547,0.0,0.09090909090909091,0.2113380575239683,0.0,-0.08572493477450611,0.0,1.9598237397554636,-0.5909090909090909,-0.3457016229104091,-0.09067477814893331,0.2332016169923316,-0.20969523737202028,-0.21862783736969607,0.1057273772883858
Gilius,jng,PRM,3,54,0.611,10,0.3,12,51.9,60.8,61.6,56.3,51.1,FC Schalke 04 Esports|FC Schalke 04 Evolution,31.166666666666668,-11.0,-2.5555555555555554,285.2383148148148,0.1418112425925926,0.2222222222222222,1.6880740740740743,0.4335185185185185,0.6718203097180565,0.2179936530717255,10.37037037037037,714.7391555555556,0.0,0.3,0.5157470090205516,-0.35839169167738544,0.20790063471967957,2.3813131313131315,1.632993161855452,-0.6296296296296297,-0.2764148427366052,-0.1643317257520824,0.31055129219077987,0.35443072523951724,0.07045189556742491,-0.20665854377302206
Lehends,sup,LCK,1,91,0.275,27,0.037,20,52.4,60.3,51.8,47.4,66.1,DN SOOPers|Hanwha Life Esports,-127.34444444444445,-25.455555555555556,-1.2777777777777777,151.58601868131868,0.09042147802197802,0.01098901098901099,2.5388010989010987,0.36892747252747254,0.7063841186748852,0.1968738612900796,0.13186813186813187,394.85712417582414,0.0,0.037037037037037035,0.3410071525786928,0.0,-0.22157674450518014,0.0,2.096569673443837,-0.3516483516483517,-0.3891120854607365,-0.1395010643807292,0.28271079847652997,-0.1675485108442021,-0.4128869291728868,0.6205773880891299
Renas,top,LPLOL,3,29,0.276,15,0.067,16,56.7,55.9,57.2,48.7,62.5,Estoril Praia eSports|GeekCase eSports,31.79310344827586,38.06896551724138,1.9310344827586208,429.21851379310345,0.26141751724137935,0.3448275862068966,0.8975206896551724,0.14551379310344828,0.5385921685234345,0.18065070163754374,1.793103448275862,689.5889413793104,0.0,0.06666666666666667,0.7703050847457628,0.0,-0.3532689572572797,0.0,2.9711254108328298,-0.3793103448275862,-0.45607545089735235,0.09054716033079752,0.045366992525234996,0.11648855188146212,-0.3372922057107692,0.4071728404899916
Moopz,sup,LFL,2,28,0.143,11,0.0,9,53.5,59.1,53.0,54.6,54.0,Team MCES,-89.96428571428571,2.9285714285714284,-1.0714285714285714,159.29198214285717,0.09611641785714287,0.0,2.4979142857142853,0.3879892857142857,0.7086566806209663,0.20163327731411543,0.14285714285714285,447.6766107142857,0.0,0.0,0.4383527272727273,0.0,0.24396895322005463,0.0,1.7008401285415224,-0.5714285714285714,-0.3488195060381818,-0.07954343124315448,0.2175674868744059,-0.10678562214365982,-0.02315914689538899,-0.05169691677007758
Oscarinin,top,SLO,3,69,0.478,15,0.067,21,56.8,55.8,57.5,56.3,60.5,G2 Arctic,49.971014492753625,41.55072463768116,1.7826086956521738,449.36420869565217,0.2408606231884058,0.2608695652173913,1.0336188405797102,0.15986666666666666,0.5616668391377679,0.2634182552106581,2.260869565217391,779.5117753623189,0.0,0.06666666666666667,0.1618069560361143,1.5145590829968385,0.048786956585659985,4.781989131989132,2.528102914801153,-0.43478260869565216,-0.42613009120984213,0.09366599404763351,0.04160558462484788,0.12933965550677012,0.0693682150575324,0.29304486734877994
MikeYeung,jng,UPL,2,22,0.545,7,0.0,14,57.4,55.2,50.5,64.5,61.5,ANEW Esports|Team Liquid Academy,109.86363636363636,86.45454545454545,2.409090909090909,336.5810727272727,0.15020572727272727,0.5909090909090909,1.2085045454545453,0.2267818181818182,0.748527992128802,0.1806096500554032,10.590909090909092,786.8581227272728,0.0,0.0,0.19938762857901995,0.0,1.274155037937072,0.0,2.9848100289785457,-0.4090909090909091,-0.5240146952258283,0.1257735848683503,0.0131362292308458,-0.23887722278012696,0.5238350879202928,0.34940356233422987
Fill,sup,LCSA,2,44,0.364,15,0.067,19,57.3,55.3,56.5,66.4,63.1,CLG Academy,35.38636363636363,79.81818181818181,4.863636363636363,153.98633636363635,0.09097130681818183,0.022727272727272728,2.3812204545454545,0.33477045454545457,0.6458136394270433,0.22136122282747348,0.22727272727272727,552.8860249999999,0.0,0.06666666666666667,0.359802641591042,0.6026572857308988,0.48981101620821843,5.769230769230769,2.8643577734887544,-0.38636363636363635,-0.6861163462810491,0.12238983744591933,0.015338888021104969,0.07929117343958877,0.6384500904827985,0.4422755543617021
Minit,sup,CK,2,74,0.486,18,0.333,14,50.8,61.8,64.9,50.5,55.6,HANJIN BRION,-30.2027027027027,18.22972972972973,-1.9189189189189189,143.29459459459457,0.07891656891891892,0.013513513513513514,2.6209797297297297,0.32730405405405405,0.7178845575273425,0.18493048906883205,0.013513513513513514,422.68162702702705,0.0,0.3333333333333333,0.7006746051191584,-0.7803674582798459,-0.37621769060917,2.5733333333333333,1.62746694241347,-0.44594594594594594,-0.3888101420931434,-0.2210875085089982,0.36607670634149375,0.5487081115957728,-0.2382944265811467,0.031292568519489174
Jirall,top,LLA,15,52,0.596,5,0.0,11,50.4,62.2,47.0,55.4,48.9,Isurus,72.66666666666667,80.17647058823529,-1.3333333333333333,337.0055326923077,0.18817074615384616,0.17307692307692307,1.1498884615384617,0.21486346153846153,0.527858946366507,0.17916957609864184,1.9230769230769231,821.7512634615384,0.0,0.0,0.12399190049175586,-0.0937206536029548,-0.10833873406783322,4.565981465049788,1.52542553961938,-0.5576923076923077,-0.36842555462921184,-0.24578804535564902,0.3870058537000359,-0.4353369740276501,0.02296845131991712,-0.3277981338287373
Yeon,bot,UPL,2,45,0.689,9,0.222,11,59.0,53.6,57.5,54.6,53.1,100 Thieves Next|Orgless|Team Ocean Drake,172.64444444444445,135.33333333333334,-6.711111111111111,592.3686733333333,0.2658496888888889,0.9111111111111111,1.1547555555555555,0.2538511111111111,0.6348903417349073,0.1874901001860569,3.311111111111111,336.12714222222223,0.0,0.2222222222222222,0.38478522507857615,0.0,-0.22795040808385233,4.536090264748801,1.6397831834998458,-0.5333333333333333,-0.4571774806467048,0.21403093475403748,-0.07244275029821234,0.134585653076646,-0.019419343073927675,-0.09939849034214202
HOYA,top,CK,2,45,0.4,8,0.125,13,53.7,58.9,58.8,58.2,56.7,Griffin|HANJIN BRION,-144.5909090909091,82.8409090909091,-0.5227272727272727,435.0127866666666,0.2429381111111111,0.24444444444444444,1.106908888888889,0.1544177777777778,0.5875998375192524,0.19998143267437027,1.9555555555555555,657.1193466666666,0.0,0.125,0.7542772129928094,0.0,0.40289855072463776,0.0,1.9379255804998177,-0.4888888888888889,-0.26547890588429895,-0.06696578792852995,0.2082801817886576,0.20058341249713676,0.169232958296723,0.0897314338580501
Dinka,top,UPL,2,50,0.52,9,0.111,19,62.7,49.9,53.4,57.4,64.2,Life Support|Maryville University,375.0,303.46,7.9,501.375076,0.22492186400000003,0.36,0.862454,0.09384600000000001,0.5278180445371622,0.21479449268987316,2.28,782.8035619999999,0.0,0.1111111111111111,0.4021947198964215,0.0,0.34295890183373806,0.0,2.6870057685088806,-0.42,-0.2790932295901506,0.41707115958960955,-0.273344898410604,-0.08547026459446283,0.1274619052152543,0.5065952931496454
Creme,mid,LDL,2,34,0.5,8,0.25,12,57.1,55.5,59.4,49.0,56.8,Oh My God|Oh My God Academy,21.448275862068964,-222.68965517241378,-0.5172413793103449,621.5125558823529,0.2714295,0.5294117647058824,1.0159733333333334,0.24093529411764708,0.6466359328376028,0.21453337705890052,3.5,430.9525125,0.0,0.25,0.5572407096367836,0.0,-0.32246499631540154,0.0,2.057983021710106,-0.47058823529411764,-0.19398202455726177,0.10928276419619663,0.028021617502529347,0.23421046649707228,-0.32121893137752566,0.09349582359272143
Kaiba,jng,LPLOL,3,28,0.321,12,0.083,15,58.0,54.5,53.5,46.3,57.3,GTZ Esports,143.21428571428572,28.428571428571427,-0.32142857142857145,332.7759357142857,0.16912467142857143,0.7142857142857143,1.2931571428571427,0.242925,0.7353993555289335,0.21948653163878729,9.357142857142858,675.8195357142857,0.0,0.08333333333333333,0.296346233523641,0.0,-0.48567028607224894,0.0,2.834733547569204,-0.4642857142857143,-0.6386628640710935,0.15953683257975226,-0.026501655052761943,-0.07900851373034026,-0.47641111993962343,0.12187811396073345
Labrov,sup,PRM,3,38,0.474,7,0.143,14,50.7,61.8,54.8,47.8,61.7,Berlin International Gaming|Team Vitality,2.8421052631578947,-82.97368421052632,2.0526315789473686,132.5874605263158,0.07571165263157895,0.02631578947368421,2.632842105263158,0.33130789473684213,0.739753742605343,0.17869216440357147,0.05263157894736842,448.7214947368421,0.0,0.14285714285714285,0.361816509867723,0.0,-0.22872586872586867,0.0,2.271099895830676,-0.4473684210526316,-0.1832894384411403,-0.22792547371262942,0.3641655969671136,-0.012692670249486636,-0.38832498714755537,0.36212181444304253
Lucker,bot,LFL,2,42,0.5,7,0.286,14,60.7,51.8,55.4,57.1,58.8,Vitality.Bee,81.92857142857143,11.642857142857142,1.0714285714285714,628.2653476190476,0.3091045476190476,0.7619047619047619,0.9413476190476191,0.2609190476190476,0.6563148321412944,0.18416363242599226,2.5714285714285716,295.9852523809524,0.0,0.2857142857142857,0.3427654609101517,-0.6576071728775567,0.04722649154673745,3.1362530413625307,2.1602468994692865,-0.5,-0.43450260280634717,0.305108465047979,-0.1670881341460326,0.018634886620514865,0.11243881471084373,0.20163230022757717
Four,jng,LCL,15,38,0.658,9,0.333,10,55.8,56.7,61.8,53.5,49.1,Crvena zvezda Esports|RoX,-102.63157894736842,-146.60526315789474,-5.552631578947368,333.9915447368421,0.16238388684210528,0.2631578947368421,1.5622947368421052,0.3655131578947368,0.7229180378425424,0.20015516635485675,10.842105263157896,759.2274236842105,0.0,0.3333333333333333,0.49894808158607906,-0.37261551504874946,-0.0947716743878226,2.4615384615384612,1.6222142113076254,-0.6052631578947368,-0.3789565171683912,0.04267437679456253,0.08986390520083516,0.36560130419066617,-0.08138873075736189,-0.31387394822693954
chen9,mid,PCS,15,24,0.375,5,0.4,16,55.2,57.3,65.3,51.7,62.7,Alpha Esports,-4.541666666666667,1.2916666666666667,7.5,462.1721166666666,0.27638016666666665,0.375,1.1173541666666666,0.24427083333333333,0.6819273329415872,0.1985482572143189,1.2916666666666667,558.229825,0.0,0.4,0.7331521739130434,0.0,-0.05752212389380525,0.0,3.2659863237109046,-0.2916666666666667,-0.3891076800585425,0.010739345901733938,0.12142673860924642,0.5691818985756992,-0.17223398861535197,0.41554064740272095
Downed,mid,HC,3,25,0.6,5,0.0,11,60.1,52.4,50.6,52.8,58.4,Cyber Gaming Academy,367.16,298.32,0.96,530.578344,0.26332732,1.08,0.7665040000000001,0.130668,0.6377019581446826,0.19103584553274955,3.76,444.40437599999996,0.0,0.0,0.3748674443266171,-0.41408737740415236,-0.06544090056285155,1.3963607594936709,2.2,-0.44,-0.0825529274517202,0.2731569606210425,-0.13991518931428754,-0.23485613578651193,-0.11528697574675781,0.17872781387072528
DnDn,top,LAS,3,29,0.586,7,0.286,11,58.1,54.4,59.2,56.3,56.5,Nongshim RedForce Academy|Team Dynamics Academy,33.58620689655172,180.51724137931035,-3.896551724137931,526.1504275862069,0.22674693103448276,0.3103448275862069,0.7920689655172414,0.14631724137931035,0.5513913553388428,0.20907840821654813,2.0689655172413794,781.8868137931034,0.0,0.2857142857142857,0.4466466243551201,-0.18820748849359367,0.24675876726886295,3.777737283682887,2.0426487199475707,-0.6206896551724138,0.0,0.1630818076823189,-0.03412308336879478,0.22282532969915037,0.07103897582178557,0.0814515729669485
Langx,top,LPL,1,126,0.54,25,0.12,19,54.2,58.2,57.3,55.1,51.7,LGD Gaming|Royal Never Give Up|Victory Five,-57.01724137931034,122.81896551724138,0.09482758620689655,390.8330387096774,0.21445955645161288,0.2857142857142857,0.9147195652173913,0.1691274193548387,0.6067409125273976,0.2073213955575242,2.4838709677419355,880.7716833333333,0.0,0.12,0.4653640266416974,-0.37681649314869564,-0.004120588027533362,3.9911038961038963,1.692654532112021,-0.5714285714285714,-0.3153749917726621,-0.04412630086003709,0.16732817770751096,0.1206511167741027,0.0029703377520646362,-0.1765053105470433
Apollo,bot,LCS,1,39,0.41,13,0.154,10,54.4,58.0,55.3,45.6,48.5,Immortals|Immortals Academy,63.61538461538461,127.48717948717949,1.9743589743589745,474.4538461538462,0.274676,0.5128205128205128,1.3300051282051282,0.3170948717948718,0.7439900136842862,0.14040736470183957,2.923076923076923,267.11779487179484,0.0,0.15384615384615385,0.3663596315578695,0.0,-0.4036198347107437,0.0,1.6012815380508714,-0.6410256410256411,-0.5781472123557055,-0.031801198421419506,0.16097392402602728,0.018413347422446092,-0.5160388094343744,-0.34886363037499457
Soligo,mid,LCSA,2,42,0.476,9,0.222,12,55.2,57.2,57.5,53.8,47.9,100 Thieves Academy,29.214285714285715,114.61904761904762,4.214285714285714,502.26539761904763,0.25984140476190476,0.30952380952380953,1.0789785714285716,0.18769047619047619,0.6755300771189758,0.17162805014950563,2.7857142857142856,293.90733095238096,0.0,0.2222222222222222,0.4553959484346225,0.0,0.15204332007784088,0.0,1.8516401995451028,-0.5714285714285714,-0.4741410049801611,0.012632075000166446,0.11785126239060378,0.13266388438172863,-0.06538349543847656,-0.38277205689147153
Goku,mid,CBLOL,15,47,0.532,8,0.25,23,55.3,57.1,63.0,48.2,66.0,Flamengo MDL,-145.93617021276594,76.51063829787235,3.276595744680851,518.0427617021277,0.24974502765957446,0.44680851063829785,1.189812765957447,0.21694042553191487,0.6489067442833,0.17727478734012217,1.6808510638297873,384.67591914893615,0.0,0.25,0.5840763443856227,0.0,-0.2503325942350332,0.0,3.354894804451575,-0.3617021276595745,-0.31879140664717964,0.01337874731951215,0.10937055316276985,0.4344815926215983,-0.36484348230276187,0.6135632981364395
Lamabear,jng,SLO,3,65,0.708,13,0.308,18,50.1,62.3,59.6,55.7,61.6,Giants,-114.16923076923077,-99.96923076923076,0.5076923076923077,294.16687384615386,0.1423887323076923,0.13846153846153847,1.677103076923077,0.40637538461538464,0.7355876501204323,0.2324958948375238,9.907692307692308,661.2229907692308,0.0,0.3076923076923077,0.4096546206160821,-0.5603273044055422,-0.36093019295909123,7.149494949494949,2.232625222605752,-0.4,-0.29014750487866425,-0.26169781679883336,0.3946002267180486,0.24316280521759165,0.03684066749255349,0.3536440779505329
RayFarky,top,LJL,15,34,0.382,7,0.0,11,59.6,52.8,47.6,56.3,54.6,Burning Core Toyama,177.7941176470588,-1.1764705882352942,1.1176470588235294,427.95779117647055,0.24055279411764705,0.7058823529411765,0.8129647058823529,0.1416558823529412,0.6634744211756596,0.26032866749508804,2.088235294117647,646.2897205882354,0.0,0.0,0.16207627118644066,-0.409697821503865,0.060754189944133986,3.5432098765432096,1.8864844365675972,-0.47058823529411764,-0.38325919560680133,0.24507514935606547,-0.11749885057518684,-0.40103125749048363,0.0700088788205655,-0.01962350432696887
Kitzuo,jng,RCL,3,28,0.536,9,0.111,10,58.6,53.8,54.8,56.8,53.5,FrostFire|Orgless,47.92857142857143,91.85714285714286,-2.0357142857142856,448.38147857142854,0.19151767857142857,0.21428571428571427,1.2924357142857144,0.2713107142857143,0.6848943352430927,0.22615041457837787,15.142857142857142,688.6214107142857,0.0,0.1111111111111111,0.3019824230890608,0.17010313979043742,0.33642832010633716,1.9559748427672956,1.889822365046136,-0.5357142857142857,-0.4080755629564292,0.1882327172180336,-0.06486071532950269,-0.009770951753913126,0.09469280208637462,-0.07733040804290783
Napo,sup,NEXO,3,34,0.5,5,0.2,14,55.0,57.4,53.8,48.1,57.9,Kawaii Kiwis,-17.235294117647058,43.5,-10.705882352941176,180.99573529411765,0.09288255882352942,0.058823529411764705,2.2639735294117647,0.2340558823529412,0.7776765443766386,0.19608911417302421,0.11764705882352941,282.57728235294115,0.0,0.2,0.25240035919044,-0.3037231470608552,-0.45257443321496854,2.4285714285714284,2.4009801919951235,-0.5588235294117647,-0.33068461523745674,-0.002447807403368179,0.12845525119265927,-0.06270541929100204,-0.3711604798777514,0.15155555912324944
Erasus,jng,BRCC,2,30,0.633,3,0.333,12,59.0,53.4,59.8,50.7,57.3,Rensga eSports,472.3666666666667,266.6,4.6,304.9660733333333,0.16380121,0.1,1.2947333333333333,0.28076333333333336,0.6631181010451438,0.18885955774830457,16.6,703.4847366666667,0.0,0.3333333333333333,0.5042153929834103,-0.22461538461538466,-0.4175564430678947,2.1386861313868613,2.1908902300206643,-0.5333333333333333,-0.38391238269761224,0.2099393337557347,-0.08367200537964388,0.2559725174324409,-0.2297385486766227,0.12136194592351238
Quicktimer,sup,DL,3,32,0.5,10,0.1,10,58.9,53.5,61.7,54.8,51.4,LowLandLions,131.84375,71.875,2.40625,197.019234375,0.09679283125,0.0,2.599975,0.357921875,0.6497465659973337,0.291320640229188,0.0625,507.972946875,0.0,0.1,0.3227457809083648,2.528714882094099,-0.46006153846153836,8.566666666666668,1.7677669529663687,-0.59375,-0.4314721075758388,0.2060825376849245,-0.07984645790364603,0.35807716076217533,-0.008407968182041758,-0.1911696506522565
Fokkus,jng,BM,3,25,0.56,8,0.125,11,58.3,54.1,56.1,47.3,54.7,Five Kings|Zerolag Esports,-176.72,-122.84,-4.96,446.50557999999995,0.2144942,0.64,1.2150159999999999,0.230964,0.723809869833589,0.20209273815852766,10.8,632.770492,0.0,0.125,0.4508536444328794,0.0,-0.4363808831481991,0.0,2.2,-0.56,-0.43525704724964753,0.17296561963776239,-0.04749979394122989,0.05929847048410851,-0.418306237915854,-0.01654005875151659
Spirit,jng,LCK,1,87,0.54,23,0.043,17,49.1,63.2,44.4,47.0,61.3,DN SOOPers,-119.94252873563218,-178.02298850574712,-3.1839080459770117,262.9748965517241,0.1442719735632184,0.1724137931034483,2.2495402298850578,0.677051724137931,0.6941732033137611,0.20025175227022834,9.64367816091954,596.9776022988506,0.0,0.043478260869565216,0.24363949288691683,-0.7373778501628665,-0.08606191530386345,0.0,1.8225913092242512,-0.42528735632183906,-0.26188584934438874,-0.31627761621051553,0.44765407369201127,-0.5895182835235468,-0.4316373878850593,0.33986442440488907
Southwind,sup,LPL,1,70,0.571,14,0.071,14,57.6,54.7,46.3,50.2,49.8,Invictus Gaming,62.01449275362319,99.73913043478261,4.869565217391305,147.71155857142858,0.06743537142857142,0.02857142857142857,2.4005402985074626,0.3059485714285714,0.6348734143318879,0.15206901739842035,0.014285714285714285,478.3919142857143,0.0,0.07142857142857142,0.2926689302281096,-0.7221600823229386,-0.3166304103218063,3.2,1.6733200530681511,-0.6,-0.40422818035237756,0.1380445100741624,-0.014098316996040099,-0.4764468936623348,-0.25793590047101456,-0.27701561142282144
Regi,mid,LMF,2,30,0.433,9,0.111,16,56.9,55.4,53.8,65.0,57.2,Dark Horse|Intel New Indians,13.8,155.4,4.733333333333333,509.84851333333336,0.2895901,0.36666666666666664,1.0438566666666667,0.17204666666666665,0.6482154586400317,0.2076875520993168,5.333333333333333,417.8216933333333,0.0,0.1111111111111111,0.395597280673357,0.0,1.3327622561939905,0.0,2.9211869733608857,-0.4,-0.6001515469780345,0.10245206935823985,0.021020152955961373,-0.06334083619309022,0.553890316339649,0.11802576044799629
Bie,sup,VCS,15,77,0.532,20,0.1,17,52.4,59.9,51.4,60.6,56.0,EVOS Esports,-3.5974025974025974,-166.46753246753246,-2.25974025974026,160.35533896103897,0.08414099350649351,0.05194805194805195,2.7823311688311687,0.38393766233766236,0.6536297868318949,0.1749516168209233,0.03896103896103896,435.3429935064935,0.0,0.1,0.22575793613040304,-0.10619401659519402,0.3849310095070596,2.4865005192107996,1.937329799813845,-0.5584415584415584,-0.34204090595024483,-0.1393810830325682,0.2601360588796637,-0.1900275958989848,0.2978414701797001,0.05294520004615857
fabFabulous,top,TCL,15,28,0.286,10,0.0,14,56.0,56.3,52.7,55.1,58.2,Beşiktaş Esports|Royal Youth,-119.92857142857143,8.892857142857142,6.535714285714286,421.66625000000005,0.26024153214285717,0.14285714285714285,0.9450821428571429,0.16645714285714286,0.6203640895717555,0.20675060400296122,0.9642857142857143,637.0655214285715,0.0,0.0,0.1724321734443313,0.6438117878989941,-0.03843473599571163,3.6153846153846154,2.6457513110645903,-0.42857142857142855,-0.5662569737403179,0.05426721991202419,0.0687600715776072,-0.1197757938429104,0.0047554760783632966,0.16842413031069814
Zherathor,mid,NEXO,3,36,0.75,2,0.0,17,57.3,55.0,51.6,52.5,65.5,Astralis SB,403.52777777777777,267.3611111111111,9.083333333333334,483.9949,0.23782833333333336,0.4444444444444444,1.22115,0.2221138888888889,0.607275164731305,0.24429138387794216,2.6944444444444446,351.5303666666666,0.0,0.0,0.27415143603133163,0.2975690001827819,-0.12657510972674496,2.4604888289098814,2.8333333333333335,-0.3888888888888889,0.0,0.12373664350345849,0.0007376646664919296,-0.1811356890901425,-0.1332574012177143,0.5831030828790728
Angel,mid,LPL,1,116,0.552,31,0.355,20,56.2,56.0,70.7,50.9,51.5,Suning,-94.44954128440367,-59.61467889908257,1.128440366972477,535.3520215517241,0.2620910431034483,0.47413793103448276,1.0403591397849463,0.19325344827586208,0.6901841481832878,0.15234700952525682,1.6724137931034482,311.22014224137934,0.0,0.3548387096774194,0.4676283851565882,0.5477197126979477,-0.09054593082098011,2.075529692082111,1.8569533817705188,-0.5,-0.2744908377636494,0.060711125142474176,0.050022893948752964,0.9497769809430902,-0.2162278117802154,-0.18581122517178944
Ardenein,bot,GLL,3,36,0.417,13,0.154,10,51.0,61.2,53.6,51.0,51.2,Team Refuse|Zerolag Esports,-341.1666666666667,-337.1666666666667,-3.861111111111111,582.0693166666666,0.2499366388888889,0.6666666666666666,1.5481194444444446,0.36625277777777776,0.6238384112616527,0.16234361073001125,1.7222222222222223,336.0865138888889,0.0,0.15384615384615385,0.34111453119756346,-0.4192052710782121,-0.21452145214521445,1.6666666666666667,1.6666666666666667,-0.6666666666666666,-0.2934428768258966,-0.21456669608122758,0.3337316696262807,-0.07114697873773182,-0.21072360792612063,-0.20096628811054718
Seelame,bot,LFL,2,52,0.5,15,0.133,12,59.5,52.7,52.4,57.1,55.7,GameWard,10.51923076923077,-3.4615384615384617,3.519230769230769,628.6185057692308,0.2760244230769231,0.7884615384615384,1.0382807692307692,0.22709230769230768,0.6310478875440151,0.16393726131131356,2.6538461538461537,332.0102519230769,0.0,0.13333333333333333,0.28298719509782805,-0.13677813905747335,-0.06357029079685456,4.288214335966551,1.6641005886756874,-0.5576923076923077,-0.33110639850240453,0.24124855615600307,-0.12373646156110511,-0.1348149082013033,0.11119134596809598,0.036263525180968925
Gadget,bot,LCL,15,54,0.796,8,0.25,20,58.6,53.6,61.9,50.3,71.3,Unicorns of Love.CIS,106.37037037037037,168.37037037037038,-10.296296296296296,600.4666907407408,0.26617155555555555,0.6296296296296297,1.3003796296296297,0.34946666666666665,0.6332196047762734,0.17753823225441584,3.1296296296296298,248.41466296296295,0.0,0.25,0.24428757602085144,0.9224458070645135,-0.2084359835759612,2.4800000000000004,2.721655269759087,-0.4074074074074074,-0.30381972968816945,0.19256415190518106,-0.07292648456157966,0.368838936970717,-0.25168016854756514,0.9972154640903379
MAXI,jng,NLC,2,63,0.635,7,0.143,14,62.2,50.0,52.8,57.7,53.1,Barrage|Dark Passage|Riddle Esports,133.71428571428572,436.04761904761904,9.142857142857142,354.53370317460315,0.16661581746031748,0.2857142857142857,1.1481857142857144,0.25608095238095235,0.6450569085965505,0.1701109270091475,16.317460317460316,609.1517555555555,0.0,0.14285714285714285,0.25433561781586966,0.020857222549353734,0.030872806474575264,2.856245098647668,1.7638342073763937,-0.5238095238095238,-0.45153195849001393,0.38717677718174415,-0.26870601427244667,-0.11537005226607658,0.14039101457996056,-0.09802184702711791
Kirei,jng,LFL,2,66,0.636,13,0.308,20,57.4,54.8,60.3,53.4,64.5,Misfits Premier,84.04545454545455,89.33333333333333,0.5909090909090909,346.4360787878788,0.1702321212121212,0.22727272727272727,1.4745954545454545,0.3478378787878788,0.7178150101285993,0.229127467609269,10.0,644.5307424242425,0.0,0.3076923076923077,0.38618788463156256,-0.04906168475974094,-0.19851872361043824,2.654109025032938,2.4618298195866544,-0.3787878787878788,-0.42241149784955107,0.12920335011611525,-0.010312407619618233,0.28027694948532433,-0.08648036307555224,0.5255194340071835
Pop,sup,PCS,15,49,0.347,14,0.071,16,53.8,58.4,53.1,48.1,60.4,Nova Esports,13.755102040816327,-161.73469387755102,-1.6326530612244898,158.70484897959182,0.09330008979591836,0.04081632653061224,2.538795918367347,0.4026673469387755,0.690866631959116,0.1836719790182228,0.0,429.5009653061224,0.0,0.07142857142857142,0.3165439752034095,0.0,-0.2014715887614967,0.0,2.2857142857142856,-0.42857142857142855,-0.4440274371213371,-0.06328981199679866,0.17792555561725637,-0.10041635423076296,-0.3700353954740326,0.28783942085000985
EvanRL,bot,UPL,2,46,0.565,13,0.231,14,60.9,51.3,58.4,53.0,64.1,Maryville University|Supernova,217.65217391304347,117.21739130434783,6.195652173913044,586.0194,0.2665676739130435,0.8695652173913043,0.9819934782608696,0.20644565217391303,0.5866990316920526,0.13996593614714295,2.5652173913043477,317.42675217391303,0.0,0.23076923076923078,0.42493948747557286,0.0,0.051426759670260176,0.0,2.06418738616856,-0.41304347826086957,-0.2604428387172599,0.31452307918778716,-0.1975907022027756,0.18204323806944694,-0.10476893978248371,0.4974242819030571
lovely,jng,LDL,2,23,0.609,5,0.2,6,58.8,53.4,54.2,48.2,45.8,Royal Club,-68.82608695652173,17.782608695652176,-4.695652173913044,468.9779347826087,0.19977791304347825,0.5217391304347826,1.2539846153846155,0.31363478260869565,0.6859841969121117,0.2005872691630328,18.47826086956522,476.54883043478264,0.0,0.2,0.20710028504793987,0.0,-0.4885243964514252,0.0,1.2510864843424487,-0.8260869565217391,-0.48958965298930496,0.20002653141964727,-0.08230624957458062,-0.039732352748446415,-0.3658198174109619,-0.5078577669728316
Aristo,top,BL,3,20,0.25,10,0.0,11,56.5,55.6,51.0,49.6,55.8,Brussels Guardians,-17.7,169.8,-1.1,443.28985,0.24320015,0.4,0.8431,0.10660499999999999,0.6230387813940446,0.21563069052998723,1.75,737.4775999999999,0.0,0.0,0.1794805194805195,0.0,-0.43737095664143155,0.0,2.4596747752497685,-0.5,-0.47645326151519235,0.08038310927285261,0.030857758082999107,-0.21215258070412446,-0.28969994422338874,0.03975831354987934
Rhuckz,sup,SLO,3,73,0.726,9,0.222,16,55.1,57.0,60.6,61.8,57.8,Movistar KOI,47.9041095890411,99.1917808219178,-3.6575342465753424,175.21074383561643,0.0841961698630137,0.0136986301369863,2.490723287671233,0.2993356164383562,0.6968365829461448,0.2229958975890504,0.0,497.6477301369863,0.0,0.2222222222222222,0.5293613313329961,0.0069415970014616146,-0.013987400950123149,7.888888888888888,1.872658355138089,-0.4520547945205479,-0.2921220828350993,0.006415996330035348,0.10524648013964719,0.30050773245418017,0.3632038719115051,0.14583679127003146
Madly,top,TCL,15,65,0.508,20,0.35,14,57.7,54.4,65.8,45.7,55.3,Team AURORA|Team AURORA Academy,-193.36923076923077,-75.98461538461538,-3.3384615384615386,448.67001692307696,0.23992812923076923,0.6615384615384615,0.8430215384615385,0.15101846153846155,0.609985130599732,0.22783918449513257,2.523076923076923,876.0840169230769,0.0,0.35,0.6295023243412434,-0.29696531791907504,-0.39195641008463405,1.5900068799449603,1.7364862842489186,-0.46153846153846156,-0.2837926071323327,0.14076498901484363,-0.03216162664143043,0.6055808550827826,-0.5135597287030652,0.017480421940087518
MagiFelix,mid,UKLC,3,51,0.725,11,0.455,16,57.9,54.2,68.0,55.5,59.6,Fnatic Rising,138.66666666666666,-91.7843137254902,1.607843137254902,599.7954882352941,0.2709582745098039,0.5882352941176471,0.8500078431372549,0.15491960784313727,0.6363153997563782,0.17131405524947724,3.9215686274509802,419.21233725490197,0.0,0.45454545454545453,0.648904303957118,0.06866089140704151,0.10892413169592396,2.0614035087719302,2.2404481344448155,-0.35294117647058826,-0.24977684797883146,0.15495332551945792,-0.042771220451819504,0.7484213034072005,0.02509078230192964,0.24438934498825016
Yusin,sup,CK,2,35,0.457,5,0.2,14,53.3,58.8,67.0,54.9,62.5,Griffin,-106.05714285714286,124.11428571428571,-1.1714285714285715,157.90341714285714,0.08424516285714286,0.0,2.952505714285714,0.4265457142857143,0.6705331366260159,0.23983336047769832,0.0,405.23677428571426,0.0,0.2,1.0159860829464624,0.0,0.2864986945772971,0.0,2.3664319132398464,-0.5142857142857142,-0.22857288478875035,-0.08793948571958687,0.20115612121020854,0.6787724083255028,-0.0028138304724696916,0.40742224991597
OnFleek,jng,LCK,1,85,0.4,28,0.071,13,46.8,65.2,61.8,59.1,40.5,Liiv SANDBOX,-25.58823529411765,-172.4,-4.411764705882353,221.0124305882353,0.12839306588235294,0.18823529411764706,1.9843611764705884,0.6490823529411764,0.7309745104673402,0.18050938399480884,7.141176470588236,715.7732741176471,0.0,0.07142857142857142,0.3080564009984554,1.2558069241321583,0.27816258373214453,2.0,1.4100479758212652,-0.5647058823529412,-0.5624409342470488,-0.4446460073724674,0.564423470792337,0.3687657247775421,0.2152487899183287,-0.8549915963415693
Kati,mid,VCS,15,92,0.652,17,0.235,19,55.5,56.5,65.5,56.8,53.6,Team Flash,-4.521739130434782,43.84782608695652,2.7717391304347827,493.71346413043483,0.2508742913043478,0.4782608695652174,1.1057902173913043,0.237425,0.6249033653278567,0.1915913251391284,3.7934782608695654,411.07628804347826,0.0,0.23529411764705882,0.7140720021152535,-0.298251330509395,0.04135781087634225,4.092039295392954,1.9808869335422103,-0.45652173913043476,-0.31925424668092084,0.02595018613633978,0.07960261624742798,0.5870553246863922,0.09432524477872825,-0.07216966128650576
Umut,mid,TCL,15,64,0.453,16,0.125,14,55.4,56.6,56.5,62.8,49.2,5 Ronin|5 Ronin Academy,121.65625,20.875,6.96875,449.688321875,0.26028196875,0.40625,1.0190671875,0.150003125,0.6955743875203326,0.14781821170393947,2.65625,316.41748125,0.0,0.125,0.41808166984179573,0.02817513633130476,0.3135985198889919,6.180555555555556,1.75,-0.5,-0.3836070141154351,0.023502895256346426,0.08374088512145313,0.07903364745118845,0.420853592571655,-0.3094685757326459
Only Angel,top,UKLC,3,27,0.333,8,0.0,9,52.5,59.5,50.1,62.2,47.5,Enclave,-52.666666666666664,-123.33333333333333,2.925925925925926,379.22003703703706,0.2254627407407407,0.2962962962962963,0.9247037037037037,0.16062962962962962,0.6295366774311276,0.19318401974978056,1.3703703703703705,763.4374962962962,0.0,0.0,0.1730517561634583,0.0,1.6130065032516259,0.0,1.7320508075688772,-0.5555555555555556,-0.6537516670335599,-0.130112817096295,0.23825040284715449,-0.26163160774150124,0.38607190106309897,-0.40603689992387065
Viper,bot,LCK,1,92,0.272,25,0.04,12,57.1,54.9,54.5,45.7,56.9,Griffin|Hanwha Life Esports,29.044444444444444,80.4888888888889,4.7555555555555555,507.8287260869565,0.3149921847826087,0.42391304347826086,1.3827391304347827,0.40006086956521736,0.6694964752291906,0.15766847523457655,1.6195652173913044,313.9334,0.0,0.04,0.5308407389292298,0.0,-0.19958765123975916,0.0,1.2510864843424487,-0.4673913043478261,-0.3063076866698607,0.11259674148423907,-0.002670009127410354,-0.026483778117052235,-0.5123253439485687,0.10176552070105441
Quas,top,RCL,3,27,0.519,9,0.111,12,63.1,48.9,54.1,53.5,52.7,FrostFire,357.3703703703704,1.4814814814814814,3.6296296296296298,585.5361148148148,0.2514918148148148,0.5925925925925926,0.5793074074074074,0.09126296296296298,0.4960759808765851,0.21262352311314586,3.814814814814815,771.3226148148148,0.0,0.1111111111111111,0.25899816912062973,0.15003444803646196,0.11505139097423128,1.6666666666666667,2.309401076758503,-0.5925925925925926,-0.48903201663508605,0.44238867624105793,-0.32523738469938657,-0.048516220919322284,-0.07697485165187593,-0.12065986367664897
Prove,sup,LAS,3,25,0.44,5,0.2,10,56.6,55.4,54.1,53.0,59.3,Liiv SANDBOX Academy,24.92,-121.88,-3.8,202.37105599999998,0.087704404,0.08,2.72792,0.43736800000000003,0.6238304991135012,0.266699148186969,0.04,475.21670400000005,0.0,0.2,0.3758629923276635,-0.7178729528752427,-0.0582477947968204,2.0487233420931177,2.0,-0.56,0.0,0.084837424587278,0.020221921069381428,-0.04746896639568256,-0.10536357136102353,0.22707176174321234
F4rg,top,LPLOL,3,52,0.519,11,0.182,21,58.1,53.8,61.6,52.6,65.1,SAMCLAN Esports Club,162.34615384615384,96.71153846153847,4.711538461538462,440.9777038461538,0.22784858461538463,0.34615384615384615,0.9303134615384615,0.11736538461538461,0.5794320395412621,0.2579779589950779,2.7115384615384617,794.6727634615384,0.0,0.18181818181818182,0.6174173966952106,0.3337470671174186,-0.10260056090529326,3.0846153846153843,2.912176030182453,-0.40384615384615385,-0.38185544679341193,0.1634819797777882,-0.06326584437049018,0.35350312605621736,-0.12861257665575507,0.557521932625154
beansu,top,SLO,3,72,0.722,9,0.222,16,50.0,61.9,62.5,64.9,51.7,Movistar KOI,-51.69444444444444,180.44444444444446,2.486111111111111,370.7113736111111,0.18434260833333335,0.1527777777777778,1.005001388888889,0.16379722222222223,0.5400160295962491,0.17228671791126587,2.2916666666666665,962.0161902777777,0.0,0.2222222222222222,0.452233676975945,0.47566718995290436,0.07529474812433005,10.833333333333334,1.885618083164127,-0.5277777777777778,-0.3401740223098321,-0.26714605006362274,0.3712600409425288,0.4035439621529327,0.5447167901531946,-0.17332950251724494
Noltey,jng,UKLC,3,31,0.548,9,0.222,12,53.7,58.2,56.1,49.0,55.5,NVision Esports|Nordavind,1.8064516129032258,-65.54838709677419,0.8387096774193549,315.3192096774194,0.16661479032258064,0.0967741935483871,1.5898774193548388,0.3564967741935484,0.6762635161591519,0.19951536638034406,15.774193548387096,558.0506903225806,0.0,0.2222222222222222,0.23214705783513123,0.0,-0.17037270045123218,0.0,2.155263624321299,-0.4838709677419355,-0.445300349798664,-0.07016339377727134,0.16764011594836842,0.056273367377061595,-0.32186235673929076,0.02635421058852362
Gemini,jng,PCS,15,83,0.663,12,0.167,11,53.1,58.8,54.2,56.2,46.2,Machi Esports,-7.831325301204819,-87.4578313253012,-3.108433734939759,266.21265542168675,0.13456831204819278,0.24096385542168675,1.7187819277108431,0.4264746987951807,0.6905069437232751,0.19304229843606677,12.891566265060241,600.184869879518,0.0,0.16666666666666666,0.3533644986449864,-0.42601729275560546,-0.0578650757755235,3.7746269081795405,1.2074068598865937,-0.5903614457831325,-0.26303143821917946,-0.10054005081682647,0.203686191006335,-0.039720461887706296,0.0631770291942646,-0.48181593844448634
Iwandy,sup,LPL,1,23,0.391,6,0.0,11,54.8,57.1,49.4,76.0,59.4,LNG Esports,91.94736842105263,-19.736842105263158,2.5789473684210527,143.41788260869566,0.07687106956521739,0.0,2.4854785714285716,0.39411304347826087,0.7022441739547003,0.2171404674056444,0.08695652173913043,503.1801043478261,0.0,0.0,0.15736893559819135,0.0,2.533567525370804,17.290322580645164,2.2936585546278225,-0.5217391304347826,-0.37883009319648603,-0.010334990760806139,0.10875782220594914,-0.29910180756595073,1.497652655316382,0.23387861375614927
Brolia,sup,TCL,15,32,0.562,7,0.143,12,53.3,58.6,57.7,63.1,60.8,5 Ronin,43.03125,10.1875,7.03125,137.256490625,0.077063421875,0.0,2.7067375,0.46081875,0.6707838455231484,0.19780247889084096,0.0,456.610253125,0.0,0.14285714285714285,0.46181076192978937,0.1367997216284734,0.3199745951095585,7.920217096336498,2.1213203435596424,-0.5,-0.22349560207338695,-0.09209188827536421,0.188287365157107,0.1449813970782713,0.43823930029958086,0.3107729673141073
JaVaaa,bot,SLO,3,72,0.722,9,0.222,17,56.7,55.1,60.8,63.9,59.7,Movistar KOI,122.30555555555556,-12.375,1.5694444444444444,540.8744694444445,0.2599287430555555,0.7916666666666666,1.1009,0.2671111111111111,0.6568611370827508,0.18131229784885036,3.013888888888889,274.47761944444443,0.0,0.2222222222222222,0.45842121641713635,0.0891751714907144,0.29654195856312426,5.7142857142857135,2.003469213361885,-0.4305555555555556,-0.3085997337241074,0.08959661201259524,0.0045856122985514156,0.3124887406348456,0.4892920271851254,0.2515776508573211
Black,bot,TCL,15,40,0.6,14,0.429,10,52.7,59.1,61.8,50.6,55.9,Dark Passage|Team AURORA|Team AURORA Academy,-158.95,-314.05,-4.65,541.01233,0.2797031,0.85,1.4189925,0.3907575,0.7158372635462872,0.19175943314081859,2.675,308.9310625,0.0,0.42857142857142855,0.4529647319920876,-0.48896795110894326,-0.30175977868285553,3.9154879401694687,1.5811388300841895,-0.55,-0.3104570350725645,-0.12030308213978731,0.2162095237303057,0.3644074310358251,-0.2338632115836431,0.04671443726352853
Pancake,jng,LLA,15,26,0.769,3,0.333,9,51.2,60.6,61.9,50.0,52.4,All Knights,-4.769230769230769,-163.5,2.6538461538461537,211.35467307692306,0.10550123076923076,0.11538461538461539,1.9581807692307693,0.5147192307692308,0.6936201879579313,0.2048096071851728,11.5,771.4776307692307,0.0,0.3333333333333333,0.5433070866141733,-0.16981132075471697,-0.29886591060707146,1.9738562091503267,1.7650452162436565,-0.5769230769230769,-0.3490459408838611,-0.201555522109001,0.2987005881069544,0.3714095340699207,-0.26456012418844543,-0.13730538857432364
Slay,sup,VCS,15,61,0.59,7,0.286,9,59.7,52.1,69.1,59.0,41.9,GAM Esports,-27.57377049180328,55.459016393442624,0.39344262295081966,184.90414918032786,0.09165570819672131,0.06557377049180328,2.435095081967213,0.3686901639344263,0.6529822459796556,0.2185097977053557,0.0,398.08878852459014,0.0,0.2857142857142857,0.993300976517089,-0.14422567129444996,0.1904667819824581,3.9733111929343248,1.1523319193960637,-0.7377049180327869,-0.3672840502526149,0.24990744963949998,-0.15231283241928842,0.8258456960024589,0.21227723536753185,-0.7559858391913228
Contractz,jng,LCSA,2,42,0.452,9,0.111,12,54.4,57.4,55.6,59.9,53.0,100 Thieves|100 Thieves Academy,-99.42857142857143,-33.26190476190476,-2.7857142857142856,348.7257023809524,0.17798235,0.19047619047619047,1.588652380952381,0.41500714285714285,0.7344328620785268,0.25385947190589014,12.666666666666666,691.4694857142857,0.0,0.1111111111111111,0.4752221906327643,0.0,0.5810314635937412,0.0,1.8516401995451028,-0.4523809523809524,-0.6188208725014422,-0.03186776730535511,0.1254496918273094,0.02912273962645176,0.26199930701062935,-0.10293514305161852
Elramir,jng,TCL,15,72,0.5,23,0.261,18,50.5,61.3,59.6,47.8,56.3,Beşiktaş Esports|Team AURORA|Team AURORA Academy,-58.05555555555556,-96.33333333333333,1.5416666666666667,241.74774444444444,0.13925327361111112,0.013888888888888888,1.7624152777777777,0.46412916666666665,0.7635936084303596,0.23413069309296652,8.708333333333334,725.5977375,0.0,0.2608695652173913,0.46131529748932315,-0.508053274446208,-0.3023707821999232,2.680034965034965,2.121320343559643,-0.4722222222222222,-0.41334910983129397,-0.24099469061340334,0.3358594051150058,0.24407090408532628,-0.3869075886736072,0.06758548965512703
Praedyth,bot,OPL,15,49,0.429,13,0.154,13,57.1,54.6,50.7,55.5,54.5,Pentanet.GG,276.46938775510205,-17.122448979591837,4.877551020408164,503.36077142857147,0.2961015714285714,0.4897959183673469,1.120187755102041,0.26933469387755105,0.6551986950846495,0.1641172514217785,5.061224489795919,391.86417551020406,0.0,0.15384615384615385,0.29844046992007695,-0.6098618260633974,0.06675744680851059,2.235294117647059,1.8571428571428572,-0.6530612244897959,-0.37246099095294405,0.11139063917649705,-0.01954598814254637,-0.22624342629598004,0.028324536189813107,-0.02380722172801888
Luger,bot,TCL,15,34,0.588,6,0.167,12,58.6,53.1,57.2,49.1,58.5,Fenerbahçe Academy|Fenerbahçe Esports|Galakticos,345.02941176470586,56.88235294117647,4.4411764705882355,528.7434000000001,0.2800090088235294,0.6764705882352942,1.0068176470588235,0.29685,0.6808518622760109,0.18514551103910049,5.176470588235294,319.5215676470588,0.0,0.16666666666666666,0.4638681234425916,0.0,-0.2198723064644852,0.0,2.057983021710106,-0.5294117647058824,-0.4300540696642699,0.1929620999251969,-0.10083372018964269,0.11744227453432268,-0.31823270332711634,0.18508102269695192
Shikari,top,UKLC,3,28,0.571,3,0.0,10,54.2,57.5,48.6,49.9,51.6,Munster Rugby Gaming|NVision Esports,140.14285714285714,83.10714285714286,5.821428571428571,388.2995857142857,0.2050075,0.21428571428571427,1.1272178571428573,0.13770357142857143,0.5091376163992167,0.16808448075586507,1.8214285714285714,665.4579321428572,0.0,0.0,0.015875031750063502,0.0,-0.18851894374282427,0.0,1.889822365046136,-0.5357142857142857,-0.4357401790706033,-0.04136278196290967,0.1332486350083966,-0.3443932260871792,-0.26937561258445386,-0.1815536696187103
clx,mid,LDL,2,33,0.364,9,0.0,16,58.1,53.6,50.1,76.3,52.2,Bilibili Gaming|V5 87|Victory Five,244.89285714285714,143.64285714285714,3.75,534.9649939393939,0.2746078181818182,0.24242424242424243,0.99875,0.17405454545454546,0.6812679150645123,0.21165818816501847,1.7575757575757576,368.763,0.0,0.0,0.3209135617237643,0.0,2.975650957069319,1.3225806451612903,2.7852424952911656,-0.48484848484848486,-0.7425500722018541,0.16465465597772871,-0.07185129498257739,-0.2619288692993681,1.548107681069777,-0.14542314796845376
Kartis,top,PCS,15,21,0.333,7,0.0,13,53.6,58.1,51.9,56.3,57.6,Hong Kong Attitude,20.0,80.85714285714286,1.5714285714285714,359.55512857142855,0.2169728238095238,0.14285714285714285,1.0570761904761905,0.19566190476190476,0.6200240409826876,0.20923416087829677,1.3333333333333333,605.4217904761905,0.0,0.0,0.2723860589812332,0.0,0.4230684569667621,0.0,2.836832573067901,-0.42857142857142855,-0.6638601315220803,-0.07595696930558443,0.16560813197526209,-0.16557409386942779,0.06827017763314397,0.13760065685151807
Smarty,sup,HC,3,21,0.714,3,0.667,8,56.0,55.7,65.9,61.1,54.8,KIA.eSuba Academy,-55.42857142857143,-306.04761904761904,-1.5714285714285714,207.19149523809523,0.11303163333333334,0.047619047619047616,2.1407142857142856,0.3250904761904762,0.7352887344907837,0.21757230577106354,0.047619047619047616,415.0258952380952,0.0,0.6666666666666666,0.6970082749840865,-0.529520295202952,-0.181079083518108,12.944117647058826,1.7457431218879391,-0.6666666666666666,-0.10341119186758685,0.05155594905082339,0.0389055849144029,0.6123730238861018,0.3269562838977228,-0.010723975940006819
SeongHwan,jng,CBLOL,15,21,0.476,3,0.0,9,53.3,58.4,51.3,57.4,56.0,paiN Gaming,-24.333333333333332,-11.761904761904763,-1.5714285714285714,243.0437523809524,0.13341711904761905,0.14285714285714285,1.7110523809523808,0.42195238095238097,0.7287474224139416,0.16858347284548658,9.523809523809524,586.3540523809525,0.0,0.0,0.20102105934907466,0.0,0.303189672836555,0.0,1.9639610121239315,-0.5238095238095238,-0.28116204984004545,-0.08927342983080036,0.18107028902489747,-0.19537399703162348,0.12473317752352267,0.05407644068898217
Adryh,bot,SLO,3,25,0.48,6,0.0,9,52.9,58.8,49.1,51.0,52.6,Cream Real Betis,-162.44,-21.28,11.36,502.518428,0.25966244,0.24,1.34588,0.395012,0.6929214837450131,0.20807043631907515,3.0,283.324348,0.0,0.0,0.0819489961200889,-0.037580201649862546,-0.2884402807024565,1.4615384615384615,1.8,-0.68,-0.2939688428109448,-0.11143031786602829,0.20391518665117742,-0.31445526859908096,-0.2138502227977688,-0.12763446934704775
Kyle,bot,UPL,2,36,0.75,3,0.0,10,61.8,49.9,49.4,57.0,54.0,Just Randoms,342.6666666666667,524.7777777777778,3.9166666666666665,549.7432916666667,0.23307780555555555,0.9444444444444444,0.9567722222222224,0.17424444444444445,0.574490477985209,0.15552482275543345,3.861111111111111,275.4153555555556,0.0,0.0,0.2335456475583864,0.0,0.3111531741409436,0.0,1.6666666666666667,-0.6388888888888888,-0.3188300524449293,0.3653737449153562,-0.2716981321295781,-0.3014391588421092,0.10564233714205118,-0.05026004292688772
dibu,jng,BL,3,60,0.75,7,0.286,14,57.6,54.0,60.5,49.3,53.2,Sector One,198.8,-24.416666666666668,-4.316666666666666,361.87740833333334,0.15152119,0.48333333333333334,1.47717,0.3104516666666666,0.6359776228504284,0.19597102897510424,8.816666666666666,619.2179366666667,0.0,0.2857142857142857,0.34640051197559946,-0.002069386104963147,-0.09977690813646126,1.0024668589713277,1.8073922282301278,-0.5333333333333333,-0.3519534717598358,0.13747402397944608,-0.05137593313530362,0.29505744850821725,-0.3027920777995752,-0.09242955032365852
Lenom,top,TAL,3,34,0.471,7,0.143,18,55.5,56.1,60.7,51.5,64.4,Fenerbahçe Academy,-90.91176470588235,26.352941176470587,2.264705882352941,408.7855352941176,0.23698179411764705,0.5,0.8490264705882353,0.11665882352941177,0.5819886312763985,0.18549882065326787,1.7352941176470589,752.6103647058824,0.0,0.14285714285714285,0.8854112617006704,0.0,0.09635868218974486,0.0,3.0869745325651587,-0.35294117647058826,-0.4718454664970619,0.02564139411324921,0.058983295595061186,0.3062228550375017,-0.18439395627742855,0.5188074151907088
Zeicro,bot,LHE,2,28,0.643,4,0.25,11,56.5,55.1,57.5,49.3,55.1,Furious Gaming|Kaos Latin Gamers,65.42857142857143,84.67857142857143,2.392857142857143,496.16844285714285,0.279408,0.9285714285714286,1.0595857142857141,0.21914285714285714,0.7342033684689998,0.1904556154445584,1.9285714285714286,344.3822214285714,0.0,0.25,0.49283782430131223,-0.3426042983565108,-0.2879556259904913,0.0,2.0788046015507495,-0.6071428571428571,-0.45622076250825977,0.07675289867851497,0.004087900801277487,0.1298335072309558,-0.3025074287937232,0.0035651977227470627
Cozy,top,RCL,3,43,0.465,15,0.133,17,60.0,51.6,54.9,53.7,63.7,TBA|XT Esports,103.76744186046511,163.53488372093022,3.0930232558139537,512.6189093023255,0.22212695348837208,0.37209302325581395,0.9275395348837209,0.13408837209302324,0.4954422702838739,0.21084236327841308,1.0232558139534884,657.2527976744186,0.0,0.13333333333333333,0.3412364598663115,0.0,0.4014822210409993,0.0,2.5924756956542794,-0.3488372093023256,-0.3371983270715727,0.26585603256113666,-0.1825984598862061,-0.007359902159287836,-0.06602759630881722,0.4724541717522047
ZaZee,mid,PRM,3,49,0.531,9,0.111,12,56.5,55.0,54.8,58.6,47.5,Berlin International Gaming|SK Gaming|SK Gaming Prime,118.14285714285714,10.959183673469388,2.2857142857142856,521.5757693877551,0.285778387755102,0.5510204081632653,0.9849530612244899,0.16044285714285714,0.7012398003622478,0.21093023791627827,2.5306122448979593,281.55532857142856,0.0,0.1111111111111111,0.431155914307762,-0.01839595207630579,-0.09899220779220776,7.724489795918369,1.7142857142857142,-0.5714285714285714,-0.3554193488431225,0.07904051482181074,-0.0005893276104811385,-0.008967032460741113,0.1907746633525046,-0.40744492745119687
Crus,bot,LMF,2,38,0.368,7,0.143,13,51.7,59.8,62.1,54.7,55.8,Feint Gaming|Sinisters,-27.973684210526315,-100.86842105263158,-3.3684210526315788,483.5179605263158,0.2898516842105263,0.4473684210526316,1.2804763157894736,0.28546315789473686,0.6915088298765442,0.126639286993491,2.289473684210526,271.93335,0.0,0.14285714285714285,0.902950653945789,0.0,0.15007898894154814,0.0,2.108878474699913,-0.6052631578947368,-0.4337722511173468,-0.17656870565768928,0.2547071077781313,0.3842508314497177,-0.01751307141018338,0.04417016938922714
Ryuzaki,jng,BRCC,2,43,0.488,5,0.4,16,56.7,54.8,66.9,59.3,62.7,Team oNe eSports|WLGaming Esports|Zero Tenacity,78.48837209302326,-155.6046511627907,-2.7906976744186047,353.8042,0.18562522093023257,0.37209302325581395,1.4536720930232558,0.3215,0.7108062039320573,0.19275417813081852,9.837209302325581,500.374323255814,0.0,0.4,0.8109674227969755,-0.17265699172657,0.07218127588246898,3.707692307692308,2.4399771253216747,-0.4186046511627907,-0.37404395111961447,0.09173852790010101,-0.011954176243893706,0.672684340357601,0.22595720821159268,0.41442239759797106
Palens,jng,NEXO,3,46,0.522,10,0.1,16,49.3,62.2,54.6,60.9,63.0,Arena Quesito,-200.69565217391303,-309.5869565217391,-5.282608695652174,279.18954565217393,0.1574843043478261,0.30434782608695654,1.6473195652173913,0.4247065217391304,0.7327142223070306,0.22614564573862594,10.434782608695652,745.6573152173913,0.0,0.1,0.2414770607982096,0.39265317249369586,0.1822689324914185,5.753153515834676,2.359071298478354,-0.391304347826087,-0.21490914800440775,-0.30673071407511715,0.3895750579183942,-0.023138004816539708,0.3149251050397486,0.43546644802163115
Bun,jng,LDL,2,65,0.185,22,0.0,14,53.9,57.6,47.7,47.5,53.9,Victorious Gaming,-318.23809523809524,10.746031746031745,3.888888888888889,355.02118125,0.182216296875,0.15384615384615385,1.6310044444444445,0.4695171875,0.6713308271458245,0.20792928290505944,14.3125,517.0995953846154,0.0,0.0,0.23554627295577218,0.0,-0.22729755583850744,0.0,1.7364862842489186,-0.5692307692307692,-0.33831018969896776,-0.05861552245134716,0.13922451942257588,-0.3945580855801251,-0.40468143157040115,-0.06012663353270468
Esko,bot,HC,3,24,0.542,4,0.0,10,63.7,47.8,49.5,51.6,57.5,Gaming Team Kravaře,498.5416666666667,698.9166666666666,12.291666666666666,602.3922083333333,0.305102875,0.375,0.9347708333333333,0.16619166666666665,0.6307631506344321,0.2546288604401237,2.2083333333333335,278.6307125,0.0,0.0,0.266743152158325,-0.5009041591320071,-0.21853019645888905,1.387755102040816,2.041241452319315,-0.5416666666666666,-0.1959038009682753,0.47805777692869517,-0.38599103532982837,-0.2947361980138415,-0.18169714105520252,0.13318685670794642
Chippys,top,OPL,15,64,0.516,10,0.1,19,54.6,56.8,54.0,65.4,60.8,Dire Wolves,87.6875,114.171875,1.671875,374.111371875,0.2025393875,0.359375,0.920040625,0.1549046875,0.5804770604379922,0.19261372954056924,2.71875,780.3412671875,0.0,0.1,0.40140492558232665,-0.186993953059342,0.42170192759755526,5.1274411545244885,2.375,-0.390625,-0.44685483081218774,-0.02078610382726026,0.09438413982471688,-0.055225389624576154,0.5809218382523132,0.3085409811534296
Emtest,bot,TCL,15,28,0.5,10,0.0,12,58.1,53.3,51.8,50.1,59.8,Galakticos|Galakticos Academy|UniQ Esports Club,124.03571428571429,10.714285714285714,14.357142857142858,543.6458642857143,0.27950414285714287,0.6428571428571429,1.162775,0.19123928571428572,0.6830127535463947,0.15046688549297194,3.0,285.1967392857143,0.0,0.0,0.35514084507042254,0.0,-0.1877775803872801,0.0,2.2677868380553634,-0.4642857142857143,-0.5218983320951639,0.1626633014215958,-0.0919995635623142,-0.17035357728967043,-0.25941522579874715,0.2531991105636121
Moyashi,bot,LJL,15,44,0.545,5,0.2,7,54.1,57.3,55.5,57.2,47.0,QT DIG∞,84.93181818181819,101.02272727272727,7.568181818181818,485.9589181818182,0.25928418181818186,0.36363636363636365,1.1967863636363636,0.3293431818181818,0.6915849672203621,0.13885646962073497,2.8181818181818183,296.3289909090909,0.0,0.2,0.4123949579831933,-0.38581009530533006,0.17425885755603782,1.898924731182796,1.0552897060221726,-0.5681818181818182,-0.461239088260295,-0.047373792013925636,0.12322891541204672,0.02574324045009666,0.11420258772637207,-0.435538633367767
Crush,jng,CK,2,37,0.757,5,0.2,10,51.2,60.2,57.2,52.7,55.0,Awesome Spear,132.32432432432432,48.32432432432432,1.1081081081081081,203.24149729729731,0.11340432972972973,0.16216216216216217,1.6278837837837836,0.4719027027027027,0.6709614338652568,0.1395196990785226,12.216216216216216,587.2264162162162,0.0,0.2,0.43534647171010804,0.0,0.04709141274238216,0.0,1.643989873053573,-0.5405405405405406,-0.28038796134980654,-0.19989436752985607,0.27874946909776155,0.11725300130211505,-0.12099372796141787,0.002061777466904673
Don Arts,jng,PRM,3,46,0.5,11,0.182,15,54.6,56.7,55.2,49.3,56.2,Berlin International Gaming,-16.217391304347824,95.34782608695652,2.869565217391304,314.34086086956523,0.16275470434782607,0.17391304347826086,1.5345608695652173,0.38583913043478263,0.7033049451958604,0.26917503890536276,13.695652173913043,696.8701695652173,0.0,0.18181818181818182,0.2368894986943584,0.0,-0.04104740337589683,0.0,2.211629342323457,-0.5,-0.4161080967052324,-0.020767284264254768,0.08809607954131594,0.008262899355028686,-0.3049544589242637,0.06573042707194265
Vlk,top,HC,3,40,0.6,11,0.182,10,61.6,49.7,54.9,54.0,47.9,Flayn eSports CZSK Edition|KIA.eSuba Academy,113.225,99.175,4.15,482.95240249999995,0.25827100000000003,0.6,0.746695,0.06552250000000001,0.5315232153109475,0.20740132667938335,3.025,692.3269124999999,0.0,0.18181818181818182,0.3150204308085845,-0.29917526819286216,-0.020076885706440197,3.4888888888888885,1.5811388300841895,-0.5,-0.515565887388601,0.35505897151567656,-0.28348029633160976,-0.006926512478204375,-0.0521433821826356,-0.38471864928367205
KemKen,top,VCS,15,24,0.417,6,0.167,11,59.1,52.2,58.0,50.8,54.3,Luxury Esports|V Gaming Adonis,59.75,105.04166666666667,11.208333333333334,496.30265833333334,0.21770995833333331,0.375,0.9841541666666666,0.14240833333333333,0.4882287016991646,0.22411268696785477,1.0416666666666667,824.3198125,0.0,0.16666666666666666,0.3076221943716532,0.6506811385535499,-0.10093543533721464,0.0,2.2453655975512468,-0.5416666666666666,-0.48130690302584545,0.21836720019514333,-0.14718893481966766,0.15738027619160003,-0.22159171608865108,-0.03761714081736359
Korpse,sup,TAL,3,22,0.364,6,0.167,8,56.1,55.2,55.5,52.5,52.3,5 Ronin|5 Ronin Academy,116.27272727272727,17.136363636363637,1.3636363636363635,172.3984,0.09500137272727273,0.0,2.3199954545454546,0.34103636363636364,0.7046795991671982,0.25757582162438947,0.09090909090909091,524.4703590909091,0.0,0.16666666666666666,0.3831280861443274,0.0,0.0589936379410066,0.0,1.7056057308448833,-0.5909090909090909,-0.397846327241742,0.05547936696955516,0.009950662241616344,0.026508780354372537,-0.12990979727925378,-0.1451745531325604
Lawrence,top,UPL,2,44,0.386,14,0.143,14,61.2,50.1,53.7,61.2,54.6,Empyreans|Harrisburg University|World Class Empyreans,231.11363636363637,-133.13636363636363,2.25,543.9541159090909,0.2535399318181818,0.5454545454545454,0.8756681818181818,0.09327272727272727,0.5262839437836963,0.21220022063257926,2.022727272727273,752.4524522727272,0.0,0.14285714285714285,0.35690096540536426,0.0,0.6112464114060835,0.0,2.1105794120443453,-0.4318181818181818,-0.5204378498059772,0.33216609751051446,-0.2606425347891513,-0.06735450343451536,0.33279832413293325,-0.022971597004602908
LvMao,sup,LPL,1,119,0.664,19,0.211,16,56.8,54.5,59.3,53.9,52.3,JD Gaming,-0.13513513513513514,-24.423423423423422,0.5675675675675675,162.9235731092437,0.08370841344537815,0.01680672268907563,2.552522448979592,0.3421201680672269,0.6948091596762093,0.24293774217348538,0.04201680672268908,441.28479075630247,0.0,0.21052631578947367,0.38808588290367324,-0.286126910528338,-0.12412672439262754,4.283156308112874,1.4667175952451381,-0.5126050420168067,-0.29933502809687446,0.09508131213150914,-0.025082234795825404,0.22689962062056535,-0.060479320919281356,-0.14170455110466532
Odoamne,top,LEC,1,43,0.419,8,0.0,18,53.4,57.9,46.3,54.1,58.3,FC Schalke 04 Esports,85.93023255813954,-21.697674418604652,4.72093023255814,392.2846558139535,0.21634097674418604,0.11627906976744186,0.948953488372093,0.17863023255813953,0.6071458689870528,0.2045846492629527,2.511627906976744,810.5223581395348,0.0,0.0,0.2525264020393299,-0.738091113805647,0.1226055270820208,1.1874999999999998,2.744974265986884,-0.4186046511627907,-0.6407576584312454,-0.08319406766999213,0.15304575262173883,-0.47747924262271346,-0.045473287966242656,0.17659063826654575
Bako,top,GLL,3,75,0.64,11,0.364,16,56.4,54.9,65.5,54.0,52.0,Elementaries Esport Club|Intrepid Fox Gaming|Team Phantasma,326.5733333333333,127.46666666666667,10.133333333333333,405.78534533333334,0.19966969066666665,0.13333333333333333,0.8787626666666667,0.16364533333333334,0.4901600439076368,0.1896383897146449,2.92,796.59858,0.0,0.36363636363636365,0.514556875904682,-0.17197808967997047,0.002030028932682343,3.522845117845118,1.8475208614068022,-0.4666666666666667,-0.4067243861534888,0.07270733125115322,-0.006021701391891785,0.5851492639036033,-0.05335762379581184,-0.15979705885456508
Corvo,bot,NEXO,3,24,0.792,2,0.0,12,58.3,53.0,49.7,49.3,64.6,Astralis SB,306.6666666666667,147.0,8.583333333333334,538.1276916666667,0.25538833333333333,0.875,0.9486958333333333,0.22209583333333335,0.6192016653510461,0.1681694128240181,2.8333333333333335,306.6267125,0.0,0.0,0.11469652068927669,0.0,-0.3340571842200506,0.0,2.4494897427831783,-0.375,0.0,0.17592413730501633,-0.10590268153965966,-0.2830513035716928,-0.3069718199567638,0.5316004395095661
Absolut,bot,CBLOL,15,26,0.577,3,0.0,9,56.6,54.6,49.8,49.5,56.7,Flamengo MDL,149.26923076923077,67.73076923076923,14.384615384615385,528.8209884615385,0.25293469230769233,0.5,1.1065923076923077,0.30962307692307695,0.6732475955939224,0.14961220453093518,1.2307692307692308,373.48985,0.0,0.0,0.18815829839451886,0.0,-0.2530078465562336,0.0,1.7650452162436565,-0.6538461538461539,-0.19540403159547695,0.08318604505572731,-0.019604501273668033,-0.27513048803730605,-0.29462743291862087,0.0889865410232172
Wizer,top,CK,2,65,0.492,17,0.353,14,50.7,60.5,62.9,47.0,48.1,HANJIN BRION,-79.0923076923077,-82.12307692307692,0.9846153846153847,398.12068,0.22030124615384614,0.2923076923076923,1.0314846153846153,0.19214307692307692,0.5846526986887476,0.21715990720274866,3.4,767.1071415384615,0.0,0.35294117647058826,0.7718085384965575,-0.677096753849342,-0.4836666362774642,2.1999999999999993,1.7364862842489186,-0.6,-0.43839599714232835,-0.23056004174412523,0.29212904631806724,0.430578996540112,-0.4338517894431403,-0.3715772572657261
JoJo,sup,BRCC,2,40,0.5,8,0.25,18,52.6,58.6,62.8,54.4,66.2,Flamengo MDL|Team oNe eSports,-154.975,1.425,-5.225,185.92574,0.0956480775,0.0,2.5808475,0.3654425,0.7052802148081053,0.21263688085650162,0.025,425.451995,0.0,0.25,0.6736801090979935,-0.2208722065523975,-0.15162955543570378,2.75968992248062,2.846049894151541,-0.325,-0.5317091694372378,-0.12551644296093978,0.19030874344173082,0.4212699861940322,-0.030460374564714177,0.6310093046501847
Humble,top,LDL,2,72,0.681,10,0.1,15,49.6,61.6,48.8,45.8,47.1,Joy Dream,-131.26470588235293,180.98529411764707,-6.102941176470588,387.88458749999995,0.20516556944444445,0.2777777777777778,1.1532638297872342,0.17815,0.5507154893106586,0.18120544477435638,1.8333333333333333,757.6447347222222,0.0,0.1,0.1701315371262316,0.0,-0.31695222659566263,0.0,1.7677669529663689,-0.7083333333333334,-0.34960533512134273,-0.2858498540516932,0.3530857999219758,-0.3320626199611487,-0.5033337356969799,-0.4311286705031652
Yge,jng,LDL,2,63,0.476,17,0.0,12,54.2,57.0,47.0,47.8,48.5,V5 87,-11.688524590163935,-21.75409836065574,-1.0163934426229508,310.83620634920635,0.14818250476190478,0.36507936507936506,1.4471846153846153,0.356547619047619,0.7208420578060448,0.21483799376653315,15.285714285714286,644.9401587301588,0.0,0.0,0.18740325611129321,0.0,-0.21817525111223235,0.0,1.5118578920369088,-0.6666666666666666,-0.35772410545607397,-0.04359297644910622,0.10486195007332433,-0.43592605842578946,-0.3914120176050516,-0.3479259190663986
fearness,top,LDL,2,95,0.505,30,0.233,11,56.8,54.4,52.2,77.5,38.4,LGD Gaming|LGD Gaming Young Team,85.1,109.81111111111112,3.7777777777777777,435.6427526315789,0.2323768105263158,0.3157894736842105,0.828580701754386,0.18751473684210526,0.5545090026523207,0.2123944033624278,2.294736842105263,790.9264305263157,0.0,0.23333333333333334,0.4347340115414362,-0.8506508217359261,0.43891050755329675,13.511904761904761,1.1285761872936695,-0.6736842105263158,-0.5246585714903832,0.09347133649981765,-0.030456524739983358,-0.14809507860649188,1.7339356111444704,-1.0233655786297229
Savage,mid,RCL,3,25,0.56,5,0.2,8,59.4,51.8,60.5,54.5,50.5,FrostFire|Harrisburg University,520.24,335.68,6.24,545.161684,0.238215,0.56,0.928512,0.14914,0.5686668806644792,0.18395593127203036,2.92,363.909488,0.0,0.2,0.6658674978022856,0.443208543779157,-0.26058739360402067,6.233333333333333,1.6,-0.6,-0.2062122344372814,0.2318051034716815,-0.16948604735676948,0.2940183843893045,-0.028548947863055674,-0.23926210475219079
Emilia,mid,LHE,2,41,0.439,11,0.091,19,52.6,58.5,52.8,50.9,59.5,Furious Gaming Chile,11.414634146341463,-72.7560975609756,-1.1219512195121952,463.85098536585366,0.27239273170731704,0.4634146341463415,1.1807731707317073,0.23011219512195122,0.6562206486314796,0.18871670858491624,1.9268292682926829,452.4308609756098,0.0,0.09090909090909091,0.3787500567330822,0.0,-0.09471555474120678,0.0,2.9673014758835152,-0.43902439024390244,-0.4529778192298576,-0.1256210732821871,0.18619548516276535,-0.11832064848022941,-0.21603026758775723,0.23825429289014627
Ominick,jng,LHE,2,28,0.607,2,0.0,10,57.0,54.1,48.8,50.7,56.8,Santiago Wanderers eSports|Universidad Católica Esports,353.0357142857143,264.07142857142856,0.5714285714285714,271.21972857142856,0.1544388142857143,0.21428571428571427,1.468525,0.31411785714285717,0.7753210492189494,0.26505906849919453,5.75,567.501575,0.0,0.0,0.15416289220126822,-0.1149029167016895,-0.17266508030933966,0.0,1.889822365046136,-0.5714285714285714,-0.22270269437068824,0.1041373094211185,-0.04563542631862966,-0.333605475568165,-0.2308575457162354,0.09301530243411081
Manaty,jng,LFL,2,29,0.379,6,0.0,14,54.2,56.9,54.4,54.7,63.1,Solary,-97.65517241379311,-57.96551724137931,0.8620689655172413,309.4631068965517,0.17205540689655172,0.2413793103448276,1.6108310344827588,0.41590344827586206,0.7042017313315487,0.25384436701806373,16.137931034482758,782.3554689655173,0.0,0.0,0.5925764192139739,0.0,0.19402298850574712,0.0,2.599734734478726,-0.41379310344827586,-0.31094500201166614,-0.04427040085044953,0.10017756530501093,-0.030365965755304265,-0.017640047839712902,0.4382113700921778
Nisqy,mid,LCS,1,57,0.772,3,0.333,21,55.9,55.2,69.8,50.5,64.3,Cloud9,178.5,27.232142857142858,-5.0,518.8174350877193,0.24977208771929826,0.3333333333333333,1.0086491228070176,0.1481140350877193,0.723732435129184,0.1792837478636729,3.3684210526315788,356.13908771929823,0.0,0.3333333333333333,0.9841269841269842,-0.6228465000776036,-0.1769584089960088,2.567021276595745,2.781517949836592,-0.43859649122807015,-0.24823028689892293,0.045466906947752725,0.013032918032317424,0.8805791899030204,-0.23932551176408265,0.5128168642805901
Slayder,bot,VCS,15,103,0.612,20,0.2,11,60.0,51.1,64.2,53.2,49.1,Team Flash,299.6504854368932,147.3106796116505,6.203883495145631,484.9157621359223,0.2480761941747573,1.0097087378640777,1.1494514563106797,0.29664368932038837,0.6293141731505794,0.17100516867292834,3.0194174757281553,342.14583883495146,0.0,0.2,0.5857651946563518,0.21081224121291378,-0.05322980128679617,2.694886359102045,1.0838622059807226,-0.5242718446601942,-0.34506225229341025,0.265092500624679,-0.20784560040083247,0.5052120748933897,-0.09337838023551118,-0.317154026227732
Teogen,jng,BM,3,26,0.577,6,0.333,12,58.8,52.3,61.0,59.4,59.4,Five Kings|Zero Six PowerSpike,286.0769230769231,230.96153846153845,6.0,330.8169807692308,0.16006028461538463,0.46153846153846156,1.1176153846153847,0.21707692307692308,0.6748388705648559,0.19938468277979754,9.615384615384615,826.3372153846153,0.0,0.3333333333333333,0.4748567791215786,0.02525118984664196,0.0864915136014882,6.73187717632162,2.3533936216582085,-0.5769230769230769,-0.1109339191264329,0.20375633995713802,-0.14261771345363095,0.3224069101204927,0.2341587949612551,0.23500552935932612
Cruel,sup,LDL,2,61,0.623,7,0.429,11,53.8,57.3,72.2,49.4,47.9,Suning-S,71.89090909090909,59.61818181818182,-0.9636363636363636,152.8100573770492,0.073580068852459,0.01639344262295082,2.5310416666666664,0.33667213114754097,0.6821523901186206,0.22338949527721078,0.08196721311475409,501.5222524590164,0.0,0.42857142857142855,0.7914229482927098,0.0,-0.11959572730250365,0.0,1.4084056792618558,-0.5901639344262295,-0.44146801731148266,-0.06118411484680605,0.12149912095767143,1.0742813198601215,-0.3001367818367212,-0.38173393237868636
Nafkelah,mid,GLL,3,26,0.462,11,0.273,11,58.5,52.6,59.0,53.8,55.3,Hive Athens EC|Zerolag Esports,-27.46153846153846,255.76923076923077,3.769230769230769,602.0572884615384,0.2807799615384615,0.5384615384615384,0.8007692307692308,0.09623461538461539,0.6688249981190793,0.1564067414067414,0.6153846153846154,397.28545,0.0,0.2727272727272727,0.5037159372419489,-0.046195466063968314,-0.0549368528303676,2.5114168133231236,2.1572774865200244,-0.4230769230769231,-0.33186796791098316,0.1848311066970314,-0.124893891342249,0.2114504826752269,-0.06370696838650203,0.0141566822860963
Tian,jng,LPL,1,118,0.568,23,0.087,18,60.8,50.2,48.6,57.5,54.8,FunPlus Phoenix,12.46788990825688,32.96330275229358,1.4862385321100917,287.955686440678,0.15226135169491525,0.3559322033898305,1.6014214285714286,0.43377796610169495,0.6823791391399021,0.21773405583373426,10.627118644067796,636.1064423728814,0.0,0.08695652173913043,0.28924775320864593,-0.4874226482362898,-0.16247316444826118,5.839645809927117,1.6570343122169822,-0.4915254237288136,-0.30065838771103776,0.30762283367103227,-0.2545797286868332,-0.3446764375850816,0.1337566491441593,-0.009539391523732035
bon0,jng,LCK,1,80,0.487,18,0.111,11,50.1,60.9,54.5,45.2,42.4,KT Rolster,39.0875,-31.825,-0.275,214.68616000000003,0.1232566575,0.1875,1.8587699999999998,0.5049175,0.7364643430163476,0.18806620489153958,6.6875,695.75914,0.0,0.1111111111111111,0.3099585933176866,0.0,-0.19559346126510305,0.0,1.2298373876248843,-0.5625,-0.4349307592818649,-0.26164890652590184,0.31797000459856056,-0.02678987453753603,-0.5442052298794968,-0.7181370410309749
Juhan,jng,CK,2,42,0.524,11,0.545,12,51.1,59.9,69.6,66.1,55.7,OZ Gaming,4.095238095238095,-183.04761904761904,-4.380952380952381,265.5093761904762,0.13571017142857142,0.30952380952380953,1.6390142857142858,0.4382095238095238,0.7313555273972702,0.20348793158943537,10.523809523809524,654.0230142857142,0.0,0.5454545454545454,0.7778711214554268,-0.10469489263617618,-0.038121118012422316,9.0,1.8516401995451028,-0.6190476190476191,-0.22341033484913123,-0.2082495641719471,0.26284768605947767,0.8671540168325339,0.6195417853776842,0.03827831521940739
Javier,mid,NEXO,3,30,0.6,5,0.2,14,55.8,55.2,61.9,53.6,60.1,Arena Quesito,276.1,157.5,2.1,485.33977,0.2852883333333333,0.26666666666666666,1.0451766666666666,0.21602333333333332,0.6734556600333454,0.22751997515155412,1.3,333.71849333333336,0.0,0.2,0.8291873963515755,0.24679099055461368,-0.11455938697318008,3.2965811965811964,2.556038601690775,-0.5333333333333333,0.0,0.04262731289399006,0.008697248435485043,0.37317364515697515,-0.07252144109152621,0.27241004775418415
Maple,mid,LPL,1,77,0.364,27,0.111,14,54.1,56.8,56.0,51.6,40.1,LNG Esports,-134.78666666666666,-89.96,-1.16,507.2928697368421,0.27596736842105263,0.45454545454545453,1.0263,0.2037842105263158,0.6980888664459893,0.14527786931459885,2.0657894736842106,255.77103766233768,0.0,0.1111111111111111,0.4373299853525842,0.0,0.0368650217706822,0.0,1.5954480704349312,-0.6103896103896104,-0.47324498593820435,-0.04764525075590932,0.09260284085165704,0.0505333880490808,-0.1774090644308349,-0.8857997894965253
Zabat,top,LHE,2,21,0.571,3,0.333,10,53.3,57.6,57.6,51.6,54.7,FroztFire Team,-71.28571428571429,0.7619047619047619,-6.428571428571429,413.097180952381,0.21459671428571428,0.47619047619047616,1.1229714285714285,0.16342857142857142,0.52986441188343,0.1565864690864691,2.0952380952380953,622.623380952381,0.0,0.3333333333333333,0.36,0.0,-0.16055718475073333,0.0,2.182178902359924,-0.5238095238095238,-0.4393582255178105,-0.09025342984344725,0.1364419568810041,0.1364173180866684,-0.18030761559684866,-0.018375842011181618
Woohee,sup,LHE,2,46,0.435,11,0.091,13,48.7,62.2,50.4,50.0,57.1,Furious Gaming Chile,-69.84782608695652,-83.93478260869566,-2.847826086956522,134.0329347826087,0.07945086739130434,0.0,2.4581565217391304,0.30785869565217394,0.7576077832792734,0.17191530484010403,0.021739130434782608,491.398147826087,0.0,0.09090909090909091,0.1857239647682436,0.0,-0.12337590227651311,0.0,1.9167454300136628,-0.5434782608695652,-0.3165854722555012,-0.33970417194318886,0.389869285286629,-0.24306167693167893,-0.2660640964131577,0.11282428685880491
Anthrax,sup,DL,3,39,0.718,2,0.0,16,57.0,53.9,59.9,53.2,60.1,PSV Esports,167.3846153846154,-32.743589743589745,-2.717948717948718,179.12053846153847,0.08494941282051281,0.05128205128205128,2.317497435897436,0.21204871794871794,0.6925455685914526,0.20495702833367815,0.0,398.6253051282051,0.0,0.0,1.2517208048973374,-0.7650371270047202,-0.24239854036195074,4.8,2.562050460881394,-0.4358974358974359,-0.4380572984513747,0.1031712928632538,-0.059469873516717384,0.2619780713063292,-0.0937398388224703,0.2705588949695127
Djoko,jng,LFL,2,26,0.154,9,0.0,13,54.9,56.0,53.2,52.7,61.5,Team MCES,52.88461538461539,192.6153846153846,6.538461538461538,259.9307,0.15661941538461538,0.11538461538461539,1.4083346153846155,0.36565,0.7337687632879941,0.21738222796361636,8.692307692307692,737.8613846153846,0.0,0.0,0.48105430867276255,0.0,0.006480558325024729,0.0,2.5495097567963927,-0.46153846153846156,-0.3076569464916003,-0.003975557664258465,0.05075924151103575,-0.09588855284403669,-0.12077967043387904,0.3485150758272058
behave,jng,UL,2,31,0.484,8,0.25,11,56.5,54.4,58.1,62.8,54.5,Flayn eSports|piratesports,129.25806451612902,272.61290322580646,7.129032258064516,279.10614838709677,0.14192263870967742,0.25806451612903225,1.4229387096774193,0.3509741935483871,0.6693233421552585,0.17805067859372262,8.709677419354838,622.4730161290322,0.0,0.25,0.5886644486692015,-0.4516528565198431,0.4829267671623548,3.467009025832555,1.975658322294524,-0.5161290322580645,-0.5074475738306439,0.0785111834866488,-0.03301110750068767,0.16205483131548418,0.4247187460878922,-0.02806567846943941
RoseThorn,jng,RCL,3,57,0.596,11,0.273,15,57.4,53.5,57.6,59.3,53.1,Team Cloud Drake|Team Fish Taco|Zenith Esports,-0.7192982456140351,52.87719298245614,-0.9824561403508771,385.68229298245615,0.17164971929824563,0.3157894736842105,1.342335087719298,0.32435789473684207,0.6485062385782797,0.2124190321194206,17.263157894736842,527.810898245614,0.0,0.2727272727272727,0.19456635147655957,0.0,0.3012817849336197,3.289551767676768,1.9867985355975657,-0.6140350877192983,-0.34569089777773304,0.12693932565878352,-0.08011378343978091,0.13468098990643204,0.22702965982670217,-0.09913597641499716
Elio,sup,VCS,15,37,0.324,16,0.062,14,53.3,57.6,55.4,52.5,58.9,Percent Esports,-118.8108108108108,126.21621621621621,-2.6486486486486487,155.0954918918919,0.08637721351351352,0.02702702702702703,2.825027027027027,0.3760945945945946,0.6570097834416719,0.20842359993154178,0.10810810810810811,414.3562027027027,0.0,0.0625,0.38479961832061066,0.2626049533774946,-0.014834187499736022,1.1538461538461537,2.301585822275002,-0.5675675675675675,-0.33525111558049253,-0.08733129831704226,0.1381792623362998,0.021585869237341803,-0.13014866876161713,0.20875239518698332
Chime,sup,LCSA,2,35,0.514,4,0.0,9,54.2,56.6,46.7,60.2,49.9,Golden Guardians Academy|Supernova,46.57142857142857,-216.68571428571428,-3.1142857142857143,194.72931428571428,0.08994078571428572,0.02857142857142857,2.4421057142857143,0.32457142857142857,0.6460122039859988,0.1983342748792272,0.2857142857142857,491.47810285714286,0.0,0.0,0.26569701864564915,-0.6506496184780367,0.15436808318955353,4.454545454545454,1.52127765851133,-0.6857142857142857,-0.3495535157650626,-0.044398600031270254,0.08569885033634732,-0.4496324081337087,0.2751569275631755,-0.27422240238947015
Babip,jng,OPL,15,66,0.758,10,0.3,13,57.0,53.8,65.1,50.2,55.6,Legacy Esports,109.81818181818181,-36.40909090909091,-1.9090909090909092,284.6130075757576,0.14194095454545455,0.30303030303030304,1.3533969696969699,0.3433590909090909,0.7080371180817672,0.1854297213067158,12.742424242424242,648.1714863636363,0.0,0.3,0.3045293928686155,0.5330973789936867,-0.16530562269092774,1.844440160229634,1.6001893827313254,-0.4696969696969697,-0.243926708335341,0.1030553095869581,-0.0652715612286375,0.5568756409268029,-0.2561029790483662,0.03420235830105456
GENTLE,bot,LDL,2,37,0.459,4,0.0,10,51.9,58.9,53.4,48.1,51.3,EDG Youth Team,12.166666666666666,-39.44444444444444,-2.8055555555555554,494.55629459459465,0.262775972972973,0.4864864864864865,1.180281081081081,0.34094864864864866,0.6299879707774445,0.10620709095941294,2.3783783783783785,283.1331891891892,0.0,0.0,0.5415033843961524,0.0,-0.31102825182848126,0.0,1.643989873053573,-0.6216216216216216,-0.4619263613150805,-0.1648410582257908,0.20927261619251517,-0.08540704015038672,-0.37370334676297357,-0.19775668014794667
pqy,bot,LDL,2,41,0.561,8,0.125,11,56.3,54.5,54.5,53.3,48.6,eStar|eStar Young,60.916666666666664,131.63888888888889,0.4444444444444444,537.2096975609757,0.2554198292682927,0.7560975609756098,1.153465,0.30241707317073174,0.6031227806945166,0.15403147591496283,3.024390243902439,276.684056097561,0.0,0.125,0.3726072055504472,0.0,-0.3114765497340333,4.5,1.7179113807746667,-0.5853658536585366,-0.6462368126907698,0.06590672541212446,-0.028212415173785844,-0.028413573878494264,-0.08918988014787729,-0.3463566180617988
3XA,bot,LFL,2,52,0.577,12,0.083,9,54.5,56.3,51.2,57.5,48.5,LDLC OL,103.9423076923077,-69.38461538461539,3.519230769230769,546.9222423076924,0.2418718846153846,0.6730769230769231,1.2708692307692309,0.2887788461538462,0.6762839898784729,0.18370197359440002,2.9038461538461537,266.38090576923076,0.0,0.08333333333333333,0.4437273336398081,-0.5304973280541649,-0.009800041163339338,3.931434272175013,1.2480754415067656,-0.5961538461538461,-0.4289512161250249,-0.026871433725821202,0.06789856517907804,-0.20076057895589478,0.1332915356008194,-0.3490114969417879
Goose,bot,DL,3,34,0.588,4,0.25,8,50.5,60.2,62.4,53.1,45.8,Defusekids,-57.11764705882353,-22.91176470588235,-5.382352941176471,441.76078235294113,0.2490332352941176,0.6470588235294118,1.4794588235294117,0.2934941176470588,0.6527501250343173,0.14060854475292978,1.411764705882353,263.3990029411765,0.0,0.25,0.5594927265945543,0.4342629482071713,-0.008984105044920494,1.5384615384615385,1.3719886811400706,-0.7647058823529411,-0.40781068122500924,-0.23711396601224644,0.2782458835478733,0.399043411411477,-0.10146634556429791,-0.5063917181905815
Tsunami,sup,LMF,2,54,0.593,11,0.182,14,59.0,51.7,59.7,48.4,51.5,9z Team|Malvinas Gaming,97.03703703703704,213.12962962962962,0.7962962962962963,147.68394444444445,0.08497402592592593,0.05555555555555555,2.218062962962963,0.30429259259259256,0.672275151939115,0.2522297628306114,0.09259259259259259,537.9781740740741,0.0,0.18181818181818182,0.5882580695120221,-0.27601236048335026,-0.4412834411610421,1.552042160737813,1.9051586888313607,-0.6851851851851852,-0.4034693488628028,0.21153534410502955,-0.1743728263254927,0.251491570717322,-0.35445401011476724,-0.18469050835619255
Nixerino,bot,SLO,3,41,0.39,6,0.167,14,49.5,61.2,57.0,55.7,57.4,BCN Squad|S2V Esports,49.292682926829265,-134.78048780487805,-3.024390243902439,434.72659756097556,0.24972953658536584,0.5121951219512195,1.0531707317073171,0.2931853658536585,0.7368601700220291,0.15791651797043488,3.292682926829268,354.1126731707317,0.0,0.16666666666666666,0.7023990860624524,-0.7812863098899597,0.00029865604778507804,3.4516129032258074,2.186432666440485,-0.4878048780487805,-0.4071524841681148,-0.2914255983559134,0.33137645916356706,0.10766460442090585,0.034481503212615214,0.12789508201802097
Warszi,mid,UL,2,34,0.382,9,0.111,14,52.5,58.2,52.3,48.3,51.2,Illuminar Gaming|PRIDE,-188.6764705882353,-134.52941176470588,-3.735294117647059,514.3557323529412,0.28701420588235294,0.4411764705882353,1.0157970588235294,0.2134794117647059,0.6950429057577119,0.17555281354154806,3.5,349.5778882352941,0.0,0.1111111111111111,0.30244970019444645,0.0,-0.39150292087095057,0.0,2.4009801919951235,-0.4411764705882353,-0.7261860251471655,-0.133220118844774,0.16971649915189274,-0.14247561809619314,-0.35947348961412484,-0.20334624184402517
113,jng,TAL,3,32,0.438,8,0.0,13,54.5,56.2,50.2,45.6,57.1,SuperMassive Academy,145.96875,-26.40625,-3.6875,299.65995,0.166503628125,0.25,1.479496875,0.334484375,0.7155113405220609,0.23082040356496225,10.0,596.17395625,0.0,0.0,0.2017102026473,0.0,-0.4855385638297872,0.0,2.2980970388562794,-0.40625,-0.4897267728891761,-0.02475381509816808,0.062107359436174875,-0.256981547634907,-0.5161070554906514,0.11296517131329241
Rhioni,bot,TCL,15,48,0.354,12,0.083,13,57.8,52.9,47.8,59.5,60.7,Dark Passage|Team AURORA|Team AURORA Academy,183.33333333333334,162.91666666666666,2.3333333333333335,484.8860729166667,0.271588625,0.8541666666666666,0.9688249999999999,0.2889916666666667,0.7055131916112322,0.16228022774692358,2.5625,315.7030041666667,0.0,0.08333333333333333,0.33514235618268345,-0.8938652615732029,-0.40976949719335976,15.333333333333332,1.8763883748662837,-0.5208333333333334,-0.27917477429651694,0.14838643055025283,-0.110360461709991,-0.38925761518432356,0.24111713494533843,0.3039607315972319
QiuQiu,sup,LPL,1,34,0.618,4,0.25,10,55.1,55.5,55.5,61.1,54.7,Rogue Warriors|Top Esports,-23.133333333333333,310.56666666666666,-7.6,153.19334117647057,0.07480206470588235,0.0,2.38743,0.3008117647058824,0.6733854093608692,0.17741156274369715,0.0,544.5439117647059,0.0,0.25,0.37409354916314397,-0.7769541406206782,0.1476109015068075,9.523809523809524,1.7149858514250882,-0.5588235294117647,-0.31201947829036014,0.0062753474267410285,0.025202628421063702,0.026585613232679446,0.32550137511869986,-0.015352286817848532
Artyk,bot,LMF,2,46,0.522,7,0.143,13,50.6,60.0,50.5,51.9,59.2,Isurus Academy,-215.52173913043478,-187.52173913043478,-9.91304347826087,509.43023043478263,0.2968452173913044,0.717391304347826,1.2885869565217392,0.2720282608695652,0.704532076770938,0.1576499728924299,3.4347826086956523,317.65444130434787,0.0,0.14285714285714285,0.2572729071838512,-0.5180101810683677,-0.01762500000000007,0.0,1.9167454300136628,-0.5217391304347826,-0.30886498255745404,-0.23404266308918842,0.26870615634203027,-0.23967453023466306,-0.16456763392617735,0.22557540838015122
Professor,sup,CBLOL,15,45,0.444,9,0.0,11,52.5,58.1,48.8,45.4,48.4,Vivo Keyd,-113.73333333333333,-137.8,-1.6888888888888889,178.0109511111111,0.08890829555555556,0.022222222222222223,2.5557844444444444,0.4078644444444444,0.636571955700349,0.1858483437806212,0.17777777777777778,484.9786844444444,0.0,0.0,0.15979003046971635,0.0,-0.43947283317163593,0.0,1.6397831834998458,-0.5777777777777777,-0.5078638749787819,-0.13018349178864655,0.161728122985887,-0.3317477863103505,-0.5316893041781013,-0.3568256757263986
sOAZ,top,LCS,1,35,0.371,11,0.091,12,54.8,55.8,52.3,53.1,52.0,Immortals|Immortals Academy,-125.42857142857143,39.628571428571426,3.1714285714285713,404.25842571428575,0.2482324285714286,0.17142857142857143,1.0390428571428572,0.19539142857142858,0.5472233223769829,0.21293413835425834,2.5142857142857142,761.4869942857143,0.0,0.09090909090909091,0.19610296138293837,0.0,0.11344857577734273,0.0,2.02837021134844,-0.5142857142857142,-0.5604218630809005,-0.011401410790074465,0.04458875500476635,-0.1442978407010705,-0.10158876895452908,-0.1565946261405003
Miracle,sup,LCL,15,25,0.2,10,0.0,9,57.2,53.4,52.5,48.1,47.4,M19|RoX,-76.36,154.28,4.0,139.535076,0.086122224,0.12,2.2903000000000002,0.360776,0.6562015231145666,0.21310642841999689,0.0,553.6731560000001,0.0,0.0,0.3556085556298232,0.0,-0.4220216462318783,0.0,1.8,-0.64,-0.6759183904498138,0.11540343831064379,-0.08174649697286845,-0.13277020075953322,-0.3705205407949248,-0.41088128200431556
Wuy,sup,LDL,2,69,0.449,22,0.091,9,53.1,57.5,53.2,59.7,40.6,Gama Dream|JingNetGame,-68.17910447761194,-70.77611940298507,1.8955223880597014,165.46468405797103,0.08857302753623189,0.014492753623188406,2.465664705882353,0.3546550724637681,0.6702979228002053,0.18973135113544515,0.0,451.3349173913044,0.0,0.09090909090909091,0.34699510302654785,0.0,0.6141017385705089,0.0,1.0834726777719228,-0.6376811594202898,-0.5860377317025205,-0.10077658871569777,0.13454348066335725,-0.09508741654041607,0.24762658272069932,-0.8493727792891506
Nikola,sup,TCL,15,21,0.667,2,0.0,8,59.0,51.6,52.0,50.3,52.6,Galakticos,355.1904761904762,60.23809523809524,1.0952380952380953,169.6454619047619,0.09259004761904761,0.0,2.3177,0.2821190476190476,0.5904791240505526,0.16139894963424375,0.0,380.6282238095238,0.0,0.0,0.2699594046008119,0.0,-0.2522345759755833,0.0,1.7457431218879391,-0.47619047619047616,-0.5403562425250886,0.21233344317792816,-0.17906567684133848,-0.15888740525443526,-0.2498569010576169,-0.12795087360197116
lelebbi,jng,LDL,2,39,0.256,13,0.077,11,55.2,55.4,50.6,46.6,49.5,WanZhen Esports Club,-106.8,-20.942857142857143,2.5714285714285716,312.53535384615384,0.17334842564102565,0.358974358974359,1.3941458333333332,0.3057051282051282,0.739552852859489,0.21878014832421677,15.102564102564102,556.1239692307693,0.0,0.07692307692307693,0.19725733115473368,0.0,-0.4288940465664603,0.0,1.7614096918559585,-0.6923076923076923,-0.4530012914747895,0.008827759076035049,0.021889443936337488,-0.23274283258245826,-0.4601059299840875,-0.29186579847036553
YHL,jng,RCL,3,21,0.286,8,0.0,11,56.0,54.6,53.7,50.6,57.5,University of Texas at Dallas,-245.76190476190476,-411.85714285714283,-10.333333333333334,479.0600476190476,0.21788028095238096,0.42857142857142855,1.2784666666666666,0.35936666666666667,0.7048587187653684,0.25132426861187485,8.380952380952381,831.2906571428572,0.0,0.0,0.46439507742084585,0.0,-0.12667979368079674,0.0,2.400396792595916,-0.5238095238095238,-0.3195788048542104,0.0531673274553499,-0.02042792720297215,-0.06744107427600787,-0.2310980141111174,0.13140855698385187
Ley,sup,LPL,1,82,0.427,28,0.071,19,55.4,55.1,49.3,52.5,57.0,Rogue Warriors,-115.04878048780488,25.548780487804876,-1.0975609756097562,159.65086624999998,0.08897669750000001,0.024390243902439025,2.3800263888888886,0.34792625,0.7186283854767124,0.24253767338166723,0.0,560.7644743902439,0.0,0.07142857142857142,0.21224017660610806,0.0,0.11363279969207517,0.0,2.0981989954220843,-0.5,-0.5104010481762109,0.018935532392864517,0.006215171426163828,-0.30358159488584313,-0.13353719760336946,0.10286141398883908
Instinct,bot,UPL,2,38,0.474,11,0.091,11,57.5,53.0,52.2,58.2,50.9,Horizon Esports|Mirage Sport Électronique,85.92105263157895,-217.07894736842104,9.447368421052632,572.7956552631579,0.26426057105263157,1.0526315789473684,0.9531894736842106,0.18205789473684209,0.6424961184248593,0.14295510603598005,1.8421052631578947,361.8925657894737,0.0,0.09090909090909091,0.2771757727843048,0.0,0.39043287855819453,0.0,1.784435632438388,-0.6052631578947368,-0.5460706187499843,0.1318109953578281,-0.10778473025617909,-0.14633338763760448,0.1710068149823015,-0.21668595903314203
SpieleAufDeutsch,sup,BM,3,29,0.586,4,0.0,9,57.4,53.1,45.9,51.4,47.6,Kenty,253.27586206896552,-105.51724137931035,-0.3448275862068966,180.07637241379308,0.09141266896551724,0.034482758620689655,2.6270896551724134,0.40754482758620686,0.5834389054071962,0.2796032852240816,0.0,615.0141344827585,0.0,0.0,0.04137905286562904,-0.6863634090643909,-0.10000000000000005,1.1774193548387095,1.671258043593467,-0.7241379310344828,-0.5164113956071925,0.1265275676408047,-0.10263212655726428,-0.49786085792916096,-0.18885556267256226,-0.39902794552152565
Nova,sup,CK,2,43,0.605,11,0.182,11,52.6,57.9,58.1,49.4,56.6,Seorabeol Gaming,-114.93023255813954,-5.790697674418604,-5.0,182.2961488372093,0.09271546511627907,0.0,2.7782232558139537,0.41910465116279066,0.6579354620920732,0.23528744031786006,0.023255813953488372,467.65380930232556,0.0,0.18181818181818182,0.4392881451853438,0.0,-0.1925256341068537,0.0,1.6774842736586515,-0.5116279069767442,-0.26103945542870455,-0.12863842488325689,0.15406306526227617,0.16265091004783722,-0.3000512507568874,0.0844179644334962
Alchemy,sup,LJL,15,47,0.511,10,0.1,12,60.0,50.5,50.8,69.1,55.4,Crest Gaming Act,94.65957446808511,103.63829787234043,4.404255319148936,153.95857021276598,0.08536543829787234,0.0851063829787234,2.313623404255319,0.28271914893617023,0.6833290363460908,0.2404517559398768,0.0,491.9957680851064,0.0,0.1,0.2623300970873786,-0.406778156511859,0.8050467493317318,6.689883806418617,1.7503798979747347,-0.574468085106383,-0.26586190147533334,0.2639255616135745,-0.24043842789689757,-0.22447973591450912,0.8282476395390508,0.019093735728432537
Hang,sup,LPL,1,73,0.575,13,0.077,14,55.5,55.0,46.3,57.1,48.9,Vici Gaming,2.126984126984127,-99.15873015873017,3.0476190476190474,150.25299305555555,0.07214251111111111,0.0547945205479452,2.3971721311475407,0.3649777777777778,0.6920659069786069,0.24926812684796484,0.125,575.2841534246575,0.0,0.07692307692307693,0.27530586608396407,-0.6627488398317214,0.3203976561778727,1.3755393675862988,1.638576060745828,-0.5205479452054794,-0.5102269831775206,0.025193900293567394,-0.0020278875744157224,-0.4736294707890344,0.11093987192569482,-0.32505047152533006
DenVoksne,bot,NLC,2,27,0.37,7,0.0,12,58.4,52.1,51.5,67.3,59.6,Barrage|Barrage Academy|Vipers Inc,-25.77777777777778,-105.88888888888889,6.2592592592592595,614.7993740740741,0.30481825925925926,0.8148148148148148,1.0149444444444444,0.2951,0.6431611352943171,0.2043334316393707,1.0740740740740742,365.86273703703705,0.0,0.0,0.3492417180145972,0.0,1.2621484266221104,0.0,2.309401076758503,-0.4444444444444444,-0.45114150227072747,0.18041708471385937,-0.15296540660701635,-0.1854534447438497,0.7000919932617715,0.24693247576627197
MooJin,jng,CK,2,40,0.475,6,0.333,16,51.5,59.0,62.3,51.7,59.6,RunAway,21.871794871794872,43.53846153846154,-2.4615384615384617,244.0048475,0.13868366000000001,0.15,1.48521,0.3779075,0.6960930358425395,0.1499513333888334,15.125,609.307,0.0,0.3333333333333333,0.4424679487179488,0.2912912912912914,-0.37650168188370964,2.8857142857142866,2.5298221281347035,-0.5,-0.4742619981324744,-0.1870612957371387,0.21461769450689555,0.3957364475412418,-0.17528462201620715,0.24350223413866362
Citrus,jng,CK,2,35,0.457,5,0.2,12,52.2,58.3,60.0,60.5,60.4,Griffin,-175.65714285714284,-41.48571428571429,0.5142857142857142,272.5084028571428,0.1463699742857143,0.34285714285714286,1.88564,0.5346714285714286,0.6973531887543386,0.26496900345966745,9.628571428571428,615.0021514285714,0.0,0.2,0.6434284350005969,0.0,0.6688018252429329,0.0,2.02837021134844,-0.45714285714285713,-0.23213844986855459,-0.1467634141949017,0.17329546086365863,0.26418475734657354,0.2957518235661181,0.28609854052881173
Ale,top,LPL,1,40,0.35,12,0.0,11,57.2,53.2,50.0,51.2,47.7,Dominus Esports,25.81578947368421,147.76315789473685,9.236842105263158,382.8261,0.22453289,0.3,0.9110625000000001,0.204665,0.5142332501434564,0.20169373486959455,4.225,671.705645,0.0,0.0,0.24682783491385066,0.0,-0.011409355671650714,0.0,1.7392527130926085,-0.625,-0.529204600389274,0.11472002129161664,-0.09282648668585913,-0.2678316136522038,-0.200929095872309,-0.3956279393202557
Aloned,mid,LLA,15,58,0.552,5,0.0,16,55.8,54.6,48.0,52.6,56.7,Movistar R7|Prodigy Esports,225.6140350877193,-96.15789473684211,1.456140350877193,483.8851362068965,0.2661632931034483,0.39655172413793105,1.0999913793103449,0.2281258620689655,0.6660924090825607,0.21810010502745777,2.2241379310344827,345.17069827586204,0.0,0.0,0.2225960948053543,-0.00644609616523043,-0.2724155844155844,4.057744937055282,2.1009029257555607,-0.41379310344827586,-0.29071135624419686,0.043275521312040696,-0.02272985032314886,-0.377113212762973,-0.12405173158633061,0.08866047111555418
Bjergsen,mid,LCS,1,77,0.532,13,0.0,22,56.7,53.7,51.1,54.2,59.2,TSM,81.46052631578948,78.07894736842105,0.02631578947368421,475.42121168831164,0.263349025974026,0.4935064935064935,0.8811285714285715,0.15142987012987014,0.6833092042254582,0.1408268842418839,3.8701298701298703,350.2881428571429,0.0,0.0,0.30656340865368437,0.4317673378076062,0.01591901087046726,2.045057403610035,2.5071326821120348,-0.42857142857142855,-0.36231069279627764,0.09124539437139044,-0.06966289508822485,-0.2054944678705764,-0.04409568738665812,0.22272366146579295
Mystiques,sup,UL,2,75,0.693,10,0.3,15,56.6,53.8,61.7,61.4,54.0,AGO ROGUE|K1CK,148.21333333333334,-61.46666666666667,2.7333333333333334,157.04538266666668,0.076230716,0.05333333333333334,2.305036,0.261032,0.6834074473357217,0.21891480720728712,0.10666666666666667,489.1696933333333,0.0,0.3,0.28665045834342956,0.2483986837808645,0.2734132183738761,3.194320436507936,1.7320508075688772,-0.52,-0.41258864383495314,0.0832066923905497,-0.06119772754340704,0.36019858380157266,0.3454812620263535,-0.05527260130727226
Woodboy,sup,BRCC,2,28,0.464,8,0.125,12,51.8,58.6,54.5,60.6,59.8,Havan Liberty|RED Canids,-40.607142857142854,-6.642857142857143,-2.0357142857142856,122.37331071428571,0.06995443928571429,0.07142857142857142,2.376632142857143,0.3053857142857143,0.7385144200468156,0.19156155452875512,0.10714285714285714,446.7926035714286,0.0,0.125,0.3357354525862069,0.0,0.9027921406411581,0.0,2.2677868380553634,-0.42857142857142855,-0.4314615204421947,-0.17023952168898848,0.19033766248909917,-0.025101149178303122,0.2973816918473472,0.25592338644601287
Young,mid,UPL,2,75,0.56,19,0.105,20,64.9,45.5,52.4,47.6,57.2,Orgless|Radiance|TBA,387.26666666666665,360.8933333333333,9.413333333333334,541.3931053333333,0.22758108533333332,0.6266666666666667,0.8268573333333333,0.11965066666666667,0.5353052005720137,0.17307642227858694,3.546666666666667,405.2820213333334,0.0,0.10526315789473684,0.36983566687659897,0.0,-0.23756043000062138,0.0,2.309401076758503,-0.36,-0.4810420956899883,0.5480617611523032,-0.5202283091270078,-0.1394227275629156,-0.3981549446964585,0.11410728051507467
XiaoXuan,jng,LDL,2,33,0.485,10,0.2,9,56.4,54.0,56.2,56.1,53.1,Young Miracles,-32.4375,-45.4375,-2.59375,348.72423333333336,0.17475846666666667,0.5151515151515151,1.36232,0.38141515151515154,0.7371184522595189,0.25560776640583666,13.212121212121213,524.7591151515152,0.0,0.2,0.36888661120778016,0.0,0.31104817061571305,0.0,1.5666989036012806,-0.6060606060606061,-0.2812233734985673,0.07533358692366322,-0.050561173154541235,0.06345696513406499,0.05614494539291415,-0.1020430634974933
PluTo,sup,CK,2,40,0.475,6,0.333,11,53.4,57.0,61.4,56.0,54.1,RunAway,40.56410256410256,162.7948717948718,1.6153846153846154,126.78098250000001,0.071460455,0.0,2.8030425,0.44569749999999997,0.6319076404798742,0.23549544205794204,0.05,423.3157,0.0,0.3333333333333333,0.6165409649757206,-0.7535250987027637,-0.21382396817503735,4.171574903969271,1.7392527130926085,-0.625,-0.2783391921008513,-0.08317363448802378,0.10624378085555466,0.34357897088114464,0.05218020558278025,-0.048402913799784564
NoName,jng,UKLC,3,23,0.565,5,0.2,11,53.5,56.9,53.3,48.6,57.1,Munster Rugby Gaming Academy,-42.04347826086956,-142.17391304347825,-3.4347826086956523,324.55894347826086,0.1533325695652174,0.30434782608695654,1.2578782608695653,0.27350434782608696,0.713922398019583,0.15037765081044913,9.565217391304348,684.3664217391305,0.0,0.2,0.28102755544307,-0.8360951381395142,-0.4852636804521327,1.395833333333333,2.2936585546278225,-0.43478260869565216,-0.42245331610308534,-0.07740958036834285,0.10119170602867167,-0.08996453569428556,-0.3456116820661884,0.11145897560080847
Xavieles,sup,BM,3,24,0.542,4,0.0,10,56.0,54.4,51.4,55.6,55.1,Iron Wolves,-19.041666666666668,-53.291666666666664,1.25,187.193125,0.09162124166666667,0.041666666666666664,2.2517958333333334,0.3146083333333333,0.6534203536706532,0.23312026768715366,0.25,489.3486375,0.0,0.0,0.33802418499398906,-0.07075641117735777,-0.31994213220565326,7.775510204081633,2.041241452319315,-0.5,-0.4202972909462097,0.05378885820327217,-0.03167252395562132,-0.1906653937026952,0.03133639275454425,0.006894884968243151
Best Poutine QC,sup,UPL,2,39,0.462,16,0.062,11,53.9,56.5,51.4,50.5,54.2,Dark Allegiance,-182.5897435897436,-7.769230769230769,0.5128205128205128,197.25023846153846,0.08068870512820513,0.02564102564102564,2.440517948717949,0.3817307692307692,0.634939387216338,0.1965436533059589,0.07692307692307693,578.1933487179488,0.0,0.0625,0.26808585650765243,0.0,-0.11458264667106126,0.0,1.7614096918559585,-0.6153846153846154,-0.29563640618208836,-0.06038915833826118,0.08057441023719455,-0.19069264947762238,-0.23919546502155364,-0.04084987607705422
Sylvie,jng,LAS,3,29,0.586,7,0.286,6,55.7,54.7,59.4,61.1,49.1,Nongshim RedForce Academy|Team Dynamics Academy,-66.37931034482759,-346.7931034482759,-9.517241379310345,426.24568275862066,0.18311193103448276,0.4827586206896552,1.2797413793103447,0.31345517241379306,0.6381502229396171,0.16984232607373048,12.379310344827585,641.5031724137931,0.0,0.2857142857142857,0.5297454664181642,-0.4277937045724379,0.3803905723905722,5.255695274659333,1.1141720290623112,-0.8620689655172413,0.0,0.034406537709170903,-0.016991986190762948,0.23197373956297496,0.3250177070190525,-0.3179314209032695
Delitto,top,GLL,3,31,0.548,7,0.0,12,53.6,56.7,49.6,48.3,52.3,Granit Gaming|Intrepid Fox Gaming,53.12903225806452,-122.0,-5.161290322580645,458.6253064516129,0.21802958064516129,0.25806451612903225,1.0465290322580645,0.19143870967741936,0.5139325898989782,0.22607348327359544,2.096774193548387,792.9162193548387,0.0,0.0,0.16263643490321414,0.0,-0.3776716117676641,0.0,2.155263624321299,-0.5161290322580645,-0.5460644820637942,-0.07171142393959568,0.08711693584682252,-0.2899929338167937,-0.3606340934690151,-0.14204047670682732
Steeelback,sup,LFL,2,37,0.459,6,0.0,10,51.2,59.1,49.7,60.0,48.8,Team Vitality|Vitality.Bee,-24.324324324324323,-215.13513513513513,-4.081081081081081,130.61645135135134,0.06665412162162163,0.16216216216216217,2.6036594594594593,0.31015675675675675,0.6927132852741255,0.16660522426901134,0.0,407.27267567567566,0.0,0.0,0.2626509862989891,0.0,0.7560557572646316,0.0,1.643989873053573,-0.6756756756756757,-0.48624675239982756,-0.20101210159651942,0.21792186492557084,-0.2847700791376828,0.26585232330033864,-0.33395426736154715
Jozy,jng,UPL,2,45,0.511,5,0.0,10,59.1,51.2,49.5,49.7,51.4,ANEW Academy|Just Randoms|Life Support,211.44444444444446,140.0222222222222,-1.3555555555555556,364.8252511111111,0.15643374666666668,0.4222222222222222,1.2366955555555554,0.2308688888888889,0.6860020384958322,0.2177783266882327,10.644444444444444,878.7911044444444,0.0,0.0,0.2873729022270696,0.0,-0.1504922356597388,0.0,1.4907119849998598,-0.5777777777777777,-0.3620831475774566,0.21799382907035286,-0.2017022125370265,-0.29101797488780146,-0.2841030496254014,-0.19127393481652055
Shoryu,bot,NASG,3,33,0.697,6,0.0,10,58.1,52.2,49.5,54.4,53.6,ANEW Esports|Team Infernal Drake,-174.93939393939394,-36.27272727272727,-3.090909090909091,608.9019666666667,0.26827333333333336,1.3636363636363635,1.0105151515151516,0.1815878787878788,0.601037514627469,0.1548584059602305,2.3636363636363638,303.26372424242425,0.0,0.0,0.1991150442477876,0.0,0.00027281693983332645,2.4926126126126125,1.7407765595569784,-0.696969696969697,-0.13876537825953283,0.1635090374935301,-0.14971935549004467,-0.2923735040887468,-0.03227793658321719,-0.07341806153706382
Bean,bot,PRM,3,46,0.5,11,0.182,16,50.0,60.3,59.9,49.2,61.8,Berlin International Gaming,-113.3913043478261,-118.26086956521739,0.21739130434782608,457.85465000000005,0.23871221956521738,0.782608695652174,1.2560478260869565,0.28894565217391305,0.6765721835616476,0.1544281137898623,2.152173913043478,336.79555,0.0,0.18181818181818182,0.5946028159221275,0.0,-0.1170807453416149,0.0,2.359071298478354,-0.43478260869565216,-0.31483719571282887,-0.264304682207341,0.284528532530028,0.2624597660152443,-0.30832129088574917,0.3679863962480417
Munet,sup,HM,3,25,0.44,6,0.0,8,56.5,53.8,53.3,52.4,49.7,BRUTE|Cyber Gaming Academy,114.4,117.12,2.04,160.51678,0.08307036,0.04,2.072744,0.296856,0.6597924337750105,0.18866296298487711,0.0,431.309756,0.0,0.0,0.6010985954665553,-0.3397091576051356,-0.06460116702704309,1.4803149606299213,1.6,-0.52,-0.6228740657352152,0.08014384779860896,-0.063302088130046,-0.09197049483242006,-0.1371748172811555,-0.2808194303119856
Hiro,bot,EBL,3,52,0.654,5,0.2,12,49.9,60.4,59.6,56.3,54.5,Crvena zvezda Esports|eSuba,-46.34615384615385,-134.82692307692307,-6.0576923076923075,488.5954134615385,0.24061128846153845,0.6730769230769231,1.2464365384615386,0.26963846153846155,0.6023724817254881,0.10949808691458489,3.7115384615384617,300.03562115384614,0.0,0.2,0.4696826468602296,0.09926470588235295,0.08538220831470733,3.099910873440285,1.6641005886756874,-0.5576923076923077,-0.2152838860445901,-0.27384058141023,0.28701500423368054,0.2421111745706512,0.0668661840062458,-0.027787792040632277
HungryPanda,sup,PRM,3,59,0.593,10,0.2,14,52.4,57.9,52.8,50.3,54.3,EURONICS Gaming|WLGaming Esports,39.42372881355932,-5.11864406779661,-3.4745762711864407,166.19139830508473,0.07730169661016949,0.01694915254237288,2.783998305084746,0.38908983050847457,0.642438318679747,0.24060966721708466,0.0,544.6926118644068,0.0,0.2,0.25921013453157565,-0.4640424549540955,-0.2619823274028881,3.3355805243445693,1.8226447537315342,-0.5084745762711864,-0.3558355099370917,-0.13871207242568911,0.1510644285995988,-0.11573974334363413,-0.24759454968632386,-0.03623193876096008
CMD ATK,mid,UPL,2,33,0.758,4,0.5,18,56.3,54.0,65.7,48.8,58.1,Issue is Critical|Wildcard Gaming,325.8484848484849,100.72727272727273,0.24242424242424243,504.809,0.21315236363636364,0.5757575757575758,1.2490242424242424,0.19102121212121212,0.5350708128708184,0.1986574080898629,5.0606060606060606,344.1295242424242,0.0,0.5,0.6351606805293006,0.0,-0.350140056022409,0.0,3.1333978072025612,-0.3939393939393939,-0.6418887144715855,0.07107179506168565,-0.05322226097353457,0.5981503491673965,-0.33084318331207896,0.1665250388176905
Koala,sup,PCS,15,83,0.663,12,0.167,15,53.4,56.9,54.1,56.7,52.6,Machi Esports,5.192771084337349,27.686746987951807,-1.2289156626506024,151.8858108433735,0.07740154939759036,0.04819277108433735,2.7164903614457834,0.346833734939759,0.6440929320122631,0.1980705896883147,0.07228915662650602,485.0941951807229,0.0,0.16666666666666666,0.3138329916618076,-0.30028836600673653,-0.11203312459018028,5.701211349924586,1.6464638998453551,-0.5542168674698795,-0.3336658313820368,-0.08171425492222675,0.10140662358074748,-0.04725010414344454,0.08786705499380953,-0.12416576441351218
Mightybear,jng,CK,2,32,0.406,6,0.167,7,50.9,59.4,55.1,51.9,49.4,HANJIN BRION,3.5625,-112.09375,-2.53125,243.15693125,0.132929478125,0.15625,1.4862625,0.4182375,0.7072695927538962,0.14483000815189281,8.5,726.735525,0.0,0.16666666666666666,0.34349895297925,0.0,-0.037183215621105124,0.0,1.2374368670764582,-0.75,-0.17570224838251822,-0.21866061144500104,0.2333236403455817,0.0035218013483508392,-0.16462579948259504,-0.29817539417083216
Kaixuan,sup,LDL,2,52,0.404,12,0.0,16,58.7,51.5,49.1,52.9,59.6,Rogue Warriors|Rogue Warriors Shark,154.32,28.86,4.54,167.50850192307692,0.08562517500000001,0.019230769230769232,2.181660606060606,0.28135961538461535,0.644019487801014,0.21908159440863334,0.07692307692307693,575.7476173076923,0.0,0.0,0.28154142922154224,0.0,0.1277343441522546,0.0,2.2188007849009166,-0.5384615384615384,-0.3611041859062039,0.19633387536088284,-0.18299224241345702,-0.31799933510964634,-0.11140813482823397,0.24566970675026067
Gagai,bot,GLL,3,62,0.5,19,0.105,13,55.8,54.4,54.1,48.7,47.7,Anorthosis Famagusta Esports|Gamespace Mediterranean College Esports|Intrepid Fox Gaming,-74.88709677419355,18.258064516129032,6.532258064516129,546.3520790322581,0.26279375806451616,0.6612903225806451,1.126091935483871,0.2845048387096774,0.5924380088706822,0.17031912733637694,3.4838709677419355,303.23118709677425,0.0,0.10526315789473684,0.3656041696132727,0.0,-0.1595026620888691,0.49425287356321834,1.6510016510024765,-0.5967741935483871,-0.5015594222306389,0.04197530584102109,-0.0324584850530793,-0.047045937612382696,-0.3399327252043534,-0.3921589481952114
Key,sup,CBLOL,15,21,0.476,3,0.0,9,53.9,56.3,51.4,49.6,57.4,paiN Gaming,30.333333333333332,141.04761904761904,0.38095238095238093,146.15947142857144,0.07564961428571429,0.0,2.679309523809524,0.3548904761904762,0.7206252764877268,0.2387010565500268,0.0,494.16442380952384,0.0,0.0,0.20459859703819175,0.0,-0.33757773171453953,0.0,1.9639610121239315,-0.5238095238095238,-0.26719450520798654,-0.06011100446110297,0.06979852310984695,-0.18987112095259392,-0.29019100520383323,0.12781752002074323
Lutano,sup,UPL,2,36,0.583,10,0.0,11,59.4,50.8,48.7,49.1,55.2,Full Spectrum|Simplicity Esports,-55.05555555555556,162.30555555555554,-0.19444444444444445,212.90988055555556,0.08915609444444444,0.05555555555555555,1.9223055555555557,0.2230333333333333,0.6099505100855211,0.16972628476172563,0.1388888888888889,619.8439083333334,0.0,0.0,0.19683375032352687,0.0,-0.26790303535458776,0.0,1.8333333333333333,-0.6111111111111112,-0.2793109058388613,0.23618036034661327,-0.22393113105047294,-0.33921543031884543,-0.31540984551140433,0.012695948316465623
bydeki,bot,BRCC,2,30,0.633,3,0.333,9,56.8,53.4,63.9,57.8,50.6,Rensga eSports,231.3,175.26666666666668,9.4,479.30253999999996,0.24478850333333335,0.8,0.9256833333333333,0.21889666666666666,0.6065119616689478,0.12844369722822407,2.7333333333333334,338.08644333333336,0.0,0.3333333333333333,0.7655132418325922,-0.012455516014234832,-0.0010683760683759507,4.71689497716895,1.6431676725154982,-0.5666666666666667,-0.5819483927254988,0.09415862729438756,-0.08438780790675127,0.48815133443843717,0.15025576181983433,-0.2353020394320066
Xowito,top,LHE,2,20,0.35,7,0.0,12,55.2,54.9,51.0,57.4,57.3,Dark Horse|Valorous,8.75,55.25,5.45,415.174265,0.24924249999999998,0.25,0.96508,0.144275,0.4933087229640433,0.17419465308335114,4.2,693.7664299999999,0.0,0.0,0.2693271067713861,0.0,0.4494596312778128,0.0,2.6832815729997477,-0.55,-0.3933812269209183,0.010685424504200215,-0.0042885376161166285,-0.21124175694171266,0.12715772408645476,0.12065089450625915
Phantomles,mid,PGN,3,37,0.568,4,0.0,14,56.4,53.7,49.0,47.8,54.0,PENTA 1860|YDN Esports,248.24324324324326,98.67567567567568,1.7297297297297298,510.6377648648649,0.26022121621621624,0.5675675675675675,1.0094729729729728,0.17973783783783784,0.640040690646541,0.21698770485274116,3.4054054054054053,288.36866486486485,0.0,0.0,0.12989996609020008,0.08971266613664643,-0.4889309855764245,2.791170634920635,2.301585822275002,-0.5135135135135135,-0.34277936376273527,0.07438453343317063,-0.06921245683662626,-0.3201753952072438,-0.39129605199944667,-0.05468195646875878
Crownie,bot,LEC,1,39,0.333,12,0.0,10,56.3,53.8,49.2,56.8,45.6,SK Gaming,261.20512820512823,-67.94871794871794,13.179487179487179,499.5717666666667,0.29378015384615386,0.3076923076923077,1.1510153846153846,0.3454846153846154,0.6515998902132505,0.13689669337618643,3.230769230769231,372.3747923076923,0.0,0.0,0.25383933845245127,0.0,0.36689320388349517,0.0,1.6012815380508714,-0.717948717948718,-0.60620056719003,0.07082163395191042,-0.06443683464464528,-0.31030469596860966,0.09508669070585121,-0.5145039530368455
Fenix,bot,LCSA,2,22,0.591,3,0.0,6,55.1,55.0,47.8,50.2,48.9,Dignitas Academy,-149.36363636363637,-161.36363636363637,-13.181818181818182,603.2524272727273,0.3235931363636364,0.7272727272727273,1.0227181818181819,0.30955454545454547,0.7195628824179406,0.20452331759149942,2.4545454545454546,312.36538636363633,0.0,0.0,0.12569974554707378,-0.6158536585365854,-0.6044568245125348,3.923076923076923,1.2792042981336627,-0.7272727272727273,-0.44211801755374847,0.005656204456524579,-0.0014084177016360291,-0.3914585557879693,-0.2532628235327809,-0.3280298460805514
Yusui,mid,LCSA,2,39,0.282,14,0.071,20,51.8,58.3,56.1,48.6,61.7,Team Liquid Academy,-59.86842105263158,62.026315789473685,3.3947368421052633,448.2855128205128,0.2506005102564103,0.3076923076923077,1.116351282051282,0.19235128205128207,0.6340558277111153,0.1519386414489976,2.3846153846153846,467.10296410256404,0.0,0.07142857142857142,0.6089209327371624,0.0,-0.31630752101239695,0.0,3.2025630761017427,-0.3333333333333333,-0.5677849829179358,-0.17023345104491977,0.17242675481372585,0.05666288478906986,-0.3428443343566281,0.3596461632567162
Joo,sup,LPLOL,3,45,0.622,6,0.0,11,54.2,55.8,46.8,47.9,43.9,For The Win Esports|Team Singularity,209.66666666666666,67.02222222222223,3.533333333333333,128.01666666666668,0.06659262377777778,0.044444444444444446,2.4206155555555555,0.3818688888888889,0.6412437594678344,0.21616117811317248,0.022222222222222223,496.11688444444445,0.0,0.0,0.09117942765896102,0.01094220515775921,-0.3416989212442481,1.8645699614890887,1.6397831834998458,-0.6222222222222222,-0.7515121000932483,-0.04462791853422893,0.041574184513820125,-0.4470744107175444,-0.38323667578656956,-0.6217984574440785
Nightmares,sup,DL,3,47,0.511,7,0.143,11,56.9,53.1,54.7,62.3,48.0,Barrage|Defusekids,-9.638297872340425,187.04255319148936,5.127659574468085,155.44081914893616,0.09140748085106383,0.02127659574468085,1.8811595744680851,0.20120851063829787,0.6899361860771002,0.16848489665238217,0.0,529.5326680851064,0.0,0.14285714285714285,0.557134415712316,-0.7008670520231214,0.4072159873990942,4.454545454545454,1.6045149064768403,-0.5319148936170213,-0.5821433454207247,0.09801094856446249,-0.09854607320000654,-0.013850047812476216,0.39429220315048413,-0.375053615112129
Envy,mid,CBLOL,15,48,0.5,9,0.222,15,52.9,57.1,66.9,56.0,56.3,INTZ,210.75,-85.60416666666667,-3.5208333333333335,446.5495166666667,0.24928434375,0.4375,1.0515729166666667,0.21241041666666668,0.682048241790889,0.1598708957534485,2.1041666666666665,312.97370416666666,0.0,0.2222222222222222,0.7145824276674877,0.5684659508751289,0.29161915621436696,1.540660225442834,2.165063509461097,-0.3958333333333333,-0.3576457687007975,-0.11009031973369805,0.10962151860620006,0.6742449860979725,0.0507909063685069,0.06626108488118143
Nikola,bot,EBL,3,26,0.615,2,0.0,12,53.8,56.2,52.7,54.5,59.8,ASUS ROG ELITE|ŠAIM SE,84.8076923076923,441.46153846153845,0.5769230769230769,464.7837423076923,0.2146657423076923,0.5,1.302876923076923,0.24191153846153846,0.5841852095951492,0.129633538909557,3.076923076923077,242.60416538461538,0.0,0.0,0.6871165644171779,-0.6904761904761905,-0.3968992248062016,5.777777777777778,2.3533936216582085,-0.4230769230769231,-0.34572839252082765,-0.06136628649781381,0.062031030492027045,-0.12182778448371735,-0.024273739140656198,0.25436519380049516
Gavotto,bot,DDH,3,39,0.513,8,0.0,14,54.0,56.0,55.9,58.2,54.2,Estral Esports|Pixel Esports Club,54.30769230769231,22.487179487179485,-4.6923076923076925,501.4041,0.2705667461538462,0.6410256410256411,1.090748717948718,0.2762076923076923,0.6819291595768856,0.18011707313822897,2.7948717948717947,268.9076948717949,0.0,0.0,0.33229978738483346,1.1875912408759122,-0.16423312883435595,6.703703703703703,2.24179415327122,-0.5128205128205128,-0.599191058771458,-0.052645379370060294,0.053762172010173484,0.04929183469967246,0.17155055839192834,-0.040227401609243374
Venus,sup,VCS,15,58,0.603,11,0.0,14,53.7,56.3,46.4,59.1,57.3,Lowkey Esports.Vietnam|Team Secret,-10.862068965517242,-85.08620689655173,1.4137931034482758,165.73150344827587,0.08632540172413793,0.017241379310344827,2.612410344827586,0.443151724137931,0.6201468090486778,0.20185541772696142,0.06896551724137931,461.1568827586207,0.0,0.0,0.20352048547164522,-0.3597297415733471,0.07981175022073171,5.4,1.8382900600361156,-0.5172413793103449,-0.2936815157437742,-0.06716138002906319,0.07051759197583511,-0.4668687733339428,0.21556725679372526,0.12290606870694912
Kuro,mid,LCK,1,75,0.48,17,0.118,21,47.6,62.4,52.4,51.1,64.3,KT Rolster,-75.50666666666666,81.65333333333334,-3.7066666666666666,421.80140133333333,0.24337106666666666,0.2,1.2353973333333332,0.2846573333333333,0.6789277420528261,0.16001622715514222,1.5733333333333333,379.94183333333336,0.0,0.11764705882352941,0.27056814817947306,0.0,0.016011103897557586,0.0,2.424871130596428,-0.32,-0.28175083022976755,-0.3997041496228201,0.39936130590363667,-0.13588150360389212,-0.2043373246577996,0.5113045155127967
uinyan,top,LJL,15,23,0.391,5,0.0,11,53.6,56.4,50.9,48.3,54.6,AXIZ,157.54545454545453,-165.04545454545453,-2.1363636363636362,357.4489913043479,0.2344159,0.2608695652173913,1.0900739130434782,0.1710478260869565,0.575864600692976,0.21924848270587938,1.9565217391304348,534.5887478260869,0.0,0.0,0.19762219286657862,0.0,-0.36006289308176104,0.0,2.2936585546278225,-0.6086956521739131,-0.37425511202771744,-0.0749059673833715,0.07484257287000037,-0.21657695321624723,-0.35792877643396803,-0.020377508977499983
Genthix,sup,LLA,15,40,0.575,5,0.2,9,54.8,55.2,50.9,61.5,48.3,inf,125.85,52.725,2.4,138.39496,0.07782249249999999,0.025,2.226185,0.37016,0.7057454995094473,0.22281465810877576,0.05,579.54016,0.0,0.2,0.2258851549565773,-0.8678712591756069,-0.1755646817248461,11.279069767441861,1.4230249470757705,-0.625,-0.3878402441035734,-0.012805036091826531,0.00872723674660449,-0.2151648320605058,0.3474095743711328,-0.36025635133800515
Rechter,bot,BL,3,45,0.511,8,0.0,12,51.4,58.6,57.5,60.5,52.3,KV Mechelen Esports|Team Barkers|Tundra Gaming,10.955555555555556,38.13333333333333,-9.71111111111111,498.16445999999996,0.24854938666666668,0.5333333333333333,1.1495133333333334,0.21981777777777778,0.7126197828162532,0.15272666535308435,1.9111111111111112,302.70030444444444,0.0,0.0,0.534487502662785,0.9145472305632938,0.5878596924526582,2.0419484386518523,1.7888543819998317,-0.6666666666666666,-0.26390976317048714,-0.1880953360921075,0.19063460115999528,0.1306374955136619,0.29605538990915164,-0.1408141754922123
AHaHaCiK,jng,LCL,15,54,0.796,8,0.25,17,63.4,46.6,56.1,45.6,64.6,Unicorns of Love.CIS,277.98148148148147,-19.462962962962962,-2.759259259259259,362.9224907407407,0.16120969814814815,0.42592592592592593,1.2796222222222222,0.2886462962962963,0.644608871844829,0.21753475247839177,14.537037037037036,608.8282537037038,0.0,0.25,0.23529382203162694,-0.2737215084145204,-0.3212988977739356,0.7500000000000001,2.3134069792952237,-0.4074074074074074,-0.24292282070506993,0.4548708054675994,-0.4584403761155734,0.05752914866523685,-0.5188047597013568,0.5276825774699772
PK,top,PCS,15,83,0.663,12,0.167,14,52.7,57.3,54.6,56.0,49.5,Machi Esports,-68.09638554216868,-25.349397590361445,-5.493975903614458,408.40898192771084,0.20998444578313255,0.3614457831325301,0.9768819277108434,0.1665734939759036,0.650330745844359,0.26877340032788855,2.144578313253012,837.3866144578315,0.0,0.16666666666666666,0.38810809989054207,-0.41598652583592166,0.005636975676945454,3.6107405957816923,1.5366996398556647,-0.5060240963855421,-0.36978196370633304,-0.11939373998398908,0.12303797754775567,-0.01871768562640062,0.054029217231568,-0.2919445292661686
J0J0C,mid,GLL,3,63,0.587,15,0.133,16,58.9,51.0,52.8,53.9,51.0,Anorthosis Famagusta Esports|Gamespace Mediterranean College Esports|Pyrsos Esports,67.3015873015873,15.53968253968254,-2.6825396825396823,594.1751047619048,0.24874074603174604,1.0,0.9083603174603174,0.13866507936507935,0.5817283045792832,0.20233475054779707,4.571428571428571,526.9715095238095,0.0,0.13333333333333333,0.43131347592179503,-0.48475700968131835,7.564096538445985e-05,2.365093019286568,2.0158105227158782,-0.3492063492063492,-0.591126793088751,0.20586744100313914,-0.21001294427871456,-0.11504244934010516,-0.05783556195336986,-0.2104970185735111
Volcanic Dog,jng,LMF,2,52,0.75,3,0.667,11,50.2,59.7,71.1,52.2,52.7,Malvinas Gaming|Nocturns Gaming|Rebirth eSports,97.71153846153847,43.05769230769231,0.4423076923076923,208.6058673076923,0.12150858269230769,0.09615384615384616,1.7615788461538462,0.40812692307692305,0.7242353286742286,0.21894314216914837,10.76923076923077,627.3978653846153,0.0,0.6666666666666666,0.5086622216700488,0.0880897104559989,-0.05582884360115559,0.783783783783784,1.52542553961938,-0.5576923076923077,-0.3225045357877988,-0.257593930898121,0.2517872697225212,0.9791234358706781,-0.14906459750595566,-0.11994318542451711
Aesenar,sup,SLO,3,69,0.478,15,0.067,21,52.4,57.5,57.5,58.6,66.5,G2 Arctic,-157.0144927536232,-163.04347826086956,-10.565217391304348,200.9667072463768,0.10623143333333333,0.028985507246376812,2.433198550724638,0.2943217391304348,0.6553153119049073,0.15324372239745016,0.057971014492753624,288.5165623188406,0.0,0.06666666666666667,0.3392011347230314,1.2097120056458837,0.17366883780705086,3.829192546583851,2.528102914801153,-0.2898550724637681,-0.35006149759938276,-0.13573886556769205,0.13156547445514002,0.13010529695530296,0.19214866771447386,0.6500788382557688
Darlik,top,EBL,3,28,0.571,6,0.0,13,56.9,53.0,48.1,53.0,56.5,Team MCES|ŠAIM SE,-0.32142857142857145,32.92857142857143,-1.0357142857142858,477.2451857142857,0.24035475,0.39285714285714285,0.8629107142857143,0.13125714285714288,0.5534973760288887,0.24591809334456394,1.6428571428571428,807.913275,0.0,0.0,0.22376936134097178,-0.7465596330275229,-0.5611782477341389,6.388888888888889,2.456769074559977,-0.5,-0.4317991646106433,0.10078430215269232,-0.10789648912492514,-0.37356554909537476,-0.10506043711610033,0.07927693874724454
Oguzkhan,jng,TAL,3,35,0.571,5,0.0,12,56.9,53.0,49.4,67.2,53.9,Dark Passage|Dark Passage Academy,199.54285714285714,401.45714285714286,10.657142857142857,271.3128571428572,0.14609932,0.17142857142857143,1.3218628571428572,0.30163999999999996,0.6592531108403294,0.2305894856337062,10.6,777.1689571428572,0.0,0.0,0.16177762573763224,0.0,1.4855058517316913,0.0,2.02837021134844,-0.5714285714285714,-0.39235094534823406,0.10218464715106108,-0.10664323689342227,-0.2975622169742078,0.6955938452330066,-0.05922837226950679
Jackpot,top,BRCC,2,40,0.675,9,0.222,12,59.0,50.9,55.3,47.6,53.7,Santos e-Sports,-40.75,63.875,0.275,512.3673925,0.246727425,0.55,0.9103275,0.13411,0.5925549920535349,0.30403582579229865,2.475,734.9487449999999,0.0,0.2222222222222222,0.317672495731689,0.0,-0.33457675053637603,0.0,1.8973665961010275,-0.525,-0.36261294514788683,0.21102129878685988,-0.21827693987644559,0.01835914557555757,-0.3982257514148867,-0.06845823860180872
mumus100,top,NLC,2,29,0.483,12,0.25,12,53.1,56.8,62.2,58.4,55.6,MNM Gaming|Nordavind,-113.82758620689656,-87.72413793103448,-2.5517241379310347,443.90058275862066,0.24664768965517242,0.20689655172413793,0.9908586206896551,0.14441379310344826,0.6028386570785418,0.19578396395620135,0.6896551724137931,739.8436275862068,0.0,0.25,0.9081903414116398,0.0,0.47717149220489974,0.0,2.2283440581246223,-0.5517241379310345,-0.3558080644968674,-0.10119089078484748,0.09532569571687832,0.3908784765888186,0.17940007908129013,0.031134347161312928
Aboekra,top,OTBLX,3,21,0.571,6,0.167,10,53.0,56.9,58.7,55.1,55.1,Team THRLL Academy,-152.0952380952381,176.57142857142858,-2.9047619047619047,411.54271428571434,0.2043486619047619,0.19047619047619047,1.050747619047619,0.16706190476190477,0.5412214903682544,0.229260571443234,3.1904761904761907,824.1949523809524,0.0,0.16666666666666666,0.7463133916796547,0.0,-0.05827067669172941,4.79469696969697,2.182178902359924,-0.5238095238095238,-0.3416900793327823,-0.10390989723714453,0.10203516654490861,0.19663332272204728,0.004218250757164324,0.007434363133546163
Kahom,top,LDL,2,54,0.333,23,0.087,9,50.0,59.9,49.4,56.2,46.0,optical spectrum E-sports,-91.33333333333333,-37.111111111111114,-0.35185185185185186,386.5706814814815,0.22585183333333333,0.16666666666666666,1.1255342105263157,0.18786666666666665,0.559498217645566,0.21951429823545107,1.2962962962962963,945.2832037037036,0.0,0.08695652173913043,0.1930392726788152,0.0,0.26514011922669795,0.0,1.224744871391589,-0.7407407407407407,-0.18416139710892182,-0.2674535961919456,0.2628904951790569,-0.2967092030268978,0.0639097699336412,-0.49445941168318525
Sysak,sup,HC,3,21,0.714,4,0.5,8,53.1,56.8,63.9,55.6,53.6,Vikingekrig Academy,-44.523809523809526,154.28571428571428,1.3333333333333333,144.9067380952381,0.07452746190476191,0.0,2.435695238095238,0.3315857142857143,0.6814457334285998,0.17718343882940155,0.0,361.76335714285716,0.0,0.5,0.6132677818924784,0.08099565389174256,-0.037654282313138304,4.651397515527951,1.7457431218879391,-0.7619047619047619,-0.08527368600879055,-0.10275895800199553,0.09231176533588682,0.4863583940039628,0.031647522502128086,-0.07312008442663151
Plugo,mid,LLA,15,23,0.739,3,0.333,7,51.7,58.1,56.9,54.6,49.0,All Knights,-243.17391304347825,-265.4347826086956,-5.565217391304348,511.11057826086954,0.2641669130434783,0.34782608695652173,1.3854173913043477,0.21683478260869563,0.6293116427415326,0.1657573387113029,3.739130434782609,215.57925217391303,0.0,0.3333333333333333,0.33653846153846156,-0.7035294117647058,0.027912621359223237,2.6666666666666665,1.4596008983995234,-0.6086956521739131,-0.32664124108016146,-0.1760072610606188,0.16343787802620835,0.10025439272538939,-0.01931280421977115,-0.31863935934806703
Xiaohao,jng,LDL,2,63,0.508,21,0.286,8,50.7,59.1,60.3,53.6,49.2,All Combo,-96.6774193548387,-165.7741935483871,-4.306451612903226,298.51377142857143,0.15714284603174603,0.20634920634920634,1.39618,0.36204444444444445,0.7537470743585455,0.19007721976725367,10.88888888888889,661.0014777777777,0.0,0.2857142857142857,0.4137166097346396,0.0,0.13854416252827723,0.0,1.0079052613579391,-0.6190476190476191,-0.16031866878660503,-0.22711186786660054,0.21753490000500308,0.2800426913719776,-0.0754044277082066,-0.3110893643984416
LIMIT,sup,LEC,1,39,0.333,12,0.0,11,51.9,57.9,49.7,67.4,46.1,SK Gaming,-138.35897435897436,19.153846153846153,-7.564102564102564,146.380541025641,0.08656252564102565,0.02564102564102564,2.7054846153846155,0.32595897435897436,0.7086314419221064,0.21842333807260758,0.05128205128205128,430.49195897435897,0.0,0.0,0.2594849246231156,0.0,1.5279793814432987,0.0,1.7614096918559585,-0.4358974358974359,-0.8836221130882561,-0.16391489178739832,0.15282115806353014,-0.2825077291684216,0.7076227053443045,-0.4867713750596701
Shini,jng,CBLOL,15,59,0.508,10,0.3,15,56.9,52.9,72.4,58.5,55.8,INTZ,-14.898305084745763,23.847457627118644,0.6949152542372882,305.2212338983051,0.16279054915254237,0.13559322033898305,1.5416644067796612,0.4056677966101695,0.6529570415202992,0.2107390394336478,9.491525423728813,761.135879661017,0.0,0.3,0.6248487903225807,1.1411475564798184,0.06690969840462024,3.336628878765218,1.952833664712358,-0.5084745762711864,-0.3263527382537633,0.09913961460363983,-0.11016997879246053,1.0912861027551344,0.1839378478097795,0.04339316827213646
Chookies,sup,UPL,2,46,0.283,15,0.067,14,60.5,49.3,56.5,70.5,54.3,FrostFire|Grand View University|Slaughter House,27.97826086956522,159.1086956521739,-1.0869565217391304,198.37924999999998,0.10616300652173914,0.021739130434782608,2.0714065217391306,0.24003695652173915,0.6416687183949425,0.2051434966543622,0.0,464.96134347826086,0.0,0.06666666666666667,0.5445577970951105,0.0,1.1777631108544397,4.030303030303031,2.06418738616856,-0.5,-0.6078279114956495,0.29511520956499643,-0.3025565180910121,0.07998802961009656,0.9354683934276485,-0.037956746899656155
Rock,top,PCS,15,27,0.444,7,0.143,7,53.4,56.4,56.6,48.1,44.7,Alpha Esports,-62.55555555555556,-49.592592592592595,-4.444444444444445,409.67365925925924,0.20441185185185184,0.3333333333333333,0.9530000000000001,0.17592592592592593,0.5925479806137189,0.22124969344430756,2.8518518518518516,777.5659481481481,0.0,0.14285714285714285,0.4427310901624765,0.0,-0.32277319438413665,0.0,1.3471506281091268,-0.8518518518518519,-0.3024059281839681,-0.0849616230235663,0.07493239553172988,0.08217224662221258,-0.3741071115040683,-0.5720435820757676
Asura,bot,LPL,1,26,0.423,9,0.333,7,52.6,57.1,65.2,46.6,46.6,LNG Esports,-343.2,-78.2,-17.12,584.7233799999999,0.30850568,0.5384615384615384,1.271576,0.391176,0.7702320920909156,0.1844415805873891,2.04,331.39236153846156,0.0,0.3333333333333333,0.8741542625169149,0.0,-0.48265490274714257,0.0,1.3728129459672884,-0.7307692307692307,-0.5284902741851908,-0.12554763569844604,0.10812351647350502,0.5645709958407302,-0.45645896894516647,-0.45947582238980533
Sebekx,mid,LFL,2,26,0.269,8,0.0,11,55.6,54.1,52.1,67.0,51.4,IziDream|Munster Rugby Gaming,94.88461538461539,-74.26923076923077,3.423076923076923,498.2091653846154,0.2789698461538462,0.5,0.9658038461538462,0.1397423076923077,0.6465680667726704,0.14567132307198657,1.6153846153846154,256.6807423076923,0.0,0.0,0.42918219688664766,0.0,1.6945578231292515,0.0,2.1572774865200244,-0.5384615384615384,-0.5031478608238787,0.02992607116966157,-0.04986614242935537,-0.15320818443349177,0.6776602364972126,-0.18924966685412362
Dreampull,top,LCL,15,40,0.8,6,0.333,14,58.7,51.0,57.0,55.0,61.7,Gambit Esports|RoX,377.7,198.575,7.875,420.2081725,0.206242625,0.225,0.8412900000000001,0.08807000000000001,0.5458122315433529,0.20074013963332848,2.825,812.2025825,0.0,0.3333333333333333,0.3253070376598889,-0.7445972495088409,-0.0848677834694725,4.0,2.2135943621178655,-0.475,-0.10657295547968912,0.19592260194615432,-0.21445577260192641,0.10647353138432188,-0.0022497032885293727,0.3610032371829332
BMD,top,UPL,2,23,0.522,5,0.0,13,56.1,53.6,50.3,49.8,60.2,Full Spectrum|Simplicity Esports,-16.0,99.04347826086956,-4.173913043478261,491.27718695652175,0.2175458695652174,0.5217391304347826,0.867591304347826,0.12716521739130435,0.536229697865596,0.18914025453465486,1.7826086956521738,801.6887608695652,0.0,0.0,0.22882216256457688,0.0,-0.31933561264091676,0.0,2.710687382741972,-0.43478260869565216,-0.3411152825834314,0.06054782282315957,-0.07225925460786224,-0.252549837025322,-0.27794351398401973,0.27677142293768714
MoonBlack,mid,PCS,15,21,0.333,7,0.0,8,52.2,57.5,51.5,50.6,43.8,Hong Kong Attitude,-210.8095238095238,38.333333333333336,-4.714285714285714,455.67518571428576,0.2681954476190476,0.23809523809523808,1.0954761904761905,0.3077285714285714,0.7003724589250905,0.20995801431954156,1.619047619047619,387.3648476190476,0.0,0.0,0.2669595899074629,0.0,-0.272227349638517,0.0,1.7457431218879391,-0.6666666666666666,-0.8961636658842569,-0.15056144038104186,0.13038338641894812,-0.18613674976565173,-0.23514565124047354,-0.6284090965714293
Aizhon,sup,SLO,3,44,0.455,10,0.2,13,50.4,59.3,57.4,51.1,55.6,Team Queso,-100.36363636363636,105.11363636363636,4.090909090909091,134.06375681818182,0.07208399090909091,0.0,2.37475,0.3613454545454546,0.6764631987392682,0.1530511002233842,0.0,416.4247772727273,0.0,0.2,0.5023165397699659,-0.2591529073941134,-0.20632911392405057,2.875,1.9598237397554636,-0.4772727272727273,-0.38732659042592443,-0.24495921488630626,0.2281242733038641,0.12816398125926792,-0.20416936960290644,0.03374679538515556
Closer,jng,LCS,1,51,0.451,7,0.143,13,56.9,52.8,55.9,60.6,61.3,Golden Guardians,60.32,186.34,4.5,231.2089274509804,0.12788206666666668,0.29411764705882354,1.2944725490196078,0.38637843137254907,0.7252285168375133,0.1935886090945483,7.8431372549019605,703.8734235294118,0.0,0.14285714285714285,0.4123558789074542,-0.34802494802494804,0.20811833021666667,4.142857142857144,1.8203641092364127,-0.43137254901960786,-0.2135433757750954,0.10075259299792225,-0.11757886802474812,0.04795443748202099,0.2987613284164964,0.3363029785061541
M0NK,bot,NLC,2,35,0.657,6,0.167,11,59.7,49.9,54.4,55.5,61.0,LDLC OL|MNM Gaming,51.25714285714286,70.88571428571429,2.7714285714285714,607.3012628571429,0.29577102857142856,0.8,1.1400457142857143,0.2686285714285714,0.6173780058863854,0.23324888486311862,2.8285714285714287,297.8477171428571,0.0,0.16666666666666666,0.2793698769854596,0.0,0.005811318311318352,2.4578696343402227,1.8593393604027364,-0.4857142857142857,-0.20873904621801403,0.2515928151546804,-0.2703306555107185,-0.032821736050443306,0.02852105402853279,0.32084491967059336
Enga,mid,LMF,2,51,0.725,3,0.0,16,53.5,56.1,45.3,59.4,55.4,Undead Gaming,99.74509803921569,18.431372549019606,-3.803921568627451,452.4168725490196,0.26863588235294117,0.5686274509803921,1.2118666666666666,0.18761764705882353,0.6703993842855668,0.21064357575116088,2.4313725490196076,282.9845098039215,0.0,0.0,0.08830022075055187,0.09253149370125976,0.011718242335850743,6.241379310344828,2.2404481344448155,-0.49019607843137253,-0.32530961373454115,-0.07860782932085361,0.05822824599620787,-0.5350676250544371,0.23127740028791516,0.021408271074153804
Trevor,sup,UPL,2,46,0.63,13,0.231,15,66.3,43.3,56.4,51.8,51.9,Aqualix Esports|Issue is Critical|LB Gurb Nation|Noble Esports|Radiance|XTGN,62.26086956521739,-123.67391304347827,2.4347826086956523,264.18837173913045,0.11033387173913044,0.15217391304347827,1.7311260869565217,0.18248478260869563,0.64108653477177,0.28790257580257833,0.30434782608695654,441.9741347826087,0.0,0.23076923076923078,0.26388578419395475,0.0,0.028464202436635094,0.0,2.211629342323457,-0.6739130434782609,-0.5718822765714079,0.6347048318763489,-0.6591332086437858,0.0732102812368851,-0.16870371740558196,-0.16317745336389236
OddOrange,jng,RCL,3,31,0.548,9,0.222,8,52.4,57.2,56.4,49.3,50.2,Supernova,-28.64516129032258,-343.80645161290323,-1.935483870967742,317.6200870967742,0.13897813225806452,0.3870967741935484,1.5781451612903226,0.37447741935483875,0.6524215848641596,0.2069616113173715,12.096774193548388,674.3346677419355,0.0,0.2222222222222222,0.2631490000938879,0.0,-0.13811984479476788,0.0,1.4368424162141993,-0.5483870967741935,-0.41534225747259457,-0.13646400559201272,0.1168008770460106,0.07583747805867155,-0.30296138258894373,-0.25302010394618063
iiann,sup,LDL,2,44,0.455,15,0.067,12,53.8,55.8,52.0,50.1,55.4,Bilibili Gaming Junior|Dominus Esports Young,32.27906976744186,127.44186046511628,-2.9069767441860463,150.84563181818183,0.08130763863636364,0.0,2.42192,0.3662113636363636,0.6351772727066263,0.16918896520148216,0.022727272727272728,377.0987534883721,0.0,0.06666666666666667,0.30575615840349235,0.0,-0.12292259320257508,0.0,1.8090680674665818,-0.45454545454545453,-0.4785167295205481,-0.062127344209339505,0.04313620583949855,-0.15876452054982432,-0.25993083201154915,0.01886780224072171
Sunblast,top,LMF,2,51,0.725,3,0.333,18,57.3,52.2,64.4,57.2,65.7,Nocturns Gaming,200.01960784313727,-25.980392156862745,5.137254901960785,388.8888529411765,0.22765098039215687,0.6666666666666666,0.911786274509804,0.10802745098039217,0.5907903840476311,0.2589974595969099,4.0,663.7495607843136,0.0,0.3333333333333333,0.6779292737248085,0.13846175831713728,-0.08204762539080565,4.142857142857143,2.5205041512504174,-0.37254901960784315,-0.18976031355636908,0.12270810576768935,-0.14912489091192294,0.5186162878337389,0.11761435358821276,0.5980265291828072
BocaJR,sup,CBLOL,15,28,0.286,9,0.111,12,56.3,53.2,55.8,50.8,57.6,Redemption eSports Porto Alegre,87.35714285714286,-89.60714285714286,0.42857142857142855,169.27439642857144,0.0914884357142857,0.03571428571428571,2.069607142857143,0.2809357142857143,0.7182338567711467,0.19612031176106806,0.0,464.8063214285714,0.0,0.1111111111111111,0.43187591924054014,0.0,-0.11538461538461547,0.0,2.2677868380553634,-0.5357142857142857,-0.3980419489964567,0.06944211412062899,-0.09614771479505729,0.04258924692123645,-0.22323083009207595,0.13557000777850778
Paris,mid,GLL,3,55,0.636,11,0.273,15,56.7,52.8,61.4,49.1,54.8,WLGaming Esports,228.38181818181818,86.2909090909091,3.309090909090909,524.84582,0.24170790909090908,0.6363636363636364,0.9288872727272727,0.1332690909090909,0.6285886389294449,0.18230871842464377,3.727272727272727,345.0538072727273,0.0,0.2727272727272727,0.39376635736378784,0.3110443588314096,-0.23492597510702412,1.6866858631564516,2.0225995873897262,-0.45454545454545453,-0.2563384583580176,0.09086193560270128,-0.11670187806602872,0.34354522444548186,-0.3147156300262175,-0.008061339147999315
Aaron,bot,NEXO,3,47,0.532,10,0.1,20,54.1,55.4,56.2,59.7,67.9,Arena Quesito,43.340425531914896,-34.51063829787234,3.723404255319149,475.0147595744681,0.2731251276595745,0.7021276595744681,1.0068212765957447,0.21358297872340423,0.6718180598974526,0.14938207327295663,2.74468085106383,265.1864,0.0,0.1,0.3846988925933664,0.3868190446971294,0.15001040968915752,4.938888888888889,2.917299829957891,-0.40425531914893614,-0.24979790100124702,-0.04954996086695871,0.019629099305462406,0.0637490759649628,0.2507656853737399,0.7426285890262915
Smeb,top,LCK,1,27,0.407,8,0.125,11,53.5,56.0,53.5,56.4,57.2,KT Rolster,31.22222222222222,-334.9259259259259,-7.814814814814815,457.0683037037037,0.2365481222222222,0.25925925925925924,0.9085,0.1931037037037037,0.6380676423934077,0.22669956218482265,1.4814814814814814,643.0724851851852,0.0,0.125,0.19213483146067417,0.0,0.39251246155477787,0.0,2.116950987028628,-0.4444444444444444,-0.39173949501346006,-0.08156184640725578,0.05326525817981379,-0.07753834733258153,0.0761704647609229,0.11389074815067998
Jimsnop,mid,GLL,3,32,0.312,17,0.0,14,55.1,54.3,49.8,56.7,55.4,LUL Esports|Pyrsos Esports|Rejects Gaming,-77.90625,-134.0,2.03125,568.64731875,0.2883579375,0.46875,0.892315625,0.17911875,0.6501182699953985,0.1824517480074495,1.8125,396.41452499999997,0.0,0.0,0.19869087997340967,0.0,0.3562608051370709,0.0,2.4748737341529163,-0.5625,-0.25324288573697395,0.0035549702613029022,-0.0356334686086862,-0.2772507567004604,0.09076975078402297,0.02107968514941999
Jezu,bot,LFL,2,63,0.619,13,0.308,15,55.8,53.6,61.4,55.0,58.7,Misfits Premier,-70.23809523809524,134.9047619047619,-1.3492063492063493,530.4083968253968,0.2652354126984127,0.8253968253968254,1.078526984126984,0.21976666666666667,0.6920558395911914,0.17525649788980457,2.0317460317460316,287.1485698412698,0.0,0.3076923076923077,0.5096072718527638,-0.27806328531835306,-0.06829305598042212,2.880261377960521,1.889822365046136,-0.47619047619047616,-0.3928116125485438,0.04190400887923222,-0.0733228247602452,0.3410490262830404,-0.0008814937564420866,0.1960200636616068
Razork,jng,LEC,1,40,0.45,11,0.0,11,57.3,52.1,46.1,56.8,50.0,Misfits Gaming,154.975,151.5,3.275,235.4280725,0.139176225,0.2,1.6493449999999998,0.38578250000000003,0.707643165872655,0.2524774304948156,8.1,781.6908075,0.0,0.0,0.22514743288823338,-0.6277366733163304,0.06049704678754404,3.5882352941176476,1.7392527130926085,-0.575,-0.41781002985314497,0.12188443878223067,-0.1523147333070857,-0.4873782613027749,0.09708139400561787,-0.26542163577306865
Nazgul,top,EBL,3,28,0.357,11,0.182,11,56.7,52.7,55.9,62.4,46.3,Level Up esports|Split Raiders,173.17857142857142,86.07142857142857,5.071428571428571,420.6013214285714,0.24377328571428572,0.25,0.7395642857142857,0.09009285714285716,0.5925432396278669,0.2030390021551527,0.8214285714285714,665.3700535714286,0.0,0.18181818181818182,0.32080735149327205,0.0,1.621809744779582,0.0,2.0788046015507495,-0.6428571428571429,-0.7898914169782508,0.0921022871662315,-0.12034290145850897,0.04957359829162043,0.39813227623862,-0.47731584783996944
Ruvelius,bot,TAL,3,26,0.346,8,0.125,8,54.0,55.4,58.1,51.1,51.6,5 Ronin|5 Ronin Academy,-26.423076923076923,44.42307692307692,0.46153846153846156,469.31066538461533,0.28468223076923077,0.5769230769230769,0.9519153846153846,0.2291423076923077,0.7388596250362907,0.19499843162460234,2.3461538461538463,321.3921038461539,0.0,0.125,0.6809969889595182,0.0,-0.08193760262725791,0.0,1.5689290811054724,-0.6538461538461539,-0.2842079093711561,-0.05432157126558031,0.020271726160112292,0.16340724825963532,-0.20718958231851298,-0.18248571405908318
Bright,mid,LDL,2,38,0.421,11,0.0,15,52.0,57.4,47.0,48.2,56.8,Oh My God|Oh My God Academy,-26.97222222222222,-53.69444444444444,0.6388888888888888,459.87595789473687,0.2380510657894737,0.5789473684210527,1.0954777777777778,0.20558421052631579,0.6161707077341753,0.12937691409399898,1.736842105263158,305.3516,0.0,0.0,0.14593248810142784,0.0,-0.3644613583138174,0.0,2.4333213169614383,-0.5526315789473685,-0.22011908249969936,-0.1578220733690188,0.12844940937130098,-0.4319715705347471,-0.36646261565850324,0.09337044908546778
Magic,jng,LDL,2,67,0.597,17,0.294,12,49.2,60.2,52.4,64.3,56.1,Team WE Academy,-123.11111111111111,-222.33333333333334,-6.555555555555555,283.7728776119403,0.14252474925373135,0.3283582089552239,1.5887272727272725,0.3824686567164179,0.7313496531759702,0.19060467139144405,8.880597014925373,703.5898985074627,0.0,0.29411764705882354,0.24838540693606462,-0.7855052932101502,-0.01261445323672423,6.500000000000001,1.4660333322756627,-0.5223880597014925,-0.173126977590426,-0.31019956027631773,0.27587879985699243,-0.1373634596039032,0.5115674651996293,0.060465676863587274
Wixxi,bot,UPL,2,46,0.5,6,0.0,14,61.4,48.0,49.6,57.2,60.4,Harrisburg University|Life Support,307.1304347826087,18.804347826086957,0.17391304347826086,587.8503891304348,0.26325250217391305,1.2391304347826086,0.9408065217391304,0.2639673913043478,0.5925631785430419,0.18920167619068942,1.2173913043478262,309.88955217391305,0.0,0.0,0.3044182280823502,0.0,0.3053855569155446,0.0,2.06418738616856,-0.5869565217391305,-0.24323887437777733,0.34111567044189006,-0.374595890391796,-0.2859636439793522,0.11515890150773136,0.28798314975699996
BioPanther,top,OPL,15,49,0.429,13,0.154,21,51.6,57.7,51.7,56.6,67.8,Pentanet.GG,-113.38775510204081,31.346938775510203,2.4693877551020407,350.5325061224489,0.21116641020408164,0.24489795918367346,1.092138775510204,0.12834081632653063,0.5639444000488418,0.18950199949876137,0.7959183673469388,771.3503081632653,0.0,0.15384615384615385,0.39379231337836823,-0.8928206873086084,-0.00878318059299191,4.294117647058823,3.0,-0.32653061224489793,-0.38991970750226845,-0.1806008691404179,0.14174781779186568,-0.17435635054989218,0.0852018170399856,0.7316810871232294
Jauny,top,LLA,15,28,0.286,10,0.0,13,52.1,57.2,52.8,54.4,59.3,Pixel Esports Club,-9.142857142857142,-149.78571428571428,-2.75,361.283225,0.21493864285714287,0.2857142857142857,0.9404821428571429,0.13231785714285713,0.6127764697940137,0.1691958033036266,2.392857142857143,635.0564821428571,0.0,0.0,0.41121697704634036,0.0,0.237869822485207,0.0,2.456769074559977,-0.4642857142857143,-0.3305512288248567,-0.15387973942751906,0.11632398191832143,-0.1141703546144448,-0.03315179621052555,0.23100189408986252
L0ckie,bot,GLL,3,49,0.592,13,0.077,13,56.3,53.0,51.0,55.6,52.6,Anorthosis Famagusta Esports|LUL Esports|Pyrsos Esports|Rejects Gaming,-136.10204081632654,13.612244897959183,-8.795918367346939,624.1057326530612,0.25232979591836735,0.8979591836734694,1.0666959183673468,0.2718632653061225,0.5843023888350868,0.16377691558709703,2.5306122448979593,304.6177285714286,0.0,0.07692307692307693,0.258108902536603,-0.13752865083562985,-0.04937202714980495,3.8051587301587313,1.8571428571428572,-0.5510204081632653,-0.4323035267312962,0.06812637685861296,-0.10552745500629909,-0.21184140770552967,0.033726869542841785,-0.127296315471605
existence,top,TCL,15,25,0.44,6,0.167,11,53.9,55.4,56.6,47.7,58.2,Beşiktaş Academy|Beşiktaş Esports|Vega Squadron,-132.0,-167.4,-8.36,416.88996,0.2501954,0.32,0.9359040000000001,0.152964,0.6136734275714538,0.21498876457444233,0.88,702.542856,0.0,0.16666666666666666,0.4050705848458658,0.0,-0.38657770800627944,0.0,2.2,-0.48,-0.24598997178317009,-0.05960790738187208,0.021845132863451293,0.0844337341690634,-0.3933276880602289,0.17023204029127326
Matsukaze,bot,BRCC,2,33,0.424,11,0.455,11,52.0,57.3,66.5,48.0,59.1,Falkol,-125.03030303030303,-21.727272727272727,-4.242424242424242,494.60003333333333,0.27658672727272726,0.5454545454545454,1.2636818181818184,0.32294242424242425,0.6256656333211357,0.12863273119975965,2.090909090909091,267.6128939393939,0.0,0.45454545454545453,0.711643922969009,0.0,-0.35146451335538986,0.0,1.9148542155126762,-0.5757575757575758,-0.22228223415633677,-0.1600687175310289,0.12319865108160412,0.6462786747798708,-0.37970376029884617,0.21765657759612558
TaNa,top,CK,2,76,0.539,12,0.083,9,51.5,57.8,52.2,54.3,43.5,Jin Air Green Wings,20.43421052631579,128.82894736842104,-3.9210526315789473,385.9736539473684,0.20523453947368422,0.35526315789473684,1.021646052631579,0.1818973684210526,0.563414719913682,0.22047494729899125,1.6578947368421053,807.7803250000001,0.0,0.08333333333333333,0.40948420849227424,0.0,0.15310970548670513,0.0,1.0323708024175278,-0.5921052631578947,-0.35267794476482095,-0.1877911456761626,0.14526571749512915,-0.14653147467088948,-0.03944467301411511,-0.6466000496326787
Panj,sup,HM,3,47,0.553,3,0.333,13,58.5,50.8,59.2,69.9,53.3,Team Sampi|Team oNe eSports,124.97872340425532,95.48936170212765,2.9148936170212765,176.21855531914895,0.09007731489361702,0.02127659574468085,2.206408510638298,0.317063829787234,0.6199839683921259,0.2425991763194329,0.0851063829787234,489.4028489361702,0.0,0.3333333333333333,0.45572817986611086,-0.6715199137200524,1.0709708023543991,3.8433142150247415,1.8962448894726294,-0.5531914893617021,-0.39219827369621707,0.18708679722146254,-0.22026672601450756,0.22140497932785635,0.8842021769740536,-0.09122416563976785
Saviour,sup,BL,3,60,0.75,7,0.286,15,58.2,51.0,54.4,52.5,54.1,Sector One,200.85,221.18333333333334,-7.183333333333334,186.548795,0.07805636166666667,0.016666666666666666,2.0336483333333333,0.24779833333333334,0.6357616158786018,0.20308017322036792,0.13333333333333333,488.03973833333333,0.0,0.2857142857142857,0.15837405505472613,-0.3972238882700712,-0.2363243909959913,4.5392156862745106,1.9364916731037083,-0.5,-0.4261832706298826,0.17020027643597452,-0.2137801716874694,-0.033710048644495824,-0.1306446982641652,-0.045779214460538675
Prime,sup,SLO,3,48,0.521,10,0.1,20,56.0,53.2,51.5,50.4,61.2,MAD Lions Madrid,30.125,78.91666666666667,4.645833333333333,145.12710625,0.08353169166666667,0.0625,2.48953125,0.34571666666666667,0.6572812662685743,0.26695497017771447,0.020833333333333332,464.88414375,0.0,0.1,0.23528433403389934,0.0,0.01029017138359152,0.0,2.886751345948129,-0.5208333333333334,-0.43988189930956856,0.05168641234498865,-0.09518372634314672,-0.1853185972053531,-0.24373638234290598,0.334956433696418
Spica,jng,LCS,1,74,0.554,12,0.083,17,54.5,54.7,63.1,55.9,61.1,TSM|TSM Academy,26.794520547945204,84.16438356164383,0.2465753424657534,258.8938743243243,0.13874557162162163,0.12162162162162163,1.3964148648648649,0.37429594594594595,0.7207347804913089,0.20742280099569427,13.067567567567568,793.527118918919,0.0,0.08333333333333333,0.583629307385691,0.43980239082703104,-0.05972008500036626,4.10189898989899,1.9762098586449277,-0.40540540540540543,-0.3404196172452679,-0.02869035610330888,-0.018181269405077565,0.440777099454974,0.04829300822100836,0.325369677218761
Mersa,sup,GLL,3,38,0.526,8,0.125,12,54.2,55.0,58.6,49.9,53.9,Greek Regenesis eSports|WLGaming Esports,57.13157894736842,-1.3157894736842106,-2.1578947368421053,161.22345,0.07732119999999999,0.05263157894736842,2.5205552631578945,0.29197368421052633,0.6331444039327971,0.23214549434414733,0.18421052631578946,563.0417315789474,0.0,0.125,0.407231997396969,1.0144318217127453,-0.23648303774900614,1.8962393162393163,1.9466570535691505,-0.5526315789473685,-0.38503620469621525,-0.04197458511819336,0.0004853122414588077,0.19286072151988237,-0.27313079182678257,-0.05535879125921843
Strive,mid,LDL,2,20,0.55,4,0.0,12,51.5,57.7,48.9,55.0,63.1,Vici Gaming Potential,-168.52631578947367,-146.52631578947367,-4.947368421052632,464.14703,0.2587627,0.5,1.0802,0.27507000000000004,0.6401160320069123,0.1672383988560459,1.95,454.91373000000004,0.0,0.0,0.08006503744580212,0.0,0.2624478442280947,0.0,2.6832815729997477,-0.35,0.0,-0.1868083896043188,0.14467337960543866,-0.32788741659821596,0.00206381729907075,0.4424869053796284
Zirigui,sup,BRCC,2,29,0.621,3,0.333,11,54.0,55.2,59.5,57.0,54.6,Rensga eSports,63.275862068965516,22.82758620689655,-1.8275862068965518,156.10590689655172,0.08340161724137932,0.0,2.4829448275862065,0.38052413793103446,0.6784298198028059,0.2638834909590708,0.1724137931034483,454.1592,0.0,0.3333333333333333,0.4328724043842205,-0.3623051339039423,0.2419532559969885,1.826979186928613,2.0426487199475707,-0.5517241379310345,-0.5112349487464554,-0.05050000649678717,0.009112471240780224,0.23653028561808453,0.10439631704171666,-0.019053197134061575
UNF0RGIVEN,bot,UL,2,34,0.5,3,0.0,10,54.9,54.3,49.7,52.4,59.5,Illuminar Gaming|Munster Rugby Gaming,211.7058823529412,-21.705882352941178,9.970588235294118,481.4854294117647,0.2573361470588235,0.5588235294117647,0.8648294117647058,0.20299411764705882,0.6847450833271505,0.15447657802647785,4.5,285.86205588235293,0.0,0.0,0.24580433521821085,-0.004907767811812451,-0.2433119533527697,2.7642857142857142,1.7149858514250882,-0.47058823529411764,-0.24201836355206496,-0.006040871396975239,-0.03600092572717201,-0.2846985505208062,-0.13681403143344673,0.24116146451707393
Yuri,mid,CK,2,72,0.403,20,0.15,23,52.9,56.3,56.0,48.2,66.8,Element Mystic,11.152777777777779,0.6111111111111112,1.8055555555555556,468.6012166666667,0.2549187222222222,0.5,1.0372972222222223,0.23465,0.642672796236533,0.20711012267909107,3.1805555555555554,463.86760416666664,0.0,0.15,0.4653870987714379,0.0,-0.20744745229354103,0.0,2.7105759945484325,-0.3194444444444444,-0.23794092175126322,-0.10874084036354255,0.06904743005522838,0.05159303511740884,-0.36817093786873056,0.6684988529122387
Lele,sup,LDL,2,61,0.525,11,0.091,12,57.8,51.4,51.3,53.1,53.5,Royal Club|Royal Never Give Up,111.88333333333334,149.41666666666666,-0.25,166.10119672131148,0.0766131606557377,0.03278688524590164,2.195115789473684,0.3091606557377049,0.6365207529185425,0.21289803801803614,0.03278688524590164,550.7992245901639,0.0,0.09090909090909091,0.25471085120207926,0.0,0.15615835777126097,0.0,1.5364425591947517,-0.4918032786885246,-0.37241940318416084,0.14832828887640684,-0.19102106012830042,-0.19701500470780536,-0.09884536973416795,-0.07713922705963343
Meiko,sup,LPL,1,86,0.547,9,0.222,11,56.4,52.7,56.2,53.9,41.9,EDward Gaming,37.36470588235294,64.18823529411765,-1.5176470588235293,145.3048409638554,0.08274190120481928,0.023255813953488372,2.525837662337662,0.3013253012048193,0.6750446715683829,0.24720743392894018,0.07228915662650602,536.3335953488372,0.0,0.2222222222222222,0.3296445515696382,-0.42296793693863877,-0.037142952149768746,3.1535714285714285,1.1861605052378226,-0.6162790697674418,-0.3984008930346459,0.07169079436002848,-0.1193769969267617,0.06433443712795424,-0.05658746076038148,-0.7545494701051082
Neos,bot,TAL,3,28,0.536,3,0.333,9,53.0,56.1,65.9,46.5,47.9,Fenerbahçe Academy|Fenerbahçe Esports,-146.32142857142858,-128.25,3.0357142857142856,498.0730392857143,0.28964346428571425,0.42857142857142855,1.0677214285714285,0.25768214285714286,0.6434999782092137,0.16995837157262525,3.75,357.69492142857143,0.0,0.3333333333333333,0.9614606104768846,0.0,-0.592274678111588,0.0,1.7008401285415224,-0.6785714285714286,-0.5979102445839457,-0.10594122837478592,0.05951517242209757,0.6067849352555084,-0.4629444439901655,-0.38344048025028227
Erixen,mid,UKLC,3,31,0.548,10,0.2,13,54.1,55.0,55.4,48.8,53.5,Barrage|Nordavind,68.35483870967742,247.16129032258064,7.451612903225806,422.87309032258065,0.24568934516129032,0.5806451612903226,0.9873129032258064,0.20600967741935486,0.5708020842745701,0.1526476155869358,3.129032258064516,341.78806129032256,0.0,0.2,0.264792576419214,0.0,-0.2615359618717505,0.0,2.334868926348074,-0.45161290322580644,-0.48383566807141953,-0.04888479737218464,0.002161219815452032,0.022834590475236328,-0.33254954504488893,-0.07688961209001068
Aquasonic,top,DDH,3,38,0.632,8,0.25,9,50.1,59.0,59.0,62.6,43.5,Estral Esports|XTEN Esports,-32.3421052631579,10.605263157894736,0.10526315789473684,327.10617105263157,0.19089371578947367,0.3684210526315789,0.94695,0.16703157894736842,0.6217861538037607,0.22217735269794767,0.9736842105263158,789.4007789473684,0.0,0.25,0.23917702528932708,0.44137871007050233,1.4817620650953984,0.0,1.459992790176863,-0.6052631578947368,-0.601493310639738,-0.2593883308796013,0.21217530930207856,0.21349356800308994,0.41358576460196583,-0.6453424797370253
Riron,bot,OTBLX,3,22,0.545,7,0.0,8,55.4,53.7,49.2,57.6,51.2,Dynasty|Dynasty Academy|Team Flux,-176.0,-304.27272727272725,7.590909090909091,569.2674681818181,0.26530330454545453,1.1363636363636365,1.171990909090909,0.25732272727272726,0.6315018935135467,0.18495472634622495,1.0454545454545454,268.8093909090909,0.0,0.0,0.1664457289728962,-0.4054586329264442,-0.25190067443286335,7.761063011063011,1.7056057308448833,-0.6363636363636364,-0.4428896323979158,0.023450982548125738,-0.07043207042477742,-0.31018081775254774,0.13895389589633966,-0.20130296203331657
INT,mid,LAS,3,20,0.45,7,0.286,7,53.0,56.1,59.0,53.1,51.6,Awesome Spear Academy,-186.85,138.55,-7.3,562.41147,0.24156304999999997,0.3,1.216565,0.19439,0.6116839668793514,0.195068814525667,1.15,428.911705,0.0,0.2857142857142857,0.5347097653727488,0.0,-0.2775818639798489,4.3872934290773165,1.5652475842498528,-0.7,0.0,-0.10559856279574585,0.056386233175826486,0.21059597483546205,-0.10020901460803021,-0.18066409455765603
Caos,sup,LHE,2,31,0.548,2,0.0,12,55.2,53.8,50.6,54.1,55.6,Santiago Wanderers eSports|Universidad Católica Esports,169.06451612903226,88.96774193548387,0.6129032258064516,137.3224548387097,0.07994630322580645,0.0,2.3046258064516127,0.365041935483871,0.6280858222205123,0.1924047752795381,0.03225806451612903,423.5128741935484,0.0,0.0,0.28900163073020474,0.0,0.20204490168254624,0.0,2.155263624321299,-0.5161290322580645,-0.5530428804828548,0.012943244022310146,-0.062053631475666976,-0.23585099013834374,-0.04631991385841565,0.03295586391612033
Kenapil,jng,HM,3,33,0.606,5,0.2,16,54.6,54.4,53.3,60.3,61.3,Cyber Gaming|Team Sampi,94.81818181818181,-137.15151515151516,-5.575757575757576,324.5850696969697,0.15979464545454544,0.42424242424242425,1.519760606060606,0.3092515151515151,0.6418482314872689,0.2269302436714135,13.393939393939394,692.9847,0.0,0.2,0.270945331238111,-0.6923943359794036,0.1378255231691005,6.410547785547784,2.7852424952911656,-0.42424242424242425,-0.3992594942168045,-0.018437139336626638,-0.031108989159416872,-0.08941579799102402,0.2803366961575178,0.3406041705931466
Jiizuke,mid,LCS,1,41,0.512,11,0.091,19,59.3,49.7,50.4,50.6,61.5,Evil Geniuses,149.35,206.375,2.425,503.2777024390244,0.26618446341463414,0.4146341463414634,0.9242999999999999,0.14456585365853658,0.6820257834784377,0.23563932317831732,6.219512195121951,335.97769512195123,0.0,0.09090909090909091,0.2590945894117814,-0.30858995581214005,-0.27911560284611614,3.8800000000000003,2.9673014758835152,-0.34146341463414637,-0.48149323272746153,0.2276409132432384,-0.283122490766732,-0.24260747460668097,-0.23250555708798676,0.34919120158180394
Bruness,jng,UL,2,60,0.583,19,0.158,20,49.6,59.4,51.9,63.5,67.7,7more7 Pompa Team|devils.one inStreamly,-65.35,-152.88333333333333,-1.4166666666666667,253.08174333333332,0.14029750333333332,0.2,1.6358383333333333,0.39181666666666665,0.7154716943572274,0.1872768414798634,9.283333333333333,623.9468566666667,0.0,0.15789473684210525,0.3230932252912073,-0.40555029959003464,-0.11440225308342225,7.080943446797105,2.581988897471611,-0.38333333333333336,-0.262761130280835,-0.28760067719188986,0.2354306447889808,-0.16554863045525475,0.4623309555507178,0.729014787637121
Kouke,jng,DDH,3,20,0.75,3,0.0,6,54.2,54.8,50.4,50.3,45.9,Team Aze,133.85,134.75,9.3,250.105835,0.11649346499999999,0.25,1.43954,0.284735,0.6246106106493776,0.2012663725163725,15.7,804.9382400000001,0.0,0.0,0.0921885087153002,0.0,-0.19057471264367806,0.0,1.3416407864998738,-0.75,-0.6733831877064326,-0.04216241728142349,-0.008624677945001942,-0.24240144718773285,-0.2517250029291406,-0.49733704910341603
Guardián,top,DDH,3,42,0.643,8,0.125,15,53.4,55.6,54.5,59.8,55.2,Arctic Gaming México|Estral Esports,-43.166666666666664,39.976190476190474,-0.8809523809523809,415.9335357142857,0.22520480952380956,0.23809523809523808,1.226,0.19461190476190476,0.5489948816270339,0.3039716818080859,1.2142857142857142,663.3155785714285,0.0,0.125,0.1630941709861387,0.47803430354878707,-0.12930630967983517,9.518518518518519,2.3145502494313788,-0.47619047619047616,-0.4974836724738678,-0.08445275123269068,0.03354428806412954,-0.02557897547196736,0.2542170602937396,0.008785332994940089
hachamecha,jng,LJL,15,33,0.333,12,0.417,10,47.9,61.1,66.4,55.5,51.3,Rascal Jester,-359.72727272727275,-340.42424242424244,-2.757575757575758,225.1521,0.13164680606060608,0.12121212121212122,1.6949727272727273,0.5532333333333332,0.7686792208323309,0.21375523922200165,7.181818181818182,701.3226212121211,0.0,0.4166666666666667,0.503678038379531,0.26278968639688943,0.09338739074727959,1.0713178294573644,1.7407765595569784,-0.5151515151515151,-0.4331084340394851,-0.38310838388391977,0.3270640022531047,0.6389289038545223,0.024949508574230478,-0.19338748941098322
cody,mid,LLA,15,37,0.324,16,0.125,11,57.9,51.1,58.6,58.3,49.8,Azules Esports,16.89189189189189,27.756756756756758,2.108108108108108,495.98441351351346,0.3198358378378378,0.4594594594594595,1.1370702702702704,0.18204594594594595,0.6157428449235172,0.21852894592159636,1.7837837837837838,279.6598594594595,0.0,0.125,0.506778110445775,0.2607204116638077,0.15901814300960523,5.0,1.8083888603589302,-0.6216216216216216,-0.2739489640188074,0.15461009435679707,-0.2078832864714889,0.19157211122287734,0.17607351582398134,-0.2764718841362327
Kindless,bot,LMF,2,34,0.735,3,0.0,11,55.4,53.6,46.4,53.7,57.4,Pixel Esports Club|Undead Gaming,136.6764705882353,95.91176470588235,-2.4411764705882355,483.8949264705883,0.2973214411764706,0.5588235294117647,1.3906382352941176,0.3242705882352941,0.6253867545996762,0.2266764272358137,2.735294117647059,290.8120382352941,0.0,0.0,0.0594866874550252,-0.24925385861686702,0.08296075509190264,0.0,1.8864844365675972,-0.5588235294117647,-0.31938042939742434,0.019291378087290364,-0.07617195513076717,-0.47053392809227473,-0.06595018423786371,0.1272567040571896
QTKT,jng,OTBLX,3,26,0.462,9,0.222,10,50.6,58.4,56.0,48.9,49.0,Absolute Legends Netherlands|Team 7AM,-233.80769230769232,-117.03846153846153,-8.461538461538462,275.41489615384614,0.15438393076923076,0.2692307692307692,1.6328615384615384,0.3966653846153846,0.6964998755698145,0.20716646977959194,5.923076923076923,676.8811499999999,0.0,0.2222222222222222,0.23607256235827662,0.0,-0.429300873053865,1.6653802172670098,1.9611613513818404,-0.6538461538461539,-0.6638690259440739,-0.2316970583928862,0.1819931140488618,0.05274474532832356,-0.3292055863068404,-0.3192844255632992
Noble,jng,LDL,2,39,0.513,7,0.143,9,54.8,54.2,52.4,54.5,53.2,Vici Gaming Potential,175.5,126.27777777777777,2.4166666666666665,275.3283743589744,0.1425365153846154,0.1282051282051282,1.492448717948718,0.37747435897435894,0.6858665638299541,0.21672716352652224,10.538461538461538,564.2962615384615,0.0,0.14285714285714285,0.20032087658116834,0.0,0.18324983103640796,0.0,1.4411533842457842,-0.5641025641025641,-0.2655596032106397,-0.011897342188345709,-0.04187557290325255,-0.13897258032140014,-0.028494630965251358,-0.0961366363222782
Eyliph,top,LFL,2,21,0.476,5,0.0,9,52.1,56.9,48.7,57.3,49.8,IziDream,-171.85714285714286,54.38095238095238,-5.809523809523809,398.5510619047619,0.2170901904761905,0.2857142857142857,0.9839333333333334,0.15346666666666667,0.5957522332977463,0.1874796629795181,0.8095238095238095,781.901919047619,0.0,0.0,0.11163804851458163,-0.2553251917069015,0.2564161058514885,1.784313725490196,1.9639610121239315,-0.6190476190476191,-0.6316380225512246,-0.15520486108086096,0.09970723682364367,-0.33721911922192904,0.12353550339566524,-0.2796071282980098
Bando,top,LFL,2,85,0.647,15,0.133,18,60.9,48.0,48.0,57.9,49.5,LDLC OL,273.83529411764704,-94.88235294117646,3.611764705882353,529.8364788235294,0.23916827058823528,0.3411764705882353,0.7898094117647058,0.11579529411764705,0.5772750542887544,0.2742451034620964,1.5058823529411764,957.30878,0.0,0.13333333333333333,0.2840876009431216,-0.5594101610551463,-0.11004729044309858,4.485862475849639,1.9523741203679057,-0.38823529411764707,-0.7088672607425947,0.3151750245574911,-0.3800678066733299,-0.37747973029248777,0.15118133394803188,-0.2952119143721852
Huni,top,LCS,1,49,0.449,15,0.2,17,53.3,55.6,58.8,61.3,57.8,Dignitas|Evil Geniuses|Evil Geniuses Academy,-183.87234042553192,-315.468085106383,-7.170212765957447,469.16256734693883,0.2500077142857143,0.32653061224489793,0.8667224489795918,0.1724387755102041,0.6315632670214159,0.2323448322552083,2.6530612244897958,752.8695591836735,0.0,0.2,0.3992920420104886,-0.2727763928628443,0.5853962037709632,1.4,2.4285714285714284,-0.40816326530612246,-0.5604783112920082,-0.09167178347091959,0.029007323734065303,0.20131934632364112,0.3394599715891656,0.15003071654285588
Lukezy,mid,EBL,3,74,0.649,14,0.143,21,52.4,56.5,53.0,58.8,55.4,Nordavind White|ŠAIM SE SuppUp,107.75675675675676,-51.83783783783784,-1.2972972972972974,499.6828472972973,0.26174879324324324,0.4189189189189189,1.123404054054054,0.17507162162162163,0.6634682065835317,0.23592926261402447,3.189189189189189,475.21287702702705,0.0,0.14285714285714285,0.3344531264500083,-0.2546858382021851,0.20175128250486465,3.1180341880341884,2.441200413620205,-0.40540540540540543,-0.4825749575305222,-0.139835714679772,0.08002642774091602,-0.10626110464639252,0.2033007950434001,0.018613762621657023
PHT,mid,VCS,15,59,0.237,23,0.0,22,57.0,51.9,49.6,49.3,60.9,OverPower Esports|V Gaming Adonis,43.54237288135593,-15.203389830508474,-0.2542372881355932,534.0796338983051,0.28673262711864406,0.288135593220339,1.0519372881355933,0.21440169491525424,0.6236075639186671,0.23100021307596091,3.1186440677966103,442.118706779661,0.0,0.0,0.310294613954323,0.0,-0.09842306585336423,0.0,2.8641560415781253,-0.3898305084745763,-0.4193710959407713,0.10414728709626613,-0.16490083963122648,-0.2869003310784997,-0.3072691163268866,0.31645317341973467
apaMEN,top,LJL,15,44,0.545,5,0.2,13,58.0,50.9,51.2,69.1,50.2,QT DIG∞,154.95454545454547,146.20454545454547,12.568181818181818,390.56869318181816,0.20835258636363638,0.4090909090909091,0.8968272727272727,0.16979318181818182,0.5332592232369034,0.25896611077617787,3.522727272727273,745.7103363636364,0.0,0.2,0.1393013310268608,-0.5691282438487928,0.7145664246048696,6.487179487179486,1.9598237397554636,-0.5909090909090909,-0.48040478084312355,0.15927767487669559,-0.21491510716506412,-0.2011473840004549,0.8263219134014741,-0.2559931481442029
Atlen,bot,PCS,15,30,0.467,8,0.125,6,53.4,55.5,57.5,53.9,46.3,Alpha Esports|Machi Esports,-177.03333333333333,85.86666666666666,4.4,530.5804833333334,0.26520076666666664,0.23333333333333334,1.3367733333333334,0.41278,0.6067241476672423,0.1519511078404098,1.4333333333333333,295.58957666666663,0.0,0.125,0.49797548082330445,0.2172652934478832,0.07940594059405931,0.0,1.0954451150103321,-0.7666666666666667,-0.348425047004335,-0.08570706041944895,0.027354971449768284,0.13425028832889982,-0.06044566892995794,-0.4773230799790745
Neon,bot,LEC,1,43,0.605,7,0.286,7,58.2,50.7,64.6,53.8,47.9,FC Schalke 04 Esports|FC Schalke 04 Evolution,15.976744186046512,-23.697674418604652,-0.627906976744186,627.2877302325581,0.3024226511627907,0.4418604651162791,1.1602651162790698,0.31198139534883723,0.7075193391459861,0.20397004084706583,2.604651162790698,350.4647674418605,0.0,0.2857142857142857,0.7029848477170223,0.006766342900796729,-0.15001340842048808,3.9922779922779927,1.0674899923282326,-0.6511627906976745,-0.3110635941380208,0.1716682227961424,-0.23018098115261101,0.5289102688316222,-0.06367018610200187,-0.38203822150528877
Solo,top,LCS,1,64,0.594,12,0.0,11,54.0,54.9,48.4,56.3,46.0,FlyQuest,-51.52459016393443,31.21311475409836,2.737704918032787,412.5760359375,0.21985571875,0.1875,0.963709375,0.174434375,0.5902852991322114,0.25036410397742465,2.015625,988.483546875,0.0,0.0,0.30659799160812784,-0.2885324937416793,0.09291128159052682,3.638273845533374,1.375,-0.5625,-0.45902466395140384,-0.05389466148484147,-0.007321004942549801,-0.3530675463290542,0.06945936966134275,-0.4960824239456593
CptShrimps,mid,RCL,3,82,0.585,11,0.091,19,52.3,56.6,53.3,57.7,57.6,Just Randoms|Life Support|Team Cloud Drake,170.79268292682926,-125.21951219512195,-5.914634146341464,557.2152426829268,0.2415170451219512,0.4024390243902439,0.9858109756097561,0.20914146341463413,0.6548091828737526,0.1936368797343334,2.182926829268293,389.69851341463414,0.0,0.09090909090909091,0.3803376452641379,0.0,0.1565906614162811,2.84746660149886,2.0981989954220843,-0.4268292682926829,-0.2090580385973498,-0.14137664150439988,0.08324098212356641,-0.08945804383832003,0.1417353686607868,0.1385272520674886
Shenyi,sup,LDL,2,68,0.721,10,0.1,14,57.2,51.7,54.1,65.0,54.6,FunPlus Phoenix|FunPlus Phoenix Blaze,183.1818181818182,128.5,1.8333333333333333,160.46703970588237,0.07001978705882353,0.0,2.211064864864865,0.28003529411764705,0.6218174559084566,0.1953101323017416,0.058823529411764705,602.6495249999999,0.0,0.1,0.38648108485416155,-0.05532306294856612,-0.16006903791029112,8.289156902968806,1.697749375254331,-0.5294117647058824,-0.35245600445962816,0.11649929167579365,-0.17683211543356067,-0.04911032276915511,0.5544071558965573,-0.019229594778307855
Cube,top,LPL,1,107,0.542,24,0.083,20,57.2,51.6,48.7,60.2,53.5,Vici Gaming,35.97872340425532,122.25531914893617,1.946808510638298,418.27934716981133,0.2187857641509434,0.2616822429906542,0.9187806818181818,0.1271490566037736,0.5853425095605738,0.21812592480889118,1.5660377358490567,773.0676719626168,0.0,0.08333333333333333,0.3482816101415871,-0.8094010818586391,0.23852350557472682,4.131794131794131,1.9334729780913271,-0.5981308411214953,-0.32441069676788586,0.1168360074215999,-0.18028085940980731,-0.34047016794213286,0.27970293699931636,-0.07774579435379404
Koldo,jng,SLO,3,48,0.521,10,0.1,9,48.6,60.2,54.3,48.2,47.2,MAD Lions Madrid,-135.79166666666666,-127.33333333333333,-4.770833333333333,257.71858333333336,0.14304575208333334,0.14583333333333334,1.4937833333333332,0.3125708333333333,0.7320741293247832,0.1890042497829766,9.6875,739.9904583333333,0.0,0.1,0.3459959698484961,0.0,-0.11513666838576594,0.0,1.299038105676658,-0.5625,-0.44367354532376263,-0.34556242304964196,0.27853990968164566,-0.03921551786155588,-0.36630914408624937,-0.4223208072513739
Feng,jng,DDH,3,22,0.409,6,0.167,11,54.6,54.2,54.8,57.9,56.7,Arctic Gaming México|Furious Gaming,-204.22727272727272,58.63636363636363,2.227272727272727,339.3032090909091,0.17766226818181818,0.22727272727272727,1.3768045454545454,0.2844090909090909,0.6636208209653186,0.18626066729328672,6.590909090909091,594.0411454545455,0.0,0.16666666666666666,0.2799146486955704,-0.13945097182148491,-0.33020251757650954,9.456521739130435,2.345207879911715,-0.45454545454545453,-0.44870124139342343,-0.019555002312422333,-0.041748141536009094,-0.011033699695314314,0.15418951966948566,0.09223064925556593
Yashiro,bot,BM,3,26,0.5,5,0.0,11,56.1,52.7,51.2,56.8,56.8,Howling eSports|Iron Wolves|Split Raiders,311.7692307692308,203.26923076923077,2.3461538461538463,513.1425038461538,0.2433946153846154,0.5384615384615384,0.9784999999999999,0.20757307692307692,0.6132616585035124,0.1559571538822551,2.423076923076923,274.5062153846154,0.0,0.0,0.36070488150698804,-0.19761194029850754,-0.22041493775933613,6.424242424242424,2.1572774865200244,-0.46153846153846156,-0.434025931553693,0.06029431662529047,-0.11886507906125231,-0.2038352784464164,0.0936029944377712,0.09323288526493191
Aegis,jng,BRCC,2,35,0.714,7,0.286,13,56.2,52.6,61.5,60.8,60.4,RED Canids,44.4,372.45714285714286,9.085714285714285,284.7849542857143,0.13568243714285716,0.17142857142857143,1.1371142857142857,0.25150285714285714,0.6700743638117637,0.1695724769262693,13.057142857142857,785.3690685714286,0.0,0.2857142857142857,0.4570037388053213,0.42687579482831695,0.14842354026168667,4.4,2.197401062294143,-0.4857142857142857,-0.2690276917992452,0.06284186647852819,-0.12765491038664784,0.351057261093889,0.30953463623061106,0.28603831296163496
Jerry,sup,LDL,2,39,0.513,7,0.143,11,54.1,54.7,53.2,57.8,51.7,Vici Gaming Potential,-68.94444444444444,-68.05555555555556,-1.8611111111111112,188.1726358974359,0.09658355641025641,0.0,2.545207692307692,0.2843461538461538,0.6576487394012708,0.23336548574113763,0.02564102564102564,604.2766205128205,0.0,0.14285714285714285,0.2376870952322933,0.0,0.5383203897007655,0.0,1.7614096918559585,-0.6666666666666666,-0.37102965001316157,-0.048253362469376046,-0.01808997186837835,-0.09397838672126528,0.14531957467157766,-0.17288688908551392
Dean,sup,RCL,3,23,0.609,6,0.167,6,54.6,54.2,57.2,58.3,49.6,FrostFire,-80.52173913043478,116.47826086956522,-2.0869565217391304,178.71843043478262,0.07361457391304348,0.043478260869565216,1.8751652173913043,0.2599130434782609,0.6478099744581255,0.151212192918681,0.2608695652173913,363.1366565217391,0.0,0.16666666666666666,0.4726899233337002,0.30234283896957487,0.3713316070307596,2.966101694915254,1.2510864843424487,-0.7391304347826086,-0.22243299977720513,-0.02247183319599389,-0.043414305544996305,0.11797525473228138,0.17192097861218697,-0.28877843057900576
Sveronis,mid,GLL,3,22,0.409,7,0.0,12,55.0,53.8,51.0,55.1,53.9,Anorthosis Famagusta Esports|Greek Regenesis eSports|WLGaming Esports,160.8181818181818,15.863636363636363,-4.2727272727272725,574.9316136363636,0.24988968181818183,0.36363636363636365,0.9238909090909092,0.19699999999999998,0.6305802666712461,0.2127601775573754,1.9545454545454546,455.92884545454547,0.0,0.0,0.2118715689372616,0.0,0.23464797572967877,0.0,2.5584085962673253,-0.5,-0.49704923948934937,-0.002628404349717699,-0.06307715380754142,-0.21335241747435232,0.004903091675206181,-0.05590607327815081
Breezy,sup,LCSA,2,36,0.444,8,0.25,11,53.9,54.9,59.3,52.1,50.7,100 Thieves Academy,-131.72222222222223,19.944444444444443,1.5277777777777777,172.6756138888889,0.09015049444444445,0.0,2.191875,0.2935055555555556,0.6655279358775231,0.1825953044261924,0.0,589.2534472222222,0.0,0.25,0.412686023519617,0.0,0.020312206131277145,0.0,1.8333333333333333,-0.6111111111111112,-0.5610545651431756,-0.060529247829634925,-0.006286395929551644,0.2257726171703152,-0.15292466868038,-0.2304906676899665
Crown,mid,CK,2,36,0.417,8,0.25,15,54.3,54.5,55.8,56.7,58.8,Counter Logic Gaming|OZ Gaming,43.97222222222222,-93.16666666666667,2.388888888888889,502.69497777777775,0.28089973611111113,0.3333333333333333,1.222675,0.23539999999999997,0.6405837411538605,0.24147976285553685,2.6666666666666665,273.6430833333333,0.0,0.25,0.3121294466403162,0.0,0.4125854993160054,0.0,2.5,-0.5,-0.20225408972136452,-0.034468613828530864,-0.025378724743615452,0.03989437816209443,0.08889246004682547,0.19955679246394709
Kruimel,mid,TCL,15,66,0.515,20,0.3,18,51.8,57.0,63.2,54.1,52.5,Team AURORA|Team AURORA Academy|Team THRLL,-196.1818181818182,-149.56060606060606,-3.8484848484848486,505.3316333333333,0.2610104090909091,0.5303030303030303,1.0956227272727272,0.16707121212121212,0.7008539891209933,0.16820171390939473,1.8484848484848484,326.29329545454544,0.0,0.3,0.5464829085161036,-0.36567784286842003,0.013663398167497008,2.6066454013822438,2.215646837627989,-0.42424242424242425,-0.5184475905786333,-0.1711080797823603,0.1042440841590602,0.4471130686812915,-0.04813761815108468,-0.13069554866824182
Wardain,top,SLO,3,22,0.455,2,0.0,12,52.4,56.4,48.9,57.6,55.8,BCN Squad|ad hoc gaming,-124.54545454545455,52.09090909090909,3.3636363636363638,375.23420454545453,0.2038709,0.22727272727272727,0.8299863636363636,0.11269545454545454,0.6285085036372222,0.1891367149926206,0.0,809.3496681818182,0.0,0.0,0.26657552973342447,-0.9157754010695187,0.3107692307692308,5.222222222222222,2.5584085962673253,-0.5909090909090909,-0.38045609071540476,-0.13651048467341906,0.07464698148775481,-0.32726616584988033,0.13812670726457613,0.041737193155427954
Truth,mid,LDL,2,40,0.55,11,0.091,8,56.8,52.0,52.0,46.7,41.2,Dominus Esports Young|WanZhen Esports Club,63.2,312.875,4.775,495.2868725,0.248562225,0.35,0.9515,0.1908375,0.5551892855829876,0.14480360597229455,2.125,285.50452,0.0,0.09090909090909091,0.32971646931169507,0.0,-0.49070114370959717,0.0,1.2649110640673518,-0.675,-0.5556998397738913,0.09338177748723665,-0.16024598541034696,-0.1595728474191747,-0.4531594726020011,-0.806154443952154
Plume,bot,LDL,2,56,0.518,11,0.364,8,52.9,55.9,58.4,48.3,49.4,LGD Gaming|LGD Gaming Young Team,-212.01818181818183,-215.87272727272727,-0.2909090909090909,535.8507517857144,0.29202282142857144,0.8392857142857143,1.109831818181818,0.3661625,0.6706136775365653,0.20021726697742612,2.5357142857142856,352.60987321428576,0.0,0.36363636363636365,0.40850987913117165,-0.7781335040819592,-0.20614900614900622,0.0,1.0690449676496976,-0.6964285714285714,-0.20779500364009132,-0.11044648091311232,0.04648068708380908,0.17960191290824354,-0.35958177699999805,-0.2973864038668655
reje,bot,NLC,2,61,0.607,10,0.1,16,60.8,48.0,54.2,62.1,58.0,Barrage|Riddle Esports|Team Singularity,153.0983606557377,227.49180327868854,4.245901639344262,564.9172475409837,0.26597601639344265,0.8032786885245902,0.8997590163934427,0.21005081967213116,0.6432756526419418,0.1869535339048916,1.7540983606557377,282.2188,0.0,0.1,0.24582060822070617,0.4774590815552415,0.4041233696662454,1.8668599603076161,2.0485900789263356,-0.5573770491803278,-0.39124751998384616,0.30951270341341824,-0.3781632996411084,-0.043036369777840366,0.3816895619408509,0.15610274180325165
WeiZoR,top,NLC,2,27,0.481,6,0.333,15,51.4,57.4,58.5,54.7,64.7,Tricked Esport,-22.48148148148148,-128.96296296296296,-3.6666666666666665,439.9893222222222,0.21158386296296297,0.1111111111111111,1.0713407407407407,0.15547407407407407,0.5466558043760499,0.21304537238162788,3.0,940.7711814814814,0.0,0.3333333333333333,0.4036048258152042,0.0,0.1651483984719364,0.0,2.8867513459481287,-0.4074074074074074,-0.15266789080176085,-0.18995160501087757,0.12526382106259124,0.1850533423838357,-0.016297824413425047,0.5329259019798582
Hard,jng,LCSA,2,41,0.488,5,0.0,15,55.1,53.6,48.1,61.4,58.5,Golden Guardians Academy,209.9268292682927,153.0731707317073,1.170731707317073,261.4897463414634,0.13541781951219511,0.2682926829268293,1.4113121951219512,0.3863536585365854,0.6853135577537148,0.2354518178681313,12.682926829268293,644.564556097561,0.0,0.0,0.400711753016508,-0.6617058028338256,-0.05755036764534477,6.173913043478261,2.342606428329091,-0.3902439024390244,-0.6132828762462132,0.006233016545367247,-0.07586182684610776,-0.37348637142571983,0.34612311465410533,0.18627496909264588
Bang,bot,LCS,1,64,0.453,18,0.111,13,49.5,59.2,49.9,50.9,54.5,DN SOOPers|Evil Geniuses,-137.51612903225808,-143.53225806451613,-6.225806451612903,535.790940625,0.28181225,0.3125,1.5110796875,0.334865625,0.6464778364348914,0.10540478316480022,3.078125,308.838209375,0.0,0.1111111111111111,0.3455899897076135,-0.4761290322580645,-0.3012592487194082,4.125,1.625,-0.53125,-0.4809721904951415,-0.2934029235828235,0.22276666842841822,-0.27346626250569567,-0.21751771945007553,-0.028523013158402236
Aprobata,jng,HM,3,43,0.465,9,0.111,13,55.6,53.1,56.8,63.0,55.7,Enclave|PRIDE|SINNERS Esports,298.0,-11.209302325581396,-0.32558139534883723,299.87611395348836,0.15875221162790698,0.18604651162790697,1.3932488372093024,0.3340232558139535,0.6932405816103647,0.27635447652123857,15.790697674418604,620.3064325581395,0.0,0.1111111111111111,0.43006170603085875,0.21239771714381067,0.5904163510785372,3.72962962962963,1.9824814143238607,-0.5348837209302325,-0.29895732980351963,0.031578901131926976,-0.10234321471726472,0.09447828264008619,0.4353385317302111,0.0383029501823068
Yusa,bot,EBL,3,33,0.515,6,0.167,11,53.6,55.1,53.8,55.7,55.6,Crvena zvezda Esports|NVision Esports,-32.45454545454545,-61.27272727272727,-3.3636363636363638,516.9020212121212,0.2777980303030303,0.5454545454545454,1.045269696969697,0.2368909090909091,0.6345187420651817,0.14169603212665413,1.5454545454545454,302.1301121212121,0.0,0.16666666666666666,0.34408931029209366,-0.4919901861740511,-0.0864896910611949,4.277777777777778,1.9148542155126762,-0.6060606060606061,-0.21226363874621318,-0.07420373553819261,0.00297021094402989,-0.06259328553672318,0.03862462292302376,0.03295245455785695
Yimeng,mid,LDL,2,59,0.576,15,0.133,13,53.0,55.7,46.8,57.5,51.8,Team WE Academy,-12.714285714285714,152.85714285714286,-0.9642857142857143,468.43812711864405,0.24365622033898304,0.4576271186440678,0.946682857142857,0.18517627118644067,0.6976868426511204,0.19282595774031047,1.7627118644067796,453.4987372881356,0.0,0.13333333333333333,0.20407674620417934,-0.7217875946504643,-0.06414850938809606,5.4,1.6924558427507104,-0.5423728813559322,-0.2022154117593145,-0.10704506809646408,0.03639295348349201,-0.4457872381802256,0.13409317055248177,-0.16723671402388557
Backlund,mid,LFL,2,33,0.455,5,0.0,12,56.4,52.3,47.8,63.6,49.6,BCN Squad|IziDream,-125.0909090909091,18.96969696969697,-0.06060606060606061,524.2285727272728,0.29098145454545454,0.696969696969697,0.7798121212121212,0.15312727272727275,0.6422041812219033,0.15574281928928804,2.1818181818181817,338.3098636363637,0.0,0.0,0.16991150442477876,-0.051432291666666644,0.7502579979360164,4.0,2.088931871468374,-0.5757575757575758,-0.5047594801509228,0.07268439859327282,-0.14317766451484187,-0.39052586818621793,0.47230193298444134,-0.2897830871803783
Baula,sup,LLA,15,28,0.286,10,0.3,12,46.3,62.4,67.4,57.1,56.2,Furious Gaming,-223.67857142857142,-180.85714285714286,2.4642857142857144,110.71622500000001,0.07500296392857143,0.0,2.7230607142857144,0.4221714285714286,0.7762976221309555,0.1700391853158881,0.0,383.63647499999996,0.0,0.3,1.1736180904522613,0.0,0.47180451127819534,0.0,2.2677868380553634,-0.5357142857142857,-0.46919656522018804,-0.47718728991520276,0.3978050399884724,0.7071722237688898,0.11130414904125874,0.06515055686415115
Ziv,top,PCS,15,57,0.667,8,0.125,16,48.4,60.3,48.1,61.5,54.5,Rogue Warriors|ahq eSports Club,-285.75471698113205,-281.4339622641509,-6.188679245283019,403.66140526315786,0.21288630701754385,0.22807017543859648,1.1091094339622642,0.22597894736842106,0.5984287143886023,0.23774469849255198,1.0526315789473684,678.4760912280701,0.0,0.125,0.18169856459330141,-0.7143547524120196,0.09170365312393322,6.233506387743676,2.11925177130407,-0.5789473684210527,-0.32915385312390744,-0.35265152177012093,0.28441673386262156,-0.3725866693910472,0.3468452576946029,-0.027314892737069885
Daniur,mid,NEXO,3,34,0.5,5,0.2,16,53.3,55.4,54.7,46.7,57.6,Kawaii Kiwis,-50.6764705882353,33.8235294117647,-2.735294117647059,509.2812411764706,0.2745865882352941,0.4117647058823529,1.0223117647058824,0.17018529411764705,0.6717160149866437,0.19462950016150707,1.6764705882352942,338.2459558823529,0.0,0.2,0.44141156462585035,-0.6114933225414811,-0.5393161160005772,1.9,2.743977362280141,-0.38235294117647056,-0.4928455100422241,-0.09163712296330065,0.019648727000791844,-0.01725562415370349,-0.4546555088649984,0.1373851143717449
ReAt1vo,jng,LPLOL,3,52,0.673,6,0.0,10,58.3,50.3,47.2,51.3,47.5,EGN Esports,325.7307692307692,234.40384615384616,2.1153846153846154,307.23476153846156,0.1569960403846154,0.2692307692307692,1.2224865384615384,0.27979615384615386,0.6795296876028896,0.2575019072193995,12.807692307692308,719.4818730769231,0.0,0.0,0.10871658409341572,-0.046605524700379944,-0.05502769850595939,1.633874062445491,1.386750490563073,-0.5384615384615384,-0.477467427236809,0.1745672263588167,-0.25140212567189313,-0.42083138046623075,-0.19632544560352286,-0.4045985603825135
Deluxe,mid,GLL,3,49,0.469,10,0.0,20,58.8,49.8,48.9,54.6,58.1,Gamespace Mediterranean College Esports|Team Refuse,76.46938775510205,-93.22448979591837,-0.9591836734693877,629.8462367346939,0.2806777551020408,0.6530612244897959,0.9722632653061225,0.16347755102040817,0.6102428014799491,0.24649350930485808,1.7142857142857142,478.26001836734696,0.0,0.0,0.32687452103416287,-0.233902514207814,0.09350740327973252,1.5044444444444447,2.857142857142857,-0.3877551020408163,-0.5357835593969548,0.1998938248774247,-0.27659742083181516,-0.3252488004194469,-0.0230029720005807,0.16329567505879686
Robba,top,BL,3,38,0.447,9,0.0,16,55.1,53.5,50.0,53.9,60.7,KV Mechelen Esports,-60.71052631578947,124.92105263157895,-1.0263157894736843,414.5651210526316,0.21991310526315788,0.4473684210526316,0.8620736842105263,0.1361,0.5387961050051251,0.2268673915852842,1.2105263157894737,941.1164921052632,0.0,0.0,0.30754398650277176,-0.11494998147462017,0.2645739910313901,1.1659439927732613,2.5955427380922007,-0.4473684210526316,-0.33894754720684006,0.004727142686731264,-0.07977923310786811,-0.26502119640416355,-0.05639578651194084,0.3069761581565315
Chapapi,mid,DL,3,46,0.522,10,0.2,11,50.5,58.1,63.9,50.2,42.9,Defusekids|eMonkeyz,-177.5,-170.52173913043478,-6.304347826086956,501.7091869565217,0.28226921739130434,0.5,1.108604347826087,0.20464130434782607,0.6494010572629835,0.16701332646637082,2.0869565217391304,266.27035652173913,0.0,0.2,0.5819271408295221,0.9105575997735637,-0.15504070131496564,1.1111111111111112,1.6218615177038684,-0.6521739130434783,-0.49913618245542135,-0.24009716357243782,0.16518210545335274,0.48728947866568334,-0.25593194296870636,-0.6863799784021416
Guubi,bot,PGN,3,43,0.605,8,0.125,17,59.5,49.1,62.8,64.1,59.7,Campus Party Sparks|Samsung Morning Stars,331.5348837209302,157.48837209302326,4.209302325581396,548.8656511627906,0.26907712093023256,0.6744186046511628,0.791086046511628,0.17340232558139534,0.7170437364694627,0.2397626544862366,2.255813953488372,340.9016813953489,0.0,0.125,0.2972483943533401,1.916992223834505,0.7409757053291534,3.533681765389082,2.5924756956542794,-0.5348837209302325,-0.424916864977148,0.23744996058312284,-0.3184173538218069,0.4215997600530721,0.496264889753105,0.2502564147961977
lRoma,top,LMF,2,20,0.35,4,0.25,11,50.8,57.8,55.4,48.6,49.4,River Plate Gaming,-144.5,-86.15,-0.95,372.40824499999997,0.23277045,0.0,1.2244,0.20586500000000002,0.5096788445472656,0.22359325225372134,1.75,910.8228999999999,0.0,0.25,0.28273014330823415,0.0,-0.5011900714042843,0.0,2.4596747752497685,-0.55,-0.9749202526201113,-0.22044404485695507,0.14555390733919785,0.021187678215961295,-0.3427325600890213,-0.3016683894693211
Sacre,top,TCL,15,34,0.353,5,0.0,15,53.2,55.4,48.6,60.6,54.2,Fenerbahçe Esports|SK Gaming,-53.26470588235294,67.91176470588235,1.8235294117647058,389.0583235294118,0.22072117647058825,0.058823529411764705,1.0208794117647058,0.13544705882352942,0.5230670697714102,0.1795555997950232,1.8235294117647058,743.6007500000001,0.0,0.0,0.09514435695538058,0.0,0.7175438596491228,0.0,2.5724787771376323,-0.5294117647058824,-0.657588882135048,-0.09591437773347627,0.022919253472240983,-0.346332140112982,0.298322387311337,-0.04325587226926676
Insanity,mid,LCSA,2,38,0.368,11,0.182,20,52.1,56.5,57.3,56.1,62.9,Immortals|Immortals Academy,-183.97368421052633,-126.92105263157895,-6.657894736842105,506.9702131578947,0.30424326315789474,0.39473684210526316,1.1077184210526316,0.1604184210526316,0.7187753792475154,0.2016240483531098,1.763157894736842,367.9022789473684,0.0,0.18181818181818182,0.5104184170727608,0.0,0.35192802056555283,0.0,3.244428422615251,-0.42105263157894735,-0.36702442133064744,-0.15320894338485422,0.08142489772902646,0.11886134765640613,0.05581521423431149,0.4273457518608049
Swip3rR,top,OPL,15,67,0.597,14,0.143,12,51.0,57.6,51.4,57.4,49.3,ORDER,-29.29850746268657,-92.34328358208955,-0.8955223880597015,382.5933880597015,0.20308747014925374,0.23880597014925373,1.0681194029850747,0.15235223880597015,0.5863971387015257,0.2393713399276365,1.3880597014925373,917.1566910447762,0.0,0.14285714285714285,0.24651767321714677,-0.38190136093603433,0.07916549873863775,3.656438544176881,1.4660333322756627,-0.5074626865671642,-0.3649134137250482,-0.21400970007611253,0.13773555409492194,-0.18796363538101865,0.12547546475685853,-0.30565804671501673
Serin,mid,TCL,15,95,0.8,16,0.312,25,58.7,49.9,65.8,54.2,62.7,İstanbul Wildcats|İstanbul Wildcats Academy,72.05376344086021,-60.27956989247312,-2.946236559139785,509.44579157894736,0.24277784315789475,1.1263157894736842,0.925558947368421,0.1593242105263158,0.6390533431903573,0.19260249808905655,3.4842105263157896,371.5204568421052,0.0,0.3125,0.43910338800061693,0.15762473987320325,0.07767804663009403,2.185897435897436,2.5649458802128855,-0.3894736842105263,-0.2711983060365468,0.1958745676282678,-0.2710373545980512,0.6009732419953543,-0.04211347703688297,0.4172166742771787
Kartana,jng,LHE,2,35,0.657,5,0.2,18,52.8,55.8,55.3,53.6,62.3,LDM Esports|Rebirth eSports|Universidad Católica Esports,-13.657142857142857,158.28571428571428,4.257142857142857,262.93314571428573,0.13365611714285713,0.05714285714285714,1.5536314285714286,0.35875999999999997,0.7366339031107795,0.24112073794442748,9.17142857142857,644.6355428571428,0.0,0.2,0.37437358750122823,-0.2083454492585053,-0.4208196558241321,4.3125,3.04255531702266,-0.4,-0.6488622190062477,-0.11489095970670778,0.04241719570493211,0.01603890530970194,-0.07582226632832414,0.3955151148434677
Aodi,top,LPL,1,48,0.521,6,0.0,9,52.0,56.6,50.6,49.5,46.7,EDward Gaming,-55.61702127659574,181.91489361702128,-4.382978723404255,341.3333595744681,0.1933865319148936,0.375,0.9567638297872341,0.17269574468085105,0.6044092817269515,0.20547977385245186,1.2765957446808511,758.22650625,0.0,0.0,0.24049885360939346,0.23730313218899296,-0.35887118999062995,3.791666666666667,1.299038105676658,-0.6666666666666666,-0.32712123621092737,-0.15624210207976938,0.08332432070264824,-0.23117879335162494,-0.2943635627695637,-0.4533531690892283
Panda,jng,UPL,2,26,0.5,8,0.125,12,59.4,49.2,55.1,51.9,58.3,Full Spectrum|Orgless|Simplicity Esports,79.42307692307692,320.2307692307692,7.8076923076923075,397.92807307692306,0.17396763846153848,0.23076923076923078,1.32415,0.2564,0.627584445744303,0.2615407593866025,16.76923076923077,666.0467538461538,0.0,0.125,0.4193783449068955,0.0,-0.07073397618785045,0.0,2.3533936216582085,-0.5384615384615384,-0.3566654577666868,0.2358837441416384,-0.30843285753314637,0.0034729827820433982,-0.16372026278919521,0.1763532838238919
Spunk,top,LDL,2,43,0.651,11,0.091,13,53.2,55.4,50.5,56.0,56.6,eStar Young,202.78048780487805,124.82926829268293,3.682926829268293,358.38185116279067,0.1822436511627907,0.4186046511627907,0.9421484848484849,0.16448837209302328,0.5133977894810208,0.1687301857435487,1.8604651162790697,756.2516674418605,0.0,0.09090909090909091,0.22371115662006943,0.0,0.26193632041492576,0.0,1.9824814143238607,-0.5581395348837209,-0.20038409507240457,-0.09598273500669041,0.022793248746447253,-0.2378697331221081,0.05473766240863853,0.08371500545960076
Echo,jng,LDL,2,69,0.449,22,0.091,14,52.8,55.8,51.2,61.9,50.6,Gama Dream|JingNetGame,-117.40298507462687,-121.76119402985074,-2.626865671641791,331.946315942029,0.17230704782608697,0.2028985507246377,1.4613803921568627,0.31184637681159416,0.729485154691353,0.22445205138493876,12.391304347826088,680.6863362318841,0.0,0.09090909090909091,0.2713457638505545,0.0,0.6275207048505081,0.0,1.6854019432007687,-0.6521739130434783,-0.34806075620975135,-0.11689757775687543,0.03973964358744425,-0.20400095888164432,0.37121584286671716,-0.23525762261210598
Gloryy,mid,VCS,15,37,0.324,16,0.062,13,51.2,57.4,59.4,57.2,53.7,Percent Esports,-60.945945945945944,57.16216216216216,2.945945945945946,436.08002972972974,0.23837794864864864,0.16216216216216217,1.1508594594594594,0.26733243243243243,0.6826192506533064,0.19851841580371665,1.0810810810810811,357.1666405405405,0.0,0.0625,0.6508192265879795,0.3503906187592862,-0.48621272958216194,9.699186991869919,2.137186834969645,-0.43243243243243246,-0.43710572743288123,-0.19928623315826327,0.1289840644176348,0.23620729252880718,0.1165766546059408,-0.06623337037014534
Bull,bot,LAS,3,29,0.586,7,0.286,7,55.6,53.0,61.9,56.5,52.0,Nongshim RedForce Academy|Team Dynamics Academy,166.86206896551724,-20.06896551724138,1.103448275862069,552.8848551724138,0.23252262068965518,0.8275862068965517,0.9921413793103447,0.26838965517241375,0.6144695326114314,0.17195745976488733,2.310344827586207,281.2009310344828,0.0,0.2857142857142857,0.7546102778460781,-0.33980582524271846,0.2654677565849229,2.1013955095564287,1.299867367239363,-0.7241379310344828,0.0,0.03197762927594673,-0.10597580234904407,0.36922796750902726,0.07691896224110623,-0.16047758620186656
Phoenix,top,BL,3,60,0.75,7,0.286,17,54.2,54.3,59.3,52.6,60.0,Sector One,109.75,47.05,0.7,445.3894516666667,0.19225165000000002,0.25,0.8723566666666667,0.115415,0.52126846881794,0.182360403854854,2.7,759.02268,0.0,0.2857142857142857,0.18676948205215357,0.17088058142975576,-0.07735778028742893,3.071923487584907,2.1946905628508695,-0.36666666666666664,-0.3632474923143204,-0.04148600904697972,-0.03669018920842794,0.22944425617223507,-0.12411912028407787,0.2683373829475218
Cohle,mid,PGN,3,53,0.547,16,0.125,17,54.9,53.6,54.0,54.2,55.1,Campus Party Sparks|Racoon,144.88679245283018,56.471698113207545,1.4528301886792452,492.92743018867924,0.2505367358490566,0.660377358490566,0.8763528301886793,0.10895094339622642,0.6661199798604777,0.15575179299155584,2.0943396226415096,350.38907169811324,0.0,0.125,0.4861391856771586,-0.38289473684210523,0.044886677722498644,1.895220497659522,2.3351295871277133,-0.4339622641509434,-0.4053837601340121,-0.004370004584970496,-0.07551667704367382,-0.05225640194437274,-0.04298409824960201,0.005968691289173243
Damonte,mid,LCS,1,51,0.529,6,0.167,18,53.6,54.9,51.1,48.9,60.0,Dignitas Academy|Golden Guardians,-26.98,-50.88,-1.76,493.79636470588235,0.2642230392156863,0.35294117647058826,1.1079705882352942,0.20789411764705884,0.6836194139357616,0.200240440845704,2.784313725490196,371.3637490196079,0.0,0.16666666666666666,0.27793218454697055,-0.6394860239936666,-0.28237129485179413,2.9390681003584227,2.5205041512504174,-0.37254901960784315,-0.37131258229609837,-0.0731703671347938,-0.006265748846048558,-0.20621003308667196,-0.3257760969696905,0.2688780237938614
Eika,mid,LCS,1,35,0.371,11,0.091,16,51.8,56.7,52.5,53.1,57.1,Immortals|Immortals Academy,-8.82857142857143,-78.71428571428571,-1.3714285714285714,440.31472857142853,0.27264262857142857,0.22857142857142856,1.173522857142857,0.22717714285714286,0.6893860965113925,0.18336931676224602,2.257142857142857,297.69784285714286,0.0,0.09090909090909091,0.2771819831710939,0.0,0.060683760683760725,0.0,2.704493615131253,-0.45714285714285713,-0.43961693852932676,-0.16998022846840477,0.09110213896614532,-0.13137228844173698,-0.10006548624280132,0.10825565729379465
MacCuin,sup,DDH,3,27,0.333,9,0.0,11,50.2,58.3,52.4,55.6,54.6,Infinity Esports Academy,-108.03703703703704,-3.1481481481481484,-1.1481481481481481,136.0920962962963,0.07769899999999999,0.0,2.540522222222222,0.3543814814814815,0.6305868156125592,0.15444591082844325,0.0,555.5225851851852,0.0,0.0,0.4362402443162538,0.0,0.36084183673469394,0.0,2.116950987028628,-0.5925925925925926,-0.3736503387459719,-0.25560500702952066,0.17420853727272376,-0.1373121850712333,0.029676577503349705,-0.019388602977529097
Kerberos,top,PRM,3,49,0.408,23,0.13,19,46.4,62.1,62.5,67.1,60.8,Demise|Unicorns of Love Sexy Edition,-388.6938775510204,-476.83673469387753,-9.551020408163266,419.3323285714286,0.225531693877551,0.3673469387755102,1.0720142857142858,0.18546530612244896,0.5959931586957913,0.2247184561406749,2.8979591836734695,821.6552265306121,0.0,0.13043478260869565,0.2797266478573034,1.9234395460497595,0.9670857551640883,7.401065449010655,2.7142857142857144,-0.3877551020408163,-0.5465947508256582,-0.4714446971754748,0.38140421046763967,0.4037743200069829,0.6880088389813221,0.3098879945903314
Yen,bot,UPL,2,43,0.512,14,0.214,17,58.3,50.2,57.8,53.5,67.1,First Blood Crusade|Illinois State University|Supernova,214.5581395348837,-49.30232558139535,6.534883720930233,560.0401906976745,0.24502389767441862,1.0465116279069768,1.0299697674418604,0.20990232558139535,0.5862084575222835,0.18863494828770866,4.046511627906977,345.98815813953485,0.0,0.21428571428571427,0.4196723338103171,0.0,-0.029028637709616528,1.25,2.5924756956542794,-0.3953488372093023,-0.30436903905976254,0.17487467481350516,-0.2546959281285868,0.1462503596417626,-0.08149972458281718,0.6859183897178898
Rata,bot,NEXO,3,25,0.32,6,0.167,11,52.3,56.2,57.5,47.7,61.3,Kawaii Kiwis|S2V Esports Academy,-173.6,-166.92,0.92,505.844788,0.26436168000000004,0.56,1.1791639999999999,0.241812,0.6286059122273956,0.1652992099403864,2.92,367.89768799999996,0.0,0.16666666666666666,0.5324175824175824,0.0,-0.5044300278035218,0.0,2.2,-0.52,0.0,-0.1424945149851031,0.06129352218372513,0.13424023081733374,-0.39164156107253756,0.336387036913832
Ellim,jng,LCK,1,23,0.565,2,0.0,8,52.6,55.9,53.7,51.4,51.8,T1,-1.9090909090909092,-15.545454545454545,-4.2727272727272725,215.62018695652174,0.11875338260869564,0.391304347826087,1.5610695652173914,0.3726260869565217,0.7195686441097344,0.1634459045660847,8.782608695652174,710.6810217391304,0.0,0.0,0.22682445759368838,0.7315842583249245,-0.23151332760103185,2.076923076923077,1.6681153124565982,-0.6086956521739131,-0.3290265549949106,-0.1258426478880681,0.046484589348032755,-0.06963800533263519,-0.1918763341205455,-0.16956689886946885
Kennedys,top,BRCC,2,22,0.455,4,0.0,11,55.7,52.8,50.5,52.5,53.9,Havan Liberty|Havan Liberty Academy,3.0454545454545454,148.3181818181818,-0.5454545454545454,498.8916,0.24170213636363636,0.09090909090909091,0.8837045454545455,0.12342272727272728,0.6170150486221412,0.2584930456904845,0.36363636363636365,695.2622454545455,0.0,0.0,0.403448275862069,-0.45446481371969244,-0.19428571428571428,1.4167010511838098,2.345207879911715,-0.5909090909090909,-0.48019384228444834,0.03853379897808799,-0.11399546025228179,-0.24140036285099034,-0.12953736608695482,-0.05770775232221888
EXIMUS,jng,LHE,2,63,0.603,5,0.4,13,52.1,56.3,74.2,58.3,57.0,FroztFire Team|Universidad Católica Esports,85.17460317460318,-72.12698412698413,-4.285714285714286,279.8074015873016,0.14123862222222222,0.25396825396825395,1.5692746031746032,0.4027015873015873,0.6684221632209711,0.1827793002518419,7.253968253968254,655.1077952380953,0.0,0.4,1.3106538007089406,-0.19912990022225377,0.13403744599135853,2.328125,1.6378460497066512,-0.38095238095238093,-0.4129520511428963,-0.15365928948017624,0.06918236228812503,1.2758466352058597,0.17424470231343064,0.1059832514671632
Nolan,sup,LFL,2,35,0.286,12,0.0,14,54.9,53.5,49.3,75.5,52.7,IziDream,-81.28571428571429,-63.42857142857143,1.7714285714285714,167.9108,0.09928888285714285,0.02857142857142857,2.3926657142857146,0.3059057142857143,0.7012186231226711,0.28757902348548414,0.05714285714285714,606.0639199999999,0.0,0.0,0.3035282194517585,-0.24139924074244348,2.470188826924959,2.74,2.3664319132398464,-0.6285714285714286,-0.6898925593143034,-0.006354644819585311,-0.07918004279419925,-0.30558226362864116,1.4251184871094538,-0.1190616622408215
Kackos,top,SLO,3,43,0.442,12,0.0,13,52.5,55.9,50.7,50.8,53.8,Cream Real Betis|x6tence,71.04651162790698,-160.0,-0.7209302325581395,417.03678837209304,0.22571130930232558,0.20930232558139536,0.8818441860465116,0.09197674418604651,0.5741126273787013,0.16269810104015292,1.372093023255814,650.3966139534884,0.0,0.0,0.25777356446370525,0.2790579636585119,-0.06093769431662716,0.9696969696969698,1.9824814143238607,-0.5813953488372093,-0.21701293722016776,-0.13336524711845413,0.048449169566894906,-0.22592809993101398,-0.22490033279051191,-0.06088503090490498
Hakuho,sup,LCS,1,39,0.385,15,0.2,9,48.7,59.7,57.3,55.4,50.1,Immortals|Immortals Academy,-52.07692307692308,-242.89743589743588,-2.923076923076923,134.15176923076922,0.08477478461538461,0.0,2.62995641025641,0.3885102564102564,0.707991019987924,0.21579119514639877,0.15384615384615385,468.7544538461538,0.0,0.2,0.3063968491104169,0.0,0.3178503401360543,0.0,1.4411533842457842,-0.5641025641025641,-0.3689437661234931,-0.3389261450528936,0.24798637981219968,0.12200412932486102,0.020015012833782625,-0.26343484475781564
Lotuss,jng,PGN,3,37,0.432,10,0.0,14,51.9,56.5,47.9,56.6,55.9,Upper Echelon|aNc Outplayed,-92.0,-204.9189189189189,-7.135135135135135,319.84437297297296,0.17304062432432432,0.1891891891891892,1.505664864864865,0.3496,0.7078592522158278,0.2135961717231067,5.5675675675675675,555.1969621621622,0.0,0.0,0.21812910707383068,-0.5347668249092433,0.18750331399726392,2.8997326203208553,2.301585822275002,-0.4594594594594595,-0.5188573569171712,-0.16446313705542803,0.07787872163111256,-0.38548956894208375,0.08187234506333413,0.047182884017996155
Celebrity,bot,VCS,15,79,0.557,18,0.0,16,54.3,54.1,45.0,50.3,58.3,Lowkey Esports.Vietnam|Team Secret,101.88607594936708,-35.20253164556962,-1.7341772151898733,499.0040063291139,0.2594226075949367,0.7974683544303798,1.1581012658227847,0.3200227848101266,0.639270852583644,0.1395872567028071,3.3544303797468356,264.8144759493671,0.0,0.0,0.2781147994153243,-0.4826736548905205,-0.33186010713877406,5.480952380952382,1.8001406414816383,-0.4810126582278481,-0.4359991543229359,-0.034934137183519114,-0.04882164614422417,-0.5561707847965476,-0.25154536883206285,0.17613428917328988
Xzz,mid,LDL,2,95,0.547,25,0.24,12,55.8,52.6,56.1,69.6,47.9,Invictus Gaming|LGD Gaming Young Team,121.67045454545455,152.3068181818182,4.431818181818182,451.92209789473685,0.24017637157894736,0.631578947368421,1.0043089285714286,0.17490526315789473,0.6817493937004957,0.22543302594438985,1.936842105263158,427.74815157894733,0.0,0.24,0.5360015387530359,-0.836431039956875,0.41021428108568464,8.936706349206348,1.231174022502185,-0.4631578947368421,-0.2817699303023279,0.04439097709504375,-0.1291540039397923,0.058010263936932926,0.8637652736153179,-0.3814580161014496
irma,mid,LDL,2,76,0.579,16,0.062,21,53.3,55.1,47.7,53.3,56.2,eStar|eStar Young,279.3943661971831,-36.74647887323944,-0.09859154929577464,470.48506578947365,0.24064325921052632,0.3684210526315789,0.9663425531914894,0.18227105263157894,0.6759829014799889,0.20004238197987895,2.3026315789473686,499.01290526315785,0.0,0.0625,0.21728177818939567,0.0,0.1451406413491722,0.0,2.408865205640898,-0.4473684210526316,-0.42514877057238804,-0.08859163300342084,0.0061056354563095005,-0.39566995020509454,-0.09065001485709884,0.06480837708538156
Spirax,mid,UPL,2,42,0.381,17,0.059,13,56.5,51.9,49.1,50.6,53.9,Dark Matter|Maryville University,0.2857142857142857,-50.07142857142857,4.714285714285714,554.7948214285714,0.2678143333333333,0.42857142857142855,0.9390380952380952,0.14537380952380952,0.5936058327702965,0.16785478340270618,3.357142857142857,362.94870714285713,0.0,0.058823529411764705,0.20856538539887817,0.0,-0.11713239233993196,0.0,2.0059435495071947,-0.42857142857142855,-0.414031716295141,0.07974686892757166,-0.1637647839945545,-0.31706247917946195,-0.2326887369907828,-0.060512480142293136
Empyros,top,GLL,3,33,0.394,12,0.0,12,51.2,57.2,47.8,62.6,47.9,Gamespace Mediterranean College Esports|Pyrsos Esports,60.72727272727273,-183.8181818181818,-2.1818181818181817,391.442,0.20286078787878786,0.2727272727272727,0.9350545454545455,0.12439090909090908,0.5346003448674901,0.165539374896658,3.0606060606060606,767.9190545454545,0.0,0.0,0.2582010582010582,-0.7321997874601487,1.1175715068217162,3.4318181818181817,2.088931871468374,-0.5757575757575758,-0.7160928843789219,-0.20346626992255923,0.11720729087710913,-0.39072271823193905,0.41283934380146875,-0.3806540380438
Advienne,sup,PRM,3,26,0.462,8,0.125,12,51.9,56.5,55.4,53.5,60.1,Berlin International Gaming,-88.73076923076923,-140.15384615384616,-7.153846153846154,159.30332307692308,0.08115198461538461,0.07692307692307693,2.3804269230769233,0.2806,0.6648039268096321,0.16743664677716671,0.038461538461538464,447.5406,0.0,0.125,0.45209166862791245,0.0,0.1769411262798632,0.0,2.3533936216582085,-0.46153846153846156,-0.22859768416808796,-0.16287652737003894,0.07821173179904858,0.020130030775367857,-0.07694417100217109,0.271202786285212
JeppeHou,sup,UKLC,3,31,0.548,7,0.143,9,56.3,52.1,53.9,52.0,53.0,Barrage Academy|Munster Rugby Gaming Academy,120.03225806451613,115.6774193548387,-0.8387096774193549,176.49170322580645,0.0851844322580645,0.0,2.406403225806452,0.2794935483870968,0.659481841850769,0.28223730380964435,0.0,597.4170225806452,0.0,0.14285714285714285,0.4772087931670931,-0.6798440062977187,-0.12331534900734091,2.1406250000000004,1.6164477182409742,-0.6451612903225806,-0.1885564031853889,0.06590879958364387,-0.1539077802909479,-0.057704235785240865,-0.15686655445462946,-0.1030092367715024
Jelly,sup,LCK,1,52,0.481,12,0.0,12,55.2,53.1,49.3,45.0,47.2,DN SOOPers,-89.42307692307692,20.115384615384617,-0.2692307692307692,155.69597307692308,0.0893150576923077,0.019230769230769232,2.314392307692308,0.2889884615384615,0.675150531934558,0.20402805913625646,0.11538461538461539,447.02557884615385,0.0,0.0,0.27269821324250737,0.0,-0.5590221700190868,0.0,1.6641005886756874,-0.5192307692307693,-0.6277585374198446,0.012831245725531416,-0.09986369428846803,-0.30706167245392485,-0.5521864548268216,-0.4216431540114776
Shernfire,jng,LCSA,2,21,0.429,7,0.143,9,55.1,53.2,55.5,52.8,53.6,Team Liquid|Team Liquid Academy,-65.25,217.3,4.05,314.1198904761905,0.16374333333333335,0.09523809523809523,1.5898333333333332,0.4062857142857143,0.7339149154938629,0.34372619558954964,11.380952380952381,666.2680857142857,0.0,0.14285714285714285,0.4321326991562895,0.0,-0.02118738404452703,0.0,1.9639610121239315,-0.5714285714285714,-0.5070812061515257,0.005820503531784905,-0.09567217006848312,0.02669436578165792,-0.11831239905890062,-0.07248879974622006
Jenxas,jng,BM,3,27,0.444,9,0.222,11,55.1,53.2,58.0,54.2,54.4,Cyberground Gaming|Leviathans|LionsCreed Baltics|justforfun,-101.18518518518519,-69.03703703703704,-2.925925925925926,376.1209074074074,0.16793114814814813,0.3333333333333333,1.141062962962963,0.2623148148148148,0.7321640341018042,0.24080611629662443,7.074074074074074,857.2971592592593,0.0,0.2222222222222222,0.4129711680472613,0.0,0.3045593016409389,0.0,2.116950987028628,-0.5555555555555556,-0.4201618719208684,0.0027531141800434655,-0.09735473917655166,0.15664370068447686,-0.04002908887878516,-0.02925122449460386
kamilius,sup,PRM,3,49,0.51,8,0.125,9,50.4,57.9,51.7,63.0,45.2,ad hoc gaming,-97.91836734693878,-121.28571428571429,-2.122448979591837,154.5583224489796,0.0829539530612245,0.04081632653061224,2.502357142857143,0.34864081632653066,0.6499980699974401,0.18856135667816862,0.04081632653061224,498.30502448979587,0.0,0.125,0.43035774245900726,-0.8259022254462551,-0.20660820367751065,11.85714285714286,1.2857142857142858,-0.6530612244897959,-0.443108040525954,-0.2430557742440843,0.15349255230115158,-0.1736726994084951,0.435891466269569,-0.5390825968716255
Izaenk,top,LMF,2,41,0.39,13,0.077,14,52.3,56.0,52.7,55.3,56.6,Furious Gaming Argentina|Isurus Academy,16.853658536585368,-39.51219512195122,2.1951219512195124,382.32098780487803,0.23732087804878046,0.1951219512195122,0.9425634146341463,0.17081951219512195,0.5437345671352316,0.18874494549708898,2.268292682926829,717.3634414634146,0.0,0.07692307692307693,0.41085292750053404,0.0,0.2156257343339609,0.0,2.186432666440485,-0.5121951219512195,-0.3413988009007456,-0.1423600851931109,0.0530963996950794,-0.11924347213940865,0.01793844177863746,0.08347659308406688
Zeussak,sup,HM,3,28,0.607,8,0.25,11,53.4,54.9,62.1,62.1,56.7,Cyber Gaming|Gamespace Mediterranean College Esports,-145.32142857142858,-78.17857142857143,-4.357142857142857,174.44583214285714,0.08718111428571429,0.07142857142857142,2.204025,0.25209642857142855,0.631397454159903,0.2017815892149402,0.6428571428571429,367.5919821428571,0.0,0.25,0.5137666544432221,1.044061134090176,0.6819634237541642,2.980769230769231,2.0788046015507495,-0.5,-0.32784140576507687,-0.08229536951500109,-0.005592648762611816,0.3816806632650779,0.3831459478062507,0.08698829944488426
Emp,mid,LLA,15,28,0.286,10,0.3,10,53.3,55.0,66.0,52.8,47.5,Furious Gaming,-140.64285714285714,-121.67857142857143,0.9642857142857143,465.906425,0.3049426071428571,0.25,1.0252892857142857,0.21791071428571426,0.6458580000246668,0.1577934157959589,1.8928571428571428,304.90128214285716,0.0,0.3,0.9061058344640436,0.0,0.1104761904761905,0.0,1.889822365046136,-0.7142857142857143,-0.40341962747656845,-0.08887282010817714,0.0016997917958416105,0.6177923113044526,-0.11674262844429131,-0.4054235795023548
xinye,mid,LDL,2,34,0.5,10,0.2,17,55.5,52.8,57.0,52.7,66.6,Young Miracles,6.575757575757576,-149.66666666666666,2.727272727272727,555.2156,0.28518202941176474,0.3235294117647059,0.93359375,0.18963235294117647,0.6233842223649414,0.20045130786085352,3.3529411764705883,395.7671264705882,0.0,0.2,0.4769896461134292,0.0,0.03666128660364315,0.0,2.91547594742265,-0.3235294117647059,-0.08977070936298598,0.023974733523217565,-0.1139920140948478,0.10775854207958216,-0.12222370675767204,0.6540706153248321
SeanTheGod,bot,RCL,3,38,0.526,10,0.1,12,61.3,47.0,53.6,47.6,56.9,TBA|XT Esports,149.10526315789474,224.28947368421052,4.657894736842105,600.3825105263159,0.2534265789473684,1.1842105263157894,0.7821973684210527,0.18161052631578947,0.5961496812455149,0.18112341121649891,0.8947368421052632,280.78027894736846,0.0,0.1,0.31971091159706433,0.0,-0.3230726100364453,0.0,1.9466570535691505,-0.5789473684210527,-0.18904727221049253,0.3402453391494882,-0.43694442039468057,-0.07613484010583826,-0.3977378618752619,0.09861556877192795
Lwx,bot,LPL,1,127,0.575,25,0.08,13,59.1,49.1,45.0,57.4,55.5,FunPlus Phoenix,168.3135593220339,95.83050847457628,-1.847457627118644,520.491542519685,0.2760696771653543,0.8346456692913385,1.1479599999999999,0.31680866141732283,0.7079769851400864,0.1809878596355694,1.8661417322834646,303.02710472440947,0.0,0.08,0.24238951223288455,-0.4684778449529349,-0.01997815286226156,4.596699442553528,1.153563462240948,-0.5354330708661418,-0.21153102973292023,0.2179354683030778,-0.31334651975573086,-0.5523761565606562,0.12906241131600818,0.026643448287515317
peka,mid,VCS,15,57,0.509,17,0.118,13,47.6,60.6,52.6,52.1,47.0,EVOS Esports,-208.3684210526316,-121.70175438596492,0.08771929824561403,416.71134561403505,0.23252643859649122,0.43859649122807015,1.3260543859649123,0.2067561403508772,0.6661530590201276,0.16671772298432755,2.719298245614035,301.82131754385966,0.0,0.11764705882352941,0.24133116884647715,0.0,0.13543544608301727,0.0,1.721892064184557,-0.5614035087719298,-0.4111499812394602,-0.3996086948872993,0.3000775488581497,-0.12818172708782027,-0.15424460001237222,-0.4316600927602722
Yunbee,mid,NASG,3,33,0.424,15,0.067,12,51.6,56.6,54.7,58.8,52.6,Polar Ace|TBA|Team Ocean Drake|XT Esports,-209.54545454545453,-128.66666666666666,0.5151515151515151,500.1833575757576,0.25958936363636365,0.5757575757575758,1.1783939393939393,0.20825454545454544,0.603631028188679,0.189265739803952,2.0303030303030303,387.47316363636367,0.0,0.06666666666666667,0.5128626692456479,0.0,0.29150186728857097,3.1113012139852136,2.088931871468374,-0.5454545454545454,-0.2970277413490068,-0.17902113601770556,0.0821318451145543,-0.017301408669685617,0.20151481710411936,-0.12496548708277977
Akkers,top,UKLC,3,25,0.44,5,0.0,12,50.5,57.7,51.4,51.7,59.2,Barrage Academy,-448.2,-252.68,-8.4,420.99512000000004,0.21509132,0.52,0.961024,0.13278800000000002,0.5878555174672822,0.1976551641004852,1.2,938.0688680000001,0.0,0.0,0.3041739964816888,0.0,0.03651388838326831,0.0,2.4,-0.44,-0.26580098556260096,-0.238385139065598,0.14333428120131686,-0.18952577598498466,-0.17356222293524726,0.22473398573644082
Reeker,mid,PRM,3,44,0.364,16,0.125,21,52.3,55.8,53.9,66.1,58.5,Berlin International Gaming|SK Gaming Prime,-251.75,4.340909090909091,-4.568181818181818,526.0326590909091,0.2753365681818182,0.5454545454545454,0.9459386363636363,0.18188636363636365,0.6928553862210279,0.2081755692148156,2.022727272727273,439.86693181818185,0.0,0.125,0.31497736302319135,0.0,0.9803967327887979,0.0,3.165869118066518,-0.38636363636363635,-0.6332541436102265,-0.14233903615567817,0.044697273068321,-0.057511768486361074,0.6242655057912754,0.18787299374118926
Kituruken,jng,TCL,15,35,0.514,7,0.0,14,58.5,49.6,49.1,63.7,63.9,Dark Passage|Dark Passage Academy|Papara SuperMassive|SuperMassive Academy|Team AURORA|Team AURORA Academy,126.74285714285715,75.25714285714285,2.6285714285714286,276.10088,0.14515412285714285,0.4,1.2979714285714286,0.28680285714285714,0.6754894079830339,0.206025308875445,12.17142857142857,581.7974,0.0,0.0,0.1855452240067625,-0.12631578947368413,-0.10659155913626343,11.432692307692305,2.3664319132398464,-0.45714285714285713,-0.1565352612408963,0.1828076774389436,-0.289664638177324,-0.3177502080993469,0.4764107078223103,0.4899764198485049
Poome,sup,LCS,1,34,0.676,4,0.0,13,59.3,48.8,46.0,48.6,57.8,100 Thieves|100 Thieves Academy|100 Thieves Next,123.67647058823529,151.73529411764707,0.058823529411764705,151.1536205882353,0.07033985882352942,0.058823529411764705,2.2903382352941177,0.3119941176470588,0.614418859414867,0.23160853070619208,0.0,487.35058235294116,0.0,0.0,0.06170555458819432,0.0,-0.3742673639139438,0.0,2.2294816068526147,-0.47058823529411764,-0.5456268376085834,0.22801142230539154,-0.33130438802551254,-0.49179271464906615,-0.34599530842642545,0.1456244273343698
NorthnLghts,top,GLL,3,62,0.403,19,0.053,13,55.5,52.6,52.6,55.9,47.0,Team Refuse,-7.951612903225806,-18.85483870967742,0.0967741935483871,481.50675161290326,0.22322561290322582,0.24193548387096775,0.8693370967741935,0.1313306451612903,0.5064474526270125,0.24800717751240092,3.967741935483871,1106.4317096774193,0.0,0.05263157894736842,0.46630648374433636,-0.1694690760530239,0.004507845934379506,4.883124899791567,1.6510016510024765,-0.5,-0.5169790870714411,0.028418460522286852,-0.12618593560020108,-0.12552963134760445,0.04895957633255894,-0.43480081803318166
1116,mid,PCS,15,30,0.4,10,0.0,16,50.2,57.9,49.7,55.7,60.0,Berjaya Dragons,-114.63333333333334,-171.7,-3.2666666666666666,416.9842433333333,0.24842953333333334,0.5,1.1734933333333333,0.2061933333333333,0.7164213783865487,0.18833882697014792,1.2,378.23362000000003,0.0,0.0,0.20410534469403566,0.0,0.45760760040305176,0.0,2.9211869733608857,-0.3333333333333333,-0.4665765903707857,-0.2534028126869248,0.15127063651986128,-0.27999557993003604,0.03595915703609934,0.26744696165781523
Youdang,jng,LDL,2,26,0.5,6,0.0,10,53.6,54.5,50.4,52.6,53.8,EDG Youth Team|Rogue Warriors,-132.08,-248.2,-3.48,358.2918730769231,0.16572019999999998,0.2692307692307692,1.5230884615384614,0.37603461538461536,0.6547066471751826,0.19033348595297866,12.384615384615385,529.7185884615385,0.0,0.0,0.23770857090427694,0.0,-0.0018550890085976177,0.0,1.9611613513818404,-0.5384615384615384,-0.5224051931399557,-0.07594227772585817,-0.025194027557840552,-0.24320585217059368,-0.12541529553255876,-0.06221286227017108
Metori,bot,LHE,2,24,0.583,4,0.0,10,53.6,54.4,53.9,47.4,56.8,Kaos Latin Gamers|Rebirth eSports,-102.58333333333333,-48.958333333333336,2.7083333333333335,468.07735,0.27974579166666663,0.7916666666666666,1.0191208333333333,0.21501250000000002,0.6846449426686834,0.16689015283249028,1.4583333333333333,373.7042333333333,0.0,0.0,0.23998214086393568,0.9102549313646329,-0.5214173228346457,0.0,2.041241452319315,-0.5833333333333334,-0.3597230510020311,-0.07593282151787384,-0.03081854110348265,-0.05617241562712666,-0.41343989678083554,0.095142606210774
Lachtan,mid,HM,3,24,0.542,6,0.0,11,54.6,53.4,48.4,59.0,52.9,Inside Games,54.416666666666664,-148.75,-0.16666666666666666,543.9896666666667,0.2755743333333333,0.5,0.9743916666666667,0.09759166666666667,0.602138553454343,0.1532485312245374,3.0,364.63762083333336,0.0,0.0,0.29609793420045905,-0.9034965034965035,-0.35509736540664383,13.5,2.2453655975512468,-0.5416666666666666,-0.38228663569337046,-0.022556952236992417,-0.08440404135289267,-0.3564319062380416,0.21472227830540339,-0.11172434984809959
Mojito,jng,TCL,15,40,0.675,2,0.0,14,57.0,51.0,56.8,63.1,61.5,Fenerbahçe Esports,290.1,218.4,-0.725,247.3245,0.1276903225,0.225,1.61007,0.3725225,0.6279516246386787,0.2303981398354043,16.5,560.941265,0.0,0.0,0.7572170654858214,-0.2897799677172712,0.2802987861811389,4.133333333333333,2.2135943621178655,-0.4,-0.2941104046397809,0.10657563689854915,-0.2096999282900182,0.09584084917042326,0.4400439546210055,0.35007343180502626
DiDi,mid,LMF,2,34,0.441,12,0.083,13,51.4,56.6,52.8,55.5,54.2,Furious Gaming Argentina|River Plate Gaming,-221.7941176470588,-200.38235294117646,-6.588235294117647,465.96561470588233,0.2841791176470588,0.7941176470588235,0.9954029411764705,0.1619529411764706,0.6808714223226607,0.14342479402825184,1.9705882352941178,288.49215,0.0,0.08333333333333333,0.3761398176291793,0.0,0.30300096805421123,0.0,2.2294816068526147,-0.4411764705882353,-0.46456499887229624,-0.1887053734753109,0.08531019314699413,-0.118353758427945,0.025357596132886795,-0.03953667707494117
Cybonox,jng,OTBLX,3,20,0.5,4,0.25,8,55.7,52.3,58.6,66.2,53.2,Absolute Legends Netherlands|Timeout Esports Academy,136.3,50.85,2.8,289.08921,0.141636245,0.55,1.11565,0.20133,0.6837261493840441,0.2007372022512676,6.8,800.39771,0.0,0.25,0.48386692824644156,0.0,1.2539682539682542,5.005426771555804,1.7888543819998317,-0.6,-0.3454520846580436,0.03720814546069809,-0.14328314566149208,0.18955528674893785,0.6292437101991406,-0.09575877050775145
Haninger,bot,LCL,15,29,0.448,7,0.0,10,53.1,54.9,48.9,53.4,49.1,CrowCrowd,26.20689655172414,8.10344827586207,-2.586206896551724,504.11438620689654,0.256170724137931,0.4827586206896552,1.3843172413793103,0.37401379310344823,0.6755683417207918,0.20669870309162502,1.3448275862068966,290.7499379310345,0.0,0.0,0.14084994462901443,0.0,0.04478296478296485,0.0,1.8569533817705188,-0.5517241379310345,-0.8541016088401416,-0.0984862811429976,-0.005543443727151067,-0.32854119887694666,-0.08589274657036554,-0.3164767525950931
Demon,top,LDL,2,40,0.45,11,0.0,10,56.8,51.2,47.5,65.0,47.9,Bilibili Gaming|Bilibili Gaming Junior,78.23529411764706,144.85294117647058,-7.117647058823529,447.5344775,0.24029265,0.5,0.9023285714285715,0.1625275,0.5512951639680251,0.2765409173729607,2.025,754.0010256410256,0.0,0.0,0.14943983864929375,0.0,0.2881165997800797,6.411764705882353,1.5811388300841895,-0.5,-0.5929234484270752,0.09343994801359497,-0.1998322985248205,-0.40683273340463144,0.5546171720799165,-0.3845664708294284
Skude,jng,NLC,2,23,0.217,9,0.0,12,55.4,52.6,54.7,68.9,59.0,Enclave|Team Singularity,-58.34782608695652,73.04347826086956,4.260869565217392,326.5096130434782,0.17775462608695652,0.13043478260869565,1.343995652173913,0.27972608695652174,0.7084368931734865,0.23118469575187373,10.26086956521739,579.4301782608695,0.0,0.0,0.37496256364180897,0.6600790513833993,1.4444444444444449,2.9743589743589745,2.5021729686848975,-0.391304347826087,-0.5569981973069122,0.02231150621044982,-0.12601476607815545,-0.016725763790938257,0.8149549803253509,0.2137445700242689
TakeSet,bot,NLC,2,37,0.459,9,0.0,11,51.6,56.4,50.0,67.4,60.0,Absolved|Team Singularity,-418.27027027027026,66.0,0.35135135135135137,498.7162081081081,0.2595192432432432,0.7837837837837838,1.099681081081081,0.31882162162162164,0.6486675627191978,0.15542892661825455,3.5405405405405403,282.6325918918919,0.0,0.0,0.3780111786745286,-0.24413821472645,0.7731143144485416,3.796034024455077,1.8083888603589302,-0.5405405405405406,-0.1900134496431326,-0.17798721200108655,0.07263491899511428,-0.2638360936936482,0.7086815761338994,0.2657265595312903
Jinjiao,bot,LPL,1,47,0.426,12,0.0,9,53.1,54.8,48.3,60.1,52.0,Bilibili Gaming|Suning,-96.35714285714286,103.83333333333333,6.428571428571429,485.111129787234,0.25488455319148934,0.574468085106383,1.4581568181818183,0.4477957446808511,0.6504909155124098,0.1716874197816486,2.382978723404255,292.147885106383,0.0,0.0,0.23440537406479578,0.0,0.5590552637419546,0.0,1.3127849234810511,-0.5531914893617021,-0.39032545972583377,-0.10010014508944912,-0.011526587765310563,-0.35926508734985246,0.27233090927075754,-0.15762293141529643
Mark,sup,LPL,1,130,0.492,36,0.139,20,52.1,55.8,69.1,55.3,54.3,Dominus Esports|LGD Gaming|Team 7AM,-27.704,-54.32,-0.848,147.09209453125,0.08067574609375,0.015384615384615385,2.6295424528301887,0.38140625,0.6448811805773537,0.22405313352000125,0.0859375,497.43644307692307,0.0,0.1388888888888889,0.4696429092103304,0.8705035971223022,0.09406418631070709,2.614362842627103,1.7541160386140586,-0.5769230769230769,-0.3175061641115772,-0.15305257861804852,0.04106517421409209,0.828169957842377,0.016494269289219293,-0.03938522059835592
Mash,bot,LCSA,2,38,0.447,10,0.0,12,48.9,59.0,50.4,49.5,55.5,FlyQuest|FlyQuest Academy,-196.94736842105263,88.92105263157895,-5.157894736842105,440.43869736842106,0.25514573684210523,0.39473684210526316,1.3491684210526316,0.33658947368421055,0.6701539829785025,0.1530355101495228,2.5789473684210527,261.42031052631575,0.0,0.0,0.32501095050372314,0.0,-0.2005649717514124,0.0,1.9466570535691505,-0.5263157894736842,-0.47298088199774907,-0.32583093222363385,0.21241597410596275,-0.24403084613595968,-0.2925382009784202,0.02755782336925855
Unknown,top,UL,2,20,0.3,5,0.2,12,50.4,57.5,58.9,54.4,59.3,Diablo Chairs|soon to be named,-147.55,-253.95,-2.65,397.216835,0.21278115,0.15,0.97285,0.17078,0.6086581562796397,0.1919678062212387,2.85,607.528005,0.0,0.2,0.24636174636174632,1.4675642594859246,-0.17368421052631583,3.0694444444444446,2.6832815729997477,-0.5,-0.28646726825398033,-0.24271859328849152,0.13056725245324455,0.20548226834515873,-0.029946789298635465,0.22720463798346843
Mayhem,top,DDH,3,57,0.386,12,0.25,21,54.8,53.1,56.1,47.1,61.4,5 Ronin|5 Ronin Academy|Arctic Gaming México|Beşiktaş Academy|Beşiktaş Esports|XTEN Esports,29.63157894736842,51.05263157894737,-1.6842105263157894,420.6745947368421,0.23605031578947366,0.2807017543859649,0.9171263157894738,0.15213508771929823,0.5215331894250748,0.21893770624149478,1.9473684210526316,629.5558526315789,0.0,0.25,0.34638796917577425,-0.6605769099381005,-0.49250782801094445,1.878373015873016,2.781517949836592,-0.40350877192982454,-0.5452159805421011,-0.01224321365034908,-0.09871588918992326,0.05574534305781849,-0.4265237621076331,0.3445997885142313
Yohan,jng,CK,2,47,0.489,5,0.2,11,53.7,54.2,54.9,58.8,52.3,Hanwha Life Esports|Spear Gaming,71.44680851063829,214.6595744680851,5.680851063829787,252.3890659574468,0.1411371510638298,0.0425531914893617,1.4709936170212767,0.3326404255319149,0.6992649153767314,0.209440875945202,8.53191489361702,622.5071531914894,0.0,0.2,0.3348916116870877,-0.1755144226251996,0.11771058315334765,2.981481481481482,1.6045149064768403,-0.6170212765957447,-0.3044664326833607,-0.06740037847815114,-0.043861867273633386,-0.004762311732046217,0.20227126244257046,-0.1439418495651079
Kreox,jng,LCL,15,32,0.469,11,0.091,11,55.1,52.8,52.5,56.7,51.2,Elements Pro Gaming|One Breath Gaming,-235.0625,-175.28125,-2.875,327.57206875,0.175435559375,0.21875,1.405353125,0.32795,0.7300423840865017,0.22669645157354612,11.0625,654.536159375,0.0,0.09090909090909091,0.19901532487344845,0.0,0.2283222165212929,0.0,1.9445436482630056,-0.53125,-0.5027279938937479,0.0028706743148213323,-0.11654230260918047,-0.1298254671173006,0.09060624963326547,-0.2033879230205306
DuDu,top,LCK,1,35,0.229,8,0.0,9,56.1,51.8,51.5,50.2,51.0,Hanwha Life Esports,-76.17142857142858,64.77142857142857,1.6857142857142857,393.0723628571429,0.23122734285714286,0.4,0.9317257142857143,0.17080285714285715,0.5717082917082917,0.23543388810077828,1.1714285714285715,640.8091314285714,0.0,0.0,0.3103238538062284,0.0,-0.1086979768168014,0.0,1.52127765851133,-0.5428571428571428,-0.38606218315766505,0.05578389704327862,-0.1695757161752242,-0.18753025221025008,-0.25319838528480615,-0.2133259930311699
TreeKangar00,sup,RCL,3,22,0.227,9,0.0,12,52.9,55.0,53.2,52.0,57.3,University of Texas at Dallas,-222.77272727272728,-74.18181818181819,0.0,162.10358181818182,0.0761341,0.09090909090909091,2.3225136363636363,0.3124090909090909,0.6154388110081553,0.1821286511627118,0.045454545454545456,536.3372454545455,0.0,0.0,0.4889686337054759,0.0,0.0035810205908684205,0.0,2.5584085962673253,-0.5909090909090909,-0.3505197620848585,-0.1129478990061917,-0.002156778745254532,-0.09350571780333132,-0.15852870016694948,0.1216139131178332
Tore,sup,LEC,1,36,0.417,5,0.0,10,50.6,57.2,47.9,53.3,55.0,Excel Esports,-36.25,-208.08333333333334,-4.083333333333333,147.27263611111113,0.08639509166666666,0.0,2.7377083333333334,0.4117222222222222,0.6675408648307808,0.2236197428136675,0.0,465.03886111111115,0.0,0.0,0.16466312552418227,0.0,0.11459832997408587,0.0,1.6666666666666667,-0.4722222222222222,-0.37660101766287535,-0.23573829349398934,0.11558864484355881,-0.38426615637665484,-0.09139473509816098,0.0015476737546695485
1Ground,sup,VCS,15,33,0.333,11,0.182,11,54.1,53.7,63.1,53.8,57.4,FTV Esports|V Gaming,-212.72727272727272,-52.15151515151515,-4.696969696969697,195.61526060606062,0.09651196060606061,0.030303030303030304,2.2923272727272725,0.34282121212121214,0.6737339503487829,0.20866281114982968,0.0,542.2335848484848,0.0,0.18181818181818182,0.5475393578777737,0.8102407907591518,-0.05377232860357253,2.754861111111111,1.9148542155126762,-0.5757575757575758,-0.23000143185423064,-0.04566756484982833,-0.06783795762168475,0.439159740233379,-0.06184693903245554,0.12730221605921152
Ventair,top,PRM,3,20,0.2,10,0.1,10,50.3,57.5,56.1,48.8,53.9,SK Gaming|SK Gaming Prime,-400.95,-130.2,-10.1,405.759315,0.21621163000000002,0.25,0.99343,0.121865,0.5985683137313572,0.19574015456830934,1.9,785.1251100000001,0.0,0.1,0.592451027233636,0.0,-0.5810983397190295,0.0,2.23606797749979,-0.55,-0.44088321991820256,-0.2494270509928528,0.13332545887640085,0.05778842559159919,-0.33221276823402013,-0.05543674571352419
Praelus,jng,OPL,15,41,0.171,21,0.0,18,52.5,55.3,51.2,45.9,60.9,Gravitas,-290.2682926829268,-53.0,-4.7560975609756095,277.5584024390244,0.17425144390243905,0.14634146341463414,1.3212780487804878,0.29169268292682926,0.8004830535318339,0.18671981681639777,7.2439024390243905,588.6574243902438,0.0,0.0,0.3046809085079815,0.0,-0.318223696333149,0.0,2.8111277139949093,-0.4634146341463415,-0.47512348957023315,-0.1324794983576777,0.017378703039720722,-0.20293357821615077,-0.5016255192511111,0.3181104476263666
Pbd,sup,TCL,15,91,0.813,15,0.333,19,60.9,46.9,62.9,52.6,54.9,İstanbul Wildcats|İstanbul Wildcats Academy,151.1573033707865,179.59550561797752,4.606741573033708,167.43237032967033,0.07858576373626373,0.02197802197802198,1.9346307692307692,0.22542417582417582,0.6846988925030818,0.21337548718545138,0.0989010989010989,470.2653846153846,0.0,0.3333333333333333,0.40063408943154594,-0.24620024105231575,-0.09932775157556734,2.9352941176470586,1.9917411897716448,-0.6153846153846154,-0.3400372989392802,0.314308437148085,-0.44069341292631886,0.43151202265191113,-0.12800174526453617,-0.007863983378510103
MnM,bot,PCS,15,47,0.383,16,0.125,11,49.8,58.0,56.7,56.1,52.2,Hong Kong Attitude,-393.63829787234044,-242.59574468085106,-4.446808510638298,500.40715106382976,0.3017914680851064,0.5957446808510638,1.292231914893617,0.32263829787234044,0.694474520440366,0.1373592656588276,1.6808510638297873,301.47099787234043,0.0,0.125,0.4788707386363636,0.0,0.2118644067796611,0.0,1.6045149064768403,-0.574468085106383,-0.46116346029171595,-0.277140847089984,0.1604133301473598,0.08747571581879143,0.05582130465779153,-0.14564918648550632
Orre,bot,DL,3,33,0.485,11,0.091,14,57.0,50.8,50.7,50.7,53.9,LowLandLions,103.39393939393939,14.424242424242424,0.9090909090909091,565.3409727272727,0.27761160606060603,0.6363636363636364,0.8344181818181817,0.2072909090909091,0.6887428333833087,0.20499539659521834,1.8484848484848484,278.40057272727273,0.0,0.09090909090909091,0.18598835978696857,-0.2788646725762638,-0.5529328273783434,4.005291005291006,2.4370871833797696,-0.48484848484848486,-0.7641658510477071,0.10482886629806376,-0.22435310140446013,-0.22600060951141698,-0.22717230095445906,-0.055633815112784785
Riyev,sup,BRCC,2,33,0.424,11,0.455,9,49.6,58.1,68.7,48.9,52.5,Falkol,-76.0,-44.36363636363637,4.121212121212121,114.57418484848485,0.06505176666666666,0.0,2.643421212121212,0.3611272727272727,0.6264920486212353,0.1847485106298846,0.12121212121212122,610.5702787878788,0.0,0.45454545454545453,0.7583178517142375,0.0,-0.31630394229573433,0.0,1.5666989036012806,-0.6666666666666666,-0.23608742198549748,-0.2862307854157745,0.16566963752010455,0.7985088527326683,-0.3262207074254916,-0.1306748895820333
Biubiu,top,LPL,1,80,0.562,18,0.111,16,51.7,56.0,50.0,56.5,53.1,Suning|Suning-S|Victory Five,-14.354430379746836,-42.74683544303797,-2.0759493670886076,375.49504375000004,0.2075818875,0.3375,0.9887338461538462,0.18169625,0.5714794605029845,0.20709288520875094,2.375,685.73383125,0.0,0.1111111111111111,0.2044782689583544,-0.32602620059693554,0.16333714747257166,2.637323943661972,1.7888543819998317,-0.6125,-0.2727040798283996,-0.17538740514146386,0.051430945915956656,-0.26813893776783304,0.07866614392014208,-0.10184654334568186
Ke,sup,LDL,2,34,0.5,11,0.182,10,52.6,55.1,56.9,57.5,58.3,Young Miracles|eStar Young,-73.03125,-0.375,-3.09375,150.83911470588234,0.07772914411764706,0.058823529411764705,2.446806666666667,0.2853058823529412,0.6290636072626543,0.2107201950415443,0.23529411764705882,620.3352529411765,0.0,0.18181818181818182,0.3868056656624914,0.0,0.5334951190084458,0.0,1.7149858514250882,-0.6176470588235294,-0.014705765188306387,-0.12780652414572954,0.00768776515473194,0.0979168784985516,0.13207291747487607,0.17394956735065237
Odstranovac,top,HM,3,25,0.6,7,0.286,12,53.7,54.0,66.9,50.0,58.7,Cyber Gaming,-351.44,-177.4,-5.72,504.54004399999997,0.25688552000000003,0.24,0.901956,0.1532,0.5703876848736184,0.2719329492208053,3.16,719.566332,0.0,0.2857142857142857,1.419241183570939,0.0015463092974069951,-0.3759814843310308,1.1497844827586208,2.4,-0.44,-0.3085675811857483,-0.06879423129926036,-0.05190777691509572,0.6764394400979741,-0.26462242123597113,0.19724361443489258
Damage,sup,CBLOL,15,44,0.409,11,0.091,11,51.9,55.8,54.0,51.3,53.5,FURIA,-30.954545454545453,-51.77272727272727,-0.20454545454545456,157.07245,0.08425479772727272,0.0,2.3129886363636363,0.3815204545454545,0.7132448075254499,0.23612056660803846,0.045454545454545456,594.7398590909091,0.0,0.09090909090909091,0.3286757282689804,0.0,0.008076261088309262,0.0,1.6583123951777,-0.5681818181818182,-0.31284561008459405,-0.16142185044932572,0.04171501737273129,-0.05430147119815584,-0.19706672440610898,-0.08111552676558703
BeBopBulli,sup,NLC,2,21,0.476,9,0.222,9,50.3,57.4,60.7,54.1,59.6,Nordavind|Vipers Inc,-231.14285714285714,-35.23809523809524,-2.857142857142857,150.99109047619046,0.0746125,0.0,2.5142333333333333,0.3253190476190476,0.7686950032538268,0.24408767851122304,0.0,406.2891666666667,0.0,0.2222222222222222,0.6806856560249792,0.0,0.17329257204601453,0.0,1.9639610121239315,-0.47619047619047616,-0.1509279687449366,-0.24812930819596488,0.12816919119263073,0.30318702552580834,-0.04773678391154021,0.24630314250370938
Chelizi,top,LPL,1,44,0.295,14,0.0,10,51.3,56.4,49.7,46.1,47.0,Dominus Esports|ThunderTalk Gaming|Vici Gaming Potential,-61.333333333333336,-147.15384615384616,-2.41025641025641,382.974575,0.22445119545454545,0.25,0.9184864864864866,0.14666136363636365,0.6080382591437427,0.19612136975667793,1.5227272727272727,849.1169545454545,0.0,0.0,0.24596795239835068,0.0,-0.37311099531005737,0.0,1.507556722888818,-0.6136363636363636,-0.4703448402725106,-0.19612233569365406,0.07333342988335964,-0.2823143299646349,-0.4900357954833349,-0.43734902845719625
Envyy,bot,CK,2,22,0.318,5,0.0,10,52.4,55.3,50.3,49.3,54.2,Element Mystic|Gen.G,-347.45454545454544,1.7272727272727273,-6.090909090909091,515.2388363636363,0.2908120454545455,0.5454545454545454,0.8983727272727272,0.26576363636363637,0.6975571555727333,0.15482890414243589,2.590909090909091,318.59343636363633,0.0,0.0,0.18431484930983427,0.0,-0.3670932899311976,0.0,2.1320071635561044,-0.6363636363636364,-0.500919435674938,-0.13705220687800884,0.013869734594494471,-0.24837144514045503,-0.3034871661003974,-0.042117952434415594
Geum go,jng,LAS,3,25,0.44,5,0.2,8,51.3,56.4,53.7,53.8,56.7,Liiv SANDBOX Academy,-170.2,-313.04,-7.2,327.58412799999996,0.14133502,0.28,1.435776,0.364332,0.6257554282884353,0.1877940253218673,13.2,819.7959960000001,0.0,0.2,0.24262899262899262,-0.559155141310884,-0.06373241806312673,2.95931934740484,1.6,-0.56,0.0,-0.19742996781147634,0.07573056244188166,-0.067869355056037,-0.06075970913818559,0.0911194448038051
Ruby,mid,LPL,1,49,0.347,19,0.053,16,50.1,57.5,51.4,55.1,54.5,Rogue Warriors,-328.6666666666667,-101.58333333333333,-2.8541666666666665,497.3481645833333,0.2726172083333333,0.2857142857142857,1.1848812499999999,0.29128333333333334,0.6858374767007783,0.19764904801118371,1.4791666666666667,291.9588448979592,0.0,0.05263157894736842,0.3124776965111913,0.0,0.16868995811903997,0.0,2.2857142857142856,-0.5510204081632653,-0.2987942099501589,-0.258226273107603,0.13339066500767383,-0.1924668130331476,0.004558287026531077,-0.026042289509453215
Wamu,top,LHE,2,33,0.333,9,0.111,11,49.4,58.2,54.2,58.0,52.5,Humanoids5|LDM Esports,-135.54545454545453,-63.303030303030305,-9.151515151515152,375.8009090909091,0.22841575757575758,0.18181818181818182,1.0499272727272726,0.14799696969696968,0.5981194735099885,0.18872769413622825,0.9393939393939394,753.4846212121212,0.0,0.1111111111111111,0.44170569386245984,0.0,0.42251101183968004,0.0,1.9148542155126762,-0.5454545454545454,-0.42562708170501984,-0.29688497357423727,0.16880674432993742,-0.04388821084234311,0.1565265229003436,-0.13182360216114963
Dragoon,top,UPL,2,54,0.667,13,0.385,13,61.7,45.9,63.1,51.6,49.3,Issue is Critical|Mirage Sport Électronique|Wildcard Gaming,-8.222222222222221,213.87037037037038,-2.425925925925926,540.3194203703704,0.22875996296296297,0.7037037037037037,0.7294092592592593,0.07579444444444444,0.4841361821156629,0.18441142341073355,1.462962962962963,785.9660222222223,0.0,0.38461538461538464,0.5160275788298764,0.0,-0.012264394526207175,0.0,1.7690759253434063,-0.5370370370370371,-0.49528006841434813,0.36043466703399235,-0.4988442913823738,0.44249943362967303,-0.1791602508692112,-0.3026882590568318
Mine,bot,LDL,2,61,0.426,14,0.071,14,50.5,57.1,50.7,48.6,55.7,WanZhen Esports Club,-269.0357142857143,-47.375,-8.571428571428571,526.1109655737705,0.27940990163934426,0.639344262295082,1.1526564102564103,0.3455213114754098,0.6876242137321393,0.18671863965750463,2.4918032786885247,311.7229721311475,0.0,0.07142857142857142,0.26514462771582836,0.0,-0.17505444351036084,0.0,1.7925163190605438,-0.5245901639344263,-0.41494238392524,-0.24073124625764344,0.10957764064949099,-0.2306071023804348,-0.34255593977579557,0.03819810183110611
Coten,top,LDL,2,39,0.513,12,0.167,12,52.2,55.4,54.4,48.7,57.9,Team WE|Team WE Academy,-221.76923076923077,-60.256410256410255,1.8205128205128205,399.42575384615384,0.22319279487179486,0.46153846153846156,0.8724135135135135,0.1795948717948718,0.5896033361570792,0.22551791836753599,1.3846153846153846,797.5499564102564,0.0,0.16666666666666666,0.359013698630137,0.0,-0.2617316090023515,0.0,1.9215378456610455,-0.5641025641025641,-0.08782715537198986,-0.1495529007289022,0.018766139762236657,-0.029275930498609555,-0.3385616806440748,0.1548376213906714
Zvene,top,NLC,2,25,0.48,8,0.125,15,53.4,54.1,53.6,65.4,63.1,Nordavind White|SINNERS Esports|Split Raiders,78.84,37.52,-0.44,422.69805999999994,0.20587912,0.24,0.9841679999999999,0.116676,0.5220150101913462,0.19756439086655805,2.0,846.03116,0.0,0.125,0.34105590062111807,0.0,0.5324840950355094,6.761194029850746,3.0,-0.44,-0.24834313274231576,-0.08281598102623552,-0.04639377456454833,-0.07582100464563793,0.5810539201872289,0.44224478123692645
Teeen,sup,LDL,2,73,0.658,10,0.1,16,58.0,49.5,53.3,47.1,55.4,Joy Dream|ThunderTalk Gaming,161.6969696969697,44.13636363636363,3.3484848484848486,158.53167534246575,0.08296563150684931,0.0136986301369863,2.427436956521739,0.28449041095890415,0.6635989730886745,0.27860443571504373,0.0821917808219178,433.2581616438356,0.0,0.1,0.3388365169933019,0.0,-0.25149739240765207,0.0,1.872658355138089,-0.6164383561643836,-0.29181355262461317,0.15965665789588523,-0.2939189268366868,-0.08847161139178948,-0.4261604693789055,0.018593947470225816
Orion,bot,PRM,3,36,0.167,14,0.071,10,51.4,56.0,57.9,47.3,46.9,SK Gaming Prime,-75.66666666666667,-10.25,10.166666666666666,482.5023583333334,0.2437441388888889,0.19444444444444445,1.2015888888888888,0.3026888888888889,0.5670963117219157,0.14790212971664637,3.611111111111111,296.76538055555557,0.0,0.07142857142857142,0.7420078859569305,0.0,-0.3776321946654187,0.0,1.6666666666666667,-0.5833333333333334,-0.7011863646208064,-0.19089465903904781,0.051776978386398775,0.1545295379190076,-0.41657359517154585,-0.4405813439099276
Jenkins,top,LCSA,2,39,0.282,14,0.071,15,50.9,56.5,52.3,50.0,58.1,Team Liquid Academy,-188.21052631578948,-320.3421052631579,-6.894736842105263,462.75127179487174,0.2558636153846154,0.20512820512820512,0.9994641025641027,0.16165897435897433,0.5727212282675049,0.20327797911079903,2.4615384615384617,607.8312307692308,0.0,0.07142857142857142,0.3863319906509523,0.0,-0.16291866948663716,0.0,2.401922307076307,-0.46153846153846156,-0.4061858293967821,-0.214941955552061,0.08136981355936287,-0.14053411244468791,-0.2648632144360517,0.16523271107931267
WaenA,mid,TCL,15,23,0.565,4,0.0,9,54.2,53.2,51.8,50.8,48.8,Dark Passage|Team AURORA|Team AURORA Academy,133.1304347826087,88.26086956521739,2.1739130434782608,467.2421739130435,0.24787826086956521,0.13043478260869565,0.968595652173913,0.1740913043478261,0.6248344749351734,0.15195254100027258,1.9130434782608696,316.31298695652174,0.0,0.0,0.31457669549385525,0.0,-0.20567729083665345,0.0,1.876629726513673,-0.6086956521739131,-0.514014281752332,-0.042169368459388935,-0.09373958667276144,-0.1684035745157365,-0.22439997581089277,-0.3326808027259819
Kuroko1,jng,VCS,15,27,0.259,11,0.182,14,55.6,51.8,61.1,55.0,61.5,FTV Esports,-267.48148148148147,-250.59259259259258,-1.4444444444444444,348.39657037037034,0.18243896296296297,0.2222222222222222,1.6144703703703702,0.33988888888888885,0.654504639105029,0.21745472679647063,8.74074074074074,568.8025,0.0,0.18181818181818182,0.6861981972845173,0.0,0.13331429773676765,0.0,2.6943012562182536,-0.4444444444444444,-0.35973120637018047,0.030292592868065946,-0.17030284403634513,0.3293188943265665,-0.0010439409267840871,0.34661307071345937
defles,bot,EUM,2,28,0.536,9,0.111,10,49.8,57.6,52.3,59.7,58.8,7more7 Pompa Team|7more7 Pompa Team Academy|piratesports,-385.0,-145.03571428571428,-6.25,495.9662357142857,0.2560269642857143,0.75,1.2530142857142859,0.26661785714285713,0.6702801726751307,0.11890022675736962,1.7857142857142858,240.4993142857143,0.0,0.1111111111111111,0.37718126004686925,-0.49054863992623327,0.11643192488262928,5.275735294117648,1.889822365046136,-0.5357142857142857,-0.25124701396734817,-0.2791974620760216,0.13931098858652202,-0.1417313189638475,0.2518665843812055,0.2017346784629418
Hadow,sup,GLL,3,37,0.676,5,0.2,10,53.2,54.1,51.4,63.6,52.6,Barrage|Intrepid Fox Gaming,-28.35135135135135,16.35135135135135,-4.486486486486487,169.19014594594594,0.08351840810810811,0.02702702702702703,2.383727027027027,0.2717648648648649,0.6093478809169531,0.17146745964629978,0.10810810810810811,344.1769540540541,0.0,0.2,0.22086666381486075,-0.8430151066812023,0.5274812740736526,5.0,1.643989873053573,-0.5135135135135135,-0.3821162127002388,-0.09368129238346394,-0.04892452665163485,-0.1921803959952548,0.46784886034207024,-0.1251098882090861
BroCColi,jng,CK,2,34,0.382,8,0.0,12,46.6,60.7,48.7,59.6,56.1,OZ Gaming,-120.58823529411765,-191.64705882352942,-3.7058823529411766,181.6505588235294,0.10196206764705883,0.08823529411764706,1.7867970588235293,0.5098117647058824,0.6652040962342116,0.1397790727352738,6.705882352941177,609.2935264705882,0.0,0.0,0.163727959697733,0.0,0.5988055050636196,0.0,2.057983021710106,-0.4411764705882353,-0.547513715921476,-0.4548799658287941,0.3053356500969629,-0.3384682259751031,0.2451895655839908,0.05592491681476062
Lapis,top,CK,2,34,0.382,10,0.1,12,51.1,56.2,53.7,50.8,53.8,ESC Shane,-243.84848484848484,-137.27272727272728,-4.818181818181818,424.99237058823525,0.24185732352941175,0.2647058823529412,0.9745617647058824,0.19124117647058825,0.5994304522851236,0.24209693854947353,1.9411764705882353,613.7578911764706,0.0,0.1,0.4301755605770902,0.0,-0.1308798440165734,0.0,2.057983021710106,-0.5588235294117647,-0.38955880219209954,-0.20594207779381793,0.06124310136874174,-0.06608141590175148,-0.2233700070795368,-0.06523349334065194
Brizz,sup,PGN,3,37,0.541,11,0.091,13,50.3,57.0,48.2,55.4,56.2,Campus Party Sparks|aNc Outplayed,35.54054054054054,-200.21621621621622,-0.9459459459459459,149.8588081081081,0.081373,0.0,2.2613675675675675,0.32797027027027026,0.6833790390029453,0.18438850159976825,0.10810810810810811,427.9074972972973,0.0,0.09090909090909091,0.1619457214889515,-0.7130879124833567,-0.07032000570948596,4.6206618240516555,2.137186834969645,-0.5675675675675675,-0.3122641199426668,-0.2522866986586903,0.10357954512980874,-0.3642562094352575,0.019767138765230355,0.0642005173517158
Style,jng,LMF,2,41,0.561,5,0.0,11,52.0,55.3,45.3,50.5,53.8,Isurus Academy|Undead Gaming,111.48780487804878,66.65853658536585,-1.6829268292682926,243.42563170731708,0.14315374146341464,0.04878048780487805,1.661568292682927,0.3875170731707317,0.7095929113565151,0.2854130266066382,14.951219512195122,714.6167682926829,0.0,0.0,0.23211220431232993,-0.7715684274933714,-0.3312160544969161,1.8269230769230769,1.7179113807746667,-0.5365853658536586,-0.3908463985117088,-0.15838635964892503,0.016316001403419125,-0.5371358099149502,-0.23906495650192477,-0.061172109950241506
Decoy,sup,OPL,15,43,0.558,4,0.0,12,53.3,54.0,46.5,54.0,52.4,Dire Wolves,123.95348837209302,-11.813953488372093,-3.9302325581395348,152.07764186046512,0.08284043953488372,0.0,2.561062790697674,0.35485581395348836,0.6764748542855575,0.24118253360565073,0.023255813953488372,481.38569302325584,0.0,0.0,0.264894960394903,-0.6926598619033323,0.0936450839328536,1.2678571428571428,1.829982843991256,-0.5348837209302325,-0.46274703987956706,-0.09021109233707823,-0.05413151935584811,-0.464798692485391,-0.0552448734315281,-0.13481723140343377
BOSS,top,LCL,15,54,0.796,8,0.25,14,58.8,48.5,56.6,49.0,56.1,Unicorns of Love.CIS,398.6666666666667,151.57407407407408,0.5185185185185185,422.4975944444445,0.1859628111111111,0.48148148148148145,0.8594481481481482,0.12587962962962965,0.4968552886787857,0.2052707877647491,2.2777777777777777,662.1638555555555,0.0,0.25,0.38634763218121,-0.5592149035262808,-0.3914735538652043,3.4444444444444446,1.9051586888313607,-0.5185185185185185,-0.23780404411079,0.20097261253140336,-0.34945665333265763,0.0863493502651124,-0.3203371957897119,0.0566847229969749
Dziarmaga,mid,UPL,2,23,0.391,10,0.2,8,55.8,51.5,56.2,49.3,48.3,Charlotte Phoenix,-156.2173913043478,3.0,-7.782608695652174,626.9033304347826,0.25974365217391304,0.5217391304347826,0.7221565217391305,0.12764782608695652,0.6361095049379138,0.1609592473957975,1.6521739130434783,397.7291913043478,0.0,0.2,0.4416881918819189,0.0,-0.44856454933098067,0.0,1.6681153124565982,-0.6956521739130435,-0.353875232077114,0.04141717044918091,-0.18717793439534933,0.0625504557541722,-0.30735896564120996,-0.3631776417796288
SikHye,bot,LAS,3,20,0.45,7,0.286,5,53.9,53.4,61.7,52.5,49.2,Awesome Spear Academy,154.5,31.3,0.75,517.5768,0.21851885,0.6,1.0258749999999999,0.240115,0.6092889205487475,0.15034085653496537,1.0,271.954315,0.0,0.2857142857142857,0.7965586410079609,0.0,-0.42262048922257195,3.699122216974775,1.118033988749895,-0.9,0.0,-0.05820218792501952,-0.08267180243243445,0.3618036896077486,-0.12943670954294448,-0.30926946287004264
Humanoid,mid,LEC,1,69,0.507,17,0.118,20,60.2,47.0,57.0,54.4,63.7,MAD Lions KOI,44.14705882352941,60.220588235294116,3.4705882352941178,536.2060376811594,0.2778582623188406,0.4057971014492754,0.9787927536231884,0.18677101449275363,0.6440508573767872,0.23643134033304702,3.3043478260869565,401.9397333333333,0.0,0.11764705882352941,0.58301782653743,-0.37244580974734215,0.03709035171023477,1.78913610468894,2.407717061715384,-0.34782608695652173,-0.25972955961014693,0.2774731946815025,-0.43232656219628357,0.105292374691606,-0.03360050435763137,0.4726620758778759
Sacrifice,jng,HC,3,23,0.696,5,0.4,7,54.6,52.6,63.6,65.8,50.2,Vikingekrig Academy,80.26086956521739,244.7826086956522,4.0,271.7104869565217,0.14090882173913044,0.21739130434782608,1.415491304347826,0.3261565217391304,0.6601500493779868,0.26844165636226125,8.304347826086957,748.4239956521739,0.0,0.4,0.7936080092414323,-0.3628298191035833,1.1400140277047168,4.416491963661775,1.4596008983995234,-0.6521739130434783,-0.37783783731032355,-0.020211143655703177,-0.12666130867433167,0.47239929717422263,0.6049796609930287,-0.25690385792246373
Penguin,jng,VCS,15,48,0.25,18,0.0,12,52.8,54.4,50.9,49.7,51.4,OverPower Esports|Saigon Buffalo,-360.0833333333333,-520.8125,-7.604166666666667,349.1335395833333,0.18173638541666667,0.2916666666666667,1.5694333333333335,0.342625,0.6932541041552179,0.1930149951845125,11.270833333333334,601.5965041666667,0.0,0.0,0.36885710078941697,-0.16153421399141998,-0.10304245718658465,0.0,1.7320508075688774,-0.5625,-0.3504774571728943,-0.11574993445087742,-0.03032555973696549,-0.21503754859032384,-0.28495157525175313,-0.19162435748833398
Mafra,sup,HM,3,23,0.522,7,0.0,10,50.9,56.2,48.5,54.4,52.2,Gamespace Mediterranean College Esports|Inside Games,-102.6086956521739,-130.95652173913044,-0.5652173913043478,150.95804347826086,0.08133337826086957,0.0,2.190960869565217,0.3541521739130435,0.6069986204997646,0.203118460686101,0.6956521739130435,494.18214347826085,0.0,0.0,0.2621677388032528,-0.9411539931218953,-0.3724766388472786,7.0,2.0851441405707476,-0.5217391304347826,-0.6495702269434153,-0.2175593797215316,0.06399490628793679,-0.3514113910043073,-0.03396876790159162,-0.1453924846192053
Prodigy,bot,LMF,2,55,0.564,12,0.167,13,50.9,56.2,55.4,50.8,57.5,9z Team|LDM Esports,31.381818181818183,-174.6,1.8,474.7482654545455,0.2593940418181818,0.6727272727272727,1.2072418181818183,0.29455272727272724,0.7006006044969505,0.18533913352462514,2.018181818181818,275.3396418181818,0.0,0.16666666666666666,0.4260147011824864,-0.21544758949114454,-0.3859947906231217,3.8638232271325794,1.7529196424044293,-0.45454545454545453,-0.4049674791942109,-0.21606313960923879,0.0637524518878677,0.020858522617318933,-0.22301944829725054,0.13120434853172444
Shad0w,jng,LEC,1,69,0.507,17,0.118,17,57.5,49.6,56.8,54.6,58.5,MAD Lions KOI,-118.17647058823529,-191.51470588235293,-1.3088235294117647,322.5590347826087,0.16677397391304347,0.34782608695652173,1.3246652173913043,0.3357391304347826,0.6941749215538869,0.19876217160209975,12.08695652173913,647.8704521739131,0.0,0.11764705882352941,0.3242956778895853,0.22964683141603026,-0.09350451082418772,3.810278796885951,2.0465595024580763,-0.4782608695652174,-0.3507595343519281,0.1340692768347773,-0.2886449891408084,0.09315626573043953,-0.018978549158305644,0.18756148174364143
Comp,bot,LEC,1,37,0.27,8,0.0,10,57.3,49.8,56.3,65.2,52.1,Team Vitality|Vitality.Bee,-26.0,165.40540540540542,4.162162162162162,521.5906594594595,0.3158900810810811,0.4594594594594595,1.234510810810811,0.30305945945945945,0.6532974479568907,0.18755714208750263,2.5675675675675675,342.11739729729726,0.0,0.0,0.707445202584385,0.0,0.9788586635127142,0.0,1.643989873053573,-0.5675675675675675,-0.5477219992811068,0.1211089648774299,-0.27659032828156277,0.0659239281602318,0.564125909416284,-0.15382884619428577
xDrop,bot,HM,3,37,0.541,10,0.0,10,52.3,54.8,47.2,58.7,50.4,Inside Games|Team THRLL|Team THRLL Academy,-255.51351351351352,2.189189189189189,-3.5675675675675675,523.9731513513514,0.27400081081081085,0.4864864864864865,1.139654054054054,0.25451621621621623,0.6590943215943217,0.19567601366362974,2.972972972972973,302.3477918918919,0.0,0.0,0.3117464450230322,-0.8050365556458164,0.030280912175491163,5.545238095238096,1.643989873053573,-0.5945945945945946,-0.4272944920526614,-0.13997880308742064,-0.01291564473435404,-0.4225843663486492,0.19600217154362512,-0.24533296089484435
Czajek,mid,UL,2,60,0.583,19,0.158,22,57.1,50.0,49.7,55.3,61.7,7more7 Pompa Team|devils.one inStreamly,65.46666666666667,97.65,0.95,505.470155,0.27484681666666666,0.5333333333333333,0.9210766666666667,0.16075166666666665,0.647169776503839,0.21502696734299237,2.5,343.8630566666667,0.0,0.15789473684210525,0.3173943979152819,-0.6930710761068273,-0.15213129586810106,4.60931899641577,2.840187787218772,-0.4166666666666667,-0.3730921625941964,0.11120438261315116,-0.26770288068039194,-0.28060659789859516,0.01593957892162734,0.35809621835025246
Mir,jng,OPL,15,69,0.522,11,0.091,15,55.0,52.1,51.8,58.8,48.3,Dire Wolves|Hanwha Life Esports,148.7246376811594,-111.10144927536231,-3.6231884057971016,267.1635855072464,0.1424505507246377,0.2318840579710145,1.4482608695652175,0.38380434782608697,0.7292850254041788,0.25332246152760063,12.217391304347826,675.6163376811594,0.0,0.09090909090909091,0.14577107886136834,0.20092317763544543,-0.03609638677626684,5.075981908831909,1.805787796286538,-0.5797101449275363,-0.44100585466694847,0.0009067502029937394,-0.15174394665817223,-0.16664288408856304,0.20322022347582727,-0.3618905133851852
Fastlegged,sup,TAL,3,42,0.452,10,0.0,13,54.5,52.6,50.9,46.8,53.3,Papara SuperMassive|SuperMassive Academy,101.26190476190476,1.0238095238095237,1.9285714285714286,151.28409047619047,0.08340471904761905,0.023809523809523808,2.026054761904762,0.23306190476190478,0.6844367441986771,0.20133489870006396,0.0,482.59108809523815,0.0,0.0,0.3821668574991158,0.0,-0.27442337547127965,0.0,2.0059435495071947,-0.4523809523809524,-0.5713518010727764,-0.027626286626689145,-0.12896749492813628,-0.21706785351806693,-0.44416707006365863,-0.08737607769453073
Onyoz,top,BM,3,47,0.617,11,0.182,14,55.2,51.9,57.1,56.0,49.6,Five Kings|Zero Six PowerSpike,100.53191489361703,-77.97872340425532,-4.191489361702128,430.2232063829788,0.20861472340425533,0.5957446808510638,0.7979276595744681,0.11651063829787234,0.5441162242579155,0.2233410226484736,1.851063829787234,855.4110829787234,0.0,0.18181818181818182,0.4301856578953032,-0.1084296397008838,0.11082497515135101,4.194182389937107,2.042109880970524,-0.6170212765957447,-0.43388218641103904,0.010517521927325947,-0.16137552199117486,0.11190939555320564,0.05204341995675793,-0.2874065207720543
Rein,jng,LCL,15,26,0.269,10,0.0,12,49.6,57.5,52.4,50.3,53.9,CrowCrowd|Vega Squadron,-145.03846153846155,-295.11538461538464,-2.0,219.2961923076923,0.13220006923076924,0.0,1.4793923076923077,0.3728153846153846,0.7720366942998522,0.1752106268180877,5.538461538461538,688.695323076923,0.0,0.0,0.33006113537117904,0.0,-0.16183124833643864,0.0,2.3533936216582085,-0.5769230769230769,-0.4877162238990876,-0.29089841910481773,0.13340522380487535,-0.13898849465823038,-0.2522084190365582,-0.05893951031195638
Chungy,mid,OPL,15,22,0.318,12,0.0,12,53.1,54.0,49.9,73.8,49.5,MAMMOTH|RMIT Redbacks,-245.0909090909091,-51.18181818181818,-3.590909090909091,476.34854545454544,0.2796913181818182,0.45454545454545453,1.1501818181818182,0.1807090909090909,0.6003663855767711,0.18019023167313344,3.0,334.7920545454545,0.0,0.0,0.13422491214369386,0.0,3.6800382043935063,0.0,2.5584085962673253,-0.5,-0.8961490431738014,-0.10082115587900514,-0.05406525756046867,-0.2718249852561784,1.2312935955559752,-0.2931817765237132
Termo,mid,LMF,2,25,0.44,4,0.0,9,51.2,55.9,49.7,54.6,51.7,Isurus Academy|Santiago Wanderers eSports,47.84,42.76,1.44,396.911492,0.22938952,0.4,0.966912,0.219648,0.6719041047818137,0.18046732665807,3.08,301.53172,0.0,0.0,0.23061274063278073,0.0,0.2159480151392079,0.0,1.8,-0.56,-0.3155076821754893,-0.199506120540398,0.04957849481053093,-0.28090033933675174,-0.018985938412147435,-0.1741427485436576
Robo,top,CBLOL,15,54,0.593,12,0.167,19,53.2,53.8,53.6,63.1,63.9,Vivo Keyd|paiN Gaming,-138.09259259259258,-293.68518518518516,-7.7407407407407405,455.43121851851856,0.22623598148148147,0.4074074074074074,0.9653999999999999,0.1414111111111111,0.6225830930526493,0.31313989241678153,3.9444444444444446,1033.0697703703704,0.0,0.16666666666666666,0.31549635136995735,-0.3998195535912758,0.4335945904410638,3.809819967266776,2.5855725062711326,-0.37037037037037035,-0.38854465198043586,-0.09549129135111174,-0.06573304565906196,-0.07423622175524869,0.4412900162380822,0.486102031995096
Konektiv,top,UL,2,35,0.457,10,0.2,19,48.9,58.1,53.5,60.9,64.2,Crvena zvezda Esports|piratesports,-193.0,-119.91428571428571,-1.8571428571428572,365.6033942857143,0.1994824285714286,0.3142857142857143,0.8827885714285715,0.14480285714285715,0.5929425314885288,0.16037890545741054,2.6285714285714286,820.4642485714286,0.0,0.2,0.5167552326211908,-0.8261738261738262,0.014331572952262669,6.299,3.211586167968363,-0.4,-0.4304173226404079,-0.329613090588129,0.16468228247887978,-0.0792749204568836,0.315319280425921,0.5029732924023194
Strompest,mid,UPL,2,25,0.36,8,0.125,14,56.4,50.6,56.8,51.9,58.3,Supernova|Team Fish Taco,278.28,-47.24,2.08,547.5025559999999,0.257134,0.28,0.93842,0.137992,0.5958656481030623,0.21140645256359394,3.04,387.982108,0.0,0.125,0.603485370051635,0.0,-0.09373814041745716,0.0,2.8,-0.44,-0.39212331757160657,0.0726343274489841,-0.23268350477192898,0.09548411486392704,-0.16138508868938378,0.17435928087014857
Ucal,mid,LCK,1,73,0.356,21,0.048,22,49.4,57.6,50.5,62.9,55.7,Griffin|KT Rolster,-81.0,-57.859154929577464,1.5211267605633803,435.74404931506854,0.25903531506849314,0.2465753424657534,1.044372602739726,0.2751904109589041,0.6853859344299122,0.18068917326676165,2.5616438356164384,363.26385890410955,0.0,0.047619047619047616,0.31200997861724866,0.0,0.4819559443836904,0.0,2.5749052383148725,-0.410958904109589,-0.5091339688292477,-0.2965365717486609,0.1373382970637499,-0.24006036440270218,0.43150437121421054,0.03646854482490357
3z,top,PCS,15,26,0.423,9,0.222,13,52.7,54.3,56.9,53.9,57.8,Hong Kong Attitude,-482.65384615384613,-245.15384615384616,-6.1923076923076925,423.7731423076923,0.2622376153846154,0.34615384615384615,1.0212538461538463,0.1706076923076923,0.5782175792044213,0.26449658037181256,0.8461538461538461,778.2517153846154,0.0,0.2222222222222222,0.3194960760016522,0.0,0.19054726368159186,0.0,2.5495097567963927,-0.46153846153846156,-0.48388638584242744,-0.11938150073493704,-0.03843400523934688,0.10269778481480066,-0.05981562295307573,0.1491432355083434
Eden Fox,mid,NLC,2,22,0.591,6,0.0,6,54.7,52.3,49.0,59.4,50.2,Absolved,103.95454545454545,210.0,6.636363636363637,430.5196590909091,0.22551527272727273,0.5454545454545454,0.9860500000000001,0.17928636363636363,0.5468641108934498,0.15677219939620823,1.3181818181818181,380.65636818181815,0.0,0.0,0.12252582302956291,0.0,0.45944005743000726,3.7538461538461534,1.2792042981336627,-0.7272727272727273,0.0,-0.01754419135301654,-0.14003612017529476,-0.32406080538323484,0.23388580306608567,-0.25423531849932646
Cinkrof,jng,PRM,3,55,0.509,11,0.182,17,48.0,58.9,57.2,58.5,60.4,EURONICS Gaming,-128.9090909090909,-323.1272727272727,-7.927272727272728,297.0745181818182,0.13726858,0.21818181818181817,1.4902127272727272,0.3661654545454545,0.7331557052293782,0.23695286900432583,11.218181818181819,690.3186690909091,0.0,0.18181818181818182,0.29920535340861565,0.20082385004264883,0.16757048225346555,4.061538461538461,2.292279532375023,-0.4,-0.3594172602266466,-0.37577951287677047,0.2040651102020719,0.11600002305499468,0.18461117303083419,0.2863479059727847
Bullet,bot,UL,2,41,0.634,13,0.231,14,51.3,55.6,59.6,51.1,60.5,7more7 Pompa Team|devils.one inStreamly,-277.1219512195122,56.80487804878049,-4.317073170731708,470.01461463414637,0.25661811951219515,0.926829268292683,1.1416829268292683,0.30786341463414635,0.7035796703312192,0.18457181942509712,1.6341463414634145,277.9900243902439,0.0,0.23076923076923078,0.38961563715339154,0.38050043140638473,-0.18107056679962572,1.2173913043478262,2.186432666440485,-0.4878048780487805,-0.3780587407805517,-0.1955542733532455,0.033418911428305,0.245894223620614,-0.2059130809219633,0.29152882823406834
KASAPINA,jng,GLL,3,30,0.467,8,0.125,11,57.0,49.9,58.9,59.1,60.0,Anorthosis Famagusta Esports|Team Refuse|Zero Tenacity,-93.2,159.1,7.8,375.83932666666664,0.16474767,0.26666666666666666,1.0964466666666666,0.27944,0.5879685168241705,0.16611255032041813,6.733333333333333,595.41253,0.0,0.125,0.222292362520576,1.452085975917013,0.019378340449673213,6.700000000000001,2.008316044185609,-0.4,-0.15402363296292018,0.10496991192304428,-0.2738596494312197,0.20885384801924017,0.2151979336393081,0.2648764562951429
Hawk,sup,BRCC,2,39,0.667,8,0.25,12,54.3,52.6,58.7,52.0,58.1,Santos e-Sports,-12.35897435897436,-11.820512820512821,-6.153846153846154,186.5535794871795,0.08984097435897435,0.02564102564102564,2.233548717948718,0.29848974358974356,0.6129204682601945,0.1919112354857425,0.10256410256410256,553.0805025641025,0.0,0.25,0.3723211461408688,0.0,0.02608554277138577,0.0,1.9215378456610455,-0.6410256410256411,-0.1172064060884144,-0.0363675252716775,-0.12760535694870018,0.19823107566041281,-0.15635156411462042,0.16382604847512144
xKyra,sup,HM,3,23,0.261,9,0.0,13,55.3,51.6,50.9,64.2,55.6,Vikingekrig Esports|WiLD MultiGaming,-142.0,1.2608695652173914,0.7391304347826086,191.3808565217391,0.10321123913043477,0.0,2.1998173913043475,0.3546260869565217,0.5672964666064716,0.23098523831849538,0.08695652173913043,491.2223043478261,0.0,0.0,0.25438596491228066,0.0,1.2562632293937386,0.0,2.710687382741972,-0.5217391304347826,-0.6513689095845964,0.01370993172292676,-0.17864345160409312,-0.2188043414839991,0.503135381158875,0.032793717449669045
EGO,jng,VCS,15,48,0.667,10,0.2,10,55.7,51.1,62.2,55.3,46.2,Team Flash,-106.9375,-225.16666666666666,-4.9375,328.5442625,0.16783204791666664,0.2708333333333333,1.4428124999999998,0.36449375,0.6675918918540288,0.23480614346887987,14.666666666666666,721.4330583333334,0.0,0.2,0.5955318439479825,-0.039530651232718914,0.005082414844637469,2.312435953740301,1.4433756729740645,-0.6041666666666666,-0.4020531454079475,0.035797882250932056,-0.2063997759497563,0.3861450090250349,0.01692300167921822,-0.4797503143311887
Tazaku,bot,PRM,3,25,0.24,11,0.182,7,49.7,57.1,64.6,62.0,49.2,mYinsanity,-500.16,-417.0,-12.84,556.44172,0.27976272,0.52,1.174216,0.299804,0.7211168913645694,0.2005473048995452,1.36,336.651356,0.0,0.18181818181818182,0.6611518272223433,1.6998754272207495,0.2685079323084484,7.626262626262625,1.4,-0.68,-0.3614955208386674,-0.2809409028956058,0.11220057948784268,0.5285622510680962,0.37718597986484875,-0.30816240244392057
Nukes,sup,PRM,3,74,0.608,12,0.25,13,52.5,54.3,66.8,54.0,48.2,FC Schalke 04 Esports|FC Schalke 04 Evolution,100.5,105.94594594594595,-0.47297297297297297,149.40153783783782,0.07306768648648648,0.0,2.613245945945946,0.3084391891891892,0.6173445057426055,0.22314800919905675,0.0,525.369227027027,0.0,0.25,0.562519940444539,1.0557721180732518,-0.09613585009015581,4.011363636363637,1.5112193036696506,-0.5135135135135135,-0.48795833076380873,-0.13159974338982974,-0.034237373133457774,0.6687273379082428,-0.05072054450921318,-0.3670734556928258
Tay,top,CBLOL,15,49,0.51,9,0.222,18,52.4,54.4,64.1,52.4,66.8,INTZ,-219.08163265306123,-97.12244897959184,-7.959183673469388,412.71974489795923,0.22550232448979593,0.3877551020408163,0.9762959183673469,0.18597551020408162,0.5343849799297768,0.23925538963021348,3.122448979591837,794.7528306122448,0.0,0.2222222222222222,0.5013439564793695,0.6768703040468547,-0.21986059071023378,3.718392718392719,2.5714285714285716,-0.3673469387755102,-0.17932331891597952,-0.1371416713845345,-0.03272276194866679,0.5001870087689425,-0.13910503097731114,0.6681348681254193
Efias,sup,TCL,15,37,0.432,11,0.091,16,50.5,56.3,51.0,60.5,63.2,Beşiktaş Esports|MNM Gaming,-59.4054054054054,-191.67567567567568,3.324324324324324,146.5621081081081,0.0857894027027027,0.0,2.214954054054054,0.27176216216216215,0.7011310221913937,0.14663438557939837,0.10810810810810811,422.3459918918919,0.0,0.09090909090909091,0.46899154354167205,-0.8967412955143017,-0.30237927554435823,12.07142857142857,2.6303837968857167,-0.32432432432432434,-0.531423619368556,-0.23670985295921015,0.07000742069588275,-0.21478400947858775,0.2928001285961264,0.44347127957126964
Typhoon,jng,TAL,3,34,0.294,18,0.056,15,50.0,56.8,53.6,57.5,61.7,Royal Youth|Royal Youth Academy,-319.8484848484849,-335.8484848484849,-7.03030303030303,303.3824970588235,0.16395031764705884,0.35294117647058826,1.4891941176470587,0.35594117647058826,0.6783669636463454,0.18942717504719808,8.058823529411764,549.8244352941176,0.0,0.05555555555555555,0.37942762651032563,0.0,0.5944034440344405,0.0,2.5724787771376323,-0.4411764705882353,-0.26387238487804304,-0.2674733785123451,0.09469322702745885,-0.07148779147619166,0.13327853208899604,0.3615041508870961
Cabochard,top,LEC,1,36,0.25,8,0.0,13,50.2,56.5,53.2,61.8,51.7,Team Vitality,-116.55555555555556,136.27777777777777,2.25,329.1681194444444,0.20790663888888888,0.08333333333333333,0.9842444444444445,0.14173055555555555,0.5826292374731488,0.18471094886852318,0.8055555555555556,908.4801638888889,0.0,0.0,0.4058237145855194,0.0,0.78646288209607,0.0,2.1666666666666665,-0.5833333333333334,-0.5532266576104468,-0.25664639453962185,0.07670523489759587,-0.09658758945867105,0.36340532588884955,-0.17600303277745316
Griffin,jng,LCS,1,36,0.25,13,0.077,13,50.1,56.6,53.9,60.6,55.7,CLG Academy|Counter Logic Gaming,-146.13888888888889,-14.916666666666666,2.9166666666666665,225.28025,0.13443781666666668,0.05555555555555555,1.420763888888889,0.39424444444444445,0.7590216472671332,0.2002869829688715,7.833333333333333,782.1070916666666,0.0,0.07692307692307693,0.3293780687397709,0.0,0.6600397614314117,0.0,2.1666666666666665,-0.4444444444444444,-0.515953393845441,-0.2614088377799648,0.08432239618396276,-0.05867473076923291,0.3005652704044297,0.03428004400365897
Kobbe,bot,LCS,1,46,0.457,10,0.0,12,55.7,51.0,52.4,51.7,61.0,Misfits Gaming|TSM,211.95652173913044,155.30434782608697,3.5,480.5841847826087,0.27330075652173913,0.41304347826086957,1.095095652173913,0.31111739130434785,0.6513621916575676,0.13306498515520737,2.0,324.01479347826086,0.0,0.0,0.38073298429319374,0.24002280501710394,-0.22864516129032242,3.421052631578948,1.7693034738587656,-0.45652173913043476,-0.40687384401260984,0.037690618053086045,-0.21174380285432723,-0.1392034769665511,-0.17339870231870533,0.31894063451579724
Tibor,mid,BM,3,46,0.543,10,0.0,12,52.0,54.7,52.0,62.5,46.8,Five Kings,-9.521739130434783,98.67391304347827,-2.9347826086956523,480.7176717391305,0.25421480434782606,0.43478260869565216,1.0810608695652173,0.16841739130434782,0.6256932352562943,0.19880310381780458,2.760869565217391,349.4389347826087,0.0,0.0,0.12632674492742751,0.8431841294011789,0.24401870108750895,6.53014553014553,1.7693034738587656,-0.4782608695652174,-0.5718601468562435,-0.15811550953192638,-0.016360049442413437,-0.1561737978913012,0.40404637156985856,-0.4483048555076154
Kuromi,jng,OTBLX,3,21,0.571,6,0.167,10,54.0,52.7,58.1,52.9,54.8,Team THRLL Academy,6.285714285714286,-512.4285714285714,-8.476190476190476,375.5220095238095,0.1889577,0.2857142857142857,1.1086333333333334,0.2716952380952381,0.6940355133724587,0.20620991291048787,10.571428571428571,552.6139095238095,0.0,0.16666666666666666,0.5894751799924214,0.0,-0.39393939393939387,4.817938420348059,2.182178902359924,-0.6190476190476191,-0.34804081418397176,-0.05340791333443677,-0.12012882600894029,0.16338019474358653,-0.11200767066847567,-0.009498893675912345
Wolfe,mid,UPL,2,42,0.714,2,0.0,12,56.5,50.2,50.6,58.5,49.5,Maryville University,99.52380952380952,31.404761904761905,-2.1666666666666665,584.2775238095238,0.23213870238095238,0.4523809523809524,1.0204071428571428,0.19617857142857142,0.5627636485762981,0.18784138052474694,1.5476190476190477,279.1129238095238,0.0,0.0,0.392578398840959,0.0,0.558458615756268,0.0,1.8516401995451028,-0.5476190476190477,-0.41633669329670453,0.07884792629004433,-0.25568445041671717,-0.2347361081913633,0.18722253875118794,-0.2934365262221512
SneakyLemon,jng,GLL,3,21,0.524,9,0.222,12,58.2,48.5,55.8,64.4,58.7,Hive Athens EC,-341.2857142857143,-119.71428571428571,-0.6190476190476191,489.3037809523809,0.22845600000000002,0.5238095238095238,1.0291619047619047,0.2228857142857143,0.6354330441508931,0.26952074600884124,8.333333333333334,867.0880761904763,0.0,0.2222222222222222,0.25724949755957505,-0.10545092508089272,1.2097867453329432,2.746336996336996,2.618614682831909,-0.42857142857142855,-0.42167452673785133,0.17186206202112095,-0.34833438312162807,0.03985468170292525,0.5173718631936413,0.1958155441849148
Sanity,sup,GLL,3,47,0.383,21,0.19,9,51.4,55.3,56.6,68.7,45.1,Anorthosis Famagusta Esports|Gamespace Mediterranean College Esports|Hive Athens EC|WLGaming Esports|Zerolag Esports,-104.36170212765957,29.97872340425532,-0.851063829787234,152.6537659574468,0.07398868723404255,0.0425531914893617,2.368527659574468,0.2706191489361702,0.6494742619648928,0.1894210139068812,0.0,544.825359574468,0.0,0.19047619047619047,0.3695740986516208,0.06481743560713255,1.1303728145947065,1.905365265014388,1.3127849234810511,-0.6170212765957447,-0.5197845233211363,-0.19205542321941765,0.017453678446654457,0.08336945795686354,0.7941972681855873,-0.5462437975329162
Findus,jng,BL,3,26,0.346,9,0.0,6,51.4,55.3,51.7,45.4,41.9,RSC Anderlecht Esports,-167.80769230769232,-283.61538461538464,-3.3461538461538463,306.86281153846153,0.16776364615384615,0.11538461538461539,1.2107038461538462,0.3128230769230769,0.7856200069428692,0.248995804257409,5.115384615384615,758.7327961538462,0.0,0.0,0.2966171021606275,0.0,-0.6249356625995337,0.0,1.1766968108291043,-0.8461538461538461,-0.7270669723257064,-0.1886669891763297,0.016835147505430578,-0.17267288041868864,-0.528113191688829,-0.7555548030407633
Brandini,top,LCSA,2,27,0.63,2,0.0,9,50.9,55.8,55.1,54.6,53.3,Evil Geniuses Academy,-172.34615384615384,-128.8846153846154,-4.615384615384615,399.5246148148148,0.2212452962962963,0.2962962962962963,1.031637037037037,0.14559629629629628,0.6089622356530568,0.26678842117295276,1.037037037037037,937.6818444444444,0.0,0.0,0.21362304687499997,1.4248052000484477,-0.0158386038121318,1.7826086956521738,1.7320508075688772,-0.7037037037037037,-0.11393512504715864,-0.21741577445337554,0.039548443525395105,0.0028145018980237912,-0.01851510481334899,-0.08972535356000277
Pitress,sup,HM,3,33,0.515,8,0.125,14,58.3,48.4,55.2,58.5,57.2,Cyber Gaming|KIA.eSuba Academy,18.12121212121212,190.5151515151515,7.03030303030303,181.56149393939396,0.0910879303030303,0.0,1.6435090909090908,0.15575454545454545,0.6847666829583825,0.22747467477548608,0.0,520.9331303030303,0.0,0.125,0.17290889670991577,0.9450617168680325,0.023348102877514522,6.400487804878049,2.4370871833797696,-0.48484848484848486,-0.48528498605105314,0.17344919496458236,-0.3575478264907352,0.01257970932893979,0.18562543124061498,0.11377017771934822
Baba,mid,DL,3,21,0.286,11,0.273,11,52.6,54.0,63.9,56.4,53.4,Team Echo Zulu,-489.3333333333333,-205.28571428571428,-1.619047619047619,558.3223714285714,0.31576880952380953,0.3333333333333333,0.9202666666666668,0.15793809523809524,0.6473449482847979,0.1659825158133429,1.7142857142857142,227.8207285714286,0.0,0.2727272727272727,1.203486859224564,0.0,0.3594767091099608,0.0,2.400396792595916,-0.5714285714285714,-0.37826669446786526,-0.12912546003239586,-0.054996491478642356,0.48521596571868925,0.07120767911215434,-0.0867730099839266
Crowdy,top,PRM,3,30,0.333,12,0.083,12,52.7,53.9,56.6,52.5,55.2,Beşiktaş Esports|Zero Tenacity|mYinsanity,-279.3,-270.2,-0.7333333333333333,441.85678666666666,0.27064706666666666,0.23333333333333334,1.03304,0.16513,0.4970084983242878,0.26472884875954644,4.566666666666666,700.3364433333334,0.0,0.08333333333333333,0.6546506333860038,0.0,0.1960856569626993,0.0,2.1908902300206643,-0.4,-0.554326743024731,-0.1208758539226255,-0.05866274966748545,0.0833945792927682,-0.13303046724671236,0.008660272693813705
meight,mid,EBL,3,52,0.596,7,0.143,22,56.5,50.1,55.0,57.6,65.4,CR4ZY|Crvena zvezda Esports,86.03846153846153,10.326923076923077,1.0,529.01925,0.2784466923076923,0.6538461538461539,0.875875,0.1485826923076923,0.6846304375363275,0.270733843405261,3.4615384615384617,408.5497403846154,0.0,0.14285714285714285,0.3462170930801025,0.033531146466668944,0.1677332195676904,3.028451492537313,3.05085107923876,-0.3076923076923077,-0.3373057055803905,0.0816295469931872,-0.2586148145331074,-0.0001709346108321498,0.1390948464968127,0.5754637611987367
kehvo,bot,NLC,2,43,0.581,8,0.125,13,55.0,51.6,54.1,64.6,57.0,Barrage|ENCE,200.30232558139534,-4.325581395348837,0.20930232558139536,505.34257441860467,0.27045488372093024,0.6046511627906976,0.9471651162790697,0.21676976744186047,0.6101496397393369,0.142315833659765,2.883720930232558,269.46873720930233,0.0,0.125,0.35138891166390634,0.0,0.7370488397067754,0.8378378378378378,1.9824814143238607,-0.4883720930232558,-0.46526042086306973,0.0006901901317439755,-0.17730257368549784,-0.04558410180012845,0.5310689862367002,0.10321838088276677
ReGank,jng,CK,2,34,0.324,15,0.133,8,48.4,58.2,54.5,46.8,47.3,ASURA,-150.11764705882354,-112.08823529411765,-2.676470588235294,214.57131470588234,0.1305214705882353,0.058823529411764705,1.4297382352941177,0.3802735294117647,0.7369112182966672,0.17696993635386896,8.117647058823529,707.189744117647,0.0,0.13333333333333333,0.3636931079323797,0.0,-0.46184926184926184,0.0,1.3719886811400706,-0.6176470588235294,-0.5620205573748052,-0.3530283511427045,0.1699507567128104,-0.02482708868168071,-0.4480444238674568,-0.41708557396872814
JNX,top,LEC,1,21,0.429,6,0.0,12,51.8,54.8,51.3,50.5,57.5,SK Gaming,-499.95238095238096,-95.42857142857143,-6.285714285714286,395.9830666666666,0.22868509523809527,0.42857142857142855,0.9499333333333333,0.16514285714285715,0.595623428285967,0.22362333364213063,0.8571428571428571,835.661680952381,0.0,0.0,0.2234726688102894,0.0,-0.22111136944896528,0.0,2.618614682831909,-0.42857142857142855,-0.5598821999670814,-0.16830490254559405,-0.01304105267301798,-0.19753414933031413,-0.23994021108192332,0.1303315593625042
Breathe,top,LPL,1,93,0.441,26,0.115,21,56.8,49.7,53.4,58.9,65.3,Oh My God|Team WE,27.5125,-155.2625,2.0625,435.0436397849462,0.2403819741935484,0.3225806451612903,0.8476657534246576,0.1706537634408602,0.5628289833169472,0.22753012733439754,2.903225806451613,674.8173666666667,0.0,0.11538461538461539,0.30805043605344695,-0.2379562875426458,0.34303098325309395,1.7218137254901962,2.177598558933893,-0.3655913978494624,-0.27248640210721353,0.09465314444742257,-0.28281779670143214,-0.08293818335664638,0.2068704298826411,0.5709548668167124
Lurox,jng,PRM,3,65,0.508,10,0.0,17,50.7,55.8,47.7,56.7,60.5,FC Schalke 04 Esports|FC Schalke 04 Evolution,-41.86153846153846,-1.5076923076923077,-1.6307692307692307,284.1607230769231,0.14264857384615384,0.15384615384615385,1.5408507692307691,0.37341384615384615,0.6101257177035592,0.19592419384126986,9.8,694.1401569230769,0.0,0.0,0.19055862140774676,-0.07198334534390265,-0.0762726498627461,5.10291678860599,2.108590488016544,-0.3230769230769231,-0.37925366597817967,-0.2270682602428051,0.044322859872667306,-0.39637983916109215,0.08817552594812345,0.2951241323153484
Ploxy,jng,PGN,3,82,0.561,22,0.182,19,52.9,53.6,54.1,50.4,56.4,Nordavind Black|Racoon,-68.23170731707317,-40.13414634146341,-1.6219512195121952,314.55443170731706,0.16125904634146343,0.2926829268292683,1.3590939024390245,0.3020731707317073,0.6301238702368517,0.17654565869139033,11.731707317073171,589.5476865853659,0.0,0.18181818181818182,0.3175182429725889,-0.43866829967206405,-0.32952981292623407,4.080402086838964,2.0981989954220843,-0.4634146341463415,-0.4151186422851634,-0.10904848004284842,-0.07192710823411456,-0.04733514330130188,-0.2424885368171495,0.07581628685465158
Zerkxz,mid,DDH,3,33,0.636,5,0.0,14,51.6,54.9,49.7,65.2,56.9,Arctic Gaming México|Estral Esports,191.96969696969697,192.06060606060606,2.9696969696969697,418.89536363636364,0.22354410606060607,0.2727272727272727,1.0079333333333333,0.1787060606060606,0.5842008995870874,0.1653734546971776,2.727272727272727,442.9974606060606,0.0,0.0,0.14695958611381868,0.12131307386040464,0.45545280437756497,8.11111111111111,2.4370871833797696,-0.36363636363636365,-0.43723541835009716,-0.18104502632270245,-0.007849480346731125,-0.28349708611743357,0.5665780325143022,0.09769584894614775
Nobody,bot,LLA,15,26,0.308,9,0.333,11,49.6,56.9,65.6,63.7,56.7,Furious Gaming,-412.2307692307692,-167.96153846153845,-10.307692307692308,461.6894384615385,0.30677965384615385,0.4230769230769231,1.4194653846153846,0.34695,0.7449918969918969,0.23531608124219458,1.7307692307692308,392.6900192307693,0.0,0.3333333333333333,0.9129340543481957,0.0,0.8158047646717024,0.0,2.1572774865200244,-0.5769230769230769,-0.49925524608786215,-0.2894212560154471,0.0992947714767877,0.5917693794680932,0.4747630614047187,0.08843812495762848
Tony Top,top,UPL,2,63,0.698,10,0.1,18,61.4,45.1,49.9,60.7,59.8,First Blood Crusade|Mirage Sport Électronique|Team Infernal Drake,503.25396825396825,191.0952380952381,3.6031746031746033,462.7924333333333,0.2177007984126984,0.38095238095238093,0.8533428571428572,0.10555714285714286,0.48149877502689814,0.2516255258643684,2.015873015873016,757.2120571428572,0.0,0.1,0.2200429646418118,0.0,0.17551144386787154,3.4248006379585325,2.2677868380553634,-0.38095238095238093,-0.41285337777221154,0.34081295128673045,-0.5481712986326083,-0.27154375556519644,0.3035710758315489,0.2545444338650603
Zzus,sup,CK,2,64,0.625,8,0.125,14,53.6,52.9,54.8,71.1,50.1,Awesome Spear|KT Rolster|Spear Gaming,72.109375,-28.21875,4.0625,134.2707234375,0.0740361609375,0.03125,2.4418484375,0.3238640625,0.6454895591729914,0.24428656709117466,0.125,512.1892296875,0.0,0.125,0.34389952666890017,0.046995886167025054,0.9622586591636751,4.5290137913088735,1.75,-0.578125,-0.5256559724068438,-0.07627675493119006,-0.10870990178266694,-0.011722244539966401,0.9788691261277884,-0.26192752868034724
Stifk,top,HC,3,23,0.696,5,0.4,8,46.5,60.0,65.8,63.3,49.6,Vikingekrig Academy,-468.60869565217394,-171.2173913043478,-9.26086956521739,336.1984956521739,0.17295518695652173,0.21739130434782608,1.0776173913043479,0.16808260869565217,0.6194742531667304,0.1982461527830148,0.391304347826087,835.2073173913043,0.0,0.4,0.6950346740638003,0.895093062605753,1.5316569484936828,3.164302600472813,1.6681153124565982,-0.6086956521739131,-0.4048480740477554,-0.4635448284091649,0.26865072270539125,0.6024143205242063,0.45354948308530607,-0.29032499408503976
xiaopeng,jng,LPL,1,67,0.299,22,0.0,15,47.1,59.3,50.9,42.0,49.8,Dominus Esports,-218.015625,-225.765625,-2.78125,262.41454029850746,0.14923761641791045,0.08955223880597014,1.7769650793650795,0.5309402985074627,0.7411630763625481,0.23379172492132758,10.985074626865671,705.6099462686567,0.0,0.0,0.3612638471304826,0.0,-0.42195870071888253,0.0,1.8325416653445783,-0.5373134328358209,-0.46455325143327,-0.42789605732913294,0.22601459708253968,-0.2155736241328482,-0.7502768001282931,-0.2784440887436298
Uloper,sup,GLL,3,45,0.311,17,0.059,15,52.5,53.9,53.3,60.2,57.0,Team Refuse|mYinsanity,-33.044444444444444,-71.62222222222222,-1.8888888888888888,158.91328666666666,0.08321558222222222,0.044444444444444446,2.2119866666666668,0.25612666666666667,0.643408078614419,0.19261821393545872,0.08888888888888889,529.8404666666667,0.0,0.058823529411764705,0.3167739375010784,0.42626716579252916,0.3331833578415233,3.7050264550264553,2.23606797749979,-0.4444444444444444,-0.4791186174044647,-0.13460124042748606,-0.05951352688371576,-0.09045631671790728,0.27554320581943587,0.10398760577993348
SAKEN,mid,LFL,2,58,0.448,9,0.222,21,53.6,52.8,58.9,66.7,61.1,Misfits Premier|Team Vitality|Vitality.Bee,41.13793103448276,8.275862068965518,1.2586206896551724,485.9620879310345,0.24958096551724138,0.46551724137931033,1.2244396551724137,0.18584137931034483,0.609526874721684,0.22151492964476566,2.5172413793103448,304.0886413793104,0.0,0.2222222222222222,0.4346514804761652,0.2757657230217723,0.722624798711755,4.745039682539682,2.7574350900541735,-0.3793103448275862,-0.42183713927944,-0.07425166720247003,-0.11521827960825937,0.20555125758332785,0.6591018125201704,0.3273820055317786
Hatred,jng,GLL,3,31,0.613,3,0.0,10,53.3,53.1,61.0,57.3,51.1,Anorthosis Famagusta Esports|WarKidZ E-Sports,52.54838709677419,-272.9032258064516,-7.096774193548387,338.769164516129,0.15506717741935483,0.3225806451612903,1.2547709677419354,0.2477516129032258,0.6672685028887922,0.18186659031821584,7.193548387096774,666.9557548387097,0.0,0.0,0.1915213156681685,2.913623560804467,0.3632066616605877,2.0,1.7960530202677492,-0.5483870967741935,-0.5183293881532266,-0.08844873515566698,-0.0998806007404219,0.32220178599551264,0.11921908224575742,-0.20825429868453194
Kireas,jng,TCL,15,53,0.472,8,0.125,14,52.7,53.7,56.9,55.7,55.0,Beşiktaş Academy|Beşiktaş Esports|Dark Passage,84.11320754716981,39.0,-0.9433962264150944,219.57362075471698,0.12567256415094338,0.18867924528301888,1.5320792452830188,0.4384867924528302,0.6698141220178139,0.20961113121644553,7.113207547169812,716.976941509434,0.0,0.125,0.7042380198589725,-0.8028096404175796,-0.2912472863627393,7.333333333333334,1.9230478952816463,-0.4339622641509434,-0.41800571718232366,-0.12142954986157582,-0.0682677891856462,0.10029869541727868,0.03699834337625596,0.002202484529286515
Special,mid,UKLC,3,48,0.625,5,0.2,14,53.9,52.5,61.8,50.9,50.3,Excel Esports|JD|XL,126.66666666666667,153.125,4.541666666666667,488.31618958333337,0.24995462708333335,0.2916666666666667,1.0156770833333333,0.19061041666666667,0.5905890534140592,0.20468545857235873,3.4375,283.0116854166667,0.0,0.2,1.0885519591141397,-0.7982610022118832,-0.2633928571428571,3.3290969899665557,2.0207259421636903,-0.4375,-0.5278712381513063,-0.05816490851226995,-0.13383093123900722,0.36785899846775694,-0.22013116883451514,-0.2506021922735117
Busio,mid,RCL,3,23,0.435,9,0.222,10,53.3,53.1,54.1,60.3,54.2,Polar Ace,-430.17391304347825,10.565217391304348,-5.826086956521739,593.7784652173913,0.24062839130434782,0.7391304347826086,0.7999391304347827,0.12805652173913043,0.5938140659637496,0.12740890754169373,2.739130434782609,360.6677130434783,0.0,0.2222222222222222,0.3774167497981093,-0.7635883905013192,0.3950831525668837,4.703125,2.0851441405707476,-0.4782608695652174,-0.3064705214484949,-0.09015059245236656,-0.10022147026995765,-0.04587622797921655,0.28310359041702043,-0.04287867208947735
Sholwan,sup,LMF,2,24,0.458,3,0.0,11,50.8,55.6,51.2,51.5,60.7,Isurus Academy|Santiago Wanderers eSports,-98.91666666666667,-106.83333333333333,1.75,130.25069583333334,0.07771318333333334,0.0,2.6764333333333337,0.4000708333333333,0.6122411191844886,0.20419091258852828,0.0,461.07815,0.0,0.0,0.2897737239080863,0.0,-0.1259469696969696,0.0,2.2453655975512468,-0.5,-0.21007490911454793,-0.22288588351603278,0.03178273721015053,-0.20057927566736355,-0.18421061079109652,0.30683349183034225
Lancer,top,LAS,3,20,0.25,14,0.071,7,54.3,52.1,53.4,55.7,50.3,DRX Academy,-280.3,10.65,-6.7,487.28401999999994,0.22671935,0.35,0.76815,0.1467,0.49871768480536327,0.20564745405460108,1.1,689.0804049999999,0.0,0.07142857142857142,0.3124814471243043,0.0,-0.3922415094339622,8.247550462852445,1.5652475842498528,-0.8,0.0,-0.03719436562801565,-0.1506448499375475,-0.08281865557766087,0.036105105368903934,-0.24848410558586026
Kikis,jng,UL,2,22,0.455,2,0.0,9,52.7,53.6,52.7,51.1,54.2,Illuminar Gaming,24.727272727272727,42.45454545454545,-2.590909090909091,252.09727727272727,0.14712459545454545,0.09090909090909091,1.6033181818181819,0.40392272727272727,0.6408826541847932,0.24216649363708187,10.727272727272727,697.4936409090909,0.0,0.0,0.23782321807456458,0.5143966014580165,-0.6014014970536711,3.2965628672150418,1.9188064472004938,-0.45454545454545453,-0.59951265948107,-0.12304316954382652,-0.07266594021376743,-0.11878344512340112,-0.20925892960469222,-0.040905132893562755
CblpHuK,sup,BM,3,34,0.441,10,0.2,15,54.2,52.1,55.4,47.9,61.5,Elements Pro Gaming|Zero Six PowerSpike,-75.91176470588235,-95.29411764705883,2.323529411764706,186.8957205882353,0.0916196,0.0,2.0793264705882355,0.2809205882352941,0.6188796765114223,0.20000525338459746,0.11764705882352941,462.0017411764706,0.0,0.2,0.29524151295485535,0.0,-0.25931694293024804,0.0,2.5724787771376323,-0.38235294117647056,-0.3938294765658222,-0.04194330542786839,-0.15450741870333135,0.021878659989431642,-0.385749241148161,0.34642332647849056
Johnsun,bot,LCS,1,42,0.357,14,0.143,12,51.4,54.9,55.6,48.2,57.0,Dignitas,-17.024390243902438,-116.97560975609755,-0.5365853658536586,471.07831428571427,0.2867829761904762,0.47619047619047616,1.4226214285714287,0.3464761904761905,0.6697484246982095,0.1466434552596649,1.5476190476190477,300.2583071428571,0.0,0.14285714285714285,0.40096715696151525,0.0,-0.19999999999999996,0.0,1.8516401995451028,-0.6190476190476191,-0.3840499775605186,-0.1907675537763231,-0.003958224186399732,0.03169606628868667,-0.3686459140554661,0.10753725095500032
CuVee,top,LCK,1,56,0.321,18,0.056,20,50.4,55.9,52.2,47.1,61.7,Hanwha Life Esports,-183.87272727272727,-268.7818181818182,-4.127272727272727,403.79872321428576,0.24398957142857142,0.26785714285714285,1.0622053571428571,0.2206017857142857,0.5888265500501513,0.2420319289016167,0.6964285714285714,629.2411928571429,0.0,0.05555555555555555,0.2853105675686321,0.0,-0.23406953980202388,0.0,2.6726124191242437,-0.39285714285714285,-0.5180422757416132,-0.24475258993314014,0.04853195452420538,-0.1492297009497927,-0.42932141138832136,0.3612052350247398
Viking,jng,LFL,2,33,0.455,5,0.0,11,50.8,55.5,48.5,58.7,54.5,BCN Squad|IziDream,-10.454545454545455,-122.0909090909091,-2.9393939393939394,238.10600909090908,0.12998916363636365,0.24242424242424243,1.3854242424242424,0.3504969696969697,0.7176619535085637,0.2136920737061342,8.393939393939394,812.1977787878787,0.0,0.0,0.22993377483443708,-0.2444404910158335,0.26927583782516973,2.1388888888888893,1.9148542155126762,-0.5454545454545454,-0.43181370888633136,-0.2226851687779697,0.02791788030077983,-0.3471756547952181,0.19831324820531654,-0.02480875538927315
Jestkui Max,sup,LCL,15,32,0.469,11,0.091,10,53.9,52.4,51.9,52.2,49.9,Elements Pro Gaming|One Breath Gaming,17.21875,-229.21875,-2.09375,153.615890625,0.08417308125,0.09375,2.090696875,0.242903125,0.6961026777892587,0.19335469167775213,0.0,583.572721875,0.0,0.09090909090909091,0.13668852265343492,0.0,0.03747499705847762,0.0,1.7677669529663687,-0.59375,-0.5205044800352162,-0.05803914863430868,-0.1349629322456132,-0.16451657544604026,-0.1475095563587374,-0.27216317340220314
Tony,mid,OTBLX,3,21,0.571,6,0.167,7,53.3,53.0,55.5,58.6,46.6,Team THRLL Academy,82.0,466.04761904761904,0.14285714285714285,419.1103142857143,0.20764257142857143,0.5238095238095238,0.8492619047619047,0.10171428571428572,0.6067900445664709,0.13578148512911892,2.238095238095238,358.7917761904762,0.0,0.16666666666666666,0.3677000720980534,0.0,0.3195125367698558,3.729539295392954,1.5275252316519468,-0.7142857142857143,-0.4074068285568684,-0.0880328844047352,-0.10780856803714024,0.02726135677712447,0.18962085695281505,-0.456363440805402
JunJia,jng,LPL,1,43,0.535,3,0.0,10,51.0,55.3,51.6,54.0,52.0,EDward Gaming,8.951219512195122,-169.3658536585366,-4.024390243902439,240.8490243902439,0.13282226585365853,0.23255813953488372,1.6388775,0.4372390243902439,0.7339751136527676,0.23606480099208157,12.21951219512195,657.0744255813953,0.0,0.0,0.2489153436597126,0.3827025014452142,-0.015865217893885054,2.52,1.5249857033260468,-0.5348837209302325,-0.30462103482331315,-0.2117524971583241,0.017614306696683613,-0.18091794248741366,-0.053008155223277474,-0.15751124402027245
Menace,sup,UPL,2,42,0.452,16,0.188,16,54.9,51.4,52.2,55.3,65.6,Maryville University|Polar Ace,-217.4047619047619,-217.0,-2.857142857142857,227.27749285714285,0.10196167380952381,0.07142857142857142,2.2007214285714287,0.26763809523809523,0.6565170793637901,0.24520312998713353,0.16666666666666666,549.1817690476191,0.0,0.1875,0.3064512244533665,-0.6284974055521427,0.13690221488681042,1.24,2.4688535993934706,-0.35714285714285715,-0.35282444734464197,-0.005452845529682539,-0.18944969544535584,-0.14664795862006968,0.013193499662719252,0.587596713413617
Tomo,bot,LCSA,2,25,0.76,2,0.0,8,53.9,52.4,52.9,55.6,56.8,Cloud9 Academy,206.8,105.24,13.44,460.448724,0.23187232000000002,0.32,1.333196,0.32068800000000003,0.6178753935194097,0.23747196054868688,2.72,273.502316,0.0,0.0,0.5360710321864596,-0.21139101861993426,-0.02664655605832074,3.0,1.6,-0.6,-0.17905716435445793,-0.05703713026993203,-0.135322349470218,-0.112691736388766,0.031041537716151042,0.09644779781048379
Ghostík,mid,HC,3,24,0.542,4,0.0,12,53.9,52.4,48.1,53.0,58.8,Gaming Team Kravaře,306.5833333333333,150.08333333333334,2.9166666666666665,443.6023916666666,0.218312875,0.5416666666666666,0.8641625,0.14760833333333334,0.5969508235023586,0.20797846600461353,3.0833333333333335,588.5240625,0.0,0.0,0.22609407697206804,-0.8021071115013169,-0.1201112747504501,2.3,2.4494897427831783,-0.5,-0.06080855095294792,-0.05848851422317297,-0.13955545940663816,-0.3695661697078363,-0.10709768758199872,0.19945162135294778
Hazard,top,LMF,2,37,0.324,14,0.071,12,46.7,59.5,52.4,50.1,51.9,Intel New Indians,-189.54054054054055,-131.67567567567568,-1.945945945945946,312.89458918918916,0.21272322162162163,0.13513513513513514,1.0800135135135136,0.1693135135135135,0.6107903738418444,0.19002564517270398,1.162162162162162,622.5322432432432,0.0,0.07142857142857142,0.3822102425876011,0.0,-0.17019515079834413,0.0,1.9727878476642875,-0.5405405405405406,-0.48335977277104136,-0.45126565310245514,0.2370331655953857,-0.1393401850117105,-0.26268362361539704,-0.16579247482609416
Tyr,sup,DDH,3,48,0.542,16,0.25,23,58.6,47.6,60.2,57.9,68.2,Azules Esports|Cream Real Betis,-60.375,-7.1875,-0.5833333333333334,183.76760208333334,0.09696352708333333,0.10416666666666667,2.050560416666667,0.25383125,0.6009409897170265,0.23086463722672565,0.0,462.53989375,0.0,0.25,0.3683231729232995,0.48933216807297425,-0.3511637330509227,9.614565891146732,3.3197640478403483,-0.375,-0.3802278684824834,0.1895787008274971,-0.39781792540601113,0.27479070029505376,0.1532067963308094,0.7648464873576138
Pobelter,mid,LCS,1,29,0.276,12,0.083,14,53.2,53.0,54.9,48.5,56.0,CLG Academy|Counter Logic Gaming,-155.55172413793105,-15.0,4.344827586206897,480.68948275862067,0.26608085862068964,0.20689655172413793,0.9530931034482759,0.2028655172413793,0.698898477468524,0.2035186386392749,2.413793103448276,352.8301275862069,0.0,0.08333333333333333,0.4368665136737426,0.0,-0.24172461752433927,0.0,2.599734734478726,-0.4482758620689655,-0.45349623819823054,-0.09537298056509157,-0.10682633792625763,-0.0078916222237722,-0.3501965558943568,0.05103465840891884
Scutt,bot,LPLOL,3,22,0.591,11,0.273,6,53.5,52.7,61.1,54.7,46.1,OFFSET Esports,-519.5909090909091,14.636363636363637,-6.909090909090909,578.4824772727272,0.2980508636363636,0.45454545454545453,0.8081818181818182,0.18087272727272727,0.6838064254355943,0.164496212851476,1.7727272727272727,268.9582090909091,0.0,0.2727272727272727,0.5472636815920398,0.4338235294117647,0.14482758620689662,1.4944444444444445,1.2792042981336627,-0.8636363636363636,-0.3985777809160719,-0.07879729853837728,-0.12292005829839373,0.324620319832896,-0.016199458335094126,-0.4878915162536448
Coldenfeet,bot,PCS,15,27,0.37,8,0.0,12,51.0,55.2,50.3,56.4,61.4,Nova Esports,-372.1111111111111,90.77777777777777,-6.444444444444445,470.53674074074075,0.27312829629629626,0.48148148148148145,1.0999296296296297,0.2708888888888889,0.6779909109109514,0.10622233564700025,1.6666666666666667,275.45877037037036,0.0,0.0,0.23101200331125826,0.0,0.25309136948723376,0.0,2.309401076758503,-0.5185185185185185,-0.3526640708406067,-0.21096445704227404,0.011653874365169108,-0.2521815092513611,0.07136606360556112,0.3439705774042608
Zorah,sup,LDL,2,36,0.694,4,0.5,8,53.7,52.5,60.7,49.5,48.9,Vici Gaming Potential,85.54545454545455,-208.72727272727272,-3.393939393939394,159.87863055555556,0.07520454722222222,0.1111111111111111,2.4979125,0.35710555555555556,0.6346900004963291,0.2786245744884376,0.1111111111111111,576.3707055555556,0.0,0.5,0.26038527225236086,-0.5678431382223533,-0.29435359008090656,0.4843750000000001,1.3333333333333333,-0.6666666666666666,-0.3322456274877451,-0.06595668332159466,-0.1303096810757392,0.306087048018429,-0.2915162692662021,-0.3260446938046463
NOMA,mid,LPLOL,3,56,0.536,11,0.182,20,48.9,57.3,57.4,49.9,57.3,SAMCLAN Esports Club,-184.375,-57.75,-3.8214285714285716,488.8994625,0.25499523214285713,0.375,1.1846482142857142,0.21145714285714284,0.6100587250512909,0.1863231159027669,1.75,353.6948732142857,0.0,0.18181818181818182,0.24118069916994817,0.48527243092207384,-0.26351761361821724,2.75,2.6726124191242437,-0.42857142857142855,-0.44753393622358867,-0.3260502036969009,0.12045099871250807,0.1264659414021039,-0.2743897117847058,0.12068442103783998
Duivel,sup,LHE,2,50,0.54,12,0.083,14,56.9,49.3,46.5,54.8,53.0,Azules Esports Academy,50.26,143.46,2.14,161.031068,0.08554849199999999,0.0,1.975998,0.197772,0.6806506155575783,0.22036387405363717,0.0,542.7059399999999,0.0,0.08333333333333333,0.20850492918292526,-0.6860986547085202,0.27199396593266145,0.0,1.979898987322333,-0.5,-0.626893961663612,0.09800466739805419,-0.30228049737157875,-0.4658819529569208,-0.013068625492829888,-0.10424905647512178
Froststrike,jng,LMF,2,55,0.727,4,0.25,12,50.8,55.4,55.6,59.4,53.7,9z Team,88.41818181818182,101.41818181818182,4.054545454545455,202.45140181818184,0.11788178545454545,0.12727272727272726,1.6183345454545452,0.3953909090909091,0.6700193159727968,0.21903789352593178,13.363636363636363,583.2684072727272,0.0,0.25,0.36030082041932543,-0.38658889118315093,0.16871974849423374,2.7055555555555553,1.618079669911781,-0.5272727272727272,-0.3557357766619028,-0.22050022677087108,0.021996471326739278,0.0318989321772521,0.23202637202173354,-0.06800111807203726
Bwipo,top,LEC,1,68,0.588,13,0.308,23,52.3,53.9,63.0,51.2,63.5,Fnatic,-106.6029411764706,-55.279411764705884,-7.3088235294117645,427.89374264705884,0.23146722205882353,0.22058823529411764,1.0164264705882353,0.15125882352941178,0.6168188864481384,0.2753926203289346,1.9558823529411764,820.4230955882352,0.0,0.3076923076923077,0.4583728257326854,-0.6404425522683516,-0.24384973917338026,4.29250246284768,2.789159687917829,-0.45588235294117646,-0.4405523646654896,-0.14348251463551873,-0.05719278308829416,0.4356027864039135,-0.20354452679260826,0.4661466430606995
Raqo,mid,DL,3,42,0.548,11,0.182,14,53.9,52.3,56.5,59.2,46.8,LowLandLions|Team THRLL,22.761904761904763,66.85714285714286,1.6904761904761905,500.10047619047623,0.23798175952380954,0.6666666666666666,1.0029238095238096,0.17313809523809523,0.5521758693528086,0.1786242365374018,3.5952380952380953,340.0397642857143,0.0,0.18181818181818182,0.2339611782070681,0.37971196272985863,-0.41401654869903304,12.991228070175442,2.1602468994692865,-0.5952380952380952,-0.5805954848382648,-0.058139870496318885,-0.14524187510103986,0.07810250234327829,0.22151512167802512,-0.4435973684921052
JimieN,mid,PCS,15,21,0.524,7,0.286,12,49.9,56.3,57.6,54.3,56.8,Hong Kong Attitude,-398.5238095238095,-44.57142857142857,-8.047619047619047,416.6239047619048,0.25003223809523806,0.47619047619047616,1.0071523809523808,0.17854761904761904,0.678477940883956,0.1514896890175528,2.8095238095238093,415.33511904761906,0.0,0.2857142857142857,0.29056537720987224,0.0,0.271327645961077,0.0,2.618614682831909,-0.42857142857142855,-0.39775521825959664,-0.2735311154147069,0.06592779314676515,0.13863362148049233,-0.038714427275779936,0.09691821201334871
Yuuki,mid,LPL,1,44,0.386,14,0.286,17,52.7,53.4,62.7,51.0,59.8,LGD Gaming,-83.4090909090909,-160.47727272727272,-2.772727272727273,498.8239069767442,0.2594018372093023,0.5,0.9800930232558139,0.2133046511627907,0.6688140213685346,0.19147620117028624,3.511627906976744,389.66780227272733,0.0,0.2857142857142857,0.5094417496471981,0.0,-0.02895250487963564,0.0,2.5628464289109907,-0.45454545454545453,-0.29801871800542007,-0.1193550462213606,-0.08291443100290967,0.4167885420831354,-0.21050688779434507,0.2534891996464667
GALA,bot,LPL,1,69,0.464,12,0.083,9,61.6,44.5,52.2,54.0,47.0,Dominus Esports|Royal Never Give Up,169.6031746031746,285.23809523809524,9.428571428571429,528.649252173913,0.28469633333333333,0.5942028985507246,0.9274360655737705,0.2872898550724638,0.6343054254621255,0.1486054650923943,2.130434782608696,284.6077637681159,0.0,0.08333333333333333,0.33813083906948144,0.0,0.09770924456964948,1.2105263157894737,1.0834726777719228,-0.6521739130434783,-0.29551532458681246,0.3567056159379554,-0.5824632841527095,-0.14703765180900744,-0.05381050898502711,-0.4354894950358208
Scrappy,top,LMF,2,24,0.375,10,0.2,12,50.6,55.5,55.4,50.7,54.7,Furious Gaming Argentina|Universidad Católica Esports,-39.416666666666664,36.75,0.875,282.907975,0.1976234166666667,0.4166666666666667,0.9541208333333334,0.11245416666666667,0.6272856721319561,0.20685859279609278,1.0,668.9815125,0.0,0.2,0.37675094449288,0.0,-0.21390593047034773,0.0,2.4494897427831783,-0.5416666666666666,-0.5231910519240788,-0.23222763899324397,0.0282140048311375,0.021336728806157466,-0.2269153428012451,-0.016797334825553505
Nekhazten,sup,LMF,2,38,0.342,7,0.143,10,47.6,58.5,61.4,52.8,47.5,Feint Gaming|Sinisters,-276.7368421052632,-81.60526315789474,-3.5789473684210527,120.18798947368423,0.07499674210526316,0.07894736842105263,2.2957736842105265,0.3102736842105263,0.6994670268186219,0.1568645970216363,0.02631578947368421,505.45025526315794,0.0,0.14285714285714285,0.7135408131340971,0.0,0.08736407949006368,0.0,1.6222142113076254,-0.7105263157894737,-0.5022734390102404,-0.39877669450019737,0.1870076299363381,0.34466546960754263,-0.11859085177512915,-0.40619147022072233
Lourlo,top,LCSA,2,38,0.526,7,0.143,11,46.2,59.9,49.3,47.7,49.9,Dignitas|Dignitas Academy,-263.3421052631579,20.105263157894736,-6.394736842105263,295.89608947368424,0.17107202894736842,0.4473684210526316,0.9757,0.15228947368421053,0.6082950801055703,0.1610982949798739,1.4736842105263157,826.2918947368421,0.0,0.14285714285714285,0.27204493129187785,-0.7463494892712689,-0.43255069370330845,0.8666666666666668,1.784435632438388,-0.6842105263157895,-0.3330453565094294,-0.47972890981772776,0.2593426568177819,-0.3063313975988748,-0.39608795814434017,-0.27043390965711295
Nora,mid,HM,3,29,0.414,6,0.0,15,55.2,50.9,50.6,50.0,58.8,Cyber Gaming|Vikingekrig Esports,86.51724137931035,-163.17241379310346,-7.310344827586207,561.2988310344828,0.27929475862068964,0.7241379310344828,0.8958793103448276,0.19067241379310343,0.5966904126482807,0.23040733225898768,2.4482758620689653,374.81979655172415,0.0,0.0,0.24895160376289244,0.0,-0.1839616995810891,0.0,2.785430072655778,-0.41379310344827586,-0.36512988352841896,0.011142410656845318,-0.21621185210822919,-0.2354732587147862,-0.2686362134737357,0.19879067461441802
Zaremba,sup,UL,2,30,0.333,11,0.091,11,55.7,50.4,52.1,57.5,54.5,Diablo Chairs|Gentlemen's Gaming,-115.96666666666667,108.96666666666667,5.4,163.76654666666667,0.09279444666666666,0.0,2.292126666666667,0.30456333333333335,0.6162390387390387,0.22803577819967982,0.0,401.56143,0.0,0.09090909090909091,0.25867044348057006,-0.08805031446540884,0.4186808684965177,0.9354838709677418,2.008316044185609,-0.43333333333333335,-0.667014490299087,0.03689035534257518,-0.24269154698275106,-0.15556242260791706,0.13194605191594466,-0.027061373692629342
Raven,mid,PCS,15,41,0.244,19,0.0,22,48.1,58.0,49.8,51.4,59.1,Resurgence,-245.9268292682927,-139.1219512195122,-1.2926829268292683,395.61450975609756,0.2653918536585366,0.3170731707317073,1.0561292682926828,0.21295365853658535,0.7434429028825581,0.19891849493242683,1.7317073170731707,387.99860975609755,0.0,0.0,0.23935425418005102,0.10789932718664327,-0.4230179765961666,3.9655172413793105,3.4358227615493333,-0.2682926829268293,-0.8795568901492901,-0.3734489349158246,0.15823277285576956,-0.27472528133111623,-0.1921965245695914,0.21532063042807928
Aizo,top,UPL,2,24,0.708,5,0.4,7,53.7,52.4,61.9,53.7,47.5,Columbia College,-0.25,-83.16666666666667,-1.7916666666666667,486.63061250000004,0.19344287500000001,0.3333333333333333,0.9332250000000001,0.12566249999999998,0.4741254430123785,0.2055780385943019,1.375,1006.1338666666667,0.0,0.4,0.6560200830356281,0.0,0.07287933094384699,0.0,1.4288690166235207,-0.8333333333333334,-0.27618119316942624,-0.06823596578105369,-0.1366519516049701,0.3702060181427838,-0.066672629995854,-0.4033205524691701
Tonerre,mid,LFL,2,29,0.379,6,0.0,13,51.8,54.2,54.1,55.5,56.3,Solary,-261.2758620689655,-128.0344827586207,-2.586206896551724,493.57343793103445,0.26547189655172415,0.5862068965517241,0.9725034482758621,0.18318620689655174,0.6420856357976032,0.18216297902005796,2.4827586206896552,361.9933448275862,0.0,0.0,0.5930572660098522,0.0,0.30840004269399096,0.0,2.4140393963016744,-0.4482758620689655,-0.3890235984789123,-0.1701592144383873,-0.042877402919005304,-0.044892904582468404,0.025814064473194856,0.06857641336757632
Dan Dan,top,LEC,1,40,0.45,11,0.0,15,53.1,52.9,47.3,53.0,53.5,Misfits Gaming,-132.95,-123.525,-2.325,404.872065,0.238351895,0.3,0.856615,0.11667749999999999,0.6009871324925504,0.19469045680762756,1.075,726.106685,0.0,0.0,0.21628767326000098,-0.44461397619774184,-0.1794778163228045,4.4399999999999995,2.3717082451262845,-0.55,-0.5733444821487933,-0.09807180926956706,-0.1102463564988427,-0.4188722123494597,-0.10462033063768478,-0.07894922092757815
Do1u1u,sup,PCS,15,27,0.333,9,0.0,8,53.2,52.8,48.8,67.9,48.1,Berjaya Dragons|Resurgence,38.03703703703704,101.66666666666667,-1.4444444444444444,129.81886296296295,0.08887744074074073,0.0,2.5014962962962963,0.2927666666666667,0.7122984696107835,0.2741762325826653,0.0,530.3204148148149,0.0,0.0,0.255849037305991,-0.5594439449477834,1.528356823360621,0.9675675675675677,1.539600717839002,-0.5555555555555556,-0.6000133827373604,-0.09355604655611052,-0.11635148726884713,-0.32971533605895664,0.7426718391887794,-0.37345346912403987
Recall,top,LDL,2,27,0.222,8,0.0,11,56.5,49.5,49.5,47.9,51.9,Victorious Gaming,139.23076923076923,-9.807692307692308,2.923076923076923,458.6350370370371,0.2596729259259259,0.2222222222222222,0.7052222222222222,0.1443259259259259,0.574053724053724,0.2750506385336597,1.8888888888888888,666.3509444444445,0.0,0.0,0.20602002415907825,0.0,-0.44206376813394654,0.0,2.116950987028628,-0.6296296296296297,-0.46378399340123355,0.08166003361387714,-0.29357263110833853,-0.29269537043743443,-0.3820871620873702,-0.1631440847794487
Spawn,bot,NASG,3,50,0.4,21,0.143,14,55.7,50.3,52.4,60.4,56.9,Polar Ace|Team Mountain Drake,-190.06,-44.16,1.54,577.540978,0.26282308,0.86,0.921748,0.19621,0.5866722373028874,0.15561022026126564,2.6,303.45738400000005,0.0,0.14285714285714285,0.3699299158108168,-0.6154683018494709,0.07434779097003483,5.905209758321933,1.979898987322333,-0.56,-0.24408949244567807,0.03635749217427308,-0.24907516159806886,-0.1349251892807891,0.2871168030933756,0.10152959217965528
Ceos,sup,CBLOL,15,53,0.585,12,0.25,14,53.8,52.1,58.9,48.3,54.4,KaBuM! Esports,-9.150943396226415,-11.754716981132075,0.7924528301886793,165.2057245283019,0.08039413018867925,0.018867924528301886,2.235177358490566,0.2522245283018868,0.660904922565267,0.1913805401165936,0.09433962264150944,530.7164056603773,0.0,0.25,0.6805400718444196,-0.868945647095468,-0.37155899497995787,2.3422222222222224,1.9230478952816463,-0.4528301886792453,-0.5046644860823875,-0.06264839271779854,-0.15436244785474745,0.20852537276215047,-0.3622269521896259,-0.030710596757633525
Goldenglue,mid,LCS,1,41,0.415,10,0.1,13,51.3,54.6,55.4,71.5,54.3,Evil Geniuses|Golden Guardians,-146.4,-100.5,0.525,484.7263414634146,0.2650675121951219,0.17073170731707318,1.2073926829268293,0.22665853658536583,0.6579400448191572,0.21038480513182695,3.024390243902439,310.0407585365854,0.0,0.1,0.3263928234183192,0.38266239707227834,0.3082262055646085,14.454545454545453,2.030258904551879,-0.5121951219512195,-0.26055932220320954,-0.19588380213310785,-0.019039892729920932,0.020226606193332608,1.0173586878152674,-0.03914292398749135
gunkrab,bot,OPL,15,22,0.318,8,0.0,9,53.0,52.9,51.6,65.1,54.5,Avant Gaming,-242.13636363636363,-50.13636363636363,3.909090909090909,497.8197772727272,0.27723386363636365,0.5,1.17945,0.2696045454545455,0.6563570560606133,0.18353682689807094,2.272727272727273,339.32661818181816,0.0,0.0,0.3010659395141299,0.0,1.0249520153550866,0.0,1.9188064472004938,-0.6363636363636364,-0.44010267526289515,-0.10396149302669094,-0.10944662140775953,-0.17849963480732775,0.5607049460387235,-0.024967145342367082
pr1me,top,TAL,3,43,0.558,8,0.0,9,57.2,48.7,46.3,57.5,46.1,Dark Passage|Dark Passage Academy,270.7906976744186,120.16279069767442,4.116279069767442,386.0719976744186,0.21017506976744185,0.5116279069767442,0.5435534883720929,0.05802790697674419,0.528111511578115,0.16964901927530862,3.9767441860465116,649.0870860465116,0.0,0.0,0.12897938912341692,-0.489136991584506,0.1548329072262463,5.2172413793103445,1.372487132993442,-0.6046511627906976,-0.3234151350358022,0.11551027781624615,-0.3371003297261442,-0.4774678069622637,0.132001241912036,-0.4859560284131514
Tempt,mid,LCK,1,39,0.385,12,0.083,16,50.0,55.9,53.7,51.9,57.6,Hanwha Life Esports,-174.76923076923077,-88.25641025641026,-3.076923076923077,449.814041025641,0.26664428205128204,0.28205128205128205,1.1532102564102564,0.22637435897435898,0.6740971862101893,0.1859069303863354,1.5128205128205128,391.10440512820514,0.0,0.08333333333333333,0.3709593664805921,0.0,0.0015453296703296679,0.0,2.562050460881394,-0.46153846153846156,-0.3660975502132003,-0.2650319434592656,0.04979252756148141,-0.06822223041489678,-0.16655998969764038,0.13912182812014887
Peppe,mid,GLL,3,37,0.568,12,0.25,13,53.5,52.4,54.4,55.1,50.4,Game Changers|Gamespace Mediterranean College Esports|WLGaming Esports,35.83783783783784,-133.45945945945945,-2.5675675675675675,564.0365783783784,0.24547978378378377,0.5135135135135135,1.1354324324324325,0.14270270270270272,0.5955710564781964,0.1999163348007115,1.135135135135135,323.97204054054055,0.0,0.25,0.31078340968132145,-0.632113431691895,-0.015119960765626135,3.5493795093795093,2.137186834969645,-0.5135135135135135,-0.49258898272023127,-0.07741000898294398,-0.13789045965135924,-0.02907598072499691,0.006694588361438422,-0.24323756147723335
KINGPIN,sup,BL,3,26,0.538,8,0.125,14,55.0,50.9,53.0,61.5,62.0,KV Mechelen Esports|Team THRLL Academy,26.115384615384617,-345.2307692307692,1.8846153846153846,183.38092307692307,0.09045287307692308,0.07692307692307693,2.0235423076923076,0.2104769230769231,0.6522153789237353,0.2520972965304949,0.23076923076923078,512.0715961538461,0.0,0.125,0.41560952970297027,-0.6547489082969432,0.5941734417344172,3.635603271131319,2.745625891934577,-0.38461538461538464,-0.35075055740763095,-0.00257911423423029,-0.2163941279752606,-0.10343367983666854,0.34859590532791696,0.3763816835238363
Cabu,sup,BRCC,2,23,0.783,3,0.333,11,50.3,55.6,62.4,55.1,62.7,RED Canids,-197.91304347826087,-123.08695652173913,-1.6521739130434783,146.6985652173913,0.0705795304347826,0.043478260869565216,2.6522391304347828,0.3965608695652174,0.6307020597277054,0.2214062479151993,0.08695652173913043,408.23894347826086,0.0,0.3333333333333333,0.41297122967099953,0.6270104371631448,0.10989996997734673,1.3888888888888888,2.2936585546278225,-0.43478260869565216,-0.1439992335416113,-0.24916849752386838,0.029271073089682933,0.3977540801693934,0.006736381659023658,0.41778089973461774
Fdy,bot,LDL,2,41,0.561,13,0.154,9,51.3,54.6,50.6,58.5,54.0,LGD Gaming Young Team,-160.92307692307693,31.76923076923077,-1.0769230769230769,481.02020487804873,0.2502100243902439,0.6829268292682927,1.0875277777777779,0.3382292682926829,0.6485269896628317,0.1938017422688139,2.317073170731707,366.79375853658536,0.0,0.15384615384615385,0.33345875270435515,-0.8183675786127824,0.29498412698412685,1.2857142857142863,1.4055638569974547,-0.6585365853658537,-0.1991149197354437,-0.19568948162077043,-0.022908208953947875,-0.23138184876157397,0.18754795727332413,-0.05220904369294714
Doublelift,bot,LCS,1,64,0.5,14,0.0,13,52.7,53.1,58.3,57.6,56.2,TSM|Team Liquid,-95.63492063492063,85.3015873015873,2.6984126984126986,484.1667359375,0.27164553125,0.546875,1.3786,0.3771625,0.6622179972183968,0.20099072149792932,5.6875,316.832240625,0.0,0.0,0.39645283197500564,1.0335643731307516,0.09181657481543103,3.6453823953823954,1.625,-0.578125,-0.36529888744391265,-0.12003525758361416,-0.09759793936708643,0.17543161167832205,0.138103065790086,0.06293997800328283
Avi,jng,UPL,2,32,0.531,9,0.0,12,53.6,52.2,50.3,53.3,59.0,Radiance,-166.78125,-274.78125,-2.9375,353.5614,0.15999965,0.4375,1.18381875,0.30070625,0.6473864578241232,0.17537819035802907,11.96875,743.02048125,0.0,0.0,0.27330649664091067,0.0,0.07892533678362129,0.0,2.1213203435596424,-0.53125,-0.2460805199293451,-0.07401448876504405,-0.14946007751531182,-0.2515490805590794,-0.09134715318462608,0.2110530581989144
Jackspektra,bot,NLC,2,30,0.333,6,0.0,10,53.9,51.9,50.9,57.9,57.2,Dusty|Phelan Gaming|Riddle Esports,21.466666666666665,-133.5,-4.0,531.5219666666667,0.2913372,0.6,0.9872233333333333,0.24730666666666667,0.6741624360045413,0.2099606337300358,1.7,355.59781333333336,0.0,0.0,0.3191648722029773,0.0,0.39963589076722994,0.0,1.8257418583505538,-0.5666666666666667,-0.2921131103789777,-0.056425136852249945,-0.16297615367503065,-0.2169187243437859,0.15571248463585524,0.11460123281147457
bAZZILISKS,sup,BM,3,27,0.593,10,0.3,13,58.4,47.4,59.7,47.7,52.6,PIGSPORTS,-225.62962962962962,46.44444444444444,-9.0,252.36266296296296,0.11308378148148147,0.037037037037037035,1.616525925925926,0.11321111111111112,0.6174487629714446,0.19217924081199142,0.14814814814814814,332.6402333333333,0.0,0.3,0.4105728968277836,0.28290777970694925,-0.46965856263349665,1.2153846153846153,2.5018511664883785,-0.5555555555555556,-0.741489341994535,0.17993299447063552,-0.41092193683855993,0.2503765209173538,-0.3967706899588197,-0.12472181538910904
Raina,sup,LJL,15,54,0.63,14,0.214,11,55.9,49.9,60.5,59.7,44.7,V3 Esports,166.9056603773585,12.150943396226415,5.849056603773585,139.12355185185186,0.07387881111111111,0.037037037037037035,2.232724074074074,0.32664629629629627,0.6253131815658955,0.21932101274727495,0.07407407407407407,516.0151925925926,0.0,0.21428571428571427,0.5288297559541311,-0.0927827628724947,0.04072913229957106,6.4603174603174605,1.4969103983674976,-0.5925925925925926,-0.5640637351985165,0.0457039184648116,-0.2744805099527356,0.29387108967314,0.2494265922638267,-0.5735823333634255
Xiaoxu,top,LDL,2,68,0.529,15,0.067,12,60.0,45.8,49.0,64.4,47.0,Royal Club,130.24242424242425,123.53030303030303,2.5757575757575757,480.75266176470586,0.22288036911764705,0.5588235294117647,0.8043866666666667,0.1232514705882353,0.5062359508002503,0.2591373542495191,2.4411764705882355,768.1503,0.0,0.06666666666666667,0.23969863032727678,0.0,0.7275322648836895,0.0,1.4552137502179978,-0.5735294117647058,-0.40105451823014576,0.26796872885817485,-0.5053699823892029,-0.321579375565977,0.5175006144460381,-0.43479430518523404
Lia,jng,CK,2,34,0.382,10,0.1,12,48.3,57.5,56.2,49.6,55.8,ESC Shane,-266.3030303030303,-316.969696969697,-4.757575757575758,269.8707705882353,0.14343624117647058,0.11764705882352941,1.4586470588235294,0.38525588235294117,0.7240044485502963,0.1827271154200596,8.382352941176471,659.919005882353,0.0,0.1,0.5511741443270105,0.0,-0.22093050899840724,0.0,2.057983021710106,-0.5294117647058824,-0.4381301937044049,-0.3583008515116679,0.131058129035043,0.06572104428450291,-0.2905821907427523,0.041709990489027036
pan,top,LMF,2,42,0.333,9,0.0,13,53.2,52.5,52.4,51.6,55.7,Coliseo Dragons|River Plate Gaming|Santiago Wanderers eSports,8.142857142857142,-42.595238095238095,0.9047619047619048,385.54198333333335,0.24148142857142857,0.3333333333333333,0.8161309523809525,0.11131666666666666,0.5705732168138183,0.21253403541108096,2.8095238095238093,794.2398761904763,0.0,0.0,0.5397073509617472,0.0,-0.03809311650701702,0.0,2.0059435495071947,-0.42857142857142855,-0.4233589779193781,-0.09286040453572314,-0.1303651748044499,-0.13764943902075474,-0.17859764047798715,0.03426305788045968
Tutsz,mid,CBLOL,15,53,0.585,12,0.25,16,55.6,50.1,62.6,68.2,52.2,KaBuM! Esports,-47.58490566037736,99.41509433962264,5.377358490566038,513.7042264150944,0.24341341509433964,0.33962264150943394,0.9800075471698113,0.14868113207547168,0.6306336905774005,0.19776000009103578,2.7547169811320753,355.1595849056604,0.0,0.25,0.5616515837104071,-0.07971619365609338,0.11952010769993814,13.333333333333334,2.1977690231790246,-0.5471698113207547,-0.3574177554778811,0.03371153305351664,-0.2615221496553227,0.41408993271261507,0.7631483829707226,-0.1453885916425967
Jeyrus,bot,TAL,3,42,0.405,14,0.0,17,52.0,53.7,47.8,75.8,62.9,Dark Passage|Dark Passage Academy|Royal Youth|Royal Youth Academy,-133.02380952380952,51.07142857142857,7.928571428571429,433.8209857142857,0.24210534285714283,0.8571428571428571,1.0795904761904762,0.24462380952380952,0.6348972957450775,0.17756657813786297,2.5952380952380953,293.32274047619046,0.0,0.0,0.2099036351493178,-0.24737926709076247,1.337463976945245,11.762452107279694,2.6231569493555624,-0.42857142857142855,-0.3775377263509512,-0.15795064730062072,-0.06672319043150789,-0.3867489141712628,1.4675835910237227,0.4258806501657687
Dawn,bot,PCS,15,21,0.333,7,0.0,6,52.0,53.7,51.1,52.1,44.6,Liyab Esports,-39.857142857142854,-62.23809523809524,-0.8095238095238095,459.7186666666667,0.2688865238095238,0.38095238095238093,1.2679142857142858,0.29023809523809524,0.5958577450118804,0.11879874484179365,1.5714285714285714,245.10715714285712,0.0,0.0,0.24290155440414504,0.0,-0.0912450446818517,0.0,1.3093073414159544,-0.8571428571428571,-0.6084344458639105,-0.16074954749707993,-0.0673234124896455,-0.20701289606210702,-0.15481863825662345,-0.575937918868386
Sting,jng,CBLOL,15,26,0.385,8,0.0,12,52.9,52.8,50.6,49.4,61.8,FURIA,-326.2692307692308,-204.23076923076923,-3.6538461538461537,303.58100384615386,0.16164949999999997,0.19230769230769232,1.4602615384615385,0.38985384615384616,0.6365211525747878,0.19162058946783384,12.846153846153847,613.6056307692307,0.0,0.0,0.18673050615595074,0.0,-0.21964017991004506,0.0,2.3533936216582085,-0.4230769230769231,-0.22955895026932918,-0.10851487805090948,-0.1155657335201329,-0.2343665082316551,-0.30140776142111897,0.36641662374247286
Duan,sup,LPL,1,58,0.362,22,0.136,12,52.9,52.7,54.4,48.3,52.6,LNG Esports,8.375,-2.267857142857143,0.10714285714285714,141.66458421052633,0.08006750350877194,0.0,2.3910181818181817,0.4023140350877193,0.6374539449185582,0.23232777742345906,0.0,616.4091344827586,0.0,0.13636363636363635,0.2745478191061464,0.0,-0.2368905243790248,0.0,1.5756771943166705,-0.5172413793103449,-0.36205549224964767,-0.11157086639967112,-0.12270120490187265,-0.03387016136893403,-0.3580251934926619,-0.12520291792116217
Klaus,bot,CBLOL,15,32,0.5,6,0.0,9,55.8,49.8,50.4,44.2,50.2,Vivo Keyd,-209.03125,13.5625,6.0,575.713896875,0.2810983125,0.46875,1.124165625,0.29452812500000003,0.5461014294765262,0.16821567978680307,3.375,344.340059375,0.0,0.0,0.27726074143012247,0.0,-0.5809154383242824,0.0,1.590990257669732,-0.71875,-0.4050880874396553,0.042453926288128545,-0.2785702960014512,-0.24411622297781208,-0.6022428221374767,-0.25670687247285107
Andreus,bot,DDH,3,22,0.455,5,0.2,10,52.0,53.6,56.7,50.1,54.8,Arctic Gaming México,13.045454545454545,-268.8181818181818,-7.909090909090909,511.06081363636366,0.25582900000000003,0.5909090909090909,1.1594136363636365,0.21325454545454547,0.6449876220270957,0.20279336532789854,2.4545454545454546,321.51012727272723,0.0,0.2,0.6530212677949742,-0.7903935287692262,-0.49971801657194914,1.8788732394366199,2.1320071635561044,-0.5454545454545454,-0.46949738084614806,-0.15802179358371385,-0.07271922552948919,0.0873177149595319,-0.26254305013476004,-0.011491338120438368
Kolthro,jng,UPL,2,28,0.25,9,0.111,12,58.1,47.5,54.8,62.8,53.3,Grand View University,-157.21428571428572,-7.071428571428571,1.25,439.17613571428575,0.20412955357142856,0.32142857142857145,1.1190857142857142,0.29076071428571426,0.5591782186103447,0.1895382250694884,14.428571428571429,568.8835928571428,0.0,0.1111111111111111,0.4217813658123049,0.0,0.9461433789300293,0.0,2.2677868380553634,-0.5714285714285714,-0.6523357986437521,0.1622338735607331,-0.4064538157609257,-0.010747620802244996,0.4208382013738384,-0.0911243338086638
Motive,sup,CK,2,76,0.461,19,0.316,17,54.7,50.9,74.5,58.1,60.1,OZ Gaming,-61.21052631578947,17.526315789473685,1.4078947368421053,163.49715394736842,0.0894242394736842,0.02631578947368421,2.3207684210526316,0.3020013157894737,0.6608997627858848,0.24118494056411605,0.07894736842105263,407.0305526315789,0.0,0.3157894736842105,0.3217132559406563,2.4939272217336534,-0.21560178306092123,5.0,1.9500337378997747,-0.3684210526315789,-0.46764309494063544,-0.014823824590262909,-0.21924347188548793,1.312440542875336,0.16202298775884152,0.27306246302731907
Mistil,bot,PGN,3,23,0.435,8,0.25,10,48.4,57.2,57.3,63.8,53.6,Cyberground Gaming,-309.82608695652175,-69.6086956521739,-1.608695652173913,406.97838260869565,0.218172,0.5217391304347826,1.2238782608695653,0.3358608695652174,0.6211038354042123,0.1470080852427063,1.5217391304347827,298.5540608695652,0.0,0.25,0.2866666666666667,0.08819133034379653,1.1634283246977553,2.715909090909091,2.0851441405707476,-0.5652173913043478,-0.5175074635074891,-0.3552292052395741,0.11396642260909585,0.11997691200982473,0.4801808964170584,-0.07246414633086079
Eagle,jng,VCS,15,30,0.367,12,0.083,14,51.6,54.0,54.5,51.6,57.4,Percent Esports|V Gaming,-436.6666666666667,-503.1333333333333,-8.7,333.9156233333333,0.17503161,0.23333333333333334,1.64146,0.3849066666666667,0.646559795505874,0.19829424654081404,14.233333333333333,550.44408,0.0,0.08333333333333333,0.42261503170962084,-0.2096896290688872,-0.10474860335195528,0.737226277372263,2.556038601690775,-0.4666666666666667,-0.502553428708688,-0.18137485452666022,-0.05248428532705986,-0.028470934694250435,-0.17988263178317648,0.12834661249857188
Morgan,top,LPL,1,102,0.52,25,0.2,13,46.4,59.1,61.7,59.5,42.5,Hanwha Life Esports|Team WE,-109.17,-133.33,-5.49,366.03799306930694,0.19475821782178218,0.29411764705882354,1.0436235955056181,0.2529217821782178,0.5606635765226737,0.21138879204544708,1.0693069306930694,772.8416666666667,0.0,0.2,0.46156443192362295,-0.2790944393290364,0.13285777975925092,5.2085185185185185,1.2871918058696767,-0.6568627450980392,-0.39749662244360046,-0.46818950491115624,0.21588747524671936,0.36109237975261793,0.23988184082655123,-0.713955522486976
Sumi,mid,BL,3,43,0.488,9,0.0,22,53.0,52.5,49.7,62.2,64.8,KV Mechelen Esports|Team Barkers|mCon esports,-290.6046511627907,-250.97674418604652,-9.093023255813954,580.4371627906977,0.29618758139534884,0.7209302325581395,0.8814116279069768,0.17653023255813952,0.6265761199764882,0.2008551894858908,1.9534883720930232,464.309811627907,0.0,0.0,0.2513839629191766,0.037719747397166645,0.3981549534936768,4.309950396825396,3.354968547317303,-0.3023255813953488,-0.45321632901006415,-0.10681423460119366,-0.13004933791309548,-0.28212099614058367,0.3888856473576782,0.5436479524620237
Dreamer Ace,sup,PRM,3,59,0.542,21,0.19,20,49.0,56.5,57.9,55.3,65.1,Unicorns of Love Sexy Edition,-174.3728813559322,18.74576271186441,-3.3389830508474576,162.54766779661017,0.07914691525423728,0.0,2.2041694915254237,0.2948372881355932,0.6505437187221307,0.13218870260980772,0.01694915254237288,319.80694745762713,0.0,0.19047619047619047,0.36004227685717033,0.3384612806461884,-0.10418996832856954,4.897025171624713,2.6037782196164776,-0.4067796610169492,-0.2789261489076717,-0.32118860588409925,0.07848778032093753,0.15088176892412059,0.01644234328867393,0.5616320520981323
Barcode,bot,SLO,3,22,0.227,7,0.0,11,48.5,57.0,51.5,49.0,58.7,MNM Gaming|S2V Esports,-421.3181818181818,-202.3181818181818,-8.681818181818182,448.8487818181818,0.2555100454545455,0.36363636363636365,1.0639272727272728,0.2675590909090909,0.6557153007810903,0.1260546170290997,2.0454545454545454,292.7428681818182,0.0,0.0,0.2912621359223301,0.0,-0.41355932203389834,0.0,2.345207879911715,-0.5,-0.29091116270214856,-0.35118612426149787,0.10706677914265296,-0.1829358495247826,-0.32258848813149177,0.19758933236529552
PatkicaA,top,PGN,3,36,0.444,10,0.0,11,51.0,54.5,49.6,60.2,46.8,Upper Echelon|aNc Outplayed,-247.47222222222223,-80.25,-3.9166666666666665,400.2524638888889,0.2176743888888889,0.3611111111111111,0.8734722222222222,0.1269111111111111,0.5412554866610201,0.1995004209454244,1.1111111111111112,868.0366083333333,0.0,0.0,0.3252901415635761,-0.31100939532642735,0.7304240173320955,3.546099290780142,1.8333333333333333,-0.6388888888888888,-0.5302441975751637,-0.213460455899367,-0.026228833190584177,-0.28701010831009266,0.27453508920056124,-0.4489036834881654
Himmel,bot,VCS,15,33,0.788,4,0.0,11,53.9,51.6,46.7,50.3,56.8,GAM Esports,4.878787878787879,-16.96969696969697,-6.818181818181818,558.6403818181818,0.2525295454545455,0.5151515151515151,1.2628212121212121,0.3468333333333334,0.5993215566743745,0.2196429198347357,4.333333333333333,324.26100606060606,0.0,0.0,0.1743599689681924,-0.4906103286384977,-0.252049426160675,2.111111111111111,1.9148542155126762,-0.5757575757575758,-0.38579952640517506,-0.05916925104751487,-0.1801172853740943,-0.4520857291884748,-0.24756593735332053,0.09571299131425533
Zile,jng,UPL,2,49,0.306,23,0.087,15,53.9,51.6,56.7,50.6,56.3,Dark Matter|Harrisburg University|Robert Morris University Illinois,-179.9795918367347,-150.59183673469389,-0.5102040816326531,363.5085653061224,0.17827741836734695,0.20408163265306123,1.1419816326530612,0.2683897959183673,0.7102632047192748,0.22584856620967814,12.918367346938776,803.0074367346939,0.0,0.08695652173913043,0.585678293856783,0.0,-0.07096068096314224,0.0,2.142857142857143,-0.4897959183673469,-0.5168681028716012,-0.05736003263707103,-0.17846654496739087,0.08903054464892267,-0.23323298274960858,0.06755921362123526
Vinnie,top,BL,3,23,0.391,10,0.3,13,52.6,52.9,65.2,52.1,57.2,Team 7AM,-91.30434782608695,188.8695652173913,1.434782608695652,367.1661565217391,0.20561386956521738,0.17391304347826086,0.7806173913043478,0.07016521739130434,0.5513692587004725,0.16141316842622536,0.782608695652174,605.2651434782608,0.0,0.3,1.211469534050179,0.0,-0.2995762000671367,2.861111111111111,2.710687382741972,-0.5217391304347826,-0.4600531089383923,-0.12421546225412765,-0.11137758551694424,0.5678527551090636,-0.15450107090530987,0.11626738145995093
Phlaty,mid,LCL,15,40,0.8,6,0.333,11,59.4,46.1,60.5,60.1,52.2,Gambit Esports|RoX,83.55,166.125,3.675,509.4259475,0.248127225,0.875,0.9419025,0.1398925,0.6332420936903118,0.29508513293045324,2.675,460.07208499999996,0.0,0.3333333333333333,0.38025798034635855,-0.25944903249141005,0.17648068669527894,6.291666666666667,1.7392527130926085,-0.525,-0.2304931267095884,0.23365980475099118,-0.48646681691154614,0.2918787993069852,0.2707018698343323,-0.14702510163113683
Disconnector,bot,UPL,2,39,0.41,14,0.214,15,56.0,49.5,59.3,55.8,63.0,Charlotte Phoenix|Grand View University,-184.3846153846154,-60.256410256410255,-5.641025641025641,630.328058974359,0.2782301025641026,0.7948717948717948,0.957776923076923,0.22572820512820513,0.6229281109944507,0.19872075029090874,1.3333333333333333,372.95327435897434,0.0,0.21428571428571427,0.5433101853208966,0.0,-0.24730779533886946,5.666666666666667,2.401922307076307,-0.46153846153846156,-0.35522645504462763,0.05134194711254418,-0.2950991548280659,0.2301037859454939,0.04144576635107938,0.432862468587216
Hoiz,bot,NLC,2,29,0.586,4,0.0,8,55.7,49.8,49.0,76.6,50.4,Dusty|Godsent,183.58620689655172,105.03448275862068,-1.896551724137931,545.5887137931035,0.26946944827586206,0.41379310344827586,0.9186758620689656,0.1818448275862069,0.6408029359472786,0.18844866447829672,2.3793103448275863,262.3252310344828,0.0,0.0,0.14136161322554278,0.0,0.7214081185784065,21.837962962962962,1.4855627054164149,-0.6551724137931034,-0.44210129688226685,0.03619359855403878,-0.2746705966705173,-0.3231550856731811,1.5893441482808526,-0.24375366653812447
Mori,jng,LDL,2,28,0.393,11,0.091,8,53.1,52.4,52.9,53.5,47.5,Oh My God Academy,-291.2962962962963,-726.4444444444445,-12.333333333333334,440.34630357142856,0.19007408571428572,0.5714285714285714,1.2354714285714288,0.3028892857142857,0.6875654016958365,0.19779365878595173,10.892857142857142,572.9089214285715,0.0,0.09090909090909091,0.3022709214262298,0.0,0.08598533677086688,0.0,1.5118578920369088,-0.7142857142857143,-0.537017780039958,-0.10224146679561506,-0.13505725139662383,-0.10966825789939737,-0.08019603131470664,-0.4074480247745084
Gate,sup,LCSA,2,34,0.353,7,0.0,13,51.1,54.3,48.7,47.2,53.5,Immortals|Immortals Academy,53.970588235294116,-93.91176470588235,-0.029411764705882353,127.6850088235294,0.07756971764705882,0.0,2.5119411764705886,0.3295529411764706,0.6573413096393883,0.2439546372208218,0.058823529411764705,520.9368382352941,0.0,0.0,0.18620130249450062,0.0,-0.4809196492059729,0.0,2.2294816068526147,-0.4117647058823529,-0.8699064098919738,-0.205392246806206,-0.03651134050205331,-0.33766668620405865,-0.42171912481801,-0.07665724005227978
ProxeYY,bot,EBL,3,29,0.655,3,0.333,12,49.9,55.5,59.5,57.1,58.6,Demise|Elementaries Esport Club,-142.27586206896552,-226.55172413793105,-3.413793103448276,466.77546551724134,0.23434262068965517,0.7241379310344828,1.0655689655172413,0.2730689655172414,0.5620094545502894,0.12204837638250242,3.413793103448276,307.4525586206897,0.0,0.3333333333333333,0.5149580229395766,-0.6439471007121058,0.1585240775484678,3.4999999999999996,2.2283440581246223,-0.5517241379310345,-0.2224241454220123,-0.2734294581093654,0.023896028357694978,0.2373467292076789,0.10918689224092831,0.19201035350061108
Absolute,sup,TCL,15,41,0.512,7,0.0,17,59.6,45.8,44.1,57.7,57.9,Dark Passage,168.8780487804878,130.46341463414635,-1.975609756097561,156.50949024390243,0.09668300975609756,0.04878048780487805,1.8052804878048783,0.1896829268292683,0.6898895280779374,0.23528699623943955,0.0,485.43487804878043,0.0,0.0,0.14368220876179744,-0.9302258936692459,-0.30736674758845905,9.363636363636365,2.654953952106303,-0.43902439024390244,-0.6743266102167526,0.24717277799799567,-0.5068732912865699,-0.612231051864778,0.14449521936365092,0.15293549586190164
stillnumb,mid,TCL,15,55,0.473,10,0.1,23,54.4,51.0,50.0,55.7,63.8,Beşiktaş Academy|Beşiktaş Esports,57.61818181818182,-19.381818181818183,-0.21818181818181817,462.10088181818185,0.26935030909090907,0.4727272727272727,0.9772490909090908,0.13552727272727272,0.6755894982210772,0.2242188814053965,2.6,455.7432927272727,0.0,0.1,0.3542964455844632,-0.7348206882749287,-0.04482447737645818,4.275862068965518,3.1013193673309134,-0.34545454545454546,-0.4125819691380075,-0.030569860306266836,-0.21308159850827357,-0.26763045663808327,0.036348458318607224,0.4810750203327383
DrewDozer,mid,UPL,2,41,0.415,19,0.158,17,55.9,49.5,55.5,59.9,59.0,Illinois State University|Team Fish Taco,-219.09756097560975,-256.6829268292683,-5.951219512195122,603.8359195121951,0.2734287804878049,0.9512195121951219,0.9089097560975611,0.17408536585365855,0.6035200791233831,0.25554756270082696,4.487804878048781,546.6234658536586,0.0,0.15789473684210525,0.44004034676227183,0.0,0.6295871409914795,0.5666666666666667,2.654953952106303,-0.43902439024390244,-0.3595178764311584,0.04558698613963672,-0.29229548636752656,0.02848343599063009,0.2610750811496555,0.21182539702788122
XoNix,mid,LCL,15,29,0.448,7,0.0,12,54.6,50.8,48.6,57.0,50.0,CrowCrowd,-116.62068965517241,-95.0,-4.103448275862069,546.0470793103448,0.2745898620689655,0.3793103448275862,0.9482620689655172,0.1308758620689655,0.6503136861122342,0.18250261988465255,1.3448275862068966,283.6905551724138,0.0,0.0,0.10688319970845479,0.0,0.6121675988617404,0.0,2.2283440581246223,-0.5517241379310345,-0.5766531927760618,-0.01898683171597352,-0.22166182403642437,-0.34402249872402885,0.10402496689702048,-0.26541748316328184
Candy,mid,PCS,15,52,0.692,8,0.0,13,53.4,52.0,49.6,56.4,52.2,PSG Talon,110.96153846153847,-57.42307692307692,-1.0769230769230769,462.3708153846154,0.2499058653846154,0.46153846153846156,0.9210557692307693,0.18354615384615383,0.6786742681617628,0.20031874115146744,2.7884615384615383,295.71710192307694,0.0,0.0,0.17805755395683454,0.3790891597177681,0.04582484725050914,3.9969985569985567,1.8027756377319948,-0.5,-0.27196171152658394,-0.08168164249924219,-0.1600111535979333,-0.28920250712855483,0.07150342659573701,-0.14670669126033464
Hydra,mid,NEXO,3,37,0.784,3,0.333,14,54.3,51.1,54.4,56.6,57.1,Movistar Riders Academy,116.78378378378379,18.45945945945946,5.351351351351352,463.13394864864864,0.23071696216216214,0.8648648648648649,0.9507378378378379,0.14566756756756757,0.6065870343685383,0.19858560307476716,1.5675675675675675,363.583327027027,0.0,0.3333333333333333,0.20179942531442838,-0.8613999999999999,-0.2208342211804816,7.971153846153847,2.301585822275002,-0.43243243243243246,-0.2689289167128063,-0.03542859355705371,-0.20435896705847958,-0.030008534546524523,0.08624879183344492,0.11208266915360571
Clowz,top,LDL,2,70,0.429,18,0.056,17,49.8,55.6,47.4,49.5,55.1,WanZhen Esports Club,-3.2153846153846155,67.67692307692307,1.0307692307692307,373.5146142857143,0.20454894285714287,0.18571428571428572,0.9445020833333334,0.18622714285714284,0.5252036039203348,0.1943703255717803,2.2857142857142856,696.5349299999999,0.0,0.05555555555555555,0.1653217463273329,0.0,-0.10848126232741617,0.0,2.0318886358684694,-0.4714285714285714,-0.4117249416548825,-0.27745040477262195,0.028985623269204522,-0.412389764872541,-0.2940153600703073,0.003805809799424546
Mocha,sup,PCS,15,21,0.333,7,0.0,9,52.7,52.7,51.1,53.6,54.9,Liyab Esports,-70.14285714285714,-39.714285714285715,2.0476190476190474,146.07382857142858,0.08654919999999999,0.0,2.367166666666667,0.33626666666666666,0.6326201958720755,0.1970241199711935,0.0,382.27313333333336,0.0,0.0,0.17247729726297076,0.0,0.12040530599653544,0.0,1.9639610121239315,-0.5714285714285714,-0.3781241590137056,-0.12367404923806934,-0.12337303312726315,-0.20509794046728963,-0.07374323759676969,-0.005444380971813975
Baolan,sup,LPL,1,36,0.528,8,0.125,10,53.6,51.8,52.0,47.6,47.8,Invictus Gaming,-76.39393939393939,100.45454545454545,1.5757575757575757,152.16315277777778,0.07223338333333333,0.0,2.4802142857142857,0.3072888888888889,0.6509881433261677,0.24482447813115168,0.0,574.8701,0.0,0.125,0.23512513536277221,-0.20116861435726216,-0.691826643397324,2.9742063492063493,1.6666666666666667,-0.6111111111111112,-0.5516175216926734,-0.07408469133313325,-0.1667734084719536,-0.15845283399097268,-0.40212417377097764,-0.3886488814542216
Crazy,top,LPL,1,29,0.414,12,0.083,9,53.2,52.1,51.7,49.0,54.3,Rogue Warriors,-44.62068965517241,-114.27586206896552,8.206896551724139,380.5223555555556,0.21498948148148148,0.2413793103448276,0.8746074074074074,0.15418148148148147,0.5155084175521228,0.15418687157237387,0.9259259259259259,644.8929931034482,0.0,0.08333333333333333,0.15433044519582978,0.0,-0.2664397703809588,0.0,1.671258043593467,-0.7241379310344828,-0.07561193678133843,-0.09289388385116921,-0.1510698846469932,-0.17695996270280182,-0.32323540707714243,-0.03805520319125835
Satorius,top,PRM,3,55,0.509,11,0.182,14,52.1,53.2,58.5,52.5,52.8,EURONICS Gaming,7.363636363636363,-86.65454545454546,-0.4,433.79642,0.2123618981818182,0.18181818181818182,0.9684527272727272,0.09772,0.5476549073358646,0.2189257438209885,0.5454545454545454,873.7780381818181,0.0,0.18181818181818182,0.46895045027880455,0.0349505439562426,-0.14318840579710138,3.3730158730158726,1.8877596148970779,-0.5272727272727272,-0.304659600482982,-0.15263106006741103,-0.09247204977667997,0.18364197843883737,-0.1338810145705799,-0.11774687425901063
Wiz,jng,CBLOL,15,27,0.63,9,0.333,11,49.7,55.6,65.0,59.1,59.3,KaBuM! Esports,-442.1111111111111,-501.81481481481484,-9.62962962962963,315.37292222222226,0.14330422592592593,0.18518518518518517,1.874022222222222,0.43968888888888885,0.623420291538477,0.20252057603622792,9.88888888888889,644.9503370370371,0.0,0.3333333333333333,0.7322033898305085,0.0,0.38139329805996464,0.0,2.116950987028628,-0.48148148148148145,-0.22280137367583303,-0.28130892725020074,0.031417603192141236,0.5514715104306555,0.21516349517052455,0.22891750508923703
Homeless,jng,BM,3,26,0.538,7,0.143,12,57.6,47.7,55.5,55.6,53.3,Anorthosis Famagusta Esports|PIGSPORTS|Team Refuse,232.26923076923077,176.8846153846154,-0.2692307692307692,345.0056307692308,0.17145954615384615,0.3076923076923077,1.0916769230769232,0.2524269230769231,0.6959946667696593,0.3108671886224383,7.076923076923077,651.3981423076923,0.0,0.14285714285714285,0.3565318174292179,0.0,0.43745541022592155,0.0,2.3533936216582085,-0.46153846153846156,-0.7315792866155986,0.13786083719722797,-0.3962407188609378,0.028234084633838048,0.030829556087715787,-0.09101582024724987
hulatang,top,LDL,2,85,0.612,14,0.143,18,54.7,50.6,53.9,65.6,61.8,LNG Esports|Shu Dai Xiong Gaming,227.75324675324674,-7.7272727272727275,1.3896103896103895,434.29623058823535,0.21164364705882352,0.2823529411764706,0.9269318181818182,0.15537411764705883,0.5327948998438828,0.25890608041176716,2.7058823529411766,760.2506223529411,0.0,0.14285714285714285,0.2798663324979115,0.29883835941890957,0.2299652709521,5.299999999999999,1.9523741203679057,-0.4117647058823529,-0.18272086591601677,-0.01423206088578193,-0.23399819278818687,-0.05733696643894213,0.5933694104038053,0.36527322103123483
Imba,top,NEXO,3,34,0.5,5,0.2,12,48.8,56.5,52.2,52.8,51.3,Kawaii Kiwis,-116.08823529411765,-115.79411764705883,-1.6470588235294117,368.49035882352945,0.19763258823529412,0.11764705882352941,0.902270588235294,0.13278823529411765,0.5662286343276383,0.20014189146109562,0.8235294117647058,986.1897794117647,0.0,0.2,0.20545979942206352,-0.8609018198678567,-0.5616528925619834,6.466666666666667,2.057983021710106,-0.5588235294117647,-0.477027525435356,-0.33269380314709207,0.0789122198840384,-0.14928153790164295,-0.1139591466598843,-0.19341159525041463
Taba,bot,PGN,3,37,0.405,12,0.0,8,51.7,53.5,48.4,57.9,46.6,QLASH Forge|aNc Outplayed,-50.32432432432432,-99.32432432432432,-1.0,469.28857027027027,0.2612245135135135,0.6486486486486487,1.0292,0.23582702702702701,0.6525641989641182,0.16088588259304373,0.972972972972973,261.3895810810811,0.0,0.0,0.3116045681851365,-0.498907912351159,0.3681974143741193,2.190950798924221,1.3151918984428583,-0.6216216216216216,-0.47461588056454795,-0.17428462957244556,-0.07899318803826293,-0.3524669157404978,0.15306214349050817,-0.455349377818467
Zica,top,VCS,15,29,0.207,10,0.1,14,52.5,52.7,54.6,48.1,60.5,FTV Esports|Team Secret,-222.41379310344828,-268.58620689655174,-4.551724137931035,425.95811379310345,0.23659396551724138,0.2413793103448276,0.8740448275862069,0.1435448275862069,0.5716082658687015,0.22322503902940077,1.103448275862069,746.7277551724137,0.0,0.1,0.35765512815370426,0.0,-0.29029395452024404,0.0,2.599734734478726,-0.4482758620689655,-0.3463917753603712,-0.132817883063064,-0.12364683644266068,-0.022425736014651622,-0.37027197590739447,0.2949674358853857
Wasteee,bot,TCL,15,33,0.545,6,0.0,9,52.0,53.2,50.1,50.5,51.3,Dark Passage|Dark Passage Academy,46.03030303030303,-17.90909090909091,-8.454545454545455,475.0035363636364,0.269265303030303,0.5151515151515151,1.154948484848485,0.28023333333333333,0.7042118968886868,0.1955639885003403,2.1818181818181817,327.76373333333333,0.0,0.0,0.25793541264145736,0.0,-0.1316234493685939,0.0,1.5666989036012806,-0.7272727272727273,-0.31242149317116774,-0.1588628804747466,-0.09395769405084135,-0.2635581441598907,-0.23943914538969557,-0.1966092995030203
Unforgiven,jng,LLA,15,30,0.333,9,0.333,10,49.6,55.6,65.7,58.1,50.8,XTEN Esports,-77.5,-218.66666666666666,-8.333333333333334,202.85431333333332,0.12610987333333334,0.2,1.47505,0.33353333333333335,0.7666788688034818,0.20723482752322434,6.133333333333334,729.95399,0.0,0.3333333333333333,0.7475783475783475,0.0,0.3126603934987168,0.0,1.8257418583505538,-0.6,-0.4131925277974624,-0.29074218740620994,0.03071747735284203,0.5994118093389758,0.16561167334410082,-0.2232488964572184
Kakan,top,NLC,2,26,0.5,8,0.125,14,50.5,54.7,52.4,55.7,61.8,MNM Gaming,-93.61538461538461,-113.8076923076923,-1.4230769230769231,394.26557307692303,0.20123146153846155,0.19230769230769232,0.9081115384615385,0.15321153846153845,0.576032639049061,0.2447951525489397,2.5,904.1082269230769,0.0,0.125,0.23050804828973845,0.0,0.031201729996910607,2.2666762507188043,2.745625891934577,-0.38461538461538464,-0.3274481988537079,-0.23953459854498735,-0.01493962442873675,-0.1378430011723029,0.0379153862058043,0.3679525190445576
BaeKHo,bot,LAS,3,24,0.5,6,0.0,9,53.6,51.6,47.2,60.0,55.9,DN SOOPers Academy,32.041666666666664,171.54166666666666,-1.25,462.0846041666667,0.22395562916666667,0.9166666666666666,0.9878708333333334,0.23192500000000002,0.5193466022197873,0.11602377124581072,1.7916666666666667,222.79193333333333,0.0,0.0,0.1635658914728682,-0.9151500245941958,0.5894670050761422,3.119555174820737,1.8371173070873836,-0.7083333333333334,0.0,-0.0741767925545002,-0.18073218672144686,-0.4201383892434818,0.2647286945373934,0.04972391631647788
Inspired,jng,LEC,1,61,0.525,13,0.077,17,51.3,53.9,50.8,71.1,61.8,Rogue,61.278688524590166,-24.131147540983605,-2.0491803278688523,227.8995081967213,0.1366190442622951,0.11475409836065574,1.5915622950819672,0.3929639344262295,0.6978472254346362,0.18635005869749008,9.852459016393443,682.4638065573771,0.0,0.07692307692307693,0.2032500468592915,0.029237955875731733,0.2731754367163219,10.255175983436853,2.1766269588592317,-0.32786885245901637,-0.4696292669706848,-0.19574598429483173,-0.05791246396345609,-0.2224072105213544,0.9783097011484245,0.3674549360166365
Vander,sup,LEC,1,61,0.525,13,0.077,12,55.4,49.8,56.3,64.6,43.7,Rogue,9.065573770491802,97.8688524590164,-1.7704918032786885,136.51525081967213,0.0804982131147541,0.03278688524590164,2.375624590163935,0.26549180327868854,0.6163772678068007,0.18758866546687294,0.0,495.6308016393442,0.0,0.07692307692307693,0.4327014514720661,-0.039829093409291784,-0.169417470149511,15.210101010101013,1.5364425591947517,-0.6229508196721312,-0.5572717634058479,0.019919968326359415,-0.27464540443274205,0.06706297038492165,0.528594313414627,-0.6340037315914588
FEBIVEN,mid,LEC,1,40,0.45,11,0.0,14,54.8,50.4,51.0,47.7,51.5,Misfits Gaming,-79.9,40.175,-0.2,474.31225750000004,0.278902525,0.4,0.9905425000000001,0.213335,0.6464727854704635,0.20555926120584372,2.25,328.2559675,0.0,0.0,0.37309048797178507,-0.026723510450244268,-0.2646126760563381,0.8461538461538461,2.2135943621178655,-0.525,-0.42280850952288435,-0.012357232469099073,-0.24354455799367344,-0.21450614999060744,-0.3941072286188042,-0.1854831688290019
Chevis,jng,DDH,3,21,0.238,8,0.0,8,48.9,56.3,52.2,55.2,47.7,Infinity Esports Academy,-249.57142857142858,-318.0,-10.666666666666666,257.8502238095238,0.14968645238095238,0.0,1.5390666666666666,0.39160476190476184,0.7069950155362055,0.2501396353758237,7.0,707.5822047619048,0.0,0.0,0.2981359955319743,0.0,0.3965507861378596,0.0,1.7457431218879391,-0.6666666666666666,-0.7540923213592485,-0.3267873659868146,0.06629348494715828,-0.14928450834169685,0.008088335564255977,-0.3963498965201373
Proker,mid,UL,2,36,0.278,13,0.077,12,52.8,52.4,54.5,47.8,46.1,Cyber Gaming|PRIDE,-228.80555555555554,-13.416666666666666,-0.08333333333333333,506.61901666666665,0.26440658333333333,0.5,0.8634888888888889,0.14678611111111112,0.6278569308777642,0.13865394662261724,0.5555555555555556,328.3349888888889,0.0,0.07692307692307693,0.2822391813372647,0.8715596330275232,-0.5180115273775217,0.9945652173913043,2.0,-0.5833333333333334,-0.6695005979642562,-0.11451713818753119,-0.13781562236380895,-0.027096309133326557,-0.39039199189532986,-0.48785061805294533
IlllIma,top,LAS,3,30,0.667,6,0.167,12,54.4,50.8,62.4,56.6,59.7,DRX Academy,-333.5,-301.1666666666667,-3.3,568.9475866666667,0.22693660000000002,0.3333333333333333,0.7527166666666666,0.13845000000000002,0.48605552286979853,0.21814922585756652,1.9666666666666666,828.5936433333334,0.0,0.16666666666666666,0.43848349372332096,1.696209461853081,0.2577346078733682,3.903736792396744,2.1908902300206643,-0.5333333333333333,0.0,-0.03419568780136492,-0.22559471561658334,0.4001343778008849,0.08293472135002183,0.24736129028673548
Leo,bot,LCK,1,26,0.462,7,0.143,9,48.1,57.0,62.2,49.4,58.5,Liiv SANDBOX,-184.19230769230768,-186.8846153846154,-2.923076923076923,419.67246153846156,0.24490700384615385,0.5384615384615384,1.5352961538461538,0.5091461538461538,0.6469930795263277,0.15973279799637266,1.3461538461538463,337.1942769230769,0.0,0.14285714285714285,0.5725827135162862,1.0016012810248196,-0.23429319371727755,0.0,1.7650452162436565,-0.6153846153846154,-0.24262710476135593,-0.37094405871819147,0.10446949186844223,0.38922003391859916,-0.30108983983090987,0.1877529796273601
DANY,bot,HM,3,60,0.55,9,0.111,14,49.2,55.9,52.0,55.4,53.3,Cyber Gaming|Team Sampi|eSuba,-97.7,-1.75,-13.9,495.185395,0.24616371666666667,0.5833333333333334,1.2994333333333332,0.30487333333333333,0.6789775451437182,0.22948258003971536,2.6166666666666667,292.98752666666667,0.0,0.1111111111111111,0.2775414058424622,-0.18179769090134987,0.07381804118727653,2.6133436092425972,1.8073922282301278,-0.55,-0.36126262768954254,-0.31062172986043995,0.04486997745686617,-0.16066608258130943,0.0198933004802788,-0.09181524080127355
BadPie,top,HM,3,24,0.542,6,0.0,14,51.7,53.4,48.8,50.5,61.0,Inside Games,-221.25,-118.29166666666667,0.08333333333333333,431.42203333333333,0.22170080416666668,0.08333333333333333,0.8987916666666665,0.10881666666666667,0.5456705209994683,0.2284110024822099,3.2916666666666665,637.149125,0.0,0.0,0.23935782048163462,-0.7485766340241403,-0.5502939255388635,2.9600000000000004,2.8577380332470415,-0.4583333333333333,-0.3274282698749695,-0.1758540863797593,-0.08437334707420402,-0.33217545169091894,-0.2384791945812918,0.3199312225811398
Sedrion,sup,UL,2,36,0.278,12,0.083,15,48.8,56.3,53.6,46.5,56.7,SK Gaming Prime|piratesports,-157.63888888888889,-227.97222222222223,-4.888888888888889,164.4191222222222,0.09019429166666666,0.0,2.1026444444444445,0.3150222222222222,0.725398095469746,0.21221917379486813,0.2222222222222222,439.76283611111114,0.0,0.08333333333333333,0.5870631970260224,-0.7569163097580739,-0.6647735993860322,0.9259259259259258,2.5,-0.4444444444444444,-0.7686159234821921,-0.33319172879501396,0.06978788997918883,-0.07514909876994402,-0.46497087564593653,0.09180111999352857
Juzu,top,TCL,15,41,0.512,7,0.0,14,50.7,54.4,45.1,59.6,52.8,Dark Passage,-164.6341463414634,-23.853658536585368,-6.463414634146342,369.7208195121951,0.21891224390243905,0.1951219512195122,0.903629268292683,0.1341317073170732,0.5616131214329864,0.18547576376492966,1.853658536585366,742.5175341463414,0.0,0.0,0.23589183283255938,-1.0,-0.39401689364392634,10.750000000000002,2.186432666440485,-0.4878048780487805,-0.6076859221409756,-0.22780923034104725,-0.031660533424152426,-0.5488372319451724,0.2458592663055304,-0.11512003953602531
Coated,top,VCS,15,62,0.565,14,0.0,16,55.0,50.1,45.9,53.9,56.7,Lowkey Esports.Vietnam|Team Secret,192.80645161290323,-83.96774193548387,0.5967741935483871,415.1984612903226,0.2208459516129032,0.1935483870967742,0.9052048387096775,0.15538709677419354,0.5496792490252568,0.2580525142812919,2.967741935483871,695.4444774193548,0.0,0.0,0.24293458548587896,-0.517981767485288,-0.20248413818258612,4.662318840579711,2.032002032003048,-0.4838709677419355,-0.32832013249667913,0.002508754058773483,-0.26127828217535704,-0.5006720179357042,-0.05537454439798964,0.08911588054260311
Azog,bot,RCL,3,62,0.419,19,0.105,15,60.1,45.0,54.1,56.6,53.2,FrostFire|Grand View University,362.14516129032256,82.96774193548387,3.1451612903225805,540.881364516129,0.24343099677419355,1.096774193548387,0.7191112903225806,0.18470645161290322,0.6067344952754323,0.19026413828917335,2.2419354838709675,274.7565129032258,0.0,0.10526315789473684,0.3760881020371066,-0.032932162068031436,0.35049456964730263,1.0825000000000002,1.9050019050028575,-0.41935483870967744,-0.5872776328738856,0.2712389610117909,-0.5550128477322483,-0.04791507091149542,0.08415402085055113,-0.09481471299734232
Giyuu,mid,LCSA,2,38,0.553,5,0.2,14,50.6,54.5,61.0,53.3,56.1,Evil Geniuses Academy,-21.027027027027028,-246.21621621621622,-4.216216216216216,505.3366447368421,0.25525434210526315,0.34210526315789475,1.1140763157894735,0.16842105263157894,0.6745446196997144,0.22473667045933624,2.210526315789474,438.0048842105263,0.0,0.2,0.7107964912088454,0.026999273037837515,-0.019155023417138612,1.3391812865497073,2.271099895830676,-0.5263157894736842,-0.23466155675489672,-0.2315350973219234,-0.02595156070006289,0.31885835074411717,-0.08910242242060509,0.060208721814491134
zamulek,bot,UL,2,27,0.519,6,0.333,8,53.0,52.1,57.2,63.4,55.5,Gentlemen's Gaming|Komputronik H34T|Team Singularity,-283.962962962963,-189.85185185185185,3.259259259259259,556.1764037037037,0.271335962962963,0.7037037037037037,1.0106925925925925,0.22743333333333332,0.6705313940527525,0.19497458829838693,1.9259259259259258,292.21608148148147,0.0,0.3333333333333333,0.4321649182597582,-0.7055580854684467,0.6338205480347917,3.0119922630560922,1.539600717839002,-0.7037037037037037,-0.12660210207898878,-0.10356630478331698,-0.1548395369739004,0.1145329689012906,0.4575448043707239,0.02670199281663827
Missclick,bot,GLL,3,37,0.351,13,0.154,16,53.9,51.2,59.6,57.5,61.4,Bulldog Esports|Hive Athens EC,34.729729729729726,-3.4594594594594597,0.02702702702702703,486.7209081081082,0.24598994594594595,0.918918918918919,0.8279675675675675,0.18288378378378378,0.6537644439383742,0.17824236231743973,1.6756756756756757,354.8345945945946,0.0,0.15384615384615385,0.6447091606196373,0.08734468251638787,0.39457241606104887,1.6467218771566599,2.6303837968857167,-0.35135135135135137,-0.5507726870080062,-0.059216511342224366,-0.2010609038298476,0.24306629734286647,0.129965964467618,0.34304380650543287
Scarface,top,PRM,3,39,0.513,6,0.167,16,55.5,49.5,55.6,48.6,56.3,ad hoc gaming,213.0,-19.435897435897434,2.051282051282051,434.63617435897436,0.22548346153846155,0.20512820512820512,0.8686025641025642,0.14563076923076923,0.5387925078284592,0.2874682063369846,0.7435897435897436,766.8139743589743,0.0,0.16666666666666666,0.3133574405829906,0.0,-0.22858111838473075,0.0,2.562050460881394,-0.5128205128205128,-0.4987177390493363,0.027102124385421172,-0.29108298639443514,0.030888361365485922,-0.34394884795222924,0.07090098420442573
Eren,mid,NLC,2,46,0.543,9,0.222,14,55.1,49.9,56.5,60.6,57.4,Tricked Esport|aNc Outplayed,168.52173913043478,139.15217391304347,2.8043478260869565,503.87580217391303,0.24091298695652175,0.21739130434782608,0.9268108695652174,0.14772391304347826,0.6283511845854926,0.21886774426385394,2.239130434782609,457.8392369565217,0.0,0.2222222222222222,0.573262505533422,-0.7174657534246575,0.37333576509210276,3.6296296296296293,2.06418738616856,-0.43478260869565216,-0.23583831430404223,0.006845402887549667,-0.2724383391441939,0.0801305626727098,0.2964597867995088,0.12563634984972114
Xmithie,jng,LCS,1,39,0.385,15,0.2,13,48.9,56.1,59.2,53.5,57.4,Immortals|Immortals Academy,-122.51282051282051,-59.794871794871796,-1.6666666666666667,224.35240769230768,0.1347697230769231,0.07692307692307693,1.637646153846154,0.42010256410256414,0.7384069813055881,0.22709291295264145,12.0,690.5568487179488,0.0,0.2,0.3939931417760435,0.0,0.18388093631229352,0.0,2.0816659994661326,-0.38461538461538464,-0.4905213628387082,-0.32722407458918223,0.05629051311672963,0.2242075552601302,-0.08044910132238471,0.12645895544087798
Pyrka,sup,UL,2,60,0.583,19,0.158,17,51.7,53.3,50.7,54.4,59.7,7more7 Pompa Team|devils.one inStreamly,-120.13333333333334,5.016666666666667,0.9333333333333333,143.67406666666665,0.07774389500000001,0.05,2.4052066666666665,0.30315333333333333,0.6780762345432892,0.23701495667850495,0.0,474.8227616666666,0.0,0.15789473684210525,0.2950617442432981,-0.5784646929947755,-0.1658478374020896,2.901479494492199,2.1946905628508695,-0.5,-0.41184422643308527,-0.1746435704091967,-0.08787626601169322,-0.22565282614774992,-0.032688624881440836,0.2506371975495853
Apii,sup,OPL,15,39,0.359,9,0.0,15,50.9,54.1,53.9,65.2,58.7,Avant Gaming,40.73684210526316,24.55263157894737,-3.789473684210526,137.68240256410257,0.07710948205128206,0.0,2.388679487179487,0.39826410256410255,0.6936245325810991,0.24300997666183824,0.0,488.57954615384614,0.0,0.0,0.5195623450466901,0.0,1.0954082500790003,0.0,2.401922307076307,-0.46153846153846156,-0.5066308226717646,-0.2175739174568868,-0.04478628366114891,-0.05919226382727759,0.5647825334943843,0.19602245714105607
micaO,bot,CBLOL,15,55,0.527,11,0.273,13,49.8,55.2,65.2,56.3,60.3,INTZ,-178.27272727272728,-89.92727272727272,-6.618181818181818,508.79953090909095,0.26526872727272727,0.45454545454545453,1.3474709090909092,0.3551763636363637,0.6641417625072282,0.18658589439035234,1.4363636363636363,322.0581327272727,0.0,0.2727272727272727,0.35020683468177366,1.0640215247959017,0.14787314387050052,1.4103535353535355,1.7529196424044293,-0.509090909090909,-0.2649857631930654,-0.27595945076071465,0.012445895580460144,0.564177933509582,0.07083587449700743,0.28504371076607365
Nap,top,LJL,15,47,0.511,10,0.1,11,46.7,58.3,49.4,64.9,49.5,Crest Gaming Act,-283.82978723404256,-143.0,-5.617021276595745,336.29804468085104,0.19214150638297872,0.2127659574468085,0.9993851063829787,0.17561276595744682,0.6046942411593557,0.20859892726513402,1.0851063829787233,778.4756212765958,0.0,0.1,0.27211045739229456,-0.68732667775929,0.3832703383729301,6.051816239316239,1.6045149064768403,-0.574468085106383,-0.35987115275506804,-0.4533510656099927,0.17522460538700704,-0.30029630117423967,0.5451009820097541,-0.2920396150579433
Blacky,mid,BRCC,2,30,0.633,3,0.333,14,51.4,53.6,59.6,54.1,55.2,Rensga eSports,-39.6,-69.9,2.8666666666666667,466.65083,0.24078427666666666,0.26666666666666666,1.0330033333333333,0.18661333333333333,0.568050055454484,0.14984679521955738,2.3333333333333335,300.96101,0.0,0.3333333333333333,0.2720951325204072,0.7698700690623904,-0.19189954014856728,3.820876288659794,2.556038601690775,-0.4666666666666667,-0.49350686083323825,-0.19163653296473943,-0.07522944162455691,0.24660755753852448,-0.04729356054129215,0.009340161862071828
Lived,top,OPL,15,21,0.286,11,0.0,11,51.4,53.6,51.9,62.8,57.6,MAMMOTH,-254.47619047619048,-408.2857142857143,-9.523809523809524,411.00160952380946,0.23084647619047619,0.2857142857142857,0.9129809523809523,0.1418,0.5823115089081475,0.21818987379027183,1.1904761904761905,628.283780952381,0.0,0.0,0.2798904612230031,0.0,1.1110920741527601,0.0,2.400396792595916,-0.47619047619047616,-0.37294211111955833,-0.18920905184462683,-0.07170341121054054,-0.16174356077092017,0.4240653403630241,0.13827946960475193
Slyv3r,bot,BL,3,37,0.541,12,0.0,12,55.1,49.8,50.2,50.2,55.0,Aethra Esports|Timeout Esports,-149.7027027027027,124.89189189189189,0.0,557.2695432432432,0.2662577567567568,0.5405405405405406,0.9512405405405406,0.18133513513513516,0.6191879176053208,0.16882761035658467,2.108108108108108,206.1053216216216,0.0,0.0,0.28736156970458465,0.0,-0.08399600734202478,0.0,1.9727878476642875,-0.43243243243243246,-0.5176715694649336,0.004798107100838761,-0.27858710982066814,-0.2539429766606237,-0.2564610180632205,-0.001768471949984087
GianKios,top,LHE,2,57,0.544,13,0.154,15,49.1,55.8,56.9,61.2,53.6,Azules Esports Academy|Santiago Wanderers eSports,-14.333333333333334,-184.19298245614036,-1.1403508771929824,373.8749052631579,0.21628657894736844,0.2807017543859649,1.0669438596491227,0.14791929824561403,0.5117578436263476,0.18395472793316237,2.3508771929824563,666.8131701754387,0.0,0.15384615384615385,0.3038400685783227,0.6564417177914111,0.3537737575488222,2.125,1.9867985355975657,-0.43859649122807015,-0.50040741682868,-0.3154675799128609,0.04327308209114195,0.09789361910405847,0.3347840676240843,-0.0714298784358855
LaFleur,bot,LFL,2,23,0.174,7,0.0,11,49.3,55.6,54.6,62.7,57.2,Gamespace Mediterranean College Esports|IziDream,-224.2173913043478,-226.82608695652175,-4.043478260869565,466.6847260869565,0.27020743478260867,0.30434782608695654,1.1429695652173912,0.2910521739130435,0.7091421460986678,0.18332619811581416,1.7391304347826086,290.0672695652174,0.0,0.0,0.5467373760664054,0.20917085427135695,0.8651138716356109,0.31034482758620685,2.2936585546278225,-0.4782608695652174,-0.5403132534260687,-0.30490402948639633,0.03198688734448405,-0.021841360447204937,0.416365205708083,0.11411958629039823
Demon12,jng,SLO,3,21,0.429,4,0.0,7,49.4,55.5,53.1,53.8,53.0,Team Queso,-258.8095238095238,-235.04761904761904,-2.9047619047619047,252.1108761904762,0.13423273809523809,0.0,1.2829238095238094,0.3186333333333333,0.765946591016619,0.252567621740554,8.666666666666666,739.505880952381,0.0,0.0,0.3970528811185043,0.0,0.24120576393303678,0.0,1.5275252316519468,-0.5714285714285714,-0.2699982899569162,-0.3007967539995105,0.02422428960827783,-0.10059124291818347,-0.06292511478547173,-0.10421039626258925
JayJ,sup,LCSA,2,36,0.417,11,0.091,11,48.8,56.1,52.0,52.7,55.5,Dignitas Academy|FlyQuest Academy,-29.22222222222222,-278.1666666666667,-3.1944444444444446,144.11779166666668,0.08590637777777778,0.0,2.5459444444444443,0.35373333333333334,0.6552850134851413,0.19650174144751378,0.0,413.0557888888889,0.0,0.09090909090909091,0.24896496353189268,0.0,0.07636399840700918,0.0,1.8333333333333333,-0.5277777777777778,-0.3801342124203232,-0.33287146073703566,0.05969344879444613,-0.1572837050185676,-0.12132472506648603,0.025313578668811457
madlifeonur,sup,TAL,3,34,0.412,13,0.0,11,52.2,52.7,48.9,46.8,49.3,Beşiktaş Academy|Royal Youth|Royal Youth Academy,-194.78787878787878,-57.06060606060606,0.3333333333333333,155.48541176470587,0.08743168529411764,0.058823529411764705,2.0552882352941175,0.28832352941176476,0.6433180078948104,0.1884901793340244,0.0,433.89679117647063,0.0,0.0,0.3267734688471839,-0.5313681492638245,-0.3493008479875929,0.0,1.8864844365675972,-0.5294117647058824,-0.6956753330789405,-0.14575681789627354,-0.12030943741856308,-0.3285032466661911,-0.4466626775912077,-0.303047910326865
Smacl3r,top,BM,3,38,0.474,9,0.0,14,51.6,53.3,46.1,47.7,54.5,Kenty,-152.1315789473684,-36.1578947368421,-0.07894736842105263,404.0234263157895,0.2044658710526316,0.3157894736842105,0.9355684210526316,0.11867894736842106,0.4954780414137616,0.18304166084942525,1.631578947368421,704.5671684210527,0.0,0.0,0.08221268002574172,-0.5625400266022956,-0.5647099930118797,1.6666666666666667,2.271099895830676,-0.42105263157894735,-0.6106084433234868,-0.18006831292937145,-0.08731552963971646,-0.4899821445917548,-0.39315266763641943,-0.02881826768369084
Execute,sup,CK,2,60,0.433,16,0.188,14,49.2,55.7,57.2,45.7,50.8,Element Mystic,19.983333333333334,-241.8,-1.45,139.23591,0.07660759666666667,0.05,2.5641000000000003,0.35029333333333335,0.6643159142367482,0.22647507155097657,0.1,378.64477,0.0,0.1875,0.3668464311463591,0.0,-0.4141729614565175,0.0,1.8073922282301278,-0.5666666666666667,-0.5413890527971984,-0.30787283494403545,0.035303738235817575,0.11799418122394371,-0.5115490230093045,-0.2213113279377
MxDragon,jng,LCL,15,29,0.379,9,0.0,13,55.2,49.7,51.6,54.9,54.6,CrowCrowd|Vega Squadron,-124.3103448275862,-79.37931034482759,-1.8620689655172413,299.1443551724138,0.15590520689655174,0.27586206896551724,1.4095758620689656,0.32952758620689654,0.653217177449798,0.2045371224206149,5.517241379310345,537.0366103448276,0.0,0.0,0.28433969083465166,0.0,0.12982199463545493,0.0,2.4140393963016744,-0.4482758620689655,-0.6041349608209146,0.01238780538092812,-0.2841218453221444,-0.18130051285753265,-0.004271700848308385,-0.021487832913421483
RobbyBob,mid,UPL,2,65,0.646,18,0.222,19,56.7,48.2,62.9,52.0,60.1,First Blood Crusade|Mirage Sport Électronique,-124.78461538461538,82.75384615384615,0.49230769230769234,524.6236769230769,0.23682866461538463,0.9384615384615385,0.8440015384615385,0.13433692307692308,0.5889351533139858,0.18137110014659752,2.4153846153846152,448.78434307692305,0.0,0.2222222222222222,0.6961060231194413,0.0,0.04988884710559939,0.0,2.3566599571949607,-0.3230769230769231,-0.41584494796810206,0.087422926192213,-0.3649141754324545,0.42609070686320877,-0.15774911127455737,0.2705146909633397
XLB,jng,LPL,1,90,0.511,11,0.091,13,50.2,54.6,47.3,48.3,47.4,Royal Never Give Up,18.761363636363637,-236.5909090909091,-5.409090909090909,261.9945088888889,0.14545354444444444,0.17777777777777778,1.8009976744186045,0.4682,0.7028668858627916,0.21599547848040695,11.744444444444444,547.799538888889,0.0,0.09090909090909091,0.22260711520985496,-0.5201555835828512,-0.11082467232910909,0.9322033898305087,1.3703203194062976,-0.43333333333333335,-0.4706313929887517,-0.25513758110149637,-0.019398450327475943,-0.41638724003458316,-0.36218506694033037,-0.4095591276762589
Solid,jng,LLA,15,40,0.575,5,0.2,12,49.2,55.6,53.5,51.2,54.2,inf,-19.1,-143.2,-1.375,195.3186275,0.1068017375,0.15,1.559555,0.4094675,0.695379501134641,0.18757380963263318,6.075,681.83036,0.0,0.2,0.25876081447172944,-0.50068282690338,-0.22657300851890605,2.8461538461538463,1.8973665961010275,-0.425,-0.4517827407072171,-0.3096203131593687,0.03284051641879543,-0.0804511374951526,-0.20169464459360373,-0.0426778782515589
AGENTAS,jng,BM,3,20,0.55,4,0.0,6,50.6,54.2,51.3,50.9,51.3,Iron Wolves,-227.4,-499.55,-15.15,320.59205499999996,0.15590326999999998,0.35,1.1754250000000002,0.24462,0.6698148488009543,0.14427613979587664,5.25,645.89503,0.0,0.0,0.3694141012909632,-0.5863708399366085,-0.5583224115334208,4.066666666666666,1.3416407864998738,-0.65,-0.26314606901980836,-0.23110812843022543,-0.04463997355240619,-0.19861361237434247,-0.21736336288996905,-0.19750475315762447
Lunarly,top,RCL,3,23,0.261,9,0.0,10,53.1,51.7,52.9,50.6,51.5,University of Texas at Dallas,-402.6521739130435,-134.82608695652175,-3.5652173913043477,487.08251739130435,0.22478907826086955,0.34782608695652173,0.7322782608695653,0.08378260869565217,0.5295692190360266,0.19331509778906106,0.5652173913043478,904.1694043478261,0.0,0.0,0.46700677173483957,0.0,-0.18127404165008631,0.0,2.0851441405707476,-0.5652173913043478,-0.5398836460119054,-0.10039218492314117,-0.1726054146397656,-0.10934130141081275,-0.23518721096826023,-0.18760630417662727
Drawleks,sup,OTBLX,3,35,0.629,9,0.111,12,51.5,53.3,53.1,69.1,54.7,Epsilon Esports|Les Fils De Bonvalet|Timeout Esports,-252.05714285714285,-399.1142857142857,-9.685714285714285,219.39437714285714,0.10823555714285714,0.02857142857142857,2.07276,0.26499428571428574,0.6602982949632322,0.20684106871533559,0.17142857142857143,475.40461428571433,0.0,0.1111111111111111,0.29326440271152315,0.0,1.1338640921812204,4.24988883560748,2.02837021134844,-0.4,-0.5710240453009543,-0.18300739566687876,-0.08995995297907747,-0.10250187261244822,0.8252414559782718,-0.01514251789050631
Annyeong,mid,HM,3,20,0.25,12,0.0,15,50.5,54.3,53.6,51.3,63.4,BRUTE|RAMS,-332.85,-104.85,-1.35,420.84220500000004,0.29562715,0.3,0.8729799999999999,0.122165,0.6787728770633603,0.1965337633549203,3.5,455.74327000000005,0.0,0.0,0.5263440860215054,0.0,-0.15850622406639006,0.0,3.3541019662496843,-0.3,-0.259985495102251,-0.24060317536622267,-0.03582489933016603,-0.07233964977221223,-0.19781335753742985,0.45744789413038145
Tussle,jng,LJL,15,33,0.364,9,0.0,10,49.0,55.8,45.9,56.0,51.5,Fukuoka SoftBank HAWKS gaming,-105.54545454545455,-20.09090909090909,-2.5454545454545454,181.8518484848485,0.10802981212121211,0.12121212121212122,1.546448484848485,0.4180757575757576,0.7313888969619469,0.2196713664628103,8.515151515151516,679.6531060606061,0.0,0.0,0.12440455100192904,-0.649555099247091,0.14087691991424628,0.7391304347826089,1.7407765595569784,-0.5757575757575758,-0.3625220171503644,-0.32309548102035024,0.039569566453923136,-0.501721702537733,0.051369671230972566,-0.18361193144800766
Broxah,jng,LCS,1,54,0.63,9,0.222,11,50.4,54.4,59.2,58.5,47.3,Team Liquid,21.296296296296298,-69.22222222222223,-2.111111111111111,230.71346296296295,0.12283072407407408,0.18518518518518517,1.41375,0.3284055555555555,0.6951529665463236,0.14774517504975906,13.61111111111111,656.5090907407407,0.0,0.2222222222222222,0.4951128396704365,-0.6160491457093491,0.19928315412186384,2.9276018099547514,1.4969103983674976,-0.6111111111111112,-0.35241301479157133,-0.24238502069787873,-0.03317557735896162,0.22504630648438836,0.18736488238526597,-0.4167484132592095
Overture,top,LDL,2,20,0.55,6,0.167,6,56.3,48.5,55.2,52.1,52.3,V5 87,380.45,-18.45,8.55,454.33503,0.22111619999999998,0.15,0.823715,0.087345,0.5178237399425479,0.27922158155119614,0.75,730.95281,0.0,0.16666666666666666,0.4288593309149536,0.0,-0.12092130518234173,0.0,1.3416407864998738,-0.75,0.0,0.0681869556532045,-0.3501036822506622,0.012503543149248153,-0.15477205463789886,-0.14053043950770602
Fenix,mid,LCS,1,22,0.364,6,0.167,10,53.8,51.0,55.2,50.4,52.2,Dignitas|Dignitas Academy,-76.5,32.0,0.045454545454545456,438.55044090909087,0.26785448636363635,0.5,0.791,0.1837409090909091,0.6449472524052355,0.16819714376532557,1.9090909090909092,401.6101409090909,0.0,0.16666666666666666,0.30813673567645644,0.0,-0.17606927315665177,0.0,2.1320071635561044,-0.5909090909090909,-0.344781724677359,-0.06111044519803622,-0.21354411713497654,0.009892003274474944,-0.24602345419346344,-0.14780561724690353
Cogcog,top,LJL,15,33,0.333,12,0.417,15,50.2,54.5,69.9,60.0,58.1,Rascal Jester,-335.0,-293.6969696969697,-4.696969696969697,397.6991515151515,0.23399263636363637,0.18181818181818182,0.9123484848484849,0.12684848484848485,0.6244370351427768,0.2168536525562202,0.8787878787878788,691.6495545454545,0.0,0.4166666666666667,0.656581532416503,1.1137344032654575,0.11820658241414739,6.03030303030303,2.6111648393354674,-0.45454545454545453,-0.5341756883165062,-0.2527873698268905,-0.025769421383037748,0.8855783499975238,0.26778650915613406,0.16517908133867998
PederseNN,sup,NLC,2,25,0.52,7,0.143,10,54.7,50.0,53.2,54.8,54.2,Godsent|NVision Esports,-35.92,264.28,0.36,136.854888,0.07965525600000001,0.0,2.331444,0.273044,0.6160662644201343,0.26612984524400873,0.0,550.2616919999999,0.0,0.14285714285714285,0.42391257521145365,-0.7125640929675512,0.014739608217869035,1.7926509186351705,2.0,-0.6,-0.4601983931855617,-0.01776155858620828,-0.26556082783314977,-0.09629995850090103,-0.010003727725424447,-0.04388352436160947
Rocklho,top,PRM,3,43,0.372,16,0.0,19,53.9,50.8,49.4,57.9,56.2,OP innogy eSport,-310.06976744186045,-57.02325581395349,-14.837209302325581,516.6838162790698,0.2666298139534884,0.23255813953488372,0.6953813953488371,0.11176511627906978,0.590238185084285,0.25615685473508526,0.7441860465116279,988.8208348837209,0.0,0.0,0.24194290059559828,0.0,0.8674354724236135,0.0,2.897472836319489,-0.4883720930232558,-0.7358124954395515,-0.059972203921456475,-0.22526940573183624,-0.2980372679995698,0.1528452711539649,0.065517333168522
ON,sup,LDL,2,22,0.364,6,0.0,7,53.4,51.3,49.4,47.1,45.1,Suning|Suning-S,76.35,-99.35,1.25,151.35518181818182,0.07807351363636363,0.0,2.2783105263157895,0.3161181818181818,0.5898773513078326,0.2356135986779237,0.0,643.7654954545454,0.0,0.0,0.12491936175528483,0.0,-0.7433392420702065,0.0,1.4924050144892729,-0.7272727272727273,-0.8125097014304703,-0.08368775584804997,-0.1949849219912672,-0.2980168919086912,-0.43105141714441386,-0.5474209007339241
Toaster,bot,LFL,2,21,0.476,5,0.0,10,50.9,53.8,52.2,67.6,55.5,IziDream,-139.85714285714286,-290.8095238095238,-3.0952380952380953,488.6123380952381,0.25646314285714283,0.6666666666666666,0.9691714285714286,0.23906190476190475,0.7574925474127658,0.19969407350057886,1.0,256.3299714285714,0.0,0.0,0.125827245380318,0.6776939917295062,0.4451615415316025,12.616161616161616,2.182178902359924,-0.6190476190476191,-0.451076386884605,-0.21999866019866632,-0.06369059848941003,-0.15023138526806987,0.7212811288193075,0.026946132018520065
ZWuJi,bot,LPL,1,85,0.412,30,0.067,12,49.4,55.2,50.1,48.0,54.5,Rogue Warriors,-332.8095238095238,-265.26190476190476,-4.083333333333333,548.5210445783133,0.2934003373493976,0.6705882352941176,1.2919786666666666,0.427255421686747,0.7115519221403129,0.17267324967968709,1.6144578313253013,280.3897952941177,0.0,0.06666666666666667,0.28229952003451436,0.0,-0.08880264887640808,0.0,1.301582746911937,-0.4,-0.48545606211755055,-0.2987605503893772,0.011480644500300008,-0.26022505997920686,-0.3750885413581424,-0.02490366207107922
Doss,sup,LFL,2,31,0.516,5,0.0,13,54.2,50.4,44.2,60.6,52.0,Misfits Gaming|Misfits Premier,72.93548387096774,79.03225806451613,-0.7096774193548387,147.3662322580645,0.07887092258064515,0.0,2.4611129032258066,0.309341935483871,0.6239623534673665,0.28625163533382847,0.0,582.9333516129033,0.0,0.0,0.07753101022520349,-0.7663313088228476,-0.3572861740074442,8.664179104477613,2.334868926348074,-0.6451612903225806,-0.710582872462164,-0.04373290902431684,-0.2468763114500607,-0.6024860647789316,0.3013246028417338,-0.15872972957696863
RonOP,sup,VCS,15,73,0.534,18,0.333,16,46.3,58.3,62.4,58.2,57.3,CERBERUS Esports,-46.602739726027394,-150.04109589041096,-2.6986301369863015,140.46626438356165,0.07167429452054794,0.0136986301369863,2.6941671232876714,0.37795890410958904,0.6668720351531328,0.19992441162124627,0.0684931506849315,445.897702739726,0.0,0.3333333333333333,0.6357153921047973,-0.791685036592893,-0.08714158770074676,6.542857142857142,1.872658355138089,-0.589041095890411,-0.2393356881873538,-0.4773037057659426,0.17496757669573895,0.39916612586560773,0.17177586508317122,0.12065565344148542
Dethron,top,BM,3,39,0.513,6,0.0,15,56.9,47.7,49.1,53.4,62.4,Five Kings|Iron Wolves,67.6923076923077,72.17948717948718,2.0256410256410255,434.33019487179484,0.22452771794871795,0.46153846153846156,0.5603717948717949,0.08047179487179487,0.5279696376049794,0.21431281414777745,3.58974358974359,695.4625641025641,0.0,0.0,0.25257947158108185,-0.1907213426972979,0.20958908548836588,1.1250000000000002,2.401922307076307,-0.358974358974359,-0.27255419948928505,0.10052184199084988,-0.39213317538270703,-0.3173233964743241,-0.08407243782679519,0.4005255406279858
Holo,jng,PCS,15,46,0.391,15,0.133,11,44.5,60.1,54.9,50.6,48.5,Hong Kong Attitude,-312.2826086956522,-301.0217391304348,-4.978260869565218,183.47235652173913,0.11118959130434783,0.10869565217391304,1.7305065217391304,0.4995521739130435,0.7193257352868336,0.18962663304748376,4.673913043478261,678.6802478260869,0.0,0.13333333333333333,0.28704224500287273,0.0,-0.062355301744096356,0.0,1.6218615177038684,-0.5,-0.4871209416063826,-0.5853675475174058,0.27061325949771525,-0.005038211279050936,-0.23128084563187157,-0.34666262130715453
Sephis,jng,BRCC,2,27,0.296,10,0.0,14,51.7,52.9,51.0,52.9,59.5,Redemption eSports Porto Alegre,-77.37037037037037,-127.0,-2.2222222222222223,277.35259629629627,0.14796963333333332,0.1111111111111111,1.4137592592592594,0.37601111111111113,0.674708431244379,0.22419651864526305,7.62962962962963,624.3100814814816,0.0,0.0,0.2987135236899906,0.0,0.029093086624172898,0.0,2.6943012562182536,-0.4444444444444444,-0.5655732347002375,-0.17560963441098817,-0.10917181051444828,-0.21123303110637084,-0.11080544467047339,0.239472727832502
Kou,bot,NEXO,3,21,0.19,5,0.0,12,48.7,55.9,59.4,50.3,64.1,Europe Saviors Anonymous|Pushing Gaming,-534.0,-206.0,-12.476190476190476,462.1542,0.26533975238095237,0.47619047619047616,1.364047619047619,0.3084095238095238,0.6351169278900372,0.18366323086993214,0.38095238095238093,298.9753428571429,0.0,0.0,1.1756416708605937,0.0,-0.2624242424242424,0.0,2.618614682831909,-0.42857142857142855,0.0,-0.3368569561303331,0.049312585219579236,0.23175751104181416,-0.2521737457211035,0.49698340477998726
WeiLun,bot,PCS,15,24,0.375,5,0.4,8,51.7,52.9,63.8,51.6,53.4,Alpha Esports,117.54166666666667,7.916666666666667,-7.583333333333333,442.56505833333335,0.2545705833333333,0.5,1.1033541666666666,0.33218333333333333,0.6591199766364241,0.17628244694658035,1.375,317.8911125,0.0,0.4,0.6722848200312989,0.0,-0.10908100406487033,0.0,1.6329931618554523,-0.6666666666666666,-0.3312266051354029,-0.17206871092681805,-0.10834281633551851,0.4800302414863742,-0.18143793347675197,-0.08575963237259769
AZR,bot,LHE,2,27,0.259,12,0.0,14,50.7,53.8,48.9,54.6,65.8,ACE 1|Newstar,-198.40740740740742,17.037037037037038,-3.740740740740741,451.40362592592595,0.28293233333333334,0.3333333333333333,1.0756259259259258,0.2288962962962963,0.710859562248451,0.1698811799097064,0.7407407407407407,227.95004074074075,0.0,0.0,0.25778027746531684,-0.4216714331108992,-0.06737872719181118,2.4499999999999997,2.6943012562182536,-0.4074074074074074,-0.24355102194578981,-0.22963601897048863,-0.06480534724106803,-0.32790156592497016,-0.02299446506056433,0.6050403578159774
Jkalam,bot,DL,3,21,0.286,11,0.273,8,49.2,55.3,61.7,53.7,53.0,Team Echo Zulu,-350.04761904761904,-135.52380952380952,-5.0,450.8073095238095,0.25089466666666665,0.2857142857142857,1.129647619047619,0.2699047619047619,0.6673181037842691,0.17423330150773758,2.380952380952381,238.19444761904765,0.0,0.2727272727272727,0.7956795679567956,0.0,0.1958212936208046,0.0,1.7457431218879391,-0.6666666666666666,-0.26692863612536,-0.30773977381021983,0.01366263060365551,0.3592901739903135,-0.06898731163703137,-0.10448781928942089
RJS,top,LCSA,2,43,0.349,17,0.118,9,49.0,55.5,61.1,59.5,44.1,CLG Academy|Counter Logic Gaming,-342.95348837209303,-127.86046511627907,-8.44186046511628,421.32810697674415,0.23654662325581394,0.2558139534883721,0.8917348837209302,0.11567906976744186,0.5887636217070364,0.1749669750364839,1.930232558139535,692.2241488372093,0.0,0.11764705882352941,0.4967231997457997,1.223728813559322,0.2570962339502729,2.4285714285714284,1.372487132993442,-0.7209302325581395,-0.4411247957509721,-0.3197989592143161,0.02432312155448798,0.3245976125141212,0.240549673820983,-0.6125095309208705
QQMore,jng,LLA,15,28,0.286,10,0.0,11,51.1,53.4,52.1,55.2,55.6,Pixel Esports Club,43.25,-72.75,-1.4285714285714286,202.24021785714285,0.12113365357142857,0.07142857142857142,1.5417714285714286,0.3902535714285714,0.7228452022311671,0.26591920225523463,11.642857142857142,733.4905107142857,0.0,0.0,0.3166787003610108,0.0,0.14674868189806675,0.0,2.0788046015507495,-0.4642857142857143,-0.4164065797782958,-0.20484528844582722,-0.08274362757129448,-0.15490658313166278,0.010907962911995056,0.03092938661571764
Life,sup,LCK,1,93,0.699,10,0.3,19,57.5,47.0,67.6,54.4,61.0,Gen.G,53.01086956521739,-71.51086956521739,0.2826086956521739,157.5233258064516,0.07960187258064516,0.043010752688172046,2.410969892473118,0.3244774193548387,0.6077944464282049,0.2258736796758675,0.043010752688172046,411.6075311827957,0.0,0.3,0.4666735124650579,0.0,0.09299642791873858,1.884615384615385,1.970208219987808,-0.41935483870967744,-0.4155905687730985,0.13392814637183537,-0.4352991671538876,0.7197182895450283,-0.03350370011911702,0.3225988581682675
skIIn,sup,LDL,2,70,0.514,17,0.412,12,51.2,53.3,66.3,65.9,45.6,LGD Gaming|LGD Gaming Young Team,-85.98550724637681,107.07246376811594,-0.7246376811594203,135.42453285714285,0.07409792142857143,0.02857142857142857,2.1817654545454546,0.25322428571428574,0.6606231085938506,0.2106905308389655,0.07142857142857142,712.6467885714286,0.0,0.4117647058823529,0.5993030552114567,-0.6087643270827428,0.15946776437847857,6.5,1.4342743312012722,-0.7142857142857143,-0.38066084635442754,-0.20247958030430444,-0.08940307718476694,0.6379012187768094,0.6111957896161114,-0.5190958484421152
Reversed,top,BRCC,2,24,0.5,7,0.429,7,50.1,54.4,61.9,51.0,46.8,Falkol|Underrated,-121.54166666666667,-96.45833333333333,-6.666666666666667,359.6166625,0.20328682499999998,0.3333333333333333,1.013725,0.14595833333333333,0.5414722731589067,0.2147165264627238,0.875,736.855825,0.0,0.42857142857142855,0.597634218339274,0.0,-0.18276161528441162,0.0,1.4288690166235207,-0.7083333333333334,-0.49436460693391193,-0.259047708683405,-0.033664701104487375,0.3692938786686923,-0.20951329944221522,-0.4458247289120818
Yursan,sup,PCS,15,24,0.375,5,0.4,7,51.3,53.2,64.4,50.1,44.9,Alpha Esports,-12.708333333333334,-47.291666666666664,-0.08333333333333333,131.78651666666667,0.0798893875,0.0,2.5887166666666666,0.27755,0.6419024404770018,0.2118841290120782,0.0,506.08605416666666,0.0,0.4,0.7108955482418153,0.0,-0.23285198555956688,0.0,1.4288690166235207,-0.7916666666666666,-0.5344059625223746,-0.1968581247798629,-0.09739230123907189,0.517065890113463,-0.2631216155888598,-0.5570842931862611
Colamax,jng,GLL,3,32,0.5,11,0.273,10,53.5,51.0,56.5,54.3,52.9,Split Raiders|Team Refuse,-154.0,-237.90625,-3.9375,370.25905,0.1762856125,0.21875,1.2194375,0.220715625,0.6361337691309814,0.19625609803186697,12.96875,612.370653125,0.0,0.2727272727272727,0.3804184817539099,-0.6963179822092107,0.04145308669489648,2.540885040885041,1.7677669529663687,-0.53125,-0.3945260755012547,-0.08115868156682474,-0.2141441955856479,0.07821973864575785,-0.03526675105880636,-0.11163335602968442
Smlz,bot,LPL,1,72,0.403,24,0.125,13,54.2,50.2,57.0,46.4,53.7,Oh My God,26.464788732394368,-62.183098591549296,3.3943661971830985,505.49663194444446,0.2842103472222222,0.5833333333333334,1.2982900000000002,0.42856527777777775,0.6131135338107921,0.17721328618076043,3.0,335.29025138888886,0.0,0.125,0.4928416485900217,0.0,-0.20006265009919613,0.0,1.5320646925708532,-0.5694444444444444,-0.40824152857729235,-0.04274725108512665,-0.2540098207545119,0.10577687545909933,-0.46998812585468375,-0.0687804361875982
Dehaste,mid,HM,3,35,0.457,6,0.0,14,52.6,51.8,46.7,64.6,50.6,Team Sampi|Upper Echelon,-123.85714285714286,-182.77142857142857,-4.828571428571428,534.6645028571429,0.2774002,0.5714285714285714,0.99356,0.15624,0.6553385849920664,0.2458795290371353,3.085714285714286,284.2589885714286,0.0,0.0,0.21611973947895793,-0.7273364399798354,0.6967448236810537,3.6093884582256677,2.3664319132398464,-0.5142857142857142,-0.582808430017698,-0.1271427498582999,-0.16933799727203827,-0.4530010367884021,0.5306843009936183,-0.23126164431721946
Frozen,top,LPLOL,3,53,0.66,7,0.0,15,53.3,51.1,49.3,55.7,50.9,EGN Esports|XTEN Esports,-106.28301886792453,111.75471698113208,0.9811320754716981,424.7321188679245,0.21632550188679245,0.20754716981132076,0.7381056603773585,0.09616415094339623,0.5505167786727749,0.19216740399651203,1.509433962264151,696.4239849056604,0.0,0.0,0.2053810243716047,0.19871465554581805,0.05316613981470556,4.33974358974359,2.0604084592303353,-0.6226415094339622,-0.3454951346704241,-0.08906836772987596,-0.2045632994008291,-0.305982852274631,0.03481042695832639,-0.21748824435465403
IceBox,top,LLA,15,37,0.324,16,0.125,11,48.1,56.3,62.5,70.3,52.0,Azules Esports,-256.8918918918919,-246.64864864864865,-8.675675675675675,341.1998648648649,0.22130186486486486,0.21621621621621623,0.9784891891891891,0.18802702702702703,0.529608999777067,0.19475177121226386,2.918918918918919,725.0950945945946,0.0,0.125,0.3772663620283019,1.4692970995557877,1.1679613189600506,4.0,1.8083888603589302,-0.5405405405405406,-0.39653551265660686,-0.3706614109988996,0.06661648044022726,0.4046100220632013,0.9166006905505727,-0.15827414145073265
HenkHenkerson,mid,OTBLX,3,24,0.375,11,0.273,13,54.4,50.0,60.8,51.9,57.9,Team 7AM,88.08333333333333,197.45833333333334,0.5416666666666666,490.60532083333334,0.26738558333333334,0.2916666666666667,0.6763,0.09559583333333332,0.6419230127619547,0.1790028860172049,1.5416666666666667,362.50927083333335,0.0,0.2727272727272727,0.728536202645147,0.0,-0.3817324955116697,4.627450980392157,2.65361388801511,-0.4166666666666667,-0.34334383902123533,-0.0291357935123208,-0.2637676734351294,0.31259582742336234,-0.16406048964674003,0.1511408728947141
Rikara,bot,LCSA,2,25,0.16,10,0.0,11,48.7,55.7,53.3,52.1,61.4,Team Liquid Academy,-435.0,-154.125,-3.75,478.218992,0.250311,0.52,0.9734560000000001,0.23953600000000003,0.672000444000444,0.12519762403458057,1.68,325.211684,0.0,0.0,0.4994356659142212,0.0,-0.07848496680984,0.0,2.2,-0.56,-0.16121010513135645,-0.3360335991603603,0.03466661303569987,-0.09145470682832608,-0.15350756853041517,0.34449133054273007
Nikolex,jng,GLL,3,43,0.512,17,0.176,20,55.6,48.7,53.4,60.6,65.5,Game Changers|Gamespace Mediterranean College Esports,-160.7906976744186,-207.95348837209303,-3.488372093023256,395.1360348837209,0.17204989069767443,0.5348837209302325,1.1394558139534885,0.3081395348837209,0.6045170407988713,0.2384921655415406,9.534883720930232,878.8412255813954,0.0,0.17647058823529413,0.29180366521732914,-0.5354146115868373,0.3826642977964966,3.865642035947536,3.0499714066520935,-0.37209302325581395,-0.3673666685404763,0.03402154865495072,-0.33976841071773567,-0.08670718298988743,0.2999507328199975,0.5857024888996781
Slugger,top,CK,2,72,0.403,20,0.15,25,54.2,50.1,58.3,45.7,66.8,Element Mystic,-13.819444444444445,-94.375,1.375,445.52090416666664,0.24290631250000003,0.2916666666666667,0.8806791666666667,0.10444305555555555,0.5832945555945511,0.24127410146116812,1.7916666666666667,663.4645875,0.0,0.15,0.6271958631142548,0.0,-0.3221653108365974,0.0,2.946278254943948,-0.3472222222222222,-0.41857911023514255,-0.04353028553964236,-0.2631515196521221,0.17603227731800355,-0.508487216792051,0.6678632715505457
Chosii,mid,UL,2,23,0.348,10,0.1,9,52.7,51.6,66.2,62.6,46.5,Gentlemen's Gaming|Próba numer 3,-150.7391304347826,-284.7826086956522,-0.6086956521739131,494.25708695652173,0.29189526086956524,0.5217391304347826,0.9741130434782608,0.14613478260869564,0.6117145535623797,0.1987338117223935,2.4782608695652173,286.91742608695654,0.0,0.1,0.32690888082934816,4.6610344382819555,0.7497016038791494,4.812500000000001,1.876629726513673,-0.6521739130434783,-0.6547940381575067,-0.1211803018377365,-0.18200144016878703,0.6281558657795605,0.41043401833299575,-0.4638369646427476
Cao,sup,LCSA,2,49,0.449,15,0.067,16,50.4,53.9,50.4,59.2,54.3,Radiance|Team Liquid Academy,-45.083333333333336,-174.35416666666666,-8.854166666666666,187.5003857142857,0.09263789591836734,0.0,2.303785714285714,0.24590408163265307,0.6871497378666964,0.20745565204289404,0.0,497.4671265306123,0.0,0.06666666666666667,0.22986123520055765,0.0,0.6279976076444106,0.0,2.2857142857142856,-0.5714285714285714,-0.6231523305387949,-0.24491155596422975,-0.0584870381023434,-0.24681930701909155,0.2224540770142963,-0.03706601815068988
Atrocez,sup,DL,3,32,0.5,7,0.143,10,51.1,53.1,54.0,57.3,47.1,Team THRLL,-134.40625,-156.75,-9.46875,187.54521875,0.094152628125,0.0,2.150625,0.25763125,0.6800323203779987,0.20344468035951918,0.0,355.01271875,0.0,0.14285714285714285,0.2999300163295231,0.0,0.4953586497890295,0.0,1.7677669529663687,-0.59375,-0.7332818292069929,-0.2090196999947201,-0.1025445669806957,-0.051224735826314864,0.12081735412185426,-0.4287531609579389
Apples,mid,PGN,3,27,0.333,11,0.091,11,49.5,54.7,54.6,55.7,51.5,QLASH Forge|Zero Tenacity,-489.1111111111111,-152.55555555555554,-5.703703703703703,483.62183333333337,0.2819485555555556,0.4444444444444444,1.1447333333333334,0.20278148148148148,0.6013122855287656,0.2021716488242191,1.4074074074074074,332.9733222222222,0.0,0.09090909090909091,0.4379489720089175,0.0,0.28286426790167446,0.0,2.116950987028628,-0.5555555555555556,-0.39876765514779966,-0.2937915697856601,-0.017140216989790687,-0.02347005691881056,0.03585286368017471,-0.18570607341621073
Kinzu,bot,LCL,15,32,0.469,11,0.091,12,50.7,53.5,52.1,47.4,55.5,Elements Pro Gaming|One Breath Gaming,-175.90625,-41.625,-0.9375,471.3935875,0.25124721875,0.53125,1.388253125,0.263203125,0.5957877166746652,0.14611708876656837,2.15625,291.72713125,0.0,0.09090909090909091,0.2448263945356969,0.0,-0.3481748240301195,0.0,2.1213203435596424,-0.53125,-0.6243613915792647,-0.22676447330994784,-0.0798653138462943,-0.1517174718294291,-0.41210799377009766,0.026064247396434315
Guwon,jng,LAS,3,20,0.25,14,0.071,5,52.2,52.0,52.4,54.0,49.9,DRX Academy,-611.85,-586.15,-11.9,435.87179,0.1981714,0.45,1.0362149999999999,0.30622,0.6228551965662146,0.18951939122595685,9.7,719.4967800000001,0.0,0.07142857142857142,0.16254955845548177,0.0,-0.48273355021794556,6.821307866670832,1.118033988749895,-0.9,0.0,-0.14609330468889287,-0.16072834339806089,-0.13876313620964328,-0.05055404766720342,-0.27418923877055845
Blazerck,bot,LHE,2,39,0.359,12,0.083,13,51.8,52.4,53.6,47.6,60.5,FroztFire Team,-187.10256410256412,-243.51282051282053,-7.82051282051282,523.5401512820513,0.28894951282051284,0.8974358974358975,0.9761435897435897,0.20078974358974358,0.6936963145259136,0.15937047672170357,0.5128205128205128,270.9544487179487,0.0,0.08333333333333333,0.3936710227886381,0.0,-0.3270336055276382,0.0,2.0816659994661326,-0.46153846153846156,-0.3587853909556295,-0.16712720271339918,-0.13589186700142442,-0.07371476369180639,-0.39725553775630107,0.29353502172443874
Gemon,top,PGN,3,23,0.435,8,0.25,12,50.3,53.9,57.6,58.6,55.5,Cyberground Gaming,-388.5652173913044,-185.7391304347826,-16.695652173913043,449.567047826087,0.24616434782608695,0.13043478260869565,0.9216086956521738,0.13075652173913044,0.5536416751014948,0.24782947971398636,1.3043478260869565,913.5805217391304,0.0,0.25,0.20114762041490206,0.4224284852775376,0.7623863205759759,2.866942324003393,2.5021729686848975,-0.5217391304347826,-0.49294289170120253,-0.2512832756440011,-0.057466357314698444,0.13841410455071776,0.19103806085745215,0.02589402148163285
Taz,mid,BL,3,25,0.36,8,0.0,17,47.0,57.1,51.2,47.3,59.3,RSC Anderlecht Esports,-606.76,-342.84,-10.36,491.44035199999996,0.25835324,0.4,1.17926,0.205132,0.6709127366945238,0.2149195521727491,0.72,459.837984,0.0,0.0,0.27861943587483473,0.0,-0.4736569640209897,0.0,3.4,-0.44,-0.5146993891352969,-0.43254233476458187,0.11191331345352075,-0.2006228388488912,-0.4179298529238532,0.2296769993499476
Prosfair,sup,UKLC,3,20,0.45,5,0.0,10,51.3,52.8,51.1,51.9,57.1,NVision Esports|Nordavind Black,-102.95,-69.95,-3.05,146.53522,0.084369255,0.0,2.230615,0.34509500000000004,0.6090641636771668,0.22927231272626009,0.0,482.92688,0.0,0.0,0.23944315545243622,0.0,-0.03296703296703305,0.0,2.23606797749979,-0.5,-0.3301986702155143,-0.1977078010114431,-0.11851054398267846,-0.20614383393143348,-0.16623931240522485,0.10942284824625995
Meech,bot,UPL,2,43,0.628,12,0.25,13,55.3,48.8,57.2,56.8,54.3,Aqualix Esports|Issue is Critical|LB Gurb Nation|Noble Esports|XTGN,-310.06976744186045,-60.18604651162791,-13.418604651162791,629.9197930232558,0.2543239069767442,1.3255813953488371,0.897806976744186,0.16031627906976745,0.6056472195181142,0.1679135288571866,2.7906976744186047,311.9559744186047,0.0,0.25,0.308007634762593,0.0,0.2832831627533613,0.0,1.9824814143238607,-0.5116279069767442,-0.5575069980059278,0.016085316388159396,-0.3310837508202301,0.11516095576648659,0.09281607936992155,-0.03681024084790081
Yoni,bot,BL,3,23,0.391,10,0.3,9,52.9,51.2,63.2,54.6,53.4,Team 7AM,-166.7391304347826,-109.34782608695652,3.869565217391304,479.4362173913043,0.2647265652173913,0.6956521739130435,0.9761217391304349,0.17668260869565217,0.6774104102338928,0.21750470405740294,1.6521739130434783,281.73945217391304,0.0,0.3,0.8580599859564652,0.0,-0.20718766433776575,4.299908424908425,1.876629726513673,-0.6086956521739131,-0.36926667492168924,-0.11313989038374885,-0.2003177177203235,0.44484143926818603,-0.019251868669094563,-0.08440185256003989
Tally,mid,OPL,15,48,0.75,8,0.375,16,47.5,56.6,69.4,50.9,57.9,Legacy Esports,-140.41666666666666,-11.5625,-5.6875,422.27764791666664,0.21435995833333332,0.3541666666666667,1.0902145833333334,0.16564375,0.6493420773752848,0.17193973055905737,2.7916666666666665,565.7388020833333,0.0,0.375,0.7082979626485568,0.24637831125827814,-0.23420318398161832,2.1574855252274605,2.3094010767585034,-0.4375,-0.2636383503424459,-0.40297189993659593,0.08645053433146019,0.8468069341289083,-0.21673390881920568,0.1554873035054583
1dt,sup,LDL,2,47,0.17,16,0.0,15,58.0,46.1,49.0,51.4,63.6,Victorious Gaming,-105.76086956521739,-57.19565217391305,2.4347826086956523,188.98797173913044,0.10121485652173912,0.0851063829787234,2.0071964285714285,0.26136521739130436,0.5734008841322259,0.19429418391480968,0.043478260869565216,403.24760000000003,0.0,0.0,0.2629417761667422,0.0,-0.005410185429299656,0.0,2.1879748724684185,-0.5106382978723404,-0.1434678058428947,0.16020533042051097,-0.48640660242780326,-0.32211773416129685,-0.19244891810993864,0.4722249132579594
KearZy,mid,LHE,2,35,0.486,10,0.1,16,51.4,52.6,52.4,56.2,60.8,Azules Esports Academy|Santiago Wanderers eSports,-248.94285714285715,-52.457142857142856,-9.971428571428572,510.4649657142857,0.2937698857142857,0.37142857142857144,1.1171,0.17862285714285714,0.6395515312254068,0.21799990444900355,0.8857142857142857,356.4924628571428,0.0,0.1,0.33056290139780886,0.0,0.37125725473743093,0.0,2.704493615131253,-0.4,-0.30512974999919223,-0.19131521888269076,-0.12694815986184962,-0.13612980687717954,0.0642242830263354,0.30909880092373626
Ian,mid,CK,2,48,0.438,13,0.308,20,42.1,61.9,68.2,65.2,64.2,OZ Gaming,-237.41666666666666,-445.6041666666667,-14.916666666666666,455.16708124999997,0.24964179166666667,0.125,1.2188333333333332,0.2347875,0.707300807128452,0.1665820929801193,0.9791666666666666,383.35916875,0.0,0.3076923076923077,0.7087131837307152,1.0418506987184128,0.16771961492178095,10.11111111111111,2.886751345948129,-0.2916666666666667,-0.4045922023205409,-0.7444005071926922,0.3712124110314466,0.7631215628956118,0.5688278750695118,0.5052724409536774
Matilda,top,TAL,3,60,0.367,28,0.143,20,52.2,51.8,52.1,51.8,60.4,5 Ronin|5 Ronin Academy|Royal Youth|Royal Youth Academy,-140.81034482758622,-175.91379310344828,-0.5344827586206896,402.82047500000004,0.23448818333333332,0.4666666666666667,0.779315,0.08858833333333332,0.5730820120282948,0.19577927728407218,1.55,615.2970366666667,0.0,0.14285714285714285,0.420233711161063,-0.8552265663340423,0.017116524028966337,1.722222222222222,2.581988897471611,-0.43333333333333335,-0.4497378426934407,-0.14593740237001698,-0.16848451773552806,-0.155115860580459,-0.16718389196613345,0.2855889332271888
Smurf,top,LCL,15,32,0.469,11,0.091,13,49.7,54.3,53.0,54.0,53.8,Elements Pro Gaming|One Breath Gaming,-309.84375,-291.0,-5.40625,394.198525,0.217152675,0.1875,0.9046875,0.140284375,0.5327357980391069,0.17258127479283455,2.09375,723.929784375,0.0,0.09090909090909091,0.25434564575191254,0.0,0.21031879194630884,0.0,2.2980970388562794,-0.5,-0.5941265099265293,-0.2845944314672175,-0.03849426307707936,-0.10498741650298084,-0.05452837427345936,-0.061656388309780374
Potluck,jng,LCSA,2,34,0.353,7,0.0,13,51.1,52.8,53.5,46.7,56.7,Immortals|Immortals Academy,-21.91176470588235,-84.5,-3.6176470588235294,244.17301470588234,0.15030158529411763,0.14705882352941177,1.3355882352941177,0.30104117647058826,0.6849766815706535,0.19381566774252829,8.529411764705882,623.1868558823529,0.0,0.0,0.5313257974463412,0.0,-0.46356838267103384,0.0,2.2294816068526147,-0.47058823529411764,-0.5412672915236506,-0.20732384641871546,-0.11457190865897766,-0.07692722632561085,-0.44916802508323667,0.09070586278854093
Lukeliz,jng,BM,3,20,0.4,5,0.0,6,52.3,51.6,51.4,54.7,49.1,Five Kings,-210.2,-283.05,-11.05,337.639175,0.178492465,0.25,1.0777050000000001,0.228445,0.7390516254263986,0.23949711635226173,2.85,664.477845,0.0,0.0,0.19653198373848835,0.0,0.34894099572008636,0.0,1.3416407864998738,-0.8,-0.29667184403782965,-0.14135357770978332,-0.17744968321291046,-0.19273020262940754,-0.013224858349796795,-0.31756849961044464
Rosseu,sup,DDH,3,27,0.481,7,0.0,13,55.6,48.3,50.5,48.7,59.0,Cream Real Betis|Team Aze,99.33333333333333,27.59259259259259,-1.7407407407407407,180.3470037037037,0.0895800888888889,0.0,1.9715666666666667,0.19273333333333334,0.5982473999936483,0.2531191903079945,0.037037037037037035,612.0676814814814,0.0,0.0,0.2569535850534074,0.0,-0.2631237292306098,0.0,2.5018511664883785,-0.48148148148148145,-0.3638853272433183,0.03415017843817403,-0.36159722914438636,-0.24110102967957853,-0.338357751416147,0.21071541647568542
ItsCortez,jng,LCL,15,26,0.308,8,0.125,13,53.4,50.5,57.6,49.1,56.5,Dragon Army,-215.8846153846154,-103.61538461538461,3.4615384615384617,283.905,0.13511613846153844,0.15384615384615385,1.370196153846154,0.3699384615384615,0.6537847434792515,0.2233891263492126,7.038461538461538,693.1997653846154,0.0,0.125,0.5157622157171807,0.0,-0.2333333333333334,0.0,2.5495097567963927,-0.5769230769230769,-0.4254067283829145,-0.0854913492705489,-0.23917455413099895,0.1383018726425464,-0.3130615686314959,0.07807212705529856
yaoyao,sup,LDL,2,65,0.277,30,0.067,14,50.1,53.8,50.6,54.5,53.3,Triumphant Song Gaming|optical spectrum E-sports,-135.88888888888889,-141.04761904761904,-0.38095238095238093,150.5822446153846,0.08679127384615384,0.046153846153846156,2.1911681818181816,0.3307523076923077,0.6538534529419229,0.1947341870026118,0.03076923076923077,529.4740138461538,0.0,0.06666666666666667,0.27095255883451624,0.0,0.2533382440202157,0.0,1.7364862842489186,-0.5384615384615384,-0.4225502173421118,-0.2593913239637938,-0.06139609625702373,-0.23104703211284738,-0.028655878812435975,-0.09036616399725055
Kadir,jng,SLO,3,23,0.478,6,0.333,8,48.8,55.1,58.5,52.1,52.0,Team Queso,-63.391304347826086,-240.3913043478261,-3.3043478260869565,200.2837043478261,0.1085007695652174,0.13043478260869565,1.316295652173913,0.32311739130434786,0.67955088389871,0.19777070045612247,6.869565217391305,745.4876434782608,0.0,0.3333333333333333,0.3783831908831909,-0.35984481086323966,-0.053480204342273366,1.041666666666667,1.6681153124565982,-0.6521739130434783,-0.31608526144917415,-0.3315343056736445,0.004060923426353547,0.18364367722099667,-0.15464186427601653,-0.1596544745825347
Mekhio,top,UPL,2,39,0.462,16,0.062,11,56.9,47.0,52.3,55.8,55.4,Dark Allegiance,-53.76923076923077,-69.0,1.7435897435897436,516.0778538461539,0.22163851282051283,0.5128205128205128,0.7964666666666667,0.10112051282051282,0.4643086222243697,0.2423389993385125,2.358974358974359,972.022235897436,0.0,0.0625,0.40182494137223035,0.0,0.24792073546230317,0.0,1.7614096918559585,-0.48717948717948717,-0.2618170272052324,0.09808779447879924,-0.4333318335631332,-0.14205095198893375,0.041556513091015934,0.019525389752727967
Good Boi,bot,UPL,2,39,0.462,16,0.062,12,53.4,50.5,50.2,51.2,55.3,Dark Allegiance,-308.7692307692308,-410.87179487179486,-2.641025641025641,667.8735564102564,0.2725558974358974,0.7948717948717948,1.0733384615384616,0.18804615384615384,0.6325902518427237,0.21122892542588298,3.641025641025641,340.9782128205128,0.0,0.0625,0.18573742460208786,0.0,-0.08264181331833677,0.0,1.9215378456610455,-0.6666666666666666,-0.3253054561755702,-0.0823229038367825,-0.23806814581542945,-0.2577820124711762,-0.20286619666601718,0.013967433426128176
Route,bot,LCK,1,81,0.395,27,0.111,15,45.6,58.2,55.1,51.4,58.0,Liiv SANDBOX,-240.1125,-194.175,-7.2875,469.71721481481484,0.2684456172839506,0.5925925925925926,1.443074074074074,0.4737666666666667,0.6453955173051508,0.14056915577666057,1.5925925925925926,343.3691839506173,0.0,0.1111111111111111,0.4266644081397717,0.0,0.07381343958820473,0.0,1.6666666666666667,-0.4691358024691358,-0.4769406685837954,-0.5178144128333865,0.17086687189796085,0.0047491148758898195,-0.1902003141440711,0.15767995311656613
Charlie,sup,LHE,2,38,0.421,15,0.067,18,50.7,53.1,52.0,54.7,65.4,Dark Horse,-164.92105263157896,-141.81578947368422,-2.4210526315789473,166.92548421052632,0.08767171578947369,0.02631578947368421,2.379178947368421,0.29942631578947365,0.6790951269619088,0.23900802579151917,0.0,445.36320263157893,0.0,0.06666666666666667,0.29407579092248864,0.0,0.26419981498612394,0.0,2.919985580353726,-0.39473684210526316,-0.5151466129038326,-0.2268180934367862,-0.09805130277401038,-0.1577616681087491,-0.015894537028896163,0.5772531845835447
Sami,jng,LHE,2,20,0.3,4,0.25,10,51.2,52.6,56.7,62.4,55.8,Humanoids5|Rebirth eSports,-104.4,-150.6,-1.2,228.61966,0.134395505,0.15,1.3164799999999999,0.315575,0.6795742755515445,0.21019154483735852,6.5,628.420175,0.0,0.25,0.3636363636363636,0.0,1.0755148741418765,0.0,2.23606797749979,-0.55,-0.4680065558848339,-0.20275501519070885,-0.1281258498913758,0.08942374273016664,0.3980472765955961,0.04289165364621001
Roi,mid,CK,2,37,0.324,16,0.125,16,47.7,56.1,55.6,46.6,53.3,ASURA|HANJIN BRION,-223.13513513513513,-188.9189189189189,-4.891891891891892,434.7577135135135,0.25964075675675674,0.3783783783783784,0.9950702702702703,0.24724324324324323,0.6728456050824472,0.20166510371113952,1.945945945945946,397.3208891891892,0.0,0.125,0.49710164208605745,0.0,-0.5332553606237818,0.0,2.6303837968857167,-0.43243243243243246,-0.6860768913349298,-0.3953677274395869,0.05729989209415737,0.03164028229520638,-0.45922955171745633,-0.0869673344350598
Try9,mid,LDL,2,62,0.5,20,0.25,12,46.7,57.1,58.9,51.9,49.0,All Combo,-321.344262295082,106.19672131147541,-7.213114754098361,447.31321612903224,0.23368224193548387,0.41935483870967744,1.0748092592592593,0.19571451612903226,0.6965860591735216,0.20550985398767335,1.096774193548387,512.3735096774193,0.0,0.25,0.45848750456108756,0.0,0.035426049244902974,0.0,1.524001524002286,-0.5967741935483871,-0.1870982804408797,-0.4531111383774556,0.10990067471910128,0.20924012983956575,-0.16547668605494442,-0.32351793833161413
KatEvolved,mid,LCSA,2,50,0.6,6,0.5,13,50.8,53.0,65.3,63.7,51.9,TSM Academy,-259.12,-163.4,-6.2,514.5192940000001,0.27129898,0.6,1.072394,0.180034,0.6396779159205461,0.20776905002430948,2.62,302.219874,0.0,0.5,0.6272845933234606,-0.657730768577783,0.327405185343904,6.712719298245615,1.8384776310850235,-0.5,-0.33256854674772807,-0.22181121974723356,-0.10665083899426578,0.5748820311584651,0.47291457184619634,-0.16315610562336402
Velja,jng,EBL,3,26,0.154,11,0.091,11,55.5,48.3,61.2,58.6,52.8,ASUS ROG ELITE|Level Up esports,-13.307692307692308,232.6153846153846,7.346153846153846,278.2563769230769,0.17669801538461538,0.19230769230769232,1.3043423076923077,0.333326923076923,0.5182291224295272,0.2166803641508723,8.923076923076923,517.3158461538461,0.0,0.09090909090909091,1.0002290567267793,0.0,0.7448212367653826,0.0,2.1572774865200244,-0.6538461538461539,-0.4477709989868239,0.02665152519920573,-0.36198191554507575,0.3322070781573644,0.1925401578171421,-0.11369312553809681
Sudzzi,mid,UPL,2,41,0.537,11,0.0,19,53.4,50.4,47.0,59.0,61.9,Full Spectrum|Simplicity Esports,-209.53658536585365,-241.82926829268294,-4.097560975609756,590.2919414634147,0.2448006585365854,0.7073170731707317,0.8981048780487805,0.13857560975609756,0.5697566084359094,0.16751740168978957,3.0,405.3902243902439,0.0,0.0,0.1606517523500484,0.0,0.6055926672184645,0.0,2.9673014758835152,-0.3902439024390244,-0.38683754724890906,-0.08246017337694891,-0.24542493646169158,-0.43680616194713734,0.21382105670057597,0.3702796509393771
destiny,sup,LEC,1,39,0.564,5,0.0,9,48.2,55.5,55.4,52.1,48.4,Origen,-130.28205128205127,-158.71794871794873,-8.025641025641026,143.8559435897436,0.07347078717948718,0.02564102564102564,2.635692307692308,0.3539128205128205,0.680844136834582,0.25435481699978585,0.1282051282051282,499.075558974359,0.0,0.0,0.3388834026135085,0.5939335365400344,-0.2644828255385212,3.502090800477897,1.4411533842457842,-0.6923076923076923,-0.2911271353551533,-0.36731570887024184,0.025680706536729648,0.019365022380747172,-0.1535395613672677,-0.35630338866598565
Sof,jng,NLC,2,41,0.463,11,0.273,14,52.5,51.2,63.9,51.0,60.9,MNM Gaming|Tricked Esport,-28.951219512195124,-258.0731707317073,-3.8536585365853657,315.7559365853658,0.15210759024390244,0.3170731707317073,1.2447365853658536,0.22298048780487806,0.6872405156725995,0.19958183017246892,11.24390243902439,683.3217707317073,0.0,0.2727272727272727,0.7642018349336465,0.0,-0.06857352401906858,0.0,2.186432666440485,-0.4634146341463415,-0.28941781108256215,-0.13138518010237724,-0.20164196508946114,0.4866117114984811,-0.21157969596967457,0.31764539406807485
Ceros,mid,LJL,15,59,0.661,5,0.0,13,55.0,48.7,47.1,55.6,51.5,DetonatioN FocusMe,104.15254237288136,-3.305084745762712,2.152542372881356,502.0145915254237,0.25704334237288134,0.22033898305084745,0.9858322033898305,0.149435593220339,0.6126072210123146,0.1900383873294203,2.7796610169491527,258.1045186440678,0.0,0.0,0.28989741887003473,-0.3825876479709542,0.02541998386700798,3.5390655306479655,1.6924558427507104,-0.4576271186440678,-0.316641031776892,-0.002391437081793166,-0.33924916166124663,-0.4272546491620528,0.02929640780334741,-0.18408461164382
Cotopaco,mid,LLA,15,40,0.575,5,0.2,12,53.1,50.6,56.1,53.3,50.9,inf,-247.775,-14.25,-6.95,532.920885,0.29819175000000003,0.15,1.08089,0.212675,0.6176122865222659,0.2410012645306763,2.675,292.1800525,0.0,0.2,0.4131917272219117,-0.4361747697579781,-0.3897671256161822,5.333333333333333,1.8973665961010275,-0.5,-0.40969091576136235,-0.09936363207946036,-0.2353785377131987,0.059892281921543084,-0.08962294744309962,-0.2188481684024166
yuyanjia,sup,LPL,1,89,0.697,12,0.583,14,49.5,54.2,78.2,50.6,53.6,Top Esports,-56.825581395348834,-41.127906976744185,-8.244186046511627,156.7981909090909,0.07443939204545455,0.011235955056179775,2.594569736842105,0.2854147727272727,0.658055927908974,0.20446152721271424,0.06818181818181818,433.65700112359553,0.0,0.5833333333333334,0.7332572122777881,-0.03056311670636269,-0.26889360035955107,3.31452418976677,1.483997032008904,-0.449438202247191,-0.3511376424615919,-0.2955558556087066,-0.041615790988771224,1.873237221036291,-0.23528417891318626,-0.07153729282371651
J1mizera,jng,GLL,3,20,0.3,12,0.0,9,53.9,49.8,51.9,49.8,55.1,Hive Athens EC|Pyrsos Esports,-134.05,-213.6,-3.0,362.17568,0.19022091000000002,0.1,1.0972250000000001,0.22157,0.6410433367801789,0.22651909393288702,9.25,589.57109,0.0,0.0,0.2565372969997247,0.0,-0.2534888564882316,0.0,2.0124611797498106,-0.55,-0.3266266391862669,-0.056506672179716604,-0.2755933446184971,-0.1641655167289674,-0.27953704282046954,0.005944544080410692
Aoi Haru,top,LCL,15,26,0.308,8,0.125,10,52.3,51.3,58.6,53.8,51.8,Dragon Army,-139.57692307692307,-10.076923076923077,2.1153846153846154,407.774,0.19552765384615386,0.07692307692307693,0.7724807692307691,0.08150769230769231,0.5552097585861888,0.19335863565818678,0.6153846153846154,1016.7524192307693,0.0,0.125,0.6641337647585281,0.0,0.1840027861620618,0.0,1.9611613513818404,-0.6923076923076923,-0.29085688916681174,-0.14025513841921286,-0.19462075097637843,0.18896842894073493,-0.06371065749487412,-0.1684057944682757
Paštikus,jng,HC,3,23,0.739,3,0.667,8,52.8,50.8,65.5,57.9,53.1,KIA.eSuba Academy,-40.43478260869565,-18.52173913043478,4.086956521739131,281.4178260869565,0.14220563913043477,0.08695652173913043,1.1087347826086957,0.2535173913043478,0.6479139533908009,0.23023204216493443,6.869565217391305,866.3699782608695,0.0,0.6666666666666666,0.41090478071908343,-0.22757475083056483,0.1265380893128717,5.147354497354497,1.6681153124565982,-0.6521739130434783,-0.21802771719106348,-0.11700800275827643,-0.2226707222565803,0.5823593117583782,0.1513918289606805,-0.09857630006919674
Nemesis,mid,LEC,1,68,0.588,13,0.308,22,52.6,50.9,62.3,58.6,63.5,Fnatic,-85.77941176470588,19.13235294117647,1.4852941176470589,466.1030397058824,0.24569241176470585,0.5,0.998639705882353,0.20734264705882352,0.5670997045997466,0.14823579859136476,4.088235294117647,408.2444852941176,0.0,0.3076923076923077,0.5079280589694402,-0.47550175215036633,0.012570443727088734,5.1763784461152875,2.6678918753996625,-0.3235294117647059,-0.37939395330608344,-0.12469019981554338,-0.2184144902808157,0.3916919172403631,0.19058318507785865,0.46620222292066854
Rabstar,bot,UKLC,3,22,0.455,7,0.0,9,50.2,53.3,51.2,54.2,55.6,Demise|Enclave,-634.1818181818181,-94.95454545454545,-5.590909090909091,514.1440636363636,0.27656604545454544,0.3181818181818182,1.1607181818181818,0.23979999999999999,0.6422052627090623,0.2150514764695677,2.9545454545454546,292.5247318181818,0.0,0.0,0.2552081123509695,0.0,0.2642718835547839,0.0,1.9188064472004938,-0.5909090909090909,-0.22665245701651057,-0.2569626798429983,-0.08961270033286174,-0.20014408012099066,-0.04295502362268869,0.03018007776196286
SoaR,top,CK,2,76,0.461,19,0.316,19,51.8,51.7,72.6,60.3,55.9,OZ Gaming,24.42105263157895,-68.71052631578948,2.25,419.0226631578947,0.23065822368421052,0.14473684210526316,1.024175,0.1750934210526316,0.5281445049708073,0.2701943312354547,1.5394736842105263,737.9758592105263,0.0,0.3157894736842105,0.5372881978902488,2.0662239479120474,-0.026635772724476613,5.041666666666667,2.1794494717703365,-0.4473684210526316,-0.4682057006961224,-0.16830273672208632,-0.1763165549191801,1.109686925660355,0.2851695438975982,0.049011494836466454
Raxhy,jng,DL,3,26,0.423,6,0.0,14,52.9,50.6,51.1,47.1,53.7,PRIDE|Team THRLL,-159.15384615384616,-195.0,-0.6153846153846154,319.6468076923077,0.16211093846153846,0.2692307692307692,1.2129115384615383,0.27447692307692306,0.65828000815349,0.2459764162067539,7.653846153846154,703.3638884615385,0.0,0.0,0.23939064200217622,0.0,-0.4402216943784639,0.0,2.745625891934577,-0.5769230769230769,-0.7386478221021159,-0.11270348961693105,-0.23184685477410433,-0.20509452111070547,-0.43093190356334354,-0.06858807139680252
Soap,sup,GLL,3,21,0.238,14,0.0,13,51.1,52.3,51.0,54.1,61.5,Laughing Coffins|Pyrsos Esports,-316.3809523809524,-92.66666666666667,-3.1904761904761907,171.68650952380955,0.0935762,0.0,2.0369809523809526,0.29772380952380956,0.6489507081612345,0.22869846642856753,0.09523809523809523,406.46563809523803,0.0,0.0,0.2407447735191638,0.0,0.21472277722277724,0.0,2.836832573067901,-0.42857142857142855,-0.2990018195362617,-0.20607924770212296,-0.14173207211641722,-0.2125321268634743,-0.04794702671974102,0.3489742641382758
Tabasko,jng,PGN,3,46,0.565,6,0.0,16,49.1,54.3,47.3,47.8,54.5,Illuminar Gaming|YDN Esports,13.065217391304348,-221.02173913043478,-4.260869565217392,258.30391739130437,0.1351598456521739,0.13043478260869565,1.566304347826087,0.37012391304347825,0.6167717143492065,0.20831939001424624,9.08695652173913,532.6156434782608,0.0,0.0,0.16166580444904294,-0.297525222420911,-0.45322265625,2.7,2.359071298478354,-0.43478260869565216,-0.659364367713219,-0.3157987874290611,-0.035099348759385134,-0.41740261207675045,-0.3894948343689469,-0.0264035541494132
Allorim,top,LCSA,2,38,0.368,11,0.182,13,46.3,57.1,55.0,55.1,51.7,Immortals|Immortals Academy,-311.6842105263158,-22.026315789473685,-0.7894736842105263,320.15818684210524,0.19440536315789475,0.15789473684210525,1.000186842105263,0.18435526315789472,0.5460621151294526,0.20879706080496369,2.1052631578947367,856.3695131578947,0.0,0.18181818181818182,0.3743623283191629,0.0,0.19994507003570441,0.0,2.108878474699913,-0.5263157894736842,-0.5632334806552753,-0.4778548157052473,0.11139546470748452,0.0019715300135029036,0.005694153807538932,-0.1731879758314937
NOsFerus,mid,CBLOL,15,45,0.444,9,0.0,16,54.4,49.0,48.2,44.8,49.5,Vivo Keyd,-9.822222222222223,-44.422222222222224,-2.022222222222222,490.72030222222224,0.24562471111111112,0.6666666666666666,0.8431711111111112,0.16269111111111112,0.6226524776231331,0.17698228094536106,2.111111111111111,318.9180244444445,0.0,0.0,0.18514365453140963,0.0,-0.6138867066709011,0.0,2.3851391759997758,-0.4888888888888889,-0.6812721796133371,-0.029935488584429626,-0.32335604132443646,-0.3673390617448403,-0.5635383901290398,-0.29138219285784106
Impact,top,LCS,1,60,0.6,11,0.182,13,55.0,48.4,52.2,59.0,47.5,Team Liquid,-53.7,82.35,-0.7666666666666667,408.6636066666667,0.23468861666666668,0.21666666666666667,0.94116,0.12505333333333332,0.5779192050091565,0.28815004042884473,1.9333333333333333,917.0971766666667,0.0,0.18181818181818182,0.22143807843501406,-0.5886477462437396,0.23179383234399908,3.9816017316017325,1.6782927833565473,-0.6166666666666667,-0.45851574639492587,0.0007995957894609911,-0.3545366856815217,-0.14723979447929317,0.21202597902631032,-0.40478842942535825
Trix,jng,TCL,15,24,0.5,7,0.0,10,51.6,51.8,50.9,48.3,52.6,Galakticos|Galakticos Academy,-76.29166666666667,-13.083333333333334,0.5416666666666666,226.96585416666667,0.10910709583333333,0.08333333333333333,1.5654666666666666,0.33774166666666666,0.6817547328760565,0.2600324277617234,10.375,741.486625,0.0,0.0,0.1990273775216138,0.0,-0.31026722925457106,0.0,2.041241452319315,-0.5,-0.5239320830721632,-0.1823695095943823,-0.17182862387880532,-0.21483666439287535,-0.35954738110353057,-0.1252761370423925
Croco,jng,CK,2,30,0.5,7,0.286,9,48.4,55.0,60.5,49.8,51.1,HANJIN BRION|Liiv SANDBOX,-302.23333333333335,-427.5,-9.233333333333333,272.62758,0.15293789666666668,0.23333333333333334,1.5708633333333333,0.40641,0.7295987323699668,0.268159663321428,7.666666666666667,666.4716533333334,0.0,0.2857142857142857,0.76373510667775,-0.5551375585525535,-0.23064315946917863,0.0,1.6431676725154982,-0.6666666666666666,-0.3729882625222967,-0.3570162865439036,-0.000494696859733695,0.2930301202218842,-0.27597050280459,-0.20453761423706124
Enty,sup,LJL,15,44,0.545,5,0.2,12,48.6,54.8,55.2,55.8,48.5,QT DIG∞,-98.38636363636364,-69.72727272727273,-3.772727272727273,142.20254772727273,0.07509290227272727,0.022727272727272728,2.604343181818182,0.36382272727272724,0.6477703482068446,0.2192855424886302,0.06818181818181818,475.21827954545455,0.0,0.2,0.25341072006659576,-0.18626335036690794,0.18075702075702077,1.7787698412698412,1.8090680674665818,-0.6136363636363636,-0.5343701447150323,-0.3412189888316859,-0.010753503265863492,0.01038423351191664,0.0396419378313945,-0.34715768598217467
Ruuzh,mid,BM,3,21,0.571,6,0.333,12,51.5,51.9,60.6,57.7,58.4,Zero Six PowerSpike,-233.33333333333334,38.476190476190474,-2.4285714285714284,507.70126190476196,0.2379452380952381,0.2857142857142857,1.0421238095238095,0.14672380952380953,0.5547334218652634,0.20886218756846414,2.0,456.69543333333337,0.0,0.3333333333333333,0.6205184776613348,0.0,0.49146069799512054,0.0,2.618614682831909,-0.42857142857142855,-0.2426092826932154,-0.18763258561421017,-0.16233726250343183,0.3019543232536117,0.14147354950215496,0.17968614591018042
Hook,jng,LDL,2,76,0.645,12,0.083,14,48.8,54.6,50.9,48.0,51.6,Joy Dream|Legend Esport Gaming,-58.044117647058826,-153.2941176470588,-2.3970588235294117,249.96984210526315,0.13077940131578947,0.2631578947368421,1.5880851063829788,0.38401578947368425,0.6374195195591685,0.20634645956614267,13.802631578947368,689.521325,0.0,0.08333333333333333,0.2788344469623269,0.0,-0.31272814260906545,1.1428571428571426,1.6059101370939322,-0.5263157894736842,-0.4373294880138313,-0.3311289540359823,-0.02141387931962118,-0.2181318884525347,-0.3775736411852719,-0.17899343174729052
bohe,bot,LDL,2,58,0.328,18,0.0,9,47.4,56.0,48.9,48.1,51.8,Bilibili Gaming Junior,-326.7413793103448,-170.0,-8.275862068965518,491.5409568965517,0.27216184655172415,0.6379310344827587,1.0638666666666665,0.33320000000000005,0.6641665656166322,0.1697778890385915,1.9827586206896552,345.87681206896553,0.0,0.0,0.29334274445043734,0.0,-0.21524070487078945,0.0,1.181757895737503,-0.7241379310344828,-0.12310447133277583,-0.41190619269748807,0.05507514278982888,-0.3284577756204243,-0.3739631912425154,-0.16862488580185717
Leza,bot,LLA,15,37,0.568,1,0.0,11,55.4,48.0,51.5,60.6,56.3,Movistar R7,173.08333333333334,52.083333333333336,2.6666666666666665,487.1418648648649,0.286194027027027,0.4594594594594595,1.2752378378378377,0.29055675675675674,0.6215852814382227,0.2661508112425848,3.2972972972972974,308.00335405405406,0.0,0.0,0.351982618142314,0.07336683417085439,0.3309729692925716,3.106837606837607,1.8083888603589302,-0.5945945945945946,-0.3421647295199445,0.019583299967510008,-0.3745115550239107,-0.1833304616787082,0.29939357899359187,0.0660688171865666
aki,mid,PGN,3,44,0.545,11,0.0,21,49.7,53.6,48.3,63.4,65.8,Samsung Morning Stars|aNc Outplayed,-138.75,-52.54545454545455,-4.0227272727272725,473.8461863636363,0.2453331659090909,0.5227272727272727,0.8966954545454545,0.146375,0.6792219403658298,0.20428116228144375,2.727272727272727,386.2212954545455,0.0,0.0,0.3268663322514016,-0.4286571000214178,0.35737807746589323,6.026982443737481,3.165869118066518,-0.3181818181818182,-0.29259535608733256,-0.28093863408618436,-0.0716825967336378,-0.3602697730680293,0.45965269293148403,0.6039750449543375
Huido,jng,NEXO,3,26,0.5,4,0.25,16,47.6,55.7,55.5,56.9,67.3,Kawaii Kiwis,-241.42307692307693,-453.1923076923077,-7.615384615384615,236.76027692307693,0.12584865769230769,0.19230769230769232,1.3865038461538464,0.3365846153846154,0.6908056743076986,0.2060107131430661,9.115384615384615,647.2399346153846,0.0,0.25,0.36935376415722854,-0.747577766445691,-0.33492723492723486,8.25,3.1378581622109447,-0.38461538461538464,0.0,-0.4009745789470391,0.03777741303776116,0.02691890654318252,0.09993674248332166,0.703467827498092
Boal,top,CBLOL,15,21,0.476,5,0.4,8,51.1,52.2,66.4,50.2,49.7,Flamengo MDL,-400.76190476190476,-151.61904761904762,-5.238095238095238,365.33144285714286,0.17919625238095238,0.6190476190476191,0.9187666666666667,0.10018095238095238,0.5521896595633734,0.2119458867276301,1.4761904761904763,611.3579714285714,0.0,0.4,1.040459601515707,0.0,-0.2018288905920271,0.0,1.7457431218879391,-0.6190476190476191,-0.5243552348437214,-0.2047230524149912,-0.1497665593148062,0.6418470534656925,-0.25488072578133064,-0.28097735876388863
Strode,bot,HC,3,23,0.739,3,0.667,10,50.1,53.2,67.2,57.1,56.7,KIA.eSuba Academy,-198.95652173913044,77.65217391304348,-3.5217391304347827,428.8598347826087,0.22632247826086954,0.5217391304347826,0.8332043478260869,0.1837826086956522,0.6705296544339484,0.16607015909945969,2.782608695652174,310.8122086956522,0.0,0.6666666666666666,0.6646621300838741,-0.5053331272221363,-0.1690900777320529,6.504742547425475,2.0851441405707476,-0.5652173913043478,-0.2535986492633037,-0.2590208232904076,-0.09306587120262297,0.6962994432629797,0.11248496100105164,0.08928532535508305
poge,sup,LDL,2,69,0.42,18,0.0,13,48.9,54.4,47.7,60.7,48.3,V5 87|Victory Five,-222.51470588235293,-70.98529411764706,-4.220588235294118,168.40083043478262,0.08600485072463768,0.028985507246376812,2.2609204081632654,0.35366666666666663,0.6344040274113241,0.18064371836579654,0.014492753623188406,505.1130333333333,0.0,0.0,0.25070707568837713,0.0,0.6902072528238452,0.0,1.5650160901149996,-0.5072463768115942,-0.6038199981971256,-0.32750875140894886,-0.032941583620415514,-0.39650092135572584,0.306057093959593,-0.360647877052402
S1D,sup,PGN,3,58,0.569,14,0.071,13,52.4,50.9,49.8,56.0,49.9,Racoon|aNc Outplayed,-22.862068965517242,203.20689655172413,-3.5517241379310347,144.69878965517242,0.07328786551724138,0.034482758620689655,2.234960344827586,0.24926206896551725,0.6851113039778626,0.2499695162523443,0.0,430.6241120689655,0.0,0.07142857142857142,0.34389751108568156,-0.4802568734723048,0.05638272310738818,3.5383254215660687,1.7069836271763932,-0.6206896551724138,-0.3815913676798552,-0.13916406413080876,-0.22018432268527663,-0.27493239919330537,0.052098370109190384,-0.27154577591893864
Stomaged,jng,TCL,15,20,0.55,1,0.0,8,50.8,52.5,49.1,59.8,54.6,Papara SuperMassive,-29.65,-174.45,-5.55,225.976955,0.118306575,0.0,1.557925,0.32838500000000004,0.6517961570593149,0.2190885570502183,12.75,643.96457,0.0,0.0,0.21339180661033263,-0.6562567305621365,0.16437728937728946,5.2608695652173925,1.7888543819998317,-0.65,-0.17069937591252557,-0.22536152863687983,-0.13024021696537746,-0.3165066864980992,0.25487448420933406,-0.01927331877900605
Tarky,sup,TCL,15,22,0.455,7,0.0,10,51.9,51.4,51.2,48.3,50.3,Galakticos|Galakticos Academy,-197.95454545454547,-112.81818181818181,-10.409090909090908,173.44086818181816,0.09031501818181818,0.045454545454545456,2.1558318181818183,0.2508590909090909,0.6604684776008306,0.22773175689900993,0.0,674.4967227272728,0.0,0.0,0.1915501408744652,0.0,-0.4662553027381412,0.0,2.1320071635561044,-0.6363636363636364,-0.6675251496303596,-0.16527048690178386,-0.18801507473687076,-0.20232709458768744,-0.3622316119186648,-0.251610957048873
Amarant,jng,LHE,2,25,0.68,3,0.333,10,51.3,52.0,55.9,46.3,53.7,Kaos Latin Gamers,177.28,11.08,-3.88,201.605152,0.112218604,0.12,1.264588,0.308712,0.6721900757892143,0.21966975508151979,7.48,783.032044,0.0,0.3333333333333333,0.19190031152647974,-0.2098935073857782,-0.6505397113964322,0.0,2.0,-0.56,-0.5198444232650415,-0.19803577888236562,-0.15935629119744418,0.04724043812480082,-0.47414167613068714,-0.06774000087015719
Saitam,bot,BL,3,26,0.346,8,0.0,10,49.2,54.0,50.6,52.7,54.3,RSC Anderlecht Esports,-281.34615384615387,-460.61538461538464,-16.115384615384617,532.8192384615385,0.2810820769230769,0.38461538461538464,1.0548423076923077,0.28781538461538464,0.6663630607883037,0.1888710128320103,0.5,288.3993769230769,0.0,0.0,0.23835257787325456,0.0,0.10288486086290524,0.0,1.9611613513818404,-0.5384615384615384,-0.4252399396915503,-0.3099940161952761,-0.05406216792831925,-0.23218011777587244,-0.12215619875749323,-0.0372330259141094
Fanatiik,jng,LCSA,2,36,0.389,9,0.0,15,46.1,57.1,48.5,52.2,62.8,FlyQuest Academy,-222.27777777777777,-371.02777777777777,-6.805555555555555,212.19238611111112,0.12653041944444443,0.1111111111111111,1.4840277777777777,0.3354083333333333,0.7326858284472308,0.16734240912764267,5.194444444444445,586.0030527777777,0.0,0.0,0.16524685382381413,0.0,0.002020573108008839,0.0,2.5,-0.4444444444444444,-0.3113663758756606,-0.4898221114698306,0.11099558503698491,-0.34841328991620113,-0.14959755833475774,0.4213642548828319
Midkid,mid,TAL,3,35,0.457,7,0.143,15,50.7,52.5,60.9,55.3,55.3,Fenerbahçe Academy|Fenerbahçe Esports,-24.6,74.65714285714286,3.5428571428571427,407.58877714285717,0.23830294285714285,0.5142857142857142,0.9853628571428571,0.15278285714285716,0.5948419612449092,0.1746620803263709,1.4285714285714286,359.86343142857146,0.0,0.14285714285714285,0.9087999999999999,0.0,0.24498656687775858,0.0,2.53546276418555,-0.4,-0.5243798482923159,-0.22614606498410944,-0.12992262368035484,0.3165061763982203,0.014100919071488832,0.018120229626490174
Slowla,mid,BM,3,27,0.259,15,0.0,14,52.2,51.0,50.7,51.4,57.7,Team Infamous,-257.51851851851853,-273.22222222222223,-2.4074074074074074,565.7438148148149,0.27298751851851855,0.48148148148148145,0.9724333333333334,0.17975185185185186,0.6258807472375031,0.2493695728529118,1.3333333333333333,323.4725148148148,0.0,0.0,0.23979066869067517,0.0,-0.0757256940426245,0.0,2.6943012562182536,-0.4074074074074074,-0.40425780981847703,-0.1459580881462127,-0.21291041207988645,-0.22985326901966022,-0.18914439006271414,0.14150075767400655
Foxy,bot,DDH,3,22,0.409,7,0.143,12,50.5,52.7,56.3,68.3,56.8,Zwan Gaming Mexico,-161.0909090909091,-353.3636363636364,-6.0,452.18580000000003,0.26226527272727274,0.7727272727272727,0.9259409090909091,0.19984545454545455,0.6657884842944266,0.1613728894393181,0.7272727272727273,236.82581818181816,0.0,0.14285714285714285,0.472869698127627,0.0,2.2339297548045063,0.0,2.5584085962673253,-0.5454545454545454,-0.5152516748064202,-0.240027150247374,-0.12388849159520787,0.06767702165168536,0.7696104792538732,0.0953874692403499
Wayne,bot,CK,2,35,0.457,5,0.2,10,48.0,55.2,59.5,56.9,60.9,Griffin,-241.34285714285716,-162.37142857142857,-2.9714285714285715,463.07160285714286,0.2577399142857143,0.4,1.028225714285714,0.24016571428571426,0.706003951623589,0.15305471703544893,1.5142857142857142,270.33290571428574,0.0,0.2,0.6049495875343721,0.0,0.3090875643855776,0.0,1.6903085094570331,-0.5428571428571428,-0.08915380675176669,-0.37653756411913253,0.00825930696402952,0.23975335609760656,0.10244347640596296,0.31587119984681283
Lunny,jng,GLL,3,22,0.545,7,0.0,9,57.1,46.0,49.6,53.3,53.8,LUL Esports|Pyrsos Esports,-41.18181818181818,-139.36363636363637,-2.3636363636363638,449.2472318181818,0.17719871818181818,0.4090909090909091,0.99385,0.2267,0.5836030070179765,0.2596924734008787,10.090909090909092,542.3370818181819,0.0,0.0,0.21938500615763548,-0.5711115174890278,0.028386606412597198,1.4968944099378882,1.9188064472004938,-0.5909090909090909,-0.34787318024439906,0.11203053021834825,-0.4910508480421879,-0.2857204857243625,-0.08797989817913092,-0.061551133991764435
Mke,top,OTBLX,3,20,0.4,5,0.0,12,50.4,52.7,51.6,73.1,56.1,Domme Jongens|Team Echo Zulu|Team Echo Zulu Tribe,-449.7,-318.45,-9.55,410.69059500000003,0.20687645,0.55,0.843975,0.11139000000000002,0.5377284155902576,0.2573292540792541,3.45,891.695615,0.0,0.0,0.26451063829787236,0.0,3.363255033557047,8.710474308300395,2.6832815729997477,-0.45,-0.648570714680709,-0.24560190355768932,-0.12048941362960303,-0.17882828045307297,1.1644733743112996,0.0593338264335142
Diplex,mid,PRM,3,42,0.381,15,0.0,18,44.7,58.4,51.1,50.8,57.6,OP innogy eSport,-347.64285714285717,-412.1904761904762,-14.547619047619047,486.2507738095238,0.23642604047619045,0.5238095238095238,1.0471071428571428,0.23674761904761907,0.662179776969183,0.1829607034174559,1.0714285714285714,428.38716904761907,0.0,0.0,0.3816114770369034,0.0,-0.047104434213714554,0.0,2.7774602993176543,-0.42857142857142855,-0.45676251221308056,-0.5743591297504972,0.18210430897764768,-0.20562748609330694,-0.2203773561509358,0.13734418283645683
Vio,sup,EBL,3,38,0.5,8,0.25,9,46.5,56.6,59.8,50.9,47.6,Crvena zvezda Esports|Zero Tenacity,-151.76315789473685,0.02631578947368421,-4.447368421052632,116.7954157894737,0.06497631842105263,0.02631578947368421,2.37155,0.23092105263157894,0.6927912868702343,0.15261362214270802,0.0,300.1388578947368,0.0,0.25,0.44742489270386265,0.2742504409171076,-0.1450924608819345,1.7666666666666666,1.459992790176863,-0.6578947368421053,-0.432473478348262,-0.4609289709761122,0.08550303426485718,0.25738223873897903,-0.2155721347738943,-0.4019713476563408
itzRenifer,bot,UL,2,32,0.156,11,0.0,10,48.7,54.4,50.1,50.4,53.6,Diablo Chairs|PRIDE,-314.625,-226.375,-13.1875,536.97946875,0.27674025,0.375,1.0952125,0.25916875,0.638159912338301,0.13455511447564747,0.875,282.4589625,0.0,0.0,0.26844107183407767,0.0,-0.1722815210140093,0.0,1.7677669529663687,-0.65625,-0.36248047500141206,-0.33950443576451395,-0.031116192754918132,-0.25883975198134196,-0.24540702465333467,-0.07205502348838111
Rimtuolis,mid,BM,3,36,0.5,8,0.0,16,52.5,50.6,45.3,46.4,51.9,Kenty,-46.638888888888886,-170.66666666666666,-4.694444444444445,539.4798027777778,0.2742913055555556,0.4166666666666667,0.8575277777777778,0.12439166666666668,0.6302504356884224,0.206646377453911,2.111111111111111,415.96936666666664,0.0,0.0,0.07045964387530962,-0.694298422968055,-0.7721008072455208,5.2318840579710155,2.6666666666666665,-0.4166666666666667,-0.7694962526254272,-0.13410496500766755,-0.23601382324543926,-0.5376531431341056,-0.4683053813912577,-0.16316353171103232
Phenomenal,mid,TAL,3,20,0.35,8,0.0,12,48.8,54.3,50.5,47.7,55.4,Galakticos Academy,-401.45,-191.2,-3.95,437.535125,0.23802615,0.45,1.15952,0.162445,0.5598761589362613,0.15607653498381818,1.35,276.65434,0.0,0.0,0.11320754716981131,0.0,-0.5411334552102377,0.0,2.6832815729997477,-0.5,-0.4213525649312087,-0.33153897434968965,-0.03789565566734532,-0.2399537324869165,-0.3948016136224868,0.022938578299241535
TTS,top,LDL,2,30,0.433,8,0.125,9,48.8,54.3,53.8,61.6,52.3,Oh My God Academy,22.32,101.24,-1.16,325.43330333333336,0.16436369666666667,0.16666666666666666,0.9284357142857144,0.15295333333333336,0.5264662821109067,0.19890428402704616,2.4,749.7234,0.0,0.125,0.38076352430951843,0.0,0.7485857950974232,0.0,1.6431676725154982,-0.5333333333333333,-0.3531236575082509,-0.33072659067424137,-0.038300025052268656,-0.061339654591175526,0.357514033796635,-0.14502657529993418
GFP,jng,RCL,3,32,0.5,14,0.214,7,52.5,50.6,56.8,55.0,48.9,Illinois State University,-515.40625,-420.3125,-5.78125,412.238640625,0.18942575,0.4375,1.1142812500000001,0.29114687499999997,0.6621219465905603,0.21238531770378077,11.03125,480.22090000000003,0.0,0.21428571428571427,0.30385039186777374,0.0,0.26439571809463175,1.0512820512820513,1.2374368670764582,-0.84375,-0.06160370758233142,-0.13215131909861483,-0.2312321429272452,0.0929097964360028,0.00041787421117051027,-0.32493019350158303
Looca,top,DL,3,48,0.458,16,0.125,16,47.0,56.0,57.5,53.7,54.9,Dynasty|LowLandLions,-501.0208333333333,-175.35416666666666,-8.645833333333334,420.6255229166666,0.21459585625,0.2708333333333333,0.9516062500000001,0.11731041666666668,0.5076483720569083,0.19011344152517398,3.0625,1005.3774666666667,0.0,0.125,0.37037089830943354,0.5785516448066008,-0.37078222361562885,6.032407407407407,2.3094010767585034,-0.5,-0.47169268298412775,-0.43255772553878663,0.05284857216210485,0.1326033111310186,-0.06955858097707676,-0.006253505243152636
Dummy,sup,DL,3,28,0.464,6,0.0,10,50.7,52.3,56.8,66.7,52.2,Dynasty|Dynasty Academy|Team Flux,-262.64285714285717,59.535714285714285,-5.678571428571429,164.04408214285715,0.08807046428571429,0.0,2.050417857142857,0.2696928571428571,0.6666571696770129,0.22973224468186298,0.0,544.5664678571428,0.0,0.0,0.28630152549550203,1.9790040154967559,0.5588595803098646,9.575959844141662,1.889822365046136,-0.5357142857142857,-0.524158262580909,-0.226122493403761,-0.14382876926903015,0.09666566759405293,0.6608105346629534,-0.1502319783313444
Twila,mid,LPL,1,45,0.244,16,0.0,13,52.5,50.4,52.0,48.5,52.5,Dominus Esports,-171.4318181818182,71.5,3.590909090909091,453.2614022222222,0.26627815555555556,0.26666666666666666,1.0473000000000001,0.21839333333333333,0.6345832555447785,0.19941690587903627,1.6,309.9108,0.0,0.0,0.4383317006459622,0.0,-0.15290450559822158,0.0,1.9379255804998177,-0.5111111111111111,-0.29378292537184425,-0.13392784109109454,-0.24417629635277577,-0.15762628014965288,-0.34916125614760407,-0.13218570941334706
niQ,mid,UL,2,27,0.481,3,0.333,15,49.4,53.5,63.0,50.8,56.9,Illuminar Gaming|soon to be named,-16.62962962962963,-2.185185185185185,-5.222222222222222,404.8880703703704,0.2310241111111111,0.3333333333333333,1.0495962962962961,0.15985555555555553,0.626100157696492,0.20630373121137544,3.2962962962962963,420.7878925925926,0.0,0.3333333333333333,0.6464115618328132,0.44816435229218193,-0.32127827459231983,1.2198489751887809,2.8867513459481287,-0.48148148148148145,-0.4780961819249646,-0.2968104725102491,-0.07799882427241844,0.4351391207508476,-0.22423735879575363,0.09777634720298065
pbO,bot,BRCC,2,50,0.52,7,0.429,12,45.6,57.3,68.5,62.4,62.3,Team oNe eSports,-111.86,28.54,-4.98,411.71333400000003,0.219817522,0.38,1.3274700000000001,0.273382,0.6764237009980044,0.1468065662081889,1.24,233.148994,0.0,0.42857142857142855,0.8048900943205279,-0.1781046645157763,0.2639818491208169,4.262605042016807,1.697056274847714,-0.38,-0.2545727381587674,-0.5183986585015594,0.12363522163271318,0.7862321169652426,0.4025864207443649,0.3952968337512411
Plox,bot,EBL,3,27,0.667,4,0.0,7,50.8,52.1,52.1,55.2,49.6,CR4ZY,-9.148148148148149,195.40740740740742,4.777777777777778,431.7439962962963,0.2234462222222222,0.14814814814814814,0.9944703703703703,0.18246296296296297,0.6019468439266668,0.1297339505964489,1.8518518518518519,192.87434074074076,0.0,0.0,0.15247087183607877,0.6907044601917466,-0.33200346087290905,5.822916666666667,1.3471506281091268,-0.7777777777777778,-0.15586108602634752,-0.22380320700299255,-0.15058850223534193,-0.15292046051399918,0.008340507102278238,-0.2906958094957959
Sjakal,jng,NLC,2,22,0.591,6,0.0,6,52.6,50.3,50.0,59.3,51.7,Absolved,-360.09090909090907,-466.3181818181818,-10.363636363636363,399.6494909090909,0.1973949181818182,0.3181818181818182,1.0131181818181818,0.19249090909090907,0.6756895372079881,0.1990103745497439,17.863636363636363,478.76264545454546,0.0,0.0,0.15199916483975362,0.0,0.16623876765083448,4.172214897824654,1.2792042981336627,-0.8181818181818182,0.0,-0.12634636874795022,-0.2504656222587523,-0.2646010458213982,0.2272304965610674,-0.17580729575264517
Stunt,sup,LCS,1,34,0.412,11,0.091,8,52.7,50.1,54.6,66.7,47.0,100 Thieves,-25.575757575757574,-135.63636363636363,3.9393939393939394,132.82012647058824,0.07839037352941176,0.029411764705882353,2.540570588235294,0.33535882352941176,0.6221600655875427,0.2887701481070175,0.0,688.3652441176471,0.0,0.09090909090909091,0.46241839117997824,-0.4429072327471393,0.4065739570164351,14.22962962962963,1.3719886811400706,-0.7058823529411765,-0.33284476844510663,-0.11986712271897805,-0.25997830660016596,-0.020159052688744822,0.6578732621631894,-0.43446253400746265
Manuelcap,sup,LMF,2,24,0.292,10,0.1,11,49.2,53.6,54.9,48.4,56.8,Intel New Indians|Rebirth eSports,-146.5,-124.58333333333333,-3.5,122.40480833333334,0.08306863333333334,0.0,2.2328916666666667,0.24095,0.6985023146787852,0.23266406455744693,0.16666666666666666,419.6440666666667,0.0,0.1,0.40144965562479495,0.0,-0.5089879527229886,0.0,2.2453655975512468,-0.5,-0.5201646433120249,-0.3113944930974496,-0.07311447833111452,-0.006023727038231806,-0.3532106152916069,0.09736554474675375
BAKAKO,jng,LPLOL,3,34,0.324,16,0.125,11,43.5,59.3,58.3,47.0,54.0,GeekCase eSports,-512.4411764705883,-576.4117647058823,-5.5588235294117645,198.46370588235294,0.12650603235294117,0.14705882352941177,1.695935294117647,0.4670588235294118,0.6495238410338119,0.20395400644120498,5.911764705882353,688.220255882353,0.0,0.125,0.6064292251372788,0.0,-0.32001332001332006,0.0,1.8864844365675972,-0.4411764705882353,-0.47862037783653427,-0.646122916749795,0.23040820824505412,0.17504805934997858,-0.43213203231857705,-0.054782572611244335
dONNIE,jng,DL,3,27,0.407,10,0.4,9,45.4,57.4,69.3,50.8,53.2,Team Echo Zulu|Team THRLL,-450.037037037037,-565.925925925926,-6.444444444444445,238.12959629629628,0.1303622,0.0,1.378125925925926,0.29434444444444446,0.7150618849121572,0.16334554582748598,8.296296296296296,611.6560518518519,0.0,0.4,1.2321238938053096,0.0,-0.03264757381808743,0.0,1.7320508075688772,-0.5925925925925926,-0.2976140608263807,-0.5275422711188847,0.12534960828451203,0.8446604570465711,-0.22170427025159473,-0.09534190487740445
Vrow,mid,PGN,3,25,0.36,4,0.0,12,48.3,54.5,51.1,48.7,54.9,Cyberground Gaming|Team Singularity,-307.08,-369.08,-7.6,488.898772,0.24775048,0.4,0.797324,0.176356,0.7053439839028074,0.1941272482835412,2.16,350.0183,0.0,0.0,0.26913875598086123,0.0,-0.3353274392503574,0.0,2.4,-0.4,-0.49314156422124894,-0.3623101224024837,-0.025587890371934777,-0.20508743017137693,-0.33526808776164996,-0.0029011326950497433
Kimi,bot,LMF,2,45,0.444,12,0.083,12,46.5,56.3,53.9,54.0,58.5,Intel New Indians|Malvinas Gaming,-150.7111111111111,-164.64444444444445,-3.5555555555555554,424.78842444444444,0.2632218666666667,0.35555555555555557,1.0291755555555555,0.2221977777777778,0.6679386172733806,0.10742802309107778,1.5555555555555556,272.9691288888889,0.0,0.08333333333333333,0.4178644763860369,0.0,0.1121316751030807,0.0,1.7888543819998317,-0.4444444444444444,-0.37301461374085493,-0.46341339083198907,0.06869934037852071,-0.06017864079649499,-0.05163122101173448,0.18794033948417072
Haru,jng,LCK,1,61,0.328,18,0.056,14,50.5,52.3,49.7,48.2,56.7,Hanwha Life Esports,-68.03333333333333,-54.166666666666664,0.0,227.6788475409836,0.13614306557377048,0.19672131147540983,1.7148868852459018,0.4402311475409836,0.6775795581732494,0.20493103271798968,8.081967213114755,672.6783885245901,0.0,0.05555555555555555,0.20324153401706851,0.0,-0.07399461715489325,0.0,1.7925163190605438,-0.4426229508196721,-0.3514292326124359,-0.23730771472452988,-0.1430504133396186,-0.28014688894921774,-0.3644853763545725,0.09166654316467174
Lava,mid,LCK,1,22,0.182,7,0.0,11,48.4,54.4,51.0,50.7,55.1,HANJIN BRION|Hanwha Life Esports,-411.6190476190476,-200.33333333333334,-8.857142857142858,455.477990909091,0.26683645454545457,0.18181818181818182,1.0521136363636363,0.24017727272727274,0.6474427088063451,0.17128173571840283,1.1363636363636365,391.54289090909094,0.0,0.0,0.26815246495511097,0.0,-0.14791288566243185,0.0,2.345207879911715,-0.4090909090909091,-0.4455061758342198,-0.3567699114008809,-0.030047110070926045,-0.21102636366570168,-0.22569628955110999,0.0048971305143942
ratel,bot,LDL,2,39,0.59,5,0.0,11,47.6,55.1,47.8,51.5,53.7,eStar Young,-434.2307692307692,-132.15384615384616,-3.7948717948717947,493.5973230769231,0.2433366153846154,0.5897435897435898,1.2853555555555556,0.37992820512820513,0.6007477205875633,0.18216773461478034,2.6923076923076925,277.7672153846154,0.0,0.0,0.1329887863300023,0.0,-0.06318194483142928,0.0,1.7614096918559585,-0.5897435897435898,-0.4191330489246019,-0.40264739667936467,0.005488566710793468,-0.38902338751577104,-0.18738780854718104,-0.0664629963234627
Stealshot,bot,HC,3,25,0.6,5,0.0,14,48.7,54.0,51.0,52.2,63.1,Cyber Gaming Academy,-245.64,-73.28,-9.56,472.62929199999996,0.23210016,0.24,1.3222,0.264324,0.5735622502340769,0.16739241855495723,2.4,226.72018,0.0,0.0,0.31603897814063736,-0.14021511017838398,-0.3256762245146617,2.9583333333333335,2.8,-0.56,-0.10495423258100073,-0.33950673415778715,-0.05195414874728211,-0.2115634911064689,-0.14773177484062402,0.439468513488524
통행자,sup,LAS,3,20,0.25,14,0.071,6,53.5,49.2,52.1,58.6,52.1,DRX Academy,-393.25,-188.65,0.8,210.517825,0.09294857,0.05,2.082305,0.34297,0.5248015783957538,0.24688411071995042,0.0,465.79461000000003,0.0,0.07142857142857142,0.20027321053873579,0.0,0.23320012627066955,5.346073221174043,1.3416407864998738,-0.8,0.0,-0.07893895363423693,-0.3081940712201951,-0.1550058531490617,0.1914249093844927,-0.15476516598707324
DBL,top,UKLC,3,23,0.565,5,0.2,11,48.8,53.9,58.4,51.8,57.3,Munster Rugby Gaming Academy,-306.7391304347826,-218.17391304347825,-7.608695652173913,377.8474173913044,0.18024378260869564,0.34782608695652173,0.9868695652173913,0.1396086956521739,0.48305679669422963,0.2032229788467111,1.565217391304348,768.9087521739131,0.0,0.2,0.6957395773843518,-0.3048286758171226,-0.35393548738033076,2.8679245283018866,2.2936585546278225,-0.4782608695652174,-0.2899381475998071,-0.3302492130942734,-0.060449990468220825,0.1797720984475126,-0.1718922037627056,0.12334815208929252
Only35,sup,NLC,2,37,0.459,9,0.0,12,48.3,54.4,47.4,69.5,60.2,Absolved|Team Singularity,-273.81081081081084,-134.78378378378378,0.02702702702702703,150.96576756756758,0.08246250810810811,0.0,2.781491891891892,0.4124108108108108,0.6284289668441141,0.27733980174021766,0.10810810810810811,440.9050486486487,0.0,0.0,0.23157622885506324,-0.3520587296520906,0.3643349393181679,10.032059935008526,1.9727878476642875,-0.4594594594594595,-0.2594412270136611,-0.3627115830155496,-0.03271954517458366,-0.41124440477815516,0.8576125810532614,0.27856840462957877
Phrenic,jng,PRM,3,36,0.167,14,0.071,14,46.3,56.3,57.0,46.5,59.3,SK Gaming Prime,-393.27777777777777,-571.9444444444445,-8.36111111111111,282.76225833333336,0.1535751111111111,0.1388888888888889,1.476475,0.34699444444444444,0.6803508948557258,0.21153758203105477,5.972222222222222,749.5354527777778,0.0,0.07142857142857142,0.6070674661617225,0.0,-0.34313164649798317,0.0,2.3333333333333335,-0.3888888888888889,-0.39682769306948934,-0.4759452788800683,0.06623929034606989,0.10521819431137015,-0.4610158781569788,0.22679494277945736
Universe,mid,SLO,3,32,0.406,9,0.0,14,51.4,51.2,49.0,63.0,51.1,One Breath Gaming|eMonkeyz|x6tence,-191.625,16.59375,-3.1875,474.785875,0.27102609375,0.4375,0.8890875,0.177771875,0.625041252660738,0.22518567478993926,2.46875,318.958315625,0.0,0.0,0.11680575381574612,0.0,0.8497260094634274,0.0,2.4748737341529163,-0.4375,-0.7267733896193567,-0.19232141926012553,-0.20357646128558862,-0.3221216312818548,0.43390363723330494,-0.20734689761555058
Inori,jng,LCSA,2,50,0.78,8,0.375,15,52.7,49.9,60.3,59.5,57.8,Cloud9 Academy,25.12,-51.46,-4.1,294.39169000000004,0.144980908,0.28,1.4053120000000001,0.26878799999999997,0.6616747306959287,0.22559327522434938,7.92,713.2838559999999,0.0,0.375,0.3356673675995578,-0.13709762532981526,0.1070293940868371,3.38961038961039,2.1213203435596424,-0.5,-0.410656305116969,-0.12090630536775493,-0.2697314850271311,0.282705740394599,0.23996783605318117,0.14894620943825143
Kanra,top,DDH,3,24,0.667,6,0.333,11,46.5,56.1,62.3,55.5,53.9,Cream Real Betis,-406.7916666666667,-348.7916666666667,-10.5,357.2529541666667,0.1720533375,0.3333333333333333,1.0445833333333334,0.15374583333333333,0.5193096220613634,0.1943779757414059,1.4166666666666667,676.2821625,0.0,0.3333333333333333,0.7020341741253052,-0.03195340783881627,-0.1945238095238095,6.380564050288821,2.2453655975512468,-0.5,-0.5216800101887672,-0.46463489069234654,0.05568225015553269,0.39391528522791347,0.026969142497905593,-0.05772562277586675
Bas,jng,OPL,15,42,0.238,22,0.045,13,50.6,52.0,51.2,55.3,51.2,MAMMOTH,-314.95238095238096,-287.2142857142857,-1.5476190476190477,256.63122857142855,0.15580008095238096,0.21428571428571427,1.3224500000000001,0.29111190476190474,0.7084762665750061,0.17411755367147447,9.023809523809524,563.9028571428571,0.0,0.045454545454545456,0.22733889109434963,0.0,0.14699999999999988,0.0,2.0059435495071947,-0.40476190476190477,-0.6284268484651273,-0.23238032239455775,-0.15753996133868522,-0.1996527155136836,0.014010957972060811,-0.20015071028315334
Artifact,mid,VCS,15,74,0.568,16,0.0,24,56.5,46.1,47.5,51.1,63.6,Lowkey Esports.Vietnam|Team Secret,137.1891891891892,-9.77027027027027,0.6891891891891891,504.0553986486486,0.26599653783783783,0.3783783783783784,0.956404054054054,0.20682297297297297,0.5886824956953843,0.2319575192640208,1.8783783783783783,377.8488310810811,0.0,0.0,0.35794835347074155,-0.4228917259354155,-0.40132826234330293,4.351909184726522,2.789943329851663,-0.2702702702702703,-0.46077996118282294,0.07855494761052434,-0.48440287727858355,-0.4046768493679163,-0.20464652690723795,0.4701951697153751
Paz,top,LJL,15,54,0.63,14,0.214,12,51.3,51.3,59.5,61.7,49.2,V3 Esports,-19.339622641509433,2.169811320754717,-6.90566037735849,379.19279074074075,0.1994967037037037,0.2962962962962963,0.8358777777777777,0.10289074074074074,0.6000183428686348,0.23042674577876412,2.5,814.0645314814815,0.0,0.21428571428571427,0.28801841188268895,0.4046686175953022,0.13600310904626495,6.010571300044984,1.632993161855452,-0.5370370370370371,-0.4287061103578258,-0.19641459459806818,-0.19551087359980301,0.23761968742190734,0.3593910328201203,-0.30762618413817616
Leigrey,jng,LHE,2,38,0.421,15,0.067,13,45.7,56.8,50.1,50.4,54.7,Dark Horse,-402.8157894736842,-345.07894736842104,-2.526315789473684,239.49311315789473,0.13347875263157896,0.02631578947368421,1.4045078947368421,0.38735526315789476,0.7269367971112599,0.18989125746801036,7.7368421052631575,648.8044921052632,0.0,0.06666666666666667,0.17305426818801892,0.0,-0.12749390063159827,0.0,2.108878474699913,-0.5789473684210527,-0.46015629204686503,-0.5105918208579284,0.09656218485201094,-0.26184885565032934,-0.24415227860151678,-0.01573192788705139
Taxer,jng,UKLC,3,57,0.614,15,0.2,12,46.9,55.6,55.8,46.1,52.9,DayDreamers|JD|XL,-155.57894736842104,-150.50877192982455,-3.3157894736842106,252.11911578947368,0.12181568245614036,0.14035087719298245,1.3817052631578948,0.3380807017543859,0.6693866884249878,0.20146080286957788,9.508771929824562,687.6300333333334,0.0,0.2,0.48680951201387174,-0.795381467407191,-0.4194907108027335,1.7616161616161614,1.5894388284780525,-0.43859649122807015,-0.384879717773415,-0.4407252777082045,0.03333073595563898,0.0403948423104155,-0.48603360649433025,-0.10986502158330483
Zoiren,mid,PRM,3,39,0.231,19,0.105,19,46.0,56.5,61.5,63.9,61.2,Demise|mYinsanity,-324.12820512820514,-415.3333333333333,-6.282051282051282,467.9302923076923,0.2464429358974359,0.5128205128205128,0.9931410256410257,0.15956410256410256,0.654650395779236,0.15824692685859923,2.076923076923077,381.8123948717949,0.0,0.10526315789473684,0.5955126860977145,1.0497456189937817,0.42863149847094767,6.022222222222222,3.0424349222966556,-0.41025641025641024,-0.37167060743773644,-0.49168168871754864,0.07767717610582821,0.3507835148463,0.4867631329482892,0.3304394667000179
Flawless,jng,LCK,1,75,0.307,29,0.034,14,44.8,57.7,50.0,41.9,50.6,SeolHaeOne Prince,-232.13513513513513,-167.24324324324326,-2.310810810810811,234.25620933333335,0.132888876,0.10666666666666667,1.8790373333333332,0.5583666666666667,0.7038970546323488,0.20197217030203074,7.786666666666667,621.0275573333333,0.0,0.034482758620689655,0.2679051357646637,0.0,-0.39373783257624917,0.0,1.616580753730952,-0.5066666666666667,-0.38965474675539374,-0.5687159259670854,0.14153022893569783,-0.2679076312674685,-0.7524020708012054,-0.23211676984714769
koughi,jng,LLA,15,20,0.2,7,0.0,10,49.1,53.4,53.4,48.2,53.7,Azules Esports|Malvinas Gaming|Rebirth eSports,-193.6,-241.4,2.2,162.22415,0.09857809,0.1,1.344475,0.3523,0.703227899551429,0.19405753560165323,7.5,684.86905,0.0,0.0,0.3880494505494505,0.0,-0.3776674937965261,0.0,2.23606797749979,-0.6,-0.44111239927878454,-0.31367314369655325,-0.08295640410561872,-0.08436036658167044,-0.3662589870768186,-0.06675130492579219
Yuan,jng,LDL,2,45,0.444,10,0.1,10,46.8,55.7,54.6,48.1,53.1,EDG Youth Team,-232.36363636363637,-324.3863636363636,-6.090909090909091,251.8647022222222,0.12995760666666667,0.2,1.7373826086956523,0.39435777777777775,0.6198160218486898,0.1761723555218268,10.644444444444444,603.4334333333334,0.0,0.1,0.4352285864424593,0.0,-0.26934936786925684,0.0,1.4907119849998598,-0.5555555555555556,-0.2967635397266854,-0.4450878286840704,0.038835825364076315,-0.01948591535605916,-0.37435346843479567,-0.09982799476468908
Kanji,top,PCS,15,21,0.333,7,0.0,10,49.6,52.9,50.6,61.6,49.7,Liyab Esports,-370.0952380952381,-320.85714285714283,-10.904761904761905,356.15202857142856,0.21198952380952382,0.3333333333333333,0.8711428571428572,0.1428809523809524,0.6051654659737367,0.25057132028236256,2.0,650.2769380952382,0.0,0.0,0.1426297357529449,0.0,0.9768439108061746,0.0,2.182178902359924,-0.5238095238095238,-0.8883422841917573,-0.28571319573506687,-0.11168133373605241,-0.23180666974337064,0.35464207358703304,-0.28055389522661733
Nino,mid,LAS,3,24,0.5,6,0.0,9,48.3,54.2,47.0,61.3,55.5,DN SOOPers Academy,14.25,-236.41666666666666,-13.0,431.29465,0.21287445833333332,0.5416666666666666,0.9774666666666666,0.17180833333333334,0.6447102187189951,0.22404493198078723,0.625,667.4889625,0.0,0.0,0.12003747267617362,-0.9029087181136551,0.40559541580391983,5.741054690810392,1.8371173070873836,-0.5416666666666666,0.0,-0.3593647317681566,-0.04028330045670238,-0.4370685222860148,0.3397465104545652,0.02734964456680275
Interor,top,HM,3,25,0.24,12,0.0,11,50.7,51.7,52.9,59.4,52.8,Cyber Gaming Academy|Invulnerables Esports|Vikingekrig Esports,-476.6,-8.24,-11.68,406.54769999999996,0.234422832,0.32,0.786776,0.08551600000000001,0.5182533320615161,0.18553075447159442,1.64,657.939344,0.0,0.0,0.48100596268513174,0.0,1.23029265179848,0.0,2.2,-0.52,-0.5489987345861649,-0.23018356161750492,-0.1753414172840136,-0.10908535063272556,0.23629218962753848,-0.11447322529285621
Test Sup,sup,CK,2,76,0.539,12,0.083,16,47.0,55.4,54.9,52.8,54.3,Jin Air Green Wings,-84.90789473684211,4.2105263157894735,-3.75,132.6109486842105,0.07143338947368422,0.0,2.467707894736842,0.3776,0.6698800756701072,0.2328408220927801,0.06578947368421052,423.2640657894737,0.0,0.08333333333333333,0.4351174788128596,0.0,0.14541214082624687,0.0,1.835325870964494,-0.4605263157894737,-0.532053712093389,-0.4364383551564203,0.023072204913842063,-0.0035135979116128063,-0.11644664183817077,-0.03462207781380236
John,sup,UPL,2,43,0.419,17,0.176,16,49.8,52.6,57.3,59.4,62.1,GRIN Prophecy|Just Randoms|Mirage Sport Électronique|Simplicity Esports|Vegas Inferno,-404.4651162790698,-190.93023255813952,-6.162790697674419,211.60130465116282,0.09838388837209303,0.046511627906976744,2.428774418604651,0.328446511627907,0.6351475363346231,0.23105963466452548,0.046511627906976744,467.50776279069765,0.0,0.17647058823529413,0.40680715685883867,0.0,0.24714799538030027,2.9851851851851854,2.4399771253216747,-0.4418604651162791,-0.44125150792232276,-0.27652587163037884,-0.12774836279504873,0.12203239456690716,0.23540313213040107,0.3850759939734124
COLD,sup,LPL,1,69,0.449,21,0.143,16,50.6,51.7,61.1,54.7,63.4,Oh My God,-26.171875,-112.453125,0.4375,142.40271014492754,0.08048872028985507,0.0,2.346056923076923,0.29618985507246376,0.6437088699674376,0.1961433139402227,0.057971014492753624,491.96563913043474,0.0,0.14285714285714285,0.48725406330196747,0.0,0.17252569685620384,1.0833333333333333,1.9261736493723072,-0.42028985507246375,-0.2830885391901613,-0.23508651174333706,-0.17192700204008632,0.32597052717438907,-0.01810848910904836,0.45645175076260536
Glebo,top,UL,2,35,0.514,8,0.375,13,47.2,55.1,60.4,61.3,55.5,Campus Party Sparks|Komputronik H34T,-420.0,-259.14285714285717,-4.514285714285714,396.3020514285714,0.20706077142857143,0.2857142857142857,0.9850485714285715,0.1366457142857143,0.5836361035215428,0.20906114933145203,1.0,659.6467571428572,0.0,0.375,0.5289392472467627,-0.2733490061979055,0.27349167349167364,4.0344827586206895,2.197401062294143,-0.5428571428571428,-0.3615034066736007,-0.42219178008689956,0.0034677522364450816,0.28573638473594803,0.3391592647972355,0.028226994762160236
BUSH,top,PCS,15,24,0.375,5,0.4,7,47.6,54.7,61.1,46.7,45.3,Alpha Esports,-393.125,-387.875,-7.375,335.62801666666667,0.198799375,0.20833333333333334,0.8875875,0.21202916666666669,0.5910685815565201,0.23425254786132735,0.7916666666666666,689.7315125,0.0,0.4,0.36850410879208784,0.0,-0.5060413984351787,0.0,1.4288690166235207,-0.7083333333333334,-0.5738895438515386,-0.3978059730945643,-0.016662263606265198,0.32669900927264856,-0.45060048963107635,-0.5341954026703439
Diamond,sup,LCSA,2,50,0.78,8,0.375,14,49.8,52.5,64.5,60.4,56.7,Cloud9 Academy,-109.72,50.04,-5.72,156.070414,0.076837748,0.0,2.329994,0.301026,0.6392283290776659,0.2320410967265187,0.22,480.39022,0.0,0.375,0.472609507080909,-0.0775505935261203,0.17860669226549666,3.8102564102564105,1.979898987322333,-0.56,-0.3563207034306649,-0.2785806703088847,-0.1301795220238508,0.5259141871080992,0.28607267943742165,0.08735840657613897
Vit,bot,VCS,15,71,0.239,28,0.0,18,54.0,48.3,45.3,50.9,66.4,OverPower Esports|V Gaming Adonis,-1.9577464788732395,49.774647887323944,3.647887323943662,487.9986225352112,0.256912647887324,0.6901408450704225,1.0788,0.28155211267605634,0.5971471464881378,0.16655746742680852,2.2535211267605635,343.2582394366197,0.0,0.0,0.2670447376431806,-0.4564558473510932,-0.022709390386571916,0.0,2.1362069847489358,-0.43661971830985913,-0.31978064726882965,-0.053114960060824654,-0.36073094164376274,-0.5372401305368786,-0.21535541987744447,0.6412055025840783
Corporal,sup,LJL,15,31,0.29,9,0.0,10,47.3,55.0,52.0,45.6,49.4,AXIZ,-139.9,-102.2,-3.1,119.80767096774194,0.07959313870967742,0.0,2.5492612903225806,0.31535161290322583,0.7089512543672136,0.2177429939176625,0.0,388.5549064516129,0.0,0.0,0.33986294284975427,0.0,-0.5779545454545454,0.0,1.7960530202677492,-0.6451612903225806,-0.507094678022218,-0.41482209626174293,-0.001967846687445384,-0.16120614505286796,-0.5176478752444299,-0.29916205405597435
Mo,sup,LDL,2,30,0.433,7,0.0,10,50.9,51.4,48.4,46.9,51.5,Legend Esport Gaming,-60.38461538461539,-96.96153846153847,-6.8076923076923075,170.51282,0.08175556333333334,0.0,2.096925,0.26176666666666665,0.6938561618185702,0.24710161330797178,0.0,485.37096785714283,0.0,0.0,0.13621053010789488,0.0,-0.5803839553839554,0.0,1.8257418583505538,-0.5666666666666667,-0.5922635095319064,-0.21701222368379716,-0.18804771158946587,-0.35397232505272835,-0.44241760930883023,-0.18695376626350965
Nille,top,NLC,2,33,0.485,10,0.1,12,50.0,52.3,54.2,76.0,53.6,ENCE|Team Singularity,-3.8484848484848486,-165.06060606060606,2.6666666666666665,389.52736969696974,0.19578347272727273,0.15151515151515152,0.9363272727272728,0.11752424242424242,0.5623985993778821,0.23924206484073327,0.9090909090909091,796.8298909090909,0.0,0.1,0.4647607562387141,0.0,2.257301405123519,1.4,2.088931871468374,-0.3939393939393939,-0.6225473094668302,-0.26726752161803324,-0.1441441489804099,-0.043237259911319784,1.4981626731465048,-0.07405891569522143
Peter,sup,LAS,3,29,0.586,7,0.286,6,50.9,51.4,57.3,56.3,48.2,Nongshim RedForce Academy|Team Dynamics Academy,-158.27586206896552,-90.51724137931035,0.20689655172413793,172.3375551724138,0.0742518896551724,0.0,2.264796551724138,0.2804689655172414,0.6522291578784883,0.2759188225065194,0.0,588.8797448275863,0.0,0.2857142857142857,0.46346832469488874,-0.6214342313787639,0.12280995191302543,3.341506702048173,1.1141720290623112,-0.896551724137931,0.0,-0.2150915940496541,-0.1913290663646786,0.12373193407427177,0.06647265453999984,-0.3642356495224256
Phones,top,PRM,3,101,0.574,21,0.19,24,49.0,53.2,68.4,56.9,60.7,GamerLegion,-155.95049504950495,-48.445544554455445,-0.49504950495049505,413.796495049505,0.19849249603960398,0.2376237623762376,0.8247980198019801,0.12951188118811882,0.575729905311015,0.2255431941252028,1.1782178217821782,801.6263425742574,0.0,0.19047619047619047,0.4157942837223956,1.8488234817405853,0.16186761635184138,4.136811063656701,2.388089256503974,-0.48514851485148514,-0.28843910829563274,-0.32260915684727903,-0.09473121270905162,0.7780861975416168,0.09953079456809766,0.30498049286080675
Revenge,top,LCSA,2,36,0.389,9,0.0,11,47.7,54.5,48.6,50.5,49.2,FlyQuest Academy,-149.27777777777777,-269.6388888888889,-7.083333333333333,351.0112638888889,0.21401341666666665,0.3333333333333333,0.9117944444444446,0.16898333333333335,0.5940805405639166,0.24765501525270192,1.9722222222222223,690.6213916666667,0.0,0.0,0.21183115338882283,0.0,-0.14213494738290114,0.0,1.8333333333333333,-0.6388888888888888,-0.4656542086426917,-0.3918658002853031,-0.028161320845635482,-0.34306392162800126,-0.23870542796729857,-0.3122314690698482
Garo,bot,CBLOL,15,47,0.511,5,0.0,10,49.2,53.0,52.7,58.7,56.8,Prodigy Esports,-455.78723404255317,-100.08510638297872,-20.19148936170213,543.5882446808511,0.264743085106383,0.7659574468085106,1.1646978723404255,0.253204255319149,0.6786154196132129,0.15000376044376268,2.148936170212766,255.35064042553194,0.0,0.0,0.23871693866066399,0.708860759493671,-0.016699002217295037,7.058823529411765,1.4586499149789456,-0.5319148936170213,-0.23364754436562785,-0.3076460225331858,-0.1046559678725295,-0.12087557004975141,0.19784802098557747,0.09633248757248025
Sarkis,bot,BRCC,2,32,0.719,8,0.25,10,49.2,53.0,56.7,53.6,56.3,Santos e-Sports,-53.84375,-197.40625,11.90625,460.171375,0.2203558125,0.3125,1.162778125,0.260546875,0.5859465487339153,0.13498066010195944,1.4375,240.225196875,0.0,0.25,0.2916701201823456,0.0,0.07167449139280131,0.0,1.7677669529663687,-0.65625,-0.22250556367365,-0.3093118819703277,-0.1065335656517082,0.08716403781777816,-0.07171843465388372,0.07017282324555822
HyBriD,bot,LCK,1,68,0.324,28,0.036,13,49.5,52.7,47.6,41.1,51.2,KT Rolster|SeolHaeOne Prince,-255.3582089552239,-348.14925373134326,-5.447761194029851,529.3914397058824,0.2925597058823529,0.8088235294117647,1.120585294117647,0.4012073529411765,0.6388611595701148,0.1493068325652098,4.220588235294118,352.30324705882356,0.0,0.03571428571428571,0.1884774733204394,0.0,-0.5406301824212272,0.0,1.5764815627361644,-0.6176470588235294,-0.44712100898042895,-0.29156427033874094,-0.12181173529750834,-0.40213083840411185,-0.809695554382608,-0.20053744393647113
Griffon,mid,LCL,15,27,0.148,12,0.0,12,52.2,50.0,51.3,49.8,49.7,M19|Vega Squadron,-525.8518518518518,-222.59259259259258,0.8888888888888888,498.510737037037,0.31407237037037034,0.4074074074074074,0.9153518518518519,0.14676666666666666,0.672813801304604,0.23359207636171536,0.7777777777777778,381.11441111111117,0.0,0.0,0.30474198047419804,0.0,-0.2690523904952763,0.0,2.309401076758503,-0.4444444444444444,-0.8087816077460218,-0.14589080745283486,-0.26525823283824135,-0.19345529916541201,-0.275783683367955,-0.28493835728608063
Bini,bot,CK,2,34,0.382,10,0.1,13,47.0,55.2,52.9,53.9,61.6,ESC Shane,-182.36363636363637,-188.63636363636363,-8.333333333333334,446.89799705882353,0.25338400000000005,0.38235294117647056,1.2615764705882353,0.2596764705882353,0.648815491505803,0.15023563163513518,0.9411764705882353,268.3065235294118,0.0,0.1,0.2989728453364818,0.0,0.09515331355093969,0.0,2.2294816068526147,-0.38235294117647056,-0.4209372007833978,-0.4372094524328203,0.008578158570118854,-0.11021190654889093,-0.05696044317238053,0.35401490359076604
Altec,bot,LCSA,2,34,0.324,9,0.111,14,48.4,53.8,53.5,49.3,61.2,Immortals|Immortals Academy,-306.61764705882354,13.411764705882353,-2.9411764705882355,431.95300588235295,0.2587793823529412,0.4411764705882353,1.2226735294117648,0.32105,0.5873389686845796,0.17355350338021586,2.5,306.2615323529412,0.0,0.1111111111111111,0.3236792845257903,0.0,-0.24049491969845943,0.0,2.4009801919951235,-0.4117647058823529,-0.4736144185476007,-0.3526611579553882,-0.06494302403773193,-0.07810925205600323,-0.30443850252607807,0.3325221449358493
Kocourek,jng,HM,3,37,0.432,11,0.0,16,47.9,54.3,46.6,57.2,59.9,Inside Games,-295.05405405405406,-222.45945945945945,-2.1621621621621623,264.0720054054054,0.13957402432432434,0.08108108108108109,1.4525756756756756,0.3515135135135135,0.6522899940234037,0.224467915820021,6.783783783783784,723.8264432432431,0.0,0.0,0.24283116217985592,-0.9356570190021731,-0.44415580975589447,9.166666666666668,2.6303837968857167,-0.4594594594594595,-0.40846747876594197,-0.38285350846839283,-0.037861327772625145,-0.45665542034039674,0.11742617034035285,0.2625707070381236
Zin,sup,VCS,15,45,0.222,18,0.0,14,51.3,50.9,50.0,44.1,57.4,OverPower Esports|V Gaming Adonis,-104.22222222222223,-8.088888888888889,-3.4444444444444446,160.4327577777778,0.08866443111111111,0.0,2.062948888888889,0.28663333333333335,0.6336606817199016,0.1623769376100811,0.022222222222222223,481.46655555555554,0.0,0.0,0.24767893770916552,0.0,-0.5483562951848315,0.0,2.0869967789998034,-0.4666666666666667,-0.4382077881818979,-0.19368700991190424,-0.2198060932791504,-0.2662774156943119,-0.6125542469992492,0.12509178951847538
Lies,top,LPL,1,29,0.379,10,0.1,10,49.9,52.3,53.9,58.8,56.8,LGD Gaming,-327.9655172413793,-260.1034482758621,-9.655172413793103,444.56408928571426,0.23440692857142856,0.13793103448275862,0.9161285714285714,0.12191785714285715,0.5742180587292555,0.22704019326216354,1.0714285714285714,904.625375862069,0.0,0.1,0.2627487134325894,0.0,0.5895089966453191,0.0,1.8569533817705188,-0.6206896551724138,-0.11984948150788194,-0.2726192742687167,-0.14317799309107543,-0.057685059504856875,0.20003137065316146,0.09451874782170867
LeQu,top,UL,2,25,0.32,11,0.182,13,49.5,52.6,58.3,54.4,54.2,Gentlemen's Gaming|PRIDE,-153.88,-310.64,-7.72,373.61888400000004,0.22194325599999998,0.32,0.826052,0.084032,0.60169329793014,0.20962236426396477,1.92,632.065404,0.0,0.18181818181818182,0.27638381036439286,1.1450611810604718,0.019527235354573336,1.2222222222222223,2.6,-0.56,-0.5983996130682118,-0.29396923163311856,-0.12751940519890462,0.17252971418888918,-0.029321709581171588,-0.043311906484691846
Katsurii,bot,OPL,15,66,0.636,11,0.273,9,45.9,56.2,63.1,60.4,50.1,Chiefs Esports Club,-170.04615384615386,-230.76923076923077,-13.476923076923077,473.5987303030303,0.2354167909090909,0.7727272727272727,1.2327303030303032,0.2971393939393939,0.6634036951854412,0.13800898988604215,2.621212121212121,309.7887242424242,0.0,0.2727272727272727,0.615612608932954,-0.2415730337078652,0.23332296687917872,3.2061469712015893,1.1078234188139946,-0.5151515151515151,-0.3625620723553965,-0.49809497687879495,0.061627745978014986,0.43840595922373227,0.2864738605205716,-0.2615560240167517
GimGoon,top,LPL,1,56,0.625,11,0.091,13,49.1,53.0,49.8,48.1,49.1,FunPlus Phoenix,-234.37037037037038,-120.25925925925925,-10.018518518518519,387.9795732142857,0.2154134285714286,0.35714285714285715,1.0118809523809524,0.1823625,0.57499874013604,0.2478568635705604,1.9107142857142858,627.4425553571429,0.0,0.09090909090909091,0.2445317840054682,-0.4804476143630103,-0.5064900662251656,5.013333333333334,1.7371980724307585,-0.6071428571428571,-0.4341799107181709,-0.3170598428377151,-0.10701093518189622,-0.2752686711135894,-0.37268128097110104,-0.3172161548672977
0909,mid,LDL,2,85,0.482,15,0.067,17,47.8,54.3,51.8,52.6,60.7,EDG Youth Team|EDward Gaming,-144.96296296296296,-67.74074074074075,-2.419753086419753,469.95146,0.23716198352941176,0.4117647058823529,0.9494933333333333,0.21833411764705882,0.6354469657391126,0.19815914197179274,2.411764705882353,500.5278952941176,0.0,0.06666666666666667,0.41221228837740165,0.0,0.10858715487839936,0.0,1.8439088914585775,-0.32941176470588235,-0.20377598207506709,-0.386829425873069,-0.03902149577300324,-0.16768808538858831,-0.12513738547293793,0.30223314685579805
Rayito,bot,SLO,3,44,0.455,10,0.2,11,45.1,56.9,55.3,51.3,53.6,Team Queso,-380.47727272727275,-430.90909090909093,-13.954545454545455,498.1994045454545,0.26576422727272725,0.2727272727272727,1.0778818181818182,0.23900227272727273,0.7039801089433442,0.1774745794359501,1.6590909090909092,358.93673863636366,0.0,0.2,0.3895206806503243,-0.5069184313125908,-0.25471573671019654,2.473684210526316,1.6583123951777,-0.5227272727272727,-0.3136054696664114,-0.5499733911894281,0.10201888874708233,0.013345297252256545,-0.19754894230606443,-0.07501991280298873
Trashy,jng,LHE,2,43,0.488,12,0.167,18,51.1,50.9,61.8,57.0,61.6,Azules Esports Academy|Furious Gaming Argentina|Furious Gaming Chile,8.744186046511627,15.255813953488373,2.2325581395348837,217.87659999999997,0.13067389302325583,0.18604651162790697,1.369553488372093,0.3320674418604651,0.6780276988952919,0.23966117515480054,9.976744186046512,614.4785209302325,0.0,0.16666666666666666,0.39302188923167325,1.112913232296375,0.160894293905484,1.6428571428571428,2.744974265986884,-0.4186046511627907,-0.5810551424577951,-0.20584464664800867,-0.21586946310265595,0.36362499618082594,0.1033497395662937,0.3534272388791184
Kbstible,sup,LMF,2,28,0.464,9,0.222,12,48.4,53.6,58.2,48.3,56.6,Furious Gaming Argentina|Isurus Academy,-158.28571428571428,-158.71428571428572,-2.857142857142857,124.24125000000001,0.08266217142857143,0.0,2.2549,0.2887321428571429,0.6721357643872264,0.2119194793301936,0.03571428571428571,446.125,0.0,0.2222222222222222,0.42646251783558337,0.0,-0.4492353440951572,0.0,2.2677868380553634,-0.4642857142857143,-0.6131825413132175,-0.35618552621603605,-0.07502962656891468,0.16974198775352278,-0.3604276145570503,0.08370346361910008
705,top,LPL,1,21,0.476,4,0.0,5,49.5,52.5,50.8,48.3,51.7,JD Gaming|Royal Never Give Up,-242.52380952380952,-136.0952380952381,-3.7142857142857144,359.1462380952381,0.21187152380952382,0.09523809523809523,0.9747857142857144,0.15469047619047618,0.6179707547354606,0.3026057069456008,1.5714285714285714,751.152838095238,0.0,0.0,0.18414648622981952,0.0,-0.461627140974967,0.0,1.091089451179962,-0.7619047619047619,0.0,-0.29132841573250384,-0.1337456637261002,-0.22522217134577874,-0.35931923744290034,-0.17504978030078105
Beplush,sup,TAL,3,27,0.333,13,0.154,8,48.1,53.9,56.9,50.7,48.6,Royal Youth|Royal Youth Academy|Team AURORA|Team AURORA Academy,-430.61538461538464,-169.6153846153846,-2.0384615384615383,152.57107037037036,0.09474282222222223,0.0,2.166714814814815,0.2769111111111111,0.654469803020244,0.20685142250067992,0.07407407407407407,537.3280407407407,0.0,0.15384615384615385,0.5262886597938145,0.0,-0.07515902243053216,0.0,1.539600717839002,-0.7777777777777778,-0.33226853230147746,-0.374013823174352,-0.05612263293327412,0.09789334304146939,-0.2274903117671404,-0.3415500137037596
asta,jng,BRCC,2,23,0.522,6,0.333,7,45.6,56.4,62.0,56.6,49.5,Team oNe eSports,-313.17391304347825,-584.0869565217391,-14.173913043478262,215.83568260869563,0.11337912173913044,0.043478260869565216,1.4417565217391306,0.3354086956521739,0.6894713342923062,0.1659275613559501,11.173913043478262,734.0396391304348,0.0,0.3333333333333333,0.5528971962616823,0.45885286783042406,0.11376058506543481,2.25843137254902,1.4596008983995234,-0.6956521739130435,-0.43387039669523114,-0.5191266207638762,0.07140621255478098,0.3794786966691134,0.08621469856618719,-0.29198740962244457
Flipper,jng,NLC,2,21,0.381,5,0.0,10,53.0,49.0,52.6,61.4,54.7,Barrage|Barrage Academy,-131.38095238095238,-97.52380952380952,-3.4285714285714284,302.86305714285714,0.1574326476190476,0.23809523809523808,1.0928571428571427,0.254852380952381,0.680951733643245,0.27550658506879705,5.857142857142857,786.6844333333333,0.0,0.0,0.3998239257779434,0.0,0.9388796022459391,0.0,2.182178902359924,-0.5238095238095238,-0.5808592451415242,-0.10594614869602709,-0.32079622512704165,-0.12604338906441173,0.34559454069564843,-0.015465745172909742
Puff,bot,LPL,1,109,0.56,23,0.087,10,50.1,51.8,50.9,50.1,42.8,Invictus Gaming,-176.33962264150944,-263.311320754717,-4.4245283018867925,548.5702082568807,0.2470209467889908,0.9908256880733946,1.2344760869565217,0.3870110091743119,0.6314007940536904,0.14697371346416258,2.770642201834862,337.90405412844035,0.0,0.08695652173913043,0.2947173170449555,0.00733437437703503,-0.20221756494918738,2.885682219015552,0.9578262852211513,-0.6330275229357798,-0.35062608307045223,-0.26086434746621856,-0.17045380406747504,-0.21511137524115076,-0.2628454895660458,-0.6939772430501228
SwordArt,sup,LPL,1,113,0.566,29,0.379,15,48.4,53.5,67.6,52.4,49.4,Suning,-92.95370370370371,-97.63888888888889,-2.425925925925926,149.08178938053098,0.07233383185840708,0.017699115044247787,2.59242688172043,0.32064778761061946,0.6691157478654384,0.24811836412412502,0.07079646017699115,540.6114610619469,0.0,0.3793103448275862,0.4067668992045941,-0.2577884043045155,-0.17720476921632586,3.8188250958556877,1.4110813025753959,-0.5398230088495575,-0.32269900805982105,-0.3574621553766822,-0.07731543835794051,0.7239768321364866,-0.13820216390751472,-0.29656635760543587
Crocomux,mid,PGN,3,29,0.103,18,0.111,16,49.7,52.2,59.0,51.2,54.4,DayDreamers|MOBA ROG,-608.1724137931035,-88.24137931034483,-7.758620689655173,537.8765862068966,0.3073135862068965,0.13793103448275862,0.7437310344827587,0.10609655172413793,0.6838041073548706,0.14595581193813223,0.6206896551724138,258.7537068965517,0.0,0.1111111111111111,0.844332882461069,0.0,-0.08508463823283458,0.0,2.9711254108328298,-0.4482758620689655,-0.7024964650874628,-0.28241613721974723,-0.1454359423637408,0.2106392609583448,-0.20380119332319593,-0.032720592051396165
Chemera,mid,UKLC,3,28,0.5,9,0.333,11,46.5,55.4,62.1,58.1,51.2,London Esports|MNM Gaming,-228.85714285714286,-133.57142857142858,-6.035714285714286,409.32413214285714,0.2147962142857143,0.32142857142857145,0.9982678571428572,0.15505,0.6374909976258937,0.14396298499156748,1.8214285714285714,269.2118642857143,0.0,0.3333333333333333,0.6600158235672254,0.0,0.4848357203032854,0.0,2.0788046015507495,-0.6428571428571429,-0.2708990992039568,-0.4633805183105867,0.023448687848690676,0.3839754936128676,0.1662917099449577,-0.2027661362537007
Stark,top,VCS,15,35,0.543,10,0.1,9,50.7,51.2,60.6,60.2,50.3,Team Flash,-270.6,-58.457142857142856,-4.885714285714286,379.82116285714284,0.20045506,0.3142857142857143,0.7968714285714286,0.14656,0.5193901036851347,0.2099296706248709,2.142857142857143,927.8088942857144,0.0,0.1,0.3850077964078772,1.2182290213916362,0.05176919038776465,6.762962962962963,1.52127765851133,-0.6,-0.2767719093838574,-0.23060105646892515,-0.20399231318335334,0.29918284284698654,0.27825153269896863,-0.2484842795632947
Armao,jng,LCSA,2,40,0.3,14,0.0,15,51.7,50.1,47.5,51.0,60.1,Dignitas|Dignitas Academy|Team Liquid Academy,-136.475,96.575,3.325,253.29670500000003,0.146437085,0.1,1.246235,0.2828,0.696934381599503,0.25223869325262516,11.925,660.415025,0.0,0.0,0.21365960555149743,-0.2767289426171599,-0.35271526962262356,2.2571428571428576,2.3717082451262845,-0.35,-0.5876130235595434,-0.17502701177375685,-0.2587785720323863,-0.4077504821942164,-0.21353059216033282,0.2696677677490466
Godux,top,BM,3,40,0.45,16,0.25,12,46.6,55.2,58.8,51.2,46.6,ASUS ROG ELITE|PIGSPORTS,-367.575,-11.45,-4.475,373.66926,0.190168315,0.075,0.9160175,0.1719275,0.48813784276300504,0.19756282879943185,1.725,935.40434,0.0,0.25,0.40185121306197535,-0.0878829876750978,-0.5400977951949725,4.999999999999999,1.8973665961010275,-0.575,-0.6508754149639675,-0.4556687005915946,0.00996995387602478,0.20323386502825586,-0.19983539253871524,-0.4570146674030689
1874,sup,LDL,2,70,0.429,18,0.056,10,49.9,51.9,48.2,50.9,40.2,WanZhen Esports Club,10.015384615384615,-86.32307692307693,-2.046153846153846,141.87693857142858,0.07846990428571429,0.014285714285714285,2.2108979166666667,0.3118942857142857,0.6376398437933969,0.22700525487221448,0.07142857142857142,660.1631,0.0,0.05555555555555555,0.18319598791478758,0.0,0.007691366708462016,0.0,1.1952286093343936,-0.7142857142857143,-0.5617823413930437,-0.2729686442122384,-0.16623313684559843,-0.3679002164637661,-0.21918499115810836,-0.8815930350716386
SryNotSry,top,LMF,2,46,0.5,11,0.182,14,47.7,54.0,54.8,52.2,56.4,Malvinas Gaming,-284.2608695652174,-252.45652173913044,-5.586956521739131,400.05114782608695,0.24439919565217394,0.13043478260869565,0.9671239130434783,0.14139782608695653,0.5751727367168857,0.2273153609563288,2.1739130434782608,603.1184391304348,0.0,0.18181818181818182,0.36057504873294344,0.0,0.011074138629201107,0.0,2.06418738616856,-0.41304347826086957,-0.42808861834682665,-0.3958606177461856,-0.05223595848280591,-0.008169937586028337,-0.14708320833452734,0.07611533257980739
G4,mid,PCS,15,49,0.347,14,0.071,17,51.2,50.5,51.9,52.7,53.2,Nova Esports,-51.857142857142854,4.816326530612245,2.7142857142857144,438.7790693877551,0.2600967142857143,0.14285714285714285,0.9640877551020408,0.23304081632653062,0.6676225764601037,0.2683585843974736,2.6530612244897958,376.3716714285714,0.0,0.07142857142857142,0.27942048561921395,0.0,0.17059388359092423,0.0,2.4285714285714284,-0.46938775510204084,-0.5199188965894663,-0.2001475849008102,-0.24080166309345785,-0.16567442647859051,-0.12306539561973831,-0.09749496542372207
Sty1e,bot,VCS,15,33,0.333,18,0.222,9,45.7,56.0,60.0,58.3,58.0,Saigon Buffalo,-482.27272727272725,-361.72727272727275,-13.757575757575758,516.1627606060606,0.25075821212121213,0.30303030303030304,1.5215636363636362,0.4294363636363636,0.6485176219731525,0.21193792504122247,0.42424242424242425,323.7193606060606,0.0,0.2222222222222222,0.5632147857233769,0.0,0.3632732659528586,0.0,1.5666989036012806,-0.6363636363636364,-0.061871172693207736,-0.5116049359665599,0.05351544456844979,0.2656808623546107,0.17215023059313692,0.15730119515170732
Last,top,CK,2,32,0.438,6,0.333,10,53.4,48.3,54.7,71.8,50.1,ELaB x EXP|RunAway,258.6774193548387,131.09677419354838,0.1935483870967742,376.509778125,0.222658875,0.0625,0.874084375,0.155578125,0.514366880140264,0.3219340631794676,2.25,833.16210625,0.0,0.3333333333333333,0.3307005715019586,-0.7774416040614344,1.1123524284921953,6.500000000000001,1.7677669529663687,-0.53125,-0.5365401528742128,-0.0856155287436452,-0.35788181127619473,-0.016034644931933864,1.0459135340474301,-0.25978290426999223
Wendel,sup,NLC,2,62,0.677,5,0.2,13,52.4,49.2,60.3,55.4,48.2,Barrage|Fenerbahçe Esports|Riddle Esports,44.82258064516129,-94.87096774193549,-2.0483870967741935,162.1054629032258,0.07728133548387096,0.03225806451612903,2.4824403225806453,0.33459032258064514,0.6391338719931647,0.3014127277061965,0.06451612903225806,534.86335,0.0,0.2,0.549783876630363,-0.20822089971537364,-0.0906801440567977,2.8726933230539204,1.6510016510024765,-0.5483870967741935,-0.6117114376080569,-0.13543537859051336,-0.307792642419792,0.28203312584996276,0.01909469917585918,-0.3674656701522812
Yuen,sup,LDL,2,67,0.358,22,0.045,13,49.2,52.4,49.7,51.2,57.6,Bilibili Gaming Junior|V5 87,-179.4179104477612,-179.9402985074627,0.4626865671641791,152.78430597014926,0.08194049552238807,0.05970149253731343,2.3367785714285714,0.2891507462686567,0.6027531604679938,0.17010910759270356,0.05970149253731343,465.2231074626865,0.0,0.045454545454545456,0.26534812958654014,0.0,0.025040666331684027,0.0,1.5882027766319677,-0.5223880597014925,-0.1700963476548604,-0.30858704860841296,-0.13975967465815928,-0.28316421247204976,-0.20224584511095894,0.1372206976231694
Hans Sama,bot,LEC,1,61,0.525,13,0.077,11,53.4,48.1,49.7,67.9,49.9,Rogue,276.0983606557377,-16.21311475409836,3.2950819672131146,453.45268196721315,0.2617882786885246,0.5081967213114754,1.1867442622950821,0.3688754098360656,0.6459697679098844,0.19870149681177124,3.2131147540983607,329.8626360655738,0.0,0.07692307692307693,0.31216367571852277,-0.26199842643587723,-0.07340207518291061,13.410052910052912,1.4084056792618558,-0.6229508196721312,-0.4071725439827287,-0.0825272088922293,-0.37023665423929303,-0.2824915526097164,0.7441645573785622,-0.2730916433329774
Ichik46,top,DDH,3,26,0.308,8,0.125,15,45.0,56.5,56.0,54.0,59.1,Zwan Gaming Mexico,-509.1923076923077,-297.7692307692308,-9.461538461538462,322.0789307692308,0.1995025769230769,0.11538461538461539,0.8364076923076923,0.13345384615384615,0.5885437591082753,0.17320394270783931,1.1923076923076923,645.7784576923077,0.0,0.125,0.4925562758575757,0.0,0.3905571173013033,0.0,2.9417420270727606,-0.46153846153846156,-0.5532170951523055,-0.5536591017930911,0.07783818831129108,0.05434392267635387,-0.053328806260247205,0.21516824323979367
Cover,mid,LCK,1,25,0.52,7,0.143,6,53.2,48.3,54.1,51.4,45.5,SeolHaeOne Prince,-49.958333333333336,-69.45833333333333,3.6666666666666665,473.59794800000003,0.25338876,0.28,0.938788,0.260136,0.5477479696229696,0.21024889694697205,2.32,364.182304,0.0,0.14285714285714285,0.26893088146382094,0.0,-0.08114078073482683,0.0,1.2,-0.72,-0.2381255330089083,-0.0959632287027351,-0.3579906713584375,-0.04658180973002441,-0.19305024667337897,-0.520919435629117
Fðx,sup,PGN,3,23,0.435,8,0.25,14,47.7,53.8,58.6,58.0,60.2,Cyberground Gaming,-172.56521739130434,-240.43478260869566,-1.9130434782608696,127.89297391304348,0.0726586347826087,0.0,2.1678739130434783,0.24140869565217393,0.6135579347889215,0.18337149994977428,0.2608695652173913,483.55799130434787,0.0,0.25,0.20766642042189934,1.121418752908833,0.27716205859812526,3.7035695489303735,2.919201796799047,-0.43478260869565216,-0.4763165680101514,-0.39471743084729705,-0.06442345710250691,0.1879817025840639,0.1565247310073158,0.2758970270754658
Perkz,bot,LEC,1,47,0.617,11,0.091,9,50.2,51.3,49.0,68.2,50.8,G2 Esports,-277.468085106383,-197.29787234042553,-2.978723404255319,534.0650361702128,0.2656676382978723,0.7021276595744681,1.2274063829787234,0.3304914893617021,0.6312033108050155,0.17249451581595523,4.468085106382978,382.4964829787234,0.0,0.09090909090909091,0.14278505902287794,-0.08517037430186329,0.5700628127328861,6.831960784313725,1.3127849234810511,-0.5957446808510638,-0.37997429922630965,-0.25354843840083874,-0.1941124438707645,-0.3204966500444112,0.7609637679058363,-0.2213002698558473
Yunika,jng,LJL,15,22,0.591,5,0.0,6,46.9,54.6,49.6,60.5,49.0,Crest Gaming Act,-517.4545454545455,-535.0454545454545,-7.818181818181818,210.57614545454544,0.1155044909090909,0.18181818181818182,1.4607045454545455,0.37914545454545456,0.6903638406037251,0.1774940207547461,8.954545454545455,611.0541045454546,0.0,0.0,0.12049394709311015,-0.18008784773060027,-0.04393859184753841,9.100524475524475,1.2792042981336627,-0.8181818181818182,-0.14129102230491244,-0.44307425294699676,-0.018899210653706547,-0.28905683750942124,0.29490180327652166,-0.3229404613150945
Nyx,jng,SLO,3,38,0.368,6,0.167,13,45.9,55.5,53.0,53.6,55.6,S2V Esports,-115.44736842105263,-253.10526315789474,-5.473684210526316,206.49806052631578,0.11638105526315788,0.0,1.5525131578947369,0.3685921052631579,0.672179379305418,0.25110783438195217,8.052631578947368,782.5937789473685,0.0,0.16666666666666666,0.34705335864603953,-0.7456850465862227,-0.27963724146930263,5.000000000000001,2.108878474699913,-0.47368421052631576,-0.4333260267175537,-0.5004504404188741,0.028093903136053158,-0.10348329951139174,-0.07286489795097437,0.03218832769013266
Chain,jng,TAL,3,22,0.318,8,0.0,10,47.9,53.5,51.0,51.0,53.1,Beşiktaş Academy,-280.90909090909093,-338.5,-8.318181818181818,216.70382272727272,0.12704546363636363,0.13636363636363635,1.249309090909091,0.3280181818181818,0.6219577140031686,0.17503637031669067,6.7272727272727275,672.1375045454545,0.0,0.0,0.17926829268292682,0.0,-0.07112375533428184,0.0,2.1320071635561044,-0.5,-0.6183374460535203,-0.38396771129154095,-0.07866180471449215,-0.2144448703898856,-0.21228041317637222,-0.10138112557048123
Zerito,top,LLA,15,20,0.3,9,0.222,11,47.4,54.0,63.4,50.5,55.2,Furious Gaming,-569.3,-200.15,-9.9,304.590005,0.2072355,0.05,0.93094,0.124,0.5904891891733997,0.22922180502675857,0.8,841.6349050000001,0.0,0.2222222222222222,1.0773480662983428,0.0,-0.19033816425120773,0.0,2.4596747752497685,-0.6,-0.4238051079427549,-0.4130896297249658,-0.05391426183119076,0.460374150793699,-0.24073180208141015,0.008087607741734126
Epic,jng,PCS,15,35,0.286,15,0.0,15,52.7,48.7,57.4,49.2,60.6,Resurgence,-103.25714285714285,-147.37142857142857,0.8,253.10232000000002,0.15684499428571427,0.08571428571428572,1.1761285714285714,0.25928285714285715,0.6852849820902559,0.18871327989749043,8.085714285714285,591.4461371428571,0.0,0.0,0.2952212389380531,1.1025976147688288,-0.3047938504542278,2.1304347826086962,2.53546276418555,-0.45714285714285713,-0.3749568858413431,-0.1230705593295248,-0.3400948079090165,0.12753992401182218,-0.31221818487114084,0.2988875783598686
denyk,sup,LEC,1,27,0.481,8,0.0,13,48.6,52.7,52.7,51.3,60.6,Misfits Gaming,-231.92592592592592,5.666666666666667,-2.814814814814815,128.82394074074074,0.0731666037037037,0.0,2.3646296296296296,0.2792555555555556,0.6570521898695274,0.19051478612475276,0.0,401.93957777777774,0.0,0.0,0.2691336334687603,0.36004151530877015,-0.590293430805158,5.7058823529411775,2.5018511664883785,-0.4444444444444444,-0.5425702734771899,-0.3437489381906904,-0.12128700540818274,-0.1193549037731677,-0.1935732357400451,0.2983491687780171
SoHwan,top,LCK,1,62,0.484,14,0.071,16,46.2,55.1,51.6,53.8,57.4,KT Rolster,-274.66129032258067,-199.06451612903226,-5.225806451612903,369.5491548387096,0.21529775,0.22580645161290322,1.0819887096774192,0.19299999999999998,0.5691694449510517,0.22910258294717514,1.7741935483870968,516.6366951612903,0.0,0.07142857142857142,0.23731506731657034,0.0,0.1951859280975157,0.0,2.032002032003048,-0.5161290322580645,-0.31273795042565145,-0.47915834131296,0.0032568346968041353,-0.18192391126011404,-0.060665654085008125,0.12924525286926872
Jester,mid,LFL,2,20,0.15,7,0.0,10,49.0,52.3,54.5,50.3,52.6,Team MCES|eMonkeyz,-217.4,-205.95,-2.95,422.48499000000004,0.2625398,0.1,1.03126,0.16165000000000002,0.6251639610389611,0.22263874197697725,3.1,299.26425,0.0,0.0,0.6088547383827295,0.0,-0.3778830681208653,0.0,2.23606797749979,-0.55,-0.46132995233901414,-0.32348423418658184,-0.14029927034940282,-0.02623570293641582,-0.25160363408703934,-0.1261305917244282
XuHao,jng,VCS,15,74,0.527,19,0.316,14,48.3,53.0,58.7,53.0,50.6,CERBERUS Esports,-183.43243243243242,-374.0405405405405,-8.243243243243244,280.61546486486486,0.1422097972972973,0.14864864864864866,1.5209108108108107,0.3402040540540541,0.7063180303892378,0.21051211606581885,8.14864864864865,697.6707418918919,0.0,0.3157894736842105,0.35661120116444484,-0.6209597161524815,0.03512921594393334,0.4352941176470587,1.62746694241347,-0.44594594594594594,-0.43452231345051734,-0.36063274438502024,-0.10283946079550366,0.19624219446793822,-0.10458088697573185,-0.23522573789055307
Tarzan,jng,LCK,1,54,0.352,15,0.067,14,45.5,55.8,55.8,65.3,58.7,Griffin|LNG Esports,-173.0625,-220.91666666666666,-4.5625,213.11368333333334,0.13520015740740743,0.16666666666666666,1.8185419999999999,0.4777592592592593,0.7127568430233661,0.19268679840500483,5.7592592592592595,587.1590296296296,0.0,0.06666666666666667,0.4441573201734709,0.0,0.37639082058414464,5.249999999999999,1.9051586888313607,-0.42592592592592593,-0.34680254304048397,-0.5250032987816506,0.04190233850806033,0.041506576518656385,0.5714399654804035,0.19332916911147555
Kumo,top,LCS,1,56,0.5,14,0.071,15,48.2,53.0,54.6,49.2,53.4,Evil Geniuses|Evil Geniuses Academy,-257.9818181818182,-193.4909090909091,-0.18181818181818182,385.7630035714286,0.20587476785714287,0.26785714285714285,0.9864214285714287,0.14806249999999999,0.5475659625738407,0.23332609990397654,2.767857142857143,925.7387500000001,0.0,0.07142857142857142,0.2731653939281058,0.34156421117884084,-0.24630928992422113,2.2288830183567026,2.004459314343183,-0.4642857142857143,-0.5208474735464989,-0.366166480585738,-0.10735587587442734,-0.02216799905936552,-0.30997074972027017,-0.08604801772979928
Dread,jng,LCK,1,23,0.217,7,0.0,12,50.8,50.4,51.7,46.2,64.3,DN SOOPers,-154.04545454545453,-148.0909090909091,-4.863636363636363,254.2520695652174,0.14823231304347825,0.08695652173913043,1.6039608695652174,0.45388260869565217,0.6643886910191258,0.2463531669195285,8.956521739130435,582.843847826087,0.0,0.0,0.2871666226564563,0.0,-0.5164545703338806,0.0,2.5021729686848975,-0.43478260869565216,-0.16432328666656065,-0.22456959890868222,-0.24441928015822162,-0.17598068977191111,-0.481237950667279,0.5088303663103321
Zhang,mid,LDL,2,41,0.341,11,0.091,17,49.4,51.8,54.0,52.5,63.8,WanZhen Esports Club,-106.27777777777777,-115.11111111111111,-2.7222222222222223,468.0894560975609,0.25616060975609756,0.24390243902439024,0.9460578947368422,0.19632926829268293,0.6434025957674413,0.2103033534850015,1.6097560975609757,352.87756097560975,0.0,0.09090909090909091,0.45142143080287417,0.0,0.04654014025795694,0.0,2.654953952106303,-0.4634146341463415,-0.03336272733950769,-0.30041951175589754,-0.170571788804041,-0.05408813048013422,-0.12932709082260416,0.48054740226969284
Wardian,sup,LHE,2,48,0.5,12,0.167,11,50.0,51.1,54.6,55.8,47.8,FroztFire Team|LDM Esports,-92.1875,-192.45833333333334,0.14583333333333334,158.65618541666666,0.08736807708333333,0.0,2.592220833333333,0.3708770833333333,0.6272452423511056,0.28852140565494294,0.0,527.5016979166667,0.0,0.16666666666666666,0.3599221493599252,-0.26252711999034484,-0.13650208034542347,3.439024390243902,1.5877132402714709,-0.7083333333333334,-0.41696118019353,-0.2662645293528,-0.20943425451882522,-0.020507596708258725,0.03969833731206285,-0.38751387824922445
Von,mid,LFL,2,56,0.482,16,0.125,21,48.6,52.5,55.1,53.0,59.9,GameWard|WLGaming Esports,-243.66071428571428,-200.80357142857142,-9.839285714285714,517.7362357142857,0.23527318928571428,0.6607142857142857,1.0347250000000001,0.1660535714285714,0.6002149128633011,0.1972334568311395,2.1785714285714284,553.4720178571429,0.0,0.125,0.48929096520391546,-0.1064748377917602,-0.2463770931271611,3.8345762108262105,2.806243040080456,-0.375,-0.5033335141728077,-0.3463506234682606,-0.1296976121863999,0.003301254490029576,-0.10352998637568661,0.26189729769226494
Siuman,mid,OPL,15,37,0.135,19,0.0,18,47.2,53.9,52.1,47.3,55.0,Gravitas,-185.24324324324326,-132.86486486486487,-6.108108108108108,394.04473783783783,0.250363027027027,0.24324324324324326,0.9309675675675675,0.16823513513513513,0.6637265512265512,0.1661471868010433,2.72972972972973,381.9341918918919,0.0,0.0,0.39808469426883103,0.0,-0.441049989726128,0.0,2.9591817714964312,-0.43243243243243246,-0.6890834320856176,-0.4201917759808841,-0.060506845757864865,-0.15572325347435254,-0.4199831394501233,-0.001973979466832379
Wing,sup,PCS,15,34,0.412,13,0.154,12,50.6,50.5,55.1,58.5,59.2,Hong Kong Attitude,-35.029411764705884,-32.26470588235294,1.8823529411764706,133.34770294117646,0.07801010294117648,0.0,2.351294117647059,0.29111176470588235,0.661186416352825,0.2526899244806647,0.029411764705882353,522.2796176470589,0.0,0.15384615384615385,0.2696619682467872,0.0,0.5630009803356208,0.0,2.057983021710106,-0.5882352941176471,-0.18998497105360074,-0.23460449187356502,-0.2368200111206384,0.0048847524904946996,0.18318870955139033,0.224368954795062
GoldenGod,bot,PRM,3,32,0.375,13,0.231,12,52.1,48.9,56.7,64.4,52.4,London Esports|mYinsanity,-72.0625,-87.625,-0.8125,499.723184375,0.26093653125,0.46875,0.84620625,0.203915625,0.652888392218162,0.19795413065821826,0.375,247.43108125,0.0,0.23076923076923078,0.2663966638001979,0.0,1.3533898000933136,0.0,2.1213203435596424,-0.59375,-0.5603196896249707,-0.15338939908078747,-0.32571529324463705,0.08860965681128932,0.514295802778498,-0.1352943283037474
Kellin,sup,LCK,1,32,0.656,6,0.333,10,47.7,53.3,65.7,52.3,57.2,Gen.G|Nongshim RedForce,22.96875,-169.75,-2.90625,113.010828125,0.06640351875,0.0,2.700915625,0.33798125,0.6747123528131656,0.25662622817795233,0.03125,314.713728125,0.0,0.3333333333333333,0.5544156105411386,0.0,-0.0010695187165776616,0.0,1.7677669529663687,-0.46875,-0.3283516696580545,-0.3955368992698443,-0.09206027753849587,0.5938940554767801,-0.144289576555292,0.11385943019970779
Nasser,jng,SLO,3,64,0.484,13,0.077,15,46.6,54.4,56.4,58.0,54.9,G2 Arctic,-173.265625,-127.125,-4.234375,247.2046484375,0.1282505984375,0.15625,1.47744375,0.3705640625,0.6670394396455951,0.24186252774764647,9.515625,637.0251984375,0.0,0.07692307692307693,0.2602425704293422,0.8413048974937177,0.3110242312334307,2.348887631975867,1.875,-0.4375,-0.41564372558426316,-0.4603368407667335,-0.03024382711161756,0.07567719892813059,0.15983378025697215,-0.00753631589414968
Engo,top,UPL,2,39,0.513,10,0.0,14,50.7,50.3,47.9,49.1,58.5,Noble Esports|Radiance,-194.94871794871796,-150.53846153846155,2.358974358974359,456.7765666666667,0.19965594871794873,0.20512820512820512,1.0435307692307692,0.13185897435897437,0.42202149014135204,0.19754727663381969,1.641025641025641,719.0241358974359,0.0,0.0,0.17297133420030159,0.0,-0.23214908100748805,0.0,2.24179415327122,-0.46153846153846156,-0.3188964142054888,-0.22899719155656284,-0.2521971804689468,-0.38516439706538586,-0.31649790083484625,0.18484133276470144
Cepted,mid,CK,2,25,0.76,3,0.333,8,48.5,52.5,58.5,52.8,47.8,Awesome Spear|WhereAreyouFrom,-294.08,-196.08,-8.28,452.642412,0.2435512,0.44,0.9483320000000001,0.145544,0.6905351617153879,0.2413756412146505,3.44,372.615396,0.0,0.3333333333333333,0.601369141653502,-0.7586807883094249,-0.01930973488597357,0.31147540983606564,1.6,-0.64,-0.42104665666805047,-0.34995936776703657,-0.13338060369475394,0.18345905383087455,-0.11376836949165545,-0.3887507693615293
Skewer,top,TAL,3,22,0.364,5,0.0,10,49.9,51.1,51.6,50.6,52.3,Papara SuperMassive|SuperMassive Academy,-300.0,34.40909090909091,-4.363636363636363,359.30400000000003,0.20182268181818183,0.13636363636363635,0.7242272727272727,0.12487272727272726,0.5571264886482278,0.2656829076979632,1.4545454545454546,825.7734499999999,0.0,0.0,0.29128859613009467,0.0,-0.2017729287419025,0.0,2.1320071635561044,-0.5454545454545454,-0.5325786057307464,-0.2711571859065523,-0.20743223781207693,-0.17963967866077168,-0.23478987842044907,-0.142947180587306
Skeanz,jng,LEC,1,43,0.302,8,0.0,11,50.6,50.3,51.6,58.7,48.9,Team Vitality|Vitality.Bee,-93.0,-206.69767441860466,-2.6511627906976742,256.9659558139535,0.1355942534883721,0.23255813953488372,1.3667441860465117,0.2863790697674418,0.7081971797704215,0.20579307983692166,9.69767441860465,658.9180255813953,0.0,0.0,0.3582918982158526,0.0,0.5088477801268498,0.0,1.6774842736586515,-0.6046511627906976,-0.39459153773869104,-0.23208654903843445,-0.25122953102538376,-0.17922030085840135,0.1986405131781896,-0.3267174532318352
BCC,mid,LDL,2,59,0.22,24,0.083,11,51.6,49.2,55.0,49.3,49.7,LinGan e-Sports,-85.56140350877193,-122.49122807017544,-0.08771929824561403,477.5376,0.29671881034482755,0.3050847457627119,0.7443555555555555,0.1361758620689655,0.6788484701525279,0.19014659436717063,1.6896551724137931,337.0468271186441,0.0,0.08333333333333333,0.5219849246231155,0.0,-0.15636363636363632,0.0,1.4320780207890627,-0.423728813559322,-0.38923340831355135,-0.177391404911266,-0.31002836270197687,-0.002611786343177729,-0.30209583135442153,-0.2834773355625096
yyc,sup,LDL,2,29,0.345,7,0.0,8,50.1,50.7,51.3,51.6,44.6,CMG (Chinese Team)|EDG Youth Team,-133.28,-38.44,-2.56,136.48243793103447,0.08099816206896551,0.0,2.5666879999999996,0.35241034482758626,0.6124797590995413,0.2824353779462138,0.0,437.6364724137931,0.0,0.0,0.32530085204813636,0.0,-0.6787603402073867,4.25,1.4855627054164149,-0.7241379310344828,-0.7171666050298612,-0.2604030645146327,-0.22956444046896732,-0.19804164653553208,-0.18212666230125246,-0.5802058116080104
OMON,mid,PGN,3,25,0.44,8,0.25,13,50.3,50.5,64.5,72.8,51.9,Cyberground Gaming|RAMS,-439.64,-291.28,-7.8,541.293672,0.27764864,0.48,0.836816,0.18528,0.5676772345301757,0.2186782949629901,2.24,449.97565199999997,0.0,0.25,0.7467047793413747,1.1517987012243307,1.8433023728926612,3.9526570048309178,2.6,-0.48,-0.693118414633667,-0.24831376144189743,-0.2398949795567967,0.5250079397347845,1.1327930638510475,-0.1621390298489566
Shark,bot,CK,2,61,0.41,17,0.235,10,48.2,52.5,62.0,44.4,50.4,Element Mystic|Suning-S,-172.76666666666668,-68.11666666666666,-6.216666666666667,497.08339508196724,0.2607314918032787,0.4098360655737705,0.8423716666666666,0.2404360655737705,0.6619416383637481,0.16516510830718664,2.5901639344262297,365.1257950819672,0.0,0.23529411764705882,0.6039495106744565,0.0,-0.4268088580285888,0.0,1.2803687993289599,-0.5573770491803278,-0.3919489498511197,-0.3654351866233576,-0.13339753842760402,0.37909341613283926,-0.5907558241676794,-0.2471237694973864
wynn,bot,LPL,1,41,0.317,13,0.077,12,47.1,53.6,56.0,45.3,62.2,Dominus Esports|Dominus Esports Young,-212.92307692307693,-334.38461538461536,-7.666666666666667,490.10148780487805,0.2686761219512195,0.5121951219512195,1.2090189189189189,0.39713170731707315,0.6636571337061177,0.16096449691089781,2.4390243902439024,358.7487463414634,0.0,0.07692307692307693,0.5471381157801172,0.0,-0.4074045601019905,0.0,1.8740851426632728,-0.4634146341463415,-0.38398525373753,-0.4278106028993303,-0.07263588495876669,0.05304199367040967,-0.532968375407225,0.38927392881039924
poet,mid,LDL,2,36,0.167,14,0.0,17,51.3,49.4,49.3,50.2,60.7,Victorious Gaming,-138.11111111111111,-21.916666666666668,2.9166666666666665,483.33843999999993,0.2468604,0.25,0.79900625,0.17721142857142858,0.571166582337893,0.16868063018490342,1.7142857142857142,341.4207083333333,0.0,0.0,0.28815828257024956,0.0,-0.1869072708113803,0.0,2.8333333333333335,-0.3888888888888889,-0.38519340852642725,-0.19686335894413715,-0.29910180291601307,-0.30214772885484553,-0.25414778202320043,0.3030544719063813
Prismal,bot,LCSA,2,42,0.476,9,0.222,11,50.6,50.0,56.4,57.3,53.9,100 Thieves Academy,-246.57142857142858,-320.42857142857144,-3.4047619047619047,554.5660476190476,0.2765229285714286,0.6666666666666666,1.0932738095238095,0.25159761904761907,0.6253975450442721,0.22888153697876215,2.9047619047619047,349.20987857142853,0.0,0.2222222222222222,0.3116101570526934,0.0,0.3187420314492138,0.0,1.697336849583011,-0.5238095238095238,-0.45871343301968553,-0.23333177806444705,-0.2681474968895485,0.07385633770441478,0.12102578200991373,-0.06043831722528923
Algos,sup,TAL,3,44,0.455,11,0.182,12,47.0,53.6,56.6,45.5,50.7,Fenerbahçe Academy|Team AURORA|Team AURORA Academy,-199.38636363636363,-114.9090909090909,2.0454545454545454,124.77743181818182,0.07482759772727272,0.022727272727272728,2.219695454545455,0.2677295454545454,0.666990542025257,0.2002153518349605,0.0,434.2474522727273,0.0,0.18181818181818182,0.40737486722878613,0.0,-0.3654897372509797,0.0,1.8090680674665818,-0.6590909090909091,-0.3657685277816609,-0.436158873985375,-0.07605570087257763,0.08218730365699306,-0.5256749700058805,-0.22674928820288076
Leo D Aras,sup,GLL,3,41,0.439,17,0.118,10,50.1,50.5,51.8,50.2,51.0,Anorthosis Famagusta Esports|Intrepid Fox Gaming|Pyrsos Esports,-181.3170731707317,-171.2439024390244,1.170731707317073,168.1899024390244,0.0786516268292683,0.024390243902439025,2.0527682926829267,0.2862731707317073,0.591661147845455,0.19385415345080148,0.0,504.76523414634147,0.0,0.11764705882352941,0.26186124842562497,-0.21698034061355187,-0.13656936169682937,1.2424242424242427,1.5617376188860608,-0.5609756097560976,-0.372248912117638,-0.25849318246379654,-0.2373762888354579,-0.16933197341487918,-0.2528570056553328,-0.21126787783489767
Arphan,sup,PRM,3,23,0.261,11,0.182,8,47.1,53.5,61.2,49.8,52.4,mYinsanity,-323.0,-182.7391304347826,-2.347826086956522,122.76626521739131,0.0645857043478261,0.043478260869565216,2.2558826086956523,0.24235652173913044,0.6668185025366341,0.2202062491590009,0.0,524.4958260869565,0.0,0.18181818181818182,0.9622271638207449,-0.10241989909052934,-0.4742138364779875,2.950980392156862,1.6681153124565982,-0.5217391304347826,-0.44695685618139014,-0.4298651020787076,-0.07700153510095,0.33106895408001524,-0.27862461056904037,-0.13514073749001912
TaiLuo,top,LDL,2,24,0.167,8,0.0,9,51.4,49.2,51.1,47.5,56.9,Victorious Gaming,-135.5,-253.875,-2.2916666666666665,440.98490000000004,0.2194611304347826,0.20833333333333334,0.7180500000000001,0.10334347826086956,0.5056508524871528,0.21036392948107718,1.434782608695652,728.880325,0.0,0.0,0.32752442382407304,0.0,-0.530938266314311,0.0,1.8371173070873836,-0.625,0.0,-0.19188324605408125,-0.3114512255718662,-0.20874308054752017,-0.4040587611629531,0.09880418885809801
petitpois,jng,UPL,2,39,0.462,16,0.062,9,53.5,47.1,51.8,52.4,50.3,Dark Allegiance,-378.05128205128204,-420.38461538461536,-7.153846153846154,442.0766820512821,0.1819947717948718,0.46153846153846156,1.1487461538461539,0.3446410256410256,0.5879966799926265,0.2164690751586066,11.820512820512821,656.2308025641025,0.0,0.0625,0.30466916622884527,0.0,0.029428429096960668,0.0,1.4411533842457842,-0.7948717948717948,-0.1124037036750058,-0.0805469135225538,-0.4270150206298274,-0.1702979600770276,-0.13695124964118774,-0.25225452945083715
Keoo,sup,DDH,3,22,0.455,5,0.2,11,51.7,48.8,53.0,56.0,54.7,Arctic Gaming México,-350.72727272727275,-197.8181818181818,-0.3181818181818182,181.38691818181817,0.08905478636363637,0.045454545454545456,1.9534409090909093,0.2922590909090909,0.5056143424624285,0.2216787029983413,0.045454545454545456,613.4308818181818,0.0,0.2,0.22611121583411878,-0.6011615938832524,-0.14193760262725774,6.248677248677249,2.345207879911715,-0.5,-0.5942449203387072,-0.17561792432644505,-0.33038111274014453,-0.1030983739646339,0.05176753394446455,-0.017081672146811746
H3,sup,VCS,15,26,0.385,10,0.1,8,49.7,50.8,53.1,50.2,52.2,OverPower Esports|Saigon Buffalo,-216.69230769230768,-277.8076923076923,-1.5769230769230769,170.0672423076923,0.08743899615384615,0.0,2.5236346153846156,0.385423076923077,0.549218361948295,0.22198050323613197,0.0,529.0942653846154,0.0,0.1,0.28738853503184714,-0.19750334373606784,-0.1892843175596401,0.0,1.5689290811054724,-0.5769230769230769,-0.3619993881570818,-0.28176936239814837,-0.22211920574044736,-0.09807989688424366,-0.2533211035355851,-0.15018493226754742
Husky Rider,bot,TCL,15,46,0.522,10,0.2,17,50.3,50.2,59.7,66.6,66.1,5 Ronin|Beşiktaş Academy|Beşiktaş Esports,-284.17391304347825,-44.391304347826086,-2.0652173913043477,479.3527086956522,0.2571899347826087,0.6956521739130435,1.0146934782608696,0.22068695652173914,0.6708882487148624,0.16086281104141967,2.0217391304347827,314.83149782608695,0.0,0.2,0.4233737596471886,0.32490450725744835,0.4281379750878315,7.3160818713450295,2.5065132546332514,-0.4782608695652174,-0.3682787242087083,-0.24826424212332474,-0.2530008873970676,0.2502569605473892,0.6511911610094562,0.6200457757817517
Rate,bot,TCL,15,45,0.489,8,0.0,16,50.9,49.6,44.9,51.2,61.6,Beşiktaş Academy|Beşiktaş Esports,-94.28888888888889,4.111111111111111,0.6888888888888889,433.8760822222222,0.25756324888888893,0.7111111111111111,1.1711933333333333,0.24609333333333333,0.670477352407177,0.20539668550053064,2.1333333333333333,274.2403511111111,0.0,0.0,0.19508212019410226,-0.6493884682585905,-0.2673321783131204,4.137997432605905,2.3851391759997758,-0.4888888888888889,-0.5261362095905555,-0.21727118026888714,-0.28975546711055733,-0.562451553876666,-0.2031782793031461,0.3533351506976681
Sebs,top,DL,3,28,0.429,10,0.4,12,49.5,50.9,69.0,52.6,54.3,Team Echo Zulu|Team THRLL,-576.3928571428571,-188.07142857142858,-7.0,423.62252500000005,0.22866842857142858,0.32142857142857145,0.7764678571428572,0.07818928571428571,0.5514782059181852,0.22347895866112363,0.8571428571428571,814.1749714285714,0.0,0.4,1.292121212121212,0.0,0.19913793103448285,0.0,2.2677868380553634,-0.5357142857142857,-0.4322466999513333,-0.29171441442811274,-0.21950940034715985,0.81809803195359,-0.12643802135534138,-0.034530786118522075
Meteos,jng,LCS,1,40,0.4,12,0.083,10,48.5,51.9,51.4,54.9,50.9,100 Thieves|100 Thieves Academy,-130.07692307692307,-88.6923076923077,1.435897435897436,221.7824325,0.1317830625,0.025,1.6509725,0.424315,0.6575647713208934,0.21591118988081065,14.35,685.009455,0.0,0.08333333333333333,0.16411849435121392,0.09472528980039777,-0.36654483817998834,6.833333333333333,1.5811388300841895,-0.55,-0.3537021098859529,-0.34969744954680115,-0.16282898694539044,-0.19123407646294174,-0.006237650933857974,-0.2159497433716056
Naul,mid,VCS,15,45,0.378,15,0.133,15,51.5,48.9,56.2,48.8,57.0,Saigon Buffalo|Team Flash,-258.3777777777778,76.66666666666667,3.911111111111111,457.87099555555557,0.2547272222222222,0.24444444444444444,1.009908888888889,0.15085777777777779,0.551252569144726,0.14940395128901882,1.4666666666666666,323.5710644444444,0.0,0.13333333333333333,0.6367723342939481,-0.7679528874044124,-0.2092386964160469,0.0,2.23606797749979,-0.4444444444444444,-0.2708283524073249,-0.18545876382266435,-0.3254284430058939,0.06301039583143452,-0.3337441781357884,0.10623484158004484
Akaman,mid,LDL,2,29,0.172,12,0.0,13,43.5,56.9,49.6,52.4,53.4,LNG Academy,-463.7586206896552,-337.7241379310345,-12.137931034482758,422.8626620689655,0.23817048275862068,0.13793103448275862,0.9991689655172413,0.24361379310344827,0.6797555766397708,0.16979266324115957,0.4827586206896552,389.39464827586204,0.0,0.0,0.2607380848906273,0.0,-0.011287477954144552,0.0,2.4140393963016744,-0.5172413793103449,-0.479459048356364,-0.6506332040756193,0.10241361696093362,-0.28634326448114217,-0.1354863933207231,-0.08250445927183406
Crisp,sup,LPL,1,124,0.573,23,0.087,15,49.7,50.6,45.0,53.0,44.7,FunPlus Phoenix,48.19130434782609,-88.15652173913044,2.0521739130434784,131.6293008064516,0.06937993548387096,0.008064516129032258,2.2500836538461537,0.28882016129032256,0.652983013094265,0.2014015612326487,0.07258064516129033,541.1690903225806,0.0,0.08695652173913043,0.23577041379501368,-0.5518325550098209,-0.06350765752429144,2.8672614369453453,1.347039765200812,-0.6693548387096774,-0.2755817459159039,-0.28423272446630254,-0.23610326531141984,-0.5529798473650723,-0.10724707008827375,-0.5749996749831608
Renyu,bot,LLA,15,22,0.636,3,0.0,8,48.1,52.2,47.8,50.3,52.8,Movistar R7,-162.5909090909091,-254.0,-15.181818181818182,430.62429545454546,0.24207599999999999,0.5454545454545454,1.3878545454545455,0.3214590909090909,0.6556924284865461,0.26215224169769624,3.3636363636363638,296.5853272727273,0.0,0.0,0.240098628448143,-0.8871473354231976,-0.2757296466973886,0.8375000000000001,1.7056057308448833,-0.6818181818181818,-0.3955334466338308,-0.37369651932680903,-0.1458704103173756,-0.38862301329358295,-0.25051523885031507,-0.11652605365912504
Vanhoof,sup,BL,3,21,0.429,4,0.0,7,49.4,50.9,50.1,55.1,50.2,KV Mechelen Esports,-79.52380952380952,-71.80952380952381,-12.714285714285714,125.97256666666665,0.07527664285714286,0.047619047619047616,2.0989,0.30456666666666665,0.590800690905733,0.2340781472409986,0.0,478.17150000000004,0.0,0.0,0.14149907047490282,0.0,0.3168529508137036,0.0,1.5275252316519468,-0.7142857142857143,-0.350624203239156,-0.29833030946500766,-0.21759515217558525,-0.2612803181378248,0.0031653255213213993,-0.255234599312143
melody,top,LDL,2,68,0.5,23,0.13,19,47.0,53.3,50.9,43.0,54.3,Dominus Esports|Dominus Esports Young,-291.07462686567163,-209.8955223880597,-3.1791044776119404,415.1481705882353,0.2090950088235294,0.29411764705882354,0.7910844444444444,0.12819117647058825,0.5443416734848167,0.1747691777709779,2.4411764705882355,848.8181176470588,0.0,0.13043478260869565,0.22680609024381784,0.0,-0.5103294345629455,0.0,2.3040884378451634,-0.5,-0.519753273495769,-0.43670115401083043,-0.09222524041519742,-0.22020220380770764,-0.6791349455554092,-0.03428647873931777
Lylajn,jng,HM,3,31,0.484,8,0.125,6,46.6,53.6,52.6,50.2,44.2,Cyber Gaming,-303.2903225806452,-195.38709677419354,-0.41935483870967744,201.83893870967742,0.10161548387096773,0.16129032258064516,1.3306870967741935,0.29232903225806456,0.663758543739259,0.20561816827890497,5.032258064516129,792.7425032258064,0.0,0.125,0.28950090420868035,-0.4583078684375887,-0.4416581159804051,3.513071895424837,1.0776318121606494,-0.8064516129032258,-0.41554184267853367,-0.45751088785145116,-0.07187023157823051,-0.12546625980005763,-0.2553194905878589,-0.605799406592955
MrFreezed,bot,BM,3,27,0.259,15,0.0,12,52.6,47.6,50.8,45.9,52.3,Team Infamous,-355.962962962963,-42.81481481481482,-0.1111111111111111,522.0942296296297,0.24789540740740743,0.8518518518518519,0.797525925925926,0.1678296296296296,0.5748252876675507,0.18392803727627566,1.2222222222222223,279.99513333333334,0.0,0.0,0.26147303044622966,0.0,-0.6864631718646317,0.0,2.309401076758503,-0.48148148148148145,-0.8372879613063009,-0.12843352053862542,-0.39982059815967613,-0.22515871120134448,-0.49698693143574796,-0.141834840706271
Dimonko,sup,LCL,15,26,0.308,8,0.125,8,48.5,51.7,53.6,56.3,49.8,Dragon Army,-437.03846153846155,-481.65384615384613,-12.0,206.20525384615382,0.1021367076923077,0.038461538461538464,2.1648923076923077,0.30831153846153847,0.6654426481222819,0.21498337496863285,0.0,492.64691538461534,0.0,0.125,0.19376681089931003,0.0,0.4054390054390053,0.0,1.5689290811054724,-0.6153846153846154,-0.4551128148266684,-0.34943367767480743,-0.17336810667740327,-0.07234713386983685,0.07016701054314123,-0.2773847113957395
tyrin,top,CBLOL,15,38,0.395,10,0.0,12,47.6,52.6,50.9,60.6,54.3,FURIA,-353.1578947368421,-150.92105263157896,-7.105263157894737,345.04313684210524,0.1860569657894737,0.34210526315789475,0.9371394736842106,0.0816,0.5837144852481402,0.2109220147923029,1.0263157894736843,778.3479947368421,0.0,0.0,0.3037725863763514,0.0,0.6954683334865337,0.0,1.9466570535691505,-0.5789473684210527,-0.2631289513076762,-0.39890757118540104,-0.12507188733529215,-0.21519188695647226,0.3009245164438345,-0.03874872274004451
Matt Elento,sup,LCSA,2,52,0.558,7,0.143,13,51.4,48.7,57.2,53.4,54.6,Evil Geniuses Academy,44.05882352941177,-27.666666666666668,0.9411764705882353,136.98621538461538,0.07330433076923076,0.0,2.0532711538461537,0.17522884615384615,0.6506182457686797,0.21978552831955428,0.07692307692307693,575.5097403846154,0.0,0.14285714285714285,0.6082505729564552,-0.5170962651236192,-0.03219131676768405,1.4264705882352942,1.8027756377319948,-0.5961538461538461,-0.3196477890875425,-0.1912950677679152,-0.3405927085961109,0.11868462205916017,-0.08231413921555943,-0.02181526980430746
Minji,mid,PCS,15,20,0.45,5,0.0,7,50.3,49.8,49.5,51.9,50.6,Berjaya Dragons,-156.3,-232.1,-11.05,434.10991,0.24610315,0.5,0.8324400000000001,0.16392,0.6284231167100088,0.22278788002615232,2.3,302.952955,0.0,0.0,0.22397910078372063,-0.5291726760194048,-0.15920866698068784,0.5789473684210524,1.5652475842498528,-0.6,-0.2838297311008408,-0.24893536936355162,-0.27612511945152823,-0.29360423694216947,-0.16511511236531873,-0.2325517450567961
YIFAN,bot,LDL,2,59,0.441,18,0.056,10,49.3,50.8,50.8,59.8,49.9,JingNetGame,-149.0701754385965,-18.12280701754386,-6.017543859649122,484.34719830508476,0.25133522033898303,0.6440677966101694,1.0814560975609757,0.30042881355932205,0.5949639415660403,0.17531504568414433,1.1864406779661016,323.0612288135593,0.0,0.05555555555555555,0.3001751776565857,0.0,0.4357094477849195,0.0,1.3018891098082388,-0.7457627118644068,-0.21667684156443237,-0.30365658894492,-0.2235010449209031,-0.22444257428979278,0.25590192217945174,-0.26985888443769057
Dardoch,jng,LCS,1,50,0.44,10,0.1,18,52.3,47.7,56.2,53.8,63.3,Dignitas|Dignitas Academy|TSM,-4.74,-83.52,-4.42,252.50234400000002,0.14904447599999998,0.18,1.490858,0.37256999999999996,0.7168997353244966,0.3221689909789587,12.04,727.871888,0.0,0.1,0.35284338174172414,0.18877045116509664,0.015668870573317596,2.141891891891892,2.545584412271571,-0.4,-0.44522339847527354,-0.14427907514336566,-0.39304496920013055,0.06447873962705604,-0.060744129560091786,0.4490969522702977
Flif,bot,EBL,3,27,0.222,10,0.1,10,46.7,53.3,53.8,47.8,53.2,ASUS ROG ELITE|Upper Echelon,-395.2962962962963,-251.7037037037037,-1.6666666666666667,412.03613703703707,0.24662796296296297,0.25925925925925924,0.9768851851851852,0.276637037037037,0.6422639089305756,0.18141822981004266,1.8888888888888888,277.8232925925926,0.0,0.1,0.3156767498344005,0.0,-0.4511111111111111,0.0,1.9245008972987525,-0.5925925925925926,-0.4155594011515281,-0.45396192209792546,-0.09139691334687924,-0.06455941404697735,-0.38610290706658723,-0.09336647876746183
CBL,sup,VCS,15,59,0.542,12,0.167,12,49.1,50.9,57.5,55.9,55.1,Team Flash|Team Secret,-88.77966101694915,-146.27118644067798,-3.542372881355932,151.8527186440678,0.08069850677966102,0.03389830508474576,2.3877694915254235,0.3205423728813559,0.6402378541538294,0.21472384097141406,0.0,497.6466474576271,0.0,0.16666666666666666,0.46513231750725587,-0.17345550039295374,0.09333972240150731,2.8431372549019605,1.5622669317698865,-0.4576271186440678,-0.32455780811674984,-0.3166514079321003,-0.21632338613723365,0.13269459182845197,0.047291624703546566,0.006586928048446072
Enso,jng,PCS,15,50,0.42,15,0.0,7,44.5,55.5,46.3,55.0,44.0,Berjaya Dragons,-264.78,-500.42,-10.1,205.244828,0.11835108200000001,0.22,1.516148,0.380424,0.7166270633177778,0.19228186919794132,7.4,665.428226,0.0,0.0,0.23841372365176927,-0.5418725791371711,0.09687840650084242,0.6153846153846152,0.9899494936611665,-0.6,-0.32574709019071113,-0.5849732994146023,0.02638490114302736,-0.4773648742500231,0.0006905177627660464,-0.6146127995327803
Junimos,sup,LDL,2,59,0.661,8,0.125,11,50.8,49.2,53.0,47.8,44.5,eStar Young,-28.17241379310345,10.482758620689655,-0.15517241379310345,143.7020152542373,0.0684989220338983,0.01694915254237288,2.3199030303030304,0.22310847457627117,0.6158290000022697,0.21541477740881051,0.05084745762711865,512.8535237288136,0.0,0.125,0.2738486554533692,0.0,-0.2480464125029601,0.0,1.4320780207890627,-0.7288135593220338,-0.4534175185541547,-0.22436630291928555,-0.30971205497407184,-0.10760403107054017,-0.388313420236833,-0.5874045004183426
Sabaneti,top,LMF,2,43,0.488,6,0.167,15,47.7,52.2,52.0,45.5,56.7,Feint Gaming|Isurus Academy,-166.65116279069767,-12.86046511627907,-7.534883720930233,345.6540627906977,0.20790813023255814,0.2558139534883721,0.9590511627906976,0.1441,0.5724542212653307,0.2603514010376964,1.6046511627906976,661.1031209302325,0.0,0.16666666666666666,0.3928558872130225,-0.5640506329113925,-0.47619574712506135,0.0,2.28747855498907,-0.46511627906976744,-0.43991566453174297,-0.39505758713477185,-0.14580322423174866,-0.15651447154394538,-0.524663238700203,0.08857018238006294
Rogue,sup,OPL,15,49,0.429,13,0.154,13,49.1,50.8,51.6,64.4,51.4,Pentanet.GG,-69.0204081632653,-112.16326530612245,-3.63265306122449,134.52387346938775,0.08148432448979592,0.04081632653061224,2.364957142857143,0.2938816326530612,0.651503459636713,0.21984788973163272,0.04081632653061224,448.457993877551,0.0,0.15384615384615385,0.31148844091267264,-0.6482882547584017,0.6720492568733282,3.2222222222222223,1.8571428571428572,-0.5102040816326531,-0.534322940905005,-0.3141301773909911,-0.223762373335445,-0.17837204503485507,0.5162326602485111,-0.18924020519098644
Acee,mid,LJL,15,54,0.63,14,0.214,14,43.8,56.1,58.9,63.0,50.2,V3 Esports,-295.24528301886795,-255.88679245283018,-10.90566037735849,426.8062888888889,0.22454198148148147,0.35185185185185186,1.0801925925925926,0.2037814814814815,0.6587612816173265,0.1591717021996553,1.1111111111111112,379.0778907407407,0.0,0.21428571428571427,0.3347491192595527,0.19899244332493674,0.32908163265306134,6.708333333333334,1.9051586888313607,-0.5,-0.41582563117209664,-0.6270369192600894,0.060378978230195314,0.20805190091195871,0.4373721707821864,-0.256833117513692
qingcheng,mid,LDL,2,54,0.333,17,0.0,12,42.7,57.2,48.7,52.9,51.1,Bilibili Gaming|Bilibili Gaming Junior,-288.3333333333333,-243.94444444444446,-10.907407407407407,416.8253129629629,0.22053086851851852,0.48148148148148145,0.990783870967742,0.23850370370370372,0.6672734120279001,0.18864515621510233,1.962962962962963,470.99654444444445,0.0,0.0,0.3232965163159456,0.0,0.10018602688759758,0.0,1.632993161855452,-0.5370370370370371,-0.2309458787225669,-0.7002231916938658,0.1185045258010068,-0.3352836210341107,-0.11029251937682918,-0.2073402395816346
Kweku,top,OPL,15,33,0.182,17,0.059,8,49.2,50.6,52.4,50.2,40.3,Gravitas|Gravitas Academy|MAMMOTH,-278.90909090909093,-283.90909090909093,2.3333333333333335,367.3537,0.21681810606060606,0.06060606060606061,0.9401606060606061,0.1662030303030303,0.4894346869643312,0.24401080530846286,1.3333333333333333,782.4509333333333,0.0,0.058823529411764705,0.2715554551955139,0.0,-0.08284313725490204,0.0,1.3926212476455828,-0.6363636363636364,-0.9419975990822435,-0.3107201513221124,-0.23411000065990395,-0.13950191828674408,-0.25709182984249423,-0.8674600266358568
jkw,top,LDL,2,52,0.5,17,0.176,9,49.2,50.6,56.3,53.3,46.7,All Combo,-178.31372549019608,-338.3137254901961,-11.843137254901961,420.4104519230769,0.21791519230769232,0.6153846153846154,0.7700931818181818,0.14367307692307693,0.5677392127537543,0.23301018037642007,2.5384615384615383,657.8602749999999,0.0,0.17647058823529413,0.4656961075080913,0.0,0.08582135650455082,0.0,1.2480754415067656,-0.6153846153846154,-0.32287439651176525,-0.3092947003314472,-0.2363635214181344,0.06656385678920237,-0.09161299563316193,-0.4537067927549461
Souli,jng,OPL,15,21,0.333,5,0.0,9,50.9,48.9,50.4,49.2,48.4,Pentanet.GG,-146.9047619047619,-268.3809523809524,-7.714285714285714,231.73894761904762,0.14960560952380952,0.09523809523809523,1.3954285714285715,0.3136333333333333,0.6342318745680091,0.2319324900041397,9.333333333333334,462.9849571428572,0.0,0.0,0.11334939759036144,0.0,-0.28819313466616375,0.0,1.9639610121239315,-0.6666666666666666,-0.5923933521960298,-0.21483523115505426,-0.32713759012263005,-0.2460647642133245,-0.31258085148473147,-0.3525949259281775
Dove,mid,LCK,1,50,0.34,15,0.2,18,46.2,53.5,73.2,44.5,53.3,Liiv SANDBOX,-174.87755102040816,-143.85714285714286,-3.020408163265306,405.82739399999997,0.259410044,0.2,1.0501099999999999,0.24168800000000001,0.6459937766387738,0.17377455364216704,1.78,309.80514800000003,0.0,0.2,0.6867690835128021,2.3880128408649943,-0.3420073671541631,0.0,2.545584412271571,-0.56,-0.42528218880506136,-0.47928771249670576,-0.0796075441671115,1.1698726316231514,-0.5863629406109433,-0.09149525113710877
Plux,sup,UPL,2,61,0.41,19,0.105,17,49.7,50.0,51.7,58.3,55.1,Horizon Esports|TBA|Team Mountain Drake,-131.63934426229508,-226.65573770491804,-6.081967213114754,192.24490983606557,0.08737150327868852,0.03278688524590164,2.2200426229508197,0.2947163934426229,0.5911043584494625,0.2033656976706373,0.16393442622950818,520.5342770491803,0.0,0.10526315789473684,0.24962628613363225,0.0,-0.4544362549089417,6.922433002107799,2.1766269588592317,-0.4918032786885246,-0.6359182134024451,-0.2831799427360315,-0.26895009000099157,-0.17520275428286758,0.17352590483339125,0.004071770198629615
xCharm,sup,UL,2,21,0.524,5,0.4,8,47.7,52.0,58.7,53.7,55.5,Komputronik H34T|Próba numer 3,-166.47619047619048,-263.9047619047619,-10.333333333333334,142.8566476190476,0.07733053333333333,0.0,2.201561904761905,0.22505714285714287,0.6278383493492237,0.1961205132600052,0.0,524.6262952380953,0.0,0.4,0.43295249549007814,-0.7134670487106017,0.00010112245929831576,0.8620689655172415,1.7457431218879391,-0.6190476190476191,-0.1933408038021195,-0.3958247971494072,-0.15614221857553492,0.19402922877729642,-0.06819375565926034,0.026997980036060923
Orome,top,LEC,1,73,0.493,18,0.111,21,47.8,51.9,61.4,52.7,64.6,MAD Lions KOI|MAD Lions Madrid,-199.19444444444446,-46.388888888888886,-3.6527777777777777,379.6034452054795,0.19819512328767125,0.2328767123287671,0.8621095890410958,0.1397013698630137,0.5825295422793196,0.20747247064005528,1.917808219178082,747.2924630136987,0.0,0.1111111111111111,0.6471470345654944,-0.3345157158340723,-0.03268194320777591,2.5226456241033,2.457864091118742,-0.3424657534246575,-0.4057813001912787,-0.3882583414631469,-0.16544831925254425,0.34379014434264854,-0.1205864831145987,0.5266790846588957
Aomine,bot,VCS,15,33,0.273,12,0.167,9,46.9,52.8,63.2,57.8,50.8,FTV Esports|Percent Esports,-386.0,-311.45454545454544,-0.6060606060606061,460.3969121212121,0.2528306666666667,0.42424242424242425,1.1684666666666665,0.2747363636363636,0.6279320146744389,0.14496233831135547,2.5454545454545454,285.0167090909091,0.0,0.16666666666666666,0.5286482904254842,1.104897023377947,0.33607376576178377,0.0,1.5666989036012806,-0.5757575757575758,-0.5484514838356895,-0.4409405953785827,-0.11780343610876114,0.4439581339785605,0.14952929785282196,-0.22242688124371998
Finn,top,LEC,1,61,0.525,13,0.077,17,47.4,52.2,53.4,60.1,55.7,Rogue,-255.34426229508196,-202.88524590163934,-9.78688524590164,400.36870655737704,0.2398899180327869,0.14754098360655737,1.062844262295082,0.1216688524590164,0.5804053653567383,0.26015744246250094,2.081967213114754,753.3302032786885,0.0,0.07692307692307693,0.32401778617919363,-0.08510347653848788,-0.011288439081354719,8.565527065527066,2.1766269588592317,-0.5409836065573771,-0.40900792246020695,-0.408877725958795,-0.14903028816911643,-0.0859552120857767,0.2726682245750972,0.03667628209847652
Hardy,jng,HM,3,22,0.227,14,0.0,11,44.1,55.5,51.7,49.5,57.8,BRUTE|Vikingekrig Esports,-775.8636363636364,-503.8636363636364,-6.545454545454546,179.73084090909092,0.11728657727272727,0.045454545454545456,1.4561727272727274,0.34409545454545454,0.6885672792139726,0.21489366974573904,2.0,778.811659090909,0.0,0.0,0.2613804973588937,0.0,-0.2380713209442489,0.0,2.345207879911715,-0.5,-0.3001464261429792,-0.6126265827991345,0.027137298747699476,-0.17273117191550996,-0.291038631409377,0.1493771846075691
Keine,mid,LCK,1,28,0.179,8,0.0,13,46.5,53.1,52.3,45.8,61.9,DN SOOPers|SeolHaeOne Prince,-235.39285714285714,-314.42857142857144,-5.714285714285714,435.260325,0.24493782142857143,0.14285714285714285,1.1863535714285713,0.252775,0.5796146663793723,0.16917270832186798,1.2142857142857142,312.6195892857143,0.0,0.0,0.4054054054054054,0.0,-0.435126582278481,0.0,2.456769074559977,-0.5357142857142857,-0.013730228760903854,-0.46190470566383895,-0.09864301519901915,-0.14521703309649397,-0.5058503832312409,0.3713145590116361
Secret,sup,LCK,1,67,0.299,29,0.034,12,48.3,51.3,51.1,51.2,47.4,SeolHaeOne Prince,-214.8030303030303,-6.757575757575758,-2.5,139.01052835820897,0.08116787313432836,0.014925373134328358,2.397638805970149,0.3184641791044776,0.6318861273406728,0.20429826885280267,0.029850746268656716,496.2356940298507,0.0,0.034482758620689655,0.3083603771281761,0.0,0.008115159421169162,0.0,1.4660333322756627,-0.4626865671641791,-0.5546625511535297,-0.35807316743879924,-0.19534085915341176,-0.208233832131007,-0.20097382270617603,-0.41405139351180675
Sw0rd,top,LCK,1,32,0.344,7,0.143,12,44.5,55.1,57.8,59.5,49.7,Griffin,-418.21875,-128.8125,-14.65625,308.6326125,0.21034586875,0.15625,1.035946875,0.22498125,0.5650780732677285,0.24073480639918965,1.125,744.319540625,0.0,0.14285714285714285,0.4164763414568611,0.0,0.6318556048131729,0.0,2.1213203435596424,-0.625,-0.6108188837667845,-0.5836979468277755,0.00434510399411731,0.14907099555650405,0.239577446314554,-0.2836932038456089
Aliez,top,LPL,1,57,0.211,22,0.045,17,57.0,42.5,54.5,71.3,55.6,Oh My God|Oh My God Academy|Victory Five,-48.892857142857146,-108.125,0.48214285714285715,464.8184929824561,0.2279998105263158,0.3684210526315789,0.7317777777777779,0.10131228070175438,0.5140877605237876,0.21428715462621128,1.1578947368421053,648.6373754385965,0.0,0.045454545454545456,0.403030303030303,0.0,1.4081304230169105,0.0,2.2517050070105746,-0.38596491228070173,-0.6155087313517317,0.10684114931534157,-0.7122313937722399,-0.026668687544146592,0.9988572532291731,0.030610868239613676
Dreams,sup,LEC,1,45,0.467,8,0.0,10,50.4,49.1,45.8,59.8,44.0,FC Schalke 04 Esports|FC Schalke 04 Evolution,-125.4,-17.57777777777778,-1.6,135.4569111111111,0.07585838222222223,0.022222222222222223,2.4803955555555555,0.2796177777777778,0.62106158251845,0.23833616026598484,0.0,502.4100911111111,0.0,0.0,0.27869879859994323,-0.6198704103671706,0.5080059970014993,2.435483870967742,1.4907119849998598,-0.6666666666666666,-0.5303488710372919,-0.24624195022728637,-0.31754538916692043,-0.5056672207158562,0.2557462541688799,-0.6153718467355284
Beartree,top,UKLC,3,28,0.429,5,0.4,13,49.4,50.1,64.8,61.0,55.5,London Esports|Phelan Gaming,-399.5357142857143,-42.75,-11.75,382.7796142857143,0.20664471428571426,0.39285714285714285,0.8139035714285715,0.07971428571428572,0.5488542545591418,0.23289149876744583,0.7142857142857143,648.4728392857143,0.0,0.4,0.7283645240032547,0.0,1.4084596967278533,0.0,2.456769074559977,-0.42857142857142855,-0.6304791091752473,-0.3005576349041536,-0.2605534077857112,0.542676117829842,0.31946543465442767,0.024504679195983592
Chilly,sup,PCS,15,26,0.462,7,0.0,7,46.7,52.8,50.3,49.1,51.6,Berjaya Dragons,-161.30769230769232,-278.5769230769231,-10.0,134.24011153846155,0.0715402576923077,0.038461538461538464,2.358253846153846,0.31094615384615387,0.6518152784352924,0.2061147256309795,0.0,500.45032307692304,0.0,0.0,0.15048884121942166,0.0,-0.3034382149132986,0.0,1.3728129459672884,-0.7307692307692307,-0.14713175363580208,-0.45284598342498955,-0.11486858551195706,-0.24804472083599935,-0.3154128822529225,-0.18027692711822338
Galaxy,mid,LPLOL,3,20,0.45,4,0.25,12,47.2,52.3,54.8,51.5,57.2,Boavista FC,-148.7,70.35,-9.1,334.09947999999997,0.20054604999999998,0.3,0.93666,0.15336,0.5159505381099808,0.14153584917971107,1.85,401.460465,0.0,0.25,0.3387502861066606,-0.6321789632178964,-0.221763602251407,1.2413793103448276,2.6832815729997477,-0.45,-0.33373799764868267,-0.42116945829608154,-0.1435998731149317,-0.008491654753541356,-0.18541733536042604,0.11773701932483792
KKT,jng,LFL,2,56,0.482,16,0.125,17,52.3,47.1,54.3,62.5,57.6,GameWard|WLGaming Esports,-110.03571428571429,-311.98214285714283,-7.339285714285714,365.1137196428571,0.16254241249999998,0.32142857142857145,1.3566053571428571,0.24609642857142858,0.6546092301184168,0.249391025459258,9.142857142857142,666.5587964285714,0.0,0.125,0.350217846699693,0.06998124058863908,0.11851269391362643,4.751621989121989,2.271720556255607,-0.5,-0.49973769069012536,-0.14397121055698092,-0.43148469109668564,-0.03533910659213708,0.40350770367179456,0.13632969884971968
Th3Antonio,top,SLO,3,65,0.708,13,0.308,15,47.4,52.0,57.3,71.2,50.6,Giants,-130.07692307692307,-109.06153846153846,-6.584615384615384,407.4519430769231,0.19777661538461538,0.13846153846153847,0.85466,0.11436,0.5711725773742092,0.25928823397149187,1.4461538461538461,1008.7299292307691,0.0,0.3076923076923077,0.32157592004475943,-0.7959511907818234,-0.28851892933820866,20.04153439153439,1.860521018838127,-0.5538461538461539,-0.3451120938725274,-0.41396093021983593,-0.15786775608942216,0.12351089976418211,0.9863397036547121,-0.23280219622836038
Adept,mid,PRM,3,34,0.324,8,0.0,15,51.4,48.0,51.4,45.6,55.1,NVision Esports|SK Gaming Prime,-52.64705882352941,-57.73529411764706,-1.7941176470588236,478.4366529411765,0.2575785,0.4411764705882353,0.8833823529411765,0.14034999999999997,0.5634971081356669,0.23616772554029566,2.764705882352941,418.84922647058823,0.0,0.0,0.36958697234352256,0.0,-0.49458927693064436,0.0,2.5724787771376323,-0.35294117647058826,-0.6266233762978319,-0.18974622718371503,-0.37740318445574494,-0.1901407796495323,-0.5187055198275871,0.003953720665733587
Pyton,bot,LPLOL,3,28,0.286,15,0.067,14,48.4,50.9,52.0,49.4,58.6,Estoril Praia eSports|GeekCase eSports,-308.10714285714283,-120.75,-3.0,421.874225,0.25430542857142857,0.39285714285714285,0.783625,0.16445714285714286,0.6576167233669366,0.17162335065843837,2.3214285714285716,276.55172857142855,0.0,0.06666666666666667,0.23333992746455653,0.0,-0.2517711171662125,0.0,2.6457513110645903,-0.4642857142857143,-0.5514899762386312,-0.3568841762816351,-0.21552464490422127,-0.1566206641731335,-0.2988565519682237,0.19293869204200098
Cuest1oN,bot,LHE,2,37,0.405,8,0.0,10,47.4,51.9,51.9,57.2,57.6,Santiago Wanderers eSports|Valorous,-50.91891891891892,-107.1891891891892,-4.378378378378378,392.3954135135135,0.23830389459459458,0.6216216216216216,0.969064864864865,0.19230540540540542,0.6676202832667364,0.13675303936214117,0.7297297297297297,201.9910054054054,0.0,0.0,0.43513219205834686,0.0,0.3224154644465984,0.0,1.643989873053573,-0.5135135135135135,-0.2752192754273864,-0.40910349567539234,-0.16274881553413362,-0.1616135401929731,0.11595866720222314,0.13623528993617776
Lakinther,bot,BM,3,42,0.619,7,0.143,12,47.4,51.9,53.8,55.6,56.8,Five Kings|Split Raiders,-157.78571428571428,-97.19047619047619,-15.738095238095237,481.50929761904763,0.23327980952380956,0.47619047619047616,1.1118857142857141,0.1772642857142857,0.616253902549899,0.15278595150328234,1.3095238095238095,239.73902380952381,0.0,0.14285714285714285,0.26650873556411014,-0.07374267201481022,0.14148103552077065,2.261111111111111,1.8516401995451028,-0.5238095238095238,-0.21917064890585472,-0.40988831898762046,-0.16459523863917638,-0.0634028273339655,0.03149923029307203,0.09749296090437029
Diagu,jng,UL,2,29,0.345,12,0.083,10,46.5,52.8,50.7,49.1,41.8,Gentlemen's Gaming|MOBA ROG|PRIDE,-259.3103448275862,-321.2758620689655,-6.482758620689655,209.82224137931036,0.11918347241379311,0.034482758620689655,1.3143965517241378,0.30977241379310344,0.6936237235831557,0.20066531315107933,4.344827586206897,695.4302,0.0,0.08333333333333333,0.2998146400647074,-0.4666606197349176,-0.5561939783957711,2.0,1.8569533817705188,-0.5862068965517241,-1.3536006105462968,-0.4655573260517681,-0.11797815262366412,-0.22994691979305523,-0.31774135299008305,-0.764900362731537
Decade,top,LDL,2,67,0.209,28,0.071,15,48.0,51.3,52.5,49.3,59.9,LNG Academy,-217.98507462686567,-70.13432835820896,-0.7313432835820896,375.7389731343284,0.21968316417910447,0.23880597014925373,0.8946808510638298,0.12753134328358207,0.5406856225273754,0.20199713001120884,0.9850746268656716,697.9003597014926,0.0,0.07142857142857142,0.4433325961963733,0.0,-0.12297986396163275,0.0,1.8325416653445783,-0.417910447761194,-0.18752408106251792,-0.3790491344424225,-0.19638081011766795,-0.13045027665290915,-0.3028855176130688,0.25826486156791295
Bigkoro,bot,VCS,15,68,0.353,28,0.107,14,42.5,56.7,54.1,48.5,56.2,Percent Esports|Saigon Buffalo,-458.36764705882354,-132.5,-8.191176470588236,448.09853235294116,0.24549189705882354,0.3088235294117647,1.3870485294117647,0.353775,0.6319937427528258,0.14463920785864104,1.6029411764705883,286.16756176470585,0.0,0.10714285714285714,0.3732486372032257,0.0,-0.1376018626309663,0.0,1.697749375254331,-0.5,-0.4364107222800379,-0.7115124859018993,0.0912948299733519,-0.047218960651274615,-0.3476419903929939,0.0617966627206384
KreshtDoo,bot,LLA,15,36,0.333,15,0.133,12,45.7,53.5,57.3,67.9,61.9,Azules Esports,-489.52777777777777,-106.69444444444444,-7.166666666666667,416.81390277777774,0.2648207861111111,0.3888888888888889,1.235338888888889,0.27779444444444445,0.6159227450749941,0.1361671563915772,1.6944444444444444,322.27837222222223,0.0,0.13333333333333333,0.3035963188915314,0.6653915769438898,0.1687737274704214,16.0,2.0,-0.4166666666666667,-0.3750430593489877,-0.5094160958392562,-0.0813695509203646,0.12021609810608815,0.7436139336485478,0.3703199222194631
forse,mid,LDL,2,77,0.61,10,0.3,14,43.7,55.5,59.7,48.4,44.4,Suning|Suning-S,-89.15492957746478,-219.25352112676057,-7.774647887323944,454.75883766233767,0.21677359740259738,0.2987012987012987,1.1792058823529412,0.22137922077922076,0.5931603596971984,0.1738565386254085,1.5324675324675325,324.83649480519483,0.0,0.3,0.4004380986656331,0.0,-0.18215587040863668,0.0,1.5954480704349312,-0.5454545454545454,-0.48550764898202614,-0.6326817675421722,0.028267490006659728,0.2515222438938851,-0.35704971460635015,-0.5880907571542165
XJM,sup,LDL,2,37,0.622,7,0.286,9,50.8,48.4,55.9,49.6,49.1,Legend Esport Gaming,-87.51515151515152,-58.54545454545455,-0.06060606060606061,161.61414324324323,0.07000057837837838,0.0,2.1791545454545456,0.2,0.6113830855634012,0.22887921285972262,0.02702702702702703,580.4005351351352,0.0,0.2857142857142857,0.2874915428813781,-0.435790273556231,-0.3804371718158505,1.173913043478261,1.4795908857482156,-0.6756756756756757,-0.3782218407065981,-0.22203693356997312,-0.3540116829917198,0.04811417866650129,-0.2891466254294217,-0.3149398741964169
Speedy,jng,SLO,3,24,0.292,6,0.0,11,45.0,54.1,51.9,52.5,56.2,ASUS ROG ELITE|BCN Squad,-379.2916666666667,-565.2083333333334,-10.5,198.8062625,0.1015997125,0.125,1.3751583333333333,0.3250125,0.6343102207544986,0.19193935812066618,6.833333333333333,704.9878749999999,0.0,0.0,0.294916465648173,0.0,0.11844448273881308,0.0,2.2453655975512468,-0.5,-0.4069677443454601,-0.5517441999969961,-0.045350438407089834,-0.16492552075875566,-0.1301344414073492,0.06086398025130946
Mitsuki,sup,LDL,2,42,0.429,13,0.077,11,49.0,50.1,51.4,50.3,47.8,Dominus Esports|Dominus Esports Young,-308.7073170731707,-48.24390243902439,-7.439024390243903,167.35265238095238,0.08737728809523809,0.047619047619047616,2.029111904761905,0.1943452380952381,0.6716104630502631,0.20445771149666397,0.0,479.5703523809524,0.0,0.07692307692307693,0.25172970458446225,0.0,-0.12043451897150073,0.0,1.697336849583011,-0.6904761904761905,-0.529310534078915,-0.32377745710823197,-0.261742515527804,-0.19079337754051318,-0.25229599948792664,-0.39063093546404976
Infectrix,jng,RCL,3,30,0.433,11,0.0,10,50.7,48.4,50.4,54.0,55.1,ANEW Dawn|Bark Bark|Polar Ace|Winthrop University,-205.03333333333333,-378.8,-4.033333333333333,333.19437,0.15565784333333335,0.13333333333333333,1.2040166666666667,0.23493666666666665,0.5920021598688805,0.2309137318448758,15.666666666666666,586.2686466666667,0.0,0.0,0.20618259427293403,0.0,0.28826448266284327,0.0,1.8257418583505538,-0.4,-0.42687034006505975,-0.22880471759530277,-0.35690204520802093,-0.24457701468247325,-0.052062040658106046,0.0030199732602801885
Enigma,mid,RCL,3,47,0.468,20,0.1,12,51.1,48.0,52.7,51.3,45.4,Dark Allegiance,-371.25531914893617,50.91489361702128,-0.3191489361702128,554.4900914893617,0.24050034042553192,0.425531914893617,0.8000127659574469,0.12446808510638298,0.5474756944140863,0.13707754591840002,0.7446808510638298,317.33527872340426,0.0,0.1,0.2801971260132646,0.0,-0.002213606543763623,0.0,1.7503798979747347,-0.6808510638297872,-0.34192980218003893,-0.20593696445220688,-0.37578986879636994,-0.123469575095566,-0.19483779762494127,-0.529103144314444
xiaohan,jng,LPL,1,22,0.0,10,0.0,8,46.6,52.4,62.6,66.4,57.5,Victory Five,-336.22727272727275,-455.90909090909093,-9.409090909090908,248.62169999999998,0.14385828636363637,0.09090909090909091,1.1807454545454545,0.25508636363636367,0.7315120618350283,0.19524072550124716,11.272727272727273,669.9085090909091,0.0,0.0,1.1090071219103477,0.0,1.3722466960352424,0.0,1.7056057308448833,-0.6363636363636364,0.0,-0.45745341253340294,-0.1376207303009328,0.4116104885795012,0.6393029067809205,0.1325442911853565
Karsa,jng,LPL,1,129,0.69,17,0.529,14,50.0,49.0,76.7,58.0,50.5,Top Esports,-49.91596638655462,-116.41176470588235,-4.4033613445378155,274.67689843750003,0.1300968671875,0.20155038759689922,1.6357925233644859,0.3899984375,0.65541880117769,0.20759808411907896,12.125,699.1588775193799,0.0,0.5294117647058824,0.5448170263749952,0.1406893754943403,0.09942314081808665,3.1987191925381264,1.2326312688558734,-0.5038759689922481,-0.23437946596847933,-0.26893348910270237,-0.31951961752197955,1.6062095243013301,0.15616995689454521,-0.23981345310387625
Rubi0o,top,SLO,3,24,0.292,6,0.0,10,46.5,52.5,52.5,51.4,51.2,BCN Squad,-341.4583333333333,-309.1666666666667,-6.416666666666667,332.0175875,0.18692345833333335,0.16666666666666666,0.9465125,0.11828333333333334,0.525910813842119,0.2506525256863879,1.9583333333333333,791.7312208333333,0.0,0.0,0.426711668273867,0.0,-0.03239202657807302,0.0,2.041241452319315,-0.625,-0.4297981057732975,-0.4634012230774098,-0.13003911647393873,-0.13029368193137225,-0.19207451159093233,-0.2017709176770198
Binky,mid,DDH,3,31,0.516,8,0.25,15,45.9,53.1,58.2,60.8,56.9,Arctic Gaming México,-406.5483870967742,-348.8709677419355,-9.64516129032258,460.2077419354839,0.23098874193548385,0.5161290322580645,0.8374129032258065,0.14421935483870968,0.6275533303035811,0.16430050461726164,3.225806451612903,328.19265483870964,0.0,0.25,0.5847065493717651,-0.42253899521153027,0.38086311872815415,4.28888888888889,2.694079530401624,-0.4838709677419355,-0.35996103857353745,-0.49826136420409817,-0.10198179352759525,0.16702809416778042,0.31181392518186307,0.10024702294169144
Good Sir,mid,RCL,3,23,0.261,9,0.0,16,47.5,51.5,51.9,50.4,61.0,University of Texas at Dallas,-546.8260869565217,-454.7826086956522,-10.217391304347826,527.6012043478261,0.2399484347826087,0.43478260869565216,0.9395391304347827,0.1675086956521739,0.5570107202001453,0.19609386417373043,1.826086956521739,419.81097826086955,0.0,0.0,0.3320552233595712,0.0,-0.20881960113073464,0.0,3.3362306249131963,-0.34782608695652173,-0.4641382501554466,-0.4045709224924508,-0.18360113862138913,-0.1661701287657017,-0.24592335587729372,0.3207345860455772
Maxibillion,top,GLL,3,32,0.438,14,0.143,13,46.3,52.6,60.6,66.9,53.3,Hive Athens EC|Laughing Coffins|nerdRage,-465.90625,-236.125,-11.375,396.5457375,0.197909503125,0.1875,0.8154375,0.132025,0.5065632529020837,0.1822371650188262,0.5625,734.660125,0.0,0.14285714285714285,0.23138557748680869,1.8549974970799268,1.6756628787878787,4.322779769016328,2.2980970388562794,-0.53125,-0.5238907342093738,-0.4739578753617423,-0.12700940918649822,0.3014676397893187,0.6740784728094402,-0.08781802790747543
Clarence,jng,LFL,2,36,0.5,7,0.286,11,47.1,51.8,62.0,53.8,50.6,Team Vitality|Vitality.Bee,-167.66666666666666,-190.36111111111111,-4.333333333333333,209.88050833333332,0.1056061638888889,0.16666666666666666,1.5581333333333331,0.38962222222222226,0.6590556006856149,0.2637556720461553,7.416666666666667,696.2458222222223,0.0,0.2857142857142857,0.3732074820449507,0.7436348193651612,-0.36062274645722114,3.960831207482993,1.8333333333333333,-0.6666666666666666,-0.46955707202117947,-0.4300477248229079,-0.17100012444066776,0.3777684018773824,-0.06558687492250118,-0.23470014979335657
Barsas,jng,BM,3,21,0.381,5,0.0,10,49.5,49.4,50.3,55.0,53.8,Kenty,-253.52380952380952,-350.14285714285717,-10.904761904761905,285.64334761904763,0.14099688095238094,0.14285714285714285,1.0346285714285715,0.1969857142857143,0.6438292187025594,0.20896333546709486,5.428571428571429,631.1135095238095,0.0,0.0,0.32507005368600234,-0.7301464919043948,-0.32565405608883874,6.384615384615385,2.182178902359924,-0.5714285714285714,-0.49407420766547205,-0.2925019641985698,-0.30130885622556514,-0.24957236737246835,-0.0023390157453060945,-0.06188881366908875
Artek,sup,OPL,15,30,0.267,16,0.0,17,51.1,47.8,51.2,63.0,62.9,MAMMOTH,-138.76666666666668,47.63333333333333,-1.4,143.88155,0.08530405666666667,0.0,2.37764,0.32265000000000005,0.5634806038188391,0.23923200911924158,0.03333333333333333,415.13731,0.0,0.0,0.2634329699293159,0.0,1.0099778270509976,0.0,3.1037611591959413,-0.4666666666666667,-0.5405725032489542,-0.2056747908376167,-0.3861529637557062,-0.20363351382961237,0.43582429514954835,0.42613052835232873
Pabu,jng,OPL,15,28,0.5,8,0.25,12,48.3,50.6,60.3,53.7,58.8,Pentanet.GG,-487.5357142857143,-468.60714285714283,-13.321428571428571,299.66412499999996,0.1661379285714286,0.03571428571428571,1.3625178571428571,0.40255714285714284,0.6887775564771363,0.24235368180110553,7.571428571428571,594.5902107142857,0.0,0.25,0.8330590752015797,-0.9499196240880425,-0.1935340022296544,4.037037037037037,2.2677868380553634,-0.42857142857142855,-0.36130871661136377,-0.35773208979797216,-0.2314288909303719,0.28434664635719387,-0.06904848216193957,0.20321707459254654
Carzzy,bot,LEC,1,69,0.507,17,0.118,14,50.0,48.8,57.3,57.1,61.7,MAD Lions KOI,-173.19117647058823,-74.98529411764706,-10.544117647058824,535.0484811594202,0.2712801594202898,0.5652173913043478,1.2401478260869565,0.30276086956521736,0.6608175484646073,0.17147070957402968,1.6231884057971016,312.03124637681157,0.0,0.11764705882352941,0.4845700674195537,0.10026059339287173,0.09657405741602201,3.2259837344183224,1.6854019432007687,-0.4927536231884058,-0.3300501814810538,-0.2659433383436606,-0.3330099012386655,0.12216022089261847,0.11244134052480281,0.3625240462175188
Rovex,mid,UPL,2,50,0.56,12,0.333,21,49.8,49.0,59.5,67.6,59.3,Columbia College|Empyreans|World Class Empyreans,-224.2,-114.44,-4.46,502.280596,0.21235114,0.76,0.8091459999999999,0.140358,0.5486762919181416,0.16362150667055522,3.98,435.757472,0.0,0.3333333333333333,0.38113033837763577,0.0,1.3191180374459315,0.0,2.9698484809834995,-0.36,-0.6122279128888728,-0.2753535315499117,-0.3215890682501849,0.24179288306459845,0.719557370948154,0.2261233100339802
Haonan,jng,LDL,2,69,0.275,27,0.074,9,39.3,59.5,53.6,44.6,43.2,LinGan e-Sports|Oh My God Academy,-524.3283582089553,-740.7462686567164,-15.850746268656716,237.06977941176473,0.14247572647058823,0.18840579710144928,1.4034173913043477,0.3503235294117647,0.765635881272511,0.1982506104306491,11.5,674.1974768115942,0.0,0.07407407407407407,0.42985342467718607,0.0,-0.4085930194759591,0.0,1.0834726777719228,-0.6956521739130435,-0.3852128796239268,-0.9508907567770375,0.24104028133493696,-0.07582840435411156,-0.581154011319647,-0.6644312753379092
Lot,top,TAL,3,29,0.138,13,0.0,12,49.0,49.7,50.5,57.0,50.1,Beşiktaş Academy|Royal Youth Academy,-420.3448275862069,-182.0,-1.2413793103448276,383.5305862068966,0.21900068965517241,0.20689655172413793,0.7677551724137931,0.09871379310344827,0.47305094237142914,0.19773379074590752,1.7586206896551724,729.1896448275862,0.0,0.0,0.24620073260073258,0.0,0.8242105921340587,0.0,2.2283440581246223,-0.4827586206896552,-0.8197955430867621,-0.32291572792639917,-0.28518578321604554,-0.23690393061814305,0.10629953241488826,-0.26164818584331134
Darkchri,sup,PGN,3,59,0.542,15,0.267,16,51.4,47.3,61.2,50.6,53.6,Campus Party Sparks|Racoon,-5.796610169491525,13.11864406779661,1.88135593220339,148.48912033898304,0.07988417457627119,0.0,2.0928813559322035,0.24087796610169493,0.5888663468904212,0.22796937021564845,0.01694915254237288,531.1980288135593,0.0,0.26666666666666666,0.647651923155463,-0.5083776322133471,-0.28369875155106494,3.766695070574381,2.083022575693182,-0.576271186440678,-0.422702608606967,-0.1882502155492199,-0.4198023816065961,0.33366438671192156,-0.23294648139896368,-0.07595160497364073
Rhemio,mid,TAL,3,46,0.283,16,0.0,19,43.8,54.8,51.8,60.9,57.9,Papara SuperMassive|Royal Youth|Royal Youth Academy|SuperMassive Academy,-404.7608695652174,-282.19565217391306,-8.826086956521738,437.2023282608696,0.25125783260869566,0.32608695652173914,1.0017326086956522,0.11166956521739131,0.6614119828064373,0.1431352775702863,1.1304347826086956,258.759702173913,0.0,0.0,0.4523984017348004,0.0,0.5979436319829666,0.0,2.8013971669430457,-0.5,-0.3486439697108106,-0.6270120288046298,-0.011141260691171192,-0.16813038646070746,0.31482116244141173,0.15580577349954625
sanghyeon,sup,LCK,1,48,0.333,16,0.062,14,43.6,55.0,53.2,50.5,61.8,Griffin|Liiv SANDBOX,-118.3695652173913,-297.1304347826087,-2.391304347826087,112.82252291666667,0.07547132499999999,0.0,2.4827125,0.33038958333333335,0.6661475861342375,0.19980814710863337,0.020833333333333332,483.5718166666666,0.0,0.0625,0.33190786623927926,0.0,-0.09947237740533824,0.0,2.0207259421636903,-0.4791666666666667,-0.27757026402490204,-0.6439065246896378,-0.0006267139327381802,-0.09300054903407506,-0.2413552994401587,0.36802007670681336
Ben,sup,LCK,1,54,0.5,17,0.059,13,47.1,51.5,45.5,52.3,53.2,DN SOOPers,-244.33962264150944,-109.9622641509434,-6.811320754716981,141.30304074074073,0.07890608333333334,0.037037037037037035,2.295764814814815,0.27880185185185186,0.641778486043547,0.17985633795083622,0.0,484.6522703703704,0.0,0.058823529411764705,0.21278262491931624,-0.6003124242505857,-0.2754736696528727,4.333333333333333,1.7690759253434063,-0.6111111111111112,-0.33221026116493096,-0.42781415755723673,-0.1861023952566203,-0.5214802585195843,-0.14384642599975372,-0.09629723289073316
papryze,top,OPL,15,21,0.381,2,0.0,13,46.6,52.0,56.9,50.9,61.0,Avant Gaming,-741.3,-550.35,-11.3,368.3885,0.2075432380952381,0.14285714285714285,1.0266523809523809,0.18046190476190477,0.523764134551493,0.3118636165462791,1.0476190476190477,914.7697238095237,0.0,0.0,0.789794425936459,0.0,-0.13199868723334415,0.0,2.836832573067901,-0.42857142857142855,-0.35895805194670166,-0.4577502380359533,-0.159334615061013,0.09853086895294487,-0.21876968548146453,0.3206229681923879
Silas,mid,DL,3,31,0.452,6,0.167,13,48.2,50.3,58.2,61.7,51.0,Dynasty,-254.51612903225808,-242.6451612903226,-9.903225806451612,476.5348129032258,0.25128993548387096,0.4838709677419355,0.8140806451612903,0.11200967741935483,0.6506303800111101,0.21629528232078069,1.1612903225806452,483.14056774193546,0.0,0.16666666666666666,0.7556706403110216,-0.32891952997790935,0.46046864303643387,4.147826086956521,2.334868926348074,-0.5483870967741935,-0.5170583712917154,-0.36340716118839456,-0.2482684631395985,0.17143659320046373,0.3593706605016908,-0.21412603466654034
Shellkunchik,top,LCL,15,21,0.143,9,0.0,7,44.9,53.6,52.3,52.6,46.4,M19|Vega Squadron,-831.6666666666666,-369.14285714285717,-14.19047619047619,312.4999380952381,0.18459671428571428,0.09523809523809523,0.8721333333333332,0.10228095238095238,0.5553503949466683,0.17577188338602742,0.42857142857142855,869.9006857142858,0.0,0.0,0.3155639571518588,0.0,0.049826326506168195,0.0,1.5275252316519468,-0.7142857142857143,-0.5818025292024139,-0.5623974929086951,-0.07124347941789831,-0.1435344479738521,-0.12474317427476601,-0.46988036186502036
Matzon,jng,LMF,2,32,0.406,5,0.2,9,45.6,52.8,56.2,50.7,53.3,Feint Gaming|Malvinas Gaming|Sinisters,-96.4375,-299.96875,-9.46875,168.244384375,0.10232539375,0.09375,1.36189375,0.33040625,0.7136555871398422,0.2481962209008455,7.9375,725.953940625,0.0,0.2,0.3738951090159105,0.0,-0.1341902313624678,0.0,1.590990257669732,-0.53125,-0.389316586951282,-0.5148855436319422,-0.11454564231498335,0.06577414681875117,-0.2258490483105897,-0.09184281807018913
Chosen,jng,TAL,3,50,0.34,11,0.182,13,43.9,54.5,59.9,47.8,52.2,5 Ronin|5 Ronin Academy|Fenerbahçe Academy|Fenerbahçe Esports|Team AURORA|Team AURORA Academy,-103.38,-352.04,-8.14,198.043528,0.11851379599999999,0.02,1.4369999999999998,0.324286,0.6549052729512321,0.18596655486528121,6.28,531.883154,0.0,0.18181818181818182,0.5449584521890115,0.0,-0.13592946362968414,0.0,1.8384776310850235,-0.48,-0.4966866932793918,-0.6236728806863759,-0.027411648108059787,0.25945517305412175,-0.38926163205937825,-0.1503096700868023
DoeDoii,jng,PCS,15,40,0.325,12,0.0,11,47.4,51.0,50.0,60.2,47.6,Liyab Esports,-413.55,-282.1,-4.1,243.4071925,0.1405197775,0.075,1.439325,0.31165,0.7028483932648019,0.2204137647194389,6.275,697.1496925,0.0,0.0,0.22831978319783203,0.0,0.10640668523676881,4.5,1.7392527130926085,-0.575,-0.5136633438570881,-0.4127132041234216,-0.20977772001312975,-0.26561237065346244,0.2747535062460621,-0.4023857275686809
Andy,mid,LDL,2,39,0.564,10,0.2,9,45.0,53.4,53.3,50.6,48.5,Legend Esport Gaming,-113.10810810810811,-216.32432432432432,-7.702702702702703,416.8447512820513,0.18109967692307694,0.5128205128205128,1.0391708333333334,0.19502051282051283,0.5543887445321088,0.17051065077084696,1.5128205128205128,586.751317948718,0.0,0.2,0.40603184459129815,-0.6700284073288427,-0.1358728071205468,0.0,1.4411533842457842,-0.5128205128205128,-0.3845739090848038,-0.5541150621931848,-0.08306311916905613,-0.08999954900407049,-0.23498715598102357,-0.349764874017265
Goksi,jng,BL,3,20,0.55,6,0.0,8,46.7,51.7,50.5,48.9,54.1,Aethra Esports,-530.3,-441.9,-7.55,235.058385,0.117625245,0.05,1.150735,0.262475,0.6380337936916884,0.20795062372268255,7.4,747.67167,0.0,0.0,0.09619032969286777,0.0,-0.3602228682170543,0.0,1.7888543819998317,-0.5,-0.380288686912366,-0.4505399432867983,-0.17508456609877543,-0.24049643656381772,-0.3267202421865463,-0.04812044788446698
Wesker,bot,LMF,2,36,0.167,15,0.067,11,47.0,51.3,55.3,44.8,49.7,Coliseo Dragons|River Plate Gaming,-251.47222222222223,-209.94444444444446,-2.3333333333333335,398.5022416666667,0.2839147222222222,0.4166666666666667,0.9761388888888889,0.22228333333333333,0.6390911395297361,0.14957830374300737,0.3888888888888889,263.98897222222223,0.0,0.06666666666666667,0.5510764035457999,0.0,-0.5676789587852493,0.0,1.8333333333333333,-0.5277777777777778,-0.7120017469356814,-0.4361105454353509,-0.19590039035855739,0.016934661520362722,-0.5635083374186,-0.28051302642474396
Mickey,mid,LCK,1,51,0.235,22,0.0,21,41.8,56.5,48.6,40.7,59.4,Excel Esports|SeolHaeOne Prince,-377.94117647058823,-366.4117647058824,-7.921568627450981,413.29697843137257,0.251477431372549,0.23529411764705882,1.0914745098039216,0.26474705882352945,0.6835888544366053,0.18903488711415176,1.588235294117647,377.0856215686274,0.0,0.0,0.2636311811873527,0.0,-0.5563263434513823,0.0,2.9405881764588204,-0.35294117647058826,-0.5652624854042955,-0.7651698975772359,0.0786554623490332,-0.3460403036729334,-0.8421893226015637,0.23170414215199733
Nukeduck,mid,LEC,1,48,0.5,6,0.0,19,48.5,49.7,49.0,59.3,61.8,Origen,-179.60416666666666,81.04166666666667,-4.041666666666667,444.8462354166666,0.23740713125000001,0.22916666666666666,1.0059875,0.18841041666666666,0.6629225845142593,0.226736223196902,2.25,414.2917041666667,0.0,0.0,0.2492842678583898,0.0938291253707591,-0.25988501701278893,10.906060606060606,2.7424137786507226,-0.3541666666666667,-0.39622456602993855,-0.3499407487584419,-0.2821452976739719,-0.3231619080759077,0.22631872837849604,0.36704287130010077
winnie,jng,LCSA,2,38,0.658,7,0.286,13,48.6,49.6,54.5,66.6,58.0,Full Spectrum|TSM Academy,-201.8684210526316,-276.8421052631579,-2.1842105263157894,277.4324052631579,0.1301665447368421,0.10526315789473684,1.2384736842105262,0.32394210526315786,0.6393256845334098,0.24308961545686844,11.31578947368421,843.3864815789474,0.0,0.2857142857142857,0.29963337406954776,-0.5912677538137822,0.355969600392253,6.560000000000001,2.108878474699913,-0.47368421052631576,-0.40818049555372554,-0.34162384928381484,-0.2872050539923632,-0.025586018068664312,0.6529173170412569,0.15934607497464987
Adiss,top,HM,3,28,0.607,4,0.0,11,45.7,52.5,53.4,51.6,57.5,SINNERS Esports,-410.35714285714283,-186.5,-10.642857142857142,359.82253214285714,0.17959202142857142,0.10714285714285714,0.822375,0.10098214285714287,0.5212380999614515,0.19873691093126605,1.5714285714285714,844.3015214285714,0.0,0.0,0.5229012805745646,0.07543905943061527,-0.2231173864894796,2.1668378576669114,2.0788046015507495,-0.5357142857142857,-0.09011056815912209,-0.5094532282517905,-0.1295783618979788,-0.08347583114451362,-0.17980133679793586,0.12935720243818843
Obsess,jng,PRM,3,87,0.655,11,0.0,18,45.3,52.9,46.1,65.7,58.7,MOUZ NXT,-178.48275862068965,-333.1954022988506,-6.2298850574712645,276.5835988505747,0.13038792413793104,0.1839080459770115,1.3738850574712644,0.2783,0.6456516868667768,0.21073784665309336,11.804597701149426,766.6343804597701,0.0,0.0,0.2765482148153165,-0.47805415103572013,0.520047130566703,4.472176367490014,1.9298025627080306,-0.3448275862068966,-0.38215254376228625,-0.5380570659101745,-0.11268761605889785,-0.4852415890773327,0.5975905246693051,0.1960477032173219
KroMAX,sup,EBL,3,34,0.647,3,0.333,9,47.8,50.4,61.5,55.5,50.4,Demise|Elementaries Esport Club,-41.970588235294116,-116.55882352941177,-3.6176470588235294,124.6945,0.06487235294117646,0.029411764705882353,2.201779411764706,0.18624411764705884,0.627654511633978,0.22131848489532538,0.0,526.1819647058824,0.0,0.3333333333333333,0.6064976299078794,-0.3279674166020171,0.1483699720955556,2.235294117647059,1.5434872662825794,-0.6470588235294118,-0.31916971058989785,-0.38658619321122006,-0.24317872752548708,0.3501717279559927,0.024068460205479772,-0.24375814933559883
Punk,top,LDL,2,60,0.483,18,0.111,10,43.8,54.4,52.7,58.9,47.3,Gama Dream|JingNetGame,-394.0,-176.32758620689654,-4.741379310344827,361.78286166666663,0.1918763,0.25,1.0195489361702128,0.15901666666666667,0.5078631017768519,0.21330059886025807,1.9166666666666667,843.2485166666667,0.0,0.1111111111111111,0.36664949338828784,0.0,0.42033383915022765,0.0,1.2909944487358056,-0.6166666666666667,-0.28296628448986944,-0.6298730343319783,-0.0311904512285794,-0.1229506924730332,0.2094139005607603,-0.4183608410334875
Wuming,mid,LPL,1,40,0.525,11,0.091,13,42.2,55.9,52.0,53.3,49.4,Oh My God|Rogue Warriors,-579.2777777777778,-376.6111111111111,-14.25,464.87032307692306,0.24317502564102567,0.35,1.0032962962962964,0.1906846153846154,0.7122699871988849,0.16024594340557963,1.5128205128205128,361.3389475,0.0,0.09090909090909091,0.256811488000451,0.0,-0.03535549758561359,2.0,2.0554804791094465,-0.55,-0.42487577230617435,-0.7319180282683934,0.04851660442822514,-0.1597513438346554,-0.0885966709167334,-0.29700688765223027
Horus,bot,LHE,2,35,0.6,2,0.0,14,49.6,48.5,61.5,56.0,62.6,Coliseo Dragons|Universidad Católica Esports,-147.68571428571428,39.4,-9.857142857142858,470.4230857142857,0.2585491142857143,0.42857142857142855,1.1992485714285714,0.18464285714285716,0.6251185739346379,0.2219399239882433,1.2571428571428571,261.35008285714287,0.0,0.0,1.1632044688536478,0.0,0.2426250831090199,0.0,2.3664319132398464,-0.42857142857142855,-0.3761500155266445,-0.2904627704117331,-0.348131100919149,0.3490466323016038,0.052629051736638566,0.40923057682341185
Fragas,jng,LCSA,2,45,0.333,17,0.059,14,45.4,52.7,65.7,65.6,57.7,CLG Academy|Counter Logic Gaming,-311.5777777777778,-368.73333333333335,-6.777777777777778,237.6222511111111,0.13665793555555555,0.13333333333333333,1.4221066666666666,0.3681488888888889,0.6627719905682395,0.2274975386235881,10.355555555555556,749.271528888889,0.0,0.058823529411764705,0.5117485239140447,2.0975521799934906,0.6089493657608585,3.1666666666666665,2.0869967789998034,-0.4222222222222222,-0.506160097139537,-0.5261608746084143,-0.11897978245945842,0.5984198080654889,0.5882674365820946,0.14204423546242223
Smoothie,sup,LCS,1,37,0.216,15,0.067,12,45.3,52.8,54.5,52.6,55.2,Counter Logic Gaming,-365.4594594594595,-127.56756756756756,-0.05405405405405406,112.48910000000001,0.06717034594594594,0.05405405405405406,2.318216216216216,0.24769999999999998,0.6915073507798527,0.20432570746038237,0.0,484.35438108108104,0.0,0.06666666666666667,0.3701776573321289,0.0,0.048728203487441994,0.0,1.9727878476642875,-0.4864864864864865,-0.5148950301982168,-0.5380788196398187,-0.11506726938955235,-0.02766323509329713,-0.12916270373214442,0.009168465120450154
aphromoo,sup,LCS,1,42,0.357,14,0.143,12,47.6,50.5,58.3,53.4,54.9,Dignitas,-57.390243902439025,-41.951219512195124,-2.1951219512195124,107.33630476190476,0.06561415714285715,0.023809523809523808,2.3966238095238093,0.34494761904761906,0.6215846802647377,0.2112095769686438,0.0,397.03250476190476,0.0,0.14285714285714285,0.42183011899876904,0.0,0.13788939869596722,0.0,1.8516401995451028,-0.5238095238095238,-0.419369915298365,-0.40124409420128376,-0.2378326082180761,0.1746838449244899,-0.0855128076071226,-0.007656716265455667
Dragane,mid,UKLC,3,27,0.407,2,0.0,15,46.3,51.8,50.2,54.0,57.9,Phelan Gaming|Team Singularity,-266.74074074074076,-477.0740740740741,-11.25925925925926,444.63960740740737,0.24918203703703704,0.4074074074074074,0.9169037037037037,0.16965925925925926,0.5928555069716713,0.19156469652423946,1.1851851851851851,378.48350740740744,0.0,0.0,0.18345097491089524,0.0,0.11910909564311746,0.2857142857142857,2.8867513459481287,-0.4444444444444444,-0.4179133785593033,-0.47654966558339046,-0.16912814663756795,-0.2577110172310124,-0.05428295992780402,0.15065182611865707
Yuhi,bot,LJL,15,34,0.382,7,0.0,8,45.5,52.6,54.0,54.5,49.1,Burning Core Toyama,-599.0294117647059,-212.73529411764707,-10.294117647058824,467.803705882353,0.2666015,0.29411764705882354,1.2617941176470588,0.3750852941176471,0.6084770961161732,0.18114006424284904,1.6764705882352942,288.06749705882356,0.0,0.0,0.45197195442594207,0.25044404973357015,-0.14183673469387775,5.08,1.3719886811400706,-0.7058823529411765,-0.36543335108963104,-0.5234350946235236,-0.12573200325949116,-0.050361151774691006,-0.02694304251535136,-0.31640948531032576
Beyond,jng,LCK,1,87,0.529,21,0.19,11,43.6,54.4,67.9,41.1,38.4,Team Dynamics,-170.06896551724137,-144.4022988505747,-0.14942528735632185,201.4406068965517,0.11068834712643678,0.1839080459770115,1.577589655172414,0.4459218390804598,0.7037807790225836,0.1794858204805473,6.816091954022989,665.6731689655172,0.0,0.19047619047619047,0.5295471281296024,0.6308470290771174,-0.4847444123853409,0.8000000000000002,1.1793237883215741,-0.6551724137931034,-0.45116135213389497,-0.6414611390315417,-0.031779132419342375,0.7395726070467418,-0.8123350285816039,-1.02442774137694
Migas,sup,LPLOL,3,40,0.475,18,0.167,10,43.1,54.8,57.7,57.0,50.8,Cidade Curiosa Esports|OFFSET Esports,-340.225,-394.575,0.8,130.50021750000002,0.07627871750000001,0.0,2.248115,0.260075,0.6841105201522709,0.20159373279946458,0.175,368.5807175,0.0,0.16666666666666666,0.4825764067409311,0.16564417177914123,0.1570292735814963,3.327110389610389,1.5811388300841895,-0.525,-0.44026336299054836,-0.6729514929962102,-0.007921564233934544,0.14370315460807653,0.10420706749213726,-0.22046156610206172
Venzer,bot,PRM,3,59,0.542,21,0.19,14,45.8,52.1,59.4,55.5,54.1,Unicorns of Love Sexy Edition,-401.40677966101697,-395.864406779661,-8.457627118644067,512.6420440677966,0.2541298559322034,0.5932203389830508,0.975350847457627,0.19685762711864405,0.6349007071220204,0.15290143085493876,1.9830508474576272,267.56195254237286,0.0,0.19047619047619047,0.3727901316517314,0.3661259478576756,-0.34860904781098256,6.087121212121211,1.8226447537315342,-0.4745762711864407,-0.425607682247641,-0.5030171300111865,-0.15562432512000346,0.23438311318216978,0.024005311796869044,-0.04646425609839991
Keysie,mid,LCL,15,26,0.231,12,0.0,15,47.0,50.9,49.9,53.7,55.4,RoX|Vega Squadron,-360.7692307692308,-565.7307692307693,-10.038461538461538,449.5913076923077,0.27688667307692305,0.23076923076923078,1.0673807692307693,0.20520384615384615,0.6398594437892098,0.2644940666543248,1.1153846153846154,389.4385230769231,0.0,0.0,0.17883125232632896,0.0,0.21634802965275066,0.0,2.9417420270727606,-0.38461538461538464,-0.7209324957619138,-0.43621465291617106,-0.2180651160159953,-0.2732659510805348,-0.06742360171602953,0.020146246767039147
L1n,sup,LDL,2,63,0.476,24,0.167,9,47.5,50.4,56.1,52.3,45.5,All Combo,-187.11290322580646,-46.24193548387097,0.6774193548387096,133.9712158730159,0.07252204285714285,0.015873015873015872,2.336861904761905,0.3224650793650794,0.6021743091957524,0.21239924531310592,0.06349206349206349,468.97949206349205,0.0,0.16666666666666666,0.3462895371494036,0.0,0.09627479657181386,0.0,1.1338934190276817,-0.6666666666666666,-0.3114245870752706,-0.4077507294423139,-0.24271268529299952,0.05564830415064425,-0.14450591886399172,-0.5229889066621154
Saint Daniel,sup,RCL,3,23,0.304,11,0.0,13,47.6,50.2,50.9,52.1,62.8,Dark Matter,-680.3478260869565,-348.1304347826087,-4.695652173913044,173.5794347826087,0.08626525217391304,0.08695652173913043,2.016673913043478,0.2637826086956522,0.5874339444839489,0.22242406798702044,0.0,504.3502260869565,0.0,0.0,0.2605916309251877,0.0,0.021733412244361212,0.0,2.710687382741972,-0.391304347826087,-0.21262761459647642,-0.39756559603776576,-0.2563694891385752,-0.21556408971536395,-0.15364012208066308,0.4206437691952001
Guchi,jng,LMF,2,36,0.361,10,0.2,10,44.6,53.1,57.3,46.7,52.7,Coliseo Dragons|Furious Gaming Argentina|Malvinas Gaming,-230.91666666666666,-457.8611111111111,-8.055555555555555,163.85469722222223,0.11934321111111111,0.19444444444444445,1.4956527777777777,0.34919999999999995,0.7198094109438647,0.2421120264992814,6.638888888888889,503.39210833333334,0.0,0.2,0.44688341271484777,0.0,-0.44490244572684806,0.0,1.6666666666666667,-0.5,-0.49988518365567264,-0.5771288138366987,-0.09882137253008925,0.12396907440541455,-0.45124814879549296,-0.12388484001454206
Tasteless,sup,EBL,3,52,0.654,7,0.143,11,49.5,48.2,49.2,57.1,48.5,MNM Gaming|ŠAIM SE|ŠAIM SE SuppUp,47.90384615384615,-106.6923076923077,0.19230769230769232,131.41922499999998,0.06837500192307693,0.038461538461538464,2.2132538461538465,0.24595961538461536,0.5455791853800975,0.2040725869468357,0.019230769230769232,543.8682576923077,0.0,0.14285714285714285,0.23217165377029467,-0.8239864553386584,0.2067553171950188,2.6842105263157894,1.52542553961938,-0.6538461538461539,-0.34919600014019814,-0.29556390100649715,-0.36478479357610194,-0.3117988829202358,0.11269067689995965,-0.35112766964590586
Lionel,bot,OPL,15,34,0.294,19,0.053,9,49.0,48.7,53.9,47.7,49.3,MAMMOTH,-430.7647058823529,-224.64705882352942,-1.8235294117647058,491.9765147058823,0.28601991176470587,0.38235294117647056,0.9923970588235295,0.2747705882352941,0.5860573471127104,0.16257720297530498,2.676470588235294,295.16506470588234,0.0,0.05263157894736842,0.43287788738435146,0.0,-0.30960854092526685,0.0,1.5434872662825794,-0.6470588235294118,-0.5198263828466725,-0.3203554764342221,-0.33755084641632954,-0.05933520317689417,-0.39415160472945976,-0.3040947334095567
Rodov,top,UPL,2,39,0.59,10,0.0,16,50.2,47.5,50.8,53.6,61.4,ANEW Esports|Full Spectrum|Team Fish Taco|Team Ocean Drake,-326.20512820512823,-46.333333333333336,-6.384615384615385,460.3616384615384,0.21014766666666668,0.2564102564102564,0.744148717948718,0.10560769230769229,0.5083248510353374,0.22704597664357457,0.8974358974358975,865.1518410256409,0.0,0.0,0.40783421178725443,0.0,-0.2667286937104577,3.641801948051948,2.562050460881394,-0.5384615384615384,-0.18494502740447294,-0.25671227672755553,-0.4035757766616705,-0.22327916671041956,-0.0721236793075073,0.34518956771926324
September,top,LDL,2,21,0.524,7,0.286,7,44.0,53.7,61.2,51.1,54.5,Young Miracles,-681.5238095238095,-615.5238095238095,-14.19047619047619,356.38818095238094,0.17659661904761906,0.23809523809523808,0.9632999999999999,0.10004761904761905,0.5041817990220305,0.1853302985665061,2.5238095238095237,859.0652142857143,0.0,0.2857142857142857,0.8696061361818267,0.0,-0.21020080679310876,0.0,1.5275252316519468,-0.6666666666666666,0.0,-0.6154108512133565,-0.06741217481365122,0.33256467783064747,-0.2056821527529693,-0.02704506473399053
Cody Sun,bot,LCS,1,49,0.408,14,0.071,11,46.4,51.3,54.5,64.3,61.1,100 Thieves,-370.8958333333333,-151.97916666666666,-5.0625,479.65490408163265,0.26276010204081635,0.4897959183673469,1.101295918367347,0.2807265306122449,0.6666239347857627,0.14194434706423714,3.306122448979592,317.7028,0.0,0.07142857142857142,0.44264387376237624,0.0654667857388197,0.19176314626601856,7.8,1.5714285714285714,-0.5714285714285714,-0.16383581495303712,-0.4690242045224419,-0.19658828285710647,-0.02574681420039989,0.508847376126707,0.3247166243741058
Spider,bot,UPL,2,40,0.375,14,0.0,12,47.4,50.3,48.8,50.9,57.7,ANEW Academy|Dark Matter,-343.825,-113.875,-8.025,484.119995,0.22760894999999998,0.75,1.122585,0.238295,0.5886572936441995,0.1662300070076842,1.225,263.3415875,0.0,0.0,0.21835475058180714,0.0,-0.09601792794345797,0.0,1.8973665961010275,-0.525,-0.3571215548335787,-0.4139028342100042,-0.25099232636763474,-0.3305211024727472,-0.21640382981354822,0.14215120074523174
Ryoma,mid,LCS,1,49,0.408,14,0.071,10,48.5,49.1,48.0,65.3,44.2,100 Thieves,-319.2916666666667,-305.8125,-6.083333333333333,493.4715428571428,0.27618451020408163,0.40816326530612246,0.960173469387755,0.16166734693877552,0.6537044640917554,0.19867611121387949,3.2653061224489797,301.68482040816326,0.0,0.07142857142857142,0.2980769230769231,-0.6932114882506528,0.03453815261044174,11.0,1.4285714285714286,-0.5918367346938775,-0.34416379501782285,-0.3484761856785167,-0.3150775279379522,-0.3754015436960237,0.5721729289484021,-0.6002326315115238
N0body,top,OPL,15,24,0.167,13,0.0,12,46.7,50.9,51.9,45.5,51.6,Gravitas|Gravitas Academy,-620.5416666666666,-431.1666666666667,-13.5,345.5637458333333,0.21031884999999997,0.25,0.7967583333333333,0.12545,0.5824487433862434,0.2461516862840014,0.0,862.9093291666667,0.0,0.0,0.3000524463236208,0.0,-0.6381174475302099,0.0,2.4494897427831783,-0.5,-0.8626500624776187,-0.45085952221780057,-0.21949733442186273,-0.16556256012613654,-0.5252638537205058,-0.17889460319023046
Kapppa,top,LHE,2,36,0.111,18,0.0,11,42.3,55.2,53.1,48.7,51.4,ACE 1|FroztFire Team,-510.25,-323.55555555555554,-9.13888888888889,305.006325,0.19360986111111111,0.1388888888888889,0.9298666666666667,0.11616666666666668,0.5591527520098949,0.14623854908421205,0.3611111111111111,671.6855083333334,0.0,0.0,0.5765472312703583,0.0,-0.2836879432624114,0.0,1.8333333333333333,-0.5555555555555556,-0.433912730678359,-0.7296535677486078,0.008972416979574314,-0.10241721654555659,-0.3397692822201325,-0.18817045770475002
choego,bot,UL,2,37,0.378,14,0.143,10,45.4,52.1,69.8,55.9,48.6,Gentlemen's Gaming|PRIDE,-429.4054054054054,-338.5945945945946,-1.1081081081081081,436.31375945945945,0.248944972972973,0.6216216216216216,1.1091216216216218,0.3031783783783784,0.5971925968907393,0.1710379502875128,1.5135135135135136,290.2670648648649,0.0,0.14285714285714285,0.3216983664391441,3.6540766626228973,-0.22009933041209195,5.428571428571429,1.643989873053573,-0.5675675675675675,-0.6545203943320029,-0.5268700266479047,-0.1547720060320584,0.8797711181605731,0.04598733552585352,-0.3462244525569602
Victory,mid,VCS,15,31,0.258,6,0.0,15,47.9,49.6,56.2,56.7,61.8,FTV Esports|V Gaming,-195.51612903225808,-594.8709677419355,-7.290322580645161,485.08044516129036,0.24525674193548389,0.41935483870967744,0.9474548387096774,0.17216774193548387,0.6057918579565439,0.21255105474483324,1.8064516129032258,389.3803161290323,0.0,0.0,0.27301927194860814,1.3181133968891119,0.35713846532218385,1.9212962962962963,2.694079530401624,-0.3225806451612903,-0.27156619606008187,-0.3807126253232894,-0.2861362518062528,0.06114143276921681,0.09034947535336921,0.36665550821214565
Nuclear,bot,LCK,1,26,0.423,7,0.0,9,44.6,52.9,51.1,51.0,58.5,Dplus Kia,-468.15384615384613,-302.3076923076923,-10.884615384615385,402.0043769230769,0.23417796153846154,0.6153846153846154,1.2056346153846154,0.35288846153846154,0.653404941463765,0.14583733777408253,1.9230769230769231,317.96801923076924,0.0,0.0,0.31201000127134804,0.0,-0.09213197969543166,0.0,1.7650452162436565,-0.6923076923076923,-0.14750033341300672,-0.5778475671451015,-0.1093133432822462,-0.20649970191529238,-0.21215719355996776,0.1838940850741745
Dragonmin,jng,LLA,15,32,0.438,10,0.3,10,46.4,51.1,63.9,46.4,48.7,Full Spectrum|Furious Gaming|Polar Ace,-325.40625,-379.09375,-4.9375,220.63666875,0.112433446875,0.03125,1.482671875,0.361528125,0.5994466491485366,0.20615205603446443,11.53125,832.92076875,0.0,0.3,0.632399065732399,0.0,-0.3510180408437376,0.0,1.7677669529663687,-0.59375,-0.48788432499148643,-0.4719059518565819,-0.20749250130726696,0.489264231521545,-0.46894815265318746,-0.3357100034988371
Fenfen,mid,LPL,1,40,0.35,8,0.0,14,45.3,52.2,49.9,46.9,55.0,LGD Gaming|eStar,-246.17948717948718,-249.12820512820514,-8.0,442.2448625,0.23430174999999998,0.3,0.9043382352941176,0.1662,0.667620944456151,0.17272600818165498,1.425,543.20825,0.0,0.0,0.3042023056898475,0.0,-0.2624230596006605,0.0,2.2135943621178655,-0.45,-0.3620077310424782,-0.5364547336229277,-0.14815037216503607,-0.26979417441765274,-0.44193562542095205,-0.000809151801279648
Ysera,sup,PCS,15,64,0.656,7,0.143,12,49.9,47.5,47.9,57.9,50.5,ahq eSports Club,23.84375,74.09375,-1.0625,129.7113390625,0.06999440625,0.015625,2.4552859375000002,0.3194015625,0.622424187378545,0.26087442103344255,0.0,514.507821875,0.0,0.14285714285714285,0.20401873802500575,-0.818669870515543,-0.06324251155123009,6.103708898239053,1.5,-0.59375,-0.3132286530894835,-0.27130400128351395,-0.4041119277410185,-0.38053537411062366,0.15165062145217642,-0.23739001241358992
New,top,LPL,1,57,0.526,7,0.143,15,51.3,46.1,55.2,49.5,55.9,Legend Esport Gaming|Oh My God|Royal Never Give Up,-71.6923076923077,73.5576923076923,-1.8269230769230769,378.18827719298247,0.20796319298245614,0.19298245614035087,0.8706081632653061,0.1524438596491228,0.515801753331491,0.24419442477787795,1.7543859649122806,759.5171175438597,0.0,0.14285714285714285,0.2635188405171017,0.0,-0.12370629706009287,0.75,1.9867985355975657,-0.5263157894736842,-0.3442863978635653,-0.1959959139943315,-0.48949339846234985,0.011312531647201385,-0.2924291609972148,0.04506331685453831
Lost in a Moment,bot,UPL,2,29,0.379,12,0.167,9,51.2,46.2,54.9,61.3,56.0,Empyreans|World Class Empyreans,-413.17241379310343,-235.58620689655172,-10.931034482758621,593.3050586206897,0.2474956896551724,0.9655172413793104,0.7592379310344828,0.11361034482758621,0.5912828688493256,0.19714028139367798,1.9310344827586208,325.61200689655175,0.0,0.16666666666666666,0.3192218702444175,0.0,0.6771395039265261,0.0,1.671258043593467,-0.5517241379310345,-0.31230405952447926,-0.20338418441728853,-0.4831510616371729,-0.004603319193241336,0.33886583513943686,0.053215408964979095
Eastan,top,UPL,2,23,0.391,10,0.2,8,49.8,47.6,57.1,51.4,54.8,Charlotte Phoenix,-520.5652173913044,-210.3913043478261,-8.521739130434783,453.4865043478261,0.19055895652173915,0.4782608695652174,0.7699217391304348,0.10404347826086957,0.4583367718273157,0.23851410238954174,1.826086956521739,684.4080260869565,0.0,0.2,0.5512487252996748,0.0,-0.1608425064844689,0.0,1.6681153124565982,-0.6521739130434783,-0.051612323921198994,-0.2789531222773764,-0.4007390127464773,0.10837104522295517,-0.19182657000011188,-0.011445202728499082
Flash,top,LPLOL,3,26,0.577,12,0.25,9,40.6,56.8,56.6,56.6,48.8,OFFSET Esports,-888.1153846153846,-644.0769230769231,-20.0,319.7443884615385,0.17364142307692307,0.23076923076923078,0.9508884615384615,0.1388923076923077,0.6132602073073873,0.2260995317362905,0.46153846153846156,820.7220346153846,0.0,0.25,0.35610128216412873,-0.3965456182776659,0.047962908158232335,5.69861469072165,1.7650452162436565,-0.6923076923076923,-0.34454017119483116,-0.8459931665383428,0.09368834583541645,0.08520480136675197,0.08300814255178834,-0.3312434308253557
DanChung,mid,CK,2,43,0.605,11,0.182,12,43.2,54.0,53.8,49.3,53.9,Seorabeol Gaming,-387.5348837209302,-61.348837209302324,-10.976744186046512,415.53761162790704,0.21959053488372096,0.23255813953488372,1.072346511627907,0.1863046511627907,0.6713471540044045,0.20828821791004093,1.1627906976744187,342.6702093023256,0.0,0.18181818181818182,0.3016295164347532,0.0,-0.22307683019596952,0.0,1.829982843991256,-0.4883720930232558,-0.2476226354619033,-0.6679302824418439,-0.054126672605983014,-0.06228806145512781,-0.3021729380279175,-0.05631219576233646
Cixue,mid,LDL,2,55,0.545,17,0.176,11,42.1,55.1,49.2,51.4,44.2,Top Esports Challenger,-275.27777777777777,-34.7037037037037,-5.12962962962963,360.41272,0.19491696,0.4,0.9830307692307693,0.17787454545454545,0.6109874231447676,0.15957284764453744,1.8545454545454545,553.4137309090909,0.0,0.17647058823529413,0.19832893675944752,-0.49642851083323436,-0.3980467323840818,4.158496732026143,1.4832396974191326,-0.6,-0.4422132500782219,-0.7393440721465732,0.007456136310024845,-0.31138909505845325,-0.1886485504573917,-0.6037922743730225
Meshade,bot,TAL,3,27,0.407,14,0.214,12,46.7,50.5,53.8,51.2,54.2,Royal Youth|Royal Youth Academy,-959.96,-595.72,-11.08,532.6775962962963,0.29425503703703704,0.5925925925925926,0.7923925925925926,0.2272074074074074,0.6255286892245918,0.17380969412945596,0.7407407407407407,296.3199185185185,0.0,0.21428571428571427,0.31906630365150546,-0.7749323715058611,-0.5396874920408528,3.885714285714286,2.309401076758503,-0.5925925925925926,-0.5445335611399049,-0.45153309474821257,-0.23762718943979946,-0.06064476959779953,-0.20206456979834989,-0.042761543375034045
BetaTwinz,sup,DDH,3,34,0.265,12,0.0,14,43.5,53.6,49.5,49.1,58.7,Chivas Esports|Pixel Esports Club,-383.5,-283.11764705882354,-4.5588235294117645,130.25633823529412,0.07547165294117647,0.0,2.1227529411764703,0.26732058823529414,0.6285867984784393,0.1739148857622504,0.11764705882352941,436.66962941176473,0.0,0.0,0.22808974382416938,0.0,-0.15949836880069437,0.0,2.4009801919951235,-0.4117647058823529,-0.4645751287618974,-0.6479125853330284,-0.07516661707901197,-0.29588352210578794,-0.3181783531410083,0.19555757077976485
Vsta,bot,LCK,1,35,0.371,12,0.083,9,42.1,55.0,55.3,49.6,51.6,Hanwha Life Esports,-548.6764705882352,-322.5882352941176,-16.676470588235293,432.84742,0.24753928571428574,0.4,1.2755314285714285,0.4028828571428571,0.6875767851000049,0.15702317723321318,1.542857142857143,328.79411714285715,0.0,0.08333333333333333,0.4959188487850908,0.0,-0.14132197891321985,0.0,1.52127765851133,-0.6285714285714286,-0.4313204451998494,-0.7444946959562856,0.0021124607754463786,0.017664902863605097,-0.29023041077202755,-0.17731905528219868
Wood,mid,LDL,2,59,0.305,25,0.08,13,48.1,48.7,50.0,47.0,48.5,optical spectrum E-sports,-188.01724137931035,-256.2413793103448,-1.1896551724137931,468.3578745762712,0.26253862711864406,0.4406779661016949,0.8184236842105264,0.1381915254237288,0.699367263758965,0.2313554286954664,1.305084745762712,397.9061491525424,0.0,0.08,0.2751359294636297,0.0,-0.33942900168279383,0.0,1.6924558427507104,-0.4915254237288136,-0.4467252540970726,-0.37200631624729213,-0.3403415938791528,-0.2677277113756183,-0.4358072502258398,-0.3510419068503847
Ning,jng,LPL,1,71,0.535,14,0.143,12,46.1,50.6,56.0,61.9,46.8,Invictus Gaming,-182.7391304347826,-206.14492753623188,-2.1159420289855073,251.8186915492958,0.1135137676056338,0.2112676056338028,1.33004,0.3814,0.6768899622223592,0.17651136827260083,8.014084507042254,786.1161816901408,0.0,0.14285714285714285,0.24707693315429205,0.2361148080581182,0.1813756909593426,4.670476190476192,1.4241379898326239,-0.5070422535211268,-0.4399903074099806,-0.48620043397872514,-0.23159729416395677,0.05420814358133835,0.36898159805999786,-0.4460324223611909
Mole,mid,LPL,1,79,0.443,21,0.048,18,50.2,46.5,45.8,74.7,44.6,Victory Five,-19.82191780821918,-324.06849315068496,-6.6438356164383565,491.7421987341772,0.28254425316455695,0.3291139240506329,0.8804456140350877,0.17930886075949368,0.6935389479369284,0.22355487762951048,1.5316455696202531,326.3883582278481,0.0,0.047619047619047616,0.279449575871819,-0.6053888162591676,0.9692832773326443,2.618589743589743,2.025158221666843,-0.5316455696202531,-0.5312406722925574,-0.2573815988726654,-0.4641267592491638,-0.5043619485537567,1.3368719339906583,-0.5776198067392426
Aziado,top,SLO,3,41,0.512,4,0.0,16,46.2,50.5,46.9,59.5,56.2,UCAM Esports,-169.29268292682926,-97.34146341463415,-7.097560975609756,352.7272975609756,0.18800382682926828,0.0975609756097561,0.916160975609756,0.10866341463414633,0.4723231096975717,0.20781850978542155,1.2682926829268293,819.1268804878049,0.0,0.0,0.26780272247054043,-0.7662104106304326,-0.2282224775522363,10.092592592592592,2.498780190217697,-0.4634146341463415,-0.5592328356314107,-0.4795609619384564,-0.24093983091457416,-0.44185832139821785,0.23941445103088874,0.06161840610829938
Xypherz,jng,LLA,15,30,0.333,11,0.273,8,46.6,50.1,63.3,50.5,48.5,Azules Esports|Furious Gaming,-319.5,-271.3333333333333,-4.233333333333333,180.48397000000003,0.11872437333333334,0.06666666666666667,1.3771733333333331,0.32259666666666664,0.6556576452621078,0.21126549499816427,8.7,656.1994666666667,0.0,0.2727272727272727,0.6549607428073352,0.0,-0.12198810363947991,0.0,1.4605934866804429,-0.7,-0.2918577298335167,-0.4580070991224157,-0.25970859333982316,0.4506819613684237,-0.23844988037007753,-0.3517420387245356
JKJK,sup,LDL,2,56,0.196,26,0.077,8,45.7,51.0,53.2,48.8,41.9,LinGan e-Sports,-149.92592592592592,-131.9814814814815,2.2962962962962963,111.50041454545455,0.07047059818181818,0.0,2.518951515151515,0.3829854545454545,0.5926288812666523,0.24660961127648748,0.03636363636363636,504.16653749999995,0.0,0.07692307692307693,0.3630834110538908,0.0,-0.18365649196902797,0.0,1.0690449676496976,-0.6071428571428571,-0.6017202236695142,-0.5107197858556639,-0.21283257442491357,-0.09518974748984786,-0.33423026453030497,-0.7575649159020844
Tsiperakos,mid,GLL,3,41,0.39,13,0.077,15,46.3,50.4,59.5,55.7,52.8,Team Refuse,-535.5853658536586,-297.7073170731707,-7.902439024390244,532.040343902439,0.25268174146341466,0.34146341463414637,1.0926048780487805,0.1491390243902439,0.5630350311378047,0.2059897427173466,0.926829268292683,370.05435121951217,0.0,0.07692307692307693,0.4724792479940449,1.047091231061848,-0.0779755418331516,4.962831419787942,2.342606428329091,-0.43902439024390244,-0.535848993153973,-0.4765065891607805,-0.2418592144678567,0.23921273135751386,0.03625715239606084,-0.11721717786439281
Holder,top,LPL,1,47,0.362,15,0.067,11,43.4,53.2,51.5,50.4,47.5,Rogue Warriors,-241.6304347826087,-349.04347826086956,-11.543478260869565,346.66587234042555,0.19311359148936172,0.23404255319148937,0.8265641025641025,0.17581063829787233,0.6393464184042653,0.24455305455543166,0.6170212765957447,777.7892255319149,0.0,0.06666666666666667,0.22560208093522488,0.0,-0.04210707720588229,0.0,1.6045149064768403,-0.5319148936170213,-0.5624957441646425,-0.6521418020945323,-0.09561217557852933,-0.18304384816322727,-0.24259206676816197,-0.40741514279179397
Zanzarah,jng,UL,2,72,0.75,12,0.333,15,45.2,51.4,55.3,64.5,56.0,AGO ROGUE,-76.06944444444444,-203.05555555555554,-6.541666666666667,232.40906666666666,0.10948144305555556,0.125,1.4674722222222223,0.3543902777777778,0.6673245313267067,0.24426893782353679,7.375,812.967323611111,0.0,0.3333333333333333,0.2976948204013498,-0.6906904750964896,0.35319966126332786,3.504050925925926,1.7677669529663689,-0.4722222222222222,-0.39318983552795184,-0.5408613368096606,-0.1896036124758522,0.01520482324664342,0.5237881443196902,0.05204270285986542
chenlun17,top,LPL,1,23,0.304,10,0.0,11,46.1,50.5,52.0,53.6,51.3,LNG Esports,-791.5909090909091,-241.54545454545453,-13.454545454545455,361.0179869565217,0.2120215695652174,0.30434782608695654,0.8732608695652174,0.1448782608695652,0.5572453285354987,0.23599138854893328,1.3478260869565217,605.0232695652174,0.0,0.0,0.29172569220862843,0.0,0.12197855750487337,0.0,2.2936585546278225,-0.4782608695652174,-0.8009159420025589,-0.489182652568083,-0.23945646659587214,-0.15890087421719967,-0.07403855704042697,-0.19810433144283987
Zlatan,jng,LJL,15,25,0.44,5,0.2,7,44.3,52.2,53.2,61.1,50.4,Crest Gaming Act,-381.12,-436.76,-10.16,150.707944,0.08962771200000001,0.08,1.6431479999999998,0.442484,0.6663594980870522,0.2765807950219715,9.0,711.5711759999999,0.0,0.2,0.24446862531737393,-0.6054299889746416,0.04878254275844637,7.755744079179923,1.4,-0.72,-0.18155163677352135,-0.5951222650606585,-0.14979891101965392,-0.09524850932045609,0.32842943851859335,-0.24673045059208112
Ghost,bot,LCK,1,95,0.779,9,0.111,15,48.1,48.4,50.8,67.1,60.2,Dplus Kia,-39.17894736842105,92.58947368421053,-13.757894736842106,485.63641789473684,0.23313459578947368,0.6,1.3076652631578947,0.30158526315789475,0.6436148155557015,0.17211653907481073,3.5473684210526315,267.8548957894737,0.0,0.1111111111111111,0.25102359781031,-0.026442307692307748,0.5677571979097308,3.3946114369501466,1.5389675281277313,-0.47368421052631576,-0.34906952751941683,-0.3731134348674336,-0.3575487300013715,-0.2213280145874418,0.6879630467773592,0.27831327795007677
Outlandisch,jng,EBL,3,50,0.38,14,0.214,13,43.4,53.0,67.8,51.1,56.9,Crvena zvezda Esports|mYinsanity,-318.86,-461.78,-9.26,230.206102,0.12162423800000001,0.18,1.212694,0.264362,0.7104187004086385,0.19273951210048332,4.8,590.07696,0.0,0.21428571428571427,0.7465982028241336,1.0051801072620037,-0.18792564698341468,2.690883190883191,1.8384776310850235,-0.5,-0.21639736346878966,-0.652805061025954,-0.10743937887628256,0.7367529238740169,-0.20568600021549907,0.09830835479782071
Juzo,bot,BRCC,2,22,0.227,8,0.125,14,43.3,53.1,55.9,62.3,58.5,Intergalaxy Tigers Gaming|Santos e-Sports,-576.1363636363636,-514.0909090909091,-30.772727272727273,455.6471227272727,0.25803854545454546,0.2727272727272727,1.2900272727272728,0.3094409090909091,0.5855930151624543,0.1738980455966773,0.9090909090909091,258.9429318181818,0.0,0.125,0.4966996699669967,0.0,0.8708487084870851,0.0,2.9848100289785457,-0.5,-0.6799674488755034,-0.661856681150712,-0.10064456934103626,0.04512551255176453,0.39289667575287196,0.18642450176671987
Fl4sh,bot,LAS,3,20,0.25,14,0.071,8,46.5,49.9,53.7,53.9,55.0,DRX Academy,-744.9,-574.4,-15.15,520.5712649999999,0.238796,0.4,0.908765,0.20374499999999998,0.5605499168694243,0.16078849357064057,0.05,247.04940000000002,0.0,0.07142857142857142,0.3486361662653456,0.0,-0.4268935762224353,5.212769607843137,1.7888543819998317,-0.75,0.0,-0.46325197287699293,-0.27231318879455124,-0.06895387456721126,-0.05892700499085264,-0.0009625542129120812
ch1rry,bot,LDL,2,44,0.545,11,0.091,12,46.8,49.5,52.6,62.1,54.8,V5 87,-448.2325581395349,-117.74418604651163,-3.0232558139534884,493.57581363636365,0.23836622045454545,0.5454545454545454,1.0017976744186046,0.24378181818181818,0.594563365311155,0.1835722713818689,2.4545454545454546,302.90947727272726,0.0,0.09090909090909091,0.31872559408098766,0.0,0.6240573700128103,0.0,1.8090680674665818,-0.6363636363636364,-0.3368678289903097,-0.44457652060918307,-0.29140696140671796,-0.12540123661326535,0.3825297714111934,-0.010379478924703724
Wind,bot,LCSA,2,40,0.4,13,0.077,14,45.5,50.7,63.3,69.9,60.4,CLG Academy|Counter Logic Gaming,-344.275,-152.35,-10.8,442.27516750000007,0.258240925,0.425,1.0135524999999999,0.2329325,0.6481005381021365,0.1906191044860321,1.925,279.38831,0.0,0.07692307692307693,0.6294817254906221,1.370983224390913,0.9935523114355229,3.3333333333333335,2.2135943621178655,-0.375,-0.5106629100147105,-0.525590597274052,-0.2288736457193238,0.4508871427212874,0.885759209164274,0.28613053330840466
y4,bot,LPL,1,46,0.196,16,0.0,15,38.4,57.8,45.9,75.4,62.5,Victory Five,-688.175,-370.175,-20.05,391.8030652173913,0.23713191304347828,0.5869565217391305,1.6139060606060605,0.3633326086956522,0.6941260523774995,0.15364018028120885,1.173913043478261,278.5746804347826,0.0,0.0,0.35513709943838784,-0.7215450965685355,1.4267131979695433,5.8,2.211629342323457,-0.41304347826086957,-0.6226840199813661,-1.0211035967560833,0.14775366715225519,-0.49683746460967804,1.4211125068745472,0.4035833828688433
Caedrel,jng,LEC,1,36,0.417,5,0.0,15,46.8,49.3,52.6,48.8,59.6,Excel Esports,-170.52777777777777,-249.47222222222223,-2.0833333333333335,229.75186944444445,0.13139284166666665,0.027777777777777776,1.749625,0.3826527777777778,0.6411980246644112,0.216186149920642,8.222222222222221,639.273011111111,0.0,0.0,0.3937422552664189,0.0,-0.1367706919945725,0.0,2.5,-0.4444444444444444,-0.4779706279772446,-0.44722835001864436,-0.3035503648903436,-0.1290051643566533,-0.3312760133173632,0.24434916928240213
Rex,mid,PCS,15,40,0.325,12,0.0,11,51.2,44.9,47.6,48.5,47.0,Liyab Esports,-174.25,-181.3,-2.775,481.774665,0.2708793,0.325,0.80352,0.1553075,0.5639420646647814,0.20772864107095984,1.125,400.0390375,0.0,0.0,0.12474326446780236,0.0,-0.42650906794189297,1.3181818181818183,1.7392527130926085,-0.475,-0.6224788898002304,-0.20372820963537772,-0.5598067479840432,-0.39773020802032855,-0.35090646328108627,-0.43382942485924764
LowNley,sup,GLL,3,32,0.531,5,0.4,8,46.0,50.0,66.9,58.3,51.5,Flayn eSports|Gamespace Mediterranean College Esports,-155.34375,-257.1875,-3.59375,138.806421875,0.066050178125,0.0,2.235190625,0.18264375,0.6095220968156949,0.21219316440121527,0.0,444.2,0.0,0.4,0.8269499048826887,0.25940383250532295,0.18356472795497192,4.500376348021276,1.414213562373095,-0.59375,-0.26915751984284403,-0.49180825433888176,-0.26398335799146416,0.6722852110586677,0.1772072067991837,-0.18793702604887685
RapMonsters,mid,LPLOL,3,29,0.276,14,0.0,13,46.0,49.9,52.3,49.6,55.2,Cidade Curiosa Esports|GeekCase eSports,-528.4827586206897,-210.0,-7.758620689655173,416.72385172413794,0.2672737931034483,0.3103448275862069,0.7977517241379309,0.1225896551724138,0.6115184736381492,0.1711710494075632,0.6551724137931034,278.5252896551724,0.0,0.0,0.43324230398838787,0.0,-0.2117314930991217,0.0,2.4140393963016744,-0.5172413793103449,-0.30727843612929157,-0.49515389516286074,-0.27310529629546565,-0.14024409790345208,-0.28684524090403724,0.01038372076944283
CHECKFIDER,bot,HM,3,25,0.24,10,0.0,13,51.3,44.6,52.1,53.1,59.7,BRUTE|Inside Games,-274.8,-39.36,10.2,472.78247600000003,0.25086835999999996,0.28,0.6536360000000001,0.159088,0.5533719325159543,0.23323679298779196,1.48,316.014292,0.0,0.0,0.37556306306306314,0.0,0.14330024813895773,0.0,2.6,-0.48,-0.3995300049106079,-0.19707063390334867,-0.5797411160027676,-0.1552092488623765,-0.10100123484202062,0.24889160593837362
LeeSA,jng,OPL,15,46,0.37,11,0.0,16,45.2,50.7,46.9,76.2,58.6,Avant Gaming,-400.7111111111111,-460.3777777777778,-6.666666666666667,230.76788260869563,0.1272046304347826,0.15217391304347827,1.3185391304347827,0.3088630434782609,0.696081127216019,0.19287151473683983,9.391304347826088,585.4412760869565,0.0,0.0,0.20228781151562314,-0.3975468362177417,0.7816236773644114,10.433333333333335,2.359071298478354,-0.45652173913043476,-0.4205831661396218,-0.5381963897560091,-0.23060238180806528,-0.4430725739225146,1.5210563637838932,0.19082351224936014
TheNut,top,LDL,2,67,0.194,29,0.069,9,45.5,50.4,54.8,51.7,40.4,LinGan e-Sports,-231.0,-18.107692307692307,-3.1076923076923078,337.6792787878788,0.21395612121212124,0.13432835820895522,0.8874045454545455,0.11321666666666666,0.5365448596869686,0.1942859914973837,0.3787878787878788,714.6258850746269,0.0,0.06896551724137931,0.5810491164602755,0.0,0.009103641456582793,0.0,1.099524999206747,-0.582089552238806,-0.5964264846787588,-0.5236836730203291,-0.2426272225735924,-0.01247837745083729,-0.17595540191172646,-0.8631772637196398
Winter,jng,LMF,2,22,0.545,7,0.143,8,47.9,48.0,54.4,53.1,51.7,Malvinas Gaming,-255.5,-350.8181818181818,-8.136363636363637,215.02599545454544,0.12891952272727272,0.045454545454545456,1.1950863636363636,0.3079454545454545,0.6348447872330634,0.3118229627165738,13.0,720.4507636363636,0.0,0.14285714285714285,0.32243355914538824,0.0,0.020987022777448697,0.0,1.7056057308448833,-0.5909090909090909,-0.5205484379425146,-0.38378909240342096,-0.3784432170095786,-0.031999722701931695,-0.10106581779604841,-0.17393749314566007
lhx,jng,LDL,2,39,0.231,15,0.0,8,45.0,50.9,50.0,53.2,49.3,Bilibili Gaming Junior,-421.0769230769231,-481.6923076923077,-12.333333333333334,252.8690128205128,0.14395532564102564,0.23076923076923078,1.172490909090909,0.28926666666666667,0.6879078568646133,0.2074250042337682,10.153846153846153,622.8004871794872,0.0,0.0,0.28961734360715685,0.0,0.09058194774346785,0.0,1.281025230440697,-0.6410256410256411,-0.32151507306795896,-0.5513070777826439,-0.21916560898247328,-0.2685082808871874,-0.0938330374229236,-0.30599637422783865
Tuesday,mid,LCSA,2,44,0.341,16,0.062,12,46.5,49.2,56.6,58.0,47.8,CLG Academy|Counter Logic Gaming,-303.3636363636364,-273.8181818181818,-7.068181818181818,468.1680977272727,0.2745149318181818,0.2727272727272727,0.7580568181818182,0.11069772727272728,0.6754109846210521,0.20255551010148556,2.477272727272727,364.45189772727275,0.0,0.0625,0.32402927871324455,1.2972416632358996,0.4078376308399286,1.0571428571428572,1.8090680674665818,-0.5909090909090909,-0.4225215018765862,-0.465012738008627,-0.3126123113869981,0.08568703381335097,0.15878223479782902,-0.3873047871078964
Kino,sup,PCS,15,27,0.444,7,0.143,5,46.1,49.6,57.0,48.7,41.7,Alpha Esports,-264.44444444444446,-249.96296296296296,-4.851851851851852,145.6265222222222,0.07140642962962963,0.0,2.4095037037037037,0.2840962962962963,0.5638765322801981,0.23682109924442754,0.07407407407407407,652.8897851851851,0.0,0.14285714285714285,0.47891877997470117,0.0,-0.3348604240721867,0.0,0.9622504486493763,-0.8888888888888888,-0.4144013290951715,-0.4896105536055805,-0.28898828187180264,0.10747457469035691,-0.34049727176266537,-0.7717540592922442
Gible,top,NASG,3,49,0.49,15,0.133,18,51.7,44.0,53.5,56.5,60.4,Dark Matter|Team Mountain Drake|Zenith Esports,-199.71428571428572,-85.73469387755102,1.0612244897959184,433.86862448979593,0.21738991836734695,0.24489795918367346,0.5812591836734694,0.07739387755102041,0.4851452328063459,0.23664298739520764,2.0408163265306123,892.4848612244897,0.0,0.13333333333333333,0.23005845747689985,0.0,-0.36666290599576296,8.339037664280902,2.5714285714285716,-0.42857142857142855,-0.42024632630922915,-0.1746076938095822,-0.618563881128702,-0.08166892703326728,0.0798569563752754,0.2901666339721689
Reality,bot,DL,3,20,0.2,7,0.0,9,44.9,50.8,50.9,48.2,54.2,mCon esports,-651.1,-298.1,-19.2,364.81336,0.233704545,0.45,0.8950250000000001,0.16165000000000002,0.6212550694919117,0.16464062495722848,0.35,251.58987499999998,0.0,0.0,0.1843196853209369,0.0,-0.580639948287007,0.0,2.0124611797498106,-0.55,-0.4576237695458176,-0.5592993550050199,-0.223811986281558,-0.21925251354841144,-0.36687529309696265,-0.04273063538990347
V1per,top,LCS,1,41,0.366,14,0.143,12,43.0,52.6,55.4,53.2,50.4,Dignitas|Dignitas Academy|FlyQuest,-346.219512195122,-337.4878048780488,-9.073170731707316,319.3595780487805,0.20529351463414636,0.17073170731707318,0.9379219512195122,0.15390975609756097,0.5902945925333696,0.2543201677168679,2.4878048780487805,773.6334341463414,0.0,0.14285714285714285,0.2752385360398562,0.0,0.1328688020417343,0.0,1.8740851426632728,-0.5609756097560976,-0.5153991444810629,-0.6794375939321651,-0.12674260242883936,0.022014320297886587,-0.09625866900990415,-0.24611768362932568
Jool,mid,CK,2,34,0.382,10,0.1,17,45.1,50.5,56.6,54.0,60.4,ESC Shane,-413.3636363636364,-400.90909090909093,-6.090909090909091,427.6126205882353,0.24002661764705882,0.5588235294117647,1.0042735294117646,0.15055882352941174,0.6416034633378924,0.23410612726958446,1.3823529411764706,416.27132647058824,0.0,0.1,0.6064517787374049,0.0,0.16007690378667558,0.0,2.91547594742265,-0.38235294117647056,-0.4349143946932954,-0.5479020704210551,-0.23982720205045902,0.08622225332595886,-0.05383796160052465,0.28710335323775693
Svenskeren,jng,LCS,1,62,0.468,17,0.118,13,47.3,48.1,56.6,53.1,50.0,Evil Geniuses|Evil Geniuses Academy,-154.7,-255.21666666666667,-4.25,258.5626064516129,0.13583419032258065,0.16129032258064516,1.5320806451612905,0.4142532258064516,0.6912053762467621,0.27160210926490724,10.241935483870968,683.6998758064516,0.0,0.11764705882352941,0.42672588565679015,-0.14770383147647118,-0.16790526252190208,3.7779279279279283,1.6510016510024765,-0.5161290322580645,-0.42243413545566205,-0.4196072833991703,-0.37445412137148937,0.08439219989683816,-0.09821849123765364,-0.2686671341009934
Xiaochao,mid,LDL,2,31,0.452,6,0.0,11,43.9,51.5,47.8,48.9,48.0,Legend Esport Gaming,-405.56,-352.76,-10.28,444.3410677419355,0.20760361290322582,0.3225806451612903,0.8956444444444445,0.19761935483870968,0.6257373855919768,0.21083532822380902,1.3225806451612903,443.4862068965517,0.0,0.0,0.14363014243654013,0.0,-0.3603038127678277,0.0,1.975658322294524,-0.5483870967741935,-0.6239677437699653,-0.623182521467623,-0.1854153526596966,-0.3865966621637161,-0.32430841999931936,-0.3758516848446928
Maat,jng,LPLOL,3,34,0.412,8,0.125,8,46.5,48.8,51.9,57.8,48.2,Boavista FC,-237.47058823529412,-388.47058823529414,-10.029411764705882,240.8435,0.13447776764705882,0.14705882352941177,1.5429823529411764,0.29570882352941175,0.5822783605131994,0.27758027215969266,9.529411764705882,665.9461088235294,0.0,0.125,0.18080130663960997,-0.26935518654302343,0.21468251908000632,3.684615384615384,1.3719886811400706,-0.6764705882352942,-0.3585303984842795,-0.4623870919427626,-0.3336624196729552,-0.16501391207830546,0.14806004465840458,-0.3659157833656582
Forsaken,sup,GLL,3,31,0.548,7,0.0,7,47.3,47.8,50.2,44.3,41.9,Granit Gaming|Intrepid Fox Gaming,-181.7741935483871,-235.32258064516128,-4.290322580645161,153.39999032258063,0.07255689677419355,0.0,2.056983870967742,0.18499677419354837,0.5911038769203827,0.23558256735963023,0.06451612903225806,444.2895709677419,0.0,0.0,0.26755081447311513,0.0,-0.6192691576484353,0.0,1.2572371141874243,-0.7096774193548387,-0.7925850696979699,-0.41785064046851417,-0.38727888754802486,-0.2555773849670428,-0.596530737470116,-0.7575717735729584
Fear,mid,LMF,2,61,0.279,34,0.088,24,44.3,50.7,53.8,57.7,65.6,DRX Academy|Intel New Indians|Malvinas Gaming|WiLD MultiGaming,-443.91803278688525,-178.70491803278688,-4.065573770491803,451.48014590163933,0.25889075409836065,0.29508196721311475,0.9303524590163934,0.14936065573770493,0.6112095109810158,0.17275532807111393,1.5737704918032787,388.46604590163935,0.0,0.08823529411764706,0.4594466314736453,0.0,0.012444758482413484,4.667733534116717,3.0728851183895034,-0.32786885245901637,-0.3950138943042444,-0.5993696081621136,-0.2273823307752561,-0.061190017349478924,0.14203629832315864,0.5927347093804312
Sevi,jng,TCL,15,24,0.208,11,0.0,7,49.5,45.5,51.9,43.8,46.8,Royal Youth|Royal Youth Academy,-407.1666666666667,-266.3333333333333,-2.8333333333333335,242.0744083333333,0.14596236666666665,0.041666666666666664,1.2698208333333334,0.30139583333333336,0.6770891299974958,0.3012395350386791,3.5,559.8764041666667,0.0,0.0,0.27999132822662237,0.0,-0.639682484176662,0.0,1.4288690166235207,-0.75,-0.37339219588725864,-0.29383708167901257,-0.5210680265017015,-0.16366281233197935,-0.6258375995161058,-0.44614147702363594
Xiaobai,top,LPL,1,81,0.469,19,0.105,14,43.0,51.8,48.3,57.4,47.2,eStar,-330.76623376623377,-209.55844155844156,-10.454545454545455,357.072225925926,0.1830930839506173,0.37037037037037035,0.9087897435897435,0.17772222222222223,0.5405730187411807,0.20777497918351354,1.5061728395061729,856.3939740740742,0.0,0.10526315789473684,0.2983977089432909,-0.892326328135515,-0.24461345298236697,9.3921568627451,1.5555555555555556,-0.5679012345679012,-0.4445735997442246,-0.6810688122092445,-0.1675015900988626,-0.3577449483934517,0.12648661566558522,-0.4240987231281812
ikssu,top,LCK,1,84,0.274,34,0.029,19,43.5,51.2,48.7,41.6,57.2,SeolHaeOne Prince,-530.4698795180723,-250.9156626506024,-10.939759036144578,407.45267261904763,0.23440991666666666,0.17857142857142858,0.8347511904761905,0.1493154761904762,0.6071505665765057,0.24567564847371343,1.9642857142857142,877.1445321428572,0.0,0.029411764705882353,0.21859140725931434,0.0,-0.5045841005612118,0.0,2.0730699572419278,-0.4523809523809524,-0.4191604244417221,-0.6487882259502957,-0.20307468186548358,-0.33722579998527064,-0.7789857206584736,0.11599551687970437
H4cker,jng,LPL,1,88,0.398,29,0.103,10,43.9,50.7,52.8,50.9,43.2,Oh My God|eStar,-187.95180722891567,-97.97590361445783,-0.4578313253012048,219.7276340909091,0.11948781477272727,0.06818181818181818,1.3933936708860761,0.38401704545454546,0.6851438756466205,0.19341484052085872,10.943181818181818,718.9013852272727,0.0,0.10344827586206896,0.26257313581476405,0.0,-0.043431183830606346,1.4757281553398056,1.0660035817780522,-0.6363636363636364,-0.24665569513578695,-0.6217412188395264,-0.2266413549330815,-0.11495375417374826,-0.21979869904955163,-0.6694568022461542
ICON,mid,LPL,1,86,0.407,28,0.107,21,51.1,43.5,57.8,58.4,56.2,LNG Esports|Oh My God,-197.2469135802469,-146.1358024691358,0.7530864197530864,488.1739232558139,0.26772398837209305,0.4186046511627907,0.8270922077922077,0.13874999999999998,0.6485702762296893,0.20049334570731214,2.186046511627907,333.3777802325581,0.0,0.10714285714285714,0.5185228600343067,0.0,0.13552275063066435,2.6792452830188678,2.264488237272207,-0.4418604651162791,-0.3534391150104938,-0.20551588879244523,-0.6491164381011388,0.14579998062818264,0.17914372654038377,0.06373598595263097
deokdam,bot,LCK,1,97,0.557,24,0.208,15,47.6,47.0,64.4,47.9,58.1,Nongshim RedForce|Team Dynamics,-164.93814432989691,-82.79381443298969,-3.88659793814433,467.18055567010305,0.25260254020618556,0.7319587628865979,1.1651309278350517,0.2916422680412371,0.6360457038463809,0.15031219250007108,2.2268041237113403,298.48864020618555,0.0,0.20833333333333334,0.42358008840737743,0.6277317256970613,-0.2204002421595198,1.7586206896551724,1.5230192477004287,-0.4948453608247423,-0.37541976604892335,-0.3994536885278969,-0.4316745851789778,0.5146901276306748,-0.38055930717136416,0.16215773640120756
Hinu,top,CK,2,34,0.324,15,0.133,11,43.7,50.7,51.6,47.1,51.7,ASURA,-542.7058823529412,-394.2352941176471,-14.5,359.1389264705882,0.21161573823529412,0.23529411764705882,0.9334529411764706,0.15061764705882355,0.5325288282409025,0.25934889939139977,0.8235294117647058,697.3403058823529,0.0,0.13333333333333333,0.18639646168070167,0.0,-0.4278082191780822,0.0,1.8864844365675972,-0.5882352941176471,-0.4058492626350668,-0.6318322895675834,-0.2269132530697253,-0.17963560444535914,-0.4286576636316036,-0.17450303917463442
Maestro,sup,LPL,1,34,0.471,11,0.091,10,46.1,48.2,54.8,58.6,54.1,Vici Gaming,-143.58064516129033,-89.90322580645162,-1.5806451612903225,98.8015,0.062479082352941175,0.029411764705882353,2.286474074074074,0.24753823529411764,0.6167157611376678,0.2328534555298806,0.058823529411764705,497.569744117647,0.0,0.09090909090909091,0.3509602736122073,0.0,0.6469886702444841,0.0,1.7149858514250882,-0.5882352941176471,-0.3047500036357482,-0.48617994505222956,-0.3641865515360434,-0.009884769559994556,0.1919153919380984,-0.04671538616605374
Shemek,top,LFL,2,68,0.647,10,0.1,17,40.7,53.5,53.7,63.8,55.8,GamersOrigin,-413.2647058823529,-47.89705882352941,-14.029411764705882,325.7319544117647,0.167984175,0.2647058823529412,0.824435294117647,0.08618823529411765,0.5151944109325297,0.10174055896512801,2.1029411764705883,684.0692985294118,0.0,0.1,0.4161675443180448,0.1033597947237592,0.10317898556440805,5.871794871794872,2.0615528128088303,-0.4852941176470588,-0.3761672122311406,-0.8433588975937444,-0.08113301091019064,-0.07100359465485843,0.47852531716287755,0.04092089302454423
Shinsekai,top,PCS,15,41,0.244,19,0.0,21,43.9,50.2,46.8,52.7,60.8,Resurgence,-837.219512195122,-506.4390243902439,-16.146341463414632,369.14034878048784,0.24911473170731707,0.17073170731707318,0.8580707317073171,0.1581780487804878,0.5711700488209109,0.24830597780174918,0.43902439024390244,659.0029487804877,0.0,0.0,0.20425282727027888,-0.5314358104656628,-0.4051516681099488,5.761904761904762,3.2796489996607274,-0.4146341463414634,-0.7895264621335767,-0.6227497625213824,-0.2558309445105624,-0.4451919806723272,-0.12315010551978878,0.3089565396321931
Xhy,jng,LDL,2,39,0.308,14,0.071,9,43.2,50.9,50.9,57.6,48.9,LNG Academy|Rogue Warriors Shark,-470.7692307692308,-557.0769230769231,-9.051282051282051,221.7310487179487,0.12526836923076923,0.1282051282051282,1.250571052631579,0.3051794871794872,0.6792784641392487,0.2026226505770691,9.282051282051283,528.0444051282052,0.0,0.07142857142857142,0.23034966301335347,0.0,0.41867874386335063,0.0,1.4411533842457842,-0.6153846153846154,-0.4537173930527533,-0.6705573628635247,-0.2176983142101215,-0.21496142315289118,0.13750193064334412,-0.32475129420882554
Fahai,sup,LDL,2,63,0.571,20,0.2,11,47.1,47.0,64.9,52.0,46.1,Top Esports Challenger,-134.19354838709677,-198.46774193548387,-1.2258064516129032,142.88786825396826,0.07608005555555555,0.031746031746031744,2.034141176470588,0.2246952380952381,0.6659473140897759,0.2543063240454838,0.06349206349206349,493.9136920634921,0.0,0.2,0.4547122492080254,0.8297012732615081,-0.4835994032793077,3.923976608187134,1.3858697343671664,-0.6666666666666666,-0.4127797283468873,-0.4302717123046425,-0.4359996723364735,0.5473596298170885,-0.16097075190942273,-0.48791641402018576
Aldwar,bot,DL,3,23,0.391,5,0.2,8,45.9,48.1,58.2,51.9,48.1,Dynasty,-480.0,-566.6086956521739,-12.26086956521739,438.6900217391305,0.2487211304347826,0.43478260869565216,0.8577347826086956,0.12188695652173913,0.5490036013959458,0.17010956561871896,1.608695652173913,280.39203913043474,0.0,0.2,0.5366212734633787,0.0,-0.011318242343541993,0.0,1.6681153124565982,-0.782608695652174,-0.49865954939892443,-0.5018686915267005,-0.37174399028499505,0.16860184910997675,-0.16135935864347725,-0.3722337714155447
FeeNiixZ,mid,SLO,3,69,0.478,15,0.067,18,44.1,49.9,60.7,62.0,52.1,G2 Arctic,-37.68115942028985,-67.85507246376811,1.4492753623188406,395.09873768115943,0.21003191449275363,0.21739130434782608,1.0223536231884058,0.17643623188405796,0.5251043391372336,0.17683473919506917,2.782608695652174,313.1067623188406,0.0,0.06666666666666667,0.35670865639138677,1.39878308487983,0.27108101866195017,4.658210777613763,2.1669453555438456,-0.43478260869565216,-0.4712596635794935,-0.6125996972382693,-0.2690559770036365,0.30607877874368244,0.3778261298601461,-0.15267552175389265
Simon,top,VCS,15,25,0.24,9,0.0,7,46.2,47.8,53.5,51.5,52.2,OverPower Esports,-764.04,-445.68,-14.92,410.111416,0.20175656,0.08,0.831544,0.072812,0.44984119972685055,0.21820461843689487,0.76,966.579616,0.0,0.0,0.4573574278338418,-0.00042776589539183667,-0.023596362153633463,0.0,1.4,-0.64,-0.07629018198189073,-0.48057991618212725,-0.39112669629852487,-0.0799582670506043,-0.1826358998410476,-0.15039186092572054
Hidan,top,CBLOL,15,40,0.4,9,0.0,14,50.0,43.9,45.5,55.1,56.1,Havan Liberty|Vivo Keyd,-228.475,-228.2,-5.45,395.08105,0.21530917500000002,0.225,0.8827875000000001,0.09281249999999999,0.49899113817033713,0.2948505285663719,1.25,646.6255199999999,0.0,0.0,0.20715614088982703,-0.8462837837837838,-0.3341119312342334,6.777777777777778,2.2135943621178655,-0.45,-0.4869179780418383,-0.2648867328256743,-0.6210561911019793,-0.5220455387485066,0.005220542688822993,0.058249964623557894
BoWen,top,LDL,2,73,0.425,20,0.05,14,39.3,54.6,49.2,47.8,50.1,Rogue Warriors|Rogue Warriors Shark,-614.75,-377.4166666666667,-15.027777777777779,391.04195205479454,0.19880816438356164,0.1643835616438356,0.8907875,0.1498109589041096,0.5799149466554927,0.22306593563569257,1.3013698630136987,889.6868328767123,0.0,0.05,0.2930096763430096,0.0,-0.19694350983791803,0.0,1.638576060745828,-0.6301369863013698,-0.25908971213971704,-0.9501090288612788,-0.020078683920640557,-0.3119680997859188,-0.3867347142711717,-0.26249526663909306
Jason Jungle,jng,UPL,2,25,0.36,12,0.167,8,43.8,50.0,55.2,56.6,51.5,Charlotte Phoenix|Team Fish Taco,-852.28,-617.04,-7.68,272.713656,0.11401346,0.04,1.220904,0.245896,0.6351379530444546,0.20396587793071677,6.56,776.9608479999999,0.0,0.16666666666666666,0.3564651402847271,0.0,0.38291640288503503,0.0,1.6,-0.64,-0.39685515665051824,-0.6285791930472249,-0.265103638409822,0.010681972311271024,0.08637428234563928,-0.18624775222985654
MixcrosS,bot,PCS,15,22,0.318,6,0.167,7,41.1,52.5,60.2,49.6,49.1,Nova Esports,-722.5454545454545,-673.7272727272727,-11.954545454545455,362.59900454545453,0.20848168181818183,0.2727272727272727,1.439540909090909,0.3332954545454545,0.5452145336248977,0.16453657874112418,1.1363636363636365,275.00155,0.0,0.16666666666666666,0.7776160439915898,0.0,-0.2881028938906752,0.0,1.4924050144892729,-0.6363636363636364,-0.6246525874122973,-0.8133422879934009,-0.13039362822895087,0.2791217181415218,-0.2868366335732713,-0.3166590983220139
Lixiao,jng,LDL,2,29,0.483,5,0.0,7,44.0,49.6,48.2,53.2,52.5,Oh My God Academy,-448.95652173913044,-750.8695652173913,-11.391304347826088,225.64409655172412,0.1126647275862069,0.20689655172413793,1.3311962962962964,0.37473103448275863,0.5959611850034998,0.21817982598535046,11.241379310344827,547.6424370370371,0.0,0.0,0.07521546095586316,0.0,0.061744568097509396,0.0,1.299867367239363,-0.7241379310344828,-0.041081773353025756,-0.6165243430983067,-0.28960016152591683,-0.3655435264149396,-0.09636442848818444,-0.13338959420536556
Xx,jng,LPL,1,77,0.364,27,0.111,17,42.2,51.3,54.2,52.7,51.9,LNG Esports,-218.25333333333333,-225.73333333333332,-3.2133333333333334,215.49113815789474,0.11964854999999999,0.1038961038961039,1.567795652173913,0.4084565789473684,0.6938427131559265,0.20883718744409913,7.631578947368421,688.8908441558442,0.0,0.1111111111111111,0.3000188342695073,0.0,0.17205980288661496,0.0,1.937329799813845,-0.4675324675324675,-0.5187785528263519,-0.7315892485297729,-0.19789295074296967,-0.03995972244661084,-0.1226735366165394,-0.16539627239898758
Stixxay,bot,LCS,1,41,0.195,17,0.059,10,43.6,49.9,51.1,50.9,48.2,CLG Academy|Counter Logic Gaming,-631.7317073170732,-422.0975609756098,-13.146341463414634,513.6686292682926,0.2922590243902439,0.34146341463414637,1.0439390243902438,0.3197439024390244,0.6716061583362869,0.15644268431778816,1.3170731707317074,325.8432268292683,0.0,0.058823529411764705,0.2786602652686166,0.0,-0.021847361330756026,0.0,1.5617376188860608,-0.6341463414634146,-0.5711169803342434,-0.6384702599518349,-0.27120103512944177,-0.20515279555242832,-0.21896138656303915,-0.36325027357145123
Pulse,mid,TAL,3,29,0.379,14,0.071,9,45.3,48.1,51.8,49.5,49.1,Dark Passage Academy|Royal Youth|Royal Youth Academy,-444.5,-371.17857142857144,-8.857142857142858,422.54086896551723,0.2347389,0.5172413793103449,0.8636172413793103,0.11610000000000001,0.6122433562300201,0.23666869281760367,1.8620689655172413,260.48034827586207,0.0,0.07142857142857142,0.20117974801089,0.0,-0.2208732694355696,0.0,1.671258043593467,-0.6206896551724138,-0.27770073105044346,-0.5352705668214516,-0.37421694116228255,-0.17114913484957836,-0.2928396267090295,-0.31633262011796925
zs,top,LDL,2,84,0.762,9,0.111,11,43.3,50.1,50.0,59.0,42.4,Invictus Gaming|Invictus Gaming Young|eStar,-194.48684210526315,-310.69736842105266,-9.052631578947368,371.17099880952384,0.17901483214285716,0.44047619047619047,0.8172775510204081,0.1282559523809524,0.5643856157202101,0.22743430122631803,1.5238095238095237,773.7910714285714,0.0,0.1111111111111111,0.19084105686976502,0.12379110251450674,-0.09926848437216618,4.966666666666666,1.200198396297958,-0.7023809523809523,-0.32183307244706255,-0.6624309158202067,-0.2618498174162738,-0.2661188275155551,0.2118607602069249,-0.7219283001675996
Poofu,bot,UPL,2,22,0.273,12,0.0,11,45.5,47.7,52.0,50.5,58.3,University of Texas at Dallas|Vital Point Esports,-793.3181818181819,-247.63636363636363,-13.636363636363637,479.72820454545456,0.2385888181818182,0.4090909090909091,0.8595590909090909,0.21786363636363637,0.530735380058212,0.1761790597212121,1.2272727272727273,244.38055454545454,0.0,0.0,0.35974019460327017,0.0,-0.2480206223531578,0.0,2.345207879911715,-0.5454545454545454,-0.4053488190164093,-0.5209515238384852,-0.3947364482531353,-0.15691373255150529,-0.2365048019721428,0.1766407797239396
Nestea,mid,PCS,15,49,0.571,8,0.0,21,39.7,53.4,45.0,53.2,57.8,J Team,-376.0204081632653,-348.6326530612245,-17.20408163265306,375.3708204081633,0.19854736530612246,0.2857142857142857,1.0185102040816325,0.15166326530612245,0.6813061039338164,0.20202888662984372,0.8979591836734694,537.0274755102041,0.0,0.0,0.1448440108213895,-0.4617498854786991,0.008484848484848432,1.8928571428571426,3.0,-0.32653061224489793,-0.7069234396284404,-0.9171030287054285,-0.08515679614436589,-0.5535762647989757,-0.0928532395269071,0.15020776169412356
Mexi,bot,PCS,15,30,0.2,16,0.0,9,44.6,48.4,50.9,57.1,42.1,Resurgence,-308.03333333333336,-403.4,-2.066666666666667,361.88538,0.25853726666666665,0.43333333333333335,0.9869333333333333,0.26515666666666665,0.6239761295647146,0.17224905984967903,0.6333333333333333,255.72493,0.0,0.0,0.30104166666666665,0.0,0.29938900203665997,0.0,1.6431676725154982,-0.7333333333333333,-0.9675859086876359,-0.5771261566850105,-0.35631666365489395,-0.21746287064518827,0.11252779421932346,-0.742534753545115
Ycx,bot,LDL,2,21,0.476,5,0.0,4,48.1,44.8,51.6,52.1,51.2,V5 87,-485.4,-165.55,-8.1,484.55574285714283,0.23387266666666667,0.42857142857142855,0.0,0.2288,0.5054568689196334,0.1276467485142946,1.2380952380952381,290.59254761904765,0.0,0.0,0.29992594421130586,0.0,-0.10800310800310804,0.0,0.8728715609439696,-0.8571428571428571,0.0,-0.3731381306403504,-0.5630982275165418,-0.1822683156638462,-0.15285161551875842,-0.19999288080942557
Picachu,bot,LDL,2,67,0.209,28,0.071,11,44.3,48.4,53.2,44.6,53.0,LNG Academy,-309.1194029850746,-286.56716417910445,-3.7761194029850746,466.0752462686567,0.26563252089552236,0.40298507462686567,0.8818425531914893,0.23993283582089556,0.5975420348565694,0.16327088816703403,1.8656716417910448,313.28973134328356,0.0,0.07142857142857142,0.4196220404025776,0.0,-0.39244495771709575,0.0,1.3438638879193574,-0.5223880597014925,-0.3510217363464827,-0.5954751798886186,-0.3565376985798551,-0.09299642827025026,-0.5788848402518226,-0.1075411410524573
Vergil,mid,LDL,2,21,0.143,11,0.0,9,43.5,49.1,51.9,55.8,57.2,LNG Academy,-741.1904761904761,-305.4761904761905,-12.952380952380953,406.6636095238095,0.22091443333333333,0.14285714285714285,0.6797,0.15530476190476192,0.5871055059510069,0.19724174283974769,0.5238095238095238,485.0963761904762,0.0,0.0,0.3794016110471807,0.0,0.36125389052789497,0.0,1.9639610121239315,-0.5238095238095238,0.0,-0.6471658721311269,-0.31813930756298403,-0.16248547813673342,0.042610634348567655,0.11569598639912113
Pooh,sup,LJL,15,33,0.364,9,0.0,11,42.8,49.5,48.2,57.3,54.0,Fukuoka SoftBank HAWKS gaming,-220.93939393939394,-102.57575757575758,-5.242424242424242,96.19390909090909,0.06048367575757576,0.0,2.1756727272727274,0.2575969696969697,0.6461766703964195,0.21916250218389255,0.06060606060606061,420.35377878787875,0.0,0.0,0.1520912547528517,-0.29411764705882354,0.2544631838749486,2.51219512195122,1.9148542155126762,-0.6060606060606061,-0.3633940023133668,-0.6948619384883974,-0.2961651365311851,-0.3653814342692048,0.11902242135036019,-0.05401300463281111
Getback,mid,OPL,15,49,0.429,13,0.154,19,44.7,47.5,53.5,55.0,60.2,Pentanet.GG,-457.18367346938777,-357.1224489795918,-10.408163265306122,426.36102857142856,0.25219502244897957,0.6122448979591837,0.868265306122449,0.14994285714285716,0.6110195149210755,0.1886454026025644,1.510204081632653,354.51674081632655,0.0,0.15384615384615385,0.4854248443480747,-0.8886913503903533,0.03364509929532353,3.1,2.7142857142857144,-0.3469387755102041,-0.4363294499929484,-0.5698913584160746,-0.4074474340333908,-0.07661679816766112,0.0025182801941002995,0.27700236040680526
Cherub,bot,LDL,2,68,0.279,30,0.067,12,43.3,48.6,51.0,54.5,47.2,ThunderTalk Gaming|Triumphant Song Gaming|optical spectrum E-sports,-458.1111111111111,-316.73015873015873,-4.222222222222222,465.384225,0.26156615735294114,0.5441176470588235,1.0538590909090908,0.29059264705882354,0.6168281221227943,0.19750145204679628,1.3088235294117647,269.67650588235296,0.0,0.06666666666666667,0.3066643705872223,0.0,0.14540985156471598,0.0,1.4552137502179978,-0.6470588235294118,-0.47452323020321746,-0.6609374634975975,-0.34281420555671,-0.21059565453887844,-0.027832617792021855,-0.42580289295016754
Froggy,mid,VCS,15,55,0.4,26,0.269,23,39.5,52.3,66.9,57.6,65.6,FTV Esports|Saigon Buffalo,-703.3272727272728,-350.8181818181818,-14.49090909090909,436.5240145454546,0.2111367090909091,0.2909090909090909,1.0062309090909092,0.17059818181818182,0.6393678024632575,0.19243355590694833,1.4545454545454546,504.84335090909093,0.0,0.2692307692307692,0.5503830627150873,0.6819506646761924,0.42199670118207644,1.574681238615665,3.1013193673309134,-0.36363636363636365,-0.27918215386463047,-0.9320332536498239,-0.1429100354849929,0.6760086427300658,0.13796071421273792,0.5933603529273304
Trick,jng,LEC,1,39,0.333,12,0.0,18,46.6,44.8,51.3,60.9,61.9,SK Gaming,-241.48717948717947,-62.35897435897436,-0.05128205128205128,215.53061794871797,0.12777051282051283,0.02564102564102564,1.1490512820512822,0.2834897435897436,0.6906350935852007,0.2614526614258176,5.487179487179487,704.8038461538462,0.0,0.0,0.3334147532975085,0.0,0.6614814814814814,0.0,2.8823067684915684,-0.41025641025641024,-0.5744868512920115,-0.4579619570888399,-0.5685335261379769,-0.1952183946752835,0.3151776307160409,0.37314025140547136
KeABambi,top,BL,3,26,0.308,9,0.0,9,41.5,49.7,50.1,49.1,44.7,RSC Anderlecht Esports,-528.0384615384615,-753.1153846153846,-19.03846153846154,328.9181423076923,0.17434689230769232,0.15384615384615385,0.605473076923077,0.09142307692307691,0.47590630503382714,0.15966117649994246,0.7692307692307693,815.9276000000001,0.0,0.0,0.15915236574577235,0.0,-0.3506294699715881,0.0,1.7650452162436565,-0.6153846153846154,-0.8417072857235529,-0.7836126753728923,-0.28334764863260614,-0.2619731154280374,-0.31424819266450044,-0.5742173790573232
Fly,mid,LCK,1,94,0.479,26,0.038,23,38.6,52.5,44.7,55.6,52.4,DN SOOPers,-279.5698924731183,-303.6774193548387,-10.602150537634408,403.80263404255317,0.22514941063829788,0.32978723404255317,1.0183308510638298,0.2158308510638298,0.6587578452896365,0.18205124100796394,1.553191489361702,405.9192234042553,0.0,0.038461538461538464,0.24267423721724954,-0.5218848459773942,-0.0021944870204122454,3.2857142857142865,2.3722688663952245,-0.44680851063829785,-0.49163339073850915,-1.005667258565812,-0.13449766529088017,-0.5735486490883239,0.031370829023486535,-0.1347648949198425
datdat1,top,RCL,3,32,0.5,14,0.214,6,43.1,47.7,57.3,60.4,41.9,Illinois State University,-874.125,-533.0,-13.28125,433.220809375,0.198527284375,0.15625,0.645340625,0.06955625,0.5260870190400666,0.24106484096941244,0.375,1072.4178625,0.0,0.21428571428571427,0.3621274543632894,0.0,-0.26993105886512286,11.982456140350877,1.0606601717798212,-0.84375,-0.20456473699779992,-0.6722623184943725,-0.39456098854203725,0.12298581021622329,0.2887404534696569,-0.7524767060191663
Koskinen,mid,UPL,2,30,0.333,14,0.214,17,41.4,49.4,59.3,56.2,60.5,Grand View University|Robert Morris University Illinois,-811.1666666666666,-357.93333333333334,-9.833333333333334,427.2782533333333,0.21278826666666667,0.26666666666666666,0.7662033333333333,0.11811666666666666,0.59272524751651,0.18293448654460678,1.4,565.7576533333333,0.0,0.21428571428571427,0.6293920349083331,0.0,-0.11915952446779104,5.333333333333334,3.1037611591959413,-0.36666666666666664,-0.4951296465744387,-0.7871322324816596,-0.2993536697969798,0.2297476576640412,0.06300599610279123,0.29616571988029294
Puma,bot,OPL,15,38,0.158,21,0.0,14,43.4,47.3,50.6,44.9,60.5,Gravitas,-736.0,-168.5,-12.026315789473685,428.53331578947365,0.26245552631578944,0.3684210526315789,0.9749157894736842,0.21775,0.5927546138072454,0.15558096754207215,0.8157894736842105,348.4748236842105,0.0,0.0,0.31886387995712745,0.0,-0.4688741721854304,0.0,2.271099895830676,-0.42105263157894735,-0.5892814310809367,-0.6548477321610703,-0.41508831911409944,-0.23389291270042623,-0.562629225257359,0.2959176282285739
GorillA,sup,LCK,1,91,0.44,28,0.143,18,47.0,43.4,55.6,64.2,56.4,Liiv SANDBOX,-100.86666666666666,-21.488888888888887,-0.6888888888888889,122.92886043956044,0.07350634285714286,0.01098901098901099,2.1127626373626374,0.21253516483516482,0.6573237790831568,0.2519035993778104,0.08791208791208792,477.52977912087914,0.0,0.14285714285714285,0.4011924702879477,-0.35821250297123836,0.03950337167118906,10.911764705882353,1.886912706099453,-0.5494505494505495,-0.3568415562450413,-0.43733563246455887,-0.6565177227860755,0.028977172429096774,0.5073973123017405,0.07465659035729477
riversided,mid,UPL,2,30,0.3,9,0.111,12,45.1,45.1,52.3,56.9,47.9,Grand View University,-527.1,-315.23333333333335,-6.933333333333334,480.05196333333333,0.22373919999999997,0.26666666666666666,0.9352900000000001,0.12639999999999998,0.4693730104271748,0.2074953080582193,1.3,377.43188333333336,0.0,0.1111111111111111,0.29102720259845716,0.0,0.45231049396767575,0.0,2.1908902300206643,-0.4666666666666667,-0.855046389871362,-0.5457938531931067,-0.5472696917027865,-0.14088937042342214,0.10046141673369406,-0.38466382121100984
Lothi,bot,PRM,3,42,0.381,15,0.0,17,37.9,52.3,48.8,59.2,55.7,OP innogy eSport,-838.3571428571429,-410.5,-30.19047619047619,403.54148333333336,0.20394103809523811,0.4523809523809524,1.1519238095238096,0.21118809523809523,0.6029625919460209,0.15401104604912558,1.0952380952380953,242.83946666666668,0.0,0.0,0.20380228136882128,0.0,0.7390852390852388,0.0,2.6231569493555624,-0.4523809523809524,-0.7927433077648063,-1.068294960726283,-0.14138620293728543,-0.33032828135562414,0.22483354805447414,0.03511882946309369
WildTurtle,bot,LCS,1,79,0.544,16,0.062,12,45.4,44.4,50.6,63.7,49.7,FlyQuest|FlyQuest Academy,-183.98684210526315,102.57894736842105,-4.684210526315789,438.2713240506329,0.24241806329113924,0.3037974683544304,1.0179227848101264,0.2731493670886076,0.6650749430921515,0.17885067843250027,2.2658227848101267,282.4536898734177,0.0,0.0625,0.2766264976316523,0.07845644353026186,0.4821937388696223,2.4766573739645956,1.3501054811112287,-0.5316455696202531,-0.4846211205178964,-0.5284403917981336,-0.5915681505982018,-0.23439082454327004,0.4725252030552372,-0.2826679789052598
Mireu,mid,LCK,1,31,0.226,7,0.0,9,41.5,47.7,48.5,57.1,41.1,Hanwha Life Esports|T1,-569.8387096774194,-345.3225806451613,-14.516129032258064,398.13450645161294,0.238263,0.22580645161290322,0.9132645161290323,0.17695806451612903,0.600471536103964,0.21697431572561646,1.8064516129032258,498.25263548387096,0.0,0.0,0.15788973751886548,0.0,0.28906905227844554,0.0,1.6164477182409742,-0.7096774193548387,-0.5827903130544656,-0.7811269237212318,-0.3964172197232866,-0.3486735856405328,0.11152391193797168,-0.8092168286030993
Hanlan,mid,LDL,2,44,0.545,15,0.2,12,40.1,48.9,57.8,47.9,51.6,Dominus Esports Young,-289.27906976744185,-366.8139534883721,-9.162790697674419,374.30686363636363,0.18207998409090909,0.3181818181818182,0.9758886363636363,0.21835909090909092,0.6021543274289017,0.2546567841243484,0.9318181818181818,505.1447613636364,0.0,0.2,0.5041352222075113,0.0,-0.3457595526561044,0.0,1.8090680674665818,-0.5227272727272727,-0.31447667851120625,-0.8879075394692383,-0.3243310447728961,0.14866444502245632,-0.3838150292742491,-0.1808691375274942
Lived,mid,OPL,15,21,0.19,11,0.091,16,42.9,45.9,55.0,56.0,62.6,MAMMOTH,-774.7142857142857,-567.0,-14.571428571428571,362.3935666666667,0.23457104761904762,0.19047619047619047,0.8375619047619047,0.11962380952380954,0.5138252620395478,0.22747838583375923,0.9523809523809523,445.0715380952381,0.0,0.09090909090909091,0.41893076248904465,0.0,0.5286065286065288,0.0,3.4914862437758782,-0.3333333333333333,-0.3644112940068319,-0.6887312862362795,-0.5018151650987429,0.0012885510238898647,0.05426163996202915,0.41259076891927177
ZJJ,bot,LDL,2,62,0.226,25,0.08,7,42.9,45.9,53.8,48.2,41.4,LinGan e-Sports|V5 87,-496.6,-138.6,-7.45,441.1903918032787,0.2649152950819672,0.3225806451612903,0.9352,0.2382393442622951,0.5888604831790211,0.18784697725028912,1.098360655737705,282.3654258064516,0.0,0.08,0.4311653694423712,0.0,-0.198970235576245,0.0,0.8890008890013334,-0.7258064516129032,-0.4497498716681249,-0.6885433427434542,-0.4971892839763023,-0.06365029186451483,-0.36865835264755953,-0.7931609287775947
KingGeorgie,bot,UPL,2,37,0.405,17,0.176,16,42.8,45.6,58.5,58.2,62.2,ANEW Dawn|Mirage Sport Électronique|Slaughter House,-830.1081081081081,-201.94594594594594,-2.081081081081081,459.69238108108107,0.2124828918918919,0.4864864864864865,0.8072405405405405,0.19862702702702703,0.5622952764268716,0.17799581961109476,1.4864864864864864,247.0611189189189,0.0,0.17647058823529413,0.5669796533799719,0.0,0.39024626525282446,0.0,2.6303837968857167,-0.4864864864864865,-0.44044970332307015,-0.6939290377403095,-0.5170673500274279,0.18627818223841597,0.16839294933065324,0.39091312093549546
Chenxuan,sup,LDL,2,51,0.176,22,0.0,12,42.8,45.1,49.6,48.0,50.9,LNG Academy,-378.921568627451,-306.4901960784314,-4.549019607843137,149.03525098039216,0.08509320980392157,0.0,1.9957333333333334,0.20344901960784312,0.6362556908655675,0.2611783251187586,0.0,559.9900647058824,0.0,0.0,0.30874715599960434,0.0,-0.2645531632145669,0.0,1.6803361008336117,-0.6470588235294118,-0.3756616816823195,-0.6953191288064507,-0.5455208292566597,-0.28611946889226997,-0.3747559414874467,-0.21849986134913846
Teacherma,mid,LPL,1,86,0.523,19,0.211,17,37.7,49.8,55.6,52.8,52.1,Team WE,-433.07142857142856,-367.0238095238095,-12.785714285714286,421.64513411764705,0.22183817647058826,0.3953488372093023,0.8342178082191781,0.14771647058823528,0.718256184664062,0.19597166490394008,1.6470588235294117,474.0432418604651,0.0,0.21052631578947367,0.3214072875944299,-0.2861900416023287,-0.06785627304496561,2.6822885866351274,1.8331571444584531,-0.46511627906976744,-0.29504318798105644,-1.088793698363582,-0.27992417957702337,0.033662369343592444,-0.11415710853619297,-0.1552856505474639
Envy Carry,mid,PRM,3,59,0.542,21,0.19,15,37.3,49.9,64.0,56.1,50.7,Unicorns of Love Sexy Edition,-701.5254237288135,-546.5254237288135,-24.16949152542373,436.25333559322036,0.21333873050847457,0.576271186440678,0.8562694915254238,0.1279508474576271,0.6262475819787268,0.21629112488245614,3.6271186440677967,446.6814830508475,0.0,0.19047619047619047,0.5908630439019047,0.7622429222724997,-0.019290451079760913,4.38494623655914,1.952833664712358,-0.4915254237288136,-0.3773769901565989,-1.1223404711681162,-0.2718272383583797,0.4911167528814153,0.06025803874966337,-0.23025819614198847
XinMo,sup,LPL,1,90,0.456,17,0.0,12,38.6,48.5,47.5,55.4,45.1,Bilibili Gaming,-245.3975903614458,-257.0722891566265,-8.710843373493976,130.40530222222222,0.06797473,0.0,2.37725974025974,0.27405444444444443,0.6536945709876866,0.23910716505016139,0.011111111111111112,541.3315244444444,0.0,0.0,0.2580948185474799,0.0,0.11219946571682977,2.473684210526316,1.2649110640673518,-0.5444444444444444,-0.39909471780254097,-1.0057237355089255,-0.34831248333926423,-0.40815530989075616,0.02052402218753345,-0.5476193170401703
Wuxx,bot,LDL,2,51,0.196,17,0.0,11,42.5,44.6,47.5,51.5,56.0,Victorious Gaming,-389.6,-207.02,-4.72,438.448684,0.2264303,0.29411764705882354,0.8435032258064515,0.25554000000000004,0.5163761505935063,0.1700394701220626,1.46,282.9764588235294,0.0,0.0,0.17960119916480932,0.0,-0.03227039470425709,0.0,1.5403080924308108,-0.5294117647058824,-0.300922330202413,-0.7143992476649513,-0.5764790317671818,-0.40581550533456945,-0.1862816247922545,0.054732792952534956
Easylove,bot,VCS,15,51,0.627,5,0.2,10,43.5,42.8,66.4,56.9,47.5,GAM Esports,-503.7647058823529,-376.80392156862746,-11.431372549019608,474.6539745098039,0.23131554901960785,0.7450980392156863,0.8675627450980392,0.22909607843137253,0.5959796714197048,0.1922306685639663,2.215686274509804,244.62140392156863,0.0,0.2,0.6532969176746001,0.816689293720203,0.0928962699743237,2.9991145870029823,1.4002800840280096,-0.7058823529411765,-0.3919116988633325,-0.6478710390251439,-0.6910420251479497,0.6431337649454593,0.09797323592256565,-0.40505694898586914
