player_id,position,league,tier,games,winrate,操作,意识,心态,团队,体质,总评,box_综合,impact,final_z,teams
Chovy,mid,LCK,1,104,0.76,86.7,86.0,82.5,65.4,76.5,81.2,71.5,81.0,2.999,Gen.G
Ruler,bot,LCK,1,107,0.757,83.2,81.6,85.1,72.0,82.4,81.2,68.6,81.2,2.921,Gen.G
Eyla,sup,LCSA,2,108,0.75,77.3,83.7,80.8,77.2,90.3,81.1,66.8,81.2,2.746,Team Liquid|Team Liquid Academy
Knight,mid,LPL,1,128,0.633,85.8,79.5,79.7,74.2,82.3,80.9,70.9,80.2,2.589,Top Esports
Oner,jng,LCK,1,144,0.743,88.6,70.8,82.6,75.1,88.6,80.9,63.8,81.2,2.586,T1
Szygenda,top,LFL,2,108,0.694,89.2,81.8,73.0,68.1,85.4,80.8,69.4,80.2,2.49,Vitality.Bee
Keria,sup,LCK,1,144,0.743,92.7,70.5,78.6,71.1,89.3,80.8,63.3,81.2,2.548,T1
Zeus,top,LCK,1,144,0.743,93.0,70.2,75.2,74.4,89.1,80.8,62.7,81.2,2.503,T1
Ruby,mid,PRM,3,86,0.709,85.6,85.2,71.0,68.6,88.2,80.7,68.9,80.0,2.405,Unicorns of Love Sexy Edition
Emp,mid,LHE,2,59,0.814,90.0,74.2,86.9,69.8,77.2,80.6,68.7,79.9,2.35,Furious Gaming
Yike,jng,LFL,2,101,0.733,86.3,75.5,77.6,74.8,88.4,80.5,63.8,80.8,2.29,LDLC OL
Bie,sup,VCS,15,78,0.769,83.3,80.2,86.2,67.9,82.9,80.4,66.6,80.2,2.268,GAM Esports
Eika,mid,LFL,2,101,0.733,82.2,81.5,77.5,71.9,88.8,80.4,63.7,80.8,2.282,LDLC OL
Xiaohu,mid,LPL,1,156,0.667,87.2,80.5,64.0,76.9,89.5,80.4,63.1,80.8,2.24,Royal Never Give Up
Peanut,jng,LCK,1,107,0.757,77.6,77.3,87.9,76.7,88.7,80.4,60.7,81.1,2.246,Gen.G
Gumayusi,bot,LCK,1,144,0.743,82.9,75.0,82.2,74.1,92.0,80.4,59.8,81.2,2.283,T1
Juliera,bot,CBLOLA,3,50,0.82,77.5,87.4,76.8,76.7,81.3,80.3,69.4,78.9,2.215,paiN Gaming Academy
JackeyLove,bot,LPL,1,128,0.633,89.6,74.8,74.9,72.6,86.2,80.3,66.1,80.2,2.226,Top Esports
Skeanz,jng,LFL,2,109,0.688,81.7,76.3,78.4,79.1,89.1,80.3,66.0,80.2,2.22,Vitality.Bee
GALA,bot,LPL,1,156,0.667,90.6,70.5,75.5,72.4,92.4,80.3,62.6,80.8,2.202,Royal Never Give Up
3XA,bot,LFL,2,101,0.733,85.3,75.1,88.0,65.1,89.1,80.3,62.6,80.8,2.199,LDLC OL
Ragner,top,LFL,2,101,0.733,79.4,76.6,77.3,83.0,90.8,80.3,62.5,80.8,2.191,LDLC OL
Raes,bot,LCO,15,64,0.797,87.8,74.8,79.4,73.6,83.0,80.2,67.3,79.6,2.187,Chiefs Esports Club
Haeri,mid,LCSA,2,109,0.716,86.5,75.2,80.1,69.5,89.9,80.2,64.4,80.4,2.175,Team Liquid Academy
Kellin,sup,LCK,1,112,0.625,79.5,80.9,80.8,79.5,80.1,80.1,68.0,78.9,2.11,Dplus Kia
Levi,jng,VCS,15,87,0.747,88.7,76.4,75.8,70.1,85.2,80.1,65.3,80.0,2.124,GAM Esports
369,top,LPL,1,121,0.669,91.3,72.5,68.3,80.5,84.0,80.1,65.1,80.1,2.142,JD Gaming
Nothing,bot,LMF,2,66,0.758,70.6,85.5,88.6,80.1,81.1,80.1,64.7,80.1,2.113,Leviatan
pinz,mid,LDL,2,79,0.722,70.8,90.2,87.5,70.7,83.3,80.0,66.4,79.5,2.097,Bilibili Gaming Junior|FunPlus Phoenix Blaze
Wei,jng,LPL,1,162,0.66,86.9,79.2,66.8,72.6,92.1,80.0,60.8,80.8,2.072,Royal Never Give Up
Enga,mid,LMF,2,57,0.772,81.1,79.5,86.3,72.2,79.3,79.9,67.5,78.8,2.062,Pampas
Kindless,bot,LMF,2,69,0.754,80.3,81.2,78.6,77.9,80.3,79.9,65.1,79.8,2.051,Estral Esports|Pampas
Yeon,bot,LCSA,2,115,0.696,88.0,70.5,78.9,73.6,89.4,79.9,64.8,79.9,2.057,Team Liquid|Team Liquid Academy
Feitan,sup,LHE,2,59,0.814,85.1,79.1,82.5,66.6,83.1,79.9,64.6,79.9,2.04,Furious Gaming
Viciun,bot,LHE,2,59,0.814,82.7,70.5,93.9,75.1,81.0,79.9,64.5,79.9,2.033,Furious Gaming
iBo,top,EUM,2,104,0.663,83.4,81.5,71.4,73.9,86.7,79.9,64.0,80.0,2.033,Team Heretics|Unicorns of Love Sexy Edition
Kiaya,top,VCS,15,89,0.753,85.0,71.0,84.0,75.5,87.2,79.9,62.8,80.4,2.04,GAM Esports
SkyBart,top,CBLOLA,3,55,0.764,85.8,82.4,72.9,71.3,79.3,79.8,69.2,77.1,1.999,paiN Gaming Academy
Kanavi,jng,LPL,1,121,0.669,92.7,81.7,60.4,68.0,85.2,79.8,63.4,80.1,2.013,JD Gaming
Yutapon,bot,LJL,15,75,0.76,87.9,70.9,84.3,69.6,86.3,79.8,62.9,80.3,2.017,DetonatioN FocusMe
Harp,sup,LJL,15,77,0.753,89.2,77.8,72.0,69.0,85.6,79.8,62.7,80.3,2.002,DetonatioN FocusMe
Doran,top,LCK,1,108,0.75,84.8,72.1,79.4,76.7,89.1,79.8,57.7,81.1,2.004,Gen.G
Tempt,mid,NLC,2,78,0.679,85.9,76.1,79.9,71.8,82.6,79.7,66.3,78.9,1.993,X7 Esports
Mataz,jng,DDH,3,71,0.746,83.1,74.3,77.8,76.8,88.9,79.7,63.9,79.8,1.967,The Kings
Ming,sup,LPL,1,156,0.667,88.7,74.7,67.7,72.8,93.3,79.7,59.5,80.8,1.968,Royal Never Give Up
Topoon,top,LCO,15,64,0.797,86.7,72.7,86.0,67.7,83.9,79.6,64.0,79.6,1.938,Chiefs Esports Club
Steal,jng,LJL,15,77,0.753,79.1,80.8,79.9,72.6,87.5,79.6,62.0,80.3,1.949,DetonatioN FocusMe
Evi,top,LJL,15,75,0.76,89.0,70.2,84.3,70.0,83.2,79.6,61.9,80.3,1.956,DetonatioN FocusMe
Jun,sup,LCKC,2,54,0.704,83.5,87.5,74.9,71.4,69.1,79.5,69.1,76.3,1.918,Kiwoom DRX|Kiwoom DRX Challengers
Lyonz,sup,LMF,2,59,0.695,87.7,74.9,76.3,73.9,80.7,79.5,66.5,78.2,1.91,Leviatan|River Plate Gaming
Crownie,bot,LFL,2,93,0.624,79.3,79.2,82.4,71.6,87.4,79.5,64.7,79.1,1.905,Team BDS Academy
Lehends,sup,LCK,1,107,0.757,84.7,70.0,79.9,76.7,89.8,79.5,56.3,81.1,1.92,Gen.G
Putin,top,EL,3,40,0.9,87.0,80.6,72.0,71.3,79.0,79.4,67.5,77.2,1.873,Saprissa Esports
Xpontaneous,bot,VL,3,47,0.851,84.0,78.3,80.3,72.5,77.4,79.3,65.7,78.4,1.87,Descuydado Aucas Esports
Mir,jng,LCO,15,64,0.797,89.6,67.3,82.7,71.3,85.7,79.3,63.1,79.6,1.869,Chiefs Esports Club
Bradley,top,LCSA,2,114,0.702,86.4,69.8,80.2,70.5,92.5,79.3,61.4,80.1,1.855,Team Liquid|Team Liquid Academy
MISSING,sup,LPL,1,121,0.669,79.5,75.4,81.1,77.0,86.9,79.2,60.9,80.1,1.824,JD Gaming
Monki,jng,LDL,2,107,0.72,71.0,89.3,75.3,72.8,91.6,79.2,60.5,80.3,1.826,EDG Youth Team
Kati,mid,VCS,15,89,0.753,84.0,68.5,84.1,73.4,91.8,79.2,60.2,80.4,1.844,GAM Esports
Cabochard,top,LFL,2,77,0.61,90.0,74.1,76.3,70.8,77.2,79.1,66.3,77.3,1.797,Karmine Corp
Sinmivak,top,UL,2,78,0.705,85.4,75.3,78.7,72.7,80.2,79.1,63.8,78.9,1.794,AGO ROGUE
Mark,sup,LPL,1,115,0.661,71.9,86.0,78.2,76.4,87.0,79.1,60.7,80.1,1.812,Top Esports
Faker,mid,LCK,1,144,0.743,80.2,71.1,85.2,72.3,94.9,79.1,53.5,81.2,1.807,T1
JuanDeDios,top,SL (LATAM),3,58,0.69,85.6,78.1,79.6,66.1,80.7,79.0,70.9,72.0,1.79,Diamond Doves|Incubus
Daglas,jng,GLL,3,56,0.625,89.5,74.8,78.1,68.7,76.9,79.0,68.0,75.7,1.786,Anorthosis Famagusta Esports
SAKEN,mid,LFL,2,84,0.607,83.1,82.7,71.4,74.1,77.4,79.0,65.6,77.7,1.781,Karmine Corp
Limitationss,bot,DDH,3,58,0.741,77.4,80.6,85.4,67.8,85.8,79.0,64.4,78.4,1.771,The Kings
Zelt,mid,GL,3,49,0.837,90.2,76.5,69.5,70.2,81.1,79.0,62.6,79.3,1.772,Braves Rising|Zeu5 Bogota
Yaharong,mid,LJL,15,77,0.753,88.0,64.2,91.2,66.7,88.4,79.0,59.7,80.3,1.775,DetonatioN FocusMe
Destroy,top,DDH,3,37,0.865,88.6,81.9,76.3,60.8,75.4,78.8,64.0,78.4,1.741,The Kings
NerzhuL,sup,DDH,3,63,0.762,75.6,76.6,81.7,75.7,91.5,78.8,61.7,79.5,1.736,Six Karma|The Kings
Sty1e,bot,VCS,15,88,0.761,79.7,74.0,79.1,73.8,93.5,78.8,58.1,80.5,1.738,GAM Esports
Jactroll,sup,LFL,2,110,0.691,83.8,75.5,73.4,71.3,89.9,78.7,59.3,80.2,1.713,Vitality.Bee
Doss,sup,LFL,2,101,0.733,71.8,77.5,80.5,79.9,94.8,78.7,56.2,80.8,1.715,LDLC OL
Madblade,sup,EL,3,42,0.905,74.0,83.4,84.5,74.7,77.3,78.6,65.1,77.2,1.691,Saprissa Esports
Lyncas,jng,NLC,2,78,0.705,86.6,70.0,78.1,74.6,83.3,78.6,64.3,77.7,1.69,Dusty|MOUZ NXT
Photic,bot,LPL,1,102,0.657,76.3,85.7,76.0,72.5,80.9,78.6,62.4,78.9,1.689,Victory Five
Sheo,jng,LFL,2,95,0.621,72.4,84.4,74.0,78.2,88.3,78.6,61.9,79.2,1.696,Team BDS Academy
Rekkles,bot,LFL,2,75,0.613,83.0,83.2,73.2,69.3,76.4,78.5,67.4,74.7,1.676,Karmine Corp
Rainbow,mid,DDH,3,37,0.865,80.0,82.9,74.0,76.2,74.5,78.5,63.1,78.4,1.673,The Kings
Kartis,top,LDL,2,124,0.637,70.8,82.5,83.0,71.5,91.9,78.5,62.8,78.5,1.671,FunPlus Phoenix Blaze
Leave,bot,LDL,2,118,0.695,77.9,83.2,75.9,64.5,91.8,78.5,61.3,79.3,1.674,EDG Youth Team|EDward Gaming
Diplex,mid,LFL,2,109,0.688,76.9,73.5,80.4,76.5,93.4,78.5,58.6,80.2,1.66,Vitality.Bee
QQMore,sup,LMF,2,38,0.737,92.7,73.5,73.1,68.5,73.2,78.4,62.6,78.4,1.644,Pampas
Sniper,top,PGC,2,77,0.766,93.7,69.6,73.1,65.0,84.1,78.4,60.4,79.5,1.65,100 Thieves Next
Roison,mid,LFL2,2,64,0.719,85.8,70.9,80.5,75.3,76.7,78.3,65.9,75.7,1.632,IziDream
Kaiwing,sup,PCS,15,87,0.644,77.0,82.7,67.8,81.6,81.5,78.3,65.3,76.4,1.637,PSG Talon
Viper,bot,LPL,1,119,0.605,71.2,86.2,72.8,79.9,84.0,78.3,64.3,77.2,1.639,EDward Gaming
Xiamu,sup,LDL,2,116,0.707,73.8,82.5,75.2,71.8,93.2,78.3,59.6,79.7,1.631,EDG Youth Team|EDward Gaming
Piqueos,mid,DDH,3,57,0.719,77.4,75.7,82.0,74.7,85.6,78.2,64.6,76.7,1.614,Incubus|Six Karma
can,jng,LDL,2,74,0.73,69.0,84.8,88.3,71.1,82.2,78.1,59.3,79.7,1.593,Bilibili Gaming|Bilibili Gaming Junior
Jeskla,bot,LFL,2,109,0.688,87.2,65.0,77.7,73.5,90.8,78.1,57.7,80.2,1.592,Vitality.Bee
TopLop,mid,LMF,2,66,0.758,76.4,76.7,77.7,76.9,87.6,78.1,57.7,80.1,1.584,Leviatan
Bafang,sup,LDL,2,93,0.624,74.2,87.6,76.3,66.8,84.0,78.0,64.5,76.3,1.569,Joy Dream|Team Pinnacle
Unified,bot,PCS,15,87,0.644,79.9,85.5,63.0,73.8,83.0,78.0,64.4,76.4,1.569,PSG Talon
Renyu,bot,EL,3,42,0.905,87.3,72.4,73.5,74.8,77.2,78.0,63.6,77.2,1.578,Saprissa Esports
Canyon,jng,LCK,1,117,0.607,83.8,68.3,84.4,72.6,82.9,78.0,63.0,77.6,1.581,Dplus Kia
Inspired,jng,LCS,1,123,0.61,78.6,73.8,78.8,77.3,85.3,78.0,62.8,77.7,1.568,Evil Geniuses
Rabble,jng,UL,2,78,0.705,94.3,65.5,76.9,67.2,80.4,78.0,61.0,78.9,1.582,AGO ROGUE
Own3r,jng,LPLOL,3,75,0.693,80.4,76.2,76.4,71.9,85.6,77.9,65.3,75.4,1.563,For The Win Esports
Targamas,sup,LEC,1,89,0.629,81.6,82.4,74.6,71.3,71.8,77.9,63.6,76.9,1.554,G2 Esports
Hobbler,bot,GL,3,31,0.935,87.6,82.6,66.2,67.4,72.8,77.9,63.1,77.3,1.552,Zeu5 Bogota
ShowMaker,mid,LCK,1,117,0.607,73.1,80.9,81.7,71.3,87.4,77.9,62.6,77.6,1.551,Dplus Kia
Bugi,jng,LLA,15,26,0.731,88.2,75.4,78.7,73.4,61.6,77.8,68.1,71.3,1.546,Estral Esports
Tally,mid,LCO,15,64,0.797,82.8,68.8,87.5,67.2,86.0,77.8,58.8,79.6,1.544,Chiefs Esports Club
Insanity,mid,LCSA,2,82,0.671,90.4,73.4,64.8,72.8,78.0,77.6,61.1,78.2,1.498,100 Thieves Next|Dignitas Academy
Solokill,top,LDL,2,110,0.709,71.6,77.5,80.5,72.5,96.0,77.6,56.6,80.2,1.505,EDG Youth Team
Photon,top,LCKC,2,91,0.637,79.1,84.8,61.6,74.1,83.6,77.5,66.5,72.7,1.491,T1 Esports Academy
Calmsky,sup,LPLOL,3,75,0.693,88.9,68.3,70.5,70.9,86.7,77.5,64.3,75.4,1.487,For The Win Esports
Santorin,jng,LCS,1,81,0.642,70.8,80.7,81.0,83.0,75.3,77.5,63.1,76.6,1.492,Team Liquid
Jaeger,top,PRM,3,81,0.679,87.7,69.9,73.6,67.0,87.7,77.5,61.5,77.8,1.486,FC Schalke 04 Esports|X7 Esports
Kerfa,top,VL,3,46,0.848,91.3,68.6,81.5,58.6,82.6,77.5,60.9,78.2,1.486,Descuydado Aucas Esports
Zerkxz,mid,DDH,3,66,0.652,80.6,76.3,76.5,69.6,83.9,77.4,65.2,74.2,1.48,Atheris Esports
Zoelys,sup,LFL2,2,62,0.71,82.3,73.7,77.9,73.6,77.2,77.4,64.3,75.3,1.481,IziDream
HolyPhoenix,bot,TCL,15,63,0.667,74.7,71.2,87.0,79.6,81.1,77.3,65.2,73.9,1.461,İstanbul Wildcats
DizL,bot,LFL2,2,64,0.719,85.0,69.8,77.1,76.1,76.2,77.3,63.7,75.7,1.466,IziDream
Lucker,bot,UL,2,77,0.714,79.9,63.8,93.4,75.6,80.7,77.3,59.3,78.9,1.454,AGO ROGUE
Brance,bot,CBLOL,15,65,0.646,78.8,75.3,77.7,75.9,78.0,77.2,64.6,74.3,1.438,LOUD|LOUD Academy
Mission,mid,PCS,15,75,0.68,88.5,67.0,78.2,70.6,78.9,77.2,63.4,75.8,1.451,CTBC Flying Oyster
Forest,jng,LCKC,2,91,0.637,81.1,81.1,66.8,68.8,83.0,77.1,65.7,72.7,1.43,T1 Esports Academy
Qing,mid,LDL,2,96,0.635,67.3,85.9,76.8,74.8,86.2,77.1,62.3,76.6,1.426,FunPlus Phoenix Blaze
Armao,jng,LCSA,2,113,0.699,75.8,66.6,82.3,78.2,94.9,77.1,56.4,79.9,1.43,Team Liquid Academy
Demy,bot,DDH,3,66,0.652,78.6,72.7,82.0,71.5,82.9,77.0,64.4,74.2,1.419,Atheris Esports
Larssen,mid,LEC,1,73,0.603,87.7,66.5,80.5,74.2,71.3,76.9,64.9,73.1,1.395,Rogue
Xiaguang,bot,LDL,2,110,0.673,73.7,84.9,70.3,66.9,89.4,76.9,60.0,78.1,1.405,MAX
tinowns,mid,CBLOL,15,61,0.607,74.4,81.2,77.2,75.7,74.4,76.8,67.8,68.0,1.386,LOUD
Shadow,sup,LMF,2,62,0.661,70.0,81.7,79.1,76.5,80.0,76.8,62.0,76.4,1.39,5 Ronin Academy|Estral Esports|Leviatan
Yagao,mid,LPL,1,135,0.674,60.3,86.2,73.2,82.6,94.5,76.8,52.8,80.7,1.393,Bilibili Gaming|JD Gaming
TakeSet,bot,PRM,3,72,0.597,81.4,80.9,67.2,66.0,82.5,76.7,67.7,67.9,1.373,FC Schalke 04 Esports
Invincible,top,LDL,2,82,0.646,78.0,84.2,71.6,65.3,78.4,76.6,61.8,76.2,1.36,V5 87|Victory Five
Scout,mid,LPL,1,119,0.605,77.3,74.0,77.9,73.9,82.5,76.6,60.6,77.2,1.359,EDward Gaming
deokdam,bot,LCK,1,117,0.607,77.3,66.8,86.0,76.0,84.1,76.6,60.1,77.6,1.362,Dplus Kia
Qats,mid,CBLOLA,3,40,0.85,75.5,75.7,76.2,77.0,80.9,76.6,59.8,77.9,1.362,paiN Gaming Academy
Pancake,jng,LMF,2,33,0.879,70.8,90.2,75.8,76.1,63.8,76.6,59.6,78.0,1.358,Leviatan
Clear,top,LCKC,2,86,0.628,77.8,80.7,66.1,76.0,78.3,76.5,63.2,74.6,1.35,Kiwoom DRX|Kiwoom DRX Challengers
Busio,sup,LCSA,2,103,0.583,85.6,65.8,78.1,69.1,84.3,76.5,63.2,74.5,1.344,100 Thieves Academy
Serin,mid,TCL,15,63,0.667,84.8,68.2,81.0,71.2,74.4,76.4,63.5,73.9,1.333,İstanbul Wildcats
Rest,top,PCS,15,75,0.68,82.6,68.8,79.7,69.4,82.6,76.4,61.9,75.8,1.337,CTBC Flying Oyster
Ichiwin,sup,GL,3,32,0.938,93.1,66.1,71.3,68.8,74.2,76.4,60.6,77.0,1.334,Zeu5 Bogota
Kepler,bot,LDL,2,84,0.643,69.7,88.7,76.9,63.9,82.7,76.4,60.5,77.0,1.328,ThunderTalk Gaming|V5 87
Rich,top,LPL,1,96,0.667,76.7,79.5,76.7,65.2,84.0,76.4,57.4,79.0,1.331,Victory Five
BrokenBlade,top,LEC,1,89,0.629,73.3,74.4,84.1,78.5,74.4,76.3,60.5,76.9,1.319,G2 Esports
Kerberos,top,NLC,2,84,0.714,75.0,76.3,79.4,68.8,85.9,76.3,58.5,78.4,1.326,Dusty|Macko Esports
ACD,top,PGN,3,27,0.667,85.0,75.8,79.3,69.6,59.5,76.2,68.5,64.2,1.304,Macko Esports
Honey,bot,LJL,15,38,0.658,79.2,82.2,75.3,70.9,64.3,76.2,65.7,70.0,1.307,QT DIG∞
Fleshy,sup,TCL,15,45,0.711,82.7,89.3,61.4,62.0,70.3,76.2,63.8,73.0,1.306,NASR eSports Turkey|NASR eSports Turkey Academy
Jett,mid,LJL,15,66,0.667,87.6,69.5,65.9,73.0,79.8,76.2,60.2,77.0,1.307,QT DIG∞
Davo,sup,VL,3,47,0.851,87.9,75.8,69.5,59.0,79.8,76.2,58.3,78.4,1.311,Descuydado Aucas Esports
zamulek,bot,LVP SL,2,62,0.661,80.7,75.4,77.8,67.7,74.8,76.1,65.2,70.6,1.293,JD|XL|UCAM Esports
bluerzor,jng,LVP SL,2,79,0.62,74.5,83.7,65.7,76.5,77.1,76.1,64.5,71.8,1.296,Team Heretics
Rahab,top,LHE,2,56,0.661,82.8,78.3,71.7,69.0,69.6,76.1,64.4,71.8,1.291,Furious Gaming|Maycam Evolve
Bolulu,mid,TCL,15,45,0.689,88.6,67.6,75.0,66.6,77.3,76.1,62.6,74.4,1.293,NASR eSports Turkey
Bjergsen,mid,LCS,1,85,0.624,75.5,70.8,79.9,80.0,78.8,76.1,62.3,74.7,1.292,Team Liquid|Team Liquid Academy
Shunn,bot,PCS,15,54,0.685,78.1,79.1,77.7,69.4,70.5,76.0,62.2,74.8,1.288,CTBC Flying Oyster
Smash,bot,LAS,3,56,0.679,81.8,70.8,77.5,69.5,79.4,76.0,61.1,75.9,1.282,T1 Esports Academy Rookies
Lurox,jng,PRM,3,89,0.685,70.0,73.4,80.7,73.0,94.4,76.0,57.0,78.9,1.279,Unicorns of Love Sexy Edition
Jiejie,jng,LPL,1,102,0.578,73.2,78.0,80.4,74.6,73.7,75.9,64.6,71.0,1.267,EDward Gaming
Haru,jng,NLC,2,55,0.618,84.0,75.6,73.6,72.0,64.2,75.9,64.4,71.4,1.269,Team Vitality|X7 Esports
NOMA,mid,LPLOL,3,73,0.685,73.9,74.6,75.6,75.0,85.2,75.9,62.4,74.2,1.269,For The Win Esports
Buggax,top,LMF,2,55,0.636,93.5,66.6,65.6,64.2,81.3,75.9,61.4,75.5,1.277,KRÜ Esports|Leviatan
Chasy,top,NLC,2,43,0.651,81.4,82.0,62.8,75.5,66.3,75.8,65.5,69.2,1.257,X7 Esports
Upset,bot,LEC,1,76,0.579,81.6,73.1,76.6,74.5,68.2,75.8,64.7,70.8,1.265,Fnatic
adi1,jng,UL,2,44,0.682,87.7,72.4,74.3,69.2,64.6,75.8,62.9,73.5,1.263,Illuminar Gaming
xiaocaobao,mid,LDL,2,93,0.634,72.6,90.8,68.1,59.6,82.9,75.8,59.4,77.1,1.259,Ultra Prime Academy|Young Miracles
Hanabi,top,PCS,15,85,0.659,73.2,83.0,67.0,72.1,83.6,75.8,59.3,77.2,1.255,PSG Talon
Rhuckz,sup,LVP SL,2,61,0.656,75.3,79.4,75.1,77.2,67.5,75.7,62.6,73.7,1.253,Fnatic|Fnatic TQ
Acerola,jng,EL,3,41,0.829,85.3,71.0,72.0,70.5,73.3,75.7,60.7,75.8,1.247,Aurelius Esports|Descuydado Aucas Esports
Danny,bot,LCS,1,102,0.627,83.4,67.1,78.5,71.9,76.2,75.7,59.3,77.1,1.251,Evil Geniuses
Bin,top,LPL,1,140,0.621,85.9,62.9,83.1,61.5,87.2,75.7,58.2,78.0,1.254,Bilibili Gaming|Royal Never Give Up
Darshan,top,LCSA,2,93,0.624,84.5,62.7,73.6,74.2,86.8,75.7,57.7,78.2,1.248,Cloud9|Cloud9 Academy
Dream,mid,LDL,2,94,0.67,67.5,79.6,77.8,74.1,87.1,75.7,55.8,79.3,1.251,V5 87|Victory Five
Hans Sama,bot,LCS,1,79,0.646,86.2,65.0,75.6,74.1,74.1,75.6,59.6,76.7,1.236,Team Liquid
Hope,bot,LPL,1,120,0.683,64.1,77.6,79.3,80.2,88.7,75.6,52.9,80.2,1.237,JD Gaming|Team WE
Trigger,bot,LCKC,2,91,0.637,70.2,85.4,61.7,76.7,83.8,75.5,63.0,72.7,1.226,T1 Esports Academy
donbray,sup,PGC,2,45,0.733,83.7,72.2,80.1,66.6,67.9,75.5,61.3,74.9,1.225,100 Thieves Next|Evil Geniuses Prodigies
Heroic,mid,LPLOL,3,68,0.647,84.7,67.3,71.0,70.6,82.0,75.4,64.5,69.9,1.213,EGN Esports
Oscarinin,top,LVP SL,2,59,0.644,87.6,73.4,71.4,68.5,64.0,75.4,63.7,71.5,1.221,Fnatic TQ
Trymbi,sup,LEC,1,73,0.603,81.3,75.4,75.6,73.4,62.6,75.4,62.6,73.1,1.221,Rogue
Aladoric,sup,LCO,15,33,0.818,87.6,72.3,71.2,73.5,59.6,75.4,61.6,74.4,1.219,Chiefs Esports Club
DuaLL,sup,NLC,2,86,0.651,87.5,67.3,67.8,69.4,80.9,75.4,60.7,75.4,1.216,Bifrost|UCAM Esports
Kasing,sup,NLC,2,79,0.671,61.2,81.1,79.9,80.3,86.0,75.4,56.8,78.6,1.22,X7 Esports
Nite,mid,UL,2,76,0.724,82.9,67.3,77.8,69.6,78.6,75.4,54.9,79.4,1.216,AGO ROGUE
ISMA,jng,PRM,3,55,0.618,79.7,69.9,68.4,78.2,81.7,75.3,63.3,71.7,1.203,FC Schalke 04 Esports
Erdote,sup,LFL,2,92,0.554,67.6,80.6,74.3,76.2,82.0,75.2,63.7,70.9,1.192,Team BDS|Team BDS Academy
Vulcan,sup,LCS,1,123,0.61,69.1,72.7,78.2,78.8,87.5,75.2,57.9,77.7,1.198,Evil Geniuses
Prince,bot,LCK,1,58,0.586,84.2,80.6,58.4,72.7,66.2,75.1,65.4,67.5,1.183,Liiv SANDBOX
Once,jng,LJL,15,66,0.667,66.9,80.8,73.2,76.2,84.2,75.1,58.5,77.0,1.178,QT DIG∞
Rise,bot,LDL,2,86,0.663,72.2,81.4,76.9,64.3,80.4,75.1,57.2,78.0,1.187,Bilibili Gaming|Bilibili Gaming Junior
Chordy,mid,LMF,2,57,0.702,71.4,70.0,83.4,79.3,78.1,75.0,57.6,77.7,1.176,Boca Juniors Gaming
Fanatiik,jng,PGC,2,77,0.766,74.3,68.9,78.2,74.5,86.2,75.0,54.1,79.5,1.173,100 Thieves Next
pan,top,DDH,3,35,0.6,82.4,74.5,76.5,62.9,70.8,74.9,68.3,60.2,1.165,Isurus|The Kings
Attila,bot,NLC,2,61,0.59,81.0,77.8,65.9,69.2,72.9,74.9,66.6,64.2,1.162,Giants|X7 Esports
Thanatos,top,LCKC,2,94,0.585,66.7,82.7,82.1,68.7,76.9,74.9,63.6,70.3,1.158,Dplus Kia Challengers
Nobody,mid,LMF,2,37,0.676,84.2,78.4,66.1,68.4,64.6,74.9,63.2,71.1,1.164,EBRO|inf
Impact,top,LCS,1,123,0.61,77.1,66.7,76.0,75.7,84.7,74.9,57.4,77.7,1.16,Evil Geniuses
Tian,jng,LPL,1,117,0.65,64.8,75.4,86.1,73.2,86.9,74.9,53.7,79.6,1.158,Top Esports
Ssumday,top,LCS,1,75,0.573,66.4,83.1,79.1,76.4,69.6,74.8,63.2,70.8,1.154,100 Thieves
Stend,sup,NLC,2,75,0.68,71.2,77.0,73.0,74.2,82.6,74.8,61.2,73.8,1.15,Dusty|Giants
Seeker,top,LMF,2,57,0.684,69.0,86.8,68.4,74.7,71.8,74.8,59.0,76.3,1.156,Boca Juniors Gaming|KRÜ Esports
Izaenk,top,LMF,2,57,0.772,78.2,68.5,85.1,65.0,79.3,74.8,55.5,78.8,1.154,Pampas
TolanD,mid,LCKC,2,90,0.644,73.7,75.0,74.8,71.3,81.0,74.7,61.1,73.7,1.14,T1 Esports Academy
Noah,bot,LCKC,2,83,0.566,73.0,77.2,72.8,72.8,77.7,74.6,64.8,67.2,1.129,KT Rolster Challengers
Lucid,jng,LCKC,2,94,0.585,65.4,82.8,72.4,77.3,79.2,74.6,63.2,70.3,1.128,Dplus Kia Challengers
IgnaVilu,sup,LMF,2,69,0.638,66.2,89.8,66.8,73.3,75.0,74.6,60.3,74.7,1.137,Boca Juniors Gaming|KRÜ Esports|Movistar R7
Rookie,mid,LPL,1,85,0.635,73.5,78.4,72.0,72.5,75.4,74.6,60.1,74.8,1.129,Victory Five
Brayaron,top,LHE,2,30,0.833,86.7,62.0,77.0,73.3,70.0,74.6,60.1,74.9,1.137,Furious Gaming|inf
Stefan,jng,NLC,2,38,0.632,80.3,75.3,77.5,70.9,59.3,74.5,67.1,61.8,1.12,Riddle Esports
Scenari0,bot,SL (LATAM),3,49,0.714,82.3,72.7,69.0,66.8,76.1,74.5,61.9,72.3,1.123,Incubus
Noltey,jng,LFL2,2,64,0.719,69.3,75.3,83.5,70.5,79.1,74.5,59.1,75.7,1.118,IziDream
Accez,jng,CBLOLA,3,53,0.755,65.2,81.2,74.6,76.9,79.7,74.5,59.0,75.8,1.118,paiN Gaming Academy
Winsome,sup,PRM,3,64,0.688,61.6,80.7,75.8,74.0,91.1,74.4,57.6,77.0,1.109,Cloud9|Cloud9 Academy|Unicorns of Love Sexy Edition
Quid,mid,LCKC,2,56,0.554,75.0,75.6,80.2,67.4,70.6,74.3,67.0,61.4,1.101,Gen.G|Gen.G Global Academy
Robocop,top,HM,3,58,0.655,68.0,79.9,74.9,73.9,77.6,74.3,62.3,71.2,1.101,Entropiq
Insulator,mid,LDL,2,93,0.613,66.3,84.1,70.2,71.6,82.3,74.3,61.4,72.7,1.108,Joy Dream
Scarface,top,PRM,3,64,0.656,74.6,69.8,74.5,72.0,86.3,74.3,61.0,73.2,1.105,FC Schalke 04 Esports|Unicorns of Love Sexy Edition
BAO,bot,TCL,15,27,0.593,80.0,79.4,64.9,73.5,61.4,74.2,67.0,61.2,1.096,Fenerbahçe Esports
Gori,mid,PCS,15,64,0.578,79.1,78.9,63.3,69.8,72.6,74.2,65.0,65.8,1.093,FunPlus Phoenix|PSG Talon
Rahel,bot,LCKC,2,94,0.585,72.9,77.6,71.9,68.3,81.6,74.2,62.8,70.3,1.098,Dplus Kia Challengers
KinGi,jng,LMF,2,53,0.642,76.7,78.6,68.4,72.5,68.5,74.2,61.9,71.6,1.09,Boca Juniors Gaming|Maycam Evolve
Pleata,bot,LCKC,2,85,0.624,56.7,85.7,76.3,82.5,79.5,74.2,60.4,73.8,1.089,Kiwoom DRX Challengers
EMENES,mid,NLC,2,36,0.75,93.3,76.2,56.2,62.6,62.1,74.2,59.1,75.3,1.09,JD|XL
Medzz,mid,LDL,2,115,0.678,68.2,78.6,65.6,74.0,91.8,74.2,55.7,78.2,1.097,MAX
Backlund,mid,NLC,2,84,0.714,81.2,66.1,71.7,71.3,81.2,74.2,54.6,78.8,1.094,Dusty
Rylle,mid,NLC Aurora Open,3,20,0.7,84.9,74.5,74.7,62.5,61.0,74.1,65.9,63.6,1.086,Nativz
Innaxe,bot,LFL,2,73,0.575,67.3,80.4,69.3,79.0,77.2,74.1,61.6,72.0,1.086,GameWard
Sunblast,top,LMF,2,63,0.635,73.9,67.9,88.9,69.6,73.9,74.1,61.1,72.7,1.086,Boca Juniors Gaming|Leviatan
winnie,jng,PGC,2,93,0.613,84.7,65.1,65.5,71.6,81.8,74.1,60.1,74.1,1.085,Area of Effect Esports|Immortals Area of Effect|Saint Louis University
Shiganari,bot,PRM,3,41,0.756,76.5,74.1,74.6,72.8,69.1,74.1,59.9,74.3,1.082,Unicorns of Love Sexy Edition|Unicorns of Love.CIS
Wayward,top,LPL,1,112,0.661,68.1,69.7,84.4,72.6,87.4,74.1,51.9,79.9,1.081,Top Esports
Siwoo,top,LAS,3,39,0.59,79.2,66.8,74.8,75.0,73.8,74.0,66.1,62.7,1.074,Dplus Kia Academy
Ssol,bot,LJL,15,63,0.571,80.1,78.0,64.6,72.1,65.2,74.0,65.5,64.1,1.074,Rascal Jester
Crazy,top,TCL,15,46,0.543,83.8,75.9,68.7,66.4,62.0,73.9,67.5,59.0,1.068,Galatasaray Esports
VirusFx,bot,DDH,3,36,0.694,81.6,75.5,70.6,66.8,65.4,73.9,62.4,70.1,1.061,Six Karma|The Kings
Velja,jng,ESLOL,3,35,0.571,79.8,77.2,63.9,71.7,68.1,73.9,61.8,71.3,1.068,Ion Squad|Partizan Esports
ProDelta,sup,CBLOLA,3,53,0.755,75.2,76.1,66.8,70.0,80.6,73.9,57.9,76.2,1.068,paiN Gaming Academy
Jwei,sup,LDL,2,88,0.648,69.9,74.7,76.9,69.1,84.4,73.9,56.6,77.3,1.067,Bilibili Gaming|Bilibili Gaming Junior
Elyoya,jng,LEC,1,57,0.509,80.5,77.8,73.0,70.6,54.3,73.8,67.8,57.8,1.055,MAD Lions KOI
Artifact,mid,VCS,15,84,0.571,82.9,68.8,69.8,64.1,80.5,73.8,64.2,66.4,1.053,Team Secret
Akabane,jng,LFL,2,73,0.575,78.6,71.0,65.2,73.2,80.6,73.8,61.2,72.0,1.055,GameWard
Peach,jng,LCKC,2,40,0.75,85.8,73.6,62.5,67.0,68.0,73.8,58.5,75.5,1.057,Kiwoom DRX|Kiwoom DRX Challengers
Thayger,jng,NEXO,3,56,0.821,64.2,73.7,86.5,71.7,83.6,73.8,53.6,79.1,1.053,Ramboot Club|UCAM Esports
Summit,top,LPL,1,60,0.567,88.2,72.5,63.4,62.1,69.5,73.7,63.8,67.1,1.047,Cloud9|FunPlus Phoenix
Bwipo,top,LCS,1,80,0.637,88.6,61.1,71.4,65.4,77.9,73.7,57.8,76.0,1.044,Team Liquid
Ganks,jng,EL,3,40,0.9,86.2,67.0,70.3,63.1,75.9,73.7,57.3,76.5,1.046,Saprissa Esports
Xuradel,mid,EL,3,42,0.905,81.6,67.4,73.5,65.9,78.4,73.7,56.6,77.2,1.048,Saprissa Esports
fNb,top,CBLOL,15,57,0.596,75.3,77.9,69.4,66.9,74.9,73.6,64.5,65.4,1.041,FURIA
Luon,sup,LAS,3,66,0.636,76.1,76.3,62.4,67.1,85.0,73.6,61.9,70.5,1.038,Nongshim RedForce Academy
Deft,bot,LCK,1,130,0.554,72.9,70.6,75.4,72.2,81.2,73.6,61.3,71.5,1.039,Kiwoom DRX
Melonik,top,LFL,2,73,0.575,74.5,78.5,62.6,70.9,78.8,73.6,61.0,72.0,1.04,GameWard
Secret,sup,LJL,15,63,0.571,80.9,77.0,62.0,73.2,63.3,73.5,64.9,64.1,1.028,Rascal Jester
BeryL,sup,LCK,1,130,0.546,82.6,66.1,73.0,62.3,82.2,73.5,62.4,69.5,1.034,Kiwoom DRX
Will,jng,LCSA,2,55,0.618,76.8,70.6,75.6,70.0,73.2,73.5,61.5,70.9,1.027,100 Thieves Academy
Jankos,jng,LEC,1,89,0.629,73.2,72.4,81.1,67.6,74.0,73.5,56.7,76.9,1.032,G2 Esports
Kryze,top,NLC,2,70,0.629,87.6,61.7,77.4,64.6,69.9,73.4,63.8,66.4,1.025,JD|XL
Robo,top,CBLOL,15,61,0.607,80.2,70.5,67.3,73.6,70.7,73.4,63.0,68.0,1.023,LOUD
marlon,sup,UL,2,85,0.588,81.5,69.0,66.0,72.1,74.1,73.4,62.3,69.4,1.026,Berlin International Gaming|Team ESCA Gaming
JimieN,mid,LCSA,2,117,0.581,74.4,66.8,82.2,64.1,86.0,73.4,58.5,75.0,1.021,100 Thieves Academy
Hantera,sup,LFL,2,86,0.605,69.1,68.7,81.3,72.5,84.7,73.4,56.1,77.3,1.025,Karmine Corp
Mart,jng,LPLOL,3,67,0.597,80.0,74.9,63.6,64.2,78.2,73.3,64.6,64.2,1.009,White Dragons
SuperCleber,top,CBLOLA,3,55,0.6,74.6,72.9,74.0,68.4,76.4,73.3,64.2,65.3,1.014,Flamengo Academy|LØS Academy
Koala,sup,PCS,15,72,0.694,77.3,68.3,76.0,67.4,78.4,73.3,56.8,76.6,1.016,CTBC Flying Oyster
BalKhan,jng,LCO,15,69,0.609,87.6,65.5,67.4,63.9,73.7,73.2,63.4,66.7,1.005,Pentanet.GG
HARPOON,bot,UL,2,85,0.588,74.1,69.1,75.4,71.9,78.7,73.2,62.0,69.4,1.003,Berlin International Gaming|Team ESCA Gaming
Zwyroo,mid,LVP SL,2,79,0.62,78.4,67.6,78.8,64.7,76.1,73.2,60.6,71.8,1.001,Team Heretics
Meiko,sup,LPL,1,119,0.605,70.5,68.2,81.2,69.2,85.5,73.2,55.9,77.2,1.004,EDward Gaming
Thesnake,bot,LDL,2,42,0.619,73.6,86.5,63.7,65.9,65.1,73.1,63.3,66.8,1.0,TEAM ORANGE
huhi,sup,LCS,1,76,0.566,84.4,70.9,64.1,70.4,65.2,73.1,61.9,69.5,0.996,100 Thieves
Ocean,jng,LMF,2,61,0.623,83.3,67.7,72.0,67.2,68.6,73.1,60.3,72.2,0.999,EBRO
Comp,bot,LEC,1,73,0.603,76.8,72.7,74.5,69.3,67.4,73.1,59.6,73.1,0.994,Rogue
DONGGY,top,LCO,15,69,0.609,64.8,78.2,75.2,71.7,80.9,73.0,63.2,66.7,0.99,Pentanet.GG
Emets,bot,LHE,2,56,0.625,78.6,72.7,70.8,66.8,70.6,73.0,62.5,68.1,0.988,Master Girl|Meta Gaming
Zeka,mid,LCK,1,130,0.546,76.4,67.7,74.3,66.2,83.1,73.0,61.8,69.5,0.989,Kiwoom DRX
Tenacity,top,LCSA,2,56,0.607,85.3,63.4,73.4,68.4,68.8,73.0,61.8,69.5,0.99,100 Thieves|100 Thieves Academy
Furuy,mid,NLC,2,81,0.63,74.1,67.9,76.2,70.9,79.8,73.0,60.6,71.5,0.986,Bifrost
ppgod,sup,LPL,1,99,0.667,70.2,63.9,86.6,68.0,88.4,73.0,52.7,79.1,0.99,Victory Five
Wizer,top,CBLOL,15,61,0.59,80.1,78.0,59.5,64.2,73.4,72.9,63.9,65.0,0.981,paiN Gaming
Breathe,top,LPL,1,134,0.59,70.9,74.1,72.4,66.4,85.1,72.9,56.9,76.1,0.978,Bilibili Gaming|Royal Never Give Up
Enty,sup,LJL,15,66,0.667,75.1,70.8,64.5,74.1,81.5,72.9,55.9,77.0,0.982,QT DIG∞
Keii,top,GL,3,47,0.83,94.2,56.4,66.2,61.2,80.2,72.9,55.7,77.1,0.977,Zeu5 Bogota
XinMo,sup,LDL,2,115,0.678,68.2,76.8,65.7,70.2,89.4,72.9,54.1,78.2,0.976,MAX
Pak,mid,LFL2,2,26,0.462,81.2,77.0,70.8,69.6,49.3,72.8,69.8,49.7,0.969,Atletec|Sprout
Alowhed,mid,LHE,2,37,0.486,76.8,72.3,78.6,65.4,66.1,72.8,68.5,53.0,0.968,Meta Gaming|River Plate Gaming|Undead Gaming
Uprising,top,EL,3,29,0.621,72.1,79.4,71.7,72.4,62.5,72.8,66.1,59.3,0.971,Aurelius Esports|Goat Esports
Tracyn,top,UL,2,66,0.606,80.2,65.0,76.8,66.4,74.1,72.8,62.3,68.0,0.969,Illuminar Gaming|Komil & Friends
Khantos,bot,HM,3,58,0.655,80.6,67.1,67.1,69.1,78.2,72.8,60.6,71.2,0.973,Entropiq
Hery,top,LDL,2,67,0.597,68.7,80.7,72.1,67.8,73.8,72.8,60.6,71.2,0.975,Ultra Prime|Ultra Prime Academy
Odoamne,top,LEC,1,73,0.603,75.4,71.0,69.6,77.1,68.6,72.8,59.3,73.1,0.971,Rogue
Ichikawa,bot,EL,3,33,0.727,83.6,75.3,54.8,71.4,65.9,72.7,61.5,69.4,0.962,Atomic México|Aurelius Esports|The Kings
Click,sup,PGN,3,54,0.648,81.6,66.9,74.2,55.1,84.3,72.7,61.3,69.7,0.961,Macko Esports
RAMES,jng,HM,3,58,0.655,77.3,67.6,66.9,74.0,78.5,72.7,60.5,71.2,0.965,Entropiq
Shikari,top,NLC,2,81,0.63,61.9,85.6,65.6,74.2,78.9,72.7,60.3,71.5,0.963,Bifrost
Duoking1,sup,PGC,2,98,0.663,91.6,61.2,60.8,63.3,78.6,72.7,59.0,73.4,0.96,Area of Effect Cows|Area of Effect Ginger Turmeric|Dinka Never Homeless Again|Ginger Turmeric
Ninten,sup,NEXO,3,27,0.852,81.0,61.9,86.8,59.6,73.4,72.6,59.7,72.2,0.953,Ramboot Club
Camilo,jng,LHE,2,45,0.689,61.5,77.9,80.4,71.8,79.6,72.6,58.6,73.7,0.952,Furious Gaming|XTEN Esports
Lens,bot,PGC,2,50,0.78,84.2,56.4,80.9,66.0,76.4,72.6,54.8,77.6,0.957,100 Thieves Next|Ginger Turmeric
Aithusa,mid,CBLOLA,3,46,0.63,68.5,77.7,70.7,73.0,73.2,72.5,63.3,65.4,0.951,LOUD Academy
Uniboy,mid,PCS,15,64,0.609,79.0,74.1,64.6,67.2,70.8,72.5,63.2,65.5,0.945,J Team
Decay,mid,PRM,3,72,0.597,71.9,73.0,74.3,64.8,81.1,72.5,62.1,67.9,0.949,FC Schalke 04 Esports
Pullbae,mid,LCKC,2,94,0.585,69.2,74.0,72.6,71.3,79.2,72.5,60.8,70.3,0.946,Dplus Kia Challengers
Woohee,sup,LHE,2,71,0.634,80.7,72.9,60.7,69.2,71.6,72.5,60.5,70.7,0.945,Movistar Optix
Wilson,jng,PGC,2,102,0.588,82.8,58.6,76.7,62.1,84.0,72.4,60.5,70.6,0.937,Cincinnati Fear|Taco Gaming|Team Fish Taco
Nuguri,top,LCK,1,57,0.614,79.7,69.5,77.4,65.6,63.0,72.4,60.3,70.9,0.938,Dplus Kia
Dhokla,top,LCSA,2,81,0.593,81.6,68.5,65.7,65.1,76.5,72.4,58.3,74.0,0.942,CLG Academy|Counter Logic Gaming
Adam,top,LFL,2,71,0.535,74.7,69.6,79.3,62.9,75.0,72.3,63.7,63.9,0.93,Team BDS|Team BDS Academy
Deadly,bot,LVP SL,2,68,0.574,75.5,74.4,67.8,69.1,70.1,72.3,62.4,66.8,0.933,Barça eSports
Odi11,bot,NLC,2,68,0.603,74.5,68.2,71.8,73.7,74.6,72.3,61.4,68.7,0.928,Bifrost
forse,mid,LDL,2,83,0.554,65.3,79.5,73.3,71.3,74.5,72.3,61.0,69.6,0.933,Weibo Gaming Youth Team
Heng,jng,LDL,2,77,0.623,64.0,78.4,73.1,69.2,81.6,72.2,60.6,70.1,0.926,Team WE|Young Miracles
Minous,sup,LAS,3,37,0.757,81.6,60.0,86.3,58.1,75.3,72.2,58.7,73.1,0.923,T1 Esports Academy Rookies
Wamu,top,LHE,2,52,0.538,74.3,75.5,71.3,66.1,68.3,72.1,66.0,57.7,0.916,Meta Gaming|Stone Movistar
JayJ,sup,LCSA,2,95,0.558,72.6,67.7,68.6,74.5,81.9,72.1,59.7,71.4,0.913,Dignitas Academy
Pride,top,PRM,3,63,0.619,75.3,71.5,72.4,62.1,77.4,72.0,62.6,65.7,0.909,Eintracht Spandau
Prime,sup,PRM,3,63,0.619,72.6,71.5,71.4,64.3,82.7,72.0,62.6,65.7,0.909,Eintracht Spandau
denyk,sup,HM,3,58,0.655,73.7,70.7,68.2,68.9,79.7,72.0,59.7,71.2,0.904,Entropiq
costy,bot,LPLOL,3,72,0.681,66.3,70.2,75.7,72.1,85.0,72.0,58.5,73.1,0.907,For The Win Esports
Thumb,sup,LAS,3,39,0.59,71.3,71.5,76.9,67.9,73.4,71.9,63.8,62.7,0.9,Dplus Kia Academy
Bong,top,TCL,15,22,0.818,88.3,66.9,63.3,67.3,59.4,71.9,59.3,71.7,0.897,NASR eSports Turkey
Saint,mid,LAS,3,39,0.59,82.6,57.8,78.0,65.6,75.2,71.8,63.7,62.7,0.892,Dplus Kia Academy
Kongyue,jng,PCS,15,64,0.609,73.8,76.3,65.1,68.1,71.1,71.8,62.5,65.5,0.892,J Team
Kice,sup,LCKC,2,67,0.567,66.0,74.5,75.2,73.5,73.4,71.8,62.4,65.6,0.891,KT Rolster Challengers
Nipphu,top,DDH,3,59,0.593,75.0,70.7,69.5,64.7,78.9,71.8,61.5,67.6,0.893,Six Karma
DARKWINGS,mid,LCSA,2,87,0.621,76.5,66.2,70.7,64.9,82.7,71.8,58.7,72.5,0.892,100 Thieves Next|Dignitas Academy
Gemini,jng,PCS,15,75,0.68,70.6,67.6,80.6,65.9,80.3,71.8,56.0,75.8,0.891,CTBC Flying Oyster
Nafkelah,mid,LFL2,2,61,0.525,79.4,69.8,67.6,68.5,66.3,71.7,68.0,51.5,0.885,Tony Parker Adéquat Academy
Woody,sup,PCS,15,62,0.613,75.5,72.9,66.8,65.1,75.1,71.7,62.3,65.8,0.888,Deep Cross Gaming
Ceos,sup,CBLOL,15,61,0.607,64.9,73.0,83.7,69.5,73.1,71.7,61.2,68.0,0.886,LOUD
Eren,mid,HM,3,58,0.655,80.5,64.5,68.7,67.5,74.9,71.7,59.4,71.2,0.882,Entropiq
Bucket,sup,SL (LATAM),3,39,0.641,76.8,61.3,78.5,69.5,75.2,71.7,56.9,74.8,0.887,Spectacled Bears
Ethe,top,NEXO,3,49,0.755,86.7,59.3,70.9,62.2,75.0,71.7,54.8,76.8,0.882,Oxygen Valiants|Ramboot Club
Jiwoo,bot,LCKC,2,91,0.571,77.7,66.8,68.7,65.9,78.3,71.6,60.0,70.1,0.879,Nongshim Esports Academy|Nongshim RedForce Academy
Mercy9,mid,TAL,3,45,0.556,72.8,72.6,76.1,61.6,73.0,71.5,66.8,54.0,0.867,Beşiktaş Academy|Galakticos Academy|Gentlemen's Gaming
Wako,bot,PCS,15,72,0.556,79.5,72.4,58.1,65.5,75.1,71.5,64.6,59.7,0.868,Beyond Gaming
Kynetic,bot,PRM,3,63,0.619,64.7,72.5,76.4,70.4,81.7,71.5,62.1,65.7,0.871,Eintracht Spandau
Leaky,top,PCS,15,59,0.593,83.5,66.2,58.0,71.6,71.2,71.5,62.1,65.8,0.873,Deep Cross Gaming
Xingye,bot,LDL,2,79,0.62,61.5,79.0,81.0,62.1,80.2,71.5,61.4,67.3,0.874,FunPlus Phoenix|FunPlus Phoenix Blaze
Moopz,sup,ESLOL,3,80,0.625,73.4,67.4,64.7,70.7,86.3,71.5,61.1,67.7,0.868,KRC Genk Esports
Van1,jng,LAS,3,39,0.641,66.5,80.3,73.9,66.8,67.5,71.5,59.0,71.6,0.873,T1 Esports Academy Rookies
Spike,bot,LAS,3,39,0.538,69.5,80.0,68.8,69.6,63.1,71.4,65.1,58.3,0.865,Hanwha Life Esports Academy
Yuri,mid,LCO,15,73,0.575,76.6,69.4,68.5,63.6,77.0,71.4,64.0,61.0,0.864,Pentanet.GG|Vega Squadron
Cboi,jng,NLC,2,73,0.658,72.9,67.8,72.5,68.2,77.8,71.4,54.6,76.8,0.863,Bifrost|Macko Esports
Myths,top,LDL,2,85,0.659,73.2,67.3,78.6,61.1,80.2,71.4,53.1,77.9,0.865,Bilibili Gaming Junior
Carim,jng,LAS,3,34,0.647,74.6,73.0,72.5,65.8,65.1,71.3,61.8,65.9,0.854,Nongshim RedForce Academy
Baca,mid,LVP SL,2,59,0.644,61.9,72.9,88.3,72.4,67.1,71.3,58.9,71.5,0.858,Fnatic TQ
xDrop,bot,LPLOL,3,69,0.638,82.3,60.2,66.5,65.6,81.3,71.2,61.1,67.2,0.848,EGN Esports
MAXI,jng,LVP SL,2,59,0.644,74.4,62.7,80.5,70.8,69.9,71.2,58.8,71.5,0.85,Fnatic TQ
Bean,bot,LVP SL,2,59,0.644,66.1,68.2,87.8,71.8,67.8,71.2,58.8,71.5,0.85,Fnatic TQ
Maggie,jng,LDL,2,98,0.612,61.8,79.6,72.4,65.2,81.9,71.1,57.7,72.9,0.84,Joy Dream|Weibo Gaming Youth Team
Sting,jng,CBLOLA,3,54,0.593,62.8,75.0,76.4,71.1,75.0,71.0,62.5,63.7,0.835,Flamengo Academy|Flamengo MDL|LØS Academy
Trigo,bot,CBLOL,15,61,0.59,65.3,74.5,76.9,69.1,72.3,71.0,62.0,65.0,0.838,paiN Gaming
Lindgarde,bot,PGN,3,60,0.633,66.8,72.8,68.3,74.6,76.8,71.0,61.0,67.0,0.833,WLGaming Esports|aNc Outplayed
Angel,mid,LPL,1,93,0.559,62.6,80.9,70.8,68.6,73.7,71.0,60.2,68.6,0.832,Weibo Gaming
KennyChan,jng,LDL,2,109,0.67,66.5,72.3,66.5,67.8,89.6,71.0,52.9,77.8,0.834,MAX
Bvoy,bot,LLA,15,29,0.552,75.5,74.1,74.9,62.8,57.9,70.9,65.1,57.1,0.831,Estral Esports
Kiefer,mid,LMF,2,45,0.489,78.3,73.5,65.7,64.5,62.6,70.9,64.2,59.3,0.826,All Knights|KRÜ Esports
Zest,top,LCKC,2,74,0.554,65.9,72.8,75.8,68.6,76.0,70.9,62.8,62.8,0.828,Gen.G|Gen.G Global Academy
Robba,top,ESLOL,3,80,0.625,59.7,76.4,68.8,74.2,85.5,70.9,60.6,67.7,0.831,KRC Genk Esports
Zven,sup,LCS,1,38,0.632,75.3,73.6,63.2,75.7,57.9,70.9,59.7,69.4,0.827,Cloud9
Dragku,sup,LCO,15,31,0.774,83.6,67.8,66.9,64.9,59.5,70.9,58.8,71.0,0.828,Chiefs Esports Club
Cyku,mid,LDL,2,67,0.806,67.8,74.6,67.4,67.0,80.4,70.9,49.2,79.7,0.827,EDG Youth Team
Wiz,jng,CBLOL,15,53,0.604,64.5,80.8,62.5,74.4,71.2,70.8,62.6,63.1,0.821,KaBuM! Esports
Doxy,top,LVP SL,2,54,0.593,69.4,75.8,69.9,69.4,67.0,70.8,62.4,63.5,0.82,Axolotl|UCAM Esports
Lynkez,mid,CBLOLA,3,30,0.633,63.2,84.7,67.1,70.6,64.5,70.8,61.7,65.2,0.823,Flamengo Academy
Light,bot,LPL,1,113,0.531,67.6,77.2,67.7,68.7,71.9,70.8,61.1,66.4,0.821,LNG Esports
Garvey,top,LDL,2,78,0.654,66.7,80.6,60.8,68.5,76.0,70.8,58.5,71.4,0.824,LGD Gaming|MAX
VicLa,mid,LCK,1,84,0.571,79.1,62.2,71.9,68.4,70.3,70.8,58.0,72.1,0.82,KT Rolster|KT Rolster Challengers
Guigo,top,CBLOL,15,67,0.567,67.5,69.5,76.5,71.6,72.3,70.7,61.3,65.7,0.81,RED Canids
Aytekn,top,TAL,3,46,0.587,73.6,66.3,78.3,63.5,71.8,70.6,60.5,67.3,0.806,Fenerbahçe Academy|SuperMassive Blaze Academy
Aiming,bot,LCK,1,98,0.49,72.5,71.1,69.7,62.4,76.2,70.5,65.1,56.1,0.801,KT Rolster
Skude,jng,ESLOL,3,59,0.542,82.8,58.8,66.5,70.6,69.9,70.5,64.4,57.8,0.798,Crvena zvezda Esports|mCon esports
PrettyGRE,mid,LCSA,2,106,0.481,71.2,69.9,66.7,67.6,78.6,70.5,64.2,58.5,0.803,Immortals Academy
Goot,jng,CBLOL,15,51,0.608,73.6,69.2,70.2,68.8,68.3,70.5,61.7,64.6,0.803,FURIA|FURIA Youth
Joo,sup,LPLOL,3,70,0.629,62.5,76.9,66.6,67.7,85.3,70.5,60.5,67.2,0.803,EGN Esports
JDG,top,LFL2,2,64,0.719,56.5,72.4,83.2,77.2,75.9,70.5,54.9,75.7,0.8,IziDream
Pooh,sup,LAS,3,40,0.525,77.1,67.0,73.3,63.0,67.0,70.4,65.2,55.7,0.796,Hanwha Life Esports Academy
Keduii,bot,LVP SL,2,65,0.554,78.8,70.2,61.9,66.4,66.3,70.4,62.3,62.9,0.793,Berlin International Gaming|Giants
Aklass,bot,HC,3,23,0.609,82.7,66.4,70.9,63.4,57.1,70.4,62.0,63.6,0.792,Dark Tigers Academy
Lilv,bot,PCS,15,64,0.609,74.0,69.0,67.2,66.4,74.1,70.4,61.2,65.5,0.794,J Team
Savero,jng,HM,3,45,0.644,69.7,67.0,72.7,73.4,72.6,70.4,60.1,67.7,0.79,Dynamo Eclot
Razork,jng,LEC,1,76,0.579,78.9,66.9,64.8,68.0,67.4,70.4,58.5,70.8,0.796,Fnatic
KreshtDoo,bot,LHE,2,71,0.634,74.8,69.5,63.7,69.6,71.4,70.4,58.5,70.7,0.793,Movistar Optix
Acce,top,LLA,15,57,0.632,65.3,67.5,67.6,79.8,80.5,70.4,57.3,72.6,0.793,Estral Esports
Lele,sup,LDL,2,124,0.629,68.2,65.4,72.6,65.2,90.7,70.4,54.2,76.3,0.795,FunPlus Phoenix|FunPlus Phoenix Blaze
FIESTA,mid,LCKC,2,110,0.491,66.4,78.4,64.0,64.7,77.6,70.2,65.1,55.4,0.78,Nongshim Esports Academy|Nongshim RedForce
Lamabear,jng,PRMP,3,23,0.739,71.5,75.2,68.9,66.0,63.5,70.2,65.0,55.7,0.781,Hertha BSC eSport
Max1,sup,LPLOL,3,32,0.5,68.6,71.5,69.4,69.5,73.4,70.2,61.9,63.3,0.777,GTZ Esports|Guasones
dyNquedo,mid,CBLOL,15,61,0.59,63.2,75.0,76.9,68.4,71.2,70.2,61.2,65.0,0.777,paiN Gaming
Trevor,sup,PGC,2,99,0.576,82.0,52.7,76.6,61.6,81.9,70.2,61.0,65.4,0.778,CLG Faith|Cloud9 Academy|Immortals Area of Effect|Team Fish Taco
Zoiren,mid,LFL2,2,43,0.465,81.3,70.4,65.8,64.0,56.0,70.2,60.6,66.4,0.782,BK ROG Esports
XLB,jng,LPL,1,26,0.731,73.4,78.0,68.5,64.4,55.4,70.2,58.9,69.7,0.779,Victory Five
Shaoye,bot,LDL,2,78,0.615,63.4,80.4,67.5,62.2,79.3,70.2,57.1,72.7,0.782,Young Miracles
Jojopyun,mid,LCS,1,123,0.61,73.8,58.1,77.8,68.0,80.2,70.2,52.4,77.7,0.782,Evil Geniuses
SAJATOR,mid,HM,3,66,0.53,67.6,73.7,68.2,64.8,77.9,70.1,64.6,56.4,0.772,eSuba
Jackies,mid,HM,3,43,0.628,81.3,69.1,56.6,67.0,66.0,70.1,61.0,65.2,0.771,Dynamo Eclot
svns,bot,UL,2,66,0.606,71.2,64.4,76.6,66.7,75.4,70.1,59.7,68.0,0.772,Illuminar Gaming|Komil & Friends
Special,mid,PRM,3,63,0.619,80.6,64.2,63.8,57.7,81.2,70.0,60.7,65.7,0.765,Eintracht Spandau
DenVoksne,bot,NLC,2,75,0.64,77.8,60.8,68.4,67.2,76.2,70.0,59.1,69.0,0.767,Dusty|MAD Lions Madrid
Kartana,jng,LHE,2,30,0.8,61.0,69.7,77.0,78.3,72.5,70.0,56.9,72.7,0.765,Furious Gaming
Shookz,jng,LMF,2,60,0.533,63.9,77.4,67.2,70.5,71.2,69.9,62.5,61.4,0.76,Boca Juniors Gaming|Movistar Optix|River Plate Gaming
Hasmed,top,VCS,15,118,0.525,73.2,68.9,66.8,58.2,83.1,69.9,61.4,64.0,0.761,Saigon Buffalo
Shogun,bot,VCS,15,118,0.525,76.1,60.9,71.5,60.3,84.2,69.9,61.4,64.0,0.761,Saigon Buffalo
iLEVI,sup,GLL,3,57,0.544,69.4,77.2,64.1,63.2,72.2,69.9,60.4,66.2,0.761,Anorthosis Famagusta Esports|Goskilla
Candy,jng,DDH,3,32,0.688,78.3,58.7,77.3,67.3,67.1,69.9,59.2,68.6,0.758,Atheris Esports
Hook,jng,LDL,2,43,0.628,63.7,78.8,75.9,63.0,67.4,69.9,58.2,70.5,0.759,Team Pinnacle
Kingen,top,LCK,1,130,0.546,62.1,71.5,70.0,73.7,80.1,69.8,58.7,69.5,0.755,Kiwoom DRX
Reeker,mid,LFL,2,71,0.592,71.3,64.5,67.0,73.8,76.0,69.8,57.2,72.0,0.755,MAD Lions KOI|Team BDS Academy
CptShrimps,mid,PGC,2,71,0.676,74.9,62.8,70.8,68.4,72.9,69.8,56.6,72.9,0.754,Area of Effect Ginger Turmeric|Dinka Never Homeless Again|Ginger Turmeric
Mayhem,top,DDH,3,66,0.652,66.1,69.7,74.1,64.8,80.4,69.8,55.6,74.2,0.754,Atheris Esports
Reedfoo,bot,HM,3,43,0.628,73.7,68.4,60.2,74.3,68.9,69.7,60.7,65.2,0.748,Dynamo Eclot
Follow,jng,LMF,2,49,0.653,66.0,73.0,79.4,60.5,71.3,69.7,59.2,68.3,0.746,Isurus|Pampas
TuT,bot,LDL,2,79,0.544,64.5,81.0,67.5,60.4,73.8,69.7,59.2,68.3,0.746,Joy Dream|Weibo Gaming Youth Team
Xico,mid,LFL,2,79,0.557,64.6,71.8,77.2,65.1,74.2,69.7,59.1,68.5,0.747,KOI|Team BDS Academy
IceBreaker,top,GLL,3,45,0.6,73.4,70.3,53.9,78.6,68.6,69.7,59.0,68.7,0.747,Esport Empire|WLGaming Esports
Blaber,jng,LCS,1,78,0.577,82.8,62.4,61.6,68.4,65.2,69.7,58.3,70.0,0.746,Cloud9
DasheR,mid,LJL,15,57,0.526,70.7,72.8,61.8,66.2,74.8,69.6,64.0,56.9,0.74,Fukuoka SoftBank HAWKS gaming
Shady,sup,PGC,2,37,0.595,79.2,66.0,74.3,62.6,56.3,69.6,63.0,59.4,0.739,Maryville University
Beenie,bot,CBLOLA,3,38,0.526,59.9,80.3,76.2,67.7,64.6,69.6,62.8,60.0,0.74,Axolotl|LOUD Academy
Haoye,jng,LDL,2,101,0.634,60.2,72.2,81.8,58.6,85.6,69.6,56.0,73.5,0.743,FunPlus Phoenix|FunPlus Phoenix Blaze
Ruin,top,TCL,15,23,0.565,77.1,72.5,68.2,59.7,58.6,69.5,62.7,59.9,0.732,NASR eSports Turkey
Shmebu,sup,LMF,2,31,0.613,60.7,72.2,85.2,69.5,64.5,69.5,61.5,62.9,0.733,Boca Juniors Gaming|Leviatan
Alternative,sup,LPLOL,3,38,0.605,84.3,68.2,54.5,65.3,60.7,69.5,61.0,64.2,0.736,White Dragons
vital,bot,LCKC,2,79,0.519,68.8,73.5,66.7,64.2,72.9,69.4,63.1,58.8,0.728,Nongshim Esports Academy|Nongshim RedForce|QT DIG∞
TitaN,bot,CBLOL,15,77,0.571,71.5,67.5,73.5,60.7,74.8,69.4,59.2,67.9,0.73,RED Canids
Breezy,sup,LCSA,2,91,0.56,67.9,70.1,69.0,69.1,72.6,69.4,58.2,69.7,0.726,CLG Academy|Counter Logic Gaming
Jerry,sup,LDL,2,66,0.667,62.4,78.9,71.0,63.6,71.8,69.4,54.3,75.3,0.728,Oh My God|V5 87
Caps,mid,LEC,1,89,0.629,77.3,62.6,68.5,67.9,67.4,69.4,52.7,76.9,0.729,G2 Esports
Gabbo,top,PGN,3,47,0.553,64.5,78.3,66.4,70.9,63.7,69.3,61.6,62.4,0.724,Atleta Esport
jiang,bot,LDL,2,25,0.6,66.9,80.9,65.3,67.4,57.8,69.3,61.6,62.3,0.72,FunPlus Phoenix Blaze
Sharvel,jng,LAS,3,39,0.59,84.1,55.7,65.2,63.1,75.4,69.3,61.4,62.7,0.718,Dplus Kia Academy
k1ng,bot,LCSA,2,90,0.589,67.6,67.3,64.4,68.0,85.9,69.3,53.9,75.7,0.72,Cloud9|Cloud9 Academy
CaTzzz,bot,SL (LATAM),3,38,0.553,71.6,73.8,71.1,60.1,62.5,69.2,62.7,59.4,0.714,God's Plan|Spectacled Bears
Kryzpo,top,LHE,2,71,0.634,65.2,68.0,73.7,72.9,71.1,69.2,57.5,70.7,0.718,Movistar Optix
Neadz,mid,LHE,2,71,0.634,79.2,66.2,59.6,62.6,72.1,69.2,57.5,70.7,0.718,Movistar Optix
Macaquinho,mid,NEXO,3,54,0.611,76.4,64.7,68.2,60.3,73.4,69.1,62.9,58.6,0.708,Kawaii Kiwis
Veignorem,sup,LFL2,2,49,0.49,66.3,74.0,76.2,63.2,63.5,69.1,61.0,63.3,0.708,BK ROG Esports|Team GO
Nae,mid,NEXO,3,35,0.543,73.1,65.3,80.4,54.1,72.1,69.1,60.6,64.3,0.709,Dead Rabbits Club|ECORP
EpicReaper,sup,DDH,3,27,0.667,64.4,77.9,67.1,71.7,60.9,69.1,59.7,66.3,0.711,Atheris Esports
whiteinn,sup,LVP SL,2,79,0.62,77.1,60.2,64.4,67.1,76.9,69.1,56.7,71.8,0.706,Team Heretics
Dal,top,LAS,3,56,0.679,67.2,63.4,80.1,63.8,78.7,69.1,53.5,75.9,0.707,T1 Esports Academy Rookies
Viking,jng,NLC,2,67,0.672,63.9,68.6,67.1,79.1,72.9,69.1,51.5,77.6,0.709,Dusty|X7 Esports
existence,top,PGC,2,67,0.672,82.9,53.5,73.6,62.6,70.0,69.0,58.9,67.8,0.705,Area of Effect Cows|Area of Effect Ginger Turmeric|Ginger Turmeric
ADD,top,LLA,15,62,0.532,65.7,75.6,59.4,73.7,69.1,68.9,62.9,58.2,0.695,Isurus
Alby,jng,LVP SL,2,79,0.532,66.1,71.9,69.2,67.3,71.6,68.9,62.5,59.2,0.695,BISONS ECLUB
GOLDENTO4ST,bot,EBL,3,66,0.636,57.9,70.7,80.2,69.0,77.5,68.9,59.4,66.5,0.693,Anorthosis Famagusta Esports|Crvena zvezda Esports
JoJo,sup,CBLOL,15,76,0.566,69.0,68.2,69.2,66.9,72.5,68.9,59.2,67.1,0.699,RED Canids
HAWHAW,mid,PGN,3,54,0.648,61.4,68.4,74.3,72.5,76.5,68.9,57.8,69.7,0.696,Macko Esports
Nash1c,bot,NEXO,3,27,0.852,79.9,64.1,68.6,60.8,63.2,68.9,56.3,72.2,0.696,Ramboot Club
Ferret,jng,TCL,15,63,0.667,66.5,70.9,75.2,62.2,71.5,68.9,55.1,73.9,0.697,İstanbul Wildcats
Sword,sup,PGC,2,71,0.69,65.9,67.1,66.7,70.2,81.3,68.9,54.9,74.2,0.698,100 Thieves Academy|100 Thieves Next
Paz,top,LJL,15,66,0.667,58.0,68.6,69.3,80.2,81.1,68.9,52.1,77.0,0.694,QT DIG∞
Peyz,bot,LCKC,2,74,0.527,63.8,74.0,67.4,68.6,71.7,68.8,63.4,56.7,0.69,Gen.G Global Academy
Calix,mid,LAS,3,66,0.636,69.4,66.6,61.8,67.8,82.8,68.8,57.3,70.5,0.69,Nongshim RedForce Academy
Farfetch,sup,TCL,15,63,0.667,76.0,56.3,77.3,62.1,75.4,68.8,55.0,73.9,0.69,İstanbul Wildcats
Hauz,mid,CBLOL,15,53,0.604,75.8,70.4,58.4,62.0,70.2,68.7,60.8,63.1,0.685,KaBuM! Esports
Worst,bot,LPLOL,3,67,0.597,65.6,63.8,73.1,71.0,78.3,68.7,60.3,64.2,0.684,White Dragons
Jensen,mid,LCS,1,41,0.585,70.7,63.4,77.2,72.7,58.9,68.7,59.6,65.8,0.684,Cloud9
minemaciek,sup,UL,2,66,0.606,73.9,68.3,59.1,65.7,73.2,68.7,58.5,68.0,0.682,Illuminar Gaming|Komil & Friends
Rharesh,bot,PGN,3,54,0.648,60.5,67.6,75.1,76.3,73.0,68.7,57.6,69.7,0.681,Macko Esports
Kektz,top,NLC,2,52,0.577,67.2,72.4,60.9,72.4,68.9,68.6,62.1,59.6,0.675,Diamant Esports|Riddle Esports
JTL,top,EL,3,29,0.552,81.1,69.9,53.7,66.4,56.9,68.6,61.2,61.8,0.676,Gravity Elite
Taki,sup,VCS,15,118,0.525,69.7,60.9,78.1,58.4,83.2,68.6,60.3,64.0,0.678,Saigon Buffalo
Kaido,jng,PGC,2,71,0.62,83.1,61.0,62.6,58.8,69.8,68.6,58.3,68.3,0.678,Ginger Turmeric|Taco Gaming
TomnaM,bot,LMF,2,60,0.633,59.6,68.2,79.5,71.2,73.3,68.5,56.0,72.2,0.674,EBRO
Milica,mid,LVP SL,2,43,0.535,70.1,69.7,67.7,66.1,65.3,68.4,64.1,54.1,0.667,Giants|Partizan Esports
Mask,mid,LCKC,2,62,0.516,67.2,76.7,62.9,65.1,65.3,68.4,64.1,54.0,0.664,KT Rolster Challengers
CoreJJ,sup,LCS,1,64,0.594,56.6,78.4,66.4,78.3,65.5,68.4,58.3,67.9,0.662,Team Liquid
wind,sup,LDL,2,74,0.622,69.0,72.6,61.5,58.2,80.2,68.4,56.0,72.1,0.666,Young Miracles
SeTab,mid,LCKC,2,66,0.667,66.0,68.6,70.0,68.4,71.9,68.4,53.2,75.6,0.664,Kiwoom DRX|Kiwoom DRX Challengers
Andathy,jng,EL,3,34,0.471,74.0,73.1,58.2,67.6,58.3,68.3,58.7,67.0,0.658,Red Rooster Team
Aegis,jng,CBLOL,15,77,0.571,76.1,53.3,71.6,69.9,74.6,68.3,58.3,67.9,0.662,RED Canids
Xiao17,jng,LDL,2,44,0.659,63.4,78.2,63.8,69.3,63.5,68.3,56.9,70.5,0.662,Joy Dream|MAX
Tierwulf,jng,LHE,2,67,0.657,75.5,60.8,69.9,61.6,73.2,68.3,55.5,72.7,0.659,Movistar Optix
Keine,mid,LLA,15,36,0.417,79.3,75.6,58.2,59.9,49.2,68.2,65.3,50.5,0.652,XTEN Esports
Visdom,sup,PRM,3,65,0.538,67.8,72.4,58.6,66.3,75.2,68.2,63.0,56.5,0.655,GamerLegion
Career,sup,LAS,3,45,0.533,81.6,62.4,60.6,59.2,69.3,68.2,62.6,57.5,0.653,DRX Academy
Envy,mid,CBLOL,15,57,0.596,70.4,68.6,66.6,65.4,67.8,68.2,59.4,65.4,0.656,FURIA
Jackspektra,bot,LVP SL,2,79,0.62,71.0,65.3,66.0,63.5,76.9,68.2,56.0,71.8,0.653,Team Heretics
Jelly,sup,LLA,15,63,0.524,71.3,68.5,65.6,65.6,65.6,68.1,63.3,55.5,0.647,Isurus
Camana,mid,TAL,3,32,0.562,59.0,74.0,79.2,70.0,60.5,68.1,62.8,56.8,0.648,SuperMassive Blaze|SuperMassive Blaze Academy
Misanthiel,top,LFL2,2,23,0.565,71.6,72.9,68.6,66.8,49.8,68.1,61.3,60.7,0.648,PCS Taran
Damage,sup,CBLOL,15,61,0.59,67.6,70.3,66.7,66.5,68.6,68.1,59.5,65.0,0.648,paiN Gaming
Praedyth,bot,LCO,15,69,0.609,76.1,53.4,74.1,63.3,78.4,68.1,58.7,66.7,0.65,Pentanet.GG
DANKI,top,GLLPA,3,26,0.577,62.8,73.2,71.7,71.9,60.6,68.1,58.4,67.3,0.647,Pentagon Maze
Berserker,bot,LCS,1,65,0.615,71.0,57.8,73.3,70.1,73.2,68.1,54.5,73.8,0.646,Cloud9
StarScreen,top,TCL,15,63,0.667,57.0,64.9,80.7,74.7,77.4,68.1,54.4,73.9,0.644,İstanbul Wildcats
Obstinatus,sup,LFL2,2,60,0.533,62.1,75.1,60.4,67.8,77.9,68.0,64.1,53.3,0.643,Tony Parker Adéquat Academy
Sebekx,mid,UL,2,73,0.534,64.0,73.9,62.2,70.0,70.2,68.0,61.8,59.2,0.641,Zero Tenacity
ArcaneTeddy,top,EBL,3,32,0.562,71.9,72.0,65.7,66.4,55.4,68.0,61.5,59.9,0.639,Valiance
BeanJ,jng,VCS,15,115,0.522,76.1,54.2,71.2,61.0,82.4,68.0,60.5,62.4,0.642,Saigon Buffalo
Leza,mid,LLA,15,47,0.468,70.2,71.1,70.4,62.1,59.4,67.9,62.5,57.2,0.637,All Knights|Estral Esports
Krim,bot,LMF,2,45,0.644,60.8,74.5,70.1,72.5,62.6,67.9,55.6,72.1,0.636,Boca Juniors Gaming|XTEN Esports
Arven,mid,NEXO,3,27,0.852,80.9,62.3,73.8,51.9,60.9,67.9,55.5,72.2,0.636,Ramboot Club
Pilot,mid,CBLOLA,3,42,0.524,67.2,74.0,59.7,71.8,61.7,67.8,61.5,59.6,0.63,Miners Academy
Manaty,jng,LFL2,2,40,0.5,70.2,69.4,67.8,66.2,59.8,67.7,64.8,50.8,0.623,Joblife
Hatrixx,mid,LVP SL,2,65,0.6,71.9,61.8,72.0,61.6,72.3,67.7,60.9,60.9,0.624,KOI|UCAM Esports
FGG,sup,NLC,2,75,0.613,75.1,60.9,67.4,66.2,66.5,67.7,59.6,64.0,0.624,Dusty|JD|XL
Flandre,top,LPL,1,107,0.598,60.5,67.9,66.6,70.7,82.6,67.7,53.6,74.6,0.624,EDward Gaming
Sounda,jng,LAS,3,32,0.625,66.7,81.1,63.3,56.8,60.5,67.6,60.8,60.9,0.619,Nongshim RedForce Academy
Grell,jng,LLA,15,68,0.544,78.6,54.2,71.0,64.0,68.8,67.5,60.6,61.2,0.612,Estral Esports|Isurus
APA,mid,PGC,2,49,0.592,79.8,57.9,65.3,64.7,63.9,67.5,60.1,62.4,0.611,Maryville University
Carry,sup,TCL,15,58,0.621,61.8,71.6,70.3,65.1,71.5,67.4,58.7,65.5,0.607,Fenerbahçe Academy|Fenerbahçe Esports
Shieldworm,mid,VL,3,49,0.735,81.5,59.8,59.0,60.3,69.4,67.4,54.8,72.7,0.608,Descuydado Aucas Esports|Skull Cracker
Zinco,bot,LDL,2,40,0.525,62.7,77.4,71.7,61.4,59.0,67.3,61.4,58.9,0.602,Royal Club|Royal Never Give Up
many,mid,UL,2,66,0.606,63.8,65.0,70.2,73.0,69.5,67.3,57.4,68.0,0.599,Illuminar Gaming|Komil & Friends
Bible,sup,LCKC,2,87,0.598,61.4,66.9,73.0,65.7,77.6,67.3,56.5,69.8,0.601,Dplus Kia|Dplus Kia Challengers
Isles,sup,LCSA,2,51,0.627,68.5,68.0,66.3,64.3,68.2,67.3,55.5,71.4,0.598,Cloud9|Cloud9 Academy
Ackerman,sup,LLA,15,42,0.5,65.6,73.2,65.4,66.9,60.8,67.2,64.4,50.9,0.597,inf
xiao7,top,LDL,2,78,0.526,60.2,74.8,69.2,59.9,75.4,67.2,60.6,60.6,0.594,ThunderTalk Gaming Young
Kurckoo,mid,SL (LATAM),3,41,0.512,75.5,63.8,65.1,66.3,58.2,67.2,59.4,63.5,0.593,Diamond Doves|Spectacled Bears
Croc,jng,CBLOL,15,64,0.578,70.8,58.8,70.4,66.8,73.0,67.2,58.8,64.9,0.595,LOUD|Miners
Stixxay,bot,LCSA,2,77,0.519,75.7,64.6,58.5,59.9,71.8,67.1,61.0,59.5,0.591,Golden Guardians|Golden Guardians Academy
Tinelli,sup,PGN,3,26,0.5,76.8,60.3,68.2,62.6,62.2,67.1,59.5,63.1,0.589,Axolotl
Parang,top,CBLOL,15,53,0.604,82.8,61.3,55.1,57.6,69.0,67.1,59.5,63.1,0.586,KaBuM! Esports
113,jng,LFL,2,85,0.624,63.5,60.6,69.8,71.7,80.2,67.1,49.5,77.9,0.591,Karmine Corp
Sencux,mid,NLC,2,63,0.508,73.3,63.3,67.7,63.4,62.8,67.0,67.0,44.3,0.584,Astralis Talent
Matislaw,mid,PRMP,3,23,0.739,81.0,57.3,65.7,62.9,60.4,67.0,62.4,55.7,0.584,Hertha BSC eSport
Liweier,jng,LDL,2,24,0.625,58.5,80.9,69.9,67.3,53.6,67.0,59.6,62.8,0.586,Invictus Gaming Young
Pigeonx,sup,GLLPA,3,20,0.65,70.2,68.8,70.8,62.1,56.2,67.0,59.6,62.7,0.583,Harmony|Pentagon Maze
Nayuki,top,LDL,2,72,0.611,59.4,73.1,69.7,57.3,82.1,67.0,56.5,69.4,0.585,Young Miracles
Mireu,mid,LLA,15,26,0.731,84.9,55.3,61.1,65.4,57.8,67.0,55.4,71.3,0.585,Estral Esports
Alois,top,PRM,3,72,0.542,69.5,67.4,55.7,65.6,75.5,66.9,61.6,57.6,0.578,SK Gaming Prime
SoHwan,top,LLA,15,51,0.588,71.0,74.0,57.8,60.6,62.0,66.9,59.9,61.8,0.577,Movistar R7
Souli,jng,UL,2,34,0.559,79.2,67.0,58.6,64.7,49.6,66.9,59.5,62.8,0.577,Iron Wolves
Hiro02,top,VCS,15,83,0.578,74.1,63.8,62.9,56.2,75.5,66.9,57.2,67.9,0.579,Team Secret
links,bot,PGC,2,69,0.609,75.0,58.0,64.9,63.9,72.5,66.9,56.5,69.2,0.578,Area of Effect Esports|Taco Gaming
ON,sup,LPL,1,100,0.58,72.4,73.3,57.9,49.9,74.3,66.9,55.2,71.4,0.576,Bilibili Gaming|Weibo Gaming
zay,sup,CBLOLA,3,40,0.45,61.8,75.4,69.4,63.5,61.6,66.8,64.5,49.9,0.573,FURIA Youth
seaz,sup,LVP SL,2,62,0.516,61.6,70.9,67.6,69.4,66.3,66.8,62.8,54.2,0.571,KOI
Joey,sup,LCSA,2,107,0.477,67.0,65.6,61.3,67.2,75.8,66.8,61.8,56.7,0.569,Immortals|Immortals Academy
Eckas,jng,PRM,3,72,0.542,71.6,67.3,53.8,63.4,75.7,66.8,61.5,57.6,0.571,SK Gaming Prime
5kid,bot,LLA,15,63,0.556,75.5,63.5,60.9,62.5,65.7,66.8,60.4,60.4,0.574,Team Aze
Dan,jng,NLC,2,70,0.629,63.5,67.7,69.0,65.3,72.6,66.8,57.8,66.4,0.572,JD|XL
Crecre,sup,DDH,3,52,0.615,55.8,73.0,74.7,68.2,68.5,66.8,57.1,67.9,0.572,Atheris Esports|Maycam Evolve
EU Red,bot,UPL,2,26,0.692,87.0,48.8,74.1,56.5,59.3,66.8,56.5,69.1,0.574,Team Fish Taco
UnicornG,jng,GL,3,24,0.833,64.0,66.4,77.5,65.9,61.5,66.8,55.0,71.6,0.569,The Kings Colombia|Zeu5 Bogota
Malrang,jng,LEC,1,73,0.603,52.0,73.5,76.8,75.7,64.2,66.8,54.0,73.1,0.57,Rogue
Kenvi,jng,LCSA,2,80,0.475,69.4,65.4,72.6,59.3,64.5,66.7,63.3,52.8,0.567,100 Thieves Academy|Immortals
Flamer,top,PRMP,3,20,0.75,78.4,56.8,66.9,63.6,62.8,66.7,62.0,56.1,0.566,Hertha BSC eSport
Kunou,sup,GL,3,28,0.571,75.2,65.3,69.0,59.9,55.0,66.7,59.8,61.7,0.566,King of Goats|Vandals Esports
Guertas,jng,ESLOL,3,80,0.625,65.3,60.8,63.0,71.0,82.3,66.7,57.1,67.7,0.566,KRC Genk Esports
Blank,jng,LJL,15,57,0.526,58.0,73.4,64.7,71.7,69.3,66.6,61.6,56.9,0.558,Fukuoka SoftBank HAWKS gaming
Aetinoth,bot,TAL,3,30,0.5,72.6,66.3,67.6,64.3,53.8,66.6,61.3,57.7,0.561,Galakticos Academy
Ryuzaki,jng,UL,2,73,0.534,55.0,70.5,70.1,75.2,70.7,66.6,60.7,59.2,0.558,Zero Tenacity
Seranok,mid,PGC,2,37,0.568,77.7,59.4,69.8,57.3,61.6,66.5,65.0,48.0,0.555,Bay State College
Tangyuan,mid,LDL,2,82,0.512,59.0,77.5,67.8,58.2,70.6,66.5,60.9,58.6,0.556,Royal Club|Royal Never Give Up
TheStryg,top,HC,3,25,0.56,66.0,64.6,79.7,62.5,59.8,66.5,59.2,62.8,0.556,Dark Tigers Academy
Chookies,sup,PGC,2,66,0.606,76.8,50.4,76.4,60.1,71.1,66.5,58.3,64.9,0.555,Team Ambition|Team Pending|University of St. Thomas
Guigs,sup,CBLOLA,3,34,0.412,67.5,78.7,56.4,58.5,60.5,66.4,64.4,49.3,0.549,KaBuM! Academy
Bruno,jng,NEXO,3,25,0.48,80.1,61.1,69.5,55.4,54.5,66.4,63.4,52.0,0.552,Bis Esports
Lonely,top,LLA,15,63,0.556,64.2,74.0,63.6,63.3,63.2,66.4,60.1,60.4,0.551,Team Aze
Tsun Tsun,jng,SL (LATAM),3,49,0.592,71.2,67.3,63.8,58.1,67.1,66.4,59.7,61.3,0.548,Cienciano Esports|Diamond Doves|Spectacled Bears
Ryoma,mid,LCSA,2,96,0.562,76.0,58.3,57.6,62.3,77.3,66.4,55.5,70.3,0.547,Golden Guardians|Golden Guardians Academy|Jake's Kittens
Potato,sup,UPL,2,20,0.25,65.4,69.3,69.7,66.4,57.1,66.3,63.8,50.7,0.544,Bay State College|Wulf Pack Cascade|Wulf Pack Esports
Triple,mid,LCSA,2,79,0.532,70.3,66.1,62.2,61.5,68.5,66.3,60.1,60.2,0.544,CLG Academy|Counter Logic Gaming
Rhilech,jng,TAL,3,31,0.613,72.1,60.1,68.1,60.3,70.6,66.3,58.7,63.7,0.545,DSYRE|SuperMassive Blaze Academy
Test Mid,mid,LAS,3,22,0.682,79.2,59.9,71.7,55.8,54.5,66.3,57.1,67.2,0.544,T1 Esports Academy Rookies
huanfeng,bot,LPL,1,111,0.577,60.2,68.8,67.7,62.2,80.0,66.3,52.7,74.3,0.542,ThunderTalk Gaming|Weibo Gaming
Dreedy,top,LVP SL,2,68,0.574,57.7,70.9,70.2,68.2,69.1,66.2,57.2,66.8,0.54,Barça eSports
Humanoid,mid,LEC,1,76,0.579,84.9,56.0,60.4,53.7,65.9,66.2,55.1,70.8,0.539,Fnatic
kamilius,sup,LFL,2,73,0.575,58.5,66.9,65.7,70.9,78.6,66.2,54.4,72.0,0.541,GameWard
Flakked,bot,LEC,1,89,0.629,58.2,69.7,70.1,70.4,68.0,66.2,50.2,76.9,0.54,G2 Esports
enel1,jng,CBLOLA,3,37,0.595,60.5,68.9,73.1,67.4,62.8,66.1,61.9,55.2,0.532,LOUD Academy
Pabu,jng,PRM,3,70,0.571,61.6,72.7,58.7,63.9,76.0,66.1,60.2,59.6,0.534,Berlin International Gaming
SkyTec,sup,LCSA,2,92,0.543,65.5,62.1,67.7,62.2,78.4,66.0,59.1,62.1,0.527,Area of Effect Esports|Evil Geniuses Academy|Saint Louis University
Brolia,sup,GLL,3,28,0.714,74.7,68.6,58.2,62.5,53.6,66.0,57.9,65.0,0.529,WLGaming Esports
Indr4,jng,NEXO,3,30,0.667,81.3,61.6,63.5,54.2,55.6,65.9,59.6,60.8,0.523,QLASH Spain|Ramboot Club
sanghyeon,sup,LCKC,2,91,0.637,62.2,62.8,62.5,69.8,81.6,65.9,53.7,72.7,0.523,T1 Esports Academy
Quicktimer,sup,PRM,3,37,0.595,64.4,63.5,79.4,58.5,66.0,65.8,60.5,58.2,0.515,Berlin International Gaming|Bifrost
Netuno,bot,CBLOL,15,57,0.596,59.0,69.4,69.5,64.1,72.5,65.8,57.6,65.4,0.52,FURIA
kksh,bot,CBLOLA,3,54,0.611,57.6,70.0,67.9,67.2,72.6,65.8,57.6,65.3,0.515,Flamengo Academy|LØS Academy
Smarty,sup,HM,3,45,0.644,62.3,70.4,55.7,67.5,75.9,65.8,56.5,67.7,0.518,Dynamo Eclot
Dreamer Ace,sup,PRM,3,61,0.656,58.7,68.7,62.2,66.3,81.6,65.8,52.7,74.0,0.519,Team BDS Academy|Unicorns of Love Sexy Edition
Joao,sup,LPLOL,3,39,0.564,65.0,64.4,66.1,65.4,70.1,65.7,60.7,57.7,0.514,Inside Games|White Dragons
Sandwitch,sup,UPL,2,32,0.562,82.4,58.5,58.4,61.1,55.6,65.7,60.3,58.6,0.512,CB Gaming|Raleigh Black Flame|Super Sunshine Fruit Basket Warriors
Hieu3,sup,VCS,15,27,0.519,69.5,70.2,54.9,66.7,59.9,65.7,59.4,60.9,0.512,CERBERUS Esports
Cryscata,bot,PCS,15,62,0.613,71.4,63.3,59.7,60.6,71.5,65.7,57.3,65.8,0.51,Deep Cross Gaming
Keel,jng,PGC,2,61,0.672,86.1,51.7,57.9,59.4,64.1,65.7,57.3,65.8,0.511,Area of Effect Cows|Area of Effect Ginger Turmeric
Rascal,top,LCK,1,98,0.49,60.3,67.1,69.1,64.6,72.0,65.6,61.2,56.1,0.506,KT Rolster
ESCIK,mid,PRM,3,65,0.538,67.1,64.0,63.2,64.2,69.8,65.5,61.0,56.5,0.503,GamerLegion
Oscure,sup,LVP SL,2,79,0.532,63.4,65.8,65.4,63.6,72.5,65.5,59.9,59.2,0.498,BISONS ECLUB
Johnarnau,top,NEXO,3,36,0.639,56.5,69.3,75.5,68.8,62.3,65.5,57.3,65.5,0.501,Pawned Mercenaries|QLASH Spain|RATE Gaming
Curl,top,LPLOL,3,39,0.641,75.0,54.5,73.2,57.1,66.8,65.5,56.7,66.8,0.502,For The Win Esports|RATE Gaming
pzx,jng,LDL,2,75,0.653,63.2,67.9,65.8,58.1,75.6,65.5,52.0,74.5,0.5,ThunderTalk Gaming Young|V5 87
Feikun,mid,LDL,2,72,0.514,56.9,78.5,64.3,58.5,68.7,65.4,62.1,53.3,0.493,ThunderTalk Gaming|ThunderTalk Gaming Young
Leleko,mid,CBLOLA,3,42,0.476,63.4,70.3,59.9,66.3,65.9,65.4,61.6,54.6,0.493,RED Academy
DnDn,top,LCKC,2,107,0.495,50.8,74.0,66.0,69.2,77.6,65.4,60.4,57.9,0.497,Nongshim Esports Academy|Nongshim RedForce
Postkassen,sup,EBL,3,28,0.607,65.1,64.7,64.7,75.3,55.3,65.4,58.9,61.7,0.497,Valiance
Beichuan,jng,LPL,1,96,0.542,66.2,69.5,63.4,58.0,67.2,65.4,56.1,67.9,0.494,FunPlus Phoenix|FunPlus Phoenix Blaze|ThunderTalk Gaming
iFrix,jng,VL,3,49,0.735,64.3,66.7,60.7,62.2,76.2,65.4,53.3,72.7,0.495,Descuydado Aucas Esports|Skull Cracker
Mxe,sup,TAL,3,26,0.423,59.5,72.7,74.0,61.5,56.8,65.3,62.1,53.2,0.49,Galatasaray Academy|SuperMassive Blaze Academy
Phenomenal,mid,TAL,3,41,0.61,71.1,70.0,54.7,59.0,63.7,65.3,61.5,54.7,0.488,Beşiktaş Academy|İstanbul Wildcats Academy
Froggy,mid,VCS,15,114,0.526,55.0,65.3,67.8,68.5,83.6,65.3,57.7,64.3,0.49,Saigon Buffalo
Time,jng,LPLOL,3,69,0.638,64.8,58.5,66.9,66.6,77.2,65.3,56.4,67.2,0.493,EGN Esports
MnM,bot,PCS,15,54,0.481,69.2,67.6,61.0,59.0,63.9,65.2,66.6,42.4,0.485,Frank Esports
xinye,mid,LDL,2,60,0.517,62.0,73.0,66.0,60.4,61.7,65.2,62.1,53.0,0.484,Team WE Academy|Young Miracles
Tuercas,top,EL,3,31,0.419,73.1,65.8,51.1,65.7,62.2,65.2,59.3,60.3,0.486,Atomic México|Red Rooster Team
Seal,sup,PRM,3,54,0.574,72.1,69.9,45.6,60.3,70.2,65.2,58.7,61.7,0.485,SK Gaming Prime
Recap,mid,LJL,15,63,0.571,55.7,74.5,60.7,72.9,64.8,65.2,57.7,64.1,0.484,Rascal Jester
Nishkyu,mid,VL,3,44,0.682,63.7,68.5,62.7,67.7,62.1,65.2,56.1,67.6,0.485,Descuydado Aucas Esports|Waia Snikt
Spawn,bot,LCSA,2,80,0.487,57.4,66.5,71.8,66.9,70.0,65.1,63.7,48.7,0.478,Dignitas|Dignitas Academy
kingggggg,jng,EBL,3,47,0.574,66.9,59.0,65.4,68.3,68.9,65.1,58.4,62.4,0.481,Cyber Wolves|Valiance
Nestea,mid,PCS,15,59,0.593,56.7,63.3,66.8,76.4,72.7,65.1,56.9,65.8,0.48,Deep Cross Gaming
Eddie,bot,VCS,15,84,0.571,59.3,65.8,69.9,60.7,77.8,65.1,56.6,66.4,0.479,Team Secret
Fudge,mid,LCS,1,37,0.568,59.5,66.7,67.7,73.5,60.1,65.0,54.7,70.0,0.473,Cloud9
Papiteero,top,LPLOL,3,67,0.597,69.1,61.6,56.5,63.4,75.3,65.0,57.5,64.2,0.472,White Dragons
Czekolad,mid,LFL,2,73,0.575,74.7,60.7,51.8,62.3,71.2,65.0,53.5,72.0,0.473,GameWard
Yado,mid,VCS,15,64,0.469,61.5,72.5,65.2,57.5,66.9,64.9,61.4,54.4,0.471,CERBERUS Esports
Artemis,bot,VCS,15,66,0.485,76.1,61.1,54.5,58.6,67.2,64.9,60.5,56.7,0.469,CERBERUS Esports
SofM,jng,LPL,1,93,0.559,57.9,70.5,73.3,55.6,71.7,64.9,55.4,68.6,0.469,Weibo Gaming
Juhan,jng,PCS,15,64,0.625,65.0,67.1,62.8,60.6,68.6,64.9,52.6,73.3,0.471,Kiwoom DRX|PSG Talon
Sylvie,jng,LCKC,2,107,0.477,53.3,71.6,65.9,66.7,74.7,64.8,62.2,52.0,0.463,Nongshim Esports Academy|Nongshim RedForce
Lancer,top,LAS,3,25,0.56,70.9,66.9,69.0,56.7,50.4,64.8,61.7,53.3,0.462,DN SOOPers Academy
MrLemon,jng,DDH,3,38,0.474,61.8,73.2,62.8,66.4,54.9,64.8,60.3,57.0,0.464,Globant Emerald|Six Karma
Allorim,top,PGC,2,66,0.5,64.4,61.9,69.8,64.6,64.3,64.7,63.3,49.1,0.46,Cloud9 Academy|Team Fish Taco|Wildcard Gaming
StenBosse,top,PGN,3,32,0.562,61.7,70.9,62.6,67.1,58.5,64.7,60.1,57.3,0.458,aNc Outplayed
Vzz,bot,UL,2,73,0.534,66.7,63.4,58.5,67.0,68.0,64.7,59.4,59.2,0.46,Zero Tenacity
Shall,jng,SL (LATAM),3,51,0.725,62.1,64.4,58.3,68.4,75.2,64.7,53.1,72.3,0.458,Incubus
Jejky,jng,HM,3,65,0.523,62.4,68.6,57.1,62.6,74.1,64.6,61.1,54.6,0.455,eSuba
Eyliph,top,NLC,2,48,0.583,67.2,67.8,57.3,66.8,58.1,64.6,58.0,62.4,0.452,Cyberground Gaming|Dusty
Palette,sup,VCS,15,79,0.481,71.2,63.2,61.3,55.9,66.4,64.5,61.4,53.6,0.448,SBTC Esports
DiDi,mid,LMF,2,34,0.529,62.8,71.0,61.4,67.7,54.4,64.5,61.2,54.2,0.45,River Plate Gaming
Meshade,bot,TAL,3,28,0.571,57.9,69.2,77.5,58.0,62.3,64.5,61.0,54.6,0.448,SuperMassive Blaze Academy
twohoyrz,mid,LVP SL,2,68,0.574,58.7,66.4,70.9,64.2,66.6,64.5,56.0,66.8,0.449,Barça eSports
Knedla,jng,HC,3,42,0.5,67.6,61.7,72.8,56.4,61.5,64.4,62.5,50.5,0.442,KIA.eSuba Academy|eSuba
Ronaldo,mid,LFL,2,53,0.472,65.7,60.7,73.7,61.6,59.6,64.3,61.6,52.7,0.437,GamersOrigin|Team GO
Grizzly,jng,LAS,3,35,0.514,67.9,67.9,62.8,58.8,57.2,64.3,60.7,55.0,0.436,Hanwha Life Esports Academy
Myrwn,top,LVP SL,2,79,0.532,60.1,62.9,66.2,66.9,71.9,64.3,59.1,59.2,0.438,BISONS ECLUB
Kreox,jng,NLC,2,22,0.409,53.9,72.8,70.9,75.2,48.3,64.3,59.0,59.5,0.44,One Breath Gaming|Vanir
Aloned,mid,LLA,15,63,0.556,54.9,74.2,69.6,60.6,64.1,64.3,58.6,60.4,0.437,Team Aze
Obsess,jng,PRM,3,63,0.619,55.1,65.5,70.9,63.5,77.4,64.3,56.4,65.7,0.44,Eintracht Spandau
FoFo,mid,LPL,1,67,0.522,62.2,65.2,70.9,63.1,59.7,64.2,58.1,61.6,0.435,Bilibili Gaming
Dom1nant,mid,GLL,3,34,0.647,76.4,51.2,72.3,56.6,61.3,64.2,56.2,66.0,0.433,Anorthosis Famagusta Esports
Doinb,mid,LPL,1,113,0.531,62.3,69.3,59.2,62.6,66.7,64.2,56.0,66.4,0.435,LNG Esports
Ceviche,sup,SL (LATAM),3,50,0.72,66.4,56.8,64.0,60.2,80.5,64.2,52.8,72.3,0.435,Incubus
Dejv,bot,HC,3,20,0.55,74.3,60.7,64.5,61.7,48.5,64.1,60.5,55.2,0.427,ERKO Esports
Feng,jng,VL,3,60,0.517,71.6,60.9,56.6,58.5,70.0,64.1,59.8,57.1,0.428,Pirate Dream
Torak,mid,NEXO,3,30,0.6,78.0,60.3,58.1,56.2,56.1,64.1,59.4,58.1,0.427,seQura ZEST
Alphari,top,LEC,1,45,0.467,69.1,65.8,66.9,59.4,49.3,64.0,62.2,50.7,0.424,Team Vitality
Yerikan,sup,GL,3,22,0.545,61.6,68.5,66.2,68.1,51.7,64.0,61.9,51.4,0.422,Atheris Esports|Zeu5 Bogota
Marble,bot,LJL,15,57,0.526,54.5,71.8,62.5,63.8,73.1,64.0,59.8,56.9,0.422,Fukuoka SoftBank HAWKS gaming
Kaii,bot,NEXO,3,54,0.611,77.2,52.2,63.8,53.6,70.8,64.0,59.1,58.6,0.421,Kawaii Kiwis
Closer,jng,LCS,1,76,0.566,60.7,56.8,75.2,70.3,64.5,64.0,54.3,69.5,0.421,100 Thieves
Amazo,jng,LCSA,2,89,0.584,67.0,57.0,59.0,61.8,81.1,64.0,51.8,73.5,0.422,Golden Guardians|Golden Guardians Academy|Maryville University
Jean,jng,EL,3,22,0.682,69.6,65.8,57.4,65.9,51.8,63.9,59.7,57.0,0.417,Janus Esports
Wuy,sup,LDL,2,77,0.532,56.2,70.9,69.5,58.5,68.0,63.9,56.6,64.7,0.419,Weibo Gaming Youth Team
Darkin,top,GL,3,29,0.517,64.2,72.9,60.0,62.2,50.1,63.8,59.1,58.4,0.413,King of Goats|Vandals Esports
Bonnie,jng,LCKC,2,86,0.547,54.0,72.1,61.5,63.2,74.3,63.8,57.5,62.3,0.41,KT Rolster Challengers
QKI,mid,GLLPA,3,26,0.577,72.5,52.4,70.0,63.8,58.3,63.8,55.3,67.3,0.412,Pentagon Maze
Wixxi,bot,LCSA,2,101,0.554,64.8,55.1,66.8,62.5,78.1,63.8,54.8,68.3,0.413,100 Thieves Academy|Area of Effect Cows|Area of Effect Ginger Turmeric|Cloud9 Academy|No Org
Nash,sup,NLC,2,42,0.595,60.6,69.3,63.5,67.3,55.0,63.7,59.0,58.4,0.408,Cyberground Gaming|Riddle Esports
Malice,jng,LCSA,2,39,0.641,85.8,43.9,63.3,51.1,68.5,63.7,54.1,69.5,0.407,Cloud9 Academy
Moyashi,bot,LJLA,3,20,0.5,67.9,75.7,53.9,64.9,37.7,63.6,67.3,39.0,0.402,Sengoku Gaming Academy
Zhergoth,top,ESLOL,3,57,0.544,76.4,54.8,62.4,52.4,67.2,63.6,59.1,58.1,0.404,LowLandLions|The Agency
Pressure,jng,LAS,3,34,0.529,57.3,70.6,66.5,61.1,62.8,63.5,60.7,53.6,0.396,DN SOOPers Academy
Coldraa,bot,PRMP,3,23,0.739,76.3,53.4,66.5,57.4,57.7,63.5,59.9,55.7,0.395,Hertha BSC eSport
Cuzz,jng,LCK,1,95,0.495,61.7,66.1,63.1,62.5,64.0,63.5,59.4,57.0,0.397,KT Rolster
Typhoon,jng,TCL,15,49,0.571,75.9,57.6,58.1,58.7,58.4,63.5,58.8,58.7,0.4,Dark Passage
1Haru,jng,SL (LATAM),3,20,0.65,68.2,71.8,58.2,57.9,48.6,63.5,58.1,60.3,0.396,Spectacled Bears
JiaQi,bot,LDL,2,32,0.594,68.3,73.6,50.7,60.7,50.5,63.5,58.0,60.6,0.396,Top Esports Challenger
Vahvel,sup,CBLOLA,3,44,0.614,60.9,63.3,65.5,64.0,67.0,63.5,57.5,61.9,0.399,LOUD Academy
Wannabe,sup,NEXO,3,29,0.586,63.1,71.8,59.9,56.3,61.1,63.5,56.6,64.0,0.396,Oxygen Valiants
Ejdercan,top,TAL,3,47,0.574,59.8,66.7,64.8,62.7,64.2,63.4,62.3,49.4,0.392,NASR eSports Turkey Academy
welcom,top,HM,3,67,0.522,57.9,66.3,61.1,60.5,78.1,63.4,60.3,54.6,0.394,eSuba
RedBert,sup,CBLOL,15,57,0.596,60.4,68.1,59.8,60.0,69.9,63.4,55.9,65.4,0.391,FURIA
Rafitta,bot,LVP SL,2,62,0.516,63.9,60.6,67.4,62.6,63.4,63.3,60.4,54.2,0.389,KOI
WaenA,mid,GLL,3,29,0.552,75.1,63.4,52.9,58.3,53.8,63.3,60.0,55.2,0.389,GOAL|WLGaming Esports
BrokenSword,top,HC,3,51,0.647,69.1,54.1,72.0,56.2,66.6,63.3,58.1,60.1,0.388,Team Sampi
Pyosik,jng,LCK,1,118,0.534,56.9,68.3,56.1,65.6,75.1,63.3,56.4,64.2,0.389,Kiwoom DRX
Hana,jng,PCS,15,62,0.613,60.6,67.6,58.3,60.7,70.6,63.3,55.7,65.8,0.389,Deep Cross Gaming
Mihile,top,LAS,3,31,0.645,76.5,62.6,49.0,60.3,54.9,63.3,55.6,65.9,0.385,Nongshim RedForce Academy
Makes,top,CBLOLA,3,46,0.63,62.2,61.5,63.7,59.5,73.6,63.2,55.8,65.4,0.383,LOUD Academy
Silk,mid,UL,2,25,0.44,68.4,65.8,57.8,65.6,47.5,63.1,64.0,44.9,0.377,Dragon Army|GRP Esports
Krastyel,mid,CBLOL,15,44,0.523,48.7,73.8,75.7,66.4,54.5,63.1,61.4,51.1,0.375,Liberty
Zicssi,jng,LFL2,2,72,0.542,65.7,64.6,60.9,55.5,66.5,63.1,59.9,55.0,0.375,Team MCES
Oddie,jng,LLA,15,50,0.58,59.2,63.1,63.6,72.8,59.3,63.1,57.7,60.8,0.379,Movistar R7
pqy,bot,LDL,2,69,0.565,57.1,69.7,65.4,60.6,64.4,63.1,56.2,64.2,0.375,Qing Jiu E-sport Club|Ultra Prime Academy
Uneasy,bot,LDL,2,66,0.5,57.4,70.6,63.1,61.1,62.7,63.0,58.6,58.3,0.373,LNG Academy
Sunriser,jng,VL,3,31,0.516,79.8,56.4,56.0,55.8,53.3,62.9,61.1,51.7,0.369,GeekSide Esports|Waia Snikt
Sacre,top,PRM,3,65,0.538,62.5,70.1,52.4,57.7,69.3,62.9,59.2,56.5,0.367,GamerLegion
Tomo,bot,LCSA,2,97,0.505,72.0,55.1,56.0,56.2,75.3,62.9,58.3,58.8,0.366,FlyQuest Academy
Niles,top,PGC,2,61,0.59,77.2,55.2,57.7,56.7,58.9,62.9,56.5,63.4,0.369,Maryville University
Plux,sup,PGC,2,92,0.576,69.0,61.2,53.8,59.2,68.1,62.9,55.7,65.2,0.37,Cincinnati Fear|No Team|Wild West Bandits
RoseThorn,jng,LCSA,2,75,0.56,64.1,59.3,66.3,62.4,63.6,62.9,54.4,67.9,0.367,CLG Academy|CLG Faith|Counter Logic Gaming
Empyros,top,GLL,3,65,0.677,61.1,60.6,65.9,56.1,77.3,62.9,53.1,70.4,0.368,Riddle Esports|WLGaming Esports
Betão,top,CBLOLA,3,40,0.475,55.1,78.1,58.7,59.6,58.5,62.8,60.4,53.2,0.362,RED Academy|RED Canids
Neo,bot,LCS,1,61,0.475,55.1,71.1,64.1,59.6,66.7,62.8,58.9,57.1,0.361,Dignitas|Dignitas Academy
yekai,jng,LDL,2,56,0.607,55.4,68.7,66.8,61.3,65.1,62.8,52.9,70.6,0.362,Ultra Prime Academy
Lody,jng,LAS,3,23,0.609,67.8,76.9,56.0,48.2,47.1,62.7,58.9,56.9,0.356,HANJIN BRION Challengers|T1 Esports Academy Rookies
Batuuu,sup,TAL,3,23,0.652,67.2,61.7,61.1,60.1,58.8,62.6,57.8,59.7,0.354,Dark Passage Academy
Jons,bot,UPL,2,28,0.714,70.2,49.6,71.5,67.1,54.0,62.6,57.5,60.3,0.351,Wild West Bandits
TaNa,top,TCL,15,23,0.652,67.8,64.8,57.4,61.6,53.1,62.6,56.2,63.6,0.354,Dark Passage
CarioK,jng,CBLOL,15,61,0.59,62.7,59.3,58.8,67.3,68.4,62.6,55.6,65.0,0.353,paiN Gaming
Tarzan,jng,LPL,1,113,0.531,58.2,66.4,56.4,64.1,71.9,62.6,54.9,66.4,0.352,LNG Esports
Steeelback,sup,LFL,2,41,0.415,51.1,70.0,69.8,68.2,57.5,62.5,62.5,47.5,0.348,Solary
Simpli,mid,LFL2,2,40,0.45,65.4,63.9,66.2,59.3,51.7,62.5,60.6,52.2,0.348,Atletec|Sector One
XoNix,mid,PGN,3,47,0.553,72.5,56.5,58.9,56.7,63.1,62.5,56.6,62.4,0.345,Atleta Esport
selenex,top,NEXO,3,60,0.633,58.1,59.9,69.3,54.9,80.2,62.5,52.0,71.8,0.349,Kawaii Kiwis|Oxygen Valiants
DANY,bot,HM,3,65,0.523,60.6,61.3,60.8,61.7,71.7,62.3,59.1,55.8,0.337,eSuba
Gamsu,top,LCSA,2,91,0.527,54.1,57.3,77.3,61.2,75.4,62.3,56.0,63.6,0.339,100 Thieves Academy|Dignitas|Dignitas Academy
Shogo,bot,UPL,2,36,0.694,81.1,47.4,64.5,52.1,58.0,62.3,52.3,71.0,0.337,University of St. Thomas
WRDN,jng,GLL,3,50,0.58,58.3,65.3,70.5,53.4,66.3,62.2,59.1,55.7,0.334,Goskilla|WLGaming Esports
Style,jng,LMF,2,54,0.481,62.2,57.9,64.4,63.4,67.1,62.2,58.8,56.3,0.331,KRÜ Esports|Undead Gaming
Alvaro,sup,LVP SL,2,29,0.552,72.8,63.5,52.1,59.7,49.5,62.2,58.4,57.4,0.331,G2 Arctic|G2 Esports Academy
Scoooped,bot,PGC,2,52,0.635,76.8,53.3,50.2,62.5,60.8,62.2,55.1,65.4,0.332,Jake's Kittens|No Team
Decade,top,LDL,2,46,0.63,63.3,64.8,63.9,52.6,64.1,62.2,53.4,68.9,0.331,Weibo Gaming Youth Team
XuanLv,bot,LDL,2,32,0.688,56.0,71.9,65.6,57.3,59.0,62.2,53.2,69.3,0.331,Team Pinnacle
Chime,sup,LCSA,2,115,0.478,58.3,65.2,57.2,63.6,68.9,62.1,61.5,49.3,0.328,Golden Guardians|Golden Guardians Academy|TSM
SyaL,top,LHE,2,44,0.545,64.1,65.2,58.8,61.7,55.1,62.1,59.8,53.6,0.326,Dark Horse|Rebirth eSports
QTKT,jng,ESLOL,3,23,0.609,57.8,63.3,63.5,71.6,55.7,62.1,58.9,55.9,0.327,LowLandLions|Northern Lions Esports
Armut,top,LEC,1,57,0.509,65.9,66.4,54.6,61.9,53.4,62.1,58.2,57.8,0.329,MAD Lions KOI
deathleap,top,SL (LATAM),3,20,0.65,70.3,55.0,78.8,51.0,49.8,62.1,57.2,60.3,0.328,Spectacled Bears
Shark,bot,LDL,2,71,0.521,54.0,71.5,65.4,55.2,67.2,62.1,55.8,63.7,0.328,Team Pinnacle|Weibo Gaming Youth Team
ThreaM,sup,NEXO,3,31,0.677,60.9,60.2,68.0,65.2,57.3,62.1,55.3,64.9,0.327,Kawaii Kiwis
Coow,jng,LHE,2,29,0.552,67.7,65.7,63.4,55.2,47.3,62.0,59.7,53.7,0.323,Newstar|Santiago Wanderers eSports
Marco,sup,HC,3,55,0.618,71.4,56.6,54.1,57.3,66.9,62.0,59.2,55.1,0.324,Lucent Esports|Team Sampi
Giankios,top,LHE,2,57,0.579,57.4,72.8,55.8,58.3,63.3,62.0,56.7,61.4,0.322,Master Girl|Meta Gaming|Undead Gaming
Young,mid,PGC,2,34,0.647,75.1,51.5,62.6,59.3,54.7,62.0,54.9,65.7,0.326,Area of Effect Esports
Hylissang,sup,LEC,1,74,0.568,65.4,60.9,61.5,60.5,58.4,62.0,53.8,68.0,0.325,Fnatic
Nottingham,sup,LMF,2,58,0.621,49.4,66.9,76.2,61.8,64.2,62.0,52.1,71.1,0.324,EBRO
Julbu,jng,PGN,3,26,0.231,66.5,56.4,60.3,58.6,68.7,61.9,64.9,41.3,0.317,RATE Gaming|Samsung Morning Stars
Peppe,mid,GLL,3,69,0.551,65.7,53.4,70.4,53.2,71.2,61.9,61.7,48.4,0.317,Team Phantasma
Supa,bot,LVP SL,2,51,0.51,78.6,56.6,52.2,53.3,56.0,61.9,60.0,52.8,0.321,G2 Arctic|G2 Esports Academy
Peter,sup,LCKC,2,70,0.5,56.0,63.5,61.7,66.4,67.6,61.9,57.3,59.7,0.318,Nongshim Esports Academy|Nongshim RedForce
Celina,bot,LAS,3,39,0.59,58.8,52.9,81.5,55.1,72.2,61.9,56.1,62.7,0.318,Dplus Kia Academy
Grevthar,mid,CBLOL,15,65,0.585,52.3,68.4,57.7,65.0,73.5,61.9,54.2,67.0,0.319,RED Canids
Orion,bot,ESLOL,3,57,0.526,68.3,61.1,57.5,52.4,64.6,61.7,63.5,44.0,0.309,KRC Genk Esports|Team Oplon
HungryPanda,sup,PGN,3,54,0.556,64.4,60.3,58.3,55.7,70.3,61.7,57.6,58.7,0.308,FC Schalke 04 Esports|aNc Outplayed
Jiizuke,mid,LVP SL,2,41,0.585,80.7,50.9,58.8,49.3,57.8,61.7,55.6,63.6,0.308,Giants
Duro,sup,LCKC,2,36,0.444,46.4,74.5,70.3,66.9,52.9,61.6,59.7,53.1,0.305,Liiv SANDBOX Youth
Koldo,jng,LVP SL,2,62,0.516,52.6,69.4,60.5,65.2,63.7,61.6,59.3,54.2,0.306,KOI
Eclipse,top,LCSA,2,60,0.55,60.0,56.9,71.9,57.7,67.3,61.6,56.1,62.3,0.305,Dignitas Academy|Taco Gaming
Tigaz,jng,LPLOL,3,21,0.429,61.1,60.3,65.7,63.8,57.2,61.6,55.7,63.3,0.305,BWE Esports|Odivelas Sports Club
Penguin,jng,VCS,15,82,0.561,61.7,57.3,62.7,59.4,72.0,61.6,55.6,63.4,0.303,Team Secret
Naak Nako,top,TCL,15,59,0.61,64.1,58.2,62.1,58.4,66.3,61.6,54.7,65.5,0.304,Fenerbahçe Academy|Fenerbahçe Esports
Akunma,top,LMF,2,61,0.623,55.4,67.4,59.2,65.0,63.4,61.6,51.1,72.2,0.304,EBRO
Telas,sup,CBLOLA,3,41,0.488,52.2,71.0,56.0,66.8,64.2,61.5,58.6,55.8,0.3,RED Academy|RED Canids
Avarosa,mid,TAL,3,45,0.6,65.8,55.8,60.2,57.9,69.5,61.5,57.4,58.9,0.301,Dark Passage Academy
Ruep,bot,TAL,3,31,0.645,73.4,54.5,69.1,49.3,53.2,61.5,57.1,59.7,0.3,Fenerbahçe Academy|Fenerbahçe Esports
Wunder,top,LEC,1,76,0.579,59.6,56.9,66.0,64.1,66.9,61.5,51.9,70.8,0.297,Fnatic
Blacky,mid,CBLOLA,3,39,0.564,55.0,66.2,70.7,64.8,50.3,61.4,59.8,52.4,0.293,Flamengo Academy|LØS Academy|paiN Gaming Academy
Seiya,mid,LLA,15,60,0.517,48.5,66.6,72.7,61.7,66.1,61.3,59.2,53.8,0.289,Isurus
Tasteless,sup,EBL,3,56,0.607,56.2,59.3,61.8,63.3,74.7,61.3,56.8,60.1,0.29,Crvena zvezda Esports
Rakyz,mid,LHE,2,32,0.625,59.6,68.2,59.4,63.1,50.6,61.3,56.3,61.3,0.289,Master Girl|Meta Gaming
kehvo,bot,NLC,2,57,0.596,57.7,56.3,68.0,67.7,62.6,61.2,55.8,62.4,0.286,Riddle Esports|Vanir
Slow,sup,LLA,15,39,0.641,64.8,66.5,53.8,58.7,53.9,61.2,54.5,65.4,0.286,Movistar R7
FBI,bot,LCS,1,76,0.566,53.2,65.3,57.2,74.5,59.4,61.2,52.5,69.5,0.285,100 Thieves
KINGPIN,sup,ESLOL,3,43,0.581,71.9,55.0,49.6,59.1,65.5,61.1,59.4,53.0,0.28,mCon esports
Callme,mid,LAS,3,34,0.529,67.5,65.2,53.5,56.1,52.9,61.1,59.2,53.6,0.283,DN SOOPers Academy
Husha,jng,PCS,15,72,0.556,60.4,61.0,55.4,61.9,69.2,61.1,56.8,59.7,0.278,Beyond Gaming
bat,bot,LDL,2,75,0.533,52.5,70.5,61.1,54.0,71.9,61.1,56.0,61.7,0.279,ThunderTalk Gaming Young
Nata,bot,NLC,2,64,0.594,62.6,50.8,74.9,63.4,58.5,61.1,54.3,65.6,0.278,GamerLegion|X7 Esports
Color,top,LVP SL,2,51,0.51,62.2,67.8,47.3,65.0,56.0,61.0,59.4,52.8,0.275,G2 Arctic|G2 Esports Academy
Kaiser,sup,LEC,1,57,0.509,57.0,65.1,60.1,71.0,50.4,61.0,57.5,57.8,0.276,MAD Lions KOI
HOYA,top,LPL,1,55,0.527,47.7,67.5,71.0,64.8,62.0,61.0,56.9,59.4,0.277,Dplus Kia|ThunderTalk Gaming
Xiaoxu,top,LDL,2,79,0.519,62.1,66.8,53.2,55.1,64.0,61.0,56.2,61.1,0.277,Royal Club
Porsche,top,UPL,2,75,0.6,57.2,54.5,67.8,64.3,71.2,61.0,49.4,74.0,0.274,Jake's Kittens|Radiance|Team Pending|University of St. Thomas
Peco,bot,PRM,3,49,0.51,66.9,60.0,55.2,54.6,63.5,60.9,60.3,50.4,0.27,MOUZ NXT
Fahai,sup,LDL,2,84,0.452,50.8,66.6,68.5,57.0,68.7,60.9,60.2,50.7,0.273,Team WE Academy
Focus,bot,TCL,15,50,0.54,63.5,59.3,68.8,53.1,57.5,60.9,59.5,52.5,0.273,Galatasaray Esports|SuperMassive Blaze
Luger,bot,LCS,1,63,0.492,60.9,60.9,62.5,62.4,56.9,60.9,58.6,54.7,0.27,CLG Academy|Counter Logic Gaming
Sparda,top,VCS,15,38,0.5,67.9,52.4,61.5,60.4,61.8,60.9,58.0,56.3,0.269,Team Secret|Team Whales
Chikitow,jng,DDH,3,31,0.484,58.3,68.5,66.7,57.3,47.8,60.9,57.8,56.8,0.27,Atheris Esports|Spirituals|Tomorrow Esports
RAV3N,bot,CBLOLA,3,39,0.436,59.3,66.0,55.5,66.7,52.8,60.8,62.8,44.3,0.265,Liberty Academy
Random,mid,LVP SL,2,79,0.532,68.7,51.9,64.1,54.4,64.3,60.8,56.8,59.2,0.264,BISONS ECLUB
XuHao,sup,VCS,15,84,0.571,70.5,50.4,57.3,54.9,72.0,60.8,53.8,66.4,0.267,Team Secret
Elicit,mid,CBLOLA,3,22,0.545,62.0,72.1,43.6,63.5,51.6,60.7,59.4,52.4,0.263,FURIA Youth
M0NK,bot,ESLOL,3,54,0.556,71.2,50.2,66.7,48.2,65.6,60.7,58.0,56.0,0.261,GRP Esports|KRC Genk Esports
Paduck,bot,LAS,3,60,0.517,63.3,58.4,57.4,59.0,66.3,60.7,58.0,56.0,0.262,DRX Academy
Grave,bot,TAL,3,49,0.612,61.6,55.1,66.5,54.8,70.4,60.7,57.5,57.3,0.261,NASR eSports Turkey|NASR eSports Turkey Academy
Vlaren,jng,HC,3,49,0.551,49.0,63.0,70.1,64.8,67.4,60.7,55.8,61.5,0.259,Dark Tigers Academy|ERKO Esports
Chazz,mid,ESLOL,3,22,0.455,65.8,62.9,56.3,59.7,49.4,60.6,62.2,45.3,0.255,mCon esports
Wondro,top,UL,2,49,0.531,68.5,59.8,58.0,58.7,48.2,60.6,61.5,47.0,0.259,Crvena zvezda Esports|Goskilla
Flawed,jng,HM,3,22,0.364,64.7,64.7,50.8,62.2,52.4,60.6,60.0,50.7,0.257,Dark Tigers|Verdant
Jhoel,jng,VL,3,20,0.5,50.9,63.2,71.0,66.5,57.4,60.6,58.8,53.8,0.258,AceS GaminG
PatkicaA,top,EBL,3,31,0.516,57.5,61.8,59.2,66.6,59.7,60.6,58.1,55.6,0.257,Cyberground Gaming|Partizan Esports
Castle,top,LCKC,2,86,0.547,52.8,63.6,64.8,60.0,68.3,60.5,59.3,52.4,0.254,KT Rolster Challengers
No One,jng,VL,3,32,0.5,56.7,70.5,54.1,64.8,51.0,60.5,58.0,55.8,0.254,God's Plan|Waia Snikt
Icy,mid,DDH,3,30,0.533,70.1,61.9,45.8,63.6,49.1,60.5,57.1,58.1,0.254,Six Karma
Westlander,top,LFL2,2,24,0.583,70.9,49.1,71.1,56.1,50.7,60.5,56.6,59.3,0.253,Lille Esport
BioPanther,top,LCO,15,74,0.527,49.3,64.5,64.2,64.5,69.0,60.4,56.9,58.4,0.249,ORDER
Venzer,bot,NLC,2,75,0.613,75.3,48.7,56.2,54.0,62.4,60.4,54.6,64.0,0.245,Dusty|JD|XL
Sanity,sup,GLL,3,66,0.561,57.4,56.0,67.0,58.8,69.9,60.3,59.7,50.9,0.241,Team Phantasma
xiaoyueji,bot,LDL,2,70,0.486,57.3,73.3,53.6,49.6,62.8,60.3,59.1,52.5,0.244,Invictus Gaming|Invictus Gaming Young
Piku,mid,NEXO,3,31,0.645,56.5,58.2,76.7,59.2,53.9,60.3,56.2,60.0,0.242,Anorthosis Famagusta Esports|QLASH Spain
Jeyrus,bot,TAL,3,47,0.596,59.0,66.1,50.7,58.0,66.0,60.2,57.7,55.9,0.236,Beşiktaş Academy|Beşiktaş Esports|İstanbul Wildcats Academy
walker,jng,LAS,3,60,0.517,60.8,58.8,58.6,56.2,69.0,60.2,57.7,56.0,0.239,DRX Academy
SUP,sup,LAS,3,33,0.545,61.9,67.1,50.0,55.6,60.6,60.2,57.0,57.8,0.238,KT Rolster Academy
pulse,top,UPL,2,40,0.625,63.1,49.6,74.4,63.6,52.8,60.2,56.5,59.1,0.239,Wild West Bandits
OddEye,bot,LAS,3,32,0.656,71.5,52.2,49.7,62.6,59.8,60.2,53.0,67.2,0.237,Nongshim RedForce Academy
Noodle,jng,PGN,3,56,0.571,72.1,49.4,45.6,62.1,70.2,60.1,58.8,53.0,0.233,RNL ROAR|Samsung Morning Stars|Vanir
hachamecha,jng,LJL,15,63,0.571,41.2,70.4,65.0,72.0,62.8,60.1,54.4,64.1,0.234,Rascal Jester
Poome,sup,LCS,1,57,0.474,58.5,58.2,68.4,65.2,49.9,60.0,59.6,50.7,0.227,Counter Logic Gaming
Osman123,jng,TAL,3,37,0.676,57.6,60.6,58.3,65.8,59.6,60.0,55.8,60.6,0.23,Beşiktaş Academy|İstanbul Wildcats Academy
Cotopaco,mid,DDH,3,34,0.618,48.8,69.6,59.7,63.1,63.5,60.0,54.9,62.8,0.23,The Kings
Prismal,bot,LCSA,2,46,0.609,67.0,50.0,67.6,55.8,59.8,60.0,53.6,65.8,0.23,CLG Academy|Counter Logic Gaming
Venom,bot,NEXO,3,29,0.552,45.1,70.3,61.7,67.7,62.4,60.0,54.6,63.5,0.231,ECORP|UCAM Esports Academy
Sloth,sup,TCL,15,42,0.429,60.2,63.0,65.9,54.4,52.0,59.9,61.1,46.9,0.223,5 Ronin|Team AURORA
CaptainSexy,bot,HC,3,28,0.571,54.7,57.6,74.0,63.8,54.1,59.9,58.3,53.9,0.223,ERKO Esports
HeSSZero,top,UL,2,58,0.517,54.0,60.1,69.2,65.8,54.2,59.9,54.8,62.8,0.221,SINNERS Esports|Team ESCA Gaming|Vanir
Vladi,mid,GLL,3,48,0.667,56.4,56.8,68.4,58.5,66.3,59.9,53.1,66.7,0.225,Riddle Esports|WLGaming Esports
Smiley,bot,LFL,2,53,0.472,65.3,53.7,67.8,55.1,54.9,59.8,58.7,52.7,0.217,GamersOrigin|Team GO
Nightmares,sup,ESLOL,3,23,0.609,61.1,56.9,62.7,65.6,50.9,59.8,57.1,56.8,0.217,Team Echo Zulu|The Agency
Doxa,mid,PGC,2,83,0.578,72.7,44.1,55.8,54.2,74.5,59.8,53.2,66.3,0.217,Evil Geniuses Prodigies|Saint Louis University|Taco Gaming
Shamwwow,top,UPL,2,23,0.435,72.9,56.1,53.1,57.5,45.9,59.7,63.0,42.4,0.213,University of Michigan
2Trick,sup,ESLOL,3,21,0.619,73.4,53.2,55.1,54.5,52.5,59.7,58.2,53.9,0.216,Northern Lions Esports
Jason,mid,VL,3,25,0.48,64.2,68.6,44.4,64.3,43.5,59.7,57.6,55.5,0.216,God's Plan|Hooked Esports
Sn1lle,jng,NLC Aurora Open,3,20,0.7,71.4,46.5,71.9,47.6,59.0,59.7,54.4,63.6,0.217,Nativz
Poby,mid,LAS,3,35,0.657,62.5,57.3,62.4,55.1,60.7,59.7,52.8,67.0,0.214,T1 Esports Academy|T1 Esports Academy Rookies
Ellam,bot,TCL,15,40,0.65,57.9,52.6,63.3,64.0,68.9,59.7,50.3,71.7,0.217,Fenerbahçe Esports|NASR eSports Turkey
Disamis,jng,CBLOL,15,44,0.523,58.2,63.5,57.2,65.3,50.9,59.6,59.2,51.1,0.209,Liberty
Jujutw0,bot,LFL2,2,47,0.489,62.6,64.0,49.9,61.7,53.1,59.6,58.8,52.2,0.211,Atletec
RobbyBob,mid,UPL,2,67,0.612,76.2,48.0,49.5,57.0,60.4,59.6,52.4,67.7,0.208,Team Pending|University of St. Thomas
Copy,mid,LCSA,2,97,0.588,57.8,55.6,53.1,62.4,77.8,59.6,47.2,75.6,0.208,Cloud9 Academy
JNX,top,LEC,1,36,0.389,56.9,67.6,64.1,56.9,45.5,59.5,62.2,43.8,0.204,SK Gaming
Daption,sup,PGC,2,40,0.475,60.2,58.5,65.9,52.1,61.3,59.5,60.9,46.7,0.203,Area of Effect Pump|Evil Geniuses Prodigies
Faisal,top,PGC,2,76,0.513,71.5,53.6,48.1,56.4,61.9,59.5,60.0,49.0,0.205,Area of Effect Pump|Evil Geniuses Prodigies
Morttheus,bot,CBLOLA,3,23,0.609,55.4,70.9,49.3,62.3,54.8,59.5,55.0,61.7,0.203,RED Academy
Frog,top,LAS,3,60,0.517,45.5,60.2,69.4,65.3,70.9,59.4,57.2,56.0,0.201,DRX Academy
Kinatu,top,LJL,15,57,0.526,63.6,61.4,47.1,55.1,66.8,59.4,56.9,56.9,0.203,Fukuoka SoftBank HAWKS gaming
Hunter,top,NEXO,3,31,0.581,69.9,47.4,59.3,59.1,59.3,59.4,53.9,64.2,0.2,ECORP|Phlox Gaming
Duivel,sup,LHE,2,59,0.61,56.4,56.7,60.8,65.1,63.2,59.4,52.7,66.8,0.2,Master Girl|Meta Gaming
Nomanz,mid,PRM,3,49,0.51,69.2,64.8,42.6,54.4,51.4,59.3,59.3,50.4,0.194,MOUZ NXT
Realm,mid,LDL,2,32,0.531,51.3,69.9,54.8,69.0,49.3,59.3,55.8,59.5,0.197,Oh My God Academy
Cavalo,sup,CBLOL,15,22,0.455,72.9,54.4,56.5,57.9,40.8,59.2,60.2,48.0,0.19,Liberty|Liberty Academy
Gryffinn,jng,PGC,2,41,0.61,80.8,44.8,55.6,50.6,52.7,59.2,53.6,64.6,0.191,No Org|No Team
Funky,jng,LHE,2,35,0.486,58.3,59.9,59.1,60.4,57.4,59.1,59.2,50.4,0.187,Meta Gaming|Rebirth eSports
Kojima,bot,CBLOLA,3,21,0.429,54.1,65.0,62.9,64.4,46.6,59.1,57.1,55.8,0.187,Miners Academy
Abagnale,sup,NLC,2,47,0.426,50.5,63.4,61.3,65.4,59.9,59.1,56.4,57.6,0.187,NYYRIKKI
Diamond,sup,LCSA,2,97,0.505,62.9,50.3,61.8,53.1,72.9,59.1,55.9,58.8,0.185,FlyQuest Academy
Zamudo,top,PGC,2,65,0.554,74.0,41.7,64.6,49.4,65.6,59.1,54.8,61.7,0.187,Area of Effect Esports|Tempest Gaming|Third Party|Wildcard Aces
Kandar,sup,NEXO,3,28,0.679,56.4,52.4,80.8,53.2,59.0,59.1,53.9,63.8,0.187,QLASH Spain
Kbstible,sup,LMF,2,42,0.643,62.6,57.8,55.7,61.6,54.6,59.1,51.8,68.4,0.188,Pampas|Undead Gaming
Naz,jng,LMF,2,50,0.48,63.8,65.3,50.6,55.7,48.9,59.0,59.8,48.6,0.181,9z Team|Undead Gaming
Pan Stealer,sup,GL,3,22,0.591,66.7,54.0,64.7,56.1,46.5,59.0,58.7,51.4,0.18,Ramo Awake Gaming
Wixo,sup,LFL2,2,55,0.509,66.2,51.0,67.3,55.3,52.0,59.0,58.3,52.5,0.183,PCS Taran
dejan1,top,EBL,3,25,0.56,53.2,61.5,64.6,67.5,49.0,59.0,56.7,56.6,0.181,Crvena zvezda Esports
ONLY,bot,HC,3,51,0.647,51.5,65.6,55.8,59.9,66.5,59.0,55.4,60.1,0.184,Team Sampi
Asura,bot,LDL,2,38,0.553,60.0,64.6,58.5,47.2,60.4,59.0,55.3,60.2,0.182,Qing Jiu E-sport Club|Royal Club
yawang,sup,LDL,2,40,0.525,49.9,61.9,69.0,56.8,64.9,59.0,52.1,67.6,0.183,LNG Academy
Town,mid,PGC,2,41,0.488,68.0,48.2,61.8,60.3,53.7,58.9,58.3,52.3,0.177,CLG Faith|Zenigma
Dragdar,bot,ESLOL,3,66,0.561,57.1,59.5,55.8,59.1,66.4,58.9,58.0,53.0,0.175,Team Echo Zulu|The Agency
Emiw,top,ESLOL,3,21,0.619,53.7,57.5,67.6,68.8,50.3,58.9,57.7,53.9,0.178,Northern Lions Esports
Lover11,mid,LDL,2,67,0.522,57.1,69.6,45.9,57.5,59.5,58.9,54.4,62.3,0.176,Team Pinnacle
Karsa,jng,LPL,1,76,0.632,58.1,62.2,56.4,56.6,59.9,58.9,48.8,73.2,0.179,Victory Five
jinjo,bot,PRM,3,59,0.458,58.7,60.6,57.7,57.5,58.0,58.8,61.8,43.7,0.171,GamerLegion|MAD Lions Madrid
Avra,bot,LFL2,2,61,0.525,54.8,65.9,53.9,59.4,58.6,58.8,58.6,51.5,0.174,Tony Parker Adéquat Academy
Jaunutis1,jng,UL,2,36,0.472,74.5,50.3,48.7,51.6,60.8,58.8,57.2,55.1,0.174,Axolotl|Forsaken
HONOR,sup,LFL2,2,72,0.542,51.9,56.7,63.8,63.4,67.7,58.8,57.2,55.0,0.171,Team MCES
Lykia,sup,TAL,3,23,0.609,64.2,60.3,58.9,54.8,47.1,58.8,57.1,55.3,0.172,Beşiktaş Academy
Maxlore,jng,LVP SL,2,59,0.542,60.1,57.4,53.2,59.9,64.8,58.8,56.2,57.7,0.174,Giants
Actor,jng,PGC,2,21,0.429,76.2,58.0,47.0,46.8,47.9,58.7,61.8,43.7,0.169,Supernova
ECSTASSY,bot,EBL,3,33,0.515,61.8,56.7,61.0,60.9,49.2,58.7,59.0,50.3,0.17,Crvena zvezda Esports|Team 7AM
Spirax,mid,LCSA,2,97,0.505,57.4,54.1,60.9,56.8,71.4,58.7,55.7,58.8,0.17,FlyQuest Academy
Selfmade,jng,LEC,1,26,0.462,76.5,42.7,71.3,44.2,50.0,58.5,58.0,52.5,0.159,Team Vitality
Zyko,sup,PGC,2,38,0.5,69.0,59.6,46.9,55.4,49.7,58.5,57.5,53.8,0.159,Maryville University
Gadget,bot,PRM,3,74,0.527,65.8,51.5,46.2,60.8,68.9,58.5,57.4,54.1,0.16,SK Gaming|SK Gaming Prime
Life,sup,LCK,1,98,0.49,50.3,61.3,57.3,61.5,70.4,58.5,56.6,56.1,0.158,KT Rolster
Liang,top,PCS,15,31,0.581,68.0,55.9,61.8,48.5,49.3,58.5,56.2,57.1,0.157,Beyond Gaming
YHL,jng,UPL,2,24,0.458,66.8,50.7,59.5,63.5,47.2,58.5,55.9,57.9,0.158,University of Texas at Dallas|Wild West Bandits
mumus100,top,UL,2,73,0.534,49.4,62.0,58.1,62.5,68.7,58.5,55.4,59.2,0.157,Zero Tenacity
Benaset,sup,LFL2,2,42,0.476,52.5,67.0,57.9,61.0,51.5,58.4,60.0,47.3,0.153,Joblife
1xn,bot,LDL,2,58,0.569,60.2,65.4,52.6,50.4,56.8,58.4,55.3,59.3,0.153,JD Gaming|Joy Dream
Hika,bot,LMF,2,56,0.554,57.5,62.6,55.0,58.0,56.8,58.4,54.6,61.1,0.155,9z Team|Boca Juniors Gaming
Advienne,sup,LVP SL,2,46,0.565,46.1,67.3,60.6,65.8,57.2,58.4,54.3,61.8,0.153,Excel Esports|Giants
Mori,jng,LDL,2,68,0.412,48.8,69.5,51.8,59.3,64.8,58.3,62.7,41.3,0.151,Oh My God Academy
Croco,jng,LCK,1,95,0.474,52.0,60.5,51.5,63.2,71.3,58.3,57.1,54.6,0.152,Liiv SANDBOX
TheShy,top,LPL,1,93,0.559,74.3,45.9,49.7,50.5,66.8,58.3,51.2,68.6,0.152,Weibo Gaming
hulatang,top,LDL,2,55,0.6,59.2,56.0,66.5,51.6,58.6,58.2,53.9,62.6,0.147,Joy Dream
ordno,mid,HM,3,35,0.457,65.1,63.5,40.1,60.3,49.9,58.1,61.7,43.1,0.142,SINNERS Esports
Shyelander,jng,NEXO,3,36,0.417,53.9,63.0,62.1,56.9,54.4,58.1,60.2,46.5,0.142,Inside Games|Phlox Gaming
DICE,mid,LJL,15,53,0.415,68.1,63.5,43.5,53.1,47.8,58.1,59.5,48.1,0.141,Burning Core Toyama
Puma,bot,LCO,15,70,0.5,63.1,55.8,52.2,59.4,57.0,58.1,58.0,51.9,0.142,ORDER
Fresskowy,mid,LVP SL,2,51,0.51,64.4,52.2,61.5,54.8,54.9,58.1,57.6,52.8,0.139,G2 Arctic|G2 Esports Academy
Lingwi,top,LFL2,2,73,0.534,48.8,61.5,61.5,62.1,63.6,58.1,56.8,55.0,0.141,Team MCES
Sponge,jng,LCKC,2,46,0.522,51.3,62.4,64.2,60.2,53.7,58.0,57.6,52.8,0.137,Kiwoom DRX Challengers
Darwin,jng,LDL,2,80,0.463,51.5,65.9,55.7,59.4,58.0,58.0,57.5,53.0,0.137,LNG Academy|LNG Esports
CHEF,jng,TAL,3,45,0.6,59.5,58.1,50.3,59.3,62.7,58.0,55.2,58.9,0.135,Dark Passage Academy
Longqi,top,LDL,2,70,0.529,55.4,64.9,55.8,52.5,60.0,58.0,52.9,64.6,0.137,Team Pinnacle
Bay,mid,PCS,15,52,0.615,49.5,65.2,61.8,59.2,56.8,58.0,50.7,69.2,0.136,PSG Talon
Abbedagge,mid,LCS,1,76,0.566,64.3,55.6,47.3,56.8,63.2,58.0,50.5,69.5,0.134,100 Thieves
Baybror,bot,UL,2,37,0.378,60.8,57.4,56.1,59.2,52.3,57.9,60.3,45.9,0.13,Goskilla
Matsukaze,bot,CBLOL,15,44,0.523,52.9,62.2,62.7,60.1,52.1,57.9,58.2,51.1,0.133,Liberty
Czajek,mid,LFL,2,49,0.49,66.7,61.0,39.5,58.2,53.1,57.9,56.6,55.2,0.131,Misfits Premier
IceBox,top,LHE,2,43,0.442,65.2,63.6,50.1,49.8,47.9,57.8,62.0,42.1,0.127,Cruzados Esports
Stay,bot,LDL,2,63,0.429,55.8,63.8,60.1,51.8,54.9,57.8,60.9,44.4,0.128,Team WE|Team WE Academy
Bako,top,GLL,3,67,0.537,60.5,51.2,65.5,48.0,68.0,57.8,60.2,46.0,0.127,Team Phantasma
Koudys,sup,HC,3,22,0.5,61.0,61.6,53.0,60.9,43.6,57.8,57.2,53.5,0.127,KIA.eSuba Academy
Frappii,bot,LFL2,2,70,0.543,62.3,49.2,63.3,54.2,62.4,57.8,56.7,54.8,0.129,Team MCES
Kisee,mid,LCO,15,74,0.527,67.8,50.1,52.2,52.0,64.5,57.8,55.3,58.4,0.128,ORDER
Alex,jng,PCS,15,22,0.273,55.2,70.0,48.5,63.8,42.0,57.8,55.0,59.1,0.125,Impunity
Bounty,sup,CBLOLA,3,53,0.585,51.4,56.4,64.3,59.5,66.1,57.8,54.3,60.9,0.125,Flamengo Academy|Flamengo MDL|LØS Academy
Meech,bot,LCSA,2,78,0.551,72.4,44.0,54.2,55.9,58.6,57.8,53.9,61.9,0.126,CLG Academy|Immortals Area of Effect
Endz,bot,PGN,3,47,0.553,66.7,51.9,53.5,52.7,60.5,57.8,53.7,62.4,0.126,Atleta Esport
Rogue,sup,LCO,15,68,0.603,48.8,58.2,64.1,59.5,68.8,57.8,52.5,65.2,0.129,Pentanet.GG
WhiteKnight,top,LVP SL,2,55,0.4,44.9,64.7,63.8,63.0,59.3,57.7,64.5,37.6,0.12,Astralis|KOI
Vares,mid,DDH,3,61,0.459,58.2,64.5,49.4,50.8,62.6,57.7,59.6,47.2,0.122,Zylant Esports
Zeussak,sup,HC,3,37,0.514,69.9,49.2,58.4,51.7,52.8,57.7,59.5,47.5,0.123,FLY5|Inaequalis
Cimpo,bot,TAL,3,34,0.559,65.4,54.6,55.5,53.2,54.2,57.7,57.9,51.4,0.121,Dark Passage Academy
Lil,jng,LHE,2,53,0.528,65.0,61.4,43.3,56.3,52.6,57.7,57.0,53.8,0.121,Cruzados Esports|Dark Horse
Lyng,sup,DDH,3,57,0.509,50.0,61.4,51.3,64.4,68.5,57.7,56.3,55.7,0.124,Arctic Gaming México|Six Karma
Wonka,jng,TAL,3,47,0.574,52.6,65.2,50.1,59.2,61.2,57.6,58.7,49.4,0.12,NASR eSports Turkey Academy
Carve,sup,TAL,3,20,0.65,59.2,55.9,56.6,66.1,47.2,57.6,56.7,54.4,0.116,İstanbul Wildcats Academy
GunPoint,bot,LHE,2,39,0.538,56.6,62.4,58.6,56.8,49.8,57.6,56.4,55.2,0.117,Cruzados Esports|Rebirth eSports
Phuc1,jng,VCS,15,44,0.523,53.0,72.8,44.7,58.9,51.9,57.6,54.0,61.4,0.118,CERBERUS Esports|Team Flash
Lunddorf,top,NLC Aurora Open,3,20,0.7,76.4,45.3,55.0,50.6,50.0,57.6,53.1,63.6,0.118,Nativz
Empanadita,jng,GL,3,22,0.591,78.2,44.6,61.2,43.7,46.8,57.5,57.8,51.4,0.112,Ramo Awake Gaming
Sl4shD,top,LPLOL,3,34,0.412,58.9,62.8,43.1,58.8,60.2,57.5,57.0,53.5,0.115,GTZ Esports|Karma Clan Esports
Bananitoo,bot,GLL,3,35,0.629,56.6,61.5,54.0,57.5,55.8,57.5,52.0,65.9,0.113,GOAL|WLGaming Esports
Jakoule,top,LPLOL,3,40,0.7,54.2,50.0,72.4,56.4,63.4,57.5,51.6,66.7,0.111,For The Win Esports
KSAEZ,mid,TCL,15,43,0.465,58.7,53.5,64.3,55.4,55.9,57.4,60.7,44.3,0.109,Galatasaray Esports|SuperMassive Blaze
Rifty,top,EBL,3,38,0.526,64.1,56.5,54.1,52.0,54.2,57.4,56.9,53.5,0.106,Ruddy Corporation|Valiance
Vander,sup,LFL,2,49,0.49,56.0,62.5,44.8,61.7,60.9,57.4,56.3,55.2,0.108,Misfits Premier
Likai,top,PCS,15,41,0.537,47.3,65.9,55.8,66.8,54.0,57.4,55.4,57.5,0.109,Beyond Gaming
ceo,bot,LLA,15,51,0.588,61.4,58.8,50.3,56.8,54.8,57.4,53.7,61.8,0.108,Movistar R7
Poss,top,VCS,15,34,0.588,56.1,64.8,54.1,55.8,51.5,57.4,50.4,69.0,0.106,CERBERUS Esports
Joxardo,top,VL,3,29,0.517,69.0,66.7,40.6,48.7,41.3,57.3,58.1,50.3,0.103,Waia Snikt
D4nKa,jng,PRM,3,65,0.538,47.7,57.0,59.2,65.8,68.2,57.3,55.7,56.5,0.103,GamerLegion
Exothy,bot,UPL,2,21,0.524,59.8,42.5,79.2,53.4,58.9,57.3,54.8,59.0,0.105,Last Resistance
Enso,sup,PCS,15,64,0.609,55.7,51.9,60.6,57.5,68.7,57.3,52.1,65.5,0.106,J Team
Xerxe,jng,LCS,1,39,0.308,61.5,55.0,51.4,54.9,61.8,57.2,62.3,40.9,0.101,Astralis|Immortals
Seelame,bot,LFL2,2,42,0.476,57.7,60.9,53.6,60.5,48.7,57.2,59.3,47.3,0.1,Joblife
Lotuss,jng,PGN,3,42,0.5,53.2,59.4,56.7,61.0,58.3,57.2,57.1,52.8,0.1,Cyberground Gaming|aNc Outplayed
VaSKED,sup,HM,3,67,0.522,51.8,54.1,60.5,56.6,73.6,57.2,56.4,54.6,0.099,eSuba
Galaxy,mid,LPLOL,3,35,0.429,60.9,48.7,70.6,52.1,55.0,57.2,55.9,55.9,0.1,GTZ Esports|Odivelas Sports Club
Yuuji,jng,LCSA,2,97,0.505,52.2,56.2,57.8,57.7,70.2,57.2,54.8,58.8,0.102,FlyQuest Academy
Twight,jng,HC,3,47,0.66,61.2,47.2,59.4,61.2,60.4,57.2,54.7,59.0,0.101,IKISEQ|IKISEQ Gaming|Team Sampi
YuNIshinoya,sup,UL,2,44,0.455,60.2,62.5,41.7,61.4,52.1,57.1,60.0,45.5,0.096,Gentlemen's Gaming
SCARY,jng,CBLOLA,3,36,0.389,45.1,63.9,65.0,63.6,53.0,57.1,59.2,47.3,0.093,KaBuM! Academy
Lac,bot,LMF,2,54,0.481,62.9,51.5,52.6,58.2,59.3,57.1,55.7,56.3,0.097,KRÜ Esports|Undead Gaming
Urgaleex,top,NEXO,3,30,0.6,62.2,54.9,57.7,56.6,48.9,57.1,55.0,58.1,0.095,seQura ZEST
Keres,sup,PCS,15,48,0.5,53.9,62.0,58.7,54.5,55.3,57.0,60.0,45.4,0.092,Frank Esports
Zeypher,bot,DDH,3,61,0.459,59.5,55.9,54.5,52.7,62.4,57.0,59.2,47.2,0.092,Zylant Esports
Vaynedeta,bot,GLL,3,69,0.551,59.0,51.6,61.2,49.7,67.7,57.0,58.7,48.4,0.09,Team Phantasma
Efias,sup,LVP SL,2,56,0.518,49.4,51.2,70.9,60.2,66.0,57.0,56.6,53.7,0.089,Barça eSports|G2 Arctic
Xamexx,bot,SL (LATAM),3,41,0.61,55.6,68.3,47.6,54.6,51.4,57.0,56.6,53.7,0.089,Instinct Gaming|Zeu5 Bogota
Nuclex,mid,VL,3,34,0.441,55.6,61.2,54.4,53.9,58.9,57.0,56.3,54.5,0.089,AceS GaminG
NuQ,top,LFL,2,47,0.489,49.4,61.7,61.0,59.1,56.5,56.9,56.8,53.0,0.085,Fenerbahçe Esports|SuperMassive Blaze|Team GO
Ufrock,bot,TAL,3,25,0.64,47.0,57.2,71.9,62.5,53.6,56.9,55.3,57.0,0.085,Beşiktaş Academy
Kobrq,mid,EL,3,21,0.762,45.4,65.3,55.7,69.2,51.8,56.8,52.4,64.1,0.082,Aurelius Esports
EdbyK,top,HM,3,26,0.385,68.4,58.7,41.5,53.1,48.2,56.7,58.3,48.9,0.075,BRUTE
Leb,jng,LVP SL,2,42,0.476,63.4,56.5,49.9,57.3,48.6,56.7,57.8,50.2,0.075,Barça eSports|Esport Empire
Chieftain,jng,LPL,1,46,0.522,68.1,44.0,52.3,49.3,71.3,56.7,55.4,56.5,0.078,NASR eSports Turkey|ThunderTalk Gaming
Zinie,mid,LAS,3,33,0.545,67.8,47.3,54.4,54.9,54.8,56.7,54.9,57.8,0.079,KT Rolster Academy
2y1,bot,LDL,2,60,0.45,47.7,68.9,54.5,50.7,62.7,56.6,58.4,48.5,0.071,Oh My God Academy
Kiari,top,CBLOL,15,44,0.523,59.0,58.3,53.5,55.0,53.0,56.6,57.4,51.1,0.073,Liberty
Kanra,top,SL (LATAM),3,39,0.59,54.5,62.9,49.6,57.5,56.6,56.6,55.3,56.5,0.071,God's Plan|Incubus
eight,jng,LDL,2,67,0.552,56.4,59.4,53.2,50.9,63.3,56.6,54.8,57.8,0.07,Top Esports Challenger
Yukino,jng,PGC,2,28,0.607,71.8,42.5,64.8,49.7,47.2,56.6,54.6,58.3,0.072,Evil Geniuses Prodigies
Perkz,mid,LEC,1,45,0.467,63.1,51.9,66.8,46.6,49.8,56.5,57.5,50.7,0.069,Team Vitality
Corporal,sup,LCO,15,74,0.527,58.2,54.2,51.9,55.5,65.0,56.5,54.5,58.4,0.067,ORDER
Jool,mid,TCL,15,50,0.56,60.5,51.7,55.6,55.1,59.7,56.5,54.2,59.2,0.068,Dark Passage|Team AURORA
Blice,top,HC,3,28,0.571,59.0,55.7,56.3,61.7,44.4,56.4,56.2,53.9,0.064,ERKO Esports
Winner,jng,LCKC,2,74,0.527,40.2,67.0,57.5,60.4,67.4,56.4,55.1,56.7,0.062,Gen.G Global Academy
Vizicsacsi,top,LFL,2,40,0.4,48.1,69.3,46.9,67.5,46.3,56.3,57.0,51.7,0.059,Astralis|GamersOrigin
DudsTheBoy,bot,CBLOL,15,43,0.581,56.2,57.5,54.7,52.2,61.6,56.3,54.8,57.3,0.056,KaBuM! Esports|LOUD
AdyTheKid,mid,HC,3,49,0.653,65.1,45.9,55.8,51.6,63.9,56.3,53.1,61.7,0.059,Team Sampi
Toaster,bot,ESLOL,3,21,0.714,71.5,46.1,54.5,53.0,47.2,56.3,52.6,62.8,0.057,mCon esports
Leon,sup,UL,2,24,0.875,55.7,56.8,60.6,54.2,53.6,56.3,46.4,74.2,0.059,AGO ROGUE
Pop,sup,TCL,15,52,0.5,50.7,66.1,49.5,57.9,54.9,56.2,57.4,50.5,0.056,SuperMassive Blaze|Team AURORA
Piero,sup,LCKC,2,32,0.5,69.9,54.1,49.1,51.6,42.0,56.2,57.3,50.7,0.055,Kiwoom DRX Challengers
Crisp,sup,LPL,1,98,0.5,49.5,60.5,56.6,56.3,62.9,56.2,55.3,55.9,0.054,Bilibili Gaming
Rock,top,PCS,15,24,0.625,55.2,55.5,61.6,63.2,43.7,56.2,54.8,57.2,0.053,J Team
LvMao,sup,LPL,1,84,0.524,51.7,50.1,67.4,56.4,65.4,56.2,52.6,62.7,0.053,LNG Esports
Cozy,top,PGC,2,56,0.571,59.8,53.6,51.8,58.6,55.6,56.2,51.4,65.5,0.053,No Org|Taco Gaming|Zenigma
Sinner Crow,mid,SL (LATAM),3,25,0.24,52.4,62.7,65.4,52.4,43.7,56.1,60.6,42.9,0.052,Fantasy Gaming|Instinct Gaming
SlowQ,mid,NLC,2,35,0.514,55.7,53.2,63.4,54.4,56.1,56.1,55.1,56.2,0.048,Riddle Esports|X7 Esports
JJirkos,sup,HC,3,25,0.36,48.4,59.5,64.2,61.7,49.7,56.1,55.0,56.5,0.048,Rulers Esports
Rito,sup,NEXO,3,30,0.6,43.9,63.8,63.7,61.5,53.2,56.1,54.4,58.1,0.049,seQura ZEST
Mikkel,mid,ESLOL,3,29,0.517,66.3,46.0,62.6,50.5,51.0,56.1,54.0,59.2,0.051,LowLandLions|Sector One
Dragoon,top,PGC,2,79,0.582,60.3,45.8,56.8,55.6,67.8,56.1,53.1,61.4,0.05,Cincinnati Fear|No Team
Syrpy,sup,HM,3,35,0.457,51.6,63.0,53.0,56.2,55.3,56.0,60.4,43.1,0.044,SINNERS Esports
Arrietty,bot,VCS,15,37,0.514,50.3,60.3,58.1,55.8,58.3,56.0,54.3,58.2,0.044,Team Whales
Kafuu,sup,UPL,2,21,0.524,57.3,46.5,67.1,60.5,52.6,56.0,54.0,59.0,0.045,Last Resistance
Taxer,jng,NLC,2,63,0.508,44.6,58.3,65.5,58.0,63.0,55.9,59.8,44.3,0.04,Astralis Talent
ST3PZ,bot,CBLOLA,3,35,0.4,46.2,58.0,59.9,63.4,60.5,55.9,57.8,49.0,0.04,KaBuM! Academy
Markoon,jng,LEC,1,47,0.489,56.4,53.5,54.6,62.6,52.3,55.9,55.9,53.8,0.038,Excel Esports
Siler,mid,PGN,3,20,0.45,56.4,58.9,62.0,51.9,45.7,55.9,54.2,58.2,0.039,Case Esports|Cyberground Gaming
Sheiden,jng,LCSA,2,50,0.58,65.8,47.3,49.1,56.4,58.4,55.9,50.9,66.2,0.041,Cloud9 Academy
Killerqueen,jng,VCS,15,69,0.435,57.4,49.6,64.6,53.8,56.3,55.8,59.3,45.4,0.038,Luxury Esports|Team Whales
Hoit,sup,LCK,1,74,0.419,58.1,56.9,57.4,48.9,54.9,55.8,58.4,47.4,0.036,DN SOOPers
destiny,sup,LCSA,2,64,0.469,46.3,65.1,43.6,63.4,66.0,55.8,57.3,50.1,0.034,Cloud9|Cloud9 Academy|Immortals
Saviour,sup,PRM,3,49,0.51,51.8,60.4,57.2,51.9,59.1,55.8,57.2,50.4,0.036,MOUZ NXT
Manster,mid,NEXO,3,29,0.586,57.5,55.8,57.3,56.2,49.0,55.8,48.0,71.5,0.035,Oxygen Valiants
Scorth,bot,TCL,15,50,0.56,48.1,56.3,55.3,63.9,63.4,55.8,54.0,58.7,0.037,Dark Passage
Bazu,top,VL,3,32,0.531,59.8,61.0,47.8,54.1,46.5,55.7,58.7,46.6,0.032,Osaka|Skull Cracker
Phantomles,mid,PRM,3,72,0.528,53.0,54.4,52.7,55.3,69.7,55.7,54.8,56.5,0.032,PENTA 1860|SK Gaming Prime
Aaron,bot,NEXO,3,28,0.679,58.2,47.6,72.4,48.3,54.2,55.7,52.1,63.2,0.03,Pawned Mercenaries|QLASH Spain
bobista,top,HM,3,40,0.475,50.8,55.3,64.7,52.5,59.8,55.6,57.6,49.1,0.028,Dynamo Eclot|MNM Gaming
scuro,sup,CBLOL,15,53,0.604,53.2,57.4,52.5,54.5,63.5,55.6,52.1,63.1,0.027,KaBuM! Esports
Fade,mid,TAL,3,24,0.583,54.5,54.5,54.4,61.5,54.5,55.6,49.7,68.3,0.027,Fenerbahçe Academy|Galakticos Academy
Reptile,bot,PRM,3,52,0.635,50.8,53.7,62.1,52.3,67.4,55.6,49.6,68.4,0.025,Unicorns of Love Sexy Edition
Zerito,top,LLA,15,36,0.417,55.8,54.9,65.5,50.8,49.2,55.5,57.0,50.5,0.024,XTEN Esports
Dinastik,mid,SL (LATAM),3,49,0.551,63.7,52.7,46.2,53.5,56.0,55.5,56.7,51.1,0.021,Cienciano Esports|Instinct Gaming
Kruimel,mid,ESLOL,3,73,0.534,47.7,59.5,55.0,55.9,66.4,55.5,55.6,54.1,0.024,The Agency|mCon esports
Vetheo,mid,LEC,1,51,0.49,56.0,66.7,38.8,58.3,48.2,55.5,54.7,56.4,0.022,Misfits Gaming
Niket,sup,LDL,2,27,0.63,58.4,62.9,49.1,49.6,48.8,55.5,52.8,61.2,0.021,Top Esports Challenger
Tony Top,top,LCSA,2,94,0.574,48.7,50.2,58.5,59.1,75.6,55.5,47.1,72.6,0.022,Dignitas Academy|Golden Guardians|Golden Guardians Academy
IlllIma,top,LCKC,2,75,0.44,59.8,56.5,45.9,51.3,60.1,55.4,60.0,43.3,0.02,DN SOOPers Challengers
Driver,top,PCS,15,40,0.6,61.4,50.6,55.4,53.1,53.9,55.4,51.8,63.5,0.018,J Team
Arrow,bot,LCSA,2,89,0.438,47.5,56.6,58.9,58.4,62.9,55.3,59.6,44.0,0.015,Immortals|Immortals Academy
Peep,bot,LHE,2,36,0.389,57.5,52.9,58.5,57.6,48.0,55.3,59.4,44.4,0.012,Maycam Evolve|Newstar|Rebirth eSports
Foxy,bot,GL,3,22,0.364,59.9,47.3,70.3,54.7,41.6,55.3,58.9,45.6,0.015,PRO42
Pockus,sup,PGC,2,76,0.474,56.6,52.1,55.8,52.2,62.3,55.3,58.1,47.4,0.012,Area of Effect Randoms|Wildcard Aces|Wildcard Gaming|Winthrop University
Hugato,jng,CBLOLA,3,42,0.5,46.4,71.0,46.6,60.2,48.7,55.3,58.0,47.7,0.015,Miners|Miners Academy
icecoKe,jng,LDL,2,29,0.414,49.7,63.3,55.0,57.2,49.4,55.3,57.3,49.4,0.013,Anyone's Legend.Young
Kumo,top,LCSA,2,69,0.478,44.3,64.5,48.4,64.8,59.6,55.3,55.7,53.5,0.014,FlyQuest|FlyQuest Academy
Blizz,mid,LPLOL,3,28,0.571,43.2,62.9,63.3,62.8,48.4,55.3,55.1,55.1,0.015,OFFSET Esports|White Dragons
Nisqy,mid,LEC,1,39,0.538,60.1,46.6,56.7,63.9,48.9,55.3,52.4,62.0,0.016,MAD Lions KOI
Maynter,top,LFL2,2,24,0.5,55.6,65.9,43.4,60.6,40.0,55.2,56.6,50.9,0.007,Lille Esport|One Breath Gaming
Fighto,mid,LCO,15,40,0.425,59.7,41.2,71.0,45.6,65.7,55.2,56.2,52.1,0.01,Kanga Esports
Nickleaf,bot,VL,3,46,0.565,63.4,54.9,48.9,47.4,54.4,55.2,55.6,53.6,0.01,Skull Cracker|Waia Snikt
Paladin,bot,EBL,3,59,0.559,58.7,48.0,52.3,56.0,64.6,55.2,54.2,57.2,0.007,Valiance
Rovex,sup,PGC,2,71,0.592,68.2,42.0,51.7,50.9,60.4,55.1,52.6,61.2,0.006,Taco Gaming|University of St. Thomas
Heimdall,sup,LFL2,2,54,0.556,57.6,52.5,48.2,62.6,52.8,55.0,53.4,59.0,0.0,Lille Esport|RNL ROAR
0909,mid,LDL,2,29,0.621,43.9,63.8,58.7,60.9,51.0,55.0,53.1,59.7,-0.001,EDG Youth Team|Oh My God
Kl,sup,SL (LATAM),3,43,0.535,54.2,55.6,54.4,56.0,54.1,54.9,56.9,49.8,-0.004,Diamond Doves
Miang,jng,DDH,3,60,0.55,47.1,51.6,66.7,53.4,68.2,54.9,52.9,60.1,-0.004,Arctic Gaming México|Atheris Esports
Mechanics,bot,ESLOL,3,21,0.619,70.3,41.7,53.1,54.5,46.9,54.8,55.2,53.9,-0.011,Northern Lions Esports
Luka,mid,TCL,15,51,0.608,56.3,51.2,56.0,54.4,57.7,54.8,52.7,60.4,-0.009,5 Ronin|Diamant Esports
NorthnLghts,top,GLL,3,33,0.485,61.2,43.1,64.2,55.9,49.3,54.7,55.4,53.3,-0.013,Hive Athens EC
Nukes,sup,NLC,2,34,0.529,51.6,62.8,44.0,60.5,51.7,54.7,54.3,56.2,-0.014,Cyber Wolves|Riddle Esports
Stray,sup,LLA,15,61,0.574,45.8,49.2,69.2,63.4,58.2,54.7,51.4,63.5,-0.012,Team Aze
Taba,bot,PGN,3,42,0.5,52.2,58.6,55.8,53.3,52.2,54.6,57.6,47.6,-0.017,Cyberground Gaming|GGEsports
xzy,mid,LDL,2,61,0.492,41.7,61.6,66.0,57.0,53.2,54.6,56.8,49.6,-0.016,Invictus Gaming Young|LNG Academy
Fatorix,bot,LMF,2,26,0.462,55.3,55.1,55.0,60.2,44.2,54.6,55.9,51.9,-0.017,River Plate Gaming
Czypsy,sup,UL,2,58,0.552,59.6,50.6,43.1,56.9,63.2,54.6,55.8,52.2,-0.016,Iron Wolves|Samsung Morning Stars
Tadeusz,mid,HC,3,26,0.538,62.1,42.5,71.0,47.3,50.5,54.6,55.5,52.9,-0.018,ERKO Esports
lovely,jng,LDL,2,34,0.588,53.4,59.0,58.7,46.0,53.6,54.6,51.5,63.1,-0.019,Royal Club
Ricky,top,LJLA,3,20,0.5,57.3,67.2,47.2,51.8,33.0,54.5,61.7,39.0,-0.022,Sengoku Gaming Academy
Yupps,top,CBLOLA,3,32,0.438,66.6,55.5,40.0,52.3,44.6,54.5,58.7,45.0,-0.021,Liberty Academy
Saulius,mid,UL,2,60,0.467,58.5,58.4,43.3,52.1,54.0,54.5,55.9,51.7,-0.022,Iron Wolves
Tiara,sup,EBL,3,38,0.526,52.2,62.2,45.5,58.5,50.1,54.5,55.7,52.2,-0.023,Valiance|mYinsanity
Paixdia,sup,TAL,3,28,0.571,55.0,54.6,53.1,56.8,51.7,54.5,54.8,54.6,-0.021,SuperMassive Blaze Academy
Zantimon,bot,GL,3,40,0.625,53.3,57.5,49.4,55.1,56.7,54.5,52.8,59.7,-0.024,King of Goats|Ramo Awake Gaming
Ventair,top,PRM,3,46,0.609,49.0,54.8,58.6,58.4,56.6,54.4,52.5,60.4,-0.027,Berlin International Gaming
Weiwei,jng,LPL,1,84,0.512,51.7,58.2,56.6,49.7,56.6,54.4,52.4,60.7,-0.026,Bilibili Gaming
yyy,jng,LDL,2,45,0.578,54.1,59.6,40.6,59.5,54.8,54.3,51.5,62.6,-0.033,TEAM ORANGE
Denathor,top,UPL,2,41,0.488,69.1,43.4,51.6,51.6,47.5,54.2,57.9,46.3,-0.037,Tempest Gaming|Winthrop University
Wylenz,top,LFL2,2,42,0.476,63.0,51.5,53.5,47.8,47.8,54.2,57.5,47.3,-0.036,Joblife
Dioge,mid,CBLOLA,3,25,0.36,53.4,57.6,51.5,55.5,50.4,54.2,57.5,47.2,-0.037,KaBuM! Academy
Lived,top,LCO,15,49,0.388,46.6,46.0,72.1,55.6,65.2,54.2,57.0,48.5,-0.035,Kanga Esports
Griffin,jng,PGC,2,21,0.476,71.7,43.7,52.2,47.0,45.5,54.2,56.6,49.4,-0.038,Wildcard Gaming
Griba,sup,CBLOLA,3,42,0.524,46.9,57.8,54.1,60.9,55.7,54.2,52.7,59.6,-0.036,Miners Academy
Elramir,jng,TCL,15,45,0.444,54.5,64.5,40.0,59.1,42.8,54.1,58.5,44.8,-0.043,Beşiktaş Esports|Team AURORA
Fisher,mid,LCKC,2,33,0.455,62.0,54.3,53.2,49.8,40.6,54.1,58.4,45.1,-0.04,EDward Gaming|Liiv SANDBOX Youth
Jouzef,jng,UPL,2,20,0.5,69.9,36.1,65.9,42.9,52.3,54.1,58.2,45.5,-0.041,University of Michigan
Pyl,sup,LMF,2,47,0.426,61.5,58.0,40.6,49.5,51.0,54.1,58.0,45.9,-0.042,Cruzados Esports|Undead Gaming
Care,mid,LPL,1,68,0.471,43.0,67.4,54.9,54.9,50.5,54.1,55.7,51.6,-0.039,FunPlus Phoenix
kyeahoo,mid,LAS,3,60,0.517,55.5,55.7,45.6,51.2,62.4,54.1,54.0,56.0,-0.041,DRX Academy
Mun,sup,DDH,3,27,0.704,52.9,43.8,73.7,48.9,59.7,54.1,47.9,70.0,-0.042,The Kings
Oda,jng,NEXO,3,20,0.35,60.8,60.0,43.6,52.7,39.5,54.0,61.9,38.2,-0.046,Bis Esports|Magna Esports|QLASH Spain
Sherlock,sup,LAS,3,36,0.528,53.3,56.7,52.3,49.5,58.0,54.0,54.5,54.6,-0.043,DN SOOPers Academy|Liiv SANDBOX Youth
Burdol,top,LCK,1,51,0.627,53.4,50.4,57.8,54.8,57.3,54.0,48.2,69.4,-0.043,Dplus Kia
N3znamy,jng,HC,3,22,0.318,65.2,46.6,48.9,43.5,62.2,53.9,56.7,48.8,-0.05,Project Sinners|eKoVy
Infoneral,sup,GLL,3,35,0.514,49.6,60.9,46.1,58.9,53.4,53.9,55.5,51.8,-0.051,Sector One|WLGaming Esports
Sahira,mid,NLC,2,33,0.545,59.8,50.3,47.9,56.0,52.2,53.9,52.4,59.8,-0.05,Cryptova|Vanir
Minit,sup,LCKC,2,66,0.439,50.8,57.1,46.2,57.4,59.3,53.8,58.7,44.0,-0.052,DN SOOPers Challengers
Bull,bot,LCKC,2,72,0.458,49.7,60.3,42.2,61.3,55.3,53.8,57.5,46.7,-0.053,DN SOOPers Challengers
Saens,jng,DDH,3,53,0.472,52.3,56.5,51.8,53.3,55.3,53.8,55.5,51.7,-0.054,Zylant Esports
Kazuo,jng,EL,3,27,0.333,62.4,57.0,44.8,49.8,42.9,53.8,55.4,52.0,-0.052,Bandits Gaming
Vortum,top,LPLOL,3,48,0.604,50.5,55.6,49.3,58.5,58.3,53.8,54.4,54.5,-0.054,EGN Esports|GTZ Esports
FlickeR,bot,LPLOL,3,22,0.5,58.5,53.9,45.1,62.3,42.4,53.8,54.0,55.5,-0.055,GTZ Esports
Pehrson,sup,NLC,2,26,0.269,47.0,59.6,56.8,59.7,45.6,53.7,61.7,38.2,-0.059,Team Singularity
Baekho,jng,PGC,2,73,0.534,62.2,43.9,60.9,43.2,58.2,53.7,59.6,42.1,-0.057,CLG Faith|Supernova|Zenigma
Carlsen,top,NLC,2,63,0.508,52.2,47.0,65.1,54.0,56.7,53.7,58.5,44.3,-0.059,Astralis Talent
Diva,mid,EBL,3,51,0.549,49.1,63.4,41.6,57.1,55.9,53.7,56.0,50.3,-0.057,Hive Athens EC|Valiance
Labrov,sup,LEC,1,45,0.467,63.4,45.5,53.2,55.7,45.3,53.7,55.8,50.7,-0.06,Team Vitality
Catan,bot,GL,3,32,0.312,59.3,53.1,51.1,50.1,49.2,53.7,54.1,55.2,-0.059,Goat Esports|Mayan Esports
HyBriD,bot,LJL,15,50,0.4,63.5,58.6,35.4,52.4,43.8,53.6,59.9,41.3,-0.063,Crest Gaming Act
5K,top,LDL,2,43,0.442,46.0,63.9,50.7,53.8,54.1,53.6,58.8,43.5,-0.062,LNG Academy|TEAM ORANGE
Deratero,top,LHE,2,35,0.343,59.5,59.8,45.3,53.7,36.7,53.6,56.8,48.1,-0.064,Santiago Wanderers eSports
Gavotto,bot,LLA,15,63,0.524,54.1,52.8,49.9,52.9,59.9,53.6,53.9,55.5,-0.064,Isurus
Mikyx,sup,LEC,1,42,0.5,41.4,64.8,59.0,56.8,48.8,53.6,53.8,55.7,-0.064,Excel Esports
Hunt,mid,EBL,3,29,0.586,62.0,41.5,54.3,63.1,45.3,53.6,52.8,58.4,-0.062,Crvena zvezda Esports
Juzo,bot,CBLOLA,3,41,0.439,51.9,56.6,58.4,46.9,52.7,53.5,60.0,41.0,-0.066,INTZ Academy
Highway,sup,NLC,2,22,0.5,71.4,46.4,44.4,49.2,41.7,53.5,56.3,49.2,-0.068,Bifrost
KroMAX,sup,EBL,3,27,0.667,51.7,55.2,53.4,56.6,50.4,53.5,51.7,61.0,-0.067,Diamant Esports
Yakkey,bot,EBL,3,31,0.484,65.3,48.4,54.3,48.6,39.9,53.4,63.4,35.7,-0.07,Nexus KTRL
Lucky,sup,LVP SL,2,44,0.523,55.5,60.2,40.8,59.3,42.4,53.4,51.6,61.0,-0.074,Antares Esports|Barça eSports
Esko,bot,HM,3,28,0.429,49.4,49.4,57.8,63.7,52.7,53.4,55.7,50.5,-0.073,Cryptova
Music,jng,PGN,3,38,0.5,53.4,58.9,44.6,55.7,50.2,53.4,55.2,51.7,-0.074,GGEsports|GOAL
Minji,mid,PCS,15,71,0.549,50.5,52.0,47.2,59.6,63.6,53.4,52.7,58.4,-0.07,Beyond Gaming
ZaZee,mid,PRM,3,70,0.571,45.7,54.8,49.1,57.7,69.4,53.4,52.2,59.6,-0.071,Berlin International Gaming
Flare,bot,CBLOL,15,36,0.306,47.3,57.3,59.5,60.3,41.6,53.3,59.4,41.9,-0.078,Flamengo MDL|LØS
Hadess,jng,LVP SL,2,53,0.472,44.9,55.2,63.8,52.0,58.0,53.3,57.4,46.2,-0.079,Barça eSports|MAD Lions Madrid
Nukeduck,mid,LEC,1,47,0.489,55.2,48.0,59.5,50.1,56.3,53.3,54.4,53.8,-0.075,Excel Esports
Lekcyc,sup,PGN,3,25,0.56,46.2,55.2,57.3,62.2,49.5,53.3,54.3,54.0,-0.078,Cyberground Gaming|Unicorns of Love.CIS
Moutarde,mid,LFL2,2,72,0.542,49.5,49.7,61.8,56.8,54.4,53.3,53.9,55.0,-0.079,Team MCES
Sketch,bot,PGC,2,74,0.514,56.3,48.0,47.9,56.4,59.3,53.2,56.8,47.5,-0.08,Cincinnati Fear|Evil Geniuses Prodigies
Burrito,top,LHE,2,53,0.509,47.5,59.2,53.0,55.4,51.4,53.2,56.1,49.2,-0.082,9z Team|Newstar
Aspire,top,LDL,2,72,0.528,44.9,63.0,48.9,51.5,61.0,53.2,53.9,54.9,-0.081,Top Esports Challenger
Fatihcan,bot,NLC,2,39,0.487,42.7,54.0,64.1,60.3,54.1,53.2,53.4,56.3,-0.079,Axolotl|Riddle Esports
Mojito,jng,TCL,15,46,0.543,56.7,47.4,55.0,51.7,56.9,53.2,52.3,59.0,-0.081,Galatasaray Esports
Edward,sup,GLL,3,21,0.619,46.8,64.5,46.5,57.3,47.8,53.2,51.4,61.3,-0.082,GOAL|Team Spirit
Ashlomailma,sup,LDL,2,41,0.585,52.2,47.8,55.5,52.8,64.7,53.2,51.4,61.2,-0.083,ThunderTalk Gaming Young
MC,jng,NLC,2,37,0.486,64.0,47.5,46.4,51.4,49.4,53.1,55.9,49.7,-0.084,Riddle Esports|X7 Esports
Minerva,jng,CBLOL,15,24,0.292,50.5,57.3,59.0,54.8,40.2,53.1,55.6,50.4,-0.084,Rensga eSports
Crash,jng,TCL,15,36,0.389,61.7,49.1,45.5,57.1,44.5,53.1,54.1,54.3,-0.084,All Knights|Fenerbahçe Esports
6ax,mid,EBL,3,32,0.469,44.4,50.9,67.3,56.0,57.0,53.1,53.9,54.8,-0.084,Axolotl|Split Raiders
JunJia,jng,LPL,1,25,0.68,52.0,55.5,53.5,57.9,43.4,53.1,51.1,62.0,-0.084,EDward Gaming
Kamyta,sup,LPLOL,3,35,0.457,40.9,58.3,56.8,59.2,58.2,53.0,59.8,40.8,-0.091,OFFSET Esports
Strode,bot,HM,3,35,0.457,56.1,56.5,43.9,54.4,48.2,53.0,58.6,43.1,-0.092,SINNERS Esports
Zaetoz,bot,VL,3,60,0.517,43.6,61.0,49.3,54.7,61.4,53.0,57.0,46.7,-0.091,Pirate Dream
WildTurtle,bot,LCSA,2,39,0.436,53.3,53.9,60.0,48.7,46.4,53.0,55.2,51.2,-0.09,Immortals|Immortals Academy
EXIMUS,jng,LHE,2,53,0.528,44.5,58.2,60.6,55.6,49.6,53.0,54.2,53.9,-0.088,Dark Horse|Master Girl|Meta Gaming
Bayonetta,top,TAL,3,45,0.6,45.3,50.8,65.1,49.9,64.9,53.0,53.3,56.2,-0.09,Beşiktaş Academy
OddOrange,jng,PGC,2,36,0.556,50.6,52.2,61.2,55.7,46.4,53.0,53.2,56.5,-0.088,Maryville University
Pbd,sup,TCL,15,50,0.56,56.9,47.3,51.1,49.6,63.0,53.0,52.3,58.7,-0.092,Dark Passage
Warner,mid,TAL,3,35,0.429,50.6,59.7,47.9,55.5,46.7,52.9,60.5,39.4,-0.095,Galatasaray Academy
BuLLDoG,mid,LCKC,2,75,0.44,45.4,65.1,37.9,61.4,53.9,52.9,58.5,43.3,-0.094,DN SOOPers Challengers
Piwek,bot,UL,2,27,0.37,65.6,53.3,43.4,51.0,35.4,52.9,57.2,46.1,-0.095,Illuminar Gaming|TT willhaben
Master Jos,mid,GL,3,45,0.556,49.4,59.2,49.4,48.8,58.3,52.9,56.8,47.1,-0.094,Ramo Awake Gaming
shanji,top,LPL,1,92,0.478,51.0,54.2,41.2,59.7,61.2,52.9,55.8,49.6,-0.094,Oh My God
Wos,sup,CBLOL,15,34,0.5,49.4,48.9,68.9,57.8,42.7,52.9,55.7,49.8,-0.093,Flamengo MDL|Liberty|LØS
EliWood,sup,PGN,3,22,0.364,59.3,61.3,44.5,49.0,35.3,52.9,55.6,50.1,-0.093,GGEsports|mCon esports
Agresivoo,top,LFL,2,60,0.467,47.0,58.4,57.3,53.8,48.2,52.9,55.3,50.9,-0.093,Team BDS|Team BDS Academy
Demon,top,LDL,2,61,0.426,53.5,60.7,45.8,49.4,48.2,52.9,55.3,50.8,-0.094,Team WE|Team WE Academy
kibah,sup,NLC,2,45,0.578,61.2,45.5,56.4,49.3,48.4,52.9,54.1,53.9,-0.095,Astralis Talent
Solo,top,LCS,1,27,0.444,48.7,45.0,63.3,57.9,59.7,52.9,53.7,55.0,-0.093,TSM|TSM Academy
Scofield,jng,TAL,3,25,0.64,45.7,50.3,63.4,60.2,52.9,52.9,52.9,57.0,-0.096,Beşiktaş Academy
Perry,jng,PGC,2,67,0.522,59.2,46.3,50.8,52.7,54.2,52.9,52.6,57.9,-0.093,300|Area of Effect Pump|Dignitas Academy|Evil Geniuses Prodigies
DeepLearn,bot,PGC,2,50,0.66,55.6,39.3,66.1,52.4,58.4,52.9,51.3,61.0,-0.097,Area of Effect Ginger Turmeric|Dinka Never Homeless Again
Yen,bot,UPL,2,42,0.548,62.9,44.4,55.0,46.0,51.4,52.8,54.8,52.0,-0.098,Fragbox Gaming|Illinois State University
Enjawve,sup,LFL,2,39,0.487,54.2,45.8,62.2,46.7,60.0,52.8,53.4,55.5,-0.102,GamersOrigin|Partizan Esports
Youxin,jng,LDL,2,72,0.472,44.8,61.1,42.9,57.3,62.2,52.8,53.4,55.6,-0.098,LGD Gaming Young Team|ThunderTalk Gaming Young
Melody,sup,GL,3,46,0.5,44.0,56.1,50.0,50.1,74.7,52.8,53.2,56.1,-0.099,Braves Rising|Mayan Esports
Canna,top,LCK,1,83,0.361,60.0,50.6,49.0,50.6,46.8,52.7,61.1,38.2,-0.105,Nongshim RedForce
scamber,sup,CBLOLA,3,35,0.429,47.1,57.0,56.7,55.0,48.7,52.7,58.1,43.9,-0.104,Liberty Academy
fjoompbun,top,ESLOL,3,34,0.588,62.2,44.4,61.4,39.9,52.7,52.7,53.1,56.1,-0.106,Cryptova|Team Echo Zulu
Deidara,top,PGN,3,27,0.593,52.4,61.2,45.1,43.5,57.4,52.7,52.7,57.3,-0.103,Cyber Wolves|aNc Outplayed
Luuukz,jng,CBLOLA,3,26,0.577,47.8,56.2,48.0,54.7,61.2,52.7,51.2,61.0,-0.106,RED Academy
Ino,top,LJL,15,63,0.571,47.3,54.3,50.6,55.9,60.8,52.7,49.9,64.1,-0.106,Rascal Jester
Tutsz,mid,CBLOL,15,36,0.306,50.0,61.4,49.9,53.7,41.9,52.6,59.0,41.9,-0.108,Flamengo MDL|LØS
Mianare,bot,GL,3,21,0.571,54.9,48.5,50.4,60.8,48.2,52.6,54.1,53.4,-0.109,Braves Rising|Nova Squad
Abner,bot,NEXO,3,31,0.581,54.0,46.7,53.2,60.5,50.6,52.6,48.1,68.0,-0.107,Oxygen Valiants|UCAM Esports Academy|Wizards
Pretender,mid,PCS,15,54,0.481,57.5,51.5,51.7,45.1,53.0,52.5,58.7,42.4,-0.112,Frank Esports
Hungry,bot,LDL,2,54,0.444,46.6,63.1,55.0,42.3,54.6,52.5,56.8,46.5,-0.113,Anyone's Legend.Young|Team WE Academy
cody,mid,LLA,15,41,0.512,54.8,47.5,51.5,52.5,59.0,52.5,54.3,52.8,-0.113,inf
Yaoyang,top,LDL,2,41,0.659,58.5,51.6,49.0,44.1,55.2,52.5,49.3,65.2,-0.115,MAX
Meaning,top,LCKC,2,70,0.429,47.7,63.1,41.1,55.5,51.9,52.4,57.5,44.8,-0.116,Liiv SANDBOX Youth
Kitzuo,jng,PGC,2,58,0.534,66.1,44.7,42.0,49.1,53.3,52.4,52.8,56.6,-0.116,No Ace|Team Pending|University of St. Thomas
Ale,top,LPL,1,101,0.535,53.6,49.2,56.7,47.0,58.1,52.4,48.2,67.5,-0.116,LNG Esports
Drakehero,jng,CBLOLA,3,39,0.436,41.2,63.4,49.1,60.4,49.3,52.3,57.7,44.3,-0.121,Liberty Academy
Meteoro,sup,DDH,3,22,0.364,54.5,51.0,57.3,55.8,37.8,52.3,57.1,45.6,-0.12,Tomorrow Esports
Solid,jng,LLA,15,42,0.5,49.2,55.4,47.7,58.5,51.3,52.3,54.9,50.9,-0.122,inf
Unforgiven,jng,LMF,2,32,0.625,45.2,51.7,65.3,56.3,48.4,52.3,50.8,61.4,-0.122,Leviatan
Treatz,sup,LEC,1,36,0.389,53.6,43.1,63.5,56.7,47.2,52.2,57.8,43.8,-0.129,SK Gaming
Pillo,top,DDH,3,61,0.459,43.7,54.1,54.4,54.2,63.6,52.2,56.3,47.2,-0.128,Zylant Esports
Asza,bot,LFL,2,41,0.415,50.9,57.8,45.3,56.0,47.2,52.2,56.2,47.5,-0.129,Solary
eXyu,jng,LCSA,2,86,0.5,42.8,52.1,57.2,57.1,62.6,52.2,54.4,52.0,-0.127,Dignitas|Dignitas Academy
Finn,top,LEC,1,47,0.489,45.0,63.6,48.2,54.9,47.5,52.2,53.7,53.8,-0.128,Excel Esports
Patrik,bot,LEC,1,47,0.489,61.3,47.9,42.1,55.4,47.9,52.2,53.7,53.8,-0.128,Excel Esports
BMFX,bot,LCSA,2,67,0.612,46.8,47.6,51.7,62.6,62.6,52.2,42.8,75.5,-0.127,100 Thieves Academy|Dare Gaming|Team Ambition
Flawless,jng,LJL,15,62,0.371,56.1,64.1,40.6,44.5,41.4,52.1,62.0,36.4,-0.133,Burning Core Toyama|Lucent Esports|MonsterEsports (European Team)
iOC,bot,SL (LATAM),3,25,0.24,58.9,43.8,64.8,50.1,39.0,52.1,58.2,42.9,-0.13,Fantasy Gaming|Instinct Gaming
silkysmath,bot,PRM,3,31,0.452,64.2,38.1,50.7,52.4,53.6,52.1,58.1,43.0,-0.133,WAVE Esports
ZombieHog,bot,SL (LATAM),3,20,0.35,48.7,49.1,65.5,54.3,46.7,52.1,55.5,49.1,-0.131,Antares Esports
Clid,jng,LPL,1,83,0.458,45.2,63.9,41.8,55.7,52.6,52.1,54.8,50.8,-0.133,FunPlus Phoenix
Tempos,sup,PGC,2,29,0.448,58.4,45.2,60.1,53.0,38.9,52.0,59.6,40.1,-0.134,Illinois State University
Xin,sup,LDL,2,40,0.4,40.8,57.1,60.8,53.5,55.2,52.0,59.2,40.8,-0.136,EDG Youth Team|LNG Academy
CBL,sup,VCS,15,64,0.438,50.7,48.0,57.0,51.8,57.5,52.0,56.3,47.0,-0.136,Luxury Esports|Team Whales
kubYD,sup,PGN,3,31,0.548,61.5,48.9,44.0,49.1,49.7,52.0,53.3,54.6,-0.136,Atletec|aNc Outplayed
R1kka,top,LDL,2,36,0.472,48.8,63.1,46.3,52.8,42.3,52.0,53.2,54.8,-0.137,LGD Gaming Young Team
Neon,bot,LEC,1,51,0.49,55.1,48.4,41.1,59.0,57.2,52.0,52.6,56.4,-0.136,Misfits Gaming
Kadaver,bot,ESLOL,3,52,0.481,50.0,54.1,53.2,49.7,53.1,51.9,57.2,44.8,-0.139,mCon esports
Eisley,bot,LDL,2,36,0.389,49.2,67.0,43.2,49.9,39.8,51.9,54.9,50.3,-0.141,Rare Atom Period|Team Pinnacle
Nper,top,VCS,15,78,0.487,60.3,40.5,53.5,45.9,61.3,51.9,53.1,54.9,-0.141,SBTC Esports
AD,bot,LAS,3,33,0.545,65.8,45.3,43.3,45.1,51.7,51.9,52.0,57.8,-0.14,KT Rolster Academy
Haetae,top,LAS,3,39,0.538,57.6,42.5,54.6,51.4,54.9,51.9,51.8,58.3,-0.141,Hanwha Life Esports Academy
Robertoos,sup,UL,2,36,0.389,46.1,57.7,47.3,60.8,46.8,51.8,59.6,39.9,-0.145,devils.one inStreamly
Munian,top,LDL,2,68,0.412,50.2,61.3,40.2,47.5,56.6,51.8,58.8,41.3,-0.144,Oh My God Academy
dtro,sup,UPL,2,29,0.379,68.0,48.6,46.2,40.3,41.4,51.8,58.0,42.9,-0.144,"University of California, Irvine"
Zzk,top,TCL,15,20,0.45,60.5,43.2,60.6,50.9,38.4,51.8,54.7,50.7,-0.144,Galakticos|Galakticos Academy
Xiaoxiang,top,LPL,1,33,0.515,50.5,51.0,68.7,46.8,40.6,51.8,54.5,51.1,-0.145,EDward Gaming|ThunderTalk Gaming
TAKON,sup,LAS,3,24,0.333,53.8,54.5,43.9,50.4,53.1,51.8,54.1,52.2,-0.145,Liiv SANDBOX Academy
Froststrike,jng,LLA,15,38,0.5,37.7,48.3,72.3,52.2,66.7,51.8,52.9,55.3,-0.144,Globant Emerald|Isurus|Meta Gaming
Dimitry,jng,LLA,15,63,0.556,54.0,45.0,58.5,49.1,55.5,51.8,50.9,60.4,-0.145,Team Aze
Adiss,top,GLL,3,50,0.54,42.3,48.3,60.1,62.3,58.5,51.8,50.4,61.7,-0.144,Anorthosis Famagusta Esports|Team Refuse
Olleh,sup,LCS,1,43,0.372,47.7,52.3,64.6,51.1,44.1,51.7,58.8,41.2,-0.151,Golden Guardians
Tsiper,mid,EBL,3,48,0.583,46.9,55.8,47.5,55.0,56.4,51.7,53.0,54.9,-0.15,Crvena zvezda Esports|GOAL
Woolite,bot,LFL,2,49,0.49,57.6,52.6,41.4,52.2,48.1,51.7,52.9,55.2,-0.149,Misfits Premier
Airawn,jng,UPL,2,30,0.667,67.0,40.5,47.8,50.2,45.0,51.7,46.0,70.8,-0.15,CB Gaming|Jake's Kittens
Deletus,jng,ESLOL,3,31,0.452,68.2,35.3,55.7,47.1,45.9,51.6,57.9,42.9,-0.155,Hortus esports|Team 7AM
Cody Sun,bot,LFL,2,43,0.349,42.8,57.9,59.2,56.2,44.0,51.6,57.6,43.5,-0.154,Mirage Elyandra
RoyalKanin,mid,ESLOL,3,65,0.523,51.1,49.2,47.5,51.7,63.3,51.6,56.6,45.8,-0.153,KRC Genk Esports|MNM Gaming
Bruness,jng,GLL,3,49,0.449,47.5,56.6,42.5,55.4,57.8,51.6,56.5,46.0,-0.153,Team Oplon|WLGaming Esports
Aquasonic,top,LMF,2,44,0.477,47.7,61.1,41.6,58.2,44.9,51.6,53.8,52.6,-0.156,River Plate Gaming
monkaS,sup,TAL,3,46,0.609,42.4,49.8,57.8,56.4,64.0,51.6,53.5,53.4,-0.156,Dark Passage Academy|NASR eSports Turkey Academy
Stormax,jng,LFL2,2,45,0.489,49.8,56.5,41.9,60.8,45.1,51.5,55.8,47.5,-0.158,Lille Esport
Rift,bot,LFL2,2,45,0.489,57.8,49.6,44.2,54.3,46.0,51.5,55.8,47.5,-0.158,Lille Esport
Aeon,bot,LFL2,2,50,0.52,51.1,52.9,47.7,58.6,45.1,51.5,54.1,51.7,-0.16,PCS Taran
Zergsting,sup,TCL,15,46,0.543,52.3,50.0,49.9,51.8,54.8,51.5,51.3,59.0,-0.157,Galatasaray Esports
ANDARIEL,bot,TCL,15,45,0.533,51.7,46.0,57.6,47.6,60.1,51.5,50.5,60.9,-0.16,5 Ronin|Galatasaray Esports|SuperMassive Blaze
Moosey,sup,ESLOL,3,21,0.286,68.8,47.4,44.8,42.5,37.1,51.4,54.2,51.4,-0.162,Munster Rugby Gaming|ZennIT
Kenny,sup,HC,3,20,0.55,45.6,56.4,49.2,62.1,43.7,51.4,52.7,55.2,-0.163,ERKO Esports
Rostak,jng,HC,3,20,0.55,49.1,48.2,62.1,56.4,43.5,51.4,50.7,60.3,-0.166,Inaequalis|Team Sampi
Airren,bot,PGC,2,71,0.479,52.7,46.9,57.3,47.9,53.7,51.3,59.7,39.2,-0.168,CLG Faith|Grand View University|Saint Louis University
Twelve,top,LFL2,2,61,0.525,41.6,48.8,59.7,53.5,66.9,51.3,54.1,51.5,-0.166,Tony Parker Adéquat Academy
whisper,jng,LDL,2,41,0.512,49.0,59.3,39.1,52.7,53.5,51.2,53.5,52.9,-0.171,Ultra Prime Academy
Chad,jng,LCSA,2,107,0.477,49.2,40.2,60.7,51.6,66.5,51.2,52.0,56.6,-0.175,Immortals|Immortals Academy
D4SH,jng,LPLOL,3,26,0.346,52.8,53.3,45.8,54.8,44.7,51.2,51.0,59.3,-0.172,Karma Clan Esports
Primo,sup,LJLA,3,20,0.5,60.6,43.6,52.8,51.9,41.3,51.2,50.0,61.8,-0.172,Crest Gaming Act|Crest Gaming Act Academy
Alexx,jng,LVP SL,2,51,0.51,39.9,53.3,55.4,59.7,57.0,51.1,53.4,52.8,-0.179,G2 Arctic|G2 Esports Academy
Le Grain,bot,PGC,2,20,0.55,56.5,41.7,59.6,56.3,39.8,51.1,53.2,53.3,-0.18,Ginger Turmeric
Irrelevant,top,LEC,1,51,0.471,55.3,47.5,35.0,62.3,55.0,51.1,52.5,55.2,-0.177,Misfits Gaming|Misfits Premier
FATE,mid,LCK,1,92,0.391,41.3,58.4,56.4,54.2,48.1,51.0,59.8,38.7,-0.181,DN SOOPers
Parus,sup,TCL,15,39,0.436,60.5,45.7,50.6,45.9,45.9,51.0,56.6,45.0,-0.18,Beşiktaş Academy|Beşiktaş Esports|SuperMassive Blaze
Achuu,bot,PGN,3,34,0.382,51.5,54.5,47.0,51.7,46.8,51.0,55.5,47.5,-0.18,aNc Outplayed|beGenius ESC
Mole,mid,LPL,1,28,0.429,50.2,50.5,47.1,59.7,47.4,51.0,54.9,48.9,-0.183,Invictus Gaming
Improve,bot,CBLOLA,3,40,0.45,51.5,55.5,43.0,51.9,49.2,51.0,54.5,49.9,-0.183,FURIA Youth
Kevy,jng,LCO,15,65,0.508,55.3,39.8,69.2,45.1,48.3,51.0,52.6,54.8,-0.182,CLG Academy|ORDER
Loop,sup,UPL,2,20,0.55,66.4,46.8,45.1,42.6,39.8,50.9,56.2,45.6,-0.189,Harrisburg University
Danteh,bot,LCO,15,26,0.5,62.3,42.5,52.3,52.1,37.3,50.9,54.5,49.7,-0.188,Dire Wolves
Boukada,jng,LFL2,2,32,0.406,53.4,54.0,40.4,57.3,43.8,50.9,54.0,51.1,-0.184,Atletec|UCAM Esports
White,jng,LFL2,2,61,0.525,46.9,45.5,53.6,60.5,56.5,50.9,53.8,51.5,-0.189,Tony Parker Adéquat Academy
Juzu,top,TCL,15,33,0.515,43.5,56.1,50.1,59.4,48.0,50.9,53.7,51.8,-0.187,SuperMassive Blaze
Tyr,sup,EL,3,23,0.696,59.5,42.6,47.4,52.0,50.4,50.9,50.0,61.3,-0.186,Aurelius Esports|XTEN Esports
Cl0x,sup,NLC Aurora Open,3,20,0.7,60.9,39.3,55.9,46.8,49.9,50.9,49.1,63.6,-0.184,Nativz
Kaori,bot,LCSA,2,109,0.431,62.7,41.0,38.0,46.0,65.6,50.8,57.5,42.7,-0.192,Evil Geniuses|Evil Geniuses Academy
Binky,mid,VL,3,60,0.517,45.1,47.0,56.5,53.7,62.0,50.8,55.7,46.7,-0.189,Pirate Dream
Densi,jng,ESLOL,3,43,0.581,47.0,48.4,47.0,57.0,62.6,50.8,53.2,53.0,-0.189,mCon esports
Truncapochas,jng,CT,3,24,0.625,46.8,50.6,57.0,54.6,48.1,50.8,51.1,58.4,-0.191,seQura ZEST
Kunduz,mid,TAL,3,44,0.568,49.8,40.9,65.4,51.8,53.9,50.8,49.0,63.6,-0.189,Fenerbahçe Academy|Team AURORA
Maximillion,mid,TAL,3,22,0.545,47.1,52.9,61.8,48.7,42.7,50.7,53.6,51.8,-0.195,İstanbul Wildcats Academy
Rhino,sup,LCSA,2,27,0.556,51.6,50.9,53.9,49.1,46.0,50.7,53.2,52.8,-0.195,Team Liquid Academy|Wildcard Gaming
Jiashi,mid,CBLOLA,3,25,0.4,40.4,59.5,54.7,58.6,40.3,50.6,57.8,41.9,-0.199,Liberty Academy
promisq,sup,UL,2,60,0.5,46.3,55.6,52.4,51.6,47.3,50.6,57.4,42.7,-0.198,AGO ROGUE|Astralis
Erha,mid,LDL,2,43,0.395,47.0,55.7,55.0,52.4,40.2,50.6,57.1,43.2,-0.202,Anyone's Legend.Young
Azitor,bot,NLC,2,34,0.324,56.8,52.9,40.7,54.6,38.2,50.6,56.7,44.1,-0.2,NYYRIKKI
DNA,mid,PGC,2,41,0.488,62.6,33.2,67.0,41.4,48.9,50.6,53.9,50.9,-0.199,Ginger Turmeric|Grand View University|Team Ambition
Evaan,mid,LFL2,2,55,0.509,47.3,51.8,54.6,52.6,48.0,50.6,53.2,52.5,-0.203,PCS Taran
Vasekfel,mid,HC,3,20,0.55,58.6,41.8,57.4,49.8,41.8,50.6,52.2,55.2,-0.201,ERKO Esports
Nawa,bot,TAL,3,28,0.607,40.2,55.7,53.4,55.6,55.1,50.6,49.7,61.6,-0.201,Dark Passage Academy|NASR eSports Turkey Academy
escoX,sup,NEXO,3,23,0.348,53.3,52.7,44.7,52.8,43.5,50.5,55.6,46.5,-0.205,Phlox Gaming
LiquidDiego,jng,DDH,3,56,0.482,54.6,50.5,44.4,46.6,53.8,50.5,55.2,47.4,-0.206,Atomic México|Six Karma
Apii,mid,LCO,15,48,0.521,49.5,57.9,43.6,54.0,41.8,50.5,54.9,48.2,-0.204,PEACE
Xzz,mid,LDL,2,33,0.485,39.2,52.9,63.4,54.8,50.6,50.5,54.1,50.2,-0.203,Invictus Gaming Young
Zzzofia,sup,VL,3,60,0.517,51.4,44.7,51.9,45.6,64.6,50.4,55.4,46.7,-0.212,Pirate Dream
Thien,top,LCO,15,47,0.511,60.8,49.5,42.1,46.9,42.2,50.4,54.6,48.8,-0.208,PEACE
705,top,LDL,2,36,0.5,43.7,61.2,54.0,49.2,40.5,50.4,54.3,49.6,-0.207,Joy Dream|Weibo Gaming Youth Team
Druxy,bot,GLL,3,31,0.452,47.0,57.5,44.6,49.9,51.8,50.4,53.4,51.7,-0.212,GOAL
Novice,mid,LDL,2,36,0.5,47.1,60.7,44.2,50.8,44.5,50.4,53.1,52.5,-0.211,Top Esports Challenger
dibu,jng,ESLOL,3,22,0.409,45.3,53.3,56.9,53.7,43.6,50.4,52.9,53.1,-0.208,Sector One|mYinsanity
Phenix,sup,HC,3,26,0.577,52.8,42.3,58.7,54.4,45.3,50.4,52.6,53.9,-0.208,ERKO Esports
Tempester,mid,LAS,3,40,0.525,50.9,47.8,55.4,49.0,49.5,50.4,51.9,55.7,-0.21,Hanwha Life Esports Academy
Like 1999,jng,LAS,3,33,0.545,56.7,55.6,38.7,45.4,45.6,50.4,51.1,57.8,-0.209,KT Rolster Academy
Twiizt,sup,LFL,2,40,0.4,37.4,52.0,56.4,59.7,58.1,50.3,56.2,44.8,-0.215,Team Oplon
xiye,mid,LPL,1,25,0.4,44.7,59.3,49.6,54.3,40.7,50.3,54.2,49.6,-0.213,Team WE
Umut,mid,TCL,15,26,0.5,49.4,57.3,45.5,56.3,35.4,50.3,54.1,49.8,-0.215,Dark Passage
LeQu,top,UL,2,45,0.378,53.9,48.9,47.6,52.8,43.7,50.2,59.4,38.5,-0.22,Forsaken|Illuminar Gaming
Nikolex,jng,GLL,3,60,0.533,47.0,42.6,61.4,49.0,61.8,50.2,54.1,49.7,-0.218,Team Phantasma
DVLK,mid,HC,3,40,0.5,53.1,43.8,51.6,50.9,53.7,50.2,52.6,53.5,-0.22,KIA.eSuba Academy
Mirror,mid,LDL,2,32,0.531,53.3,49.0,44.6,50.9,51.3,50.2,51.9,55.4,-0.217,Ultra Prime Academy
Blind Walker,jng,EL,3,35,0.514,47.9,51.9,53.4,49.4,49.0,50.2,50.8,58.3,-0.217,Gravity Elite
Orre,bot,ESLOL,3,29,0.517,51.9,42.6,59.1,52.1,48.1,50.2,50.4,59.2,-0.221,LowLandLions|Sector One
Kino,sup,PCS,15,72,0.556,45.0,48.3,51.6,54.1,59.9,50.2,50.2,59.7,-0.221,Beyond Gaming
lcberg,top,LDL,2,47,0.553,53.5,48.9,48.6,48.8,48.4,50.2,48.1,64.8,-0.218,TEAM ORANGE
Kobbe,bot,LEC,1,36,0.278,54.2,41.3,63.2,47.2,45.3,50.1,59.1,39.0,-0.223,Astralis
Steellar,top,DDH,3,56,0.446,46.2,46.9,62.3,46.6,55.3,50.1,56.5,43.9,-0.224,Arctic Gaming México|Braves Rising
IvanD,bot,LPLOL,3,20,0.4,54.2,52.6,49.0,48.4,37.7,50.1,55.7,45.6,-0.225,Austrian Force willhaben|GTZ Esports
Burry,jng,PCS,15,35,0.686,41.9,55.4,48.7,61.4,45.9,50.1,46.8,67.5,-0.221,PSG Talon
KNEZA,bot,HC,3,38,0.5,60.2,49.6,46.2,41.3,42.3,50.0,58.3,40.3,-0.227,IKISEQ|IKISEQ Gaming|KIA.eSuba Academy
Numandiel,mid,ESLOL,3,51,0.51,41.4,49.5,62.6,49.5,56.3,50.0,53.2,51.7,-0.226,FC Nantes Esports|KRC Genk Esports
Clozer,mid,LCK,1,94,0.479,51.4,42.3,43.2,50.5,72.0,50.0,52.1,54.6,-0.226,Liiv SANDBOX
JKJK,sup,LDL,2,45,0.578,46.0,58.3,42.6,52.2,48.8,50.0,48.9,62.6,-0.229,TEAM ORANGE
Kiin,top,LCK,1,92,0.391,51.2,59.2,40.5,49.1,40.1,49.9,59.1,38.7,-0.234,DN SOOPers
Conse,top,PGN,3,44,0.523,41.1,54.2,59.8,48.1,51.6,49.9,57.7,41.2,-0.234,GGEsports|Samsung Morning Stars
xingluo,jng,LDL,2,30,0.3,39.3,57.1,55.3,49.6,53.8,49.9,57.4,41.8,-0.231,Shu Dai Xiong Gaming
Hype,bot,LCKC,2,38,0.395,44.9,59.4,48.1,52.5,40.9,49.9,56.2,44.3,-0.234,Liiv SANDBOX Youth
Massu,bot,PGC,2,31,0.516,46.3,57.7,44.7,58.4,37.8,49.9,53.7,50.2,-0.232,Team Pending
Krosak,top,HM,3,31,0.419,53.1,44.9,57.7,50.5,41.3,49.9,53.5,50.7,-0.234,Inside Games|Rulers Esports
Jealow,sup,SL (LATAM),3,40,0.45,41.9,55.9,43.1,55.8,57.7,49.9,52.5,53.4,-0.232,Cienciano Esports
Skewy,mid,SL (LATAM),3,36,0.472,44.2,56.1,41.9,51.2,60.0,49.9,51.5,55.9,-0.234,Spectacled Bears|Supay Gaming|Wolf Club Esports
Pepi,jng,HC,3,24,0.583,41.5,57.0,47.0,60.6,44.9,49.9,51.3,56.5,-0.231,ERKO Esports
UNF0RGIVEN,bot,LEC,1,57,0.509,52.1,42.0,56.4,55.8,45.1,49.9,50.8,57.8,-0.231,MAD Lions KOI
Beats,sup,LCO,15,28,0.571,63.2,47.2,42.2,45.7,38.3,49.9,50.5,58.4,-0.235,PEACE
MOMER,top,TAL,3,23,0.261,40.0,56.9,60.4,54.4,38.5,49.8,59.0,38.8,-0.239,Galakticos Academy|Galatasaray Academy|Team AURORA Academy
XLC,sup,LDL,2,20,0.35,43.8,54.3,52.9,60.4,36.6,49.8,55.7,45.2,-0.24,LGD Gaming Young Team
XXX,mid,LDL,2,52,0.558,40.4,56.8,44.2,58.5,54.1,49.8,47.6,65.4,-0.237,TEAM ORANGE
Manuelcap,sup,DDH,3,22,0.364,45.7,53.4,52.8,59.0,35.5,49.7,55.5,45.6,-0.242,Atomic México|God's Plan
Hatred,jng,EBL,3,33,0.455,45.9,52.4,55.2,51.0,44.5,49.7,54.2,48.6,-0.243,Auxesis Esports|Sector One
Six10,mid,PGN,3,42,0.5,51.9,45.3,53.6,49.5,48.9,49.7,54.0,49.2,-0.241,Cyberground Gaming|GGEsports
Atlen,bot,PCS,15,21,0.667,46.4,57.8,46.0,56.3,36.7,49.7,51.7,55.2,-0.24,CTBC Flying Oyster
Xun,jng,LPL,1,96,0.427,55.1,42.5,56.4,42.0,52.5,49.6,58.0,40.4,-0.245,Bilibili Gaming|Invictus Gaming
Nazrat,mid,HM,3,20,0.4,52.3,43.2,42.9,51.5,63.1,49.6,55.6,45.2,-0.248,Inside Games
V1per,top,LCSA,2,51,0.373,58.4,46.1,40.9,44.6,53.7,49.6,55.5,45.4,-0.248,No Org|TSM|TSM Academy
Kael,sup,LCK,1,97,0.464,35.0,57.7,39.4,61.6,66.1,49.6,52.8,52.1,-0.245,Liiv SANDBOX
Kenapil,jng,GLL,3,24,0.458,46.9,47.8,50.2,53.3,53.5,49.5,58.1,40.0,-0.253,Gamespace Mediterranean College Esports
RayFarky,top,LJL,15,52,0.423,54.3,49.1,37.1,59.1,42.0,49.5,54.3,48.1,-0.252,Burning Core Toyama
Raina,sup,LJL,15,57,0.526,47.9,45.7,51.5,48.8,60.2,49.5,50.9,56.9,-0.251,Fukuoka SoftBank HAWKS gaming
10ng,mid,LDL,2,36,0.556,44.7,58.3,46.8,51.8,42.5,49.5,50.7,57.3,-0.254,Top Esports Challenger
Sero,top,LAS,3,33,0.545,43.6,46.8,42.1,71.8,50.4,49.5,50.5,57.8,-0.254,KT Rolster Academy
zorenous,top,LCO,15,46,0.457,50.3,58.0,39.9,48.4,42.4,49.4,56.4,43.2,-0.255,Dire Wolves
Zaki,sup,HC,3,30,0.567,43.9,53.4,49.9,50.1,53.0,49.4,54.0,48.7,-0.257,IKISEQ|IKISEQ Gaming
Draptix,top,LFL2,2,21,0.476,39.3,47.4,71.5,57.7,38.7,49.4,53.6,49.7,-0.256,Atletec
Dehaste,mid,PGN,3,50,0.52,53.2,44.9,51.5,43.5,55.0,49.4,52.3,53.0,-0.257,SK Gaming Prime|aNc Outplayed
Septico1,top,EBL,3,22,0.364,51.8,39.1,69.8,43.1,47.0,49.4,50.7,57.2,-0.256,42 Gaming|Nexus KTRL
Koba,bot,LFL2,2,25,0.48,55.4,47.9,39.6,59.3,37.4,49.4,49.3,60.8,-0.256,BK ROG Esports
Biofrost,sup,LCS,1,46,0.326,42.6,58.2,54.4,55.5,31.6,49.3,60.4,36.2,-0.263,Dignitas
Eyhro,mid,NLC,2,36,0.361,45.0,57.3,49.5,49.8,41.6,49.3,54.0,48.5,-0.263,NYYRIKKI
Lospa,sup,LCKC,2,77,0.506,40.8,47.5,48.0,59.8,62.5,49.3,52.1,53.4,-0.262,Gen.G|Gen.G Global Academy
Clever9,top,LDL,2,23,0.435,48.0,56.2,44.5,53.3,38.1,49.3,50.2,58.4,-0.26,LNG Academy
Missia,sup,LDL,2,58,0.569,48.6,45.6,57.1,47.4,51.2,49.3,47.2,65.6,-0.26,Ultra Prime Academy
Gloryy,mid,VCS,15,81,0.432,52.4,48.0,47.8,39.2,58.7,49.2,61.0,35.4,-0.266,Burst The Sky Esports|Team Whales
Cospect,sup,PGN,3,52,0.5,42.4,60.3,41.2,49.4,52.6,49.2,53.8,48.9,-0.265,Atleta Esport|Goskilla
Kireas,jng,TCL,15,49,0.531,48.9,55.2,41.6,50.7,44.6,49.2,51.6,54.5,-0.268,5 Ronin|SuperMassive Blaze
Shy Carry,bot,EBL,3,41,0.585,46.5,46.2,51.7,49.2,59.3,49.2,47.6,64.5,-0.266,Diamant Esports
Nazgul,top,ESLOL,3,26,0.577,47.9,44.1,53.3,56.5,48.2,49.2,46.1,67.7,-0.267,Ion Squad|Partizan Esports
XERSUS,sup,LFL2,2,41,0.317,35.6,63.2,50.1,58.4,38.3,49.1,57.8,40.1,-0.27,beGenius ESC
Grzybek,top,UL,2,56,0.446,40.4,53.0,46.9,59.8,51.0,49.1,56.8,41.9,-0.273,Gentlemen's Gaming
Ranger,jng,CBLOL,15,36,0.472,47.9,54.9,51.1,47.1,39.5,49.1,55.4,45.0,-0.27,FURIA|Flamengo MDL|LØS
1Curioso,jng,SL (LATAM),3,42,0.476,47.8,49.6,47.2,55.2,45.7,49.1,54.2,47.8,-0.271,Instinct Gaming|Maze Gaming
Ariana,mid,UL,2,46,0.478,52.2,39.2,53.1,52.8,53.0,49.1,53.7,48.9,-0.273,Gentlemen's Gaming
Dargus,bot,LHE,2,36,0.333,37.8,50.5,61.3,57.7,46.3,49.1,52.0,53.3,-0.271,Maze Gaming
Draktharr,jng,VCS,15,64,0.422,60.6,36.2,50.8,37.2,60.8,49.0,60.7,35.6,-0.278,Burst The Sky Esports|CERBERUS Esports
Keaiduo,mid,LCSA,2,26,0.346,57.5,45.0,44.7,42.3,51.3,49.0,54.8,46.1,-0.277,TSM|TSM Academy
RonOP,sup,VCS,15,43,0.488,36.2,49.1,65.9,55.0,50.3,49.0,51.1,55.6,-0.273,CERBERUS Esports
Marzo,bot,HC,3,30,0.467,42.7,51.2,51.7,55.9,46.0,48.9,53.8,48.5,-0.279,Inside Games|Inside Games Challengers
Goku,mid,CBLOL,15,24,0.292,45.0,52.7,59.6,47.8,37.9,48.9,53.0,50.4,-0.281,Rensga eSports
Ploxy,jng,PGN,3,39,0.538,49.2,47.0,43.8,53.9,52.5,48.9,52.0,53.0,-0.279,Cyberground Gaming|aNc Outplayed
redwall,top,LDL,2,30,0.567,61.9,50.0,41.5,38.5,38.1,48.9,49.0,60.7,-0.281,JD Gaming|Joy Dream
OmulFinn,jng,ESLOL,3,23,0.391,52.1,44.2,58.2,45.8,42.1,48.8,55.0,45.4,-0.285,DMG Esports|GTZ Esports|Team 7AM
Lwx,bot,LPL,1,95,0.474,48.1,49.9,45.4,45.7,56.9,48.8,50.7,56.3,-0.284,FunPlus Phoenix
Cape,jng,TAL,3,30,0.5,45.8,45.8,57.7,49.4,50.1,48.8,50.1,57.7,-0.286,Galakticos Academy
Beige,jng,LDL,2,56,0.446,39.4,51.6,57.3,54.9,46.2,48.7,54.3,47.0,-0.288,Invictus Gaming Young|Team Pinnacle
RTeks,sup,NEXO,3,22,0.545,73.8,36.8,42.6,34.9,38.0,48.7,51.4,54.2,-0.291,Bis Esports
MxDragon,jng,PGN,3,47,0.553,45.9,44.7,54.8,49.0,55.8,48.7,48.2,62.4,-0.29,Atleta Esport
F4rg,top,LPLOL,3,35,0.457,56.4,40.8,50.0,45.0,49.3,48.6,57.1,40.8,-0.295,OFFSET Esports
HamBak,jng,LCKC,2,74,0.405,41.0,55.6,44.1,53.1,52.6,48.6,56.9,41.2,-0.295,Liiv SANDBOX|Liiv SANDBOX Youth
Alan,mid,LFL2,2,45,0.489,55.8,51.2,37.4,47.2,41.7,48.6,54.0,47.5,-0.294,Lille Esport
Algos,sup,TAL,3,22,0.545,46.4,50.6,43.2,52.2,52.1,48.6,51.6,53.6,-0.293,Beşiktaş Academy|Beşiktaş Esports|İstanbul Wildcats Academy
Shockey,top,UPL,2,20,0.4,51.2,37.6,73.7,41.6,41.7,48.6,50.9,55.4,-0.292,Area of Effect Pump|Area of Effect Rise|ImPerium Vancuverii|Team Zoose
Zemnas,top,CBLOLA,3,40,0.45,50.9,48.1,45.9,46.5,49.3,48.5,53.0,49.9,-0.297,FURIA Youth
Snaker,bot,LLA,15,32,0.531,51.8,43.1,47.4,46.5,55.8,48.5,52.0,52.4,-0.298,inf
Satorius,top,LVP SL,2,43,0.465,46.3,49.3,45.0,60.4,40.9,48.5,51.5,53.6,-0.301,BK ROG Esports|Team Heretics
Athyz,jng,GL,3,61,0.557,51.4,44.5,45.4,44.9,58.4,48.5,50.8,55.4,-0.301,Braves Rising
Iwandy,sup,LPL,1,33,0.545,47.8,62.3,36.2,47.8,37.9,48.5,50.5,56.2,-0.3,LNG Esports|Team WE
Jauny,top,LLA,15,41,0.488,35.8,51.6,61.2,52.1,51.2,48.4,53.2,49.1,-0.305,inf
Celebrity,bot,VCS,15,71,0.507,54.3,41.3,43.9,43.6,61.0,48.4,49.8,57.8,-0.306,SBTC Esports
Wojtus,sup,UL,2,73,0.534,42.8,43.8,49.8,54.9,61.6,48.4,49.3,59.2,-0.304,Zero Tenacity
Elated,top,UPL,2,21,0.524,42.6,54.1,46.7,58.8,38.4,48.3,49.3,59.0,-0.311,Last Resistance
shochi,mid,PGC,2,66,0.576,55.9,42.9,40.5,49.8,49.6,48.3,48.9,60.0,-0.31,Immortals Area of Effect|Taco Gaming
DoRun,top,CBLOL,15,42,0.429,41.5,63.7,34.3,56.6,38.5,48.2,57.0,40.5,-0.316,Miners
Ucal,mid,LPL,1,85,0.447,44.3,48.8,53.1,41.8,58.6,48.2,55.9,42.6,-0.314,ThunderTalk Gaming
Witek,jng,UL,2,20,0.4,50.7,36.9,53.2,51.9,55.1,48.2,55.3,43.9,-0.314,Komil & Friends
Champen,top,HM,3,20,0.3,63.3,42.9,46.9,38.6,36.2,48.2,53.5,48.1,-0.311,Dark Tigers|Viperio
Citrus,jng,LCKC,2,50,0.46,39.8,52.6,49.6,53.7,50.3,48.2,52.5,50.5,-0.316,DN SOOPers Challengers
Elk,bot,LPL,1,93,0.398,46.8,51.5,55.6,42.1,42.3,48.1,60.5,35.2,-0.321,Bilibili Gaming|Ultra Prime
Climber,jng,LDL,2,36,0.361,41.2,58.3,50.6,49.9,37.9,48.1,54.9,44.7,-0.318,V5 87
Biob,sup,VCS,15,44,0.341,55.2,45.9,47.6,45.5,39.6,48.1,53.8,47.2,-0.319,Genius Esports
NiuNai,jng,NEXO,3,23,0.522,36.9,50.8,69.1,47.6,42.7,48.1,53.3,48.4,-0.319,Kawaii Kiwis
iso,bot,LHE,2,28,0.571,44.1,48.7,55.9,52.5,40.7,48.1,50.5,55.6,-0.317,Newstar
Palafox,mid,LCS,1,65,0.523,54.2,41.4,48.8,46.6,48.6,48.1,48.6,60.4,-0.321,CLG Academy|Counter Logic Gaming
Lava,mid,LCK,1,87,0.368,51.2,54.4,35.4,51.1,39.1,48.0,59.9,35.8,-0.323,HANJIN BRION
Pseudo,sup,PGC,2,46,0.522,63.1,35.2,53.9,39.0,42.3,48.0,58.6,37.6,-0.324,Supernova|Team Ambition
Xhow,jng,LDL,2,22,0.409,42.1,50.9,67.1,42.6,38.4,48.0,55.0,44.2,-0.325,Weibo Gaming Youth Team
danny1018,top,LDL,2,26,0.423,43.6,45.8,66.5,45.7,42.2,48.0,54.8,44.8,-0.321,Team WE Academy
Doggo,bot,LPL,1,88,0.5,51.4,47.5,43.9,45.7,49.4,48.0,50.9,54.4,-0.322,Bilibili Gaming|Bilibili Gaming Junior
Ahn,bot,LPL,1,45,0.444,47.7,48.5,46.3,50.7,46.3,48.0,50.9,54.3,-0.325,Invictus Gaming
Kurilius,bot,NEXO,3,33,0.576,47.7,46.7,50.5,46.5,49.8,48.0,46.4,65.6,-0.322,Herbalife Real Betis|Oxygen Valiants
Zin,sup,VCS,15,38,0.316,42.9,51.3,65.5,44.9,33.4,47.9,58.2,38.2,-0.326,AS Esports
Warszi,mid,UL,2,47,0.447,51.0,45.9,48.5,47.4,44.4,47.9,56.2,41.7,-0.326,Forsaken|Illuminar Gaming|RNL ROAR
Aria,mid,LCK,1,38,0.395,29.8,59.8,65.9,50.1,40.4,47.9,54.7,44.8,-0.33,KT Rolster
Indecision,jng,EBL,3,39,0.564,43.8,49.5,50.4,50.1,48.3,47.9,53.5,47.5,-0.33,Team Phantasma|Valiance
AnDa,jng,LCSA,2,31,0.452,47.1,60.1,34.8,53.5,33.4,47.9,52.0,51.3,-0.329,No Org|TSM Academy
DNK,jng,VCS,15,68,0.485,53.6,42.3,42.8,47.4,53.3,47.9,51.4,52.8,-0.33,SBTC Esports
Milo,bot,GL,3,20,0.3,56.9,56.0,30.1,51.3,26.5,47.8,61.5,33.9,-0.333,Osaka|RX Esports
Leyan,jng,LPL,1,87,0.425,50.3,56.3,37.5,40.1,47.0,47.8,55.2,43.5,-0.335,Rare Atom
Rosseu,sup,VL,3,24,0.5,43.9,52.0,54.9,48.0,38.9,47.8,52.4,50.2,-0.332,Waia Snikt
lhyz,jng,LDL,2,39,0.538,42.2,53.6,46.1,46.6,52.9,47.8,48.5,60.2,-0.333,Royal Club
Akainu,mid,LJLA,3,20,0.5,59.1,43.7,49.4,44.0,30.4,47.7,57.5,39.0,-0.339,Sengoku Gaming Academy
Tomio,jng,LCSA,2,88,0.409,38.3,47.2,55.3,50.2,58.9,47.7,56.3,41.3,-0.336,Evil Geniuses Academy
choego,bot,UL,2,28,0.429,35.6,58.7,55.3,54.2,35.9,47.7,54.5,45.0,-0.339,Cyberground Gaming|Forsaken
Disconnector,top,UPL,2,36,0.583,45.8,43.9,54.1,47.7,52.3,47.7,53.9,46.3,-0.34,Illinois State University
Frost4,jng,UPL,2,74,0.527,54.3,47.1,40.6,39.4,52.5,47.6,55.6,42.5,-0.342,Cloud9 Academy|Tempest Gaming|Winthrop University
Chinra,sup,LHE,2,21,0.286,43.7,45.8,53.5,48.1,52.5,47.6,54.1,45.8,-0.341,Maze Gaming|Supay Gaming
Trungi,top,HM,3,26,0.308,36.1,57.8,52.6,48.2,46.5,47.6,50.2,55.5,-0.343,Inaequalis|Inside Games
361efe,jng,TAL,3,26,0.769,45.6,41.8,59.2,45.6,52.5,47.6,44.0,69.8,-0.345,Fenerbahçe Academy
Djoko,jng,LFL,2,41,0.415,41.9,48.9,54.4,50.6,45.4,47.5,53.3,47.5,-0.348,Solary
SeongHwan,jng,TCL,15,33,0.485,38.2,58.4,47.6,50.7,42.9,47.5,52.5,49.5,-0.346,Fenerbahçe Esports
Leemas,bot,LCO,15,42,0.405,44.9,36.2,60.6,43.5,66.3,47.5,52.3,50.0,-0.347,Kanga Esports
Philip,top,LCSA,2,86,0.488,42.0,42.6,52.6,50.8,60.5,47.5,50.7,54.1,-0.347,FlyQuest|FlyQuest Academy
Disave,bot,CBLOL,15,28,0.607,46.0,46.7,55.6,46.7,43.4,47.5,48.5,59.7,-0.349,KaBuM! Esports
EvanRL,bot,PGC,2,47,0.383,56.7,47.7,32.9,51.0,38.0,47.4,57.6,38.6,-0.352,DK Crew|Harrisburg University|Maryville University
BroCColi,jng,TCL,15,36,0.361,49.4,47.9,45.6,45.6,46.4,47.4,56.3,40.9,-0.35,Beşiktaş Esports|Galakticos
SophistSage,bot,UPL,2,39,0.538,66.5,35.0,42.0,42.4,40.6,47.4,54.3,45.0,-0.35,Bay State College
Pridestalkr,jng,LCS,1,33,0.394,62.4,33.4,51.4,44.2,39.0,47.4,53.8,46.2,-0.35,Golden Guardians
stillnumb,mid,TCL,15,45,0.467,53.5,37.8,51.2,47.4,47.6,47.4,52.9,48.3,-0.351,Fenerbahçe Esports
Betty,bot,LPL,1,83,0.386,38.7,54.8,47.5,56.9,39.5,47.3,57.7,38.3,-0.357,Anyone's Legend
Poweh,top,NEXO,3,23,0.522,66.4,34.7,50.5,34.9,38.9,47.3,52.8,48.4,-0.357,Kawaii Kiwis
Keishao,sup,LMF,2,40,0.5,44.6,56.4,34.3,52.9,43.9,47.3,50.5,54.2,-0.358,River Plate Gaming|Stone Movistar
Boal,top,CBLOL,15,24,0.458,40.6,42.5,69.3,42.8,50.8,47.3,50.0,55.5,-0.357,Flamengo MDL|RED Canids
Kaylem,top,NLC,2,54,0.426,41.5,52.4,42.8,55.5,45.2,47.2,58.4,37.2,-0.36,BK ROG Esports|MNM Gaming
Zaiiche,top,NEXO,3,22,0.364,37.5,50.8,46.7,56.0,52.9,47.2,54.2,44.9,-0.364,UCAM Esports Academy
Dolis,mid,HC,3,24,0.458,56.0,44.1,39.4,48.5,40.8,47.2,53.2,47.2,-0.363,Inside Games Challengers
Roshan,jng,ESLOL,3,43,0.535,48.5,47.2,43.9,45.1,50.9,47.2,51.0,52.8,-0.361,The Agency
SLT,top,LVP SL,2,25,0.52,48.2,46.9,51.3,45.1,42.2,47.2,50.1,55.1,-0.363,KOI
Guubi,bot,LVP SL,2,73,0.521,42.9,38.9,52.1,58.3,54.9,47.2,48.2,60.1,-0.361,BISONS ECLUB
Raxxo,sup,LFL,2,45,0.333,52.6,47.4,43.5,48.0,36.4,47.1,57.0,39.3,-0.365,Mirage Elyandra
Muja,mid,CBLOLA,3,41,0.439,41.2,57.5,44.9,46.7,43.2,47.1,55.9,41.3,-0.366,INTZ|INTZ Academy
Wendel,sup,NLC,2,23,0.391,38.1,49.2,48.1,51.1,58.2,47.1,52.0,50.0,-0.369,Astralis Talent|Rebels Gaming
Haenam,top,LAS,3,34,0.618,44.4,46.7,48.0,48.5,51.9,47.1,48.4,59.3,-0.367,Nongshim RedForce Academy
PandaC,top,LDL,2,29,0.586,45.2,58.5,45.1,41.1,38.0,47.1,47.4,61.8,-0.369,LNG Academy|LNG Esports
Yanxiang,jng,LDL,2,75,0.413,36.4,54.0,46.2,49.7,55.5,47.0,56.4,40.2,-0.371,Team WE Academy
Raptor,jng,LCKC,2,45,0.422,40.6,56.5,40.8,51.0,45.5,47.0,53.7,45.8,-0.371,HANJIN BRION|HANJIN BRION Challengers
Sparz,sup,TCL,15,22,0.364,49.2,50.8,42.5,53.2,31.2,47.0,52.8,47.9,-0.37,Fenerbahçe Esports|Galakticos
Macucho,sup,VL,3,36,0.472,56.2,40.7,40.8,45.7,47.8,47.0,50.9,52.7,-0.373,GeekSide Esports|God's Plan
Nio,sup,PRMP,3,22,0.727,45.9,39.3,50.4,46.8,62.5,47.0,50.0,55.1,-0.371,Hertha BSC eSport
Mysun,sup,LDL,2,56,0.518,44.6,43.8,43.4,50.6,60.0,47.0,48.7,58.3,-0.374,Royal Club
Siicked,top,LMF,2,44,0.341,44.6,56.1,40.7,50.0,37.3,46.9,56.9,39.2,-0.376,9z Team|Maycam Evolve
Maple,mid,LCS,1,38,0.342,45.4,42.6,58.4,49.2,41.4,46.9,56.1,40.6,-0.377,Anyone's Legend|TSM
SpeedoBear,sup,GLL,3,22,0.364,44.7,54.3,46.4,48.2,35.4,46.9,52.9,47.5,-0.378,Partizan Esports|Team Refuse
Jenkins,top,LCSA,2,67,0.448,41.5,48.8,47.2,47.1,54.6,46.8,54.3,44.1,-0.383,CLG Academy|Counter Logic Gaming
aleykxar,bot,NEXO,3,26,0.346,52.5,40.0,58.1,39.4,41.7,46.8,53.0,47.1,-0.382,AYM Esports|Dead Rabbits Club
Lukezy,mid,PGN,3,32,0.469,56.2,48.0,33.4,43.7,42.8,46.8,52.7,47.8,-0.384,Cyber Wolves|aNc Outplayed
yaoyao,sup,LPL,1,30,0.5,40.1,50.3,53.4,54.7,36.3,46.8,50.4,53.7,-0.38,ThunderTalk Gaming
Shernfire,jng,LFL,2,40,0.4,44.1,46.3,43.4,47.2,57.8,46.7,53.9,44.8,-0.389,Team Oplon
Scarlet,mid,LFL,2,41,0.415,54.1,47.3,39.2,43.3,41.6,46.7,52.8,47.5,-0.386,Solary
Johnsun,bot,LCS,1,58,0.448,51.0,50.1,35.6,50.4,38.2,46.7,52.2,48.8,-0.389,FlyQuest
PauFerran,sup,NEXO,3,20,0.25,46.5,45.2,52.7,51.4,36.4,46.7,52.1,49.1,-0.389,LK Gaming|Phlox Gaming|TDC Esports
Sive,sup,CBLOL,15,21,0.381,50.8,55.4,33.1,48.8,31.9,46.6,54.1,44.3,-0.39,Miners
Zothve,top,LLA,15,28,0.286,45.7,48.9,48.6,47.0,40.8,46.6,52.3,48.5,-0.39,All Knights
CRY NOW,mid,UPL,2,29,0.621,59.4,32.7,48.1,43.4,46.7,46.6,48.0,59.5,-0.392,Wild West Bandits
omly,mid,PGC,2,26,0.385,57.9,37.0,51.2,44.9,34.9,46.5,56.1,40.1,-0.4,STXP|University of Michigan
Strive,mid,LPL,1,87,0.425,43.8,53.2,44.8,45.6,41.8,46.5,54.4,43.5,-0.395,Rare Atom
Josedeodo,jng,LCS,1,58,0.448,39.9,55.3,37.3,55.9,42.8,46.4,52.0,48.8,-0.404,FlyQuest
Lauxio,sup,EBL,3,25,0.44,56.8,38.9,45.1,44.5,40.9,46.4,52.0,48.9,-0.402,Cyber Wolves
Aliez,top,LDL,2,49,0.469,45.4,53.2,36.7,44.9,48.9,46.4,52.0,48.9,-0.403,Ultra Prime|Ultra Prime Academy
Bolyy1,sup,UL,2,22,0.409,51.4,43.3,44.9,46.2,43.0,46.4,52.0,48.8,-0.404,Iron Wolves
Mordio,jng,PGC,2,30,0.433,56.4,42.6,50.5,36.2,37.9,46.4,51.7,49.6,-0.403,Big Duck Energy|Glacial Red|The Longest Yard|Winthrop University
Leemo,jng,PGC,2,35,0.4,51.1,45.4,43.3,48.8,37.4,46.4,51.0,51.4,-0.404,Area of Effect Pump|Dare Gaming|Team Fish Taco
Wunai3,sup,LDL,2,25,0.56,50.1,39.0,59.9,44.0,38.0,46.4,49.4,55.6,-0.401,EQX|Invictus Gaming Young
Marky,top,LVP SL,2,44,0.386,43.9,50.1,53.9,44.3,36.8,46.3,55.1,41.8,-0.408,Movistar KOI
Moham,sup,LCK,1,27,0.333,60.7,38.5,40.1,42.2,40.8,46.3,54.2,43.6,-0.407,DN SOOPers|DN SOOPers Challengers
Chrisberg,bot,NLC,2,63,0.508,59.4,34.5,43.3,43.0,47.4,46.3,53.9,44.3,-0.407,Astralis Talent
shibi,jng,HC,3,28,0.429,41.6,56.2,41.6,51.3,35.9,46.3,53.7,44.6,-0.41,Inside Games Challengers
Nightstar,bot,UPL,2,33,0.394,51.2,41.3,54.1,43.4,37.8,46.3,52.7,47.0,-0.407,Conviction|Grand View University|Team Ambition
Phlaty,mid,UL,2,24,0.5,49.5,43.4,39.0,58.2,38.5,46.3,52.1,48.5,-0.405,Goskilla|Unicorns of Love.CIS
Perro,bot,LHE,2,50,0.48,43.4,50.5,42.0,52.8,41.5,46.3,52.0,48.7,-0.407,Dark Horse
Kakkun,mid,LJL,15,27,0.481,52.7,40.0,45.7,52.8,36.2,46.3,47.5,60.2,-0.41,Crest Gaming Act|Crest Gaming Act Academy
Jisung,top,PGC,2,22,0.409,52.1,36.6,50.3,45.8,47.5,46.2,52.9,46.3,-0.414,300|Wildcard Gaming Developmental
Creme,mid,LPL,1,89,0.483,56.0,45.4,29.6,41.0,52.4,46.2,50.8,51.6,-0.411,Oh My God
kelin,bot,LDL,2,26,0.577,40.4,52.3,39.7,50.6,50.2,46.2,47.4,60.3,-0.414,Ultra Prime Academy
Enosh,bot,LAS,3,38,0.342,49.7,52.8,33.4,48.5,36.3,46.1,55.9,40.0,-0.419,HANJIN BRION Academy|HANJIN BRION Challengers
Yuta,jng,UL,2,28,0.429,39.4,55.5,44.1,51.0,39.0,46.1,54.6,42.5,-0.417,Komil & Friends
micaO,bot,CBLOL,15,36,0.194,39.0,47.4,51.3,52.7,44.8,46.0,56.5,38.9,-0.421,INTZ
Th3Antonio,top,LVP SL,2,59,0.542,37.5,44.6,47.1,59.8,50.6,46.0,48.3,57.7,-0.423,Giants
Moyan,jng,LDL,2,38,0.526,45.8,41.4,48.8,38.5,63.0,46.0,47.5,59.8,-0.421,ThunderTalk Gaming|ThunderTalk Gaming Young
chilioil,sup,LJLA,3,20,0.5,59.2,36.9,47.8,45.0,30.9,45.9,56.3,39.0,-0.43,Sengoku Gaming Academy
Toucouille,mid,LCS,1,58,0.448,51.0,42.6,36.9,46.8,51.3,45.9,51.7,48.8,-0.427,FlyQuest
PhenomEX,top,UPL,2,22,0.409,48.1,39.9,55.8,46.4,39.2,45.9,51.6,49.1,-0.426,Conviction|Here For T-Shirt
Velocity,sup,ESLOL,3,20,0.45,38.1,51.5,58.0,45.4,37.9,45.9,50.6,51.6,-0.427,mCon esports
Xaky,mid,LVP SL,2,26,0.269,38.7,55.2,46.5,45.0,43.2,45.8,54.0,43.4,-0.431,UCAM Esports|White Dragons
Zekja,bot,GLL,3,22,0.5,56.1,46.1,37.8,43.5,32.9,45.8,53.3,44.9,-0.43,Hive Athens EC
Able,bot,LPL,1,92,0.478,39.6,57.8,31.9,42.3,58.5,45.8,51.3,49.6,-0.434,Oh My God
Carzzy,bot,LEC,1,45,0.467,45.9,39.6,57.0,43.5,46.8,45.8,50.9,50.7,-0.43,Team Vitality
Ayukura,mid,PGC,2,20,0.6,31.2,40.8,71.9,51.6,50.5,45.8,46.7,61.4,-0.435,No Name|Taco Gaming
Kikis,sup,NLC,2,34,0.588,48.0,44.6,40.8,53.4,39.4,45.8,46.3,62.4,-0.434,Gentlemen's Gaming|JD|XL
Huni,top,LCS,1,25,0.28,33.1,56.1,44.4,58.8,38.9,45.7,55.5,40.2,-0.44,TSM
Anyyy,mid,CBLOL,15,42,0.429,48.0,44.6,41.0,53.6,38.1,45.7,55.4,40.5,-0.437,Miners
Karakal Jr,sup,NLC,2,20,0.6,34.3,57.9,39.5,55.9,42.8,45.7,52.6,46.3,-0.437,MNM Gaming
D0MAS,mid,UL,2,22,0.455,49.3,49.1,34.1,50.7,38.2,45.7,50.2,52.2,-0.439,Forsaken
Mmy,sup,LDL,2,37,0.459,39.4,50.7,45.1,49.8,45.7,45.7,49.4,54.3,-0.44,ThunderTalk Gaming Young
MooseHater,top,LCSA,2,31,0.613,46.0,40.9,49.3,51.8,42.2,45.7,45.3,64.7,-0.435,Area of Effect Cows|Area of Effect Ginger Turmeric
Shawi,sup,TCL,15,32,0.281,44.1,42.2,51.5,47.6,46.1,45.6,54.9,41.2,-0.445,Galakticos
Ibai,bot,NEXO,3,39,0.41,56.9,42.2,32.3,47.9,39.1,45.6,53.6,43.8,-0.445,BISONS ECLUB|Phlox Gaming|Stormbringers
FatShield,top,PGN,3,22,0.318,44.1,43.6,33.8,54.9,57.0,45.6,50.8,50.5,-0.443,EPIC-DUDES|GGEsports
Kofte,mid,TCL,15,43,0.512,38.4,51.7,44.1,50.9,44.3,45.5,50.6,50.9,-0.448,Galakticos|Galatasaray Esports
Nille,top,NLC,2,21,0.524,36.3,55.2,52.0,46.4,37.8,45.5,48.4,56.5,-0.45,Vanir
Memento,jng,LFL,2,45,0.333,46.4,48.2,38.0,51.7,38.6,45.4,55.8,39.3,-0.456,Mirage Elyandra
Mia,sup,LLA,15,68,0.471,34.9,55.6,43.5,49.3,47.4,45.4,51.0,49.6,-0.455,Estral Esports|TSM|TSM Academy
Crasia,bot,TAL,3,22,0.545,38.9,52.8,46.7,47.8,40.8,45.4,50.2,51.8,-0.452,İstanbul Wildcats Academy
Shun2,bot,LAS,3,34,0.529,37.7,50.2,45.4,45.4,54.6,45.4,49.5,53.6,-0.451,DN SOOPers Academy
Kirei,jng,TCL,15,23,0.565,39.6,45.4,50.0,48.1,50.1,45.4,47.0,59.9,-0.456,NASR eSports Turkey
Neramin,bot,TCL,15,36,0.417,46.9,41.0,53.1,47.6,37.2,45.3,53.8,43.0,-0.461,Galakticos|SuperMassive Blaze
Junder,top,GL,3,45,0.533,36.5,52.4,39.1,51.3,52.0,45.3,53.1,44.5,-0.46,Ramo Awake Gaming
Tufi,sup,LHE,2,53,0.509,43.4,48.0,44.9,44.1,46.6,45.3,51.1,49.2,-0.46,9z Team|Newstar
Verdict,jng,PGC,2,37,0.405,70.1,32.1,37.0,33.7,38.0,45.3,50.8,49.9,-0.461,Team Ambition|Team Ambition Sussy|Team Fracture
playcool,mid,VCS,15,35,0.343,44.3,40.3,65.5,37.6,40.6,45.2,54.3,41.9,-0.462,AS Esports
Prove,sup,LCKC,2,36,0.389,41.3,59.6,36.0,47.9,32.3,45.2,53.0,44.6,-0.465,Liiv SANDBOX|Liiv SANDBOX Youth
Lilipp,sup,PRM,3,63,0.524,44.3,44.7,40.9,40.6,60.6,45.2,50.7,50.1,-0.462,FC Schalke 04 Esports|MAD Lions Madrid
Blazze,mid,PGC,2,79,0.582,41.5,41.1,44.8,49.6,57.9,45.2,46.3,61.4,-0.464,Cincinnati Fear|No Team
Sof,jng,NLC,2,63,0.508,47.0,44.5,38.5,50.1,43.8,45.1,56.7,37.6,-0.47,MNM Gaming|Macko Esports
Clyde,sup,PGC,2,29,0.414,58.9,42.7,30.8,45.8,33.9,45.1,52.5,45.5,-0.471,DK Crew|Harrisburg University
BOSS,top,PRM,3,49,0.51,40.6,47.9,42.0,43.7,56.5,45.1,50.5,50.4,-0.471,MOUZ NXT
sahori,bot,UPL,2,34,0.529,45.6,37.0,57.9,44.7,45.0,45.1,49.8,52.2,-0.469,"University of California, Irvine"
Xmy,sup,VL,3,20,0.7,44.3,34.8,60.8,44.7,49.0,45.1,46.4,61.0,-0.47,Skull Cracker
Elio,sup,VCS,15,55,0.418,49.5,40.1,45.3,38.8,51.8,45.0,58.7,34.9,-0.474,Burst The Sky Esports|GAM Esports
Feather,sup,LDL,2,49,0.571,46.4,41.0,47.9,44.3,47.2,45.0,45.6,62.7,-0.475,JD Gaming|Joy Dream
Mettoe,mid,ESLOL,3,34,0.412,45.6,39.7,40.4,49.4,54.3,44.9,56.1,38.3,-0.48,KV Mechelen Esports|Northern Lions Esports
Yoshino,top,VCS,15,44,0.341,38.0,59.4,39.1,45.3,37.8,44.9,55.3,39.7,-0.479,Team Flash
Looca,top,ESLOL,3,46,0.413,39.0,49.6,40.3,53.6,43.6,44.9,54.7,40.8,-0.477,PENTA 1860|mCon esports
Emarlin,mid,EL,3,27,0.259,36.3,55.6,42.9,48.8,40.7,44.9,54.0,42.0,-0.481,Vandals Esports
KearZy,mid,LHE,2,30,0.533,36.2,48.3,55.8,51.0,36.7,44.9,50.8,49.3,-0.481,Dark Horse
Azog,bot,PGC,2,54,0.593,45.0,35.6,54.0,44.7,53.1,44.9,45.4,63.1,-0.479,Maryville University
Kenji,sup,PGC,2,56,0.518,55.9,44.3,41.5,33.4,38.0,44.8,56.4,37.7,-0.485,Winthrop University
Taewang,sup,UL,2,26,0.231,53.7,34.5,42.3,47.3,44.4,44.8,55.0,40.0,-0.486,EPIC-DUDES|devils.one inStreamly
NinjaKiwi,bot,CBLOL,15,33,0.182,53.4,44.8,34.9,49.6,30.2,44.8,52.1,46.0,-0.486,Rensga Academy|Rensga eSports
miya,bot,PGC,2,27,0.593,46.2,32.6,60.5,49.7,40.1,44.8,47.8,56.9,-0.484,Evil Geniuses Prodigies
Regi,mid,LMF,2,43,0.349,34.4,51.0,54.2,50.0,37.2,44.7,56.7,37.2,-0.491,9z Team|Maycam Evolve
yanjee,jng,LPLOL,3,35,0.457,48.4,44.8,37.2,46.5,42.8,44.7,54.5,40.8,-0.491,OFFSET Esports
Woodboy,sup,CBLOLA,3,41,0.439,37.2,49.5,40.2,50.1,52.2,44.7,54.4,41.0,-0.489,INTZ Academy
Skanito,sup,SL (LATAM),3,34,0.412,36.4,49.6,43.4,47.7,52.7,44.7,54.3,41.2,-0.492,Club Deportivo Municipal
Kadir,jng,LVP SL,2,44,0.386,48.8,40.6,45.1,46.2,40.6,44.7,54.0,41.8,-0.491,Movistar KOI
Wapode,bot,HC,3,25,0.52,65.5,29.4,41.2,41.7,34.7,44.7,52.9,44.0,-0.492,FLY5
aphromoo,sup,LCS,1,58,0.448,41.5,40.7,40.5,56.0,51.8,44.7,50.9,48.8,-0.488,FlyQuest
mirrored,mid,ESLOL,3,22,0.591,37.5,47.9,52.0,47.7,41.6,44.7,48.4,55.2,-0.49,Team Echo Zulu
DoubleAiM,jng,EBL,3,24,0.708,51.8,40.1,43.0,40.7,44.2,44.7,46.2,60.8,-0.489,Crvena zvezda Esports
Ophelia,mid,LCKC,2,39,0.462,38.8,47.8,52.4,44.0,42.6,44.6,53.5,42.7,-0.493,Gen.G|Gen.G Global Academy|Movistar R7
Carnage,jng,LPLOL,3,30,0.433,33.0,47.4,50.5,54.0,46.9,44.6,49.5,52.0,-0.498,GTZ Esports|Hive Athens EC
STANIK,mid,HC,3,37,0.378,47.3,42.5,40.7,43.5,48.1,44.5,56.7,37.0,-0.498,FLY5|Inside Games
Dread,jng,LCK,1,81,0.37,38.4,46.7,47.7,48.0,45.9,44.5,56.2,37.7,-0.501,Nongshim RedForce
Spica,jng,LCS,1,46,0.348,49.0,42.7,37.8,55.4,31.4,44.5,55.5,38.8,-0.503,TSM
Dargod,sup,EBL,3,29,0.379,35.1,49.0,44.8,59.2,38.5,44.5,51.4,47.1,-0.503,Auxesis Esports
Strensh,mid,LMF,2,46,0.457,43.3,37.6,59.2,41.9,46.2,44.5,49.8,51.2,-0.5,River Plate Gaming|Undead Gaming
ZaFiR,sup,ESLOL,3,21,0.476,31.7,55.1,48.6,54.0,35.5,44.5,49.3,52.4,-0.5,Sector One|Zerolag Esports
yyc,sup,LDL,2,35,0.257,40.6,45.8,58.5,41.3,36.0,44.4,58.0,35.2,-0.509,Qing Jiu E-sport Club|Weibo Gaming Youth Team
Zimba,sup,UL,2,26,0.385,35.8,47.6,41.7,57.6,44.6,44.4,54.6,40.2,-0.508,Komil & Friends
Badlyyga,jng,UL,2,56,0.446,28.2,49.7,57.3,50.1,49.0,44.4,53.7,41.9,-0.507,Gentlemen's Gaming
Coten,top,LDL,2,32,0.375,41.8,52.0,42.0,45.9,36.0,44.4,53.3,42.7,-0.509,Anyone's Legend.Young|Team WE Academy
xqw,mid,LDL,2,73,0.438,46.9,46.2,32.8,43.3,50.9,44.4,50.8,48.4,-0.507,LGD Gaming Young Team|Team WE Academy
Kakan,top,UL,2,60,0.467,43.7,49.2,32.6,51.3,42.1,44.4,49.5,51.7,-0.506,Iron Wolves
Cepted,mid,LLA,15,32,0.594,40.3,44.9,51.1,47.6,40.5,44.4,46.0,60.8,-0.506,Movistar R7
Diagu,jng,UL,2,39,0.282,43.2,41.4,41.0,49.0,51.5,44.3,56.5,37.1,-0.509,Forsaken|devils.one inStreamly
Holo,jng,PCS,15,54,0.481,39.3,51.9,38.4,43.3,49.7,44.3,53.4,42.4,-0.513,Frank Esports
Billy,sup,VL,3,22,0.318,52.4,45.1,35.7,45.7,32.2,44.3,50.6,48.8,-0.512,Aguilas Doradas|God's Plan
Dia1,mid,VCS,15,46,0.522,48.3,43.1,40.0,45.5,41.1,44.3,46.1,60.3,-0.513,SBTC Esports
Harder,mid,LDL,2,39,0.333,37.7,57.5,41.0,46.0,33.8,44.2,55.4,38.6,-0.516,Anyone's Legend|Anyone's Legend.Young
Dragonmin,jng,UPL,2,37,0.541,44.7,37.2,48.6,47.1,48.2,44.2,52.4,44.3,-0.519,Bay State College
Messi,sup,DDH,3,57,0.456,41.8,44.7,36.2,47.4,55.6,44.2,52.0,45.3,-0.517,The Kings|Zylant Esports
Strompest,mid,PGC,2,27,0.481,51.5,41.6,45.4,40.1,35.7,44.2,50.7,48.4,-0.516,Saint Louis University|Team Ambition|Wildcard Gaming
Toasty,mid,PGC,2,66,0.485,42.8,33.0,50.7,48.2,58.2,44.2,48.2,54.8,-0.515,ImPerium Vancuverii|Team Fish Taco|Wildcard Aces
Daiky,jng,GL,3,28,0.75,41.4,45.2,45.9,44.2,46.6,44.2,44.6,63.9,-0.515,Movistar R7|Zeu5 Bogota
Forsen,bot,UPL,2,82,0.5,57.2,33.1,36.6,40.9,49.4,44.1,57.9,35.1,-0.524,Area of Effect Randoms|CB Gaming|Supernova|Team Ambition
Tore,sup,LVP SL,2,33,0.333,53.4,46.4,36.0,43.0,27.9,44.1,57.6,35.4,-0.523,MAD Lions Madrid
Falleo,top,EBL,3,30,0.5,35.8,47.2,43.6,49.3,52.0,44.1,57.4,35.7,-0.524,Nexus KTRL
Serendip,mid,LFL2,2,42,0.476,34.6,53.1,42.8,48.1,45.1,44.1,51.1,47.3,-0.52,Joblife
Xypherz,jng,LMF,2,48,0.375,51.7,40.7,36.9,39.8,46.7,44.0,53.6,41.6,-0.526,KRÜ Esports|River Plate Gaming
Quixeth,sup,NLC,2,23,0.478,39.0,59.9,30.8,50.9,30.8,44.0,49.1,52.1,-0.526,Lille Esport|Vanir
PmK,top,HC,3,21,0.524,43.4,34.6,53.4,41.9,55.3,43.9,52.3,44.1,-0.533,FLY5
Chapters,bot,LMF,2,25,0.52,34.0,48.9,51.5,49.7,40.2,43.9,47.9,55.0,-0.531,Undead Gaming
Lelouch,bot,EBL,3,25,0.36,50.6,39.6,41.1,39.5,45.7,43.9,47.2,56.7,-0.534,SOVEJA|XtremeDominators
Tiansito,jng,GL,3,21,0.429,38.2,44.2,41.7,55.1,45.5,43.9,46.7,58.0,-0.535,ELR Gaming|Hooked Esports|Nova Squad
tyrin,top,CBLOL,15,36,0.278,39.9,46.0,51.1,42.2,41.3,43.8,56.7,36.3,-0.536,INTZ|INTZ Academy
Kim Down,sup,UPL,2,63,0.476,55.0,35.5,41.5,35.4,48.5,43.8,54.6,39.5,-0.538,"Team Pending|University of California, Irvine|Zenigma"
Pyrka,sup,LVP SL,2,40,0.375,44.5,42.7,41.8,52.7,35.2,43.8,53.5,41.5,-0.54,Movistar KOI
William4,mid,LFL2,2,20,0.35,45.6,33.5,38.8,48.4,62.4,43.8,53.1,42.3,-0.539,Ion Squad|beGenius ESC
Loers,mid,DDH,3,31,0.226,36.9,43.4,58.5,40.2,47.2,43.8,52.9,42.7,-0.538,PÊEK Gaming
Daedra,mid,LMF,2,45,0.444,36.6,47.8,50.7,48.4,37.3,43.8,52.8,42.9,-0.541,Cruzados Esports|Maycam Evolve
Kyose,mid,LCO,15,23,0.435,48.3,45.8,32.2,48.2,37.8,43.8,49.7,50.1,-0.538,Dire Wolves
Blossoms,sup,PGC,2,38,0.421,42.3,48.5,44.4,40.9,40.8,43.8,49.6,50.3,-0.541,Conviction|Dare Gaming|Here For T-Shirt|Wildcard Gaming
Getback,mid,PGC,2,26,0.462,48.2,43.0,36.4,52.2,33.0,43.8,49.5,50.7,-0.538,Maryville University
Yashiro,bot,UL,2,60,0.467,42.8,44.0,36.1,51.4,46.3,43.8,49.1,51.7,-0.536,Iron Wolves
Tholem,top,TAL,3,32,0.594,38.9,47.8,37.8,52.9,43.3,43.8,48.0,54.5,-0.54,Dark Passage Academy
Nacho,jng,NEXO,3,20,0.2,58.8,44.1,25.1,39.3,36.1,43.7,59.2,33.4,-0.546,Córdoba Patrimonio eSports
Lio,jng,DDH,3,34,0.324,54.0,43.9,32.3,43.5,33.0,43.7,56.1,37.1,-0.542,Arctic Gaming México|PRO42|Tomorrow Esports
EL,jng,TCL,15,22,0.136,33.8,37.9,66.9,46.2,46.4,43.7,54.2,40.1,-0.545,Beşiktaş Esports|Galakticos
Ruxal,mid,NEXO,3,26,0.385,28.2,57.4,43.4,51.9,42.0,43.7,51.7,45.2,-0.544,MAD Lions Madrid|UCAM Esports Academy
Bejjaniii,top,UPL,2,35,0.571,44.9,40.6,52.2,42.2,38.4,43.7,49.6,50.3,-0.542,Bay State College
Drop,bot,CBLOLA,3,22,0.545,40.0,51.5,38.3,44.2,42.9,43.7,48.0,54.3,-0.546,Miners|Miners Academy
Chayon,bot,LCO,15,34,0.559,52.9,37.0,38.3,46.3,38.8,43.7,46.9,57.2,-0.544,PEACE
Deimos,top,LFL2,2,26,0.5,37.8,45.4,39.7,58.4,40.8,43.7,46.8,57.5,-0.544,Atletec
Berik,top,PGC,2,50,0.48,58.9,30.1,51.8,32.4,39.0,43.6,55.7,37.4,-0.552,"University of California, Irvine"
Licorice,top,LCS,1,45,0.356,41.8,41.7,52.5,48.1,34.1,43.6,54.8,38.9,-0.549,Golden Guardians
Shade,bot,EL,3,38,0.526,45.7,41.4,48.8,42.1,38.2,43.6,53.6,41.1,-0.548,Fuego|Janus Esports
Xicor,bot,LFL,2,21,0.238,32.6,59.4,42.0,50.6,29.3,43.6,53.2,41.8,-0.551,Team Oplon
Hoon,top,TCL,15,43,0.465,55.2,40.3,37.3,39.4,35.6,43.6,51.5,45.4,-0.552,5 Ronin|Dignitas|Dignitas Academy
Baut,sup,LCKC,2,72,0.278,39.4,47.5,36.9,48.5,47.5,43.5,60.0,32.7,-0.553,Hanwha Life Esports|Hanwha Life Esports Challengers
Rychly,sup,ESLOL,3,43,0.535,42.7,41.2,34.8,52.0,51.1,43.5,49.1,51.2,-0.553,The Agency
Oguzkhan,jng,TAL,3,22,0.545,47.5,44.0,45.3,38.5,37.2,43.5,48.8,51.8,-0.558,İstanbul Wildcats Academy
ALPHA,mid,EL,3,32,0.625,43.5,46.0,35.1,47.3,43.9,43.5,45.3,61.0,-0.553,Janus Esports|Red Rooster Team
Ablazeolive,mid,LCS,1,47,0.383,49.3,36.5,50.1,41.0,38.1,43.4,52.6,42.7,-0.561,Golden Guardians|Golden Guardians Academy
Mystiques,sup,PRM,3,45,0.422,47.2,32.5,44.9,41.1,58.8,43.4,51.8,44.4,-0.563,Forsaken|SK Gaming Prime
Dorian,jng,LDL,2,34,0.176,36.2,53.7,46.1,40.2,38.5,43.3,56.6,36.0,-0.564,Shu Dai Xiong Gaming
Alann,bot,DDH,3,49,0.367,35.1,47.7,43.1,46.7,49.9,43.3,55.2,37.9,-0.569,Tomorrow Esports
Melkior,mid,GL,3,40,0.525,35.4,45.7,55.0,41.0,45.2,43.3,50.2,48.0,-0.564,Braves Rising
Z Score,sup,PGC,2,32,0.406,44.2,39.0,41.0,42.6,54.5,43.3,43.1,65.7,-0.568,Nameless Randoms|Team Rapid
Machine,bot,TAL,3,26,0.423,28.8,53.2,53.9,47.0,37.8,43.1,52.8,41.9,-0.577,Galatasaray Academy
KKT,jng,LFL,2,53,0.472,35.2,44.5,49.5,47.7,45.4,43.1,48.2,52.7,-0.577,GamersOrigin|Team GO
Kania,jng,LAS,3,26,0.346,36.0,49.7,44.5,41.4,47.1,43.1,48.0,53.2,-0.577,Liiv SANDBOX Academy|Liiv SANDBOX Youth
Stookbeer,sup,ESLOL,3,49,0.347,55.1,41.6,33.3,31.7,43.5,43.0,63.0,30.7,-0.582,KV Mechelen Esports
duong pro,jng,PGC,2,50,0.48,59.2,33.8,36.2,34.9,42.4,43.0,55.3,37.4,-0.582,"University of California, Irvine"
Xiaohao,jng,LPL,1,83,0.386,40.8,46.1,39.9,46.3,41.6,43.0,54.7,38.3,-0.584,Anyone's Legend
Srtty,top,LCSA,2,88,0.409,46.1,32.7,47.8,38.6,57.2,43.0,53.0,41.3,-0.586,Evil Geniuses Academy
xKenzuke,mid,LVP SL,2,40,0.375,35.2,52.7,40.0,50.6,34.9,43.0,52.9,41.5,-0.585,Movistar KOI
Yuhi,bot,LJL,15,51,0.431,34.8,52.8,37.7,49.3,40.7,43.0,49.9,48.1,-0.585,Burning Core Toyama
Reversed,top,CBLOLA,3,28,0.5,29.0,51.9,59.7,43.5,36.2,43.0,49.5,49.1,-0.585,Miners Academy
ICON,mid,LPL,1,31,0.452,44.8,37.7,46.7,41.1,47.6,43.0,49.5,49.2,-0.583,Bilibili Gaming
chaos,jng,LDL,2,24,0.083,45.8,41.0,47.1,43.9,32.7,42.9,58.7,33.4,-0.589,Qing Jiu E-sport Club
Desire,mid,LDL,2,29,0.207,36.5,49.3,56.8,36.1,35.6,42.9,54.6,38.4,-0.589,Shu Dai Xiong Gaming
Madly,top,TCL,15,45,0.4,40.1,37.7,52.3,50.7,38.5,42.9,51.9,43.4,-0.588,Team AURORA
Foreigner,jng,LCO,15,34,0.382,37.2,40.9,52.4,42.7,49.2,42.9,48.5,51.5,-0.59,Gravitas|Kanga Esports
Faith,mid,PCS,15,21,0.286,29.2,55.4,40.9,55.8,35.2,42.9,47.8,53.4,-0.587,Impunity
Dove,top,LCK,1,94,0.479,30.6,44.4,31.9,61.4,60.5,42.9,47.3,54.6,-0.589,Liiv SANDBOX
Adept,sup,PRM,3,49,0.306,53.5,33.5,33.8,42.9,48.3,42.8,59.8,32.4,-0.596,WAVE Esports
Blackengel,mid,EL,3,30,0.367,41.6,52.6,35.1,42.6,35.1,42.8,53.3,40.5,-0.594,Fuego
Xiaolaohu,top,LPL,1,64,0.422,44.1,48.3,45.1,34.0,36.2,42.8,51.7,43.6,-0.596,FunPlus Phoenix
Cube,top,LPL,1,84,0.417,41.1,45.7,40.9,41.6,45.0,42.8,51.1,45.0,-0.594,Rare Atom
XinLiu,sup,LPL,1,69,0.435,48.3,41.1,40.6,34.3,46.8,42.8,50.0,47.5,-0.596,Invictus Gaming|ThunderTalk Gaming
vSack,bot,GL,3,24,0.5,40.5,48.7,43.2,41.4,36.9,42.8,49.5,48.8,-0.595,Ramo Awake Gaming
notdefused,bot,LHE,2,20,0.3,35.7,41.4,35.6,44.4,71.2,42.8,48.1,52.2,-0.597,Pampas|Supay Gaming|Wolf Club Esports
Xeonerr,jng,UL,2,53,0.472,37.8,36.8,64.2,40.8,42.6,42.8,45.7,58.5,-0.596,GGEsports|Team ESCA Gaming
Whiplash,sup,GL,3,42,0.452,35.7,49.9,40.8,45.3,43.4,42.7,54.6,38.1,-0.601,Braves Rising|Fuego
Pinky,top,GL,3,24,0.208,56.6,44.1,22.8,47.4,25.5,42.7,54.1,38.9,-0.603,Aguilas Doradas|Gravity Elite|Mayan Esports
Hobko,sup,HC,3,26,0.423,31.7,45.2,44.8,53.7,47.6,42.7,51.6,43.7,-0.602,Inside Games Challengers
Bini,bot,TCL,15,27,0.37,44.8,43.9,34.5,44.9,42.9,42.7,50.9,45.2,-0.602,Beşiktaş Esports
Ribu,mid,UL,2,26,0.385,33.8,49.2,40.5,55.0,36.4,42.6,53.3,40.2,-0.606,Komil & Friends
Jonhy,bot,LPLOL,3,35,0.457,50.4,31.1,41.0,42.2,50.8,42.6,53.0,40.8,-0.605,OFFSET Esports
PowerOfEvil,mid,LCS,1,40,0.225,45.2,45.8,38.7,45.1,30.0,42.5,57.9,33.9,-0.61,Immortals
Mabud,top,PGC,2,65,0.508,54.4,31.2,43.7,38.2,41.3,42.5,55.8,36.2,-0.612,Team Ambition|Winthrop University
Gralou,sup,LHE,2,34,0.382,41.4,43.6,41.3,50.1,33.9,42.5,52.9,40.8,-0.611,Rebirth eSports
Cuest1oN,bot,SL (LATAM),3,44,0.455,42.0,43.8,36.5,42.4,49.3,42.5,51.7,43.3,-0.609,Cienciano Esports|Cruzados Esports
Benda,mid,HC,3,44,0.5,44.4,36.5,44.9,43.3,46.5,42.5,51.4,43.8,-0.612,Cryptova|IKISEQ|IKISEQ Gaming
Kantoshi,top,GL,3,46,0.543,42.9,38.8,45.2,42.1,46.2,42.5,49.3,48.7,-0.612,Braves Rising
Lvsyan,mid,ESLOL,3,35,0.457,48.1,46.4,35.9,34.6,38.7,42.4,55.4,36.6,-0.619,KV Mechelen Esports
Teddy,bot,LCK,1,92,0.391,31.7,58.1,32.9,51.8,34.8,42.4,54.0,38.7,-0.62,DN SOOPers
Sh4dowUS,jng,UL,2,54,0.37,31.5,52.1,39.3,51.7,40.2,42.4,52.8,40.9,-0.617,Goskilla|devils.one inStreamly
Soweto,jng,CBLOLA,3,41,0.439,40.8,45.4,37.7,45.5,42.0,42.4,52.7,41.0,-0.618,INTZ Academy
Subbex,bot,EBL,3,28,0.429,28.7,54.5,51.6,42.8,37.9,42.4,49.8,47.4,-0.615,Cyber Wolves
Emps,mid,UPL,2,21,0.476,44.8,41.9,43.6,44.9,32.5,42.4,49.6,47.7,-0.62,Harrisburg University
Horus,bot,LMF,2,25,0.48,40.9,45.3,38.0,50.6,34.7,42.4,47.7,52.6,-0.617,River Plate Gaming
Soligo,mid,LCSA,2,88,0.409,31.2,37.0,60.6,42.0,57.1,42.3,52.5,41.3,-0.624,Evil Geniuses Academy
Hidan,top,CBLOLA,3,41,0.366,44.5,46.9,31.1,44.8,38.0,42.3,50.9,44.6,-0.622,INTZ|INTZ Academy
Hawk,sup,CBLOL,15,28,0.429,39.6,40.7,43.9,50.8,39.3,42.3,50.0,46.6,-0.626,A One Man Army|Miners
Rythrod,mid,TAL,3,47,0.574,33.0,40.0,49.6,45.6,56.3,42.3,48.9,49.4,-0.621,NASR eSports Turkey Academy
Array,bot,LCSA,2,77,0.506,34.4,43.9,44.9,46.3,50.0,42.3,47.9,51.8,-0.626,100 Thieves Next|Golden Guardians Academy
Jeremy,bot,PGC,2,43,0.419,38.2,40.6,48.2,45.9,42.9,42.2,50.5,45.3,-0.63,Conviction|Here For T-Shirt|Wildcard Aces
Ersin,top,TAL,3,43,0.605,27.7,48.4,39.9,51.6,55.7,42.2,47.6,52.4,-0.632,İstanbul Wildcats Academy
Raél,mid,VL,3,29,0.379,35.0,49.6,33.1,54.3,40.5,42.2,45.3,58.4,-0.631,God's Plan|Skull Cracker
Kepa,sup,LAS,3,28,0.25,44.0,46.3,39.4,42.6,31.6,42.1,55.1,36.7,-0.638,DN SOOPers Academy
mumek,bot,UL,2,26,0.385,37.6,40.5,38.9,54.8,44.2,42.1,52.9,40.2,-0.637,Komil & Friends
ElOjoInka,jng,SL (LATAM),3,30,0.433,33.9,44.4,52.1,44.4,41.4,42.1,52.3,41.4,-0.634,Club Deportivo Municipal
Michi,bot,LDL,2,27,0.37,39.7,54.6,33.2,44.0,30.1,42.1,51.0,44.1,-0.632,Anyone's Legend.Young
Fayonix,mid,DDH,3,37,0.432,31.6,43.4,48.0,52.5,43.7,42.1,50.3,45.6,-0.635,Arctic Gaming México
Baumeef,jng,HC,3,24,0.542,32.2,42.3,50.4,52.4,41.7,42.1,49.2,48.2,-0.637,Team Sampi
HiRit,top,LEC,1,25,0.52,50.5,42.2,38.3,37.7,31.6,42.1,45.2,58.5,-0.633,Misfits Gaming
LRK,jng,CBLOLA,3,20,0.05,42.0,39.2,56.9,37.4,34.2,42.0,53.1,39.7,-0.644,Rensga Academy
Mobility,bot,UPL,2,46,0.435,50.3,36.3,35.0,44.2,40.1,42.0,52.4,41.0,-0.642,Team Ambition|Tempest Gaming|Winthrop University
Interor,top,HM,3,23,0.261,30.4,48.5,46.3,57.6,30.1,42.0,51.4,43.1,-0.64,Cryptova|Inside Games|Valiance
Tamoz,top,LFL2,2,47,0.468,47.0,35.9,46.4,41.5,37.7,42.0,51.4,43.0,-0.64,PCS Taran|beGenius ESC
Forge,mid,LPL,1,65,0.431,37.8,45.4,39.8,49.4,38.6,42.0,48.6,49.5,-0.64,Anyone's Legend
Wenhao,top,NEXO,3,25,0.36,38.4,38.4,57.7,43.3,36.1,42.0,48.2,50.5,-0.64,Dead Rabbits Club
RanL,bot,LDL,2,71,0.352,38.1,48.8,34.1,39.2,50.4,41.9,56.9,34.4,-0.647,LGD Gaming Young Team
HUGOD,top,LPLOL,3,25,0.32,27.0,44.8,51.7,52.5,45.2,41.9,56.6,34.7,-0.646,Boavista FC
Puppet Master,sup,EL,3,28,0.179,40.3,41.9,50.5,37.3,40.5,41.9,56.0,35.4,-0.647,Janus Esports|Vandals Esports
Frosts,bot,LCO,15,22,0.409,37.9,46.1,44.1,45.4,35.4,41.9,49.1,48.1,-0.646,Dire Wolves
Zaremba,sup,NLC,2,24,0.292,41.1,41.0,38.1,53.1,36.1,41.9,48.9,48.4,-0.65,Cyberground Gaming|Vanir
Zezpez,top,EBL,3,22,0.5,31.5,42.1,54.1,48.6,42.4,41.9,46.9,53.7,-0.645,Crvena zvezda Esports|Split Raiders
Dreseul,sup,GL,3,29,0.345,41.7,48.9,34.8,47.7,28.3,41.8,58.5,32.9,-0.651,NOCTA
AdrYh,sup,SL (LATAM),3,20,0.3,37.8,36.1,63.8,35.6,43.4,41.8,50.6,44.4,-0.652,Diamond Doves|Instinct Gaming
Cerasus,sup,LDL,2,45,0.467,47.1,42.4,34.5,38.5,41.3,41.8,50.1,45.6,-0.65,Top Esports Challenger
Solitified,top,UPL,2,20,0.5,48.7,32.1,43.6,45.9,37.5,41.8,47.3,52.4,-0.653,Raleigh Black Flame|Verity Esports
Tolerant,sup,PRM,3,36,0.25,32.7,51.9,47.8,43.0,32.0,41.7,57.1,34.0,-0.657,PENTA 1860
Kanna,jng,NLC,2,45,0.356,37.7,42.5,44.7,47.3,38.7,41.7,56.7,34.4,-0.659,Forsaken|GRP Esports|MNM Gaming
Ice,bot,LCKC,2,66,0.379,32.2,48.6,40.0,41.6,53.1,41.7,54.7,36.9,-0.657,Liiv SANDBOX|Liiv SANDBOX Youth
Therru,top,SL (LATAM),3,40,0.4,38.9,50.4,40.5,36.5,38.6,41.7,52.2,40.9,-0.662,Diamond Doves|GeekSide Esports
Smoothie,sup,LCSA,2,45,0.422,28.4,40.1,55.6,53.6,44.0,41.7,47.9,50.7,-0.657,Evil Geniuses Academy
Starlit,mid,LCKC,2,20,0.5,40.0,46.0,46.8,41.7,29.9,41.7,47.2,52.5,-0.658,Kiwoom DRX Challengers
Wen,mid,PCS,15,34,0.353,34.5,47.8,38.2,51.3,37.3,41.6,50.1,45.1,-0.666,Meta Falcon Team
Lawrence,top,PGC,2,68,0.471,47.5,42.2,27.1,43.1,43.0,41.6,53.2,39.0,-0.667,Cloud9 Academy|DK Crew|Harrisburg University|Taco Gaming
LightFall,top,NEXO,3,23,0.435,35.6,43.9,43.9,50.7,36.4,41.6,51.0,43.2,-0.666,Stormbringers
Sertuss,mid,LEC,1,36,0.389,29.3,52.9,45.9,48.3,33.2,41.6,50.7,43.8,-0.666,SK Gaming
Kebap,top,TAL,3,31,0.452,37.9,44.5,39.4,47.5,39.4,41.6,50.4,44.4,-0.666,Galakticos|Galakticos Academy|Galatasaray Academy
Ginrais,mid,ESLOL,3,27,0.556,44.4,37.7,36.6,44.7,45.6,41.6,46.6,53.9,-0.663,AaB Esport|mCon esports
Rulfchen,jng,PRM,3,36,0.25,45.7,45.0,35.3,42.9,30.0,41.5,56.9,34.0,-0.672,PENTA 1860
Tactical,bot,LCS,1,59,0.373,54.5,25.9,51.7,36.5,36.3,41.5,53.2,39.0,-0.669,TSM|TSM Academy
Misstery,bot,LHE,2,22,0.273,57.1,36.3,26.1,43.8,31.6,41.5,53.1,39.1,-0.669,Wolf Club Esports
BetaTwinz,sup,DDH,3,31,0.355,37.0,46.2,40.2,47.0,37.1,41.5,51.4,42.3,-0.669,PÊEK Gaming|Zylant Esports
HAKA,top,EL,3,36,0.5,43.6,46.4,37.5,39.2,34.1,41.5,49.5,46.4,-0.67,Janus Esports
LeitoF,bot,LMF,2,20,0.4,36.7,49.0,37.2,47.9,34.7,41.5,49.4,46.6,-0.67,9z Team
Shlatan,jng,LEC,1,48,0.479,56.9,30.2,38.9,39.2,34.4,41.5,48.5,48.8,-0.67,Misfits Gaming|Misfits Premier
Contractz,jng,LCS,1,57,0.474,40.8,32.5,50.0,45.5,46.4,41.5,47.7,50.7,-0.673,Counter Logic Gaming
Noki,sup,TAL,3,28,0.357,38.3,42.0,44.9,48.6,34.3,41.5,47.1,52.3,-0.67,5 Ronin|5 Ronin Academy|Galakticos Academy
Gamin,bot,LCKC,2,60,0.35,31.4,52.6,34.7,50.0,39.4,41.4,54.2,37.3,-0.676,HANJIN BRION|HANJIN BRION Challengers
Crus,bot,LMF,2,42,0.452,41.3,43.2,36.9,45.5,38.2,41.4,49.7,45.6,-0.68,Maycam Evolve|Stone Movistar
Fiant,bot,DDH,3,59,0.492,33.8,44.5,36.4,44.9,55.8,41.4,48.0,49.7,-0.68,Braves Rising|Six Karma|Spirituals
Ylaht,bot,LDL,2,36,0.5,41.6,44.8,41.5,38.2,37.9,41.4,46.9,52.5,-0.68,Top Esports Challenger
Gabenx,bot,GL,3,29,0.345,48.2,48.4,29.1,42.1,23.8,41.3,58.1,32.9,-0.682,NOCTA
Ralf,bot,GLL,3,47,0.447,44.6,34.7,50.3,38.1,39.5,41.3,57.6,33.2,-0.684,Auxesis Esports|Gamespace Mediterranean College Esports
Miaoniu,sup,LDL,2,28,0.393,40.6,44.0,38.1,43.7,37.9,41.3,50.7,43.4,-0.681,Ultra Prime|Ultra Prime Academy
Tito,bot,LFL2,2,32,0.25,47.7,37.2,33.6,45.9,38.3,41.3,50.4,44.0,-0.681,Karma Clan Esports|beGenius ESC
Toni,jng,NLC,2,36,0.389,39.7,37.1,34.5,44.3,60.0,41.3,48.9,47.4,-0.683,NYYRIKKI|Partizan Esports|UniQ Esports Club
Poltron,jng,LCO,15,25,0.48,52.4,41.8,33.6,35.6,30.2,41.3,48.8,47.7,-0.682,Dire Wolves
Rodnaldinho,mid,LHE,2,26,0.462,40.6,43.7,35.6,51.1,32.4,41.3,48.2,49.2,-0.681,Cruzados Esports|Supay Gaming
Lumerion,top,ESLOL,3,48,0.562,46.7,33.6,34.9,42.1,51.7,41.3,46.2,54.3,-0.681,Sector One|mCon esports
Arashi,jng,PCS,15,28,0.071,38.6,50.8,29.1,43.7,39.4,41.2,52.6,39.5,-0.691,SEM9
Saya,jng,GL,3,38,0.395,49.8,37.3,37.9,36.1,39.1,41.2,52.4,39.8,-0.692,Janus Esports|Ramo Awake Gaming
Adison,bot,UL,2,56,0.446,40.0,37.3,42.6,47.9,41.6,41.2,51.3,41.9,-0.689,Gentlemen's Gaming
Just,sup,UPL,2,24,0.458,32.8,41.8,52.6,50.3,33.1,41.2,48.3,48.6,-0.689,Tempest Gaming|Third Party
Sleeping,top,PRM,3,29,0.31,50.1,38.4,37.6,38.7,32.3,41.1,53.1,38.5,-0.699,Anorthosis Famagusta Esports|PENTA 1860
Lure,bot,LCKC,2,34,0.235,47.7,40.1,35.5,42.5,32.6,41.1,51.3,41.8,-0.696,Hanwha Life Esports Academy|Hanwha Life Esports Challengers
Snoopy,bot,SL (LATAM),3,35,0.4,32.1,50.8,39.6,41.8,43.1,41.0,52.1,40.1,-0.7,Club Deportivo Municipal
Lothen,bot,UL,2,30,0.4,44.1,37.5,36.0,46.0,41.0,41.0,51.5,41.2,-0.703,devils.one inStreamly
Draco,top,PGC,2,30,0.433,50.3,34.2,33.0,45.4,37.7,41.0,49.1,46.2,-0.705,CLG Faith|Pandy Pandas
Goodo,jng,LCO,15,54,0.481,36.2,35.4,46.4,46.7,50.5,41.0,48.2,48.4,-0.703,Dire Wolves|ORDER
lll,sup,GL,3,24,0.5,43.2,36.5,50.9,37.9,35.9,41.0,48.1,48.8,-0.701,Ramo Awake Gaming
Kars,top,HC,3,22,0.5,33.9,39.2,59.7,42.4,35.7,41.0,48.0,49.0,-0.701,KIA.eSuba Academy
Kackos,top,LFL,2,24,0.5,32.6,46.9,34.1,59.8,33.4,41.0,46.5,52.7,-0.704,Misfits Premier
Fzz,sup,LDL,2,21,0.524,43.1,35.1,56.5,34.2,37.0,41.0,45.3,55.9,-0.703,Oh My God Academy
Quinncidence,top,PRM,3,31,0.452,27.2,46.0,43.2,50.9,47.6,40.9,50.5,43.0,-0.708,WAVE Esports
Violet,bot,LCSA,2,34,0.412,38.4,40.2,42.2,49.3,35.9,40.9,50.4,43.3,-0.708,Golden Guardians Academy|PEACE
r0bbed,top,HM,3,27,0.444,33.6,44.0,44.2,47.5,39.6,40.9,49.4,45.5,-0.707,Panathinaikos Esports|SINNERS Esports
Fred,mid,LPLOL,3,48,0.542,33.3,33.0,51.2,49.9,51.5,40.9,46.7,52.0,-0.71,GTZ Esports|White Dragons
Nemesis9,mid,PGC,2,47,0.468,50.0,30.3,49.3,35.2,36.6,40.8,50.1,43.6,-0.717,Area of Effect Randoms|Team Ambition
Sander,top,DDH,3,21,0.333,34.5,43.1,51.6,45.5,30.8,40.8,49.7,44.6,-0.714,PRO42|PÊEK Gaming
Vex,bot,PGC,2,44,0.591,57.8,26.0,34.8,37.6,42.5,40.8,48.6,47.1,-0.716,Winthrop University
Fallouch,jng,GL,3,34,0.471,45.8,35.5,35.5,46.1,40.0,40.8,48.6,47.2,-0.712,King of Goats|Osaka
YSKM,top,LDL,2,59,0.508,38.9,37.7,40.4,41.5,51.7,40.8,48.2,48.0,-0.718,Frank Esports|Invictus Gaming Young
Diesel,top,UPL,2,27,0.37,50.0,30.9,36.6,48.8,34.1,40.8,47.0,51.1,-0.715,ANON|Blue Esports|Zenigma Solar
UmTi,jng,LCK,1,82,0.354,30.9,46.6,45.1,47.4,37.9,40.7,54.7,35.8,-0.721,HANJIN BRION
River,jng,LCS,1,49,0.327,27.7,43.4,57.4,52.1,29.9,40.7,54.7,35.8,-0.719,Dignitas|Golden Guardians
Morgan,top,LCK,1,75,0.387,27.7,53.6,41.6,42.6,41.4,40.7,52.7,38.6,-0.721,HANJIN BRION
DrewDozer,mid,UPL,2,52,0.519,44.4,33.2,45.3,41.6,40.2,40.7,47.2,50.4,-0.72,Illinois State University|Super Sunshine Fruit Basket Warriors
Kamel,jng,LAS,3,60,0.3,35.0,56.4,30.6,33.6,42.9,40.6,57.8,32.6,-0.73,HANJIN BRION Academy
Nap,top,LJL,15,50,0.4,41.1,41.7,31.6,46.5,41.1,40.6,51.1,41.3,-0.728,Crest Gaming Act
MrMemox,bot,DDH,3,23,0.13,34.8,37.8,56.7,43.4,35.8,40.6,50.7,42.1,-0.728,PÊEK Gaming
Peng,mid,LFL,2,58,0.31,30.3,38.0,55.7,39.7,52.1,40.5,57.6,32.7,-0.734,Team Oplon
Fear,mid,SL (LATAM),3,30,0.233,35.6,47.3,43.9,44.3,27.9,40.5,54.8,35.4,-0.733,Cienciano Esports|Club Deportivo Municipal|WAP Esports
s0ul,top,LCSA,2,80,0.45,41.1,38.5,34.2,44.8,45.8,40.5,50.3,42.8,-0.731,Immortals Area of Effect|TSM|TSM Academy
Soraaa,sup,VCS,15,38,0.395,36.1,38.2,39.7,42.4,55.3,40.5,48.4,46.9,-0.737,Team Flash
Beat,sup,LPLOL,3,25,0.32,29.1,48.1,40.9,45.5,44.3,40.4,55.4,34.7,-0.737,Boavista FC
vins,top,VL,3,60,0.517,32.0,45.7,41.1,34.5,56.3,40.4,48.4,46.7,-0.741,Pirate Dream
Lotus,mid,GLL,3,37,0.405,36.8,39.0,45.2,43.5,42.2,40.4,47.4,49.1,-0.742,Anorthosis Famagusta Esports|Team Refuse
Termo,mid,LMF,2,25,0.48,47.2,36.0,35.9,43.0,35.4,40.4,46.5,51.4,-0.742,Stone Movistar
Eggsy,bot,VL,3,26,0.538,34.4,36.6,47.0,40.4,54.7,40.4,44.7,56.1,-0.742,AceS GaminG|Waia Snikt
androM,mid,SL (LATAM),3,48,0.438,34.6,39.7,61.4,35.3,34.6,40.3,53.8,36.5,-0.749,Diamond Doves|Wolf Club Esports
Alex Mercer,top,SL (LATAM),3,25,0.52,32.9,46.7,35.8,48.2,40.7,40.3,45.7,53.4,-0.745,Cienciano Esports
Swordblue,sup,UPL,2,37,0.568,50.7,34.4,33.6,37.5,39.5,40.3,47.5,48.8,-0.745,Bay State College
Agustin17,mid,LMF,2,45,0.511,41.4,32.1,39.5,47.0,47.6,40.3,46.1,52.3,-0.746,9z Team|EBRO
Cosmoz,mid,LHE,2,39,0.308,31.3,45.9,46.3,49.9,29.0,40.2,53.9,36.2,-0.756,Rebirth eSports
Vizi,sup,HC,3,31,0.484,43.1,32.9,45.7,41.7,39.4,40.2,46.2,51.8,-0.755,Dark Tigers Academy|Inside Games|Panathinaikos Esports
Vit,bot,VCS,15,31,0.323,42.0,43.1,35.2,42.9,31.4,40.1,50.5,41.7,-0.758,Luxury Esports
Celo,bot,CBLOL,15,41,0.463,43.7,36.7,40.2,40.9,37.5,40.1,49.4,43.9,-0.761,Miners|Miners Academy
Flif,bot,ESLOL,3,43,0.419,30.3,49.0,35.3,46.9,42.8,40.1,47.1,49.3,-0.761,Ion Squad
Soboro,top,LCKC,2,69,0.319,42.6,41.3,32.7,39.8,40.5,40.0,57.4,32.5,-0.765,HANJIN BRION|HANJIN BRION Challengers
Jaguar,top,ESLOL,3,44,0.409,52.0,33.8,30.1,40.8,35.9,40.0,54.3,35.5,-0.765,Hortus esports|Team 7AM
Akemi,top,VL,3,36,0.361,42.0,36.0,43.9,38.1,41.1,40.0,50.9,40.7,-0.769,GeekSide Esports|God's Plan
Allerz,sup,SL (LATAM),3,32,0.5,39.4,43.8,30.5,48.6,34.7,40.0,48.4,46.0,-0.764,Atomic México|Instinct Gaming
Shakaa,bot,EL,3,33,0.364,37.8,41.8,34.5,51.5,33.7,40.0,48.0,46.9,-0.766,Atomic México|Red Rooster Team
Messages,mid,PGC,2,45,0.467,35.8,37.2,41.8,49.3,41.8,40.0,47.7,47.7,-0.764,Tempest Gaming|Third Party
Yonna,sup,NEXO,3,23,0.522,28.7,49.1,39.4,45.5,41.8,40.0,47.4,48.4,-0.766,Kawaii Kiwis
Mersa,sup,LEC,1,51,0.49,31.3,41.1,29.0,57.1,51.5,40.0,44.3,56.4,-0.764,Misfits Gaming
Gorica,bot,PGC,2,40,0.575,43.2,34.3,33.6,48.5,41.4,40.0,44.2,56.6,-0.766,Taco Gaming
Fatfish,jng,LDL,2,32,0.219,31.1,51.3,43.0,45.1,26.3,39.9,54.7,35.0,-0.771,LGD Gaming Young Team
Akaadian,jng,LCSA,2,42,0.262,38.7,40.5,41.5,42.0,36.6,39.9,54.7,35.0,-0.772,Golden Guardians Academy
Shad0w,jng,LPL,1,64,0.344,43.0,39.8,38.4,35.0,40.5,39.9,53.0,37.2,-0.77,LGD Gaming
Bubble,mid,LDL,2,36,0.278,30.9,38.6,56.1,36.5,48.4,39.9,51.9,38.9,-0.771,Shu Dai Xiong Gaming
Petis,sup,HM,3,28,0.393,32.5,44.7,39.8,45.9,39.8,39.9,46.7,49.8,-0.774,BRUTE
Delight,sup,LCK,1,87,0.368,27.1,54.7,37.4,45.6,35.0,39.8,53.9,35.8,-0.777,HANJIN BRION
WillTheScout,sup,GLL,3,39,0.462,28.4,37.0,56.3,40.3,51.5,39.8,53.1,36.9,-0.78,Forsaken|Gamespace Mediterranean College Esports
Bdd,mid,LCK,1,82,0.354,37.7,38.4,42.1,40.8,43.6,39.8,52.3,38.1,-0.778,Nongshim RedForce
Concept,top,LCSA,2,95,0.4,33.7,33.0,49.6,44.3,50.9,39.8,51.7,39.1,-0.776,Golden Guardians Academy|Immortals Academy
Ruf,bot,UL,2,31,0.387,45.7,41.7,29.1,42.8,31.2,39.8,48.2,46.0,-0.78,Auxesis Esports|Forsaken
Munchy,jng,PGC,2,45,0.467,46.5,30.0,39.3,45.9,37.0,39.8,47.8,47.0,-0.778,Tempest Gaming|Third Party
Topo,top,PGC,2,41,0.488,26.8,44.8,39.3,54.9,42.1,39.8,46.2,50.9,-0.779,Bay State College|No Ace|Team Pending
Hena,bot,LCK,1,84,0.381,33.4,44.0,40.6,46.4,35.8,39.7,52.5,37.6,-0.786,HANJIN BRION
Kingston,jng,TAL,3,29,0.483,36.3,40.7,38.9,46.8,37.9,39.7,49.7,42.5,-0.789,Galatasaray Academy
Envy Carry,mid,PRM,3,31,0.452,28.9,30.7,61.9,42.7,52.4,39.7,49.5,43.0,-0.784,WAVE Esports
WDR,mid,LHE,2,28,0.571,32.1,46.4,36.0,52.8,31.7,39.7,44.3,55.6,-0.786,Newstar
Mafro,jng,EBL,3,27,0.667,34.8,36.6,43.3,45.1,47.3,39.7,42.2,61.0,-0.785,Diamant Esports
Guwon,jng,LCKC,2,59,0.254,25.6,50.2,38.3,48.5,41.3,39.6,58.5,31.6,-0.795,Hanwha Life Esports|Hanwha Life Esports Challengers
Fun K3y,bot,PRM,3,36,0.25,41.2,43.6,37.9,37.8,31.1,39.6,55.3,34.0,-0.793,PENTA 1860
1ssue,sup,PCS,15,21,0.286,41.6,42.7,28.4,50.0,29.1,39.6,50.3,41.1,-0.796,Meta Falcon Team
Xaiyen,jng,EBL,3,29,0.586,32.4,36.9,48.3,51.3,36.1,39.6,49.4,43.1,-0.79,Diamant Esports|Nexus KTRL
Hierro,sup,EL,3,39,0.538,35.6,33.2,52.6,39.2,46.7,39.6,47.8,46.6,-0.791,Arctic Gaming México|GeekSide Esports|Janus Esports
Sang,bot,LMF,2,22,0.136,32.7,43.2,45.8,47.8,29.0,39.5,52.4,37.5,-0.8,Malvinas Gaming
Rod,jng,LMF,2,22,0.136,26.3,41.1,65.4,36.4,38.5,39.5,51.8,38.4,-0.799,Malvinas Gaming
Fujimoto,sup,LJL,15,34,0.5,30.8,33.9,56.7,42.5,45.7,39.4,43.4,57.3,-0.806,Burning Core Toyama
Afroboi,jng,PRM,3,42,0.31,33.4,43.1,36.0,45.5,42.0,39.3,55.3,33.8,-0.814,E WIE EINFACH E-SPORTS
Firetheft,top,UPL,2,41,0.537,46.8,26.7,52.2,33.2,38.8,39.3,50.7,39.9,-0.814,Supernova
Tazaku,bot,LVP SL,2,44,0.386,32.7,40.0,44.8,45.6,38.1,39.3,49.7,41.8,-0.816,Movistar KOI
Skyy,mid,DDH,3,39,0.385,32.6,43.3,40.4,41.6,42.6,39.3,47.3,47.0,-0.817,Atomic México|Tomorrow Esports
LeeSA,jng,LCO,15,49,0.51,32.8,40.5,42.9,45.1,40.4,39.3,46.8,48.2,-0.817,PEACE
Crisma,sup,ESLOL,3,26,0.538,33.4,35.2,40.0,53.6,42.7,39.3,45.9,50.5,-0.814,Team 7AM
AMBAN,jng,LHE,2,32,0.281,39.0,40.0,34.8,47.7,32.5,39.2,55.1,33.9,-0.823,Cruzados Esports|Rebirth eSports
Roamer,mid,LCKC,2,58,0.293,36.3,46.0,29.6,42.2,40.6,39.2,53.3,35.9,-0.819,Hanwha Life Esports Challengers
Lmzs,mid,EBL,3,39,0.436,38.5,42.2,35.7,44.2,32.3,39.2,53.0,36.3,-0.818,Esport Empire|Valiance
MGX,mid,TCL,15,37,0.351,37.9,38.6,39.7,42.9,38.1,39.2,49.8,41.4,-0.823,Beşiktaş Esports
Jezu,bot,LEC,1,34,0.412,26.8,38.8,55.9,50.5,33.4,39.2,47.3,46.8,-0.822,SK Gaming
Phoxie,mid,LPLOL,3,38,0.237,32.4,35.7,50.1,38.9,48.6,39.1,61.0,30.2,-0.831,Boavista FC
MiraiX,jng,PRM,3,49,0.306,49.5,30.2,37.0,31.9,44.6,39.1,56.7,32.4,-0.831,WAVE Esports
Sengio,bot,GLL,3,20,0.2,30.6,53.7,30.2,49.1,26.2,39.0,52.2,37.1,-0.834,Team Refuse
999,top,LDL,2,48,0.292,38.4,37.4,51.3,32.3,36.0,38.9,55.8,33.0,-0.841,TWELVE
View,jng,LPL,1,41,0.293,35.8,49.2,32.0,42.9,28.4,38.9,52.4,36.8,-0.839,Team WE|Team WE Academy
Ten10,mid,LCKC,2,40,0.35,22.0,50.2,46.0,46.2,37.6,38.9,50.3,40.0,-0.843,Liiv SANDBOX|Liiv SANDBOX Youth
Lakerz,top,GLL,3,28,0.286,37.5,36.9,46.4,41.0,34.3,38.9,50.3,40.0,-0.842,Cyber Wolves|Gamespace Mediterranean College Esports
LE0,mid,PGC,2,64,0.453,42.0,32.0,35.9,42.0,45.6,38.9,49.7,41.1,-0.842,300|Area of Effect Pump|Evil Geniuses Prodigies|No Org
Leocich,top,SL (LATAM),3,26,0.423,42.8,33.7,34.2,44.1,40.0,38.9,47.6,45.6,-0.84,Club Deportivo Municipal
COLD,sup,LPL,1,82,0.488,43.3,32.8,35.1,38.4,46.5,38.9,43.7,55.4,-0.839,Oh My God
Tobi4,top,ESLOL,3,35,0.457,35.6,33.4,35.7,53.4,43.5,38.8,52.4,36.6,-0.846,KV Mechelen Esports
Juanma,sup,DDH,3,29,0.345,45.5,34.8,36.5,40.3,31.2,38.8,50.2,40.0,-0.848,PRO42|Tomorrow Esports
Tercote,mid,SL (LATAM),3,30,0.433,29.7,47.3,42.5,38.1,39.2,38.8,49.9,40.5,-0.85,Club Deportivo Municipal
Lot,top,TCL,15,37,0.351,35.0,40.9,34.2,42.2,45.2,38.8,49.5,41.4,-0.845,Beşiktaş Esports
beishang,jng,LPL,1,47,0.34,34.1,46.9,31.8,48.9,28.9,38.8,49.1,42.1,-0.848,Team WE
Dmitar,jng,EBL,3,31,0.29,31.1,42.2,41.8,46.7,36.4,38.8,48.0,44.4,-0.849,Split Raiders
Martote,jng,LMF,2,21,0.381,35.6,42.8,35.7,42.8,36.6,38.8,47.5,45.6,-0.848,9z Team
Showkz,jng,LFL2,2,28,0.214,41.2,40.3,37.1,41.4,27.4,38.7,52.9,35.8,-0.855,FC Nantes Esports
Miyuuri,sup,NEXO,3,27,0.37,40.9,43.5,24.1,41.3,38.7,38.7,51.4,37.9,-0.853,Stormbringers
Mrozku,mid,UL,2,59,0.492,36.2,28.5,55.7,36.9,46.7,38.7,50.2,39.9,-0.855,JD|XL|Team ESCA Gaming
Speedy,jng,HM,3,35,0.457,33.8,37.6,33.2,49.6,46.4,38.7,48.5,43.1,-0.856,SINNERS Esports
sheru,top,UL,2,36,0.389,33.1,39.8,35.3,53.0,35.6,38.7,46.5,47.6,-0.859,Auxesis Esports|Forsaken
Guardian,top,LAS,3,28,0.25,36.0,41.4,31.8,50.6,32.1,38.6,52.1,36.7,-0.865,DN SOOPers Academy
Fallen,jng,LFL2,2,30,0.2,32.7,45.6,38.7,46.2,27.7,38.6,49.9,40.1,-0.866,beGenius ESC
Hybridzz,top,PGC,2,20,0.3,34.5,41.9,36.4,48.6,31.6,38.6,48.2,43.5,-0.865,DK Crew|Harrisburg University|RBG Esports
Geiger,top,PGC,2,36,0.417,33.5,34.6,39.8,51.0,42.1,38.6,47.7,44.7,-0.862,Area of Effect Randoms|No Name
Marrow Ooze,mid,ESLOL,3,20,0.4,50.5,32.7,28.2,42.0,31.0,38.6,47.5,45.1,-0.865,Ion Squad
haichao,mid,LDL,2,59,0.271,24.0,49.4,46.9,42.6,34.1,38.5,58.1,31.2,-0.867,LGD Gaming|LGD Gaming Young Team
zhìì,mid,ESLOL,3,40,0.45,35.4,38.0,38.6,45.2,38.3,38.5,50.3,39.3,-0.874,Team 7AM
Raluxu,jng,LPLOL,3,21,0.143,26.3,36.2,60.3,43.3,38.4,38.5,48.6,42.4,-0.873,Odivelas Sports Club
Darlik,top,LFL,2,58,0.31,25.4,34.1,54.9,43.0,52.4,38.4,55.7,32.7,-0.878,Team Oplon
Ivok,top,GLL,3,28,0.25,34.8,43.2,37.0,45.7,29.2,38.4,49.1,41.4,-0.876,Zerolag Esports
Cassin,jng,LJL,15,50,0.4,47.8,37.1,27.5,39.0,31.7,38.4,49.1,41.3,-0.88,Crest Gaming Act
Clarence,jng,LVP SL,2,24,0.25,31.6,45.0,36.4,46.9,32.5,38.4,48.6,42.3,-0.879,BK ROG Esports|UCAM Esports
Zeni,top,LPLOL,3,36,0.583,29.8,38.4,45.2,45.4,41.8,38.4,41.5,59.6,-0.881,EGN Esports
Nesty,jng,LJLA,3,21,0.333,57.7,40.7,23.6,26.3,19.8,38.3,55.0,33.2,-0.884,DetonatioN FocusMe Academy
Jaqen,top,UL,2,47,0.426,45.8,32.8,34.5,37.0,38.6,38.3,51.6,36.9,-0.888,Auxesis Esports|Komil & Friends
Piu Piu,bot,SL (LATAM),3,51,0.51,32.4,33.6,54.4,34.8,46.2,38.3,48.0,43.4,-0.884,Diamond Doves
Aki,jng,LPL,1,92,0.478,38.5,37.5,30.6,39.1,48.5,38.3,45.3,49.6,-0.888,Oh My God
Trashy,jng,LMF,2,24,0.5,41.3,37.8,32.2,44.9,31.2,38.3,43.8,53.5,-0.884,Stone Movistar
Alvanai,mid,GLL,3,27,0.407,37.3,38.9,38.2,40.7,35.7,38.2,52.8,35.3,-0.893,Gamespace Mediterranean College Esports
ChiQQQ,bot,NEXO,3,27,0.37,32.2,43.2,37.2,44.1,35.9,38.2,50.9,37.9,-0.891,Stormbringers
Zoom,top,LPL,1,49,0.306,33.3,48.4,37.3,41.9,24.5,38.2,50.7,38.1,-0.896,Top Esports|Ultra Prime
Courage,jng,LCKC,2,25,0.4,35.4,37.0,42.8,47.9,28.8,38.2,46.2,47.2,-0.894,DN SOOPers Challengers
Kituruken,jng,LFL2,2,48,0.521,37.6,30.5,51.5,37.8,39.6,38.2,44.7,50.9,-0.894,PCS Taran
Sebbek,bot,LMF,2,25,0.16,38.6,43.8,37.1,37.1,27.7,38.1,53.4,34.6,-0.899,WAP Esports
Kozi,top,UL,2,36,0.389,38.9,34.5,32.4,45.3,41.9,38.1,49.6,39.9,-0.901,devils.one inStreamly
Sips,top,NLC,2,25,0.28,32.0,43.2,38.9,42.3,35.8,38.1,49.5,40.0,-0.902,Team Singularity
Misaki,top,LPLOL,3,26,0.269,29.6,40.2,32.0,41.8,58.2,38.1,48.1,42.8,-0.897,Boavista FC|Varona Esports
Mitsuki,sup,LDL,2,32,0.5,40.8,34.5,40.5,38.5,35.5,38.1,43.5,53.8,-0.901,Invictus Gaming Young
Cerecof,sup,LFL2,2,28,0.286,40.8,45.1,23.3,45.4,25.7,38.0,53.7,34.1,-0.909,FC Nantes Esports
QiuQiu,sup,LPL,1,77,0.39,43.3,28.5,45.8,31.5,43.9,38.0,49.9,39.2,-0.905,Anyone's Legend
Bardito,sup,LLA,15,33,0.333,33.0,32.8,42.3,42.7,49.5,38.0,48.7,41.3,-0.91,Globant Emerald|XTEN Esports
Avano,mid,PGC,2,71,0.549,44.8,29.6,36.0,39.3,40.0,38.0,48.2,42.4,-0.905,Big Duck Energy|Winthrop University
Faded,mid,GLL,3,22,0.364,32.1,35.8,41.4,41.5,48.1,38.0,46.9,45.1,-0.908,Gamespace Mediterranean College Esports|Project Sinners
Siuman,mid,LCO,15,25,0.48,36.4,34.9,40.6,48.7,31.1,38.0,45.8,47.7,-0.909,Dire Wolves
FakeGod,top,LCS,1,28,0.429,29.4,41.5,41.0,47.1,35.6,38.0,43.8,52.7,-0.91,Dignitas
Diamondprox,jng,NLC,2,26,0.577,39.8,39.4,33.3,38.9,35.1,38.0,43.2,54.3,-0.907,Bifrost|Team Spirit
RangJun,mid,LFL,2,36,0.25,23.1,49.1,48.1,42.1,31.1,37.9,52.4,35.4,-0.917,Mirage Elyandra
suki,sup,LDL,2,36,0.361,43.4,36.1,36.8,37.5,30.2,37.9,47.0,44.7,-0.915,V5 87
Lunar,bot,PGC,2,45,0.467,38.1,33.1,40.5,42.7,37.3,37.8,45.9,47.0,-0.922,Tempest Gaming|Third Party
Kaixuan,sup,LDL,2,74,0.378,32.9,44.5,31.5,37.6,43.6,37.7,52.8,34.8,-0.929,Anyone's Legend.Young
Sintax,mid,EBL,3,31,0.484,31.2,35.4,43.2,46.5,39.7,37.7,52.0,35.7,-0.932,Nexus KTRL
Zdz,top,LPL,1,83,0.386,37.1,36.2,43.0,34.6,39.7,37.7,50.1,38.3,-0.932,Anyone's Legend
Pun,top,VCS,15,36,0.417,36.9,29.4,43.7,42.3,43.8,37.7,46.0,46.4,-0.934,CERBERUS Esports
dispel,sup,LCKC,2,49,0.469,32.2,35.2,40.9,45.4,42.7,37.7,45.9,46.6,-0.934,Nongshim Esports Academy|Nongshim RedForce
Sjakal,jng,ESLOL,3,22,0.591,42.6,32.8,39.8,36.6,34.9,37.7,42.6,55.2,-0.928,Team Echo Zulu
Van,jng,LMF,2,34,0.206,38.0,35.3,42.3,45.2,25.7,37.6,52.7,34.7,-0.941,Maycam Evolve|Stone Movistar
Wuming,mid,LDL,2,69,0.391,33.5,43.1,27.2,39.6,47.1,37.6,51.0,36.8,-0.94,Bilibili Gaming Junior|Oh My God Academy
GFP,jng,UPL,2,62,0.5,34.6,26.6,53.6,36.9,48.5,37.6,49.1,39.8,-0.943,Illinois State University|Raleigh Black Flame|Super Sunshine Fruit Basket Warriors
Sh3ry,bot,NEXO,3,43,0.465,38.9,35.2,30.3,44.0,41.1,37.6,48.6,40.7,-0.942,Bis Esports|Oxygen Valiants|QLASH Spain
Garp,top,LFL2,2,20,0.2,37.7,29.1,30.2,44.5,56.0,37.6,47.6,42.8,-0.937,BRUTE|beGenius ESC
Pimen,mid,NEXO,3,22,0.455,30.4,28.0,61.3,46.2,33.6,37.6,46.9,44.2,-0.939,Bis Esports|eMonkeyz
iBoy,bot,LPL,1,84,0.417,37.7,42.1,28.7,35.2,43.1,37.6,46.5,45.0,-0.942,Rare Atom
Sangchu,bot,LJL,15,42,0.238,33.4,49.6,26.6,44.1,27.0,37.5,53.2,34.1,-0.95,AXIZ
Egotistic,bot,LHE,2,38,0.316,26.1,41.9,40.4,51.6,33.5,37.5,45.1,48.1,-0.949,Santiago Wanderers eSports
Sacrifice,jng,HM,3,28,0.429,31.9,39.5,40.1,41.4,38.6,37.5,44.1,50.5,-0.95,Cryptova
Bung,bot,PRM,3,45,0.311,28.3,37.9,38.2,42.8,51.0,37.4,50.8,36.9,-0.953,Team Oplon|WAVE Esports
BoilTheOil,top,PGC,2,23,0.304,47.5,29.0,37.0,36.6,32.2,37.4,47.9,41.7,-0.955,Area of Effect Soupy Time|Dark Matter
Cybonox,jng,HC,3,21,0.571,46.0,26.1,44.9,30.7,39.6,37.4,45.6,46.7,-0.955,FLY5
Remix,bot,ESLOL,3,20,0.5,33.1,39.1,40.4,37.2,40.7,37.4,43.7,51.5,-0.952,Team 7AM
PsYcraw,sup,PRM,3,42,0.31,40.9,36.3,40.4,27.9,38.6,37.3,53.3,33.8,-0.965,E WIE EINFACH E-SPORTS
Absolute,sup,LFL,2,40,0.3,33.7,34.8,42.3,43.3,37.3,37.3,49.8,38.2,-0.963,BK ROG Esports|Team Oplon
Rapid,jng,PGC,2,39,0.385,26.6,38.2,47.6,47.8,34.1,37.3,48.8,39.9,-0.962,Here For T-Shirt|Wildcard Aces|Winthrop University
Hangjoo,mid,LAS,3,24,0.333,35.5,34.6,47.6,33.1,39.8,37.3,43.3,52.2,-0.962,Liiv SANDBOX Academy
Konodio,sup,LDL,2,56,0.25,39.3,39.4,42.7,28.4,31.7,37.2,55.6,31.9,-0.967,Shu Dai Xiong Gaming
Nate,top,LLA,15,33,0.182,27.7,40.4,51.8,42.0,28.7,37.2,51.5,35.6,-0.972,Globant Emerald
Gonti,top,DDH,3,51,0.431,29.6,41.8,40.4,38.5,40.0,37.2,50.3,37.3,-0.969,Atomic México|Instinct Gaming
ICU,top,PCS,15,24,0.208,35.9,44.9,28.7,43.0,27.4,37.2,48.4,40.3,-0.974,Hurricane Gaming|Impunity
g3tH,sup,LMF,2,22,0.227,26.1,37.7,53.2,46.6,30.1,37.2,48.0,41.0,-0.974,WAP Esports
V1tal,top,LCSA,2,53,0.453,33.6,29.9,43.7,42.9,45.8,37.2,43.7,50.9,-0.97,Immortals Academy
Kaymin,mid,PRM,3,42,0.31,36.6,37.9,26.6,47.0,37.3,37.1,53.1,33.8,-0.98,E WIE EINFACH E-SPORTS
Kulvas,top,GLL,3,50,0.5,27.2,44.4,31.2,46.8,41.0,37.1,50.3,37.0,-0.982,Dynamo Eclot|Gamespace Mediterranean College Esports
Orrisot,mid,TAL,3,36,0.25,27.5,37.1,37.0,50.9,41.7,37.0,46.3,44.0,-0.991,SuperMassive Blaze Academy|Team AURORA Academy
Hayha,sup,LMF,2,23,0.304,31.3,41.4,45.8,38.0,28.4,37.0,45.1,46.9,-0.985,Maycam Evolve
Kio,top,LFL,2,41,0.415,26.4,44.6,29.5,49.8,39.5,37.0,44.8,47.5,-0.991,Solary
Secondate,sup,TAL,3,22,0.545,40.1,37.5,33.2,37.6,32.5,37.0,43.1,51.8,-0.989,İstanbul Wildcats Academy
Manuize,sup,LMF,2,25,0.16,37.5,45.8,24.9,44.0,22.2,36.9,52.1,34.6,-0.998,WAP Esports
Mega,jng,EL,3,22,0.364,33.8,28.1,59.8,30.0,42.6,36.9,49.6,37.8,-0.998,Fuego|Zylant Esports
Gagai,bot,GLL,3,23,0.304,29.2,39.1,26.7,40.3,60.7,36.9,47.5,41.5,-0.993,Zerolag Esports
Karoq,mid,LPLOL,3,30,0.467,28.8,41.6,37.2,43.3,38.2,36.9,46.3,44.0,-0.992,OFFSET Esports
Zika,top,LPL,1,76,0.382,30.2,44.4,36.5,35.6,38.9,36.8,50.2,36.8,-1.0,Invictus Gaming|LNG Esports
LIMIT,sup,LEC,1,25,0.24,32.5,40.6,38.8,45.4,25.2,36.8,49.0,38.6,-1.005,Team BDS
child,sup,LHE,2,22,0.273,33.6,49.9,25.5,41.6,25.5,36.8,48.7,39.1,-1.002,Wolf Club Esports
Leo D Aras,sup,GLL,3,26,0.231,40.8,35.7,27.3,45.8,29.7,36.8,48.0,40.2,-1.007,Auxesis Esports|GOAL|Gamespace Mediterranean College Esports|Zerolag Esports
Relife,jng,LDL,2,45,0.356,34.4,36.5,33.1,37.9,46.2,36.7,49.5,37.6,-1.015,Anyone's Legend.Young
Yuekai,mid,LPL,1,56,0.339,33.7,44.0,31.7,39.2,31.7,36.7,49.0,38.4,-1.011,Invictus Gaming|LNG Esports
Guang,sup,LDL,2,28,0.321,37.2,26.5,54.5,27.4,46.0,36.7,47.5,41.0,-1.013,Oh My God Academy
Sumi,mid,HM,3,22,0.364,33.5,33.6,42.5,43.7,34.8,36.7,43.2,50.7,-1.014,Dark Tigers|Verdant
Mauss,bot,HM,3,27,0.407,30.3,32.4,39.6,40.3,53.3,36.7,43.1,51.0,-1.012,BRUTE
Loopy,sup,LCKC,2,60,0.333,33.3,42.6,29.8,45.0,30.1,36.6,50.8,35.7,-1.02,HANJIN BRION|HANJIN BRION Challengers
Soma,sup,UPL,2,21,0.381,24.2,31.7,66.2,36.9,38.5,36.6,47.4,41.0,-1.019,University of Michigan
fate,sup,LPL,1,30,0.367,41.2,30.4,44.0,35.7,30.2,36.6,44.6,47.0,-1.02,Royal Club|Team WE
Venour,top,PRM,3,24,0.5,32.0,34.7,45.7,36.2,40.6,36.6,41.8,54.2,-1.018,Berlin International Gaming
Kimi,bot,LMF,2,22,0.318,23.7,49.5,30.2,53.8,25.9,36.5,46.7,42.2,-1.028,Malvinas Gaming
Chente,jng,DDH,3,23,0.261,24.9,43.9,43.5,42.6,31.6,36.5,46.4,42.7,-1.032,Arctic Gaming México|Atomic México
Rhioni,bot,TCL,15,27,0.481,37.6,36.4,39.1,35.9,31.4,36.5,43.1,50.4,-1.031,Team AURORA
Godles,bot,EL,3,35,0.514,30.2,41.5,32.4,41.0,41.1,36.5,40.0,58.3,-1.034,Gravity Elite
JUG,jng,LJL,15,42,0.238,33.3,45.0,26.2,44.8,27.8,36.4,52.0,34.1,-1.041,AXIZ
fearness,top,LPL,1,73,0.37,33.6,38.4,31.3,41.2,39.3,36.4,50.1,36.3,-1.036,LGD Gaming
Bulldawg,sup,LCO,15,37,0.432,30.4,40.8,32.8,46.7,33.3,36.4,46.9,41.5,-1.038,Dire Wolves
zs,top,LPL,1,24,0.375,35.0,33.9,41.2,42.5,31.1,36.4,44.6,46.5,-1.037,Ultra Prime
Saintsu,jng,ESLOL,3,21,0.476,38.5,31.7,34.6,44.7,33.1,36.4,43.7,48.6,-1.037,Auxesis Esports|Ion Squad
Feisty,mid,LCKC,2,66,0.333,26.6,44.6,32.3,47.5,32.8,36.3,53.7,32.5,-1.045,HANJIN BRION|HANJIN BRION Challengers
Counter,bot,PGN,3,38,0.342,37.8,33.9,35.4,34.7,41.3,36.3,51.9,34.0,-1.052,Samsung Morning Stars
Bosketi,sup,UPL,2,22,0.318,54.9,28.2,27.9,29.5,27.6,36.3,51.4,34.6,-1.048,Zenigma Solar
Serch,mid,NEXO,3,27,0.37,38.9,37.9,32.9,37.2,29.4,36.3,50.5,35.6,-1.052,Stormbringers
Assum,bot,LPL,1,50,0.4,44.3,28.6,44.2,31.0,29.4,36.3,46.5,42.1,-1.044,LGD Gaming|Rare Atom|Weibo Gaming Youth Team
SryNotSry,jng,LMF,2,22,0.318,26.4,37.3,52.4,37.8,35.4,36.3,46.4,42.2,-1.051,Malvinas Gaming
minghai,sup,LDL,2,32,0.25,31.2,31.9,60.0,30.9,33.5,36.2,49.8,36.3,-1.059,LGD Gaming Young Team
Psilakhs,jng,GLL,3,23,0.304,33.9,37.0,23.1,39.9,53.0,36.2,46.7,41.5,-1.053,Zerolag Esports
Minui,bot,PGC,2,45,0.444,39.1,26.3,41.2,42.8,35.3,36.2,45.7,43.4,-1.058,300|Area of Effect Pump|Wildcard Gaming
Tatuy,top,NLC,2,27,0.074,24.9,39.1,44.7,45.0,34.0,36.1,52.7,33.1,-1.065,Cabbage Family|Team Singularity
Kolthro,jng,UPL,2,45,0.422,40.0,36.3,28.2,36.6,35.9,36.1,50.5,35.4,-1.062,Area of Effect Randoms|Grand View University
DrChaos,sup,NLC,2,20,0.2,35.1,40.1,30.7,48.2,21.2,36.1,48.5,38.1,-1.066,AYM Esports|MNM Gaming
tol2,top,LJLA,3,32,0.312,32.9,48.1,23.5,43.1,24.3,36.0,55.1,31.4,-1.075,AXIZ|DetonatioN FocusMe Academy
xGenesis,top,ESLOL,3,24,0.333,43.6,35.7,24.5,38.1,30.4,36.0,47.7,39.2,-1.072,Ion Squad
xLiang,bot,LDL,2,27,0.37,38.2,37.6,37.4,31.9,30.3,36.0,43.8,47.2,-1.075,V5 87
Nekhazten,sup,LMF,2,44,0.227,28.4,45.8,28.7,50.9,22.5,35.9,53.3,32.4,-1.089,Malvinas Gaming
Aomine,bot,VCS,15,42,0.333,30.0,32.5,54.1,28.6,43.7,35.9,52.9,32.8,-1.082,Burst The Sky Esports
Bojji,jng,VCS,15,25,0.28,34.8,29.2,53.3,32.9,33.7,35.9,47.6,39.0,-1.088,Team Flash
Wink,bot,LPL,1,34,0.324,34.3,45.1,29.3,36.4,27.2,35.8,45.6,42.7,-1.09,Invictus Gaming
Sadaz,mid,PGN,3,26,0.231,32.7,30.1,44.2,32.5,48.7,35.8,49.9,35.6,-1.097,QLASH Spain|Samsung Morning Stars
Marth,top,DDH,3,49,0.367,25.6,40.3,31.1,44.1,47.0,35.8,47.6,38.9,-1.095,Tomorrow Esports
Amazing,jng,PRM,3,23,0.435,26.5,37.4,32.9,54.4,34.3,35.8,42.2,50.4,-1.097,MOUZ NXT
Chemera,mid,NLC,2,36,0.417,26.8,41.3,30.9,49.1,34.6,35.7,51.0,34.3,-1.103,MNM Gaming
TynX,jng,LVP SL,2,46,0.37,33.6,43.4,22.7,45.2,28.9,35.7,49.3,36.3,-1.101,MAD Lions Madrid|Misfits Premier
Xoura,mid,PRM,3,24,0.125,30.1,45.4,25.6,45.3,29.0,35.7,48.7,37.0,-1.106,All for One Gaming|WAVE Esports
tako,jng,PCS,15,21,0.286,36.4,31.1,41.6,34.9,37.1,35.7,42.5,49.4,-1.106,Impunity
Whyker,sup,LMF,2,25,0.04,46.3,21.9,50.5,23.0,35.4,35.6,55.4,30.9,-1.116,Stone Movistar
Takeover,mid,LCSA,2,86,0.326,32.9,39.7,32.0,32.5,41.9,35.6,54.6,31.4,-1.109,TSM|TSM Academy
Prank,top,UPL,2,46,0.391,28.7,37.7,45.9,38.1,31.7,35.6,49.0,36.4,-1.113,Big Duck Energy|Grand View University|Team Amibition Blaze
Ravey,top,EL,3,24,0.333,29.3,32.5,50.5,42.3,29.7,35.6,47.0,39.5,-1.113,Fuego
Tomeito,bot,PGC,2,29,0.379,24.6,38.0,43.2,43.4,37.4,35.6,46.2,41.0,-1.109,Supernova|Trance's Tyrants
Leoo,sup,TAL,3,23,0.435,31.7,32.6,40.7,44.3,33.5,35.6,45.4,42.5,-1.114,Galatasaray Academy
Yampi,jng,CBLOL,15,36,0.194,28.0,40.2,36.3,43.9,31.5,35.5,47.2,38.9,-1.124,INTZ
Popon,jng,LJLA,3,20,0.5,20.7,42.2,42.7,49.2,29.9,35.5,47.2,39.0,-1.118,Sengoku Gaming Academy
Vichen,jng,LFL2,2,37,0.405,38.6,35.3,28.8,41.9,28.3,35.5,46.3,40.6,-1.118,Atletec|FC Nantes Esports
Rigel,top,VCS,15,28,0.357,35.6,26.4,58.8,29.3,31.8,35.5,44.8,43.5,-1.122,AS Esports
Cheoni,bot,LCKC,2,59,0.22,26.1,43.0,35.0,41.3,34.4,35.4,53.3,32.0,-1.128,Hanwha Life Esports|Hanwha Life Esports Challengers
Tochas,sup,LPLOL,3,28,0.25,37.1,33.5,27.0,40.5,39.4,35.4,52.4,32.6,-1.137,Boavista FC|QLASH Spain|Tony Parker Adéquat Academy
Hades,bot,DDH,3,61,0.328,28.0,42.8,28.8,39.6,41.3,35.4,51.2,33.7,-1.134,Arctic Gaming México|Atomic México|Rensga eSports
YellowYoshi,top,LJL,15,31,0.226,19.1,53.0,30.6,48.4,26.9,35.4,48.2,37.3,-1.13,AXIZ
Domoles,mid,UL,2,36,0.389,28.6,35.9,33.3,48.0,37.8,35.4,46.6,39.9,-1.128,devils.one inStreamly
xCharm,sup,UL,2,27,0.37,27.1,35.9,48.6,43.1,26.9,35.4,45.7,41.5,-1.129,GRP Esports|Illuminar Gaming
Such,bot,LDL,2,39,0.256,26.2,44.3,34.5,31.3,44.8,35.3,51.5,33.2,-1.145,FunPlus Phoenix Blaze|Rare Atom Period
Shenyi,sup,LCSA,2,37,0.243,30.4,30.0,52.1,35.8,35.7,35.3,50.0,34.7,-1.143,TSM|TSM Academy
Crow,sup,ESLOL,3,31,0.355,32.3,32.0,37.5,38.1,42.6,35.2,50.4,34.2,-1.152,Hive Athens EC|Ion Squad
Meifan,jng,LCO,15,42,0.262,39.0,36.9,29.1,39.2,24.8,35.2,48.9,35.9,-1.153,MAMMOTH
chenshao,jng,LDL,2,37,0.297,43.7,34.4,32.1,29.3,28.0,35.2,48.7,36.1,-1.154,TWELVE
Badlulu,top,LFL,2,45,0.333,30.1,36.3,38.6,36.0,40.1,35.2,46.6,39.3,-1.152,Mirage Elyandra
bucu,mid,UL,2,27,0.222,29.5,38.5,26.9,41.8,44.2,35.2,46.2,39.9,-1.156,Forsaken|devils.one inStreamly
Urban,jng,ESLOL,3,35,0.457,29.6,38.9,33.7,40.1,36.9,35.2,45.6,41.2,-1.149,KV Mechelen Esports|LowLandLions
Fang,mid,LHE,2,28,0.321,25.6,35.3,50.9,38.0,34.6,35.2,45.6,41.0,-1.156,Dark Horse|Newstar
Nnicky,sup,LMF,2,41,0.39,28.1,33.5,35.1,46.5,42.0,35.2,45.3,41.8,-1.149,9z Team|Santiago Wanderers eSports
Emvipi,jng,NEXO,3,46,0.391,28.0,28.2,44.0,41.6,48.1,35.2,44.9,42.5,-1.152,Bis Esports|Oxygen Valiants|Stormbringers
Nary,top,HC,3,30,0.567,33.4,30.8,36.0,41.0,40.3,35.2,42.1,48.7,-1.157,IKISEQ|IKISEQ Gaming
Luco,sup,LHE,2,49,0.51,28.8,38.6,32.2,44.2,35.4,35.2,41.4,50.7,-1.15,Dark Horse|River Plate Gaming
reri,sup,LJLA,3,21,0.333,25.2,40.6,54.2,35.9,21.7,35.1,51.3,33.2,-1.164,DetonatioN FocusMe Academy
Yursan,sup,LCSA,2,45,0.333,32.9,36.0,28.7,40.0,40.6,35.1,46.2,39.7,-1.167,TSM|TSM Academy
Ghost,bot,LCK,1,80,0.362,27.6,33.2,44.4,38.7,39.7,35.0,48.6,35.9,-1.177,Nongshim RedForce
Taco,top,PCS,15,45,0.311,35.1,35.8,31.4,38.3,33.0,35.0,48.3,36.3,-1.175,Meta Falcon Team
Helaz,sup,LFL2,2,21,0.476,34.5,31.2,44.4,37.4,28.2,35.0,41.5,49.7,-1.171,Atletec
Kedaya,sup,LPL,1,62,0.274,25.8,37.8,48.8,34.5,33.2,34.9,54.7,30.9,-1.18,Team WE
Southwind,sup,LPL,1,54,0.296,31.4,38.9,44.2,28.2,31.8,34.9,53.2,31.6,-1.186,Rare Atom|ThunderTalk Gaming
Jervo,top,GLL,3,32,0.312,22.9,47.3,22.7,50.4,33.5,34.9,50.3,33.9,-1.185,QLASH Spain|Team Refuse
Effort,sup,LCK,1,36,0.278,36.5,31.4,35.0,35.8,37.0,34.9,48.2,36.4,-1.178,Nongshim RedForce
Sheja,bot,HM,3,30,0.267,30.7,39.4,29.0,42.5,33.4,34.9,47.0,37.9,-1.188,Inside Games|Inside Games Challengers
Hyo,jng,VCS,15,28,0.357,29.0,33.5,49.2,35.7,32.6,34.9,44.2,43.1,-1.184,AS Esports
Jellou,jng,HM,3,21,0.333,29.0,35.5,40.3,36.6,38.5,34.9,43.7,44.1,-1.184,BRUTE
Kyoto,mid,DDH,3,51,0.294,32.2,37.1,25.1,43.1,38.1,34.8,52.8,31.8,-1.191,Atomic México|Tomorrow Esports
Cryin,mid,LPL,1,79,0.342,43.1,29.1,32.4,34.5,29.9,34.8,51.3,32.8,-1.198,Ultra Prime
Blue,mid,LCS,1,46,0.326,37.9,36.1,33.8,31.7,29.3,34.8,48.2,36.1,-1.195,Dignitas
Shanks,mid,LPL,1,58,0.224,33.2,42.2,28.0,37.9,27.1,34.7,56.7,30.0,-1.207,Team WE
Semin,top,LAS,3,49,0.306,39.3,36.6,26.0,31.6,34.7,34.7,50.2,33.7,-1.206,HANJIN BRION Academy
Binggan,top,LDL,2,31,0.29,29.5,31.6,35.0,32.5,56.9,34.7,45.1,40.7,-1.208,Shu Dai Xiong Gaming
Kind Jungle,jng,PGC,2,24,0.458,35.9,30.8,36.8,39.8,30.6,34.7,40.9,50.2,-1.203,Maryville University
Arfyss,top,LHE,2,39,0.308,23.0,41.3,44.2,41.1,27.8,34.6,47.8,36.2,-1.218,Rebirth eSports
Cleaver,mid,LAS,3,28,0.25,46.0,26.9,32.2,35.1,25.1,34.6,47.5,36.7,-1.213,DN SOOPers Academy
NegroNE,jng,LHE,2,26,0.308,23.5,36.0,52.3,35.1,34.8,34.6,45.3,40.0,-1.22,Newstar|Wolf Club Esports
2T,mid,VCS,15,36,0.389,31.3,32.1,43.7,37.5,31.4,34.5,46.3,38.2,-1.227,AS Esports|SBTC Esports
Seminol,top,LFL2,2,46,0.239,34.2,36.9,27.0,40.7,30.8,34.4,53.2,31.2,-1.242,FC Nantes Esports
Zanzarah,jng,LEC,1,49,0.367,26.4,32.9,35.1,44.7,43.2,34.4,45.4,39.5,-1.233,Astralis|Misfits Gaming|Misfits Premier
Kui,jng,LPL,1,20,0.3,32.3,37.0,42.6,29.9,29.3,34.4,43.5,43.1,-1.234,LGD Gaming
Lothi,bot,PRM,3,42,0.31,21.0,33.3,44.3,43.9,43.8,34.3,49.5,33.8,-1.252,E WIE EINFACH E-SPORTS
Bellow,sup,PGC,2,44,0.386,34.2,31.1,26.5,38.9,46.0,34.3,48.5,34.9,-1.246,Dark Matter|Tempest Gaming
Dajor,mid,LEC,1,36,0.278,26.4,31.4,44.0,38.6,41.7,34.3,45.5,39.0,-1.251,Astralis
yuyanjia,sup,LPL,1,67,0.403,36.7,31.8,32.0,34.9,35.7,34.3,44.7,40.5,-1.246,Rare Atom
Han Jae,mid,PGC,2,23,0.304,41.9,27.1,35.4,34.8,29.2,34.3,43.5,42.6,-1.254,Dark Matter|Ego Geniuses
Misterdot,bot,UPL,2,37,0.432,42.8,25.0,33.3,36.1,31.7,34.2,46.5,37.2,-1.263,"University of California, Irvine"
Paradox,sup,PGN,3,28,0.286,23.7,40.2,34.1,49.6,27.1,34.2,44.7,40.2,-1.259,Esport Empire
Easylove,bot,VCS,15,21,0.333,28.9,26.5,60.5,35.6,27.4,34.2,44.1,41.1,-1.265,AS Esports
Vsta,sup,LCK,1,84,0.274,31.5,34.8,31.9,46.3,25.7,34.1,53.4,30.9,-1.275,Hanwha Life Esports
zzl,mid,LDL,2,24,0.167,34.1,38.7,26.2,34.6,34.4,34.1,45.8,38.0,-1.273,Rare Atom Period
Petoska,top,NLC,2,26,0.308,39.5,28.9,31.9,36.2,32.1,34.1,45.3,38.8,-1.272,NYYRIKKI|Verdant
Zhadox,jng,UPL,2,22,0.318,42.9,24.6,28.7,38.7,33.8,34.1,43.9,41.3,-1.272,Glaive Esports Prime|Zenigma Solar
Nemoh,sup,LJL,15,46,0.391,30.5,33.4,26.8,50.1,33.1,34.1,43.7,41.7,-1.272,Crest Gaming Act
Scrappy,top,LMF,2,22,0.318,29.1,42.3,28.2,41.8,26.4,34.1,43.5,42.2,-1.27,Malvinas Gaming
Luana,top,TCL,15,27,0.481,25.6,33.2,39.3,48.0,32.0,34.1,40.1,49.8,-1.274,Dark Passage
Cinkrof,jng,LEC,1,36,0.194,37.6,37.4,29.9,35.2,21.2,34.0,51.5,31.9,-1.282,Team BDS
Cinna,mid,PGC,2,50,0.48,33.1,26.7,40.7,37.5,38.1,34.0,46.0,37.4,-1.286,"University of California, Irvine"
Revenge,top,LCS,1,40,0.225,34.4,33.1,40.7,34.8,24.4,33.9,48.9,33.9,-1.291,Immortals
Dicey,sup,LJL,15,26,0.192,23.4,41.6,37.0,45.0,24.6,33.9,47.2,35.7,-1.293,AXIZ
Eric,bot,LPL,1,45,0.311,38.6,39.8,28.9,28.2,24.2,33.9,47.1,35.8,-1.294,LGD Gaming
Listo,jng,LCKC,2,23,0.217,23.4,41.1,36.5,46.1,25.2,33.9,44.1,40.3,-1.299,HANJIN BRION|HANJIN BRION Challengers
Creatore,sup,LHE,2,26,0.423,28.8,31.5,43.4,37.9,33.9,33.9,41.8,45.0,-1.299,Cruzados Esports|Maycam Evolve
Thoryn,top,LMF,2,25,0.04,18.6,44.7,45.0,37.4,28.7,33.8,52.0,31.4,-1.31,Stone Movistar
Puff,bot,LPL,1,53,0.283,34.8,33.3,31.5,28.8,42.3,33.8,50.9,32.1,-1.306,ThunderTalk Gaming
lyy,bot,LDL,2,49,0.286,31.8,38.3,40.5,25.4,31.0,33.8,50.1,32.6,-1.307,TWELVE
huanhuan,mid,LDL,2,30,0.133,36.2,36.9,27.5,37.9,23.4,33.8,49.3,33.3,-1.306,Qing Jiu E-sport Club
JeppeHou,sup,NLC,2,32,0.125,36.2,28.4,40.6,32.9,31.4,33.8,49.1,33.5,-1.306,All for One Gaming|Cyber Wolves|Team Singularity
Machete,jng,LAS,3,29,0.241,23.2,40.2,32.7,47.8,29.2,33.8,46.4,36.4,-1.313,DN SOOPers Academy
Rubi0o,top,LVP SL,2,27,0.148,28.8,42.0,25.6,39.9,30.9,33.8,45.7,37.5,-1.307,Esport Empire|UCAM Esports
Snow2,sup,UPL,2,20,0.3,31.5,30.8,40.6,36.6,33.1,33.8,42.4,43.4,-1.308,Team Ambition|Wild West Bandits|Wildcard Gaming Developmental
Xing,bot,LPL,1,51,0.275,31.5,42.0,30.3,35.0,24.1,33.7,49.1,33.4,-1.316,Team WE
crackadon,jng,UPL,2,29,0.241,28.1,38.9,26.2,43.2,33.3,33.7,46.8,35.8,-1.316,Meme City Esports|Team Ambition|Tempest Gaming|Wildcard Gaming Developmental|Zenigma Eclipse
Pop9,jng,PCS,15,42,0.31,34.5,35.3,26.4,39.0,30.6,33.7,45.7,37.2,-1.323,Meta Falcon Team
Ellim,jng,LCK,1,92,0.391,22.5,36.0,36.4,44.0,39.1,33.7,44.8,38.7,-1.316,DN SOOPers
Hang,mid,GL,3,20,0.3,20.3,56.6,21.0,42.2,22.5,33.6,45.5,37.3,-1.334,Osaka|RX Esports
New,top,LPL,1,44,0.273,27.8,29.2,46.8,31.3,43.1,33.6,50.0,32.5,-1.329,Qing Jiu E-sport Club|ThunderTalk Gaming
Marcel,top,PRM,3,42,0.31,31.4,29.1,33.2,37.7,43.5,33.6,48.4,33.8,-1.336,E WIE EINFACH E-SPORTS
Rooster,top,LCKC,2,49,0.286,26.9,35.0,34.5,40.8,36.1,33.6,47.9,34.3,-1.336,Hanwha Life Esports Challengers
ShorterACE,jng,PGC,2,39,0.385,36.5,30.4,30.7,37.8,31.3,33.6,46.0,36.6,-1.331,DK Crew|Harrisburg University
Lost,bot,LCS,1,40,0.325,25.2,33.9,40.4,47.6,26.6,33.6,42.8,42.0,-1.329,Golden Guardians|Immortals
Chuz,mid,LCSA,2,20,0.2,26.9,34.0,34.0,34.4,47.1,33.5,44.8,38.2,-1.341,Golden Guardians Academy
Neith,sup,VL,3,21,0.238,25.3,28.6,50.4,40.8,32.3,33.5,41.0,45.4,-1.346,AceS GaminG
Meslo,top,PGC,2,32,0.406,43.4,26.0,32.9,33.4,24.9,33.4,50.0,32.2,-1.357,Illinois State University|Supernova
Whisper,bot,LAS,3,28,0.25,23.1,37.1,43.9,37.4,31.9,33.4,45.5,36.7,-1.364,DN SOOPers Academy
Gaarfield,sup,EBL,3,44,0.432,24.7,33.0,39.1,37.3,42.5,33.3,51.3,31.3,-1.378,Nexus KTRL|Team 7AM
OnFleek,jng,LCK,1,81,0.284,26.9,43.7,31.0,31.7,32.1,33.3,50.9,31.5,-1.374,Hanwha Life Esports
doing,mid,LDL,2,48,0.188,27.0,39.4,21.5,37.7,45.5,33.3,50.5,31.8,-1.368,Rare Atom Period
Pelirrojo,mid,GL,3,29,0.345,20.1,45.7,32.8,43.4,26.6,33.3,48.9,32.9,-1.378,NOCTA
Ever,bot,LDL,2,76,0.224,30.7,40.5,34.5,24.7,33.5,33.2,54.9,29.8,-1.382,Shu Dai Xiong Gaming
SamD,bot,LCK,1,75,0.32,28.3,40.4,33.5,34.6,27.4,33.2,46.1,35.5,-1.388,Hanwha Life Esports|Hanwha Life Esports Challengers
Krysia,jng,UL,2,32,0.344,33.4,33.8,30.4,37.2,29.9,33.2,45.1,36.8,-1.39,Illuminar Gaming|Iron Wolves
Aix,jng,LDL,2,29,0.138,39.1,40.8,23.7,28.3,20.4,33.1,48.1,33.3,-1.397,Qing Jiu E-sport Club
Mime,bot,EL,3,27,0.333,27.6,30.4,35.9,42.2,36.9,33.1,37.6,52.0,-1.398,Bandits Gaming
Ariendel,mid,PGC,2,62,0.5,28.0,26.3,41.8,37.4,42.1,33.0,47.4,33.8,-1.412,Supernova
Feitann,bot,LPLOL,3,25,0.32,32.4,27.0,29.9,38.7,44.3,33.0,46.4,34.7,-1.418,Boavista FC
Knika,top,NEXO,3,34,0.353,23.5,34.6,35.5,47.3,30.6,33.0,43.6,38.7,-1.409,Bis Esports|Córdoba Patrimonio eSports|Oxygen Valiants
Coated,top,VCS,15,67,0.284,45.3,23.4,27.9,29.3,33.9,32.9,51.5,30.8,-1.427,Genius Esports|Luxury Esports
Instinct,bot,LCSA,2,81,0.321,21.2,39.2,28.8,42.7,41.3,32.9,49.5,31.9,-1.431,TSM|TSM Academy
H4cker,jng,LPL,1,79,0.342,29.6,30.6,38.8,34.7,36.0,32.9,48.3,32.8,-1.425,Ultra Prime
Pinnnk,mid,LJLA,3,21,0.333,25.7,40.0,32.2,43.8,22.0,32.9,47.7,33.2,-1.436,DetonatioN FocusMe Academy
Voice,bot,LCO,15,41,0.268,24.3,30.3,41.6,46.7,29.8,32.9,45.3,35.9,-1.425,MAMMOTH
Pollu,sup,LAS,3,26,0.231,32.3,36.5,22.8,45.7,23.2,32.9,44.6,36.7,-1.429,HANJIN BRION Academy|HANJIN BRION Challengers
Kirt,top,PCS,15,25,0.4,25.2,31.5,41.7,36.4,39.1,32.9,40.8,43.4,-1.427,Frank Esports
Pluto1,sup,PGC,2,60,0.4,32.3,25.0,43.4,32.4,37.1,32.8,50.2,31.4,-1.44,Grand View University|Saint Louis University|Supernova
Biubiu,top,LPL,1,71,0.31,28.9,42.2,22.6,41.5,24.2,32.8,49.4,31.8,-1.448,Team WE
eqq,sup,LDL,2,49,0.286,34.4,38.7,29.0,26.9,29.2,32.8,48.2,32.6,-1.451,TWELVE
rocco521,sup,LCO,15,23,0.217,29.5,30.6,34.3,45.8,26.7,32.8,45.5,35.4,-1.437,MAMMOTH
Tonerre,mid,PRM,3,30,0.233,23.6,42.2,31.4,41.3,26.0,32.8,45.2,35.6,-1.448,Esport Empire|PENTA 1860
Savage,mid,PGC,2,36,0.361,35.5,28.4,28.8,39.8,31.5,32.8,42.7,39.3,-1.445,DK Crew|Harrisburg University
DuDu,top,LCK,1,89,0.27,35.0,32.6,29.0,34.5,29.5,32.7,52.1,30.4,-1.456,Hanwha Life Esports
Onat,mid,UPL,2,29,0.31,34.3,33.0,23.2,43.7,26.0,32.7,44.1,37.0,-1.454,Area of Effect Randoms|Here For T-Shirt|Team Ambition|Wildcard Gaming Developmental
Dec0y,top,UPL,2,39,0.333,32.4,29.9,32.7,40.7,28.4,32.7,43.7,37.4,-1.461,Fugitive Gaming|Team Ambition
Yijin,mid,LDL,2,26,0.308,26.3,39.2,26.5,37.0,36.6,32.6,45.1,35.3,-1.474,TWELVE
Rumiki,top,LDL,2,25,0.24,30.0,33.2,33.8,42.5,23.2,32.6,43.2,37.8,-1.479,LGD Gaming Young Team
Overture,top,LDL,2,38,0.342,31.5,31.7,38.3,34.9,26.9,32.6,42.3,39.5,-1.468,Anyone's Legend.Young
Lionel,sup,LCO,15,21,0.286,27.9,31.5,40.1,32.7,36.6,32.6,40.5,42.8,-1.474,Kanga Esports
Gilius,jng,LEC,1,36,0.389,27.7,32.0,37.1,40.4,29.4,32.6,40.0,43.8,-1.475,SK Gaming
Heartless,jng,VL,3,28,0.179,19.7,33.3,53.0,32.2,35.8,32.5,46.1,34.1,-1.485,GeekSide Esports|WAP Esports
Shredder,sup,PGN,3,37,0.351,24.8,34.4,33.7,44.2,30.8,32.5,44.2,36.3,-1.484,GGEsports|MNM Gaming
Flozel,sup,LAS,3,28,0.214,27.0,27.5,39.7,37.5,40.8,32.5,43.9,36.7,-1.483,HANJIN BRION Academy
Himmel,mid,VCS,15,66,0.288,35.3,21.7,41.5,29.2,40.9,32.4,50.4,30.8,-1.511,Genius Esports|Luxury Esports
Whale,bot,PCS,15,45,0.311,28.0,37.5,23.1,40.5,33.7,32.4,43.9,36.3,-1.508,Meta Falcon Team
Grafo,mid,LMF,2,23,0.261,26.2,34.4,30.4,44.5,30.4,32.4,40.1,42.8,-1.504,KRÜ Esports
xMatty,bot,LEC,1,38,0.211,35.2,22.7,41.2,39.4,24.3,32.3,48.2,31.9,-1.528,Team BDS|Team BDS Academy
YeG,mid,LPL,1,39,0.333,31.1,30.2,34.3,33.8,34.9,32.3,41.8,39.1,-1.522,LGD Gaming|Qing Jiu E-sport Club
Hyper,jng,LCSA,2,74,0.311,32.2,27.1,32.4,31.9,43.5,32.2,47.8,32.1,-1.533,Area of Effect Cows|TSM|TSM Academy
torch,top,LDL,2,72,0.181,30.8,36.4,21.2,30.4,42.5,32.1,55.8,29.2,-1.548,Rare Atom Period
Slayder,bot,VCS,15,72,0.278,25.7,32.9,34.5,32.6,42.4,32.1,50.8,30.5,-1.548,Genius Esports|Team Flash
Ryuk,top,VCS,15,44,0.364,24.8,22.3,49.5,29.0,52.7,32.1,45.3,34.1,-1.548,Burst The Sky Esports
Genesis,mid,UPL,2,22,0.318,24.3,25.8,44.7,38.8,39.3,32.1,44.6,34.6,-1.562,Zenigma Solar
Reufury,mid,LCO,15,32,0.25,22.9,31.8,43.1,41.6,28.1,32.1,44.0,35.3,-1.558,MAMMOTH
Paopao,sup,LDL,2,23,0.043,30.0,26.1,53.2,22.2,34.3,32.0,45.6,33.4,-1.582,Qing Jiu E-sport Club
Solu,jng,SL (LATAM),3,20,0.4,27.6,35.0,32.7,35.0,31.6,32.0,38.5,44.3,-1.571,Diamond Doves
Blaze,bot,PCS,15,21,0.286,27.4,33.3,36.4,35.0,30.7,32.0,36.3,49.4,-1.575,Impunity
Yesjun,jng,LDL,2,42,0.143,25.2,37.6,31.6,38.6,27.9,31.9,51.5,30.1,-1.583,Rare Atom Period
Plugo,mid,LLA,15,25,0.16,25.3,44.8,26.2,35.4,23.5,31.9,42.9,36.1,-1.592,Globant Emerald
Lezar,mid,PCS,15,26,0.038,21.3,31.9,25.4,48.3,45.4,31.9,41.9,37.7,-1.584,SEM9
Jay,mid,LPL,1,25,0.32,28.8,32.0,36.9,38.9,23.3,31.9,41.5,38.3,-1.586,LGD Gaming
ZKG,bot,UPL,2,20,0.25,22.3,25.8,52.3,39.5,32.2,31.9,40.8,39.4,-1.587,Big Duck Energy|Winthrop University
UNZY,sup,TAL,3,28,0.071,30.5,30.6,35.8,33.1,31.6,31.9,40.7,39.6,-1.588,5 Ronin|5 Ronin Academy|Team AURORA Academy
Mishi,bot,NLC,2,54,0.352,24.8,32.4,30.9,40.2,37.7,31.8,50.5,30.3,-1.612,MNM Gaming
Thomas Shen,bot,LCO,15,23,0.043,28.1,27.7,35.9,43.0,29.6,31.8,41.9,37.0,-1.619,Gravitas
Kaito,mid,LJL,15,39,0.385,28.7,35.3,25.8,37.9,31.6,31.8,38.6,43.0,-1.609,Crest Gaming Act
nuc,mid,LEC,1,36,0.194,26.5,31.1,36.1,41.0,27.6,31.7,46.9,31.9,-1.63,Team BDS
Stibi,top,GL,3,29,0.345,24.5,36.7,33.0,36.6,30.4,31.7,45.5,32.9,-1.635,NOCTA
ShiauC,sup,LPL,1,68,0.353,33.0,34.6,27.4,32.6,26.3,31.7,43.1,35.3,-1.626,Ultra Prime
Knighter,mid,LVP SL,2,43,0.256,28.5,35.5,27.6,38.8,26.8,31.6,49.6,30.4,-1.648,MAD Lions Madrid
Jinjiao,sup,LPL,1,84,0.333,37.7,29.1,27.5,27.0,32.6,31.5,46.0,32.2,-1.667,LGD Gaming
bkr,sup,LDL,2,63,0.206,30.4,29.7,25.2,30.9,46.2,31.4,50.3,30.0,-1.689,Rare Atom Period
Raydell,jng,GL,3,28,0.321,28.9,30.9,29.3,42.9,26.4,31.4,45.2,32.5,-1.695,NOCTA
Aug,jng,LMF,2,30,0.167,19.9,36.2,38.8,40.3,28.4,31.4,45.1,32.5,-1.697,Newstar|WAP Esports
Slyv3r,bot,ESLOL,3,49,0.347,23.7,27.4,36.8,38.6,41.3,31.3,48.0,30.7,-1.716,KV Mechelen Esports
Sambrotta,bot,NEXO,3,21,0.143,18.8,22.9,39.6,42.9,54.1,31.3,44.8,32.5,-1.722,Córdoba Patrimonio eSports
Marimo,bot,LJLA,3,23,0.348,24.4,34.5,31.1,43.7,25.3,31.3,44.3,33.0,-1.708,DetonatioN FocusMe|DetonatioN FocusMe Academy
Fok,top,UL,2,39,0.308,25.7,25.0,39.0,36.9,40.8,31.3,42.3,35.1,-1.702,GRP Esports|devils.one inStreamly
Tron,top,LCO,15,22,0.227,22.4,32.0,34.1,48.6,24.9,31.3,41.3,36.1,-1.717,MAMMOTH
Zpikee,bot,NLC,2,50,0.18,18.6,27.7,41.0,45.0,38.5,31.2,49.0,30.2,-1.739,Team Singularity
Karis,mid,LCK,1,89,0.27,22.3,34.4,29.2,45.1,29.8,31.1,48.1,30.4,-1.758,Hanwha Life Esports
Sandalo,bot,PGN,3,23,0.348,24.3,30.0,28.3,50.7,28.4,31.1,38.2,40.2,-1.75,Esport Empire
Gaëthan,top,LVP SL,2,47,0.277,28.9,33.4,28.1,36.1,27.7,31.0,47.8,30.5,-1.774,MAD Lions Madrid
BangTwo,bot,PCS,15,36,0.111,22.5,40.5,24.1,43.1,24.6,31.0,45.7,31.4,-1.789,Dewish Team|Hurricane Gaming
Hypnos,bot,TCL,15,28,0.036,21.5,38.4,27.6,45.0,24.3,31.0,40.6,35.7,-1.793,5 Ronin|Galakticos
Wamdejo,bot,VL,3,22,0.182,23.5,27.6,44.8,35.9,32.2,31.0,40.3,36.4,-1.774,GeekSide Esports
Feliz,bot,LAS,3,28,0.214,27.1,31.6,28.8,38.9,30.8,30.9,39.7,36.7,-1.801,HANJIN BRION Academy
Sydux,top,LMF,2,47,0.191,17.3,39.8,34.7,37.5,30.7,30.8,46.9,30.5,-1.839,WAP Esports
Guanch0,mid,NEXO,3,23,0.174,20.2,23.9,42.5,31.3,54.7,30.7,43.6,32.0,-1.866,Córdoba Patrimonio eSports
Filou,bot,LFL2,2,46,0.239,27.0,32.9,22.8,40.5,31.9,30.6,44.6,31.2,-1.893,FC Nantes Esports
zEkO,bot,LMF,2,22,0.273,26.1,28.9,35.9,36.0,31.2,30.6,35.2,42.8,-1.874,KRÜ Esports
Fersito,mid,LMF,2,44,0.227,26.0,34.5,25.1,42.3,24.4,30.5,42.5,32.4,-1.906,Malvinas Gaming
Yunika,jng,LJL,15,42,0.071,14.6,40.9,23.5,42.1,40.4,30.3,49.0,29.4,-1.966,V3 Esports
En,sup,PCS,15,36,0.111,22.6,31.6,35.4,37.7,30.5,30.3,43.2,31.4,-1.978,Dewish Team|Hurricane Gaming
GoWonBin,mid,LAS,3,59,0.305,23.6,26.9,24.7,47.8,38.9,30.3,40.7,33.1,-1.976,HANJIN BRION Academy
dresscode,bot,LJL,15,42,0.071,17.2,38.2,30.7,38.4,33.6,30.2,48.3,29.4,-2.019,V3 Esports
pyboy,mid,LDL,2,34,0.059,26.6,38.6,23.3,36.2,22.2,30.2,44.6,30.5,-2.01,Qing Jiu E-sport Club
Megumiin,mid,LJL,15,42,0.238,25.2,30.9,27.9,39.1,31.5,30.1,38.7,34.1,-2.047,AXIZ
bolin,top,LDL,2,34,0.059,32.3,32.6,22.5,34.3,23.0,30.0,43.6,30.5,-2.085,Qing Jiu E-sport Club
Akko,bot,LDL,2,20,0.05,29.9,31.4,28.4,32.4,25.9,30.0,37.7,34.8,-2.067,Qing Jiu E-sport Club
iGeveze,bot,LMF,2,47,0.128,21.0,37.5,33.9,33.8,24.9,29.9,47.0,29.4,-2.137,Stone Movistar|WAP Esports
DaJeung,mid,LCO,15,42,0.071,26.7,30.1,29.9,36.3,28.3,29.8,39.1,32.5,-2.156,Gravitas
Hetel,sup,LJL,15,42,0.071,25.2,30.8,17.6,41.0,39.7,29.7,46.0,29.4,-2.193,V3 Esports
Washidai,top,LJL,15,42,0.071,22.3,34.3,18.9,33.1,47.3,29.6,45.1,29.4,-2.261,V3 Esports
Eugeo,mid,LJL,15,42,0.071,24.5,28.9,26.3,34.9,41.7,29.6,45.0,29.4,-2.269,V3 Esports
Kobra,mid,LMF,2,45,0.133,20.8,26.4,41.3,36.5,32.0,29.4,42.6,29.7,-2.362,Stone Movistar|WAP Esports
pawp,jng,NLC,2,32,0.094,25.9,30.6,25.3,41.8,24.5,29.4,36.8,32.3,-2.344,Cabbage Family|Team Singularity
985,bot,LDL,2,34,0.059,30.0,26.1,32.5,29.5,29.4,29.2,38.3,30.5,-2.486,Qing Jiu E-sport Club
