year,split,league_short,league_full,region,tier,tournament,date_start,team,team_short,role,player_id,name_cn,real_name,country,residency,birthdate,is_retired,roster_link
2024,Summer,LCK,LoL Champions Korea,韩国,一级联赛,LCK 2024 Summer Playoffs,2024-08-23,BNK FEARX,,Top,Clear,송현민,Song Hyeon-min,South Korea,Korea,2002-12-19,0,Clear (Song Hyeon-min)
2024,Summer,LCK,LoL Champions Korea,韩国,一级联赛,LCK 2024 Summer Playoffs,2024-08-23,BNK FEARX,,Jungle,Raptor,전어진,Jeon Eo-jin,South Korea,Korea,2004-11-15,0,Raptor (Jeon Eo-jin)
2024,Summer,LCK,LoL Champions Korea,韩国,一级联赛,LCK 2024 Summer Playoffs,2024-08-23,BNK FEARX,,Mid,Clozer,이주현,Lee Ju-hyeon,South Korea,Korea,2003-07-27,0,Clozer
2024,Summer,LCK,LoL Champions Korea,韩国,一级联赛,LCK 2024 Summer Playoffs,2024-08-23,BNK FEARX,,Bot,Hena,박증환,Park Jeung-hwan,South Korea,Korea,1999-10-08,0,Hena
2024,Summer,LCK,LoL Champions Korea,韩国,一级联赛,LCK 2024 Summer Playoffs,2024-08-23,BNK FEARX,,Support,Duro,주민규,Joo Min-kyu,South Korea,Korea,2002-02-04,0,Duro
2024,Summer,LCK,LoL Champions Korea,韩国,一级联赛,LCK 2024 Summer Playoffs,2024-08-23,BNK FEARX,,Coach,Ryu,류상욱,Ryu Sang-wook,South Korea,Korea,1994-01-28,0,Ryu
2024,Summer,LCK,LoL Champions Korea,韩国,一级联赛,LCK 2024 Summer Playoffs,2024-08-23,BNK FEARX,,Coach,DooTi,최두성,Choi Du-seong,South Korea,Korea,1991-11-03,0,DooTi
2024,Summer,LCK,LoL Champions Korea,韩国,一级联赛,LCK 2024 Summer,2024-06-12,BNK FEARX,,Top,Clear,송현민,Song Hyeon-min,South Korea,Korea,2002-12-19,0,Clear (Song Hyeon-min)
2024,Summer,LCK,LoL Champions Korea,韩国,一级联赛,LCK 2024 Summer,2024-06-12,BNK FEARX,,Jungle,Raptor,전어진,Jeon Eo-jin,South Korea,Korea,2004-11-15,0,Raptor (Jeon Eo-jin)
2024,Summer,LCK,LoL Champions Korea,韩国,一级联赛,LCK 2024 Summer,2024-06-12,BNK FEARX,,Mid,Clozer,이주현,Lee Ju-hyeon,South Korea,Korea,2003-07-27,0,Clozer
2024,Summer,LCK,LoL Champions Korea,韩国,一级联赛,LCK 2024 Summer,2024-06-12,BNK FEARX,,Bot,Hena,박증환,Park Jeung-hwan,South Korea,Korea,1999-10-08,0,Hena
2024,Summer,LCK,LoL Champions Korea,韩国,一级联赛,LCK 2024 Summer,2024-06-12,BNK FEARX,,Support,Execute,이정훈,Lee Jeong-hoon,South Korea,Korea,2000-02-22,0,Execute
2024,Summer,LCK,LoL Champions Korea,韩国,一级联赛,LCK 2024 Summer,2024-06-12,BNK FEARX,,Support,Duro,주민규,Joo Min-kyu,South Korea,Korea,2002-02-04,0,Duro
2024,Summer,LCK,LoL Champions Korea,韩国,一级联赛,LCK 2024 Summer,2024-06-12,BNK FEARX,,Coach,Ryu,류상욱,Ryu Sang-wook,South Korea,Korea,1994-01-28,0,Ryu
2024,Summer,LCK,LoL Champions Korea,韩国,一级联赛,LCK 2024 Summer,2024-06-12,BNK FEARX,,Coach,DooTi,최두성,Choi Du-seong,South Korea,Korea,1991-11-03,0,DooTi
2026,Rounds 1-2,LCK,LoL Champions Korea,韩国,一级联赛,LCK 2026 Rounds 1-2,2026-04-01,BNK FEARX,,Top,Clear,송현민,Song Hyeon-min,South Korea,Korea,2002-12-19,0,Clear (Song Hyeon-min)
2026,Rounds 1-2,LCK,LoL Champions Korea,韩国,一级联赛,LCK 2026 Rounds 1-2,2026-04-01,BNK FEARX,,Jungle,Raptor,전어진,Jeon Eo-jin,South Korea,Korea,2004-11-15,0,Raptor (Jeon Eo-jin)
2026,Rounds 1-2,LCK,LoL Champions Korea,韩国,一级联赛,LCK 2026 Rounds 1-2,2026-04-01,BNK FEARX,,Mid,VicLa,이대광,Lee Dae-kwang,South Korea,Korea,2003-11-27,0,VicLa
2026,Rounds 1-2,LCK,LoL Champions Korea,韩国,一级联赛,LCK 2026 Rounds 1-2,2026-04-01,BNK FEARX,,Mid,Daystar,유지명,Yoo Ji-myeong,South Korea,Korea,2003-09-23,0,Daystar
2026,Rounds 1-2,LCK,LoL Champions Korea,韩国,一级联赛,LCK 2026 Rounds 1-2,2026-04-01,BNK FEARX,,Bot,Diable,남대근,Nam Dae-geun,South Korea,Korea,2007-10-17,0,Diable
2026,Rounds 1-2,LCK,LoL Champions Korea,韩国,一级联赛,LCK 2026 Rounds 1-2,2026-04-01,BNK FEARX,,Bot,Slayer,김진영,Kim Jin-young,South Korea,Korea,2003-04-15,0,Slayer (Kim Jin-young)
2026,Rounds 1-2,LCK,LoL Champions Korea,韩国,一级联赛,LCK 2026 Rounds 1-2,2026-04-01,BNK FEARX,,Bot,Taeyoon,김태윤,Kim Tae-yoon,South Korea,Korea,2002-06-02,0,Taeyoon (Kim Tae-yoon)
2026,Rounds 1-2,LCK,LoL Champions Korea,韩国,一级联赛,LCK 2026 Rounds 1-2,2026-04-01,BNK FEARX,,Support,Kellin,김형규,Kim Hyeong-gyu,South Korea,Korea,2001-02-01,0,Kellin
2026,Rounds 1-2,LCK,LoL Champions Korea,韩国,一级联赛,LCK 2026 Rounds 1-2,2026-04-01,BNK FEARX,,Coach,Edo,박준석,Park Jun-seok,South Korea,Korea,1987-10-14,0,Edo (Park Jun-seok)
2026,Rounds 1-2,LCK,LoL Champions Korea,韩国,一级联赛,LCK 2026 Rounds 1-2,2026-04-01,BNK FEARX,,Coach,Lira,남태유,Nam Tae-yoo,South Korea,Korea,1995-01-15,0,Lira
2026,Rounds 1-2,LCK,LoL Champions Korea,韩国,一级联赛,LCK 2026 Rounds 1-2,2026-04-01,BNK FEARX,,Coach,Rather,신형섭,Shin Hyeong-seop,South Korea,Korea,1996-11-26,0,Rather
2026,Cup,LCK,LoL Champions Korea,韩国,一级联赛,LCK Cup 2026,2026-01-14,BNK FEARX,,Top,Clear,송현민,Song Hyeon-min,South Korea,Korea,2002-12-19,0,Clear (Song Hyeon-min)
2026,Cup,LCK,LoL Champions Korea,韩国,一级联赛,LCK Cup 2026,2026-01-14,BNK FEARX,,Jungle,Raptor,전어진,Jeon Eo-jin,South Korea,Korea,2004-11-15,0,Raptor (Jeon Eo-jin)
2026,Cup,LCK,LoL Champions Korea,韩国,一级联赛,LCK Cup 2026,2026-01-14,BNK FEARX,,Mid,VicLa,이대광,Lee Dae-kwang,South Korea,Korea,2003-11-27,0,VicLa
2026,Cup,LCK,LoL Champions Korea,韩国,一级联赛,LCK Cup 2026,2026-01-14,BNK FEARX,,Bot,Diable,남대근,Nam Dae-geun,South Korea,Korea,2007-10-17,0,Diable
2026,Cup,LCK,LoL Champions Korea,韩国,一级联赛,LCK Cup 2026,2026-01-14,BNK FEARX,,Support,Kellin,김형규,Kim Hyeong-gyu,South Korea,Korea,2001-02-01,0,Kellin
2026,Cup,LCK,LoL Champions Korea,韩国,一级联赛,LCK Cup 2026,2026-01-14,BNK FEARX,,Coach,Edo,박준석,Park Jun-seok,South Korea,Korea,1987-10-14,0,Edo (Park Jun-seok)
2026,Cup,LCK,LoL Champions Korea,韩国,一级联赛,LCK Cup 2026,2026-01-14,BNK FEARX,,Coach,Lira,남태유,Nam Tae-yoo,South Korea,Korea,1995-01-15,0,Lira
2026,Cup,LCK,LoL Champions Korea,韩国,一级联赛,LCK Cup 2026,2026-01-14,BNK FEARX,,Coach,Rather,신형섭,Shin Hyeong-seop,South Korea,Korea,1996-11-26,0,Rather
2025,Rounds 3-5,LCK,LoL Champions Korea,韩国,一级联赛,LCK 2025 Season Playoffs,2025-09-10,BNK FEARX,,Top,Clear,송현민,Song Hyeon-min,South Korea,Korea,2002-12-19,0,Clear (Song Hyeon-min)
2025,Rounds 3-5,LCK,LoL Champions Korea,韩国,一级联赛,LCK 2025 Season Playoffs,2025-09-10,BNK FEARX,,Jungle,Raptor,전어진,Jeon Eo-jin,South Korea,Korea,2004-11-15,0,Raptor (Jeon Eo-jin)
2025,Rounds 3-5,LCK,LoL Champions Korea,韩国,一级联赛,LCK 2025 Season Playoffs,2025-09-10,BNK FEARX,,Mid,VicLa,이대광,Lee Dae-kwang,South Korea,Korea,2003-11-27,0,VicLa
2025,Rounds 3-5,LCK,LoL Champions Korea,韩国,一级联赛,LCK 2025 Season Playoffs,2025-09-10,BNK FEARX,,Bot,Diable,남대근,Nam Dae-geun,South Korea,Korea,2007-10-17,0,Diable
2025,Rounds 3-5,LCK,LoL Champions Korea,韩国,一级联赛,LCK 2025 Season Playoffs,2025-09-10,BNK FEARX,,Support,Kellin,김형규,Kim Hyeong-gyu,South Korea,Korea,2001-02-01,0,Kellin
2025,Rounds 3-5,LCK,LoL Champions Korea,韩国,一级联赛,LCK 2025 Season Playoffs,2025-09-10,BNK FEARX,,Coach,Ryu,류상욱,Ryu Sang-wook,South Korea,Korea,1994-01-28,0,Ryu
2025,Rounds 3-5,LCK,LoL Champions Korea,韩国,一级联赛,LCK 2025 Season Playoffs,2025-09-10,BNK FEARX,,Coach,Joker,조재읍,Cho Jae-eup,South Korea,Korea,1991-12-11,0,Joker (Cho Jae-eup)
2025,Cup,LCK,LoL Champions Korea,韩国,一级联赛,LCK Cup 2025,2025-01-15,BNK FEARX,,Top,Clear,송현민,Song Hyeon-min,South Korea,Korea,2002-12-19,0,Clear (Song Hyeon-min)
2025,Cup,LCK,LoL Champions Korea,韩国,一级联赛,LCK Cup 2025,2025-01-15,BNK FEARX,,Jungle,Raptor,전어진,Jeon Eo-jin,South Korea,Korea,2004-11-15,0,Raptor (Jeon Eo-jin)
2025,Cup,LCK,LoL Champions Korea,韩国,一级联赛,LCK Cup 2025,2025-01-15,BNK FEARX,,Mid,VicLa,이대광,Lee Dae-kwang,South Korea,Korea,2003-11-27,0,VicLa
2025,Cup,LCK,LoL Champions Korea,韩国,一级联赛,LCK Cup 2025,2025-01-15,BNK FEARX,,Bot,Diable,남대근,Nam Dae-geun,South Korea,Korea,2007-10-17,0,Diable
2025,Cup,LCK,LoL Champions Korea,韩国,一级联赛,LCK Cup 2025,2025-01-15,BNK FEARX,,Support,Kellin,김형규,Kim Hyeong-gyu,South Korea,Korea,2001-02-01,0,Kellin
2025,Cup,LCK,LoL Champions Korea,韩国,一级联赛,LCK Cup 2025,2025-01-15,BNK FEARX,,Coach,Ryu,류상욱,Ryu Sang-wook,South Korea,Korea,1994-01-28,0,Ryu
2025,Cup,LCK,LoL Champions Korea,韩国,一级联赛,LCK Cup 2025,2025-01-15,BNK FEARX,,Coach,Joker,조재읍,Cho Jae-eup,South Korea,Korea,1991-12-11,0,Joker (Cho Jae-eup)
2025,Rounds 3-5,LCK,LoL Champions Korea,韩国,一级联赛,LCK 2025 Rounds 3-5,2025-07-23,BNK FEARX,,Top,Clear,송현민,Song Hyeon-min,South Korea,Korea,2002-12-19,0,Clear (Song Hyeon-min)
2025,Rounds 3-5,LCK,LoL Champions Korea,韩国,一级联赛,LCK 2025 Rounds 3-5,2025-07-23,BNK FEARX,,Jungle,Raptor,전어진,Jeon Eo-jin,South Korea,Korea,2004-11-15,0,Raptor (Jeon Eo-jin)
2025,Rounds 3-5,LCK,LoL Champions Korea,韩国,一级联赛,LCK 2025 Rounds 3-5,2025-07-23,BNK FEARX,,Mid,VicLa,이대광,Lee Dae-kwang,South Korea,Korea,2003-11-27,0,VicLa
2025,Rounds 3-5,LCK,LoL Champions Korea,韩国,一级联赛,LCK 2025 Rounds 3-5,2025-07-23,BNK FEARX,,Bot,Diable,남대근,Nam Dae-geun,South Korea,Korea,2007-10-17,0,Diable
2025,Rounds 3-5,LCK,LoL Champions Korea,韩国,一级联赛,LCK 2025 Rounds 3-5,2025-07-23,BNK FEARX,,Support,Kellin,김형규,Kim Hyeong-gyu,South Korea,Korea,2001-02-01,0,Kellin
2025,Rounds 3-5,LCK,LoL Champions Korea,韩国,一级联赛,LCK 2025 Rounds 3-5,2025-07-23,BNK FEARX,,Coach,Ryu,류상욱,Ryu Sang-wook,South Korea,Korea,1994-01-28,0,Ryu
2025,Rounds 3-5,LCK,LoL Champions Korea,韩国,一级联赛,LCK 2025 Rounds 3-5,2025-07-23,BNK FEARX,,Coach,Joker,조재읍,Cho Jae-eup,South Korea,Korea,1991-12-11,0,Joker (Cho Jae-eup)
2025,Rounds 3-5,LCK,LoL Champions Korea,韩国,一级联赛,LCK 2025 Season Play-In,2025-09-03,BNK FEARX,,Top,Clear,송현민,Song Hyeon-min,South Korea,Korea,2002-12-19,0,Clear (Song Hyeon-min)
2025,Rounds 3-5,LCK,LoL Champions Korea,韩国,一级联赛,LCK 2025 Season Play-In,2025-09-03,BNK FEARX,,Jungle,Raptor,전어진,Jeon Eo-jin,South Korea,Korea,2004-11-15,0,Raptor (Jeon Eo-jin)
2025,Rounds 3-5,LCK,LoL Champions Korea,韩国,一级联赛,LCK 2025 Season Play-In,2025-09-03,BNK FEARX,,Mid,VicLa,이대광,Lee Dae-kwang,South Korea,Korea,2003-11-27,0,VicLa
2025,Rounds 3-5,LCK,LoL Champions Korea,韩国,一级联赛,LCK 2025 Season Play-In,2025-09-03,BNK FEARX,,Bot,Diable,남대근,Nam Dae-geun,South Korea,Korea,2007-10-17,0,Diable
2025,Rounds 3-5,LCK,LoL Champions Korea,韩国,一级联赛,LCK 2025 Season Play-In,2025-09-03,BNK FEARX,,Support,Kellin,김형규,Kim Hyeong-gyu,South Korea,Korea,2001-02-01,0,Kellin
2025,Rounds 3-5,LCK,LoL Champions Korea,韩国,一级联赛,LCK 2025 Season Play-In,2025-09-03,BNK FEARX,,Coach,Ryu,류상욱,Ryu Sang-wook,South Korea,Korea,1994-01-28,0,Ryu
2025,Rounds 3-5,LCK,LoL Champions Korea,韩国,一级联赛,LCK 2025 Season Play-In,2025-09-03,BNK FEARX,,Coach,Joker,조재읍,Cho Jae-eup,South Korea,Korea,1991-12-11,0,Joker (Cho Jae-eup)
2026,Rounds 3-4,LCK,LoL Champions Korea,韩国,一级联赛,LCK 2026 Rounds 3-4,2026-07-29,BNK FEARX,,Top,Clear,송현민,Song Hyeon-min,South Korea,Korea,2002-12-19,0,Clear (Song Hyeon-min)
2026,Rounds 3-4,LCK,LoL Champions Korea,韩国,一级联赛,LCK 2026 Rounds 3-4,2026-07-29,BNK FEARX,,Jungle,Raptor,전어진,Jeon Eo-jin,South Korea,Korea,2004-11-15,0,Raptor (Jeon Eo-jin)
2026,Rounds 3-4,LCK,LoL Champions Korea,韩国,一级联赛,LCK 2026 Rounds 3-4,2026-07-29,BNK FEARX,,Mid,VicLa,이대광,Lee Dae-kwang,South Korea,Korea,2003-11-27,0,VicLa
2026,Rounds 3-4,LCK,LoL Champions Korea,韩国,一级联赛,LCK 2026 Rounds 3-4,2026-07-29,BNK FEARX,,Bot,Taeyoon,김태윤,Kim Tae-yoon,South Korea,Korea,2002-06-02,0,Taeyoon (Kim Tae-yoon)
2026,Rounds 3-4,LCK,LoL Champions Korea,韩国,一级联赛,LCK 2026 Rounds 3-4,2026-07-29,BNK FEARX,,Support,Kellin,김형규,Kim Hyeong-gyu,South Korea,Korea,2001-02-01,0,Kellin
2026,Rounds 3-4,LCK,LoL Champions Korea,韩国,一级联赛,LCK 2026 Rounds 3-4,2026-07-29,BNK FEARX,,Coach,Edo,박준석,Park Jun-seok,South Korea,Korea,1987-10-14,0,Edo (Park Jun-seok)
2026,Rounds 3-4,LCK,LoL Champions Korea,韩国,一级联赛,LCK 2026 Rounds 3-4,2026-07-29,BNK FEARX,,Coach,Lira,남태유,Nam Tae-yoo,South Korea,Korea,1995-01-15,0,Lira
2026,Rounds 3-4,LCK,LoL Champions Korea,韩国,一级联赛,LCK 2026 Rounds 3-4,2026-07-29,BNK FEARX,,Coach,Rather,신형섭,Shin Hyeong-seop,South Korea,Korea,1996-11-26,0,Rather
2026,Rounds 3-4,LCK,LoL Champions Korea,韩国,一级联赛,LCK 2026 Season Play-In,2026-08-26,BNK FEARX,,Top,Clear,송현민,Song Hyeon-min,South Korea,Korea,2002-12-19,0,Clear (Song Hyeon-min)
2026,Rounds 3-4,LCK,LoL Champions Korea,韩国,一级联赛,LCK 2026 Season Play-In,2026-08-26,BNK FEARX,,Jungle,Raptor,전어진,Jeon Eo-jin,South Korea,Korea,2004-11-15,0,Raptor (Jeon Eo-jin)
2026,Rounds 3-4,LCK,LoL Champions Korea,韩国,一级联赛,LCK 2026 Season Play-In,2026-08-26,BNK FEARX,,Mid,VicLa,이대광,Lee Dae-kwang,South Korea,Korea,2003-11-27,0,VicLa
2026,Rounds 3-4,LCK,LoL Champions Korea,韩国,一级联赛,LCK 2026 Season Play-In,2026-08-26,BNK FEARX,,Bot,Taeyoon,김태윤,Kim Tae-yoon,South Korea,Korea,2002-06-02,0,Taeyoon (Kim Tae-yoon)
2026,Rounds 3-4,LCK,LoL Champions Korea,韩国,一级联赛,LCK 2026 Season Play-In,2026-08-26,BNK FEARX,,Support,Kellin,김형규,Kim Hyeong-gyu,South Korea,Korea,2001-02-01,0,Kellin
2026,Rounds 3-4,LCK,LoL Champions Korea,韩国,一级联赛,LCK 2026 Season Play-In,2026-08-26,BNK FEARX,,Coach,Edo,박준석,Park Jun-seok,South Korea,Korea,1987-10-14,0,Edo (Park Jun-seok)
2026,Rounds 3-4,LCK,LoL Champions Korea,韩国,一级联赛,LCK 2026 Season Play-In,2026-08-26,BNK FEARX,,Coach,Lira,남태유,Nam Tae-yoo,South Korea,Korea,1995-01-15,0,Lira
2026,Rounds 3-4,LCK,LoL Champions Korea,韩国,一级联赛,LCK 2026 Season Play-In,2026-08-26,BNK FEARX,,Coach,Rather,신형섭,Shin Hyeong-seop,South Korea,Korea,1996-11-26,0,Rather
2025,Rounds 1-2,LCK,LoL Champions Korea,韩国,一级联赛,LCK 2025 Rounds 1-2,2025-04-02,BNK FEARX,,Top,Clear,송현민,Song Hyeon-min,South Korea,Korea,2002-12-19,0,Clear (Song Hyeon-min)
2025,Rounds 1-2,LCK,LoL Champions Korea,韩国,一级联赛,LCK 2025 Rounds 1-2,2025-04-02,BNK FEARX,,Top,Soboro,임성민,Lim Seong-min,South Korea,Korea,2004-01-10,0,Soboro
2025,Rounds 1-2,LCK,LoL Champions Korea,韩国,一级联赛,LCK 2025 Rounds 1-2,2025-04-02,BNK FEARX,,Jungle,Raptor,전어진,Jeon Eo-jin,South Korea,Korea,2004-11-15,0,Raptor (Jeon Eo-jin)
2025,Rounds 1-2,LCK,LoL Champions Korea,韩国,一级联赛,LCK 2025 Rounds 1-2,2025-04-02,BNK FEARX,,Mid,VicLa,이대광,Lee Dae-kwang,South Korea,Korea,2003-11-27,0,VicLa
2025,Rounds 1-2,LCK,LoL Champions Korea,韩国,一级联赛,LCK 2025 Rounds 1-2,2025-04-02,BNK FEARX,,Mid,Daystar,유지명,Yoo Ji-myeong,South Korea,Korea,2003-09-23,0,Daystar
2025,Rounds 1-2,LCK,LoL Champions Korea,韩国,一级联赛,LCK 2025 Rounds 1-2,2025-04-02,BNK FEARX,,Bot,Diable,남대근,Nam Dae-geun,South Korea,Korea,2007-10-17,0,Diable
2025,Rounds 1-2,LCK,LoL Champions Korea,韩国,一级联赛,LCK 2025 Rounds 1-2,2025-04-02,BNK FEARX,,Support,Kellin,김형규,Kim Hyeong-gyu,South Korea,Korea,2001-02-01,0,Kellin
2025,Rounds 1-2,LCK,LoL Champions Korea,韩国,一级联赛,LCK 2025 Rounds 1-2,2025-04-02,BNK FEARX,,Coach,Ryu,류상욱,Ryu Sang-wook,South Korea,Korea,1994-01-28,0,Ryu
2025,Rounds 1-2,LCK,LoL Champions Korea,韩国,一级联赛,LCK 2025 Rounds 1-2,2025-04-02,BNK FEARX,,Coach,Joker,조재읍,Cho Jae-eup,South Korea,Korea,1991-12-11,0,Joker (Cho Jae-eup)
2026,Cup,LCK,LoL Champions Korea,韩国,一级联赛,LCK Cup 2026,2026-01-14,BRION,,Top,Casting,신민제,Shin Min-je,South Korea,Korea,2003-10-30,0,Casting
2026,Cup,LCK,LoL Champions Korea,韩国,一级联赛,LCK Cup 2026,2026-01-14,BRION,,Jungle,GIDEON,김민성,Kim Min-seong,South Korea,Korea,2003-08-14,0,GIDEON
2026,Cup,LCK,LoL Champions Korea,韩国,一级联赛,LCK Cup 2026,2026-01-14,BRION,,Mid,Roamer,조우진,Jo Woo-jin,South Korea,Korea,2003-08-03,0,Roamer
2026,Cup,LCK,LoL Champions Korea,韩国,一级联赛,LCK Cup 2026,2026-01-14,BRION,,Bot,Teddy,박진성,Park Jin-seong,South Korea,Korea,1998-03-15,0,Teddy
2026,Cup,LCK,LoL Champions Korea,韩国,一级联赛,LCK Cup 2026,2026-01-14,BRION,,Support,Namgung,남궁성훈,Namgung Seong-hoon,South Korea,Korea,2003-10-04,0,Namgung
2026,Cup,LCK,LoL Champions Korea,韩国,一级联赛,LCK Cup 2026,2026-01-14,BRION,,Coach,Ssong,김상수,Kim Sang-soo,South Korea,Korea,1989-10-15,0,Ssong
2026,Cup,LCK,LoL Champions Korea,韩国,一级联赛,LCK Cup 2026,2026-01-14,BRION,,Coach,Duke,이호성,Lee Ho-seong,South Korea,Korea,1994-12-19,0,Duke (Lee Ho-seong)
2023,Spring,LCK,LoL Champions Korea,韩国,一级联赛,LCK 2023 Spring,2023-01-18,BRION,,Top,Morgan,박루한,Park Ru-han,South Korea,Korea,2001-09-26,0,Morgan
2023,Spring,LCK,LoL Champions Korea,韩国,一级联赛,LCK 2023 Spring,2023-01-18,BRION,,Jungle,UmTi,엄성현,Um Sung-hyeon,South Korea,Korea,1999-06-02,0,UmTi
2023,Spring,LCK,LoL Champions Korea,韩国,一级联赛,LCK 2023 Spring,2023-01-18,BRION,,Mid,Karis,김홍조,Kim Hong-jo,South Korea,Korea,2003-05-21,0,Karis
2023,Spring,LCK,LoL Champions Korea,韩国,一级联赛,LCK 2023 Spring,2023-01-18,BRION,,Bot,Hena,박증환,Park Jeung-hwan,South Korea,Korea,1999-10-08,0,Hena
2023,Spring,LCK,LoL Champions Korea,韩国,一级联赛,LCK 2023 Spring,2023-01-18,BRION,,Support,Effort,이상호,Lee Sang-ho,South Korea,Korea,2000-11-23,0,Effort
2023,Spring,LCK,LoL Champions Korea,韩国,一级联赛,LCK 2023 Spring,2023-01-18,BRION,,Coach,Edgar,최우범,Choi Woo-beom,South Korea,Korea,1984-01-03,0,Edgar
2023,Spring,LCK,LoL Champions Korea,韩国,一级联赛,LCK 2023 Spring,2023-01-18,BRION,,Coach,Drinker,이승후,Lee Seung-hoo,South Korea,Korea,1989-05-20,0,Drinker
2025,Rounds 3-5,LCK,LoL Champions Korea,韩国,一级联赛,LCK 2025 Rounds 3-5,2025-07-23,DN Freecs,,Top,DuDu,이동주,Lee Dong-ju,South Korea,Korea,2001-03-08,0,DuDu (Lee Dong-ju)
2025,Rounds 3-5,LCK,LoL Champions Korea,韩国,一级联赛,LCK 2025 Rounds 3-5,2025-07-23,DN Freecs,,Jungle,Pyosik,홍창현,Hong Chang-hyeon,South Korea,Korea,2000-03-12,0,Pyosik
2025,Rounds 3-5,LCK,LoL Champions Korea,韩国,一级联赛,LCK 2025 Rounds 3-5,2025-07-23,DN Freecs,,Mid,BuLLDoG,이태영,Lee Tae-young,South Korea,Korea,2005-04-15,0,BuLLDoG (Lee Tae-young)
2025,Rounds 3-5,LCK,LoL Champions Korea,韩国,一级联赛,LCK 2025 Rounds 3-5,2025-07-23,DN Freecs,,Bot,Berserker,김민철,Kim Min-cheol,South Korea,North America,2003-05-25,0,Berserker (Kim Min-cheol)
2025,Rounds 3-5,LCK,LoL Champions Korea,韩国,一级联赛,LCK 2025 Rounds 3-5,2025-07-23,DN Freecs,,Support,Life,김정민,Kim Jeong-min,South Korea,Korea,2000-07-07,0,Life
2025,Rounds 3-5,LCK,LoL Champions Korea,韩国,一级联赛,LCK 2025 Rounds 3-5,2025-07-23,DN Freecs,,Support,Quantum,손정환,Son Jeong-hwan,South Korea,Korea,2004-08-20,0,Quantum (Son Jeong-hwan)
2025,Rounds 3-5,LCK,LoL Champions Korea,韩国,一级联赛,LCK 2025 Rounds 3-5,2025-07-23,DN Freecs,,Coach,oDin,주영달,Ju Yeong-dal,South Korea,Korea,1987-07-15,0,oDin (Ju Yeong-dal)
2025,Rounds 3-5,LCK,LoL Champions Korea,韩国,一级联赛,LCK 2025 Rounds 3-5,2025-07-23,DN Freecs,,Coach,RapidStar,정민성,Jung Min-sung,South Korea,Korea,1993-05-05,0,RapidStar
2025,Rounds 3-5,LCK,LoL Champions Korea,韩国,一级联赛,LCK 2025 Rounds 3-5,2025-07-23,DN Freecs,,Coach,Minit,양현민,Yang Hyeon-min,South Korea,Korea,1998-02-03,0,Minit
2025,Rounds 3-5,LCK,LoL Champions Korea,韩国,一级联赛,LCK 2025 Rounds 3-5,2025-07-23,DN Freecs,,Coach,Cube,김창성,Kim Chang-seong,South Korea,Korea,1996-08-16,0,Cube (Kim Chang-seong)
2025,Cup,LCK,LoL Champions Korea,韩国,一级联赛,LCK Cup 2025,2025-01-15,DN Freecs,,Top,DuDu,이동주,Lee Dong-ju,South Korea,Korea,2001-03-08,0,DuDu (Lee Dong-ju)
2025,Cup,LCK,LoL Champions Korea,韩国,一级联赛,LCK Cup 2025,2025-01-15,DN Freecs,,Jungle,Pyosik,홍창현,Hong Chang-hyeon,South Korea,Korea,2000-03-12,0,Pyosik
2025,Cup,LCK,LoL Champions Korea,韩国,一级联赛,LCK Cup 2025,2025-01-15,DN Freecs,,Mid,BuLLDoG,이태영,Lee Tae-young,South Korea,Korea,2005-04-15,0,BuLLDoG (Lee Tae-young)
2025,Cup,LCK,LoL Champions Korea,韩国,一级联赛,LCK Cup 2025,2025-01-15,DN Freecs,,Mid,Pungyeon,이종혁,Lee Jong-hyuk,South Korea,Korea,2004-06-22,0,Pungyeon
2025,Cup,LCK,LoL Champions Korea,韩国,一级联赛,LCK Cup 2025,2025-01-15,DN Freecs,,Bot,Berserker,김민철,Kim Min-cheol,South Korea,North America,2003-05-25,0,Berserker (Kim Min-cheol)
2025,Cup,LCK,LoL Champions Korea,韩国,一级联赛,LCK Cup 2025,2025-01-15,DN Freecs,,Support,Life,김정민,Kim Jeong-min,South Korea,Korea,2000-07-07,0,Life
2025,Cup,LCK,LoL Champions Korea,韩国,一级联赛,LCK Cup 2025,2025-01-15,DN Freecs,,Coach,RapidStar,정민성,Jung Min-sung,South Korea,Korea,1993-05-05,0,RapidStar
2025,Cup,LCK,LoL Champions Korea,韩国,一级联赛,LCK Cup 2025,2025-01-15,DN Freecs,,Coach,FanTaSy,정명훈,Jeong Myeong-hoon,South Korea,Korea,1991-07-01,0,FanTaSy (Jeong Myeong-hoon)
2025,Cup,LCK,LoL Champions Korea,韩国,一级联赛,LCK Cup 2025,2025-01-15,DN Freecs,,Coach,Punch,손민혁,Son Min-hyuk,South Korea,Korea,1998-06-06,0,Punch
2025,Rounds 1-2,LCK,LoL Champions Korea,韩国,一级联赛,LCK 2025 Rounds 1-2,2025-04-02,DN Freecs,,Top,DuDu,이동주,Lee Dong-ju,South Korea,Korea,2001-03-08,0,DuDu (Lee Dong-ju)
2025,Rounds 1-2,LCK,LoL Champions Korea,韩国,一级联赛,LCK 2025 Rounds 1-2,2025-04-02,DN Freecs,,Jungle,Pyosik,홍창현,Hong Chang-hyeon,South Korea,Korea,2000-03-12,0,Pyosik
2025,Rounds 1-2,LCK,LoL Champions Korea,韩国,一级联赛,LCK 2025 Rounds 1-2,2025-04-02,DN Freecs,,Jungle,DDoiV,방문영,Bang Moon-yeong,South Korea,Korea,2003-10-21,0,DDoiV
2025,Rounds 1-2,LCK,LoL Champions Korea,韩国,一级联赛,LCK 2025 Rounds 1-2,2025-04-02,DN Freecs,,Mid,BuLLDoG,이태영,Lee Tae-young,South Korea,Korea,2005-04-15,0,BuLLDoG (Lee Tae-young)
2025,Rounds 1-2,LCK,LoL Champions Korea,韩国,一级联赛,LCK 2025 Rounds 1-2,2025-04-02,DN Freecs,,Mid,Pungyeon,이종혁,Lee Jong-hyuk,South Korea,Korea,2004-06-22,0,Pungyeon
2025,Rounds 1-2,LCK,LoL Champions Korea,韩国,一级联赛,LCK 2025 Rounds 1-2,2025-04-02,DN Freecs,,Bot,Berserker,김민철,Kim Min-cheol,South Korea,North America,2003-05-25,0,Berserker (Kim Min-cheol)
2025,Rounds 1-2,LCK,LoL Champions Korea,韩国,一级联赛,LCK 2025 Rounds 1-2,2025-04-02,DN Freecs,,Support,Life,김정민,Kim Jeong-min,South Korea,Korea,2000-07-07,0,Life
2025,Rounds 1-2,LCK,LoL Champions Korea,韩国,一级联赛,LCK 2025 Rounds 1-2,2025-04-02,DN Freecs,,Coach,RapidStar,정민성,Jung Min-sung,South Korea,Korea,1993-05-05,0,RapidStar
2025,Rounds 1-2,LCK,LoL Champions Korea,韩国,一级联赛,LCK 2025 Rounds 1-2,2025-04-02,DN Freecs,,Coach,FanTaSy,정명훈,Jeong Myeong-hoon,South Korea,Korea,1991-07-01,0,FanTaSy (Jeong Myeong-hoon)
2025,Rounds 1-2,LCK,LoL Champions Korea,韩国,一级联赛,LCK 2025 Rounds 1-2,2025-04-02,DN Freecs,,Coach,Punch,손민혁,Son Min-hyuk,South Korea,Korea,1998-06-06,0,Punch
2025,Rounds 1-2,LCK,LoL Champions Korea,韩国,一级联赛,LCK 2025 Rounds 1-2,2025-04-02,DN Freecs,,Coach,Minit,양현민,Yang Hyeon-min,South Korea,Korea,1998-02-03,0,Minit
2025,Rounds 1-2,LCK,LoL Champions Korea,韩国,一级联赛,LCK 2025 Rounds 1-2,2025-04-02,DN Freecs,,Coach,Cube,김창성,Kim Chang-seong,South Korea,Korea,1996-08-16,0,Cube (Kim Chang-seong)
2026,Cup,LCK,LoL Champions Korea,韩国,一级联赛,LCK Cup 2026,2026-01-14,DN SOOPers,,Top,DuDu,이동주,Lee Dong-ju,South Korea,Korea,2001-03-08,0,DuDu (Lee Dong-ju)
2026,Cup,LCK,LoL Champions Korea,韩国,一级联赛,LCK Cup 2026,2026-01-14,DN SOOPers,,Jungle,Pyosik,홍창현,Hong Chang-hyeon,South Korea,Korea,2000-03-12,0,Pyosik
2026,Cup,LCK,LoL Champions Korea,韩国,一级联赛,LCK Cup 2026,2026-01-14,DN SOOPers,,Mid,Clozer,이주현,Lee Ju-hyeon,South Korea,Korea,2003-07-27,0,Clozer
2026,Cup,LCK,LoL Champions Korea,韩国,一级联赛,LCK Cup 2026,2026-01-14,DN SOOPers,,Bot,deokdam,서대길,Seo Dae-gil,South Korea,Korea,2000-02-25,0,deokdam
2026,Cup,LCK,LoL Champions Korea,韩国,一级联赛,LCK Cup 2026,2026-01-14,DN SOOPers,,Support,Life,김정민,Kim Jeong-min,South Korea,Korea,2000-07-07,0,Life
2026,Cup,LCK,LoL Champions Korea,韩国,一级联赛,LCK Cup 2026,2026-01-14,DN SOOPers,,Support,Peter,정윤수,Jeong Yoon-su,South Korea,Korea,2003-04-28,0,Peter (Jeong Yoon-su)
2026,Cup,LCK,LoL Champions Korea,韩国,一级联赛,LCK Cup 2026,2026-01-14,DN SOOPers,,Coach,oDin,주영달,Ju Yeong-dal,South Korea,Korea,1987-07-15,0,oDin (Ju Yeong-dal)
2026,Cup,LCK,LoL Champions Korea,韩国,一级联赛,LCK Cup 2026,2026-01-14,DN SOOPers,,Coach,Ggoong,유병준,Yu Byeong-jun,South Korea,Korea,1993-06-26,0,Ggoong
2026,Cup,LCK,LoL Champions Korea,韩国,一级联赛,LCK Cup 2026,2026-01-14,DN SOOPers,,Coach,Minit,양현민,Yang Hyeon-min,South Korea,Korea,1998-02-03,0,Minit
2026,Rounds 1-2,LCK,LoL Champions Korea,韩国,一级联赛,LCK 2026 Rounds 1-2,2026-04-01,DN SOOPers,,Top,DuDu,이동주,Lee Dong-ju,South Korea,Korea,2001-03-08,0,DuDu (Lee Dong-ju)
2026,Rounds 1-2,LCK,LoL Champions Korea,韩国,一级联赛,LCK 2026 Rounds 1-2,2026-04-01,DN SOOPers,,Jungle,Pyosik,홍창현,Hong Chang-hyeon,South Korea,Korea,2000-03-12,0,Pyosik
2026,Rounds 1-2,LCK,LoL Champions Korea,韩国,一级联赛,LCK 2026 Rounds 1-2,2026-04-01,DN SOOPers,,Jungle,DDoiV,방문영,Bang Moon-yeong,South Korea,Korea,2003-10-21,0,DDoiV
2026,Rounds 1-2,LCK,LoL Champions Korea,韩国,一级联赛,LCK 2026 Rounds 1-2,2026-04-01,DN SOOPers,,Mid,Clozer,이주현,Lee Ju-hyeon,South Korea,Korea,2003-07-27,0,Clozer
2026,Rounds 1-2,LCK,LoL Champions Korea,韩国,一级联赛,LCK 2026 Rounds 1-2,2026-04-01,DN SOOPers,,Bot,deokdam,서대길,Seo Dae-gil,South Korea,Korea,2000-02-25,0,deokdam
2026,Rounds 1-2,LCK,LoL Champions Korea,韩国,一级联赛,LCK 2026 Rounds 1-2,2026-04-01,DN SOOPers,,Bot,Enosh,곽규준,Kwak Kyu-jun,South Korea,Korea,2004-10-01,0,Enosh
2026,Rounds 1-2,LCK,LoL Champions Korea,韩国,一级联赛,LCK 2026 Rounds 1-2,2026-04-01,DN SOOPers,,Support,Peter,정윤수,Jeong Yoon-su,South Korea,Korea,2003-04-28,0,Peter (Jeong Yoon-su)
2026,Rounds 1-2,LCK,LoL Champions Korea,韩国,一级联赛,LCK 2026 Rounds 1-2,2026-04-01,DN SOOPers,,Support,Life,김정민,Kim Jeong-min,South Korea,Korea,2000-07-07,0,Life
2026,Rounds 1-2,LCK,LoL Champions Korea,韩国,一级联赛,LCK 2026 Rounds 1-2,2026-04-01,DN SOOPers,,Support,Quantum,손정환,Son Jeong-hwan,South Korea,Korea,2004-08-20,0,Quantum (Son Jeong-hwan)
2026,Rounds 1-2,LCK,LoL Champions Korea,韩国,一级联赛,LCK 2026 Rounds 1-2,2026-04-01,DN SOOPers,,Coach,oDin,주영달,Ju Yeong-dal,South Korea,Korea,1987-07-15,0,oDin (Ju Yeong-dal)
2026,Rounds 1-2,LCK,LoL Champions Korea,韩国,一级联赛,LCK 2026 Rounds 1-2,2026-04-01,DN SOOPers,,Coach,Ggoong,유병준,Yu Byeong-jun,South Korea,Korea,1993-06-26,0,Ggoong
2026,Rounds 1-2,LCK,LoL Champions Korea,韩国,一级联赛,LCK 2026 Rounds 1-2,2026-04-01,DN SOOPers,,Coach,Minit,양현민,Yang Hyeon-min,South Korea,Korea,1998-02-03,0,Minit
2026,Rounds 3-4,LCK,LoL Champions Korea,韩国,一级联赛,LCK 2026 Rounds 3-4,2026-07-29,DN SOOPers,,Top,DuDu,이동주,Lee Dong-ju,South Korea,Korea,2001-03-08,0,DuDu (Lee Dong-ju)
2026,Rounds 3-4,LCK,LoL Champions Korea,韩国,一级联赛,LCK 2026 Rounds 3-4,2026-07-29,DN SOOPers,,Jungle,Sharvel,김단우,Kim Dan-woo,South Korea,Korea,2007-08-26,0,Sharvel
2026,Rounds 3-4,LCK,LoL Champions Korea,韩国,一级联赛,LCK 2026 Rounds 3-4,2026-07-29,DN SOOPers,,Mid,Clozer,이주현,Lee Ju-hyeon,South Korea,Korea,2003-07-27,0,Clozer
2026,Rounds 3-4,LCK,LoL Champions Korea,韩国,一级联赛,LCK 2026 Rounds 3-4,2026-07-29,DN SOOPers,,Bot,deokdam,서대길,Seo Dae-gil,South Korea,Korea,2000-02-25,0,deokdam
2026,Rounds 3-4,LCK,LoL Champions Korea,韩国,一级联赛,LCK 2026 Rounds 3-4,2026-07-29,DN SOOPers,,Support,Peter,정윤수,Jeong Yoon-su,South Korea,Korea,2003-04-28,0,Peter (Jeong Yoon-su)
2026,Rounds 3-4,LCK,LoL Champions Korea,韩国,一级联赛,LCK 2026 Rounds 3-4,2026-07-29,DN SOOPers,,Coach,Ggoong,유병준,Yu Byeong-jun,South Korea,Korea,1993-06-26,0,Ggoong
2026,Rounds 3-4,LCK,LoL Champions Korea,韩国,一级联赛,LCK 2026 Rounds 3-4,2026-07-29,DN SOOPers,,Coach,Minit,양현민,Yang Hyeon-min,South Korea,Korea,1998-02-03,0,Minit
2023,Summer,LCK,LoL Champions Korea,韩国,一级联赛,LCK 2023 Summer Playoffs,2023-08-08,Dplus Kia,,Top,Canna,김창동,Kim Chang-dong,South Korea,Korea,2000-02-11,0,Canna
2023,Summer,LCK,LoL Champions Korea,韩国,一级联赛,LCK 2023 Summer Playoffs,2023-08-08,Dplus Kia,,Jungle,Canyon,김건부,Kim Geon-bu,South Korea,Korea,2001-06-18,0,Canyon
2023,Summer,LCK,LoL Champions Korea,韩国,一级联赛,LCK 2023 Summer Playoffs,2023-08-08,Dplus Kia,,Mid,ShowMaker,허수,Heo Su,South Korea,Korea,2000-07-22,0,ShowMaker
2023,Summer,LCK,LoL Champions Korea,韩国,一级联赛,LCK 2023 Summer Playoffs,2023-08-08,Dplus Kia,,Bot,Deft,김혁규,Kim Hyuk-kyu,South Korea,Korea,1996-10-23,0,Deft
2023,Summer,LCK,LoL Champions Korea,韩国,一级联赛,LCK 2023 Summer Playoffs,2023-08-08,Dplus Kia,,Support,Kellin,김형규,Kim Hyeong-gyu,South Korea,Korea,2001-02-01,0,Kellin
2023,Summer,LCK,LoL Champions Korea,韩国,一级联赛,LCK 2023 Summer Playoffs,2023-08-08,Dplus Kia,,Coach,Acorn,최천주,Choi Cheon-ju,South Korea,Korea,1990-07-13,0,Acorn
2023,Summer,LCK,LoL Champions Korea,韩国,一级联赛,LCK 2023 Summer Playoffs,2023-08-08,Dplus Kia,,Coach,GorillA,강범현,Kang Beom-hyun,South Korea,Korea,1994-11-18,0,GorillA
2023,Spring,LCK,LoL Champions Korea,韩国,一级联赛,LCK 2023 Spring,2023-01-18,Dplus Kia,,Top,Canna,김창동,Kim Chang-dong,South Korea,Korea,2000-02-11,0,Canna
2023,Spring,LCK,LoL Champions Korea,韩国,一级联赛,LCK 2023 Spring,2023-01-18,Dplus Kia,,Jungle,Canyon,김건부,Kim Geon-bu,South Korea,Korea,2001-06-18,0,Canyon
2023,Spring,LCK,LoL Champions Korea,韩国,一级联赛,LCK 2023 Spring,2023-01-18,Dplus Kia,,Mid,ShowMaker,허수,Heo Su,South Korea,Korea,2000-07-22,0,ShowMaker
2023,Spring,LCK,LoL Champions Korea,韩国,一级联赛,LCK 2023 Spring,2023-01-18,Dplus Kia,,Bot,Deft,김혁규,Kim Hyuk-kyu,South Korea,Korea,1996-10-23,0,Deft
2023,Spring,LCK,LoL Champions Korea,韩国,一级联赛,LCK 2023 Spring,2023-01-18,Dplus Kia,,Support,Kellin,김형규,Kim Hyeong-gyu,South Korea,Korea,2001-02-01,0,Kellin
2023,Spring,LCK,LoL Champions Korea,韩国,一级联赛,LCK 2023 Spring,2023-01-18,Dplus Kia,,Coach,Acorn,최천주,Choi Cheon-ju,South Korea,Korea,1990-07-13,0,Acorn
2023,Spring,LCK,LoL Champions Korea,韩国,一级联赛,LCK 2023 Spring,2023-01-18,Dplus Kia,,Coach,GorillA,강범현,Kang Beom-hyun,South Korea,Korea,1994-11-18,0,GorillA
2023,Spring,LCK,LoL Champions Korea,韩国,一级联赛,LCK 2023 Spring Playoffs,2023-03-22,Dplus Kia,,Top,Canna,김창동,Kim Chang-dong,South Korea,Korea,2000-02-11,0,Canna
2023,Spring,LCK,LoL Champions Korea,韩国,一级联赛,LCK 2023 Spring Playoffs,2023-03-22,Dplus Kia,,Jungle,Canyon,김건부,Kim Geon-bu,South Korea,Korea,2001-06-18,0,Canyon
2023,Spring,LCK,LoL Champions Korea,韩国,一级联赛,LCK 2023 Spring Playoffs,2023-03-22,Dplus Kia,,Mid,ShowMaker,허수,Heo Su,South Korea,Korea,2000-07-22,0,ShowMaker
2023,Spring,LCK,LoL Champions Korea,韩国,一级联赛,LCK 2023 Spring Playoffs,2023-03-22,Dplus Kia,,Bot,Deft,김혁규,Kim Hyuk-kyu,South Korea,Korea,1996-10-23,0,Deft
2023,Spring,LCK,LoL Champions Korea,韩国,一级联赛,LCK 2023 Spring Playoffs,2023-03-22,Dplus Kia,,Support,Kellin,김형규,Kim Hyeong-gyu,South Korea,Korea,2001-02-01,0,Kellin
2023,Spring,LCK,LoL Champions Korea,韩国,一级联赛,LCK 2023 Spring Playoffs,2023-03-22,Dplus Kia,,Coach,Acorn,최천주,Choi Cheon-ju,South Korea,Korea,1990-07-13,0,Acorn
2023,Spring,LCK,LoL Champions Korea,韩国,一级联赛,LCK 2023 Spring Playoffs,2023-03-22,Dplus Kia,,Coach,GorillA,강범현,Kang Beom-hyun,South Korea,Korea,1994-11-18,0,GorillA
2023,Summer,LCK,LoL Champions Korea,韩国,一级联赛,LCK 2023 Summer,2023-06-07,Dplus Kia,,Top,Canna,김창동,Kim Chang-dong,South Korea,Korea,2000-02-11,0,Canna
2023,Summer,LCK,LoL Champions Korea,韩国,一级联赛,LCK 2023 Summer,2023-06-07,Dplus Kia,,Jungle,Canyon,김건부,Kim Geon-bu,South Korea,Korea,2001-06-18,0,Canyon
2023,Summer,LCK,LoL Champions Korea,韩国,一级联赛,LCK 2023 Summer,2023-06-07,Dplus Kia,,Mid,ShowMaker,허수,Heo Su,South Korea,Korea,2000-07-22,0,ShowMaker
2023,Summer,LCK,LoL Champions Korea,韩国,一级联赛,LCK 2023 Summer,2023-06-07,Dplus Kia,,Bot,Deft,김혁규,Kim Hyuk-kyu,South Korea,Korea,1996-10-23,0,Deft
2023,Summer,LCK,LoL Champions Korea,韩国,一级联赛,LCK 2023 Summer,2023-06-07,Dplus Kia,,Bot,Rahel,조민성,Cho Min-seong,South Korea,Korea,2004-02-13,0,Rahel
2023,Summer,LCK,LoL Champions Korea,韩国,一级联赛,LCK 2023 Summer,2023-06-07,Dplus Kia,,Support,Kellin,김형규,Kim Hyeong-gyu,South Korea,Korea,2001-02-01,0,Kellin
2023,Summer,LCK,LoL Champions Korea,韩国,一级联赛,LCK 2023 Summer,2023-06-07,Dplus Kia,,Support,Bible,윤설,Yoon Seol,South Korea,Korea,1999-11-24,0,Bible
2023,Summer,LCK,LoL Champions Korea,韩国,一级联赛,LCK 2023 Summer,2023-06-07,Dplus Kia,,Coach,Acorn,최천주,Choi Cheon-ju,South Korea,Korea,1990-07-13,0,Acorn
2023,Summer,LCK,LoL Champions Korea,韩国,一级联赛,LCK 2023 Summer,2023-06-07,Dplus Kia,,Coach,GorillA,강범현,Kang Beom-hyun,South Korea,Korea,1994-11-18,0,GorillA
2023,Summer,LCK,LoL Champions Korea,韩国,一级联赛,LCK 2023 Summer,2023-06-07,Dplus Kia,,Coach,Bubbling,박준형,Park Jun-hyeong,South Korea,Korea,1993-04-13,0,Bubbling
2024,Spring,LCK,LoL Champions Korea,韩国,一级联赛,LCK 2024 Spring Playoffs,2024-03-30,Dplus Kia,,Top,Kingen,황성훈,Hwang Seong-hoon,South Korea,Korea,2000-03-11,0,Kingen
2024,Spring,LCK,LoL Champions Korea,韩国,一级联赛,LCK 2024 Spring Playoffs,2024-03-30,Dplus Kia,,Jungle,Lucid,최용혁,Choi Yong-hyeok,South Korea,Korea,2005-01-28,0,Lucid (Choi Yong-hyeok)
2024,Spring,LCK,LoL Champions Korea,韩国,一级联赛,LCK 2024 Spring Playoffs,2024-03-30,Dplus Kia,,Mid,ShowMaker,허수,Heo Su,South Korea,Korea,2000-07-22,0,ShowMaker
2024,Spring,LCK,LoL Champions Korea,韩国,一级联赛,LCK 2024 Spring Playoffs,2024-03-30,Dplus Kia,,Bot,Aiming,김하람,Kim Ha-ram,South Korea,Korea,2000-07-20,0,Aiming
2024,Spring,LCK,LoL Champions Korea,韩国,一级联赛,LCK 2024 Spring Playoffs,2024-03-30,Dplus Kia,,Support,Kellin,김형규,Kim Hyeong-gyu,South Korea,Korea,2001-02-01,0,Kellin
2024,Spring,LCK,LoL Champions Korea,韩国,一级联赛,LCK 2024 Spring Playoffs,2024-03-30,Dplus Kia,,Coach,Zefa,이재민,Lee Jae-min,South Korea,Korea,1988-02-04,0,Zefa
2024,Spring,LCK,LoL Champions Korea,韩国,一级联赛,LCK 2024 Spring Playoffs,2024-03-30,Dplus Kia,,Coach,Bubbling,박준형,Park Jun-hyeong,South Korea,Korea,1993-04-13,0,Bubbling
2024,Spring,LCK,LoL Champions Korea,韩国,一级联赛,LCK 2024 Spring Playoffs,2024-03-30,Dplus Kia,,Coach,Ssong,김상수,Kim Sang-soo,South Korea,Korea,1989-10-15,0,Ssong
2024,Summer,LCK,LoL Champions Korea,韩国,一级联赛,LCK 2024 Summer Playoffs,2024-08-23,Dplus Kia,,Top,Kingen,황성훈,Hwang Seong-hoon,South Korea,Korea,2000-03-11,0,Kingen
2024,Summer,LCK,LoL Champions Korea,韩国,一级联赛,LCK 2024 Summer Playoffs,2024-08-23,Dplus Kia,,Jungle,Lucid,최용혁,Choi Yong-hyeok,South Korea,Korea,2005-01-28,0,Lucid (Choi Yong-hyeok)
2024,Summer,LCK,LoL Champions Korea,韩国,一级联赛,LCK 2024 Summer Playoffs,2024-08-23,Dplus Kia,,Mid,ShowMaker,허수,Heo Su,South Korea,Korea,2000-07-22,0,ShowMaker
2024,Summer,LCK,LoL Champions Korea,韩国,一级联赛,LCK 2024 Summer Playoffs,2024-08-23,Dplus Kia,,Bot,Aiming,김하람,Kim Ha-ram,South Korea,Korea,2000-07-20,0,Aiming
2024,Summer,LCK,LoL Champions Korea,韩国,一级联赛,LCK 2024 Summer Playoffs,2024-08-23,Dplus Kia,,Support,Moham,정재훈,Jeong Jae-hun,South Korea,Korea,2002-08-08,0,Moham
2024,Summer,LCK,LoL Champions Korea,韩国,一级联赛,LCK 2024 Summer Playoffs,2024-08-23,Dplus Kia,,Coach,Zefa,이재민,Lee Jae-min,South Korea,Korea,1988-02-04,0,Zefa
2024,Summer,LCK,LoL Champions Korea,韩国,一级联赛,LCK 2024 Summer Playoffs,2024-08-23,Dplus Kia,,Coach,Bubbling,박준형,Park Jun-hyeong,South Korea,Korea,1993-04-13,0,Bubbling
2024,Summer,LCK,LoL Champions Korea,韩国,一级联赛,LCK 2024 Summer Playoffs,2024-08-23,Dplus Kia,,Coach,Ssong,김상수,Kim Sang-soo,South Korea,Korea,1989-10-15,0,Ssong
2026,Rounds 1-2,LCK,LoL Champions Korea,韩国,一级联赛,LCK 2026 Rounds 1-2,2026-04-01,Dplus Kia,,Top,Siwoo,전시우,Jeon Si-woo,South Korea,Korea,2007-11-24,0,Siwoo
2026,Rounds 1-2,LCK,LoL Champions Korea,韩国,一级联赛,LCK 2026 Rounds 1-2,2026-04-01,Dplus Kia,,Jungle,Lucid,최용혁,Choi Yong-hyeok,South Korea,Korea,2005-01-28,0,Lucid (Choi Yong-hyeok)
2026,Rounds 1-2,LCK,LoL Champions Korea,韩国,一级联赛,LCK 2026 Rounds 1-2,2026-04-01,Dplus Kia,,Jungle,Sharvel,김단우,Kim Dan-woo,South Korea,Korea,2007-08-26,0,Sharvel
2026,Rounds 1-2,LCK,LoL Champions Korea,韩国,一级联赛,LCK 2026 Rounds 1-2,2026-04-01,Dplus Kia,,Mid,ShowMaker,허수,Heo Su,South Korea,Korea,2000-07-22,0,ShowMaker
2026,Rounds 1-2,LCK,LoL Champions Korea,韩国,一级联赛,LCK 2026 Rounds 1-2,2026-04-01,Dplus Kia,,Bot,Smash,신금재,Shin Geum-jae,South Korea,Korea,2006-07-20,0,Smash (Shin Geum-jae)
2026,Rounds 1-2,LCK,LoL Champions Korea,韩国,一级联赛,LCK 2026 Rounds 1-2,2026-04-01,Dplus Kia,,Support,Career,오형석,Oh Hyeong-seok,South Korea,Korea,2004-08-29,0,Career
2026,Rounds 1-2,LCK,LoL Champions Korea,韩国,一级联赛,LCK 2026 Rounds 1-2,2026-04-01,Dplus Kia,,Coach,cvMax,김대호,Kim Dae-ho,South Korea,Korea,1990-07-07,0,cvMax
2026,Rounds 1-2,LCK,LoL Champions Korea,韩国,一级联赛,LCK 2026 Rounds 1-2,2026-04-01,Dplus Kia,,Coach,PoohManDu,이정현,Lee Jeong-hyeon,South Korea,Korea,1991-01-29,0,PoohManDu
2026,Rounds 1-2,LCK,LoL Champions Korea,韩国,一级联赛,LCK 2026 Rounds 1-2,2026-04-01,Dplus Kia,,Coach,Hachani,하승찬,Ha Seung-chan,South Korea,Korea,1994-12-24,0,Hachani
2025,Cup,LCK,LoL Champions Korea,韩国,一级联赛,LCK Cup 2025,2025-01-15,Dplus Kia,,Top,Siwoo,전시우,Jeon Si-woo,South Korea,Korea,2007-11-24,0,Siwoo
2025,Cup,LCK,LoL Champions Korea,韩国,一级联赛,LCK Cup 2025,2025-01-15,Dplus Kia,,Jungle,Lucid,최용혁,Choi Yong-hyeok,South Korea,Korea,2005-01-28,0,Lucid (Choi Yong-hyeok)
2025,Cup,LCK,LoL Champions Korea,韩国,一级联赛,LCK Cup 2025,2025-01-15,Dplus Kia,,Mid,ShowMaker,허수,Heo Su,South Korea,Korea,2000-07-22,0,ShowMaker
2025,Cup,LCK,LoL Champions Korea,韩国,一级联赛,LCK Cup 2025,2025-01-15,Dplus Kia,,Bot,Aiming,김하람,Kim Ha-ram,South Korea,Korea,2000-07-20,0,Aiming
2025,Cup,LCK,LoL Champions Korea,韩国,一级联赛,LCK Cup 2025,2025-01-15,Dplus Kia,,Support,BeryL,조건희,Cho Geon-hee,South Korea,Korea,1997-04-01,0,BeryL
2025,Cup,LCK,LoL Champions Korea,韩国,一级联赛,LCK Cup 2025,2025-01-15,Dplus Kia,,Coach,Bengi,배성웅,Bae Seong-woong,South Korea,Korea,1993-11-21,0,Bengi
2025,Cup,LCK,LoL Champions Korea,韩国,一级联赛,LCK Cup 2025,2025-01-15,Dplus Kia,,Coach,Hachani,하승찬,Ha Seung-chan,South Korea,Korea,1994-12-24,0,Hachani
2025,Cup,LCK,LoL Champions Korea,韩国,一级联赛,LCK Cup 2025,2025-01-15,Dplus Kia,,Coach,PoohManDu,이정현,Lee Jeong-hyeon,South Korea,Korea,1991-01-29,0,PoohManDu
2025,Rounds 1-2,LCK,LoL Champions Korea,韩国,一级联赛,LCK 2025 Road to MSI,2025-06-07,Dplus Kia,,Top,Siwoo,전시우,Jeon Si-woo,South Korea,Korea,2007-11-24,0,Siwoo
2025,Rounds 1-2,LCK,LoL Champions Korea,韩国,一级联赛,LCK 2025 Road to MSI,2025-06-07,Dplus Kia,,Jungle,Lucid,최용혁,Choi Yong-hyeok,South Korea,Korea,2005-01-28,0,Lucid (Choi Yong-hyeok)
2025,Rounds 1-2,LCK,LoL Champions Korea,韩国,一级联赛,LCK 2025 Road to MSI,2025-06-07,Dplus Kia,,Mid,ShowMaker,허수,Heo Su,South Korea,Korea,2000-07-22,0,ShowMaker
2025,Rounds 1-2,LCK,LoL Champions Korea,韩国,一级联赛,LCK 2025 Road to MSI,2025-06-07,Dplus Kia,,Bot,Aiming,김하람,Kim Ha-ram,South Korea,Korea,2000-07-20,0,Aiming
2025,Rounds 1-2,LCK,LoL Champions Korea,韩国,一级联赛,LCK 2025 Road to MSI,2025-06-07,Dplus Kia,,Support,BeryL,조건희,Cho Geon-hee,South Korea,Korea,1997-04-01,0,BeryL
2025,Rounds 1-2,LCK,LoL Champions Korea,韩国,一级联赛,LCK 2025 Road to MSI,2025-06-07,Dplus Kia,,Coach,Bengi,배성웅,Bae Seong-woong,South Korea,Korea,1993-11-21,0,Bengi
2025,Rounds 1-2,LCK,LoL Champions Korea,韩国,一级联赛,LCK 2025 Road to MSI,2025-06-07,Dplus Kia,,Coach,Hachani,하승찬,Ha Seung-chan,South Korea,Korea,1994-12-24,0,Hachani
2025,Rounds 1-2,LCK,LoL Champions Korea,韩国,一级联赛,LCK 2025 Road to MSI,2025-06-07,Dplus Kia,,Coach,PoohManDu,이정현,Lee Jeong-hyeon,South Korea,Korea,1991-01-29,0,PoohManDu
2025,Rounds 1-2,LCK,LoL Champions Korea,韩国,一级联赛,LCK 2025 Rounds 1-2,2025-04-02,Dplus Kia,,Top,Siwoo,전시우,Jeon Si-woo,South Korea,Korea,2007-11-24,0,Siwoo
2025,Rounds 1-2,LCK,LoL Champions Korea,韩国,一级联赛,LCK 2025 Rounds 1-2,2025-04-02,Dplus Kia,,Jungle,Lucid,최용혁,Choi Yong-hyeok,South Korea,Korea,2005-01-28,0,Lucid (Choi Yong-hyeok)
2025,Rounds 1-2,LCK,LoL Champions Korea,韩国,一级联赛,LCK 2025 Rounds 1-2,2025-04-02,Dplus Kia,,Mid,ShowMaker,허수,Heo Su,South Korea,Korea,2000-07-22,0,ShowMaker
2025,Rounds 1-2,LCK,LoL Champions Korea,韩国,一级联赛,LCK 2025 Rounds 1-2,2025-04-02,Dplus Kia,,Bot,Aiming,김하람,Kim Ha-ram,South Korea,Korea,2000-07-20,0,Aiming
2025,Rounds 1-2,LCK,LoL Champions Korea,韩国,一级联赛,LCK 2025 Rounds 1-2,2025-04-02,Dplus Kia,,Support,BeryL,조건희,Cho Geon-hee,South Korea,Korea,1997-04-01,0,BeryL
2025,Rounds 1-2,LCK,LoL Champions Korea,韩国,一级联赛,LCK 2025 Rounds 1-2,2025-04-02,Dplus Kia,,Coach,Bengi,배성웅,Bae Seong-woong,South Korea,Korea,1993-11-21,0,Bengi
2025,Rounds 1-2,LCK,LoL Champions Korea,韩国,一级联赛,LCK 2025 Rounds 1-2,2025-04-02,Dplus Kia,,Coach,Hachani,하승찬,Ha Seung-chan,South Korea,Korea,1994-12-24,0,Hachani
2025,Rounds 1-2,LCK,LoL Champions Korea,韩国,一级联赛,LCK 2025 Rounds 1-2,2025-04-02,Dplus Kia,,Coach,PoohManDu,이정현,Lee Jeong-hyeon,South Korea,Korea,1991-01-29,0,PoohManDu
2025,Rounds 3-5,LCK,LoL Champions Korea,韩国,一级联赛,LCK 2025 Season Playoffs,2025-09-10,Dplus Kia,,Top,Siwoo,전시우,Jeon Si-woo,South Korea,Korea,2007-11-24,0,Siwoo
2025,Rounds 3-5,LCK,LoL Champions Korea,韩国,一级联赛,LCK 2025 Season Playoffs,2025-09-10,Dplus Kia,,Jungle,Lucid,최용혁,Choi Yong-hyeok,South Korea,Korea,2005-01-28,0,Lucid (Choi Yong-hyeok)
2025,Rounds 3-5,LCK,LoL Champions Korea,韩国,一级联赛,LCK 2025 Season Playoffs,2025-09-10,Dplus Kia,,Mid,ShowMaker,허수,Heo Su,South Korea,Korea,2000-07-22,0,ShowMaker
2025,Rounds 3-5,LCK,LoL Champions Korea,韩国,一级联赛,LCK 2025 Season Playoffs,2025-09-10,Dplus Kia,,Bot,Aiming,김하람,Kim Ha-ram,South Korea,Korea,2000-07-20,0,Aiming
2025,Rounds 3-5,LCK,LoL Champions Korea,韩国,一级联赛,LCK 2025 Season Playoffs,2025-09-10,Dplus Kia,,Support,BeryL,조건희,Cho Geon-hee,South Korea,Korea,1997-04-01,0,BeryL
2025,Rounds 3-5,LCK,LoL Champions Korea,韩国,一级联赛,LCK 2025 Season Playoffs,2025-09-10,Dplus Kia,,Coach,Bengi,배성웅,Bae Seong-woong,South Korea,Korea,1993-11-21,0,Bengi
2025,Rounds 3-5,LCK,LoL Champions Korea,韩国,一级联赛,LCK 2025 Season Playoffs,2025-09-10,Dplus Kia,,Coach,PoohManDu,이정현,Lee Jeong-hyeon,South Korea,Korea,1991-01-29,0,PoohManDu
2025,Rounds 3-5,LCK,LoL Champions Korea,韩国,一级联赛,LCK 2025 Season Playoffs,2025-09-10,Dplus Kia,,Coach,Hachani,하승찬,Ha Seung-chan,South Korea,Korea,1994-12-24,0,Hachani
2025,Rounds 3-5,LCK,LoL Champions Korea,韩国,一级联赛,LCK 2025 Season Playoffs,2025-09-10,Dplus Kia,,Coach,cvMax,김대호,Kim Dae-ho,South Korea,Korea,1990-07-07,0,cvMax
2025,Rounds 3-5,LCK,LoL Champions Korea,韩国,一级联赛,LCK 2025 Rounds 3-5,2025-07-23,Dplus Kia,,Top,Siwoo,전시우,Jeon Si-woo,South Korea,Korea,2007-11-24,0,Siwoo
2025,Rounds 3-5,LCK,LoL Champions Korea,韩国,一级联赛,LCK 2025 Rounds 3-5,2025-07-23,Dplus Kia,,Jungle,Lucid,최용혁,Choi Yong-hyeok,South Korea,Korea,2005-01-28,0,Lucid (Choi Yong-hyeok)
2025,Rounds 3-5,LCK,LoL Champions Korea,韩国,一级联赛,LCK 2025 Rounds 3-5,2025-07-23,Dplus Kia,,Mid,ShowMaker,허수,Heo Su,South Korea,Korea,2000-07-22,0,ShowMaker
2025,Rounds 3-5,LCK,LoL Champions Korea,韩国,一级联赛,LCK 2025 Rounds 3-5,2025-07-23,Dplus Kia,,Bot,Aiming,김하람,Kim Ha-ram,South Korea,Korea,2000-07-20,0,Aiming
2025,Rounds 3-5,LCK,LoL Champions Korea,韩国,一级联赛,LCK 2025 Rounds 3-5,2025-07-23,Dplus Kia,,Support,BeryL,조건희,Cho Geon-hee,South Korea,Korea,1997-04-01,0,BeryL
2025,Rounds 3-5,LCK,LoL Champions Korea,韩国,一级联赛,LCK 2025 Rounds 3-5,2025-07-23,Dplus Kia,,Coach,Bengi,배성웅,Bae Seong-woong,South Korea,Korea,1993-11-21,0,Bengi
2025,Rounds 3-5,LCK,LoL Champions Korea,韩国,一级联赛,LCK 2025 Rounds 3-5,2025-07-23,Dplus Kia,,Coach,PoohManDu,이정현,Lee Jeong-hyeon,South Korea,Korea,1991-01-29,0,PoohManDu
2025,Rounds 3-5,LCK,LoL Champions Korea,韩国,一级联赛,LCK 2025 Rounds 3-5,2025-07-23,Dplus Kia,,Coach,Hachani,하승찬,Ha Seung-chan,South Korea,Korea,1994-12-24,0,Hachani
2025,Rounds 3-5,LCK,LoL Champions Korea,韩国,一级联赛,LCK 2025 Rounds 3-5,2025-07-23,Dplus Kia,,Coach,cvMax,김대호,Kim Dae-ho,South Korea,Korea,1990-07-07,0,cvMax
2025,Rounds 3-5,LCK,LoL Champions Korea,韩国,一级联赛,LCK 2025 Season Play-In,2025-09-03,Dplus Kia,,Top,Siwoo,전시우,Jeon Si-woo,South Korea,Korea,2007-11-24,0,Siwoo
2025,Rounds 3-5,LCK,LoL Champions Korea,韩国,一级联赛,LCK 2025 Season Play-In,2025-09-03,Dplus Kia,,Jungle,Lucid,최용혁,Choi Yong-hyeok,South Korea,Korea,2005-01-28,0,Lucid (Choi Yong-hyeok)
2025,Rounds 3-5,LCK,LoL Champions Korea,韩国,一级联赛,LCK 2025 Season Play-In,2025-09-03,Dplus Kia,,Mid,ShowMaker,허수,Heo Su,South Korea,Korea,2000-07-22,0,ShowMaker
2025,Rounds 3-5,LCK,LoL Champions Korea,韩国,一级联赛,LCK 2025 Season Play-In,2025-09-03,Dplus Kia,,Bot,Aiming,김하람,Kim Ha-ram,South Korea,Korea,2000-07-20,0,Aiming
2025,Rounds 3-5,LCK,LoL Champions Korea,韩国,一级联赛,LCK 2025 Season Play-In,2025-09-03,Dplus Kia,,Support,BeryL,조건희,Cho Geon-hee,South Korea,Korea,1997-04-01,0,BeryL
2025,Rounds 3-5,LCK,LoL Champions Korea,韩国,一级联赛,LCK 2025 Season Play-In,2025-09-03,Dplus Kia,,Coach,Bengi,배성웅,Bae Seong-woong,South Korea,Korea,1993-11-21,0,Bengi
2025,Rounds 3-5,LCK,LoL Champions Korea,韩国,一级联赛,LCK 2025 Season Play-In,2025-09-03,Dplus Kia,,Coach,PoohManDu,이정현,Lee Jeong-hyeon,South Korea,Korea,1991-01-29,0,PoohManDu
2025,Rounds 3-5,LCK,LoL Champions Korea,韩国,一级联赛,LCK 2025 Season Play-In,2025-09-03,Dplus Kia,,Coach,Hachani,하승찬,Ha Seung-chan,South Korea,Korea,1994-12-24,0,Hachani
2025,Rounds 3-5,LCK,LoL Champions Korea,韩国,一级联赛,LCK 2025 Season Play-In,2025-09-03,Dplus Kia,,Coach,cvMax,김대호,Kim Dae-ho,South Korea,Korea,1990-07-07,0,cvMax
2026,Rounds 3-4,LCK,LoL Champions Korea,韩国,一级联赛,LCK 2026 Season Playoffs,2026-08-29,Dplus Kia,,Top,Siwoo,전시우,Jeon Si-woo,South Korea,Korea,2007-11-24,0,Siwoo
2026,Rounds 3-4,LCK,LoL Champions Korea,韩国,一级联赛,LCK 2026 Season Playoffs,2026-08-29,Dplus Kia,,Jungle,Lucid,최용혁,Choi Yong-hyeok,South Korea,Korea,2005-01-28,0,Lucid (Choi Yong-hyeok)
2026,Rounds 3-4,LCK,LoL Champions Korea,韩国,一级联赛,LCK 2026 Season Playoffs,2026-08-29,Dplus Kia,,Mid,ShowMaker,허수,Heo Su,South Korea,Korea,2000-07-22,0,ShowMaker
2026,Rounds 3-4,LCK,LoL Champions Korea,韩国,一级联赛,LCK 2026 Season Playoffs,2026-08-29,Dplus Kia,,Bot,Smash,신금재,Shin Geum-jae,South Korea,Korea,2006-07-20,0,Smash (Shin Geum-jae)
2026,Rounds 3-4,LCK,LoL Champions Korea,韩国,一级联赛,LCK 2026 Season Playoffs,2026-08-29,Dplus Kia,,Support,Career,오형석,Oh Hyeong-seok,South Korea,Korea,2004-08-29,0,Career
2026,Rounds 3-4,LCK,LoL Champions Korea,韩国,一级联赛,LCK 2026 Season Playoffs,2026-08-29,Dplus Kia,,Coach,cvMax,김대호,Kim Dae-ho,South Korea,Korea,1990-07-07,0,CvMax
2026,Rounds 3-4,LCK,LoL Champions Korea,韩国,一级联赛,LCK 2026 Season Playoffs,2026-08-29,Dplus Kia,,Coach,PoohManDu,이정현,Lee Jeong-hyeon,South Korea,Korea,1991-01-29,0,PoohManDu
2026,Rounds 3-4,LCK,LoL Champions Korea,韩国,一级联赛,LCK 2026 Season Playoffs,2026-08-29,Dplus Kia,,Coach,Hachani,하승찬,Ha Seung-chan,South Korea,Korea,1994-12-24,0,Hachani
2026,Rounds 3-4,LCK,LoL Champions Korea,韩国,一级联赛,LCK 2026 Rounds 3-4,2026-07-29,Dplus Kia,,Top,Siwoo,전시우,Jeon Si-woo,South Korea,Korea,2007-11-24,0,Siwoo
2026,Rounds 3-4,LCK,LoL Champions Korea,韩国,一级联赛,LCK 2026 Rounds 3-4,2026-07-29,Dplus Kia,,Jungle,Lucid,최용혁,Choi Yong-hyeok,South Korea,Korea,2005-01-28,0,Lucid (Choi Yong-hyeok)
2026,Rounds 3-4,LCK,LoL Champions Korea,韩国,一级联赛,LCK 2026 Rounds 3-4,2026-07-29,Dplus Kia,,Mid,ShowMaker,허수,Heo Su,South Korea,Korea,2000-07-22,0,ShowMaker
2026,Rounds 3-4,LCK,LoL Champions Korea,韩国,一级联赛,LCK 2026 Rounds 3-4,2026-07-29,Dplus Kia,,Bot,Smash,신금재,Shin Geum-jae,South Korea,Korea,2006-07-20,0,Smash (Shin Geum-jae)
2026,Rounds 3-4,LCK,LoL Champions Korea,韩国,一级联赛,LCK 2026 Rounds 3-4,2026-07-29,Dplus Kia,,Support,Career,오형석,Oh Hyeong-seok,South Korea,Korea,2004-08-29,0,Career
2026,Rounds 3-4,LCK,LoL Champions Korea,韩国,一级联赛,LCK 2026 Rounds 3-4,2026-07-29,Dplus Kia,,Coach,cvMax,김대호,Kim Dae-ho,South Korea,Korea,1990-07-07,0,CvMax
2026,Rounds 3-4,LCK,LoL Champions Korea,韩国,一级联赛,LCK 2026 Rounds 3-4,2026-07-29,Dplus Kia,,Coach,PoohManDu,이정현,Lee Jeong-hyeon,South Korea,Korea,1991-01-29,0,PoohManDu
2026,Rounds 3-4,LCK,LoL Champions Korea,韩国,一级联赛,LCK 2026 Rounds 3-4,2026-07-29,Dplus Kia,,Coach,Hachani,하승찬,Ha Seung-chan,South Korea,Korea,1994-12-24,0,Hachani
2026,Cup,LCK,LoL Champions Korea,韩国,一级联赛,LCK Cup 2026,2026-01-14,Dplus Kia,,Top,Siwoo,전시우,Jeon Si-woo,South Korea,Korea,2007-11-24,0,Siwoo
2026,Cup,LCK,LoL Champions Korea,韩国,一级联赛,LCK Cup 2026,2026-01-14,Dplus Kia,,Jungle,Lucid,최용혁,Choi Yong-hyeok,South Korea,Korea,2005-01-28,0,Lucid (Choi Yong-hyeok)
2026,Cup,LCK,LoL Champions Korea,韩国,一级联赛,LCK Cup 2026,2026-01-14,Dplus Kia,,Mid,ShowMaker,허수,Heo Su,South Korea,Korea,2000-07-22,0,ShowMaker
2026,Cup,LCK,LoL Champions Korea,韩国,一级联赛,LCK Cup 2026,2026-01-14,Dplus Kia,,Bot,Smash,신금재,Shin Geum-jae,South Korea,Korea,2006-07-20,0,Smash (Shin Geum-jae)
2026,Cup,LCK,LoL Champions Korea,韩国,一级联赛,LCK Cup 2026,2026-01-14,Dplus Kia,,Support,Career,오형석,Oh Hyeong-seok,South Korea,Korea,2004-08-29,0,Career
2026,Cup,LCK,LoL Champions Korea,韩国,一级联赛,LCK Cup 2026,2026-01-14,Dplus Kia,,Coach,cvMax,김대호,Kim Dae-ho,South Korea,Korea,1990-07-07,0,cvMax
2026,Cup,LCK,LoL Champions Korea,韩国,一级联赛,LCK Cup 2026,2026-01-14,Dplus Kia,,Coach,PoohManDu,이정현,Lee Jeong-hyeon,South Korea,Korea,1991-01-29,0,PoohManDu
2026,Cup,LCK,LoL Champions Korea,韩国,一级联赛,LCK Cup 2026,2026-01-14,Dplus Kia,,Coach,Hachani,하승찬,Ha Seung-chan,South Korea,Korea,1994-12-24,0,Hachani
2026,Rounds 1-2,LCK,LoL Champions Korea,韩国,一级联赛,LCK 2026 Road to MSI,2026-06-06,Dplus Kia,,Top,Siwoo,전시우,Jeon Si-woo,South Korea,Korea,2007-11-24,0,Siwoo
2026,Rounds 1-2,LCK,LoL Champions Korea,韩国,一级联赛,LCK 2026 Road to MSI,2026-06-06,Dplus Kia,,Jungle,Lucid,최용혁,Choi Yong-hyeok,South Korea,Korea,2005-01-28,0,Lucid (Choi Yong-hyeok)
2026,Rounds 1-2,LCK,LoL Champions Korea,韩国,一级联赛,LCK 2026 Road to MSI,2026-06-06,Dplus Kia,,Mid,ShowMaker,허수,Heo Su,South Korea,Korea,2000-07-22,0,ShowMaker
2026,Rounds 1-2,LCK,LoL Champions Korea,韩国,一级联赛,LCK 2026 Road to MSI,2026-06-06,Dplus Kia,,Bot,Smash,신금재,Shin Geum-jae,South Korea,Korea,2006-07-20,0,Smash (Shin Geum-jae)
2026,Rounds 1-2,LCK,LoL Champions Korea,韩国,一级联赛,LCK 2026 Road to MSI,2026-06-06,Dplus Kia,,Support,Career,오형석,Oh Hyeong-seok,South Korea,Korea,2004-08-29,0,Career
2026,Rounds 1-2,LCK,LoL Champions Korea,韩国,一级联赛,LCK 2026 Road to MSI,2026-06-06,Dplus Kia,,Coach,cvMax,김대호,Kim Dae-ho,South Korea,Korea,1990-07-07,0,cvMax
2026,Rounds 1-2,LCK,LoL Champions Korea,韩国,一级联赛,LCK 2026 Road to MSI,2026-06-06,Dplus Kia,,Coach,PoohManDu,이정현,Lee Jeong-hyeon,South Korea,Korea,1991-01-29,0,PoohManDu
2026,Rounds 1-2,LCK,LoL Champions Korea,韩国,一级联赛,LCK 2026 Road to MSI,2026-06-06,Dplus Kia,,Coach,Hachani,하승찬,Ha Seung-chan,South Korea,Korea,1994-12-24,0,Hachani
2024,Summer,LCK,LoL Champions Korea,韩国,一级联赛,LCK 2024 Summer,2024-06-12,Dplus Kia,DK,Top,Kingen,황성훈,Hwang Seong-hoon,South Korea,Korea,2000-03-11,0,Kingen
2024,Summer,LCK,LoL Champions Korea,韩国,一级联赛,LCK 2024 Summer,2024-06-12,Dplus Kia,DK,Jungle,Lucid,최용혁,Choi Yong-hyeok,South Korea,Korea,2005-01-28,0,Lucid (Choi Yong-hyeok)
2024,Summer,LCK,LoL Champions Korea,韩国,一级联赛,LCK 2024 Summer,2024-06-12,Dplus Kia,DK,Mid,ShowMaker,허수,Heo Su,South Korea,Korea,2000-07-22,0,ShowMaker
2024,Summer,LCK,LoL Champions Korea,韩国,一级联赛,LCK 2024 Summer,2024-06-12,Dplus Kia,DK,Bot,Aiming,김하람,Kim Ha-ram,South Korea,Korea,2000-07-20,0,Aiming
2024,Summer,LCK,LoL Champions Korea,韩国,一级联赛,LCK 2024 Summer,2024-06-12,Dplus Kia,DK,Support,Kellin,김형규,Kim Hyeong-gyu,South Korea,Korea,2001-02-01,0,Kellin
2024,Summer,LCK,LoL Champions Korea,韩国,一级联赛,LCK 2024 Summer,2024-06-12,Dplus Kia,DK,Support,Moham,정재훈,Jeong Jae-hun,South Korea,Korea,2002-08-08,0,Moham
2024,Summer,LCK,LoL Champions Korea,韩国,一级联赛,LCK 2024 Summer,2024-06-12,Dplus Kia,DK,Coach,Zefa,이재민,Lee Jae-min,South Korea,Korea,1988-02-04,0,Zefa
2024,Summer,LCK,LoL Champions Korea,韩国,一级联赛,LCK 2024 Summer,2024-06-12,Dplus Kia,DK,Coach,Bubbling,박준형,Park Jun-hyeong,South Korea,Korea,1993-04-13,0,Bubbling
2024,Summer,LCK,LoL Champions Korea,韩国,一级联赛,LCK 2024 Summer,2024-06-12,Dplus Kia,DK,Coach,Ssong,김상수,Kim Sang-soo,South Korea,Korea,1989-10-15,0,Ssong
2024,Spring,LCK,LoL Champions Korea,韩国,一级联赛,LCK 2024 Spring,2024-01-17,Dplus Kia,DK,Top,Kingen,황성훈,Hwang Seong-hoon,South Korea,Korea,2000-03-11,0,Kingen
2024,Spring,LCK,LoL Champions Korea,韩国,一级联赛,LCK 2024 Spring,2024-01-17,Dplus Kia,DK,Jungle,Lucid,최용혁,Choi Yong-hyeok,South Korea,Korea,2005-01-28,0,Lucid (Choi Yong-hyeok)
2024,Spring,LCK,LoL Champions Korea,韩国,一级联赛,LCK 2024 Spring,2024-01-17,Dplus Kia,DK,Mid,ShowMaker,허수,Heo Su,South Korea,Korea,2000-07-22,0,ShowMaker
2024,Spring,LCK,LoL Champions Korea,韩国,一级联赛,LCK 2024 Spring,2024-01-17,Dplus Kia,DK,Bot,Aiming,김하람,Kim Ha-ram,South Korea,Korea,2000-07-20,0,Aiming
2024,Spring,LCK,LoL Champions Korea,韩国,一级联赛,LCK 2024 Spring,2024-01-17,Dplus Kia,DK,Support,Kellin,김형규,Kim Hyeong-gyu,South Korea,Korea,2001-02-01,0,Kellin
2024,Spring,LCK,LoL Champions Korea,韩国,一级联赛,LCK 2024 Spring,2024-01-17,Dplus Kia,DK,Coach,Zefa,이재민,Lee Jae-min,South Korea,Korea,1988-02-04,0,Zefa
2024,Spring,LCK,LoL Champions Korea,韩国,一级联赛,LCK 2024 Spring,2024-01-17,Dplus Kia,DK,Coach,Bubbling,박준형,Park Jun-hyeong,South Korea,Korea,1993-04-13,0,Bubbling
2024,Spring,LCK,LoL Champions Korea,韩国,一级联赛,LCK 2024 Spring,2024-01-17,Dplus Kia,DK,Coach,Ssong,김상수,Kim Sang-soo,South Korea,Korea,1989-10-15,0,Ssong
2022,Spring,LCK,LoL Champions Korea,韩国,一级联赛,LCK 2022 Spring,2022-01-12,DRX,,Top,Kingen,황성훈,Hwang Seong-hoon,South Korea,Korea,2000-03-11,0,Kingen
2022,Spring,LCK,LoL Champions Korea,韩国,一级联赛,LCK 2022 Spring,2022-01-12,DRX,,Top,Clear,송현민,Song Hyeon-min,South Korea,Korea,2002-12-19,0,Clear (Song Hyeon-min)
2022,Spring,LCK,LoL Champions Korea,韩国,一级联赛,LCK 2022 Spring,2022-01-12,DRX,,Jungle,Pyosik,홍창현,Hong Chang-hyeon,South Korea,Korea,2000-03-12,0,Pyosik
2022,Spring,LCK,LoL Champions Korea,韩国,一级联赛,LCK 2022 Spring,2022-01-12,DRX,,Jungle,Peach,이민규,Lee Min-gyu,South Korea,Korea,2000-03-28,0,Peach
2022,Spring,LCK,LoL Champions Korea,韩国,一级联赛,LCK 2022 Spring,2022-01-12,DRX,,Mid,Zeka,김건우,Kim Geon-woo,South Korea,Korea,2002-11-28,0,Zeka (Kim Geon-woo)
2022,Spring,LCK,LoL Champions Korea,韩国,一级联赛,LCK 2022 Spring,2022-01-12,DRX,,Mid,SeTab,송경진,Song Kyeong-jin,South Korea,Korea,2004-10-13,0,SeTab
2022,Spring,LCK,LoL Champions Korea,韩国,一级联赛,LCK 2022 Spring,2022-01-12,DRX,,Bot,Deft,김혁규,Kim Hyuk-kyu,South Korea,Korea,1996-10-23,0,Deft
2022,Spring,LCK,LoL Champions Korea,韩国,一级联赛,LCK 2022 Spring,2022-01-12,DRX,,Bot,Taeyoon,김태윤,Kim Tae-yoon,South Korea,Korea,2002-06-02,0,Taeyoon (Kim Tae-yoon)
2022,Spring,LCK,LoL Champions Korea,韩国,一级联赛,LCK 2022 Spring,2022-01-12,DRX,,Support,BeryL,조건희,Cho Geon-hee,South Korea,Korea,1997-04-01,0,BeryL
2022,Spring,LCK,LoL Champions Korea,韩国,一级联赛,LCK 2022 Spring,2022-01-12,DRX,,Support,Jun,윤세준,Yoon Se-jun,South Korea,Korea,2000-08-02,0,Jun (Yoon Se-jun)
2022,Spring,LCK,LoL Champions Korea,韩国,一级联赛,LCK 2022 Spring,2022-01-12,DRX,,Coach,KIM,김정수,Kim Jeong-soo,South Korea,Korea,1988-06-17,0,KIM (Kim Jeong-soo)
2022,Spring,LCK,LoL Champions Korea,韩国,一级联赛,LCK 2022 Spring,2022-01-12,DRX,,Coach,Mowgli,이재하,Lee Jae-ha,South Korea,Korea,1998-04-14,0,Mowgli
2022,Spring,LCK,LoL Champions Korea,韩国,一级联赛,LCK 2022 Spring,2022-01-12,DRX,,Coach,Shine,신동욱,Shin Dong-wook,South Korea,Korea,1991-10-09,0,Shine (Shin Dong-wook)
2022,Spring,LCK,LoL Champions Korea,韩国,一级联赛,LCK 2022 Spring,2022-01-12,DRX,,Coach,Ssong,김상수,Kim Sang-soo,South Korea,Korea,1989-10-15,0,Ssong
2022,Summer,LCK,LoL Champions Korea,韩国,一级联赛,LCK 2022 Summer,2022-06-15,DRX,,Top,Kingen,황성훈,Hwang Seong-hoon,South Korea,Korea,2000-03-11,0,Kingen
2022,Summer,LCK,LoL Champions Korea,韩国,一级联赛,LCK 2022 Summer,2022-06-15,DRX,,Jungle,Pyosik,홍창현,Hong Chang-hyeon,South Korea,Korea,2000-03-12,0,Pyosik
2022,Summer,LCK,LoL Champions Korea,韩国,一级联赛,LCK 2022 Summer,2022-06-15,DRX,,Jungle,Juhan,이주한,Lee Ju-han,South Korea,Korea,2001-08-31,0,Juhan
2022,Summer,LCK,LoL Champions Korea,韩国,一级联赛,LCK 2022 Summer,2022-06-15,DRX,,Mid,Zeka,김건우,Kim Geon-woo,South Korea,Korea,2002-11-28,0,Zeka (Kim Geon-woo)
2022,Summer,LCK,LoL Champions Korea,韩国,一级联赛,LCK 2022 Summer,2022-06-15,DRX,,Bot,Deft,김혁규,Kim Hyuk-kyu,South Korea,Korea,1996-10-23,0,Deft
2022,Summer,LCK,LoL Champions Korea,韩国,一级联赛,LCK 2022 Summer,2022-06-15,DRX,,Support,BeryL,조건희,Cho Geon-hee,South Korea,Korea,1997-04-01,0,BeryL
2022,Summer,LCK,LoL Champions Korea,韩国,一级联赛,LCK 2022 Summer,2022-06-15,DRX,,Coach,Mowgli,이재하,Lee Jae-ha,South Korea,Korea,1998-04-14,0,Mowgli
2022,Summer,LCK,LoL Champions Korea,韩国,一级联赛,LCK 2022 Summer,2022-06-15,DRX,,Coach,Ssong,김상수,Kim Sang-soo,South Korea,Korea,1989-10-15,0,Ssong
2022,Spring,LCK,LoL Champions Korea,韩国,一级联赛,LCK 2022 Spring Playoffs,2022-03-23,DRX,,Top,Kingen,황성훈,Hwang Seong-hoon,South Korea,Korea,2000-03-11,0,Kingen
2022,Spring,LCK,LoL Champions Korea,韩国,一级联赛,LCK 2022 Spring Playoffs,2022-03-23,DRX,,Jungle,Pyosik,홍창현,Hong Chang-hyeon,South Korea,Korea,2000-03-12,0,Pyosik
2022,Spring,LCK,LoL Champions Korea,韩国,一级联赛,LCK 2022 Spring Playoffs,2022-03-23,DRX,,Mid,Zeka,김건우,Kim Geon-woo,South Korea,Korea,2002-11-28,0,Zeka (Kim Geon-woo)
2022,Spring,LCK,LoL Champions Korea,韩国,一级联赛,LCK 2022 Spring Playoffs,2022-03-23,DRX,,Bot,Deft,김혁규,Kim Hyuk-kyu,South Korea,Korea,1996-10-23,0,Deft
2022,Spring,LCK,LoL Champions Korea,韩国,一级联赛,LCK 2022 Spring Playoffs,2022-03-23,DRX,,Support,BeryL,조건희,Cho Geon-hee,South Korea,Korea,1997-04-01,0,BeryL
2022,Spring,LCK,LoL Champions Korea,韩国,一级联赛,LCK 2022 Spring Playoffs,2022-03-23,DRX,,Coach,Ssong,김상수,Kim Sang-soo,South Korea,Korea,1989-10-15,0,Ssong
2022,Spring,LCK,LoL Champions Korea,韩国,一级联赛,LCK 2022 Spring Playoffs,2022-03-23,DRX,,Coach,Mowgli,이재하,Lee Jae-ha,South Korea,Korea,1998-04-14,0,Mowgli
2022,Summer,LCK,LoL Champions Korea,韩国,一级联赛,LCK 2022 Summer Playoffs,2022-08-17,DRX,,Top,Kingen,황성훈,Hwang Seong-hoon,South Korea,Korea,2000-03-11,0,Kingen
2022,Summer,LCK,LoL Champions Korea,韩国,一级联赛,LCK 2022 Summer Playoffs,2022-08-17,DRX,,Jungle,Pyosik,홍창현,Hong Chang-hyeon,South Korea,Korea,2000-03-12,0,Pyosik
2022,Summer,LCK,LoL Champions Korea,韩国,一级联赛,LCK 2022 Summer Playoffs,2022-08-17,DRX,,Mid,Zeka,김건우,Kim Geon-woo,South Korea,Korea,2002-11-28,0,Zeka (Kim Geon-woo)
2022,Summer,LCK,LoL Champions Korea,韩国,一级联赛,LCK 2022 Summer Playoffs,2022-08-17,DRX,,Bot,Deft,김혁규,Kim Hyuk-kyu,South Korea,Korea,1996-10-23,0,Deft
2022,Summer,LCK,LoL Champions Korea,韩国,一级联赛,LCK 2022 Summer Playoffs,2022-08-17,DRX,,Support,BeryL,조건희,Cho Geon-hee,South Korea,Korea,1997-04-01,0,BeryL
2022,Summer,LCK,LoL Champions Korea,韩国,一级联赛,LCK 2022 Summer Playoffs,2022-08-17,DRX,,Coach,Ssong,김상수,Kim Sang-soo,South Korea,Korea,1989-10-15,0,Ssong
2022,Summer,LCK,LoL Champions Korea,韩国,一级联赛,LCK 2022 Summer Playoffs,2022-08-17,DRX,,Coach,Mowgli,이재하,Lee Jae-ha,South Korea,Korea,1998-04-14,0,Mowgli
2023,Summer,LCK,LoL Champions Korea,韩国,一级联赛,LCK 2023 Summer Playoffs,2023-08-08,DRX,,Top,Rascal,김광희,Kim Kwang-hee,South Korea,Korea,1997-10-16,0,Rascal
2023,Summer,LCK,LoL Champions Korea,韩国,一级联赛,LCK 2023 Summer Playoffs,2023-08-08,DRX,,Jungle,Croco,김동범,Kim Dong-beom,South Korea,Korea,2000-02-23,0,Croco
2023,Summer,LCK,LoL Champions Korea,韩国,一级联赛,LCK 2023 Summer Playoffs,2023-08-08,DRX,,Mid,FATE,유수혁,Yoo Su-hyeok,South Korea,Korea,2000-08-22,0,FATE (Yoo Su-hyeok)
2023,Summer,LCK,LoL Champions Korea,韩国,一级联赛,LCK 2023 Summer Playoffs,2023-08-08,DRX,,Bot,Paduck,박석현,Park Seok-hyeon,South Korea,Korea,2005-02-12,0,Paduck
2023,Summer,LCK,LoL Champions Korea,韩国,一级联赛,LCK 2023 Summer Playoffs,2023-08-08,DRX,,Support,BeryL,조건희,Cho Geon-hee,South Korea,Korea,1997-04-01,0,BeryL
2023,Summer,LCK,LoL Champions Korea,韩国,一级联赛,LCK 2023 Summer Playoffs,2023-08-08,DRX,,Coach,Micro,김목경,Kim Mok-kyoung,South Korea,Korea,1986-09-17,0,Micro (Kim Mok-kyoung)
2023,Summer,LCK,LoL Champions Korea,韩国,一级联赛,LCK 2023 Summer Playoffs,2023-08-08,DRX,,Coach,Shine,신동욱,Shin Dong-wook,South Korea,Korea,1991-10-09,0,Shine (Shin Dong-wook)
2023,Spring,LCK,LoL Champions Korea,韩国,一级联赛,LCK 2023 Spring,2023-01-18,DRX,,Top,Rascal,김광희,Kim Kwang-hee,South Korea,Korea,1997-10-16,0,Rascal
2023,Spring,LCK,LoL Champions Korea,韩国,一级联赛,LCK 2023 Spring,2023-01-18,DRX,,Jungle,Croco,김동범,Kim Dong-beom,South Korea,Korea,2000-02-23,0,Croco
2023,Spring,LCK,LoL Champions Korea,韩国,一级联赛,LCK 2023 Spring,2023-01-18,DRX,,Jungle,Juhan,이주한,Lee Ju-han,South Korea,Korea,2001-08-31,0,Juhan
2023,Spring,LCK,LoL Champions Korea,韩国,一级联赛,LCK 2023 Spring,2023-01-18,DRX,,Mid,FATE,유수혁,Yoo Su-hyeok,South Korea,Korea,2000-08-22,0,FATE (Yoo Su-hyeok)
2023,Spring,LCK,LoL Champions Korea,韩国,一级联赛,LCK 2023 Spring,2023-01-18,DRX,,Bot,deokdam,서대길,Seo Dae-gil,South Korea,Korea,2000-02-25,0,deokdam
2023,Spring,LCK,LoL Champions Korea,韩国,一级联赛,LCK 2023 Spring,2023-01-18,DRX,,Bot,Pleata,손민우,Son Min-woo,South Korea,Korea,2003-03-28,0,Pleata
2023,Spring,LCK,LoL Champions Korea,韩国,一级联赛,LCK 2023 Spring,2023-01-18,DRX,,Support,BeryL,조건희,Cho Geon-hee,South Korea,Korea,1997-04-01,0,BeryL
2023,Spring,LCK,LoL Champions Korea,韩国,一级联赛,LCK 2023 Spring,2023-01-18,DRX,,Coach,Micro,김목경,Kim Mok-kyoung,South Korea,Korea,1986-09-17,0,Micro (Kim Mok-kyoung)
2023,Spring,LCK,LoL Champions Korea,韩国,一级联赛,LCK 2023 Spring,2023-01-18,DRX,,Coach,Shine,신동욱,Shin Dong-wook,South Korea,Korea,1991-10-09,0,Shine (Shin Dong-wook)
2023,Summer,LCK,LoL Champions Korea,韩国,一级联赛,LCK 2023 Summer,2023-06-07,DRX,,Top,Rascal,김광희,Kim Kwang-hee,South Korea,Korea,1997-10-16,0,Rascal
2023,Summer,LCK,LoL Champions Korea,韩国,一级联赛,LCK 2023 Summer,2023-06-07,DRX,,Jungle,Croco,김동범,Kim Dong-beom,South Korea,Korea,2000-02-23,0,Croco
2023,Summer,LCK,LoL Champions Korea,韩国,一级联赛,LCK 2023 Summer,2023-06-07,DRX,,Jungle,Juhan,이주한,Lee Ju-han,South Korea,Korea,2001-08-31,0,Juhan
2023,Summer,LCK,LoL Champions Korea,韩国,一级联赛,LCK 2023 Summer,2023-06-07,DRX,,Mid,kyeahoo,강예후,Kang Ye-hoo,South Korea,Korea,2005-08-13,0,kyeahoo
2023,Summer,LCK,LoL Champions Korea,韩国,一级联赛,LCK 2023 Summer,2023-06-07,DRX,,Mid,FATE,유수혁,Yoo Su-hyeok,South Korea,Korea,2000-08-22,0,FATE (Yoo Su-hyeok)
2023,Summer,LCK,LoL Champions Korea,韩国,一级联赛,LCK 2023 Summer,2023-06-07,DRX,,Bot,Paduck,박석현,Park Seok-hyeon,South Korea,Korea,2005-02-12,0,Paduck
2023,Summer,LCK,LoL Champions Korea,韩国,一级联赛,LCK 2023 Summer,2023-06-07,DRX,,Support,BeryL,조건희,Cho Geon-hee,South Korea,Korea,1997-04-01,0,BeryL
2023,Summer,LCK,LoL Champions Korea,韩国,一级联赛,LCK 2023 Summer,2023-06-07,DRX,,Coach,Micro,김목경,Kim Mok-kyoung,South Korea,Korea,1986-09-17,0,Micro (Kim Mok-kyoung)
2023,Summer,LCK,LoL Champions Korea,韩国,一级联赛,LCK 2023 Summer,2023-06-07,DRX,,Coach,Shine,신동욱,Shin Dong-wook,South Korea,Korea,1991-10-09,0,Shine (Shin Dong-wook)
2024,Summer,LCK,LoL Champions Korea,韩国,一级联赛,LCK 2024 Summer,2024-06-12,DRX,,Top,Rascal,김광희,Kim Kwang-hee,South Korea,Korea,1997-10-16,0,Rascal
2024,Summer,LCK,LoL Champions Korea,韩国,一级联赛,LCK 2024 Summer,2024-06-12,DRX,,Top,Frog,이민회,Lee Min-hoi,South Korea,Korea,2005-06-30,0,Frog (Lee Min-hoi)
2024,Summer,LCK,LoL Champions Korea,韩国,一级联赛,LCK 2024 Summer,2024-06-12,DRX,,Jungle,Sponge,배영준,Bae Young-jun,South Korea,Korea,2004-07-25,0,Sponge
2024,Summer,LCK,LoL Champions Korea,韩国,一级联赛,LCK 2024 Summer,2024-06-12,DRX,,Mid,kyeahoo,강예후,Kang Ye-hoo,South Korea,Korea,2005-08-13,0,kyeahoo
2024,Summer,LCK,LoL Champions Korea,韩国,一级联赛,LCK 2024 Summer,2024-06-12,DRX,,Mid,SeTab,송경진,Song Kyeong-jin,South Korea,Korea,2004-10-13,0,SeTab
2024,Summer,LCK,LoL Champions Korea,韩国,一级联赛,LCK 2024 Summer,2024-06-12,DRX,,Bot,Teddy,박진성,Park Jin-seong,South Korea,Korea,1998-03-15,0,Teddy
2024,Summer,LCK,LoL Champions Korea,韩国,一级联赛,LCK 2024 Summer,2024-06-12,DRX,,Bot,Paduck,박석현,Park Seok-hyeon,South Korea,Korea,2005-02-12,0,Paduck
2024,Summer,LCK,LoL Champions Korea,韩国,一级联赛,LCK 2024 Summer,2024-06-12,DRX,,Support,Pleata,손민우,Son Min-woo,South Korea,Korea,2003-03-28,0,Pleata
2024,Summer,LCK,LoL Champions Korea,韩国,一级联赛,LCK 2024 Summer,2024-06-12,DRX,,Coach,Micro,김목경,Kim Mok-kyoung,South Korea,Korea,1986-09-17,0,Micro (Kim Mok-kyoung)
2024,Summer,LCK,LoL Champions Korea,韩国,一级联赛,LCK 2024 Summer,2024-06-12,DRX,,Coach,Crush,김준서,Kim Jun-seo,South Korea,Korea,1998-01-03,1,Crush
2024,Summer,LCK,LoL Champions Korea,韩国,一级联赛,LCK 2024 Summer,2024-06-12,DRX,,Coach,Raise,오지환,Oh Ji-hwan,South Korea,Korea,1997-10-18,0,Raise
2024,Spring,LCK,LoL Champions Korea,韩国,一级联赛,LCK 2024 Spring,2024-01-17,DRX,,Top,Rascal,김광희,Kim Kwang-hee,South Korea,Korea,1997-10-16,0,Rascal
2024,Spring,LCK,LoL Champions Korea,韩国,一级联赛,LCK 2024 Spring,2024-01-17,DRX,,Top,Frog,이민회,Lee Min-hoi,South Korea,Korea,2005-06-30,0,Frog (Lee Min-hoi)
2024,Spring,LCK,LoL Champions Korea,韩国,一级联赛,LCK 2024 Spring,2024-01-17,DRX,,Jungle,Sponge,배영준,Bae Young-jun,South Korea,Korea,2004-07-25,0,Sponge
2024,Spring,LCK,LoL Champions Korea,韩国,一级联赛,LCK 2024 Spring,2024-01-17,DRX,,Mid,SeTab,송경진,Song Kyeong-jin,South Korea,Korea,2004-10-13,0,SeTab
2024,Spring,LCK,LoL Champions Korea,韩国,一级联赛,LCK 2024 Spring,2024-01-17,DRX,,Mid,kyeahoo,강예후,Kang Ye-hoo,South Korea,Korea,2005-08-13,0,kyeahoo
2024,Spring,LCK,LoL Champions Korea,韩国,一级联赛,LCK 2024 Spring,2024-01-17,DRX,,Bot,Teddy,박진성,Park Jin-seong,South Korea,Korea,1998-03-15,0,Teddy
2024,Spring,LCK,LoL Champions Korea,韩国,一级联赛,LCK 2024 Spring,2024-01-17,DRX,,Support,Pleata,손민우,Son Min-woo,South Korea,Korea,2003-03-28,0,Pleata
2024,Spring,LCK,LoL Champions Korea,韩国,一级联赛,LCK 2024 Spring,2024-01-17,DRX,,Coach,Micro,김목경,Kim Mok-kyoung,South Korea,Korea,1986-09-17,0,Micro (Kim Mok-kyoung)
2024,Spring,LCK,LoL Champions Korea,韩国,一级联赛,LCK 2024 Spring,2024-01-17,DRX,,Coach,Crush,김준서,Kim Jun-seo,South Korea,Korea,1998-01-03,1,Crush
2025,Rounds 3-5,LCK,LoL Champions Korea,韩国,一级联赛,LCK 2025 Rounds 3-5,2025-07-23,DRX,,Top,Rich,이재원,Lee Jae-won,South Korea,Korea,1998-02-16,0,Rich (Lee Jae-won)
2025,Rounds 3-5,LCK,LoL Champions Korea,韩国,一级联赛,LCK 2025 Rounds 3-5,2025-07-23,DRX,,Jungle,Sponge,배영준,Bae Young-jun,South Korea,Korea,2004-07-25,0,Sponge
2025,Rounds 3-5,LCK,LoL Champions Korea,韩国,一级联赛,LCK 2025 Rounds 3-5,2025-07-23,DRX,,Mid,kyeahoo,강예후,Kang Ye-hoo,South Korea,Korea,2005-08-13,0,kyeahoo
2025,Rounds 3-5,LCK,LoL Champions Korea,韩国,一级联赛,LCK 2025 Rounds 3-5,2025-07-23,DRX,,Bot,Teddy,박진성,Park Jin-seong,South Korea,Korea,1998-03-15,0,Teddy
2025,Rounds 3-5,LCK,LoL Champions Korea,韩国,一级联赛,LCK 2025 Rounds 3-5,2025-07-23,DRX,,Support,Andil,문관빈,Moon Gwan-bin,South Korea,Korea,2002-10-05,0,Andil
2025,Rounds 3-5,LCK,LoL Champions Korea,韩国,一级联赛,LCK 2025 Rounds 3-5,2025-07-23,DRX,,Coach,Ssong,김상수,Kim Sang-soo,South Korea,Korea,1989-10-15,0,Ssong
2025,Rounds 3-5,LCK,LoL Champions Korea,韩国,一级联赛,LCK 2025 Rounds 3-5,2025-07-23,DRX,,Coach,Alive,노진욱,Noh Jin-wook,South Korea,Korea,1998-02-27,0,Alive
2025,Rounds 3-5,LCK,LoL Champions Korea,韩国,一级联赛,LCK 2025 Rounds 3-5,2025-07-23,DRX,,Coach,Frozen,김태일,Kim Tae-il,South Korea,Korea,1994-11-04,0,Frozen (Kim Tae-il)
2025,Rounds 3-5,LCK,LoL Champions Korea,韩国,一级联赛,LCK 2025 Rounds 3-5,2025-07-23,DRX,,Coach,Catch,윤상호,Yun Sang-ho,South Korea,Korea,1997-04-03,0,Catch (Yun Sang-ho)
2025,Rounds 1-2,LCK,LoL Champions Korea,韩国,一级联赛,LCK 2025 Rounds 1-2,2025-04-02,DRX,,Top,Rich,이재원,Lee Jae-won,South Korea,Korea,1998-02-16,0,Rich (Lee Jae-won)
2025,Rounds 1-2,LCK,LoL Champions Korea,韩国,一级联赛,LCK 2025 Rounds 1-2,2025-04-02,DRX,,Jungle,Sponge,배영준,Bae Young-jun,South Korea,Korea,2004-07-25,0,Sponge
2025,Rounds 1-2,LCK,LoL Champions Korea,韩国,一级联赛,LCK 2025 Rounds 1-2,2025-04-02,DRX,,Mid,Ucal,손우현,Son Woo-hyeon,South Korea,Korea,2001-01-30,0,Ucal
2025,Rounds 1-2,LCK,LoL Champions Korea,韩国,一级联赛,LCK 2025 Rounds 1-2,2025-04-02,DRX,,Mid,kyeahoo,강예후,Kang Ye-hoo,South Korea,Korea,2005-08-13,0,kyeahoo
2025,Rounds 1-2,LCK,LoL Champions Korea,韩国,一级联赛,LCK 2025 Rounds 1-2,2025-04-02,DRX,,Bot,Teddy,박진성,Park Jin-seong,South Korea,Korea,1998-03-15,0,Teddy
2025,Rounds 1-2,LCK,LoL Champions Korea,韩国,一级联赛,LCK 2025 Rounds 1-2,2025-04-02,DRX,,Bot,LazyFeel,,Trần Bảo Minh,Vietnam,Asia Pacific,2007-03-19,0,LazyFeel
2025,Rounds 1-2,LCK,LoL Champions Korea,韩国,一级联赛,LCK 2025 Rounds 1-2,2025-04-02,DRX,,Support,Andil,문관빈,Moon Gwan-bin,South Korea,Korea,2002-10-05,0,Andil
2025,Rounds 1-2,LCK,LoL Champions Korea,韩国,一级联赛,LCK 2025 Rounds 1-2,2025-04-02,DRX,,Support,Pleata,손민우,Son Min-woo,South Korea,Korea,2003-03-28,0,Pleata
2025,Rounds 1-2,LCK,LoL Champions Korea,韩国,一级联赛,LCK 2025 Rounds 1-2,2025-04-02,DRX,,Coach,Ssong,김상수,Kim Sang-soo,South Korea,Korea,1989-10-15,0,Ssong
2025,Rounds 1-2,LCK,LoL Champions Korea,韩国,一级联赛,LCK 2025 Rounds 1-2,2025-04-02,DRX,,Coach,Saroo,이종원,Lee Jong-won,South Korea,Korea,1991-07-20,0,Saroo
2025,Rounds 1-2,LCK,LoL Champions Korea,韩国,一级联赛,LCK 2025 Rounds 1-2,2025-04-02,DRX,,Coach,Alive,노진욱,Noh Jin-wook,South Korea,Korea,1998-02-27,0,Alive
2025,Rounds 1-2,LCK,LoL Champions Korea,韩国,一级联赛,LCK 2025 Rounds 1-2,2025-04-02,DRX,,Coach,Frozen,김태일,Kim Tae-il,South Korea,Korea,1994-11-04,0,Frozen (Kim Tae-il)
2025,Cup,LCK,LoL Champions Korea,韩国,一级联赛,LCK Cup 2025,2025-01-15,DRX,,Top,Rich,이재원,Lee Jae-won,South Korea,Korea,1998-02-16,0,Rich (Lee Jae-won)
2025,Cup,LCK,LoL Champions Korea,韩国,一级联赛,LCK Cup 2025,2025-01-15,DRX,,Jungle,Sponge,배영준,Bae Young-jun,South Korea,Korea,2004-07-25,0,Sponge
2025,Cup,LCK,LoL Champions Korea,韩国,一级联赛,LCK Cup 2025,2025-01-15,DRX,,Mid,Ucal,손우현,Son Woo-hyeon,South Korea,Korea,2001-01-30,0,Ucal
2025,Cup,LCK,LoL Champions Korea,韩国,一级联赛,LCK Cup 2025,2025-01-15,DRX,,Bot,LazyFeel,,Trần Bảo Minh,Vietnam,Asia Pacific,2007-03-19,0,LazyFeel
2025,Cup,LCK,LoL Champions Korea,韩国,一级联赛,LCK Cup 2025,2025-01-15,DRX,,Bot,Teddy,박진성,Park Jin-seong,South Korea,Korea,1998-03-15,0,Teddy
2025,Cup,LCK,LoL Champions Korea,韩国,一级联赛,LCK Cup 2025,2025-01-15,DRX,,Support,Andil,문관빈,Moon Gwan-bin,South Korea,Korea,2002-10-05,0,Andil
2025,Cup,LCK,LoL Champions Korea,韩国,一级联赛,LCK Cup 2025,2025-01-15,DRX,,Coach,Ssong,김상수,Kim Sang-soo,South Korea,Korea,1989-10-15,0,Ssong
2025,Cup,LCK,LoL Champions Korea,韩国,一级联赛,LCK Cup 2025,2025-01-15,DRX,,Coach,Frozen,김태일,Kim Tae-il,South Korea,Korea,1994-11-04,0,Frozen (Kim Tae-il)
2026,Cup,LCK,LoL Champions Korea,韩国,一级联赛,LCK Cup 2026,2026-01-14,DRX,,Top,Rich,이재원,Lee Jae-won,South Korea,Korea,1998-02-16,0,Rich (Lee Jae-won)
2026,Cup,LCK,LoL Champions Korea,韩国,一级联赛,LCK Cup 2026,2026-01-14,DRX,,Jungle,Willer,김정현,Kim Jeong-hyeon,South Korea,Korea,2003-04-24,0,Willer
2026,Cup,LCK,LoL Champions Korea,韩国,一级联赛,LCK Cup 2026,2026-01-14,DRX,,Mid,Ucal,손우현,Son Woo-hyeon,South Korea,Korea,2001-01-30,0,Ucal
2026,Cup,LCK,LoL Champions Korea,韩国,一级联赛,LCK Cup 2026,2026-01-14,DRX,,Bot,Jiwoo,정지우,Jung Ji-woo,South Korea,Korea,2004-03-20,0,Jiwoo
2026,Cup,LCK,LoL Champions Korea,韩国,一级联赛,LCK Cup 2026,2026-01-14,DRX,,Support,Andil,문관빈,Moon Gwan-bin,South Korea,Korea,2002-10-05,0,Andil
2026,Cup,LCK,LoL Champions Korea,韩国,一级联赛,LCK Cup 2026,2026-01-14,DRX,,Coach,Joker,조재읍,Cho Jae-eup,South Korea,Korea,1991-12-11,0,Joker (Cho Jae-eup)
2026,Cup,LCK,LoL Champions Korea,韩国,一级联赛,LCK Cup 2026,2026-01-14,DRX,,Coach,Naehyun,유내현,Yoo Nae-hyun,South Korea,Korea,1996-02-07,0,Naehyun
2022,Spring,LCK,LoL Champions Korea,韩国,一级联赛,LCK 2022 Spring Playoffs,2022-03-23,DWG KIA,,Top,Burdol,노태윤,Noh Tae-yoon,South Korea,Korea,2003-12-25,0,Burdol
2022,Spring,LCK,LoL Champions Korea,韩国,一级联赛,LCK 2022 Spring Playoffs,2022-03-23,DWG KIA,,Top,HOYA,윤용호,Yoon Yong-ho,South Korea,Korea,2000-08-25,0,Hoya
2022,Spring,LCK,LoL Champions Korea,韩国,一级联赛,LCK 2022 Spring Playoffs,2022-03-23,DWG KIA,,Jungle,Canyon,김건부,Kim Geon-bu,South Korea,Korea,2001-06-18,0,Canyon
2022,Spring,LCK,LoL Champions Korea,韩国,一级联赛,LCK 2022 Spring Playoffs,2022-03-23,DWG KIA,,Mid,ShowMaker,허수,Heo Su,South Korea,Korea,2000-07-22,0,ShowMaker
2022,Spring,LCK,LoL Champions Korea,韩国,一级联赛,LCK 2022 Spring Playoffs,2022-03-23,DWG KIA,,Bot,deokdam,서대길,Seo Dae-gil,South Korea,Korea,2000-02-25,0,deokdam
2022,Spring,LCK,LoL Champions Korea,韩国,一级联赛,LCK 2022 Spring Playoffs,2022-03-23,DWG KIA,,Support,Kellin,김형규,Kim Hyeong-gyu,South Korea,Korea,2001-02-01,0,Kellin
2022,Spring,LCK,LoL Champions Korea,韩国,一级联赛,LCK 2022 Spring Playoffs,2022-03-23,DWG KIA,,Coach,Daeny,양대인,Yang Dae-in,South Korea,Korea,1993-02-10,0,Daeny
2022,Spring,LCK,LoL Champions Korea,韩国,一级联赛,LCK 2022 Spring Playoffs,2022-03-23,DWG KIA,,Coach,Zefa,이재민,Lee Jae-min,South Korea,Korea,1988-02-04,0,Zefa
2022,Summer,LCK,LoL Champions Korea,韩国,一级联赛,LCK 2022 Summer Playoffs,2022-08-17,DWG KIA,,Top,Burdol,노태윤,Noh Tae-yoon,South Korea,Korea,2003-12-25,0,Burdol
2022,Summer,LCK,LoL Champions Korea,韩国,一级联赛,LCK 2022 Summer Playoffs,2022-08-17,DWG KIA,,Top,Nuguri,장하권,Jang Ha-gwon,South Korea,Korea,1999-07-17,1,Nuguri
2022,Summer,LCK,LoL Champions Korea,韩国,一级联赛,LCK 2022 Summer Playoffs,2022-08-17,DWG KIA,,Jungle,Canyon,김건부,Kim Geon-bu,South Korea,Korea,2001-06-18,0,Canyon
2022,Summer,LCK,LoL Champions Korea,韩国,一级联赛,LCK 2022 Summer Playoffs,2022-08-17,DWG KIA,,Mid,ShowMaker,허수,Heo Su,South Korea,Korea,2000-07-22,0,ShowMaker
2022,Summer,LCK,LoL Champions Korea,韩国,一级联赛,LCK 2022 Summer Playoffs,2022-08-17,DWG KIA,,Bot,deokdam,서대길,Seo Dae-gil,South Korea,Korea,2000-02-25,0,deokdam
2022,Summer,LCK,LoL Champions Korea,韩国,一级联赛,LCK 2022 Summer Playoffs,2022-08-17,DWG KIA,,Support,Kellin,김형규,Kim Hyeong-gyu,South Korea,Korea,2001-02-01,0,Kellin
2022,Summer,LCK,LoL Champions Korea,韩国,一级联赛,LCK 2022 Summer Playoffs,2022-08-17,DWG KIA,,Coach,Daeny,양대인,Yang Dae-in,South Korea,Korea,1993-02-10,0,Daeny
2022,Summer,LCK,LoL Champions Korea,韩国,一级联赛,LCK 2022 Summer Playoffs,2022-08-17,DWG KIA,,Coach,Zefa,이재민,Lee Jae-min,South Korea,Korea,1988-02-04,0,Zefa
2022,Spring,LCK,LoL Champions Korea,韩国,一级联赛,LCK 2022 Spring,2022-01-12,DWG KIA,,Top,HOYA,윤용호,Yoon Yong-ho,South Korea,Korea,2000-08-25,0,Hoya
2022,Spring,LCK,LoL Champions Korea,韩国,一级联赛,LCK 2022 Spring,2022-01-12,DWG KIA,,Top,Burdol,노태윤,Noh Tae-yoon,South Korea,Korea,2003-12-25,0,Burdol
2022,Spring,LCK,LoL Champions Korea,韩国,一级联赛,LCK 2022 Spring,2022-01-12,DWG KIA,,Jungle,Canyon,김건부,Kim Geon-bu,South Korea,Korea,2001-06-18,0,Canyon
2022,Spring,LCK,LoL Champions Korea,韩国,一级联赛,LCK 2022 Spring,2022-01-12,DWG KIA,,Mid,ShowMaker,허수,Heo Su,South Korea,Korea,2000-07-22,0,ShowMaker
2022,Spring,LCK,LoL Champions Korea,韩国,一级联赛,LCK 2022 Spring,2022-01-12,DWG KIA,,Bot,deokdam,서대길,Seo Dae-gil,South Korea,Korea,2000-02-25,0,deokdam
2022,Spring,LCK,LoL Champions Korea,韩国,一级联赛,LCK 2022 Spring,2022-01-12,DWG KIA,,Support,Kellin,김형규,Kim Hyeong-gyu,South Korea,Korea,2001-02-01,0,Kellin
2022,Spring,LCK,LoL Champions Korea,韩国,一级联赛,LCK 2022 Spring,2022-01-12,DWG KIA,,Coach,Daeny,양대인,Yang Dae-in,South Korea,Korea,1993-02-10,0,Daeny
2022,Spring,LCK,LoL Champions Korea,韩国,一级联赛,LCK 2022 Spring,2022-01-12,DWG KIA,,Coach,Zefa,이재민,Lee Jae-min,South Korea,Korea,1988-02-04,0,Zefa
2022,Spring,LCK,LoL Champions Korea,韩国,一级联赛,LCK 2022 Spring,2022-01-12,DWG KIA,,Coach,Bubbling,박준형,Park Jun-hyeong,South Korea,Korea,1993-04-13,0,Bubbling
2022,Summer,LCK,LoL Champions Korea,韩国,一级联赛,LCK 2022 Summer,2022-06-15,DWG KIA,,Top,Nuguri,장하권,Jang Ha-gwon,South Korea,Korea,1999-07-17,1,Nuguri
2022,Summer,LCK,LoL Champions Korea,韩国,一级联赛,LCK 2022 Summer,2022-06-15,DWG KIA,,Jungle,Canyon,김건부,Kim Geon-bu,South Korea,Korea,2001-06-18,0,Canyon
2022,Summer,LCK,LoL Champions Korea,韩国,一级联赛,LCK 2022 Summer,2022-06-15,DWG KIA,,Mid,ShowMaker,허수,Heo Su,South Korea,Korea,2000-07-22,0,ShowMaker
2022,Summer,LCK,LoL Champions Korea,韩国,一级联赛,LCK 2022 Summer,2022-06-15,DWG KIA,,Bot,deokdam,서대길,Seo Dae-gil,South Korea,Korea,2000-02-25,0,deokdam
2022,Summer,LCK,LoL Champions Korea,韩国,一级联赛,LCK 2022 Summer,2022-06-15,DWG KIA,,Support,Kellin,김형규,Kim Hyeong-gyu,South Korea,Korea,2001-02-01,0,Kellin
2022,Summer,LCK,LoL Champions Korea,韩国,一级联赛,LCK 2022 Summer,2022-06-15,DWG KIA,,Support,Bible,윤설,Yoon Seol,South Korea,Korea,1999-11-24,0,Bible
2022,Summer,LCK,LoL Champions Korea,韩国,一级联赛,LCK 2022 Summer,2022-06-15,DWG KIA,,Coach,Daeny,양대인,Yang Dae-in,South Korea,Korea,1993-02-10,0,Daeny
2022,Summer,LCK,LoL Champions Korea,韩国,一级联赛,LCK 2022 Summer,2022-06-15,DWG KIA,,Coach,Zefa,이재민,Lee Jae-min,South Korea,Korea,1988-02-04,0,Zefa
2024,Spring,LCK,LoL Champions Korea,韩国,一级联赛,LCK 2024 Spring,2024-01-17,FearX,,Top,Clear,송현민,Song Hyeon-min,South Korea,Korea,2002-12-19,0,Clear (Song Hyeon-min)
2024,Spring,LCK,LoL Champions Korea,韩国,一级联赛,LCK 2024 Spring,2024-01-17,FearX,,Jungle,Willer,김정현,Kim Jeong-hyeon,South Korea,Korea,2003-04-24,0,Willer
2024,Spring,LCK,LoL Champions Korea,韩国,一级联赛,LCK 2024 Spring,2024-01-17,FearX,,Mid,Clozer,이주현,Lee Ju-hyeon,South Korea,Korea,2003-07-27,0,Clozer
2024,Spring,LCK,LoL Champions Korea,韩国,一级联赛,LCK 2024 Spring,2024-01-17,FearX,,Bot,Hena,박증환,Park Jeung-hwan,South Korea,Korea,1999-10-08,0,Hena
2024,Spring,LCK,LoL Champions Korea,韩国,一级联赛,LCK 2024 Spring,2024-01-17,FearX,,Support,Execute,이정훈,Lee Jeong-hoon,South Korea,Korea,2000-02-22,0,Execute
2024,Spring,LCK,LoL Champions Korea,韩国,一级联赛,LCK 2024 Spring,2024-01-17,FearX,,Coach,Ryu,류상욱,Ryu Sang-wook,South Korea,Korea,1994-01-28,0,Ryu
2024,Spring,LCK,LoL Champions Korea,韩国,一级联赛,LCK 2024 Spring,2024-01-17,FearX,,Coach,DooTi,최두성,Choi Du-seong,South Korea,Korea,1991-11-03,0,DooTi
2022,Spring,LCK,LoL Champions Korea,韩国,一级联赛,LCK 2022 Spring,2022-01-12,Fredit BRION,,Top,Morgan,박루한,Park Ru-han,South Korea,Korea,2001-09-26,0,Morgan
2022,Spring,LCK,LoL Champions Korea,韩国,一级联赛,LCK 2022 Spring,2022-01-12,Fredit BRION,,Top,Sw0rd,최성원,Choi Sung-won,South Korea,Korea,1997-06-16,0,Sw0rd
2022,Spring,LCK,LoL Champions Korea,韩国,一级联赛,LCK 2022 Spring,2022-01-12,Fredit BRION,,Top,Soboro,임성민,Lim Seong-min,South Korea,Korea,2004-01-10,0,Soboro
2022,Spring,LCK,LoL Champions Korea,韩国,一级联赛,LCK 2022 Spring,2022-01-12,Fredit BRION,,Jungle,UmTi,엄성현,Um Sung-hyeon,South Korea,Korea,1999-06-02,0,UmTi
2022,Spring,LCK,LoL Champions Korea,韩国,一级联赛,LCK 2022 Spring,2022-01-12,Fredit BRION,,Jungle,Raptor,전어진,Jeon Eo-jin,South Korea,Korea,2004-11-15,0,Raptor (Jeon Eo-jin)
2022,Spring,LCK,LoL Champions Korea,韩国,一级联赛,LCK 2022 Spring,2022-01-12,Fredit BRION,,Jungle,Listo,강우석,Kang Woo-seok,South Korea,Korea,2005-03-09,0,Listo
2022,Spring,LCK,LoL Champions Korea,韩国,一级联赛,LCK 2022 Spring,2022-01-12,Fredit BRION,,Mid,Lava,김태훈,Kim Tae-hoon,South Korea,Korea,1999-07-14,0,Lava
2022,Spring,LCK,LoL Champions Korea,韩国,一级联赛,LCK 2022 Spring,2022-01-12,Fredit BRION,,Mid,Feisty,정성훈,Jeong Seong-hoon,South Korea,Korea,2003-12-19,0,Feisty
2022,Spring,LCK,LoL Champions Korea,韩国,一级联赛,LCK 2022 Spring,2022-01-12,Fredit BRION,,Bot,Hena,박증환,Park Jeung-hwan,South Korea,Korea,1999-10-08,0,Hena
2022,Spring,LCK,LoL Champions Korea,韩国,一级联赛,LCK 2022 Spring,2022-01-12,Fredit BRION,,Bot,Gamin,가민준,Ga Min-joon,South Korea,Korea,2003-12-05,0,Gamin
2022,Spring,LCK,LoL Champions Korea,韩国,一级联赛,LCK 2022 Spring,2022-01-12,Fredit BRION,,Support,Delight,유환중,Yoo Hwan-joong,South Korea,Korea,2002-09-12,0,Delight
2022,Spring,LCK,LoL Champions Korea,韩国,一级联赛,LCK 2022 Spring,2022-01-12,Fredit BRION,,Support,Loopy,김동현,Kim Dong-hyeon,South Korea,Korea,2004-06-09,0,Loopy
2022,Spring,LCK,LoL Champions Korea,韩国,一级联赛,LCK 2022 Spring,2022-01-12,Fredit BRION,,Coach,Edgar,최우범,Choi Woo-beom,South Korea,Korea,1984-01-03,0,Edgar
2022,Spring,LCK,LoL Champions Korea,韩国,一级联赛,LCK 2022 Spring,2022-01-12,Fredit BRION,,Coach,Drinker,이승후,Lee Seung-hoo,South Korea,Korea,1989-05-20,0,Drinker
2022,Spring,LCK,LoL Champions Korea,韩国,一级联赛,LCK 2022 Spring,2022-01-12,Fredit BRION,,Coach,Kite,김용연,Kim Yong-yeon,South Korea,Korea,1995-02-06,0,Kite (Kim Yong-yeon)
2022,Spring,LCK,LoL Champions Korea,韩国,一级联赛,LCK 2022 Spring,2022-01-12,Fredit BRION,,Coach,MintTea,송무현,Song Moo-hyeon,South Korea,Korea,1988-03-27,0,MintTea
2022,Summer,LCK,LoL Champions Korea,韩国,一级联赛,LCK 2022 Summer,2022-06-15,Fredit BRION,,Top,Morgan,박루한,Park Ru-han,South Korea,Korea,2001-09-26,0,Morgan
2022,Summer,LCK,LoL Champions Korea,韩国,一级联赛,LCK 2022 Summer,2022-06-15,Fredit BRION,,Top,Sw0rd,최성원,Choi Sung-won,South Korea,Korea,1997-06-16,0,Sw0rd
2022,Summer,LCK,LoL Champions Korea,韩国,一级联赛,LCK 2022 Summer,2022-06-15,Fredit BRION,,Jungle,UmTi,엄성현,Um Sung-hyeon,South Korea,Korea,1999-06-02,0,UmTi
2022,Summer,LCK,LoL Champions Korea,韩国,一级联赛,LCK 2022 Summer,2022-06-15,Fredit BRION,,Jungle,Raptor,전어진,Jeon Eo-jin,South Korea,Korea,2004-11-15,0,Raptor (Jeon Eo-jin)
2022,Summer,LCK,LoL Champions Korea,韩国,一级联赛,LCK 2022 Summer,2022-06-15,Fredit BRION,,Mid,Lava,김태훈,Kim Tae-hoon,South Korea,Korea,1999-07-14,0,Lava
2022,Summer,LCK,LoL Champions Korea,韩国,一级联赛,LCK 2022 Summer,2022-06-15,Fredit BRION,,Bot,Hena,박증환,Park Jeung-hwan,South Korea,Korea,1999-10-08,0,Hena
2022,Summer,LCK,LoL Champions Korea,韩国,一级联赛,LCK 2022 Summer,2022-06-15,Fredit BRION,,Bot,Gamin,가민준,Ga Min-joon,South Korea,Korea,2003-12-05,0,Gamin
2022,Summer,LCK,LoL Champions Korea,韩国,一级联赛,LCK 2022 Summer,2022-06-15,Fredit BRION,,Support,Delight,유환중,Yoo Hwan-joong,South Korea,Korea,2002-09-12,0,Delight
2022,Summer,LCK,LoL Champions Korea,韩国,一级联赛,LCK 2022 Summer,2022-06-15,Fredit BRION,,Coach,Edgar,최우범,Choi Woo-beom,South Korea,Korea,1984-01-03,0,Edgar
2022,Summer,LCK,LoL Champions Korea,韩国,一级联赛,LCK 2022 Summer,2022-06-15,Fredit BRION,,Coach,Drinker,이승후,Lee Seung-hoo,South Korea,Korea,1989-05-20,0,Drinker
2022,Spring,LCK,LoL Champions Korea,韩国,一级联赛,LCK 2022 Spring Playoffs,2022-03-23,Fredit BRION,,Top,Morgan,박루한,Park Ru-han,South Korea,Korea,2001-09-26,0,Morgan
2022,Spring,LCK,LoL Champions Korea,韩国,一级联赛,LCK 2022 Spring Playoffs,2022-03-23,Fredit BRION,,Jungle,UmTi,엄성현,Um Sung-hyeon,South Korea,Korea,1999-06-02,0,UmTi
2022,Spring,LCK,LoL Champions Korea,韩国,一级联赛,LCK 2022 Spring Playoffs,2022-03-23,Fredit BRION,,Mid,Lava,김태훈,Kim Tae-hoon,South Korea,Korea,1999-07-14,0,Lava
2022,Spring,LCK,LoL Champions Korea,韩国,一级联赛,LCK 2022 Spring Playoffs,2022-03-23,Fredit BRION,,Bot,Hena,박증환,Park Jeung-hwan,South Korea,Korea,1999-10-08,0,Hena
2022,Spring,LCK,LoL Champions Korea,韩国,一级联赛,LCK 2022 Spring Playoffs,2022-03-23,Fredit BRION,,Support,Delight,유환중,Yoo Hwan-joong,South Korea,Korea,2002-09-12,0,Delight
2022,Spring,LCK,LoL Champions Korea,韩国,一级联赛,LCK 2022 Spring Playoffs,2022-03-23,Fredit BRION,,Coach,Edgar,최우범,Choi Woo-beom,South Korea,Korea,1984-01-03,0,Edgar
2022,Spring,LCK,LoL Champions Korea,韩国,一级联赛,LCK 2022 Spring Playoffs,2022-03-23,Fredit BRION,,Coach,Drinker,이승후,Lee Seung-hoo,South Korea,Korea,1989-05-20,0,Drinker
2023,Summer,LCK,LoL Champions Korea,韩国,一级联赛,LCK 2023 Summer Playoffs,2023-08-08,Gen.G,,Top,Doran,최현준,Choi Hyeon-joon,South Korea,Korea,2000-07-22,0,Doran (Choi Hyeon-joon)
2023,Summer,LCK,LoL Champions Korea,韩国,一级联赛,LCK 2023 Summer Playoffs,2023-08-08,Gen.G,,Jungle,Peanut,한왕호,Han Wang-ho,South Korea,Korea,1998-02-03,1,Peanut
2023,Summer,LCK,LoL Champions Korea,韩国,一级联赛,LCK 2023 Summer Playoffs,2023-08-08,Gen.G,,Mid,Chovy,정지훈,Jeong Ji-hoon,South Korea,Korea,2001-03-03,0,Chovy
2023,Summer,LCK,LoL Champions Korea,韩国,一级联赛,LCK 2023 Summer Playoffs,2023-08-08,Gen.G,,Bot,Peyz,김수환,Kim Su-hwan,South Korea,Korea,2005-12-05,0,Peyz
2023,Summer,LCK,LoL Champions Korea,韩国,一级联赛,LCK 2023 Summer Playoffs,2023-08-08,Gen.G,,Support,Delight,유환중,Yoo Hwan-joong,South Korea,Korea,2002-09-12,0,Delight
2023,Summer,LCK,LoL Champions Korea,韩国,一级联赛,LCK 2023 Summer Playoffs,2023-08-08,Gen.G,,Coach,Score,고동빈,Go Dong-bin,South Korea,Korea,1992-07-08,0,Score
2023,Summer,LCK,LoL Champions Korea,韩国,一级联赛,LCK 2023 Summer Playoffs,2023-08-08,Gen.G,,Coach,Mafa,원상연,Won Sang-yeon,South Korea,Korea,1992-10-30,0,Mafa
2023,Summer,LCK,LoL Champions Korea,韩国,一级联赛,LCK 2023 Summer,2023-06-07,Gen.G,,Top,Doran,최현준,Choi Hyeon-joon,South Korea,Korea,2000-07-22,0,Doran (Choi Hyeon-joon)
2023,Summer,LCK,LoL Champions Korea,韩国,一级联赛,LCK 2023 Summer,2023-06-07,Gen.G,,Jungle,Peanut,한왕호,Han Wang-ho,South Korea,Korea,1998-02-03,1,Peanut
2023,Summer,LCK,LoL Champions Korea,韩国,一级联赛,LCK 2023 Summer,2023-06-07,Gen.G,,Mid,Chovy,정지훈,Jeong Ji-hoon,South Korea,Korea,2001-03-03,0,Chovy
2023,Summer,LCK,LoL Champions Korea,韩国,一级联赛,LCK 2023 Summer,2023-06-07,Gen.G,,Bot,Peyz,김수환,Kim Su-hwan,South Korea,Korea,2005-12-05,0,Peyz
2023,Summer,LCK,LoL Champions Korea,韩国,一级联赛,LCK 2023 Summer,2023-06-07,Gen.G,,Support,Delight,유환중,Yoo Hwan-joong,South Korea,Korea,2002-09-12,0,Delight
2023,Summer,LCK,LoL Champions Korea,韩国,一级联赛,LCK 2023 Summer,2023-06-07,Gen.G,,Coach,Score,고동빈,Go Dong-bin,South Korea,Korea,1992-07-08,0,Score
2023,Summer,LCK,LoL Champions Korea,韩国,一级联赛,LCK 2023 Summer,2023-06-07,Gen.G,,Coach,Mafa,원상연,Won Sang-yeon,South Korea,Korea,1992-10-30,0,Mafa
2023,Spring,LCK,LoL Champions Korea,韩国,一级联赛,LCK 2023 Spring,2023-01-18,Gen.G,,Top,Doran,최현준,Choi Hyeon-joon,South Korea,Korea,2000-07-22,0,Doran (Choi Hyeon-joon)
2023,Spring,LCK,LoL Champions Korea,韩国,一级联赛,LCK 2023 Spring,2023-01-18,Gen.G,,Jungle,Peanut,한왕호,Han Wang-ho,South Korea,Korea,1998-02-03,1,Peanut
2023,Spring,LCK,LoL Champions Korea,韩国,一级联赛,LCK 2023 Spring,2023-01-18,Gen.G,,Mid,Chovy,정지훈,Jeong Ji-hoon,South Korea,Korea,2001-03-03,0,Chovy
2023,Spring,LCK,LoL Champions Korea,韩国,一级联赛,LCK 2023 Spring,2023-01-18,Gen.G,,Bot,Peyz,김수환,Kim Su-hwan,South Korea,Korea,2005-12-05,0,Peyz
2023,Spring,LCK,LoL Champions Korea,韩国,一级联赛,LCK 2023 Spring,2023-01-18,Gen.G,,Support,Delight,유환중,Yoo Hwan-joong,South Korea,Korea,2002-09-12,0,Delight
2023,Spring,LCK,LoL Champions Korea,韩国,一级联赛,LCK 2023 Spring,2023-01-18,Gen.G,,Coach,Score,고동빈,Go Dong-bin,South Korea,Korea,1992-07-08,0,Score
2023,Spring,LCK,LoL Champions Korea,韩国,一级联赛,LCK 2023 Spring,2023-01-18,Gen.G,,Coach,Mafa,원상연,Won Sang-yeon,South Korea,Korea,1992-10-30,0,Mafa
2023,Spring,LCK,LoL Champions Korea,韩国,一级联赛,LCK 2023 Spring Playoffs,2023-03-22,Gen.G,,Top,Doran,최현준,Choi Hyeon-joon,South Korea,Korea,2000-07-22,0,Doran (Choi Hyeon-joon)
2023,Spring,LCK,LoL Champions Korea,韩国,一级联赛,LCK 2023 Spring Playoffs,2023-03-22,Gen.G,,Jungle,Peanut,한왕호,Han Wang-ho,South Korea,Korea,1998-02-03,1,Peanut
2023,Spring,LCK,LoL Champions Korea,韩国,一级联赛,LCK 2023 Spring Playoffs,2023-03-22,Gen.G,,Mid,Chovy,정지훈,Jeong Ji-hoon,South Korea,Korea,2001-03-03,0,Chovy
2023,Spring,LCK,LoL Champions Korea,韩国,一级联赛,LCK 2023 Spring Playoffs,2023-03-22,Gen.G,,Bot,Peyz,김수환,Kim Su-hwan,South Korea,Korea,2005-12-05,0,Peyz
2023,Spring,LCK,LoL Champions Korea,韩国,一级联赛,LCK 2023 Spring Playoffs,2023-03-22,Gen.G,,Support,Delight,유환중,Yoo Hwan-joong,South Korea,Korea,2002-09-12,0,Delight
2023,Spring,LCK,LoL Champions Korea,韩国,一级联赛,LCK 2023 Spring Playoffs,2023-03-22,Gen.G,,Coach,Score,고동빈,Go Dong-bin,South Korea,Korea,1992-07-08,0,Score
2023,Spring,LCK,LoL Champions Korea,韩国,一级联赛,LCK 2023 Spring Playoffs,2023-03-22,Gen.G,,Coach,Mafa,원상연,Won Sang-yeon,South Korea,Korea,1992-10-30,0,Mafa
2022,Spring,LCK,LoL Champions Korea,韩国,一级联赛,LCK 2022 Spring Playoffs,2022-03-23,Gen.G,,Top,Doran,최현준,Choi Hyeon-joon,South Korea,Korea,2000-07-22,0,Doran (Choi Hyeon-joon)
2022,Spring,LCK,LoL Champions Korea,韩国,一级联赛,LCK 2022 Spring Playoffs,2022-03-23,Gen.G,,Jungle,Peanut,한왕호,Han Wang-ho,South Korea,Korea,1998-02-03,1,Peanut
2022,Spring,LCK,LoL Champions Korea,韩国,一级联赛,LCK 2022 Spring Playoffs,2022-03-23,Gen.G,,Mid,Chovy,정지훈,Jeong Ji-hoon,South Korea,Korea,2001-03-03,0,Chovy
2022,Spring,LCK,LoL Champions Korea,韩国,一级联赛,LCK 2022 Spring Playoffs,2022-03-23,Gen.G,,Bot,Ruler,박재혁,Park Jae-hyuk,South Korea,Korea,1998-12-29,0,Ruler
2022,Spring,LCK,LoL Champions Korea,韩国,一级联赛,LCK 2022 Spring Playoffs,2022-03-23,Gen.G,,Support,Lehends,손시우,Son Si-woo,South Korea,Korea,1998-12-24,0,Lehends
2022,Spring,LCK,LoL Champions Korea,韩国,一级联赛,LCK 2022 Spring Playoffs,2022-03-23,Gen.G,,Coach,Score,고동빈,Go Dong-bin,South Korea,Korea,1992-07-08,0,Score
2022,Spring,LCK,LoL Champions Korea,韩国,一级联赛,LCK 2022 Spring Playoffs,2022-03-23,Gen.G,,Coach,Mafa,원상연,Won Sang-yeon,South Korea,Korea,1992-10-30,0,Mafa
2022,Summer,LCK,LoL Champions Korea,韩国,一级联赛,LCK 2022 Summer Playoffs,2022-08-17,Gen.G,,Top,Doran,최현준,Choi Hyeon-joon,South Korea,Korea,2000-07-22,0,Doran (Choi Hyeon-joon)
2022,Summer,LCK,LoL Champions Korea,韩国,一级联赛,LCK 2022 Summer Playoffs,2022-08-17,Gen.G,,Jungle,Peanut,한왕호,Han Wang-ho,South Korea,Korea,1998-02-03,1,Peanut
2022,Summer,LCK,LoL Champions Korea,韩国,一级联赛,LCK 2022 Summer Playoffs,2022-08-17,Gen.G,,Mid,Chovy,정지훈,Jeong Ji-hoon,South Korea,Korea,2001-03-03,0,Chovy
2022,Summer,LCK,LoL Champions Korea,韩国,一级联赛,LCK 2022 Summer Playoffs,2022-08-17,Gen.G,,Bot,Ruler,박재혁,Park Jae-hyuk,South Korea,Korea,1998-12-29,0,Ruler
2022,Summer,LCK,LoL Champions Korea,韩国,一级联赛,LCK 2022 Summer Playoffs,2022-08-17,Gen.G,,Support,Lehends,손시우,Son Si-woo,South Korea,Korea,1998-12-24,0,Lehends
2022,Summer,LCK,LoL Champions Korea,韩国,一级联赛,LCK 2022 Summer Playoffs,2022-08-17,Gen.G,,Coach,Score,고동빈,Go Dong-bin,South Korea,Korea,1992-07-08,0,Score
2022,Summer,LCK,LoL Champions Korea,韩国,一级联赛,LCK 2022 Summer Playoffs,2022-08-17,Gen.G,,Coach,Mafa,원상연,Won Sang-yeon,South Korea,Korea,1992-10-30,0,Mafa
2022,Summer,LCK,LoL Champions Korea,韩国,一级联赛,LCK 2022 Summer,2022-06-15,Gen.G,,Top,Doran,최현준,Choi Hyeon-joon,South Korea,Korea,2000-07-22,0,Doran (Choi Hyeon-joon)
2022,Summer,LCK,LoL Champions Korea,韩国,一级联赛,LCK 2022 Summer,2022-06-15,Gen.G,,Jungle,Peanut,한왕호,Han Wang-ho,South Korea,Korea,1998-02-03,1,Peanut
2022,Summer,LCK,LoL Champions Korea,韩国,一级联赛,LCK 2022 Summer,2022-06-15,Gen.G,,Mid,Chovy,정지훈,Jeong Ji-hoon,South Korea,Korea,2001-03-03,0,Chovy
2022,Summer,LCK,LoL Champions Korea,韩国,一级联赛,LCK 2022 Summer,2022-06-15,Gen.G,,Bot,Ruler,박재혁,Park Jae-hyuk,South Korea,Korea,1998-12-29,0,Ruler
2022,Summer,LCK,LoL Champions Korea,韩国,一级联赛,LCK 2022 Summer,2022-06-15,Gen.G,,Support,Lehends,손시우,Son Si-woo,South Korea,Korea,1998-12-24,0,Lehends
2022,Summer,LCK,LoL Champions Korea,韩国,一级联赛,LCK 2022 Summer,2022-06-15,Gen.G,,Coach,Score,고동빈,Go Dong-bin,South Korea,Korea,1992-07-08,0,Score
2022,Summer,LCK,LoL Champions Korea,韩国,一级联赛,LCK 2022 Summer,2022-06-15,Gen.G,,Coach,Mafa,원상연,Won Sang-yeon,South Korea,Korea,1992-10-30,0,Mafa
2022,Spring,LCK,LoL Champions Korea,韩国,一级联赛,LCK 2022 Spring,2022-01-12,Gen.G,,Top,Doran,최현준,Choi Hyeon-joon,South Korea,Korea,2000-07-22,0,Doran (Choi Hyeon-joon)
2022,Spring,LCK,LoL Champions Korea,韩国,一级联赛,LCK 2022 Spring,2022-01-12,Gen.G,,Top,Zest,김동민,Kim Dong-min,South Korea,Korea,2003-11-05,0,Zest (Kim Dong-min)
2022,Spring,LCK,LoL Champions Korea,韩国,一级联赛,LCK 2022 Spring,2022-01-12,Gen.G,,"Top,Mid",Quid,임현승,Lim Hyeon-seung,South Korea,Korea,2004-04-27,0,Quid
2022,Spring,LCK,LoL Champions Korea,韩国,一级联赛,LCK 2022 Spring,2022-01-12,Gen.G,,Jungle,Peanut,한왕호,Han Wang-ho,South Korea,Korea,1998-02-03,1,Peanut
2022,Spring,LCK,LoL Champions Korea,韩国,一级联赛,LCK 2022 Spring,2022-01-12,Gen.G,,Jungle,YoungJae,고영재,Ko Yeong-jae,South Korea,Korea,2002-11-16,0,YoungJae
2022,Spring,LCK,LoL Champions Korea,韩国,一级联赛,LCK 2022 Spring,2022-01-12,Gen.G,,Mid,Chovy,정지훈,Jeong Ji-hoon,South Korea,Korea,2001-03-03,0,Chovy
2022,Spring,LCK,LoL Champions Korea,韩国,一级联赛,LCK 2022 Spring,2022-01-12,Gen.G,,Bot,Ruler,박재혁,Park Jae-hyuk,South Korea,Korea,1998-12-29,0,Ruler
2022,Spring,LCK,LoL Champions Korea,韩国,一级联赛,LCK 2022 Spring,2022-01-12,Gen.G,,"Bot,Mid",Ophelia,백진성,Baek Jin-seong,South Korea,Korea,2003-02-05,0,Ophelia
2022,Spring,LCK,LoL Champions Korea,韩国,一级联赛,LCK 2022 Spring,2022-01-12,Gen.G,,Support,Lehends,손시우,Son Si-woo,South Korea,Korea,1998-12-24,0,Lehends
2022,Spring,LCK,LoL Champions Korea,韩国,一级联赛,LCK 2022 Spring,2022-01-12,Gen.G,,Support,Lospa,박준형,Park Joon-hyeong,South Korea,Korea,2002-09-30,0,Lospa
2022,Spring,LCK,LoL Champions Korea,韩国,一级联赛,LCK 2022 Spring,2022-01-12,Gen.G,,Coach,Score,고동빈,Go Dong-bin,South Korea,Korea,1992-07-08,0,Score
2022,Spring,LCK,LoL Champions Korea,韩国,一级联赛,LCK 2022 Spring,2022-01-12,Gen.G,,Coach,Mafa,원상연,Won Sang-yeon,South Korea,Korea,1992-10-30,0,Mafa
2022,Spring,LCK,LoL Champions Korea,韩国,一级联赛,LCK 2022 Spring,2022-01-12,Gen.G,,Coach,Museong,김무성,Kim Moo-seong,South Korea,Korea,1997-10-09,0,Museong
2024,Spring,LCK,LoL Champions Korea,韩国,一级联赛,LCK 2024 Spring Playoffs,2024-03-30,Gen.G,,Top,Kiin,김기인,Kim Gi-in,South Korea,Korea,1999-05-28,0,Kiin
2024,Spring,LCK,LoL Champions Korea,韩国,一级联赛,LCK 2024 Spring Playoffs,2024-03-30,Gen.G,,Jungle,Canyon,김건부,Kim Geon-bu,South Korea,Korea,2001-06-18,0,Canyon
2024,Spring,LCK,LoL Champions Korea,韩国,一级联赛,LCK 2024 Spring Playoffs,2024-03-30,Gen.G,,Mid,Chovy,정지훈,Jeong Ji-hoon,South Korea,Korea,2001-03-03,0,Chovy
2024,Spring,LCK,LoL Champions Korea,韩国,一级联赛,LCK 2024 Spring Playoffs,2024-03-30,Gen.G,,Bot,Peyz,김수환,Kim Su-hwan,South Korea,Korea,2005-12-05,0,Peyz
2024,Spring,LCK,LoL Champions Korea,韩国,一级联赛,LCK 2024 Spring Playoffs,2024-03-30,Gen.G,,Support,Lehends,손시우,Son Si-woo,South Korea,Korea,1998-12-24,0,Lehends
2024,Spring,LCK,LoL Champions Korea,韩国,一级联赛,LCK 2024 Spring Playoffs,2024-03-30,Gen.G,,Coach,KIM,김정수,Kim Jeong-soo,South Korea,Korea,1988-06-17,0,KIM (Kim Jeong-soo)
2024,Spring,LCK,LoL Champions Korea,韩国,一级联赛,LCK 2024 Spring Playoffs,2024-03-30,Gen.G,,Coach,Helper,권영재,Kwon Yeong-jae,South Korea,Korea,1995-03-24,0,Helper (Kwon Yeong-jae)
2024,Summer,LCK,LoL Champions Korea,韩国,一级联赛,LCK 2024 Summer Playoffs,2024-08-23,Gen.G,,Top,Kiin,김기인,Kim Gi-in,South Korea,Korea,1999-05-28,0,Kiin
2024,Summer,LCK,LoL Champions Korea,韩国,一级联赛,LCK 2024 Summer Playoffs,2024-08-23,Gen.G,,Jungle,Canyon,김건부,Kim Geon-bu,South Korea,Korea,2001-06-18,0,Canyon
2024,Summer,LCK,LoL Champions Korea,韩国,一级联赛,LCK 2024 Summer Playoffs,2024-08-23,Gen.G,,Mid,Chovy,정지훈,Jeong Ji-hoon,South Korea,Korea,2001-03-03,0,Chovy
2024,Summer,LCK,LoL Champions Korea,韩国,一级联赛,LCK 2024 Summer Playoffs,2024-08-23,Gen.G,,Bot,Peyz,김수환,Kim Su-hwan,South Korea,Korea,2005-12-05,0,Peyz
2024,Summer,LCK,LoL Champions Korea,韩国,一级联赛,LCK 2024 Summer Playoffs,2024-08-23,Gen.G,,Support,Lehends,손시우,Son Si-woo,South Korea,Korea,1998-12-24,0,Lehends
2024,Summer,LCK,LoL Champions Korea,韩国,一级联赛,LCK 2024 Summer Playoffs,2024-08-23,Gen.G,,Coach,KIM,김정수,Kim Jeong-soo,South Korea,Korea,1988-06-17,0,KIM (Kim Jeong-soo)
2024,Summer,LCK,LoL Champions Korea,韩国,一级联赛,LCK 2024 Summer Playoffs,2024-08-23,Gen.G,,Coach,Helper,권영재,Kwon Yeong-jae,South Korea,Korea,1995-03-24,0,Helper (Kwon Yeong-jae)
2024,Summer,LCK,LoL Champions Korea,韩国,一级联赛,LCK 2024 Summer,2024-06-12,Gen.G,,Top,Kiin,김기인,Kim Gi-in,South Korea,Korea,1999-05-28,0,Kiin
2024,Summer,LCK,LoL Champions Korea,韩国,一级联赛,LCK 2024 Summer,2024-06-12,Gen.G,,Jungle,Canyon,김건부,Kim Geon-bu,South Korea,Korea,2001-06-18,0,Canyon
2024,Summer,LCK,LoL Champions Korea,韩国,一级联赛,LCK 2024 Summer,2024-06-12,Gen.G,,Mid,Chovy,정지훈,Jeong Ji-hoon,South Korea,Korea,2001-03-03,0,Chovy
2024,Summer,LCK,LoL Champions Korea,韩国,一级联赛,LCK 2024 Summer,2024-06-12,Gen.G,,Bot,Peyz,김수환,Kim Su-hwan,South Korea,Korea,2005-12-05,0,Peyz
2024,Summer,LCK,LoL Champions Korea,韩国,一级联赛,LCK 2024 Summer,2024-06-12,Gen.G,,Support,Lehends,손시우,Son Si-woo,South Korea,Korea,1998-12-24,0,Lehends
2024,Summer,LCK,LoL Champions Korea,韩国,一级联赛,LCK 2024 Summer,2024-06-12,Gen.G,,Coach,KIM,김정수,Kim Jeong-soo,South Korea,Korea,1988-06-17,0,KIM (Kim Jeong-soo)
2024,Summer,LCK,LoL Champions Korea,韩国,一级联赛,LCK 2024 Summer,2024-06-12,Gen.G,,Coach,Helper,권영재,Kwon Yeong-jae,South Korea,Korea,1995-03-24,0,Helper (Kwon Yeong-jae)
2024,Spring,LCK,LoL Champions Korea,韩国,一级联赛,LCK 2024 Spring,2024-01-17,Gen.G,,Top,Kiin,김기인,Kim Gi-in,South Korea,Korea,1999-05-28,0,Kiin
2024,Spring,LCK,LoL Champions Korea,韩国,一级联赛,LCK 2024 Spring,2024-01-17,Gen.G,,Jungle,Canyon,김건부,Kim Geon-bu,South Korea,Korea,2001-06-18,0,Canyon
2024,Spring,LCK,LoL Champions Korea,韩国,一级联赛,LCK 2024 Spring,2024-01-17,Gen.G,,Mid,Chovy,정지훈,Jeong Ji-hoon,South Korea,Korea,2001-03-03,0,Chovy
2024,Spring,LCK,LoL Champions Korea,韩国,一级联赛,LCK 2024 Spring,2024-01-17,Gen.G,,Bot,Peyz,김수환,Kim Su-hwan,South Korea,Korea,2005-12-05,0,Peyz
2024,Spring,LCK,LoL Champions Korea,韩国,一级联赛,LCK 2024 Spring,2024-01-17,Gen.G,,Support,Lehends,손시우,Son Si-woo,South Korea,Korea,1998-12-24,0,Lehends
2024,Spring,LCK,LoL Champions Korea,韩国,一级联赛,LCK 2024 Spring,2024-01-17,Gen.G,,Coach,KIM,김정수,Kim Jeong-soo,South Korea,Korea,1988-06-17,0,KIM (Kim Jeong-soo)
2024,Spring,LCK,LoL Champions Korea,韩国,一级联赛,LCK 2024 Spring,2024-01-17,Gen.G,,Coach,Helper,권영재,Kwon Yeong-jae,South Korea,Korea,1995-03-24,0,Helper (Kwon Yeong-jae)
2024,Spring,LCK,LoL Champions Korea,韩国,一级联赛,LCK 2024 Spring,2024-01-17,Gen.G,,Coach,Mata,조세형,Cho Se-hyeong,South Korea,Korea,1994-02-27,0,Mata
2025,Rounds 3-5,LCK,LoL Champions Korea,韩国,一级联赛,LCK 2025 Rounds 3-5,2025-07-23,Gen.G,,Top,Kiin,김기인,Kim Gi-in,South Korea,Korea,1999-05-28,0,Kiin
2025,Rounds 3-5,LCK,LoL Champions Korea,韩国,一级联赛,LCK 2025 Rounds 3-5,2025-07-23,Gen.G,,Jungle,Canyon,김건부,Kim Geon-bu,South Korea,Korea,2001-06-18,0,Canyon
2025,Rounds 3-5,LCK,LoL Champions Korea,韩国,一级联赛,LCK 2025 Rounds 3-5,2025-07-23,Gen.G,,Mid,Chovy,정지훈,Jeong Ji-hoon,South Korea,Korea,2001-03-03,0,Chovy
2025,Rounds 3-5,LCK,LoL Champions Korea,韩国,一级联赛,LCK 2025 Rounds 3-5,2025-07-23,Gen.G,,Bot,Ruler,박재혁,Park Jae-hyuk,South Korea,Korea,1998-12-29,0,Ruler
2025,Rounds 3-5,LCK,LoL Champions Korea,韩国,一级联赛,LCK 2025 Rounds 3-5,2025-07-23,Gen.G,,Support,Duro,주민규,Joo Min-kyu,South Korea,Korea,2002-02-04,0,Duro
2025,Rounds 3-5,LCK,LoL Champions Korea,韩国,一级联赛,LCK 2025 Rounds 3-5,2025-07-23,Gen.G,,Coach,KIM,김정수,Kim Jeong-soo,South Korea,Korea,1988-06-17,0,KIM (Kim Jeong-soo)
2025,Rounds 3-5,LCK,LoL Champions Korea,韩国,一级联赛,LCK 2025 Rounds 3-5,2025-07-23,Gen.G,,Coach,Helper,권영재,Kwon Yeong-jae,South Korea,Korea,1995-03-24,0,Helper (Kwon Yeong-jae)
2025,Rounds 3-5,LCK,LoL Champions Korea,韩国,一级联赛,LCK 2025 Rounds 3-5,2025-07-23,Gen.G,,Coach,Lyn,김다빈,Kim Da-bin,South Korea,Korea,1996-08-25,0,Lyn
2025,Rounds 1-2,LCK,LoL Champions Korea,韩国,一级联赛,LCK 2025 Rounds 1-2,2025-04-02,Gen.G,,Top,Kiin,김기인,Kim Gi-in,South Korea,Korea,1999-05-28,0,Kiin
2025,Rounds 1-2,LCK,LoL Champions Korea,韩国,一级联赛,LCK 2025 Rounds 1-2,2025-04-02,Gen.G,,Jungle,Canyon,김건부,Kim Geon-bu,South Korea,Korea,2001-06-18,0,Canyon
2025,Rounds 1-2,LCK,LoL Champions Korea,韩国,一级联赛,LCK 2025 Rounds 1-2,2025-04-02,Gen.G,,Mid,Chovy,정지훈,Jeong Ji-hoon,South Korea,Korea,2001-03-03,0,Chovy
2025,Rounds 1-2,LCK,LoL Champions Korea,韩国,一级联赛,LCK 2025 Rounds 1-2,2025-04-02,Gen.G,,Bot,Ruler,박재혁,Park Jae-hyuk,South Korea,Korea,1998-12-29,0,Ruler
2025,Rounds 1-2,LCK,LoL Champions Korea,韩国,一级联赛,LCK 2025 Rounds 1-2,2025-04-02,Gen.G,,Support,Duro,주민규,Joo Min-kyu,South Korea,Korea,2002-02-04,0,Duro
2025,Rounds 1-2,LCK,LoL Champions Korea,韩国,一级联赛,LCK 2025 Rounds 1-2,2025-04-02,Gen.G,,Coach,KIM,김정수,Kim Jeong-soo,South Korea,Korea,1988-06-17,0,KIM (Kim Jeong-soo)
2025,Rounds 1-2,LCK,LoL Champions Korea,韩国,一级联赛,LCK 2025 Rounds 1-2,2025-04-02,Gen.G,,Coach,Helper,권영재,Kwon Yeong-jae,South Korea,Korea,1995-03-24,0,Helper (Kwon Yeong-jae)
2025,Rounds 1-2,LCK,LoL Champions Korea,韩国,一级联赛,LCK 2025 Rounds 1-2,2025-04-02,Gen.G,,Coach,Lyn,김다빈,Kim Da-bin,South Korea,Korea,1996-08-25,0,Lyn
2025,Rounds 1-2,LCK,LoL Champions Korea,韩国,一级联赛,LCK 2025 Road to MSI,2025-06-07,Gen.G,,Top,Kiin,김기인,Kim Gi-in,South Korea,Korea,1999-05-28,0,Kiin
2025,Rounds 1-2,LCK,LoL Champions Korea,韩国,一级联赛,LCK 2025 Road to MSI,2025-06-07,Gen.G,,Jungle,Canyon,김건부,Kim Geon-bu,South Korea,Korea,2001-06-18,0,Canyon
2025,Rounds 1-2,LCK,LoL Champions Korea,韩国,一级联赛,LCK 2025 Road to MSI,2025-06-07,Gen.G,,Mid,Chovy,정지훈,Jeong Ji-hoon,South Korea,Korea,2001-03-03,0,Chovy
2025,Rounds 1-2,LCK,LoL Champions Korea,韩国,一级联赛,LCK 2025 Road to MSI,2025-06-07,Gen.G,,Bot,Ruler,박재혁,Park Jae-hyuk,South Korea,Korea,1998-12-29,0,Ruler
2025,Rounds 1-2,LCK,LoL Champions Korea,韩国,一级联赛,LCK 2025 Road to MSI,2025-06-07,Gen.G,,Support,Duro,주민규,Joo Min-kyu,South Korea,Korea,2002-02-04,0,Duro
2025,Rounds 1-2,LCK,LoL Champions Korea,韩国,一级联赛,LCK 2025 Road to MSI,2025-06-07,Gen.G,,Coach,KIM,김정수,Kim Jeong-soo,South Korea,Korea,1988-06-17,0,KIM (Kim Jeong-soo)
2025,Rounds 1-2,LCK,LoL Champions Korea,韩国,一级联赛,LCK 2025 Road to MSI,2025-06-07,Gen.G,,Coach,Helper,권영재,Kwon Yeong-jae,South Korea,Korea,1995-03-24,0,Helper (Kwon Yeong-jae)
2025,Rounds 1-2,LCK,LoL Champions Korea,韩国,一级联赛,LCK 2025 Road to MSI,2025-06-07,Gen.G,,Coach,Lyn,김다빈,Kim Da-bin,South Korea,Korea,1996-08-25,0,Lyn
2025,Rounds 3-5,LCK,LoL Champions Korea,韩国,一级联赛,LCK 2025 Season Playoffs,2025-09-10,Gen.G,,Top,Kiin,김기인,Kim Gi-in,South Korea,Korea,1999-05-28,0,Kiin
2025,Rounds 3-5,LCK,LoL Champions Korea,韩国,一级联赛,LCK 2025 Season Playoffs,2025-09-10,Gen.G,,Jungle,Canyon,김건부,Kim Geon-bu,South Korea,Korea,2001-06-18,0,Canyon
2025,Rounds 3-5,LCK,LoL Champions Korea,韩国,一级联赛,LCK 2025 Season Playoffs,2025-09-10,Gen.G,,Mid,Chovy,정지훈,Jeong Ji-hoon,South Korea,Korea,2001-03-03,0,Chovy
2025,Rounds 3-5,LCK,LoL Champions Korea,韩国,一级联赛,LCK 2025 Season Playoffs,2025-09-10,Gen.G,,Bot,Ruler,박재혁,Park Jae-hyuk,South Korea,Korea,1998-12-29,0,Ruler
2025,Rounds 3-5,LCK,LoL Champions Korea,韩国,一级联赛,LCK 2025 Season Playoffs,2025-09-10,Gen.G,,Support,Duro,주민규,Joo Min-kyu,South Korea,Korea,2002-02-04,0,Duro
2025,Rounds 3-5,LCK,LoL Champions Korea,韩国,一级联赛,LCK 2025 Season Playoffs,2025-09-10,Gen.G,,Coach,KIM,김정수,Kim Jeong-soo,South Korea,Korea,1988-06-17,0,KIM (Kim Jeong-soo)
2025,Rounds 3-5,LCK,LoL Champions Korea,韩国,一级联赛,LCK 2025 Season Playoffs,2025-09-10,Gen.G,,Coach,Helper,권영재,Kwon Yeong-jae,South Korea,Korea,1995-03-24,0,Helper (Kwon Yeong-jae)
2025,Rounds 3-5,LCK,LoL Champions Korea,韩国,一级联赛,LCK 2025 Season Playoffs,2025-09-10,Gen.G,,Coach,Lyn,김다빈,Kim Da-bin,South Korea,Korea,1996-08-25,0,Lyn
2025,Cup,LCK,LoL Champions Korea,韩国,一级联赛,LCK Cup 2025,2025-01-15,Gen.G,,Top,Kiin,김기인,Kim Gi-in,South Korea,Korea,1999-05-28,0,Kiin
2025,Cup,LCK,LoL Champions Korea,韩国,一级联赛,LCK Cup 2025,2025-01-15,Gen.G,,Jungle,Canyon,김건부,Kim Geon-bu,South Korea,Korea,2001-06-18,0,Canyon
2025,Cup,LCK,LoL Champions Korea,韩国,一级联赛,LCK Cup 2025,2025-01-15,Gen.G,,Mid,Chovy,정지훈,Jeong Ji-hoon,South Korea,Korea,2001-03-03,0,Chovy
2025,Cup,LCK,LoL Champions Korea,韩国,一级联赛,LCK Cup 2025,2025-01-15,Gen.G,,Bot,Ruler,박재혁,Park Jae-hyuk,South Korea,Korea,1998-12-29,0,Ruler
2025,Cup,LCK,LoL Champions Korea,韩国,一级联赛,LCK Cup 2025,2025-01-15,Gen.G,,Support,Duro,주민규,Joo Min-kyu,South Korea,Korea,2002-02-04,0,Duro
2025,Cup,LCK,LoL Champions Korea,韩国,一级联赛,LCK Cup 2025,2025-01-15,Gen.G,,Coach,KIM,김정수,Kim Jeong-soo,South Korea,Korea,1988-06-17,0,KIM (Kim Jeong-soo)
2025,Cup,LCK,LoL Champions Korea,韩国,一级联赛,LCK Cup 2025,2025-01-15,Gen.G,,Coach,Helper,권영재,Kwon Yeong-jae,South Korea,Korea,1995-03-24,0,Helper (Kwon Yeong-jae)
2025,Cup,LCK,LoL Champions Korea,韩国,一级联赛,LCK Cup 2025,2025-01-15,Gen.G,,Coach,Lyn,김다빈,Kim Da-bin,South Korea,Korea,1996-08-25,0,Lyn
2026,Cup,LCK,LoL Champions Korea,韩国,一级联赛,LCK Cup 2026,2026-01-14,Gen.G,,Top,Kiin,김기인,Kim Gi-in,South Korea,Korea,1999-05-28,0,Kiin
2026,Cup,LCK,LoL Champions Korea,韩国,一级联赛,LCK Cup 2026,2026-01-14,Gen.G,,Jungle,Canyon,김건부,Kim Geon-bu,South Korea,Korea,2001-06-18,0,Canyon
2026,Cup,LCK,LoL Champions Korea,韩国,一级联赛,LCK Cup 2026,2026-01-14,Gen.G,,Mid,Chovy,정지훈,Jeong Ji-hoon,South Korea,Korea,2001-03-03,0,Chovy
2026,Cup,LCK,LoL Champions Korea,韩国,一级联赛,LCK Cup 2026,2026-01-14,Gen.G,,Bot,Ruler,박재혁,Park Jae-hyuk,South Korea,Korea,1998-12-29,0,Ruler
2026,Cup,LCK,LoL Champions Korea,韩国,一级联赛,LCK Cup 2026,2026-01-14,Gen.G,,Support,Duro,주민규,Joo Min-kyu,South Korea,Korea,2002-02-04,0,Duro
2026,Cup,LCK,LoL Champions Korea,韩国,一级联赛,LCK Cup 2026,2026-01-14,Gen.G,,Coach,Ryu,류상욱,Ryu Sang-wook,South Korea,Korea,1994-01-28,0,Ryu
2026,Cup,LCK,LoL Champions Korea,韩国,一级联赛,LCK Cup 2026,2026-01-14,Gen.G,,Coach,Lyn,김다빈,Kim Da-bin,South Korea,Korea,1996-08-25,0,Lyn
2026,Cup,LCK,LoL Champions Korea,韩国,一级联赛,LCK Cup 2026,2026-01-14,Gen.G,,Coach,Nova,박찬호,Park Chan-ho,South Korea,Korea,1997-11-27,0,Nova (Park Chan-ho)
2026,Rounds 1-2,LCK,LoL Champions Korea,韩国,一级联赛,LCK 2026 Road to MSI,2026-06-06,Gen.G,,Top,Kiin,김기인,Kim Gi-in,South Korea,Korea,1999-05-28,0,Kiin
2026,Rounds 1-2,LCK,LoL Champions Korea,韩国,一级联赛,LCK 2026 Road to MSI,2026-06-06,Gen.G,,Jungle,Canyon,김건부,Kim Geon-bu,South Korea,Korea,2001-06-18,0,Canyon
2026,Rounds 1-2,LCK,LoL Champions Korea,韩国,一级联赛,LCK 2026 Road to MSI,2026-06-06,Gen.G,,Mid,Chovy,정지훈,Jeong Ji-hoon,South Korea,Korea,2001-03-03,0,Chovy
2026,Rounds 1-2,LCK,LoL Champions Korea,韩国,一级联赛,LCK 2026 Road to MSI,2026-06-06,Gen.G,,Bot,Ruler,박재혁,Park Jae-hyuk,South Korea,Korea,1998-12-29,0,Ruler
2026,Rounds 1-2,LCK,LoL Champions Korea,韩国,一级联赛,LCK 2026 Road to MSI,2026-06-06,Gen.G,,Support,Duro,주민규,Joo Min-kyu,South Korea,Korea,2002-02-04,0,Duro
2026,Rounds 1-2,LCK,LoL Champions Korea,韩国,一级联赛,LCK 2026 Road to MSI,2026-06-06,Gen.G,,Coach,Ryu,류상욱,Ryu Sang-wook,South Korea,Korea,1994-01-28,0,Ryu
2026,Rounds 1-2,LCK,LoL Champions Korea,韩国,一级联赛,LCK 2026 Road to MSI,2026-06-06,Gen.G,,Coach,Lyn,김다빈,Kim Da-bin,South Korea,Korea,1996-08-25,0,Lyn
2026,Rounds 1-2,LCK,LoL Champions Korea,韩国,一级联赛,LCK 2026 Road to MSI,2026-06-06,Gen.G,,Coach,Nova,박찬호,Park Chan-ho,South Korea,Korea,1997-11-27,0,Nova (Park Chan-ho)
2026,Rounds 1-2,LCK,LoL Champions Korea,韩国,一级联赛,LCK 2026 Rounds 1-2,2026-04-01,Gen.G,,Top,Kiin,김기인,Kim Gi-in,South Korea,Korea,1999-05-28,0,Kiin
2026,Rounds 1-2,LCK,LoL Champions Korea,韩国,一级联赛,LCK 2026 Rounds 1-2,2026-04-01,Gen.G,,Jungle,Canyon,김건부,Kim Geon-bu,South Korea,Korea,2001-06-18,0,Canyon
2026,Rounds 1-2,LCK,LoL Champions Korea,韩国,一级联赛,LCK 2026 Rounds 1-2,2026-04-01,Gen.G,,Mid,Chovy,정지훈,Jeong Ji-hoon,South Korea,Korea,2001-03-03,0,Chovy
2026,Rounds 1-2,LCK,LoL Champions Korea,韩国,一级联赛,LCK 2026 Rounds 1-2,2026-04-01,Gen.G,,Bot,Ruler,박재혁,Park Jae-hyuk,South Korea,Korea,1998-12-29,0,Ruler
2026,Rounds 1-2,LCK,LoL Champions Korea,韩国,一级联赛,LCK 2026 Rounds 1-2,2026-04-01,Gen.G,,Support,Duro,주민규,Joo Min-kyu,South Korea,Korea,2002-02-04,0,Duro
2026,Rounds 1-2,LCK,LoL Champions Korea,韩国,一级联赛,LCK 2026 Rounds 1-2,2026-04-01,Gen.G,,Coach,Ryu,류상욱,Ryu Sang-wook,South Korea,Korea,1994-01-28,0,Ryu
2026,Rounds 1-2,LCK,LoL Champions Korea,韩国,一级联赛,LCK 2026 Rounds 1-2,2026-04-01,Gen.G,,Coach,Lyn,김다빈,Kim Da-bin,South Korea,Korea,1996-08-25,0,Lyn
2026,Rounds 1-2,LCK,LoL Champions Korea,韩国,一级联赛,LCK 2026 Rounds 1-2,2026-04-01,Gen.G,,Coach,Nova,박찬호,Park Chan-ho,South Korea,Korea,1997-11-27,0,Nova (Park Chan-ho)
2026,Rounds 3-4,LCK,LoL Champions Korea,韩国,一级联赛,LCK 2026 Season Playoffs,2026-08-29,Gen.G,,Top,Kiin,김기인,Kim Gi-in,South Korea,Korea,1999-05-28,0,Kiin
2026,Rounds 3-4,LCK,LoL Champions Korea,韩国,一级联赛,LCK 2026 Season Playoffs,2026-08-29,Gen.G,,Jungle,Canyon,김건부,Kim Geon-bu,South Korea,Korea,2001-06-18,0,Canyon
2026,Rounds 3-4,LCK,LoL Champions Korea,韩国,一级联赛,LCK 2026 Season Playoffs,2026-08-29,Gen.G,,Mid,Chovy,정지훈,Jeong Ji-hoon,South Korea,Korea,2001-03-03,0,Chovy
2026,Rounds 3-4,LCK,LoL Champions Korea,韩国,一级联赛,LCK 2026 Season Playoffs,2026-08-29,Gen.G,,Bot,Ruler,박재혁,Park Jae-hyuk,South Korea,Korea,1998-12-29,0,Ruler
2026,Rounds 3-4,LCK,LoL Champions Korea,韩国,一级联赛,LCK 2026 Season Playoffs,2026-08-29,Gen.G,,Support,Duro,주민규,Joo Min-kyu,South Korea,Korea,2002-02-04,0,Duro
2026,Rounds 3-4,LCK,LoL Champions Korea,韩国,一级联赛,LCK 2026 Season Playoffs,2026-08-29,Gen.G,,Coach,Ryu,류상욱,Ryu Sang-wook,South Korea,Korea,1994-01-28,0,Ryu
2026,Rounds 3-4,LCK,LoL Champions Korea,韩国,一级联赛,LCK 2026 Season Playoffs,2026-08-29,Gen.G,,Coach,Lyn,김다빈,Kim Da-bin,South Korea,Korea,1996-08-25,0,Lyn
2026,Rounds 3-4,LCK,LoL Champions Korea,韩国,一级联赛,LCK 2026 Season Playoffs,2026-08-29,Gen.G,,Coach,Nova,박찬호,Park Chan-ho,South Korea,Korea,1997-11-27,0,Nova (Park Chan-ho)
2026,Rounds 3-4,LCK,LoL Champions Korea,韩国,一级联赛,LCK 2026 Rounds 3-4,2026-07-29,Gen.G,,Top,Kiin,김기인,Kim Gi-in,South Korea,Korea,1999-05-28,0,Kiin
2026,Rounds 3-4,LCK,LoL Champions Korea,韩国,一级联赛,LCK 2026 Rounds 3-4,2026-07-29,Gen.G,,Jungle,Canyon,김건부,Kim Geon-bu,South Korea,Korea,2001-06-18,0,Canyon
2026,Rounds 3-4,LCK,LoL Champions Korea,韩国,一级联赛,LCK 2026 Rounds 3-4,2026-07-29,Gen.G,,Mid,Chovy,정지훈,Jeong Ji-hoon,South Korea,Korea,2001-03-03,0,Chovy
2026,Rounds 3-4,LCK,LoL Champions Korea,韩国,一级联赛,LCK 2026 Rounds 3-4,2026-07-29,Gen.G,,Bot,Ruler,박재혁,Park Jae-hyuk,South Korea,Korea,1998-12-29,0,Ruler
2026,Rounds 3-4,LCK,LoL Champions Korea,韩国,一级联赛,LCK 2026 Rounds 3-4,2026-07-29,Gen.G,,Support,Duro,주민규,Joo Min-kyu,South Korea,Korea,2002-02-04,0,Duro
2026,Rounds 3-4,LCK,LoL Champions Korea,韩国,一级联赛,LCK 2026 Rounds 3-4,2026-07-29,Gen.G,,Coach,Ryu,류상욱,Ryu Sang-wook,South Korea,Korea,1994-01-28,0,Ryu
2026,Rounds 3-4,LCK,LoL Champions Korea,韩国,一级联赛,LCK 2026 Rounds 3-4,2026-07-29,Gen.G,,Coach,Lyn,김다빈,Kim Da-bin,South Korea,Korea,1996-08-25,0,Lyn
2026,Rounds 3-4,LCK,LoL Champions Korea,韩国,一级联赛,LCK 2026 Rounds 3-4,2026-07-29,Gen.G,,Coach,Nova,박찬호,Park Chan-ho,South Korea,Korea,1997-11-27,0,Nova (Park Chan-ho)
2026,Rounds 1-2,LCK,LoL Champions Korea,韩国,一级联赛,LCK 2026 Rounds 1-2,2026-04-01,HANJIN BRION,,Top,Casting,신민제,Shin Min-je,South Korea,Korea,2003-10-30,0,Casting
2026,Rounds 1-2,LCK,LoL Champions Korea,韩国,一级联赛,LCK 2026 Rounds 1-2,2026-04-01,HANJIN BRION,,Jungle,GIDEON,김민성,Kim Min-seong,South Korea,Korea,2003-08-14,0,GIDEON
2026,Rounds 1-2,LCK,LoL Champions Korea,韩国,一级联赛,LCK 2026 Rounds 1-2,2026-04-01,HANJIN BRION,,Mid,Loki,이상민,Lee Sang-min,South Korea,Korea,2005-03-26,0,Loki (Lee Sang-min)
2026,Rounds 1-2,LCK,LoL Champions Korea,韩国,一级联赛,LCK 2026 Rounds 1-2,2026-04-01,HANJIN BRION,,Mid,Roamer,조우진,Jo Woo-jin,South Korea,Korea,2003-08-03,0,Roamer
2026,Rounds 1-2,LCK,LoL Champions Korea,韩国,一级联赛,LCK 2026 Rounds 1-2,2026-04-01,HANJIN BRION,,Bot,Teddy,박진성,Park Jin-seong,South Korea,Korea,1998-03-15,0,Teddy
2026,Rounds 1-2,LCK,LoL Champions Korea,韩国,一级联赛,LCK 2026 Rounds 1-2,2026-04-01,HANJIN BRION,,Support,Namgung,남궁성훈,Namgung Seong-hoon,South Korea,Korea,2003-10-04,0,Namgung
2026,Rounds 1-2,LCK,LoL Champions Korea,韩国,一级联赛,LCK 2026 Rounds 1-2,2026-04-01,HANJIN BRION,,Coach,Ssong,김상수,Kim Sang-soo,South Korea,Korea,1989-10-15,0,Ssong
2026,Rounds 1-2,LCK,LoL Champions Korea,韩国,一级联赛,LCK 2026 Rounds 1-2,2026-04-01,HANJIN BRION,,Coach,Duke,이호성,Lee Ho-seong,South Korea,Korea,1994-12-19,0,Duke (Lee Ho-seong)
2026,Rounds 1-2,LCK,LoL Champions Korea,韩国,一级联赛,LCK 2026 Road to MSI,2026-06-06,HANJIN BRION,,Top,Casting,신민제,Shin Min-je,South Korea,Korea,2003-10-30,0,Casting
2026,Rounds 1-2,LCK,LoL Champions Korea,韩国,一级联赛,LCK 2026 Road to MSI,2026-06-06,HANJIN BRION,,Jungle,GIDEON,김민성,Kim Min-seong,South Korea,Korea,2003-08-14,0,GIDEON
2026,Rounds 1-2,LCK,LoL Champions Korea,韩国,一级联赛,LCK 2026 Road to MSI,2026-06-06,HANJIN BRION,,Mid,Roamer,조우진,Jo Woo-jin,South Korea,Korea,2003-08-03,0,Roamer
2026,Rounds 1-2,LCK,LoL Champions Korea,韩国,一级联赛,LCK 2026 Road to MSI,2026-06-06,HANJIN BRION,,Mid,Loki,이상민,Lee Sang-min,South Korea,Korea,2005-03-26,0,Loki (Lee Sang-min)
2026,Rounds 1-2,LCK,LoL Champions Korea,韩国,一级联赛,LCK 2026 Road to MSI,2026-06-06,HANJIN BRION,,Bot,Teddy,박진성,Park Jin-seong,South Korea,Korea,1998-03-15,0,Teddy
2026,Rounds 1-2,LCK,LoL Champions Korea,韩国,一级联赛,LCK 2026 Road to MSI,2026-06-06,HANJIN BRION,,Support,Namgung,남궁성훈,Namgung Seong-hoon,South Korea,Korea,2003-10-04,0,Namgung
2026,Rounds 1-2,LCK,LoL Champions Korea,韩国,一级联赛,LCK 2026 Road to MSI,2026-06-06,HANJIN BRION,,Coach,Ssong,김상수,Kim Sang-soo,South Korea,Korea,1989-10-15,0,Ssong
2026,Rounds 1-2,LCK,LoL Champions Korea,韩国,一级联赛,LCK 2026 Road to MSI,2026-06-06,HANJIN BRION,,Coach,Duke,이호성,Lee Ho-seong,South Korea,Korea,1994-12-19,0,Duke (Lee Ho-seong)
2026,Rounds 3-4,LCK,LoL Champions Korea,韩国,一级联赛,LCK 2026 Rounds 3-4,2026-07-29,HANJIN BRION,,Top,Casting,신민제,Shin Min-je,South Korea,Korea,2003-10-30,0,Casting
2026,Rounds 3-4,LCK,LoL Champions Korea,韩国,一级联赛,LCK 2026 Rounds 3-4,2026-07-29,HANJIN BRION,,Jungle,GIDEON,김민성,Kim Min-seong,South Korea,Korea,2003-08-14,0,GIDEON
2026,Rounds 3-4,LCK,LoL Champions Korea,韩国,一级联赛,LCK 2026 Rounds 3-4,2026-07-29,HANJIN BRION,,Mid,Roamer,조우진,Jo Woo-jin,South Korea,Korea,2003-08-03,0,Roamer
2026,Rounds 3-4,LCK,LoL Champions Korea,韩国,一级联赛,LCK 2026 Rounds 3-4,2026-07-29,HANJIN BRION,,Bot,Teddy,박진성,Park Jin-seong,South Korea,Korea,1998-03-15,0,Teddy
2026,Rounds 3-4,LCK,LoL Champions Korea,韩国,一级联赛,LCK 2026 Rounds 3-4,2026-07-29,HANJIN BRION,,Support,Namgung,남궁성훈,Namgung Seong-hoon,South Korea,Korea,2003-10-04,0,Namgung
2026,Rounds 3-4,LCK,LoL Champions Korea,韩国,一级联赛,LCK 2026 Rounds 3-4,2026-07-29,HANJIN BRION,,Coach,Ssong,김상수,Kim Sang-soo,South Korea,Korea,1989-10-15,0,Ssong
2026,Rounds 3-4,LCK,LoL Champions Korea,韩国,一级联赛,LCK 2026 Rounds 3-4,2026-07-29,HANJIN BRION,,Coach,Duke,이호성,Lee Ho-seong,South Korea,Korea,1994-12-19,0,Duke (Lee Ho-seong)
2026,Rounds 3-4,LCK,LoL Champions Korea,韩国,一级联赛,LCK 2026 Season Play-In,2026-08-26,HANJIN BRION,,Top,Casting,신민제,Shin Min-je,South Korea,Korea,2003-10-30,0,Casting
2026,Rounds 3-4,LCK,LoL Champions Korea,韩国,一级联赛,LCK 2026 Season Play-In,2026-08-26,HANJIN BRION,,Jungle,GIDEON,김민성,Kim Min-seong,South Korea,Korea,2003-08-14,0,GIDEON
2026,Rounds 3-4,LCK,LoL Champions Korea,韩国,一级联赛,LCK 2026 Season Play-In,2026-08-26,HANJIN BRION,,Mid,Roamer,조우진,Jo Woo-jin,South Korea,Korea,2003-08-03,0,Roamer
2026,Rounds 3-4,LCK,LoL Champions Korea,韩国,一级联赛,LCK 2026 Season Play-In,2026-08-26,HANJIN BRION,,Bot,Teddy,박진성,Park Jin-seong,South Korea,Korea,1998-03-15,0,Teddy
2026,Rounds 3-4,LCK,LoL Champions Korea,韩国,一级联赛,LCK 2026 Season Play-In,2026-08-26,HANJIN BRION,,Support,Namgung,남궁성훈,Namgung Seong-hoon,South Korea,Korea,2003-10-04,0,Namgung
2026,Rounds 3-4,LCK,LoL Champions Korea,韩国,一级联赛,LCK 2026 Season Play-In,2026-08-26,HANJIN BRION,,Coach,Ssong,김상수,Kim Sang-soo,South Korea,Korea,1989-10-15,0,Ssong
2026,Rounds 3-4,LCK,LoL Champions Korea,韩国,一级联赛,LCK 2026 Season Play-In,2026-08-26,HANJIN BRION,,Coach,Duke,이호성,Lee Ho-seong,South Korea,Korea,1994-12-19,0,Duke (Lee Ho-seong)
2024,Spring,LCK,LoL Champions Korea,韩国,一级联赛,LCK 2024 Spring Playoffs,2024-03-30,Hanwha Life Esports,,Top,Doran,최현준,Choi Hyeon-joon,South Korea,Korea,2000-07-22,0,Doran (Choi Hyeon-joon)
2024,Spring,LCK,LoL Champions Korea,韩国,一级联赛,LCK 2024 Spring Playoffs,2024-03-30,Hanwha Life Esports,,Jungle,Peanut,한왕호,Han Wang-ho,South Korea,Korea,1998-02-03,1,Peanut
2024,Spring,LCK,LoL Champions Korea,韩国,一级联赛,LCK 2024 Spring Playoffs,2024-03-30,Hanwha Life Esports,,Mid,Zeka,김건우,Kim Geon-woo,South Korea,Korea,2002-11-28,0,Zeka (Kim Geon-woo)
2024,Spring,LCK,LoL Champions Korea,韩国,一级联赛,LCK 2024 Spring Playoffs,2024-03-30,Hanwha Life Esports,,Bot,Viper,박도현,Park Do-hyeon,South Korea,Korea,2000-10-19,0,Viper (Park Do-hyeon)
2024,Spring,LCK,LoL Champions Korea,韩国,一级联赛,LCK 2024 Spring Playoffs,2024-03-30,Hanwha Life Esports,,Support,Delight,유환중,Yoo Hwan-joong,South Korea,Korea,2002-09-12,0,Delight
2024,Spring,LCK,LoL Champions Korea,韩国,一级联赛,LCK 2024 Spring Playoffs,2024-03-30,Hanwha Life Esports,,Coach,DanDy,최인규,Choi In-kyu,South Korea,Korea,1994-01-03,0,DanDy
2024,Spring,LCK,LoL Champions Korea,韩国,一级联赛,LCK 2024 Spring Playoffs,2024-03-30,Hanwha Life Esports,,Coach,Mowgli,이재하,Lee Jae-ha,South Korea,Korea,1998-04-14,0,Mowgli
2024,Spring,LCK,LoL Champions Korea,韩国,一级联赛,LCK 2024 Spring Playoffs,2024-03-30,Hanwha Life Esports,,Coach,Bibra,김현식,Kim Hyun-sik,South Korea,Korea,1988-10-21,0,Bibra
2024,Spring,LCK,LoL Champions Korea,韩国,一级联赛,LCK 2024 Spring,2024-01-17,Hanwha Life Esports,,Top,Doran,최현준,Choi Hyeon-joon,South Korea,Korea,2000-07-22,0,Doran (Choi Hyeon-joon)
2024,Spring,LCK,LoL Champions Korea,韩国,一级联赛,LCK 2024 Spring,2024-01-17,Hanwha Life Esports,,Jungle,Peanut,한왕호,Han Wang-ho,South Korea,Korea,1998-02-03,1,Peanut
2024,Spring,LCK,LoL Champions Korea,韩国,一级联赛,LCK 2024 Spring,2024-01-17,Hanwha Life Esports,,Mid,Zeka,김건우,Kim Geon-woo,South Korea,Korea,2002-11-28,0,Zeka (Kim Geon-woo)
2024,Spring,LCK,LoL Champions Korea,韩国,一级联赛,LCK 2024 Spring,2024-01-17,Hanwha Life Esports,,Bot,Viper,박도현,Park Do-hyeon,South Korea,Korea,2000-10-19,0,Viper (Park Do-hyeon)
2024,Spring,LCK,LoL Champions Korea,韩国,一级联赛,LCK 2024 Spring,2024-01-17,Hanwha Life Esports,,Support,Delight,유환중,Yoo Hwan-joong,South Korea,Korea,2002-09-12,0,Delight
2024,Spring,LCK,LoL Champions Korea,韩国,一级联赛,LCK 2024 Spring,2024-01-17,Hanwha Life Esports,,Coach,DanDy,최인규,Choi In-kyu,South Korea,Korea,1994-01-03,0,DanDy
2024,Spring,LCK,LoL Champions Korea,韩国,一级联赛,LCK 2024 Spring,2024-01-17,Hanwha Life Esports,,Coach,Mowgli,이재하,Lee Jae-ha,South Korea,Korea,1998-04-14,0,Mowgli
2024,Spring,LCK,LoL Champions Korea,韩国,一级联赛,LCK 2024 Spring,2024-01-17,Hanwha Life Esports,,Coach,Bibra,김현식,Kim Hyun-sik,South Korea,Korea,1988-10-21,0,Bibra
2024,Summer,LCK,LoL Champions Korea,韩国,一级联赛,LCK 2024 Summer Playoffs,2024-08-23,Hanwha Life Esports,,Top,Doran,최현준,Choi Hyeon-joon,South Korea,Korea,2000-07-22,0,Doran (Choi Hyeon-joon)
2024,Summer,LCK,LoL Champions Korea,韩国,一级联赛,LCK 2024 Summer Playoffs,2024-08-23,Hanwha Life Esports,,Jungle,Peanut,한왕호,Han Wang-ho,South Korea,Korea,1998-02-03,1,Peanut
2024,Summer,LCK,LoL Champions Korea,韩国,一级联赛,LCK 2024 Summer Playoffs,2024-08-23,Hanwha Life Esports,,Mid,Zeka,김건우,Kim Geon-woo,South Korea,Korea,2002-11-28,0,Zeka (Kim Geon-woo)
2024,Summer,LCK,LoL Champions Korea,韩国,一级联赛,LCK 2024 Summer Playoffs,2024-08-23,Hanwha Life Esports,,Bot,Viper,박도현,Park Do-hyeon,South Korea,Korea,2000-10-19,0,Viper (Park Do-hyeon)
2024,Summer,LCK,LoL Champions Korea,韩国,一级联赛,LCK 2024 Summer Playoffs,2024-08-23,Hanwha Life Esports,,Support,Delight,유환중,Yoo Hwan-joong,South Korea,Korea,2002-09-12,0,Delight
2024,Summer,LCK,LoL Champions Korea,韩国,一级联赛,LCK 2024 Summer Playoffs,2024-08-23,Hanwha Life Esports,,Coach,DanDy,최인규,Choi In-kyu,South Korea,Korea,1994-01-03,0,DanDy
2024,Summer,LCK,LoL Champions Korea,韩国,一级联赛,LCK 2024 Summer Playoffs,2024-08-23,Hanwha Life Esports,,Coach,Mowgli,이재하,Lee Jae-ha,South Korea,Korea,1998-04-14,0,Mowgli
2024,Summer,LCK,LoL Champions Korea,韩国,一级联赛,LCK 2024 Summer Playoffs,2024-08-23,Hanwha Life Esports,,Coach,Bibra,김현식,Kim Hyun-sik,South Korea,Korea,1988-10-21,0,Bibra
2024,Summer,LCK,LoL Champions Korea,韩国,一级联赛,LCK 2024 Summer,2024-06-12,Hanwha Life Esports,,Top,Doran,최현준,Choi Hyeon-joon,South Korea,Korea,2000-07-22,0,Doran (Choi Hyeon-joon)
2024,Summer,LCK,LoL Champions Korea,韩国,一级联赛,LCK 2024 Summer,2024-06-12,Hanwha Life Esports,,Jungle,Peanut,한왕호,Han Wang-ho,South Korea,Korea,1998-02-03,1,Peanut
2024,Summer,LCK,LoL Champions Korea,韩国,一级联赛,LCK 2024 Summer,2024-06-12,Hanwha Life Esports,,Mid,Zeka,김건우,Kim Geon-woo,South Korea,Korea,2002-11-28,0,Zeka (Kim Geon-woo)
2024,Summer,LCK,LoL Champions Korea,韩国,一级联赛,LCK 2024 Summer,2024-06-12,Hanwha Life Esports,,Bot,Viper,박도현,Park Do-hyeon,South Korea,Korea,2000-10-19,0,Viper (Park Do-hyeon)
2024,Summer,LCK,LoL Champions Korea,韩国,一级联赛,LCK 2024 Summer,2024-06-12,Hanwha Life Esports,,Support,Delight,유환중,Yoo Hwan-joong,South Korea,Korea,2002-09-12,0,Delight
2024,Summer,LCK,LoL Champions Korea,韩国,一级联赛,LCK 2024 Summer,2024-06-12,Hanwha Life Esports,,Coach,DanDy,최인규,Choi In-kyu,South Korea,Korea,1994-01-03,0,DanDy
2024,Summer,LCK,LoL Champions Korea,韩国,一级联赛,LCK 2024 Summer,2024-06-12,Hanwha Life Esports,,Coach,Mowgli,이재하,Lee Jae-ha,South Korea,Korea,1998-04-14,0,Mowgli
2024,Summer,LCK,LoL Champions Korea,韩国,一级联赛,LCK 2024 Summer,2024-06-12,Hanwha Life Esports,,Coach,Bibra,김현식,Kim Hyun-sik,South Korea,Korea,1988-10-21,0,Bibra
2022,Spring,LCK,LoL Champions Korea,韩国,一级联赛,LCK 2022 Spring,2022-01-12,Hanwha Life Esports,,Top,DuDu,이동주,Lee Dong-ju,South Korea,Korea,2001-03-08,0,DuDu (Lee Dong-ju)
2022,Spring,LCK,LoL Champions Korea,韩国,一级联赛,LCK 2022 Spring,2022-01-12,Hanwha Life Esports,,Jungle,OnFleek,김장겸,Kim Jang-gyeom,South Korea,Korea,1997-12-20,0,OnFleek
2022,Spring,LCK,LoL Champions Korea,韩国,一级联赛,LCK 2022 Spring,2022-01-12,Hanwha Life Esports,,Jungle,Seonbi (Koo Kwan-mo),,,,,,,Seonbi (Koo Kwan-mo)
2022,Spring,LCK,LoL Champions Korea,韩国,一级联赛,LCK 2022 Spring,2022-01-12,Hanwha Life Esports,,Jungle,Willer,김정현,Kim Jeong-hyeon,South Korea,Korea,2003-04-24,0,Willer
2022,Spring,LCK,LoL Champions Korea,韩国,一级联赛,LCK 2022 Spring,2022-01-12,Hanwha Life Esports,,Mid,Karis,김홍조,Kim Hong-jo,South Korea,Korea,2003-05-21,0,Karis
2022,Spring,LCK,LoL Champions Korea,韩国,一级联赛,LCK 2022 Spring,2022-01-12,Hanwha Life Esports,,Bot,SamD,이재훈,Lee Jae-hoon,South Korea,Korea,2001-03-14,0,SamD
2022,Spring,LCK,LoL Champions Korea,韩国,一级联赛,LCK 2022 Spring,2022-01-12,Hanwha Life Esports,,Bot,Cheoni,조승모,Jo Seung-mo,South Korea,Korea,2001-02-02,0,Cheoni
2022,Spring,LCK,LoL Champions Korea,韩国,一级联赛,LCK 2022 Spring,2022-01-12,Hanwha Life Esports,,Support,Vsta,오효성,Oh Hyo-seong,South Korea,Korea,2000-10-03,0,Vsta
2022,Spring,LCK,LoL Champions Korea,韩国,一级联赛,LCK 2022 Spring,2022-01-12,Hanwha Life Esports,,Support,Baut,한진솔,Han Jin-sol,South Korea,Korea,2001-03-30,0,Baut
2022,Spring,LCK,LoL Champions Korea,韩国,一级联赛,LCK 2022 Spring,2022-01-12,Hanwha Life Esports,,Coach,Kezman,손대영,Son Dae-young,South Korea,Korea,1983-04-06,0,Kezman
2022,Spring,LCK,LoL Champions Korea,韩国,一级联赛,LCK 2022 Spring,2022-01-12,Hanwha Life Esports,,Coach,SuDal,김성진,Kim Sung-jin,South Korea,Korea,1994-02-03,0,SuDal
2022,Summer,LCK,LoL Champions Korea,韩国,一级联赛,LCK 2022 Summer,2022-06-15,Hanwha Life Esports,,Top,DuDu,이동주,Lee Dong-ju,South Korea,Korea,2001-03-08,0,DuDu (Lee Dong-ju)
2022,Summer,LCK,LoL Champions Korea,韩国,一级联赛,LCK 2022 Summer,2022-06-15,Hanwha Life Esports,,Jungle,OnFleek,김장겸,Kim Jang-gyeom,South Korea,Korea,1997-12-20,0,OnFleek
2022,Summer,LCK,LoL Champions Korea,韩国,一级联赛,LCK 2022 Summer,2022-06-15,Hanwha Life Esports,,Jungle,Willer,김정현,Kim Jeong-hyeon,South Korea,Korea,2003-04-24,0,Willer
2022,Summer,LCK,LoL Champions Korea,韩国,一级联赛,LCK 2022 Summer,2022-06-15,Hanwha Life Esports,,Mid,Karis,김홍조,Kim Hong-jo,South Korea,Korea,2003-05-21,0,Karis
2022,Summer,LCK,LoL Champions Korea,韩国,一级联赛,LCK 2022 Summer,2022-06-15,Hanwha Life Esports,,Bot,SamD,이재훈,Lee Jae-hoon,South Korea,Korea,2001-03-14,0,SamD
2022,Summer,LCK,LoL Champions Korea,韩国,一级联赛,LCK 2022 Summer,2022-06-15,Hanwha Life Esports,,Bot,Cheoni,조승모,Jo Seung-mo,South Korea,Korea,2001-02-02,0,Cheoni
2022,Summer,LCK,LoL Champions Korea,韩国,一级联赛,LCK 2022 Summer,2022-06-15,Hanwha Life Esports,,Support,Vsta,오효성,Oh Hyo-seong,South Korea,Korea,2000-10-03,0,Vsta
2022,Summer,LCK,LoL Champions Korea,韩国,一级联赛,LCK 2022 Summer,2022-06-15,Hanwha Life Esports,,Coach,SuDal,김성진,Kim Sung-jin,South Korea,Korea,1994-02-03,0,SuDal
2022,Summer,LCK,LoL Champions Korea,韩国,一级联赛,LCK 2022 Summer,2022-06-15,Hanwha Life Esports,,Coach,DanDy,최인규,Choi In-kyu,South Korea,Korea,1994-01-03,0,DanDy
2022,Summer,LCK,LoL Champions Korea,韩国,一级联赛,LCK 2022 Summer,2022-06-15,Hanwha Life Esports,,Coach,Kezman,손대영,Son Dae-young,South Korea,Korea,1983-04-06,0,Kezman
2023,Summer,LCK,LoL Champions Korea,韩国,一级联赛,LCK 2023 Summer,2023-06-07,Hanwha Life Esports,,Top,Kingen,황성훈,Hwang Seong-hoon,South Korea,Korea,2000-03-11,0,Kingen
2023,Summer,LCK,LoL Champions Korea,韩国,一级联赛,LCK 2023 Summer,2023-06-07,Hanwha Life Esports,,Jungle,Clid,김태민,Kim Tae-min,South Korea,Korea,1999-07-07,0,Clid
2023,Summer,LCK,LoL Champions Korea,韩国,一级联赛,LCK 2023 Summer,2023-06-07,Hanwha Life Esports,,Jungle,Grizzly,조승훈,Jo Seung-hoon,South Korea,Korea,2005-05-25,0,Grizzly
2023,Summer,LCK,LoL Champions Korea,韩国,一级联赛,LCK 2023 Summer,2023-06-07,Hanwha Life Esports,,Mid,Zeka,김건우,Kim Geon-woo,South Korea,Korea,2002-11-28,0,Zeka (Kim Geon-woo)
2023,Summer,LCK,LoL Champions Korea,韩国,一级联赛,LCK 2023 Summer,2023-06-07,Hanwha Life Esports,,Bot,Viper,박도현,Park Do-hyeon,South Korea,Korea,2000-10-19,0,Viper (Park Do-hyeon)
2023,Summer,LCK,LoL Champions Korea,韩国,一级联赛,LCK 2023 Summer,2023-06-07,Hanwha Life Esports,,Support,Life,김정민,Kim Jeong-min,South Korea,Korea,2000-07-07,0,Life
2023,Summer,LCK,LoL Champions Korea,韩国,一级联赛,LCK 2023 Summer,2023-06-07,Hanwha Life Esports,,Coach,DanDy,최인규,Choi In-kyu,South Korea,Korea,1994-01-03,0,DanDy
2023,Summer,LCK,LoL Champions Korea,韩国,一级联赛,LCK 2023 Summer,2023-06-07,Hanwha Life Esports,,Coach,Mowgli,이재하,Lee Jae-ha,South Korea,Korea,1998-04-14,0,Mowgli
2023,Spring,LCK,LoL Champions Korea,韩国,一级联赛,LCK 2023 Spring,2023-01-18,Hanwha Life Esports,,Top,Kingen,황성훈,Hwang Seong-hoon,South Korea,Korea,2000-03-11,0,Kingen
2023,Spring,LCK,LoL Champions Korea,韩国,一级联赛,LCK 2023 Spring,2023-01-18,Hanwha Life Esports,,Jungle,Clid,김태민,Kim Tae-min,South Korea,Korea,1999-07-07,0,Clid
2023,Spring,LCK,LoL Champions Korea,韩国,一级联赛,LCK 2023 Spring,2023-01-18,Hanwha Life Esports,,Mid,Zeka,김건우,Kim Geon-woo,South Korea,Korea,2002-11-28,0,ZEKA (Kim Geon-woo)
2023,Spring,LCK,LoL Champions Korea,韩国,一级联赛,LCK 2023 Spring,2023-01-18,Hanwha Life Esports,,Bot,Viper,박도현,Park Do-hyeon,South Korea,Korea,2000-10-19,0,Viper (Park Do-hyeon)
2023,Spring,LCK,LoL Champions Korea,韩国,一级联赛,LCK 2023 Spring,2023-01-18,Hanwha Life Esports,,Support,Life,김정민,Kim Jeong-min,South Korea,Korea,2000-07-07,0,Life
2023,Spring,LCK,LoL Champions Korea,韩国,一级联赛,LCK 2023 Spring,2023-01-18,Hanwha Life Esports,,Coach,DanDy,최인규,Choi In-kyu,South Korea,Korea,1994-01-03,0,DanDy
2023,Spring,LCK,LoL Champions Korea,韩国,一级联赛,LCK 2023 Spring,2023-01-18,Hanwha Life Esports,,Coach,Mowgli,이재하,Lee Jae-ha,South Korea,Korea,1998-04-14,0,Mowgli
2023,Spring,LCK,LoL Champions Korea,韩国,一级联赛,LCK 2023 Spring Playoffs,2023-03-22,Hanwha Life Esports,,Top,Kingen,황성훈,Hwang Seong-hoon,South Korea,Korea,2000-03-11,0,Kingen
2023,Spring,LCK,LoL Champions Korea,韩国,一级联赛,LCK 2023 Spring Playoffs,2023-03-22,Hanwha Life Esports,,Jungle,Clid,김태민,Kim Tae-min,South Korea,Korea,1999-07-07,0,Clid
2023,Spring,LCK,LoL Champions Korea,韩国,一级联赛,LCK 2023 Spring Playoffs,2023-03-22,Hanwha Life Esports,,Mid,Zeka,김건우,Kim Geon-woo,South Korea,Korea,2002-11-28,0,ZEKA (Kim Geon-woo)
2023,Spring,LCK,LoL Champions Korea,韩国,一级联赛,LCK 2023 Spring Playoffs,2023-03-22,Hanwha Life Esports,,Bot,Viper,박도현,Park Do-hyeon,South Korea,Korea,2000-10-19,0,Viper (Park Do-hyeon)
2023,Spring,LCK,LoL Champions Korea,韩国,一级联赛,LCK 2023 Spring Playoffs,2023-03-22,Hanwha Life Esports,,Support,Life,김정민,Kim Jeong-min,South Korea,Korea,2000-07-07,0,Life
2023,Spring,LCK,LoL Champions Korea,韩国,一级联赛,LCK 2023 Spring Playoffs,2023-03-22,Hanwha Life Esports,,Coach,DanDy,최인규,Choi In-kyu,South Korea,Korea,1994-01-03,0,DanDy
2023,Spring,LCK,LoL Champions Korea,韩国,一级联赛,LCK 2023 Spring Playoffs,2023-03-22,Hanwha Life Esports,,Coach,Mowgli,이재하,Lee Jae-ha,South Korea,Korea,1998-04-14,0,Mowgli
2023,Summer,LCK,LoL Champions Korea,韩国,一级联赛,LCK 2023 Summer Playoffs,2023-08-08,Hanwha Life Esports,,Top,Kingen,황성훈,Hwang Seong-hoon,South Korea,Korea,2000-03-11,0,Kingen
2023,Summer,LCK,LoL Champions Korea,韩国,一级联赛,LCK 2023 Summer Playoffs,2023-08-08,Hanwha Life Esports,,Jungle,Grizzly,조승훈,Jo Seung-hoon,South Korea,Korea,2005-05-25,0,Grizzly
2023,Summer,LCK,LoL Champions Korea,韩国,一级联赛,LCK 2023 Summer Playoffs,2023-08-08,Hanwha Life Esports,,Mid,Zeka,김건우,Kim Geon-woo,South Korea,Korea,2002-11-28,0,Zeka (Kim Geon-woo)
2023,Summer,LCK,LoL Champions Korea,韩国,一级联赛,LCK 2023 Summer Playoffs,2023-08-08,Hanwha Life Esports,,Bot,Viper,박도현,Park Do-hyeon,South Korea,Korea,2000-10-19,0,Viper (Park Do-hyeon)
2023,Summer,LCK,LoL Champions Korea,韩国,一级联赛,LCK 2023 Summer Playoffs,2023-08-08,Hanwha Life Esports,,Support,Life,김정민,Kim Jeong-min,South Korea,Korea,2000-07-07,0,Life
2023,Summer,LCK,LoL Champions Korea,韩国,一级联赛,LCK 2023 Summer Playoffs,2023-08-08,Hanwha Life Esports,,Coach,DanDy,최인규,Choi In-kyu,South Korea,Korea,1994-01-03,0,DanDy
2023,Summer,LCK,LoL Champions Korea,韩国,一级联赛,LCK 2023 Summer Playoffs,2023-08-08,Hanwha Life Esports,,Coach,Mowgli,이재하,Lee Jae-ha,South Korea,Korea,1998-04-14,0,Mowgli
2026,Rounds 3-4,LCK,LoL Champions Korea,韩国,一级联赛,LCK 2026 Rounds 3-4,2026-07-29,Hanwha Life Esports,,Top,Zeus,최우제,Choi Woo-je,South Korea,Korea,2004-01-31,0,Zeus
2026,Rounds 3-4,LCK,LoL Champions Korea,韩国,一级联赛,LCK 2026 Rounds 3-4,2026-07-29,Hanwha Life Esports,,Jungle,Kanavi,서진혁,Seo Jin-hyeok,South Korea,Korea,2000-11-02,0,Kanavi
2026,Rounds 3-4,LCK,LoL Champions Korea,韩国,一级联赛,LCK 2026 Rounds 3-4,2026-07-29,Hanwha Life Esports,,Mid,Zeka,김건우,Kim Geon-woo,South Korea,Korea,2002-11-28,0,Zeka (Kim Geon-woo)
2026,Rounds 3-4,LCK,LoL Champions Korea,韩国,一级联赛,LCK 2026 Rounds 3-4,2026-07-29,Hanwha Life Esports,,Bot,Gumayusi,이민형,Lee Min-hyeong,South Korea,Korea,2002-02-06,0,Gumayusi
2026,Rounds 3-4,LCK,LoL Champions Korea,韩国,一级联赛,LCK 2026 Rounds 3-4,2026-07-29,Hanwha Life Esports,,Support,Delight,유환중,Yoo Hwan-joong,South Korea,Korea,2002-09-12,0,Delight
2026,Rounds 3-4,LCK,LoL Champions Korea,韩国,一级联赛,LCK 2026 Rounds 3-4,2026-07-29,Hanwha Life Esports,,Support,Bluffing,박규용,Park Gyu-yong,South Korea,Korea,2008-12-07,0,Bluffing
2026,Rounds 3-4,LCK,LoL Champions Korea,韩国,一级联赛,LCK 2026 Rounds 3-4,2026-07-29,Hanwha Life Esports,,Coach,Homme,윤성영,Yoon Sung-young,South Korea,Korea,1985-01-01,0,Homme
2026,Rounds 3-4,LCK,LoL Champions Korea,韩国,一级联赛,LCK 2026 Rounds 3-4,2026-07-29,Hanwha Life Esports,,Coach,Mowgli,이재하,Lee Jae-ha,South Korea,Korea,1998-04-14,0,Mowgli
2026,Rounds 3-4,LCK,LoL Champions Korea,韩国,一级联赛,LCK 2026 Rounds 3-4,2026-07-29,Hanwha Life Esports,,Coach,Sin,연형모,Yeon Hyeong-mo,South Korea,Korea,1991-12-12,0,Sin (Yeon Hyeong-mo)
2026,Rounds 1-2,LCK,LoL Champions Korea,韩国,一级联赛,LCK 2026 Rounds 1-2,2026-04-01,Hanwha Life Esports,,Top,Zeus,최우제,Choi Woo-je,South Korea,Korea,2004-01-31,0,Zeus
2026,Rounds 1-2,LCK,LoL Champions Korea,韩国,一级联赛,LCK 2026 Rounds 1-2,2026-04-01,Hanwha Life Esports,,Jungle,Kanavi,서진혁,Seo Jin-hyeok,South Korea,Korea,2000-11-02,0,Kanavi
2026,Rounds 1-2,LCK,LoL Champions Korea,韩国,一级联赛,LCK 2026 Rounds 1-2,2026-04-01,Hanwha Life Esports,,Mid,Zeka,김건우,Kim Geon-woo,South Korea,Korea,2002-11-28,0,Zeka (Kim Geon-woo)
2026,Rounds 1-2,LCK,LoL Champions Korea,韩国,一级联赛,LCK 2026 Rounds 1-2,2026-04-01,Hanwha Life Esports,,Bot,Gumayusi,이민형,Lee Min-hyeong,South Korea,Korea,2002-02-06,0,Gumayusi
2026,Rounds 1-2,LCK,LoL Champions Korea,韩国,一级联赛,LCK 2026 Rounds 1-2,2026-04-01,Hanwha Life Esports,,Support,Delight,유환중,Yoo Hwan-joong,South Korea,Korea,2002-09-12,0,Delight
2026,Rounds 1-2,LCK,LoL Champions Korea,韩国,一级联赛,LCK 2026 Rounds 1-2,2026-04-01,Hanwha Life Esports,,Support,Bluffing,박규용,Park Gyu-yong,South Korea,Korea,2008-12-07,0,Bluffing
2026,Rounds 1-2,LCK,LoL Champions Korea,韩国,一级联赛,LCK 2026 Rounds 1-2,2026-04-01,Hanwha Life Esports,,Coach,Homme,윤성영,Yoon Sung-young,South Korea,Korea,1985-01-01,0,Homme
2026,Rounds 1-2,LCK,LoL Champions Korea,韩国,一级联赛,LCK 2026 Rounds 1-2,2026-04-01,Hanwha Life Esports,,Coach,Mowgli,이재하,Lee Jae-ha,South Korea,Korea,1998-04-14,0,Mowgli
2026,Rounds 1-2,LCK,LoL Champions Korea,韩国,一级联赛,LCK 2026 Rounds 1-2,2026-04-01,Hanwha Life Esports,,Coach,Sin,연형모,Yeon Hyeong-mo,South Korea,Korea,1991-12-12,0,Sin (Yeon Hyeong-mo)
2026,Rounds 1-2,LCK,LoL Champions Korea,韩国,一级联赛,LCK 2026 Road to MSI,2026-06-06,Hanwha Life Esports,,Top,Zeus,최우제,Choi Woo-je,South Korea,Korea,2004-01-31,0,Zeus
2026,Rounds 1-2,LCK,LoL Champions Korea,韩国,一级联赛,LCK 2026 Road to MSI,2026-06-06,Hanwha Life Esports,,Jungle,Kanavi,서진혁,Seo Jin-hyeok,South Korea,Korea,2000-11-02,0,Kanavi
2026,Rounds 1-2,LCK,LoL Champions Korea,韩国,一级联赛,LCK 2026 Road to MSI,2026-06-06,Hanwha Life Esports,,Mid,Zeka,김건우,Kim Geon-woo,South Korea,Korea,2002-11-28,0,Zeka (Kim Geon-woo)
2026,Rounds 1-2,LCK,LoL Champions Korea,韩国,一级联赛,LCK 2026 Road to MSI,2026-06-06,Hanwha Life Esports,,Bot,Gumayusi,이민형,Lee Min-hyeong,South Korea,Korea,2002-02-06,0,Gumayusi
2026,Rounds 1-2,LCK,LoL Champions Korea,韩国,一级联赛,LCK 2026 Road to MSI,2026-06-06,Hanwha Life Esports,,Support,Delight,유환중,Yoo Hwan-joong,South Korea,Korea,2002-09-12,0,Delight
2026,Rounds 1-2,LCK,LoL Champions Korea,韩国,一级联赛,LCK 2026 Road to MSI,2026-06-06,Hanwha Life Esports,,Coach,Homme,윤성영,Yoon Sung-young,South Korea,Korea,1985-01-01,0,Homme
2026,Rounds 1-2,LCK,LoL Champions Korea,韩国,一级联赛,LCK 2026 Road to MSI,2026-06-06,Hanwha Life Esports,,Coach,Mowgli,이재하,Lee Jae-ha,South Korea,Korea,1998-04-14,0,Mowgli
2026,Rounds 1-2,LCK,LoL Champions Korea,韩国,一级联赛,LCK 2026 Road to MSI,2026-06-06,Hanwha Life Esports,,Coach,Sin,연형모,Yeon Hyeong-mo,South Korea,Korea,1991-12-12,0,Sin (Yeon Hyeong-mo)
2026,Rounds 3-4,LCK,LoL Champions Korea,韩国,一级联赛,LCK 2026 Season Playoffs,2026-08-29,Hanwha Life Esports,,Top,Zeus,최우제,Choi Woo-je,South Korea,Korea,2004-01-31,0,Zeus
2026,Rounds 3-4,LCK,LoL Champions Korea,韩国,一级联赛,LCK 2026 Season Playoffs,2026-08-29,Hanwha Life Esports,,Jungle,Kanavi,서진혁,Seo Jin-hyeok,South Korea,Korea,2000-11-02,0,Kanavi
2026,Rounds 3-4,LCK,LoL Champions Korea,韩国,一级联赛,LCK 2026 Season Playoffs,2026-08-29,Hanwha Life Esports,,Mid,Zeka,김건우,Kim Geon-woo,South Korea,Korea,2002-11-28,0,Zeka (Kim Geon-woo)
2026,Rounds 3-4,LCK,LoL Champions Korea,韩国,一级联赛,LCK 2026 Season Playoffs,2026-08-29,Hanwha Life Esports,,Bot,Gumayusi,이민형,Lee Min-hyeong,South Korea,Korea,2002-02-06,0,Gumayusi
2026,Rounds 3-4,LCK,LoL Champions Korea,韩国,一级联赛,LCK 2026 Season Playoffs,2026-08-29,Hanwha Life Esports,,Support,Delight,유환중,Yoo Hwan-joong,South Korea,Korea,2002-09-12,0,Delight
2026,Rounds 3-4,LCK,LoL Champions Korea,韩国,一级联赛,LCK 2026 Season Playoffs,2026-08-29,Hanwha Life Esports,,Coach,Homme,윤성영,Yoon Sung-young,South Korea,Korea,1985-01-01,0,Homme
2026,Rounds 3-4,LCK,LoL Champions Korea,韩国,一级联赛,LCK 2026 Season Playoffs,2026-08-29,Hanwha Life Esports,,Coach,Mowgli,이재하,Lee Jae-ha,South Korea,Korea,1998-04-14,0,Mowgli
2026,Rounds 3-4,LCK,LoL Champions Korea,韩国,一级联赛,LCK 2026 Season Playoffs,2026-08-29,Hanwha Life Esports,,Coach,Sin,연형모,Yeon Hyeong-mo,South Korea,Korea,1991-12-12,0,Sin (Yeon Hyeong-mo)
2026,Cup,LCK,LoL Champions Korea,韩国,一级联赛,LCK Cup 2026,2026-01-14,Hanwha Life Esports,,Top,Zeus,최우제,Choi Woo-je,South Korea,Korea,2004-01-31,0,Zeus
2026,Cup,LCK,LoL Champions Korea,韩国,一级联赛,LCK Cup 2026,2026-01-14,Hanwha Life Esports,,Jungle,Kanavi,서진혁,Seo Jin-hyeok,South Korea,Korea,2000-11-02,0,Kanavi
2026,Cup,LCK,LoL Champions Korea,韩国,一级联赛,LCK Cup 2026,2026-01-14,Hanwha Life Esports,,Mid,Zeka,김건우,Kim Geon-woo,South Korea,Korea,2002-11-28,0,Zeka (Kim Geon-woo)
2026,Cup,LCK,LoL Champions Korea,韩国,一级联赛,LCK Cup 2026,2026-01-14,Hanwha Life Esports,,Bot,Gumayusi,이민형,Lee Min-hyeong,South Korea,Korea,2002-02-06,0,Gumayusi
2026,Cup,LCK,LoL Champions Korea,韩国,一级联赛,LCK Cup 2026,2026-01-14,Hanwha Life Esports,,Support,Delight,유환중,Yoo Hwan-joong,South Korea,Korea,2002-09-12,0,Delight
2026,Cup,LCK,LoL Champions Korea,韩国,一级联赛,LCK Cup 2026,2026-01-14,Hanwha Life Esports,,Coach,Homme,윤성영,Yoon Sung-young,South Korea,Korea,1985-01-01,0,Homme
2026,Cup,LCK,LoL Champions Korea,韩国,一级联赛,LCK Cup 2026,2026-01-14,Hanwha Life Esports,,Coach,Mowgli,이재하,Lee Jae-ha,South Korea,Korea,1998-04-14,0,Mowgli
2026,Cup,LCK,LoL Champions Korea,韩国,一级联赛,LCK Cup 2026,2026-01-14,Hanwha Life Esports,,Coach,Sin,연형모,Yeon Hyeong-mo,South Korea,Korea,1991-12-12,0,Sin (Yeon Hyeong-mo)
2025,Rounds 3-5,LCK,LoL Champions Korea,韩国,一级联赛,LCK 2025 Season Playoffs,2025-09-10,Hanwha Life Esports,,Top,Zeus,최우제,Choi Woo-je,South Korea,Korea,2004-01-31,0,Zeus
2025,Rounds 3-5,LCK,LoL Champions Korea,韩国,一级联赛,LCK 2025 Season Playoffs,2025-09-10,Hanwha Life Esports,,Jungle,Peanut,한왕호,Han Wang-ho,South Korea,Korea,1998-02-03,1,Peanut
2025,Rounds 3-5,LCK,LoL Champions Korea,韩国,一级联赛,LCK 2025 Season Playoffs,2025-09-10,Hanwha Life Esports,,Mid,Zeka,김건우,Kim Geon-woo,South Korea,Korea,2002-11-28,0,Zeka (Kim Geon-woo)
2025,Rounds 3-5,LCK,LoL Champions Korea,韩国,一级联赛,LCK 2025 Season Playoffs,2025-09-10,Hanwha Life Esports,,Bot,Viper,박도현,Park Do-hyeon,South Korea,Korea,2000-10-19,0,Viper (Park Do-hyeon)
2025,Rounds 3-5,LCK,LoL Champions Korea,韩国,一级联赛,LCK 2025 Season Playoffs,2025-09-10,Hanwha Life Esports,,Support,Delight,유환중,Yoo Hwan-joong,South Korea,Korea,2002-09-12,0,Delight
2025,Rounds 3-5,LCK,LoL Champions Korea,韩国,一级联赛,LCK 2025 Season Playoffs,2025-09-10,Hanwha Life Esports,,Coach,DanDy,최인규,Choi In-kyu,South Korea,Korea,1994-01-03,0,DanDy
2025,Rounds 3-5,LCK,LoL Champions Korea,韩国,一级联赛,LCK 2025 Season Playoffs,2025-09-10,Hanwha Life Esports,,Coach,Mowgli,이재하,Lee Jae-ha,South Korea,Korea,1998-04-14,0,Mowgli
2025,Rounds 3-5,LCK,LoL Champions Korea,韩国,一级联赛,LCK 2025 Season Playoffs,2025-09-10,Hanwha Life Esports,,Coach,Shine,신동욱,Shin Dong-wook,South Korea,Korea,1991-10-09,0,Shine (Shin Dong-wook)
2025,Rounds 3-5,LCK,LoL Champions Korea,韩国,一级联赛,LCK 2025 Rounds 3-5,2025-07-23,Hanwha Life Esports,,Top,Zeus,최우제,Choi Woo-je,South Korea,Korea,2004-01-31,0,Zeus
2025,Rounds 3-5,LCK,LoL Champions Korea,韩国,一级联赛,LCK 2025 Rounds 3-5,2025-07-23,Hanwha Life Esports,,Jungle,Peanut,한왕호,Han Wang-ho,South Korea,Korea,1998-02-03,1,Peanut
2025,Rounds 3-5,LCK,LoL Champions Korea,韩国,一级联赛,LCK 2025 Rounds 3-5,2025-07-23,Hanwha Life Esports,,Mid,Zeka,김건우,Kim Geon-woo,South Korea,Korea,2002-11-28,0,Zeka (Kim Geon-woo)
2025,Rounds 3-5,LCK,LoL Champions Korea,韩国,一级联赛,LCK 2025 Rounds 3-5,2025-07-23,Hanwha Life Esports,,Bot,Viper,박도현,Park Do-hyeon,South Korea,Korea,2000-10-19,0,Viper (Park Do-hyeon)
2025,Rounds 3-5,LCK,LoL Champions Korea,韩国,一级联赛,LCK 2025 Rounds 3-5,2025-07-23,Hanwha Life Esports,,Support,Delight,유환중,Yoo Hwan-joong,South Korea,Korea,2002-09-12,0,Delight
2025,Rounds 3-5,LCK,LoL Champions Korea,韩国,一级联赛,LCK 2025 Rounds 3-5,2025-07-23,Hanwha Life Esports,,Coach,DanDy,최인규,Choi In-kyu,South Korea,Korea,1994-01-03,0,DanDy
2025,Rounds 3-5,LCK,LoL Champions Korea,韩国,一级联赛,LCK 2025 Rounds 3-5,2025-07-23,Hanwha Life Esports,,Coach,Mowgli,이재하,Lee Jae-ha,South Korea,Korea,1998-04-14,0,Mowgli
2025,Rounds 3-5,LCK,LoL Champions Korea,韩国,一级联赛,LCK 2025 Rounds 3-5,2025-07-23,Hanwha Life Esports,,Coach,Shine,신동욱,Shin Dong-wook,South Korea,Korea,1991-10-09,0,Shine (Shin Dong-wook)
2025,Cup,LCK,LoL Champions Korea,韩国,一级联赛,LCK Cup 2025,2025-01-15,Hanwha Life Esports,,Top,Zeus,최우제,Choi Woo-je,South Korea,Korea,2004-01-31,0,Zeus
2025,Cup,LCK,LoL Champions Korea,韩国,一级联赛,LCK Cup 2025,2025-01-15,Hanwha Life Esports,,Jungle,Peanut,한왕호,Han Wang-ho,South Korea,Korea,1998-02-03,1,Peanut
2025,Cup,LCK,LoL Champions Korea,韩国,一级联赛,LCK Cup 2025,2025-01-15,Hanwha Life Esports,,Mid,Zeka,김건우,Kim Geon-woo,South Korea,Korea,2002-11-28,0,Zeka (Kim Geon-woo)
2025,Cup,LCK,LoL Champions Korea,韩国,一级联赛,LCK Cup 2025,2025-01-15,Hanwha Life Esports,,Bot,Viper,박도현,Park Do-hyeon,South Korea,Korea,2000-10-19,0,Viper (Park Do-hyeon)
2025,Cup,LCK,LoL Champions Korea,韩国,一级联赛,LCK Cup 2025,2025-01-15,Hanwha Life Esports,,Support,Delight,유환중,Yoo Hwan-joong,South Korea,Korea,2002-09-12,0,Delight
2025,Cup,LCK,LoL Champions Korea,韩国,一级联赛,LCK Cup 2025,2025-01-15,Hanwha Life Esports,,Coach,DanDy,최인규,Choi In-kyu,South Korea,Korea,1994-01-03,0,DanDy
2025,Cup,LCK,LoL Champions Korea,韩国,一级联赛,LCK Cup 2025,2025-01-15,Hanwha Life Esports,,Coach,Shine,신동욱,Shin Dong-wook,South Korea,Korea,1991-10-09,0,Shine (Shin Dong-wook)
2025,Cup,LCK,LoL Champions Korea,韩国,一级联赛,LCK Cup 2025,2025-01-15,Hanwha Life Esports,,Coach,Mowgli,이재하,Lee Jae-ha,South Korea,Korea,1998-04-14,0,Mowgli
2025,Rounds 1-2,LCK,LoL Champions Korea,韩国,一级联赛,LCK 2025 Rounds 1-2,2025-04-02,Hanwha Life Esports,,Top,Zeus,최우제,Choi Woo-je,South Korea,Korea,2004-01-31,0,Zeus
2025,Rounds 1-2,LCK,LoL Champions Korea,韩国,一级联赛,LCK 2025 Rounds 1-2,2025-04-02,Hanwha Life Esports,,Jungle,Peanut,한왕호,Han Wang-ho,South Korea,Korea,1998-02-03,1,Peanut
2025,Rounds 1-2,LCK,LoL Champions Korea,韩国,一级联赛,LCK 2025 Rounds 1-2,2025-04-02,Hanwha Life Esports,,Mid,Zeka,김건우,Kim Geon-woo,South Korea,Korea,2002-11-28,0,Zeka (Kim Geon-woo)
2025,Rounds 1-2,LCK,LoL Champions Korea,韩国,一级联赛,LCK 2025 Rounds 1-2,2025-04-02,Hanwha Life Esports,,Bot,Viper,박도현,Park Do-hyeon,South Korea,Korea,2000-10-19,0,Viper (Park Do-hyeon)
2025,Rounds 1-2,LCK,LoL Champions Korea,韩国,一级联赛,LCK 2025 Rounds 1-2,2025-04-02,Hanwha Life Esports,,Support,Delight,유환중,Yoo Hwan-joong,South Korea,Korea,2002-09-12,0,Delight
2025,Rounds 1-2,LCK,LoL Champions Korea,韩国,一级联赛,LCK 2025 Rounds 1-2,2025-04-02,Hanwha Life Esports,,Coach,DanDy,최인규,Choi In-kyu,South Korea,Korea,1994-01-03,0,DanDy
2025,Rounds 1-2,LCK,LoL Champions Korea,韩国,一级联赛,LCK 2025 Rounds 1-2,2025-04-02,Hanwha Life Esports,,Coach,Shine,신동욱,Shin Dong-wook,South Korea,Korea,1991-10-09,0,Shine (Shin Dong-wook)
2025,Rounds 1-2,LCK,LoL Champions Korea,韩国,一级联赛,LCK 2025 Rounds 1-2,2025-04-02,Hanwha Life Esports,,Coach,Mowgli,이재하,Lee Jae-ha,South Korea,Korea,1998-04-14,0,Mowgli
2025,Rounds 1-2,LCK,LoL Champions Korea,韩国,一级联赛,LCK 2025 Road to MSI,2025-06-07,Hanwha Life Esports,,Top,Zeus,최우제,Choi Woo-je,South Korea,Korea,2004-01-31,0,Zeus
2025,Rounds 1-2,LCK,LoL Champions Korea,韩国,一级联赛,LCK 2025 Road to MSI,2025-06-07,Hanwha Life Esports,,Jungle,Peanut,한왕호,Han Wang-ho,South Korea,Korea,1998-02-03,1,Peanut
2025,Rounds 1-2,LCK,LoL Champions Korea,韩国,一级联赛,LCK 2025 Road to MSI,2025-06-07,Hanwha Life Esports,,Mid,Zeka,김건우,Kim Geon-woo,South Korea,Korea,2002-11-28,0,Zeka (Kim Geon-woo)
2025,Rounds 1-2,LCK,LoL Champions Korea,韩国,一级联赛,LCK 2025 Road to MSI,2025-06-07,Hanwha Life Esports,,Bot,Viper,박도현,Park Do-hyeon,South Korea,Korea,2000-10-19,0,Viper (Park Do-hyeon)
2025,Rounds 1-2,LCK,LoL Champions Korea,韩国,一级联赛,LCK 2025 Road to MSI,2025-06-07,Hanwha Life Esports,,Support,Delight,유환중,Yoo Hwan-joong,South Korea,Korea,2002-09-12,0,Delight
2025,Rounds 1-2,LCK,LoL Champions Korea,韩国,一级联赛,LCK 2025 Road to MSI,2025-06-07,Hanwha Life Esports,,Coach,DanDy,최인규,Choi In-kyu,South Korea,Korea,1994-01-03,0,DanDy
2025,Rounds 1-2,LCK,LoL Champions Korea,韩国,一级联赛,LCK 2025 Road to MSI,2025-06-07,Hanwha Life Esports,,Coach,Shine,신동욱,Shin Dong-wook,South Korea,Korea,1991-10-09,0,Shine (Shin Dong-wook)
2025,Rounds 1-2,LCK,LoL Champions Korea,韩国,一级联赛,LCK 2025 Road to MSI,2025-06-07,Hanwha Life Esports,,Coach,Mowgli,이재하,Lee Jae-ha,South Korea,Korea,1998-04-14,0,Mowgli
2026,Rounds 3-4,LCK,LoL Champions Korea,韩国,一级联赛,LCK 2026 Rounds 3-4,2026-07-29,Kiwoom DRX,,Top,Frog,이민회,Lee Min-hoi,South Korea,Korea,2005-06-30,0,Frog (Lee Min-hoi)
2026,Rounds 3-4,LCK,LoL Champions Korea,韩国,一级联赛,LCK 2026 Rounds 3-4,2026-07-29,Kiwoom DRX,,Jungle,Willer,김정현,Kim Jeong-hyeon,South Korea,Korea,2003-04-24,0,Willer
2026,Rounds 3-4,LCK,LoL Champions Korea,韩国,一级联赛,LCK 2026 Rounds 3-4,2026-07-29,Kiwoom DRX,,Mid,Ucal,손우현,Son Woo-hyeon,South Korea,Korea,2001-01-30,0,Ucal
2026,Rounds 3-4,LCK,LoL Champions Korea,韩国,一级联赛,LCK 2026 Rounds 3-4,2026-07-29,Kiwoom DRX,,Bot,LazyFeel,,Trần Bảo Minh,Vietnam,Asia Pacific,2007-03-19,0,LazyFeel
2026,Rounds 3-4,LCK,LoL Champions Korea,韩国,一级联赛,LCK 2026 Rounds 3-4,2026-07-29,Kiwoom DRX,,Bot,Aiming,김하람,Kim Ha-ram,South Korea,Korea,2000-07-20,0,Aiming
2026,Rounds 3-4,LCK,LoL Champions Korea,韩国,一级联赛,LCK 2026 Rounds 3-4,2026-07-29,Kiwoom DRX,,Support,Andil,문관빈,Moon Gwan-bin,South Korea,Korea,2002-10-05,0,Andil
2026,Rounds 3-4,LCK,LoL Champions Korea,韩国,一级联赛,LCK 2026 Rounds 3-4,2026-07-29,Kiwoom DRX,,Support,Minous,강민우,Kang Min-woo,South Korea,Korea,2004-05-03,0,Minous
2026,Rounds 3-4,LCK,LoL Champions Korea,韩国,一级联赛,LCK 2026 Rounds 3-4,2026-07-29,Kiwoom DRX,,Coach,Joker,조재읍,Cho Jae-eup,South Korea,Korea,1991-12-11,0,Joker (Cho Jae-eup)
2026,Rounds 3-4,LCK,LoL Champions Korea,韩国,一级联赛,LCK 2026 Rounds 3-4,2026-07-29,Kiwoom DRX,,Coach,Naehyun,유내현,Yoo Nae-hyun,South Korea,Korea,1996-02-07,0,Naehyun
2026,Rounds 3-4,LCK,LoL Champions Korea,韩国,一级联赛,LCK 2026 Rounds 3-4,2026-07-29,Kiwoom DRX,,Coach,Saroo,이종원,Lee Jong-won,South Korea,Korea,1991-07-20,0,Saroo
2026,Rounds 1-2,LCK,LoL Champions Korea,韩国,一级联赛,LCK 2026 Rounds 1-2,2026-04-01,Kiwoom DRX,,Top,Rich,이재원,Lee Jae-won,South Korea,Korea,1998-02-16,0,Rich (Lee Jae-won)
2026,Rounds 1-2,LCK,LoL Champions Korea,韩国,一级联赛,LCK 2026 Rounds 1-2,2026-04-01,Kiwoom DRX,,Jungle,Willer,김정현,Kim Jeong-hyeon,South Korea,Korea,2003-04-24,0,Willer
2026,Rounds 1-2,LCK,LoL Champions Korea,韩国,一级联赛,LCK 2026 Rounds 1-2,2026-04-01,Kiwoom DRX,,Mid,Ucal,손우현,Son Woo-hyeon,South Korea,Korea,2001-01-30,0,Ucal
2026,Rounds 1-2,LCK,LoL Champions Korea,韩国,一级联赛,LCK 2026 Rounds 1-2,2026-04-01,Kiwoom DRX,,Bot,Jiwoo,정지우,Jung Ji-woo,South Korea,Korea,2004-03-20,0,Jiwoo
2026,Rounds 1-2,LCK,LoL Champions Korea,韩国,一级联赛,LCK 2026 Rounds 1-2,2026-04-01,Kiwoom DRX,,Bot,LazyFeel,,Trần Bảo Minh,Vietnam,Asia Pacific,2007-03-19,0,LazyFeel
2026,Rounds 1-2,LCK,LoL Champions Korea,韩国,一级联赛,LCK 2026 Rounds 1-2,2026-04-01,Kiwoom DRX,,Support,Andil,문관빈,Moon Gwan-bin,South Korea,Korea,2002-10-05,0,Andil
2026,Rounds 1-2,LCK,LoL Champions Korea,韩国,一级联赛,LCK 2026 Rounds 1-2,2026-04-01,Kiwoom DRX,,Coach,Joker,조재읍,Cho Jae-eup,South Korea,Korea,1991-12-11,0,Joker (Cho Jae-eup)
2026,Rounds 1-2,LCK,LoL Champions Korea,韩国,一级联赛,LCK 2026 Rounds 1-2,2026-04-01,Kiwoom DRX,,Coach,Naehyun,유내현,Yoo Nae-hyun,South Korea,Korea,1996-02-07,0,Naehyun
2024,Summer,LCK,LoL Champions Korea,韩国,一级联赛,LCK 2024 Summer,2024-06-12,KT Rolster,,Top,Casting,신민제,Shin Min-je,South Korea,Korea,2003-10-30,0,Casting
2024,Summer,LCK,LoL Champions Korea,韩国,一级联赛,LCK 2024 Summer,2024-06-12,KT Rolster,,Top,PerfecT,이승민,Lee Seung-min,South Korea,Korea,2004-05-17,0,PerfecT (Lee Seung-min)
2024,Summer,LCK,LoL Champions Korea,韩国,一级联赛,LCK 2024 Summer,2024-06-12,KT Rolster,,Jungle,Pyosik,홍창현,Hong Chang-hyeon,South Korea,Korea,2000-03-12,0,Pyosik
2024,Summer,LCK,LoL Champions Korea,韩国,一级联赛,LCK 2024 Summer,2024-06-12,KT Rolster,,Mid,Bdd,곽보성,Gwak Bo-seong,South Korea,Korea,1999-03-01,0,Bdd
2024,Summer,LCK,LoL Champions Korea,韩国,一级联赛,LCK 2024 Summer,2024-06-12,KT Rolster,,Bot,Deft,김혁규,Kim Hyuk-kyu,South Korea,Korea,1996-10-23,0,Deft
2024,Summer,LCK,LoL Champions Korea,韩国,一级联赛,LCK 2024 Summer,2024-06-12,KT Rolster,,Support,BeryL,조건희,Cho Geon-hee,South Korea,Korea,1997-04-01,0,BeryL
2024,Summer,LCK,LoL Champions Korea,韩国,一级联赛,LCK 2024 Summer,2024-06-12,KT Rolster,,Coach,Hirai,강동훈,Kang Dong-hoon,South Korea,Korea,1982-03-26,0,Hirai
2024,Summer,LCK,LoL Champions Korea,韩国,一级联赛,LCK 2024 Summer,2024-06-12,KT Rolster,,Coach,supreme,최승민,Choi Seung-min,South Korea,Korea,1987-04-27,0,supreme
2024,Summer,LCK,LoL Champions Korea,韩国,一级联赛,LCK 2024 Summer,2024-06-12,KT Rolster,,Coach,Museong,김무성,Kim Moo-seong,South Korea,Korea,1997-10-09,0,Museong
2024,Summer,LCK,LoL Champions Korea,韩国,一级联赛,LCK 2024 Summer,2024-06-12,KT Rolster,,Coach,Comet,임혜성,Lim Hye-sung,South Korea,Korea,1991-08-04,0,Comet
2023,Spring,LCK,LoL Champions Korea,韩国,一级联赛,LCK 2023 Spring,2023-01-18,KT Rolster,,Top,Kiin,김기인,Kim Gi-in,South Korea,Korea,1999-05-28,0,Kiin
2023,Spring,LCK,LoL Champions Korea,韩国,一级联赛,LCK 2023 Spring,2023-01-18,KT Rolster,,Jungle,Cuzz,문우찬,Moon Woo-chan,South Korea,Korea,1999-10-30,0,Cuzz
2023,Spring,LCK,LoL Champions Korea,韩国,一级联赛,LCK 2023 Spring,2023-01-18,KT Rolster,,Mid,Bdd,곽보성,Gwak Bo-seong,South Korea,Korea,1999-03-01,0,Bdd
2023,Spring,LCK,LoL Champions Korea,韩国,一级联赛,LCK 2023 Spring,2023-01-18,KT Rolster,,Bot,Aiming,김하람,Kim Ha-ram,South Korea,Korea,2000-07-20,0,Aiming
2023,Spring,LCK,LoL Champions Korea,韩国,一级联赛,LCK 2023 Spring,2023-01-18,KT Rolster,,Support,Lehends,손시우,Son Si-woo,South Korea,Korea,1998-12-24,0,Lehends
2023,Spring,LCK,LoL Champions Korea,韩国,一级联赛,LCK 2023 Spring,2023-01-18,KT Rolster,,Coach,Hirai,강동훈,Kang Dong-hoon,South Korea,Korea,1982-03-26,0,Hirai
2023,Spring,LCK,LoL Champions Korea,韩国,一级联赛,LCK 2023 Spring,2023-01-18,KT Rolster,,Coach,RapidStar,정민성,Jung Min-sung,South Korea,Korea,1993-05-05,0,RapidStar
2023,Spring,LCK,LoL Champions Korea,韩国,一级联赛,LCK 2023 Spring,2023-01-18,KT Rolster,,Coach,supreme,최승민,Choi Seung-min,South Korea,Korea,1987-04-27,0,supreme
2023,Spring,LCK,LoL Champions Korea,韩国,一级联赛,LCK 2023 Spring Playoffs,2023-03-22,KT Rolster,,Top,Kiin,김기인,Kim Gi-in,South Korea,Korea,1999-05-28,0,Kiin
2023,Spring,LCK,LoL Champions Korea,韩国,一级联赛,LCK 2023 Spring Playoffs,2023-03-22,KT Rolster,,Jungle,Cuzz,문우찬,Moon Woo-chan,South Korea,Korea,1999-10-30,0,Cuzz
2023,Spring,LCK,LoL Champions Korea,韩国,一级联赛,LCK 2023 Spring Playoffs,2023-03-22,KT Rolster,,Mid,Bdd,곽보성,Gwak Bo-seong,South Korea,Korea,1999-03-01,0,Bdd
2023,Spring,LCK,LoL Champions Korea,韩国,一级联赛,LCK 2023 Spring Playoffs,2023-03-22,KT Rolster,,Bot,Aiming,김하람,Kim Ha-ram,South Korea,Korea,2000-07-20,0,Aiming
2023,Spring,LCK,LoL Champions Korea,韩国,一级联赛,LCK 2023 Spring Playoffs,2023-03-22,KT Rolster,,Support,Lehends,손시우,Son Si-woo,South Korea,Korea,1998-12-24,0,Lehends
2023,Spring,LCK,LoL Champions Korea,韩国,一级联赛,LCK 2023 Spring Playoffs,2023-03-22,KT Rolster,,Coach,supreme,최승민,Choi Seung-min,South Korea,Korea,1987-04-27,0,supreme
2023,Summer,LCK,LoL Champions Korea,韩国,一级联赛,LCK 2023 Summer Playoffs,2023-08-08,KT Rolster,,Top,Kiin,김기인,Kim Gi-in,South Korea,Korea,1999-05-28,0,Kiin
2023,Summer,LCK,LoL Champions Korea,韩国,一级联赛,LCK 2023 Summer Playoffs,2023-08-08,KT Rolster,,Jungle,Cuzz,문우찬,Moon Woo-chan,South Korea,Korea,1999-10-30,0,Cuzz
2023,Summer,LCK,LoL Champions Korea,韩国,一级联赛,LCK 2023 Summer Playoffs,2023-08-08,KT Rolster,,Mid,Bdd,곽보성,Gwak Bo-seong,South Korea,Korea,1999-03-01,0,Bdd
2023,Summer,LCK,LoL Champions Korea,韩国,一级联赛,LCK 2023 Summer Playoffs,2023-08-08,KT Rolster,,Bot,Aiming,김하람,Kim Ha-ram,South Korea,Korea,2000-07-20,0,Aiming
2023,Summer,LCK,LoL Champions Korea,韩国,一级联赛,LCK 2023 Summer Playoffs,2023-08-08,KT Rolster,,Support,Lehends,손시우,Son Si-woo,South Korea,Korea,1998-12-24,0,Lehends
2023,Summer,LCK,LoL Champions Korea,韩国,一级联赛,LCK 2023 Summer Playoffs,2023-08-08,KT Rolster,,Coach,supreme,최승민,Choi Seung-min,South Korea,Korea,1987-04-27,0,supreme
2023,Summer,LCK,LoL Champions Korea,韩国,一级联赛,LCK 2023 Summer Playoffs,2023-08-08,KT Rolster,,Coach,RapidStar,정민성,Jung Min-sung,South Korea,Korea,1993-05-05,0,RapidStar
2023,Summer,LCK,LoL Champions Korea,韩国,一级联赛,LCK 2023 Summer,2023-06-07,KT Rolster,,Top,Kiin,김기인,Kim Gi-in,South Korea,Korea,1999-05-28,0,Kiin
2023,Summer,LCK,LoL Champions Korea,韩国,一级联赛,LCK 2023 Summer,2023-06-07,KT Rolster,,Top,PerfecT,이승민,Lee Seung-min,South Korea,Korea,2004-05-17,0,PerfecT (Lee Seung-min)
2023,Summer,LCK,LoL Champions Korea,韩国,一级联赛,LCK 2023 Summer,2023-06-07,KT Rolster,,Jungle,Cuzz,문우찬,Moon Woo-chan,South Korea,Korea,1999-10-30,0,Cuzz
2023,Summer,LCK,LoL Champions Korea,韩国,一级联赛,LCK 2023 Summer,2023-06-07,KT Rolster,,Jungle,HamBak,함유진,Ham Yoo-jin,South Korea,Korea,2002-08-28,0,HamBak
2023,Summer,LCK,LoL Champions Korea,韩国,一级联赛,LCK 2023 Summer,2023-06-07,KT Rolster,,Mid,Bdd,곽보성,Gwak Bo-seong,South Korea,Korea,1999-03-01,0,Bdd
2023,Summer,LCK,LoL Champions Korea,韩国,一级联赛,LCK 2023 Summer,2023-06-07,KT Rolster,,Mid,Feisty,정성훈,Jeong Seong-hoon,South Korea,Korea,2003-12-19,0,Feisty
2023,Summer,LCK,LoL Champions Korea,韩国,一级联赛,LCK 2023 Summer,2023-06-07,KT Rolster,,Bot,Aiming,김하람,Kim Ha-ram,South Korea,Korea,2000-07-20,0,Aiming
2023,Summer,LCK,LoL Champions Korea,韩国,一级联赛,LCK 2023 Summer,2023-06-07,KT Rolster,,Bot,Hype,변정현,Byeon Jeong-hyeon,South Korea,Korea,2003-09-09,0,Hype (Byeon Jeong-hyeon)
2023,Summer,LCK,LoL Champions Korea,韩国,一级联赛,LCK 2023 Summer,2023-06-07,KT Rolster,,Support,Lehends,손시우,Son Si-woo,South Korea,Korea,1998-12-24,0,Lehends
2023,Summer,LCK,LoL Champions Korea,韩国,一级联赛,LCK 2023 Summer,2023-06-07,KT Rolster,,Support,Way,한길,Han Gil,South Korea,Korea,2002-06-29,0,Way (Han Gil)
2023,Summer,LCK,LoL Champions Korea,韩国,一级联赛,LCK 2023 Summer,2023-06-07,KT Rolster,,Coach,supreme,최승민,Choi Seung-min,South Korea,Korea,1987-04-27,0,supreme
2023,Summer,LCK,LoL Champions Korea,韩国,一级联赛,LCK 2023 Summer,2023-06-07,KT Rolster,,Coach,RapidStar,정민성,Jung Min-sung,South Korea,Korea,1993-05-05,0,RapidStar
2023,Summer,LCK,LoL Champions Korea,韩国,一级联赛,LCK 2023 Summer,2023-06-07,KT Rolster,,Coach,Lilac,전호진,Jeon Ho-jin,South Korea,Korea,1992-02-17,0,Lilac (Jeon Ho-jin)
2025,Rounds 1-2,LCK,LoL Champions Korea,韩国,一级联赛,LCK 2025 Rounds 1-2,2025-04-02,KT Rolster,,Top,PerfecT,이승민,Lee Seung-min,South Korea,Korea,2004-05-17,0,PerfecT (Lee Seung-min)
2025,Rounds 1-2,LCK,LoL Champions Korea,韩国,一级联赛,LCK 2025 Rounds 1-2,2025-04-02,KT Rolster,,Top,Casting,신민제,Shin Min-je,South Korea,Korea,2003-10-30,0,Casting
2025,Rounds 1-2,LCK,LoL Champions Korea,韩国,一级联赛,LCK 2025 Rounds 1-2,2025-04-02,KT Rolster,,Jungle,Cuzz,문우찬,Moon Woo-chan,South Korea,Korea,1999-10-30,0,Cuzz
2025,Rounds 1-2,LCK,LoL Champions Korea,韩国,一级联赛,LCK 2025 Rounds 1-2,2025-04-02,KT Rolster,,Mid,Bdd,곽보성,Gwak Bo-seong,South Korea,Korea,1999-03-01,0,Bdd
2025,Rounds 1-2,LCK,LoL Champions Korea,韩国,一级联赛,LCK 2025 Rounds 1-2,2025-04-02,KT Rolster,,Bot,deokdam,서대길,Seo Dae-gil,South Korea,Korea,2000-02-25,0,deokdam
2025,Rounds 1-2,LCK,LoL Champions Korea,韩国,一级联赛,LCK 2025 Rounds 1-2,2025-04-02,KT Rolster,,Bot,Paduck,박석현,Park Seok-hyeon,South Korea,Korea,2005-02-12,0,Paduck
2025,Rounds 1-2,LCK,LoL Champions Korea,韩国,一级联赛,LCK 2025 Rounds 1-2,2025-04-02,KT Rolster,,Support,Peter,정윤수,Jeong Yoon-su,South Korea,Korea,2003-04-28,0,Peter (Jeong Yoon-su)
2025,Rounds 1-2,LCK,LoL Champions Korea,韩国,一级联赛,LCK 2025 Rounds 1-2,2025-04-02,KT Rolster,,Coach,Score,고동빈,Go Dong-bin,South Korea,Korea,1992-07-08,0,Score
2025,Rounds 1-2,LCK,LoL Champions Korea,韩国,一级联赛,LCK 2025 Rounds 1-2,2025-04-02,KT Rolster,,Coach,Museong,김무성,Kim Moo-seong,South Korea,Korea,1997-10-09,0,Museong
2025,Rounds 1-2,LCK,LoL Champions Korea,韩国,一级联赛,LCK 2025 Rounds 1-2,2025-04-02,KT Rolster,,Coach,Sonstar,손승익,Son Seung-ik,South Korea,Korea,1994-08-31,0,Sonstar
2026,Rounds 1-2,LCK,LoL Champions Korea,韩国,一级联赛,LCK 2026 Road to MSI,2026-06-06,KT Rolster,,Top,PerfecT,이승민,Lee Seung-min,South Korea,Korea,2004-05-17,0,PerfecT (Lee Seung-min)
2026,Rounds 1-2,LCK,LoL Champions Korea,韩国,一级联赛,LCK 2026 Road to MSI,2026-06-06,KT Rolster,,Jungle,Cuzz,문우찬,Moon Woo-chan,South Korea,Korea,1999-10-30,0,Cuzz
2026,Rounds 1-2,LCK,LoL Champions Korea,韩国,一级联赛,LCK 2026 Road to MSI,2026-06-06,KT Rolster,,Mid,Bdd,곽보성,Gwak Bo-seong,South Korea,Korea,1999-03-01,0,Bdd
2026,Rounds 1-2,LCK,LoL Champions Korea,韩国,一级联赛,LCK 2026 Road to MSI,2026-06-06,KT Rolster,,Bot,Aiming,김하람,Kim Ha-ram,South Korea,Korea,2000-07-20,0,Aiming
2026,Rounds 1-2,LCK,LoL Champions Korea,韩国,一级联赛,LCK 2026 Road to MSI,2026-06-06,KT Rolster,,Support,Effort,이상호,Lee Sang-ho,South Korea,Korea,2000-11-23,0,Effort
2026,Rounds 1-2,LCK,LoL Champions Korea,韩国,一级联赛,LCK 2026 Road to MSI,2026-06-06,KT Rolster,,Coach,Score,고동빈,Go Dong-bin,South Korea,Korea,1992-07-08,0,Score
2026,Rounds 1-2,LCK,LoL Champions Korea,韩国,一级联赛,LCK 2026 Road to MSI,2026-06-06,KT Rolster,,Coach,Museong,김무성,Kim Moo-seong,South Korea,Korea,1997-10-09,0,Museong
2026,Rounds 1-2,LCK,LoL Champions Korea,韩国,一级联赛,LCK 2026 Road to MSI,2026-06-06,KT Rolster,,Coach,Sonstar,손승익,Son Seung-ik,South Korea,Korea,1994-08-31,0,Sonstar
2026,Rounds 1-2,LCK,LoL Champions Korea,韩国,一级联赛,LCK 2026 Rounds 1-2,2026-04-01,KT Rolster,,Top,PerfecT,이승민,Lee Seung-min,South Korea,Korea,2004-05-17,0,PerfecT (Lee Seung-min)
2026,Rounds 1-2,LCK,LoL Champions Korea,韩国,一级联赛,LCK 2026 Rounds 1-2,2026-04-01,KT Rolster,,Jungle,Cuzz,문우찬,Moon Woo-chan,South Korea,Korea,1999-10-30,0,Cuzz
2026,Rounds 1-2,LCK,LoL Champions Korea,韩国,一级联赛,LCK 2026 Rounds 1-2,2026-04-01,KT Rolster,,Mid,Bdd,곽보성,Gwak Bo-seong,South Korea,Korea,1999-03-01,0,Bdd
2026,Rounds 1-2,LCK,LoL Champions Korea,韩国,一级联赛,LCK 2026 Rounds 1-2,2026-04-01,KT Rolster,,Bot,Aiming,김하람,Kim Ha-ram,South Korea,Korea,2000-07-20,0,Aiming
2026,Rounds 1-2,LCK,LoL Champions Korea,韩国,一级联赛,LCK 2026 Rounds 1-2,2026-04-01,KT Rolster,,Bot,FenRir,박강준,Park Kang-jun,South Korea,Korea,2006-06-24,0,FenRir (Park Kang-jun)
2026,Rounds 1-2,LCK,LoL Champions Korea,韩国,一级联赛,LCK 2026 Rounds 1-2,2026-04-01,KT Rolster,,Support,Effort,이상호,Lee Sang-ho,South Korea,Korea,2000-11-23,0,Effort
2026,Rounds 1-2,LCK,LoL Champions Korea,韩国,一级联赛,LCK 2026 Rounds 1-2,2026-04-01,KT Rolster,,Coach,Score,고동빈,Go Dong-bin,South Korea,Korea,1992-07-08,0,Score
2026,Rounds 1-2,LCK,LoL Champions Korea,韩国,一级联赛,LCK 2026 Rounds 1-2,2026-04-01,KT Rolster,,Coach,Museong,김무성,Kim Moo-seong,South Korea,Korea,1997-10-09,0,Museong
2026,Rounds 1-2,LCK,LoL Champions Korea,韩国,一级联赛,LCK 2026 Rounds 1-2,2026-04-01,KT Rolster,,Coach,Sonstar,손승익,Son Seung-ik,South Korea,Korea,1994-08-31,0,Sonstar
2026,Cup,LCK,LoL Champions Korea,韩国,一级联赛,LCK Cup 2026,2026-01-14,KT Rolster,,Top,PerfecT,이승민,Lee Seung-min,South Korea,Korea,2004-05-17,0,PerfecT (Lee Seung-min)
2026,Cup,LCK,LoL Champions Korea,韩国,一级联赛,LCK Cup 2026,2026-01-14,KT Rolster,,Jungle,Cuzz,문우찬,Moon Woo-chan,South Korea,Korea,1999-10-30,0,Cuzz
2026,Cup,LCK,LoL Champions Korea,韩国,一级联赛,LCK Cup 2026,2026-01-14,KT Rolster,,Mid,Bdd,곽보성,Gwak Bo-seong,South Korea,Korea,1999-03-01,0,Bdd
2026,Cup,LCK,LoL Champions Korea,韩国,一级联赛,LCK Cup 2026,2026-01-14,KT Rolster,,Bot,Aiming,김하람,Kim Ha-ram,South Korea,Korea,2000-07-20,0,Aiming
2026,Cup,LCK,LoL Champions Korea,韩国,一级联赛,LCK Cup 2026,2026-01-14,KT Rolster,,Support,Pollu,오동규,Oh Dong-gyu,South Korea,Korea,2006-01-07,0,Pollu
2026,Cup,LCK,LoL Champions Korea,韩国,一级联赛,LCK Cup 2026,2026-01-14,KT Rolster,,Support,Ghost,장용준,Jang Yong-jun,South Korea,Korea,1999-03-18,0,Ghost (Jang Yong-jun)
2026,Cup,LCK,LoL Champions Korea,韩国,一级联赛,LCK Cup 2026,2026-01-14,KT Rolster,,Coach,Score,고동빈,Go Dong-bin,South Korea,Korea,1992-07-08,0,Score
2026,Cup,LCK,LoL Champions Korea,韩国,一级联赛,LCK Cup 2026,2026-01-14,KT Rolster,,Coach,Museong,김무성,Kim Moo-seong,South Korea,Korea,1997-10-09,0,Museong
2026,Cup,LCK,LoL Champions Korea,韩国,一级联赛,LCK Cup 2026,2026-01-14,KT Rolster,,Coach,Sonstar,손승익,Son Seung-ik,South Korea,Korea,1994-08-31,0,Sonstar
2025,Rounds 3-5,LCK,LoL Champions Korea,韩国,一级联赛,LCK 2025 Season Playoffs,2025-09-10,KT Rolster,,Top,PerfecT,이승민,Lee Seung-min,South Korea,Korea,2004-05-17,0,PerfecT (Lee Seung-min)
2025,Rounds 3-5,LCK,LoL Champions Korea,韩国,一级联赛,LCK 2025 Season Playoffs,2025-09-10,KT Rolster,,Jungle,Cuzz,문우찬,Moon Woo-chan,South Korea,Korea,1999-10-30,0,Cuzz
2025,Rounds 3-5,LCK,LoL Champions Korea,韩国,一级联赛,LCK 2025 Season Playoffs,2025-09-10,KT Rolster,,Mid,Bdd,곽보성,Gwak Bo-seong,South Korea,Korea,1999-03-01,0,Bdd
2025,Rounds 3-5,LCK,LoL Champions Korea,韩国,一级联赛,LCK 2025 Season Playoffs,2025-09-10,KT Rolster,,Bot,deokdam,서대길,Seo Dae-gil,South Korea,Korea,2000-02-25,0,deokdam
2025,Rounds 3-5,LCK,LoL Champions Korea,韩国,一级联赛,LCK 2025 Season Playoffs,2025-09-10,KT Rolster,,Support,Peter,정윤수,Jeong Yoon-su,South Korea,Korea,2003-04-28,0,Peter (Jeong Yoon-su)
2025,Rounds 3-5,LCK,LoL Champions Korea,韩国,一级联赛,LCK 2025 Season Playoffs,2025-09-10,KT Rolster,,Coach,Score,고동빈,Go Dong-bin,South Korea,Korea,1992-07-08,0,Score
2025,Rounds 3-5,LCK,LoL Champions Korea,韩国,一级联赛,LCK 2025 Season Playoffs,2025-09-10,KT Rolster,,Coach,Museong,김무성,Kim Moo-seong,South Korea,Korea,1997-10-09,0,Museong
2025,Rounds 3-5,LCK,LoL Champions Korea,韩国,一级联赛,LCK 2025 Season Playoffs,2025-09-10,KT Rolster,,Coach,Sonstar,손승익,Son Seung-ik,South Korea,Korea,1994-08-31,0,Sonstar
2025,Rounds 1-2,LCK,LoL Champions Korea,韩国,一级联赛,LCK 2025 Road to MSI,2025-06-07,KT Rolster,,Top,PerfecT,이승민,Lee Seung-min,South Korea,Korea,2004-05-17,0,PerfecT (Lee Seung-min)
2025,Rounds 1-2,LCK,LoL Champions Korea,韩国,一级联赛,LCK 2025 Road to MSI,2025-06-07,KT Rolster,,Jungle,Cuzz,문우찬,Moon Woo-chan,South Korea,Korea,1999-10-30,0,Cuzz
2025,Rounds 1-2,LCK,LoL Champions Korea,韩国,一级联赛,LCK 2025 Road to MSI,2025-06-07,KT Rolster,,Mid,Bdd,곽보성,Gwak Bo-seong,South Korea,Korea,1999-03-01,0,Bdd
2025,Rounds 1-2,LCK,LoL Champions Korea,韩国,一级联赛,LCK 2025 Road to MSI,2025-06-07,KT Rolster,,Bot,deokdam,서대길,Seo Dae-gil,South Korea,Korea,2000-02-25,0,deokdam
2025,Rounds 1-2,LCK,LoL Champions Korea,韩国,一级联赛,LCK 2025 Road to MSI,2025-06-07,KT Rolster,,Support,Peter,정윤수,Jeong Yoon-su,South Korea,Korea,2003-04-28,0,Peter (Jeong Yoon-su)
2025,Rounds 1-2,LCK,LoL Champions Korea,韩国,一级联赛,LCK 2025 Road to MSI,2025-06-07,KT Rolster,,Coach,Score,고동빈,Go Dong-bin,South Korea,Korea,1992-07-08,0,Score
2025,Rounds 1-2,LCK,LoL Champions Korea,韩国,一级联赛,LCK 2025 Road to MSI,2025-06-07,KT Rolster,,Coach,Museong,김무성,Kim Moo-seong,South Korea,Korea,1997-10-09,0,Museong
2025,Rounds 1-2,LCK,LoL Champions Korea,韩国,一级联赛,LCK 2025 Road to MSI,2025-06-07,KT Rolster,,Coach,Sonstar,손승익,Son Seung-ik,South Korea,Korea,1994-08-31,0,Sonstar
2025,Rounds 3-5,LCK,LoL Champions Korea,韩国,一级联赛,LCK 2025 Rounds 3-5,2025-07-23,KT Rolster,,Top,PerfecT,이승민,Lee Seung-min,South Korea,Korea,2004-05-17,0,PerfecT (Lee Seung-min)
2025,Rounds 3-5,LCK,LoL Champions Korea,韩国,一级联赛,LCK 2025 Rounds 3-5,2025-07-23,KT Rolster,,Jungle,Cuzz,문우찬,Moon Woo-chan,South Korea,Korea,1999-10-30,0,Cuzz
2025,Rounds 3-5,LCK,LoL Champions Korea,韩国,一级联赛,LCK 2025 Rounds 3-5,2025-07-23,KT Rolster,,Mid,Bdd,곽보성,Gwak Bo-seong,South Korea,Korea,1999-03-01,0,Bdd
2025,Rounds 3-5,LCK,LoL Champions Korea,韩国,一级联赛,LCK 2025 Rounds 3-5,2025-07-23,KT Rolster,,Bot,deokdam,서대길,Seo Dae-gil,South Korea,Korea,2000-02-25,0,deokdam
2025,Rounds 3-5,LCK,LoL Champions Korea,韩国,一级联赛,LCK 2025 Rounds 3-5,2025-07-23,KT Rolster,,Support,Peter,정윤수,Jeong Yoon-su,South Korea,Korea,2003-04-28,0,Peter (Jeong Yoon-su)
2025,Rounds 3-5,LCK,LoL Champions Korea,韩国,一级联赛,LCK 2025 Rounds 3-5,2025-07-23,KT Rolster,,Support,Way,한길,Han Gil,South Korea,Korea,2002-06-29,0,Way (Han Gil)
2025,Rounds 3-5,LCK,LoL Champions Korea,韩国,一级联赛,LCK 2025 Rounds 3-5,2025-07-23,KT Rolster,,Coach,Score,고동빈,Go Dong-bin,South Korea,Korea,1992-07-08,0,Score
2025,Rounds 3-5,LCK,LoL Champions Korea,韩国,一级联赛,LCK 2025 Rounds 3-5,2025-07-23,KT Rolster,,Coach,Museong,김무성,Kim Moo-seong,South Korea,Korea,1997-10-09,0,Museong
2025,Rounds 3-5,LCK,LoL Champions Korea,韩国,一级联赛,LCK 2025 Rounds 3-5,2025-07-23,KT Rolster,,Coach,Sonstar,손승익,Son Seung-ik,South Korea,Korea,1994-08-31,0,Sonstar
2025,Cup,LCK,LoL Champions Korea,韩国,一级联赛,LCK Cup 2025,2025-01-15,KT Rolster,,Top,PerfecT,이승민,Lee Seung-min,South Korea,Korea,2004-05-17,0,PerfecT (Lee Seung-min)
2025,Cup,LCK,LoL Champions Korea,韩国,一级联赛,LCK Cup 2025,2025-01-15,KT Rolster,,Jungle,Cuzz,문우찬,Moon Woo-chan,South Korea,Korea,1999-10-30,0,Cuzz
2025,Cup,LCK,LoL Champions Korea,韩国,一级联赛,LCK Cup 2025,2025-01-15,KT Rolster,,Mid,Bdd,곽보성,Gwak Bo-seong,South Korea,Korea,1999-03-01,0,Bdd
2025,Cup,LCK,LoL Champions Korea,韩国,一级联赛,LCK Cup 2025,2025-01-15,KT Rolster,,Bot,deokdam,서대길,Seo Dae-gil,South Korea,Korea,2000-02-25,0,deokdam
2025,Cup,LCK,LoL Champions Korea,韩国,一级联赛,LCK Cup 2025,2025-01-15,KT Rolster,,Support,Way,한길,Han Gil,South Korea,Korea,2002-06-29,0,Way (Han Gil)
2025,Cup,LCK,LoL Champions Korea,韩国,一级联赛,LCK Cup 2025,2025-01-15,KT Rolster,,Coach,Score,고동빈,Go Dong-bin,South Korea,Korea,1992-07-08,0,Score
2025,Cup,LCK,LoL Champions Korea,韩国,一级联赛,LCK Cup 2025,2025-01-15,KT Rolster,,Coach,Museong,김무성,Kim Moo-seong,South Korea,Korea,1997-10-09,0,Museong
2025,Cup,LCK,LoL Champions Korea,韩国,一级联赛,LCK Cup 2025,2025-01-15,KT Rolster,,Coach,Sonstar,손승익,Son Seung-ik,South Korea,Korea,1994-08-31,0,Sonstar
2026,Rounds 3-4,LCK,LoL Champions Korea,韩国,一级联赛,LCK 2026 Rounds 3-4,2026-07-29,KT Rolster,,Top,PerfecT,이승민,Lee Seung-min,South Korea,Korea,2004-05-17,0,PerfecT (Lee Seung-min)
2026,Rounds 3-4,LCK,LoL Champions Korea,韩国,一级联赛,LCK 2026 Rounds 3-4,2026-07-29,KT Rolster,,Jungle,Cuzz,문우찬,Moon Woo-chan,South Korea,Korea,1999-10-30,0,Cuzz
2026,Rounds 3-4,LCK,LoL Champions Korea,韩国,一级联赛,LCK 2026 Rounds 3-4,2026-07-29,KT Rolster,,Mid,Bdd,곽보성,Gwak Bo-seong,South Korea,Korea,1999-03-01,0,Bdd
2026,Rounds 3-4,LCK,LoL Champions Korea,韩国,一级联赛,LCK 2026 Rounds 3-4,2026-07-29,KT Rolster,,Bot,FenRir,박강준,Park Kang-jun,South Korea,Korea,2006-06-24,0,FenRir (Park Kang-jun)
2026,Rounds 3-4,LCK,LoL Champions Korea,韩国,一级联赛,LCK 2026 Rounds 3-4,2026-07-29,KT Rolster,,Bot,Jiwoo,정지우,Jung Ji-woo,South Korea,Korea,2004-03-20,0,Jiwoo
2026,Rounds 3-4,LCK,LoL Champions Korea,韩国,一级联赛,LCK 2026 Rounds 3-4,2026-07-29,KT Rolster,,Support,Effort,이상호,Lee Sang-ho,South Korea,Korea,2000-11-23,0,Effort
2026,Rounds 3-4,LCK,LoL Champions Korea,韩国,一级联赛,LCK 2026 Rounds 3-4,2026-07-29,KT Rolster,,Coach,Score,고동빈,Go Dong-bin,South Korea,Korea,1992-07-08,0,Score
2026,Rounds 3-4,LCK,LoL Champions Korea,韩国,一级联赛,LCK 2026 Rounds 3-4,2026-07-29,KT Rolster,,Coach,Museong,김무성,Kim Moo-seong,South Korea,Korea,1997-10-09,0,Museong
2026,Rounds 3-4,LCK,LoL Champions Korea,韩国,一级联赛,LCK 2026 Rounds 3-4,2026-07-29,KT Rolster,,Coach,Sonstar,손승익,Son Seung-ik,South Korea,Korea,1994-08-31,0,Sonstar
2026,Rounds 3-4,LCK,LoL Champions Korea,韩国,一级联赛,LCK 2026 Season Playoffs,2026-08-29,KT Rolster,,Top,PerfecT,이승민,Lee Seung-min,South Korea,Korea,2004-05-17,0,PerfecT (Lee Seung-min)
2026,Rounds 3-4,LCK,LoL Champions Korea,韩国,一级联赛,LCK 2026 Season Playoffs,2026-08-29,KT Rolster,,Jungle,Cuzz,문우찬,Moon Woo-chan,South Korea,Korea,1999-10-30,0,Cuzz
2026,Rounds 3-4,LCK,LoL Champions Korea,韩国,一级联赛,LCK 2026 Season Playoffs,2026-08-29,KT Rolster,,Mid,Bdd,곽보성,Gwak Bo-seong,South Korea,Korea,1999-03-01,0,Bdd
2026,Rounds 3-4,LCK,LoL Champions Korea,韩国,一级联赛,LCK 2026 Season Playoffs,2026-08-29,KT Rolster,,Bot,Jiwoo,정지우,Jung Ji-woo,South Korea,Korea,2004-03-20,0,Jiwoo
2026,Rounds 3-4,LCK,LoL Champions Korea,韩国,一级联赛,LCK 2026 Season Playoffs,2026-08-29,KT Rolster,,Support,Effort,이상호,Lee Sang-ho,South Korea,Korea,2000-11-23,0,Effort
2026,Rounds 3-4,LCK,LoL Champions Korea,韩国,一级联赛,LCK 2026 Season Playoffs,2026-08-29,KT Rolster,,Coach,Score,고동빈,Go Dong-bin,South Korea,Korea,1992-07-08,0,Score
2026,Rounds 3-4,LCK,LoL Champions Korea,韩国,一级联赛,LCK 2026 Season Playoffs,2026-08-29,KT Rolster,,Coach,Museong,김무성,Kim Moo-seong,South Korea,Korea,1997-10-09,0,Museong
2026,Rounds 3-4,LCK,LoL Champions Korea,韩国,一级联赛,LCK 2026 Season Playoffs,2026-08-29,KT Rolster,,Coach,Sonstar,손승익,Son Seung-ik,South Korea,Korea,1994-08-31,0,Sonstar
2026,Rounds 3-4,LCK,LoL Champions Korea,韩国,一级联赛,LCK 2026 Season Play-In,2026-08-26,KT Rolster,,Top,PerfecT,이승민,Lee Seung-min,South Korea,Korea,2004-05-17,0,PerfecT (Lee Seung-min)
2026,Rounds 3-4,LCK,LoL Champions Korea,韩国,一级联赛,LCK 2026 Season Play-In,2026-08-26,KT Rolster,,Jungle,Cuzz,문우찬,Moon Woo-chan,South Korea,Korea,1999-10-30,0,Cuzz
2026,Rounds 3-4,LCK,LoL Champions Korea,韩国,一级联赛,LCK 2026 Season Play-In,2026-08-26,KT Rolster,,Mid,Bdd,곽보성,Gwak Bo-seong,South Korea,Korea,1999-03-01,0,Bdd
2026,Rounds 3-4,LCK,LoL Champions Korea,韩国,一级联赛,LCK 2026 Season Play-In,2026-08-26,KT Rolster,,Bot,Jiwoo,정지우,Jung Ji-woo,South Korea,Korea,2004-03-20,0,Jiwoo
2026,Rounds 3-4,LCK,LoL Champions Korea,韩国,一级联赛,LCK 2026 Season Play-In,2026-08-26,KT Rolster,,Support,Effort,이상호,Lee Sang-ho,South Korea,Korea,2000-11-23,0,Effort
2026,Rounds 3-4,LCK,LoL Champions Korea,韩国,一级联赛,LCK 2026 Season Play-In,2026-08-26,KT Rolster,,Coach,Score,고동빈,Go Dong-bin,South Korea,Korea,1992-07-08,0,Score
2026,Rounds 3-4,LCK,LoL Champions Korea,韩国,一级联赛,LCK 2026 Season Play-In,2026-08-26,KT Rolster,,Coach,Museong,김무성,Kim Moo-seong,South Korea,Korea,1997-10-09,0,Museong
2026,Rounds 3-4,LCK,LoL Champions Korea,韩国,一级联赛,LCK 2026 Season Play-In,2026-08-26,KT Rolster,,Coach,Sonstar,손승익,Son Seung-ik,South Korea,Korea,1994-08-31,0,Sonstar
2024,Spring,LCK,LoL Champions Korea,韩国,一级联赛,LCK 2024 Spring Playoffs,2024-03-30,KT Rolster,,Top,PerfecT,이승민,Lee Seung-min,South Korea,Korea,2004-05-17,0,PerfecT (Lee Seung-min)
2024,Spring,LCK,LoL Champions Korea,韩国,一级联赛,LCK 2024 Spring Playoffs,2024-03-30,KT Rolster,,Jungle,Pyosik,홍창현,Hong Chang-hyeon,South Korea,Korea,2000-03-12,0,Pyosik
2024,Spring,LCK,LoL Champions Korea,韩国,一级联赛,LCK 2024 Spring Playoffs,2024-03-30,KT Rolster,,Mid,Bdd,곽보성,Gwak Bo-seong,South Korea,Korea,1999-03-01,0,Bdd
2024,Spring,LCK,LoL Champions Korea,韩国,一级联赛,LCK 2024 Spring Playoffs,2024-03-30,KT Rolster,,Bot,Deft,김혁규,Kim Hyuk-kyu,South Korea,Korea,1996-10-23,0,Deft
2024,Spring,LCK,LoL Champions Korea,韩国,一级联赛,LCK 2024 Spring Playoffs,2024-03-30,KT Rolster,,Support,BeryL,조건희,Cho Geon-hee,South Korea,Korea,1997-04-01,0,BeryL
2024,Spring,LCK,LoL Champions Korea,韩国,一级联赛,LCK 2024 Spring Playoffs,2024-03-30,KT Rolster,,Coach,Hirai,강동훈,Kang Dong-hoon,South Korea,Korea,1982-03-26,0,Hirai
2024,Spring,LCK,LoL Champions Korea,韩国,一级联赛,LCK 2024 Spring Playoffs,2024-03-30,KT Rolster,,Coach,supreme,최승민,Choi Seung-min,South Korea,Korea,1987-04-27,0,supreme
2024,Spring,LCK,LoL Champions Korea,韩国,一级联赛,LCK 2024 Spring Playoffs,2024-03-30,KT Rolster,,Coach,Museong,김무성,Kim Moo-seong,South Korea,Korea,1997-10-09,0,Museong
2024,Spring,LCK,LoL Champions Korea,韩国,一级联赛,LCK 2024 Spring Playoffs,2024-03-30,KT Rolster,,Coach,Comet,임혜성,Lim Hye-sung,South Korea,Korea,1991-08-04,0,Comet
2024,Spring,LCK,LoL Champions Korea,韩国,一级联赛,LCK 2024 Spring,2024-01-17,KT Rolster,,Top,PerfecT,이승민,Lee Seung-min,South Korea,Korea,2004-05-17,0,PerfecT (Lee Seung-min)
2024,Spring,LCK,LoL Champions Korea,韩国,一级联赛,LCK 2024 Spring,2024-01-17,KT Rolster,,Jungle,Pyosik,홍창현,Hong Chang-hyeon,South Korea,Korea,2000-03-12,0,Pyosik
2024,Spring,LCK,LoL Champions Korea,韩国,一级联赛,LCK 2024 Spring,2024-01-17,KT Rolster,,Mid,Bdd,곽보성,Gwak Bo-seong,South Korea,Korea,1999-03-01,0,Bdd
2024,Spring,LCK,LoL Champions Korea,韩国,一级联赛,LCK 2024 Spring,2024-01-17,KT Rolster,,Bot,Deft,김혁규,Kim Hyuk-kyu,South Korea,Korea,1996-10-23,0,Deft
2024,Spring,LCK,LoL Champions Korea,韩国,一级联赛,LCK 2024 Spring,2024-01-17,KT Rolster,,Support,BeryL,조건희,Cho Geon-hee,South Korea,Korea,1997-04-01,0,BeryL
2024,Spring,LCK,LoL Champions Korea,韩国,一级联赛,LCK 2024 Spring,2024-01-17,KT Rolster,,Coach,Hirai,강동훈,Kang Dong-hoon,South Korea,Korea,1982-03-26,0,Hirai
2024,Spring,LCK,LoL Champions Korea,韩国,一级联赛,LCK 2024 Spring,2024-01-17,KT Rolster,,Coach,supreme,최승민,Choi Seung-min,South Korea,Korea,1987-04-27,0,supreme
2024,Spring,LCK,LoL Champions Korea,韩国,一级联赛,LCK 2024 Spring,2024-01-17,KT Rolster,,Coach,Museong,김무성,Kim Moo-seong,South Korea,Korea,1997-10-09,0,Museong
2024,Spring,LCK,LoL Champions Korea,韩国,一级联赛,LCK 2024 Spring,2024-01-17,KT Rolster,,Coach,Comet,임혜성,Lim Hye-sung,South Korea,Korea,1991-08-04,0,Comet
2024,Summer,LCK,LoL Champions Korea,韩国,一级联赛,LCK 2024 Summer Playoffs,2024-08-23,KT Rolster,,Top,PerfecT,이승민,Lee Seung-min,South Korea,Korea,2004-05-17,0,PerfecT (Lee Seung-min)
2024,Summer,LCK,LoL Champions Korea,韩国,一级联赛,LCK 2024 Summer Playoffs,2024-08-23,KT Rolster,,Jungle,Pyosik,홍창현,Hong Chang-hyeon,South Korea,Korea,2000-03-12,0,Pyosik
2024,Summer,LCK,LoL Champions Korea,韩国,一级联赛,LCK 2024 Summer Playoffs,2024-08-23,KT Rolster,,Mid,Bdd,곽보성,Gwak Bo-seong,South Korea,Korea,1999-03-01,0,Bdd
2024,Summer,LCK,LoL Champions Korea,韩国,一级联赛,LCK 2024 Summer Playoffs,2024-08-23,KT Rolster,,Bot,Deft,김혁규,Kim Hyuk-kyu,South Korea,Korea,1996-10-23,0,Deft
2024,Summer,LCK,LoL Champions Korea,韩国,一级联赛,LCK 2024 Summer Playoffs,2024-08-23,KT Rolster,,Support,BeryL,조건희,Cho Geon-hee,South Korea,Korea,1997-04-01,0,BeryL
2024,Summer,LCK,LoL Champions Korea,韩国,一级联赛,LCK 2024 Summer Playoffs,2024-08-23,KT Rolster,,Coach,Hirai,강동훈,Kang Dong-hoon,South Korea,Korea,1982-03-26,0,Hirai
2024,Summer,LCK,LoL Champions Korea,韩国,一级联赛,LCK 2024 Summer Playoffs,2024-08-23,KT Rolster,,Coach,supreme,최승민,Choi Seung-min,South Korea,Korea,1987-04-27,0,supreme
2024,Summer,LCK,LoL Champions Korea,韩国,一级联赛,LCK 2024 Summer Playoffs,2024-08-23,KT Rolster,,Coach,Museong,김무성,Kim Moo-seong,South Korea,Korea,1997-10-09,0,Museong
2024,Summer,LCK,LoL Champions Korea,韩国,一级联赛,LCK 2024 Summer Playoffs,2024-08-23,KT Rolster,,Coach,Comet,임혜성,Lim Hye-sung,South Korea,Korea,1991-08-04,0,Comet
2022,Summer,LCK,LoL Champions Korea,韩国,一级联赛,LCK 2022 Summer,2022-06-15,KT Rolster,,Top,Rascal,김광희,Kim Kwang-hee,South Korea,Korea,1997-10-16,0,Rascal
2022,Summer,LCK,LoL Champions Korea,韩国,一级联赛,LCK 2022 Summer,2022-06-15,KT Rolster,,Jungle,Cuzz,문우찬,Moon Woo-chan,South Korea,Korea,1999-10-30,0,Cuzz
2022,Summer,LCK,LoL Champions Korea,韩国,一级联赛,LCK 2022 Summer,2022-06-15,KT Rolster,,Mid,Aria,이가을,Lee Ga-eul,South Korea,Asia Pacific,2000-10-14,0,Aria (Lee Ga-eul)
2022,Summer,LCK,LoL Champions Korea,韩国,一级联赛,LCK 2022 Summer,2022-06-15,KT Rolster,,Mid,VicLa,이대광,Lee Dae-kwang,South Korea,Korea,2003-11-27,0,VicLa
2022,Summer,LCK,LoL Champions Korea,韩国,一级联赛,LCK 2022 Summer,2022-06-15,KT Rolster,,Bot,Aiming,김하람,Kim Ha-ram,South Korea,Korea,2000-07-20,0,Aiming
2022,Summer,LCK,LoL Champions Korea,韩国,一级联赛,LCK 2022 Summer,2022-06-15,KT Rolster,,Support,Life,김정민,Kim Jeong-min,South Korea,Korea,2000-07-07,0,Life
2022,Summer,LCK,LoL Champions Korea,韩国,一级联赛,LCK 2022 Summer,2022-06-15,KT Rolster,,Coach,Hirai,강동훈,Kang Dong-hoon,South Korea,Korea,1982-03-26,0,Hirai
2022,Summer,LCK,LoL Champions Korea,韩国,一级联赛,LCK 2022 Summer,2022-06-15,KT Rolster,,Coach,Acorn,최천주,Choi Cheon-ju,South Korea,Korea,1990-07-13,0,Acorn
2022,Summer,LCK,LoL Champions Korea,韩国,一级联赛,LCK 2022 Summer,2022-06-15,KT Rolster,,Coach,supreme,최승민,Choi Seung-min,South Korea,Korea,1987-04-27,0,supreme
2022,Spring,LCK,LoL Champions Korea,韩国,一级联赛,LCK 2022 Spring,2022-01-12,KT Rolster,,Top,Rascal,김광희,Kim Kwang-hee,South Korea,Korea,1997-10-16,0,Rascal
2022,Spring,LCK,LoL Champions Korea,韩国,一级联赛,LCK 2022 Spring,2022-01-12,KT Rolster,,Jungle,Cuzz,문우찬,Moon Woo-chan,South Korea,Korea,1999-10-30,0,Cuzz
2022,Spring,LCK,LoL Champions Korea,韩国,一级联赛,LCK 2022 Spring,2022-01-12,KT Rolster,,Jungle,GIDEON,김민성,Kim Min-seong,South Korea,Korea,2003-08-14,0,GIDEON
2022,Spring,LCK,LoL Champions Korea,韩国,一级联赛,LCK 2022 Spring,2022-01-12,KT Rolster,,Mid,Aria,이가을,Lee Ga-eul,South Korea,Asia Pacific,2000-10-14,0,Aria (Lee Ga-eul)
2022,Spring,LCK,LoL Champions Korea,韩国,一级联赛,LCK 2022 Spring,2022-01-12,KT Rolster,,Mid,VicLa,이대광,Lee Dae-kwang,South Korea,Korea,2003-11-27,0,VicLa
2022,Spring,LCK,LoL Champions Korea,韩国,一级联赛,LCK 2022 Spring,2022-01-12,KT Rolster,,Bot,Aiming,김하람,Kim Ha-ram,South Korea,Korea,2000-07-20,0,Aiming
2022,Spring,LCK,LoL Champions Korea,韩国,一级联赛,LCK 2022 Spring,2022-01-12,KT Rolster,,Support,Life,김정민,Kim Jeong-min,South Korea,Korea,2000-07-07,0,Life
2022,Spring,LCK,LoL Champions Korea,韩国,一级联赛,LCK 2022 Spring,2022-01-12,KT Rolster,,Coach,Hirai,강동훈,Kang Dong-hoon,South Korea,Korea,1982-03-26,0,Hirai
2022,Spring,LCK,LoL Champions Korea,韩国,一级联赛,LCK 2022 Spring,2022-01-12,KT Rolster,,Coach,Acorn,최천주,Choi Cheon-ju,South Korea,Korea,1990-07-13,0,Acorn
2022,Spring,LCK,LoL Champions Korea,韩国,一级联赛,LCK 2022 Spring,2022-01-12,KT Rolster,,Coach,supreme,최승민,Choi Seung-min,South Korea,Korea,1987-04-27,0,supreme
2022,Summer,LCK,LoL Champions Korea,韩国,一级联赛,LCK 2022 Summer Playoffs,2022-08-17,KT Rolster,,Top,Rascal,김광희,Kim Kwang-hee,South Korea,Korea,1997-10-16,0,Rascal
2022,Summer,LCK,LoL Champions Korea,韩国,一级联赛,LCK 2022 Summer Playoffs,2022-08-17,KT Rolster,,Jungle,Cuzz,문우찬,Moon Woo-chan,South Korea,Korea,1999-10-30,0,Cuzz
2022,Summer,LCK,LoL Champions Korea,韩国,一级联赛,LCK 2022 Summer Playoffs,2022-08-17,KT Rolster,,Mid,VicLa,이대광,Lee Dae-kwang,South Korea,Korea,2003-11-27,0,VicLa
2022,Summer,LCK,LoL Champions Korea,韩国,一级联赛,LCK 2022 Summer Playoffs,2022-08-17,KT Rolster,,Bot,Aiming,김하람,Kim Ha-ram,South Korea,Korea,2000-07-20,0,Aiming
2022,Summer,LCK,LoL Champions Korea,韩国,一级联赛,LCK 2022 Summer Playoffs,2022-08-17,KT Rolster,,Support,Life,김정민,Kim Jeong-min,South Korea,Korea,2000-07-07,0,Life
2022,Summer,LCK,LoL Champions Korea,韩国,一级联赛,LCK 2022 Summer Playoffs,2022-08-17,KT Rolster,,Coach,supreme,최승민,Choi Seung-min,South Korea,Korea,1987-04-27,0,supreme
2022,Summer,LCK,LoL Champions Korea,韩国,一级联赛,LCK 2022 Summer Playoffs,2022-08-17,KT Rolster,,Coach,Acorn,최천주,Choi Cheon-ju,South Korea,Korea,1990-07-13,0,Acorn
2024,Spring,LCK,LoL Champions Korea,韩国,一级联赛,LCK 2024 Spring Playoffs,2024-03-30,Kwangdong Freecs,,Top,DuDu,이동주,Lee Dong-ju,South Korea,Korea,2001-03-08,0,DuDu (Lee Dong-ju)
2024,Spring,LCK,LoL Champions Korea,韩国,一级联赛,LCK 2024 Spring Playoffs,2024-03-30,Kwangdong Freecs,,Jungle,Cuzz,문우찬,Moon Woo-chan,South Korea,Korea,1999-10-30,0,Cuzz
2024,Spring,LCK,LoL Champions Korea,韩国,一级联赛,LCK 2024 Spring Playoffs,2024-03-30,Kwangdong Freecs,,Mid,BuLLDoG,이태영,Lee Tae-young,South Korea,Korea,2005-04-15,0,BuLLDoG (Lee Tae-young)
2024,Spring,LCK,LoL Champions Korea,韩国,一级联赛,LCK 2024 Spring Playoffs,2024-03-30,Kwangdong Freecs,,Bot,Bull,송선규,Song Seon-gyu,South Korea,Korea,2003-05-16,0,Bull
2024,Spring,LCK,LoL Champions Korea,韩国,一级联赛,LCK 2024 Spring Playoffs,2024-03-30,Kwangdong Freecs,,Support,Quantum,손정환,Son Jeong-hwan,South Korea,Korea,2004-08-20,0,Quantum (Son Jeong-hwan)
2024,Spring,LCK,LoL Champions Korea,韩国,一级联赛,LCK 2024 Spring Playoffs,2024-03-30,Kwangdong Freecs,,Coach,cvMax,김대호,Kim Dae-ho,South Korea,Korea,1990-07-07,0,CvMax
2024,Spring,LCK,LoL Champions Korea,韩国,一级联赛,LCK 2024 Spring Playoffs,2024-03-30,Kwangdong Freecs,,Coach,Millimas,김건우,Kim Geon-woo,South Korea,Korea,2001-12-15,0,Millimas
2024,Spring,LCK,LoL Champions Korea,韩国,一级联赛,LCK 2024 Spring Playoffs,2024-03-30,Kwangdong Freecs,,Coach,FanTaSy,정명훈,Jeong Myeong-hoon,South Korea,Korea,1991-07-01,0,FanTaSy (Jeong Myeong-hoon)
2024,Summer,LCK,LoL Champions Korea,韩国,一级联赛,LCK 2024 Summer,2024-06-12,Kwangdong Freecs,,Top,DuDu,이동주,Lee Dong-ju,South Korea,Korea,2001-03-08,0,DuDu (Lee Dong-ju)
2024,Summer,LCK,LoL Champions Korea,韩国,一级联赛,LCK 2024 Summer,2024-06-12,Kwangdong Freecs,,Jungle,Cuzz,문우찬,Moon Woo-chan,South Korea,Korea,1999-10-30,0,Cuzz
2024,Summer,LCK,LoL Champions Korea,韩国,一级联赛,LCK 2024 Summer,2024-06-12,Kwangdong Freecs,,Mid,BuLLDoG,이태영,Lee Tae-young,South Korea,Korea,2005-04-15,0,BuLLDoG (Lee Tae-young)
2024,Summer,LCK,LoL Champions Korea,韩国,一级联赛,LCK 2024 Summer,2024-06-12,Kwangdong Freecs,,Bot,Leaper,최기명,Choi Gi-myeong,South Korea,Korea,2000-05-18,0,Leaper
2024,Summer,LCK,LoL Champions Korea,韩国,一级联赛,LCK 2024 Summer,2024-06-12,Kwangdong Freecs,,Support,Andil,문관빈,Moon Gwan-bin,South Korea,Korea,2002-10-05,0,Andil
2024,Summer,LCK,LoL Champions Korea,韩国,一级联赛,LCK 2024 Summer,2024-06-12,Kwangdong Freecs,,Support,Quantum,손정환,Son Jeong-hwan,South Korea,Korea,2004-08-20,0,Quantum (Son Jeong-hwan)
2024,Summer,LCK,LoL Champions Korea,韩国,一级联赛,LCK 2024 Summer,2024-06-12,Kwangdong Freecs,,Coach,cvMax,김대호,Kim Dae-ho,South Korea,Korea,1990-07-07,0,cvMax
2024,Summer,LCK,LoL Champions Korea,韩国,一级联赛,LCK 2024 Summer,2024-06-12,Kwangdong Freecs,,Coach,Millimas,김건우,Kim Geon-woo,South Korea,Korea,2001-12-15,0,Millimas
2024,Summer,LCK,LoL Champions Korea,韩国,一级联赛,LCK 2024 Summer,2024-06-12,Kwangdong Freecs,,Coach,FanTaSy,정명훈,Jeong Myeong-hoon,South Korea,Korea,1991-07-01,0,FanTaSy (Jeong Myeong-hoon)
2024,Spring,LCK,LoL Champions Korea,韩国,一级联赛,LCK 2024 Spring,2024-01-17,Kwangdong Freecs,,Top,DuDu,이동주,Lee Dong-ju,South Korea,Korea,2001-03-08,0,DuDu (Lee Dong-ju)
2024,Spring,LCK,LoL Champions Korea,韩国,一级联赛,LCK 2024 Spring,2024-01-17,Kwangdong Freecs,,Jungle,Cuzz,문우찬,Moon Woo-chan,South Korea,Korea,1999-10-30,0,Cuzz
2024,Spring,LCK,LoL Champions Korea,韩国,一级联赛,LCK 2024 Spring,2024-01-17,Kwangdong Freecs,,Mid,BuLLDoG,이태영,Lee Tae-young,South Korea,Korea,2005-04-15,0,BuLLDoG (Lee Tae-young)
2024,Spring,LCK,LoL Champions Korea,韩国,一级联赛,LCK 2024 Spring,2024-01-17,Kwangdong Freecs,,Bot,Taeyoon,김태윤,Kim Tae-yoon,South Korea,Korea,2002-06-02,0,Taeyoon (Kim Tae-yoon)
2024,Spring,LCK,LoL Champions Korea,韩国,一级联赛,LCK 2024 Spring,2024-01-17,Kwangdong Freecs,,Bot,Bull,송선규,Song Seon-gyu,South Korea,Korea,2003-05-16,0,Bull
2024,Spring,LCK,LoL Champions Korea,韩国,一级联赛,LCK 2024 Spring,2024-01-17,Kwangdong Freecs,,Support,Andil,문관빈,Moon Gwan-bin,South Korea,Korea,2002-10-05,0,Andil
2024,Spring,LCK,LoL Champions Korea,韩国,一级联赛,LCK 2024 Spring,2024-01-17,Kwangdong Freecs,,Support,Quantum,손정환,Son Jeong-hwan,South Korea,Korea,2004-08-20,0,Quantum (Son Jeong-hwan)
2024,Spring,LCK,LoL Champions Korea,韩国,一级联赛,LCK 2024 Spring,2024-01-17,Kwangdong Freecs,,Coach,cvMax,김대호,Kim Dae-ho,South Korea,Korea,1990-07-07,0,CvMax
2024,Spring,LCK,LoL Champions Korea,韩国,一级联赛,LCK 2024 Spring,2024-01-17,Kwangdong Freecs,,Coach,Millimas,김건우,Kim Geon-woo,South Korea,Korea,2001-12-15,0,Millimas
2024,Spring,LCK,LoL Champions Korea,韩国,一级联赛,LCK 2024 Spring,2024-01-17,Kwangdong Freecs,,Coach,FanTaSy,정명훈,Jeong Myeong-hoon,South Korea,Korea,1991-07-01,0,FanTaSy (Jeong Myeong-hoon)
2023,Summer,LCK,LoL Champions Korea,韩国,一级联赛,LCK 2023 Summer,2023-06-07,Kwangdong Freecs,,Top,DuDu,이동주,Lee Dong-ju,South Korea,Korea,2001-03-08,0,DuDu (Lee Dong-ju)
2023,Summer,LCK,LoL Champions Korea,韩国,一级联赛,LCK 2023 Summer,2023-06-07,Kwangdong Freecs,,Jungle,YoungJae,고영재,Ko Yeong-jae,South Korea,Korea,2002-11-16,0,YoungJae
2023,Summer,LCK,LoL Champions Korea,韩国,一级联赛,LCK 2023 Summer,2023-06-07,Kwangdong Freecs,,Mid,BuLLDoG,이태영,Lee Tae-young,South Korea,Korea,2005-04-15,0,BuLLDoG (Lee Tae-young)
2023,Summer,LCK,LoL Champions Korea,韩国,一级联赛,LCK 2023 Summer,2023-06-07,Kwangdong Freecs,,Bot,Taeyoon,김태윤,Kim Tae-yoon,South Korea,Korea,2002-06-02,0,Taeyoon (Kim Tae-yoon)
2023,Summer,LCK,LoL Champions Korea,韩国,一级联赛,LCK 2023 Summer,2023-06-07,Kwangdong Freecs,,Support,Jun,윤세준,Yoon Se-jun,South Korea,Korea,2000-08-02,0,Jun (Yoon Se-jun)
2023,Summer,LCK,LoL Champions Korea,韩国,一级联赛,LCK 2023 Summer,2023-06-07,Kwangdong Freecs,,Support,Andil,문관빈,Moon Gwan-bin,South Korea,Korea,2002-10-05,0,Andil
2023,Summer,LCK,LoL Champions Korea,韩国,一级联赛,LCK 2023 Summer,2023-06-07,Kwangdong Freecs,,Coach,cvMax,김대호,Kim Dae-ho,South Korea,Korea,1990-07-07,0,cvMax
2023,Summer,LCK,LoL Champions Korea,韩国,一级联赛,LCK 2023 Summer,2023-06-07,Kwangdong Freecs,,Coach,Alvingo,최병철,Choi Byeong-cheol,South Korea,Korea,1992-06-04,0,Alvingo
2023,Spring,LCK,LoL Champions Korea,韩国,一级联赛,LCK 2023 Spring,2023-01-18,Kwangdong Freecs,,Top,DuDu,이동주,Lee Dong-ju,South Korea,Korea,2001-03-08,0,DuDu (Lee Dong-ju)
2023,Spring,LCK,LoL Champions Korea,韩国,一级联赛,LCK 2023 Spring,2023-01-18,Kwangdong Freecs,,Jungle,YoungJae,고영재,Ko Yeong-jae,South Korea,Korea,2002-11-16,0,YoungJae
2023,Spring,LCK,LoL Champions Korea,韩国,一级联赛,LCK 2023 Spring,2023-01-18,Kwangdong Freecs,,Mid,BuLLDoG,이태영,Lee Tae-young,South Korea,Korea,2005-04-15,0,BuLLDoG (Lee Tae-young)
2023,Spring,LCK,LoL Champions Korea,韩国,一级联赛,LCK 2023 Spring,2023-01-18,Kwangdong Freecs,,Bot,Taeyoon,김태윤,Kim Tae-yoon,South Korea,Korea,2002-06-02,0,Taeyoon (Kim Tae-yoon)
2023,Spring,LCK,LoL Champions Korea,韩国,一级联赛,LCK 2023 Spring,2023-01-18,Kwangdong Freecs,,Support,Jun,윤세준,Yoon Se-jun,South Korea,Korea,2000-08-02,0,Jun (Yoon Se-jun)
2023,Spring,LCK,LoL Champions Korea,韩国,一级联赛,LCK 2023 Spring,2023-01-18,Kwangdong Freecs,,Support,Moham,정재훈,Jeong Jae-hun,South Korea,Korea,2002-08-08,0,Moham
2023,Spring,LCK,LoL Champions Korea,韩国,一级联赛,LCK 2023 Spring,2023-01-18,Kwangdong Freecs,,Coach,cvMax,김대호,Kim Dae-ho,South Korea,Korea,1990-07-07,0,cvMax
2023,Spring,LCK,LoL Champions Korea,韩国,一级联赛,LCK 2023 Spring,2023-01-18,Kwangdong Freecs,,Coach,Alvingo,최병철,Choi Byeong-cheol,South Korea,Korea,1992-06-04,0,Alvingo
2022,Spring,LCK,LoL Champions Korea,韩国,一级联赛,LCK 2022 Spring Playoffs,2022-03-23,Kwangdong Freecs,,Top,Kiin,김기인,Kim Gi-in,South Korea,Korea,1999-05-28,0,Kiin
2022,Spring,LCK,LoL Champions Korea,韩国,一级联赛,LCK 2022 Spring Playoffs,2022-03-23,Kwangdong Freecs,,Jungle,Ellim,최엘림,Choi El-lim,South Korea,Korea,2000-05-25,0,Ellim
2022,Spring,LCK,LoL Champions Korea,韩国,一级联赛,LCK 2022 Spring Playoffs,2022-03-23,Kwangdong Freecs,,Mid,FATE,유수혁,Yoo Su-hyeok,South Korea,Korea,2000-08-22,0,FATE (Yoo Su-hyeok)
2022,Spring,LCK,LoL Champions Korea,韩国,一级联赛,LCK 2022 Spring Playoffs,2022-03-23,Kwangdong Freecs,,Bot,Teddy,박진성,Park Jin-seong,South Korea,Korea,1998-03-15,0,Teddy
2022,Spring,LCK,LoL Champions Korea,韩国,一级联赛,LCK 2022 Spring Playoffs,2022-03-23,Kwangdong Freecs,,Support,Hoit,류호성,Ryu Ho-seong,South Korea,Korea,1999-07-06,1,Hoit
2022,Spring,LCK,LoL Champions Korea,韩国,一级联赛,LCK 2022 Spring Playoffs,2022-03-23,Kwangdong Freecs,,Coach,Cain,장누리,Jang Nu-ri,South Korea,Korea,1987-02-06,1,Cain
2022,Spring,LCK,LoL Champions Korea,韩国,一级联赛,LCK 2022 Spring Playoffs,2022-03-23,Kwangdong Freecs,,Coach,Alvingo,최병철,Choi Byeong-cheol,South Korea,Korea,1992-06-04,0,Alvingo
2022,Spring,LCK,LoL Champions Korea,韩国,一级联赛,LCK 2022 Spring,2022-01-12,Kwangdong Freecs,,Top,Kiin,김기인,Kim Gi-in,South Korea,Korea,1999-05-28,0,Kiin
2022,Spring,LCK,LoL Champions Korea,韩国,一级联赛,LCK 2022 Spring,2022-01-12,Kwangdong Freecs,,Jungle,Ellim,최엘림,Choi El-lim,South Korea,Korea,2000-05-25,0,Ellim
2022,Spring,LCK,LoL Champions Korea,韩国,一级联赛,LCK 2022 Spring,2022-01-12,Kwangdong Freecs,,Mid,FATE,유수혁,Yoo Su-hyeok,South Korea,Korea,2000-08-22,0,FATE (Yoo Su-hyeok)
2022,Spring,LCK,LoL Champions Korea,韩国,一级联赛,LCK 2022 Spring,2022-01-12,Kwangdong Freecs,,Bot,Teddy,박진성,Park Jin-seong,South Korea,Korea,1998-03-15,0,Teddy
2022,Spring,LCK,LoL Champions Korea,韩国,一级联赛,LCK 2022 Spring,2022-01-12,Kwangdong Freecs,,Support,Hoit,류호성,Ryu Ho-seong,South Korea,Korea,1999-07-06,1,Hoit
2022,Spring,LCK,LoL Champions Korea,韩国,一级联赛,LCK 2022 Spring,2022-01-12,Kwangdong Freecs,,Coach,Cain,장누리,Jang Nu-ri,South Korea,Korea,1987-02-06,1,Cain
2022,Spring,LCK,LoL Champions Korea,韩国,一级联赛,LCK 2022 Spring,2022-01-12,Kwangdong Freecs,,Coach,Alvingo,최병철,Choi Byeong-cheol,South Korea,Korea,1992-06-04,0,Alvingo
2022,Spring,LCK,LoL Champions Korea,韩国,一级联赛,LCK 2022 Spring,2022-01-12,Kwangdong Freecs,,Coach,Spirit,이다윤,Lee Da-yoon,South Korea,Korea,1996-07-01,1,Spirit
2022,Summer,LCK,LoL Champions Korea,韩国,一级联赛,LCK 2022 Summer,2022-06-15,Kwangdong Freecs,,Top,Kiin,김기인,Kim Gi-in,South Korea,Korea,1999-05-28,0,Kiin
2022,Summer,LCK,LoL Champions Korea,韩国,一级联赛,LCK 2022 Summer,2022-06-15,Kwangdong Freecs,,Jungle,Ellim,최엘림,Choi El-lim,South Korea,Korea,2000-05-25,0,Ellim
2022,Summer,LCK,LoL Champions Korea,韩国,一级联赛,LCK 2022 Summer,2022-06-15,Kwangdong Freecs,,Mid,FATE,유수혁,Yoo Su-hyeok,South Korea,Korea,2000-08-22,0,FATE (Yoo Su-hyeok)
2022,Summer,LCK,LoL Champions Korea,韩国,一级联赛,LCK 2022 Summer,2022-06-15,Kwangdong Freecs,,Bot,Teddy,박진성,Park Jin-seong,South Korea,Korea,1998-03-15,0,Teddy
2022,Summer,LCK,LoL Champions Korea,韩国,一级联赛,LCK 2022 Summer,2022-06-15,Kwangdong Freecs,,Support,Hoit,류호성,Ryu Ho-seong,South Korea,Korea,1999-07-06,1,Hoit
2022,Summer,LCK,LoL Champions Korea,韩国,一级联赛,LCK 2022 Summer,2022-06-15,Kwangdong Freecs,,Support,Moham,정재훈,Jeong Jae-hun,South Korea,Korea,2002-08-08,0,Moham
2022,Summer,LCK,LoL Champions Korea,韩国,一级联赛,LCK 2022 Summer,2022-06-15,Kwangdong Freecs,,Coach,Cain,장누리,Jang Nu-ri,South Korea,Korea,1987-02-06,1,Cain
2022,Summer,LCK,LoL Champions Korea,韩国,一级联赛,LCK 2022 Summer,2022-06-15,Kwangdong Freecs,,Coach,Alvingo,최병철,Choi Byeong-cheol,South Korea,Korea,1992-06-04,0,Alvingo
2023,Summer,LCK,LoL Champions Korea,韩国,一级联赛,LCK 2023 Summer,2023-06-07,Liiv SANDBOX,,Top,Burdol,노태윤,Noh Tae-yoon,South Korea,Korea,2003-12-25,0,Burdol
2023,Summer,LCK,LoL Champions Korea,韩国,一级联赛,LCK 2023 Summer,2023-06-07,Liiv SANDBOX,,Top,Clear,송현민,Song Hyeon-min,South Korea,Korea,2002-12-19,0,Clear (Song Hyeon-min)
2023,Summer,LCK,LoL Champions Korea,韩国,一级联赛,LCK 2023 Summer,2023-06-07,Liiv SANDBOX,,Jungle,Willer,김정현,Kim Jeong-hyeon,South Korea,Korea,2003-04-24,0,Willer
2023,Summer,LCK,LoL Champions Korea,韩国,一级联赛,LCK 2023 Summer,2023-06-07,Liiv SANDBOX,,Mid,Clozer,이주현,Lee Ju-hyeon,South Korea,Korea,2003-07-27,0,Clozer
2023,Summer,LCK,LoL Champions Korea,韩国,一级联赛,LCK 2023 Summer,2023-06-07,Liiv SANDBOX,,Bot,Teddy,박진성,Park Jin-seong,South Korea,Korea,1998-03-15,0,Teddy
2023,Summer,LCK,LoL Champions Korea,韩国,一级联赛,LCK 2023 Summer,2023-06-07,Liiv SANDBOX,,Support,Kael,김진홍,Kim Jin-hong,South Korea,Korea,2004-02-11,0,Kael (Kim Jin-hong)
2023,Summer,LCK,LoL Champions Korea,韩国,一级联赛,LCK 2023 Summer,2023-06-07,Liiv SANDBOX,,Coach,Ryu,류상욱,Ryu Sang-wook,South Korea,Korea,1994-01-28,0,Ryu
2023,Summer,LCK,LoL Champions Korea,韩国,一级联赛,LCK 2023 Summer,2023-06-07,Liiv SANDBOX,,Coach,Lyn,김다빈,Kim Da-bin,South Korea,Korea,1996-08-25,0,Lyn
2023,Spring,LCK,LoL Champions Korea,韩国,一级联赛,LCK 2023 Spring,2023-01-18,Liiv SANDBOX,,Top,Burdol,노태윤,Noh Tae-yoon,South Korea,Korea,2003-12-25,0,Burdol
2023,Spring,LCK,LoL Champions Korea,韩国,一级联赛,LCK 2023 Spring,2023-01-18,Liiv SANDBOX,,Jungle,Willer,김정현,Kim Jeong-hyeon,South Korea,Korea,2003-04-24,0,Willer
2023,Spring,LCK,LoL Champions Korea,韩国,一级联赛,LCK 2023 Spring,2023-01-18,Liiv SANDBOX,,Mid,Clozer,이주현,Lee Ju-hyeon,South Korea,Korea,2003-07-27,0,Clozer
2023,Spring,LCK,LoL Champions Korea,韩国,一级联赛,LCK 2023 Spring,2023-01-18,Liiv SANDBOX,,Bot,Envyy,이명준,Lee Myeong-joon,South Korea,Korea,2000-04-07,0,Envyy
2023,Spring,LCK,LoL Champions Korea,韩国,一级联赛,LCK 2023 Spring,2023-01-18,Liiv SANDBOX,,Support,Kael,김진홍,Kim Jin-hong,South Korea,Korea,2004-02-11,0,Kael (Kim Jin-hong)
2023,Spring,LCK,LoL Champions Korea,韩国,一级联赛,LCK 2023 Spring,2023-01-18,Liiv SANDBOX,,Coach,Ryu,류상욱,Ryu Sang-wook,South Korea,Korea,1994-01-28,0,Ryu
2023,Spring,LCK,LoL Champions Korea,韩国,一级联赛,LCK 2023 Spring,2023-01-18,Liiv SANDBOX,,Coach,Lyn,김다빈,Kim Da-bin,South Korea,Korea,1996-08-25,0,Lyn
2023,Spring,LCK,LoL Champions Korea,韩国,一级联赛,LCK 2023 Spring Playoffs,2023-03-22,Liiv SANDBOX,,Top,Burdol,노태윤,Noh Tae-yoon,South Korea,Korea,2003-12-25,0,Burdol
2023,Spring,LCK,LoL Champions Korea,韩国,一级联赛,LCK 2023 Spring Playoffs,2023-03-22,Liiv SANDBOX,,Jungle,Willer,김정현,Kim Jeong-hyeon,South Korea,Korea,2003-04-24,0,Willer
2023,Spring,LCK,LoL Champions Korea,韩国,一级联赛,LCK 2023 Spring Playoffs,2023-03-22,Liiv SANDBOX,,Mid,Clozer,이주현,Lee Ju-hyeon,South Korea,Korea,2003-07-27,0,Clozer
2023,Spring,LCK,LoL Champions Korea,韩国,一级联赛,LCK 2023 Spring Playoffs,2023-03-22,Liiv SANDBOX,,Bot,Envyy,이명준,Lee Myeong-joon,South Korea,Korea,2000-04-07,0,Envyy
2023,Spring,LCK,LoL Champions Korea,韩国,一级联赛,LCK 2023 Spring Playoffs,2023-03-22,Liiv SANDBOX,,Support,Kael,김진홍,Kim Jin-hong,South Korea,Korea,2004-02-11,0,Kael (Kim Jin-hong)
2023,Spring,LCK,LoL Champions Korea,韩国,一级联赛,LCK 2023 Spring Playoffs,2023-03-22,Liiv SANDBOX,,Coach,Ryu,류상욱,Ryu Sang-wook,South Korea,Korea,1994-01-28,0,Ryu
2023,Spring,LCK,LoL Champions Korea,韩国,一级联赛,LCK 2023 Spring Playoffs,2023-03-22,Liiv SANDBOX,,Coach,Lyn,김다빈,Kim Da-bin,South Korea,Korea,1996-08-25,0,Lyn
2022,Summer,LCK,LoL Champions Korea,韩国,一级联赛,LCK 2022 Summer Playoffs,2022-08-17,Liiv SANDBOX,,Top,Dove,김재연,Kim Jae-yeon,South Korea,Korea,1998-07-25,0,Dove
2022,Summer,LCK,LoL Champions Korea,韩国,一级联赛,LCK 2022 Summer Playoffs,2022-08-17,Liiv SANDBOX,,Jungle,Croco,김동범,Kim Dong-beom,South Korea,Korea,2000-02-23,0,Croco
2022,Summer,LCK,LoL Champions Korea,韩国,一级联赛,LCK 2022 Summer Playoffs,2022-08-17,Liiv SANDBOX,,Mid,Clozer,이주현,Lee Ju-hyeon,South Korea,Korea,2003-07-27,0,Clozer
2022,Summer,LCK,LoL Champions Korea,韩国,一级联赛,LCK 2022 Summer Playoffs,2022-08-17,Liiv SANDBOX,,Bot,Prince,이채환,Lee Chae-hwan,South Korea,Korea,2000-04-05,0,Prince (Lee Chae-hwan)
2022,Summer,LCK,LoL Champions Korea,韩国,一级联赛,LCK 2022 Summer Playoffs,2022-08-17,Liiv SANDBOX,,Support,Kael,김진홍,Kim Jin-hong,South Korea,Korea,2004-02-11,0,Kael (Kim Jin-hong)
2022,Summer,LCK,LoL Champions Korea,韩国,一级联赛,LCK 2022 Summer Playoffs,2022-08-17,Liiv SANDBOX,,Coach,Micro,김목경,Kim Mok-kyoung,South Korea,Korea,1986-09-17,0,Micro (Kim Mok-kyoung)
2022,Summer,LCK,LoL Champions Korea,韩国,一级联赛,LCK 2022 Summer Playoffs,2022-08-17,Liiv SANDBOX,,Coach,Joker,조재읍,Cho Jae-eup,South Korea,Korea,1991-12-11,0,Joker (Cho Jae-eup)
2022,Summer,LCK,LoL Champions Korea,韩国,一级联赛,LCK 2022 Summer,2022-06-15,Liiv SANDBOX,,Top,Dove,김재연,Kim Jae-yeon,South Korea,Korea,1998-07-25,0,Dove
2022,Summer,LCK,LoL Champions Korea,韩国,一级联赛,LCK 2022 Summer,2022-06-15,Liiv SANDBOX,,Jungle,Croco,김동범,Kim Dong-beom,South Korea,Korea,2000-02-23,0,Croco
2022,Summer,LCK,LoL Champions Korea,韩国,一级联赛,LCK 2022 Summer,2022-06-15,Liiv SANDBOX,,Mid,Clozer,이주현,Lee Ju-hyeon,South Korea,Korea,2003-07-27,0,Clozer
2022,Summer,LCK,LoL Champions Korea,韩国,一级联赛,LCK 2022 Summer,2022-06-15,Liiv SANDBOX,,Bot,Prince,이채환,Lee Chae-hwan,South Korea,Korea,2000-04-05,0,Prince (Lee Chae-hwan)
2022,Summer,LCK,LoL Champions Korea,韩国,一级联赛,LCK 2022 Summer,2022-06-15,Liiv SANDBOX,,Support,Kael,김진홍,Kim Jin-hong,South Korea,Korea,2004-02-11,0,Kael (Kim Jin-hong)
2022,Summer,LCK,LoL Champions Korea,韩国,一级联赛,LCK 2022 Summer,2022-06-15,Liiv SANDBOX,,Coach,Micro,김목경,Kim Mok-kyoung,South Korea,Korea,1986-09-17,0,Micro (Kim Mok-kyoung)
2022,Summer,LCK,LoL Champions Korea,韩国,一级联赛,LCK 2022 Summer,2022-06-15,Liiv SANDBOX,,Coach,Joker,조재읍,Cho Jae-eup,South Korea,Korea,1991-12-11,0,Joker (Cho Jae-eup)
2022,Spring,LCK,LoL Champions Korea,韩国,一级联赛,LCK 2022 Spring,2022-01-12,Liiv SANDBOX,,"Top,Mid",Dove,김재연,Kim Jae-yeon,South Korea,Korea,1998-07-25,0,Dove
2022,Spring,LCK,LoL Champions Korea,韩国,一级联赛,LCK 2022 Spring,2022-01-12,Liiv SANDBOX,,Top,Howling,전호빈,Jeon Ho-bin,South Korea,Korea,2003-09-17,0,Howling
2022,Spring,LCK,LoL Champions Korea,韩国,一级联赛,LCK 2022 Spring,2022-01-12,Liiv SANDBOX,,Jungle,Croco,김동범,Kim Dong-beom,South Korea,Korea,2000-02-23,0,Croco
2022,Spring,LCK,LoL Champions Korea,韩国,一级联赛,LCK 2022 Spring,2022-01-12,Liiv SANDBOX,,Jungle,HamBak,함유진,Ham Yoo-jin,South Korea,Korea,2002-08-28,0,HamBak
2022,Spring,LCK,LoL Champions Korea,韩国,一级联赛,LCK 2022 Spring,2022-01-12,Liiv SANDBOX,,"Mid,Top",Clozer,이주현,Lee Ju-hyeon,South Korea,Korea,2003-07-27,0,Clozer
2022,Spring,LCK,LoL Champions Korea,韩国,一级联赛,LCK 2022 Spring,2022-01-12,Liiv SANDBOX,,Mid,Ten10,강준,Kang Joon,South Korea,Korea,2001-09-23,1,Ten10
2022,Spring,LCK,LoL Champions Korea,韩国,一级联赛,LCK 2022 Spring,2022-01-12,Liiv SANDBOX,,Bot,Envyy,이명준,Lee Myeong-joon,South Korea,Korea,2000-04-07,0,Envyy
2022,Spring,LCK,LoL Champions Korea,韩国,一级联赛,LCK 2022 Spring,2022-01-12,Liiv SANDBOX,,Bot,Ice,윤상훈,Yoon Sang-hoon,South Korea,Korea,2001-04-09,0,Ice (Yoon Sang-hoon)
2022,Spring,LCK,LoL Champions Korea,韩国,一级联赛,LCK 2022 Spring,2022-01-12,Liiv SANDBOX,,Support,Kael,김진홍,Kim Jin-hong,South Korea,Korea,2004-02-11,0,Kael (Kim Jin-hong)
2022,Spring,LCK,LoL Champions Korea,韩国,一级联赛,LCK 2022 Spring,2022-01-12,Liiv SANDBOX,,Support,Prove,손민형,Son Min-hyeong,South Korea,Korea,2002-04-13,1,Prove (Son Min-hyeong)
2022,Spring,LCK,LoL Champions Korea,韩国,一级联赛,LCK 2022 Spring,2022-01-12,Liiv SANDBOX,,Coach,Micro,김목경,Kim Mok-kyoung,South Korea,Korea,1986-09-17,0,Micro (Kim Mok-kyoung)
2022,Spring,LCK,LoL Champions Korea,韩国,一级联赛,LCK 2022 Spring,2022-01-12,Liiv SANDBOX,,Coach,Joker,조재읍,Cho Jae-eup,South Korea,Korea,1991-12-11,0,Joker (Cho Jae-eup)
2022,Spring,LCK,LoL Champions Korea,韩国,一级联赛,LCK 2022 Spring,2022-01-12,Liiv SANDBOX,,Coach,Travel,강태수,Kang Tae-su,South Korea,Korea,1992-10-12,1,Travel
2022,Spring,LCK,LoL Champions Korea,韩国,一级联赛,LCK 2022 Spring,2022-01-12,Liiv SANDBOX,,Coach,FanTaSy,정명훈,Jeong Myeong-hoon,South Korea,Korea,1991-07-01,0,FanTaSy (Jeong Myeong-hoon)
2022,Spring,LCK,LoL Champions Korea,韩国,一级联赛,LCK 2022 Spring,2022-01-12,Liiv SANDBOX,,Coach,Nova,박찬호,Park Chan-ho,South Korea,Korea,1997-11-27,0,Nova (Park Chan-ho)
2022,Spring,LCK,LoL Champions Korea,韩国,一级联赛,LCK 2022 Spring,2022-01-12,Nongshim RedForce,,Top,Canna,김창동,Kim Chang-dong,South Korea,Korea,2000-02-11,0,Canna
2022,Spring,LCK,LoL Champions Korea,韩国,一级联赛,LCK 2022 Spring,2022-01-12,Nongshim RedForce,,Top,DnDn,박근우,Park Geun-woo,South Korea,Korea,2003-05-18,0,DnDn
2022,Spring,LCK,LoL Champions Korea,韩国,一级联赛,LCK 2022 Spring,2022-01-12,Nongshim RedForce,,Jungle,Dread,이진혁,Lee Jin-hyeok,South Korea,Korea,2000-06-07,1,Dread (Lee Jin-hyeok)
2022,Spring,LCK,LoL Champions Korea,韩国,一级联赛,LCK 2022 Spring,2022-01-12,Nongshim RedForce,,Jungle,Sylvie,이승복,Lee Seung-bok,South Korea,Korea,2002-12-04,0,Sylvie
2022,Spring,LCK,LoL Champions Korea,韩国,一级联赛,LCK 2022 Spring,2022-01-12,Nongshim RedForce,,Mid,Bdd,곽보성,Gwak Bo-seong,South Korea,Korea,1999-03-01,0,Bdd
2022,Spring,LCK,LoL Champions Korea,韩国,一级联赛,LCK 2022 Spring,2022-01-12,Nongshim RedForce,,Mid,FIESTA,안현서,An Hyeon-seo,South Korea,Korea,2003-05-04,0,FIESTA (An Hyeon-seo)
2022,Spring,LCK,LoL Champions Korea,韩国,一级联赛,LCK 2022 Spring,2022-01-12,Nongshim RedForce,,"Bot,Support",Ghost,장용준,Jang Yong-jun,South Korea,Korea,1999-03-18,0,Ghost (Jang Yong-jun)
2022,Spring,LCK,LoL Champions Korea,韩国,一级联赛,LCK 2022 Spring,2022-01-12,Nongshim RedForce,,Bot,vital,하인성,Ha In-seong,South Korea,Korea,2002-09-16,0,vital
2022,Spring,LCK,LoL Champions Korea,韩国,一级联赛,LCK 2022 Spring,2022-01-12,Nongshim RedForce,,Support,Effort,이상호,Lee Sang-ho,South Korea,Korea,2000-11-23,0,Effort
2022,Spring,LCK,LoL Champions Korea,韩国,一级联赛,LCK 2022 Spring,2022-01-12,Nongshim RedForce,,Support,Peter,정윤수,Jeong Yoon-su,South Korea,Korea,2003-04-28,0,Peter (Jeong Yoon-su)
2022,Spring,LCK,LoL Champions Korea,韩国,一级联赛,LCK 2022 Spring,2022-01-12,Nongshim RedForce,,Support,Blessing,,,,,,,Blessing
2022,Spring,LCK,LoL Champions Korea,韩国,一级联赛,LCK 2022 Spring,2022-01-12,Nongshim RedForce,,Coach,sBs,배지훈,Bae Ji-hoon,South Korea,Korea,1992-07-02,0,sBs
2022,Spring,LCK,LoL Champions Korea,韩国,一级联赛,LCK 2022 Spring,2022-01-12,Nongshim RedForce,,Coach,Comet,임혜성,Lim Hye-sung,South Korea,Korea,1991-08-04,0,Comet
2022,Summer,LCK,LoL Champions Korea,韩国,一级联赛,LCK 2022 Summer,2022-06-15,Nongshim RedForce,,Top,Canna,김창동,Kim Chang-dong,South Korea,Korea,2000-02-11,0,Canna
2022,Summer,LCK,LoL Champions Korea,韩国,一级联赛,LCK 2022 Summer,2022-06-15,Nongshim RedForce,,Jungle,Dread,이진혁,Lee Jin-hyeok,South Korea,Korea,2000-06-07,1,Dread (Lee Jin-hyeok)
2022,Summer,LCK,LoL Champions Korea,韩国,一级联赛,LCK 2022 Summer,2022-06-15,Nongshim RedForce,,Jungle,Sylvie,이승복,Lee Seung-bok,South Korea,Korea,2002-12-04,0,Sylvie
2022,Summer,LCK,LoL Champions Korea,韩国,一级联赛,LCK 2022 Summer,2022-06-15,Nongshim RedForce,,Mid,Bdd,곽보성,Gwak Bo-seong,South Korea,Korea,1999-03-01,0,Bdd
2022,Summer,LCK,LoL Champions Korea,韩国,一级联赛,LCK 2022 Summer,2022-06-15,Nongshim RedForce,,Bot,Ghost,장용준,Jang Yong-jun,South Korea,Korea,1999-03-18,0,Ghost (Jang Yong-jun)
2022,Summer,LCK,LoL Champions Korea,韩国,一级联赛,LCK 2022 Summer,2022-06-15,Nongshim RedForce,,Support,Effort,이상호,Lee Sang-ho,South Korea,Korea,2000-11-23,0,Effort
2022,Summer,LCK,LoL Champions Korea,韩国,一级联赛,LCK 2022 Summer,2022-06-15,Nongshim RedForce,,Support,Peter,정윤수,Jeong Yoon-su,South Korea,Korea,2003-04-28,0,Peter (Jeong Yoon-su)
2022,Summer,LCK,LoL Champions Korea,韩国,一级联赛,LCK 2022 Summer,2022-06-15,Nongshim RedForce,,Support,SnowFlower,노회종,No Hoi-jong,South Korea,Korea,1997-02-24,1,SnowFlower
2022,Summer,LCK,LoL Champions Korea,韩国,一级联赛,LCK 2022 Summer,2022-06-15,Nongshim RedForce,,Coach,Irean,허영철,Heo Yeong-cheol,South Korea,Korea,1989-10-25,0,Irean
2022,Summer,LCK,LoL Champions Korea,韩国,一级联赛,LCK 2022 Summer,2022-06-15,Nongshim RedForce,,Coach,Comet,임혜성,Lim Hye-sung,South Korea,Korea,1991-08-04,0,Comet
2024,Summer,LCK,LoL Champions Korea,韩国,一级联赛,LCK 2024 Summer,2024-06-12,Nongshim RedForce,,Top,DnDn,박근우,Park Geun-woo,South Korea,Korea,2003-05-18,0,DnDn
2024,Summer,LCK,LoL Champions Korea,韩国,一级联赛,LCK 2024 Summer,2024-06-12,Nongshim RedForce,,Top,Mihile,백상휘,Baek Sang-hwi,South Korea,Korea,2003-03-01,0,Mihile
2024,Summer,LCK,LoL Champions Korea,韩国,一级联赛,LCK 2024 Summer,2024-06-12,Nongshim RedForce,,Jungle,Sylvie,이승복,Lee Seung-bok,South Korea,Korea,2002-12-04,0,Sylvie
2024,Summer,LCK,LoL Champions Korea,韩国,一级联赛,LCK 2024 Summer,2024-06-12,Nongshim RedForce,,Mid,Fisher,이정태,Lee Jeong-tae,South Korea,Korea,2004-07-05,0,Fisher (Lee Jeong-tae)
2024,Summer,LCK,LoL Champions Korea,韩国,一级联赛,LCK 2024 Summer,2024-06-12,Nongshim RedForce,,Mid,Callme,오지훈,Oh Ji-hoon,South Korea,Korea,2003-05-30,0,Callme
2024,Summer,LCK,LoL Champions Korea,韩国,一级联赛,LCK 2024 Summer,2024-06-12,Nongshim RedForce,,Mid,Calix,선현빈,Syun Hyun-bin,South Korea,Korea,2007-03-22,0,Calix (Syun Hyun-bin)
2024,Summer,LCK,LoL Champions Korea,韩国,一级联赛,LCK 2024 Summer,2024-06-12,Nongshim RedForce,,Bot,Jiwoo,정지우,Jung Ji-woo,South Korea,Korea,2004-03-20,0,Jiwoo
2024,Summer,LCK,LoL Champions Korea,韩国,一级联赛,LCK 2024 Summer,2024-06-12,Nongshim RedForce,,Support,GuGer,김도엽,Kim Do-yeop,South Korea,Korea,1994-02-07,0,GuGer
2024,Summer,LCK,LoL Champions Korea,韩国,一级联赛,LCK 2024 Summer,2024-06-12,Nongshim RedForce,,Support,vital,하인성,Ha In-seong,South Korea,Korea,2002-09-16,0,vital
2024,Summer,LCK,LoL Champions Korea,韩国,一级联赛,LCK 2024 Summer,2024-06-12,Nongshim RedForce,,Coach,Chelly,박승진,Park Seung-jin,South Korea,Korea,1996-11-01,0,Chelly (Park Seung-jin)
2024,Summer,LCK,LoL Champions Korea,韩国,一级联赛,LCK 2024 Summer,2024-06-12,Nongshim RedForce,,Coach,Noblesse,채도준,Chae Do-joon,South Korea,Korea,1995-01-12,0,Noblesse
2024,Summer,LCK,LoL Champions Korea,韩国,一级联赛,LCK 2024 Summer,2024-06-12,Nongshim RedForce,,Coach,Coco,신진영,Shin Jin-yeong,South Korea,Korea,1994-03-14,0,Coco
2024,Spring,LCK,LoL Champions Korea,韩国,一级联赛,LCK 2024 Spring,2024-01-17,Nongshim RedForce,,Top,DnDn,박근우,Park Geun-woo,South Korea,Korea,2003-05-18,0,DnDn
2024,Spring,LCK,LoL Champions Korea,韩国,一级联赛,LCK 2024 Spring,2024-01-17,Nongshim RedForce,,Jungle,Sylvie,이승복,Lee Seung-bok,South Korea,Korea,2002-12-04,0,Sylvie
2024,Spring,LCK,LoL Champions Korea,韩国,一级联赛,LCK 2024 Spring,2024-01-17,Nongshim RedForce,,Mid,FIESTA,안현서,An Hyeon-seo,South Korea,Korea,2003-05-04,0,FIESTA (An Hyeon-seo)
2024,Spring,LCK,LoL Champions Korea,韩国,一级联赛,LCK 2024 Spring,2024-01-17,Nongshim RedForce,,Mid,Callme,오지훈,Oh Ji-hoon,South Korea,Korea,2003-05-30,0,Callme
2024,Spring,LCK,LoL Champions Korea,韩国,一级联赛,LCK 2024 Spring,2024-01-17,Nongshim RedForce,,Mid,Calix,선현빈,Syun Hyun-bin,South Korea,Korea,2007-03-22,0,Calix (Syun Hyun-bin)
2024,Spring,LCK,LoL Champions Korea,韩国,一级联赛,LCK 2024 Spring,2024-01-17,Nongshim RedForce,,Bot,Jiwoo,정지우,Jung Ji-woo,South Korea,Korea,2004-03-20,0,Jiwoo
2024,Spring,LCK,LoL Champions Korea,韩国,一级联赛,LCK 2024 Spring,2024-01-17,Nongshim RedForce,,Support,Peter,정윤수,Jeong Yoon-su,South Korea,Korea,2003-04-28,0,Peter (Jeong Yoon-su)
2024,Spring,LCK,LoL Champions Korea,韩国,一级联赛,LCK 2024 Spring,2024-01-17,Nongshim RedForce,,Coach,Irean,허영철,Heo Yeong-cheol,South Korea,Korea,1989-10-25,0,irean
2024,Spring,LCK,LoL Champions Korea,韩国,一级联赛,LCK 2024 Spring,2024-01-17,Nongshim RedForce,,Coach,Coco,신진영,Shin Jin-yeong,South Korea,Korea,1994-03-14,0,Coco
2024,Spring,LCK,LoL Champions Korea,韩国,一级联赛,LCK 2024 Spring,2024-01-17,Nongshim RedForce,,Coach,Chelly,박승진,Park Seung-jin,South Korea,Korea,1996-11-01,0,Chelly (Park Seung-jin)
2024,Spring,LCK,LoL Champions Korea,韩国,一级联赛,LCK 2024 Spring,2024-01-17,Nongshim RedForce,,Coach,Noblesse,채도준,Chae Do-joon,South Korea,Korea,1995-01-12,0,Noblesse
2023,Spring,LCK,LoL Champions Korea,韩国,一级联赛,LCK 2023 Spring,2023-01-18,Nongshim RedForce,,Top,DnDn,박근우,Park Geun-woo,South Korea,Korea,2003-05-18,0,DnDn
2023,Spring,LCK,LoL Champions Korea,韩国,一级联赛,LCK 2023 Spring,2023-01-18,Nongshim RedForce,,Jungle,Sylvie,이승복,Lee Seung-bok,South Korea,Korea,2002-12-04,0,Sylvie
2023,Spring,LCK,LoL Champions Korea,韩国,一级联赛,LCK 2023 Spring,2023-01-18,Nongshim RedForce,,Mid,FIESTA,안현서,An Hyeon-seo,South Korea,Korea,2003-05-04,0,FIESTA (An Hyeon-seo)
2023,Spring,LCK,LoL Champions Korea,韩国,一级联赛,LCK 2023 Spring,2023-01-18,Nongshim RedForce,,Mid,Callme,오지훈,Oh Ji-hoon,South Korea,Korea,2003-05-30,0,Callme
2023,Spring,LCK,LoL Champions Korea,韩国,一级联赛,LCK 2023 Spring,2023-01-18,Nongshim RedForce,,Bot,vital,하인성,Ha In-seong,South Korea,Korea,2002-09-16,0,vital
2023,Spring,LCK,LoL Champions Korea,韩国,一级联赛,LCK 2023 Spring,2023-01-18,Nongshim RedForce,,Support,Peter,정윤수,Jeong Yoon-su,South Korea,Korea,2003-04-28,0,Peter (Jeong Yoon-su)
2023,Spring,LCK,LoL Champions Korea,韩国,一级联赛,LCK 2023 Spring,2023-01-18,Nongshim RedForce,,Coach,Irean,허영철,Heo Yeong-cheol,South Korea,Korea,1989-10-25,0,Irean
2023,Spring,LCK,LoL Champions Korea,韩国,一级联赛,LCK 2023 Spring,2023-01-18,Nongshim RedForce,,Coach,Coco,신진영,Shin Jin-yeong,South Korea,Korea,1994-03-14,0,Coco
2023,Summer,LCK,LoL Champions Korea,韩国,一级联赛,LCK 2023 Summer,2023-06-07,Nongshim RedForce,,Top,DnDn,박근우,Park Geun-woo,South Korea,Korea,2003-05-18,0,DnDn
2023,Summer,LCK,LoL Champions Korea,韩国,一级联赛,LCK 2023 Summer,2023-06-07,Nongshim RedForce,,Jungle,Sylvie,이승복,Lee Seung-bok,South Korea,Korea,2002-12-04,0,Sylvie
2023,Summer,LCK,LoL Champions Korea,韩国,一级联赛,LCK 2023 Summer,2023-06-07,Nongshim RedForce,,Mid,Quad,송수형,Song Su-hyeong,South Korea,Korea,2002-08-25,0,Quad
2023,Summer,LCK,LoL Champions Korea,韩国,一级联赛,LCK 2023 Summer,2023-06-07,Nongshim RedForce,,Mid,FIESTA,안현서,An Hyeon-seo,South Korea,Korea,2003-05-04,0,FIESTA (An Hyeon-seo)
2023,Summer,LCK,LoL Champions Korea,韩国,一级联赛,LCK 2023 Summer,2023-06-07,Nongshim RedForce,,Bot,vital,하인성,Ha In-seong,South Korea,Korea,2002-09-16,0,vital
2023,Summer,LCK,LoL Champions Korea,韩国,一级联赛,LCK 2023 Summer,2023-06-07,Nongshim RedForce,,Bot,Jiwoo,정지우,Jung Ji-woo,South Korea,Korea,2004-03-20,0,Jiwoo
2023,Summer,LCK,LoL Champions Korea,韩国,一级联赛,LCK 2023 Summer,2023-06-07,Nongshim RedForce,,Support,Peter,정윤수,Jeong Yoon-su,South Korea,Korea,2003-04-28,0,Peter (Jeong Yoon-su)
2023,Summer,LCK,LoL Champions Korea,韩国,一级联赛,LCK 2023 Summer,2023-06-07,Nongshim RedForce,,Coach,Irean,허영철,Heo Yeong-cheol,South Korea,Korea,1989-10-25,0,Irean
2023,Summer,LCK,LoL Champions Korea,韩国,一级联赛,LCK 2023 Summer,2023-06-07,Nongshim RedForce,,Coach,Coco,신진영,Shin Jin-yeong,South Korea,Korea,1994-03-14,0,Coco
2025,Rounds 3-5,LCK,LoL Champions Korea,韩国,一级联赛,LCK 2025 Season Play-In,2025-09-03,Nongshim RedForce,,Top,Kingen,황성훈,Hwang Seong-hoon,South Korea,Korea,2000-03-11,0,Kingen
2025,Rounds 3-5,LCK,LoL Champions Korea,韩国,一级联赛,LCK 2025 Season Play-In,2025-09-03,Nongshim RedForce,,Jungle,GIDEON,김민성,Kim Min-seong,South Korea,Korea,2003-08-14,0,GIDEON
2025,Rounds 3-5,LCK,LoL Champions Korea,韩国,一级联赛,LCK 2025 Season Play-In,2025-09-03,Nongshim RedForce,,Mid,Calix,선현빈,Syun Hyun-bin,South Korea,Korea,2007-03-22,0,Calix (Syun Hyun-bin)
2025,Rounds 3-5,LCK,LoL Champions Korea,韩国,一级联赛,LCK 2025 Season Play-In,2025-09-03,Nongshim RedForce,,Bot,Jiwoo,정지우,Jung Ji-woo,South Korea,Korea,2004-03-20,0,Jiwoo
2025,Rounds 3-5,LCK,LoL Champions Korea,韩国,一级联赛,LCK 2025 Season Play-In,2025-09-03,Nongshim RedForce,,Support,Lehends,손시우,Son Si-woo,South Korea,Korea,1998-12-24,0,Lehends
2025,Rounds 3-5,LCK,LoL Champions Korea,韩国,一级联赛,LCK 2025 Season Play-In,2025-09-03,Nongshim RedForce,,Coach,Chelly,박승진,Park Seung-jin,South Korea,Korea,1996-11-01,0,Chelly (Park Seung-jin)
2025,Rounds 3-5,LCK,LoL Champions Korea,韩国,一级联赛,LCK 2025 Season Play-In,2025-09-03,Nongshim RedForce,,Coach,Crazy,김재희,Kim Jae-hee,South Korea,Korea,1996-09-20,0,Crazy (Kim Jae-hee)
2025,Rounds 3-5,LCK,LoL Champions Korea,韩国,一级联赛,LCK 2025 Season Play-In,2025-09-03,Nongshim RedForce,,Coach,SSUN,김태양,Kim Tae-yang,South Korea,Korea,1997-11-20,0,SSUN (Kim Tae-yang)
2025,Rounds 1-2,LCK,LoL Champions Korea,韩国,一级联赛,LCK 2025 Road to MSI,2025-06-07,Nongshim RedForce,,Top,Kingen,황성훈,Hwang Seong-hoon,South Korea,Korea,2000-03-11,0,Kingen
2025,Rounds 1-2,LCK,LoL Champions Korea,韩国,一级联赛,LCK 2025 Road to MSI,2025-06-07,Nongshim RedForce,,Jungle,GIDEON,김민성,Kim Min-seong,South Korea,Korea,2003-08-14,0,GIDEON
2025,Rounds 1-2,LCK,LoL Champions Korea,韩国,一级联赛,LCK 2025 Road to MSI,2025-06-07,Nongshim RedForce,,Mid,Calix,선현빈,Syun Hyun-bin,South Korea,Korea,2007-03-22,0,Calix (Syun Hyun-bin)
2025,Rounds 1-2,LCK,LoL Champions Korea,韩国,一级联赛,LCK 2025 Road to MSI,2025-06-07,Nongshim RedForce,,Bot,Jiwoo,정지우,Jung Ji-woo,South Korea,Korea,2004-03-20,0,Jiwoo
2025,Rounds 1-2,LCK,LoL Champions Korea,韩国,一级联赛,LCK 2025 Road to MSI,2025-06-07,Nongshim RedForce,,Support,Lehends,손시우,Son Si-woo,South Korea,Korea,1998-12-24,0,Lehends
2025,Rounds 1-2,LCK,LoL Champions Korea,韩国,一级联赛,LCK 2025 Road to MSI,2025-06-07,Nongshim RedForce,,Coach,Chelly,박승진,Park Seung-jin,South Korea,Korea,1996-11-01,0,Chelly (Park Seung-jin)
2025,Rounds 1-2,LCK,LoL Champions Korea,韩国,一级联赛,LCK 2025 Road to MSI,2025-06-07,Nongshim RedForce,,Coach,Crazy,김재희,Kim Jae-hee,South Korea,Korea,1996-09-20,0,Crazy (Kim Jae-hee)
2025,Rounds 1-2,LCK,LoL Champions Korea,韩国,一级联赛,LCK 2025 Road to MSI,2025-06-07,Nongshim RedForce,,Coach,SSUN,김태양,Kim Tae-yang,South Korea,Korea,1997-11-20,0,SSUN (Kim Tae-yang)
2025,Rounds 3-5,LCK,LoL Champions Korea,韩国,一级联赛,LCK 2025 Rounds 3-5,2025-07-23,Nongshim RedForce,,Top,Kingen,황성훈,Hwang Seong-hoon,South Korea,Korea,2000-03-11,0,Kingen
2025,Rounds 3-5,LCK,LoL Champions Korea,韩国,一级联赛,LCK 2025 Rounds 3-5,2025-07-23,Nongshim RedForce,,Jungle,GIDEON,김민성,Kim Min-seong,South Korea,Korea,2003-08-14,0,GIDEON
2025,Rounds 3-5,LCK,LoL Champions Korea,韩国,一级联赛,LCK 2025 Rounds 3-5,2025-07-23,Nongshim RedForce,,Mid,Calix,선현빈,Syun Hyun-bin,South Korea,Korea,2007-03-22,0,Calix (Syun Hyun-bin)
2025,Rounds 3-5,LCK,LoL Champions Korea,韩国,一级联赛,LCK 2025 Rounds 3-5,2025-07-23,Nongshim RedForce,,Bot,Jiwoo,정지우,Jung Ji-woo,South Korea,Korea,2004-03-20,0,Jiwoo
2025,Rounds 3-5,LCK,LoL Champions Korea,韩国,一级联赛,LCK 2025 Rounds 3-5,2025-07-23,Nongshim RedForce,,Bot,Trigger,김의주,Kim Eui-joo,South Korea,Korea,2000-10-10,0,Trigger (Kim Eui-joo)
2025,Rounds 3-5,LCK,LoL Champions Korea,韩国,一级联赛,LCK 2025 Rounds 3-5,2025-07-23,Nongshim RedForce,,Support,Lehends,손시우,Son Si-woo,South Korea,Korea,1998-12-24,0,Lehends
2025,Rounds 3-5,LCK,LoL Champions Korea,韩国,一级联赛,LCK 2025 Rounds 3-5,2025-07-23,Nongshim RedForce,,Coach,Chelly,박승진,Park Seung-jin,South Korea,Korea,1996-11-01,0,Chelly (Park Seung-jin)
2025,Rounds 3-5,LCK,LoL Champions Korea,韩国,一级联赛,LCK 2025 Rounds 3-5,2025-07-23,Nongshim RedForce,,Coach,Crazy,김재희,Kim Jae-hee,South Korea,Korea,1996-09-20,0,Crazy (Kim Jae-hee)
2025,Rounds 3-5,LCK,LoL Champions Korea,韩国,一级联赛,LCK 2025 Rounds 3-5,2025-07-23,Nongshim RedForce,,Coach,SSUN,김태양,Kim Tae-yang,South Korea,Korea,1997-11-20,0,SSUN (Kim Tae-yang)
2025,Rounds 1-2,LCK,LoL Champions Korea,韩国,一级联赛,LCK 2025 Rounds 1-2,2025-04-02,Nongshim RedForce,,Top,Kingen,황성훈,Hwang Seong-hoon,South Korea,Korea,2000-03-11,0,Kingen
2025,Rounds 1-2,LCK,LoL Champions Korea,韩国,一级联赛,LCK 2025 Rounds 1-2,2025-04-02,Nongshim RedForce,,Jungle,GIDEON,김민성,Kim Min-seong,South Korea,Korea,2003-08-14,0,GIDEON
2025,Rounds 1-2,LCK,LoL Champions Korea,韩国,一级联赛,LCK 2025 Rounds 1-2,2025-04-02,Nongshim RedForce,,Mid,Fisher,이정태,Lee Jeong-tae,South Korea,Korea,2004-07-05,0,Fisher (Lee Jeong-tae)
2025,Rounds 1-2,LCK,LoL Champions Korea,韩国,一级联赛,LCK 2025 Rounds 1-2,2025-04-02,Nongshim RedForce,,Mid,Calix,선현빈,Syun Hyun-bin,South Korea,Korea,2007-03-22,0,Calix (Syun Hyun-bin)
2025,Rounds 1-2,LCK,LoL Champions Korea,韩国,一级联赛,LCK 2025 Rounds 1-2,2025-04-02,Nongshim RedForce,,Bot,Jiwoo,정지우,Jung Ji-woo,South Korea,Korea,2004-03-20,0,Jiwoo
2025,Rounds 1-2,LCK,LoL Champions Korea,韩国,一级联赛,LCK 2025 Rounds 1-2,2025-04-02,Nongshim RedForce,,Bot,vital,하인성,Ha In-seong,South Korea,Korea,2002-09-16,0,vital
2025,Rounds 1-2,LCK,LoL Champions Korea,韩国,一级联赛,LCK 2025 Rounds 1-2,2025-04-02,Nongshim RedForce,,Support,Lehends,손시우,Son Si-woo,South Korea,Korea,1998-12-24,0,Lehends
2025,Rounds 1-2,LCK,LoL Champions Korea,韩国,一级联赛,LCK 2025 Rounds 1-2,2025-04-02,Nongshim RedForce,,Coach,Chelly,박승진,Park Seung-jin,South Korea,Korea,1996-11-01,0,Chelly (Park Seung-jin)
2025,Rounds 1-2,LCK,LoL Champions Korea,韩国,一级联赛,LCK 2025 Rounds 1-2,2025-04-02,Nongshim RedForce,,Coach,Crazy,김재희,Kim Jae-hee,South Korea,Korea,1996-09-20,0,Crazy (Kim Jae-hee)
2025,Rounds 1-2,LCK,LoL Champions Korea,韩国,一级联赛,LCK 2025 Rounds 1-2,2025-04-02,Nongshim RedForce,,Coach,SSUN,김태양,Kim Tae-yang,South Korea,Korea,1997-11-20,0,SSUN (Kim Tae-yang)
2025,Cup,LCK,LoL Champions Korea,韩国,一级联赛,LCK Cup 2025,2025-01-15,Nongshim RedForce,,Top,Kingen,황성훈,Hwang Seong-hoon,South Korea,Korea,2000-03-11,0,Kingen
2025,Cup,LCK,LoL Champions Korea,韩国,一级联赛,LCK Cup 2025,2025-01-15,Nongshim RedForce,,Jungle,GIDEON,김민성,Kim Min-seong,South Korea,Korea,2003-08-14,0,GIDEON
2025,Cup,LCK,LoL Champions Korea,韩国,一级联赛,LCK Cup 2025,2025-01-15,Nongshim RedForce,,Mid,Fisher,이정태,Lee Jeong-tae,South Korea,Korea,2004-07-05,0,Fisher (Lee Jeong-tae)
2025,Cup,LCK,LoL Champions Korea,韩国,一级联赛,LCK Cup 2025,2025-01-15,Nongshim RedForce,,Bot,Jiwoo,정지우,Jung Ji-woo,South Korea,Korea,2004-03-20,0,Jiwoo
2025,Cup,LCK,LoL Champions Korea,韩国,一级联赛,LCK Cup 2025,2025-01-15,Nongshim RedForce,,Support,Lehends,손시우,Son Si-woo,South Korea,Korea,1998-12-24,0,Lehends
2025,Cup,LCK,LoL Champions Korea,韩国,一级联赛,LCK Cup 2025,2025-01-15,Nongshim RedForce,,Coach,Chelly,박승진,Park Seung-jin,South Korea,Korea,1996-11-01,0,Chelly (Park Seung-jin)
2025,Cup,LCK,LoL Champions Korea,韩国,一级联赛,LCK Cup 2025,2025-01-15,Nongshim RedForce,,Coach,Crazy,김재희,Kim Jae-hee,South Korea,Korea,1996-09-20,0,Crazy (Kim Jae-hee)
2025,Cup,LCK,LoL Champions Korea,韩国,一级联赛,LCK Cup 2025,2025-01-15,Nongshim RedForce,,Coach,SSUN,김태양,Kim Tae-yang,South Korea,Korea,1997-11-20,0,SSUN (Kim Tae-yang)
2026,Rounds 3-4,LCK,LoL Champions Korea,韩国,一级联赛,LCK 2026 Rounds 3-4,2026-07-29,Nongshim RedForce,,Top,Kingen,황성훈,Hwang Seong-hoon,South Korea,Korea,2000-03-11,0,Kingen
2026,Rounds 3-4,LCK,LoL Champions Korea,韩国,一级联赛,LCK 2026 Rounds 3-4,2026-07-29,Nongshim RedForce,,Jungle,Sponge,배영준,Bae Young-jun,South Korea,Korea,2004-07-25,0,Sponge
2026,Rounds 3-4,LCK,LoL Champions Korea,韩国,一级联赛,LCK 2026 Rounds 3-4,2026-07-29,Nongshim RedForce,,Mid,Scout,이예찬,Lee Ye-chan,South Korea,China,1998-03-14,0,Scout
2026,Rounds 3-4,LCK,LoL Champions Korea,韩国,一级联赛,LCK 2026 Rounds 3-4,2026-07-29,Nongshim RedForce,,Bot,Diable,남대근,Nam Dae-geun,South Korea,Korea,2007-10-17,0,Diable
2026,Rounds 3-4,LCK,LoL Champions Korea,韩国,一级联赛,LCK 2026 Rounds 3-4,2026-07-29,Nongshim RedForce,,Support,Lehends,손시우,Son Si-woo,South Korea,Korea,1998-12-24,0,Lehends
2026,Rounds 3-4,LCK,LoL Champions Korea,韩国,一级联赛,LCK 2026 Rounds 3-4,2026-07-29,Nongshim RedForce,,Coach,DanDy,최인규,Choi In-kyu,South Korea,Korea,1994-01-03,0,DanDy
2026,Rounds 3-4,LCK,LoL Champions Korea,韩国,一级联赛,LCK 2026 Rounds 3-4,2026-07-29,Nongshim RedForce,,Coach,Chelly,박승진,Park Seung-jin,South Korea,Korea,1996-11-01,0,Chelly (Park Seung-jin)
2026,Rounds 3-4,LCK,LoL Champions Korea,韩国,一级联赛,LCK 2026 Rounds 3-4,2026-07-29,Nongshim RedForce,,Coach,Crazy,김재희,Kim Jae-hee,South Korea,Korea,1996-09-20,0,Crazy (Kim Jae-hee)
2026,Rounds 3-4,LCK,LoL Champions Korea,韩国,一级联赛,LCK 2026 Season Play-In,2026-08-26,Nongshim RedForce,,Top,Kingen,황성훈,Hwang Seong-hoon,South Korea,Korea,2000-03-11,0,Kingen
2026,Rounds 3-4,LCK,LoL Champions Korea,韩国,一级联赛,LCK 2026 Season Play-In,2026-08-26,Nongshim RedForce,,Jungle,Sponge,배영준,Bae Young-jun,South Korea,Korea,2004-07-25,0,Sponge
2026,Rounds 3-4,LCK,LoL Champions Korea,韩国,一级联赛,LCK 2026 Season Play-In,2026-08-26,Nongshim RedForce,,Mid,Scout,이예찬,Lee Ye-chan,South Korea,China,1998-03-14,0,Scout
2026,Rounds 3-4,LCK,LoL Champions Korea,韩国,一级联赛,LCK 2026 Season Play-In,2026-08-26,Nongshim RedForce,,Bot,Diable,남대근,Nam Dae-geun,South Korea,Korea,2007-10-17,0,Diable
2026,Rounds 3-4,LCK,LoL Champions Korea,韩国,一级联赛,LCK 2026 Season Play-In,2026-08-26,Nongshim RedForce,,Support,Lehends,손시우,Son Si-woo,South Korea,Korea,1998-12-24,0,Lehends
2026,Rounds 3-4,LCK,LoL Champions Korea,韩国,一级联赛,LCK 2026 Season Play-In,2026-08-26,Nongshim RedForce,,Coach,DanDy,최인규,Choi In-kyu,South Korea,Korea,1994-01-03,0,DanDy
2026,Rounds 3-4,LCK,LoL Champions Korea,韩国,一级联赛,LCK 2026 Season Play-In,2026-08-26,Nongshim RedForce,,Coach,Chelly,박승진,Park Seung-jin,South Korea,Korea,1996-11-01,0,Chelly (Park Seung-jin)
2026,Rounds 3-4,LCK,LoL Champions Korea,韩国,一级联赛,LCK 2026 Season Play-In,2026-08-26,Nongshim RedForce,,Coach,Crazy,김재희,Kim Jae-hee,South Korea,Korea,1996-09-20,0,Crazy (Kim Jae-hee)
2026,Rounds 1-2,LCK,LoL Champions Korea,韩国,一级联赛,LCK 2026 Rounds 1-2,2026-04-01,Nongshim RedForce,,Top,Kingen,황성훈,Hwang Seong-hoon,South Korea,Korea,2000-03-11,0,Kingen
2026,Rounds 1-2,LCK,LoL Champions Korea,韩国,一级联赛,LCK 2026 Rounds 1-2,2026-04-01,Nongshim RedForce,,Jungle,Sponge,배영준,Bae Young-jun,South Korea,Korea,2004-07-25,0,Sponge
2026,Rounds 1-2,LCK,LoL Champions Korea,韩国,一级联赛,LCK 2026 Rounds 1-2,2026-04-01,Nongshim RedForce,,Mid,Scout,이예찬,Lee Ye-chan,South Korea,China,1998-03-14,0,Scout
2026,Rounds 1-2,LCK,LoL Champions Korea,韩国,一级联赛,LCK 2026 Rounds 1-2,2026-04-01,Nongshim RedForce,,Bot,Taeyoon,김태윤,Kim Tae-yoon,South Korea,Korea,2002-06-02,0,Taeyoon (Kim Tae-yoon)
2026,Rounds 1-2,LCK,LoL Champions Korea,韩国,一级联赛,LCK 2026 Rounds 1-2,2026-04-01,Nongshim RedForce,,Bot,Diable,남대근,Nam Dae-geun,South Korea,Korea,2007-10-17,0,Diable
2026,Rounds 1-2,LCK,LoL Champions Korea,韩国,一级联赛,LCK 2026 Rounds 1-2,2026-04-01,Nongshim RedForce,,Support,Lehends,손시우,Son Si-woo,South Korea,Korea,1998-12-24,0,Lehends
2026,Rounds 1-2,LCK,LoL Champions Korea,韩国,一级联赛,LCK 2026 Rounds 1-2,2026-04-01,Nongshim RedForce,,Support,Pleata,손민우,Son Min-woo,South Korea,Korea,2003-03-28,0,Pleata
2026,Rounds 1-2,LCK,LoL Champions Korea,韩国,一级联赛,LCK 2026 Rounds 1-2,2026-04-01,Nongshim RedForce,,Coach,DanDy,최인규,Choi In-kyu,South Korea,Korea,1994-01-03,0,DanDy
2026,Rounds 1-2,LCK,LoL Champions Korea,韩国,一级联赛,LCK 2026 Rounds 1-2,2026-04-01,Nongshim RedForce,,Coach,Chelly,박승진,Park Seung-jin,South Korea,Korea,1996-11-01,0,Chelly (Park Seung-jin)
2026,Rounds 1-2,LCK,LoL Champions Korea,韩国,一级联赛,LCK 2026 Rounds 1-2,2026-04-01,Nongshim RedForce,,Coach,Crazy,김재희,Kim Jae-hee,South Korea,Korea,1996-09-20,0,Crazy (Kim Jae-hee)
2026,Cup,LCK,LoL Champions Korea,韩国,一级联赛,LCK Cup 2026,2026-01-14,Nongshim RedForce,,Top,Kingen,황성훈,Hwang Seong-hoon,South Korea,Korea,2000-03-11,0,Kingen
2026,Cup,LCK,LoL Champions Korea,韩国,一级联赛,LCK Cup 2026,2026-01-14,Nongshim RedForce,,Jungle,Sponge,배영준,Bae Young-jun,South Korea,Korea,2004-07-25,0,Sponge
2026,Cup,LCK,LoL Champions Korea,韩国,一级联赛,LCK Cup 2026,2026-01-14,Nongshim RedForce,,Mid,Scout,이예찬,Lee Ye-chan,South Korea,China,1998-03-14,0,Scout
2026,Cup,LCK,LoL Champions Korea,韩国,一级联赛,LCK Cup 2026,2026-01-14,Nongshim RedForce,,Bot,Taeyoon,김태윤,Kim Tae-yoon,South Korea,Korea,2002-06-02,0,Taeyoon (Kim Tae-yoon)
2026,Cup,LCK,LoL Champions Korea,韩国,一级联赛,LCK Cup 2026,2026-01-14,Nongshim RedForce,,Support,Lehends,손시우,Son Si-woo,South Korea,Korea,1998-12-24,0,Lehends
2026,Cup,LCK,LoL Champions Korea,韩国,一级联赛,LCK Cup 2026,2026-01-14,Nongshim RedForce,,Coach,DanDy,최인규,Choi In-kyu,South Korea,Korea,1994-01-03,0,DanDy
2026,Cup,LCK,LoL Champions Korea,韩国,一级联赛,LCK Cup 2026,2026-01-14,Nongshim RedForce,,Coach,Chelly,박승진,Park Seung-jin,South Korea,Korea,1996-11-01,0,Chelly (Park Seung-jin)
2026,Cup,LCK,LoL Champions Korea,韩国,一级联赛,LCK Cup 2026,2026-01-14,Nongshim RedForce,,Coach,Crazy,김재희,Kim Jae-hee,South Korea,Korea,1996-09-20,0,Crazy (Kim Jae-hee)
2025,Rounds 3-5,LCK,LoL Champions Korea,韩国,一级联赛,LCK 2025 Rounds 3-5,2025-07-23,OKSavingsBank BRION,,Top,Morgan,박루한,Park Ru-han,South Korea,Korea,2001-09-26,0,Morgan
2025,Rounds 3-5,LCK,LoL Champions Korea,韩国,一级联赛,LCK 2025 Rounds 3-5,2025-07-23,OKSavingsBank BRION,,Jungle,Croco,김동범,Kim Dong-beom,South Korea,Korea,2000-02-23,0,Croco
2025,Rounds 3-5,LCK,LoL Champions Korea,韩国,一级联赛,LCK 2025 Rounds 3-5,2025-07-23,OKSavingsBank BRION,,Mid,Clozer,이주현,Lee Ju-hyeon,South Korea,Korea,2003-07-27,0,Clozer
2025,Rounds 3-5,LCK,LoL Champions Korea,韩国,一级联赛,LCK 2025 Rounds 3-5,2025-07-23,OKSavingsBank BRION,,Bot,Hype,변정현,Byeon Jeong-hyeon,South Korea,Korea,2003-09-09,0,Hype (Byeon Jeong-hyeon)
2025,Rounds 3-5,LCK,LoL Champions Korea,韩国,一级联赛,LCK 2025 Rounds 3-5,2025-07-23,OKSavingsBank BRION,,Support,Pollu,오동규,Oh Dong-gyu,South Korea,Korea,2006-01-07,0,Pollu
2025,Rounds 3-5,LCK,LoL Champions Korea,韩国,一级联赛,LCK 2025 Rounds 3-5,2025-07-23,OKSavingsBank BRION,,Coach,Duke,이호성,Lee Ho-seong,South Korea,Korea,1994-12-19,0,Duke (Lee Ho-seong)
2025,Rounds 3-5,LCK,LoL Champions Korea,韩国,一级联赛,LCK 2025 Rounds 3-5,2025-07-23,OKSavingsBank BRION,,Coach,GuGer,김도엽,Kim Do-yeop,South Korea,Korea,1994-02-07,0,GuGer
2025,Rounds 3-5,LCK,LoL Champions Korea,韩国,一级联赛,LCK 2025 Season Play-In,2025-09-03,OKSavingsBank BRION,,Top,Morgan,박루한,Park Ru-han,South Korea,Korea,2001-09-26,0,Morgan
2025,Rounds 3-5,LCK,LoL Champions Korea,韩国,一级联赛,LCK 2025 Season Play-In,2025-09-03,OKSavingsBank BRION,,Jungle,Croco,김동범,Kim Dong-beom,South Korea,Korea,2000-02-23,0,Croco
2025,Rounds 3-5,LCK,LoL Champions Korea,韩国,一级联赛,LCK 2025 Season Play-In,2025-09-03,OKSavingsBank BRION,,Mid,Clozer,이주현,Lee Ju-hyeon,South Korea,Korea,2003-07-27,0,Clozer
2025,Rounds 3-5,LCK,LoL Champions Korea,韩国,一级联赛,LCK 2025 Season Play-In,2025-09-03,OKSavingsBank BRION,,Bot,Hype,변정현,Byeon Jeong-hyeon,South Korea,Korea,2003-09-09,0,Hype (Byeon Jeong-hyeon)
2025,Rounds 3-5,LCK,LoL Champions Korea,韩国,一级联赛,LCK 2025 Season Play-In,2025-09-03,OKSavingsBank BRION,,Support,Pollu,오동규,Oh Dong-gyu,South Korea,Korea,2006-01-07,0,Pollu
2025,Rounds 3-5,LCK,LoL Champions Korea,韩国,一级联赛,LCK 2025 Season Play-In,2025-09-03,OKSavingsBank BRION,,Coach,Duke,이호성,Lee Ho-seong,South Korea,Korea,1994-12-19,0,Duke (Lee Ho-seong)
2025,Rounds 3-5,LCK,LoL Champions Korea,韩国,一级联赛,LCK 2025 Season Play-In,2025-09-03,OKSavingsBank BRION,,Coach,GuGer,김도엽,Kim Do-yeop,South Korea,Korea,1994-02-07,0,GuGer
2025,Rounds 1-2,LCK,LoL Champions Korea,韩国,一级联赛,LCK 2025 Rounds 1-2,2025-04-02,OKSavingsBank BRION,,Top,Morgan,박루한,Park Ru-han,South Korea,Korea,2001-09-26,0,Morgan
2025,Rounds 1-2,LCK,LoL Champions Korea,韩国,一级联赛,LCK 2025 Rounds 1-2,2025-04-02,OKSavingsBank BRION,,Jungle,Ellim,최엘림,Choi El-lim,South Korea,Korea,2000-05-25,0,Ellim
2025,Rounds 1-2,LCK,LoL Champions Korea,韩国,一级联赛,LCK 2025 Rounds 1-2,2025-04-02,OKSavingsBank BRION,,Jungle,HamBak,함유진,Ham Yoo-jin,South Korea,Korea,2002-08-28,0,HamBak
2025,Rounds 1-2,LCK,LoL Champions Korea,韩国,一级联赛,LCK 2025 Rounds 1-2,2025-04-02,OKSavingsBank BRION,,Jungle,Croco,김동범,Kim Dong-beom,South Korea,Korea,2000-02-23,0,Croco
2025,Rounds 1-2,LCK,LoL Champions Korea,韩国,一级联赛,LCK 2025 Rounds 1-2,2025-04-02,OKSavingsBank BRION,,Mid,Clozer,이주현,Lee Ju-hyeon,South Korea,Korea,2003-07-27,0,Clozer
2025,Rounds 1-2,LCK,LoL Champions Korea,韩国,一级联赛,LCK 2025 Rounds 1-2,2025-04-02,OKSavingsBank BRION,,Bot,Hype,변정현,Byeon Jeong-hyeon,South Korea,Korea,2003-09-09,0,Hype (Byeon Jeong-hyeon)
2025,Rounds 1-2,LCK,LoL Champions Korea,韩国,一级联赛,LCK 2025 Rounds 1-2,2025-04-02,OKSavingsBank BRION,,Bot,Bull,송선규,Song Seon-gyu,South Korea,Korea,2003-05-16,0,Bull
2025,Rounds 1-2,LCK,LoL Champions Korea,韩国,一级联赛,LCK 2025 Rounds 1-2,2025-04-02,OKSavingsBank BRION,,Support,Pollu,오동규,Oh Dong-gyu,South Korea,Korea,2006-01-07,0,Pollu
2025,Rounds 1-2,LCK,LoL Champions Korea,韩国,一级联赛,LCK 2025 Rounds 1-2,2025-04-02,OKSavingsBank BRION,,Coach,Edgar,최우범,Choi Woo-beom,South Korea,Korea,1984-01-03,0,Edgar
2025,Rounds 1-2,LCK,LoL Champions Korea,韩国,一级联赛,LCK 2025 Rounds 1-2,2025-04-02,OKSavingsBank BRION,,Coach,GuGer,김도엽,Kim Do-yeop,South Korea,Korea,1994-02-07,0,GuGer
2025,Cup,LCK,LoL Champions Korea,韩国,一级联赛,LCK Cup 2025,2025-01-15,OKSavingsBank BRION,,Top,Morgan,박루한,Park Ru-han,South Korea,Korea,2001-09-26,0,Morgan
2025,Cup,LCK,LoL Champions Korea,韩国,一级联赛,LCK Cup 2025,2025-01-15,OKSavingsBank BRION,,Jungle,HamBak,함유진,Ham Yoo-jin,South Korea,Korea,2002-08-28,0,HamBak
2025,Cup,LCK,LoL Champions Korea,韩国,一级联赛,LCK Cup 2025,2025-01-15,OKSavingsBank BRION,,Mid,Clozer,이주현,Lee Ju-hyeon,South Korea,Korea,2003-07-27,0,Clozer
2025,Cup,LCK,LoL Champions Korea,韩国,一级联赛,LCK Cup 2025,2025-01-15,OKSavingsBank BRION,,Bot,Hype,변정현,Byeon Jeong-hyeon,South Korea,Korea,2003-09-09,0,Hype (Byeon Jeong-hyeon)
2025,Cup,LCK,LoL Champions Korea,韩国,一级联赛,LCK Cup 2025,2025-01-15,OKSavingsBank BRION,,Bot,Bull,송선규,Song Seon-gyu,South Korea,Korea,2003-05-16,0,Bull
2025,Cup,LCK,LoL Champions Korea,韩国,一级联赛,LCK Cup 2025,2025-01-15,OKSavingsBank BRION,,Support,Pollu,오동규,Oh Dong-gyu,South Korea,Korea,2006-01-07,0,Pollu
2025,Cup,LCK,LoL Champions Korea,韩国,一级联赛,LCK Cup 2025,2025-01-15,OKSavingsBank BRION,,Coach,Edgar,최우범,Choi Woo-beom,South Korea,Korea,1984-01-03,0,Edgar
2025,Cup,LCK,LoL Champions Korea,韩国,一级联赛,LCK Cup 2025,2025-01-15,OKSavingsBank BRION,,Coach,GuGer,김도엽,Kim Do-yeop,South Korea,Korea,1994-02-07,0,GuGer
2023,Summer,LCK,LoL Champions Korea,韩国,一级联赛,LCK 2023 Summer,2023-06-07,OKSavingsBank BRION,,Top,Morgan,박루한,Park Ru-han,South Korea,Korea,2001-09-26,0,Morgan
2023,Summer,LCK,LoL Champions Korea,韩国,一级联赛,LCK 2023 Summer,2023-06-07,OKSavingsBank BRION,,Jungle,UmTi,엄성현,Um Sung-hyeon,South Korea,Korea,1999-06-02,0,UmTi
2023,Summer,LCK,LoL Champions Korea,韩国,一级联赛,LCK 2023 Summer,2023-06-07,OKSavingsBank BRION,,Mid,Karis,김홍조,Kim Hong-jo,South Korea,Korea,2003-05-21,0,Karis
2023,Summer,LCK,LoL Champions Korea,韩国,一级联赛,LCK 2023 Summer,2023-06-07,OKSavingsBank BRION,,Mid,Ivory,정예찬,Jeong Ye-chan,South Korea,Korea,2003-10-12,0,Ivory
2023,Summer,LCK,LoL Champions Korea,韩国,一级联赛,LCK 2023 Summer,2023-06-07,OKSavingsBank BRION,,Bot,Hena,박증환,Park Jeung-hwan,South Korea,Korea,1999-10-08,0,Hena
2023,Summer,LCK,LoL Champions Korea,韩国,一级联赛,LCK 2023 Summer,2023-06-07,OKSavingsBank BRION,,Support,Effort,이상호,Lee Sang-ho,South Korea,Korea,2000-11-23,0,Effort
2023,Summer,LCK,LoL Champions Korea,韩国,一级联赛,LCK 2023 Summer,2023-06-07,OKSavingsBank BRION,,Coach,Edgar,최우범,Choi Woo-beom,South Korea,Korea,1984-01-03,0,Edgar
2023,Summer,LCK,LoL Champions Korea,韩国,一级联赛,LCK 2023 Summer,2023-06-07,OKSavingsBank BRION,,Coach,Drinker,이승후,Lee Seung-hoo,South Korea,Korea,1989-05-20,0,Drinker
2024,Spring,LCK,LoL Champions Korea,韩国,一级联赛,LCK 2024 Spring,2024-01-17,OKSavingsBank BRION,BRO,Top,Morgan,박루한,Park Ru-han,South Korea,Korea,2001-09-26,0,Morgan
2024,Spring,LCK,LoL Champions Korea,韩国,一级联赛,LCK 2024 Spring,2024-01-17,OKSavingsBank BRION,BRO,Jungle,GIDEON,김민성,Kim Min-seong,South Korea,Korea,2003-08-14,0,GIDEON
2024,Spring,LCK,LoL Champions Korea,韩国,一级联赛,LCK 2024 Spring,2024-01-17,OKSavingsBank BRION,BRO,Jungle,DDoiV,방문영,Bang Moon-yeong,South Korea,Korea,2003-10-21,0,DDoiV
2024,Spring,LCK,LoL Champions Korea,韩国,一级联赛,LCK 2024 Spring,2024-01-17,OKSavingsBank BRION,BRO,Mid,Karis,김홍조,Kim Hong-jo,South Korea,Korea,2003-05-21,0,Karis
2024,Spring,LCK,LoL Champions Korea,韩国,一级联赛,LCK 2024 Spring,2024-01-17,OKSavingsBank BRION,BRO,Mid,Pullbae,정지훈,Jeong Ji-hoon,South Korea,Korea,2004-08-28,0,Pullbae
2024,Spring,LCK,LoL Champions Korea,韩国,一级联赛,LCK 2024 Spring,2024-01-17,OKSavingsBank BRION,BRO,Bot,Envyy,이명준,Lee Myeong-joon,South Korea,Korea,2000-04-07,0,Envyy
2024,Spring,LCK,LoL Champions Korea,韩国,一级联赛,LCK 2024 Spring,2024-01-17,OKSavingsBank BRION,BRO,Bot,Samver,이승용,Lee Seung-yong,South Korea,Korea,2001-11-07,1,Samver
2024,Spring,LCK,LoL Champions Korea,韩国,一级联赛,LCK 2024 Spring,2024-01-17,OKSavingsBank BRION,BRO,Support,Effort,이상호,Lee Sang-ho,South Korea,Korea,2000-11-23,0,Effort
2024,Spring,LCK,LoL Champions Korea,韩国,一级联赛,LCK 2024 Spring,2024-01-17,OKSavingsBank BRION,BRO,Support,Pollu,오동규,Oh Dong-gyu,South Korea,Korea,2006-01-07,0,Pollu
2024,Spring,LCK,LoL Champions Korea,韩国,一级联赛,LCK 2024 Spring,2024-01-17,OKSavingsBank BRION,BRO,Coach,Edgar,최우범,Choi Woo-beom,South Korea,Korea,1984-01-03,0,Edgar
2024,Spring,LCK,LoL Champions Korea,韩国,一级联赛,LCK 2024 Spring,2024-01-17,OKSavingsBank BRION,BRO,Coach,Drinker,이승후,Lee Seung-hoo,South Korea,Korea,1989-05-20,0,Drinker
2024,Spring,LCK,LoL Champions Korea,韩国,一级联赛,LCK 2024 Spring,2024-01-17,OKSavingsBank BRION,BRO,Coach,Sw0rd,최성원,Choi Sung-won,South Korea,Korea,1997-06-16,0,Sw0rd
2024,Summer,LCK,LoL Champions Korea,韩国,一级联赛,LCK 2024 Summer,2024-06-12,OKSavingsBank BRION,BRO,Top,Morgan,박루한,Park Ru-han,South Korea,Korea,2001-09-26,0,Morgan
2024,Summer,LCK,LoL Champions Korea,韩国,一级联赛,LCK 2024 Summer,2024-06-12,OKSavingsBank BRION,BRO,Jungle,YoungJae,고영재,Ko Yeong-jae,South Korea,Korea,2002-11-16,0,YoungJae
2024,Summer,LCK,LoL Champions Korea,韩国,一级联赛,LCK 2024 Summer,2024-06-12,OKSavingsBank BRION,BRO,Jungle,DDoiV,방문영,Bang Moon-yeong,South Korea,Korea,2003-10-21,0,DDoiV
2024,Summer,LCK,LoL Champions Korea,韩国,一级联赛,LCK 2024 Summer,2024-06-12,OKSavingsBank BRION,BRO,Mid,Karis,김홍조,Kim Hong-jo,South Korea,Korea,2003-05-21,0,Karis
2024,Summer,LCK,LoL Champions Korea,韩国,一级联赛,LCK 2024 Summer,2024-06-12,OKSavingsBank BRION,BRO,Mid,Pullbae,정지훈,Jeong Ji-hoon,South Korea,Korea,2004-08-28,0,Pullbae
2024,Summer,LCK,LoL Champions Korea,韩国,一级联赛,LCK 2024 Summer,2024-06-12,OKSavingsBank BRION,BRO,Mid,FATE,유수혁,Yoo Su-hyeok,South Korea,Korea,2000-08-22,0,FATE (Yoo Su-hyeok)
2024,Summer,LCK,LoL Champions Korea,韩国,一级联赛,LCK 2024 Summer,2024-06-12,OKSavingsBank BRION,BRO,Bot,Samver,이승용,Lee Seung-yong,South Korea,Korea,2001-11-07,1,Samver
2024,Summer,LCK,LoL Champions Korea,韩国,一级联赛,LCK 2024 Summer,2024-06-12,OKSavingsBank BRION,BRO,Bot,Envyy,이명준,Lee Myeong-joon,South Korea,Korea,2000-04-07,0,Envyy
2024,Summer,LCK,LoL Champions Korea,韩国,一级联赛,LCK 2024 Summer,2024-06-12,OKSavingsBank BRION,BRO,Support,Pollu,오동규,Oh Dong-gyu,South Korea,Korea,2006-01-07,0,Pollu
2024,Summer,LCK,LoL Champions Korea,韩国,一级联赛,LCK 2024 Summer,2024-06-12,OKSavingsBank BRION,BRO,Coach,Edgar,최우범,Choi Woo-beom,South Korea,Korea,1984-01-03,0,Edgar
2024,Summer,LCK,LoL Champions Korea,韩国,一级联赛,LCK 2024 Summer,2024-06-12,OKSavingsBank BRION,BRO,Coach,Sw0rd,최성원,Choi Sung-won,South Korea,Korea,1997-06-16,0,Sw0rd
2025,Rounds 3-5,LCK,LoL Champions Korea,韩国,一级联赛,LCK 2025 Rounds 3-5,2025-07-23,T1,,Top,Doran,최현준,Choi Hyeon-joon,South Korea,Korea,2000-07-22,0,Doran (Choi Hyeon-joon)
2025,Rounds 3-5,LCK,LoL Champions Korea,韩国,一级联赛,LCK 2025 Rounds 3-5,2025-07-23,T1,,Jungle,Oner,문현준,Mun Hyeon-jun,South Korea,Korea,2002-12-24,0,Oner
2025,Rounds 3-5,LCK,LoL Champions Korea,韩国,一级联赛,LCK 2025 Rounds 3-5,2025-07-23,T1,,Mid,Faker,이상혁,Lee Sang-hyeok,South Korea,Korea,1996-05-07,0,Faker
2025,Rounds 3-5,LCK,LoL Champions Korea,韩国,一级联赛,LCK 2025 Rounds 3-5,2025-07-23,T1,,Bot,Gumayusi,이민형,Lee Min-hyeong,South Korea,Korea,2002-02-06,0,Gumayusi
2025,Rounds 3-5,LCK,LoL Champions Korea,韩国,一级联赛,LCK 2025 Rounds 3-5,2025-07-23,T1,,Support,Keria,류민석,Ryu Min-seok,South Korea,Korea,2002-10-14,0,Keria
2025,Rounds 3-5,LCK,LoL Champions Korea,韩国,一级联赛,LCK 2025 Rounds 3-5,2025-07-23,T1,,Coach,kkOma,김정균,Kim Jeong-gyun,South Korea,Korea,1985-12-23,0,kkOma
2025,Rounds 3-5,LCK,LoL Champions Korea,韩国,一级联赛,LCK 2025 Rounds 3-5,2025-07-23,T1,,Coach,Mata,조세형,Cho Se-hyeong,South Korea,Korea,1994-02-27,0,Mata
2025,Rounds 3-5,LCK,LoL Champions Korea,韩国,一级联赛,LCK 2025 Rounds 3-5,2025-07-23,T1,,Coach,Tom,임재현,Im Jae-hyeon,South Korea,Korea,1995-05-22,0,Tom (Im Jae-hyeon)
2025,Rounds 3-5,LCK,LoL Champions Korea,韩国,一级联赛,LCK 2025 Season Playoffs,2025-09-10,T1,,Top,Doran,최현준,Choi Hyeon-joon,South Korea,Korea,2000-07-22,0,Doran (Choi Hyeon-joon)
2025,Rounds 3-5,LCK,LoL Champions Korea,韩国,一级联赛,LCK 2025 Season Playoffs,2025-09-10,T1,,Jungle,Oner,문현준,Mun Hyeon-jun,South Korea,Korea,2002-12-24,0,Oner
2025,Rounds 3-5,LCK,LoL Champions Korea,韩国,一级联赛,LCK 2025 Season Playoffs,2025-09-10,T1,,Mid,Faker,이상혁,Lee Sang-hyeok,South Korea,Korea,1996-05-07,0,Faker
2025,Rounds 3-5,LCK,LoL Champions Korea,韩国,一级联赛,LCK 2025 Season Playoffs,2025-09-10,T1,,Bot,Gumayusi,이민형,Lee Min-hyeong,South Korea,Korea,2002-02-06,0,Gumayusi
2025,Rounds 3-5,LCK,LoL Champions Korea,韩国,一级联赛,LCK 2025 Season Playoffs,2025-09-10,T1,,Support,Keria,류민석,Ryu Min-seok,South Korea,Korea,2002-10-14,0,Keria
2025,Rounds 3-5,LCK,LoL Champions Korea,韩国,一级联赛,LCK 2025 Season Playoffs,2025-09-10,T1,,Coach,kkOma,김정균,Kim Jeong-gyun,South Korea,Korea,1985-12-23,0,kkOma
2025,Rounds 3-5,LCK,LoL Champions Korea,韩国,一级联赛,LCK 2025 Season Playoffs,2025-09-10,T1,,Coach,Mata,조세형,Cho Se-hyeong,South Korea,Korea,1994-02-27,0,Mata
2025,Rounds 3-5,LCK,LoL Champions Korea,韩国,一级联赛,LCK 2025 Season Playoffs,2025-09-10,T1,,Coach,Tom,임재현,Im Jae-hyeon,South Korea,Korea,1995-05-22,0,Tom (Im Jae-hyeon)
2025,Rounds 1-2,LCK,LoL Champions Korea,韩国,一级联赛,LCK 2025 Road to MSI,2025-06-07,T1,,Top,Doran,최현준,Choi Hyeon-joon,South Korea,Korea,2000-07-22,0,Doran (Choi Hyeon-joon)
2025,Rounds 1-2,LCK,LoL Champions Korea,韩国,一级联赛,LCK 2025 Road to MSI,2025-06-07,T1,,Jungle,Oner,문현준,Mun Hyeon-jun,South Korea,Korea,2002-12-24,0,Oner
2025,Rounds 1-2,LCK,LoL Champions Korea,韩国,一级联赛,LCK 2025 Road to MSI,2025-06-07,T1,,Mid,Faker,이상혁,Lee Sang-hyeok,South Korea,Korea,1996-05-07,0,Faker
2025,Rounds 1-2,LCK,LoL Champions Korea,韩国,一级联赛,LCK 2025 Road to MSI,2025-06-07,T1,,Bot,Gumayusi,이민형,Lee Min-hyeong,South Korea,Korea,2002-02-06,0,Gumayusi
2025,Rounds 1-2,LCK,LoL Champions Korea,韩国,一级联赛,LCK 2025 Road to MSI,2025-06-07,T1,,Support,Keria,류민석,Ryu Min-seok,South Korea,Korea,2002-10-14,0,Keria
2025,Rounds 1-2,LCK,LoL Champions Korea,韩国,一级联赛,LCK 2025 Road to MSI,2025-06-07,T1,,Coach,kkOma,김정균,Kim Jeong-gyun,South Korea,Korea,1985-12-23,0,kkOma
2025,Rounds 1-2,LCK,LoL Champions Korea,韩国,一级联赛,LCK 2025 Road to MSI,2025-06-07,T1,,Coach,Mata,조세형,Cho Se-hyeong,South Korea,Korea,1994-02-27,0,Mata
2025,Rounds 1-2,LCK,LoL Champions Korea,韩国,一级联赛,LCK 2025 Road to MSI,2025-06-07,T1,,Coach,Tom,임재현,Im Jae-hyeon,South Korea,Korea,1995-05-22,0,Tom (Im Jae-hyeon)
2025,Rounds 1-2,LCK,LoL Champions Korea,韩国,一级联赛,LCK 2025 Rounds 1-2,2025-04-02,T1,,Top,Doran,최현준,Choi Hyeon-joon,South Korea,Korea,2000-07-22,0,Doran (Choi Hyeon-joon)
2025,Rounds 1-2,LCK,LoL Champions Korea,韩国,一级联赛,LCK 2025 Rounds 1-2,2025-04-02,T1,,Jungle,Oner,문현준,Mun Hyeon-jun,South Korea,Korea,2002-12-24,0,Oner
2025,Rounds 1-2,LCK,LoL Champions Korea,韩国,一级联赛,LCK 2025 Rounds 1-2,2025-04-02,T1,,Mid,Faker,이상혁,Lee Sang-hyeok,South Korea,Korea,1996-05-07,0,Faker
2025,Rounds 1-2,LCK,LoL Champions Korea,韩国,一级联赛,LCK 2025 Rounds 1-2,2025-04-02,T1,,Bot,Gumayusi,이민형,Lee Min-hyeong,South Korea,Korea,2002-02-06,0,Gumayusi
2025,Rounds 1-2,LCK,LoL Champions Korea,韩国,一级联赛,LCK 2025 Rounds 1-2,2025-04-02,T1,,Bot,Smash,신금재,Shin Geum-jae,South Korea,Korea,2006-07-20,0,Smash (Shin Geum-jae)
2025,Rounds 1-2,LCK,LoL Champions Korea,韩国,一级联赛,LCK 2025 Rounds 1-2,2025-04-02,T1,,Support,Keria,류민석,Ryu Min-seok,South Korea,Korea,2002-10-14,0,Keria
2025,Rounds 1-2,LCK,LoL Champions Korea,韩国,一级联赛,LCK 2025 Rounds 1-2,2025-04-02,T1,,Coach,kkOma,김정균,Kim Jeong-gyun,South Korea,Korea,1985-12-23,0,kkOma
2025,Rounds 1-2,LCK,LoL Champions Korea,韩国,一级联赛,LCK 2025 Rounds 1-2,2025-04-02,T1,,Coach,Mata,조세형,Cho Se-hyeong,South Korea,Korea,1994-02-27,0,Mata
2025,Rounds 1-2,LCK,LoL Champions Korea,韩国,一级联赛,LCK 2025 Rounds 1-2,2025-04-02,T1,,Coach,Tom,임재현,Im Jae-hyeon,South Korea,Korea,1995-05-22,0,Tom (Im Jae-hyeon)
2025,Cup,LCK,LoL Champions Korea,韩国,一级联赛,LCK Cup 2025,2025-01-15,T1,,Top,Doran,최현준,Choi Hyeon-joon,South Korea,Korea,2000-07-22,0,Doran (Choi Hyeon-joon)
2025,Cup,LCK,LoL Champions Korea,韩国,一级联赛,LCK Cup 2025,2025-01-15,T1,,Jungle,Oner,문현준,Mun Hyeon-jun,South Korea,Korea,2002-12-24,0,Oner
2025,Cup,LCK,LoL Champions Korea,韩国,一级联赛,LCK Cup 2025,2025-01-15,T1,,Mid,Faker,이상혁,Lee Sang-hyeok,South Korea,Korea,1996-05-07,0,Faker
2025,Cup,LCK,LoL Champions Korea,韩国,一级联赛,LCK Cup 2025,2025-01-15,T1,,Bot,Gumayusi,이민형,Lee Min-hyeong,South Korea,Korea,2002-02-06,0,Gumayusi
2025,Cup,LCK,LoL Champions Korea,韩国,一级联赛,LCK Cup 2025,2025-01-15,T1,,Bot,Smash,신금재,Shin Geum-jae,South Korea,Korea,2006-07-20,0,Smash (Shin Geum-jae)
2025,Cup,LCK,LoL Champions Korea,韩国,一级联赛,LCK Cup 2025,2025-01-15,T1,,Support,Keria,류민석,Ryu Min-seok,South Korea,Korea,2002-10-14,0,Keria
2025,Cup,LCK,LoL Champions Korea,韩国,一级联赛,LCK Cup 2025,2025-01-15,T1,,Coach,kkOma,김정균,Kim Jeong-gyun,South Korea,Korea,1985-12-23,0,kkOma
2025,Cup,LCK,LoL Champions Korea,韩国,一级联赛,LCK Cup 2025,2025-01-15,T1,,Coach,Mata,조세형,Cho Se-hyeong,South Korea,Korea,1994-02-27,0,Mata
2025,Cup,LCK,LoL Champions Korea,韩国,一级联赛,LCK Cup 2025,2025-01-15,T1,,Coach,Tom,임재현,Im Jae-hyeon,South Korea,Korea,1995-05-22,0,Tom (Im Jae-hyeon)
2026,Cup,LCK,LoL Champions Korea,韩国,一级联赛,LCK Cup 2026,2026-01-14,T1,,Top,Doran,최현준,Choi Hyeon-joon,South Korea,Korea,2000-07-22,0,Doran (Choi Hyeon-joon)
2026,Cup,LCK,LoL Champions Korea,韩国,一级联赛,LCK Cup 2026,2026-01-14,T1,,Jungle,Oner,문현준,Mun Hyeon-jun,South Korea,Korea,2002-12-24,0,Oner
2026,Cup,LCK,LoL Champions Korea,韩国,一级联赛,LCK Cup 2026,2026-01-14,T1,,Mid,Faker,이상혁,Lee Sang-hyeok,South Korea,Korea,1996-05-07,0,Faker
2026,Cup,LCK,LoL Champions Korea,韩国,一级联赛,LCK Cup 2026,2026-01-14,T1,,Bot,Peyz,김수환,Kim Su-hwan,South Korea,Korea,2005-12-05,0,Peyz
2026,Cup,LCK,LoL Champions Korea,韩国,一级联赛,LCK Cup 2026,2026-01-14,T1,,Support,Keria,류민석,Ryu Min-seok,South Korea,Korea,2002-10-14,0,Keria
2026,Cup,LCK,LoL Champions Korea,韩国,一级联赛,LCK Cup 2026,2026-01-14,T1,,Coach,kkOma,김정균,Kim Jeong-gyun,South Korea,Korea,1985-12-23,0,KkOma
2026,Cup,LCK,LoL Champions Korea,韩国,一级联赛,LCK Cup 2026,2026-01-14,T1,,Coach,Mata,조세형,Cho Se-hyeong,South Korea,Korea,1994-02-27,0,Mata
2026,Cup,LCK,LoL Champions Korea,韩国,一级联赛,LCK Cup 2026,2026-01-14,T1,,Coach,Tom,임재현,Im Jae-hyeon,South Korea,Korea,1995-05-22,0,Tom (Im Jae-hyeon)
2026,Rounds 3-4,LCK,LoL Champions Korea,韩国,一级联赛,LCK 2026 Season Playoffs,2026-08-29,T1,,Top,Doran,최현준,Choi Hyeon-joon,South Korea,Korea,2000-07-22,0,Doran (Choi Hyeon-joon)
2026,Rounds 3-4,LCK,LoL Champions Korea,韩国,一级联赛,LCK 2026 Season Playoffs,2026-08-29,T1,,Jungle,Oner,문현준,Mun Hyeon-jun,South Korea,Korea,2002-12-24,0,Oner
2026,Rounds 3-4,LCK,LoL Champions Korea,韩国,一级联赛,LCK 2026 Season Playoffs,2026-08-29,T1,,Mid,Faker,이상혁,Lee Sang-hyeok,South Korea,Korea,1996-05-07,0,Faker
2026,Rounds 3-4,LCK,LoL Champions Korea,韩国,一级联赛,LCK 2026 Season Playoffs,2026-08-29,T1,,Bot,Peyz,김수환,Kim Su-hwan,South Korea,Korea,2005-12-05,0,Peyz
2026,Rounds 3-4,LCK,LoL Champions Korea,韩国,一级联赛,LCK 2026 Season Playoffs,2026-08-29,T1,,Support,Keria,류민석,Ryu Min-seok,South Korea,Korea,2002-10-14,0,Keria
2026,Rounds 3-4,LCK,LoL Champions Korea,韩国,一级联赛,LCK 2026 Season Playoffs,2026-08-29,T1,,Coach,Tom,임재현,Im Jae-hyeon,South Korea,Korea,1995-05-22,0,Tom (Im Jae-hyeon)
2026,Rounds 3-4,LCK,LoL Champions Korea,韩国,一级联赛,LCK 2026 Season Playoffs,2026-08-29,T1,,Coach,Easyhoon,이지훈,Lee Ji-hoon,South Korea,Korea,1992-11-23,0,Easyhoon
2026,Rounds 3-4,LCK,LoL Champions Korea,韩国,一级联赛,LCK 2026 Season Playoffs,2026-08-29,T1,,Coach,Mata,조세형,Cho Se-hyeong,South Korea,Korea,1994-02-27,0,Mata
2026,Rounds 1-2,LCK,LoL Champions Korea,韩国,一级联赛,LCK 2026 Road to MSI,2026-06-06,T1,,Top,Doran,최현준,Choi Hyeon-joon,South Korea,Korea,2000-07-22,0,Doran (Choi Hyeon-joon)
2026,Rounds 1-2,LCK,LoL Champions Korea,韩国,一级联赛,LCK 2026 Road to MSI,2026-06-06,T1,,Jungle,Oner,문현준,Mun Hyeon-jun,South Korea,Korea,2002-12-24,0,Oner
2026,Rounds 1-2,LCK,LoL Champions Korea,韩国,一级联赛,LCK 2026 Road to MSI,2026-06-06,T1,,Mid,Faker,이상혁,Lee Sang-hyeok,South Korea,Korea,1996-05-07,0,Faker
2026,Rounds 1-2,LCK,LoL Champions Korea,韩国,一级联赛,LCK 2026 Road to MSI,2026-06-06,T1,,Bot,Peyz,김수환,Kim Su-hwan,South Korea,Korea,2005-12-05,0,Peyz
2026,Rounds 1-2,LCK,LoL Champions Korea,韩国,一级联赛,LCK 2026 Road to MSI,2026-06-06,T1,,Support,Keria,류민석,Ryu Min-seok,South Korea,Korea,2002-10-14,0,Keria
2026,Rounds 1-2,LCK,LoL Champions Korea,韩国,一级联赛,LCK 2026 Road to MSI,2026-06-06,T1,,Coach,Tom,임재현,Im Jae-hyeon,South Korea,Korea,1995-05-22,0,Tom (Im Jae-hyeon)
2026,Rounds 1-2,LCK,LoL Champions Korea,韩国,一级联赛,LCK 2026 Road to MSI,2026-06-06,T1,,Coach,Mata,조세형,Cho Se-hyeong,South Korea,Korea,1994-02-27,0,Mata
2026,Rounds 1-2,LCK,LoL Champions Korea,韩国,一级联赛,LCK 2026 Road to MSI,2026-06-06,T1,,Coach,Easyhoon,이지훈,Lee Ji-hoon,South Korea,Korea,1992-11-23,0,Easyhoon
2026,Rounds 1-2,LCK,LoL Champions Korea,韩国,一级联赛,LCK 2026 Rounds 1-2,2026-04-01,T1,,Top,Doran,최현준,Choi Hyeon-joon,South Korea,Korea,2000-07-22,0,Doran (Choi Hyeon-joon)
2026,Rounds 1-2,LCK,LoL Champions Korea,韩国,一级联赛,LCK 2026 Rounds 1-2,2026-04-01,T1,,Jungle,Oner,문현준,Mun Hyeon-jun,South Korea,Korea,2002-12-24,0,Oner
2026,Rounds 1-2,LCK,LoL Champions Korea,韩国,一级联赛,LCK 2026 Rounds 1-2,2026-04-01,T1,,Mid,Faker,이상혁,Lee Sang-hyeok,South Korea,Korea,1996-05-07,0,Faker
2026,Rounds 1-2,LCK,LoL Champions Korea,韩国,一级联赛,LCK 2026 Rounds 1-2,2026-04-01,T1,,Bot,Peyz,김수환,Kim Su-hwan,South Korea,Korea,2005-12-05,0,Peyz
2026,Rounds 1-2,LCK,LoL Champions Korea,韩国,一级联赛,LCK 2026 Rounds 1-2,2026-04-01,T1,,Support,Keria,류민석,Ryu Min-seok,South Korea,Korea,2002-10-14,0,Keria
2026,Rounds 1-2,LCK,LoL Champions Korea,韩国,一级联赛,LCK 2026 Rounds 1-2,2026-04-01,T1,,Coach,Tom,임재현,Im Jae-hyeon,South Korea,Korea,1995-05-22,0,Tom (Im Jae-hyeon)
2026,Rounds 1-2,LCK,LoL Champions Korea,韩国,一级联赛,LCK 2026 Rounds 1-2,2026-04-01,T1,,Coach,Mata,조세형,Cho Se-hyeong,South Korea,Korea,1994-02-27,0,Mata
2026,Rounds 1-2,LCK,LoL Champions Korea,韩国,一级联赛,LCK 2026 Rounds 1-2,2026-04-01,T1,,Coach,Easyhoon,이지훈,Lee Ji-hoon,South Korea,Korea,1992-11-23,0,Easyhoon
2026,Rounds 3-4,LCK,LoL Champions Korea,韩国,一级联赛,LCK 2026 Rounds 3-4,2026-07-29,T1,,Top,Doran,최현준,Choi Hyeon-joon,South Korea,Korea,2000-07-22,0,Doran (Choi Hyeon-joon)
2026,Rounds 3-4,LCK,LoL Champions Korea,韩国,一级联赛,LCK 2026 Rounds 3-4,2026-07-29,T1,,Jungle,Oner,문현준,Mun Hyeon-jun,South Korea,Korea,2002-12-24,0,Oner
2026,Rounds 3-4,LCK,LoL Champions Korea,韩国,一级联赛,LCK 2026 Rounds 3-4,2026-07-29,T1,,Jungle,Painter,김은후,Kim Eun-hoo,South Korea,Korea,2007-09-16,0,Painter
2026,Rounds 3-4,LCK,LoL Champions Korea,韩国,一级联赛,LCK 2026 Rounds 3-4,2026-07-29,T1,,Mid,Faker,이상혁,Lee Sang-hyeok,South Korea,Korea,1996-05-07,0,Faker
2026,Rounds 3-4,LCK,LoL Champions Korea,韩国,一级联赛,LCK 2026 Rounds 3-4,2026-07-29,T1,,Bot,Peyz,김수환,Kim Su-hwan,South Korea,Korea,2005-12-05,0,Peyz
2026,Rounds 3-4,LCK,LoL Champions Korea,韩国,一级联赛,LCK 2026 Rounds 3-4,2026-07-29,T1,,Support,Keria,류민석,Ryu Min-seok,South Korea,Korea,2002-10-14,0,Keria
2026,Rounds 3-4,LCK,LoL Champions Korea,韩国,一级联赛,LCK 2026 Rounds 3-4,2026-07-29,T1,,Coach,Tom,임재현,Im Jae-hyeon,South Korea,Korea,1995-05-22,0,Tom (Im Jae-hyeon)
2026,Rounds 3-4,LCK,LoL Champions Korea,韩国,一级联赛,LCK 2026 Rounds 3-4,2026-07-29,T1,,Coach,Easyhoon,이지훈,Lee Ji-hoon,South Korea,Korea,1992-11-23,0,Easyhoon
2026,Rounds 3-4,LCK,LoL Champions Korea,韩国,一级联赛,LCK 2026 Rounds 3-4,2026-07-29,T1,,Coach,Mata,조세형,Cho Se-hyeong,South Korea,Korea,1994-02-27,0,Mata
2023,Spring,LCK,LoL Champions Korea,韩国,一级联赛,LCK 2023 Spring,2023-01-18,T1,,Top,Zeus,최우제,Choi Woo-je,South Korea,Korea,2004-01-31,0,Zeus
2023,Spring,LCK,LoL Champions Korea,韩国,一级联赛,LCK 2023 Spring,2023-01-18,T1,,Jungle,Oner,문현준,Mun Hyeon-jun,South Korea,Korea,2002-12-24,0,Oner
2023,Spring,LCK,LoL Champions Korea,韩国,一级联赛,LCK 2023 Spring,2023-01-18,T1,,Mid,Faker,이상혁,Lee Sang-hyeok,South Korea,Korea,1996-05-07,0,Faker
2023,Spring,LCK,LoL Champions Korea,韩国,一级联赛,LCK 2023 Spring,2023-01-18,T1,,Bot,Gumayusi,이민형,Lee Min-hyeong,South Korea,Korea,2002-02-06,0,Gumayusi
2023,Spring,LCK,LoL Champions Korea,韩国,一级联赛,LCK 2023 Spring,2023-01-18,T1,,Support,Keria,류민석,Ryu Min-seok,South Korea,Korea,2002-10-14,0,Keria
2023,Spring,LCK,LoL Champions Korea,韩国,一级联赛,LCK 2023 Spring,2023-01-18,T1,,Coach,Bengi,배성웅,Bae Seong-woong,South Korea,Korea,1993-11-21,0,Bengi
2023,Spring,LCK,LoL Champions Korea,韩国,一级联赛,LCK 2023 Spring,2023-01-18,T1,,Coach,Tom,임재현,Im Jae-hyeon,South Korea,Korea,1995-05-22,0,Tom (Im Jae-hyeon)
2023,Spring,LCK,LoL Champions Korea,韩国,一级联赛,LCK 2023 Spring Playoffs,2023-03-22,T1,,Top,Zeus,최우제,Choi Woo-je,South Korea,Korea,2004-01-31,0,Zeus
2023,Spring,LCK,LoL Champions Korea,韩国,一级联赛,LCK 2023 Spring Playoffs,2023-03-22,T1,,Jungle,Oner,문현준,Mun Hyeon-jun,South Korea,Korea,2002-12-24,0,Oner
2023,Spring,LCK,LoL Champions Korea,韩国,一级联赛,LCK 2023 Spring Playoffs,2023-03-22,T1,,Mid,Faker,이상혁,Lee Sang-hyeok,South Korea,Korea,1996-05-07,0,Faker
2023,Spring,LCK,LoL Champions Korea,韩国,一级联赛,LCK 2023 Spring Playoffs,2023-03-22,T1,,Bot,Gumayusi,이민형,Lee Min-hyeong,South Korea,Korea,2002-02-06,0,Gumayusi
2023,Spring,LCK,LoL Champions Korea,韩国,一级联赛,LCK 2023 Spring Playoffs,2023-03-22,T1,,Support,Keria,류민석,Ryu Min-seok,South Korea,Korea,2002-10-14,0,Keria
2023,Spring,LCK,LoL Champions Korea,韩国,一级联赛,LCK 2023 Spring Playoffs,2023-03-22,T1,,Coach,Bengi,배성웅,Bae Seong-woong,South Korea,Korea,1993-11-21,0,Bengi
2023,Spring,LCK,LoL Champions Korea,韩国,一级联赛,LCK 2023 Spring Playoffs,2023-03-22,T1,,Coach,Tom,임재현,Im Jae-hyeon,South Korea,Korea,1995-05-22,0,Tom (Im Jae-hyeon)
2024,Summer,LCK,LoL Champions Korea,韩国,一级联赛,LCK 2024 Summer Playoffs,2024-08-23,T1,,Top,Zeus,최우제,Choi Woo-je,South Korea,Korea,2004-01-31,0,Zeus
2024,Summer,LCK,LoL Champions Korea,韩国,一级联赛,LCK 2024 Summer Playoffs,2024-08-23,T1,,Jungle,Oner,문현준,Mun Hyeon-jun,South Korea,Korea,2002-12-24,0,Oner
2024,Summer,LCK,LoL Champions Korea,韩国,一级联赛,LCK 2024 Summer Playoffs,2024-08-23,T1,,Mid,Faker,이상혁,Lee Sang-hyeok,South Korea,Korea,1996-05-07,0,Faker
2024,Summer,LCK,LoL Champions Korea,韩国,一级联赛,LCK 2024 Summer Playoffs,2024-08-23,T1,,Bot,Gumayusi,이민형,Lee Min-hyeong,South Korea,Korea,2002-02-06,0,Gumayusi
2024,Summer,LCK,LoL Champions Korea,韩国,一级联赛,LCK 2024 Summer Playoffs,2024-08-23,T1,,Support,Keria,류민석,Ryu Min-seok,South Korea,Korea,2002-10-14,0,Keria
2024,Summer,LCK,LoL Champions Korea,韩国,一级联赛,LCK 2024 Summer Playoffs,2024-08-23,T1,,Coach,kkOma,김정균,Kim Jeong-gyun,South Korea,Korea,1985-12-23,0,kkOma
2024,Summer,LCK,LoL Champions Korea,韩国,一级联赛,LCK 2024 Summer Playoffs,2024-08-23,T1,,Coach,Roach,김강희,Kim Kang-hee,South Korea,Korea,1999-01-31,0,Roach
2024,Summer,LCK,LoL Champions Korea,韩国,一级联赛,LCK 2024 Summer Playoffs,2024-08-23,T1,,Coach,Tom,임재현,Im Jae-hyeon,South Korea,Korea,1995-05-22,0,Tom (Im Jae-hyeon)
2024,Summer,LCK,LoL Champions Korea,韩国,一级联赛,LCK 2024 Summer,2024-06-12,T1,,Top,Zeus,최우제,Choi Woo-je,South Korea,Korea,2004-01-31,0,Zeus
2024,Summer,LCK,LoL Champions Korea,韩国,一级联赛,LCK 2024 Summer,2024-06-12,T1,,Jungle,Oner,문현준,Mun Hyeon-jun,South Korea,Korea,2002-12-24,0,Oner
2024,Summer,LCK,LoL Champions Korea,韩国,一级联赛,LCK 2024 Summer,2024-06-12,T1,,Mid,Faker,이상혁,Lee Sang-hyeok,South Korea,Korea,1996-05-07,0,Faker
2024,Summer,LCK,LoL Champions Korea,韩国,一级联赛,LCK 2024 Summer,2024-06-12,T1,,Bot,Gumayusi,이민형,Lee Min-hyeong,South Korea,Korea,2002-02-06,0,Gumayusi
2024,Summer,LCK,LoL Champions Korea,韩国,一级联赛,LCK 2024 Summer,2024-06-12,T1,,Support,Keria,류민석,Ryu Min-seok,South Korea,Korea,2002-10-14,0,Keria
2024,Summer,LCK,LoL Champions Korea,韩国,一级联赛,LCK 2024 Summer,2024-06-12,T1,,Coach,kkOma,김정균,Kim Jeong-gyun,South Korea,Korea,1985-12-23,0,KkOma
2024,Summer,LCK,LoL Champions Korea,韩国,一级联赛,LCK 2024 Summer,2024-06-12,T1,,Coach,Roach,김강희,Kim Kang-hee,South Korea,Korea,1999-01-31,0,Roach
2024,Summer,LCK,LoL Champions Korea,韩国,一级联赛,LCK 2024 Summer,2024-06-12,T1,,Coach,Tom,임재현,Im Jae-hyeon,South Korea,Korea,1995-05-22,0,Tom (Im Jae-hyeon)
2024,Spring,LCK,LoL Champions Korea,韩国,一级联赛,LCK 2024 Spring Playoffs,2024-03-30,T1,,Top,Zeus,최우제,Choi Woo-je,South Korea,Korea,2004-01-31,0,Zeus
2024,Spring,LCK,LoL Champions Korea,韩国,一级联赛,LCK 2024 Spring Playoffs,2024-03-30,T1,,Jungle,Oner,문현준,Mun Hyeon-jun,South Korea,Korea,2002-12-24,0,Oner
2024,Spring,LCK,LoL Champions Korea,韩国,一级联赛,LCK 2024 Spring Playoffs,2024-03-30,T1,,Mid,Faker,이상혁,Lee Sang-hyeok,South Korea,Korea,1996-05-07,0,Faker
2024,Spring,LCK,LoL Champions Korea,韩国,一级联赛,LCK 2024 Spring Playoffs,2024-03-30,T1,,Bot,Gumayusi,이민형,Lee Min-hyeong,South Korea,Korea,2002-02-06,0,Gumayusi
2024,Spring,LCK,LoL Champions Korea,韩国,一级联赛,LCK 2024 Spring Playoffs,2024-03-30,T1,,Support,Keria,류민석,Ryu Min-seok,South Korea,Korea,2002-10-14,0,Keria
2024,Spring,LCK,LoL Champions Korea,韩国,一级联赛,LCK 2024 Spring Playoffs,2024-03-30,T1,,Coach,kkOma,김정균,Kim Jeong-gyun,South Korea,Korea,1985-12-23,0,KkOma
2024,Spring,LCK,LoL Champions Korea,韩国,一级联赛,LCK 2024 Spring Playoffs,2024-03-30,T1,,Coach,Tom,임재현,Im Jae-hyeon,South Korea,Korea,1995-05-22,0,Tom (Im Jae-hyeon)
2022,Spring,LCK,LoL Champions Korea,韩国,一级联赛,LCK 2022 Spring Playoffs,2022-03-23,T1,,Top,Zeus,최우제,Choi Woo-je,South Korea,Korea,2004-01-31,0,Zeus
2022,Spring,LCK,LoL Champions Korea,韩国,一级联赛,LCK 2022 Spring Playoffs,2022-03-23,T1,,Jungle,Oner,문현준,Mun Hyeon-jun,South Korea,Korea,2002-12-24,0,Oner
2022,Spring,LCK,LoL Champions Korea,韩国,一级联赛,LCK 2022 Spring Playoffs,2022-03-23,T1,,Mid,Faker,이상혁,Lee Sang-hyeok,South Korea,Korea,1996-05-07,0,Faker
2022,Spring,LCK,LoL Champions Korea,韩国,一级联赛,LCK 2022 Spring Playoffs,2022-03-23,T1,,Bot,Gumayusi,이민형,Lee Min-hyeong,South Korea,Korea,2002-02-06,0,Gumayusi
2022,Spring,LCK,LoL Champions Korea,韩国,一级联赛,LCK 2022 Spring Playoffs,2022-03-23,T1,,Support,Keria,류민석,Ryu Min-seok,South Korea,Korea,2002-10-14,0,Keria
2022,Spring,LCK,LoL Champions Korea,韩国,一级联赛,LCK 2022 Spring Playoffs,2022-03-23,T1,,Coach,Polt,최성훈,Choi Seong-hun,South Korea,Korea,1988-07-02,0,Polt
2022,Spring,LCK,LoL Champions Korea,韩国,一级联赛,LCK 2022 Spring Playoffs,2022-03-23,T1,,Coach,moment,김지환,Kim Ji-hwan,South Korea,Korea,1993-12-19,0,moment
2022,Summer,LCK,LoL Champions Korea,韩国,一级联赛,LCK 2022 Summer Playoffs,2022-08-17,T1,,Top,Zeus,최우제,Choi Woo-je,South Korea,Korea,2004-01-31,0,Zeus
2022,Summer,LCK,LoL Champions Korea,韩国,一级联赛,LCK 2022 Summer Playoffs,2022-08-17,T1,,Jungle,Oner,문현준,Mun Hyeon-jun,South Korea,Korea,2002-12-24,0,Oner
2022,Summer,LCK,LoL Champions Korea,韩国,一级联赛,LCK 2022 Summer Playoffs,2022-08-17,T1,,Mid,Faker,이상혁,Lee Sang-hyeok,South Korea,Korea,1996-05-07,0,Faker
2022,Summer,LCK,LoL Champions Korea,韩国,一级联赛,LCK 2022 Summer Playoffs,2022-08-17,T1,,Bot,Gumayusi,이민형,Lee Min-hyeong,South Korea,Korea,2002-02-06,0,Gumayusi
2022,Summer,LCK,LoL Champions Korea,韩国,一级联赛,LCK 2022 Summer Playoffs,2022-08-17,T1,,Support,Keria,류민석,Ryu Min-seok,South Korea,Korea,2002-10-14,0,Keria
2022,Summer,LCK,LoL Champions Korea,韩国,一级联赛,LCK 2022 Summer Playoffs,2022-08-17,T1,,Coach,Polt,최성훈,Choi Seong-hun,South Korea,Korea,1988-07-02,0,Polt
2022,Summer,LCK,LoL Champions Korea,韩国,一级联赛,LCK 2022 Summer Playoffs,2022-08-17,T1,,Coach,moment,김지환,Kim Ji-hwan,South Korea,Korea,1993-12-19,0,moment
2022,Spring,LCK,LoL Champions Korea,韩国,一级联赛,LCK 2022 Spring,2022-01-12,T1,,Top,Zeus,최우제,Choi Woo-je,South Korea,Korea,2004-01-31,0,Zeus
2022,Spring,LCK,LoL Champions Korea,韩国,一级联赛,LCK 2022 Spring,2022-01-12,T1,,Jungle,Oner,문현준,Mun Hyeon-jun,South Korea,Korea,2002-12-24,0,Oner
2022,Spring,LCK,LoL Champions Korea,韩国,一级联赛,LCK 2022 Spring,2022-01-12,T1,,Mid,Faker,이상혁,Lee Sang-hyeok,South Korea,Korea,1996-05-07,0,Faker
2022,Spring,LCK,LoL Champions Korea,韩国,一级联赛,LCK 2022 Spring,2022-01-12,T1,,Bot,Gumayusi,이민형,Lee Min-hyeong,South Korea,Korea,2002-02-06,0,Gumayusi
2022,Spring,LCK,LoL Champions Korea,韩国,一级联赛,LCK 2022 Spring,2022-01-12,T1,,Support,Keria,류민석,Ryu Min-seok,South Korea,Korea,2002-10-14,0,Keria
2022,Spring,LCK,LoL Champions Korea,韩国,一级联赛,LCK 2022 Spring,2022-01-12,T1,,Coach,Polt,최성훈,Choi Seong-hun,South Korea,Korea,1988-07-02,0,Polt
2022,Spring,LCK,LoL Champions Korea,韩国,一级联赛,LCK 2022 Spring,2022-01-12,T1,,Coach,moment,김지환,Kim Ji-hwan,South Korea,Korea,1993-12-19,0,moment
2022,Summer,LCK,LoL Champions Korea,韩国,一级联赛,LCK 2022 Summer,2022-06-15,T1,,Top,Zeus,최우제,Choi Woo-je,South Korea,Korea,2004-01-31,0,Zeus
2022,Summer,LCK,LoL Champions Korea,韩国,一级联赛,LCK 2022 Summer,2022-06-15,T1,,Jungle,Oner,문현준,Mun Hyeon-jun,South Korea,Korea,2002-12-24,0,Oner
2022,Summer,LCK,LoL Champions Korea,韩国,一级联赛,LCK 2022 Summer,2022-06-15,T1,,Mid,Faker,이상혁,Lee Sang-hyeok,South Korea,Korea,1996-05-07,0,Faker
2022,Summer,LCK,LoL Champions Korea,韩国,一级联赛,LCK 2022 Summer,2022-06-15,T1,,Bot,Gumayusi,이민형,Lee Min-hyeong,South Korea,Korea,2002-02-06,0,Gumayusi
2022,Summer,LCK,LoL Champions Korea,韩国,一级联赛,LCK 2022 Summer,2022-06-15,T1,,Support,Keria,류민석,Ryu Min-seok,South Korea,Korea,2002-10-14,0,Keria
2022,Summer,LCK,LoL Champions Korea,韩国,一级联赛,LCK 2022 Summer,2022-06-15,T1,,Coach,Polt,최성훈,Choi Seong-hun,South Korea,Korea,1988-07-02,0,Polt
2022,Summer,LCK,LoL Champions Korea,韩国,一级联赛,LCK 2022 Summer,2022-06-15,T1,,Coach,moment,김지환,Kim Ji-hwan,South Korea,Korea,1993-12-19,0,moment
2023,Summer,LCK,LoL Champions Korea,韩国,一级联赛,LCK 2023 Summer Playoffs,2023-08-08,T1,,Top,Zeus,최우제,Choi Woo-je,South Korea,Korea,2004-01-31,0,Zeus
2023,Summer,LCK,LoL Champions Korea,韩国,一级联赛,LCK 2023 Summer Playoffs,2023-08-08,T1,,Jungle,Oner,문현준,Mun Hyeon-jun,South Korea,Korea,2002-12-24,0,Oner
2023,Summer,LCK,LoL Champions Korea,韩国,一级联赛,LCK 2023 Summer Playoffs,2023-08-08,T1,,Mid,Faker,이상혁,Lee Sang-hyeok,South Korea,Korea,1996-05-07,0,Faker
2023,Summer,LCK,LoL Champions Korea,韩国,一级联赛,LCK 2023 Summer Playoffs,2023-08-08,T1,,Bot,Gumayusi,이민형,Lee Min-hyeong,South Korea,Korea,2002-02-06,0,Gumayusi
2023,Summer,LCK,LoL Champions Korea,韩国,一级联赛,LCK 2023 Summer Playoffs,2023-08-08,T1,,Support,Keria,류민석,Ryu Min-seok,South Korea,Korea,2002-10-14,0,Keria
2023,Summer,LCK,LoL Champions Korea,韩国,一级联赛,LCK 2023 Summer Playoffs,2023-08-08,T1,,Coach,Tom,임재현,Im Jae-hyeon,South Korea,Korea,1995-05-22,0,Tom (Im Jae-hyeon)
2023,Summer,LCK,LoL Champions Korea,韩国,一级联赛,LCK 2023 Summer Playoffs,2023-08-08,T1,,Coach,Roach,김강희,Kim Kang-hee,South Korea,Korea,1999-01-31,0,Roach
2023,Summer,LCK,LoL Champions Korea,韩国,一级联赛,LCK 2023 Summer,2023-06-07,T1,,Top,Zeus,최우제,Choi Woo-je,South Korea,Korea,2004-01-31,0,Zeus
2023,Summer,LCK,LoL Champions Korea,韩国,一级联赛,LCK 2023 Summer,2023-06-07,T1,,Jungle,Oner,문현준,Mun Hyeon-jun,South Korea,Korea,2002-12-24,0,Oner
2023,Summer,LCK,LoL Champions Korea,韩国,一级联赛,LCK 2023 Summer,2023-06-07,T1,,Mid,Faker,이상혁,Lee Sang-hyeok,South Korea,Korea,1996-05-07,0,Faker
2023,Summer,LCK,LoL Champions Korea,韩国,一级联赛,LCK 2023 Summer,2023-06-07,T1,,Mid,Poby,윤성원,Yoon Sung-won,South Korea,Korea,2006-02-07,0,Poby
2023,Summer,LCK,LoL Champions Korea,韩国,一级联赛,LCK 2023 Summer,2023-06-07,T1,,Bot,Gumayusi,이민형,Lee Min-hyeong,South Korea,Korea,2002-02-06,0,Gumayusi
2023,Summer,LCK,LoL Champions Korea,韩国,一级联赛,LCK 2023 Summer,2023-06-07,T1,,Support,Keria,류민석,Ryu Min-seok,South Korea,Korea,2002-10-14,0,Keria
2023,Summer,LCK,LoL Champions Korea,韩国,一级联赛,LCK 2023 Summer,2023-06-07,T1,,Coach,Tom,임재현,Im Jae-hyeon,South Korea,Korea,1995-05-22,0,Tom (Im Jae-hyeon)
2023,Summer,LCK,LoL Champions Korea,韩国,一级联赛,LCK 2023 Summer,2023-06-07,T1,,Coach,Roach,김강희,Kim Kang-hee,South Korea,Korea,1999-01-31,0,Roach
2024,Spring,LCK,LoL Champions Korea,韩国,一级联赛,LCK 2024 Spring,2024-01-17,T1,,Top,Zeus,최우제,Choi Woo-je,South Korea,Korea,2004-01-31,0,Zeus
2024,Spring,LCK,LoL Champions Korea,韩国,一级联赛,LCK 2024 Spring,2024-01-17,T1,,Jungle,Oner,문현준,Mun Hyeon-jun,South Korea,Korea,2002-12-24,0,Oner
2024,Spring,LCK,LoL Champions Korea,韩国,一级联赛,LCK 2024 Spring,2024-01-17,T1,,Jungle,Guwon,구관모,Koo Kwan-mo,South Korea,Korea,2003-12-19,0,Guwon
2024,Spring,LCK,LoL Champions Korea,韩国,一级联赛,LCK 2024 Spring,2024-01-17,T1,,Mid,Faker,이상혁,Lee Sang-hyeok,South Korea,Korea,1996-05-07,0,Faker
2024,Spring,LCK,LoL Champions Korea,韩国,一级联赛,LCK 2024 Spring,2024-01-17,T1,,Bot,Gumayusi,이민형,Lee Min-hyeong,South Korea,Korea,2002-02-06,0,Gumayusi
2024,Spring,LCK,LoL Champions Korea,韩国,一级联赛,LCK 2024 Spring,2024-01-17,T1,,Support,Keria,류민석,Ryu Min-seok,South Korea,Korea,2002-10-14,0,Keria
2024,Spring,LCK,LoL Champions Korea,韩国,一级联赛,LCK 2024 Spring,2024-01-17,T1,,Coach,kkOma,김정균,Kim Jeong-gyun,South Korea,Korea,1985-12-23,0,KkOma
2024,Spring,LCK,LoL Champions Korea,韩国,一级联赛,LCK 2024 Spring,2024-01-17,T1,,Coach,Roach,김강희,Kim Kang-hee,South Korea,Korea,1999-01-31,0,Roach
2024,Spring,LCK,LoL Champions Korea,韩国,一级联赛,LCK 2024 Spring,2024-01-17,T1,,Coach,Tom,임재현,Im Jae-hyeon,South Korea,Korea,1995-05-22,0,Tom (Im Jae-hyeon)
2016,Spring,LCK,LoL Champions Korea,韩国,一级联赛,LCK 2016 Spring Playoffs,2016-04-13,Afreeca Freecs,AFs,Top,ikssu,전익수,Jeon Ik-soo,South Korea,Korea,1996-10-22,1,ikssu
2016,Spring,LCK,LoL Champions Korea,韩国,一级联赛,LCK 2016 Spring Playoffs,2016-04-13,Afreeca Freecs,AFs,Jungle,Lira,남태유,Nam Tae-yoo,South Korea,Korea,1995-01-15,0,LirA
2016,Spring,LCK,LoL Champions Korea,韩国,一级联赛,LCK 2016 Spring Playoffs,2016-04-13,Afreeca Freecs,AFs,Mid,Mickey,손영민,Son Young-min,South Korea,Korea,1997-07-15,1,Mickey (Son Young-min)
2016,Spring,LCK,LoL Champions Korea,韩国,一级联赛,LCK 2016 Spring Playoffs,2016-04-13,Afreeca Freecs,AFs,Bot,Sangyoon,권상윤,Gwon Sang-yun,South Korea,Korea,1995-12-20,1,Sangyoon
2016,Spring,LCK,LoL Champions Korea,韩国,一级联赛,LCK 2016 Spring Playoffs,2016-04-13,Afreeca Freecs,AFs,Support,SnowFlower,노회종,No Hoi-jong,South Korea,Korea,1997-02-24,1,SnowFlower
2016,Spring,LCK,LoL Champions Korea,韩国,一级联赛,LCK 2016 Spring Playoffs,2016-04-13,Afreeca Freecs,AFs,Coach,OnAir,강현종,Kang Hyun-jong,South Korea,Korea,1980-09-14,0,OnAir
2016,Spring,LCK,LoL Champions Korea,韩国,一级联赛,LCK 2016 Spring Playoffs,2016-04-13,Afreeca Freecs,AFs,Coach,AnimalDAX,,,,,,,AnimalDAX
2016,Spring,LCK,LoL Champions Korea,韩国,一级联赛,LCK 2016 Spring Playoffs,2016-04-13,Jin Air Green Wings,,Top,TrAce,여창동,Yeo Chang-dong,South Korea,Korea,1989-11-02,1,TrAce
2016,Spring,LCK,LoL Champions Korea,韩国,一级联赛,LCK 2016 Spring Playoffs,2016-04-13,Jin Air Green Wings,,Jungle,Winged,박태진,Park Tae-jin,South Korea,Korea,1992-08-20,0,Winged
2016,Spring,LCK,LoL Champions Korea,韩国,一级联赛,LCK 2016 Spring Playoffs,2016-04-13,Jin Air Green Wings,,Mid,Kuzan,이성혁,Lee Seong-hyeok,South Korea,Korea,1997-01-07,1,Kuzan
2016,Spring,LCK,LoL Champions Korea,韩国,一级联赛,LCK 2016 Spring Playoffs,2016-04-13,Jin Air Green Wings,,Bot,Pilot,나우형,Na Woo-hyung,South Korea,Korea,1995-12-04,1,Pilot (Na Woo-hyung)
2016,Spring,LCK,LoL Champions Korea,韩国,一级联赛,LCK 2016 Spring Playoffs,2016-04-13,Jin Air Green Wings,,Support,Chei,최선호,Choi Sun-ho,South Korea,Korea,1996-06-30,1,Chei
2016,Spring,LCK,LoL Champions Korea,韩国,一级联赛,LCK 2016 Spring Playoffs,2016-04-13,Jin Air Green Wings,,Coach,Han Sang-yong,,,,,,,Han Sang-yong
2016,Spring,LCK,LoL Champions Korea,韩国,一级联赛,LCK 2016 Spring Playoffs,2016-04-13,Jin Air Green Wings,,Coach,Sweet,천정희,Chun Jung-hee,South Korea,Korea,1985-11-14,1,Sweet (Chun Jung-hee)
2016,Spring,LCK,LoL Champions Korea,韩国,一级联赛,LCK 2016 Spring Playoffs,2016-04-13,KT Rolster,,Top,Ssumday,김찬호,Kim Chan-ho,South Korea,North America,1996-07-03,0,Ssumday
2016,Spring,LCK,LoL Champions Korea,韩国,一级联赛,LCK 2016 Spring Playoffs,2016-04-13,KT Rolster,,Jungle,Score,고동빈,Go Dong-bin,South Korea,Korea,1992-07-08,0,Score
2016,Spring,LCK,LoL Champions Korea,韩国,一级联赛,LCK 2016 Spring Playoffs,2016-04-13,KT Rolster,,Mid,Fly,송용준,Song Yong-jun,South Korea,Korea,1996-02-25,1,Fly (Song Yong-jun)
2016,Spring,LCK,LoL Champions Korea,韩国,一级联赛,LCK 2016 Spring Playoffs,2016-04-13,KT Rolster,,Bot,Arrow,노동현,Noh Dong-hyeon,South Korea,North America,1994-07-20,0,Arrow
2016,Spring,LCK,LoL Champions Korea,韩国,一级联赛,LCK 2016 Spring Playoffs,2016-04-13,KT Rolster,,Support,Hachani,하승찬,Ha Seung-chan,South Korea,Korea,1994-12-24,0,Hachani
2016,Spring,LCK,LoL Champions Korea,韩国,一级联赛,LCK 2016 Spring Playoffs,2016-04-13,KT Rolster,,Coach,Lee Ji-hoon,,,,,,,Lee Ji-hoon
2016,Spring,LCK,LoL Champions Korea,韩国,一级联赛,LCK 2016 Spring Playoffs,2016-04-13,KT Rolster,,Coach,ZanDarC,오창종,Oh Chang-jong,South Korea,Korea,1983-10-01,1,ZanDarc
2016,Spring,LCK,LoL Champions Korea,韩国,一级联赛,LCK 2016 Spring Playoffs,2016-04-13,ROX Tigers,,Top,Smeb,송경호,Song Kyung-ho,South Korea,Korea,1995-06-30,0,Smeb
2016,Spring,LCK,LoL Champions Korea,韩国,一级联赛,LCK 2016 Spring Playoffs,2016-04-13,ROX Tigers,,Jungle,Peanut,한왕호,Han Wang-ho,South Korea,Korea,1998-02-03,1,Peanut
2016,Spring,LCK,LoL Champions Korea,韩国,一级联赛,LCK 2016 Spring Playoffs,2016-04-13,ROX Tigers,,Mid,Kuro,이서행,Lee Seo-haeng,South Korea,Korea,1994-01-04,0,Kuro
2016,Spring,LCK,LoL Champions Korea,韩国,一级联赛,LCK 2016 Spring Playoffs,2016-04-13,ROX Tigers,,Bot,PraY,김종인,Kim Jong-in,South Korea,Korea,1994-01-06,0,PraY
2016,Spring,LCK,LoL Champions Korea,韩国,一级联赛,LCK 2016 Spring Playoffs,2016-04-13,ROX Tigers,,Support,GorillA,강범현,Kang Beom-hyun,South Korea,Korea,1994-11-18,0,GorillA
2016,Spring,LCK,LoL Champions Korea,韩国,一级联赛,LCK 2016 Spring Playoffs,2016-04-13,ROX Tigers,,Coach,NoFe,정노철,Jeong No-chul,South Korea,Korea,1988-08-11,0,NoFe
2016,Spring,LCK,LoL Champions Korea,韩国,一级联赛,LCK 2016 Spring Playoffs,2016-04-13,ROX Tigers,,Coach,Ssong,김상수,Kim Sang-soo,South Korea,Korea,1989-10-15,0,SSONG
2016,Spring,LCK,LoL Champions Korea,韩国,一级联赛,LCK 2016 Spring Playoffs,2016-04-13,SK Telecom T1,,Top,Duke,이호성,Lee Ho-seong,South Korea,Korea,1994-12-19,0,Duke (Lee Ho-seong)
2016,Spring,LCK,LoL Champions Korea,韩国,一级联赛,LCK 2016 Spring Playoffs,2016-04-13,SK Telecom T1,,Jungle,Blank,강선구,Kang Sun-gu,South Korea,Korea,1998-04-30,1,Blank (Kang Sun-gu)
2016,Spring,LCK,LoL Champions Korea,韩国,一级联赛,LCK 2016 Spring Playoffs,2016-04-13,SK Telecom T1,,Mid,Faker,이상혁,Lee Sang-hyeok,South Korea,Korea,1996-05-07,0,Faker
2016,Spring,LCK,LoL Champions Korea,韩国,一级联赛,LCK 2016 Spring Playoffs,2016-04-13,SK Telecom T1,,Bot,Bang,배준식,Bae Jun-sik,South Korea,Korea,1996-05-18,0,Bang
2016,Spring,LCK,LoL Champions Korea,韩国,一级联赛,LCK 2016 Spring Playoffs,2016-04-13,SK Telecom T1,,Support,Wolf,이재완,Lee Jae-wan,South Korea,Korea,1996-09-09,0,Wolf (Lee Jae-wan)
2016,Spring,LCK,LoL Champions Korea,韩国,一级联赛,LCK 2016 Spring Playoffs,2016-04-13,SK Telecom T1,,Coach,L.i.E.S,,,,,,,L.i.E.S
2016,Spring,LCK,LoL Champions Korea,韩国,一级联赛,LCK 2016 Spring Playoffs,2016-04-13,SK Telecom T1,,Coach,kkOma,김정균,Kim Jeong-gyun,South Korea,Korea,1985-12-23,0,kkOma
2016,Spring,LCK,LoL Champions Korea,韩国,一级联赛,LCK 2016 Spring Playoffs,2016-04-13,SK Telecom T1,,Coach,PoohManDu,이정현,Lee Jeong-hyeon,South Korea,Korea,1991-01-29,0,PoohManDu
2016,Spring,LCK,LoL Champions Korea,韩国,一级联赛,LCK 2016 Spring Promotion,2015-09-11,Dark Wolves,,Top,Cube,김창성,Kim Chang-seong,South Korea,Korea,1996-08-16,0,Cube (Kim Chang-seong)
2016,Spring,LCK,LoL Champions Korea,韩国,一级联赛,LCK 2016 Spring Promotion,2015-09-11,Dark Wolves,,Jungle,Krvavy,사석찬,Sa Seok-chan,South Korea,Korea,1995-10-26,0,Krvavy
2016,Spring,LCK,LoL Champions Korea,韩国,一级联赛,LCK 2016 Spring Promotion,2015-09-11,Dark Wolves,,Mid,Kyle,서지선,Seo Ji-seon,South Korea,Korea,,1,Kyle (Seo Ji-seon)
2016,Spring,LCK,LoL Champions Korea,韩国,一级联赛,LCK 2016 Spring Promotion,2015-09-11,Dark Wolves,,Bot,Chelly,박승진,Park Seung-jin,South Korea,Korea,1996-11-01,0,Chelly (Park Seung-jin)
2016,Spring,LCK,LoL Champions Korea,韩国,一级联赛,LCK 2016 Spring Promotion,2015-09-11,Dark Wolves,,Support,Jelly,손호경,Son Ho-gyeong,South Korea,Korea,1997-10-18,0,Jelly (Son Ho-gyeong)
2016,Spring,LCK,LoL Champions Korea,韩国,一级联赛,LCK 2016 Spring Promotion,2015-09-11,ESC Ever,,Top,Crazyplay,,,,,,,Crazyplay
2016,Spring,LCK,LoL Champions Korea,韩国,一级联赛,LCK 2016 Spring Promotion,2015-09-11,ESC Ever,,Jungle,JgRyan,,,,,,,JgRyan
2016,Spring,LCK,LoL Champions Korea,韩国,一级联赛,LCK 2016 Spring Promotion,2015-09-11,ESC Ever,,Mid,Athena,강하운,Kang Ha-woon,South Korea,Korea,1995-10-19,1,Athena
2016,Spring,LCK,LoL Champions Korea,韩国,一级联赛,LCK 2016 Spring Promotion,2015-09-11,ESC Ever,,Bot,Police,박형기,Park Hyeong-gi,South Korea,Korea,,1,Police (Park Hyeong-gi)
2016,Spring,LCK,LoL Champions Korea,韩国,一级联赛,LCK 2016 Spring Promotion,2015-09-11,ESC Ever,,Bot,LokeN,이동욱,Lee Dong-wook,South Korea,Korea,1998-02-14,1,LokeN
2016,Spring,LCK,LoL Champions Korea,韩国,一级联赛,LCK 2016 Spring Promotion,2015-09-11,ESC Ever,,Support,TML,,,,,,,TML
2016,Spring,LCK,LoL Champions Korea,韩国,一级联赛,LCK 2016 Spring Promotion,2015-09-11,ESC Ever,,Support,Totoro,은종섭,Eun Jong-seop,South Korea,Korea,1996-05-06,1,Totoro (Eun Jong-seop)
2016,Spring,LCK,LoL Champions Korea,韩国,一级联赛,LCK 2016 Spring Promotion,2015-09-11,ESC Ever,,Coach,PanDa,김기웅,Kim Gi-woong,South Korea,Korea,1991-08-01,0,PanDa (Kim Gi-woong)
2016,Spring,LCK,LoL Champions Korea,韩国,一级联赛,LCK 2016 Spring Promotion,2015-09-11,ESC Ever,,Coach,Cho Gye-hyeon,,,,,,,Cho Gye-hyeon
2016,Spring,LCK,LoL Champions Korea,韩国,一级联赛,LCK 2016 Spring Promotion,2015-09-11,Incredible Miracle,,Top,Expession,구본택,Koo Bon-taek,South Korea,Korea,1992-09-16,1,Expession
2016,Spring,LCK,LoL Champions Korea,韩国,一级联赛,LCK 2016 Spring Promotion,2015-09-11,Incredible Miracle,,Jungle,TusiN,박종익,Park Jong-ik,South Korea,Korea,1995-11-12,1,TusiN
2016,Spring,LCK,LoL Champions Korea,韩国,一级联赛,LCK 2016 Spring Promotion,2015-09-11,Incredible Miracle,,Mid,Frozen,김태일,Kim Tae-il,South Korea,Korea,1994-11-04,0,Frozen (Kim Tae-il)
2016,Spring,LCK,LoL Champions Korea,韩国,一级联赛,LCK 2016 Spring Promotion,2015-09-11,Incredible Miracle,,Bot,Sonstar,손승익,Son Seung-ik,South Korea,Korea,1994-08-31,0,SONSTAR
2016,Spring,LCK,LoL Champions Korea,韩国,一级联赛,LCK 2016 Spring Promotion,2015-09-11,Incredible Miracle,,Support,Ignar,이동근,Lee Dong-geun,South Korea,Korea,1996-11-20,0,IgNar
2016,Spring,LCK,LoL Champions Korea,韩国,一级联赛,LCK 2016 Spring Promotion,2015-09-11,Incredible Miracle,,Coach,Hirai,강동훈,Kang Dong-hoon,South Korea,Korea,1982-03-26,0,Hirai
2016,Spring,LCK,LoL Champions Korea,韩国,一级联赛,LCK 2016 Spring Promotion,2015-09-11,Incredible Miracle,,Coach,Micro,김목경,Kim Mok-kyoung,South Korea,Korea,1986-09-17,0,Micro (Kim Mok-kyoung)
2016,Spring,LCK,LoL Champions Korea,韩国,一级联赛,LCK 2016 Spring Promotion,2015-09-11,SBENU Sonicboom,,Top,Soul,서현석,Seo Hyeon-seok,South Korea,Korea,1994-11-16,0,Soul (Seo Hyeon-seok)
2016,Spring,LCK,LoL Champions Korea,韩国,一级联赛,LCK 2016 Spring Promotion,2015-09-11,SBENU Sonicboom,,Jungle,Flaw (Sung Yeon-jun),,,,,,,Flaw (Sung Yeon-jun)
2016,Spring,LCK,LoL Champions Korea,韩国,一级联赛,LCK 2016 Spring Promotion,2015-09-11,SBENU Sonicboom,,Mid,SaSin,오승주,Oh Seung-ju,South Korea,Korea,1994-02-03,1,SaSin
2016,Spring,LCK,LoL Champions Korea,韩国,一级联赛,LCK 2016 Spring Promotion,2015-09-11,SBENU Sonicboom,,Bot,Nuclear,신정현,Shin Jeong-hyeon,South Korea,Korea,1997-05-19,0,Nuclear
2016,Spring,LCK,LoL Champions Korea,韩国,一级联赛,LCK 2016 Spring Promotion,2015-09-11,SBENU Sonicboom,,Support,Secret,박기선,Park Ki-sun,South Korea,Korea,1997-05-27,1,Secret (Park Ki-sun)
2016,Spring,LCK,LoL Champions Korea,韩国,一级联赛,LCK 2016 Spring Promotion,2015-09-11,SBENU Sonicboom,,Coach,Gerrard,,Alec Weiss,Canada,North America,,0,Gerrard
2016,Spring,LCK,LoL Champions Korea,韩国,一级联赛,LCK 2016 Spring Promotion,2015-09-11,SBENU Sonicboom,,Coach,Wi Dae-yun,,,,,,,Wi Dae-yun
2016,Spring,LCK,LoL Champions Korea,韩国,一级联赛,LCK 2016 Spring,2016-01-13,Afreeca Freecs,,Top,ikssu,전익수,Jeon Ik-soo,South Korea,Korea,1996-10-22,1,ikssu
2016,Spring,LCK,LoL Champions Korea,韩国,一级联赛,LCK 2016 Spring,2016-01-13,Afreeca Freecs,,Jungle,Lira,남태유,Nam Tae-yoo,South Korea,Korea,1995-01-15,0,LirA
2016,Spring,LCK,LoL Champions Korea,韩国,一级联赛,LCK 2016 Spring,2016-01-13,Afreeca Freecs,,Mid,Mickey,손영민,Son Young-min,South Korea,Korea,1997-07-15,1,Mickey (Son Young-min)
2016,Spring,LCK,LoL Champions Korea,韩国,一级联赛,LCK 2016 Spring,2016-01-13,Afreeca Freecs,,Bot,Sangyoon,권상윤,Gwon Sang-yun,South Korea,Korea,1995-12-20,1,Sangyoon
2016,Spring,LCK,LoL Champions Korea,韩国,一级联赛,LCK 2016 Spring,2016-01-13,Afreeca Freecs,,Support,SnowFlower,노회종,No Hoi-jong,South Korea,Korea,1997-02-24,1,SnowFlower
2016,Spring,LCK,LoL Champions Korea,韩国,一级联赛,LCK 2016 Spring,2016-01-13,Afreeca Freecs,,Coach,OnAir,강현종,Kang Hyun-jong,South Korea,Korea,1980-09-14,0,OnAir
2016,Spring,LCK,LoL Champions Korea,韩国,一级联赛,LCK 2016 Spring,2016-01-13,Afreeca Freecs,,Coach,AnimalDAX,,,,,,,AnimalDAX
2016,Spring,LCK,LoL Champions Korea,韩国,一级联赛,LCK 2016 Spring,2016-01-13,CJ Entus,,Top,Untara,박의진,Park Ui-jin,South Korea,Korea,1996-12-31,0,Untara
2016,Spring,LCK,LoL Champions Korea,韩国,一级联赛,LCK 2016 Spring,2016-01-13,CJ Entus,,Jungle,Bubbling,박준형,Park Jun-hyeong,South Korea,Korea,1993-04-13,0,Bubbling
2016,Spring,LCK,LoL Champions Korea,韩国,一级联赛,LCK 2016 Spring,2016-01-13,CJ Entus,,Mid,Sky,김하늘,Kim Ha-neul,South Korea,Korea,1998-07-17,0,Sky (Kim Ha-neul)
2016,Spring,LCK,LoL Champions Korea,韩国,一级联赛,LCK 2016 Spring,2016-01-13,CJ Entus,,Mid,Bdd,곽보성,Gwak Bo-seong,South Korea,Korea,1999-03-01,0,Bdd
2016,Spring,LCK,LoL Champions Korea,韩国,一级联赛,LCK 2016 Spring,2016-01-13,CJ Entus,,Bot,Kramer,하종훈,Ha Jong-hun,South Korea,Korea,1996-03-09,1,Kramer
2016,Spring,LCK,LoL Champions Korea,韩国,一级联赛,LCK 2016 Spring,2016-01-13,CJ Entus,,Support,MadLife,홍민기,Hong Min-gi,South Korea,Korea,1992-10-05,0,MadLife
2016,Spring,LCK,LoL Champions Korea,韩国,一级联赛,LCK 2016 Spring,2016-01-13,CJ Entus,,Coach,Reach,박정석,Park Jung-suk,South Korea,Korea,1983-12-27,0,Reach (Park Jung-suk)
2016,Spring,LCK,LoL Champions Korea,韩国,一级联赛,LCK 2016 Spring,2016-01-13,CJ Entus,,Coach,Cain,장누리,Jang Nu-ri,South Korea,Korea,1987-02-06,1,Cain
2016,Spring,LCK,LoL Champions Korea,韩国,一级联赛,LCK 2016 Spring,2016-01-13,Jin Air Green Wings,,Top,TrAce,여창동,Yeo Chang-dong,South Korea,Korea,1989-11-02,1,TrAce
2016,Spring,LCK,LoL Champions Korea,韩国,一级联赛,LCK 2016 Spring,2016-01-13,Jin Air Green Wings,,Top,SoHwan,김준영,Kim Jun-yeong,South Korea,Korea,1996-10-24,1,SoHwan
2016,Spring,LCK,LoL Champions Korea,韩国,一级联赛,LCK 2016 Spring,2016-01-13,Jin Air Green Wings,,Jungle,Winged,박태진,Park Tae-jin,South Korea,Korea,1992-08-20,0,Winged
2016,Spring,LCK,LoL Champions Korea,韩国,一级联赛,LCK 2016 Spring,2016-01-13,Jin Air Green Wings,,Mid,Kuzan,이성혁,Lee Seong-hyeok,South Korea,Korea,1997-01-07,1,Kuzan
2016,Spring,LCK,LoL Champions Korea,韩国,一级联赛,LCK 2016 Spring,2016-01-13,Jin Air Green Wings,,Bot,Pilot,나우형,Na Woo-hyung,South Korea,Korea,1995-12-04,1,Pilot (Na Woo-hyung)
2016,Spring,LCK,LoL Champions Korea,韩国,一级联赛,LCK 2016 Spring,2016-01-13,Jin Air Green Wings,,Support,Chei,최선호,Choi Sun-ho,South Korea,Korea,1996-06-30,1,Chei
2016,Spring,LCK,LoL Champions Korea,韩国,一级联赛,LCK 2016 Spring,2016-01-13,Jin Air Green Wings,,Coach,Han Sang-yong,,,,,,,Han Sang-yong
2016,Spring,LCK,LoL Champions Korea,韩国,一级联赛,LCK 2016 Spring,2016-01-13,Jin Air Green Wings,,Coach,Sweet,천정희,Chun Jung-hee,South Korea,Korea,1985-11-14,1,Sweet (Chun Jung-hee)
2016,Spring,LCK,LoL Champions Korea,韩国,一级联赛,LCK 2016 Spring,2016-01-13,Kongdoo Monster,,Top,Hipo,석현준,Suk Hyun-jun,South Korea,Korea,1998-02-02,1,Hipo
2016,Spring,LCK,LoL Champions Korea,韩国,一级联赛,LCK 2016 Spring,2016-01-13,Kongdoo Monster,,Top,Roach,김강희,Kim Kang-hee,South Korea,Korea,1999-01-31,0,Roach
2016,Spring,LCK,LoL Champions Korea,韩国,一级联赛,LCK 2016 Spring,2016-01-13,Kongdoo Monster,,Jungle,Crush,김준서,Kim Jun-seo,South Korea,Korea,1998-01-03,1,Crush
2016,Spring,LCK,LoL Champions Korea,韩国,一级联赛,LCK 2016 Spring,2016-01-13,Kongdoo Monster,,Mid,Edge,이호성,Lee Ho-sung,South Korea,Korea,1997-12-03,1,Edge
2016,Spring,LCK,LoL Champions Korea,韩国,一级联赛,LCK 2016 Spring,2016-01-13,Kongdoo Monster,,Bot,Ssol,서진솔,Seo Jin-sol,South Korea,Korea,1998-03-04,0,SSol
2016,Spring,LCK,LoL Champions Korea,韩国,一级联赛,LCK 2016 Spring,2016-01-13,Kongdoo Monster,,Support,GuGer,김도엽,Kim Do-yeop,South Korea,Korea,1994-02-07,0,GuGer
2016,Spring,LCK,LoL Champions Korea,韩国,一级联赛,LCK 2016 Spring,2016-01-13,Kongdoo Monster,,Coach,viNylCat,채우철,Chae Woo-cheol,South Korea,Korea,1985-07-30,1,viNylCat
2016,Spring,LCK,LoL Champions Korea,韩国,一级联赛,LCK 2016 Spring,2016-01-13,Kongdoo Monster,,Coach,Micro,김목경,Kim Mok-kyoung,South Korea,Korea,1986-09-17,0,Micro (Kim Mok-kyoung)
2016,Spring,LCK,LoL Champions Korea,韩国,一级联赛,LCK 2016 Spring,2016-01-13,KT Rolster,,Top,Ssumday,김찬호,Kim Chan-ho,South Korea,North America,1996-07-03,0,Ssumday
2016,Spring,LCK,LoL Champions Korea,韩国,一级联赛,LCK 2016 Spring,2016-01-13,KT Rolster,,Jungle,Score,고동빈,Go Dong-bin,South Korea,Korea,1992-07-08,0,Score
2016,Spring,LCK,LoL Champions Korea,韩国,一级联赛,LCK 2016 Spring,2016-01-13,KT Rolster,,Mid,Fly,송용준,Song Yong-jun,South Korea,Korea,1996-02-25,1,Fly (Song Yong-jun)
2016,Spring,LCK,LoL Champions Korea,韩国,一级联赛,LCK 2016 Spring,2016-01-13,KT Rolster,,Bot,Arrow,노동현,Noh Dong-hyeon,South Korea,North America,1994-07-20,0,Arrow
2016,Spring,LCK,LoL Champions Korea,韩国,一级联赛,LCK 2016 Spring,2016-01-13,KT Rolster,,Support,Hachani,하승찬,Ha Seung-chan,South Korea,Korea,1994-12-24,0,Hachani
2016,Spring,LCK,LoL Champions Korea,韩国,一级联赛,LCK 2016 Spring,2016-01-13,KT Rolster,,Support,Ignar,이동근,Lee Dong-geun,South Korea,Korea,1996-11-20,0,IgNar
2016,Spring,LCK,LoL Champions Korea,韩国,一级联赛,LCK 2016 Spring,2016-01-13,KT Rolster,,Coach,Lee Ji-hoon,,,,,,,Lee Ji-hoon
2016,Spring,LCK,LoL Champions Korea,韩国,一级联赛,LCK 2016 Spring,2016-01-13,KT Rolster,,Coach,ZanDarC,오창종,Oh Chang-jong,South Korea,Korea,1983-10-01,1,ZanDarc
2016,Spring,LCK,LoL Champions Korea,韩国,一级联赛,LCK 2016 Spring,2016-01-13,Longzhu Gaming,,Top,Expession,구본택,Koo Bon-taek,South Korea,Korea,1992-09-16,1,Expession
2016,Spring,LCK,LoL Champions Korea,韩国,一级联赛,LCK 2016 Spring,2016-01-13,Longzhu Gaming,,Top,Flame,이호종,Lee Ho-jong,South Korea,Korea,1992-08-13,0,Flame
2016,Spring,LCK,LoL Champions Korea,韩国,一级联赛,LCK 2016 Spring,2016-01-13,Longzhu Gaming,,Jungle,Chaser,이상현,Lee Sang-hyun,South Korea,Korea,1995-08-01,1,Chaser
2016,Spring,LCK,LoL Champions Korea,韩国,一级联赛,LCK 2016 Spring,2016-01-13,Longzhu Gaming,,Jungle,Crash,이동우,Lee Dong-woo,South Korea,Korea,1997-01-05,1,Crash
2016,Spring,LCK,LoL Champions Korea,韩国,一级联赛,LCK 2016 Spring,2016-01-13,Longzhu Gaming,,Mid,Coco,신진영,Shin Jin-yeong,South Korea,Korea,1994-03-14,0,Coco
2016,Spring,LCK,LoL Champions Korea,韩国,一级联赛,LCK 2016 Spring,2016-01-13,Longzhu Gaming,,Mid,Frozen,김태일,Kim Tae-il,South Korea,Korea,1994-11-04,0,Frozen (Kim Tae-il)
2016,Spring,LCK,LoL Champions Korea,韩国,一级联赛,LCK 2016 Spring,2016-01-13,Longzhu Gaming,,Bot,Cpt Jack,강형우,Kang Hyung-woo,South Korea,Korea,1993-01-04,0,Cpt Jack
2016,Spring,LCK,LoL Champions Korea,韩国,一级联赛,LCK 2016 Spring,2016-01-13,Longzhu Gaming,,Bot,Fury,이진용,Lee Jin-yong,South Korea,Korea,1995-11-11,0,Fury (Lee Jin-yong)
2016,Spring,LCK,LoL Champions Korea,韩国,一级联赛,LCK 2016 Spring,2016-01-13,Longzhu Gaming,,Support,Pure,김진선,Kim Jin-sun,South Korea,Korea,1995-12-29,1,Pure
2016,Spring,LCK,LoL Champions Korea,韩国,一级联赛,LCK 2016 Spring,2016-01-13,Longzhu Gaming,,Support,Zzus,장준수,Jang Joon-soo,South Korea,Korea,1998-08-30,0,Zzus
2016,Spring,LCK,LoL Champions Korea,韩国,一级联赛,LCK 2016 Spring,2016-01-13,Longzhu Gaming,,Coach,Hirai,강동훈,Kang Dong-hoon,South Korea,Korea,1982-03-26,0,Hirai
2016,Spring,LCK,LoL Champions Korea,韩国,一级联赛,LCK 2016 Spring,2016-01-13,Longzhu Gaming,,Coach,Lustboy,함장식,Ham Jang-sik,South Korea,Korea,1994-02-18,1,Lustboy
2016,Spring,LCK,LoL Champions Korea,韩国,一级联赛,LCK 2016 Spring,2016-01-13,Longzhu Gaming,,Coach,supreme,최승민,Choi Seung-min,South Korea,Korea,1987-04-27,0,Supreme
2016,Spring,LCK,LoL Champions Korea,韩国,一级联赛,LCK 2016 Spring,2016-01-13,ROX Tigers,,Top,Smeb,송경호,Song Kyung-ho,South Korea,Korea,1995-06-30,0,Smeb
2016,Spring,LCK,LoL Champions Korea,韩国,一级联赛,LCK 2016 Spring,2016-01-13,ROX Tigers,,Jungle,Peanut,한왕호,Han Wang-ho,South Korea,Korea,1998-02-03,1,Peanut
2016,Spring,LCK,LoL Champions Korea,韩国,一级联赛,LCK 2016 Spring,2016-01-13,ROX Tigers,,Mid,Kuro,이서행,Lee Seo-haeng,South Korea,Korea,1994-01-04,0,Kuro
2016,Spring,LCK,LoL Champions Korea,韩国,一级联赛,LCK 2016 Spring,2016-01-13,ROX Tigers,,Bot,PraY,김종인,Kim Jong-in,South Korea,Korea,1994-01-06,0,PraY
2016,Spring,LCK,LoL Champions Korea,韩国,一级联赛,LCK 2016 Spring,2016-01-13,ROX Tigers,,Support,GorillA,강범현,Kang Beom-hyun,South Korea,Korea,1994-11-18,0,GorillA
2016,Spring,LCK,LoL Champions Korea,韩国,一级联赛,LCK 2016 Spring,2016-01-13,ROX Tigers,,Coach,NoFe,정노철,Jeong No-chul,South Korea,Korea,1988-08-11,0,NoFe
2016,Spring,LCK,LoL Champions Korea,韩国,一级联赛,LCK 2016 Spring,2016-01-13,ROX Tigers,,Coach,Ssong,김상수,Kim Sang-soo,South Korea,Korea,1989-10-15,0,SSONG
2016,Spring,LCK,LoL Champions Korea,韩国,一级联赛,LCK 2016 Spring,2016-01-13,Samsung Galaxy,,Top,CuVee,이성진,Lee Seong-jin,South Korea,Korea,1996-09-27,0,CuVee
2016,Spring,LCK,LoL Champions Korea,韩国,一级联赛,LCK 2016 Spring,2016-01-13,Samsung Galaxy,,Jungle,Ambition,강찬용,Kang Chan-yong,South Korea,Korea,1992-10-27,0,Ambition
2016,Spring,LCK,LoL Champions Korea,韩国,一级联赛,LCK 2016 Spring,2016-01-13,Samsung Galaxy,,Mid,Crown,이민호,Lee Min-ho,South Korea,Korea,1995-02-28,0,Crown
2016,Spring,LCK,LoL Champions Korea,韩国,一级联赛,LCK 2016 Spring,2016-01-13,Samsung Galaxy,,Bot,CoreJJ,조용인,Jo Yong-in,South Korea,North America,1994-06-22,0,CoreJJ
2016,Spring,LCK,LoL Champions Korea,韩国,一级联赛,LCK 2016 Spring,2016-01-13,Samsung Galaxy,,Bot,Stitch,이승주,Lee Seung-ju,South Korea,Korea,1996-11-02,1,Stitch
2016,Spring,LCK,LoL Champions Korea,韩国,一级联赛,LCK 2016 Spring,2016-01-13,Samsung Galaxy,,Support,Wraith,권지민,Kwon Ji-min,South Korea,Korea,1995-09-28,0,Wraith
2016,Spring,LCK,LoL Champions Korea,韩国,一级联赛,LCK 2016 Spring,2016-01-13,Samsung Galaxy,,Coach,DoGGi,,,,,,,DoGGi
2016,Spring,LCK,LoL Champions Korea,韩国,一级联赛,LCK 2016 Spring,2016-01-13,Samsung Galaxy,,Coach,Kim Jeong-soo,,,,,,,Kim Jeong-soo
2016,Spring,LCK,LoL Champions Korea,韩国,一级联赛,LCK 2016 Spring,2016-01-13,SBENU Sonicboom,,Top,SoaR,이강표,Lee Gang-pyo,South Korea,Korea,1997-05-28,0,SoaR
2016,Spring,LCK,LoL Champions Korea,韩国,一级联赛,LCK 2016 Spring,2016-01-13,SBENU Sonicboom,,Top,Soul,서현석,Seo Hyeon-seok,South Korea,Korea,1994-11-16,0,Soul (Seo Hyeon-seok)
2016,Spring,LCK,LoL Champions Korea,韩国,一级联赛,LCK 2016 Spring,2016-01-13,SBENU Sonicboom,,Jungle,Flawless,성연준,Sung Yeon-jun,South Korea,Korea,1998-07-26,1,Flawless
2016,Spring,LCK,LoL Champions Korea,韩国,一级联赛,LCK 2016 Spring,2016-01-13,SBENU Sonicboom,,Mid,SaSin,오승주,Oh Seung-ju,South Korea,Korea,1994-02-03,1,SaSin
2016,Spring,LCK,LoL Champions Korea,韩国,一级联赛,LCK 2016 Spring,2016-01-13,SBENU Sonicboom,,Bot,Nuclear,신정현,Shin Jeong-hyeon,South Korea,Korea,1997-05-19,0,Nuclear
2016,Spring,LCK,LoL Champions Korea,韩国,一级联赛,LCK 2016 Spring,2016-01-13,SBENU Sonicboom,,Support,Secret,박기선,Park Ki-sun,South Korea,Korea,1997-05-27,1,Secret (Park Ki-sun)
2016,Spring,LCK,LoL Champions Korea,韩国,一级联赛,LCK 2016 Spring,2016-01-13,SBENU Sonicboom,,Coach,Park Jae-seok,,,,,,,Park Jae-seok
2016,Spring,LCK,LoL Champions Korea,韩国,一级联赛,LCK 2016 Spring,2016-01-13,SBENU Sonicboom,,Coach,Wi Dae-yun,,,,,,,Wi Dae-yun
2016,Spring,LCK,LoL Champions Korea,韩国,一级联赛,LCK 2016 Spring,2016-01-13,SK Telecom T1,,Top,Duke,이호성,Lee Ho-seong,South Korea,Korea,1994-12-19,0,Duke (Lee Ho-seong)
2016,Spring,LCK,LoL Champions Korea,韩国,一级联赛,LCK 2016 Spring,2016-01-13,SK Telecom T1,,Jungle,Bengi,배성웅,Bae Seong-woong,South Korea,Korea,1993-11-21,0,Bengi
2016,Spring,LCK,LoL Champions Korea,韩国,一级联赛,LCK 2016 Spring,2016-01-13,SK Telecom T1,,Jungle,Blank,강선구,Kang Sun-gu,South Korea,Korea,1998-04-30,1,Blank (Kang Sun-gu)
2016,Spring,LCK,LoL Champions Korea,韩国,一级联赛,LCK 2016 Spring,2016-01-13,SK Telecom T1,,Mid,Faker,이상혁,Lee Sang-hyeok,South Korea,Korea,1996-05-07,0,Faker
2016,Spring,LCK,LoL Champions Korea,韩国,一级联赛,LCK 2016 Spring,2016-01-13,SK Telecom T1,,Mid,Scout,이예찬,Lee Ye-chan,South Korea,China,1998-03-14,0,Scout
2016,Spring,LCK,LoL Champions Korea,韩国,一级联赛,LCK 2016 Spring,2016-01-13,SK Telecom T1,,Bot,Bang,배준식,Bae Jun-sik,South Korea,Korea,1996-05-18,0,Bang
2016,Spring,LCK,LoL Champions Korea,韩国,一级联赛,LCK 2016 Spring,2016-01-13,SK Telecom T1,,Support,Wolf,이재완,Lee Jae-wan,South Korea,Korea,1996-09-09,0,Wolf (Lee Jae-wan)
2016,Spring,LCK,LoL Champions Korea,韩国,一级联赛,LCK 2016 Spring,2016-01-13,SK Telecom T1,,Coach,L.i.E.S,,,,,,,L.i.E.S
2016,Spring,LCK,LoL Champions Korea,韩国,一级联赛,LCK 2016 Spring,2016-01-13,SK Telecom T1,,Coach,kkOma,김정균,Kim Jeong-gyun,South Korea,Korea,1985-12-23,0,kkOma
2016,Spring,LCK,LoL Champions Korea,韩国,一级联赛,LCK 2016 Spring,2016-01-13,SK Telecom T1,,Coach,PoohManDu,이정현,Lee Jeong-hyeon,South Korea,Korea,1991-01-29,0,PoohManDu
2016,Summer,LCK,LoL Champions Korea,韩国,一级联赛,LCK 2016 Summer Playoffs,2016-08-08,Afreeca Freecs,AFs,Top,ikssu,전익수,Jeon Ik-soo,South Korea,Korea,1996-10-22,1,ikssu
2016,Summer,LCK,LoL Champions Korea,韩国,一级联赛,LCK 2016 Summer Playoffs,2016-08-08,Afreeca Freecs,AFs,Jungle,Lira,남태유,Nam Tae-yoo,South Korea,Korea,1995-01-15,0,LirA
2016,Summer,LCK,LoL Champions Korea,韩国,一级联赛,LCK 2016 Summer Playoffs,2016-08-08,Afreeca Freecs,AFs,Mid,Mickey,손영민,Son Young-min,South Korea,Korea,1997-07-15,1,Mickey (Son Young-min)
2016,Summer,LCK,LoL Champions Korea,韩国,一级联赛,LCK 2016 Summer Playoffs,2016-08-08,Afreeca Freecs,AFs,Bot,Sangyoon,권상윤,Gwon Sang-yun,South Korea,Korea,1995-12-20,1,Sangyoon
2016,Summer,LCK,LoL Champions Korea,韩国,一级联赛,LCK 2016 Summer Playoffs,2016-08-08,Afreeca Freecs,AFs,Support,SnowFlower,노회종,No Hoi-jong,South Korea,Korea,1997-02-24,1,SnowFlower
2016,Summer,LCK,LoL Champions Korea,韩国,一级联赛,LCK 2016 Summer Playoffs,2016-08-08,Afreeca Freecs,AFs,Coach,OnAir,강현종,Kang Hyun-jong,South Korea,Korea,1980-09-14,0,OnAir
2016,Summer,LCK,LoL Champions Korea,韩国,一级联赛,LCK 2016 Summer Playoffs,2016-08-08,Afreeca Freecs,AFs,Coach,AnimalDAX,,,,,,,AnimalDAX
2016,Summer,LCK,LoL Champions Korea,韩国,一级联赛,LCK 2016 Summer Playoffs,2016-08-08,KT Rolster,,Top,Ssumday,김찬호,Kim Chan-ho,South Korea,North America,1996-07-03,0,Ssumday
2016,Summer,LCK,LoL Champions Korea,韩国,一级联赛,LCK 2016 Summer Playoffs,2016-08-08,KT Rolster,,Jungle,Score,고동빈,Go Dong-bin,South Korea,Korea,1992-07-08,0,Score
2016,Summer,LCK,LoL Champions Korea,韩国,一级联赛,LCK 2016 Summer Playoffs,2016-08-08,KT Rolster,,Mid,Fly,송용준,Song Yong-jun,South Korea,Korea,1996-02-25,1,Fly (Song Yong-jun)
2016,Summer,LCK,LoL Champions Korea,韩国,一级联赛,LCK 2016 Summer Playoffs,2016-08-08,KT Rolster,,Bot,Arrow,노동현,Noh Dong-hyeon,South Korea,North America,1994-07-20,0,Arrow
2016,Summer,LCK,LoL Champions Korea,韩国,一级联赛,LCK 2016 Summer Playoffs,2016-08-08,KT Rolster,,Support,Hachani,하승찬,Ha Seung-chan,South Korea,Korea,1994-12-24,0,Hachani
2016,Summer,LCK,LoL Champions Korea,韩国,一级联赛,LCK 2016 Summer Playoffs,2016-08-08,KT Rolster,,Coach,Lee Ji-hoon,,,,,,,Lee Ji-hoon
2016,Summer,LCK,LoL Champions Korea,韩国,一级联赛,LCK 2016 Summer Playoffs,2016-08-08,KT Rolster,,Coach,ZanDarC,오창종,Oh Chang-jong,South Korea,Korea,1983-10-01,1,ZanDarc
2016,Summer,LCK,LoL Champions Korea,韩国,一级联赛,LCK 2016 Summer Playoffs,2016-08-08,ROX Tigers,,Top,Smeb,송경호,Song Kyung-ho,South Korea,Korea,1995-06-30,0,Smeb
2016,Summer,LCK,LoL Champions Korea,韩国,一级联赛,LCK 2016 Summer Playoffs,2016-08-08,ROX Tigers,,Jungle,Peanut,한왕호,Han Wang-ho,South Korea,Korea,1998-02-03,1,Peanut
2016,Summer,LCK,LoL Champions Korea,韩国,一级联赛,LCK 2016 Summer Playoffs,2016-08-08,ROX Tigers,,Mid,Kuro,이서행,Lee Seo-haeng,South Korea,Korea,1994-01-04,0,Kuro
2016,Summer,LCK,LoL Champions Korea,韩国,一级联赛,LCK 2016 Summer Playoffs,2016-08-08,ROX Tigers,,Bot,PraY,김종인,Kim Jong-in,South Korea,Korea,1994-01-06,0,PraY
2016,Summer,LCK,LoL Champions Korea,韩国,一级联赛,LCK 2016 Summer Playoffs,2016-08-08,ROX Tigers,,Support,GorillA,강범현,Kang Beom-hyun,South Korea,Korea,1994-11-18,0,GorillA
2016,Summer,LCK,LoL Champions Korea,韩国,一级联赛,LCK 2016 Summer Playoffs,2016-08-08,ROX Tigers,,Coach,NoFe,정노철,Jeong No-chul,South Korea,Korea,1988-08-11,0,NoFe
2016,Summer,LCK,LoL Champions Korea,韩国,一级联赛,LCK 2016 Summer Playoffs,2016-08-08,ROX Tigers,,Coach,Ssong,김상수,Kim Sang-soo,South Korea,Korea,1989-10-15,0,SSONG
2016,Summer,LCK,LoL Champions Korea,韩国,一级联赛,LCK 2016 Summer Playoffs,2016-08-08,Samsung Galaxy,,Top,CuVee,이성진,Lee Seong-jin,South Korea,Korea,1996-09-27,0,CuVee
2016,Summer,LCK,LoL Champions Korea,韩国,一级联赛,LCK 2016 Summer Playoffs,2016-08-08,Samsung Galaxy,,Top,Helper,권영재,Kwon Yeong-jae,South Korea,Korea,1995-03-24,0,Helper (Kwon Yeong-jae)
2016,Summer,LCK,LoL Champions Korea,韩国,一级联赛,LCK 2016 Summer Playoffs,2016-08-08,Samsung Galaxy,,Jungle,Ambition,강찬용,Kang Chan-yong,South Korea,Korea,1992-10-27,0,Ambition
2016,Summer,LCK,LoL Champions Korea,韩国,一级联赛,LCK 2016 Summer Playoffs,2016-08-08,Samsung Galaxy,,Mid,Crown,이민호,Lee Min-ho,South Korea,Korea,1995-02-28,0,Crown
2016,Summer,LCK,LoL Champions Korea,韩国,一级联赛,LCK 2016 Summer Playoffs,2016-08-08,Samsung Galaxy,,Bot,Ruler,박재혁,Park Jae-hyuk,South Korea,Korea,1998-12-29,0,Ruler
2016,Summer,LCK,LoL Champions Korea,韩国,一级联赛,LCK 2016 Summer Playoffs,2016-08-08,Samsung Galaxy,,Bot,Stitch,이승주,Lee Seung-ju,South Korea,Korea,1996-11-02,1,Stitch
2016,Summer,LCK,LoL Champions Korea,韩国,一级联赛,LCK 2016 Summer Playoffs,2016-08-08,Samsung Galaxy,,Support,Wraith,권지민,Kwon Ji-min,South Korea,Korea,1995-09-28,0,Wraith
2016,Summer,LCK,LoL Champions Korea,韩国,一级联赛,LCK 2016 Summer Playoffs,2016-08-08,Samsung Galaxy,,Coach,DoGGi,,,,,,,DoGGi
2016,Summer,LCK,LoL Champions Korea,韩国,一级联赛,LCK 2016 Summer Playoffs,2016-08-08,Samsung Galaxy,,Coach,Kim Jeong-soo,,,,,,,Kim Jeong-soo
2016,Summer,LCK,LoL Champions Korea,韩国,一级联赛,LCK 2016 Summer Playoffs,2016-08-08,SK Telecom T1,,Top,Duke,이호성,Lee Ho-seong,South Korea,Korea,1994-12-19,0,Duke (Lee Ho-seong)
2016,Summer,LCK,LoL Champions Korea,韩国,一级联赛,LCK 2016 Summer Playoffs,2016-08-08,SK Telecom T1,,Jungle,Blank,강선구,Kang Sun-gu,South Korea,Korea,1998-04-30,1,Blank (Kang Sun-gu)
2016,Summer,LCK,LoL Champions Korea,韩国,一级联赛,LCK 2016 Summer Playoffs,2016-08-08,SK Telecom T1,,Mid,Faker,이상혁,Lee Sang-hyeok,South Korea,Korea,1996-05-07,0,Faker
2016,Summer,LCK,LoL Champions Korea,韩国,一级联赛,LCK 2016 Summer Playoffs,2016-08-08,SK Telecom T1,,Bot,Bang,배준식,Bae Jun-sik,South Korea,Korea,1996-05-18,0,Bang
2016,Summer,LCK,LoL Champions Korea,韩国,一级联赛,LCK 2016 Summer Playoffs,2016-08-08,SK Telecom T1,,Support,Wolf,이재완,Lee Jae-wan,South Korea,Korea,1996-09-09,0,Wolf (Lee Jae-wan)
2016,Summer,LCK,LoL Champions Korea,韩国,一级联赛,LCK 2016 Summer Playoffs,2016-08-08,SK Telecom T1,,Coach,L.i.E.S,,,,,,,L.i.E.S
2016,Summer,LCK,LoL Champions Korea,韩国,一级联赛,LCK 2016 Summer Playoffs,2016-08-08,SK Telecom T1,,Coach,kkOma,김정균,Kim Jeong-gyun,South Korea,Korea,1985-12-23,0,kkOma
2016,Summer,LCK,LoL Champions Korea,韩国,一级联赛,LCK 2016 Summer Promotion,2016-04-28,ESC Ever,,Top,Crazy,김재희,Kim Jae-hee,South Korea,Korea,1996-09-20,0,Crazy (Kim Jae-hee)
2016,Summer,LCK,LoL Champions Korea,韩国,一级联赛,LCK 2016 Summer Promotion,2016-04-28,ESC Ever,,Jungle,Bless,최현웅,Choi Hyeon-woong,South Korea,Korea,1996-10-23,1,Bless (Choi Hyeon-woong)
2016,Summer,LCK,LoL Champions Korea,韩国,一级联赛,LCK 2016 Summer Promotion,2016-04-28,ESC Ever,,Mid,Tempt,강명구,Kang Myung-gu,South Korea,Korea,1998-05-13,0,Tempt
2016,Summer,LCK,LoL Champions Korea,韩国,一级联赛,LCK 2016 Summer Promotion,2016-04-28,ESC Ever,,Bot,LokeN,이동욱,Lee Dong-wook,South Korea,Korea,1998-02-14,1,LokeN
2016,Summer,LCK,LoL Champions Korea,韩国,一级联赛,LCK 2016 Summer Promotion,2016-04-28,ESC Ever,,Support,Key,김한기,Kim Han-gi,South Korea,Korea,1997-06-20,0,Key
2016,Summer,LCK,LoL Champions Korea,韩国,一级联赛,LCK 2016 Summer Promotion,2016-04-28,ESC Ever,,Coach,Kim Ga-ram,,,,,,,Kim Ga-ram
2016,Summer,LCK,LoL Champions Korea,韩国,一级联赛,LCK 2016 Summer Promotion,2016-04-28,ESC Ever,,Coach,Cho Gye-hyeon,,,,,,,Cho Gye-hyeon
2016,Summer,LCK,LoL Champions Korea,韩国,一级联赛,LCK 2016 Summer Promotion,2016-04-28,Kongdoo Monster,,Top,Hipo,석현준,Suk Hyun-jun,South Korea,Korea,1998-02-02,1,Hipo
2016,Summer,LCK,LoL Champions Korea,韩国,一级联赛,LCK 2016 Summer Promotion,2016-04-28,Kongdoo Monster,,Jungle,Crush,김준서,Kim Jun-seo,South Korea,Korea,1998-01-03,1,Crush
2016,Summer,LCK,LoL Champions Korea,韩国,一级联赛,LCK 2016 Summer Promotion,2016-04-28,Kongdoo Monster,,Mid,Edge,이호성,Lee Ho-sung,South Korea,Korea,1997-12-03,1,Edge
2016,Summer,LCK,LoL Champions Korea,韩国,一级联赛,LCK 2016 Summer Promotion,2016-04-28,Kongdoo Monster,,Bot,Ssol,서진솔,Seo Jin-sol,South Korea,Korea,1998-03-04,0,SSol
2016,Summer,LCK,LoL Champions Korea,韩国,一级联赛,LCK 2016 Summer Promotion,2016-04-28,Kongdoo Monster,,Support,GuGer,김도엽,Kim Do-yeop,South Korea,Korea,1994-02-07,0,GuGer
2016,Summer,LCK,LoL Champions Korea,韩国,一级联赛,LCK 2016 Summer Promotion,2016-04-28,Kongdoo Monster,,Coach,viNylCat,채우철,Chae Woo-cheol,South Korea,Korea,1985-07-30,1,viNylCat
2016,Summer,LCK,LoL Champions Korea,韩国,一级联赛,LCK 2016 Summer Promotion,2016-04-28,Kongdoo Monster,,Coach,Micro,김목경,Kim Mok-kyoung,South Korea,Korea,1986-09-17,0,Micro (Kim Mok-kyoung)
2016,Summer,LCK,LoL Champions Korea,韩国,一级联赛,LCK 2016 Summer Promotion,2016-04-28,MVP,,Top,ADD,강건모,Kang Geon-mo,South Korea,Korea,1998-10-17,0,ADD
2016,Summer,LCK,LoL Champions Korea,韩国,一级联赛,LCK 2016 Summer Promotion,2016-04-28,MVP,,Jungle,Beyond,김규석,Kim Kyu-seok,South Korea,Korea,1997-08-18,1,Beyond (Kim Kyu-seok)
2016,Summer,LCK,LoL Champions Korea,韩国,一级联赛,LCK 2016 Summer Promotion,2016-04-28,MVP,,Mid,Ian,안준형,An Jun-hyeong,South Korea,Korea,1998-01-22,0,Ian
2016,Summer,LCK,LoL Champions Korea,韩国,一级联赛,LCK 2016 Summer Promotion,2016-04-28,MVP,,Bot,MaHa,오현식,Oh Hyun-sik,South Korea,Korea,1995-11-07,1,MaHa
2016,Summer,LCK,LoL Champions Korea,韩国,一级联赛,LCK 2016 Summer Promotion,2016-04-28,MVP,,Support,Max,정종빈,Jeong Jong-bin,South Korea,Korea,1996-05-30,0,Max (Jeong Jong-bin)
2016,Summer,LCK,LoL Champions Korea,韩国,一级联赛,LCK 2016 Summer Promotion,2016-04-28,MVP,,Coach,Hell,권재환,Kwon Jae-hwan,South Korea,Korea,1990-02-06,0,Hell
2016,Summer,LCK,LoL Champions Korea,韩国,一级联赛,LCK 2016 Summer Promotion,2016-04-28,SBENU Sonicboom,SSB,Top,Soul,서현석,Seo Hyeon-seok,South Korea,Korea,1994-11-16,0,Soul (Seo Hyeon-seok)
2016,Summer,LCK,LoL Champions Korea,韩国,一级联赛,LCK 2016 Summer Promotion,2016-04-28,SBENU Sonicboom,SSB,Jungle,Flawless,성연준,Sung Yeon-jun,South Korea,Korea,1998-07-26,1,Flawless
2016,Summer,LCK,LoL Champions Korea,韩国,一级联赛,LCK 2016 Summer Promotion,2016-04-28,SBENU Sonicboom,SSB,Mid,SaSin,오승주,Oh Seung-ju,South Korea,Korea,1994-02-03,1,SaSin
2016,Summer,LCK,LoL Champions Korea,韩国,一级联赛,LCK 2016 Summer Promotion,2016-04-28,SBENU Sonicboom,SSB,Bot,Nuclear,신정현,Shin Jeong-hyeon,South Korea,Korea,1997-05-19,0,Nuclear
2016,Summer,LCK,LoL Champions Korea,韩国,一级联赛,LCK 2016 Summer Promotion,2016-04-28,SBENU Sonicboom,SSB,Support,Secret,박기선,Park Ki-sun,South Korea,Korea,1997-05-27,1,Secret (Park Ki-sun)
2016,Summer,LCK,LoL Champions Korea,韩国,一级联赛,LCK 2016 Summer Promotion,2016-04-28,SBENU Sonicboom,SSB,Coach,Park Jae-seok,,,,,,,Park Jae-seok
2016,Summer,LCK,LoL Champions Korea,韩国,一级联赛,LCK 2016 Summer,2016-05-25,Afreeca Freecs,AFs,Top,ikssu,전익수,Jeon Ik-soo,South Korea,Korea,1996-10-22,1,ikssu
2016,Summer,LCK,LoL Champions Korea,韩国,一级联赛,LCK 2016 Summer,2016-05-25,Afreeca Freecs,AFs,Top,Lindarang,허만흥,Heo Man-heung,South Korea,Korea,1997-08-25,0,Lindarang
2016,Summer,LCK,LoL Champions Korea,韩国,一级联赛,LCK 2016 Summer,2016-05-25,Afreeca Freecs,AFs,Jungle,Lira,남태유,Nam Tae-yoo,South Korea,Korea,1995-01-15,0,LirA
2016,Summer,LCK,LoL Champions Korea,韩国,一级联赛,LCK 2016 Summer,2016-05-25,Afreeca Freecs,AFs,Jungle,SeongHwan,윤성환,Yoon Seong-hwan,South Korea,Korea,1997-12-11,1,SeongHwan
2016,Summer,LCK,LoL Champions Korea,韩国,一级联赛,LCK 2016 Summer,2016-05-25,Afreeca Freecs,AFs,Mid,Mickey,손영민,Son Young-min,South Korea,Korea,1997-07-15,1,Mickey (Son Young-min)
2016,Summer,LCK,LoL Champions Korea,韩国,一级联赛,LCK 2016 Summer,2016-05-25,Afreeca Freecs,AFs,Bot,Sangyoon,권상윤,Gwon Sang-yun,South Korea,Korea,1995-12-20,1,Sangyoon
2016,Summer,LCK,LoL Champions Korea,韩国,一级联赛,LCK 2016 Summer,2016-05-25,Afreeca Freecs,AFs,Support,SnowFlower,노회종,No Hoi-jong,South Korea,Korea,1997-02-24,1,SnowFlower
2016,Summer,LCK,LoL Champions Korea,韩国,一级联赛,LCK 2016 Summer,2016-05-25,Afreeca Freecs,AFs,Coach,OnAir,강현종,Kang Hyun-jong,South Korea,Korea,1980-09-14,0,OnAir
2016,Summer,LCK,LoL Champions Korea,韩国,一级联赛,LCK 2016 Summer,2016-05-25,Afreeca Freecs,AFs,Coach,AnimalDAX,,,,,,,AnimalDAX
2016,Summer,LCK,LoL Champions Korea,韩国,一级联赛,LCK 2016 Summer,2016-05-25,CJ Entus,CJE,Top,Untara,박의진,Park Ui-jin,South Korea,Korea,1996-12-31,0,Untara
2016,Summer,LCK,LoL Champions Korea,韩国,一级联赛,LCK 2016 Summer,2016-05-25,CJ Entus,CJE,Top,Shy,박상면,Park Sang-myeon,South Korea,Korea,1991-07-19,0,Shy
2016,Summer,LCK,LoL Champions Korea,韩国,一级联赛,LCK 2016 Summer,2016-05-25,CJ Entus,CJE,Jungle,Haru,강민승,Kang Min-seung,South Korea,Korea,1998-06-03,1,Haru
2016,Summer,LCK,LoL Champions Korea,韩国,一级联赛,LCK 2016 Summer,2016-05-25,CJ Entus,CJE,Jungle,Bubbling,박준형,Park Jun-hyeong,South Korea,Korea,1993-04-13,0,Bubbling
2016,Summer,LCK,LoL Champions Korea,韩国,一级联赛,LCK 2016 Summer,2016-05-25,CJ Entus,CJE,Mid,Bdd,곽보성,Gwak Bo-seong,South Korea,Korea,1999-03-01,0,Bdd
2016,Summer,LCK,LoL Champions Korea,韩国,一级联赛,LCK 2016 Summer,2016-05-25,CJ Entus,CJE,Mid,Sky,김하늘,Kim Ha-neul,South Korea,Korea,1998-07-17,0,Sky (Kim Ha-neul)
2016,Summer,LCK,LoL Champions Korea,韩国,一级联赛,LCK 2016 Summer,2016-05-25,CJ Entus,CJE,Bot,Kramer,하종훈,Ha Jong-hun,South Korea,Korea,1996-03-09,1,Kramer
2016,Summer,LCK,LoL Champions Korea,韩国,一级联赛,LCK 2016 Summer,2016-05-25,CJ Entus,CJE,Bot,Ghost,장용준,Jang Yong-jun,South Korea,Korea,1999-03-18,0,Ghost (Jang Yong-jun)
2016,Summer,LCK,LoL Champions Korea,韩国,一级联赛,LCK 2016 Summer,2016-05-25,CJ Entus,CJE,Support,MadLife,홍민기,Hong Min-gi,South Korea,Korea,1992-10-05,0,MadLife
2016,Summer,LCK,LoL Champions Korea,韩国,一级联赛,LCK 2016 Summer,2016-05-25,CJ Entus,CJE,Coach,Reach,박정석,Park Jung-suk,South Korea,Korea,1983-12-27,0,Reach (Park Jung-suk)
2016,Summer,LCK,LoL Champions Korea,韩国,一级联赛,LCK 2016 Summer,2016-05-25,CJ Entus,CJE,Coach,Cain,장누리,Jang Nu-ri,South Korea,Korea,1987-02-06,1,Cain
2016,Summer,LCK,LoL Champions Korea,韩国,一级联赛,LCK 2016 Summer,2016-05-25,ESC Ever,,Top,Crazy,김재희,Kim Jae-hee,South Korea,Korea,1996-09-20,0,Crazy (Kim Jae-hee)
2016,Summer,LCK,LoL Champions Korea,韩国,一级联赛,LCK 2016 Summer,2016-05-25,ESC Ever,,Top,Firetrap,,,,,,,Firetrap
2016,Summer,LCK,LoL Champions Korea,韩国,一级联赛,LCK 2016 Summer,2016-05-25,ESC Ever,,Jungle,Bless,최현웅,Choi Hyeon-woong,South Korea,Korea,1996-10-23,1,Bless (Choi Hyeon-woong)
2016,Summer,LCK,LoL Champions Korea,韩国,一级联赛,LCK 2016 Summer,2016-05-25,ESC Ever,,Mid,Tempt,강명구,Kang Myung-gu,South Korea,Korea,1998-05-13,0,Tempt
2016,Summer,LCK,LoL Champions Korea,韩国,一级联赛,LCK 2016 Summer,2016-05-25,ESC Ever,,Bot,LokeN,이동욱,Lee Dong-wook,South Korea,Korea,1998-02-14,1,LokeN
2016,Summer,LCK,LoL Champions Korea,韩国,一级联赛,LCK 2016 Summer,2016-05-25,ESC Ever,,Support,Key,김한기,Kim Han-gi,South Korea,Korea,1997-06-20,0,Key
2016,Summer,LCK,LoL Champions Korea,韩国,一级联赛,LCK 2016 Summer,2016-05-25,ESC Ever,,Support,Totoro,은종섭,Eun Jong-seop,South Korea,Korea,1996-05-06,1,Totoro (Eun Jong-seop)
2016,Summer,LCK,LoL Champions Korea,韩国,一级联赛,LCK 2016 Summer,2016-05-25,ESC Ever,,Coach,Kim Ga-ram,,,,,,,Kim Ga-ram
2016,Summer,LCK,LoL Champions Korea,韩国,一级联赛,LCK 2016 Summer,2016-05-25,ESC Ever,,Coach,Cho Gye-hyeon,,,,,,,Cho Gye-hyeon
2016,Summer,LCK,LoL Champions Korea,韩国,一级联赛,LCK 2016 Summer,2016-05-25,Jin Air Green Wings,,Top,TrAce,여창동,Yeo Chang-dong,South Korea,Korea,1989-11-02,1,TrAce
2016,Summer,LCK,LoL Champions Korea,韩国,一级联赛,LCK 2016 Summer,2016-05-25,Jin Air Green Wings,,Top,SoHwan,김준영,Kim Jun-yeong,South Korea,Korea,1996-10-24,1,SoHwan
2016,Summer,LCK,LoL Champions Korea,韩国,一级联赛,LCK 2016 Summer,2016-05-25,Jin Air Green Wings,,Jungle,Winged,박태진,Park Tae-jin,South Korea,Korea,1992-08-20,0,Winged
2016,Summer,LCK,LoL Champions Korea,韩国,一级联赛,LCK 2016 Summer,2016-05-25,Jin Air Green Wings,,Mid,Blanc,진성민,Jin Seong-min,South Korea,Korea,1995-06-03,1,Blanc (Jin Seong-min)
2016,Summer,LCK,LoL Champions Korea,韩国,一级联赛,LCK 2016 Summer,2016-05-25,Jin Air Green Wings,,Mid,Kuzan,이성혁,Lee Seong-hyeok,South Korea,Korea,1997-01-07,1,Kuzan
2016,Summer,LCK,LoL Champions Korea,韩国,一级联赛,LCK 2016 Summer,2016-05-25,Jin Air Green Wings,,Bot,Pilot,나우형,Na Woo-hyung,South Korea,Korea,1995-12-04,1,Pilot (Na Woo-hyung)
2016,Summer,LCK,LoL Champions Korea,韩国,一级联赛,LCK 2016 Summer,2016-05-25,Jin Air Green Wings,,Support,Chei,최선호,Choi Sun-ho,South Korea,Korea,1996-06-30,1,Chei
2016,Summer,LCK,LoL Champions Korea,韩国,一级联赛,LCK 2016 Summer,2016-05-25,Jin Air Green Wings,,Support,Sweet,이은택,Lee Eun-teak,South Korea,Korea,1995-07-11,1,Sweet (Lee Eun-teak)
2016,Summer,LCK,LoL Champions Korea,韩国,一级联赛,LCK 2016 Summer,2016-05-25,Jin Air Green Wings,,Coach,Han Sang-yong,,,,,,,Han Sang-yong
2016,Summer,LCK,LoL Champions Korea,韩国,一级联赛,LCK 2016 Summer,2016-05-25,Jin Air Green Wings,,Coach,Sweet,천정희,Chun Jung-hee,South Korea,Korea,1985-11-14,1,Sweet (Chun Jung-hee)
2016,Summer,LCK,LoL Champions Korea,韩国,一级联赛,LCK 2016 Summer,2016-05-25,KT Rolster,,Top,Ssumday,김찬호,Kim Chan-ho,South Korea,North America,1996-07-03,0,Ssumday
2016,Summer,LCK,LoL Champions Korea,韩国,一级联赛,LCK 2016 Summer,2016-05-25,KT Rolster,,Jungle,Score,고동빈,Go Dong-bin,South Korea,Korea,1992-07-08,0,Score
2016,Summer,LCK,LoL Champions Korea,韩国,一级联赛,LCK 2016 Summer,2016-05-25,KT Rolster,,Mid,Fly,송용준,Song Yong-jun,South Korea,Korea,1996-02-25,1,Fly (Song Yong-jun)
2016,Summer,LCK,LoL Champions Korea,韩国,一级联赛,LCK 2016 Summer,2016-05-25,KT Rolster,,Bot,Arrow,노동현,Noh Dong-hyeon,South Korea,North America,1994-07-20,0,Arrow
2016,Summer,LCK,LoL Champions Korea,韩国,一级联赛,LCK 2016 Summer,2016-05-25,KT Rolster,,Support,Hachani,하승찬,Ha Seung-chan,South Korea,Korea,1994-12-24,0,Hachani
2016,Summer,LCK,LoL Champions Korea,韩国,一级联赛,LCK 2016 Summer,2016-05-25,KT Rolster,,Coach,Lee Ji-hoon,,,,,,,Lee Ji-hoon
2016,Summer,LCK,LoL Champions Korea,韩国,一级联赛,LCK 2016 Summer,2016-05-25,KT Rolster,,Coach,ZanDarC,오창종,Oh Chang-jong,South Korea,Korea,1983-10-01,1,ZanDarc
2016,Summer,LCK,LoL Champions Korea,韩国,一级联赛,LCK 2016 Summer,2016-05-25,Longzhu Gaming,,Top,Expession,구본택,Koo Bon-taek,South Korea,Korea,1992-09-16,1,Expession
2016,Summer,LCK,LoL Champions Korea,韩国,一级联赛,LCK 2016 Summer,2016-05-25,Longzhu Gaming,,Jungle,Chaser,이상현,Lee Sang-hyun,South Korea,Korea,1995-08-01,1,Chaser
2016,Summer,LCK,LoL Champions Korea,韩国,一级联赛,LCK 2016 Summer,2016-05-25,Longzhu Gaming,,Jungle,Crash,이동우,Lee Dong-woo,South Korea,Korea,1997-01-05,1,Crash
2016,Summer,LCK,LoL Champions Korea,韩国,一级联赛,LCK 2016 Summer,2016-05-25,Longzhu Gaming,,Mid,Coco,신진영,Shin Jin-yeong,South Korea,Korea,1994-03-14,0,Coco
2016,Summer,LCK,LoL Champions Korea,韩国,一级联赛,LCK 2016 Summer,2016-05-25,Longzhu Gaming,,Mid,Frozen,김태일,Kim Tae-il,South Korea,Korea,1994-11-04,0,Frozen (Kim Tae-il)
2016,Summer,LCK,LoL Champions Korea,韩国,一级联赛,LCK 2016 Summer,2016-05-25,Longzhu Gaming,,Bot,Fury,이진용,Lee Jin-yong,South Korea,Korea,1995-11-11,0,Fury (Lee Jin-yong)
2016,Summer,LCK,LoL Champions Korea,韩国,一级联赛,LCK 2016 Summer,2016-05-25,Longzhu Gaming,,Bot,Emperor,김진현,Kim Jin-hyun,South Korea,Korea,1993-06-07,1,Emperor (Kim Jin-hyun)
2016,Summer,LCK,LoL Champions Korea,韩国,一级联赛,LCK 2016 Summer,2016-05-25,Longzhu Gaming,,Support,Pure,김진선,Kim Jin-sun,South Korea,Korea,1995-12-29,1,Pure
2016,Summer,LCK,LoL Champions Korea,韩国,一级联赛,LCK 2016 Summer,2016-05-25,Longzhu Gaming,,Coach,Hirai,강동훈,Kang Dong-hoon,South Korea,Korea,1982-03-26,0,Hirai
2016,Summer,LCK,LoL Champions Korea,韩国,一级联赛,LCK 2016 Summer,2016-05-25,Longzhu Gaming,,Coach,Lustboy,함장식,Ham Jang-sik,South Korea,Korea,1994-02-18,1,Lustboy
2016,Summer,LCK,LoL Champions Korea,韩国,一级联赛,LCK 2016 Summer,2016-05-25,Longzhu Gaming,,Coach,supreme,최승민,Choi Seung-min,South Korea,Korea,1987-04-27,0,Supreme
2016,Summer,LCK,LoL Champions Korea,韩国,一级联赛,LCK 2016 Summer,2016-05-25,MVP,,Top,ADD,강건모,Kang Geon-mo,South Korea,Korea,1998-10-17,0,ADD
2016,Summer,LCK,LoL Champions Korea,韩国,一级联赛,LCK 2016 Summer,2016-05-25,MVP,,Jungle,Beyond,김규석,Kim Kyu-seok,South Korea,Korea,1997-08-18,1,Beyond (Kim Kyu-seok)
2016,Summer,LCK,LoL Champions Korea,韩国,一级联赛,LCK 2016 Summer,2016-05-25,MVP,,Mid,Ian,안준형,An Jun-hyeong,South Korea,Korea,1998-01-22,0,Ian
2016,Summer,LCK,LoL Champions Korea,韩国,一级联赛,LCK 2016 Summer,2016-05-25,MVP,,Bot,MaHa,오현식,Oh Hyun-sik,South Korea,Korea,1995-11-07,1,MaHa
2016,Summer,LCK,LoL Champions Korea,韩国,一级联赛,LCK 2016 Summer,2016-05-25,MVP,,Support,Max,정종빈,Jeong Jong-bin,South Korea,Korea,1996-05-30,0,Max (Jeong Jong-bin)
2016,Summer,LCK,LoL Champions Korea,韩国,一级联赛,LCK 2016 Summer,2016-05-25,MVP,,Coach,Hell,권재환,Kwon Jae-hwan,South Korea,Korea,1990-02-06,0,Hell
2016,Summer,LCK,LoL Champions Korea,韩国,一级联赛,LCK 2016 Summer,2016-05-25,ROX Tigers,,Top,Smeb,송경호,Song Kyung-ho,South Korea,Korea,1995-06-30,0,Smeb
2016,Summer,LCK,LoL Champions Korea,韩国,一级联赛,LCK 2016 Summer,2016-05-25,ROX Tigers,,Jungle,Peanut,한왕호,Han Wang-ho,South Korea,Korea,1998-02-03,1,Peanut
2016,Summer,LCK,LoL Champions Korea,韩国,一级联赛,LCK 2016 Summer,2016-05-25,ROX Tigers,,Mid,Kuro,이서행,Lee Seo-haeng,South Korea,Korea,1994-01-04,0,Kuro
2016,Summer,LCK,LoL Champions Korea,韩国,一级联赛,LCK 2016 Summer,2016-05-25,ROX Tigers,,Mid,Cry,,,,,,,Cry
2016,Summer,LCK,LoL Champions Korea,韩国,一级联赛,LCK 2016 Summer,2016-05-25,ROX Tigers,,Bot,PraY,김종인,Kim Jong-in,South Korea,Korea,1994-01-06,0,PraY
2016,Summer,LCK,LoL Champions Korea,韩国,一级联赛,LCK 2016 Summer,2016-05-25,ROX Tigers,,Support,GorillA,강범현,Kang Beom-hyun,South Korea,Korea,1994-11-18,0,GorillA
2016,Summer,LCK,LoL Champions Korea,韩国,一级联赛,LCK 2016 Summer,2016-05-25,ROX Tigers,,Coach,NoFe,정노철,Jeong No-chul,South Korea,Korea,1988-08-11,0,NoFe
2016,Summer,LCK,LoL Champions Korea,韩国,一级联赛,LCK 2016 Summer,2016-05-25,ROX Tigers,,Coach,Ssong,김상수,Kim Sang-soo,South Korea,Korea,1989-10-15,0,SSONG
2016,Summer,LCK,LoL Champions Korea,韩国,一级联赛,LCK 2016 Summer,2016-05-25,Samsung Galaxy,,Top,CuVee,이성진,Lee Seong-jin,South Korea,Korea,1996-09-27,0,CuVee
2016,Summer,LCK,LoL Champions Korea,韩国,一级联赛,LCK 2016 Summer,2016-05-25,Samsung Galaxy,,Top,Helper,권영재,Kwon Yeong-jae,South Korea,Korea,1995-03-24,0,Helper (Kwon Yeong-jae)
2016,Summer,LCK,LoL Champions Korea,韩国,一级联赛,LCK 2016 Summer,2016-05-25,Samsung Galaxy,,Jungle,Ambition,강찬용,Kang Chan-yong,South Korea,Korea,1992-10-27,0,Ambition
2016,Summer,LCK,LoL Champions Korea,韩国,一级联赛,LCK 2016 Summer,2016-05-25,Samsung Galaxy,,Mid,Crown,이민호,Lee Min-ho,South Korea,Korea,1995-02-28,0,Crown
2016,Summer,LCK,LoL Champions Korea,韩国,一级联赛,LCK 2016 Summer,2016-05-25,Samsung Galaxy,,Bot,Ruler,박재혁,Park Jae-hyuk,South Korea,Korea,1998-12-29,0,Ruler
2016,Summer,LCK,LoL Champions Korea,韩国,一级联赛,LCK 2016 Summer,2016-05-25,Samsung Galaxy,,Support,Wraith,권지민,Kwon Ji-min,South Korea,Korea,1995-09-28,0,Wraith
2016,Summer,LCK,LoL Champions Korea,韩国,一级联赛,LCK 2016 Summer,2016-05-25,Samsung Galaxy,,Support,CoreJJ,조용인,Jo Yong-in,South Korea,North America,1994-06-22,0,CoreJJ
2016,Summer,LCK,LoL Champions Korea,韩国,一级联赛,LCK 2016 Summer,2016-05-25,Samsung Galaxy,,Coach,DoGGi,,,,,,,DoGGi
2016,Summer,LCK,LoL Champions Korea,韩国,一级联赛,LCK 2016 Summer,2016-05-25,Samsung Galaxy,,Coach,Kim Jeong-soo,,,,,,,Kim Jeong-soo
2016,Summer,LCK,LoL Champions Korea,韩国,一级联赛,LCK 2016 Summer,2016-05-25,SK Telecom T1,,Top,Duke,이호성,Lee Ho-seong,South Korea,Korea,1994-12-19,0,Duke (Lee Ho-seong)
2016,Summer,LCK,LoL Champions Korea,韩国,一级联赛,LCK 2016 Summer,2016-05-25,SK Telecom T1,,Jungle,Bengi,배성웅,Bae Seong-woong,South Korea,Korea,1993-11-21,0,Bengi
2016,Summer,LCK,LoL Champions Korea,韩国,一级联赛,LCK 2016 Summer,2016-05-25,SK Telecom T1,,Jungle,Blank,강선구,Kang Sun-gu,South Korea,Korea,1998-04-30,1,Blank (Kang Sun-gu)
2016,Summer,LCK,LoL Champions Korea,韩国,一级联赛,LCK 2016 Summer,2016-05-25,SK Telecom T1,,Mid,Faker,이상혁,Lee Sang-hyeok,South Korea,Korea,1996-05-07,0,Faker
2016,Summer,LCK,LoL Champions Korea,韩国,一级联赛,LCK 2016 Summer,2016-05-25,SK Telecom T1,,Bot,Bang,배준식,Bae Jun-sik,South Korea,Korea,1996-05-18,0,Bang
2016,Summer,LCK,LoL Champions Korea,韩国,一级联赛,LCK 2016 Summer,2016-05-25,SK Telecom T1,,Support,Wolf,이재완,Lee Jae-wan,South Korea,Korea,1996-09-09,0,Wolf (Lee Jae-wan)
2016,Summer,LCK,LoL Champions Korea,韩国,一级联赛,LCK 2016 Summer,2016-05-25,SK Telecom T1,,Coach,L.i.E.S,,,,,,,L.i.E.S
2016,Summer,LCK,LoL Champions Korea,韩国,一级联赛,LCK 2016 Summer,2016-05-25,SK Telecom T1,,Coach,kkOma,김정균,Kim Jeong-gyun,South Korea,Korea,1985-12-23,0,kkOma
2017,Spring,LCK,LoL Champions Korea,韩国,一级联赛,LCK 2017 Spring Playoffs,2017-04-07,Afreeca Freecs,AFs,Top,MaRin,장경환,Jang Gyeong-hwan,South Korea,Korea,1991-02-12,0,MaRin
2017,Spring,LCK,LoL Champions Korea,韩国,一级联赛,LCK 2017 Spring Playoffs,2017-04-07,Afreeca Freecs,AFs,Jungle,Spirit,이다윤,Lee Da-yoon,South Korea,Korea,1996-07-01,1,Spirit
2017,Spring,LCK,LoL Champions Korea,韩国,一级联赛,LCK 2017 Spring Playoffs,2017-04-07,Afreeca Freecs,AFs,Mid,Kuro,이서행,Lee Seo-haeng,South Korea,Korea,1994-01-04,0,Kuro
2017,Spring,LCK,LoL Champions Korea,韩国,一级联赛,LCK 2017 Spring Playoffs,2017-04-07,Afreeca Freecs,AFs,Bot,Kramer,하종훈,Ha Jong-hun,South Korea,Korea,1996-03-09,1,Kramer
2017,Spring,LCK,LoL Champions Korea,韩国,一级联赛,LCK 2017 Spring Playoffs,2017-04-07,Afreeca Freecs,AFs,Support,TusiN,박종익,Park Jong-ik,South Korea,Korea,1995-11-12,1,TusiN
2017,Spring,LCK,LoL Champions Korea,韩国,一级联赛,LCK 2017 Spring Playoffs,2017-04-07,Afreeca Freecs,AFs,Coach,iloveoov,최연성,Choi Yeon-sung,South Korea,Korea,1983-11-05,1,iloveoov
2017,Spring,LCK,LoL Champions Korea,韩国,一级联赛,LCK 2017 Spring Playoffs,2017-04-07,Afreeca Freecs,AFs,Coach,Cho Gye-hyeon,,,,,,,Cho Gye-hyeon
2017,Spring,LCK,LoL Champions Korea,韩国,一级联赛,LCK 2017 Spring Playoffs,2017-04-07,KT Rolster,,Top,Smeb,송경호,Song Kyung-ho,South Korea,Korea,1995-06-30,0,Smeb
2017,Spring,LCK,LoL Champions Korea,韩国,一级联赛,LCK 2017 Spring Playoffs,2017-04-07,KT Rolster,,Jungle,Score,고동빈,Go Dong-bin,South Korea,Korea,1992-07-08,0,Score
2017,Spring,LCK,LoL Champions Korea,韩国,一级联赛,LCK 2017 Spring Playoffs,2017-04-07,KT Rolster,,Mid,PawN,허원석,Heo Won-seok,South Korea,Korea,1997-01-26,0,PawN
2017,Spring,LCK,LoL Champions Korea,韩国,一级联赛,LCK 2017 Spring Playoffs,2017-04-07,KT Rolster,,Bot,Deft,김혁규,Kim Hyuk-kyu,South Korea,Korea,1996-10-23,0,Deft
2017,Spring,LCK,LoL Champions Korea,韩国,一级联赛,LCK 2017 Spring Playoffs,2017-04-07,KT Rolster,,Support,Mata,조세형,Cho Se-hyeong,South Korea,Korea,1994-02-27,0,Mata
2017,Spring,LCK,LoL Champions Korea,韩国,一级联赛,LCK 2017 Spring Playoffs,2017-04-07,KT Rolster,,Coach,Lee Ji-hoon,,,,,,,Lee Ji-hoon
2017,Spring,LCK,LoL Champions Korea,韩国,一级联赛,LCK 2017 Spring Playoffs,2017-04-07,KT Rolster,,Coach,ZanDarC,오창종,Oh Chang-jong,South Korea,Korea,1983-10-01,1,ZanDarc
2017,Spring,LCK,LoL Champions Korea,韩国,一级联赛,LCK 2017 Spring Playoffs,2017-04-07,MVP,,Top,ADD,강건모,Kang Geon-mo,South Korea,Korea,1998-10-17,0,ADD
2017,Spring,LCK,LoL Champions Korea,韩国,一级联赛,LCK 2017 Spring Playoffs,2017-04-07,MVP,,Jungle,Beyond,김규석,Kim Kyu-seok,South Korea,Korea,1997-08-18,1,Beyond (Kim Kyu-seok)
2017,Spring,LCK,LoL Champions Korea,韩国,一级联赛,LCK 2017 Spring Playoffs,2017-04-07,MVP,,Mid,Ian,안준형,An Jun-hyeong,South Korea,Korea,1998-01-22,0,Ian
2017,Spring,LCK,LoL Champions Korea,韩国,一级联赛,LCK 2017 Spring Playoffs,2017-04-07,MVP,,Bot,MaHa,오현식,Oh Hyun-sik,South Korea,Korea,1995-11-07,1,MaHa
2017,Spring,LCK,LoL Champions Korea,韩国,一级联赛,LCK 2017 Spring Playoffs,2017-04-07,MVP,,Support,Max,정종빈,Jeong Jong-bin,South Korea,Korea,1996-05-30,0,Max (Jeong Jong-bin)
2017,Spring,LCK,LoL Champions Korea,韩国,一级联赛,LCK 2017 Spring Playoffs,2017-04-07,MVP,,Coach,Hell,권재환,Kwon Jae-hwan,South Korea,Korea,1990-02-06,0,Hell
2017,Spring,LCK,LoL Champions Korea,韩国,一级联赛,LCK 2017 Spring Playoffs,2017-04-07,MVP,,Coach,Saroo,이종원,Lee Jong-won,South Korea,Korea,1991-07-20,0,Saroo
2017,Spring,LCK,LoL Champions Korea,韩国,一级联赛,LCK 2017 Spring Playoffs,2017-04-07,Samsung Galaxy,,Top,CuVee,이성진,Lee Seong-jin,South Korea,Korea,1996-09-27,0,CuVee
2017,Spring,LCK,LoL Champions Korea,韩国,一级联赛,LCK 2017 Spring Playoffs,2017-04-07,Samsung Galaxy,,Jungle,Ambition,강찬용,Kang Chan-yong,South Korea,Korea,1992-10-27,0,Ambition
2017,Spring,LCK,LoL Champions Korea,韩国,一级联赛,LCK 2017 Spring Playoffs,2017-04-07,Samsung Galaxy,,Jungle,Haru,강민승,Kang Min-seung,South Korea,Korea,1998-06-03,1,Haru
2017,Spring,LCK,LoL Champions Korea,韩国,一级联赛,LCK 2017 Spring Playoffs,2017-04-07,Samsung Galaxy,,Mid,Crown,이민호,Lee Min-ho,South Korea,Korea,1995-02-28,0,Crown
2017,Spring,LCK,LoL Champions Korea,韩国,一级联赛,LCK 2017 Spring Playoffs,2017-04-07,Samsung Galaxy,,Bot,Ruler,박재혁,Park Jae-hyuk,South Korea,Korea,1998-12-29,0,Ruler
2017,Spring,LCK,LoL Champions Korea,韩国,一级联赛,LCK 2017 Spring Playoffs,2017-04-07,Samsung Galaxy,,Bot,Stitch,이승주,Lee Seung-ju,South Korea,Korea,1996-11-02,1,Stitch
2017,Spring,LCK,LoL Champions Korea,韩国,一级联赛,LCK 2017 Spring Playoffs,2017-04-07,Samsung Galaxy,,Support,CoreJJ,조용인,Jo Yong-in,South Korea,North America,1994-06-22,0,CoreJJ
2017,Spring,LCK,LoL Champions Korea,韩国,一级联赛,LCK 2017 Spring Playoffs,2017-04-07,Samsung Galaxy,,Support,Wraith,권지민,Kwon Ji-min,South Korea,Korea,1995-09-28,0,Wraith
2017,Spring,LCK,LoL Champions Korea,韩国,一级联赛,LCK 2017 Spring Playoffs,2017-04-07,Samsung Galaxy,,Coach,Edgar,최우범,Choi Woo-beom,South Korea,Korea,1984-01-03,0,Edgar
2017,Spring,LCK,LoL Champions Korea,韩国,一级联赛,LCK 2017 Spring Playoffs,2017-04-07,Samsung Galaxy,,Coach,TrAce,여창동,Yeo Chang-dong,South Korea,Korea,1989-11-02,1,TrAce
2017,Spring,LCK,LoL Champions Korea,韩国,一级联赛,LCK 2017 Spring Playoffs,2017-04-07,SK Telecom T1,,Top,Huni,허승훈,Heo Seung-hoon,South Korea,North America,1997-12-25,0,Huni
2017,Spring,LCK,LoL Champions Korea,韩国,一级联赛,LCK 2017 Spring Playoffs,2017-04-07,SK Telecom T1,,Jungle,Peanut,한왕호,Han Wang-ho,South Korea,Korea,1998-02-03,1,Peanut
2017,Spring,LCK,LoL Champions Korea,韩国,一级联赛,LCK 2017 Spring Playoffs,2017-04-07,SK Telecom T1,,Mid,Faker,이상혁,Lee Sang-hyeok,South Korea,Korea,1996-05-07,0,Faker
2017,Spring,LCK,LoL Champions Korea,韩国,一级联赛,LCK 2017 Spring Playoffs,2017-04-07,SK Telecom T1,,Bot,Bang,배준식,Bae Jun-sik,South Korea,Korea,1996-05-18,0,Bang
2017,Spring,LCK,LoL Champions Korea,韩国,一级联赛,LCK 2017 Spring Playoffs,2017-04-07,SK Telecom T1,,Support,Wolf,이재완,Lee Jae-wan,South Korea,Korea,1996-09-09,0,Wolf (Lee Jae-wan)
2017,Spring,LCK,LoL Champions Korea,韩国,一级联赛,LCK 2017 Spring Playoffs,2017-04-07,SK Telecom T1,,Coach,cCarter,최병훈,Choi Byoung-hoon,South Korea,Korea,1984-04-05,0,cCarter
2017,Spring,LCK,LoL Champions Korea,韩国,一级联赛,LCK 2017 Spring Playoffs,2017-04-07,SK Telecom T1,,Coach,kkOma,김정균,Kim Jeong-gyun,South Korea,Korea,1985-12-23,0,kkOma
2017,Spring,LCK,LoL Champions Korea,韩国,一级联赛,LCK 2017 Spring Promotion,2016-08-22,CJ Entus,CJE,Top,Shy,박상면,Park Sang-myeon,South Korea,Korea,1991-07-19,0,Shy
2017,Spring,LCK,LoL Champions Korea,韩国,一级联赛,LCK 2017 Spring Promotion,2016-08-22,CJ Entus,CJE,Jungle,Haru,강민승,Kang Min-seung,South Korea,Korea,1998-06-03,1,Haru
2017,Spring,LCK,LoL Champions Korea,韩国,一级联赛,LCK 2017 Spring Promotion,2016-08-22,CJ Entus,CJE,Mid,Bdd,곽보성,Gwak Bo-seong,South Korea,Korea,1999-03-01,0,Bdd
2017,Spring,LCK,LoL Champions Korea,韩国,一级联赛,LCK 2017 Spring Promotion,2016-08-22,CJ Entus,CJE,Mid,Sky,김하늘,Kim Ha-neul,South Korea,Korea,1998-07-17,0,Sky (Kim Ha-neul)
2017,Spring,LCK,LoL Champions Korea,韩国,一级联赛,LCK 2017 Spring Promotion,2016-08-22,CJ Entus,CJE,Bot,Kramer,하종훈,Ha Jong-hun,South Korea,Korea,1996-03-09,1,Kramer
2017,Spring,LCK,LoL Champions Korea,韩国,一级联赛,LCK 2017 Spring Promotion,2016-08-22,CJ Entus,CJE,Support,MadLife,홍민기,Hong Min-gi,South Korea,Korea,1992-10-05,0,MadLife
2017,Spring,LCK,LoL Champions Korea,韩国,一级联赛,LCK 2017 Spring Promotion,2016-08-22,CJ Entus,CJE,Coach,Reach,박정석,Park Jung-suk,South Korea,Korea,1983-12-27,0,Reach (Park Jung-suk)
2017,Spring,LCK,LoL Champions Korea,韩国,一级联赛,LCK 2017 Spring Promotion,2016-08-22,CJ Entus,CJE,Coach,Cain,장누리,Jang Nu-ri,South Korea,Korea,1987-02-06,1,Cain
2017,Spring,LCK,LoL Champions Korea,韩国,一级联赛,LCK 2017 Spring Promotion,2016-08-22,ESC Ever,,Top,Crazy,김재희,Kim Jae-hee,South Korea,Korea,1996-09-20,0,Crazy (Kim Jae-hee)
2017,Spring,LCK,LoL Champions Korea,韩国,一级联赛,LCK 2017 Spring Promotion,2016-08-22,ESC Ever,,Top,Firetrap,,,,,,,Firetrap
2017,Spring,LCK,LoL Champions Korea,韩国,一级联赛,LCK 2017 Spring Promotion,2016-08-22,ESC Ever,,Jungle,Ares,김민권,Kim Min-kwon,South Korea,Korea,1995-12-11,0,Ares (Kim Min-kwon)
2017,Spring,LCK,LoL Champions Korea,韩国,一级联赛,LCK 2017 Spring Promotion,2016-08-22,ESC Ever,,Jungle,Bless,최현웅,Choi Hyeon-woong,South Korea,Korea,1996-10-23,1,Bless (Choi Hyeon-woong)
2017,Spring,LCK,LoL Champions Korea,韩国,一级联赛,LCK 2017 Spring Promotion,2016-08-22,ESC Ever,,Mid,Tempt,강명구,Kang Myung-gu,South Korea,Korea,1998-05-13,0,Tempt
2017,Spring,LCK,LoL Champions Korea,韩国,一级联赛,LCK 2017 Spring Promotion,2016-08-22,ESC Ever,,Bot,LokeN,이동욱,Lee Dong-wook,South Korea,Korea,1998-02-14,1,LokeN
2017,Spring,LCK,LoL Champions Korea,韩国,一级联赛,LCK 2017 Spring Promotion,2016-08-22,ESC Ever,,Support,Key,김한기,Kim Han-gi,South Korea,Korea,1997-06-20,0,Key
2017,Spring,LCK,LoL Champions Korea,韩国,一级联赛,LCK 2017 Spring Promotion,2016-08-22,ESC Ever,,Support,Totoro,은종섭,Eun Jong-seop,South Korea,Korea,1996-05-06,1,Totoro (Eun Jong-seop)
2017,Spring,LCK,LoL Champions Korea,韩国,一级联赛,LCK 2017 Spring Promotion,2016-08-22,ESC Ever,,Coach,Kim Ga-ram,,,,,,,Kim Ga-ram
2017,Spring,LCK,LoL Champions Korea,韩国,一级联赛,LCK 2017 Spring Promotion,2016-08-22,ESC Ever,,Coach,Cho Gye-hyeon,,,,,,,Cho Gye-hyeon
2017,Spring,LCK,LoL Champions Korea,韩国,一级联赛,LCK 2017 Spring Promotion,2016-08-22,Kongdoo Monster,,Top,Roach,김강희,Kim Kang-hee,South Korea,Korea,1999-01-31,0,Roach
2017,Spring,LCK,LoL Champions Korea,韩国,一级联赛,LCK 2017 Spring Promotion,2016-08-22,Kongdoo Monster,,Jungle,Punch,손민혁,Son Min-hyuk,South Korea,Korea,1998-06-06,0,Punch
2017,Spring,LCK,LoL Champions Korea,韩国,一级联赛,LCK 2017 Spring Promotion,2016-08-22,Kongdoo Monster,,Mid,Edge,이호성,Lee Ho-sung,South Korea,Korea,1997-12-03,1,Edge
2017,Spring,LCK,LoL Champions Korea,韩国,一级联赛,LCK 2017 Spring Promotion,2016-08-22,Kongdoo Monster,,Bot,Ssol,서진솔,Seo Jin-sol,South Korea,Korea,1998-03-04,0,SSol
2017,Spring,LCK,LoL Champions Korea,韩国,一级联赛,LCK 2017 Spring Promotion,2016-08-22,Kongdoo Monster,,Support,GuGer,김도엽,Kim Do-yeop,South Korea,Korea,1994-02-07,0,GuGer
2017,Spring,LCK,LoL Champions Korea,韩国,一级联赛,LCK 2017 Spring Promotion,2016-08-22,Kongdoo Monster,,Coach,viNylCat,채우철,Chae Woo-cheol,South Korea,Korea,1985-07-30,1,viNylCat
2017,Spring,LCK,LoL Champions Korea,韩国,一级联赛,LCK 2017 Spring Promotion,2016-08-22,Kongdoo Monster,,Coach,Zefa,이재민,Lee Jae-min,South Korea,Korea,1988-02-04,0,Zefa
2017,Spring,LCK,LoL Champions Korea,韩国,一级联赛,LCK 2017 Spring Promotion,2016-08-22,SBENU Korea,,Top,Soul,서현석,Seo Hyeon-seok,South Korea,Korea,1994-11-16,0,Soul (Seo Hyeon-seok)
2017,Spring,LCK,LoL Champions Korea,韩国,一级联赛,LCK 2017 Spring Promotion,2016-08-22,SBENU Korea,,Jungle,Flawless,성연준,Sung Yeon-jun,South Korea,Korea,1998-07-26,1,Flawless
2017,Spring,LCK,LoL Champions Korea,韩国,一级联赛,LCK 2017 Spring Promotion,2016-08-22,SBENU Korea,,Mid,SaSin,오승주,Oh Seung-ju,South Korea,Korea,1994-02-03,1,SaSin
2017,Spring,LCK,LoL Champions Korea,韩国,一级联赛,LCK 2017 Spring Promotion,2016-08-22,SBENU Korea,,Bot,Nuclear,신정현,Shin Jeong-hyeon,South Korea,Korea,1997-05-19,0,Nuclear
2017,Spring,LCK,LoL Champions Korea,韩国,一级联赛,LCK 2017 Spring Promotion,2016-08-22,SBENU Korea,,Support,Lehends,손시우,Son Si-woo,South Korea,Korea,1998-12-24,0,lehends
2017,Spring,LCK,LoL Champions Korea,韩国,一级联赛,LCK 2017 Spring Promotion,2016-08-22,SBENU Korea,,Coach,Park Jae-seok,,,,,,,Park Jae-seok
2017,Spring,LCK,LoL Champions Korea,韩国,一级联赛,LCK 2017 Spring,2017-01-17,Afreeca Freecs,AFs,Top,MaRin,장경환,Jang Gyeong-hwan,South Korea,Korea,1991-02-12,0,MaRin
2017,Spring,LCK,LoL Champions Korea,韩国,一级联赛,LCK 2017 Spring,2017-01-17,Afreeca Freecs,AFs,Jungle,Spirit,이다윤,Lee Da-yoon,South Korea,Korea,1996-07-01,1,Spirit
2017,Spring,LCK,LoL Champions Korea,韩国,一级联赛,LCK 2017 Spring,2017-01-17,Afreeca Freecs,AFs,Jungle,Mowgli,이재하,Lee Jae-ha,South Korea,Korea,1998-04-14,0,Mowgli
2017,Spring,LCK,LoL Champions Korea,韩国,一级联赛,LCK 2017 Spring,2017-01-17,Afreeca Freecs,AFs,Mid,Kuro,이서행,Lee Seo-haeng,South Korea,Korea,1994-01-04,0,Kuro
2017,Spring,LCK,LoL Champions Korea,韩国,一级联赛,LCK 2017 Spring,2017-01-17,Afreeca Freecs,AFs,Bot,Kramer,하종훈,Ha Jong-hun,South Korea,Korea,1996-03-09,1,Kramer
2017,Spring,LCK,LoL Champions Korea,韩国,一级联赛,LCK 2017 Spring,2017-01-17,Afreeca Freecs,AFs,Support,TusiN,박종익,Park Jong-ik,South Korea,Korea,1995-11-12,1,TusiN
2017,Spring,LCK,LoL Champions Korea,韩国,一级联赛,LCK 2017 Spring,2017-01-17,Afreeca Freecs,AFs,Coach,iloveoov,최연성,Choi Yeon-sung,South Korea,Korea,1983-11-05,1,iloveoov
2017,Spring,LCK,LoL Champions Korea,韩国,一级联赛,LCK 2017 Spring,2017-01-17,Afreeca Freecs,AFs,Coach,Cho Gye-hyeon,,,,,,,Cho Gye-hyeon
2017,Spring,LCK,LoL Champions Korea,韩国,一级联赛,LCK 2017 Spring,2017-01-17,bbq Olivers,,Top,Crazy,김재희,Kim Jae-hee,South Korea,Korea,1996-09-20,0,Crazy (Kim Jae-hee)
2017,Spring,LCK,LoL Champions Korea,韩国,一级联赛,LCK 2017 Spring,2017-01-17,bbq Olivers,,Top,Part,진재승,Jin Jae-seung,South Korea,Korea,1995-02-12,1,Part
2017,Spring,LCK,LoL Champions Korea,韩国,一级联赛,LCK 2017 Spring,2017-01-17,bbq Olivers,,Jungle,Bless,최현웅,Choi Hyeon-woong,South Korea,Korea,1996-10-23,1,Bless (Choi Hyeon-woong)
2017,Spring,LCK,LoL Champions Korea,韩国,一级联赛,LCK 2017 Spring,2017-01-17,bbq Olivers,,Mid,Tempt,강명구,Kang Myung-gu,South Korea,Korea,1998-05-13,0,Tempt
2017,Spring,LCK,LoL Champions Korea,韩国,一级联赛,LCK 2017 Spring,2017-01-17,bbq Olivers,,Bot,Ghost,장용준,Jang Yong-jun,South Korea,Korea,1999-03-18,0,Ghost (Jang Yong-jun)
2017,Spring,LCK,LoL Champions Korea,韩国,一级联赛,LCK 2017 Spring,2017-01-17,bbq Olivers,,Support,Totoro,은종섭,Eun Jong-seop,South Korea,Korea,1996-05-06,1,Totoro (Eun Jong-seop)
2017,Spring,LCK,LoL Champions Korea,韩国,一级联赛,LCK 2017 Spring,2017-01-17,bbq Olivers,,Coach,Kim Ga-ram,,,,,,,Kim Ga-ram
2017,Spring,LCK,LoL Champions Korea,韩国,一级联赛,LCK 2017 Spring,2017-01-17,bbq Olivers,,Coach,Ares,김민권,Kim Min-kwon,South Korea,Korea,1995-12-11,0,Ares (Kim Min-kwon)
2017,Spring,LCK,LoL Champions Korea,韩国,一级联赛,LCK 2017 Spring,2017-01-17,Jin Air Green Wings,,Top,ikssu,전익수,Jeon Ik-soo,South Korea,Korea,1996-10-22,1,ikssu
2017,Spring,LCK,LoL Champions Korea,韩国,一级联赛,LCK 2017 Spring,2017-01-17,Jin Air Green Wings,,Top,SoHwan,김준영,Kim Jun-yeong,South Korea,Korea,1996-10-24,1,SoHwan
2017,Spring,LCK,LoL Champions Korea,韩国,一级联赛,LCK 2017 Spring,2017-01-17,Jin Air Green Wings,,Jungle,UmTi,엄성현,Um Sung-hyeon,South Korea,Korea,1999-06-02,0,UmTi
2017,Spring,LCK,LoL Champions Korea,韩国,一级联赛,LCK 2017 Spring,2017-01-17,Jin Air Green Wings,,Jungle,Raise,오지환,Oh Ji-hwan,South Korea,Korea,1997-10-18,0,Raise
2017,Spring,LCK,LoL Champions Korea,韩国,一级联赛,LCK 2017 Spring,2017-01-17,Jin Air Green Wings,,Mid,Kuzan,이성혁,Lee Seong-hyeok,South Korea,Korea,1997-01-07,1,Kuzan
2017,Spring,LCK,LoL Champions Korea,韩国,一级联赛,LCK 2017 Spring,2017-01-17,Jin Air Green Wings,,Bot,Teddy,박진성,Park Jin-seong,South Korea,Korea,1998-03-15,0,Teddy
2017,Spring,LCK,LoL Champions Korea,韩国,一级联赛,LCK 2017 Spring,2017-01-17,Jin Air Green Wings,,Support,SnowFlower,노회종,No Hoi-jong,South Korea,Korea,1997-02-24,1,SnowFlower
2017,Spring,LCK,LoL Champions Korea,韩国,一级联赛,LCK 2017 Spring,2017-01-17,Jin Air Green Wings,,Coach,Han Sang-yong,,,,,,,Han Sang-yong
2017,Spring,LCK,LoL Champions Korea,韩国,一级联赛,LCK 2017 Spring,2017-01-17,Jin Air Green Wings,,Coach,Sweet,천정희,Chun Jung-hee,South Korea,Korea,1985-11-14,1,Sweet (Chun Jung-hee)
2017,Spring,LCK,LoL Champions Korea,韩国,一级联赛,LCK 2017 Spring,2017-01-17,Kongdoo Monster,,Top,Roach,김강희,Kim Kang-hee,South Korea,Korea,1999-01-31,0,Roach
2017,Spring,LCK,LoL Champions Korea,韩国,一级联赛,LCK 2017 Spring,2017-01-17,Kongdoo Monster,,Jungle,Punch,손민혁,Son Min-hyuk,South Korea,Korea,1998-06-06,0,Punch
2017,Spring,LCK,LoL Champions Korea,韩国,一级联赛,LCK 2017 Spring,2017-01-17,Kongdoo Monster,,Mid,Edge,이호성,Lee Ho-sung,South Korea,Korea,1997-12-03,1,Edge
2017,Spring,LCK,LoL Champions Korea,韩国,一级联赛,LCK 2017 Spring,2017-01-17,Kongdoo Monster,,Bot,Ssol,서진솔,Seo Jin-sol,South Korea,Korea,1998-03-04,0,SSol
2017,Spring,LCK,LoL Champions Korea,韩国,一级联赛,LCK 2017 Spring,2017-01-17,Kongdoo Monster,,Support,GuGer,김도엽,Kim Do-yeop,South Korea,Korea,1994-02-07,0,GuGer
2017,Spring,LCK,LoL Champions Korea,韩国,一级联赛,LCK 2017 Spring,2017-01-17,Kongdoo Monster,,Support,Secret,박기선,Park Ki-sun,South Korea,Korea,1997-05-27,1,Secret (Park Ki-sun)
2017,Spring,LCK,LoL Champions Korea,韩国,一级联赛,LCK 2017 Spring,2017-01-17,Kongdoo Monster,,Coach,MC (Jang Min-chul),,,,,,,MC (Jang Min-chul)
2017,Spring,LCK,LoL Champions Korea,韩国,一级联赛,LCK 2017 Spring,2017-01-17,KT Rolster,,Top,Smeb,송경호,Song Kyung-ho,South Korea,Korea,1995-06-30,0,Smeb
2017,Spring,LCK,LoL Champions Korea,韩国,一级联赛,LCK 2017 Spring,2017-01-17,KT Rolster,,Jungle,Score,고동빈,Go Dong-bin,South Korea,Korea,1992-07-08,0,Score
2017,Spring,LCK,LoL Champions Korea,韩国,一级联赛,LCK 2017 Spring,2017-01-17,KT Rolster,,Mid,PawN,허원석,Heo Won-seok,South Korea,Korea,1997-01-26,0,PawN
2017,Spring,LCK,LoL Champions Korea,韩国,一级联赛,LCK 2017 Spring,2017-01-17,KT Rolster,,Bot,Deft,김혁규,Kim Hyuk-kyu,South Korea,Korea,1996-10-23,0,Deft
2017,Spring,LCK,LoL Champions Korea,韩国,一级联赛,LCK 2017 Spring,2017-01-17,KT Rolster,,Support,Mata,조세형,Cho Se-hyeong,South Korea,Korea,1994-02-27,0,Mata
2017,Spring,LCK,LoL Champions Korea,韩国,一级联赛,LCK 2017 Spring,2017-01-17,KT Rolster,,Coach,Lee Ji-hoon,,,,,,,Lee Ji-hoon
2017,Spring,LCK,LoL Champions Korea,韩国,一级联赛,LCK 2017 Spring,2017-01-17,KT Rolster,,Coach,ZanDarC,오창종,Oh Chang-jong,South Korea,Korea,1983-10-01,1,ZanDarc
2017,Spring,LCK,LoL Champions Korea,韩国,一级联赛,LCK 2017 Spring,2017-01-17,Longzhu Gaming,,Top,Expession,구본택,Koo Bon-taek,South Korea,Korea,1992-09-16,1,Expession
2017,Spring,LCK,LoL Champions Korea,韩国,一级联赛,LCK 2017 Spring,2017-01-17,Longzhu Gaming,,Jungle,Crash,이동우,Lee Dong-woo,South Korea,Korea,1997-01-05,1,Crash
2017,Spring,LCK,LoL Champions Korea,韩国,一级联赛,LCK 2017 Spring,2017-01-17,Longzhu Gaming,,Mid,Fly,송용준,Song Yong-jun,South Korea,Korea,1996-02-25,1,Fly (Song Yong-jun)
2017,Spring,LCK,LoL Champions Korea,韩国,一级联赛,LCK 2017 Spring,2017-01-17,Longzhu Gaming,,Bot,PraY,김종인,Kim Jong-in,South Korea,Korea,1994-01-06,0,PraY
2017,Spring,LCK,LoL Champions Korea,韩国,一级联赛,LCK 2017 Spring,2017-01-17,Longzhu Gaming,,Support,GorillA,강범현,Kang Beom-hyun,South Korea,Korea,1994-11-18,0,GorillA
2017,Spring,LCK,LoL Champions Korea,韩国,一级联赛,LCK 2017 Spring,2017-01-17,Longzhu Gaming,,Coach,Hirai,강동훈,Kang Dong-hoon,South Korea,Korea,1982-03-26,0,Hirai
2017,Spring,LCK,LoL Champions Korea,韩国,一级联赛,LCK 2017 Spring,2017-01-17,Longzhu Gaming,,Coach,Ssong,김상수,Kim Sang-soo,South Korea,Korea,1989-10-15,0,SSONG
2017,Spring,LCK,LoL Champions Korea,韩国,一级联赛,LCK 2017 Spring,2017-01-17,Longzhu Gaming,,Coach,Kim Jeong-soo,,,,,,,Kim Jeong-soo
2017,Spring,LCK,LoL Champions Korea,韩国,一级联赛,LCK 2017 Spring,2017-01-17,MVP,,Top,ADD,강건모,Kang Geon-mo,South Korea,Korea,1998-10-17,0,ADD
2017,Spring,LCK,LoL Champions Korea,韩国,一级联赛,LCK 2017 Spring,2017-01-17,MVP,,Jungle,Beyond,김규석,Kim Kyu-seok,South Korea,Korea,1997-08-18,1,Beyond (Kim Kyu-seok)
2017,Spring,LCK,LoL Champions Korea,韩国,一级联赛,LCK 2017 Spring,2017-01-17,MVP,,Mid,Ian,안준형,An Jun-hyeong,South Korea,Korea,1998-01-22,0,Ian
2017,Spring,LCK,LoL Champions Korea,韩国,一级联赛,LCK 2017 Spring,2017-01-17,MVP,,Bot,MaHa,오현식,Oh Hyun-sik,South Korea,Korea,1995-11-07,1,MaHa
2017,Spring,LCK,LoL Champions Korea,韩国,一级联赛,LCK 2017 Spring,2017-01-17,MVP,,Support,Max,정종빈,Jeong Jong-bin,South Korea,Korea,1996-05-30,0,Max (Jeong Jong-bin)
2017,Spring,LCK,LoL Champions Korea,韩国,一级联赛,LCK 2017 Spring,2017-01-17,MVP,,Coach,Hell,권재환,Kwon Jae-hwan,South Korea,Korea,1990-02-06,0,Hell
2017,Spring,LCK,LoL Champions Korea,韩国,一级联赛,LCK 2017 Spring,2017-01-17,MVP,,Coach,Saroo,이종원,Lee Jong-won,South Korea,Korea,1991-07-20,0,Saroo
2017,Spring,LCK,LoL Champions Korea,韩国,一级联赛,LCK 2017 Spring,2017-01-17,ROX Tigers,,Top,Lindarang,허만흥,Heo Man-heung,South Korea,Korea,1997-08-25,0,Lindarang
2017,Spring,LCK,LoL Champions Korea,韩国,一级联赛,LCK 2017 Spring,2017-01-17,ROX Tigers,,Top,Shy,박상면,Park Sang-myeon,South Korea,Korea,1991-07-19,0,Shy
2017,Spring,LCK,LoL Champions Korea,韩国,一级联赛,LCK 2017 Spring,2017-01-17,ROX Tigers,,Jungle,SeongHwan,윤성환,Yoon Seong-hwan,South Korea,Korea,1997-12-11,1,Seonghwan
2017,Spring,LCK,LoL Champions Korea,韩国,一级联赛,LCK 2017 Spring,2017-01-17,ROX Tigers,,Jungle,Mightybear,김민수,Kim Min-su,South Korea,Korea,1995-09-06,1,Mightybear
2017,Spring,LCK,LoL Champions Korea,韩国,一级联赛,LCK 2017 Spring,2017-01-17,ROX Tigers,,Mid,Mickey,손영민,Son Young-min,South Korea,Korea,1997-07-15,1,Mickey (Son Young-min)
2017,Spring,LCK,LoL Champions Korea,韩国,一级联赛,LCK 2017 Spring,2017-01-17,ROX Tigers,,Bot,Sangyoon,권상윤,Gwon Sang-yun,South Korea,Korea,1995-12-20,1,Sangyoon
2017,Spring,LCK,LoL Champions Korea,韩国,一级联赛,LCK 2017 Spring,2017-01-17,ROX Tigers,,Support,Key,김한기,Kim Han-gi,South Korea,Korea,1997-06-20,0,Key
2017,Spring,LCK,LoL Champions Korea,韩国,一级联赛,LCK 2017 Spring,2017-01-17,ROX Tigers,,Coach,OnAir,강현종,Kang Hyun-jong,South Korea,Korea,1980-09-14,0,OnAir
2017,Spring,LCK,LoL Champions Korea,韩国,一级联赛,LCK 2017 Spring,2017-01-17,ROX Tigers,,Coach,Gosu,,,Canada,North America,1994-07-08,0,gosu
2017,Spring,LCK,LoL Champions Korea,韩国,一级联赛,LCK 2017 Spring,2017-01-17,Samsung Galaxy,,Top,CuVee,이성진,Lee Seong-jin,South Korea,Korea,1996-09-27,0,CuVee
2017,Spring,LCK,LoL Champions Korea,韩国,一级联赛,LCK 2017 Spring,2017-01-17,Samsung Galaxy,,Jungle,Ambition,강찬용,Kang Chan-yong,South Korea,Korea,1992-10-27,0,Ambition
2017,Spring,LCK,LoL Champions Korea,韩国,一级联赛,LCK 2017 Spring,2017-01-17,Samsung Galaxy,,Jungle,Haru,강민승,Kang Min-seung,South Korea,Korea,1998-06-03,1,Haru
2017,Spring,LCK,LoL Champions Korea,韩国,一级联赛,LCK 2017 Spring,2017-01-17,Samsung Galaxy,,Mid,Crown,이민호,Lee Min-ho,South Korea,Korea,1995-02-28,0,Crown
2017,Spring,LCK,LoL Champions Korea,韩国,一级联赛,LCK 2017 Spring,2017-01-17,Samsung Galaxy,,Bot,Ruler,박재혁,Park Jae-hyuk,South Korea,Korea,1998-12-29,0,Ruler
2017,Spring,LCK,LoL Champions Korea,韩国,一级联赛,LCK 2017 Spring,2017-01-17,Samsung Galaxy,,Bot,Stitch,이승주,Lee Seung-ju,South Korea,Korea,1996-11-02,1,Stitch
2017,Spring,LCK,LoL Champions Korea,韩国,一级联赛,LCK 2017 Spring,2017-01-17,Samsung Galaxy,,Support,CoreJJ,조용인,Jo Yong-in,South Korea,North America,1994-06-22,0,CoreJJ
2017,Spring,LCK,LoL Champions Korea,韩国,一级联赛,LCK 2017 Spring,2017-01-17,Samsung Galaxy,,Support,Wraith,권지민,Kwon Ji-min,South Korea,Korea,1995-09-28,0,Wraith
2017,Spring,LCK,LoL Champions Korea,韩国,一级联赛,LCK 2017 Spring,2017-01-17,Samsung Galaxy,,Coach,Edgar,최우범,Choi Woo-beom,South Korea,Korea,1984-01-03,0,Edgar
2017,Spring,LCK,LoL Champions Korea,韩国,一级联赛,LCK 2017 Spring,2017-01-17,Samsung Galaxy,,Coach,TrAce,여창동,Yeo Chang-dong,South Korea,Korea,1989-11-02,1,TrAce
2017,Spring,LCK,LoL Champions Korea,韩国,一级联赛,LCK 2017 Spring,2017-01-17,SK Telecom T1,,Top,Huni,허승훈,Heo Seung-hoon,South Korea,North America,1997-12-25,0,Huni
2017,Spring,LCK,LoL Champions Korea,韩国,一级联赛,LCK 2017 Spring,2017-01-17,SK Telecom T1,,Top,Profit,김준형,Kim Jun-hyung,South Korea,Korea,1995-09-15,1,Profit
2017,Spring,LCK,LoL Champions Korea,韩国,一级联赛,LCK 2017 Spring,2017-01-17,SK Telecom T1,,Jungle,Peanut,한왕호,Han Wang-ho,South Korea,Korea,1998-02-03,1,Peanut
2017,Spring,LCK,LoL Champions Korea,韩国,一级联赛,LCK 2017 Spring,2017-01-17,SK Telecom T1,,Jungle,Blank,강선구,Kang Sun-gu,South Korea,Korea,1998-04-30,1,Blank (Kang Sun-gu)
2017,Spring,LCK,LoL Champions Korea,韩国,一级联赛,LCK 2017 Spring,2017-01-17,SK Telecom T1,,Mid,Faker,이상혁,Lee Sang-hyeok,South Korea,Korea,1996-05-07,0,Faker
2017,Spring,LCK,LoL Champions Korea,韩国,一级联赛,LCK 2017 Spring,2017-01-17,SK Telecom T1,,Bot,Bang,배준식,Bae Jun-sik,South Korea,Korea,1996-05-18,0,Bang
2017,Spring,LCK,LoL Champions Korea,韩国,一级联赛,LCK 2017 Spring,2017-01-17,SK Telecom T1,,Support,Wolf,이재완,Lee Jae-wan,South Korea,Korea,1996-09-09,0,Wolf (Lee Jae-wan)
2017,Spring,LCK,LoL Champions Korea,韩国,一级联赛,LCK 2017 Spring,2017-01-17,SK Telecom T1,,Coach,cCarter,최병훈,Choi Byoung-hoon,South Korea,Korea,1984-04-05,0,cCarter
2017,Spring,LCK,LoL Champions Korea,韩国,一级联赛,LCK 2017 Spring,2017-01-17,SK Telecom T1,,Coach,kkOma,김정균,Kim Jeong-gyun,South Korea,Korea,1985-12-23,0,kkOma
2017,Spring,LCK,LoL Champions Korea,韩国,一级联赛,LCK 2017 Spring,2017-01-17,SK Telecom T1,,Coach,RapidStar,정민성,Jung Min-sung,South Korea,Korea,1993-05-05,0,RapidStar
2017,Summer,LCK,LoL Champions Korea,韩国,一级联赛,LCK 2017 Summer Playoffs,2017-08-12,Afreeca Freecs,AFs,Top,MaRin,장경환,Jang Gyeong-hwan,South Korea,Korea,1991-02-12,0,MaRin
2017,Summer,LCK,LoL Champions Korea,韩国,一级联赛,LCK 2017 Summer Playoffs,2017-08-12,Afreeca Freecs,AFs,Jungle,Spirit,이다윤,Lee Da-yoon,South Korea,Korea,1996-07-01,1,Spirit
2017,Summer,LCK,LoL Champions Korea,韩国,一级联赛,LCK 2017 Summer Playoffs,2017-08-12,Afreeca Freecs,AFs,Mid,Kuro,이서행,Lee Seo-haeng,South Korea,Korea,1994-01-04,0,Kuro
2017,Summer,LCK,LoL Champions Korea,韩国,一级联赛,LCK 2017 Summer Playoffs,2017-08-12,Afreeca Freecs,AFs,Bot,Kramer,하종훈,Ha Jong-hun,South Korea,Korea,1996-03-09,1,Kramer
2017,Summer,LCK,LoL Champions Korea,韩国,一级联赛,LCK 2017 Summer Playoffs,2017-08-12,Afreeca Freecs,AFs,Support,TusiN,박종익,Park Jong-ik,South Korea,Korea,1995-11-12,1,TusiN
2017,Summer,LCK,LoL Champions Korea,韩国,一级联赛,LCK 2017 Summer Playoffs,2017-08-12,Afreeca Freecs,AFs,Coach,iloveoov,최연성,Choi Yeon-sung,South Korea,Korea,1983-11-05,1,iloveoov
2017,Summer,LCK,LoL Champions Korea,韩国,一级联赛,LCK 2017 Summer Playoffs,2017-08-12,Afreeca Freecs,AFs,Coach,Cho Gye-hyeon,,,,,,,Cho Gye-hyeon
2017,Summer,LCK,LoL Champions Korea,韩国,一级联赛,LCK 2017 Summer Playoffs,2017-08-12,KT Rolster,,Top,Smeb,송경호,Song Kyung-ho,South Korea,Korea,1995-06-30,0,Smeb
2017,Summer,LCK,LoL Champions Korea,韩国,一级联赛,LCK 2017 Summer Playoffs,2017-08-12,KT Rolster,,Jungle,Score,고동빈,Go Dong-bin,South Korea,Korea,1992-07-08,0,Score
2017,Summer,LCK,LoL Champions Korea,韩国,一级联赛,LCK 2017 Summer Playoffs,2017-08-12,KT Rolster,,Mid,PawN,허원석,Heo Won-seok,South Korea,Korea,1997-01-26,0,PawN
2017,Summer,LCK,LoL Champions Korea,韩国,一级联赛,LCK 2017 Summer Playoffs,2017-08-12,KT Rolster,,Bot,Deft,김혁규,Kim Hyuk-kyu,South Korea,Korea,1996-10-23,0,Deft
2017,Summer,LCK,LoL Champions Korea,韩国,一级联赛,LCK 2017 Summer Playoffs,2017-08-12,KT Rolster,,Support,Mata,조세형,Cho Se-hyeong,South Korea,Korea,1994-02-27,0,Mata
2017,Summer,LCK,LoL Champions Korea,韩国,一级联赛,LCK 2017 Summer Playoffs,2017-08-12,KT Rolster,,Coach,Lee Ji-hoon,,,,,,,Lee Ji-hoon
2017,Summer,LCK,LoL Champions Korea,韩国,一级联赛,LCK 2017 Summer Playoffs,2017-08-12,KT Rolster,,Coach,ZanDarC,오창종,Oh Chang-jong,South Korea,Korea,1983-10-01,1,ZanDarc
2017,Summer,LCK,LoL Champions Korea,韩国,一级联赛,LCK 2017 Summer Playoffs,2017-08-12,Longzhu Gaming,,Top,Khan,김동하,Kim Dong-ha,South Korea,Korea,1995-12-22,0,Khan
2017,Summer,LCK,LoL Champions Korea,韩国,一级联赛,LCK 2017 Summer Playoffs,2017-08-12,Longzhu Gaming,,Jungle,Cuzz,문우찬,Moon Woo-chan,South Korea,Korea,1999-10-30,0,Cuzz
2017,Summer,LCK,LoL Champions Korea,韩国,一级联赛,LCK 2017 Summer Playoffs,2017-08-12,Longzhu Gaming,,Mid,Bdd,곽보성,Gwak Bo-seong,South Korea,Korea,1999-03-01,0,Bdd
2017,Summer,LCK,LoL Champions Korea,韩国,一级联赛,LCK 2017 Summer Playoffs,2017-08-12,Longzhu Gaming,,Bot,PraY,김종인,Kim Jong-in,South Korea,Korea,1994-01-06,0,PraY
2017,Summer,LCK,LoL Champions Korea,韩国,一级联赛,LCK 2017 Summer Playoffs,2017-08-12,Longzhu Gaming,,Support,GorillA,강범현,Kang Beom-hyun,South Korea,Korea,1994-11-18,0,GorillA
2017,Summer,LCK,LoL Champions Korea,韩国,一级联赛,LCK 2017 Summer Playoffs,2017-08-12,Longzhu Gaming,,Coach,Kim Jeong-soo,,,,,,,Kim Jeong-soo
2017,Summer,LCK,LoL Champions Korea,韩国,一级联赛,LCK 2017 Summer Playoffs,2017-08-12,Longzhu Gaming,,Coach,supreme,최승민,Choi Seung-min,South Korea,Korea,1987-04-27,0,Supreme
2017,Summer,LCK,LoL Champions Korea,韩国,一级联赛,LCK 2017 Summer Playoffs,2017-08-12,Samsung Galaxy,,Top,CuVee,이성진,Lee Seong-jin,South Korea,Korea,1996-09-27,0,CuVee
2017,Summer,LCK,LoL Champions Korea,韩国,一级联赛,LCK 2017 Summer Playoffs,2017-08-12,Samsung Galaxy,,Jungle,Haru,강민승,Kang Min-seung,South Korea,Korea,1998-06-03,1,Haru
2017,Summer,LCK,LoL Champions Korea,韩国,一级联赛,LCK 2017 Summer Playoffs,2017-08-12,Samsung Galaxy,,Jungle,Ambition,강찬용,Kang Chan-yong,South Korea,Korea,1992-10-27,0,Ambition
2017,Summer,LCK,LoL Champions Korea,韩国,一级联赛,LCK 2017 Summer Playoffs,2017-08-12,Samsung Galaxy,,Mid,Crown,이민호,Lee Min-ho,South Korea,Korea,1995-02-28,0,Crown
2017,Summer,LCK,LoL Champions Korea,韩国,一级联赛,LCK 2017 Summer Playoffs,2017-08-12,Samsung Galaxy,,Bot,Ruler,박재혁,Park Jae-hyuk,South Korea,Korea,1998-12-29,0,Ruler
2017,Summer,LCK,LoL Champions Korea,韩国,一级联赛,LCK 2017 Summer Playoffs,2017-08-12,Samsung Galaxy,,Bot,Stitch,이승주,Lee Seung-ju,South Korea,Korea,1996-11-02,1,Stitch
2017,Summer,LCK,LoL Champions Korea,韩国,一级联赛,LCK 2017 Summer Playoffs,2017-08-12,Samsung Galaxy,,Support,CoreJJ,조용인,Jo Yong-in,South Korea,North America,1994-06-22,0,CoreJJ
2017,Summer,LCK,LoL Champions Korea,韩国,一级联赛,LCK 2017 Summer Playoffs,2017-08-12,Samsung Galaxy,,Support,Wraith,권지민,Kwon Ji-min,South Korea,Korea,1995-09-28,0,Wraith
2017,Summer,LCK,LoL Champions Korea,韩国,一级联赛,LCK 2017 Summer Playoffs,2017-08-12,Samsung Galaxy,,Coach,Edgar,최우범,Choi Woo-beom,South Korea,Korea,1984-01-03,0,Edgar
2017,Summer,LCK,LoL Champions Korea,韩国,一级联赛,LCK 2017 Summer Playoffs,2017-08-12,Samsung Galaxy,,Coach,TrAce,여창동,Yeo Chang-dong,South Korea,Korea,1989-11-02,1,TrAce
2017,Summer,LCK,LoL Champions Korea,韩国,一级联赛,LCK 2017 Summer Playoffs,2017-08-12,SK Telecom T1,,Top,Untara,박의진,Park Ui-jin,South Korea,Korea,1996-12-31,0,Untara
2017,Summer,LCK,LoL Champions Korea,韩国,一级联赛,LCK 2017 Summer Playoffs,2017-08-12,SK Telecom T1,,Top,Huni,허승훈,Heo Seung-hoon,South Korea,North America,1997-12-25,0,Huni
2017,Summer,LCK,LoL Champions Korea,韩国,一级联赛,LCK 2017 Summer Playoffs,2017-08-12,SK Telecom T1,,Jungle,Peanut,한왕호,Han Wang-ho,South Korea,Korea,1998-02-03,1,Peanut
2017,Summer,LCK,LoL Champions Korea,韩国,一级联赛,LCK 2017 Summer Playoffs,2017-08-12,SK Telecom T1,,Jungle,Blank,강선구,Kang Sun-gu,South Korea,Korea,1998-04-30,1,Blank (Kang Sun-gu)
2017,Summer,LCK,LoL Champions Korea,韩国,一级联赛,LCK 2017 Summer Playoffs,2017-08-12,SK Telecom T1,,Mid,Faker,이상혁,Lee Sang-hyeok,South Korea,Korea,1996-05-07,0,Faker
2017,Summer,LCK,LoL Champions Korea,韩国,一级联赛,LCK 2017 Summer Playoffs,2017-08-12,SK Telecom T1,,Bot,Bang,배준식,Bae Jun-sik,South Korea,Korea,1996-05-18,0,Bang
2017,Summer,LCK,LoL Champions Korea,韩国,一级联赛,LCK 2017 Summer Playoffs,2017-08-12,SK Telecom T1,,Support,Wolf,이재완,Lee Jae-wan,South Korea,Korea,1996-09-09,0,Wolf (Lee Jae-wan)
2017,Summer,LCK,LoL Champions Korea,韩国,一级联赛,LCK 2017 Summer Playoffs,2017-08-12,SK Telecom T1,,Coach,cCarter,최병훈,Choi Byoung-hoon,South Korea,Korea,1984-04-05,0,cCarter
2017,Summer,LCK,LoL Champions Korea,韩国,一级联赛,LCK 2017 Summer Playoffs,2017-08-12,SK Telecom T1,,Coach,kkOma,김정균,Kim Jeong-gyun,South Korea,Korea,1985-12-23,0,kkOma
2017,Summer,LCK,LoL Champions Korea,韩国,一级联赛,LCK 2017 Summer Promotion,2017-04-25,CJ Entus,CJE,Top,Soul,서현석,Seo Hyeon-seok,South Korea,Korea,1994-11-16,0,Soul (Seo Hyeon-seok)
2017,Summer,LCK,LoL Champions Korea,韩国,一级联赛,LCK 2017 Summer Promotion,2017-04-25,CJ Entus,CJE,Jungle,Winged,박태진,Park Tae-jin,South Korea,Korea,1992-08-20,0,Winged
2017,Summer,LCK,LoL Champions Korea,韩国,一级联赛,LCK 2017 Summer Promotion,2017-04-25,CJ Entus,CJE,Mid,Candy,김승주,Kim Seung-ju,South Korea,Korea,1996-01-21,1,Candy (Kim Seung-ju)
2017,Summer,LCK,LoL Champions Korea,韩国,一级联赛,LCK 2017 Summer Promotion,2017-04-25,CJ Entus,CJE,Bot,Veritas,김경민,Kim Kyoung-min,South Korea,Korea,1995-05-22,1,Veritas
2017,Summer,LCK,LoL Champions Korea,韩国,一级联赛,LCK 2017 Summer Promotion,2017-04-25,CJ Entus,CJE,Support,Pure,김진선,Kim Jin-sun,South Korea,Korea,1995-12-29,1,Pure
2017,Summer,LCK,LoL Champions Korea,韩国,一级联赛,LCK 2017 Summer Promotion,2017-04-25,CJ Entus,CJE,Coach,Reach,박정석,Park Jung-suk,South Korea,Korea,1983-12-27,0,Reach (Park Jung-suk)
2017,Summer,LCK,LoL Champions Korea,韩国,一级联赛,LCK 2017 Summer Promotion,2017-04-25,CJ Entus,CJE,Coach,viNylCat,채우철,Chae Woo-cheol,South Korea,Korea,1985-07-30,1,viNylCat
2017,Summer,LCK,LoL Champions Korea,韩国,一级联赛,LCK 2017 Summer Promotion,2017-04-25,Ever8 Winners,,Top,Helper,권영재,Kwon Yeong-jae,South Korea,Korea,1995-03-24,0,Helper (Kwon Yeong-jae)
2017,Summer,LCK,LoL Champions Korea,韩国,一级联赛,LCK 2017 Summer Promotion,2017-04-25,Ever8 Winners,,Jungle,Malrang,김근성,Kim Geun-seong,South Korea,Korea,2000-02-09,0,Malrang
2017,Summer,LCK,LoL Champions Korea,韩国,一级联赛,LCK 2017 Summer Promotion,2017-04-25,Ever8 Winners,,Mid,Cepted,박위림,Park Wi-rim,South Korea,Korea,1997-08-26,1,Cepted
2017,Summer,LCK,LoL Champions Korea,韩国,一级联赛,LCK 2017 Summer Promotion,2017-04-25,Ever8 Winners,,Bot,DeuL,김들,Kim Deul,South Korea,Korea,1994-09-25,1,Deul
2017,Summer,LCK,LoL Champions Korea,韩国,一级联赛,LCK 2017 Summer Promotion,2017-04-25,Ever8 Winners,,Support,Ella,곽나훈,Kwak Na-hoon,South Korea,Korea,1995-02-05,0,Ella
2017,Summer,LCK,LoL Champions Korea,韩国,一级联赛,LCK 2017 Summer Promotion,2017-04-25,Ever8 Winners,,Coach,SpawN,박시한,Park Shi-han,South Korea,Korea,1988-04-30,1,SpawN (Park Shi-han)
2017,Summer,LCK,LoL Champions Korea,韩国,一级联赛,LCK 2017 Summer Promotion,2017-04-25,Ever8 Winners,,Coach,Alvingo,최병철,Choi Byeong-cheol,South Korea,Korea,1992-06-04,0,Alvingo
2017,Summer,LCK,LoL Champions Korea,韩国,一级联赛,LCK 2017 Summer Promotion,2017-04-25,Jin Air Green Wings,,Top,SoHwan,김준영,Kim Jun-yeong,South Korea,Korea,1996-10-24,1,SoHwan
2017,Summer,LCK,LoL Champions Korea,韩国,一级联赛,LCK 2017 Summer Promotion,2017-04-25,Jin Air Green Wings,,Top,ikssu,전익수,Jeon Ik-soo,South Korea,Korea,1996-10-22,1,ikssu
2017,Summer,LCK,LoL Champions Korea,韩国,一级联赛,LCK 2017 Summer Promotion,2017-04-25,Jin Air Green Wings,,Jungle,UmTi,엄성현,Um Sung-hyeon,South Korea,Korea,1999-06-02,0,UmTi
2017,Summer,LCK,LoL Champions Korea,韩国,一级联赛,LCK 2017 Summer Promotion,2017-04-25,Jin Air Green Wings,,Mid,Kuzan,이성혁,Lee Seong-hyeok,South Korea,Korea,1997-01-07,1,Kuzan
2017,Summer,LCK,LoL Champions Korea,韩国,一级联赛,LCK 2017 Summer Promotion,2017-04-25,Jin Air Green Wings,,Bot,Teddy,박진성,Park Jin-seong,South Korea,Korea,1998-03-15,0,Teddy
2017,Summer,LCK,LoL Champions Korea,韩国,一级联赛,LCK 2017 Summer Promotion,2017-04-25,Jin Air Green Wings,,Support,SnowFlower,노회종,No Hoi-jong,South Korea,Korea,1997-02-24,1,SnowFlower
2017,Summer,LCK,LoL Champions Korea,韩国,一级联赛,LCK 2017 Summer Promotion,2017-04-25,Jin Air Green Wings,,Coach,Han Sang-yong,,,,,,,Han Sang-yong
2017,Summer,LCK,LoL Champions Korea,韩国,一级联赛,LCK 2017 Summer Promotion,2017-04-25,Jin Air Green Wings,,Coach,Sweet,천정희,Chun Jung-hee,South Korea,Korea,1985-11-14,1,Sweet (Chun Jung-hee)
2017,Summer,LCK,LoL Champions Korea,韩国,一级联赛,LCK 2017 Summer Promotion,2017-04-25,Kongdoo Monster,,Top,Roach,김강희,Kim Kang-hee,South Korea,Korea,1999-01-31,0,Roach
2017,Summer,LCK,LoL Champions Korea,韩国,一级联赛,LCK 2017 Summer Promotion,2017-04-25,Kongdoo Monster,,Jungle,Punch,손민혁,Son Min-hyuk,South Korea,Korea,1998-06-06,0,Punch
2017,Summer,LCK,LoL Champions Korea,韩国,一级联赛,LCK 2017 Summer Promotion,2017-04-25,Kongdoo Monster,,Mid,Edge,이호성,Lee Ho-sung,South Korea,Korea,1997-12-03,1,Edge
2017,Summer,LCK,LoL Champions Korea,韩国,一级联赛,LCK 2017 Summer Promotion,2017-04-25,Kongdoo Monster,,Bot,Ssol,서진솔,Seo Jin-sol,South Korea,Korea,1998-03-04,0,SSol
2017,Summer,LCK,LoL Champions Korea,韩国,一级联赛,LCK 2017 Summer Promotion,2017-04-25,Kongdoo Monster,,Support,GuGer,김도엽,Kim Do-yeop,South Korea,Korea,1994-02-07,0,GuGer
2017,Summer,LCK,LoL Champions Korea,韩国,一级联赛,LCK 2017 Summer Promotion,2017-04-25,Kongdoo Monster,,Coach,MC (Jang Min-chul),,,,,,,MC (Jang Min-chul)
2017,Summer,LCK,LoL Champions Korea,韩国,一级联赛,LCK 2017 Summer Promotion,2017-04-25,Kongdoo Monster,,Coach,Zefa,이재민,Lee Jae-min,South Korea,Korea,1988-02-04,0,Zefa
2017,Summer,LCK,LoL Champions Korea,韩国,一级联赛,LCK 2017 Summer,2017-05-30,Afreeca Freecs,AFs,Top,MaRin,장경환,Jang Gyeong-hwan,South Korea,Korea,1991-02-12,0,MaRin
2017,Summer,LCK,LoL Champions Korea,韩国,一级联赛,LCK 2017 Summer,2017-05-30,Afreeca Freecs,AFs,Jungle,Spirit,이다윤,Lee Da-yoon,South Korea,Korea,1996-07-01,1,Spirit
2017,Summer,LCK,LoL Champions Korea,韩国,一级联赛,LCK 2017 Summer,2017-05-30,Afreeca Freecs,AFs,Jungle,Mowgli,이재하,Lee Jae-ha,South Korea,Korea,1998-04-14,0,Mowgli
2017,Summer,LCK,LoL Champions Korea,韩国,一级联赛,LCK 2017 Summer,2017-05-30,Afreeca Freecs,AFs,Mid,Kuro,이서행,Lee Seo-haeng,South Korea,Korea,1994-01-04,0,Kuro
2017,Summer,LCK,LoL Champions Korea,韩国,一级联赛,LCK 2017 Summer,2017-05-30,Afreeca Freecs,AFs,Bot,Kramer,하종훈,Ha Jong-hun,South Korea,Korea,1996-03-09,1,Kramer
2017,Summer,LCK,LoL Champions Korea,韩国,一级联赛,LCK 2017 Summer,2017-05-30,Afreeca Freecs,AFs,Support,TusiN,박종익,Park Jong-ik,South Korea,Korea,1995-11-12,1,TusiN
2017,Summer,LCK,LoL Champions Korea,韩国,一级联赛,LCK 2017 Summer,2017-05-30,Afreeca Freecs,AFs,Coach,iloveoov,최연성,Choi Yeon-sung,South Korea,Korea,1983-11-05,1,iloveoov
2017,Summer,LCK,LoL Champions Korea,韩国,一级联赛,LCK 2017 Summer,2017-05-30,Afreeca Freecs,AFs,Coach,Cho Gye-hyeon,,,,,,,Cho Gye-hyeon
2017,Summer,LCK,LoL Champions Korea,韩国,一级联赛,LCK 2017 Summer,2017-05-30,bbq Olivers,,Top,Crazy,김재희,Kim Jae-hee,South Korea,Korea,1996-09-20,0,Crazy (Kim Jae-hee)
2017,Summer,LCK,LoL Champions Korea,韩国,一级联赛,LCK 2017 Summer,2017-05-30,bbq Olivers,,Jungle,Bless,최현웅,Choi Hyeon-woong,South Korea,Korea,1996-10-23,1,Bless (Choi Hyeon-woong)
2017,Summer,LCK,LoL Champions Korea,韩国,一级联赛,LCK 2017 Summer,2017-05-30,bbq Olivers,,Mid,Tempt,강명구,Kang Myung-gu,South Korea,Korea,1998-05-13,0,Tempt
2017,Summer,LCK,LoL Champions Korea,韩国,一级联赛,LCK 2017 Summer,2017-05-30,bbq Olivers,,Bot,Ghost,장용준,Jang Yong-jun,South Korea,Korea,1999-03-18,0,Ghost (Jang Yong-jun)
2017,Summer,LCK,LoL Champions Korea,韩国,一级联赛,LCK 2017 Summer,2017-05-30,bbq Olivers,,Support,Totoro,은종섭,Eun Jong-seop,South Korea,Korea,1996-05-06,1,Totoro (Eun Jong-seop)
2017,Summer,LCK,LoL Champions Korea,韩国,一级联赛,LCK 2017 Summer,2017-05-30,bbq Olivers,,Coach,Kim Ga-ram,,,,,,,Kim Ga-ram
2017,Summer,LCK,LoL Champions Korea,韩国,一级联赛,LCK 2017 Summer,2017-05-30,bbq Olivers,,Coach,Ares,김민권,Kim Min-kwon,South Korea,Korea,1995-12-11,0,Ares (Kim Min-kwon)
2017,Summer,LCK,LoL Champions Korea,韩国,一级联赛,LCK 2017 Summer,2017-05-30,Ever8 Winners,,Top,Helper,권영재,Kwon Yeong-jae,South Korea,Korea,1995-03-24,0,Helper (Kwon Yeong-jae)
2017,Summer,LCK,LoL Champions Korea,韩国,一级联赛,LCK 2017 Summer,2017-05-30,Ever8 Winners,,Top,Kiin,김기인,Kim Gi-in,South Korea,Korea,1999-05-28,0,Kiin
2017,Summer,LCK,LoL Champions Korea,韩国,一级联赛,LCK 2017 Summer,2017-05-30,Ever8 Winners,,Jungle,Malrang,김근성,Kim Geun-seong,South Korea,Korea,2000-02-09,0,Malrang
2017,Summer,LCK,LoL Champions Korea,韩国,一级联赛,LCK 2017 Summer,2017-05-30,Ever8 Winners,,Mid,Cepted,박위림,Park Wi-rim,South Korea,Korea,1997-08-26,1,Cepted
2017,Summer,LCK,LoL Champions Korea,韩国,一级联赛,LCK 2017 Summer,2017-05-30,Ever8 Winners,,Bot,DeuL,김들,Kim Deul,South Korea,Korea,1994-09-25,1,DeuL
2017,Summer,LCK,LoL Champions Korea,韩国,一级联赛,LCK 2017 Summer,2017-05-30,Ever8 Winners,,Support,Ella,곽나훈,Kwak Na-hoon,South Korea,Korea,1995-02-05,0,Ella
2017,Summer,LCK,LoL Champions Korea,韩国,一级联赛,LCK 2017 Summer,2017-05-30,Ever8 Winners,,"Support,Jungle",Comeback (Ha Seung-chan),,,,,,,Comeback (Ha Seung-chan)
2017,Summer,LCK,LoL Champions Korea,韩国,一级联赛,LCK 2017 Summer,2017-05-30,Ever8 Winners,,Coach,SpawN,박시한,Park Shi-han,South Korea,Korea,1988-04-30,1,SpawN (Park Shi-han)
2017,Summer,LCK,LoL Champions Korea,韩国,一级联赛,LCK 2017 Summer,2017-05-30,Ever8 Winners,,Coach,Alvingo,최병철,Choi Byeong-cheol,South Korea,Korea,1992-06-04,0,Alvingo
2017,Summer,LCK,LoL Champions Korea,韩国,一级联赛,LCK 2017 Summer,2017-05-30,Jin Air Green Wings,,Top,ikssu,전익수,Jeon Ik-soo,South Korea,Korea,1996-10-22,1,ikssu
2017,Summer,LCK,LoL Champions Korea,韩国,一级联赛,LCK 2017 Summer,2017-05-30,Jin Air Green Wings,,Top,SoHwan,김준영,Kim Jun-yeong,South Korea,Korea,1996-10-24,1,SoHwan
2017,Summer,LCK,LoL Champions Korea,韩国,一级联赛,LCK 2017 Summer,2017-05-30,Jin Air Green Wings,,Jungle,UmTi,엄성현,Um Sung-hyeon,South Korea,Korea,1999-06-02,0,UmTi
2017,Summer,LCK,LoL Champions Korea,韩国,一级联赛,LCK 2017 Summer,2017-05-30,Jin Air Green Wings,,Jungle,Raise,오지환,Oh Ji-hwan,South Korea,Korea,1997-10-18,0,Raise
2017,Summer,LCK,LoL Champions Korea,韩国,一级联赛,LCK 2017 Summer,2017-05-30,Jin Air Green Wings,,Mid,Kuzan,이성혁,Lee Seong-hyeok,South Korea,Korea,1997-01-07,1,Kuzan
2017,Summer,LCK,LoL Champions Korea,韩国,一级联赛,LCK 2017 Summer,2017-05-30,Jin Air Green Wings,,Bot,Teddy,박진성,Park Jin-seong,South Korea,Korea,1998-03-15,0,Teddy
2017,Summer,LCK,LoL Champions Korea,韩国,一级联赛,LCK 2017 Summer,2017-05-30,Jin Air Green Wings,,Support,SnowFlower,노회종,No Hoi-jong,South Korea,Korea,1997-02-24,1,SnowFlower
2017,Summer,LCK,LoL Champions Korea,韩国,一级联赛,LCK 2017 Summer,2017-05-30,Jin Air Green Wings,,Coach,Han Sang-yong,,,,,,,Han Sang-yong
2017,Summer,LCK,LoL Champions Korea,韩国,一级联赛,LCK 2017 Summer,2017-05-30,Jin Air Green Wings,,Coach,Ccomet,,,,,,,Ccomet
2017,Summer,LCK,LoL Champions Korea,韩国,一级联赛,LCK 2017 Summer,2017-05-30,KT Rolster,,Top,Smeb,송경호,Song Kyung-ho,South Korea,Korea,1995-06-30,0,Smeb
2017,Summer,LCK,LoL Champions Korea,韩国,一级联赛,LCK 2017 Summer,2017-05-30,KT Rolster,,Jungle,Score,고동빈,Go Dong-bin,South Korea,Korea,1992-07-08,0,Score
2017,Summer,LCK,LoL Champions Korea,韩国,一级联赛,LCK 2017 Summer,2017-05-30,KT Rolster,,Mid,PawN,허원석,Heo Won-seok,South Korea,Korea,1997-01-26,0,PawN
2017,Summer,LCK,LoL Champions Korea,韩国,一级联赛,LCK 2017 Summer,2017-05-30,KT Rolster,,Bot,Deft,김혁규,Kim Hyuk-kyu,South Korea,Korea,1996-10-23,0,Deft
2017,Summer,LCK,LoL Champions Korea,韩国,一级联赛,LCK 2017 Summer,2017-05-30,KT Rolster,,Support,Mata,조세형,Cho Se-hyeong,South Korea,Korea,1994-02-27,0,Mata
2017,Summer,LCK,LoL Champions Korea,韩国,一级联赛,LCK 2017 Summer,2017-05-30,KT Rolster,,Coach,Lee Ji-hoon,,,,,,,Lee Ji-hoon
2017,Summer,LCK,LoL Champions Korea,韩国,一级联赛,LCK 2017 Summer,2017-05-30,KT Rolster,,Coach,ZanDarC,오창종,Oh Chang-jong,South Korea,Korea,1983-10-01,1,ZanDarc
2017,Summer,LCK,LoL Champions Korea,韩国,一级联赛,LCK 2017 Summer,2017-05-30,Longzhu Gaming,,Top,Khan,김동하,Kim Dong-ha,South Korea,Korea,1995-12-22,0,Khan
2017,Summer,LCK,LoL Champions Korea,韩国,一级联赛,LCK 2017 Summer,2017-05-30,Longzhu Gaming,,Top,Rascal,김광희,Kim Kwang-hee,South Korea,Korea,1997-10-16,0,Rascal
2017,Summer,LCK,LoL Champions Korea,韩国,一级联赛,LCK 2017 Summer,2017-05-30,Longzhu Gaming,,Jungle,Cuzz,문우찬,Moon Woo-chan,South Korea,Korea,1999-10-30,0,Cuzz
2017,Summer,LCK,LoL Champions Korea,韩国,一级联赛,LCK 2017 Summer,2017-05-30,Longzhu Gaming,,Mid,Bdd,곽보성,Gwak Bo-seong,South Korea,Korea,1999-03-01,0,Bdd
2017,Summer,LCK,LoL Champions Korea,韩国,一级联赛,LCK 2017 Summer,2017-05-30,Longzhu Gaming,,Bot,PraY,김종인,Kim Jong-in,South Korea,Korea,1994-01-06,0,PraY
2017,Summer,LCK,LoL Champions Korea,韩国,一级联赛,LCK 2017 Summer,2017-05-30,Longzhu Gaming,,Support,GorillA,강범현,Kang Beom-hyun,South Korea,Korea,1994-11-18,0,GorillA
2017,Summer,LCK,LoL Champions Korea,韩国,一级联赛,LCK 2017 Summer,2017-05-30,Longzhu Gaming,,Coach,Kim Jeong-soo,,,,,,,Kim Jeong-soo
2017,Summer,LCK,LoL Champions Korea,韩国,一级联赛,LCK 2017 Summer,2017-05-30,Longzhu Gaming,,Coach,supreme,최승민,Choi Seung-min,South Korea,Korea,1987-04-27,0,Supreme
2017,Summer,LCK,LoL Champions Korea,韩国,一级联赛,LCK 2017 Summer,2017-05-30,MVP,,Top,ADD,강건모,Kang Geon-mo,South Korea,Korea,1998-10-17,0,ADD
2017,Summer,LCK,LoL Champions Korea,韩国,一级联赛,LCK 2017 Summer,2017-05-30,MVP,,Jungle,Beyond,김규석,Kim Kyu-seok,South Korea,Korea,1997-08-18,1,Beyond (Kim Kyu-seok)
2017,Summer,LCK,LoL Champions Korea,韩国,一级联赛,LCK 2017 Summer,2017-05-30,MVP,,Mid,Ian,안준형,An Jun-hyeong,South Korea,Korea,1998-01-22,0,Ian
2017,Summer,LCK,LoL Champions Korea,韩国,一级联赛,LCK 2017 Summer,2017-05-30,MVP,,Bot,MaHa,오현식,Oh Hyun-sik,South Korea,Korea,1995-11-07,1,MaHa
2017,Summer,LCK,LoL Champions Korea,韩国,一级联赛,LCK 2017 Summer,2017-05-30,MVP,,Support,Max,정종빈,Jeong Jong-bin,South Korea,Korea,1996-05-30,0,Max (Jeong Jong-bin)
2017,Summer,LCK,LoL Champions Korea,韩国,一级联赛,LCK 2017 Summer,2017-05-30,MVP,,Coach,Hell,권재환,Kwon Jae-hwan,South Korea,Korea,1990-02-06,0,Hell
2017,Summer,LCK,LoL Champions Korea,韩国,一级联赛,LCK 2017 Summer,2017-05-30,MVP,,Coach,Saroo,이종원,Lee Jong-won,South Korea,Korea,1991-07-20,0,Saroo
2017,Summer,LCK,LoL Champions Korea,韩国,一级联赛,LCK 2017 Summer,2017-05-30,ROX Tigers,,Top,Lindarang,허만흥,Heo Man-heung,South Korea,Korea,1997-08-25,0,Lindarang
2017,Summer,LCK,LoL Champions Korea,韩国,一级联赛,LCK 2017 Summer,2017-05-30,ROX Tigers,,Top,Shy,박상면,Park Sang-myeon,South Korea,Korea,1991-07-19,0,Shy
2017,Summer,LCK,LoL Champions Korea,韩国,一级联赛,LCK 2017 Summer,2017-05-30,ROX Tigers,,Jungle,SeongHwan,윤성환,Yoon Seong-hwan,South Korea,Korea,1997-12-11,1,SeongHwan
2017,Summer,LCK,LoL Champions Korea,韩国,一级联赛,LCK 2017 Summer,2017-05-30,ROX Tigers,,Jungle,Mightybear,김민수,Kim Min-su,South Korea,Korea,1995-09-06,1,Mightybear
2017,Summer,LCK,LoL Champions Korea,韩国,一级联赛,LCK 2017 Summer,2017-05-30,ROX Tigers,,Mid,Mickey,손영민,Son Young-min,South Korea,Korea,1997-07-15,1,Mickey (Son Young-min)
2017,Summer,LCK,LoL Champions Korea,韩国,一级联赛,LCK 2017 Summer,2017-05-30,ROX Tigers,,Mid,Lava,김태훈,Kim Tae-hoon,South Korea,Korea,1999-07-14,0,Lava
2017,Summer,LCK,LoL Champions Korea,韩国,一级联赛,LCK 2017 Summer,2017-05-30,ROX Tigers,,Mid,Crow,김선규,Kim Seon-gyu,South Korea,Korea,1998-03-21,0,Crow (Kim Seon-gyu)
2017,Summer,LCK,LoL Champions Korea,韩国,一级联赛,LCK 2017 Summer,2017-05-30,ROX Tigers,,Bot,Sangyoon,권상윤,Gwon Sang-yun,South Korea,Korea,1995-12-20,1,Sangyoon
2017,Summer,LCK,LoL Champions Korea,韩国,一级联赛,LCK 2017 Summer,2017-05-30,ROX Tigers,,Support,Key,김한기,Kim Han-gi,South Korea,Korea,1997-06-20,0,Key
2017,Summer,LCK,LoL Champions Korea,韩国,一级联赛,LCK 2017 Summer,2017-05-30,ROX Tigers,,Coach,OnAir,강현종,Kang Hyun-jong,South Korea,Korea,1980-09-14,0,OnAir
2017,Summer,LCK,LoL Champions Korea,韩国,一级联赛,LCK 2017 Summer,2017-05-30,ROX Tigers,,Coach,Xero,신혁,Sin Hyeok,South Korea,Korea,1988-07-19,0,Xero
2017,Summer,LCK,LoL Champions Korea,韩国,一级联赛,LCK 2017 Summer,2017-05-30,Samsung Galaxy,,Top,CuVee,이성진,Lee Seong-jin,South Korea,Korea,1996-09-27,0,CuVee
2017,Summer,LCK,LoL Champions Korea,韩国,一级联赛,LCK 2017 Summer,2017-05-30,Samsung Galaxy,,Jungle,Ambition,강찬용,Kang Chan-yong,South Korea,Korea,1992-10-27,0,Ambition
2017,Summer,LCK,LoL Champions Korea,韩国,一级联赛,LCK 2017 Summer,2017-05-30,Samsung Galaxy,,Jungle,Haru,강민승,Kang Min-seung,South Korea,Korea,1998-06-03,1,Haru
2017,Summer,LCK,LoL Champions Korea,韩国,一级联赛,LCK 2017 Summer,2017-05-30,Samsung Galaxy,,Mid,Crown,이민호,Lee Min-ho,South Korea,Korea,1995-02-28,0,Crown
2017,Summer,LCK,LoL Champions Korea,韩国,一级联赛,LCK 2017 Summer,2017-05-30,Samsung Galaxy,,Bot,Ruler,박재혁,Park Jae-hyuk,South Korea,Korea,1998-12-29,0,Ruler
2017,Summer,LCK,LoL Champions Korea,韩国,一级联赛,LCK 2017 Summer,2017-05-30,Samsung Galaxy,,Support,CoreJJ,조용인,Jo Yong-in,South Korea,North America,1994-06-22,0,CoreJJ
2017,Summer,LCK,LoL Champions Korea,韩国,一级联赛,LCK 2017 Summer,2017-05-30,Samsung Galaxy,,Coach,Edgar,최우범,Choi Woo-beom,South Korea,Korea,1984-01-03,0,Edgar
2017,Summer,LCK,LoL Champions Korea,韩国,一级联赛,LCK 2017 Summer,2017-05-30,Samsung Galaxy,,Coach,TrAce,여창동,Yeo Chang-dong,South Korea,Korea,1989-11-02,1,TrAce
2017,Summer,LCK,LoL Champions Korea,韩国,一级联赛,LCK 2017 Summer,2017-05-30,SK Telecom T1,,Top,Huni,허승훈,Heo Seung-hoon,South Korea,North America,1997-12-25,0,Huni
2017,Summer,LCK,LoL Champions Korea,韩国,一级联赛,LCK 2017 Summer,2017-05-30,SK Telecom T1,,Top,Untara,박의진,Park Ui-jin,South Korea,Korea,1996-12-31,0,Untara
2017,Summer,LCK,LoL Champions Korea,韩国,一级联赛,LCK 2017 Summer,2017-05-30,SK Telecom T1,,Jungle,Peanut,한왕호,Han Wang-ho,South Korea,Korea,1998-02-03,1,Peanut
2017,Summer,LCK,LoL Champions Korea,韩国,一级联赛,LCK 2017 Summer,2017-05-30,SK Telecom T1,,Jungle,Blank,강선구,Kang Sun-gu,South Korea,Korea,1998-04-30,1,Blank (Kang Sun-gu)
2017,Summer,LCK,LoL Champions Korea,韩国,一级联赛,LCK 2017 Summer,2017-05-30,SK Telecom T1,,Mid,Faker,이상혁,Lee Sang-hyeok,South Korea,Korea,1996-05-07,0,Faker
2017,Summer,LCK,LoL Champions Korea,韩国,一级联赛,LCK 2017 Summer,2017-05-30,SK Telecom T1,,Bot,Bang,배준식,Bae Jun-sik,South Korea,Korea,1996-05-18,0,Bang
2017,Summer,LCK,LoL Champions Korea,韩国,一级联赛,LCK 2017 Summer,2017-05-30,SK Telecom T1,,Support,Wolf,이재완,Lee Jae-wan,South Korea,Korea,1996-09-09,0,Wolf (Lee Jae-wan)
2017,Summer,LCK,LoL Champions Korea,韩国,一级联赛,LCK 2017 Summer,2017-05-30,SK Telecom T1,,Coach,cCarter,최병훈,Choi Byoung-hoon,South Korea,Korea,1984-04-05,0,cCarter
2017,Summer,LCK,LoL Champions Korea,韩国,一级联赛,LCK 2017 Summer,2017-05-30,SK Telecom T1,,Coach,kkOma,김정균,Kim Jeong-gyun,South Korea,Korea,1985-12-23,0,kkOma
2017,Summer,LCK,LoL Champions Korea,韩国,一级联赛,LCK 2017 Summer,2017-05-30,SK Telecom T1,,Coach,RapidStar,정민성,Jung Min-sung,South Korea,Korea,1993-05-05,0,RapidStar
2018,Spring,LCK,LoL Champions Korea,韩国,一级联赛,LCK 2018 Spring Playoffs,2018-03-31,Afreeca Freecs,,Top,Kiin,김기인,Kim Gi-in,South Korea,Korea,1999-05-28,0,Kiin
2018,Spring,LCK,LoL Champions Korea,韩国,一级联赛,LCK 2018 Spring Playoffs,2018-03-31,Afreeca Freecs,,Jungle,Spirit,이다윤,Lee Da-yoon,South Korea,Korea,1996-07-01,1,Spirit
2018,Spring,LCK,LoL Champions Korea,韩国,一级联赛,LCK 2018 Spring Playoffs,2018-03-31,Afreeca Freecs,,Jungle,Mowgli,이재하,Lee Jae-ha,South Korea,Korea,1998-04-14,0,Mowgli
2018,Spring,LCK,LoL Champions Korea,韩国,一级联赛,LCK 2018 Spring Playoffs,2018-03-31,Afreeca Freecs,,Mid,Kuro,이서행,Lee Seo-haeng,South Korea,Korea,1994-01-04,0,Kuro
2018,Spring,LCK,LoL Champions Korea,韩国,一级联赛,LCK 2018 Spring Playoffs,2018-03-31,Afreeca Freecs,,Bot,Kramer,하종훈,Ha Jong-hun,South Korea,Korea,1996-03-09,1,Kramer
2018,Spring,LCK,LoL Champions Korea,韩国,一级联赛,LCK 2018 Spring Playoffs,2018-03-31,Afreeca Freecs,,Support,TusiN,박종익,Park Jong-ik,South Korea,Korea,1995-11-12,1,TusiN
2018,Spring,LCK,LoL Champions Korea,韩国,一级联赛,LCK 2018 Spring Playoffs,2018-03-31,Afreeca Freecs,,Coach,iloveoov,최연성,Choi Yeon-sung,South Korea,Korea,1983-11-05,1,iloveoov
2018,Spring,LCK,LoL Champions Korea,韩国,一级联赛,LCK 2018 Spring Playoffs,2018-03-31,Afreeca Freecs,,Coach,Ccomet,,,,,,,Ccomet
2018,Spring,LCK,LoL Champions Korea,韩国,一级联赛,LCK 2018 Spring Playoffs,2018-03-31,Kingzone DragonX,,Top,Khan,김동하,Kim Dong-ha,South Korea,Korea,1995-12-22,0,Khan
2018,Spring,LCK,LoL Champions Korea,韩国,一级联赛,LCK 2018 Spring Playoffs,2018-03-31,Kingzone DragonX,,Jungle,Peanut,한왕호,Han Wang-ho,South Korea,Korea,1998-02-03,1,Peanut
2018,Spring,LCK,LoL Champions Korea,韩国,一级联赛,LCK 2018 Spring Playoffs,2018-03-31,Kingzone DragonX,,Mid,Bdd,곽보성,Gwak Bo-seong,South Korea,Korea,1999-03-01,0,Bdd
2018,Spring,LCK,LoL Champions Korea,韩国,一级联赛,LCK 2018 Spring Playoffs,2018-03-31,Kingzone DragonX,,Bot,PraY,김종인,Kim Jong-in,South Korea,Korea,1994-01-06,0,PraY
2018,Spring,LCK,LoL Champions Korea,韩国,一级联赛,LCK 2018 Spring Playoffs,2018-03-31,Kingzone DragonX,,Support,GorillA,강범현,Kang Beom-hyun,South Korea,Korea,1994-11-18,0,GorillA
2018,Spring,LCK,LoL Champions Korea,韩国,一级联赛,LCK 2018 Spring Playoffs,2018-03-31,Kingzone DragonX,,Coach,Hirai,강동훈,Kang Dong-hoon,South Korea,Korea,1982-03-26,0,Hirai
2018,Spring,LCK,LoL Champions Korea,韩国,一级联赛,LCK 2018 Spring Playoffs,2018-03-31,Kingzone DragonX,,Coach,ActScene,,,,,,,ActScene
2018,Spring,LCK,LoL Champions Korea,韩国,一级联赛,LCK 2018 Spring Playoffs,2018-03-31,KSV eSports,,Top,CuVee,이성진,Lee Seong-jin,South Korea,Korea,1996-09-27,0,CuVee
2018,Spring,LCK,LoL Champions Korea,韩国,一级联赛,LCK 2018 Spring Playoffs,2018-03-31,KSV eSports,,Jungle,Ambition,강찬용,Kang Chan-yong,South Korea,Korea,1992-10-27,0,Ambition
2018,Spring,LCK,LoL Champions Korea,韩国,一级联赛,LCK 2018 Spring Playoffs,2018-03-31,KSV eSports,,Mid,Crown,이민호,Lee Min-ho,South Korea,Korea,1995-02-28,0,Crown
2018,Spring,LCK,LoL Champions Korea,韩国,一级联赛,LCK 2018 Spring Playoffs,2018-03-31,KSV eSports,,Bot,Ruler,박재혁,Park Jae-hyuk,South Korea,Korea,1998-12-29,0,Ruler
2018,Spring,LCK,LoL Champions Korea,韩国,一级联赛,LCK 2018 Spring Playoffs,2018-03-31,KSV eSports,,Support,CoreJJ,조용인,Jo Yong-in,South Korea,North America,1994-06-22,0,CoreJJ
2018,Spring,LCK,LoL Champions Korea,韩国,一级联赛,LCK 2018 Spring Playoffs,2018-03-31,KSV eSports,,Coach,Edgar,최우범,Choi Woo-beom,South Korea,Korea,1984-01-03,0,Edgar
2018,Spring,LCK,LoL Champions Korea,韩国,一级联赛,LCK 2018 Spring Playoffs,2018-03-31,KSV eSports,,Coach,TrAce,여창동,Yeo Chang-dong,South Korea,Korea,1989-11-02,1,TrAce
2018,Spring,LCK,LoL Champions Korea,韩国,一级联赛,LCK 2018 Spring Playoffs,2018-03-31,KT Rolster,,Top,Smeb,송경호,Song Kyung-ho,South Korea,Korea,1995-06-30,0,Smeb
2018,Spring,LCK,LoL Champions Korea,韩国,一级联赛,LCK 2018 Spring Playoffs,2018-03-31,KT Rolster,,Jungle,Rush,이윤재,Lee Yoon-jae,South Korea,Korea,1993-04-06,1,Rush
2018,Spring,LCK,LoL Champions Korea,韩国,一级联赛,LCK 2018 Spring Playoffs,2018-03-31,KT Rolster,,Jungle,Score,고동빈,Go Dong-bin,South Korea,Korea,1992-07-08,0,Score
2018,Spring,LCK,LoL Champions Korea,韩国,一级联赛,LCK 2018 Spring Playoffs,2018-03-31,KT Rolster,,Mid,Ucal,손우현,Son Woo-hyeon,South Korea,Korea,2001-01-30,0,Ucal
2018,Spring,LCK,LoL Champions Korea,韩国,一级联赛,LCK 2018 Spring Playoffs,2018-03-31,KT Rolster,,Bot,Deft,김혁규,Kim Hyuk-kyu,South Korea,Korea,1996-10-23,0,Deft
2018,Spring,LCK,LoL Champions Korea,韩国,一级联赛,LCK 2018 Spring Playoffs,2018-03-31,KT Rolster,,Support,Mata,조세형,Cho Se-hyeong,South Korea,Korea,1994-02-27,0,Mata
2018,Spring,LCK,LoL Champions Korea,韩国,一级联赛,LCK 2018 Spring Playoffs,2018-03-31,KT Rolster,,Coach,ZanDarC,오창종,Oh Chang-jong,South Korea,Korea,1983-10-01,1,ZanDarc
2018,Spring,LCK,LoL Champions Korea,韩国,一级联赛,LCK 2018 Spring Playoffs,2018-03-31,KT Rolster,,Coach,AnimalDAX,,,,,,,AnimalDAX
2018,Spring,LCK,LoL Champions Korea,韩国,一级联赛,LCK 2018 Spring Playoffs,2018-03-31,SK Telecom T1,,Top,Thal,박권혁,Park Kwon-hyuk,South Korea,Korea,1998-11-13,1,Thal
2018,Spring,LCK,LoL Champions Korea,韩国,一级联赛,LCK 2018 Spring Playoffs,2018-03-31,SK Telecom T1,,Jungle,Blank,강선구,Kang Sun-gu,South Korea,Korea,1998-04-30,1,Blank (Kang Sun-gu)
2018,Spring,LCK,LoL Champions Korea,韩国,一级联赛,LCK 2018 Spring Playoffs,2018-03-31,SK Telecom T1,,Mid,Faker,이상혁,Lee Sang-hyeok,South Korea,Korea,1996-05-07,0,Faker
2018,Spring,LCK,LoL Champions Korea,韩国,一级联赛,LCK 2018 Spring Playoffs,2018-03-31,SK Telecom T1,,Bot,Bang,배준식,Bae Jun-sik,South Korea,Korea,1996-05-18,0,Bang
2018,Spring,LCK,LoL Champions Korea,韩国,一级联赛,LCK 2018 Spring Playoffs,2018-03-31,SK Telecom T1,,Support,Effort,이상호,Lee Sang-ho,South Korea,Korea,2000-11-23,0,Effort
2018,Spring,LCK,LoL Champions Korea,韩国,一级联赛,LCK 2018 Spring Playoffs,2018-03-31,SK Telecom T1,,Support,Wolf,이재완,Lee Jae-wan,South Korea,Korea,1996-09-09,0,Wolf (Lee Jae-wan)
2018,Spring,LCK,LoL Champions Korea,韩国,一级联赛,LCK 2018 Spring Playoffs,2018-03-31,SK Telecom T1,,Coach,kkOma,김정균,Kim Jeong-gyun,South Korea,Korea,1985-12-23,0,kkOma
2018,Spring,LCK,LoL Champions Korea,韩国,一级联赛,LCK 2018 Spring Playoffs,2018-03-31,SK Telecom T1,,Coach,PoohManDu,이정현,Lee Jeong-hyeon,South Korea,Korea,1991-01-29,0,PoohManDu
2018,Spring,LCK,LoL Champions Korea,韩国,一级联赛,LCK 2018 Spring Promotion,2017-09-12,bbq Olivers,,Top,Crazy,김재희,Kim Jae-hee,South Korea,Korea,1996-09-20,0,Crazy (Kim Jae-hee)
2018,Spring,LCK,LoL Champions Korea,韩国,一级联赛,LCK 2018 Spring Promotion,2017-09-12,bbq Olivers,,Jungle,Bless,최현웅,Choi Hyeon-woong,South Korea,Korea,1996-10-23,1,Bless (Choi Hyeon-woong)
2018,Spring,LCK,LoL Champions Korea,韩国,一级联赛,LCK 2018 Spring Promotion,2017-09-12,bbq Olivers,,Jungle,bono (Kim Gi-beom),,,,,,,bono (Kim Gi-beom)
2018,Spring,LCK,LoL Champions Korea,韩国,一级联赛,LCK 2018 Spring Promotion,2017-09-12,bbq Olivers,,Mid,Tempt,강명구,Kang Myung-gu,South Korea,Korea,1998-05-13,0,Tempt
2018,Spring,LCK,LoL Champions Korea,韩国,一级联赛,LCK 2018 Spring Promotion,2017-09-12,bbq Olivers,,Bot,Ghost,장용준,Jang Yong-jun,South Korea,Korea,1999-03-18,0,Ghost (Jang Yong-jun)
2018,Spring,LCK,LoL Champions Korea,韩国,一级联赛,LCK 2018 Spring Promotion,2017-09-12,bbq Olivers,,Support,Totoro,은종섭,Eun Jong-seop,South Korea,Korea,1996-05-06,1,Totoro (Eun Jong-seop)
2018,Spring,LCK,LoL Champions Korea,韩国,一级联赛,LCK 2018 Spring Promotion,2017-09-12,bbq Olivers,,Coach,Kim Ga-ram,,,,,,,Kim Ga-ram
2018,Spring,LCK,LoL Champions Korea,韩国,一级联赛,LCK 2018 Spring Promotion,2017-09-12,bbq Olivers,,Coach,Ares,김민권,Kim Min-kwon,South Korea,Korea,1995-12-11,0,Ares (Kim Min-kwon)
2018,Spring,LCK,LoL Champions Korea,韩国,一级联赛,LCK 2018 Spring Promotion,2017-09-12,CJ Entus,,Top,Soul,서현석,Seo Hyeon-seok,South Korea,Korea,1994-11-16,0,Soul (Seo Hyeon-seok)
2018,Spring,LCK,LoL Champions Korea,韩国,一级联赛,LCK 2018 Spring Promotion,2017-09-12,CJ Entus,,Jungle,Winged,박태진,Park Tae-jin,South Korea,Korea,1992-08-20,0,Winged
2018,Spring,LCK,LoL Champions Korea,韩国,一级联赛,LCK 2018 Spring Promotion,2017-09-12,CJ Entus,,Mid,Candy,김승주,Kim Seung-ju,South Korea,Korea,1996-01-21,1,Candy (Kim Seung-ju)
2018,Spring,LCK,LoL Champions Korea,韩国,一级联赛,LCK 2018 Spring Promotion,2017-09-12,CJ Entus,,Bot,Veritas,김경민,Kim Kyoung-min,South Korea,Korea,1995-05-22,1,Veritas
2018,Spring,LCK,LoL Champions Korea,韩国,一级联赛,LCK 2018 Spring Promotion,2017-09-12,CJ Entus,,Support,Pure,김진선,Kim Jin-sun,South Korea,Korea,1995-12-29,1,Pure
2018,Spring,LCK,LoL Champions Korea,韩国,一级联赛,LCK 2018 Spring Promotion,2017-09-12,CJ Entus,,Coach,viNylCat,채우철,Chae Woo-cheol,South Korea,Korea,1985-07-30,1,viNylCat
2018,Spring,LCK,LoL Champions Korea,韩国,一级联赛,LCK 2018 Spring Promotion,2017-09-12,CJ Entus,,Coach,MOKUZA,김대웅,Kim Dae-woong,South Korea,Korea,1986-02-25,1,MOKUZA
2018,Spring,LCK,LoL Champions Korea,韩国,一级联赛,LCK 2018 Spring Promotion,2017-09-12,Ever8 Winners,,Top,Kiin,김기인,Kim Gi-in,South Korea,Korea,1999-05-28,0,Kiin
2018,Spring,LCK,LoL Champions Korea,韩国,一级联赛,LCK 2018 Spring Promotion,2017-09-12,Ever8 Winners,,Jungle,Malrang,김근성,Kim Geun-seong,South Korea,Korea,2000-02-09,0,Malrang
2018,Spring,LCK,LoL Champions Korea,韩国,一级联赛,LCK 2018 Spring Promotion,2017-09-12,Ever8 Winners,,Mid,Cepted,박위림,Park Wi-rim,South Korea,Korea,1997-08-26,1,Cepted
2018,Spring,LCK,LoL Champions Korea,韩国,一级联赛,LCK 2018 Spring Promotion,2017-09-12,Ever8 Winners,,Bot,DeuL,김들,Kim Deul,South Korea,Korea,1994-09-25,1,DeuL
2018,Spring,LCK,LoL Champions Korea,韩国,一级联赛,LCK 2018 Spring Promotion,2017-09-12,Ever8 Winners,,Support,Ella,곽나훈,Kwak Na-hoon,South Korea,Korea,1995-02-05,0,Ella
2018,Spring,LCK,LoL Champions Korea,韩国,一级联赛,LCK 2018 Spring Promotion,2017-09-12,Ever8 Winners,,Coach,SpawN,박시한,Park Shi-han,South Korea,Korea,1988-04-30,1,SpawN (Park Shi-han)
2018,Spring,LCK,LoL Champions Korea,韩国,一级联赛,LCK 2018 Spring Promotion,2017-09-12,Ever8 Winners,,Coach,Alvingo,최병철,Choi Byeong-cheol,South Korea,Korea,1992-06-04,0,Alvingo
2018,Spring,LCK,LoL Champions Korea,韩国,一级联赛,LCK 2018 Spring Promotion,2017-09-12,Kongdoo Monster,,Top,Roach,김강희,Kim Kang-hee,South Korea,Korea,1999-01-31,0,Roach
2018,Spring,LCK,LoL Champions Korea,韩国,一级联赛,LCK 2018 Spring Promotion,2017-09-12,Kongdoo Monster,,Jungle,Punch,손민혁,Son Min-hyuk,South Korea,Korea,1998-06-06,0,Punch
2018,Spring,LCK,LoL Champions Korea,韩国,一级联赛,LCK 2018 Spring Promotion,2017-09-12,Kongdoo Monster,,Mid,Edge,이호성,Lee Ho-sung,South Korea,Korea,1997-12-03,1,Edge
2018,Spring,LCK,LoL Champions Korea,韩国,一级联赛,LCK 2018 Spring Promotion,2017-09-12,Kongdoo Monster,,Bot,Ssol,서진솔,Seo Jin-sol,South Korea,Korea,1998-03-04,0,SSol
2018,Spring,LCK,LoL Champions Korea,韩国,一级联赛,LCK 2018 Spring Promotion,2017-09-12,Kongdoo Monster,,Support,Secret,박기선,Park Ki-sun,South Korea,Korea,1997-05-27,1,Secret (Park Ki-sun)
2018,Spring,LCK,LoL Champions Korea,韩国,一级联赛,LCK 2018 Spring Promotion,2017-09-12,Kongdoo Monster,,Coach,MC (Jang Min-chul),,,,,,,MC (Jang Min-chul)
2018,Spring,LCK,LoL Champions Korea,韩国,一级联赛,LCK 2018 Spring Promotion,2017-09-12,Kongdoo Monster,,Coach,Zefa,이재민,Lee Jae-min,South Korea,Korea,1988-02-04,0,Zefa
2018,Spring,LCK,LoL Champions Korea,韩国,一级联赛,LCK 2018 Spring,2018-01-16,Afreeca Freecs,,Top,Kiin,김기인,Kim Gi-in,South Korea,Korea,1999-05-28,0,Kiin
2018,Spring,LCK,LoL Champions Korea,韩国,一级联赛,LCK 2018 Spring,2018-01-16,Afreeca Freecs,,Jungle,Spirit,이다윤,Lee Da-yoon,South Korea,Korea,1996-07-01,1,Spirit
2018,Spring,LCK,LoL Champions Korea,韩国,一级联赛,LCK 2018 Spring,2018-01-16,Afreeca Freecs,,Jungle,Mowgli,이재하,Lee Jae-ha,South Korea,Korea,1998-04-14,0,Mowgli
2018,Spring,LCK,LoL Champions Korea,韩国,一级联赛,LCK 2018 Spring,2018-01-16,Afreeca Freecs,,Mid,Kuro,이서행,Lee Seo-haeng,South Korea,Korea,1994-01-04,0,Kuro
2018,Spring,LCK,LoL Champions Korea,韩国,一级联赛,LCK 2018 Spring,2018-01-16,Afreeca Freecs,,Bot,Kramer,하종훈,Ha Jong-hun,South Korea,Korea,1996-03-09,1,Kramer
2018,Spring,LCK,LoL Champions Korea,韩国,一级联赛,LCK 2018 Spring,2018-01-16,Afreeca Freecs,,Bot,Aiming,김하람,Kim Ha-ram,South Korea,Korea,2000-07-20,0,Aiming
2018,Spring,LCK,LoL Champions Korea,韩国,一级联赛,LCK 2018 Spring,2018-01-16,Afreeca Freecs,,Support,TusiN,박종익,Park Jong-ik,South Korea,Korea,1995-11-12,1,TusiN
2018,Spring,LCK,LoL Champions Korea,韩国,一级联赛,LCK 2018 Spring,2018-01-16,Afreeca Freecs,,Coach,Ccomet,,,,,,,Ccomet
2018,Spring,LCK,LoL Champions Korea,韩国,一级联赛,LCK 2018 Spring,2018-01-16,Afreeca Freecs,,Coach,Zefa,이재민,Lee Jae-min,South Korea,Korea,1988-02-04,0,Zefa
2018,Spring,LCK,LoL Champions Korea,韩国,一级联赛,LCK 2018 Spring,2018-01-16,bbq Olivers,,Top,Crazy,김재희,Kim Jae-hee,South Korea,Korea,1996-09-20,0,Crazy (Kim Jae-hee)
2018,Spring,LCK,LoL Champions Korea,韩国,一级联赛,LCK 2018 Spring,2018-01-16,bbq Olivers,,Jungle,Trick,김강윤,Kim Gang-yun,South Korea,Korea,1995-07-11,0,Trick
2018,Spring,LCK,LoL Champions Korea,韩国,一级联赛,LCK 2018 Spring,2018-01-16,bbq Olivers,,Jungle,Bono (Kim Gi-beom),,,,,,,Bono (Kim Gi-beom)
2018,Spring,LCK,LoL Champions Korea,韩国,一级联赛,LCK 2018 Spring,2018-01-16,bbq Olivers,,Mid,Tempt,강명구,Kang Myung-gu,South Korea,Korea,1998-05-13,0,Tempt
2018,Spring,LCK,LoL Champions Korea,韩国,一级联赛,LCK 2018 Spring,2018-01-16,bbq Olivers,,Bot,Ghost,장용준,Jang Yong-jun,South Korea,Korea,1999-03-18,0,Ghost (Jang Yong-jun)
2018,Spring,LCK,LoL Champions Korea,韩国,一级联赛,LCK 2018 Spring,2018-01-16,bbq Olivers,,Support,Ignar,이동근,Lee Dong-geun,South Korea,Korea,1996-11-20,0,IgNar
2018,Spring,LCK,LoL Champions Korea,韩国,一级联赛,LCK 2018 Spring,2018-01-16,bbq Olivers,,Coach,Xero,신혁,Sin Hyeok,South Korea,Korea,1988-07-19,0,Xero
2018,Spring,LCK,LoL Champions Korea,韩国,一级联赛,LCK 2018 Spring,2018-01-16,bbq Olivers,,Coach,Ares,김민권,Kim Min-kwon,South Korea,Korea,1995-12-11,0,Ares (Kim Min-kwon)
2018,Spring,LCK,LoL Champions Korea,韩国,一级联赛,LCK 2018 Spring,2018-01-16,Jin Air Green Wings,,Top,SoHwan,김준영,Kim Jun-yeong,South Korea,Korea,1996-10-24,1,SoHwan
2018,Spring,LCK,LoL Champions Korea,韩国,一级联赛,LCK 2018 Spring,2018-01-16,Jin Air Green Wings,,Jungle,UmTi,엄성현,Um Sung-hyeon,South Korea,Korea,1999-06-02,0,UmTi
2018,Spring,LCK,LoL Champions Korea,韩国,一级联赛,LCK 2018 Spring,2018-01-16,Jin Air Green Wings,,Mid,Grace,,,,,,,Grace
2018,Spring,LCK,LoL Champions Korea,韩国,一级联赛,LCK 2018 Spring,2018-01-16,Jin Air Green Wings,,Mid,Justice,윤석준,Yoon Seok-joon,South Korea,Korea,1998-01-04,1,Justice
2018,Spring,LCK,LoL Champions Korea,韩国,一级联赛,LCK 2018 Spring,2018-01-16,Jin Air Green Wings,,Bot,Teddy,박진성,Park Jin-seong,South Korea,Korea,1998-03-15,0,Teddy
2018,Spring,LCK,LoL Champions Korea,韩国,一级联赛,LCK 2018 Spring,2018-01-16,Jin Air Green Wings,,Support,Wraith,권지민,Kwon Ji-min,South Korea,Korea,1995-09-28,0,Wraith
2018,Spring,LCK,LoL Champions Korea,韩国,一级联赛,LCK 2018 Spring,2018-01-16,Jin Air Green Wings,,Coach,H-Dragon,,,,,,,H-Dragon
2018,Spring,LCK,LoL Champions Korea,韩国,一级联赛,LCK 2018 Spring,2018-01-16,Jin Air Green Wings,,Coach,fly,김상철,Kim Sang-cheol,South Korea,Korea,1987-09-21,0,Fly (Kim Sang-cheol)
2018,Spring,LCK,LoL Champions Korea,韩国,一级联赛,LCK 2018 Spring,2018-01-16,Kingzone DragonX,,Top,Rascal,김광희,Kim Kwang-hee,South Korea,Korea,1997-10-16,0,Rascal
2018,Spring,LCK,LoL Champions Korea,韩国,一级联赛,LCK 2018 Spring,2018-01-16,Kingzone DragonX,,Top,Khan,김동하,Kim Dong-ha,South Korea,Korea,1995-12-22,0,Khan
2018,Spring,LCK,LoL Champions Korea,韩国,一级联赛,LCK 2018 Spring,2018-01-16,Kingzone DragonX,,Jungle,Peanut,한왕호,Han Wang-ho,South Korea,Korea,1998-02-03,1,Peanut
2018,Spring,LCK,LoL Champions Korea,韩国,一级联赛,LCK 2018 Spring,2018-01-16,Kingzone DragonX,,Jungle,Cuzz,문우찬,Moon Woo-chan,South Korea,Korea,1999-10-30,0,Cuzz
2018,Spring,LCK,LoL Champions Korea,韩国,一级联赛,LCK 2018 Spring,2018-01-16,Kingzone DragonX,,Mid,Bdd,곽보성,Gwak Bo-seong,South Korea,Korea,1999-03-01,0,Bdd
2018,Spring,LCK,LoL Champions Korea,韩国,一级联赛,LCK 2018 Spring,2018-01-16,Kingzone DragonX,,Bot,PraY,김종인,Kim Jong-in,South Korea,Korea,1994-01-06,0,PraY
2018,Spring,LCK,LoL Champions Korea,韩国,一级联赛,LCK 2018 Spring,2018-01-16,Kingzone DragonX,,Support,GorillA,강범현,Kang Beom-hyun,South Korea,Korea,1994-11-18,0,GorillA
2018,Spring,LCK,LoL Champions Korea,韩国,一级联赛,LCK 2018 Spring,2018-01-16,Kingzone DragonX,,Coach,Hirai,강동훈,Kang Dong-hoon,South Korea,Korea,1982-03-26,0,Hirai
2018,Spring,LCK,LoL Champions Korea,韩国,一级联赛,LCK 2018 Spring,2018-01-16,Kingzone DragonX,,Coach,ActScene,,,,,,,ActScene
2018,Spring,LCK,LoL Champions Korea,韩国,一级联赛,LCK 2018 Spring,2018-01-16,Kongdoo Monster,,Top,Roach,김강희,Kim Kang-hee,South Korea,Korea,1999-01-31,0,Roach
2018,Spring,LCK,LoL Champions Korea,韩国,一级联赛,LCK 2018 Spring,2018-01-16,Kongdoo Monster,,Jungle,Raise,오지환,Oh Ji-hwan,South Korea,Korea,1997-10-18,0,Raise
2018,Spring,LCK,LoL Champions Korea,韩国,一级联赛,LCK 2018 Spring,2018-01-16,Kongdoo Monster,,Jungle,U Jun,,,,,,,U Jun
2018,Spring,LCK,LoL Champions Korea,韩国,一级联赛,LCK 2018 Spring,2018-01-16,Kongdoo Monster,,Mid,Edge,이호성,Lee Ho-sung,South Korea,Korea,1997-12-03,1,Edge
2018,Spring,LCK,LoL Champions Korea,韩国,一级联赛,LCK 2018 Spring,2018-01-16,Kongdoo Monster,,Bot,Ssol,서진솔,Seo Jin-sol,South Korea,Korea,1998-03-04,0,SSol
2018,Spring,LCK,LoL Champions Korea,韩国,一级联赛,LCK 2018 Spring,2018-01-16,Kongdoo Monster,,Support,Secret,박기선,Park Ki-sun,South Korea,Korea,1997-05-27,1,Secret (Park Ki-sun)
2018,Spring,LCK,LoL Champions Korea,韩国,一级联赛,LCK 2018 Spring,2018-01-16,Kongdoo Monster,,Coach,MC (Jang Min-chul),,,,,,,MC (Jang Min-chul)
2018,Spring,LCK,LoL Champions Korea,韩国,一级联赛,LCK 2018 Spring,2018-01-16,Kongdoo Monster,,Coach,Chunco,,,,,,,Chunco
2018,Spring,LCK,LoL Champions Korea,韩国,一级联赛,LCK 2018 Spring,2018-01-16,Kongdoo Monster,,Coach,Rigby,한얼,Han Earl,South Korea,Korea,1995-12-15,0,Rigby
2018,Spring,LCK,LoL Champions Korea,韩国,一级联赛,LCK 2018 Spring,2018-01-16,KSV eSports,,Top,CuVee,이성진,Lee Seong-jin,South Korea,Korea,1996-09-27,0,CuVee
2018,Spring,LCK,LoL Champions Korea,韩国,一级联赛,LCK 2018 Spring,2018-01-16,KSV eSports,,Jungle,Ambition,강찬용,Kang Chan-yong,South Korea,Korea,1992-10-27,0,Ambition
2018,Spring,LCK,LoL Champions Korea,韩国,一级联赛,LCK 2018 Spring,2018-01-16,KSV eSports,,Jungle,Haru,강민승,Kang Min-seung,South Korea,Korea,1998-06-03,1,Haru
2018,Spring,LCK,LoL Champions Korea,韩国,一级联赛,LCK 2018 Spring,2018-01-16,KSV eSports,,Mid,Crown,이민호,Lee Min-ho,South Korea,Korea,1995-02-28,0,Crown
2018,Spring,LCK,LoL Champions Korea,韩国,一级联赛,LCK 2018 Spring,2018-01-16,KSV eSports,,Bot,Ruler,박재혁,Park Jae-hyuk,South Korea,Korea,1998-12-29,0,Ruler
2018,Spring,LCK,LoL Champions Korea,韩国,一级联赛,LCK 2018 Spring,2018-01-16,KSV eSports,,Support,CoreJJ,조용인,Jo Yong-in,South Korea,North America,1994-06-22,0,CoreJJ
2018,Spring,LCK,LoL Champions Korea,韩国,一级联赛,LCK 2018 Spring,2018-01-16,KSV eSports,,Coach,Edgar,최우범,Choi Woo-beom,South Korea,Korea,1984-01-03,0,Edgar
2018,Spring,LCK,LoL Champions Korea,韩国,一级联赛,LCK 2018 Spring,2018-01-16,KSV eSports,,Coach,TrAce,여창동,Yeo Chang-dong,South Korea,Korea,1989-11-02,1,TrAce
2018,Spring,LCK,LoL Champions Korea,韩国,一级联赛,LCK 2018 Spring,2018-01-16,KT Rolster,,Top,Smeb,송경호,Song Kyung-ho,South Korea,Korea,1995-06-30,0,Smeb
2018,Spring,LCK,LoL Champions Korea,韩国,一级联赛,LCK 2018 Spring,2018-01-16,KT Rolster,,Jungle,Score,고동빈,Go Dong-bin,South Korea,Korea,1992-07-08,0,Score
2018,Spring,LCK,LoL Champions Korea,韩国,一级联赛,LCK 2018 Spring,2018-01-16,KT Rolster,,Jungle,Rush,이윤재,Lee Yoon-jae,South Korea,Korea,1993-04-06,1,Rush
2018,Spring,LCK,LoL Champions Korea,韩国,一级联赛,LCK 2018 Spring,2018-01-16,KT Rolster,,Mid,PawN,허원석,Heo Won-seok,South Korea,Korea,1997-01-26,0,PawN
2018,Spring,LCK,LoL Champions Korea,韩国,一级联赛,LCK 2018 Spring,2018-01-16,KT Rolster,,Mid,Ucal,손우현,Son Woo-hyeon,South Korea,Korea,2001-01-30,0,Ucal
2018,Spring,LCK,LoL Champions Korea,韩国,一级联赛,LCK 2018 Spring,2018-01-16,KT Rolster,,Bot,Deft,김혁규,Kim Hyuk-kyu,South Korea,Korea,1996-10-23,0,Deft
2018,Spring,LCK,LoL Champions Korea,韩国,一级联赛,LCK 2018 Spring,2018-01-16,KT Rolster,,Support,Mata,조세형,Cho Se-hyeong,South Korea,Korea,1994-02-27,0,Mata
2018,Spring,LCK,LoL Champions Korea,韩国,一级联赛,LCK 2018 Spring,2018-01-16,KT Rolster,,Coach,ZanDarC,오창종,Oh Chang-jong,South Korea,Korea,1983-10-01,1,ZanDarc
2018,Spring,LCK,LoL Champions Korea,韩国,一级联赛,LCK 2018 Spring,2018-01-16,KT Rolster,,Coach,AnimalDAX,,,,,,,AnimalDAX
2018,Spring,LCK,LoL Champions Korea,韩国,一级联赛,LCK 2018 Spring,2018-01-16,MVP,,Top,ADD,강건모,Kang Geon-mo,South Korea,Korea,1998-10-17,0,ADD
2018,Spring,LCK,LoL Champions Korea,韩国,一级联赛,LCK 2018 Spring,2018-01-16,MVP,,Jungle,Beyond,김규석,Kim Kyu-seok,South Korea,Korea,1997-08-18,1,Beyond (Kim Kyu-seok)
2018,Spring,LCK,LoL Champions Korea,韩国,一级联赛,LCK 2018 Spring,2018-01-16,MVP,,Mid,Ian,안준형,An Jun-hyeong,South Korea,Korea,1998-01-22,0,Ian
2018,Spring,LCK,LoL Champions Korea,韩国,一级联赛,LCK 2018 Spring,2018-01-16,MVP,,Bot,MaHa,오현식,Oh Hyun-sik,South Korea,Korea,1995-11-07,1,MaHa
2018,Spring,LCK,LoL Champions Korea,韩国,一级联赛,LCK 2018 Spring,2018-01-16,MVP,,Bot,Pilot,나우형,Na Woo-hyung,South Korea,Korea,1995-12-04,1,Pilot (Na Woo-hyung)
2018,Spring,LCK,LoL Champions Korea,韩国,一级联赛,LCK 2018 Spring,2018-01-16,MVP,,Support,Max,정종빈,Jeong Jong-bin,South Korea,Korea,1996-05-30,0,Max (Jeong Jong-bin)
2018,Spring,LCK,LoL Champions Korea,韩国,一级联赛,LCK 2018 Spring,2018-01-16,MVP,,Coach,Hell,권재환,Kwon Jae-hwan,South Korea,Korea,1990-02-06,0,Hell
2018,Spring,LCK,LoL Champions Korea,韩国,一级联赛,LCK 2018 Spring,2018-01-16,MVP,,Coach,Saroo,이종원,Lee Jong-won,South Korea,Korea,1991-07-20,0,Saroo
2018,Spring,LCK,LoL Champions Korea,韩国,一级联赛,LCK 2018 Spring,2018-01-16,ROX Tigers,,Top,Lindarang,허만흥,Heo Man-heung,South Korea,Korea,1997-08-25,0,Lindarang
2018,Spring,LCK,LoL Champions Korea,韩国,一级联赛,LCK 2018 Spring,2018-01-16,ROX Tigers,,Jungle,Mightybear,김민수,Kim Min-su,South Korea,Korea,1995-09-06,1,Mightybear
2018,Spring,LCK,LoL Champions Korea,韩国,一级联赛,LCK 2018 Spring,2018-01-16,ROX Tigers,,Jungle,SeongHwan,윤성환,Yoon Seong-hwan,South Korea,Korea,1997-12-11,1,SeongHwan
2018,Spring,LCK,LoL Champions Korea,韩国,一级联赛,LCK 2018 Spring,2018-01-16,ROX Tigers,,Mid,Kuzan,이성혁,Lee Seong-hyeok,South Korea,Korea,1997-01-07,1,Kuzan
2018,Spring,LCK,LoL Champions Korea,韩国,一级联赛,LCK 2018 Spring,2018-01-16,ROX Tigers,,Mid,Lava,김태훈,Kim Tae-hoon,South Korea,Korea,1999-07-14,0,Lava
2018,Spring,LCK,LoL Champions Korea,韩国,一级联赛,LCK 2018 Spring,2018-01-16,ROX Tigers,,Bot,Sangyoon,권상윤,Gwon Sang-yun,South Korea,Korea,1995-12-20,1,Sangyoon
2018,Spring,LCK,LoL Champions Korea,韩国,一级联赛,LCK 2018 Spring,2018-01-16,ROX Tigers,,Support,Key,김한기,Kim Han-gi,South Korea,Korea,1997-06-20,0,Key
2018,Spring,LCK,LoL Champions Korea,韩国,一级联赛,LCK 2018 Spring,2018-01-16,ROX Tigers,,Coach,OnAir,강현종,Kang Hyun-jong,South Korea,Korea,1980-09-14,0,OnAir
2018,Spring,LCK,LoL Champions Korea,韩国,一级联赛,LCK 2018 Spring,2018-01-16,ROX Tigers,,Coach,Emperor,김진현,Kim Jin-hyun,South Korea,Korea,1993-06-07,1,Emperor (Kim Jin-hyun)
2018,Spring,LCK,LoL Champions Korea,韩国,一级联赛,LCK 2018 Spring,2018-01-16,SK Telecom T1,,Top,Untara,박의진,Park Ui-jin,South Korea,Korea,1996-12-31,0,Untara
2018,Spring,LCK,LoL Champions Korea,韩国,一级联赛,LCK 2018 Spring,2018-01-16,SK Telecom T1,,Top,Thal,박권혁,Park Kwon-hyuk,South Korea,Korea,1998-11-13,1,Thal
2018,Spring,LCK,LoL Champions Korea,韩国,一级联赛,LCK 2018 Spring,2018-01-16,SK Telecom T1,,Jungle,Blank,강선구,Kang Sun-gu,South Korea,Korea,1998-04-30,1,Blank (Kang Sun-gu)
2018,Spring,LCK,LoL Champions Korea,韩国,一级联赛,LCK 2018 Spring,2018-01-16,SK Telecom T1,,"Jungle,Support",Wolf,이재완,Lee Jae-wan,South Korea,Korea,1996-09-09,0,Wolf (Lee Jae-wan)
2018,Spring,LCK,LoL Champions Korea,韩国,一级联赛,LCK 2018 Spring,2018-01-16,SK Telecom T1,,Jungle,Blossom,박범찬,Park Beom-chan,South Korea,Korea,1999-10-12,1,Blossom (Park Beom-chan)
2018,Spring,LCK,LoL Champions Korea,韩国,一级联赛,LCK 2018 Spring,2018-01-16,SK Telecom T1,,Mid,Faker,이상혁,Lee Sang-hyeok,South Korea,Korea,1996-05-07,0,Faker
2018,Spring,LCK,LoL Champions Korea,韩国,一级联赛,LCK 2018 Spring,2018-01-16,SK Telecom T1,,Bot,Bang,배준식,Bae Jun-sik,South Korea,Korea,1996-05-18,0,Bang
2018,Spring,LCK,LoL Champions Korea,韩国,一级联赛,LCK 2018 Spring,2018-01-16,SK Telecom T1,,Support,Effort,이상호,Lee Sang-ho,South Korea,Korea,2000-11-23,0,Effort
2018,Spring,LCK,LoL Champions Korea,韩国,一级联赛,LCK 2018 Spring,2018-01-16,SK Telecom T1,,Coach,kkOma,김정균,Kim Jeong-gyun,South Korea,Korea,1985-12-23,0,kkOma
2018,Spring,LCK,LoL Champions Korea,韩国,一级联赛,LCK 2018 Spring,2018-01-16,SK Telecom T1,,Coach,PoohManDu,이정현,Lee Jeong-hyeon,South Korea,Korea,1991-01-29,0,PoohManDu
2018,Summer,LCK,LoL Champions Korea,韩国,一级联赛,LCK 2018 Summer Playoffs,2018-08-12,Afreeca Freecs,,Top,Kiin,김기인,Kim Gi-in,South Korea,Korea,1999-05-28,0,Kiin
2018,Summer,LCK,LoL Champions Korea,韩国,一级联赛,LCK 2018 Summer Playoffs,2018-08-12,Afreeca Freecs,,Jungle,Spirit,이다윤,Lee Da-yoon,South Korea,Korea,1996-07-01,1,Spirit
2018,Summer,LCK,LoL Champions Korea,韩国,一级联赛,LCK 2018 Summer Playoffs,2018-08-12,Afreeca Freecs,,Mid,Kuro,이서행,Lee Seo-haeng,South Korea,Korea,1994-01-04,0,Kuro
2018,Summer,LCK,LoL Champions Korea,韩国,一级联赛,LCK 2018 Summer Playoffs,2018-08-12,Afreeca Freecs,,Bot,Kramer,하종훈,Ha Jong-hun,South Korea,Korea,1996-03-09,1,Kramer
2018,Summer,LCK,LoL Champions Korea,韩国,一级联赛,LCK 2018 Summer Playoffs,2018-08-12,Afreeca Freecs,,Support,TusiN,박종익,Park Jong-ik,South Korea,Korea,1995-11-12,1,TusiN
2018,Summer,LCK,LoL Champions Korea,韩国,一级联赛,LCK 2018 Summer Playoffs,2018-08-12,Afreeca Freecs,,Coach,Ccomet,,,,,,,Ccomet
2018,Summer,LCK,LoL Champions Korea,韩国,一级联赛,LCK 2018 Summer Playoffs,2018-08-12,Afreeca Freecs,,Coach,Zefa,이재민,Lee Jae-min,South Korea,Korea,1988-02-04,0,Zefa
2018,Summer,LCK,LoL Champions Korea,韩国,一级联赛,LCK 2018 Summer Playoffs,2018-08-12,Gen.G,,Top,CuVee,이성진,Lee Seong-jin,South Korea,Korea,1996-09-27,0,CuVee
2018,Summer,LCK,LoL Champions Korea,韩国,一级联赛,LCK 2018 Summer Playoffs,2018-08-12,Gen.G,,Jungle,Ambition,강찬용,Kang Chan-yong,South Korea,Korea,1992-10-27,0,Ambition
2018,Summer,LCK,LoL Champions Korea,韩国,一级联赛,LCK 2018 Summer Playoffs,2018-08-12,Gen.G,,Mid,Fly,송용준,Song Yong-jun,South Korea,Korea,1996-02-25,1,Fly (Song Yong-jun)
2018,Summer,LCK,LoL Champions Korea,韩国,一级联赛,LCK 2018 Summer Playoffs,2018-08-12,Gen.G,,Bot,Ruler,박재혁,Park Jae-hyuk,South Korea,Korea,1998-12-29,0,Ruler
2018,Summer,LCK,LoL Champions Korea,韩国,一级联赛,LCK 2018 Summer Playoffs,2018-08-12,Gen.G,,Support,CoreJJ,조용인,Jo Yong-in,South Korea,North America,1994-06-22,0,CoreJJ
2018,Summer,LCK,LoL Champions Korea,韩国,一级联赛,LCK 2018 Summer Playoffs,2018-08-12,Gen.G,,Coach,Edgar,최우범,Choi Woo-beom,South Korea,Korea,1984-01-03,0,Edgar
2018,Summer,LCK,LoL Champions Korea,韩国,一级联赛,LCK 2018 Summer Playoffs,2018-08-12,Gen.G,,Coach,TrAce,여창동,Yeo Chang-dong,South Korea,Korea,1989-11-02,1,TrAce
2018,Summer,LCK,LoL Champions Korea,韩国,一级联赛,LCK 2018 Summer Playoffs,2018-08-12,Griffin (Korean Team),,Top,Sword (Choi Sung-won),,,,,,,Sword (Choi Sung-won)
2018,Summer,LCK,LoL Champions Korea,韩国,一级联赛,LCK 2018 Summer Playoffs,2018-08-12,Griffin (Korean Team),,Jungle,Tarzan,이승용,Lee Seung-yong,South Korea,Korea,1999-08-23,0,Tarzan (Lee Seung-yong)
2018,Summer,LCK,LoL Champions Korea,韩国,一级联赛,LCK 2018 Summer Playoffs,2018-08-12,Griffin (Korean Team),,Mid,Chovy,정지훈,Jeong Ji-hoon,South Korea,Korea,2001-03-03,0,Chovy
2018,Summer,LCK,LoL Champions Korea,韩国,一级联赛,LCK 2018 Summer Playoffs,2018-08-12,Griffin (Korean Team),,Bot,Viper,박도현,Park Do-hyeon,South Korea,Korea,2000-10-19,0,Viper (Park Do-hyeon)
2018,Summer,LCK,LoL Champions Korea,韩国,一级联赛,LCK 2018 Summer Playoffs,2018-08-12,Griffin (Korean Team),,Support,Lehends,손시우,Son Si-woo,South Korea,Korea,1998-12-24,0,Lehends
2018,Summer,LCK,LoL Champions Korea,韩国,一级联赛,LCK 2018 Summer Playoffs,2018-08-12,Griffin (Korean Team),,Coach,cvMax,김대호,Kim Dae-ho,South Korea,Korea,1990-07-07,0,cvMax
2018,Summer,LCK,LoL Champions Korea,韩国,一级联赛,LCK 2018 Summer Playoffs,2018-08-12,Kingzone DragonX,,Top,Khan,김동하,Kim Dong-ha,South Korea,Korea,1995-12-22,0,Khan
2018,Summer,LCK,LoL Champions Korea,韩国,一级联赛,LCK 2018 Summer Playoffs,2018-08-12,Kingzone DragonX,,Jungle,Peanut,한왕호,Han Wang-ho,South Korea,Korea,1998-02-03,1,Peanut
2018,Summer,LCK,LoL Champions Korea,韩国,一级联赛,LCK 2018 Summer Playoffs,2018-08-12,Kingzone DragonX,,Mid,Bdd,곽보성,Gwak Bo-seong,South Korea,Korea,1999-03-01,0,Bdd
2018,Summer,LCK,LoL Champions Korea,韩国,一级联赛,LCK 2018 Summer Playoffs,2018-08-12,Kingzone DragonX,,Bot,PraY,김종인,Kim Jong-in,South Korea,Korea,1994-01-06,0,PraY
2018,Summer,LCK,LoL Champions Korea,韩国,一级联赛,LCK 2018 Summer Playoffs,2018-08-12,Kingzone DragonX,,Support,GorillA,강범현,Kang Beom-hyun,South Korea,Korea,1994-11-18,0,GorillA
2018,Summer,LCK,LoL Champions Korea,韩国,一级联赛,LCK 2018 Summer Playoffs,2018-08-12,Kingzone DragonX,,Coach,Hirai,강동훈,Kang Dong-hoon,South Korea,Korea,1982-03-26,0,Hirai
2018,Summer,LCK,LoL Champions Korea,韩国,一级联赛,LCK 2018 Summer Playoffs,2018-08-12,Kingzone DragonX,,Coach,ActScene,,,,,,,ActScene
2018,Summer,LCK,LoL Champions Korea,韩国,一级联赛,LCK 2018 Summer Playoffs,2018-08-12,Kingzone DragonX,,Coach,supreme,최승민,Choi Seung-min,South Korea,Korea,1987-04-27,0,Supreme
2018,Summer,LCK,LoL Champions Korea,韩国,一级联赛,LCK 2018 Summer Playoffs,2018-08-12,KT Rolster,,Top,Smeb,송경호,Song Kyung-ho,South Korea,Korea,1995-06-30,0,Smeb
2018,Summer,LCK,LoL Champions Korea,韩国,一级联赛,LCK 2018 Summer Playoffs,2018-08-12,KT Rolster,,Jungle,Score,고동빈,Go Dong-bin,South Korea,Korea,1992-07-08,0,Score
2018,Summer,LCK,LoL Champions Korea,韩国,一级联赛,LCK 2018 Summer Playoffs,2018-08-12,KT Rolster,,Mid,Ucal,손우현,Son Woo-hyeon,South Korea,Korea,2001-01-30,0,Ucal
2018,Summer,LCK,LoL Champions Korea,韩国,一级联赛,LCK 2018 Summer Playoffs,2018-08-12,KT Rolster,,Bot,Deft,김혁규,Kim Hyuk-kyu,South Korea,Korea,1996-10-23,0,Deft
2018,Summer,LCK,LoL Champions Korea,韩国,一级联赛,LCK 2018 Summer Playoffs,2018-08-12,KT Rolster,,Support,Mata,조세형,Cho Se-hyeong,South Korea,Korea,1994-02-27,0,Mata
2018,Summer,LCK,LoL Champions Korea,韩国,一级联赛,LCK 2018 Summer Playoffs,2018-08-12,KT Rolster,,Coach,ZanDarC,오창종,Oh Chang-jong,South Korea,Korea,1983-10-01,1,ZanDarc
2018,Summer,LCK,LoL Champions Korea,韩国,一级联赛,LCK 2018 Summer Playoffs,2018-08-12,KT Rolster,,Coach,AnimalDAX,,,,,,,AnimalDAX
2018,Summer,LCK,LoL Champions Korea,韩国,一级联赛,LCK 2018 Summer Promotion,2018-04-17,Ever8 Winners,,Top,WooFe,정우철,Jeong Woo-cheol,South Korea,Korea,,1,WooFe
2018,Summer,LCK,LoL Champions Korea,韩国,一级联赛,LCK 2018 Summer Promotion,2018-04-17,Ever8 Winners,,Jungle,Kuma,박현규,Park Hyeon-gyu,South Korea,Korea,2000-11-14,1,Kuma (Park Hyeon-gyu)
2018,Summer,LCK,LoL Champions Korea,韩国,一级联赛,LCK 2018 Summer Promotion,2018-04-17,Ever8 Winners,,Jungle,Hoglet,김광협,Kim Gwang-hyeop,South Korea,Korea,1999-10-08,0,Hoglet
2018,Summer,LCK,LoL Champions Korea,韩国,一级联赛,LCK 2018 Summer Promotion,2018-04-17,Ever8 Winners,,Mid,SSUN,김태양,Kim Tae-yang,South Korea,Korea,1997-11-20,0,SSUN (Kim Tae-yang)
2018,Summer,LCK,LoL Champions Korea,韩国,一级联赛,LCK 2018 Summer Promotion,2018-04-17,Ever8 Winners,,Bot,HyBriD,이우진,Lee Woo-jin,South Korea,Korea,1999-11-27,1,HyBrid (Lee Woo-jin)
2018,Summer,LCK,LoL Champions Korea,韩国,一级联赛,LCK 2018 Summer Promotion,2018-04-17,Ever8 Winners,,Support,Lucifer (Han Chang-hoon),,,,,,,Lucifer (Han Chang-hoon)
2018,Summer,LCK,LoL Champions Korea,韩国,一级联赛,LCK 2018 Summer Promotion,2018-04-17,Ever8 Winners,,Support,Aegis (Kim Geun-mo),,,,,,,Aegis (Kim Geun-mo)
2018,Summer,LCK,LoL Champions Korea,韩国,一级联赛,LCK 2018 Summer Promotion,2018-04-17,Ever8 Winners,,Coach,Alvingo,최병철,Choi Byeong-cheol,South Korea,Korea,1992-06-04,0,Alvingo
2018,Summer,LCK,LoL Champions Korea,韩国,一级联赛,LCK 2018 Summer Promotion,2018-04-17,Griffin (Korean Team),,Top,Sword (Choi Sung-won),,,,,,,Sword (Choi Sung-won)
2018,Summer,LCK,LoL Champions Korea,韩国,一级联赛,LCK 2018 Summer Promotion,2018-04-17,Griffin (Korean Team),,Jungle,Tarzan,이승용,Lee Seung-yong,South Korea,Korea,1999-08-23,0,Tarzan (Lee Seung-yong)
2018,Summer,LCK,LoL Champions Korea,韩国,一级联赛,LCK 2018 Summer Promotion,2018-04-17,Griffin (Korean Team),,Mid,Rather,신형섭,Shin Hyeong-seop,South Korea,Korea,1996-11-26,0,Rather
2018,Summer,LCK,LoL Champions Korea,韩国,一级联赛,LCK 2018 Summer Promotion,2018-04-17,Griffin (Korean Team),,Bot,Viper,박도현,Park Do-hyeon,South Korea,Korea,2000-10-19,0,Viper (Park Do-hyeon)
2018,Summer,LCK,LoL Champions Korea,韩国,一级联赛,LCK 2018 Summer Promotion,2018-04-17,Griffin (Korean Team),,Support,Lehends,손시우,Son Si-woo,South Korea,Korea,1998-12-24,0,Lehends
2018,Summer,LCK,LoL Champions Korea,韩国,一级联赛,LCK 2018 Summer Promotion,2018-04-17,Griffin (Korean Team),,Coach,cvMax,김대호,Kim Dae-ho,South Korea,Korea,1990-07-07,0,cvMax
2018,Summer,LCK,LoL Champions Korea,韩国,一级联赛,LCK 2018 Summer Promotion,2018-04-17,Kongdoo Monster,,Top,Roach,김강희,Kim Kang-hee,South Korea,Korea,1999-01-31,0,Roach
2018,Summer,LCK,LoL Champions Korea,韩国,一级联赛,LCK 2018 Summer Promotion,2018-04-17,Kongdoo Monster,,Jungle,Raise,오지환,Oh Ji-hwan,South Korea,Korea,1997-10-18,0,Raise
2018,Summer,LCK,LoL Champions Korea,韩国,一级联赛,LCK 2018 Summer Promotion,2018-04-17,Kongdoo Monster,,Jungle,U Jun,,,,,,,U Jun
2018,Summer,LCK,LoL Champions Korea,韩国,一级联赛,LCK 2018 Summer Promotion,2018-04-17,Kongdoo Monster,,Mid,Edge,이호성,Lee Ho-sung,South Korea,Korea,1997-12-03,1,Edge
2018,Summer,LCK,LoL Champions Korea,韩国,一级联赛,LCK 2018 Summer Promotion,2018-04-17,Kongdoo Monster,,Bot,Ssol,서진솔,Seo Jin-sol,South Korea,Korea,1998-03-04,0,SSol
2018,Summer,LCK,LoL Champions Korea,韩国,一级联赛,LCK 2018 Summer Promotion,2018-04-17,Kongdoo Monster,,Support,Secret,박기선,Park Ki-sun,South Korea,Korea,1997-05-27,1,Secret (Park Ki-sun)
2018,Summer,LCK,LoL Champions Korea,韩国,一级联赛,LCK 2018 Summer Promotion,2018-04-17,Kongdoo Monster,,Coach,MC (Jang Min-chul),,,,,,,MC (Jang Min-chul)
2018,Summer,LCK,LoL Champions Korea,韩国,一级联赛,LCK 2018 Summer Promotion,2018-04-17,Kongdoo Monster,,Coach,Chunco,,,,,,,Chunco
2018,Summer,LCK,LoL Champions Korea,韩国,一级联赛,LCK 2018 Summer Promotion,2018-04-17,Kongdoo Monster,,Coach,Rigby,한얼,Han Earl,South Korea,Korea,1995-12-15,0,Rigby
2018,Summer,LCK,LoL Champions Korea,韩国,一级联赛,LCK 2018 Summer Promotion,2018-04-17,MVP,,Top,ADD,강건모,Kang Geon-mo,South Korea,Korea,1998-10-17,0,ADD
2018,Summer,LCK,LoL Champions Korea,韩国,一级联赛,LCK 2018 Summer Promotion,2018-04-17,MVP,,Jungle,Beyond,김규석,Kim Kyu-seok,South Korea,Korea,1997-08-18,1,Beyond (Kim Kyu-seok)
2018,Summer,LCK,LoL Champions Korea,韩国,一级联赛,LCK 2018 Summer Promotion,2018-04-17,MVP,,Mid,Ian,안준형,An Jun-hyeong,South Korea,Korea,1998-01-22,0,Ian
2018,Summer,LCK,LoL Champions Korea,韩国,一级联赛,LCK 2018 Summer Promotion,2018-04-17,MVP,,Bot,Pilot,나우형,Na Woo-hyung,South Korea,Korea,1995-12-04,1,Pilot (Na Woo-hyung)
2018,Summer,LCK,LoL Champions Korea,韩国,一级联赛,LCK 2018 Summer Promotion,2018-04-17,MVP,,Support,Max,정종빈,Jeong Jong-bin,South Korea,Korea,1996-05-30,0,Max (Jeong Jong-bin)
2018,Summer,LCK,LoL Champions Korea,韩国,一级联赛,LCK 2018 Summer Promotion,2018-04-17,MVP,,Coach,Hell,권재환,Kwon Jae-hwan,South Korea,Korea,1990-02-06,0,Hell
2018,Summer,LCK,LoL Champions Korea,韩国,一级联赛,LCK 2018 Summer Promotion,2018-04-17,MVP,,Coach,Saroo,이종원,Lee Jong-won,South Korea,Korea,1991-07-20,0,Saroo
2018,Summer,LCK,LoL Champions Korea,韩国,一级联赛,LCK 2018 Summer,2018-06-12,Afreeca Freecs,,Top,Kiin,김기인,Kim Gi-in,South Korea,Korea,1999-05-28,0,Kiin
2018,Summer,LCK,LoL Champions Korea,韩国,一级联赛,LCK 2018 Summer,2018-06-12,Afreeca Freecs,,Jungle,Spirit,이다윤,Lee Da-yoon,South Korea,Korea,1996-07-01,1,Spirit
2018,Summer,LCK,LoL Champions Korea,韩国,一级联赛,LCK 2018 Summer,2018-06-12,Afreeca Freecs,,Jungle,Mowgli,이재하,Lee Jae-ha,South Korea,Korea,1998-04-14,0,Mowgli
2018,Summer,LCK,LoL Champions Korea,韩国,一级联赛,LCK 2018 Summer,2018-06-12,Afreeca Freecs,,Mid,Kuro,이서행,Lee Seo-haeng,South Korea,Korea,1994-01-04,0,Kuro
2018,Summer,LCK,LoL Champions Korea,韩国,一级联赛,LCK 2018 Summer,2018-06-12,Afreeca Freecs,,Bot,Aiming,김하람,Kim Ha-ram,South Korea,Korea,2000-07-20,0,Aiming
2018,Summer,LCK,LoL Champions Korea,韩国,一级联赛,LCK 2018 Summer,2018-06-12,Afreeca Freecs,,Bot,Kramer,하종훈,Ha Jong-hun,South Korea,Korea,1996-03-09,1,Kramer
2018,Summer,LCK,LoL Champions Korea,韩国,一级联赛,LCK 2018 Summer,2018-06-12,Afreeca Freecs,,Support,TusiN,박종익,Park Jong-ik,South Korea,Korea,1995-11-12,1,TusiN
2018,Summer,LCK,LoL Champions Korea,韩国,一级联赛,LCK 2018 Summer,2018-06-12,Afreeca Freecs,,Coach,Ccomet,,,,,,,Ccomet
2018,Summer,LCK,LoL Champions Korea,韩国,一级联赛,LCK 2018 Summer,2018-06-12,Afreeca Freecs,,Coach,Zefa,이재민,Lee Jae-min,South Korea,Korea,1988-02-04,0,Zefa
2018,Summer,LCK,LoL Champions Korea,韩国,一级联赛,LCK 2018 Summer,2018-06-12,bbq Olivers,,Top,Crazy,김재희,Kim Jae-hee,South Korea,Korea,1996-09-20,0,Crazy (Kim Jae-hee)
2018,Summer,LCK,LoL Champions Korea,韩国,一级联赛,LCK 2018 Summer,2018-06-12,bbq Olivers,,Jungle,Bono (Kim Gi-beom),,,,,,,Bono (Kim Gi-beom)
2018,Summer,LCK,LoL Champions Korea,韩国,一级联赛,LCK 2018 Summer,2018-06-12,bbq Olivers,,Jungle,Trick,김강윤,Kim Gang-yun,South Korea,Korea,1995-07-11,0,Trick
2018,Summer,LCK,LoL Champions Korea,韩国,一级联赛,LCK 2018 Summer,2018-06-12,bbq Olivers,,Mid,Tempt,강명구,Kang Myung-gu,South Korea,Korea,1998-05-13,0,Tempt
2018,Summer,LCK,LoL Champions Korea,韩国,一级联赛,LCK 2018 Summer,2018-06-12,bbq Olivers,,Bot,Aries (Lee Chae-hwan),,,,,,,Aries (Lee Chae-hwan)
2018,Summer,LCK,LoL Champions Korea,韩国,一级联赛,LCK 2018 Summer,2018-06-12,bbq Olivers,,Bot,Ghost,장용준,Jang Yong-jun,South Korea,Korea,1999-03-18,0,Ghost (Jang Yong-jun)
2018,Summer,LCK,LoL Champions Korea,韩国,一级联赛,LCK 2018 Summer,2018-06-12,bbq Olivers,,Support,Ignar,이동근,Lee Dong-geun,South Korea,Korea,1996-11-20,0,IgNar
2018,Summer,LCK,LoL Champions Korea,韩国,一级联赛,LCK 2018 Summer,2018-06-12,bbq Olivers,,Coach,Xero,신혁,Sin Hyeok,South Korea,Korea,1988-07-19,0,Xero
2018,Summer,LCK,LoL Champions Korea,韩国,一级联赛,LCK 2018 Summer,2018-06-12,bbq Olivers,,Coach,Ares,김민권,Kim Min-kwon,South Korea,Korea,1995-12-11,0,Ares (Kim Min-kwon)
2018,Summer,LCK,LoL Champions Korea,韩国,一级联赛,LCK 2018 Summer,2018-06-12,Gen.G,,Top,CuVee,이성진,Lee Seong-jin,South Korea,Korea,1996-09-27,0,CuVee
2018,Summer,LCK,LoL Champions Korea,韩国,一级联赛,LCK 2018 Summer,2018-06-12,Gen.G,,Top,Mong,,,,,,,Mong
2018,Summer,LCK,LoL Champions Korea,韩国,一级联赛,LCK 2018 Summer,2018-06-12,Gen.G,,Jungle,Ambition,강찬용,Kang Chan-yong,South Korea,Korea,1992-10-27,0,Ambition
2018,Summer,LCK,LoL Champions Korea,韩国,一级联赛,LCK 2018 Summer,2018-06-12,Gen.G,,Jungle,Haru,강민승,Kang Min-seung,South Korea,Korea,1998-06-03,1,Haru
2018,Summer,LCK,LoL Champions Korea,韩国,一级联赛,LCK 2018 Summer,2018-06-12,Gen.G,,Mid,Fly,송용준,Song Yong-jun,South Korea,Korea,1996-02-25,1,Fly (Song Yong-jun)
2018,Summer,LCK,LoL Champions Korea,韩国,一级联赛,LCK 2018 Summer,2018-06-12,Gen.G,,Mid,Crown,이민호,Lee Min-ho,South Korea,Korea,1995-02-28,0,Crown
2018,Summer,LCK,LoL Champions Korea,韩国,一级联赛,LCK 2018 Summer,2018-06-12,Gen.G,,Bot,Ruler,박재혁,Park Jae-hyuk,South Korea,Korea,1998-12-29,0,Ruler
2018,Summer,LCK,LoL Champions Korea,韩国,一级联赛,LCK 2018 Summer,2018-06-12,Gen.G,,Support,CoreJJ,조용인,Jo Yong-in,South Korea,North America,1994-06-22,0,CoreJJ
2018,Summer,LCK,LoL Champions Korea,韩国,一级联赛,LCK 2018 Summer,2018-06-12,Gen.G,,Coach,Edgar,최우범,Choi Woo-beom,South Korea,Korea,1984-01-03,0,Edgar
2018,Summer,LCK,LoL Champions Korea,韩国,一级联赛,LCK 2018 Summer,2018-06-12,Gen.G,,Coach,TrAce,여창동,Yeo Chang-dong,South Korea,Korea,1989-11-02,1,TrAce
2018,Summer,LCK,LoL Champions Korea,韩国,一级联赛,LCK 2018 Summer,2018-06-12,Griffin (Korean Team),,Top,Sword (Choi Sung-won),,,,,,,Sword (Choi Sung-won)
2018,Summer,LCK,LoL Champions Korea,韩国,一级联赛,LCK 2018 Summer,2018-06-12,Griffin (Korean Team),,Jungle,Tarzan,이승용,Lee Seung-yong,South Korea,Korea,1999-08-23,0,Tarzan (Lee Seung-yong)
2018,Summer,LCK,LoL Champions Korea,韩国,一级联赛,LCK 2018 Summer,2018-06-12,Griffin (Korean Team),,Mid,Rather,신형섭,Shin Hyeong-seop,South Korea,Korea,1996-11-26,0,Rather
2018,Summer,LCK,LoL Champions Korea,韩国,一级联赛,LCK 2018 Summer,2018-06-12,Griffin (Korean Team),,Mid,Chovy,정지훈,Jeong Ji-hoon,South Korea,Korea,2001-03-03,0,Chovy
2018,Summer,LCK,LoL Champions Korea,韩国,一级联赛,LCK 2018 Summer,2018-06-12,Griffin (Korean Team),,Bot,Viper,박도현,Park Do-hyeon,South Korea,Korea,2000-10-19,0,Viper (Park Do-hyeon)
2018,Summer,LCK,LoL Champions Korea,韩国,一级联赛,LCK 2018 Summer,2018-06-12,Griffin (Korean Team),,Support,Lehends,손시우,Son Si-woo,South Korea,Korea,1998-12-24,0,Lehends
2018,Summer,LCK,LoL Champions Korea,韩国,一级联赛,LCK 2018 Summer,2018-06-12,Griffin (Korean Team),,Coach,cvMax,김대호,Kim Dae-ho,South Korea,Korea,1990-07-07,0,cvMax
2018,Summer,LCK,LoL Champions Korea,韩国,一级联赛,LCK 2018 Summer,2018-06-12,Hanwha Life Esports,,Top,Lindarang,허만흥,Heo Man-heung,South Korea,Korea,1997-08-25,0,Lindarang
2018,Summer,LCK,LoL Champions Korea,韩国,一级联赛,LCK 2018 Summer,2018-06-12,Hanwha Life Esports,,Top,Brook (Lee Jang-hoon),,,,,,,Brook (Lee Jang-hoon)
2018,Summer,LCK,LoL Champions Korea,韩国,一级联赛,LCK 2018 Summer,2018-06-12,Hanwha Life Esports,,Jungle,SeongHwan,윤성환,Yoon Seong-hwan,South Korea,Korea,1997-12-11,1,SeongHwan
2018,Summer,LCK,LoL Champions Korea,韩国,一级联赛,LCK 2018 Summer,2018-06-12,Hanwha Life Esports,,Jungle,Mightybear,김민수,Kim Min-su,South Korea,Korea,1995-09-06,1,Mightybear
2018,Summer,LCK,LoL Champions Korea,韩国,一级联赛,LCK 2018 Summer,2018-06-12,Hanwha Life Esports,,Mid,Lava,김태훈,Kim Tae-hoon,South Korea,Korea,1999-07-14,0,Lava
2018,Summer,LCK,LoL Champions Korea,韩国,一级联赛,LCK 2018 Summer,2018-06-12,Hanwha Life Esports,,Mid,Kuzan,이성혁,Lee Seong-hyeok,South Korea,Korea,1997-01-07,1,Kuzan
2018,Summer,LCK,LoL Champions Korea,韩国,一级联赛,LCK 2018 Summer,2018-06-12,Hanwha Life Esports,,Bot,Sangyoon,권상윤,Gwon Sang-yun,South Korea,Korea,1995-12-20,1,Sangyoon
2018,Summer,LCK,LoL Champions Korea,韩国,一级联赛,LCK 2018 Summer,2018-06-12,Hanwha Life Esports,,Bot,Clever,문원희,Moon Won-hee,South Korea,Korea,2000-12-02,1,Clever
2018,Summer,LCK,LoL Champions Korea,韩国,一级联赛,LCK 2018 Summer,2018-06-12,Hanwha Life Esports,,Support,Key,김한기,Kim Han-gi,South Korea,Korea,1997-06-20,0,Key
2018,Summer,LCK,LoL Champions Korea,韩国,一级联赛,LCK 2018 Summer,2018-06-12,Hanwha Life Esports,,Support,Asper,김태기,Kim Tae-gi,South Korea,Korea,2000-01-12,1,Asper
2018,Summer,LCK,LoL Champions Korea,韩国,一级联赛,LCK 2018 Summer,2018-06-12,Hanwha Life Esports,,Coach,OnAir,강현종,Kang Hyun-jong,South Korea,Korea,1980-09-14,0,OnAir
2018,Summer,LCK,LoL Champions Korea,韩国,一级联赛,LCK 2018 Summer,2018-06-12,Hanwha Life Esports,,Coach,Emperor,김진현,Kim Jin-hyun,South Korea,Korea,1993-06-07,1,Emperor (Kim Jin-hyun)
2018,Summer,LCK,LoL Champions Korea,韩国,一级联赛,LCK 2018 Summer,2018-06-12,Jin Air Green Wings,,Top,SoHwan,김준영,Kim Jun-yeong,South Korea,Korea,1996-10-24,1,SoHwan
2018,Summer,LCK,LoL Champions Korea,韩国,一级联赛,LCK 2018 Summer,2018-06-12,Jin Air Green Wings,,Jungle,UmTi,엄성현,Um Sung-hyeon,South Korea,Korea,1999-06-02,0,UmTi
2018,Summer,LCK,LoL Champions Korea,韩国,一级联赛,LCK 2018 Summer,2018-06-12,Jin Air Green Wings,,Jungle,KaKAO,이병권,Lee Byung-kwon,South Korea,Korea,1995-12-07,0,KaKAO
2018,Summer,LCK,LoL Champions Korea,韩国,一级联赛,LCK 2018 Summer,2018-06-12,Jin Air Green Wings,,Mid,Grace,,,,,,,Grace
2018,Summer,LCK,LoL Champions Korea,韩国,一级联赛,LCK 2018 Summer,2018-06-12,Jin Air Green Wings,,Mid,Justice,윤석준,Yoon Seok-joon,South Korea,Korea,1998-01-04,1,Justice
2018,Summer,LCK,LoL Champions Korea,韩国,一级联赛,LCK 2018 Summer,2018-06-12,Jin Air Green Wings,,Bot,Teddy,박진성,Park Jin-seong,South Korea,Korea,1998-03-15,0,Teddy
2018,Summer,LCK,LoL Champions Korea,韩国,一级联赛,LCK 2018 Summer,2018-06-12,Jin Air Green Wings,,Support,Nova,박찬호,Park Chan-ho,South Korea,Korea,1997-11-27,0,Nova (Park Chan-ho)
2018,Summer,LCK,LoL Champions Korea,韩国,一级联赛,LCK 2018 Summer,2018-06-12,Jin Air Green Wings,,Coach,H-Dragon,,,,,,,H-Dragon
2018,Summer,LCK,LoL Champions Korea,韩国,一级联赛,LCK 2018 Summer,2018-06-12,Jin Air Green Wings,,Coach,fly,김상철,Kim Sang-cheol,South Korea,Korea,1987-09-21,0,Fly (Kim Sang-cheol)
2018,Summer,LCK,LoL Champions Korea,韩国,一级联赛,LCK 2018 Summer,2018-06-12,Kingzone DragonX,,Top,Khan,김동하,Kim Dong-ha,South Korea,Korea,1995-12-22,0,Khan
2018,Summer,LCK,LoL Champions Korea,韩国,一级联赛,LCK 2018 Summer,2018-06-12,Kingzone DragonX,,Top,Rascal,김광희,Kim Kwang-hee,South Korea,Korea,1997-10-16,0,Rascal
2018,Summer,LCK,LoL Champions Korea,韩国,一级联赛,LCK 2018 Summer,2018-06-12,Kingzone DragonX,,Jungle,Cuzz,문우찬,Moon Woo-chan,South Korea,Korea,1999-10-30,0,Cuzz
2018,Summer,LCK,LoL Champions Korea,韩国,一级联赛,LCK 2018 Summer,2018-06-12,Kingzone DragonX,,Jungle,Peanut,한왕호,Han Wang-ho,South Korea,Korea,1998-02-03,1,Peanut
2018,Summer,LCK,LoL Champions Korea,韩国,一级联赛,LCK 2018 Summer,2018-06-12,Kingzone DragonX,,Mid,Bdd,곽보성,Gwak Bo-seong,South Korea,Korea,1999-03-01,0,Bdd
2018,Summer,LCK,LoL Champions Korea,韩国,一级联赛,LCK 2018 Summer,2018-06-12,Kingzone DragonX,,Bot,PraY,김종인,Kim Jong-in,South Korea,Korea,1994-01-06,0,PraY
2018,Summer,LCK,LoL Champions Korea,韩国,一级联赛,LCK 2018 Summer,2018-06-12,Kingzone DragonX,,Support,GorillA,강범현,Kang Beom-hyun,South Korea,Korea,1994-11-18,0,GorillA
2018,Summer,LCK,LoL Champions Korea,韩国,一级联赛,LCK 2018 Summer,2018-06-12,Kingzone DragonX,,Coach,Hirai,강동훈,Kang Dong-hoon,South Korea,Korea,1982-03-26,0,Hirai
2018,Summer,LCK,LoL Champions Korea,韩国,一级联赛,LCK 2018 Summer,2018-06-12,Kingzone DragonX,,Coach,ActScene,,,,,,,ActScene
2018,Summer,LCK,LoL Champions Korea,韩国,一级联赛,LCK 2018 Summer,2018-06-12,KT Rolster,,Top,Smeb,송경호,Song Kyung-ho,South Korea,Korea,1995-06-30,0,Smeb
2018,Summer,LCK,LoL Champions Korea,韩国,一级联赛,LCK 2018 Summer,2018-06-12,KT Rolster,,Top,Kingen,황성훈,Hwang Seong-hoon,South Korea,Korea,2000-03-11,0,Kingen
2018,Summer,LCK,LoL Champions Korea,韩国,一级联赛,LCK 2018 Summer,2018-06-12,KT Rolster,,Jungle,Rush,이윤재,Lee Yoon-jae,South Korea,Korea,1993-04-06,1,Rush
2018,Summer,LCK,LoL Champions Korea,韩国,一级联赛,LCK 2018 Summer,2018-06-12,KT Rolster,,Jungle,Score,고동빈,Go Dong-bin,South Korea,Korea,1992-07-08,0,Score
2018,Summer,LCK,LoL Champions Korea,韩国,一级联赛,LCK 2018 Summer,2018-06-12,KT Rolster,,Mid,Ucal,손우현,Son Woo-hyeon,South Korea,Korea,2001-01-30,0,Ucal
2018,Summer,LCK,LoL Champions Korea,韩国,一级联赛,LCK 2018 Summer,2018-06-12,KT Rolster,,Mid,PawN,허원석,Heo Won-seok,South Korea,Korea,1997-01-26,0,PawN
2018,Summer,LCK,LoL Champions Korea,韩国,一级联赛,LCK 2018 Summer,2018-06-12,KT Rolster,,Bot,Deft,김혁규,Kim Hyuk-kyu,South Korea,Korea,1996-10-23,0,Deft
2018,Summer,LCK,LoL Champions Korea,韩国,一级联赛,LCK 2018 Summer,2018-06-12,KT Rolster,,Support,Mata,조세형,Cho Se-hyeong,South Korea,Korea,1994-02-27,0,Mata
2018,Summer,LCK,LoL Champions Korea,韩国,一级联赛,LCK 2018 Summer,2018-06-12,KT Rolster,,Coach,ZanDarC,오창종,Oh Chang-jong,South Korea,Korea,1983-10-01,1,ZanDarc
2018,Summer,LCK,LoL Champions Korea,韩国,一级联赛,LCK 2018 Summer,2018-06-12,KT Rolster,,Coach,AnimalDAX,,,,,,,AnimalDAX
2018,Summer,LCK,LoL Champions Korea,韩国,一级联赛,LCK 2018 Summer,2018-06-12,MVP,,Top,ADD,강건모,Kang Geon-mo,South Korea,Korea,1998-10-17,0,ADD
2018,Summer,LCK,LoL Champions Korea,韩国,一级联赛,LCK 2018 Summer,2018-06-12,MVP,,Jungle,Yondu,,,,,,,Yondu
2018,Summer,LCK,LoL Champions Korea,韩国,一级联赛,LCK 2018 Summer,2018-06-12,MVP,,Mid,Ian,안준형,An Jun-hyeong,South Korea,Korea,1998-01-22,0,Ian
2018,Summer,LCK,LoL Champions Korea,韩国,一级联赛,LCK 2018 Summer,2018-06-12,MVP,,Bot,Pilot,나우형,Na Woo-hyung,South Korea,Korea,1995-12-04,1,Pilot (Na Woo-hyung)
2018,Summer,LCK,LoL Champions Korea,韩国,一级联赛,LCK 2018 Summer,2018-06-12,MVP,,"Bot,Top",MaHa,오현식,Oh Hyun-sik,South Korea,Korea,1995-11-07,1,MaHa
2018,Summer,LCK,LoL Champions Korea,韩国,一级联赛,LCK 2018 Summer,2018-06-12,MVP,,"Support,Top",Max,정종빈,Jeong Jong-bin,South Korea,Korea,1996-05-30,0,Max (Jeong Jong-bin)
2018,Summer,LCK,LoL Champions Korea,韩国,一级联赛,LCK 2018 Summer,2018-06-12,MVP,,Support,Motive,조세희,Cho Se-hee,South Korea,Korea,2001-01-08,0,Motive
2018,Summer,LCK,LoL Champions Korea,韩国,一级联赛,LCK 2018 Summer,2018-06-12,MVP,,Coach,Hell,권재환,Kwon Jae-hwan,South Korea,Korea,1990-02-06,0,Hell
2018,Summer,LCK,LoL Champions Korea,韩国,一级联赛,LCK 2018 Summer,2018-06-12,MVP,,Coach,Saroo,이종원,Lee Jong-won,South Korea,Korea,1991-07-20,0,Saroo
2018,Summer,LCK,LoL Champions Korea,韩国,一级联赛,LCK 2018 Summer,2018-06-12,SK Telecom T1,,Top,Thal,박권혁,Park Kwon-hyuk,South Korea,Korea,1998-11-13,1,Thal
2018,Summer,LCK,LoL Champions Korea,韩国,一级联赛,LCK 2018 Summer,2018-06-12,SK Telecom T1,,Jungle,Blank,강선구,Kang Sun-gu,South Korea,Korea,1998-04-30,1,Blank (Kang Sun-gu)
2018,Summer,LCK,LoL Champions Korea,韩国,一级联赛,LCK 2018 Summer,2018-06-12,SK Telecom T1,,Jungle,Blossom,박범찬,Park Beom-chan,South Korea,Korea,1999-10-12,1,Blossom (Park Beom-chan)
2018,Summer,LCK,LoL Champions Korea,韩国,一级联赛,LCK 2018 Summer,2018-06-12,SK Telecom T1,,Mid,Faker,이상혁,Lee Sang-hyeok,South Korea,Korea,1996-05-07,0,Faker
2018,Summer,LCK,LoL Champions Korea,韩国,一级联赛,LCK 2018 Summer,2018-06-12,SK Telecom T1,,Mid,Pirean,최준식,Choi Jun-sik,South Korea,Korea,1998-04-09,1,Pirean
2018,Summer,LCK,LoL Champions Korea,韩国,一级联赛,LCK 2018 Summer,2018-06-12,SK Telecom T1,,Bot,Bang,배준식,Bae Jun-sik,South Korea,Korea,1996-05-18,0,Bang
2018,Summer,LCK,LoL Champions Korea,韩国,一级联赛,LCK 2018 Summer,2018-06-12,SK Telecom T1,,Bot,Leo,한겨레,Han Gyeo-re,South Korea,Korea,2000-01-12,0,Leo (Han Gyeo-re)
2018,Summer,LCK,LoL Champions Korea,韩国,一级联赛,LCK 2018 Summer,2018-06-12,SK Telecom T1,,Support,Wolf,이재완,Lee Jae-wan,South Korea,Korea,1996-09-09,0,Wolf (Lee Jae-wan)
2018,Summer,LCK,LoL Champions Korea,韩国,一级联赛,LCK 2018 Summer,2018-06-12,SK Telecom T1,,Support,Effort,이상호,Lee Sang-ho,South Korea,Korea,2000-11-23,0,Effort
2018,Summer,LCK,LoL Champions Korea,韩国,一级联赛,LCK 2018 Summer,2018-06-12,SK Telecom T1,,Coach,kkOma,김정균,Kim Jeong-gyun,South Korea,Korea,1985-12-23,0,kkOma
2018,Summer,LCK,LoL Champions Korea,韩国,一级联赛,LCK 2018 Summer,2018-06-12,SK Telecom T1,,Coach,PoohManDu,이정현,Lee Jeong-hyeon,South Korea,Korea,1991-01-29,0,PoohManDu
2018,Summer,LCK,LoL Champions Korea,韩国,一级联赛,LCK 2018 Summer,2018-06-12,SK Telecom T1,,Coach,Bengi,배성웅,Bae Seong-woong,South Korea,Korea,1993-11-21,0,Bengi
2019,Spring,LCK,LoL Champions Korea,韩国,一级联赛,LCK 2019 Spring Playoffs,2019-04-03,DAMWON Gaming,,Top,Nuguri,장하권,Jang Ha-gwon,South Korea,Korea,1999-07-17,1,Nuguri
2019,Spring,LCK,LoL Champions Korea,韩国,一级联赛,LCK 2019 Spring Playoffs,2019-04-03,DAMWON Gaming,,Jungle,Canyon,김건부,Kim Geon-bu,South Korea,Korea,2001-06-18,0,Canyon
2019,Spring,LCK,LoL Champions Korea,韩国,一级联赛,LCK 2019 Spring Playoffs,2019-04-03,DAMWON Gaming,,Mid,ShowMaker,허수,Heo Su,South Korea,Korea,2000-07-22,0,ShowMaker
2019,Spring,LCK,LoL Champions Korea,韩国,一级联赛,LCK 2019 Spring Playoffs,2019-04-03,DAMWON Gaming,,Bot,Nuclear,신정현,Shin Jeong-hyeon,South Korea,Korea,1997-05-19,0,Nuclear
2019,Spring,LCK,LoL Champions Korea,韩国,一级联赛,LCK 2019 Spring Playoffs,2019-04-03,DAMWON Gaming,,Support,BeryL,조건희,Cho Geon-hee,South Korea,Korea,1997-04-01,0,BeryL
2019,Spring,LCK,LoL Champions Korea,韩国,一级联赛,LCK 2019 Spring Playoffs,2019-04-03,DAMWON Gaming,,Support,Hoit,류호성,Ryu Ho-seong,South Korea,Korea,1999-07-06,1,Hoit
2019,Spring,LCK,LoL Champions Korea,韩国,一级联赛,LCK 2019 Spring Playoffs,2019-04-03,DAMWON Gaming,,Coach,Micro,김목경,Kim Mok-kyoung,South Korea,Korea,1986-09-17,0,Micro (Kim Mok-kyoung)
2019,Spring,LCK,LoL Champions Korea,韩国,一级联赛,LCK 2019 Spring Playoffs,2019-04-03,DAMWON Gaming,,Coach,KIM,김정수,Kim Jeong-soo,South Korea,Korea,1988-06-17,0,Kim (Kim Jeong-soo)
2019,Spring,LCK,LoL Champions Korea,韩国,一级联赛,LCK 2019 Spring Playoffs,2019-04-03,Griffin (Korean Team),,Top,Sword (Choi Sung-won),,,,,,,Sword (Choi Sung-won)
2019,Spring,LCK,LoL Champions Korea,韩国,一级联赛,LCK 2019 Spring Playoffs,2019-04-03,Griffin (Korean Team),,Jungle,Tarzan,이승용,Lee Seung-yong,South Korea,Korea,1999-08-23,0,Tarzan (Lee Seung-yong)
2019,Spring,LCK,LoL Champions Korea,韩国,一级联赛,LCK 2019 Spring Playoffs,2019-04-03,Griffin (Korean Team),,Mid,Chovy,정지훈,Jeong Ji-hoon,South Korea,Korea,2001-03-03,0,Chovy
2019,Spring,LCK,LoL Champions Korea,韩国,一级联赛,LCK 2019 Spring Playoffs,2019-04-03,Griffin (Korean Team),,Bot,Viper,박도현,Park Do-hyeon,South Korea,Korea,2000-10-19,0,Viper (Park Do-hyeon)
2019,Spring,LCK,LoL Champions Korea,韩国,一级联赛,LCK 2019 Spring Playoffs,2019-04-03,Griffin (Korean Team),,Support,Lehends,손시우,Son Si-woo,South Korea,Korea,1998-12-24,0,Lehends
2019,Spring,LCK,LoL Champions Korea,韩国,一级联赛,LCK 2019 Spring Playoffs,2019-04-03,Griffin (Korean Team),,Coach,cvMax,김대호,Kim Dae-ho,South Korea,Korea,1990-07-07,0,cvMax
2019,Spring,LCK,LoL Champions Korea,韩国,一级联赛,LCK 2019 Spring Playoffs,2019-04-03,Griffin (Korean Team),,Coach,Chaos,변영섭,Byun Young-sub,South Korea,Korea,1993-07-04,1,Chaos (Byun Young-sub)
2019,Spring,LCK,LoL Champions Korea,韩国,一级联赛,LCK 2019 Spring Playoffs,2019-04-03,Kingzone DragonX,,Top,Rascal,김광희,Kim Kwang-hee,South Korea,Korea,1997-10-16,0,Rascal
2019,Spring,LCK,LoL Champions Korea,韩国,一级联赛,LCK 2019 Spring Playoffs,2019-04-03,Kingzone DragonX,,Jungle,Cuzz,문우찬,Moon Woo-chan,South Korea,Korea,1999-10-30,0,Cuzz
2019,Spring,LCK,LoL Champions Korea,韩国,一级联赛,LCK 2019 Spring Playoffs,2019-04-03,Kingzone DragonX,,Mid,PawN,허원석,Heo Won-seok,South Korea,Korea,1997-01-26,0,PawN
2019,Spring,LCK,LoL Champions Korea,韩国,一级联赛,LCK 2019 Spring Playoffs,2019-04-03,Kingzone DragonX,,Bot,Deft,김혁규,Kim Hyuk-kyu,South Korea,Korea,1996-10-23,0,Deft
2019,Spring,LCK,LoL Champions Korea,韩国,一级联赛,LCK 2019 Spring Playoffs,2019-04-03,Kingzone DragonX,,Support,TusiN,박종익,Park Jong-ik,South Korea,Korea,1995-11-12,1,TusiN
2019,Spring,LCK,LoL Champions Korea,韩国,一级联赛,LCK 2019 Spring Playoffs,2019-04-03,Kingzone DragonX,,Coach,Hirai,강동훈,Kang Dong-hoon,South Korea,Korea,1982-03-26,0,Hirai
2019,Spring,LCK,LoL Champions Korea,韩国,一级联赛,LCK 2019 Spring Playoffs,2019-04-03,Kingzone DragonX,,Coach,Acorn,최천주,Choi Cheon-ju,South Korea,Korea,1990-07-13,0,Acorn
2019,Spring,LCK,LoL Champions Korea,韩国,一级联赛,LCK 2019 Spring Playoffs,2019-04-03,SANDBOX Gaming,,Top,Summit,박우태,Park Woo-tae,South Korea,Korea,1998-12-08,0,Summit
2019,Spring,LCK,LoL Champions Korea,韩国,一级联赛,LCK 2019 Spring Playoffs,2019-04-03,SANDBOX Gaming,,Jungle,OnFleek,김장겸,Kim Jang-gyeom,South Korea,Korea,1997-12-20,0,OnFleek
2019,Spring,LCK,LoL Champions Korea,韩国,一级联赛,LCK 2019 Spring Playoffs,2019-04-03,SANDBOX Gaming,,Mid,Dove,김재연,Kim Jae-yeon,South Korea,Korea,1998-07-25,0,Dove
2019,Spring,LCK,LoL Champions Korea,韩国,一级联赛,LCK 2019 Spring Playoffs,2019-04-03,SANDBOX Gaming,,Bot,Ghost,장용준,Jang Yong-jun,South Korea,Korea,1999-03-18,0,Ghost (Jang Yong-jun)
2019,Spring,LCK,LoL Champions Korea,韩国,一级联赛,LCK 2019 Spring Playoffs,2019-04-03,SANDBOX Gaming,,Support,Joker,조재읍,Cho Jae-eup,South Korea,Korea,1991-12-11,0,Joker (Cho Jae-eup)
2019,Spring,LCK,LoL Champions Korea,韩国,一级联赛,LCK 2019 Spring Playoffs,2019-04-03,SANDBOX Gaming,,Coach,Laden,강병호,Kang Byung-ho,South Korea,Korea,1992-06-05,0,Laden
2019,Spring,LCK,LoL Champions Korea,韩国,一级联赛,LCK 2019 Spring Playoffs,2019-04-03,SANDBOX Gaming,,Coach,Dragon,이준용,Lee Jun-yong,South Korea,Korea,1996-01-26,1,Dragon (Lee Jun-yong)
2019,Spring,LCK,LoL Champions Korea,韩国,一级联赛,LCK 2019 Spring Playoffs,2019-04-03,SK Telecom T1,,Top,Khan,김동하,Kim Dong-ha,South Korea,Korea,1995-12-22,0,Khan
2019,Spring,LCK,LoL Champions Korea,韩国,一级联赛,LCK 2019 Spring Playoffs,2019-04-03,SK Telecom T1,,Jungle,Clid,김태민,Kim Tae-min,South Korea,Korea,1999-07-07,0,Clid
2019,Spring,LCK,LoL Champions Korea,韩国,一级联赛,LCK 2019 Spring Playoffs,2019-04-03,SK Telecom T1,,Mid,Faker,이상혁,Lee Sang-hyeok,South Korea,Korea,1996-05-07,0,Faker
2019,Spring,LCK,LoL Champions Korea,韩国,一级联赛,LCK 2019 Spring Playoffs,2019-04-03,SK Telecom T1,,Bot,Teddy,박진성,Park Jin-seong,South Korea,Korea,1998-03-15,0,Teddy
2019,Spring,LCK,LoL Champions Korea,韩国,一级联赛,LCK 2019 Spring Playoffs,2019-04-03,SK Telecom T1,,Support,Mata,조세형,Cho Se-hyeong,South Korea,Korea,1994-02-27,0,Mata
2019,Spring,LCK,LoL Champions Korea,韩国,一级联赛,LCK 2019 Spring Playoffs,2019-04-03,SK Telecom T1,,Coach,Zefa,이재민,Lee Jae-min,South Korea,Korea,1988-02-04,0,Zefa
2019,Spring,LCK,LoL Champions Korea,韩国,一级联赛,LCK 2019 Spring Playoffs,2019-04-03,SK Telecom T1,,Coach,fly,김상철,Kim Sang-cheol,South Korea,Korea,1987-09-21,0,Fly (Kim Sang-cheol)
2019,Spring,LCK,LoL Champions Korea,韩国,一级联赛,LCK 2019 Spring Promotion,2018-09-18,bbq Olivers,,Top,Crazy,김재희,Kim Jae-hee,South Korea,Korea,1996-09-20,0,Crazy (Kim Jae-hee)
2019,Spring,LCK,LoL Champions Korea,韩国,一级联赛,LCK 2019 Spring Promotion,2018-09-18,bbq Olivers,,Jungle,Trick,김강윤,Kim Gang-yun,South Korea,Korea,1995-07-11,0,Trick
2019,Spring,LCK,LoL Champions Korea,韩国,一级联赛,LCK 2019 Spring Promotion,2018-09-18,bbq Olivers,,Mid,Tempt,강명구,Kang Myung-gu,South Korea,Korea,1998-05-13,0,Tempt
2019,Spring,LCK,LoL Champions Korea,韩国,一级联赛,LCK 2019 Spring Promotion,2018-09-18,bbq Olivers,,Bot,Aries (Lee Chae-hwan),,,,,,,Aries (Lee Chae-hwan)
2019,Spring,LCK,LoL Champions Korea,韩国,一级联赛,LCK 2019 Spring Promotion,2018-09-18,bbq Olivers,,Bot,Ghost,장용준,Jang Yong-jun,South Korea,Korea,1999-03-18,0,Ghost (Jang Yong-jun)
2019,Spring,LCK,LoL Champions Korea,韩国,一级联赛,LCK 2019 Spring Promotion,2018-09-18,bbq Olivers,,Support,Ignar,이동근,Lee Dong-geun,South Korea,Korea,1996-11-20,0,IgNar
2019,Spring,LCK,LoL Champions Korea,韩国,一级联赛,LCK 2019 Spring Promotion,2018-09-18,bbq Olivers,,Coach,Xero,신혁,Sin Hyeok,South Korea,Korea,1988-07-19,0,Xero
2019,Spring,LCK,LoL Champions Korea,韩国,一级联赛,LCK 2019 Spring Promotion,2018-09-18,bbq Olivers,,Coach,Ares,김민권,Kim Min-kwon,South Korea,Korea,1995-12-11,0,Ares (Kim Min-kwon)
2019,Spring,LCK,LoL Champions Korea,韩国,一级联赛,LCK 2019 Spring Promotion,2018-09-18,DAMWON Gaming,,Top,Nuguri,장하권,Jang Ha-gwon,South Korea,Korea,1999-07-17,1,Nuguri
2019,Spring,LCK,LoL Champions Korea,韩国,一级联赛,LCK 2019 Spring Promotion,2018-09-18,DAMWON Gaming,,Jungle,Punch,손민혁,Son Min-hyuk,South Korea,Korea,1998-06-06,0,Punch
2019,Spring,LCK,LoL Champions Korea,韩国,一级联赛,LCK 2019 Spring Promotion,2018-09-18,DAMWON Gaming,,Mid,ShowMaker,허수,Heo Su,South Korea,Korea,2000-07-22,0,ShowMaker
2019,Spring,LCK,LoL Champions Korea,韩国,一级联赛,LCK 2019 Spring Promotion,2018-09-18,DAMWON Gaming,,Bot,Nuclear,신정현,Shin Jeong-hyeon,South Korea,Korea,1997-05-19,0,Nuclear
2019,Spring,LCK,LoL Champions Korea,韩国,一级联赛,LCK 2019 Spring Promotion,2018-09-18,DAMWON Gaming,,Support,Hoit,류호성,Ryu Ho-seong,South Korea,Korea,1999-07-06,1,Hoit
2019,Spring,LCK,LoL Champions Korea,韩国,一级联赛,LCK 2019 Spring Promotion,2018-09-18,DAMWON Gaming,,Coach,Micro,김목경,Kim Mok-kyoung,South Korea,Korea,1986-09-17,0,Micro (Kim Mok-kyoung)
2019,Spring,LCK,LoL Champions Korea,韩国,一级联赛,LCK 2019 Spring Promotion,2018-09-18,DAMWON Gaming,,Coach,GalB,이주협,Lee Ju-hyeob,South Korea,Korea,1994-11-02,1,GalB
2019,Spring,LCK,LoL Champions Korea,韩国,一级联赛,LCK 2019 Spring Promotion,2018-09-18,MVP,,Top,ADD,강건모,Kang Geon-mo,South Korea,Korea,1998-10-17,0,ADD
2019,Spring,LCK,LoL Champions Korea,韩国,一级联赛,LCK 2019 Spring Promotion,2018-09-18,MVP,,Jungle,Yondu,,,,,,,Yondu
2019,Spring,LCK,LoL Champions Korea,韩国,一级联赛,LCK 2019 Spring Promotion,2018-09-18,MVP,,Mid,Ian,안준형,An Jun-hyeong,South Korea,Korea,1998-01-22,0,Ian
2019,Spring,LCK,LoL Champions Korea,韩国,一级联赛,LCK 2019 Spring Promotion,2018-09-18,MVP,,Bot,Pilot,나우형,Na Woo-hyung,South Korea,Korea,1995-12-04,1,Pilot (Na Woo-hyung)
2019,Spring,LCK,LoL Champions Korea,韩国,一级联赛,LCK 2019 Spring Promotion,2018-09-18,MVP,,Support,Max,정종빈,Jeong Jong-bin,South Korea,Korea,1996-05-30,0,Max (Jeong Jong-bin)
2019,Spring,LCK,LoL Champions Korea,韩国,一级联赛,LCK 2019 Spring Promotion,2018-09-18,MVP,,Coach,Hell,권재환,Kwon Jae-hwan,South Korea,Korea,1990-02-06,0,Hell
2019,Spring,LCK,LoL Champions Korea,韩国,一级联赛,LCK 2019 Spring Promotion,2018-09-18,MVP,,Coach,Saroo,이종원,Lee Jong-won,South Korea,Korea,1991-07-20,0,Saroo
2019,Spring,LCK,LoL Champions Korea,韩国,一级联赛,LCK 2019 Spring Promotion,2018-09-18,Team BattleComics,,Top,SoaR,이강표,Lee Gang-pyo,South Korea,Korea,1997-05-28,0,SoaR
2019,Spring,LCK,LoL Champions Korea,韩国,一级联赛,LCK 2019 Spring Promotion,2018-09-18,Team BattleComics,,Jungle,OnFleek,김장겸,Kim Jang-gyeom,South Korea,Korea,1997-12-20,0,OnFleek
2019,Spring,LCK,LoL Champions Korea,韩国,一级联赛,LCK 2019 Spring Promotion,2018-09-18,Team BattleComics,,Mid,Dove,김재연,Kim Jae-yeon,South Korea,Korea,1998-07-25,0,Dove
2019,Spring,LCK,LoL Champions Korea,韩国,一级联赛,LCK 2019 Spring Promotion,2018-09-18,Team BattleComics,,Bot,Hollow,신용진,Shin Yong-jin,South Korea,Korea,1998-06-23,1,Hollow
2019,Spring,LCK,LoL Champions Korea,韩国,一级联赛,LCK 2019 Spring Promotion,2018-09-18,Team BattleComics,,Support,Joker,조재읍,Cho Jae-eup,South Korea,Korea,1991-12-11,0,Joker (Cho Jae-eup)
2019,Spring,LCK,LoL Champions Korea,韩国,一级联赛,LCK 2019 Spring Promotion,2018-09-18,Team BattleComics,,Coach,Sally,유의준,Yoo Eui-joon,South Korea,Korea,1988-09-15,0,Sally
2019,Spring,LCK,LoL Champions Korea,韩国,一级联赛,LCK 2019 Spring Promotion,2018-09-18,Team BattleComics,,Coach,Dragon,이준용,Lee Jun-yong,South Korea,Korea,1996-01-26,1,Dragon (Lee Jun-yong)
2019,Spring,LCK,LoL Champions Korea,韩国,一级联赛,LCK 2019 Spring,2019-01-16,Afreeca Freecs,,Top,Kiin,김기인,Kim Gi-in,South Korea,Korea,1999-05-28,0,Kiin
2019,Spring,LCK,LoL Champions Korea,韩国,一级联赛,LCK 2019 Spring,2019-01-16,Afreeca Freecs,,"Jungle,Bot",Dread,이진혁,Lee Jin-hyeok,South Korea,Korea,2000-06-07,1,Dread (Lee Jin-hyeok)
2019,Spring,LCK,LoL Champions Korea,韩国,一级联赛,LCK 2019 Spring,2019-01-16,Afreeca Freecs,,"Jungle,Support",Spirit,이다윤,Lee Da-yoon,South Korea,Korea,1996-07-01,1,Spirit
2019,Spring,LCK,LoL Champions Korea,韩国,一级联赛,LCK 2019 Spring,2019-01-16,Afreeca Freecs,,Mid,Ucal,손우현,Son Woo-hyeon,South Korea,Korea,2001-01-30,0,Ucal
2019,Spring,LCK,LoL Champions Korea,韩国,一级联赛,LCK 2019 Spring,2019-01-16,Afreeca Freecs,,Mid,SSUN,김태양,Kim Tae-yang,South Korea,Korea,1997-11-20,0,SSUN (Kim Tae-yang)
2019,Spring,LCK,LoL Champions Korea,韩国,一级联赛,LCK 2019 Spring,2019-01-16,Afreeca Freecs,,Mid,Brook (Lee Jang-hoon),,,,,,,Brook (Lee Jang-hoon)
2019,Spring,LCK,LoL Champions Korea,韩国,一级联赛,LCK 2019 Spring,2019-01-16,Afreeca Freecs,,Bot,Ssol,서진솔,Seo Jin-sol,South Korea,Korea,1998-03-04,0,SSol
2019,Spring,LCK,LoL Champions Korea,韩国,一级联赛,LCK 2019 Spring,2019-01-16,Afreeca Freecs,,Bot,Aiming,김하람,Kim Ha-ram,South Korea,Korea,2000-07-20,0,Aiming
2019,Spring,LCK,LoL Champions Korea,韩国,一级联赛,LCK 2019 Spring,2019-01-16,Afreeca Freecs,,Support,Jelly,손호경,Son Ho-gyeong,South Korea,Korea,1997-10-18,0,Jelly (Son Ho-gyeong)
2019,Spring,LCK,LoL Champions Korea,韩国,一级联赛,LCK 2019 Spring,2019-01-16,Afreeca Freecs,,Support,Proud,이정재,Lee Jeong-jae,South Korea,Korea,1998-10-26,1,Proud
2019,Spring,LCK,LoL Champions Korea,韩国,一级联赛,LCK 2019 Spring,2019-01-16,Afreeca Freecs,,Support,Senan,,,,,,,Senan
2019,Spring,LCK,LoL Champions Korea,韩国,一级联赛,LCK 2019 Spring,2019-01-16,Afreeca Freecs,,Coach,NoFe,정노철,Jeong No-chul,South Korea,Korea,1988-08-11,0,NoFe
2019,Spring,LCK,LoL Champions Korea,韩国,一级联赛,LCK 2019 Spring,2019-01-16,Afreeca Freecs,,Coach,viNylCat,채우철,Chae Woo-cheol,South Korea,Korea,1985-07-30,1,viNylCat
2019,Spring,LCK,LoL Champions Korea,韩国,一级联赛,LCK 2019 Spring,2019-01-16,DAMWON Gaming,,Top,Nuguri,장하권,Jang Ha-gwon,South Korea,Korea,1999-07-17,1,Nuguri
2019,Spring,LCK,LoL Champions Korea,韩国,一级联赛,LCK 2019 Spring,2019-01-16,DAMWON Gaming,,Top,Flame,이호종,Lee Ho-jong,South Korea,Korea,1992-08-13,0,Flame
2019,Spring,LCK,LoL Champions Korea,韩国,一级联赛,LCK 2019 Spring,2019-01-16,DAMWON Gaming,,Jungle,Canyon,김건부,Kim Geon-bu,South Korea,Korea,2001-06-18,0,Canyon
2019,Spring,LCK,LoL Champions Korea,韩国,一级联赛,LCK 2019 Spring,2019-01-16,DAMWON Gaming,,Jungle,Punch,손민혁,Son Min-hyuk,South Korea,Korea,1998-06-06,0,Punch
2019,Spring,LCK,LoL Champions Korea,韩国,一级联赛,LCK 2019 Spring,2019-01-16,DAMWON Gaming,,Mid,ShowMaker,허수,Heo Su,South Korea,Korea,2000-07-22,0,ShowMaker
2019,Spring,LCK,LoL Champions Korea,韩国,一级联赛,LCK 2019 Spring,2019-01-16,DAMWON Gaming,,Bot,Nuclear,신정현,Shin Jeong-hyeon,South Korea,Korea,1997-05-19,0,Nuclear
2019,Spring,LCK,LoL Champions Korea,韩国,一级联赛,LCK 2019 Spring,2019-01-16,DAMWON Gaming,,Bot,Aries (Lee Chae-hwan),,,,,,,Aries (Lee Chae-hwan)
2019,Spring,LCK,LoL Champions Korea,韩国,一级联赛,LCK 2019 Spring,2019-01-16,DAMWON Gaming,,Support,Hoit,류호성,Ryu Ho-seong,South Korea,Korea,1999-07-06,1,Hoit
2019,Spring,LCK,LoL Champions Korea,韩国,一级联赛,LCK 2019 Spring,2019-01-16,DAMWON Gaming,,Support,BeryL,조건희,Cho Geon-hee,South Korea,Korea,1997-04-01,0,BeryL
2019,Spring,LCK,LoL Champions Korea,韩国,一级联赛,LCK 2019 Spring,2019-01-16,DAMWON Gaming,,Coach,Micro,김목경,Kim Mok-kyoung,South Korea,Korea,1986-09-17,0,Micro (Kim Mok-kyoung)
2019,Spring,LCK,LoL Champions Korea,韩国,一级联赛,LCK 2019 Spring,2019-01-16,DAMWON Gaming,,Coach,KIM,김정수,Kim Jeong-soo,South Korea,Korea,1988-06-17,0,Kim (Kim Jeong-soo)
2019,Spring,LCK,LoL Champions Korea,韩国,一级联赛,LCK 2019 Spring,2019-01-16,Gen.G,,Top,CuVee,이성진,Lee Seong-jin,South Korea,Korea,1996-09-27,0,CuVee
2019,Spring,LCK,LoL Champions Korea,韩国,一级联赛,LCK 2019 Spring,2019-01-16,Gen.G,,"Top,Mid",Roach,김강희,Kim Kang-hee,South Korea,Korea,1999-01-31,0,Roach
2019,Spring,LCK,LoL Champions Korea,韩国,一级联赛,LCK 2019 Spring,2019-01-16,Gen.G,,Jungle,Peanut,한왕호,Han Wang-ho,South Korea,Korea,1998-02-03,1,Peanut
2019,Spring,LCK,LoL Champions Korea,韩国,一级联赛,LCK 2019 Spring,2019-01-16,Gen.G,,Mid,Fly,송용준,Song Yong-jun,South Korea,Korea,1996-02-25,1,Fly (Song Yong-jun)
2019,Spring,LCK,LoL Champions Korea,韩国,一级联赛,LCK 2019 Spring,2019-01-16,Gen.G,,Bot,Ruler,박재혁,Park Jae-hyuk,South Korea,Korea,1998-12-29,0,Ruler
2019,Spring,LCK,LoL Champions Korea,韩国,一级联赛,LCK 2019 Spring,2019-01-16,Gen.G,,Support,Life,김정민,Kim Jeong-min,South Korea,Korea,2000-07-07,0,Life
2019,Spring,LCK,LoL Champions Korea,韩国,一级联赛,LCK 2019 Spring,2019-01-16,Gen.G,,Coach,Edgar,최우범,Choi Woo-beom,South Korea,Korea,1984-01-03,0,Edgar
2019,Spring,LCK,LoL Champions Korea,韩国,一级联赛,LCK 2019 Spring,2019-01-16,Gen.G,,Coach,TrAce,여창동,Yeo Chang-dong,South Korea,Korea,1989-11-02,1,TrAce
2019,Spring,LCK,LoL Champions Korea,韩国,一级联赛,LCK 2019 Spring,2019-01-16,Griffin (Korean Team),,Top,Sword (Choi Sung-won),,,,,,,Sword (Choi Sung-won)
2019,Spring,LCK,LoL Champions Korea,韩国,一级联赛,LCK 2019 Spring,2019-01-16,Griffin (Korean Team),,Jungle,Tarzan,이승용,Lee Seung-yong,South Korea,Korea,1999-08-23,0,Tarzan (Lee Seung-yong)
2019,Spring,LCK,LoL Champions Korea,韩国,一级联赛,LCK 2019 Spring,2019-01-16,Griffin (Korean Team),,Mid,Chovy,정지훈,Jeong Ji-hoon,South Korea,Korea,2001-03-03,0,Chovy
2019,Spring,LCK,LoL Champions Korea,韩国,一级联赛,LCK 2019 Spring,2019-01-16,Griffin (Korean Team),,Bot,Viper,박도현,Park Do-hyeon,South Korea,Korea,2000-10-19,0,Viper (Park Do-hyeon)
2019,Spring,LCK,LoL Champions Korea,韩国,一级联赛,LCK 2019 Spring,2019-01-16,Griffin (Korean Team),,Support,Lehends,손시우,Son Si-woo,South Korea,Korea,1998-12-24,0,Lehends
2019,Spring,LCK,LoL Champions Korea,韩国,一级联赛,LCK 2019 Spring,2019-01-16,Griffin (Korean Team),,Coach,cvMax,김대호,Kim Dae-ho,South Korea,Korea,1990-07-07,0,cvMax
2019,Spring,LCK,LoL Champions Korea,韩国,一级联赛,LCK 2019 Spring,2019-01-16,Griffin (Korean Team),,Coach,Chaos,변영섭,Byun Young-sub,South Korea,Korea,1993-07-04,1,Chaos (Byun Young-sub)
2019,Spring,LCK,LoL Champions Korea,韩国,一级联赛,LCK 2019 Spring,2019-01-16,Hanwha Life Esports,,Top,Thal,박권혁,Park Kwon-hyuk,South Korea,Korea,1998-11-13,1,Thal
2019,Spring,LCK,LoL Champions Korea,韩国,一级联赛,LCK 2019 Spring,2019-01-16,Hanwha Life Esports,,Top,SoHwan,김준영,Kim Jun-yeong,South Korea,Korea,1996-10-24,1,SoHwan
2019,Spring,LCK,LoL Champions Korea,韩国,一级联赛,LCK 2019 Spring,2019-01-16,Hanwha Life Esports,,Jungle,bonO (Kim Gi-beom),,,,,,,bonO (Kim Gi-beom)
2019,Spring,LCK,LoL Champions Korea,韩国,一级联赛,LCK 2019 Spring,2019-01-16,Hanwha Life Esports,,Jungle,MooJin,김무진,Kim Moo-jin,South Korea,Korea,1998-04-09,1,Moojin
2019,Spring,LCK,LoL Champions Korea,韩国,一级联赛,LCK 2019 Spring,2019-01-16,Hanwha Life Esports,,Mid,Lava,김태훈,Kim Tae-hoon,South Korea,Korea,1999-07-14,0,Lava
2019,Spring,LCK,LoL Champions Korea,韩国,一级联赛,LCK 2019 Spring,2019-01-16,Hanwha Life Esports,,Mid,Tempt,강명구,Kang Myung-gu,South Korea,Korea,1998-05-13,0,Tempt
2019,Spring,LCK,LoL Champions Korea,韩国,一级联赛,LCK 2019 Spring,2019-01-16,Hanwha Life Esports,,Bot,Sangyoon,권상윤,Gwon Sang-yun,South Korea,Korea,1995-12-20,1,Sangyoon
2019,Spring,LCK,LoL Champions Korea,韩国,一级联赛,LCK 2019 Spring,2019-01-16,Hanwha Life Esports,,Support,Key,김한기,Kim Han-gi,South Korea,Korea,1997-06-20,0,key
2019,Spring,LCK,LoL Champions Korea,韩国,一级联赛,LCK 2019 Spring,2019-01-16,Hanwha Life Esports,,Coach,LinLan,호진석,Ho Jin-seok,South Korea,Korea,1995-02-09,0,LinLan
2019,Spring,LCK,LoL Champions Korea,韩国,一级联赛,LCK 2019 Spring,2019-01-16,Hanwha Life Esports,,Coach,OnAir,강현종,Kang Hyun-jong,South Korea,Korea,1980-09-14,0,OnAir
2019,Spring,LCK,LoL Champions Korea,韩国,一级联赛,LCK 2019 Spring,2019-01-16,Hanwha Life Esports,,Coach,Woong,장건웅,Jang Gun-woong,South Korea,Korea,1990-02-27,1,Woong (Jang Gun-woong)
2019,Spring,LCK,LoL Champions Korea,韩国,一级联赛,LCK 2019 Spring,2019-01-16,Jin Air Green Wings,,Top,Lindarang,허만흥,Heo Man-heung,South Korea,Korea,1997-08-25,0,Lindarang
2019,Spring,LCK,LoL Champions Korea,韩国,一级联赛,LCK 2019 Spring,2019-01-16,Jin Air Green Wings,,Top,TaNa,이상욱,Lee Sang-wook,South Korea,Korea,1999-12-11,0,TaNa
2019,Spring,LCK,LoL Champions Korea,韩国,一级联赛,LCK 2019 Spring,2019-01-16,Jin Air Green Wings,,Jungle,Malrang,김근성,Kim Geun-seong,South Korea,Korea,2000-02-09,0,Malrang
2019,Spring,LCK,LoL Champions Korea,韩国,一级联赛,LCK 2019 Spring,2019-01-16,Jin Air Green Wings,,Jungle,Seize,김찬희,Kim Chan-hee,South Korea,Korea,2000-12-07,0,Seize
2019,Spring,LCK,LoL Champions Korea,韩国,一级联赛,LCK 2019 Spring,2019-01-16,Jin Air Green Wings,,"Mid,Top",CheonGo,최현우,Choi Hyeon-woo,South Korea,Korea,1999-03-10,1,CheonGo
2019,Spring,LCK,LoL Champions Korea,韩国,一级联赛,LCK 2019 Spring,2019-01-16,Jin Air Green Wings,,Mid,Grace,,,,,,,Grace
2019,Spring,LCK,LoL Champions Korea,韩国,一级联赛,LCK 2019 Spring,2019-01-16,Jin Air Green Wings,,Bot,Route,문검수,Moon Geom-su,South Korea,Korea,1999-01-05,0,Route
2019,Spring,LCK,LoL Champions Korea,韩国,一级联赛,LCK 2019 Spring,2019-01-16,Jin Air Green Wings,,Bot,Stitch,이승주,Lee Seung-ju,South Korea,Korea,1996-11-02,1,Stitch
2019,Spring,LCK,LoL Champions Korea,韩国,一级联赛,LCK 2019 Spring,2019-01-16,Jin Air Green Wings,,Support,Kellin,김형규,Kim Hyeong-gyu,South Korea,Korea,2001-02-01,0,Kellin
2019,Spring,LCK,LoL Champions Korea,韩国,一级联赛,LCK 2019 Spring,2019-01-16,Jin Air Green Wings,,Support,Nova,박찬호,Park Chan-ho,South Korea,Korea,1997-11-27,0,Nova (Park Chan-ho)
2019,Spring,LCK,LoL Champions Korea,韩国,一级联赛,LCK 2019 Spring,2019-01-16,Jin Air Green Wings,,Coach,H Dragon,한상용,Han Sang-yong,South Korea,Korea,1980-06-29,1,H Dragon
2019,Spring,LCK,LoL Champions Korea,韩国,一级联赛,LCK 2019 Spring,2019-01-16,Jin Air Green Wings,,Coach,Alvingo,최병철,Choi Byeong-cheol,South Korea,Korea,1992-06-04,0,Alvingo
2019,Spring,LCK,LoL Champions Korea,韩国,一级联赛,LCK 2019 Spring,2019-01-16,Jin Air Green Wings,,Coach,moment,김지환,Kim Ji-hwan,South Korea,Korea,1993-12-19,0,Moment
2019,Spring,LCK,LoL Champions Korea,韩国,一级联赛,LCK 2019 Spring,2019-01-16,Kingzone DragonX,,Top,Rascal,김광희,Kim Kwang-hee,South Korea,Korea,1997-10-16,0,Rascal
2019,Spring,LCK,LoL Champions Korea,韩国,一级联赛,LCK 2019 Spring,2019-01-16,Kingzone DragonX,,Jungle,Cuzz,문우찬,Moon Woo-chan,South Korea,Korea,1999-10-30,0,Cuzz
2019,Spring,LCK,LoL Champions Korea,韩国,一级联赛,LCK 2019 Spring,2019-01-16,Kingzone DragonX,,Mid,PawN,허원석,Heo Won-seok,South Korea,Korea,1997-01-26,0,PawN
2019,Spring,LCK,LoL Champions Korea,韩国,一级联赛,LCK 2019 Spring,2019-01-16,Kingzone DragonX,,Mid,Naehyun,유내현,Yoo Nae-hyun,South Korea,Korea,1996-02-07,0,Naehyun
2019,Spring,LCK,LoL Champions Korea,韩国,一级联赛,LCK 2019 Spring,2019-01-16,Kingzone DragonX,,Bot,Deft,김혁규,Kim Hyuk-kyu,South Korea,Korea,1996-10-23,0,Deft
2019,Spring,LCK,LoL Champions Korea,韩国,一级联赛,LCK 2019 Spring,2019-01-16,Kingzone DragonX,,Support,TusiN,박종익,Park Jong-ik,South Korea,Korea,1995-11-12,1,TusiN
2019,Spring,LCK,LoL Champions Korea,韩国,一级联赛,LCK 2019 Spring,2019-01-16,Kingzone DragonX,,Coach,Acorn,최천주,Choi Cheon-ju,South Korea,Korea,1990-07-13,0,Acorn
2019,Spring,LCK,LoL Champions Korea,韩国,一级联赛,LCK 2019 Spring,2019-01-16,Kingzone DragonX,,Coach,Hirai,강동훈,Kang Dong-hoon,South Korea,Korea,1982-03-26,0,Hirai
2019,Spring,LCK,LoL Champions Korea,韩国,一级联赛,LCK 2019 Spring,2019-01-16,KT Rolster,,Top,Smeb,송경호,Song Kyung-ho,South Korea,Korea,1995-06-30,0,Smeb
2019,Spring,LCK,LoL Champions Korea,韩国,一级联赛,LCK 2019 Spring,2019-01-16,KT Rolster,,Top,Kingen,황성훈,Hwang Seong-hoon,South Korea,Korea,2000-03-11,0,Kingen
2019,Spring,LCK,LoL Champions Korea,韩国,一级联赛,LCK 2019 Spring,2019-01-16,KT Rolster,,Jungle,Score,고동빈,Go Dong-bin,South Korea,Korea,1992-07-08,0,Score
2019,Spring,LCK,LoL Champions Korea,韩国,一级联赛,LCK 2019 Spring,2019-01-16,KT Rolster,,Jungle,UmTi,엄성현,Um Sung-hyeon,South Korea,Korea,1999-06-02,0,UmTi
2019,Spring,LCK,LoL Champions Korea,韩国,一级联赛,LCK 2019 Spring,2019-01-16,KT Rolster,,Mid,Bdd,곽보성,Gwak Bo-seong,South Korea,Korea,1999-03-01,0,Bdd
2019,Spring,LCK,LoL Champions Korea,韩国,一级联赛,LCK 2019 Spring,2019-01-16,KT Rolster,,Bot,Zenit,전태권,Jeon Tae-gwon,South Korea,Korea,2000-05-08,1,Zenit
2019,Spring,LCK,LoL Champions Korea,韩国,一级联赛,LCK 2019 Spring,2019-01-16,KT Rolster,,Bot,Gango,변세훈,Byun Se-hoon,South Korea,Korea,1997-05-16,1,Gango
2019,Spring,LCK,LoL Champions Korea,韩国,一级联赛,LCK 2019 Spring,2019-01-16,KT Rolster,,Support,SnowFlower,노회종,No Hoi-jong,South Korea,Korea,1997-02-24,1,SnowFlower
2019,Spring,LCK,LoL Champions Korea,韩国,一级联赛,LCK 2019 Spring,2019-01-16,KT Rolster,,Coach,Noex,정제승,Jung Je-seung,South Korea,Korea,1990-01-25,1,NoEX
2019,Spring,LCK,LoL Champions Korea,韩国,一级联赛,LCK 2019 Spring,2019-01-16,KT Rolster,,Coach,ZanDarC,오창종,Oh Chang-jong,South Korea,Korea,1983-10-01,1,ZanDarC
2019,Spring,LCK,LoL Champions Korea,韩国,一级联赛,LCK 2019 Spring,2019-01-16,KT Rolster,,Coach,Sonstar,손승익,Son Seung-ik,South Korea,Korea,1994-08-31,0,Sonstar
2019,Spring,LCK,LoL Champions Korea,韩国,一级联赛,LCK 2019 Spring,2019-01-16,SANDBOX Gaming,,Top,Summit,박우태,Park Woo-tae,South Korea,Korea,1998-12-08,0,Summit
2019,Spring,LCK,LoL Champions Korea,韩国,一级联赛,LCK 2019 Spring,2019-01-16,SANDBOX Gaming,,Top,Wizer,최의석,Choi Eui-seok,South Korea,Brazil,1998-11-29,0,Wizer
2019,Spring,LCK,LoL Champions Korea,韩国,一级联赛,LCK 2019 Spring,2019-01-16,SANDBOX Gaming,,Jungle,OnFleek,김장겸,Kim Jang-gyeom,South Korea,Korea,1997-12-20,0,OnFleek
2019,Spring,LCK,LoL Champions Korea,韩国,一级联赛,LCK 2019 Spring,2019-01-16,SANDBOX Gaming,,Jungle,Crush,김준서,Kim Jun-seo,South Korea,Korea,1998-01-03,1,Crush
2019,Spring,LCK,LoL Champions Korea,韩国,一级联赛,LCK 2019 Spring,2019-01-16,SANDBOX Gaming,,Mid,Dove,김재연,Kim Jae-yeon,South Korea,Korea,1998-07-25,0,Dove
2019,Spring,LCK,LoL Champions Korea,韩国,一级联赛,LCK 2019 Spring,2019-01-16,SANDBOX Gaming,,Bot,Ghost,장용준,Jang Yong-jun,South Korea,Korea,1999-03-18,0,Ghost (Jang Yong-jun)
2019,Spring,LCK,LoL Champions Korea,韩国,一级联赛,LCK 2019 Spring,2019-01-16,SANDBOX Gaming,,Support,Joker,조재읍,Cho Jae-eup,South Korea,Korea,1991-12-11,0,Joker (Cho Jae-eup)
2019,Spring,LCK,LoL Champions Korea,韩国,一级联赛,LCK 2019 Spring,2019-01-16,SANDBOX Gaming,,Coach,Sally,유의준,Yoo Eui-joon,South Korea,Korea,1988-09-15,0,Sally
2019,Spring,LCK,LoL Champions Korea,韩国,一级联赛,LCK 2019 Spring,2019-01-16,SANDBOX Gaming,,Coach,Laden,강병호,Kang Byung-ho,South Korea,Korea,1992-06-05,0,Laden
2019,Spring,LCK,LoL Champions Korea,韩国,一级联赛,LCK 2019 Spring,2019-01-16,SANDBOX Gaming,,Coach,Dragon,이준용,Lee Jun-yong,South Korea,Korea,1996-01-26,1,Dragon (Lee Jun-yong)
2019,Spring,LCK,LoL Champions Korea,韩国,一级联赛,LCK 2019 Spring,2019-01-16,SK Telecom T1,,Top,Khan,김동하,Kim Dong-ha,South Korea,Korea,1995-12-22,0,Khan
2019,Spring,LCK,LoL Champions Korea,韩国,一级联赛,LCK 2019 Spring,2019-01-16,SK Telecom T1,,Jungle,Clid,김태민,Kim Tae-min,South Korea,Korea,1999-07-07,0,Clid
2019,Spring,LCK,LoL Champions Korea,韩国,一级联赛,LCK 2019 Spring,2019-01-16,SK Telecom T1,,Mid,Faker,이상혁,Lee Sang-hyeok,South Korea,Korea,1996-05-07,0,Faker
2019,Spring,LCK,LoL Champions Korea,韩国,一级联赛,LCK 2019 Spring,2019-01-16,SK Telecom T1,,Bot,Teddy,박진성,Park Jin-seong,South Korea,Korea,1998-03-15,0,Teddy
2019,Spring,LCK,LoL Champions Korea,韩国,一级联赛,LCK 2019 Spring,2019-01-16,SK Telecom T1,,Support,Mata,조세형,Cho Se-hyeong,South Korea,Korea,1994-02-27,0,Mata
2019,Spring,LCK,LoL Champions Korea,韩国,一级联赛,LCK 2019 Spring,2019-01-16,SK Telecom T1,,Coach,Zefa,이재민,Lee Jae-min,South Korea,Korea,1988-02-04,0,Zefa
2019,Spring,LCK,LoL Champions Korea,韩国,一级联赛,LCK 2019 Spring,2019-01-16,SK Telecom T1,,Coach,fly,김상철,Kim Sang-cheol,South Korea,Korea,1987-09-21,0,Fly (Kim Sang-cheol)
2019,Summer,LCK,LoL Champions Korea,韩国,一级联赛,LCK 2019 Summer Playoffs,2019-08-21,Afreeca Freecs,,Top,Kiin,김기인,Kim Gi-in,South Korea,Korea,1999-05-28,0,Kiin
2019,Summer,LCK,LoL Champions Korea,韩国,一级联赛,LCK 2019 Summer Playoffs,2019-08-21,Afreeca Freecs,,Jungle,Dread,이진혁,Lee Jin-hyeok,South Korea,Korea,2000-06-07,1,Dread (Lee Jin-hyeok)
2019,Summer,LCK,LoL Champions Korea,韩国,一级联赛,LCK 2019 Summer Playoffs,2019-08-21,Afreeca Freecs,,Mid,Ucal,손우현,Son Woo-hyeon,South Korea,Korea,2001-01-30,0,Ucal
2019,Summer,LCK,LoL Champions Korea,韩国,一级联赛,LCK 2019 Summer Playoffs,2019-08-21,Afreeca Freecs,,Bot,Aiming,김하람,Kim Ha-ram,South Korea,Korea,2000-07-20,0,Aiming
2019,Summer,LCK,LoL Champions Korea,韩国,一级联赛,LCK 2019 Summer Playoffs,2019-08-21,Afreeca Freecs,,Support,Senan,,,,,,,Senan
2019,Summer,LCK,LoL Champions Korea,韩国,一级联赛,LCK 2019 Summer Playoffs,2019-08-21,Afreeca Freecs,,Coach,NoFe,정노철,Jeong No-chul,South Korea,Korea,1988-08-11,0,NoFe
2019,Summer,LCK,LoL Champions Korea,韩国,一级联赛,LCK 2019 Summer Playoffs,2019-08-21,Afreeca Freecs,,Coach,viNylCat,채우철,Chae Woo-cheol,South Korea,Korea,1985-07-30,1,viNylCat
2019,Summer,LCK,LoL Champions Korea,韩国,一级联赛,LCK 2019 Summer Playoffs,2019-08-21,DAMWON Gaming,,Top,Nuguri,장하권,Jang Ha-gwon,South Korea,Korea,1999-07-17,1,Nuguri
2019,Summer,LCK,LoL Champions Korea,韩国,一级联赛,LCK 2019 Summer Playoffs,2019-08-21,DAMWON Gaming,,Jungle,Canyon,김건부,Kim Geon-bu,South Korea,Korea,2001-06-18,0,Canyon
2019,Summer,LCK,LoL Champions Korea,韩国,一级联赛,LCK 2019 Summer Playoffs,2019-08-21,DAMWON Gaming,,Mid,ShowMaker,허수,Heo Su,South Korea,Korea,2000-07-22,0,ShowMaker
2019,Summer,LCK,LoL Champions Korea,韩国,一级联赛,LCK 2019 Summer Playoffs,2019-08-21,DAMWON Gaming,,Bot,Nuclear,신정현,Shin Jeong-hyeon,South Korea,Korea,1997-05-19,0,Nuclear
2019,Summer,LCK,LoL Champions Korea,韩国,一级联赛,LCK 2019 Summer Playoffs,2019-08-21,DAMWON Gaming,,Support,BeryL,조건희,Cho Geon-hee,South Korea,Korea,1997-04-01,0,BeryL
2019,Summer,LCK,LoL Champions Korea,韩国,一级联赛,LCK 2019 Summer Playoffs,2019-08-21,DAMWON Gaming,,Coach,Micro,김목경,Kim Mok-kyoung,South Korea,Korea,1986-09-17,0,Micro (Kim Mok-kyoung)
2019,Summer,LCK,LoL Champions Korea,韩国,一级联赛,LCK 2019 Summer Playoffs,2019-08-21,DAMWON Gaming,,Coach,KIM,김정수,Kim Jeong-soo,South Korea,Korea,1988-06-17,0,Kim (Kim Jeong-soo)
2019,Summer,LCK,LoL Champions Korea,韩国,一级联赛,LCK 2019 Summer Playoffs,2019-08-21,Griffin (Korean Team),,Top,Doran,최현준,Choi Hyeon-joon,South Korea,Korea,2000-07-22,0,Doran (Choi Hyeon-joon)
2019,Summer,LCK,LoL Champions Korea,韩国,一级联赛,LCK 2019 Summer Playoffs,2019-08-21,Griffin (Korean Team),,Jungle,Tarzan,이승용,Lee Seung-yong,South Korea,Korea,1999-08-23,0,Tarzan (Lee Seung-yong)
2019,Summer,LCK,LoL Champions Korea,韩国,一级联赛,LCK 2019 Summer Playoffs,2019-08-21,Griffin (Korean Team),,Mid,Chovy,정지훈,Jeong Ji-hoon,South Korea,Korea,2001-03-03,0,Chovy
2019,Summer,LCK,LoL Champions Korea,韩国,一级联赛,LCK 2019 Summer Playoffs,2019-08-21,Griffin (Korean Team),,Bot,Viper,박도현,Park Do-hyeon,South Korea,Korea,2000-10-19,0,Viper (Park Do-hyeon)
2019,Summer,LCK,LoL Champions Korea,韩国,一级联赛,LCK 2019 Summer Playoffs,2019-08-21,Griffin (Korean Team),,Support,Lehends,손시우,Son Si-woo,South Korea,Korea,1998-12-24,0,Lehends
2019,Summer,LCK,LoL Champions Korea,韩国,一级联赛,LCK 2019 Summer Playoffs,2019-08-21,Griffin (Korean Team),,Coach,cvMax,김대호,Kim Dae-ho,South Korea,Korea,1990-07-07,0,cvMax
2019,Summer,LCK,LoL Champions Korea,韩国,一级联赛,LCK 2019 Summer Playoffs,2019-08-21,Griffin (Korean Team),,Coach,Chaos,변영섭,Byun Young-sub,South Korea,Korea,1993-07-04,1,Chaos (Byun Young-sub)
2019,Summer,LCK,LoL Champions Korea,韩国,一级联赛,LCK 2019 Summer Playoffs,2019-08-21,SANDBOX Gaming,,Top,Summit,박우태,Park Woo-tae,South Korea,Korea,1998-12-08,0,Summit
2019,Summer,LCK,LoL Champions Korea,韩国,一级联赛,LCK 2019 Summer Playoffs,2019-08-21,SANDBOX Gaming,,Jungle,OnFleek,김장겸,Kim Jang-gyeom,South Korea,Korea,1997-12-20,0,OnFleek
2019,Summer,LCK,LoL Champions Korea,韩国,一级联赛,LCK 2019 Summer Playoffs,2019-08-21,SANDBOX Gaming,,Mid,Dove,김재연,Kim Jae-yeon,South Korea,Korea,1998-07-25,0,Dove
2019,Summer,LCK,LoL Champions Korea,韩国,一级联赛,LCK 2019 Summer Playoffs,2019-08-21,SANDBOX Gaming,,Bot,Ghost,장용준,Jang Yong-jun,South Korea,Korea,1999-03-18,0,Ghost (Jang Yong-jun)
2019,Summer,LCK,LoL Champions Korea,韩国,一级联赛,LCK 2019 Summer Playoffs,2019-08-21,SANDBOX Gaming,,Support,Joker,조재읍,Cho Jae-eup,South Korea,Korea,1991-12-11,0,Joker (Cho Jae-eup)
2019,Summer,LCK,LoL Champions Korea,韩国,一级联赛,LCK 2019 Summer Playoffs,2019-08-21,SANDBOX Gaming,,Coach,Laden,강병호,Kang Byung-ho,South Korea,Korea,1992-06-05,0,Laden
2019,Summer,LCK,LoL Champions Korea,韩国,一级联赛,LCK 2019 Summer Playoffs,2019-08-21,SANDBOX Gaming,,Coach,Comet,임혜성,Lim Hye-sung,South Korea,Korea,1991-08-04,0,Comet
2019,Summer,LCK,LoL Champions Korea,韩国,一级联赛,LCK 2019 Summer Playoffs,2019-08-21,SK Telecom T1,,Top,Khan,김동하,Kim Dong-ha,South Korea,Korea,1995-12-22,0,Khan
2019,Summer,LCK,LoL Champions Korea,韩国,一级联赛,LCK 2019 Summer Playoffs,2019-08-21,SK Telecom T1,,Jungle,Clid,김태민,Kim Tae-min,South Korea,Korea,1999-07-07,0,Clid
2019,Summer,LCK,LoL Champions Korea,韩国,一级联赛,LCK 2019 Summer Playoffs,2019-08-21,SK Telecom T1,,Mid,Faker,이상혁,Lee Sang-hyeok,South Korea,Korea,1996-05-07,0,Faker
2019,Summer,LCK,LoL Champions Korea,韩国,一级联赛,LCK 2019 Summer Playoffs,2019-08-21,SK Telecom T1,,Bot,Teddy,박진성,Park Jin-seong,South Korea,Korea,1998-03-15,0,Teddy
2019,Summer,LCK,LoL Champions Korea,韩国,一级联赛,LCK 2019 Summer Playoffs,2019-08-21,SK Telecom T1,,Support,Effort,이상호,Lee Sang-ho,South Korea,Korea,2000-11-23,0,Effort
2019,Summer,LCK,LoL Champions Korea,韩国,一级联赛,LCK 2019 Summer Playoffs,2019-08-21,SK Telecom T1,,Coach,Zefa,이재민,Lee Jae-min,South Korea,Korea,1988-02-04,0,Zefa
2019,Summer,LCK,LoL Champions Korea,韩国,一级联赛,LCK 2019 Summer Playoffs,2019-08-21,SK Telecom T1,,Coach,fly,김상철,Kim Sang-cheol,South Korea,Korea,1987-09-21,0,Fly (Kim Sang-cheol)
2019,Summer,LCK,LoL Champions Korea,韩国,一级联赛,LCK 2019 Summer Promotion,2019-04-16,ES Sharks,,Top,Jisu,박진철,Park Jin-cheol,South Korea,Korea,1996-05-10,1,Jisu
2019,Summer,LCK,LoL Champions Korea,韩国,一级联赛,LCK 2019 Summer Promotion,2019-04-16,ES Sharks,,Jungle,Catch,윤상호,Yun Sang-ho,South Korea,Korea,1997-04-03,0,Catch (Yun Sang-ho)
2019,Summer,LCK,LoL Champions Korea,韩国,一级联赛,LCK 2019 Summer Promotion,2019-04-16,ES Sharks,,Mid,Kuzan,이성혁,Lee Seong-hyeok,South Korea,Korea,1997-01-07,1,Kuzan
2019,Summer,LCK,LoL Champions Korea,韩国,一级联赛,LCK 2019 Summer Promotion,2019-04-16,ES Sharks,,Bot,Light,권순호,Kwon Sun-ho,South Korea,Korea,1998-01-19,1,Light (Kwon Sun-ho)
2019,Summer,LCK,LoL Champions Korea,韩国,一级联赛,LCK 2019 Summer Promotion,2019-04-16,ES Sharks,,Support,GuGer,김도엽,Kim Do-yeop,South Korea,Korea,1994-02-07,0,GuGer
2019,Summer,LCK,LoL Champions Korea,韩国,一级联赛,LCK 2019 Summer Promotion,2019-04-16,ES Sharks,,Coach,Soulstrikes,박희근,Luchio Park,South Korea,North America,1992-02-11,1,Soulstrikes
2019,Summer,LCK,LoL Champions Korea,韩国,一级联赛,LCK 2019 Summer Promotion,2019-04-16,ES Sharks,,Coach,Woong,김선웅,Kim Sun-woong,South Korea,Korea,1996-10-06,0,Woong (Kim Sun-woong)
2019,Summer,LCK,LoL Champions Korea,韩国,一级联赛,LCK 2019 Summer Promotion,2019-04-16,Jin Air Green Wings,,Top,Lindarang,허만흥,Heo Man-heung,South Korea,Korea,1997-08-25,0,Lindarang
2019,Summer,LCK,LoL Champions Korea,韩国,一级联赛,LCK 2019 Summer Promotion,2019-04-16,Jin Air Green Wings,,Jungle,Seize,김찬희,Kim Chan-hee,South Korea,Korea,2000-12-07,0,Seize
2019,Summer,LCK,LoL Champions Korea,韩国,一级联赛,LCK 2019 Summer Promotion,2019-04-16,Jin Air Green Wings,,Jungle,Malrang,김근성,Kim Geun-seong,South Korea,Korea,2000-02-09,0,Malrang
2019,Summer,LCK,LoL Champions Korea,韩国,一级联赛,LCK 2019 Summer Promotion,2019-04-16,Jin Air Green Wings,,Mid,Grace,,,,,,,Grace
2019,Summer,LCK,LoL Champions Korea,韩国,一级联赛,LCK 2019 Summer Promotion,2019-04-16,Jin Air Green Wings,,Mid,CheonGo,최현우,Choi Hyeon-woo,South Korea,Korea,1999-03-10,1,CheonGo
2019,Summer,LCK,LoL Champions Korea,韩国,一级联赛,LCK 2019 Summer Promotion,2019-04-16,Jin Air Green Wings,,Bot,Route,문검수,Moon Geom-su,South Korea,Korea,1999-01-05,0,Route
2019,Summer,LCK,LoL Champions Korea,韩国,一级联赛,LCK 2019 Summer Promotion,2019-04-16,Jin Air Green Wings,,Support,Nova,박찬호,Park Chan-ho,South Korea,Korea,1997-11-27,0,Nova (Park Chan-ho)
2019,Summer,LCK,LoL Champions Korea,韩国,一级联赛,LCK 2019 Summer Promotion,2019-04-16,Jin Air Green Wings,,Support,Kellin,김형규,Kim Hyeong-gyu,South Korea,Korea,2001-02-01,0,Kellin
2019,Summer,LCK,LoL Champions Korea,韩国,一级联赛,LCK 2019 Summer Promotion,2019-04-16,Jin Air Green Wings,,Coach,H Dragon,한상용,Han Sang-yong,South Korea,Korea,1980-06-29,1,H Dragon
2019,Summer,LCK,LoL Champions Korea,韩国,一级联赛,LCK 2019 Summer Promotion,2019-04-16,Jin Air Green Wings,,Coach,Alvingo,최병철,Choi Byeong-cheol,South Korea,Korea,1992-06-04,0,Alvingo
2019,Summer,LCK,LoL Champions Korea,韩国,一级联赛,LCK 2019 Summer Promotion,2019-04-16,KT Rolster,,Top,Smeb,송경호,Song Kyung-ho,South Korea,Korea,1995-06-30,0,Smeb
2019,Summer,LCK,LoL Champions Korea,韩国,一级联赛,LCK 2019 Summer Promotion,2019-04-16,KT Rolster,,Jungle,Score,고동빈,Go Dong-bin,South Korea,Korea,1992-07-08,0,Score
2019,Summer,LCK,LoL Champions Korea,韩国,一级联赛,LCK 2019 Summer Promotion,2019-04-16,KT Rolster,,Jungle,UmTi,엄성현,Um Sung-hyeon,South Korea,Korea,1999-06-02,0,UmTi
2019,Summer,LCK,LoL Champions Korea,韩国,一级联赛,LCK 2019 Summer Promotion,2019-04-16,KT Rolster,,Mid,Bdd,곽보성,Gwak Bo-seong,South Korea,Korea,1999-03-01,0,Bdd
2019,Summer,LCK,LoL Champions Korea,韩国,一级联赛,LCK 2019 Summer Promotion,2019-04-16,KT Rolster,,Bot,Zenit,전태권,Jeon Tae-gwon,South Korea,Korea,2000-05-08,1,Zenit
2019,Summer,LCK,LoL Champions Korea,韩国,一级联赛,LCK 2019 Summer Promotion,2019-04-16,KT Rolster,,Support,SnowFlower,노회종,No Hoi-jong,South Korea,Korea,1997-02-24,1,SnowFlower
2019,Summer,LCK,LoL Champions Korea,韩国,一级联赛,LCK 2019 Summer Promotion,2019-04-16,KT Rolster,,Coach,ZanDarC,오창종,Oh Chang-jong,South Korea,Korea,1983-10-01,1,ZanDarC
2019,Summer,LCK,LoL Champions Korea,韩国,一级联赛,LCK 2019 Summer Promotion,2019-04-16,KT Rolster,,Coach,Noex,정제승,Jung Je-seung,South Korea,Korea,1990-01-25,1,NoEX
2019,Summer,LCK,LoL Champions Korea,韩国,一级联赛,LCK 2019 Summer Promotion,2019-04-16,VSG (Korean Team),,Top,SoaR,이강표,Lee Gang-pyo,South Korea,Korea,1997-05-28,0,SoaR
2019,Summer,LCK,LoL Champions Korea,韩国,一级联赛,LCK 2019 Summer Promotion,2019-04-16,VSG (Korean Team),,Top,Riris,백승민,Baek Seung-min,South Korea,Korea,1994-12-25,1,Riris
2019,Summer,LCK,LoL Champions Korea,韩国,一级联赛,LCK 2019 Summer Promotion,2019-04-16,VSG (Korean Team),,Jungle,Ryan,이준석,Lee Jun-seok,South Korea,Korea,1997-03-28,1,Ryan
2019,Summer,LCK,LoL Champions Korea,韩国,一级联赛,LCK 2019 Summer Promotion,2019-04-16,VSG (Korean Team),,Jungle,Mightybear,김민수,Kim Min-su,South Korea,Korea,1995-09-06,1,Mightybear
2019,Summer,LCK,LoL Champions Korea,韩国,一级联赛,LCK 2019 Summer Promotion,2019-04-16,VSG (Korean Team),,Mid,Ruby,이솔민,Lee Sol-min,South Korea,Korea,1998-08-11,0,Ruby (Lee Sol-min)
2019,Summer,LCK,LoL Champions Korea,韩国,一级联赛,LCK 2019 Summer Promotion,2019-04-16,VSG (Korean Team),,Mid,reM,이현서,Lee Hyeon-seo,South Korea,Korea,1997-01-29,1,reM (Lee Hyeon-seo)
2019,Summer,LCK,LoL Champions Korea,韩国,一级联赛,LCK 2019 Summer Promotion,2019-04-16,VSG (Korean Team),,Bot,Veritas,김경민,Kim Kyoung-min,South Korea,Korea,1995-05-22,1,Veritas
2019,Summer,LCK,LoL Champions Korea,韩国,一级联赛,LCK 2019 Summer Promotion,2019-04-16,VSG (Korean Team),,Bot,Moo,임무헌,Lim Mu-heon,South Korea,Korea,2001-10-02,1,Moo (Lim Mu-heon)
2019,Summer,LCK,LoL Champions Korea,韩国,一级联赛,LCK 2019 Summer Promotion,2019-04-16,VSG (Korean Team),,Support,Pure,김진선,Kim Jin-sun,South Korea,Korea,1995-12-29,1,Pure
2019,Summer,LCK,LoL Champions Korea,韩国,一级联赛,LCK 2019 Summer Promotion,2019-04-16,VSG (Korean Team),,Support,Minit,양현민,Yang Hyeon-min,South Korea,Korea,1998-02-03,0,Minit
2019,Summer,LCK,LoL Champions Korea,韩国,一级联赛,LCK 2019 Summer Promotion,2019-04-16,VSG (Korean Team),,Coach,Sensation,김동현,Kim Dong-hyeon,South Korea,Korea,1993-03-10,0,Sensation
2019,Summer,LCK,LoL Champions Korea,韩国,一级联赛,LCK 2019 Summer Promotion,2019-04-16,VSG (Korean Team),,Coach,Lyn,김다빈,Kim Da-bin,South Korea,Korea,1996-08-25,0,Lyn
2019,Summer,LCK,LoL Champions Korea,韩国,一级联赛,LCK 2019 Summer,2019-06-05,Afreeca Freecs,,Top,Kiin,김기인,Kim Gi-in,South Korea,Korea,1999-05-28,0,Kiin
2019,Summer,LCK,LoL Champions Korea,韩国,一级联赛,LCK 2019 Summer,2019-06-05,Afreeca Freecs,,Jungle,Dread,이진혁,Lee Jin-hyeok,South Korea,Korea,2000-06-07,1,Dread (Lee Jin-hyeok)
2019,Summer,LCK,LoL Champions Korea,韩国,一级联赛,LCK 2019 Summer,2019-06-05,Afreeca Freecs,,Mid,Ucal,손우현,Son Woo-hyeon,South Korea,Korea,2001-01-30,0,Ucal
2019,Summer,LCK,LoL Champions Korea,韩国,一级联赛,LCK 2019 Summer,2019-06-05,Afreeca Freecs,,Bot,Aiming,김하람,Kim Ha-ram,South Korea,Korea,2000-07-20,0,Aiming
2019,Summer,LCK,LoL Champions Korea,韩国,一级联赛,LCK 2019 Summer,2019-06-05,Afreeca Freecs,,Support,Senan,,,,,,,Senan
2019,Summer,LCK,LoL Champions Korea,韩国,一级联赛,LCK 2019 Summer,2019-06-05,Afreeca Freecs,,Coach,NoFe,정노철,Jeong No-chul,South Korea,Korea,1988-08-11,0,NoFe
2019,Summer,LCK,LoL Champions Korea,韩国,一级联赛,LCK 2019 Summer,2019-06-05,Afreeca Freecs,,Coach,viNylCat,채우철,Chae Woo-cheol,South Korea,Korea,1985-07-30,1,viNylCat
2019,Summer,LCK,LoL Champions Korea,韩国,一级联赛,LCK 2019 Summer,2019-06-05,DAMWON Gaming,,Top,Nuguri,장하권,Jang Ha-gwon,South Korea,Korea,1999-07-17,1,Nuguri
2019,Summer,LCK,LoL Champions Korea,韩国,一级联赛,LCK 2019 Summer,2019-06-05,DAMWON Gaming,,Top,Flame,이호종,Lee Ho-jong,South Korea,Korea,1992-08-13,0,Flame
2019,Summer,LCK,LoL Champions Korea,韩国,一级联赛,LCK 2019 Summer,2019-06-05,DAMWON Gaming,,Jungle,Canyon,김건부,Kim Geon-bu,South Korea,Korea,2001-06-18,0,Canyon
2019,Summer,LCK,LoL Champions Korea,韩国,一级联赛,LCK 2019 Summer,2019-06-05,DAMWON Gaming,,Jungle,Punch,손민혁,Son Min-hyuk,South Korea,Korea,1998-06-06,0,Punch
2019,Summer,LCK,LoL Champions Korea,韩国,一级联赛,LCK 2019 Summer,2019-06-05,DAMWON Gaming,,Mid,ShowMaker,허수,Heo Su,South Korea,Korea,2000-07-22,0,ShowMaker
2019,Summer,LCK,LoL Champions Korea,韩国,一级联赛,LCK 2019 Summer,2019-06-05,DAMWON Gaming,,Bot,Nuclear,신정현,Shin Jeong-hyeon,South Korea,Korea,1997-05-19,0,Nuclear
2019,Summer,LCK,LoL Champions Korea,韩国,一级联赛,LCK 2019 Summer,2019-06-05,DAMWON Gaming,,Support,BeryL,조건희,Cho Geon-hee,South Korea,Korea,1997-04-01,0,BeryL
2019,Summer,LCK,LoL Champions Korea,韩国,一级联赛,LCK 2019 Summer,2019-06-05,DAMWON Gaming,,Support,Hoit,류호성,Ryu Ho-seong,South Korea,Korea,1999-07-06,1,Hoit
2019,Summer,LCK,LoL Champions Korea,韩国,一级联赛,LCK 2019 Summer,2019-06-05,DAMWON Gaming,,Coach,Micro,김목경,Kim Mok-kyoung,South Korea,Korea,1986-09-17,0,Micro (Kim Mok-kyoung)
2019,Summer,LCK,LoL Champions Korea,韩国,一级联赛,LCK 2019 Summer,2019-06-05,DAMWON Gaming,,Coach,KIM,김정수,Kim Jeong-soo,South Korea,Korea,1988-06-17,0,Kim (Kim Jeong-soo)
2019,Summer,LCK,LoL Champions Korea,韩国,一级联赛,LCK 2019 Summer,2019-06-05,Gen.G,,Top,CuVee,이성진,Lee Seong-jin,South Korea,Korea,1996-09-27,0,CuVee
2019,Summer,LCK,LoL Champions Korea,韩国,一级联赛,LCK 2019 Summer,2019-06-05,Gen.G,,"Top,Mid",Roach,김강희,Kim Kang-hee,South Korea,Korea,1999-01-31,0,Roach
2019,Summer,LCK,LoL Champions Korea,韩国,一级联赛,LCK 2019 Summer,2019-06-05,Gen.G,,Jungle,Peanut,한왕호,Han Wang-ho,South Korea,Korea,1998-02-03,1,Peanut
2019,Summer,LCK,LoL Champions Korea,韩国,一级联赛,LCK 2019 Summer,2019-06-05,Gen.G,,Jungle,SeongHwan,윤성환,Yoon Seong-hwan,South Korea,Korea,1997-12-11,1,SeongHwan
2019,Summer,LCK,LoL Champions Korea,韩国,一级联赛,LCK 2019 Summer,2019-06-05,Gen.G,,Mid,Kuzan,이성혁,Lee Seong-hyeok,South Korea,Korea,1997-01-07,1,Kuzan
2019,Summer,LCK,LoL Champions Korea,韩国,一级联赛,LCK 2019 Summer,2019-06-05,Gen.G,,Mid,Fly,송용준,Song Yong-jun,South Korea,Korea,1996-02-25,1,Fly (Song Yong-jun)
2019,Summer,LCK,LoL Champions Korea,韩国,一级联赛,LCK 2019 Summer,2019-06-05,Gen.G,,Mid,Rich,이재원,Lee Jae-won,South Korea,Korea,1998-02-16,0,Rich (Lee Jae-won)
2019,Summer,LCK,LoL Champions Korea,韩国,一级联赛,LCK 2019 Summer,2019-06-05,Gen.G,,Bot,Ruler,박재혁,Park Jae-hyuk,South Korea,Korea,1998-12-29,0,Ruler
2019,Summer,LCK,LoL Champions Korea,韩国,一级联赛,LCK 2019 Summer,2019-06-05,Gen.G,,Support,Life,김정민,Kim Jeong-min,South Korea,Korea,2000-07-07,0,Life
2019,Summer,LCK,LoL Champions Korea,韩国,一级联赛,LCK 2019 Summer,2019-06-05,Gen.G,,Coach,Edgar,최우범,Choi Woo-beom,South Korea,Korea,1984-01-03,0,Edgar
2019,Summer,LCK,LoL Champions Korea,韩国,一级联赛,LCK 2019 Summer,2019-06-05,Gen.G,,Coach,TrAce,여창동,Yeo Chang-dong,South Korea,Korea,1989-11-02,1,TrAce
2019,Summer,LCK,LoL Champions Korea,韩国,一级联赛,LCK 2019 Summer,2019-06-05,Griffin (Korean Team),,Top,Sword (Choi Sung-won),,,,,,,Sword (Choi Sung-won)
2019,Summer,LCK,LoL Champions Korea,韩国,一级联赛,LCK 2019 Summer,2019-06-05,Griffin (Korean Team),,Top,Doran,최현준,Choi Hyeon-joon,South Korea,Korea,2000-07-22,0,Doran (Choi Hyeon-joon)
2019,Summer,LCK,LoL Champions Korea,韩国,一级联赛,LCK 2019 Summer,2019-06-05,Griffin (Korean Team),,Jungle,Tarzan,이승용,Lee Seung-yong,South Korea,Korea,1999-08-23,0,Tarzan (Lee Seung-yong)
2019,Summer,LCK,LoL Champions Korea,韩国,一级联赛,LCK 2019 Summer,2019-06-05,Griffin (Korean Team),,Mid,Chovy,정지훈,Jeong Ji-hoon,South Korea,Korea,2001-03-03,0,Chovy
2019,Summer,LCK,LoL Champions Korea,韩国,一级联赛,LCK 2019 Summer,2019-06-05,Griffin (Korean Team),,Bot,Viper,박도현,Park Do-hyeon,South Korea,Korea,2000-10-19,0,Viper (Park Do-hyeon)
2019,Summer,LCK,LoL Champions Korea,韩国,一级联赛,LCK 2019 Summer,2019-06-05,Griffin (Korean Team),,Support,Lehends,손시우,Son Si-woo,South Korea,Korea,1998-12-24,0,Lehends
2019,Summer,LCK,LoL Champions Korea,韩国,一级联赛,LCK 2019 Summer,2019-06-05,Griffin (Korean Team),,Coach,cvMax,김대호,Kim Dae-ho,South Korea,Korea,1990-07-07,0,cvMax
2019,Summer,LCK,LoL Champions Korea,韩国,一级联赛,LCK 2019 Summer,2019-06-05,Griffin (Korean Team),,Coach,Chaos,변영섭,Byun Young-sub,South Korea,Korea,1993-07-04,1,Chaos (Byun Young-sub)
2019,Summer,LCK,LoL Champions Korea,韩国,一级联赛,LCK 2019 Summer,2019-06-05,Hanwha Life Esports,,Top,Thal,박권혁,Park Kwon-hyuk,South Korea,Korea,1998-11-13,1,Thal
2019,Summer,LCK,LoL Champions Korea,韩国,一级联赛,LCK 2019 Summer,2019-06-05,Hanwha Life Esports,,Top,SoHwan,김준영,Kim Jun-yeong,South Korea,Korea,1996-10-24,1,SoHwan
2019,Summer,LCK,LoL Champions Korea,韩国,一级联赛,LCK 2019 Summer,2019-06-05,Hanwha Life Esports,,Jungle,MooJin,김무진,Kim Moo-jin,South Korea,Korea,1998-04-09,1,Moojin
2019,Summer,LCK,LoL Champions Korea,韩国,一级联赛,LCK 2019 Summer,2019-06-05,Hanwha Life Esports,,Jungle,bonO (Kim Gi-beom),,,,,,,bonO (Kim Gi-beom)
2019,Summer,LCK,LoL Champions Korea,韩国,一级联赛,LCK 2019 Summer,2019-06-05,Hanwha Life Esports,,Mid,Lava,김태훈,Kim Tae-hoon,South Korea,Korea,1999-07-14,0,Lava
2019,Summer,LCK,LoL Champions Korea,韩国,一级联赛,LCK 2019 Summer,2019-06-05,Hanwha Life Esports,,Mid,Tempt,강명구,Kang Myung-gu,South Korea,Korea,1998-05-13,0,Tempt
2019,Summer,LCK,LoL Champions Korea,韩国,一级联赛,LCK 2019 Summer,2019-06-05,Hanwha Life Esports,,Bot,Sangyoon,권상윤,Gwon Sang-yun,South Korea,Korea,1995-12-20,1,Sangyoon
2019,Summer,LCK,LoL Champions Korea,韩国,一级联赛,LCK 2019 Summer,2019-06-05,Hanwha Life Esports,,Support,Key,김한기,Kim Han-gi,South Korea,Korea,1997-06-20,0,key
2019,Summer,LCK,LoL Champions Korea,韩国,一级联赛,LCK 2019 Summer,2019-06-05,Hanwha Life Esports,,Coach,OnAir,강현종,Kang Hyun-jong,South Korea,Korea,1980-09-14,0,OnAir
2019,Summer,LCK,LoL Champions Korea,韩国,一级联赛,LCK 2019 Summer,2019-06-05,Hanwha Life Esports,,Coach,LinLan,호진석,Ho Jin-seok,South Korea,Korea,1995-02-09,0,LinLan
2019,Summer,LCK,LoL Champions Korea,韩国,一级联赛,LCK 2019 Summer,2019-06-05,Jin Air Green Wings,,Top,Lindarang,허만흥,Heo Man-heung,South Korea,Korea,1997-08-25,0,Lindarang
2019,Summer,LCK,LoL Champions Korea,韩国,一级联赛,LCK 2019 Summer,2019-06-05,Jin Air Green Wings,,Top,TaNa,이상욱,Lee Sang-wook,South Korea,Korea,1999-12-11,0,TaNa
2019,Summer,LCK,LoL Champions Korea,韩国,一级联赛,LCK 2019 Summer,2019-06-05,Jin Air Green Wings,,Jungle,Malrang,김근성,Kim Geun-seong,South Korea,Korea,2000-02-09,0,Malrang
2019,Summer,LCK,LoL Champions Korea,韩国,一级联赛,LCK 2019 Summer,2019-06-05,Jin Air Green Wings,,Jungle,Seize,김찬희,Kim Chan-hee,South Korea,Korea,2000-12-07,0,Seize
2019,Summer,LCK,LoL Champions Korea,韩国,一级联赛,LCK 2019 Summer,2019-06-05,Jin Air Green Wings,,Mid,Grace,,,,,,,Grace
2019,Summer,LCK,LoL Champions Korea,韩国,一级联赛,LCK 2019 Summer,2019-06-05,Jin Air Green Wings,,Mid,CheonGo,최현우,Choi Hyeon-woo,South Korea,Korea,1999-03-10,1,CheonGo
2019,Summer,LCK,LoL Champions Korea,韩国,一级联赛,LCK 2019 Summer,2019-06-05,Jin Air Green Wings,,Bot,Route,문검수,Moon Geom-su,South Korea,Korea,1999-01-05,0,Route
2019,Summer,LCK,LoL Champions Korea,韩国,一级联赛,LCK 2019 Summer,2019-06-05,Jin Air Green Wings,,Support,Kellin,김형규,Kim Hyeong-gyu,South Korea,Korea,2001-02-01,0,Kellin
2019,Summer,LCK,LoL Champions Korea,韩国,一级联赛,LCK 2019 Summer,2019-06-05,Jin Air Green Wings,,Support,Nova,박찬호,Park Chan-ho,South Korea,Korea,1997-11-27,0,Nova (Park Chan-ho)
2019,Summer,LCK,LoL Champions Korea,韩国,一级联赛,LCK 2019 Summer,2019-06-05,Jin Air Green Wings,,Coach,H Dragon,한상용,Han Sang-yong,South Korea,Korea,1980-06-29,1,H Dragon
2019,Summer,LCK,LoL Champions Korea,韩国,一级联赛,LCK 2019 Summer,2019-06-05,Jin Air Green Wings,,Coach,Alvingo,최병철,Choi Byeong-cheol,South Korea,Korea,1992-06-04,0,Alvingo
2019,Summer,LCK,LoL Champions Korea,韩国,一级联赛,LCK 2019 Summer,2019-06-05,Jin Air Green Wings,,Coach,moment,김지환,Kim Ji-hwan,South Korea,Korea,1993-12-19,0,Moment
2019,Summer,LCK,LoL Champions Korea,韩国,一级联赛,LCK 2019 Summer,2019-06-05,Kingzone DragonX,,Top,Rascal,김광희,Kim Kwang-hee,South Korea,Korea,1997-10-16,0,Rascal
2019,Summer,LCK,LoL Champions Korea,韩国,一级联赛,LCK 2019 Summer,2019-06-05,Kingzone DragonX,,Jungle,Cuzz,문우찬,Moon Woo-chan,South Korea,Korea,1999-10-30,0,Cuzz
2019,Summer,LCK,LoL Champions Korea,韩国,一级联赛,LCK 2019 Summer,2019-06-05,Kingzone DragonX,,Mid,Naehyun,유내현,Yoo Nae-hyun,South Korea,Korea,1996-02-07,0,Naehyun
2019,Summer,LCK,LoL Champions Korea,韩国,一级联赛,LCK 2019 Summer,2019-06-05,Kingzone DragonX,,Bot,Deft,김혁규,Kim Hyuk-kyu,South Korea,Korea,1996-10-23,0,Deft
2019,Summer,LCK,LoL Champions Korea,韩国,一级联赛,LCK 2019 Summer,2019-06-05,Kingzone DragonX,,Support,TusiN,박종익,Park Jong-ik,South Korea,Korea,1995-11-12,1,TusiN
2019,Summer,LCK,LoL Champions Korea,韩国,一级联赛,LCK 2019 Summer,2019-06-05,Kingzone DragonX,,Coach,Hirai,강동훈,Kang Dong-hoon,South Korea,Korea,1982-03-26,0,Hirai
2019,Summer,LCK,LoL Champions Korea,韩国,一级联赛,LCK 2019 Summer,2019-06-05,Kingzone DragonX,,Coach,Acorn,최천주,Choi Cheon-ju,South Korea,Korea,1990-07-13,0,Acorn
2019,Summer,LCK,LoL Champions Korea,韩国,一级联赛,LCK 2019 Summer,2019-06-05,KT Rolster,,Top,Kingen,황성훈,Hwang Seong-hoon,South Korea,Korea,2000-03-11,0,Kingen
2019,Summer,LCK,LoL Champions Korea,韩国,一级联赛,LCK 2019 Summer,2019-06-05,KT Rolster,,Top,Smeb,송경호,Song Kyung-ho,South Korea,Korea,1995-06-30,0,Smeb
2019,Summer,LCK,LoL Champions Korea,韩国,一级联赛,LCK 2019 Summer,2019-06-05,KT Rolster,,Jungle,UmTi,엄성현,Um Sung-hyeon,South Korea,Korea,1999-06-02,0,UmTi
2019,Summer,LCK,LoL Champions Korea,韩国,一级联赛,LCK 2019 Summer,2019-06-05,KT Rolster,,Jungle,Score,고동빈,Go Dong-bin,South Korea,Korea,1992-07-08,0,Score
2019,Summer,LCK,LoL Champions Korea,韩国,一级联赛,LCK 2019 Summer,2019-06-05,KT Rolster,,Mid,Bdd,곽보성,Gwak Bo-seong,South Korea,Korea,1999-03-01,0,Bdd
2019,Summer,LCK,LoL Champions Korea,韩国,一级联赛,LCK 2019 Summer,2019-06-05,KT Rolster,,Bot,PraY,김종인,Kim Jong-in,South Korea,Korea,1994-01-06,0,PraY
2019,Summer,LCK,LoL Champions Korea,韩国,一级联赛,LCK 2019 Summer,2019-06-05,KT Rolster,,Support,SnowFlower,노회종,No Hoi-jong,South Korea,Korea,1997-02-24,1,SnowFlower
2019,Summer,LCK,LoL Champions Korea,韩国,一级联赛,LCK 2019 Summer,2019-06-05,KT Rolster,,Coach,Noex,정제승,Jung Je-seung,South Korea,Korea,1990-01-25,1,NoEX
2019,Summer,LCK,LoL Champions Korea,韩国,一级联赛,LCK 2019 Summer,2019-06-05,KT Rolster,,Coach,Sonstar,손승익,Son Seung-ik,South Korea,Korea,1994-08-31,0,Sonstar
2019,Summer,LCK,LoL Champions Korea,韩国,一级联赛,LCK 2019 Summer,2019-06-05,KT Rolster,,Coach,ZanDarC,오창종,Oh Chang-jong,South Korea,Korea,1983-10-01,1,ZanDarC
2019,Summer,LCK,LoL Champions Korea,韩国,一级联赛,LCK 2019 Summer,2019-06-05,SANDBOX Gaming,,Top,Summit,박우태,Park Woo-tae,South Korea,Korea,1998-12-08,0,Summit
2019,Summer,LCK,LoL Champions Korea,韩国,一级联赛,LCK 2019 Summer,2019-06-05,SANDBOX Gaming,,Jungle,OnFleek,김장겸,Kim Jang-gyeom,South Korea,Korea,1997-12-20,0,OnFleek
2019,Summer,LCK,LoL Champions Korea,韩国,一级联赛,LCK 2019 Summer,2019-06-05,SANDBOX Gaming,,Mid,Dove,김재연,Kim Jae-yeon,South Korea,Korea,1998-07-25,0,Dove
2019,Summer,LCK,LoL Champions Korea,韩国,一级联赛,LCK 2019 Summer,2019-06-05,SANDBOX Gaming,,Bot,Ghost,장용준,Jang Yong-jun,South Korea,Korea,1999-03-18,0,Ghost (Jang Yong-jun)
2019,Summer,LCK,LoL Champions Korea,韩国,一级联赛,LCK 2019 Summer,2019-06-05,SANDBOX Gaming,,Support,Joker,조재읍,Cho Jae-eup,South Korea,Korea,1991-12-11,0,Joker (Cho Jae-eup)
2019,Summer,LCK,LoL Champions Korea,韩国,一级联赛,LCK 2019 Summer,2019-06-05,SANDBOX Gaming,,Coach,Comet,임혜성,Lim Hye-sung,South Korea,Korea,1991-08-04,0,Comet
2019,Summer,LCK,LoL Champions Korea,韩国,一级联赛,LCK 2019 Summer,2019-06-05,SANDBOX Gaming,,Coach,Laden,강병호,Kang Byung-ho,South Korea,Korea,1992-06-05,0,Laden
2019,Summer,LCK,LoL Champions Korea,韩国,一级联赛,LCK 2019 Summer,2019-06-05,SANDBOX Gaming,,Coach,Dragon,이준용,Lee Jun-yong,South Korea,Korea,1996-01-26,1,Dragon (Lee Jun-yong)
2019,Summer,LCK,LoL Champions Korea,韩国,一级联赛,LCK 2019 Summer,2019-06-05,SK Telecom T1,,Top,Khan,김동하,Kim Dong-ha,South Korea,Korea,1995-12-22,0,Khan
2019,Summer,LCK,LoL Champions Korea,韩国,一级联赛,LCK 2019 Summer,2019-06-05,SK Telecom T1,,Jungle,Clid,김태민,Kim Tae-min,South Korea,Korea,1999-07-07,0,Clid
2019,Summer,LCK,LoL Champions Korea,韩国,一级联赛,LCK 2019 Summer,2019-06-05,SK Telecom T1,,Jungle,Haru,강민승,Kang Min-seung,South Korea,Korea,1998-06-03,1,Haru
2019,Summer,LCK,LoL Champions Korea,韩国,一级联赛,LCK 2019 Summer,2019-06-05,SK Telecom T1,,Mid,Faker,이상혁,Lee Sang-hyeok,South Korea,Korea,1996-05-07,0,Faker
2019,Summer,LCK,LoL Champions Korea,韩国,一级联赛,LCK 2019 Summer,2019-06-05,SK Telecom T1,,Mid,Gori,김태우,Kim Tae-woo,South Korea,Korea,2000-08-09,0,Gori
2019,Summer,LCK,LoL Champions Korea,韩国,一级联赛,LCK 2019 Summer,2019-06-05,SK Telecom T1,,Bot,Teddy,박진성,Park Jin-seong,South Korea,Korea,1998-03-15,0,Teddy
2019,Summer,LCK,LoL Champions Korea,韩国,一级联赛,LCK 2019 Summer,2019-06-05,SK Telecom T1,,Support,Mata,조세형,Cho Se-hyeong,South Korea,Korea,1994-02-27,0,Mata
2019,Summer,LCK,LoL Champions Korea,韩国,一级联赛,LCK 2019 Summer,2019-06-05,SK Telecom T1,,Support,Effort,이상호,Lee Sang-ho,South Korea,Korea,2000-11-23,0,Effort
2019,Summer,LCK,LoL Champions Korea,韩国,一级联赛,LCK 2019 Summer,2019-06-05,SK Telecom T1,,Coach,Zefa,이재민,Lee Jae-min,South Korea,Korea,1988-02-04,0,Zefa
2019,Summer,LCK,LoL Champions Korea,韩国,一级联赛,LCK 2019 Summer,2019-06-05,SK Telecom T1,,Coach,fly,김상철,Kim Sang-cheol,South Korea,Korea,1987-09-21,0,Fly (Kim Sang-cheol)
2019,Summer,LCK,LoL Champions Korea,韩国,一级联赛,LCK 2019 Summer,2019-06-05,SK Telecom T1,,Coach,kkOma,김정균,Kim Jeong-gyun,South Korea,Korea,1985-12-23,0,kkOma
2020,Spring,LCK,LoL Champions Korea,韩国,一级联赛,LCK 2020 Spring Playoffs,2020-04-18,DAMWON Gaming,,Top,Nuguri,장하권,Jang Ha-gwon,South Korea,Korea,1999-07-17,1,Nuguri
2020,Spring,LCK,LoL Champions Korea,韩国,一级联赛,LCK 2020 Spring Playoffs,2020-04-18,DAMWON Gaming,,Jungle,Canyon,김건부,Kim Geon-bu,South Korea,Korea,2001-06-18,0,Canyon
2020,Spring,LCK,LoL Champions Korea,韩国,一级联赛,LCK 2020 Spring Playoffs,2020-04-18,DAMWON Gaming,,Mid,ShowMaker,허수,Heo Su,South Korea,Korea,2000-07-22,0,ShowMaker
2020,Spring,LCK,LoL Champions Korea,韩国,一级联赛,LCK 2020 Spring Playoffs,2020-04-18,DAMWON Gaming,,Bot,Ghost,장용준,Jang Yong-jun,South Korea,Korea,1999-03-18,0,Ghost (Jang Yong-jun)
2020,Spring,LCK,LoL Champions Korea,韩国,一级联赛,LCK 2020 Spring Playoffs,2020-04-18,DAMWON Gaming,,Support,BeryL,조건희,Cho Geon-hee,South Korea,Korea,1997-04-01,0,BeryL
2020,Spring,LCK,LoL Champions Korea,韩国,一级联赛,LCK 2020 Spring Playoffs,2020-04-18,DAMWON Gaming,,Coach,Zefa,이재민,Lee Jae-min,South Korea,Korea,1988-02-04,0,Zefa
2020,Spring,LCK,LoL Champions Korea,韩国,一级联赛,LCK 2020 Spring Playoffs,2020-04-18,DAMWON Gaming,,Coach,Daeny,양대인,Yang Dae-in,South Korea,Korea,1993-02-10,0,Daeny
2020,Spring,LCK,LoL Champions Korea,韩国,一级联赛,LCK 2020 Spring Playoffs,2020-04-18,DragonX,,Top,Doran,최현준,Choi Hyeon-joon,South Korea,Korea,2000-07-22,0,Doran (Choi Hyeon-joon)
2020,Spring,LCK,LoL Champions Korea,韩国,一级联赛,LCK 2020 Spring Playoffs,2020-04-18,DragonX,,Jungle,Pyosik,홍창현,Hong Chang-hyeon,South Korea,Korea,2000-03-12,0,Pyosik
2020,Spring,LCK,LoL Champions Korea,韩国,一级联赛,LCK 2020 Spring Playoffs,2020-04-18,DragonX,,Mid,Chovy,정지훈,Jeong Ji-hoon,South Korea,Korea,2001-03-03,0,Chovy
2020,Spring,LCK,LoL Champions Korea,韩国,一级联赛,LCK 2020 Spring Playoffs,2020-04-18,DragonX,,Bot,Deft,김혁규,Kim Hyuk-kyu,South Korea,Korea,1996-10-23,0,Deft
2020,Spring,LCK,LoL Champions Korea,韩国,一级联赛,LCK 2020 Spring Playoffs,2020-04-18,DragonX,,Support,Keria,류민석,Ryu Min-seok,South Korea,Korea,2002-10-14,0,Keria
2020,Spring,LCK,LoL Champions Korea,韩国,一级联赛,LCK 2020 Spring Playoffs,2020-04-18,DragonX,,Coach,cvMax,김대호,Kim Dae-ho,South Korea,Korea,1990-07-07,0,cvMax
2020,Spring,LCK,LoL Champions Korea,韩国,一级联赛,LCK 2020 Spring Playoffs,2020-04-18,Gen.G,,Top,Rascal,김광희,Kim Kwang-hee,South Korea,Korea,1997-10-16,0,Rascal
2020,Spring,LCK,LoL Champions Korea,韩国,一级联赛,LCK 2020 Spring Playoffs,2020-04-18,Gen.G,,Jungle,Clid,김태민,Kim Tae-min,South Korea,Korea,1999-07-07,0,Clid
2020,Spring,LCK,LoL Champions Korea,韩国,一级联赛,LCK 2020 Spring Playoffs,2020-04-18,Gen.G,,Mid,Bdd,곽보성,Gwak Bo-seong,South Korea,Korea,1999-03-01,0,Bdd
2020,Spring,LCK,LoL Champions Korea,韩国,一级联赛,LCK 2020 Spring Playoffs,2020-04-18,Gen.G,,Bot,Ruler,박재혁,Park Jae-hyuk,South Korea,Korea,1998-12-29,0,Ruler
2020,Spring,LCK,LoL Champions Korea,韩国,一级联赛,LCK 2020 Spring Playoffs,2020-04-18,Gen.G,,Support,Life,김정민,Kim Jeong-min,South Korea,Korea,2000-07-07,0,Life
2020,Spring,LCK,LoL Champions Korea,韩国,一级联赛,LCK 2020 Spring Playoffs,2020-04-18,Gen.G,,Coach,Edgar,최우범,Choi Woo-beom,South Korea,Korea,1984-01-03,0,Edgar
2020,Spring,LCK,LoL Champions Korea,韩国,一级联赛,LCK 2020 Spring Playoffs,2020-04-18,Gen.G,,Coach,TrAce,여창동,Yeo Chang-dong,South Korea,Korea,1989-11-02,1,TrAce
2020,Spring,LCK,LoL Champions Korea,韩国,一级联赛,LCK 2020 Spring Playoffs,2020-04-18,KT Rolster,,Top,SoHwan,김준영,Kim Jun-yeong,South Korea,Korea,1996-10-24,1,SoHwan
2020,Spring,LCK,LoL Champions Korea,韩国,一级联赛,LCK 2020 Spring Playoffs,2020-04-18,KT Rolster,,Jungle,bonO (Kim Gi-beom),,,,,,,bonO (Kim Gi-beom)
2020,Spring,LCK,LoL Champions Korea,韩国,一级联赛,LCK 2020 Spring Playoffs,2020-04-18,KT Rolster,,Mid,Kuro,이서행,Lee Seo-haeng,South Korea,Korea,1994-01-04,0,Kuro
2020,Spring,LCK,LoL Champions Korea,韩国,一级联赛,LCK 2020 Spring Playoffs,2020-04-18,KT Rolster,,Bot,Aiming,김하람,Kim Ha-ram,South Korea,Korea,2000-07-20,0,Aiming
2020,Spring,LCK,LoL Champions Korea,韩国,一级联赛,LCK 2020 Spring Playoffs,2020-04-18,KT Rolster,,Support,TusiN,박종익,Park Jong-ik,South Korea,Korea,1995-11-12,1,TusiN
2020,Spring,LCK,LoL Champions Korea,韩国,一级联赛,LCK 2020 Spring Playoffs,2020-04-18,KT Rolster,,Coach,Hirai,강동훈,Kang Dong-hoon,South Korea,Korea,1982-03-26,0,Hirai
2020,Spring,LCK,LoL Champions Korea,韩国,一级联赛,LCK 2020 Spring Playoffs,2020-04-18,KT Rolster,,Coach,Cheonju,,,,,,,Cheonju
2020,Spring,LCK,LoL Champions Korea,韩国,一级联赛,LCK 2020 Spring Playoffs,2020-04-18,T1,,Top,Canna,김창동,Kim Chang-dong,South Korea,Korea,2000-02-11,0,Canna
2020,Spring,LCK,LoL Champions Korea,韩国,一级联赛,LCK 2020 Spring Playoffs,2020-04-18,T1,,Jungle,Cuzz,문우찬,Moon Woo-chan,South Korea,Korea,1999-10-30,0,Cuzz
2020,Spring,LCK,LoL Champions Korea,韩国,一级联赛,LCK 2020 Spring Playoffs,2020-04-18,T1,,Mid,Faker,이상혁,Lee Sang-hyeok,South Korea,Korea,1996-05-07,0,Faker
2020,Spring,LCK,LoL Champions Korea,韩国,一级联赛,LCK 2020 Spring Playoffs,2020-04-18,T1,,Bot,Teddy,박진성,Park Jin-seong,South Korea,Korea,1998-03-15,0,Teddy
2020,Spring,LCK,LoL Champions Korea,韩国,一级联赛,LCK 2020 Spring Playoffs,2020-04-18,T1,,Support,Effort,이상호,Lee Sang-ho,South Korea,Korea,2000-11-23,0,Effort
2020,Spring,LCK,LoL Champions Korea,韩国,一级联赛,LCK 2020 Spring Playoffs,2020-04-18,T1,,Coach,KIM,김정수,Kim Jeong-soo,South Korea,Korea,1988-06-17,0,Kim (Kim Jeong-soo)
2020,Spring,LCK,LoL Champions Korea,韩国,一级联赛,LCK 2020 Spring Playoffs,2020-04-18,T1,,Coach,Comet,임혜성,Lim Hye-sung,South Korea,Korea,1991-08-04,0,Comet
2020,Spring,LCK,LoL Champions Korea,韩国,一级联赛,LCK 2020 Spring Promotion,2019-09-09,APK Prince,,Top,ikssu,전익수,Jeon Ik-soo,South Korea,Korea,1996-10-22,1,ikssu
2020,Spring,LCK,LoL Champions Korea,韩国,一级联赛,LCK 2020 Spring Promotion,2019-09-09,APK Prince,,Jungle,KaKAO,이병권,Lee Byung-kwon,South Korea,Korea,1995-12-07,0,KaKAO
2020,Spring,LCK,LoL Champions Korea,韩国,一级联赛,LCK 2020 Spring Promotion,2019-09-09,APK Prince,,Mid,Cover,김주언,Kim Joo-eon,South Korea,Korea,1999-05-29,1,Cover
2020,Spring,LCK,LoL Champions Korea,韩国,一级联赛,LCK 2020 Spring Promotion,2019-09-09,APK Prince,,Bot,Trigger,김의주,Kim Eui-joo,South Korea,Korea,2000-10-10,0,Trigger (Kim Eui-joo)
2020,Spring,LCK,LoL Champions Korea,韩国,一级联赛,LCK 2020 Spring Promotion,2019-09-09,APK Prince,,Support,Secret,박기선,Park Ki-sun,South Korea,Korea,1997-05-27,1,Secret (Park Ki-sun)
2020,Spring,LCK,LoL Champions Korea,韩国,一级联赛,LCK 2020 Spring Promotion,2019-09-09,APK Prince,,Coach,Sickness,김산하,Kim San-ha,South Korea,Korea,1993-09-14,0,Sickness
2020,Spring,LCK,LoL Champions Korea,韩国,一级联赛,LCK 2020 Spring Promotion,2019-09-09,APK Prince,,Coach,Arora,김민우,Kim Min-woo,South Korea,Korea,1996-06-20,1,Arora
2020,Spring,LCK,LoL Champions Korea,韩国,一级联赛,LCK 2020 Spring Promotion,2019-09-09,Hanwha Life Esports,,Top,SoHwan,김준영,Kim Jun-yeong,South Korea,Korea,1996-10-24,1,SoHwan
2020,Spring,LCK,LoL Champions Korea,韩国,一级联赛,LCK 2020 Spring Promotion,2019-09-09,Hanwha Life Esports,,Jungle,bonO (Kim Gi-beom),,,,,,,bonO (Kim Gi-beom)
2020,Spring,LCK,LoL Champions Korea,韩国,一级联赛,LCK 2020 Spring Promotion,2019-09-09,Hanwha Life Esports,,Mid,Tempt,강명구,Kang Myung-gu,South Korea,Korea,1998-05-13,0,Tempt
2020,Spring,LCK,LoL Champions Korea,韩国,一级联赛,LCK 2020 Spring Promotion,2019-09-09,Hanwha Life Esports,,Bot,Sangyoon,권상윤,Gwon Sang-yun,South Korea,Korea,1995-12-20,1,Sangyoon
2020,Spring,LCK,LoL Champions Korea,韩国,一级联赛,LCK 2020 Spring Promotion,2019-09-09,Hanwha Life Esports,,Support,Key,김한기,Kim Han-gi,South Korea,Korea,1997-06-20,0,key
2020,Spring,LCK,LoL Champions Korea,韩国,一级联赛,LCK 2020 Spring Promotion,2019-09-09,Hanwha Life Esports,,Coach,OnAir,강현종,Kang Hyun-jong,South Korea,Korea,1980-09-14,0,OnAir
2020,Spring,LCK,LoL Champions Korea,韩国,一级联赛,LCK 2020 Spring Promotion,2019-09-09,Hanwha Life Esports,,Coach,LinLan,호진석,Ho Jin-seok,South Korea,Korea,1995-02-09,0,LinLan
2020,Spring,LCK,LoL Champions Korea,韩国,一级联赛,LCK 2020 Spring Promotion,2019-09-09,Jin Air Green Wings,,Top,Lindarang,허만흥,Heo Man-heung,South Korea,Korea,1997-08-25,0,Lindarang
2020,Spring,LCK,LoL Champions Korea,韩国,一级联赛,LCK 2020 Spring Promotion,2019-09-09,Jin Air Green Wings,,Top,TaNa,이상욱,Lee Sang-wook,South Korea,Korea,1999-12-11,0,TaNa
2020,Spring,LCK,LoL Champions Korea,韩国,一级联赛,LCK 2020 Spring Promotion,2019-09-09,Jin Air Green Wings,,Jungle,Malrang,김근성,Kim Geun-seong,South Korea,Korea,2000-02-09,0,Malrang
2020,Spring,LCK,LoL Champions Korea,韩国,一级联赛,LCK 2020 Spring Promotion,2019-09-09,Jin Air Green Wings,,Mid,Grace,,,,,,,Grace
2020,Spring,LCK,LoL Champions Korea,韩国,一级联赛,LCK 2020 Spring Promotion,2019-09-09,Jin Air Green Wings,,Bot,Route,문검수,Moon Geom-su,South Korea,Korea,1999-01-05,0,Route
2020,Spring,LCK,LoL Champions Korea,韩国,一级联赛,LCK 2020 Spring Promotion,2019-09-09,Jin Air Green Wings,,Support,Kellin,김형규,Kim Hyeong-gyu,South Korea,Korea,2001-02-01,0,Kellin
2020,Spring,LCK,LoL Champions Korea,韩国,一级联赛,LCK 2020 Spring Promotion,2019-09-09,Jin Air Green Wings,,Support,Nova,박찬호,Park Chan-ho,South Korea,Korea,1997-11-27,0,Nova (Park Chan-ho)
2020,Spring,LCK,LoL Champions Korea,韩国,一级联赛,LCK 2020 Spring Promotion,2019-09-09,Jin Air Green Wings,,Coach,H Dragon,한상용,Han Sang-yong,South Korea,Korea,1980-06-29,1,H Dragon
2020,Spring,LCK,LoL Champions Korea,韩国,一级联赛,LCK 2020 Spring Promotion,2019-09-09,Jin Air Green Wings,,Coach,Alvingo,최병철,Choi Byeong-cheol,South Korea,Korea,1992-06-04,0,Alvingo
2020,Spring,LCK,LoL Champions Korea,韩国,一级联赛,LCK 2020 Spring Promotion,2019-09-09,Team Dynamics,,Top,Jisu,박진철,Park Jin-cheol,South Korea,Korea,1996-05-10,1,Jisu
2020,Spring,LCK,LoL Champions Korea,韩国,一级联赛,LCK 2020 Spring Promotion,2019-09-09,Team Dynamics,,Jungle,Ganknam,,,,,,,Ganknam
2020,Spring,LCK,LoL Champions Korea,韩国,一级联赛,LCK 2020 Spring Promotion,2019-09-09,Team Dynamics,,Mid,Ggoong,유병준,Yu Byeong-jun,South Korea,Korea,1993-06-26,0,GgooNg
2020,Spring,LCK,LoL Champions Korea,韩国,一级联赛,LCK 2020 Spring Promotion,2019-09-09,Team Dynamics,,Bot,Light,권순호,Kwon Sun-ho,South Korea,Korea,1998-01-19,1,Light (Kwon Sun-ho)
2020,Spring,LCK,LoL Champions Korea,韩国,一级联赛,LCK 2020 Spring Promotion,2019-09-09,Team Dynamics,,Support,GuGer,김도엽,Kim Do-yeop,South Korea,Korea,1994-02-07,0,GuGer
2020,Spring,LCK,LoL Champions Korea,韩国,一级联赛,LCK 2020 Spring Promotion,2019-09-09,Team Dynamics,,Coach,Bigfafa,,,,,,,Bigfafa
2020,Spring,LCK,LoL Champions Korea,韩国,一级联赛,LCK 2020 Spring Promotion,2019-09-09,Team Dynamics,,Coach,sBs,배지훈,Bae Ji-hoon,South Korea,Korea,1992-07-02,0,SBS
2020,Spring,LCK,LoL Champions Korea,韩国,一级联赛,LCK 2020 Spring,2020-02-05,Afreeca Freecs,,Top,Kiin,김기인,Kim Gi-in,South Korea,Korea,1999-05-28,0,Kiin
2020,Spring,LCK,LoL Champions Korea,韩国,一级联赛,LCK 2020 Spring,2020-02-05,Afreeca Freecs,,Jungle,Spirit,이다윤,Lee Da-yoon,South Korea,Korea,1996-07-01,1,Spirit
2020,Spring,LCK,LoL Champions Korea,韩国,一级联赛,LCK 2020 Spring,2020-02-05,Afreeca Freecs,,Jungle,Dread,이진혁,Lee Jin-hyeok,South Korea,Korea,2000-06-07,1,Dread (Lee Jin-hyeok)
2020,Spring,LCK,LoL Champions Korea,韩国,一级联赛,LCK 2020 Spring,2020-02-05,Afreeca Freecs,,Mid,Fly,송용준,Song Yong-jun,South Korea,Korea,1996-02-25,1,Fly (Song Yong-jun)
2020,Spring,LCK,LoL Champions Korea,韩国,一级联赛,LCK 2020 Spring,2020-02-05,Afreeca Freecs,,Mid,ALL IN,,,,,,,ALL IN
2020,Spring,LCK,LoL Champions Korea,韩国,一级联赛,LCK 2020 Spring,2020-02-05,Afreeca Freecs,,Bot,SS (Seo Jin-sol),,,,,,,SS (Seo Jin-sol)
2020,Spring,LCK,LoL Champions Korea,韩国,一级联赛,LCK 2020 Spring,2020-02-05,Afreeca Freecs,,Bot,Mystic,진성준,Jin Seong-jun,South Korea,Korea,1995-01-08,0,Mystic
2020,Spring,LCK,LoL Champions Korea,韩国,一级联赛,LCK 2020 Spring,2020-02-05,Afreeca Freecs,,Support,Jelly,손호경,Son Ho-gyeong,South Korea,Korea,1997-10-18,0,Jelly (Son Ho-gyeong)
2020,Spring,LCK,LoL Champions Korea,韩国,一级联赛,LCK 2020 Spring,2020-02-05,Afreeca Freecs,,Support,Ben,남동현,Nam Dong-hyun,South Korea,Korea,1995-04-24,0,Ben
2020,Spring,LCK,LoL Champions Korea,韩国,一级联赛,LCK 2020 Spring,2020-02-05,Afreeca Freecs,,Coach,viNylCat,채우철,Chae Woo-cheol,South Korea,Korea,1985-07-30,1,viNylCat
2020,Spring,LCK,LoL Champions Korea,韩国,一级联赛,LCK 2020 Spring,2020-02-05,Afreeca Freecs,,Coach,ActScene,,,,,,,ActScene
2020,Spring,LCK,LoL Champions Korea,韩国,一级联赛,LCK 2020 Spring,2020-02-05,APK Prince,,Top,ikssu,전익수,Jeon Ik-soo,South Korea,Korea,1996-10-22,1,ikssu
2020,Spring,LCK,LoL Champions Korea,韩国,一级联赛,LCK 2020 Spring,2020-02-05,APK Prince,,Jungle,Flawless,성연준,Sung Yeon-jun,South Korea,Korea,1998-07-26,1,Flawless
2020,Spring,LCK,LoL Champions Korea,韩国,一级联赛,LCK 2020 Spring,2020-02-05,APK Prince,,Mid,Keine,김준철,Kim Joon-cheol,South Korea,Korea,1999-11-08,0,Keine
2020,Spring,LCK,LoL Champions Korea,韩国,一级联赛,LCK 2020 Spring,2020-02-05,APK Prince,,Mid,Cover,김주언,Kim Joo-eon,South Korea,Korea,1999-05-29,1,Cover
2020,Spring,LCK,LoL Champions Korea,韩国,一级联赛,LCK 2020 Spring,2020-02-05,APK Prince,,Bot,HyBriD,이우진,Lee Woo-jin,South Korea,Korea,1999-11-27,1,HyBriD (Lee Woo-jin)
2020,Spring,LCK,LoL Champions Korea,韩国,一级联赛,LCK 2020 Spring,2020-02-05,APK Prince,,Bot,Trigger,김의주,Kim Eui-joo,South Korea,Korea,2000-10-10,0,Trigger (Kim Eui-joo)
2020,Spring,LCK,LoL Champions Korea,韩国,一级联赛,LCK 2020 Spring,2020-02-05,APK Prince,,Support,Secret,박기선,Park Ki-sun,South Korea,Korea,1997-05-27,1,Secret (Park Ki-sun)
2020,Spring,LCK,LoL Champions Korea,韩国,一级联赛,LCK 2020 Spring,2020-02-05,APK Prince,,Support,Mia,최상인,Choi Sang-in,South Korea,Korea,1998-11-03,1,Mia
2020,Spring,LCK,LoL Champions Korea,韩国,一级联赛,LCK 2020 Spring,2020-02-05,APK Prince,,Coach,Winged,박태진,Park Tae-jin,South Korea,Korea,1992-08-20,0,Winged
2020,Spring,LCK,LoL Champions Korea,韩国,一级联赛,LCK 2020 Spring,2020-02-05,APK Prince,,Coach,CooN,박재하,Park Jae-ha,South Korea,Korea,1995-06-01,1,CooN
2020,Spring,LCK,LoL Champions Korea,韩国,一级联赛,LCK 2020 Spring,2020-02-05,APK Prince,,Coach,Sickness,김산하,Kim San-ha,South Korea,Korea,1993-09-14,0,Sickness
2020,Spring,LCK,LoL Champions Korea,韩国,一级联赛,LCK 2020 Spring,2020-02-05,DAMWON Gaming,,Top,Nuguri,장하권,Jang Ha-gwon,South Korea,Korea,1999-07-17,1,Nuguri
2020,Spring,LCK,LoL Champions Korea,韩国,一级联赛,LCK 2020 Spring,2020-02-05,DAMWON Gaming,,Jungle,Canyon,김건부,Kim Geon-bu,South Korea,Korea,2001-06-18,0,Canyon
2020,Spring,LCK,LoL Champions Korea,韩国,一级联赛,LCK 2020 Spring,2020-02-05,DAMWON Gaming,,Mid,ShowMaker,허수,Heo Su,South Korea,Korea,2000-07-22,0,ShowMaker
2020,Spring,LCK,LoL Champions Korea,韩国,一级联赛,LCK 2020 Spring,2020-02-05,DAMWON Gaming,,Bot,Nuclear,신정현,Shin Jeong-hyeon,South Korea,Korea,1997-05-19,0,Nuclear
2020,Spring,LCK,LoL Champions Korea,韩国,一级联赛,LCK 2020 Spring,2020-02-05,DAMWON Gaming,,Bot,Ghost,장용준,Jang Yong-jun,South Korea,Korea,1999-03-18,0,Ghost (Jang Yong-jun)
2020,Spring,LCK,LoL Champions Korea,韩国,一级联赛,LCK 2020 Spring,2020-02-05,DAMWON Gaming,,Support,Hoit,류호성,Ryu Ho-seong,South Korea,Korea,1999-07-06,1,Hoit
2020,Spring,LCK,LoL Champions Korea,韩国,一级联赛,LCK 2020 Spring,2020-02-05,DAMWON Gaming,,Support,BeryL,조건희,Cho Geon-hee,South Korea,Korea,1997-04-01,0,BeryL
2020,Spring,LCK,LoL Champions Korea,韩国,一级联赛,LCK 2020 Spring,2020-02-05,DAMWON Gaming,,Coach,Zefa,이재민,Lee Jae-min,South Korea,Korea,1988-02-04,0,Zefa
2020,Spring,LCK,LoL Champions Korea,韩国,一级联赛,LCK 2020 Spring,2020-02-05,DAMWON Gaming,,Coach,Travel,강태수,Kang Tae-su,South Korea,Korea,1992-10-12,1,Travel
2020,Spring,LCK,LoL Champions Korea,韩国,一级联赛,LCK 2020 Spring,2020-02-05,DAMWON Gaming,,Coach,Daeny,양대인,Yang Dae-in,South Korea,Korea,1993-02-10,0,Daeny
2020,Spring,LCK,LoL Champions Korea,韩国,一级联赛,LCK 2020 Spring,2020-02-05,DragonX,,"Top,Mid",Chovy,정지훈,Jeong Ji-hoon,South Korea,Korea,2001-03-03,0,Chovy
2020,Spring,LCK,LoL Champions Korea,韩国,一级联赛,LCK 2020 Spring,2020-02-05,DragonX,,Top,Doran,최현준,Choi Hyeon-joon,South Korea,Korea,2000-07-22,0,Doran (Choi Hyeon-joon)
2020,Spring,LCK,LoL Champions Korea,韩国,一级联赛,LCK 2020 Spring,2020-02-05,DragonX,,Jungle,Pyosik,홍창현,Hong Chang-hyeon,South Korea,Korea,2000-03-12,0,Pyosik
2020,Spring,LCK,LoL Champions Korea,韩国,一级联赛,LCK 2020 Spring,2020-02-05,DragonX,,Mid,Quad,송수형,Song Su-hyeong,South Korea,Korea,2002-08-25,0,Quad
2020,Spring,LCK,LoL Champions Korea,韩国,一级联赛,LCK 2020 Spring,2020-02-05,DragonX,,Bot,Deft,김혁규,Kim Hyuk-kyu,South Korea,Korea,1996-10-23,0,Deft
2020,Spring,LCK,LoL Champions Korea,韩国,一级联赛,LCK 2020 Spring,2020-02-05,DragonX,,Support,Keria,류민석,Ryu Min-seok,South Korea,Korea,2002-10-14,0,Keria
2020,Spring,LCK,LoL Champions Korea,韩国,一级联赛,LCK 2020 Spring,2020-02-05,DragonX,,Coach,cvMax,김대호,Kim Dae-ho,South Korea,Korea,1990-07-07,0,cvMax
2020,Spring,LCK,LoL Champions Korea,韩国,一级联赛,LCK 2020 Spring,2020-02-05,Gen.G,,Top,Rascal,김광희,Kim Kwang-hee,South Korea,Korea,1997-10-16,0,Rascal
2020,Spring,LCK,LoL Champions Korea,韩国,一级联赛,LCK 2020 Spring,2020-02-05,Gen.G,,Jungle,Clid,김태민,Kim Tae-min,South Korea,Korea,1999-07-07,0,Clid
2020,Spring,LCK,LoL Champions Korea,韩国,一级联赛,LCK 2020 Spring,2020-02-05,Gen.G,,Mid,Bdd,곽보성,Gwak Bo-seong,South Korea,Korea,1999-03-01,0,Bdd
2020,Spring,LCK,LoL Champions Korea,韩国,一级联赛,LCK 2020 Spring,2020-02-05,Gen.G,,Bot,Ruler,박재혁,Park Jae-hyuk,South Korea,Korea,1998-12-29,0,Ruler
2020,Spring,LCK,LoL Champions Korea,韩国,一级联赛,LCK 2020 Spring,2020-02-05,Gen.G,,Support,Kellin,김형규,Kim Hyeong-gyu,South Korea,Korea,2001-02-01,0,Kellin
2020,Spring,LCK,LoL Champions Korea,韩国,一级联赛,LCK 2020 Spring,2020-02-05,Gen.G,,Support,Life,김정민,Kim Jeong-min,South Korea,Korea,2000-07-07,0,Life
2020,Spring,LCK,LoL Champions Korea,韩国,一级联赛,LCK 2020 Spring,2020-02-05,Gen.G,,Coach,Edgar,최우범,Choi Woo-beom,South Korea,Korea,1984-01-03,0,Edgar
2020,Spring,LCK,LoL Champions Korea,韩国,一级联赛,LCK 2020 Spring,2020-02-05,Gen.G,,Coach,TrAce,여창동,Yeo Chang-dong,South Korea,Korea,1989-11-02,1,TrAce
2020,Spring,LCK,LoL Champions Korea,韩国,一级联赛,LCK 2020 Spring,2020-02-05,Griffin (Korean Team),,Top,Sword (Choi Sung-won),,,,,,,Sword (Choi Sung-won)
2020,Spring,LCK,LoL Champions Korea,韩国,一级联赛,LCK 2020 Spring,2020-02-05,Griffin (Korean Team),,Top,HOYA,윤용호,Yoon Yong-ho,South Korea,Korea,2000-08-25,0,Hoya
2020,Spring,LCK,LoL Champions Korea,韩国,一级联赛,LCK 2020 Spring,2020-02-05,Griffin (Korean Team),,Top,Untara,박의진,Park Ui-jin,South Korea,Korea,1996-12-31,0,Untara
2020,Spring,LCK,LoL Champions Korea,韩国,一级联赛,LCK 2020 Spring,2020-02-05,Griffin (Korean Team),,Jungle,Tarzan,이승용,Lee Seung-yong,South Korea,Korea,1999-08-23,0,Tarzan (Lee Seung-yong)
2020,Spring,LCK,LoL Champions Korea,韩国,一级联赛,LCK 2020 Spring,2020-02-05,Griffin (Korean Team),,Mid,Ucal,손우현,Son Woo-hyeon,South Korea,Korea,2001-01-30,0,Ucal
2020,Spring,LCK,LoL Champions Korea,韩国,一级联赛,LCK 2020 Spring,2020-02-05,Griffin (Korean Team),,Mid,Naehyun,유내현,Yoo Nae-hyun,South Korea,Korea,1996-02-07,0,Naehyun
2020,Spring,LCK,LoL Champions Korea,韩国,一级联赛,LCK 2020 Spring,2020-02-05,Griffin (Korean Team),,Bot,Viper,박도현,Park Do-hyeon,South Korea,Korea,2000-10-19,0,Viper (Park Do-hyeon)
2020,Spring,LCK,LoL Champions Korea,韩国,一级联赛,LCK 2020 Spring,2020-02-05,Griffin (Korean Team),,Support,Irove,,,,,,,Irove
2020,Spring,LCK,LoL Champions Korea,韩国,一级联赛,LCK 2020 Spring,2020-02-05,Griffin (Korean Team),,Coach,H Dragon,한상용,Han Sang-yong,South Korea,Korea,1980-06-29,1,H Dragon
2020,Spring,LCK,LoL Champions Korea,韩国,一级联赛,LCK 2020 Spring,2020-02-05,Griffin (Korean Team),,Coach,GBM,이창석,Lee Chang-seok,South Korea,Korea,1994-06-23,0,GBM
2020,Spring,LCK,LoL Champions Korea,韩国,一级联赛,LCK 2020 Spring,2020-02-05,Hanwha Life Esports,,Top,CuVee,이성진,Lee Seong-jin,South Korea,Korea,1996-09-27,0,CuVee
2020,Spring,LCK,LoL Champions Korea,韩国,一级联赛,LCK 2020 Spring,2020-02-05,Hanwha Life Esports,,Jungle,Haru,강민승,Kang Min-seung,South Korea,Korea,1998-06-03,1,Haru
2020,Spring,LCK,LoL Champions Korea,韩国,一级联赛,LCK 2020 Spring,2020-02-05,Hanwha Life Esports,,Mid,Tempt,강명구,Kang Myung-gu,South Korea,Korea,1998-05-13,0,Tempt
2020,Spring,LCK,LoL Champions Korea,韩国,一级联赛,LCK 2020 Spring,2020-02-05,Hanwha Life Esports,,Bot,Vsta,오효성,Oh Hyo-seong,South Korea,Korea,2000-10-03,0,Vsta
2020,Spring,LCK,LoL Champions Korea,韩国,一级联赛,LCK 2020 Spring,2020-02-05,Hanwha Life Esports,,"Bot,Mid",Lava,김태훈,Kim Tae-hoon,South Korea,Korea,1999-07-14,0,Lava
2020,Spring,LCK,LoL Champions Korea,韩国,一级联赛,LCK 2020 Spring,2020-02-05,Hanwha Life Esports,,Bot,Zenit,전태권,Jeon Tae-gwon,South Korea,Korea,2000-05-08,1,Zenit
2020,Spring,LCK,LoL Champions Korea,韩国,一级联赛,LCK 2020 Spring,2020-02-05,Hanwha Life Esports,,Support,Lehends,손시우,Son Si-woo,South Korea,Korea,1998-12-24,0,Lehends
2020,Spring,LCK,LoL Champions Korea,韩国,一级联赛,LCK 2020 Spring,2020-02-05,Hanwha Life Esports,,Coach,Kezman,손대영,Son Dae-young,South Korea,Korea,1983-04-06,0,Kezman
2020,Spring,LCK,LoL Champions Korea,韩国,一级联赛,LCK 2020 Spring,2020-02-05,Hanwha Life Esports,,Coach,NoFe,정노철,Jeong No-chul,South Korea,Korea,1988-08-11,0,NoFe
2020,Spring,LCK,LoL Champions Korea,韩国,一级联赛,LCK 2020 Spring,2020-02-05,KT Rolster,,Top,SoHwan,김준영,Kim Jun-yeong,South Korea,Korea,1996-10-24,1,SoHwan
2020,Spring,LCK,LoL Champions Korea,韩国,一级联赛,LCK 2020 Spring,2020-02-05,KT Rolster,,Top,Ray,전지원,Jeon Ji-won,South Korea,Korea,1998-03-15,0,Ray
2020,Spring,LCK,LoL Champions Korea,韩国,一级联赛,LCK 2020 Spring,2020-02-05,KT Rolster,,Jungle,bonO (Kim Gi-beom),,,,,,,bonO (Kim Gi-beom)
2020,Spring,LCK,LoL Champions Korea,韩国,一级联赛,LCK 2020 Spring,2020-02-05,KT Rolster,,Jungle,Malrang,김근성,Kim Geun-seong,South Korea,Korea,2000-02-09,0,Malrang
2020,Spring,LCK,LoL Champions Korea,韩国,一级联赛,LCK 2020 Spring,2020-02-05,KT Rolster,,Mid,Kuro,이서행,Lee Seo-haeng,South Korea,Korea,1994-01-04,0,Kuro
2020,Spring,LCK,LoL Champions Korea,韩国,一级联赛,LCK 2020 Spring,2020-02-05,KT Rolster,,Bot,Aiming,김하람,Kim Ha-ram,South Korea,Korea,2000-07-20,0,Aiming
2020,Spring,LCK,LoL Champions Korea,韩国,一级联赛,LCK 2020 Spring,2020-02-05,KT Rolster,,Support,TusiN,박종익,Park Jong-ik,South Korea,Korea,1995-11-12,1,TusiN
2020,Spring,LCK,LoL Champions Korea,韩国,一级联赛,LCK 2020 Spring,2020-02-05,KT Rolster,,Coach,Hirai,강동훈,Kang Dong-hoon,South Korea,Korea,1982-03-26,0,Hirai
2020,Spring,LCK,LoL Champions Korea,韩国,一级联赛,LCK 2020 Spring,2020-02-05,KT Rolster,,Coach,Cheonju,,,,,,,Cheonju
2020,Spring,LCK,LoL Champions Korea,韩国,一级联赛,LCK 2020 Spring,2020-02-05,SANDBOX Gaming,,Top,Summit,박우태,Park Woo-tae,South Korea,Korea,1998-12-08,0,Summit
2020,Spring,LCK,LoL Champions Korea,韩国,一级联赛,LCK 2020 Spring,2020-02-05,SANDBOX Gaming,,Top,Lonely,한규준,Han Gyu-joon,South Korea,Korea,2000-08-29,0,Lonely (Han Gyu-joon)
2020,Spring,LCK,LoL Champions Korea,韩国,一级联赛,LCK 2020 Spring,2020-02-05,SANDBOX Gaming,,Jungle,OnFleek,김장겸,Kim Jang-gyeom,South Korea,Korea,1997-12-20,0,OnFleek
2020,Spring,LCK,LoL Champions Korea,韩国,一级联赛,LCK 2020 Spring,2020-02-05,SANDBOX Gaming,,Jungle,Punch,손민혁,Son Min-hyuk,South Korea,Korea,1998-06-06,0,Punch
2020,Spring,LCK,LoL Champions Korea,韩国,一级联赛,LCK 2020 Spring,2020-02-05,SANDBOX Gaming,,Mid,Dove,김재연,Kim Jae-yeon,South Korea,Korea,1998-07-25,0,Dove
2020,Spring,LCK,LoL Champions Korea,韩国,一级联赛,LCK 2020 Spring,2020-02-05,SANDBOX Gaming,,Mid,FATE,유수혁,Yoo Su-hyeok,South Korea,Korea,2000-08-22,0,FATE (Yoo Su-hyeok)
2020,Spring,LCK,LoL Champions Korea,韩国,一级联赛,LCK 2020 Spring,2020-02-05,SANDBOX Gaming,,Bot,Leo,한겨레,Han Gyeo-re,South Korea,Korea,2000-01-12,0,Leo (Han Gyeo-re)
2020,Spring,LCK,LoL Champions Korea,韩国,一级联赛,LCK 2020 Spring,2020-02-05,SANDBOX Gaming,,Bot,Route,문검수,Moon Geom-su,South Korea,Korea,1999-01-05,0,Route
2020,Spring,LCK,LoL Champions Korea,韩国,一级联赛,LCK 2020 Spring,2020-02-05,SANDBOX Gaming,,Support,GorillA,강범현,Kang Beom-hyun,South Korea,Korea,1994-11-18,0,GorillA
2020,Spring,LCK,LoL Champions Korea,韩国,一级联赛,LCK 2020 Spring,2020-02-05,SANDBOX Gaming,,Support,Joker,조재읍,Cho Jae-eup,South Korea,Korea,1991-12-11,0,Joker (Cho Jae-eup)
2020,Spring,LCK,LoL Champions Korea,韩国,一级联赛,LCK 2020 Spring,2020-02-05,SANDBOX Gaming,,Coach,Laden,강병호,Kang Byung-ho,South Korea,Korea,1992-06-05,0,Laden
2020,Spring,LCK,LoL Champions Korea,韩国,一级联赛,LCK 2020 Spring,2020-02-05,SANDBOX Gaming,,Coach,Morning,송창근,Song Chang-geun,South Korea,Korea,1994-08-08,1,Morning (Song Chang-geun)
2020,Spring,LCK,LoL Champions Korea,韩国,一级联赛,LCK 2020 Spring,2020-02-05,SANDBOX Gaming,,Coach,Coco,신진영,Shin Jin-yeong,South Korea,Korea,1994-03-14,0,Coco
2020,Spring,LCK,LoL Champions Korea,韩国,一级联赛,LCK 2020 Spring,2020-02-05,T1,,Top,Roach,김강희,Kim Kang-hee,South Korea,Korea,1999-01-31,0,Roach
2020,Spring,LCK,LoL Champions Korea,韩国,一级联赛,LCK 2020 Spring,2020-02-05,T1,,Top,Canna,김창동,Kim Chang-dong,South Korea,Korea,2000-02-11,0,Canna
2020,Spring,LCK,LoL Champions Korea,韩国,一级联赛,LCK 2020 Spring,2020-02-05,T1,,Jungle,Cuzz,문우찬,Moon Woo-chan,South Korea,Korea,1999-10-30,0,Cuzz
2020,Spring,LCK,LoL Champions Korea,韩国,一级联赛,LCK 2020 Spring,2020-02-05,T1,,Jungle,Ellim,최엘림,Choi El-lim,South Korea,Korea,2000-05-25,0,Ellim
2020,Spring,LCK,LoL Champions Korea,韩国,一级联赛,LCK 2020 Spring,2020-02-05,T1,,Mid,Faker,이상혁,Lee Sang-hyeok,South Korea,Korea,1996-05-07,0,Faker
2020,Spring,LCK,LoL Champions Korea,韩国,一级联赛,LCK 2020 Spring,2020-02-05,T1,,Bot,Teddy,박진성,Park Jin-seong,South Korea,Korea,1998-03-15,0,Teddy
2020,Spring,LCK,LoL Champions Korea,韩国,一级联赛,LCK 2020 Spring,2020-02-05,T1,,Support,Effort,이상호,Lee Sang-ho,South Korea,Korea,2000-11-23,0,Effort
2020,Spring,LCK,LoL Champions Korea,韩国,一级联赛,LCK 2020 Spring,2020-02-05,T1,,Coach,KIM,김정수,Kim Jeong-soo,South Korea,Korea,1988-06-17,0,Kim (Kim Jeong-soo)
2020,Spring,LCK,LoL Champions Korea,韩国,一级联赛,LCK 2020 Spring,2020-02-05,T1,,Coach,Comet,임혜성,Lim Hye-sung,South Korea,Korea,1991-08-04,0,Comet
2020,Summer,LCK,LoL Champions Korea,韩国,一级联赛,LCK 2020 Summer Playoffs,2020-08-26,Afreeca Freecs,,Top,Kiin,김기인,Kim Gi-in,South Korea,Korea,1999-05-28,0,Kiin
2020,Summer,LCK,LoL Champions Korea,韩国,一级联赛,LCK 2020 Summer Playoffs,2020-08-26,Afreeca Freecs,,Jungle,Dread,이진혁,Lee Jin-hyeok,South Korea,Korea,2000-06-07,1,Dread (Lee Jin-hyeok)
2020,Summer,LCK,LoL Champions Korea,韩国,一级联赛,LCK 2020 Summer Playoffs,2020-08-26,Afreeca Freecs,,Jungle,Spirit,이다윤,Lee Da-yoon,South Korea,Korea,1996-07-01,1,Spirit
2020,Summer,LCK,LoL Champions Korea,韩国,一级联赛,LCK 2020 Summer Playoffs,2020-08-26,Afreeca Freecs,,Mid,Fly,송용준,Song Yong-jun,South Korea,Korea,1996-02-25,1,Fly (Song Yong-jun)
2020,Summer,LCK,LoL Champions Korea,韩国,一级联赛,LCK 2020 Summer Playoffs,2020-08-26,Afreeca Freecs,,Bot,Mystic,진성준,Jin Seong-jun,South Korea,Korea,1995-01-08,0,Mystic
2020,Summer,LCK,LoL Champions Korea,韩国,一级联赛,LCK 2020 Summer Playoffs,2020-08-26,Afreeca Freecs,,Support,Ben,남동현,Nam Dong-hyun,South Korea,Korea,1995-04-24,0,Ben
2020,Summer,LCK,LoL Champions Korea,韩国,一级联赛,LCK 2020 Summer Playoffs,2020-08-26,Afreeca Freecs,,Coach,viNylCat,채우철,Chae Woo-cheol,South Korea,Korea,1985-07-30,1,viNylCat
2020,Summer,LCK,LoL Champions Korea,韩国,一级联赛,LCK 2020 Summer Playoffs,2020-08-26,Afreeca Freecs,,Coach,Rigby,한얼,Han Earl,South Korea,Korea,1995-12-15,0,Rigby
2020,Summer,LCK,LoL Champions Korea,韩国,一级联赛,LCK 2020 Summer Playoffs,2020-08-26,DAMWON Gaming,,Top,Nuguri,장하권,Jang Ha-gwon,South Korea,Korea,1999-07-17,1,Nuguri
2020,Summer,LCK,LoL Champions Korea,韩国,一级联赛,LCK 2020 Summer Playoffs,2020-08-26,DAMWON Gaming,,Jungle,Canyon,김건부,Kim Geon-bu,South Korea,Korea,2001-06-18,0,Canyon
2020,Summer,LCK,LoL Champions Korea,韩国,一级联赛,LCK 2020 Summer Playoffs,2020-08-26,DAMWON Gaming,,Mid,ShowMaker,허수,Heo Su,South Korea,Korea,2000-07-22,0,ShowMaker
2020,Summer,LCK,LoL Champions Korea,韩国,一级联赛,LCK 2020 Summer Playoffs,2020-08-26,DAMWON Gaming,,Bot,Ghost,장용준,Jang Yong-jun,South Korea,Korea,1999-03-18,0,Ghost (Jang Yong-jun)
2020,Summer,LCK,LoL Champions Korea,韩国,一级联赛,LCK 2020 Summer Playoffs,2020-08-26,DAMWON Gaming,,Support,BeryL,조건희,Cho Geon-hee,South Korea,Korea,1997-04-01,0,BeryL
2020,Summer,LCK,LoL Champions Korea,韩国,一级联赛,LCK 2020 Summer Playoffs,2020-08-26,DAMWON Gaming,,Coach,Zefa,이재민,Lee Jae-min,South Korea,Korea,1988-02-04,0,Zefa
2020,Summer,LCK,LoL Champions Korea,韩国,一级联赛,LCK 2020 Summer Playoffs,2020-08-26,DAMWON Gaming,,Coach,Daeny,양대인,Yang Dae-in,South Korea,Korea,1993-02-10,0,Daeny
2020,Summer,LCK,LoL Champions Korea,韩国,一级联赛,LCK 2020 Summer Playoffs,2020-08-26,DRX,,Top,Doran,최현준,Choi Hyeon-joon,South Korea,Korea,2000-07-22,0,Doran (Choi Hyeon-joon)
2020,Summer,LCK,LoL Champions Korea,韩国,一级联赛,LCK 2020 Summer Playoffs,2020-08-26,DRX,,Jungle,Pyosik,홍창현,Hong Chang-hyeon,South Korea,Korea,2000-03-12,0,Pyosik
2020,Summer,LCK,LoL Champions Korea,韩国,一级联赛,LCK 2020 Summer Playoffs,2020-08-26,DRX,,Mid,Chovy,정지훈,Jeong Ji-hoon,South Korea,Korea,2001-03-03,0,Chovy
2020,Summer,LCK,LoL Champions Korea,韩国,一级联赛,LCK 2020 Summer Playoffs,2020-08-26,DRX,,Bot,Deft,김혁규,Kim Hyuk-kyu,South Korea,Korea,1996-10-23,0,Deft
2020,Summer,LCK,LoL Champions Korea,韩国,一级联赛,LCK 2020 Summer Playoffs,2020-08-26,DRX,,Support,Keria,류민석,Ryu Min-seok,South Korea,Korea,2002-10-14,0,Keria
2020,Summer,LCK,LoL Champions Korea,韩国,一级联赛,LCK 2020 Summer Playoffs,2020-08-26,DRX,,Coach,cvMax,김대호,Kim Dae-ho,South Korea,Korea,1990-07-07,0,cvMax
2020,Summer,LCK,LoL Champions Korea,韩国,一级联赛,LCK 2020 Summer Playoffs,2020-08-26,DRX,,Coach,Museong,김무성,Kim Moo-seong,South Korea,Korea,1997-10-09,0,Museong
2020,Summer,LCK,LoL Champions Korea,韩国,一级联赛,LCK 2020 Summer Playoffs,2020-08-26,Gen.G,,Top,Rascal,김광희,Kim Kwang-hee,South Korea,Korea,1997-10-16,0,Rascal
2020,Summer,LCK,LoL Champions Korea,韩国,一级联赛,LCK 2020 Summer Playoffs,2020-08-26,Gen.G,,Jungle,Clid,김태민,Kim Tae-min,South Korea,Korea,1999-07-07,0,Clid
2020,Summer,LCK,LoL Champions Korea,韩国,一级联赛,LCK 2020 Summer Playoffs,2020-08-26,Gen.G,,Mid,Bdd,곽보성,Gwak Bo-seong,South Korea,Korea,1999-03-01,0,Bdd
2020,Summer,LCK,LoL Champions Korea,韩国,一级联赛,LCK 2020 Summer Playoffs,2020-08-26,Gen.G,,Bot,Ruler,박재혁,Park Jae-hyuk,South Korea,Korea,1998-12-29,0,Ruler
2020,Summer,LCK,LoL Champions Korea,韩国,一级联赛,LCK 2020 Summer Playoffs,2020-08-26,Gen.G,,Support,Life,김정민,Kim Jeong-min,South Korea,Korea,2000-07-07,0,Life
2020,Summer,LCK,LoL Champions Korea,韩国,一级联赛,LCK 2020 Summer Playoffs,2020-08-26,Gen.G,,Coach,oDin,주영달,Ju Yeong-dal,South Korea,Korea,1987-07-15,0,oDin (Ju Yeong-dal)
2020,Summer,LCK,LoL Champions Korea,韩国,一级联赛,LCK 2020 Summer Playoffs,2020-08-26,Gen.G,,Coach,Tom,임재현,Im Jae-hyeon,South Korea,Korea,1995-05-22,0,Tom (Im Jae-hyeon)
2020,Summer,LCK,LoL Champions Korea,韩国,一级联赛,LCK 2020 Summer Playoffs,2020-08-26,T1,,Top,Canna,김창동,Kim Chang-dong,South Korea,Korea,2000-02-11,0,Canna
2020,Summer,LCK,LoL Champions Korea,韩国,一级联赛,LCK 2020 Summer Playoffs,2020-08-26,T1,,Jungle,Cuzz,문우찬,Moon Woo-chan,South Korea,Korea,1999-10-30,0,Cuzz
2020,Summer,LCK,LoL Champions Korea,韩国,一级联赛,LCK 2020 Summer Playoffs,2020-08-26,T1,,Mid,Clozer,이주현,Lee Ju-hyeon,South Korea,Korea,2003-07-27,0,Clozer
2020,Summer,LCK,LoL Champions Korea,韩国,一级联赛,LCK 2020 Summer Playoffs,2020-08-26,T1,,Mid,Faker,이상혁,Lee Sang-hyeok,South Korea,Korea,1996-05-07,0,Faker
2020,Summer,LCK,LoL Champions Korea,韩国,一级联赛,LCK 2020 Summer Playoffs,2020-08-26,T1,,Bot,Teddy,박진성,Park Jin-seong,South Korea,Korea,1998-03-15,0,Teddy
2020,Summer,LCK,LoL Champions Korea,韩国,一级联赛,LCK 2020 Summer Playoffs,2020-08-26,T1,,Support,Effort,이상호,Lee Sang-ho,South Korea,Korea,2000-11-23,0,Effort
2020,Summer,LCK,LoL Champions Korea,韩国,一级联赛,LCK 2020 Summer Playoffs,2020-08-26,T1,,Coach,KIM,김정수,Kim Jeong-soo,South Korea,Korea,1988-06-17,0,Kim (Kim Jeong-soo)
2020,Summer,LCK,LoL Champions Korea,韩国,一级联赛,LCK 2020 Summer Playoffs,2020-08-26,T1,,Coach,Comet,임혜성,Lim Hye-sung,South Korea,Korea,1991-08-04,0,Comet
2020,Summer,LCK,LoL Champions Korea,韩国,一级联赛,LCK 2020 Summer Promotion,2020-04-28,Griffin (Korean Team),,Top,Sword (Choi Sung-won),,,,,,,Sword (Choi Sung-won)
2020,Summer,LCK,LoL Champions Korea,韩国,一级联赛,LCK 2020 Summer Promotion,2020-04-28,Griffin (Korean Team),,Top,Untara,박의진,Park Ui-jin,South Korea,Korea,1996-12-31,0,Untara
2020,Summer,LCK,LoL Champions Korea,韩国,一级联赛,LCK 2020 Summer Promotion,2020-04-28,Griffin (Korean Team),,Jungle,Tarzan,이승용,Lee Seung-yong,South Korea,Korea,1999-08-23,0,Tarzan (Lee Seung-yong)
2020,Summer,LCK,LoL Champions Korea,韩国,一级联赛,LCK 2020 Summer Promotion,2020-04-28,Griffin (Korean Team),,Mid,Ucal,손우현,Son Woo-hyeon,South Korea,Korea,2001-01-30,0,Ucal
2020,Summer,LCK,LoL Champions Korea,韩国,一级联赛,LCK 2020 Summer Promotion,2020-04-28,Griffin (Korean Team),,Bot,Viper,박도현,Park Do-hyeon,South Korea,Korea,2000-10-19,0,Viper (Park Do-hyeon)
2020,Summer,LCK,LoL Champions Korea,韩国,一级联赛,LCK 2020 Summer Promotion,2020-04-28,Griffin (Korean Team),,Support,Wadid,김배인,Kim Bae-in,South Korea,Korea,1997-05-25,0,WADID
2020,Summer,LCK,LoL Champions Korea,韩国,一级联赛,LCK 2020 Summer Promotion,2020-04-28,Griffin (Korean Team),,Support,Irove,,,,,,,Irove
2020,Summer,LCK,LoL Champions Korea,韩国,一级联赛,LCK 2020 Summer Promotion,2020-04-28,Griffin (Korean Team),,Coach,GBM,이창석,Lee Chang-seok,South Korea,Korea,1994-06-23,0,GBM
2020,Summer,LCK,LoL Champions Korea,韩国,一级联赛,LCK 2020 Summer Promotion,2020-04-28,Griffin (Korean Team),,Coach,Rather,신형섭,Shin Hyeong-seop,South Korea,Korea,1996-11-26,0,Rather
2020,Summer,LCK,LoL Champions Korea,韩国,一级联赛,LCK 2020 Summer Promotion,2020-04-28,SANDBOX Gaming,,Top,Summit,박우태,Park Woo-tae,South Korea,Korea,1998-12-08,0,Summit
2020,Summer,LCK,LoL Champions Korea,韩国,一级联赛,LCK 2020 Summer Promotion,2020-04-28,SANDBOX Gaming,,Jungle,OnFleek,김장겸,Kim Jang-gyeom,South Korea,Korea,1997-12-20,0,OnFleek
2020,Summer,LCK,LoL Champions Korea,韩国,一级联赛,LCK 2020 Summer Promotion,2020-04-28,SANDBOX Gaming,,Mid,FATE,유수혁,Yoo Su-hyeok,South Korea,Korea,2000-08-22,0,FATE (Yoo Su-hyeok)
2020,Summer,LCK,LoL Champions Korea,韩国,一级联赛,LCK 2020 Summer Promotion,2020-04-28,SANDBOX Gaming,,Bot,Route,문검수,Moon Geom-su,South Korea,Korea,1999-01-05,0,Route
2020,Summer,LCK,LoL Champions Korea,韩国,一级联赛,LCK 2020 Summer Promotion,2020-04-28,SANDBOX Gaming,,Support,GorillA,강범현,Kang Beom-hyun,South Korea,Korea,1994-11-18,0,GorillA
2020,Summer,LCK,LoL Champions Korea,韩国,一级联赛,LCK 2020 Summer Promotion,2020-04-28,SANDBOX Gaming,,Coach,Joker,조재읍,Cho Jae-eup,South Korea,Korea,1991-12-11,0,Joker (Cho Jae-eup)
2020,Summer,LCK,LoL Champions Korea,韩国,一级联赛,LCK 2020 Summer Promotion,2020-04-28,SANDBOX Gaming,,Coach,DooTi,최두성,Choi Du-seong,South Korea,Korea,1991-11-03,0,DooTi
2020,Summer,LCK,LoL Champions Korea,韩国,一级联赛,LCK 2020 Summer Promotion,2020-04-28,Seorabeol Gaming,,Top,Thal,박권혁,Park Kwon-hyuk,South Korea,Korea,1998-11-13,1,Thal
2020,Summer,LCK,LoL Champions Korea,韩国,一级联赛,LCK 2020 Summer Promotion,2020-04-28,Seorabeol Gaming,,Jungle,KaKAO,이병권,Lee Byung-kwon,South Korea,Korea,1995-12-07,0,KaKAO
2020,Summer,LCK,LoL Champions Korea,韩国,一级联赛,LCK 2020 Summer Promotion,2020-04-28,Seorabeol Gaming,,Mid,DanChung,양현종,Yang Hyeon-jong,South Korea,Korea,1996-01-25,1,DanChung
2020,Summer,LCK,LoL Champions Korea,韩国,一级联赛,LCK 2020 Summer Promotion,2020-04-28,Seorabeol Gaming,,Bot,Sangyoon,권상윤,Gwon Sang-yun,South Korea,Korea,1995-12-20,1,Sangyoon
2020,Summer,LCK,LoL Champions Korea,韩国,一级联赛,LCK 2020 Summer Promotion,2020-04-28,Seorabeol Gaming,,Support,Nova,박찬호,Park Chan-ho,South Korea,Korea,1997-11-27,0,Nova (Park Chan-ho)
2020,Summer,LCK,LoL Champions Korea,韩国,一级联赛,LCK 2020 Summer Promotion,2020-04-28,Seorabeol Gaming,,Coach,Kage,서진웅,Seo Jin-woong,South Korea,Korea,1984-02-14,1,Kage (Seo Jin-woong)
2020,Summer,LCK,LoL Champions Korea,韩国,一级联赛,LCK 2020 Summer Promotion,2020-04-28,Seorabeol Gaming,,Coach,Gizmo,김영진,Kim Young-jin,South Korea,Korea,1993-06-10,0,GiZMO
2020,Summer,LCK,LoL Champions Korea,韩国,一级联赛,LCK 2020 Summer Promotion,2020-04-28,Team Dynamics,,Top,Rich,이재원,Lee Jae-won,South Korea,Korea,1998-02-16,0,Rich (Lee Jae-won)
2020,Summer,LCK,LoL Champions Korea,韩国,一级联赛,LCK 2020 Summer Promotion,2020-04-28,Team Dynamics,,Jungle,Beyond,김규석,Kim Kyu-seok,South Korea,Korea,1997-08-18,1,Beyond (Kim Kyu-seok)
2020,Summer,LCK,LoL Champions Korea,韩国,一级联赛,LCK 2020 Summer Promotion,2020-04-28,Team Dynamics,,Mid,Kuzan,이성혁,Lee Seong-hyeok,South Korea,Korea,1997-01-07,1,Kuzan
2020,Summer,LCK,LoL Champions Korea,韩国,一级联赛,LCK 2020 Summer Promotion,2020-04-28,Team Dynamics,,Bot,Feiz (Seo Dae-gil),,,,,,,Feiz (Seo Dae-gil)
2020,Summer,LCK,LoL Champions Korea,韩国,一级联赛,LCK 2020 Summer Promotion,2020-04-28,Team Dynamics,,Support,GuGer,김도엽,Kim Do-yeop,South Korea,Korea,1994-02-07,0,GuGer
2020,Summer,LCK,LoL Champions Korea,韩国,一级联赛,LCK 2020 Summer Promotion,2020-04-28,Team Dynamics,,Coach,sBs,배지훈,Bae Ji-hoon,South Korea,Korea,1992-07-02,0,sBs
2020,Summer,LCK,LoL Champions Korea,韩国,一级联赛,LCK 2020 Summer,2020-06-17,Afreeca Freecs,,Top,Kiin,김기인,Kim Gi-in,South Korea,Korea,1999-05-28,0,Kiin
2020,Summer,LCK,LoL Champions Korea,韩国,一级联赛,LCK 2020 Summer,2020-06-17,Afreeca Freecs,,Jungle,Spirit,이다윤,Lee Da-yoon,South Korea,Korea,1996-07-01,1,Spirit
2020,Summer,LCK,LoL Champions Korea,韩国,一级联赛,LCK 2020 Summer,2020-06-17,Afreeca Freecs,,Jungle,Dread,이진혁,Lee Jin-hyeok,South Korea,Korea,2000-06-07,1,Dread (Lee Jin-hyeok)
2020,Summer,LCK,LoL Champions Korea,韩国,一级联赛,LCK 2020 Summer,2020-06-17,Afreeca Freecs,,Mid,Fly,송용준,Song Yong-jun,South Korea,Korea,1996-02-25,1,Fly (Song Yong-jun)
2020,Summer,LCK,LoL Champions Korea,韩国,一级联赛,LCK 2020 Summer,2020-06-17,Afreeca Freecs,,Bot,Mystic,진성준,Jin Seong-jun,South Korea,Korea,1995-01-08,0,Mystic
2020,Summer,LCK,LoL Champions Korea,韩国,一级联赛,LCK 2020 Summer,2020-06-17,Afreeca Freecs,,Support,Ben,남동현,Nam Dong-hyun,South Korea,Korea,1995-04-24,0,Ben
2020,Summer,LCK,LoL Champions Korea,韩国,一级联赛,LCK 2020 Summer,2020-06-17,Afreeca Freecs,,Support,Jelly,손호경,Son Ho-gyeong,South Korea,Korea,1997-10-18,0,Jelly (Son Ho-gyeong)
2020,Summer,LCK,LoL Champions Korea,韩国,一级联赛,LCK 2020 Summer,2020-06-17,Afreeca Freecs,,Coach,viNylCat,채우철,Chae Woo-cheol,South Korea,Korea,1985-07-30,1,viNylCat
2020,Summer,LCK,LoL Champions Korea,韩国,一级联赛,LCK 2020 Summer,2020-06-17,Afreeca Freecs,,Coach,Rigby,한얼,Han Earl,South Korea,Korea,1995-12-15,0,Rigby
2020,Summer,LCK,LoL Champions Korea,韩国,一级联赛,LCK 2020 Summer,2020-06-17,DAMWON Gaming,,Top,Nuguri,장하권,Jang Ha-gwon,South Korea,Korea,1999-07-17,1,Nuguri
2020,Summer,LCK,LoL Champions Korea,韩国,一级联赛,LCK 2020 Summer,2020-06-17,DAMWON Gaming,,Jungle,Canyon,김건부,Kim Geon-bu,South Korea,Korea,2001-06-18,0,Canyon
2020,Summer,LCK,LoL Champions Korea,韩国,一级联赛,LCK 2020 Summer,2020-06-17,DAMWON Gaming,,Mid,ShowMaker,허수,Heo Su,South Korea,Korea,2000-07-22,0,ShowMaker
2020,Summer,LCK,LoL Champions Korea,韩国,一级联赛,LCK 2020 Summer,2020-06-17,DAMWON Gaming,,Bot,Ghost,장용준,Jang Yong-jun,South Korea,Korea,1999-03-18,0,Ghost (Jang Yong-jun)
2020,Summer,LCK,LoL Champions Korea,韩国,一级联赛,LCK 2020 Summer,2020-06-17,DAMWON Gaming,,Support,BeryL,조건희,Cho Geon-hee,South Korea,Korea,1997-04-01,0,BeryL
2020,Summer,LCK,LoL Champions Korea,韩国,一级联赛,LCK 2020 Summer,2020-06-17,DAMWON Gaming,,Coach,Zefa,이재민,Lee Jae-min,South Korea,Korea,1988-02-04,0,Zefa
2020,Summer,LCK,LoL Champions Korea,韩国,一级联赛,LCK 2020 Summer,2020-06-17,DAMWON Gaming,,Coach,Daeny,양대인,Yang Dae-in,South Korea,Korea,1993-02-10,0,Daeny
2020,Summer,LCK,LoL Champions Korea,韩国,一级联赛,LCK 2020 Summer,2020-06-17,DRX,,Top,Doran,최현준,Choi Hyeon-joon,South Korea,Korea,2000-07-22,0,Doran (Choi Hyeon-joon)
2020,Summer,LCK,LoL Champions Korea,韩国,一级联赛,LCK 2020 Summer,2020-06-17,DRX,,Jungle,Pyosik,홍창현,Hong Chang-hyeon,South Korea,Korea,2000-03-12,0,Pyosik
2020,Summer,LCK,LoL Champions Korea,韩国,一级联赛,LCK 2020 Summer,2020-06-17,DRX,,Mid,Chovy,정지훈,Jeong Ji-hoon,South Korea,Korea,2001-03-03,0,Chovy
2020,Summer,LCK,LoL Champions Korea,韩国,一级联赛,LCK 2020 Summer,2020-06-17,DRX,,Bot,Deft,김혁규,Kim Hyuk-kyu,South Korea,Korea,1996-10-23,0,Deft
2020,Summer,LCK,LoL Champions Korea,韩国,一级联赛,LCK 2020 Summer,2020-06-17,DRX,,Support,Keria,류민석,Ryu Min-seok,South Korea,Korea,2002-10-14,0,Keria
2020,Summer,LCK,LoL Champions Korea,韩国,一级联赛,LCK 2020 Summer,2020-06-17,DRX,,Coach,cvMax,김대호,Kim Dae-ho,South Korea,Korea,1990-07-07,0,cvMax
2020,Summer,LCK,LoL Champions Korea,韩国,一级联赛,LCK 2020 Summer,2020-06-17,DRX,,Coach,Museong,김무성,Kim Moo-seong,South Korea,Korea,1997-10-09,0,Museong
2020,Summer,LCK,LoL Champions Korea,韩国,一级联赛,LCK 2020 Summer,2020-06-17,Gen.G,,Top,Rascal,김광희,Kim Kwang-hee,South Korea,Korea,1997-10-16,0,Rascal
2020,Summer,LCK,LoL Champions Korea,韩国,一级联赛,LCK 2020 Summer,2020-06-17,Gen.G,,Jungle,Clid,김태민,Kim Tae-min,South Korea,Korea,1999-07-07,0,Clid
2020,Summer,LCK,LoL Champions Korea,韩国,一级联赛,LCK 2020 Summer,2020-06-17,Gen.G,,Mid,Bdd,곽보성,Gwak Bo-seong,South Korea,Korea,1999-03-01,0,Bdd
2020,Summer,LCK,LoL Champions Korea,韩国,一级联赛,LCK 2020 Summer,2020-06-17,Gen.G,,Bot,Ruler,박재혁,Park Jae-hyuk,South Korea,Korea,1998-12-29,0,Ruler
2020,Summer,LCK,LoL Champions Korea,韩国,一级联赛,LCK 2020 Summer,2020-06-17,Gen.G,,Support,Life,김정민,Kim Jeong-min,South Korea,Korea,2000-07-07,0,Life
2020,Summer,LCK,LoL Champions Korea,韩国,一级联赛,LCK 2020 Summer,2020-06-17,Gen.G,,Support,Kellin,김형규,Kim Hyeong-gyu,South Korea,Korea,2001-02-01,0,Kellin
2020,Summer,LCK,LoL Champions Korea,韩国,一级联赛,LCK 2020 Summer,2020-06-17,Gen.G,,Coach,oDin,주영달,Ju Yeong-dal,South Korea,Korea,1987-07-15,0,oDin (Ju Yeong-dal)
2020,Summer,LCK,LoL Champions Korea,韩国,一级联赛,LCK 2020 Summer,2020-06-17,Gen.G,,Coach,Tom,임재현,Im Jae-hyeon,South Korea,Korea,1995-05-22,0,Tom (Im Jae-hyeon)
2020,Summer,LCK,LoL Champions Korea,韩国,一级联赛,LCK 2020 Summer,2020-06-17,Hanwha Life Esports,,Top,CuVee,이성진,Lee Seong-jin,South Korea,Korea,1996-09-27,0,CuVee
2020,Summer,LCK,LoL Champions Korea,韩国,一级联赛,LCK 2020 Summer,2020-06-17,Hanwha Life Esports,,Top,DuDu,이동주,Lee Dong-ju,South Korea,Korea,2001-03-08,0,DuDu (Lee Dong-ju)
2020,Summer,LCK,LoL Champions Korea,韩国,一级联赛,LCK 2020 Summer,2020-06-17,Hanwha Life Esports,,Jungle,Haru,강민승,Kang Min-seung,South Korea,Korea,1998-06-03,1,Haru
2020,Summer,LCK,LoL Champions Korea,韩国,一级联赛,LCK 2020 Summer,2020-06-17,Hanwha Life Esports,,Jungle,CaD,조성용,Cho Seong-yong,South Korea,Korea,2002-02-20,1,CaD
2020,Summer,LCK,LoL Champions Korea,韩国,一级联赛,LCK 2020 Summer,2020-06-17,Hanwha Life Esports,,Jungle,Yeongjae (Ko Yeong-jae),,,,,,,Yeongjae (Ko Yeong-jae)
2020,Summer,LCK,LoL Champions Korea,韩国,一级联赛,LCK 2020 Summer,2020-06-17,Hanwha Life Esports,,Mid,Lava,김태훈,Kim Tae-hoon,South Korea,Korea,1999-07-14,0,Lava
2020,Summer,LCK,LoL Champions Korea,韩国,一级联赛,LCK 2020 Summer,2020-06-17,Hanwha Life Esports,,Mid,Mireu,정조빈,Jeong Jo-bin,South Korea,Korea,2001-09-20,0,Mireu
2020,Summer,LCK,LoL Champions Korea,韩国,一级联赛,LCK 2020 Summer,2020-06-17,Hanwha Life Esports,,Bot,Viper,박도현,Park Do-hyeon,South Korea,Korea,2000-10-19,0,Viper (Park Do-hyeon)
2020,Summer,LCK,LoL Champions Korea,韩国,一级联赛,LCK 2020 Summer,2020-06-17,Hanwha Life Esports,,Support,Lehends,손시우,Son Si-woo,South Korea,Korea,1998-12-24,0,Lehends
2020,Summer,LCK,LoL Champions Korea,韩国,一级联赛,LCK 2020 Summer,2020-06-17,Hanwha Life Esports,,Coach,Kezman,손대영,Son Dae-young,South Korea,Korea,1983-04-06,0,Kezman
2020,Summer,LCK,LoL Champions Korea,韩国,一级联赛,LCK 2020 Summer,2020-06-17,Hanwha Life Esports,,Coach,NoFe,정노철,Jeong No-chul,South Korea,Korea,1988-08-11,0,NoFe
2020,Summer,LCK,LoL Champions Korea,韩国,一级联赛,LCK 2020 Summer,2020-06-17,Hanwha Life Esports,,Coach,Max,정종빈,Jeong Jong-bin,South Korea,Korea,1996-05-30,0,Max (Jeong Jong-bin)
2020,Summer,LCK,LoL Champions Korea,韩国,一级联赛,LCK 2020 Summer,2020-06-17,KT Rolster,,Top,SoHwan,김준영,Kim Jun-yeong,South Korea,Korea,1996-10-24,1,SoHwan
2020,Summer,LCK,LoL Champions Korea,韩国,一级联赛,LCK 2020 Summer,2020-06-17,KT Rolster,,"Top,Support",Smeb,송경호,Song Kyung-ho,South Korea,Korea,1995-06-30,0,Smeb
2020,Summer,LCK,LoL Champions Korea,韩国,一级联赛,LCK 2020 Summer,2020-06-17,KT Rolster,,Jungle,bonO (Kim Gi-beom),,,,,,,bonO (Kim Gi-beom)
2020,Summer,LCK,LoL Champions Korea,韩国,一级联赛,LCK 2020 Summer,2020-06-17,KT Rolster,,Jungle,Malrang,김근성,Kim Geun-seong,South Korea,Korea,2000-02-09,0,Malrang
2020,Summer,LCK,LoL Champions Korea,韩国,一级联赛,LCK 2020 Summer,2020-06-17,KT Rolster,,Mid,Ucal,손우현,Son Woo-hyeon,South Korea,Korea,2001-01-30,0,Ucal
2020,Summer,LCK,LoL Champions Korea,韩国,一级联赛,LCK 2020 Summer,2020-06-17,KT Rolster,,Mid,Kuro,이서행,Lee Seo-haeng,South Korea,Korea,1994-01-04,0,Kuro
2020,Summer,LCK,LoL Champions Korea,韩国,一级联赛,LCK 2020 Summer,2020-06-17,KT Rolster,,Bot,Aiming,김하람,Kim Ha-ram,South Korea,Korea,2000-07-20,0,Aiming
2020,Summer,LCK,LoL Champions Korea,韩国,一级联赛,LCK 2020 Summer,2020-06-17,KT Rolster,,Support,TusiN,박종익,Park Jong-ik,South Korea,Korea,1995-11-12,1,TusiN
2020,Summer,LCK,LoL Champions Korea,韩国,一级联赛,LCK 2020 Summer,2020-06-17,KT Rolster,,Coach,Hirai,강동훈,Kang Dong-hoon,South Korea,Korea,1982-03-26,0,Hirai
2020,Summer,LCK,LoL Champions Korea,韩国,一级联赛,LCK 2020 Summer,2020-06-17,KT Rolster,,Coach,Acorn,최천주,Choi Cheon-ju,South Korea,Korea,1990-07-13,0,Acorn
2020,Summer,LCK,LoL Champions Korea,韩国,一级联赛,LCK 2020 Summer,2020-06-17,SANDBOX Gaming,,Top,Summit,박우태,Park Woo-tae,South Korea,Korea,1998-12-08,0,Summit
2020,Summer,LCK,LoL Champions Korea,韩国,一级联赛,LCK 2020 Summer,2020-06-17,SANDBOX Gaming,,Jungle,OnFleek,김장겸,Kim Jang-gyeom,South Korea,Korea,1997-12-20,0,OnFleek
2020,Summer,LCK,LoL Champions Korea,韩国,一级联赛,LCK 2020 Summer,2020-06-17,SANDBOX Gaming,,Mid,Dove,김재연,Kim Jae-yeon,South Korea,Korea,1998-07-25,0,Dove
2020,Summer,LCK,LoL Champions Korea,韩国,一级联赛,LCK 2020 Summer,2020-06-17,SANDBOX Gaming,,Mid,FATE,유수혁,Yoo Su-hyeok,South Korea,Korea,2000-08-22,0,FATE (Yoo Su-hyeok)
2020,Summer,LCK,LoL Champions Korea,韩国,一级联赛,LCK 2020 Summer,2020-06-17,SANDBOX Gaming,,Bot,Route,문검수,Moon Geom-su,South Korea,Korea,1999-01-05,0,Route
2020,Summer,LCK,LoL Champions Korea,韩国,一级联赛,LCK 2020 Summer,2020-06-17,SANDBOX Gaming,,Support,GorillA,강범현,Kang Beom-hyun,South Korea,Korea,1994-11-18,0,GorillA
2020,Summer,LCK,LoL Champions Korea,韩国,一级联赛,LCK 2020 Summer,2020-06-17,SANDBOX Gaming,,Support,Kabbie,,,,,,,Kabbie
2020,Summer,LCK,LoL Champions Korea,韩国,一级联赛,LCK 2020 Summer,2020-06-17,SANDBOX Gaming,,Coach,Joker,조재읍,Cho Jae-eup,South Korea,Korea,1991-12-11,0,Joker (Cho Jae-eup)
2020,Summer,LCK,LoL Champions Korea,韩国,一级联赛,LCK 2020 Summer,2020-06-17,SANDBOX Gaming,,Coach,YamatoCannon,,Jakob Mebdi,Sweden,EMEA,1995-12-30,0,YamatoCannon
2020,Summer,LCK,LoL Champions Korea,韩国,一级联赛,LCK 2020 Summer,2020-06-17,SeolHaeOne Prince,,Top,ikssu,전익수,Jeon Ik-soo,South Korea,Korea,1996-10-22,1,ikssu
2020,Summer,LCK,LoL Champions Korea,韩国,一级联赛,LCK 2020 Summer,2020-06-17,SeolHaeOne Prince,,Jungle,Flawless,성연준,Sung Yeon-jun,South Korea,Korea,1998-07-26,1,Flawless
2020,Summer,LCK,LoL Champions Korea,韩国,一级联赛,LCK 2020 Summer,2020-06-17,SeolHaeOne Prince,,Jungle,Kuma,박현규,Park Hyeon-gyu,South Korea,Korea,2000-11-14,1,Kuma (Park Hyeon-gyu)
2020,Summer,LCK,LoL Champions Korea,韩国,一级联赛,LCK 2020 Summer,2020-06-17,SeolHaeOne Prince,,Mid,Mickey,손영민,Son Young-min,South Korea,Korea,1997-07-15,1,Mickey (Son Young-min)
2020,Summer,LCK,LoL Champions Korea,韩国,一级联赛,LCK 2020 Summer,2020-06-17,SeolHaeOne Prince,,Mid,Keine,김준철,Kim Joon-cheol,South Korea,Korea,1999-11-08,0,Keine
2020,Summer,LCK,LoL Champions Korea,韩国,一级联赛,LCK 2020 Summer,2020-06-17,SeolHaeOne Prince,,Bot,HyBriD,이우진,Lee Woo-jin,South Korea,Korea,1999-11-27,1,HyBriD (Lee Woo-jin)
2020,Summer,LCK,LoL Champions Korea,韩国,一级联赛,LCK 2020 Summer,2020-06-17,SeolHaeOne Prince,,Bot,Trigger,김의주,Kim Eui-joo,South Korea,Korea,2000-10-10,0,Trigger (Kim Eui-joo)
2020,Summer,LCK,LoL Champions Korea,韩国,一级联赛,LCK 2020 Summer,2020-06-17,SeolHaeOne Prince,,Support,Secret,박기선,Park Ki-sun,South Korea,Korea,1997-05-27,1,Secret (Park Ki-sun)
2020,Summer,LCK,LoL Champions Korea,韩国,一级联赛,LCK 2020 Summer,2020-06-17,SeolHaeOne Prince,,Support,Mia,최상인,Choi Sang-in,South Korea,Korea,1998-11-03,1,Mia
2020,Summer,LCK,LoL Champions Korea,韩国,一级联赛,LCK 2020 Summer,2020-06-17,SeolHaeOne Prince,,Coach,Sickness,김산하,Kim San-ha,South Korea,Korea,1993-09-14,0,Sickness
2020,Summer,LCK,LoL Champions Korea,韩国,一级联赛,LCK 2020 Summer,2020-06-17,SeolHaeOne Prince,,Coach,Winged,박태진,Park Tae-jin,South Korea,Korea,1992-08-20,0,Winged
2020,Summer,LCK,LoL Champions Korea,韩国,一级联赛,LCK 2020 Summer,2020-06-17,SeolHaeOne Prince,,Coach,CooN,박재하,Park Jae-ha,South Korea,Korea,1995-06-01,1,CooN
2020,Summer,LCK,LoL Champions Korea,韩国,一级联赛,LCK 2020 Summer,2020-06-17,T1,,Top,Canna,김창동,Kim Chang-dong,South Korea,Korea,2000-02-11,0,Canna
2020,Summer,LCK,LoL Champions Korea,韩国,一级联赛,LCK 2020 Summer,2020-06-17,T1,,Jungle,Cuzz,문우찬,Moon Woo-chan,South Korea,Korea,1999-10-30,0,Cuzz
2020,Summer,LCK,LoL Champions Korea,韩国,一级联赛,LCK 2020 Summer,2020-06-17,T1,,Jungle,Ellim,최엘림,Choi El-lim,South Korea,Korea,2000-05-25,0,Ellim
2020,Summer,LCK,LoL Champions Korea,韩国,一级联赛,LCK 2020 Summer,2020-06-17,T1,,Mid,Faker,이상혁,Lee Sang-hyeok,South Korea,Korea,1996-05-07,0,Faker
2020,Summer,LCK,LoL Champions Korea,韩国,一级联赛,LCK 2020 Summer,2020-06-17,T1,,Mid,Clozer,이주현,Lee Ju-hyeon,South Korea,Korea,2003-07-27,0,Clozer
2020,Summer,LCK,LoL Champions Korea,韩国,一级联赛,LCK 2020 Summer,2020-06-17,T1,,Bot,Teddy,박진성,Park Jin-seong,South Korea,Korea,1998-03-15,0,Teddy
2020,Summer,LCK,LoL Champions Korea,韩国,一级联赛,LCK 2020 Summer,2020-06-17,T1,,Support,Effort,이상호,Lee Sang-ho,South Korea,Korea,2000-11-23,0,Effort
2020,Summer,LCK,LoL Champions Korea,韩国,一级联赛,LCK 2020 Summer,2020-06-17,T1,,Support,Kuri,최원영,Choi Won-yeong,South Korea,Brazil,2000-08-08,1,Kuri
2020,Summer,LCK,LoL Champions Korea,韩国,一级联赛,LCK 2020 Summer,2020-06-17,T1,,Coach,KIM,김정수,Kim Jeong-soo,South Korea,Korea,1988-06-17,0,Kim (Kim Jeong-soo)
2020,Summer,LCK,LoL Champions Korea,韩国,一级联赛,LCK 2020 Summer,2020-06-17,T1,,Coach,Comet,임혜성,Lim Hye-sung,South Korea,Korea,1991-08-04,0,Comet
2020,Summer,LCK,LoL Champions Korea,韩国,一级联赛,LCK 2020 Summer,2020-06-17,Team Dynamics,,Top,Rich,이재원,Lee Jae-won,South Korea,Korea,1998-02-16,0,Rich (Lee Jae-won)
2020,Summer,LCK,LoL Champions Korea,韩国,一级联赛,LCK 2020 Summer,2020-06-17,Team Dynamics,,Jungle,Beyond,김규석,Kim Kyu-seok,South Korea,Korea,1997-08-18,1,Beyond (Kim Kyu-seok)
2020,Summer,LCK,LoL Champions Korea,韩国,一级联赛,LCK 2020 Summer,2020-06-17,Team Dynamics,,Mid,Kuzan,이성혁,Lee Seong-hyeok,South Korea,Korea,1997-01-07,1,Kuzan
2020,Summer,LCK,LoL Champions Korea,韩国,一级联赛,LCK 2020 Summer,2020-06-17,Team Dynamics,,Bot,deokdam,서대길,Seo Dae-gil,South Korea,Korea,2000-02-25,0,deokdam
2020,Summer,LCK,LoL Champions Korea,韩国,一级联赛,LCK 2020 Summer,2020-06-17,Team Dynamics,,Support,GuGer,김도엽,Kim Do-yeop,South Korea,Korea,1994-02-07,0,GuGer
2020,Summer,LCK,LoL Champions Korea,韩国,一级联赛,LCK 2020 Summer,2020-06-17,Team Dynamics,,Coach,sBs,배지훈,Bae Ji-hoon,South Korea,Korea,1992-07-02,0,sBs
2021,Spring,LCK,LoL Champions Korea,韩国,一级联赛,LCK 2021 Spring Playoffs,2021-03-31,DRX,,Top,Kingen,황성훈,Hwang Seong-hoon,South Korea,Korea,2000-03-11,0,Kingen
2021,Spring,LCK,LoL Champions Korea,韩国,一级联赛,LCK 2021 Spring Playoffs,2021-03-31,DRX,,Jungle,Pyosik,홍창현,Hong Chang-hyeon,South Korea,Korea,2000-03-12,0,Pyosik
2021,Spring,LCK,LoL Champions Korea,韩国,一级联赛,LCK 2021 Spring Playoffs,2021-03-31,DRX,,Mid,SOLKA,,,,,,,SOLKA
2021,Spring,LCK,LoL Champions Korea,韩国,一级联赛,LCK 2021 Spring Playoffs,2021-03-31,DRX,,Bot,BAO,정현우,Jeong Hyeon-woo,South Korea,Korea,2001-09-20,0,BAO (Jeong Hyeon-woo)
2021,Spring,LCK,LoL Champions Korea,韩国,一级联赛,LCK 2021 Spring Playoffs,2021-03-31,DRX,,Support,Becca (Son Min-woo),,,,,,,Becca (Son Min-woo)
2021,Spring,LCK,LoL Champions Korea,韩国,一级联赛,LCK 2021 Spring Playoffs,2021-03-31,DRX,,Coach,Ssong,김상수,Kim Sang-soo,South Korea,Korea,1989-10-15,0,SSONG
2021,Spring,LCK,LoL Champions Korea,韩国,一级联赛,LCK 2021 Spring Playoffs,2021-03-31,DRX,,Coach,Museong,김무성,Kim Moo-seong,South Korea,Korea,1997-10-09,0,Museong
2021,Spring,LCK,LoL Champions Korea,韩国,一级联赛,LCK 2021 Spring Playoffs,2021-03-31,DWG KIA,,Top,Khan,김동하,Kim Dong-ha,South Korea,Korea,1995-12-22,0,Khan
2021,Spring,LCK,LoL Champions Korea,韩国,一级联赛,LCK 2021 Spring Playoffs,2021-03-31,DWG KIA,,Jungle,Canyon,김건부,Kim Geon-bu,South Korea,Korea,2001-06-18,0,Canyon
2021,Spring,LCK,LoL Champions Korea,韩国,一级联赛,LCK 2021 Spring Playoffs,2021-03-31,DWG KIA,,Mid,ShowMaker,허수,Heo Su,South Korea,Korea,2000-07-22,0,ShowMaker
2021,Spring,LCK,LoL Champions Korea,韩国,一级联赛,LCK 2021 Spring Playoffs,2021-03-31,DWG KIA,,Bot,Ghost,장용준,Jang Yong-jun,South Korea,Korea,1999-03-18,0,Ghost (Jang Yong-jun)
2021,Spring,LCK,LoL Champions Korea,韩国,一级联赛,LCK 2021 Spring Playoffs,2021-03-31,DWG KIA,,Support,BeryL,조건희,Cho Geon-hee,South Korea,Korea,1997-04-01,0,BeryL
2021,Spring,LCK,LoL Champions Korea,韩国,一级联赛,LCK 2021 Spring Playoffs,2021-03-31,DWG KIA,,Coach,kkOma,김정균,Kim Jeong-gyun,South Korea,Korea,1985-12-23,0,kkOma
2021,Spring,LCK,LoL Champions Korea,韩国,一级联赛,LCK 2021 Spring Playoffs,2021-03-31,DWG KIA,,Coach,PoohManDu,이정현,Lee Jeong-hyeon,South Korea,Korea,1991-01-29,0,PoohManDu
2021,Spring,LCK,LoL Champions Korea,韩国,一级联赛,LCK 2021 Spring Playoffs,2021-03-31,Gen.G,,Top,Rascal,김광희,Kim Kwang-hee,South Korea,Korea,1997-10-16,0,Rascal
2021,Spring,LCK,LoL Champions Korea,韩国,一级联赛,LCK 2021 Spring Playoffs,2021-03-31,Gen.G,,Jungle,Clid,김태민,Kim Tae-min,South Korea,Korea,1999-07-07,0,Clid
2021,Spring,LCK,LoL Champions Korea,韩国,一级联赛,LCK 2021 Spring Playoffs,2021-03-31,Gen.G,,Mid,Bdd,곽보성,Gwak Bo-seong,South Korea,Korea,1999-03-01,0,Bdd
2021,Spring,LCK,LoL Champions Korea,韩国,一级联赛,LCK 2021 Spring Playoffs,2021-03-31,Gen.G,,Bot,Ruler,박재혁,Park Jae-hyuk,South Korea,Korea,1998-12-29,0,Ruler
2021,Spring,LCK,LoL Champions Korea,韩国,一级联赛,LCK 2021 Spring Playoffs,2021-03-31,Gen.G,,Support,Life,김정민,Kim Jeong-min,South Korea,Korea,2000-07-07,0,Life
2021,Spring,LCK,LoL Champions Korea,韩国,一级联赛,LCK 2021 Spring Playoffs,2021-03-31,Gen.G,,Coach,oDin,주영달,Ju Yeong-dal,South Korea,Korea,1987-07-15,0,oDin (Ju Yeong-dal)
2021,Spring,LCK,LoL Champions Korea,韩国,一级联赛,LCK 2021 Spring Playoffs,2021-03-31,Gen.G,,Coach,Ggoong,유병준,Yu Byeong-jun,South Korea,Korea,1993-06-26,0,Ggoong
2021,Spring,LCK,LoL Champions Korea,韩国,一级联赛,LCK 2021 Spring Playoffs,2021-03-31,Hanwha Life Esports,,Top,Morgan,박루한,Park Ru-han,South Korea,Korea,2001-09-26,0,Morgan
2021,Spring,LCK,LoL Champions Korea,韩国,一级联赛,LCK 2021 Spring Playoffs,2021-03-31,Hanwha Life Esports,,Jungle,Yohan,김요한,Kim Yo-han,South Korea,Korea,1999-12-17,0,yoHan
2021,Spring,LCK,LoL Champions Korea,韩国,一级联赛,LCK 2021 Spring Playoffs,2021-03-31,Hanwha Life Esports,,Jungle,Arthur (Park Mi-reu),,,,,,,Arthur (Park Mi-reu)
2021,Spring,LCK,LoL Champions Korea,韩国,一级联赛,LCK 2021 Spring Playoffs,2021-03-31,Hanwha Life Esports,,Mid,Chovy,정지훈,Jeong Ji-hoon,South Korea,Korea,2001-03-03,0,Chovy
2021,Spring,LCK,LoL Champions Korea,韩国,一级联赛,LCK 2021 Spring Playoffs,2021-03-31,Hanwha Life Esports,,Bot,Deft,김혁규,Kim Hyuk-kyu,South Korea,Korea,1996-10-23,0,Deft
2021,Spring,LCK,LoL Champions Korea,韩国,一级联赛,LCK 2021 Spring Playoffs,2021-03-31,Hanwha Life Esports,,Support,Vsta,오효성,Oh Hyo-seong,South Korea,Korea,2000-10-03,0,Vsta
2021,Spring,LCK,LoL Champions Korea,韩国,一级联赛,LCK 2021 Spring Playoffs,2021-03-31,Hanwha Life Esports,,Coach,Kezman,손대영,Son Dae-young,South Korea,Korea,1983-04-06,0,Kezman
2021,Spring,LCK,LoL Champions Korea,韩国,一级联赛,LCK 2021 Spring Playoffs,2021-03-31,Hanwha Life Esports,,Coach,Heart,이관형,Yi Gwan-hyung,South Korea,Korea,1988-12-13,0,Heart
2021,Spring,LCK,LoL Champions Korea,韩国,一级联赛,LCK 2021 Spring Playoffs,2021-03-31,Nongshim RedForce,,Top,Rich,이재원,Lee Jae-won,South Korea,Korea,1998-02-16,0,Rich (Lee Jae-won)
2021,Spring,LCK,LoL Champions Korea,韩国,一级联赛,LCK 2021 Spring Playoffs,2021-03-31,Nongshim RedForce,,Jungle,Peanut,한왕호,Han Wang-ho,South Korea,Korea,1998-02-03,1,Peanut
2021,Spring,LCK,LoL Champions Korea,韩国,一级联赛,LCK 2021 Spring Playoffs,2021-03-31,Nongshim RedForce,,Mid,Bay,박준병,Park Jun-byeong,South Korea,Korea,2002-02-19,1,Bay
2021,Spring,LCK,LoL Champions Korea,韩国,一级联赛,LCK 2021 Spring Playoffs,2021-03-31,Nongshim RedForce,,Bot,deokdam,서대길,Seo Dae-gil,South Korea,Korea,2000-02-25,0,deokdam
2021,Spring,LCK,LoL Champions Korea,韩国,一级联赛,LCK 2021 Spring Playoffs,2021-03-31,Nongshim RedForce,,Support,Kellin,김형규,Kim Hyeong-gyu,South Korea,Korea,2001-02-01,0,Kellin
2021,Spring,LCK,LoL Champions Korea,韩国,一级联赛,LCK 2021 Spring Playoffs,2021-03-31,Nongshim RedForce,,Coach,sBs,배지훈,Bae Ji-hoon,South Korea,Korea,1992-07-02,0,sBs
2021,Spring,LCK,LoL Champions Korea,韩国,一级联赛,LCK 2021 Spring Playoffs,2021-03-31,Nongshim RedForce,,Coach,Noblesse,채도준,Chae Do-joon,South Korea,Korea,1995-01-12,0,Noblesse
2021,Spring,LCK,LoL Champions Korea,韩国,一级联赛,LCK 2021 Spring Playoffs,2021-03-31,T1,,Top,Canna,김창동,Kim Chang-dong,South Korea,Korea,2000-02-11,0,Canna
2021,Spring,LCK,LoL Champions Korea,韩国,一级联赛,LCK 2021 Spring Playoffs,2021-03-31,T1,,Jungle,Cuzz,문우찬,Moon Woo-chan,South Korea,Korea,1999-10-30,0,Cuzz
2021,Spring,LCK,LoL Champions Korea,韩国,一级联赛,LCK 2021 Spring Playoffs,2021-03-31,T1,,Mid,Faker,이상혁,Lee Sang-hyeok,South Korea,Korea,1996-05-07,0,Faker
2021,Spring,LCK,LoL Champions Korea,韩国,一级联赛,LCK 2021 Spring Playoffs,2021-03-31,T1,,Bot,Teddy,박진성,Park Jin-seong,South Korea,Korea,1998-03-15,0,Teddy
2021,Spring,LCK,LoL Champions Korea,韩国,一级联赛,LCK 2021 Spring Playoffs,2021-03-31,T1,,Support,Keria,류민석,Ryu Min-seok,South Korea,Korea,2002-10-14,0,Keria
2021,Spring,LCK,LoL Champions Korea,韩国,一级联赛,LCK 2021 Spring Playoffs,2021-03-31,T1,,Coach,Daeny,양대인,Yang Dae-in,South Korea,Korea,1993-02-10,0,Daeny
2021,Spring,LCK,LoL Champions Korea,韩国,一级联赛,LCK 2021 Spring Playoffs,2021-03-31,T1,,Coach,Zefa,이재민,Lee Jae-min,South Korea,Korea,1988-02-04,0,Zefa
2021,Spring,LCK,LoL Champions Korea,韩国,一级联赛,LCK 2021 Spring,2021-01-13,Afreeca Freecs,,Top,Kiin,김기인,Kim Gi-in,South Korea,Korea,1999-05-28,0,Kiin
2021,Spring,LCK,LoL Champions Korea,韩国,一级联赛,LCK 2021 Spring,2021-01-13,Afreeca Freecs,,Jungle,Dread,이진혁,Lee Jin-hyeok,South Korea,Korea,2000-06-07,1,Dread (Lee Jin-hyeok)
2021,Spring,LCK,LoL Champions Korea,韩国,一级联赛,LCK 2021 Spring,2021-01-13,Afreeca Freecs,,Mid,Fly,송용준,Song Yong-jun,South Korea,Korea,1996-02-25,1,Fly (Song Yong-jun)
2021,Spring,LCK,LoL Champions Korea,韩国,一级联赛,LCK 2021 Spring,2021-01-13,Afreeca Freecs,,Bot,Bang,배준식,Bae Jun-sik,South Korea,Korea,1996-05-18,0,Bang
2021,Spring,LCK,LoL Champions Korea,韩国,一级联赛,LCK 2021 Spring,2021-01-13,Afreeca Freecs,,Support,Lehends,손시우,Son Si-woo,South Korea,Korea,1998-12-24,0,Lehends
2021,Spring,LCK,LoL Champions Korea,韩国,一级联赛,LCK 2021 Spring,2021-01-13,Afreeca Freecs,,Support,MapSSi,김도영,Kim Do-yeong,South Korea,Korea,2001-03-14,1,MapSSi
2021,Spring,LCK,LoL Champions Korea,韩国,一级联赛,LCK 2021 Spring,2021-01-13,Afreeca Freecs,,Coach,Lira,남태유,Nam Tae-yoo,South Korea,Korea,1995-01-15,0,LirA
2021,Spring,LCK,LoL Champions Korea,韩国,一级联赛,LCK 2021 Spring,2021-01-13,Afreeca Freecs,,Coach,Rigby,한얼,Han Earl,South Korea,Korea,1995-12-15,0,Rigby
2021,Spring,LCK,LoL Champions Korea,韩国,一级联赛,LCK 2021 Spring,2021-01-13,DRX,,Top,Kingen,황성훈,Hwang Seong-hoon,South Korea,Korea,2000-03-11,0,Kingen
2021,Spring,LCK,LoL Champions Korea,韩国,一级联赛,LCK 2021 Spring,2021-01-13,DRX,,Jungle,Pyosik,홍창현,Hong Chang-hyeon,South Korea,Korea,2000-03-12,0,Pyosik
2021,Spring,LCK,LoL Champions Korea,韩国,一级联赛,LCK 2021 Spring,2021-01-13,DRX,,Mid,SOLKA,,,,,,,SOLKA
2021,Spring,LCK,LoL Champions Korea,韩国,一级联赛,LCK 2021 Spring,2021-01-13,DRX,,Bot,BAO,정현우,Jeong Hyeon-woo,South Korea,Korea,2001-09-20,0,BAO (Jeong Hyeon-woo)
2021,Spring,LCK,LoL Champions Korea,韩国,一级联赛,LCK 2021 Spring,2021-01-13,DRX,,Support,Becca (Son Min-woo),,,,,,,Becca (Son Min-woo)
2021,Spring,LCK,LoL Champions Korea,韩国,一级联赛,LCK 2021 Spring,2021-01-13,DRX,,Coach,Ssong,김상수,Kim Sang-soo,South Korea,Korea,1989-10-15,0,SSONG
2021,Spring,LCK,LoL Champions Korea,韩国,一级联赛,LCK 2021 Spring,2021-01-13,DRX,,Coach,Museong,김무성,Kim Moo-seong,South Korea,Korea,1997-10-09,0,Museong
2021,Spring,LCK,LoL Champions Korea,韩国,一级联赛,LCK 2021 Spring,2021-01-13,DWG KIA,,Top,Khan,김동하,Kim Dong-ha,South Korea,Korea,1995-12-22,0,Khan
2021,Spring,LCK,LoL Champions Korea,韩国,一级联赛,LCK 2021 Spring,2021-01-13,DWG KIA,,Jungle,Canyon,김건부,Kim Geon-bu,South Korea,Korea,2001-06-18,0,Canyon
2021,Spring,LCK,LoL Champions Korea,韩国,一级联赛,LCK 2021 Spring,2021-01-13,DWG KIA,,Mid,ShowMaker,허수,Heo Su,South Korea,Korea,2000-07-22,0,ShowMaker
2021,Spring,LCK,LoL Champions Korea,韩国,一级联赛,LCK 2021 Spring,2021-01-13,DWG KIA,,Bot,Ghost,장용준,Jang Yong-jun,South Korea,Korea,1999-03-18,0,Ghost (Jang Yong-jun)
2021,Spring,LCK,LoL Champions Korea,韩国,一级联赛,LCK 2021 Spring,2021-01-13,DWG KIA,,Support,BeryL,조건희,Cho Geon-hee,South Korea,Korea,1997-04-01,0,BeryL
2021,Spring,LCK,LoL Champions Korea,韩国,一级联赛,LCK 2021 Spring,2021-01-13,DWG KIA,,Coach,kkOma,김정균,Kim Jeong-gyun,South Korea,Korea,1985-12-23,0,kkOma
2021,Spring,LCK,LoL Champions Korea,韩国,一级联赛,LCK 2021 Spring,2021-01-13,DWG KIA,,Coach,PoohManDu,이정현,Lee Jeong-hyeon,South Korea,Korea,1991-01-29,0,PoohManDu
2021,Spring,LCK,LoL Champions Korea,韩国,一级联赛,LCK 2021 Spring,2021-01-13,Fredit BRION,,Top,HOYA,윤용호,Yoon Yong-ho,South Korea,Korea,2000-08-25,0,Hoya
2021,Spring,LCK,LoL Champions Korea,韩国,一级联赛,LCK 2021 Spring,2021-01-13,Fredit BRION,,Jungle,UmTi,엄성현,Um Sung-hyeon,South Korea,Korea,1999-06-02,0,UmTi
2021,Spring,LCK,LoL Champions Korea,韩国,一级联赛,LCK 2021 Spring,2021-01-13,Fredit BRION,,"Jungle,Mid",Chieftain,이재엽,Lee Jae-yub,South Korea,Korea,2000-11-16,1,Chieftain
2021,Spring,LCK,LoL Champions Korea,韩国,一级联赛,LCK 2021 Spring,2021-01-13,Fredit BRION,,Mid,Lava,김태훈,Kim Tae-hoon,South Korea,Korea,1999-07-14,0,Lava
2021,Spring,LCK,LoL Champions Korea,韩国,一级联赛,LCK 2021 Spring,2021-01-13,Fredit BRION,,Mid,Yaharong,이찬주,Lee Chan-ju,South Korea,Korea,2000-06-12,1,Yaharong
2021,Spring,LCK,LoL Champions Korea,韩国,一级联赛,LCK 2021 Spring,2021-01-13,Fredit BRION,,Bot,Hena,박증환,Park Jeung-hwan,South Korea,Korea,1999-10-08,0,Hena
2021,Spring,LCK,LoL Champions Korea,韩国,一级联赛,LCK 2021 Spring,2021-01-13,Fredit BRION,,Support,Delight,유환중,Yoo Hwan-joong,South Korea,Korea,2002-09-12,0,Delight
2021,Spring,LCK,LoL Champions Korea,韩国,一级联赛,LCK 2021 Spring,2021-01-13,Fredit BRION,,Coach,Edgar,최우범,Choi Woo-beom,South Korea,Korea,1984-01-03,0,Edgar
2021,Spring,LCK,LoL Champions Korea,韩国,一级联赛,LCK 2021 Spring,2021-01-13,Fredit BRION,,Coach,Drinker,이승후,Lee Seung-hoo,South Korea,Korea,1989-05-20,0,Drinker
2021,Spring,LCK,LoL Champions Korea,韩国,一级联赛,LCK 2021 Spring,2021-01-13,Gen.G,,Top,Rascal,김광희,Kim Kwang-hee,South Korea,Korea,1997-10-16,0,Rascal
2021,Spring,LCK,LoL Champions Korea,韩国,一级联赛,LCK 2021 Spring,2021-01-13,Gen.G,,Jungle,Clid,김태민,Kim Tae-min,South Korea,Korea,1999-07-07,0,Clid
2021,Spring,LCK,LoL Champions Korea,韩国,一级联赛,LCK 2021 Spring,2021-01-13,Gen.G,,Jungle,Flawless,성연준,Sung Yeon-jun,South Korea,Korea,1998-07-26,1,Flawless
2021,Spring,LCK,LoL Champions Korea,韩国,一级联赛,LCK 2021 Spring,2021-01-13,Gen.G,,Mid,Bdd,곽보성,Gwak Bo-seong,South Korea,Korea,1999-03-01,0,Bdd
2021,Spring,LCK,LoL Champions Korea,韩国,一级联赛,LCK 2021 Spring,2021-01-13,Gen.G,,Mid,Karis,김홍조,Kim Hong-jo,South Korea,Korea,2003-05-21,0,Karis
2021,Spring,LCK,LoL Champions Korea,韩国,一级联赛,LCK 2021 Spring,2021-01-13,Gen.G,,Bot,Ruler,박재혁,Park Jae-hyuk,South Korea,Korea,1998-12-29,0,Ruler
2021,Spring,LCK,LoL Champions Korea,韩国,一级联赛,LCK 2021 Spring,2021-01-13,Gen.G,,Support,Life,김정민,Kim Jeong-min,South Korea,Korea,2000-07-07,0,Life
2021,Spring,LCK,LoL Champions Korea,韩国,一级联赛,LCK 2021 Spring,2021-01-13,Gen.G,,Coach,oDin,주영달,Ju Yeong-dal,South Korea,Korea,1987-07-15,0,oDin (Ju Yeong-dal)
2021,Spring,LCK,LoL Champions Korea,韩国,一级联赛,LCK 2021 Spring,2021-01-13,Gen.G,,Coach,Ggoong,유병준,Yu Byeong-jun,South Korea,Korea,1993-06-26,0,Ggoong
2021,Spring,LCK,LoL Champions Korea,韩国,一级联赛,LCK 2021 Spring,2021-01-13,Gen.G,,Coach,Lyn,김다빈,Kim Da-bin,South Korea,Korea,1996-08-25,0,Lyn
2021,Spring,LCK,LoL Champions Korea,韩国,一级联赛,LCK 2021 Spring,2021-01-13,Hanwha Life Esports,,Top,Morgan,박루한,Park Ru-han,South Korea,Korea,2001-09-26,0,Morgan
2021,Spring,LCK,LoL Champions Korea,韩国,一级联赛,LCK 2021 Spring,2021-01-13,Hanwha Life Esports,,Top,DuDu,이동주,Lee Dong-ju,South Korea,Korea,2001-03-08,0,DuDu (Lee Dong-ju)
2021,Spring,LCK,LoL Champions Korea,韩国,一级联赛,LCK 2021 Spring,2021-01-13,Hanwha Life Esports,,Jungle,Arthur (Park Mi-reu),,,,,,,Arthur (Park Mi-reu)
2021,Spring,LCK,LoL Champions Korea,韩国,一级联赛,LCK 2021 Spring,2021-01-13,Hanwha Life Esports,,Jungle,Yohan,김요한,Kim Yo-han,South Korea,Korea,1999-12-17,0,yoHan
2021,Spring,LCK,LoL Champions Korea,韩国,一级联赛,LCK 2021 Spring,2021-01-13,Hanwha Life Esports,,Mid,Chovy,정지훈,Jeong Ji-hoon,South Korea,Korea,2001-03-03,0,Chovy
2021,Spring,LCK,LoL Champions Korea,韩国,一级联赛,LCK 2021 Spring,2021-01-13,Hanwha Life Esports,,Bot,Deft,김혁규,Kim Hyuk-kyu,South Korea,Korea,1996-10-23,0,Deft
2021,Spring,LCK,LoL Champions Korea,韩国,一级联赛,LCK 2021 Spring,2021-01-13,Hanwha Life Esports,,Support,Vsta,오효성,Oh Hyo-seong,South Korea,Korea,2000-10-03,0,Vsta
2021,Spring,LCK,LoL Champions Korea,韩国,一级联赛,LCK 2021 Spring,2021-01-13,Hanwha Life Esports,,Coach,Kezman,손대영,Son Dae-young,South Korea,Korea,1983-04-06,0,Kezman
2021,Spring,LCK,LoL Champions Korea,韩国,一级联赛,LCK 2021 Spring,2021-01-13,Hanwha Life Esports,,Coach,Heart,이관형,Yi Gwan-hyung,South Korea,Korea,1988-12-13,0,Heart
2021,Spring,LCK,LoL Champions Korea,韩国,一级联赛,LCK 2021 Spring,2021-01-13,Hanwha Life Esports,,Coach,SuDal,김성진,Kim Sung-jin,South Korea,Korea,1994-02-03,0,Sudal
2021,Spring,LCK,LoL Champions Korea,韩国,一级联赛,LCK 2021 Spring,2021-01-13,KT Rolster,,Top,Doran,최현준,Choi Hyeon-joon,South Korea,Korea,2000-07-22,0,Doran (Choi Hyeon-joon)
2021,Spring,LCK,LoL Champions Korea,韩国,一级联赛,LCK 2021 Spring,2021-01-13,KT Rolster,,Jungle,Bonnie,이광수,Lee Gwang-su,South Korea,Korea,2001-03-14,0,Bonnie
2021,Spring,LCK,LoL Champions Korea,韩国,一级联赛,LCK 2021 Spring,2021-01-13,KT Rolster,,Jungle,Blank,강선구,Kang Sun-gu,South Korea,Korea,1998-04-30,1,Blank (Kang Sun-gu)
2021,Spring,LCK,LoL Champions Korea,韩国,一级联赛,LCK 2021 Spring,2021-01-13,KT Rolster,,Jungle,GIDEON,김민성,Kim Min-seong,South Korea,Korea,2003-08-14,0,GIDEON
2021,Spring,LCK,LoL Champions Korea,韩国,一级联赛,LCK 2021 Spring,2021-01-13,KT Rolster,,Mid,Ucal,손우현,Son Woo-hyeon,South Korea,Korea,2001-01-30,0,Ucal
2021,Spring,LCK,LoL Champions Korea,韩国,一级联赛,LCK 2021 Spring,2021-01-13,KT Rolster,,Mid,Dove,김재연,Kim Jae-yeon,South Korea,Korea,1998-07-25,0,Dove
2021,Spring,LCK,LoL Champions Korea,韩国,一级联赛,LCK 2021 Spring,2021-01-13,KT Rolster,,Bot,HyBriD,이우진,Lee Woo-jin,South Korea,Korea,1999-11-27,1,HyBriD (Lee Woo-jin)
2021,Spring,LCK,LoL Champions Korea,韩国,一级联赛,LCK 2021 Spring,2021-01-13,KT Rolster,,Bot,Noah,오현택,Oh Hyeon-taek,South Korea,Korea,2001-10-04,0,Noah (Oh Hyeon-taek)
2021,Spring,LCK,LoL Champions Korea,韩国,一级联赛,LCK 2021 Spring,2021-01-13,KT Rolster,,Support,Zzus,장준수,Jang Joon-soo,South Korea,Korea,1998-08-30,0,Zzus
2021,Spring,LCK,LoL Champions Korea,韩国,一级联赛,LCK 2021 Spring,2021-01-13,KT Rolster,,Coach,Hirai,강동훈,Kang Dong-hoon,South Korea,Korea,1982-03-26,0,Hirai
2021,Spring,LCK,LoL Champions Korea,韩国,一级联赛,LCK 2021 Spring,2021-01-13,KT Rolster,,Coach,Acorn,최천주,Choi Cheon-ju,South Korea,Korea,1990-07-13,0,Acorn
2021,Spring,LCK,LoL Champions Korea,韩国,一级联赛,LCK 2021 Spring,2021-01-13,Liiv SANDBOX,,Top,Summit,박우태,Park Woo-tae,South Korea,Korea,1998-12-08,0,Summit
2021,Spring,LCK,LoL Champions Korea,韩国,一级联赛,LCK 2021 Spring,2021-01-13,Liiv SANDBOX,,Jungle,Croco,김동범,Kim Dong-beom,South Korea,Korea,2000-02-23,0,Croco
2021,Spring,LCK,LoL Champions Korea,韩国,一级联赛,LCK 2021 Spring,2021-01-13,Liiv SANDBOX,,Jungle,OnFleek,김장겸,Kim Jang-gyeom,South Korea,Korea,1997-12-20,0,OnFleek
2021,Spring,LCK,LoL Champions Korea,韩国,一级联赛,LCK 2021 Spring,2021-01-13,Liiv SANDBOX,,Mid,FATE,유수혁,Yoo Su-hyeok,South Korea,Korea,2000-08-22,0,FATE (Yoo Su-hyeok)
2021,Spring,LCK,LoL Champions Korea,韩国,一级联赛,LCK 2021 Spring,2021-01-13,Liiv SANDBOX,,Bot,Route,문검수,Moon Geom-su,South Korea,Korea,1999-01-05,0,Route
2021,Spring,LCK,LoL Champions Korea,韩国,一级联赛,LCK 2021 Spring,2021-01-13,Liiv SANDBOX,,Bot,Leo,한겨레,Han Gyeo-re,South Korea,Korea,2000-01-12,0,Leo (Han Gyeo-re)
2021,Spring,LCK,LoL Champions Korea,韩国,一级联赛,LCK 2021 Spring,2021-01-13,Liiv SANDBOX,,Bot,Prince,이채환,Lee Chae-hwan,South Korea,Korea,2000-04-05,0,Prince (Lee Chae-hwan)
2021,Spring,LCK,LoL Champions Korea,韩国,一级联赛,LCK 2021 Spring,2021-01-13,Liiv SANDBOX,,Support,Effort,이상호,Lee Sang-ho,South Korea,Korea,2000-11-23,0,Effort
2021,Spring,LCK,LoL Champions Korea,韩国,一级联赛,LCK 2021 Spring,2021-01-13,Liiv SANDBOX,,Coach,Micro,김목경,Kim Mok-kyoung,South Korea,Korea,1986-09-17,0,Micro (Kim Mok-kyoung)
2021,Spring,LCK,LoL Champions Korea,韩国,一级联赛,LCK 2021 Spring,2021-01-13,Liiv SANDBOX,,Coach,Joker,조재읍,Cho Jae-eup,South Korea,Korea,1991-12-11,0,Joker (Cho Jae-eup)
2021,Spring,LCK,LoL Champions Korea,韩国,一级联赛,LCK 2021 Spring,2021-01-13,Nongshim RedForce,,Top,Rich,이재원,Lee Jae-won,South Korea,Korea,1998-02-16,0,Rich (Lee Jae-won)
2021,Spring,LCK,LoL Champions Korea,韩国,一级联赛,LCK 2021 Spring,2021-01-13,Nongshim RedForce,,Jungle,Peanut,한왕호,Han Wang-ho,South Korea,Korea,1998-02-03,1,Peanut
2021,Spring,LCK,LoL Champions Korea,韩国,一级联赛,LCK 2021 Spring,2021-01-13,Nongshim RedForce,,Mid,Bay,박준병,Park Jun-byeong,South Korea,Korea,2002-02-19,1,Bay
2021,Spring,LCK,LoL Champions Korea,韩国,一级联赛,LCK 2021 Spring,2021-01-13,Nongshim RedForce,,Bot,deokdam,서대길,Seo Dae-gil,South Korea,Korea,2000-02-25,0,deokdam
2021,Spring,LCK,LoL Champions Korea,韩国,一级联赛,LCK 2021 Spring,2021-01-13,Nongshim RedForce,,Support,Kellin,김형규,Kim Hyeong-gyu,South Korea,Korea,2001-02-01,0,Kellin
2021,Spring,LCK,LoL Champions Korea,韩国,一级联赛,LCK 2021 Spring,2021-01-13,Nongshim RedForce,,Coach,sBs,배지훈,Bae Ji-hoon,South Korea,Korea,1992-07-02,0,sBs
2021,Spring,LCK,LoL Champions Korea,韩国,一级联赛,LCK 2021 Spring,2021-01-13,Nongshim RedForce,,Coach,Noblesse,채도준,Chae Do-joon,South Korea,Korea,1995-01-12,0,Noblesse
2021,Spring,LCK,LoL Champions Korea,韩国,一级联赛,LCK 2021 Spring,2021-01-13,T1,,Top,Canna,김창동,Kim Chang-dong,South Korea,Korea,2000-02-11,0,Canna
2021,Spring,LCK,LoL Champions Korea,韩国,一级联赛,LCK 2021 Spring,2021-01-13,T1,,Top,Zeus,최우제,Choi Woo-je,South Korea,Korea,2004-01-31,0,Zeus
2021,Spring,LCK,LoL Champions Korea,韩国,一级联赛,LCK 2021 Spring,2021-01-13,T1,,Jungle,Ellim,최엘림,Choi El-lim,South Korea,Korea,2000-05-25,0,Ellim
2021,Spring,LCK,LoL Champions Korea,韩国,一级联赛,LCK 2021 Spring,2021-01-13,T1,,Jungle,Cuzz,문우찬,Moon Woo-chan,South Korea,Korea,1999-10-30,0,Cuzz
2021,Spring,LCK,LoL Champions Korea,韩国,一级联赛,LCK 2021 Spring,2021-01-13,T1,,Jungle,Oner,문현준,Mun Hyeon-jun,South Korea,Korea,2002-12-24,0,Oner
2021,Spring,LCK,LoL Champions Korea,韩国,一级联赛,LCK 2021 Spring,2021-01-13,T1,,Mid,Clozer,이주현,Lee Ju-hyeon,South Korea,Korea,2003-07-27,0,Clozer
2021,Spring,LCK,LoL Champions Korea,韩国,一级联赛,LCK 2021 Spring,2021-01-13,T1,,Mid,Faker,이상혁,Lee Sang-hyeok,South Korea,Korea,1996-05-07,0,Faker
2021,Spring,LCK,LoL Champions Korea,韩国,一级联赛,LCK 2021 Spring,2021-01-13,T1,,Bot,Gumayusi,이민형,Lee Min-hyeong,South Korea,Korea,2002-02-06,0,Gumayusi
2021,Spring,LCK,LoL Champions Korea,韩国,一级联赛,LCK 2021 Spring,2021-01-13,T1,,Bot,Teddy,박진성,Park Jin-seong,South Korea,Korea,1998-03-15,0,Teddy
2021,Spring,LCK,LoL Champions Korea,韩国,一级联赛,LCK 2021 Spring,2021-01-13,T1,,Support,Keria,류민석,Ryu Min-seok,South Korea,Korea,2002-10-14,0,Keria
2021,Spring,LCK,LoL Champions Korea,韩国,一级联赛,LCK 2021 Spring,2021-01-13,T1,,Coach,Daeny,양대인,Yang Dae-in,South Korea,Korea,1993-02-10,0,Daeny
2021,Spring,LCK,LoL Champions Korea,韩国,一级联赛,LCK 2021 Spring,2021-01-13,T1,,Coach,Zefa,이재민,Lee Jae-min,South Korea,Korea,1988-02-04,0,Zefa
2021,Summer,LCK,LoL Champions Korea,韩国,一级联赛,LCK 2021 Summer Playoffs,2021-08-18,Afreeca Freecs,,Top,Kiin,김기인,Kim Gi-in,South Korea,Korea,1999-05-28,0,Kiin
2021,Summer,LCK,LoL Champions Korea,韩国,一级联赛,LCK 2021 Summer Playoffs,2021-08-18,Afreeca Freecs,,Jungle,Dread,이진혁,Lee Jin-hyeok,South Korea,Korea,2000-06-07,1,Dread (Lee Jin-hyeok)
2021,Summer,LCK,LoL Champions Korea,韩国,一级联赛,LCK 2021 Summer Playoffs,2021-08-18,Afreeca Freecs,,Mid,Fly,송용준,Song Yong-jun,South Korea,Korea,1996-02-25,1,Fly (Song Yong-jun)
2021,Summer,LCK,LoL Champions Korea,韩国,一级联赛,LCK 2021 Summer Playoffs,2021-08-18,Afreeca Freecs,,Bot,Leo,한겨레,Han Gyeo-re,South Korea,Korea,2000-01-12,0,Leo (Han Gyeo-re)
2021,Summer,LCK,LoL Champions Korea,韩国,一级联赛,LCK 2021 Summer Playoffs,2021-08-18,Afreeca Freecs,,Support,Lehends,손시우,Son Si-woo,South Korea,Korea,1998-12-24,0,Lehends
2021,Summer,LCK,LoL Champions Korea,韩国,一级联赛,LCK 2021 Summer Playoffs,2021-08-18,Afreeca Freecs,,Coach,Cain,장누리,Jang Nu-ri,South Korea,Korea,1987-02-06,1,Cain
2021,Summer,LCK,LoL Champions Korea,韩国,一级联赛,LCK 2021 Summer Playoffs,2021-08-18,Afreeca Freecs,,Coach,Spirit,이다윤,Lee Da-yoon,South Korea,Korea,1996-07-01,1,Spirit
2021,Summer,LCK,LoL Champions Korea,韩国,一级联赛,LCK 2021 Summer Playoffs,2021-08-18,DWG KIA,,Top,Khan,김동하,Kim Dong-ha,South Korea,Korea,1995-12-22,0,Khan
2021,Summer,LCK,LoL Champions Korea,韩国,一级联赛,LCK 2021 Summer Playoffs,2021-08-18,DWG KIA,,Jungle,Canyon,김건부,Kim Geon-bu,South Korea,Korea,2001-06-18,0,Canyon
2021,Summer,LCK,LoL Champions Korea,韩国,一级联赛,LCK 2021 Summer Playoffs,2021-08-18,DWG KIA,,Mid,ShowMaker,허수,Heo Su,South Korea,Korea,2000-07-22,0,ShowMaker
2021,Summer,LCK,LoL Champions Korea,韩国,一级联赛,LCK 2021 Summer Playoffs,2021-08-18,DWG KIA,,Bot,Ghost,장용준,Jang Yong-jun,South Korea,Korea,1999-03-18,0,Ghost (Jang Yong-jun)
2021,Summer,LCK,LoL Champions Korea,韩国,一级联赛,LCK 2021 Summer Playoffs,2021-08-18,DWG KIA,,Support,BeryL,조건희,Cho Geon-hee,South Korea,Korea,1997-04-01,0,BeryL
2021,Summer,LCK,LoL Champions Korea,韩国,一级联赛,LCK 2021 Summer Playoffs,2021-08-18,DWG KIA,,Coach,PoohManDu,이정현,Lee Jeong-hyeon,South Korea,Korea,1991-01-29,0,PoohManDu
2021,Summer,LCK,LoL Champions Korea,韩国,一级联赛,LCK 2021 Summer Playoffs,2021-08-18,DWG KIA,,Coach,Ares,김민권,Kim Min-kwon,South Korea,Korea,1995-12-11,0,Ares (Kim Min-kwon)
2021,Summer,LCK,LoL Champions Korea,韩国,一级联赛,LCK 2021 Summer Playoffs,2021-08-18,Gen.G,,Top,Rascal,김광희,Kim Kwang-hee,South Korea,Korea,1997-10-16,0,Rascal
2021,Summer,LCK,LoL Champions Korea,韩国,一级联赛,LCK 2021 Summer Playoffs,2021-08-18,Gen.G,,Jungle,Clid,김태민,Kim Tae-min,South Korea,Korea,1999-07-07,0,Clid
2021,Summer,LCK,LoL Champions Korea,韩国,一级联赛,LCK 2021 Summer Playoffs,2021-08-18,Gen.G,,Mid,Bdd,곽보성,Gwak Bo-seong,South Korea,Korea,1999-03-01,0,Bdd
2021,Summer,LCK,LoL Champions Korea,韩国,一级联赛,LCK 2021 Summer Playoffs,2021-08-18,Gen.G,,Bot,Ruler,박재혁,Park Jae-hyuk,South Korea,Korea,1998-12-29,0,Ruler
2021,Summer,LCK,LoL Champions Korea,韩国,一级联赛,LCK 2021 Summer Playoffs,2021-08-18,Gen.G,,Support,Life,김정민,Kim Jeong-min,South Korea,Korea,2000-07-07,0,Life
2021,Summer,LCK,LoL Champions Korea,韩国,一级联赛,LCK 2021 Summer Playoffs,2021-08-18,Gen.G,,Coach,oDin,주영달,Ju Yeong-dal,South Korea,Korea,1987-07-15,0,oDin (Ju Yeong-dal)
2021,Summer,LCK,LoL Champions Korea,韩国,一级联赛,LCK 2021 Summer Playoffs,2021-08-18,Gen.G,,Coach,Ggoong,유병준,Yu Byeong-jun,South Korea,Korea,1993-06-26,0,Ggoong
2021,Summer,LCK,LoL Champions Korea,韩国,一级联赛,LCK 2021 Summer Playoffs,2021-08-18,Liiv SANDBOX,,Top,Summit,박우태,Park Woo-tae,South Korea,Korea,1998-12-08,0,Summit
2021,Summer,LCK,LoL Champions Korea,韩国,一级联赛,LCK 2021 Summer Playoffs,2021-08-18,Liiv SANDBOX,,Jungle,Croco,김동범,Kim Dong-beom,South Korea,Korea,2000-02-23,0,Croco
2021,Summer,LCK,LoL Champions Korea,韩国,一级联赛,LCK 2021 Summer Playoffs,2021-08-18,Liiv SANDBOX,,Mid,FATE,유수혁,Yoo Su-hyeok,South Korea,Korea,2000-08-22,0,FATE (Yoo Su-hyeok)
2021,Summer,LCK,LoL Champions Korea,韩国,一级联赛,LCK 2021 Summer Playoffs,2021-08-18,Liiv SANDBOX,,Bot,Prince,이채환,Lee Chae-hwan,South Korea,Korea,2000-04-05,0,Prince (Lee Chae-hwan)
2021,Summer,LCK,LoL Champions Korea,韩国,一级联赛,LCK 2021 Summer Playoffs,2021-08-18,Liiv SANDBOX,,Support,Effort,이상호,Lee Sang-ho,South Korea,Korea,2000-11-23,0,Effort
2021,Summer,LCK,LoL Champions Korea,韩国,一级联赛,LCK 2021 Summer Playoffs,2021-08-18,Liiv SANDBOX,,Coach,Micro,김목경,Kim Mok-kyoung,South Korea,Korea,1986-09-17,0,Micro (Kim Mok-kyoung)
2021,Summer,LCK,LoL Champions Korea,韩国,一级联赛,LCK 2021 Summer Playoffs,2021-08-18,Liiv SANDBOX,,Coach,Joker,조재읍,Cho Jae-eup,South Korea,Korea,1991-12-11,0,Joker (Cho Jae-eup)
2021,Summer,LCK,LoL Champions Korea,韩国,一级联赛,LCK 2021 Summer Playoffs,2021-08-18,Nongshim RedForce,,Top,Rich,이재원,Lee Jae-won,South Korea,Korea,1998-02-16,0,Rich (Lee Jae-won)
2021,Summer,LCK,LoL Champions Korea,韩国,一级联赛,LCK 2021 Summer Playoffs,2021-08-18,Nongshim RedForce,,Jungle,Peanut,한왕호,Han Wang-ho,South Korea,Korea,1998-02-03,1,Peanut
2021,Summer,LCK,LoL Champions Korea,韩国,一级联赛,LCK 2021 Summer Playoffs,2021-08-18,Nongshim RedForce,,Mid,Gori,김태우,Kim Tae-woo,South Korea,Korea,2000-08-09,0,Gori
2021,Summer,LCK,LoL Champions Korea,韩国,一级联赛,LCK 2021 Summer Playoffs,2021-08-18,Nongshim RedForce,,Bot,deokdam,서대길,Seo Dae-gil,South Korea,Korea,2000-02-25,0,deokdam
2021,Summer,LCK,LoL Champions Korea,韩国,一级联赛,LCK 2021 Summer Playoffs,2021-08-18,Nongshim RedForce,,Support,Kellin,김형규,Kim Hyeong-gyu,South Korea,Korea,2001-02-01,0,Kellin
2021,Summer,LCK,LoL Champions Korea,韩国,一级联赛,LCK 2021 Summer Playoffs,2021-08-18,Nongshim RedForce,,Coach,sBs,배지훈,Bae Ji-hoon,South Korea,Korea,1992-07-02,0,sBs
2021,Summer,LCK,LoL Champions Korea,韩国,一级联赛,LCK 2021 Summer Playoffs,2021-08-18,Nongshim RedForce,,Coach,Comet,임혜성,Lim Hye-sung,South Korea,Korea,1991-08-04,0,Comet
2021,Summer,LCK,LoL Champions Korea,韩国,一级联赛,LCK 2021 Summer Playoffs,2021-08-18,T1,,Top,Canna,김창동,Kim Chang-dong,South Korea,Korea,2000-02-11,0,Canna
2021,Summer,LCK,LoL Champions Korea,韩国,一级联赛,LCK 2021 Summer Playoffs,2021-08-18,T1,,Jungle,Oner,문현준,Mun Hyeon-jun,South Korea,Korea,2002-12-24,0,Oner
2021,Summer,LCK,LoL Champions Korea,韩国,一级联赛,LCK 2021 Summer Playoffs,2021-08-18,T1,,Mid,Faker,이상혁,Lee Sang-hyeok,South Korea,Korea,1996-05-07,0,Faker
2021,Summer,LCK,LoL Champions Korea,韩国,一级联赛,LCK 2021 Summer Playoffs,2021-08-18,T1,,Bot,Teddy,박진성,Park Jin-seong,South Korea,Korea,1998-03-15,0,Teddy
2021,Summer,LCK,LoL Champions Korea,韩国,一级联赛,LCK 2021 Summer Playoffs,2021-08-18,T1,,Bot,Gumayusi,이민형,Lee Min-hyeong,South Korea,Korea,2002-02-06,0,Gumayusi
2021,Summer,LCK,LoL Champions Korea,韩国,一级联赛,LCK 2021 Summer Playoffs,2021-08-18,T1,,Support,Keria,류민석,Ryu Min-seok,South Korea,Korea,2002-10-14,0,Keria
2021,Summer,LCK,LoL Champions Korea,韩国,一级联赛,LCK 2021 Summer Playoffs,2021-08-18,T1,,Coach,Stardust,손석희,Son Seok-hee,South Korea,Korea,1990-05-27,0,Stardust (Son Seok-hee)
2021,Summer,LCK,LoL Champions Korea,韩国,一级联赛,LCK 2021 Summer Playoffs,2021-08-18,T1,,Coach,moment,김지환,Kim Ji-hwan,South Korea,Korea,1993-12-19,0,Moment
2021,Summer,LCK,LoL Champions Korea,韩国,一级联赛,LCK 2021 Summer,2021-06-09,Afreeca Freecs,,Top,Kiin,김기인,Kim Gi-in,South Korea,Korea,1999-05-28,0,Kiin
2021,Summer,LCK,LoL Champions Korea,韩国,一级联赛,LCK 2021 Summer,2021-06-09,Afreeca Freecs,,Jungle,Dread,이진혁,Lee Jin-hyeok,South Korea,Korea,2000-06-07,1,Dread (Lee Jin-hyeok)
2021,Summer,LCK,LoL Champions Korea,韩国,一级联赛,LCK 2021 Summer,2021-06-09,Afreeca Freecs,,Mid,Fly,송용준,Song Yong-jun,South Korea,Korea,1996-02-25,1,Fly (Song Yong-jun)
2021,Summer,LCK,LoL Champions Korea,韩国,一级联赛,LCK 2021 Summer,2021-06-09,Afreeca Freecs,,Bot,Leo,한겨레,Han Gyeo-re,South Korea,Korea,2000-01-12,0,Leo (Han Gyeo-re)
2021,Summer,LCK,LoL Champions Korea,韩国,一级联赛,LCK 2021 Summer,2021-06-09,Afreeca Freecs,,Support,Lehends,손시우,Son Si-woo,South Korea,Korea,1998-12-24,0,Lehends
2021,Summer,LCK,LoL Champions Korea,韩国,一级联赛,LCK 2021 Summer,2021-06-09,Afreeca Freecs,,Coach,Cain,장누리,Jang Nu-ri,South Korea,Korea,1987-02-06,1,Cain
2021,Summer,LCK,LoL Champions Korea,韩国,一级联赛,LCK 2021 Summer,2021-06-09,Afreeca Freecs,,Coach,Spirit,이다윤,Lee Da-yoon,South Korea,Korea,1996-07-01,1,Spirit
2021,Summer,LCK,LoL Champions Korea,韩国,一级联赛,LCK 2021 Summer,2021-06-09,DRX,,"Top,Mid",Kingen,황성훈,Hwang Seong-hoon,South Korea,Korea,2000-03-11,0,Kingen
2021,Summer,LCK,LoL Champions Korea,韩国,一级联赛,LCK 2021 Summer,2021-06-09,DRX,,Top,Destroy,윤정민,Yoon Jeong-min,South Korea,Korea,2000-05-08,0,Destroy (Yoon Jeong-min)
2021,Summer,LCK,LoL Champions Korea,韩国,一级联赛,LCK 2021 Summer,2021-06-09,DRX,,Jungle,Pyosik,홍창현,Hong Chang-hyeon,South Korea,Korea,2000-03-12,0,Pyosik
2021,Summer,LCK,LoL Champions Korea,韩国,一级联赛,LCK 2021 Summer,2021-06-09,DRX,,Mid,SOLKA,,,,,,,SOLKA
2021,Summer,LCK,LoL Champions Korea,韩国,一级联赛,LCK 2021 Summer,2021-06-09,DRX,,Mid,Jett,배호영,Bae Ho-young,South Korea,Korea,2001-07-23,1,Jett
2021,Summer,LCK,LoL Champions Korea,韩国,一级联赛,LCK 2021 Summer,2021-06-09,DRX,,Bot,BAO,정현우,Jeong Hyeon-woo,South Korea,Korea,2001-09-20,0,BAO (Jeong Hyeon-woo)
2021,Summer,LCK,LoL Champions Korea,韩国,一级联赛,LCK 2021 Summer,2021-06-09,DRX,,Bot,Taeyoon,김태윤,Kim Tae-yoon,South Korea,Korea,2002-06-02,0,Taeyoon (Kim Tae-yoon)
2021,Summer,LCK,LoL Champions Korea,韩国,一级联赛,LCK 2021 Summer,2021-06-09,DRX,,Support,Becca (Son Min-woo),,,,,,,Becca (Son Min-woo)
2021,Summer,LCK,LoL Champions Korea,韩国,一级联赛,LCK 2021 Summer,2021-06-09,DRX,,Support,Jun,윤세준,Yoon Se-jun,South Korea,Korea,2000-08-02,0,Jun (Yoon Se-jun)
2021,Summer,LCK,LoL Champions Korea,韩国,一级联赛,LCK 2021 Summer,2021-06-09,DRX,,Coach,cvMax,김대호,Kim Dae-ho,South Korea,Korea,1990-07-07,0,cvMax
2021,Summer,LCK,LoL Champions Korea,韩国,一级联赛,LCK 2021 Summer,2021-06-09,DRX,,Coach,Ssong,김상수,Kim Sang-soo,South Korea,Korea,1989-10-15,0,SSONG
2021,Summer,LCK,LoL Champions Korea,韩国,一级联赛,LCK 2021 Summer,2021-06-09,DWG KIA,,Top,Khan,김동하,Kim Dong-ha,South Korea,Korea,1995-12-22,0,Khan
2021,Summer,LCK,LoL Champions Korea,韩国,一级联赛,LCK 2021 Summer,2021-06-09,DWG KIA,,"Jungle,Mid",Canyon,김건부,Kim Geon-bu,South Korea,Korea,2001-06-18,0,Canyon
2021,Summer,LCK,LoL Champions Korea,韩国,一级联赛,LCK 2021 Summer,2021-06-09,DWG KIA,,Jungle,Malrang,김근성,Kim Geun-seong,South Korea,Korea,2000-02-09,0,Malrang
2021,Summer,LCK,LoL Champions Korea,韩国,一级联赛,LCK 2021 Summer,2021-06-09,DWG KIA,,"Mid,Bot",ShowMaker,허수,Heo Su,South Korea,Korea,2000-07-22,0,ShowMaker
2021,Summer,LCK,LoL Champions Korea,韩国,一级联赛,LCK 2021 Summer,2021-06-09,DWG KIA,,Bot,Ghost,장용준,Jang Yong-jun,South Korea,Korea,1999-03-18,0,Ghost (Jang Yong-jun)
2021,Summer,LCK,LoL Champions Korea,韩国,一级联赛,LCK 2021 Summer,2021-06-09,DWG KIA,,Support,BeryL,조건희,Cho Geon-hee,South Korea,Korea,1997-04-01,0,BeryL
2021,Summer,LCK,LoL Champions Korea,韩国,一级联赛,LCK 2021 Summer,2021-06-09,DWG KIA,,Coach,kkOma,김정균,Kim Jeong-gyun,South Korea,Korea,1985-12-23,0,kkOma
2021,Summer,LCK,LoL Champions Korea,韩国,一级联赛,LCK 2021 Summer,2021-06-09,DWG KIA,,Coach,Ares,김민권,Kim Min-kwon,South Korea,Korea,1995-12-11,0,Ares (Kim Min-kwon)
2021,Summer,LCK,LoL Champions Korea,韩国,一级联赛,LCK 2021 Summer,2021-06-09,DWG KIA,,Coach,PoohManDu,이정현,Lee Jeong-hyeon,South Korea,Korea,1991-01-29,0,PoohManDu
2021,Summer,LCK,LoL Champions Korea,韩国,一级联赛,LCK 2021 Summer,2021-06-09,Fredit BRION,,Top,HOYA,윤용호,Yoon Yong-ho,South Korea,Korea,2000-08-25,0,Hoya
2021,Summer,LCK,LoL Champions Korea,韩国,一级联赛,LCK 2021 Summer,2021-06-09,Fredit BRION,,Jungle,UmTi,엄성현,Um Sung-hyeon,South Korea,Korea,1999-06-02,0,UmTi
2021,Summer,LCK,LoL Champions Korea,韩国,一级联赛,LCK 2021 Summer,2021-06-09,Fredit BRION,,Jungle,Chieftain,이재엽,Lee Jae-yub,South Korea,Korea,2000-11-16,1,Chieftain
2021,Summer,LCK,LoL Champions Korea,韩国,一级联赛,LCK 2021 Summer,2021-06-09,Fredit BRION,,Mid,Lava,김태훈,Kim Tae-hoon,South Korea,Korea,1999-07-14,0,Lava
2021,Summer,LCK,LoL Champions Korea,韩国,一级联赛,LCK 2021 Summer,2021-06-09,Fredit BRION,,Mid,Yaharong,이찬주,Lee Chan-ju,South Korea,Korea,2000-06-12,1,Yaharong
2021,Summer,LCK,LoL Champions Korea,韩国,一级联赛,LCK 2021 Summer,2021-06-09,Fredit BRION,,Bot,Hena,박증환,Park Jeung-hwan,South Korea,Korea,1999-10-08,0,Hena
2021,Summer,LCK,LoL Champions Korea,韩国,一级联赛,LCK 2021 Summer,2021-06-09,Fredit BRION,,Support,Delight,유환중,Yoo Hwan-joong,South Korea,Korea,2002-09-12,0,Delight
2021,Summer,LCK,LoL Champions Korea,韩国,一级联赛,LCK 2021 Summer,2021-06-09,Fredit BRION,,Coach,Edgar,최우범,Choi Woo-beom,South Korea,Korea,1984-01-03,0,Edgar
2021,Summer,LCK,LoL Champions Korea,韩国,一级联赛,LCK 2021 Summer,2021-06-09,Fredit BRION,,Coach,Drinker,이승후,Lee Seung-hoo,South Korea,Korea,1989-05-20,0,Drinker
2021,Summer,LCK,LoL Champions Korea,韩国,一级联赛,LCK 2021 Summer,2021-06-09,Gen.G,,Top,Rascal,김광희,Kim Kwang-hee,South Korea,Korea,1997-10-16,0,Rascal
2021,Summer,LCK,LoL Champions Korea,韩国,一级联赛,LCK 2021 Summer,2021-06-09,Gen.G,,Top,Burdol,노태윤,Noh Tae-yoon,South Korea,Korea,2003-12-25,0,Burdol
2021,Summer,LCK,LoL Champions Korea,韩国,一级联赛,LCK 2021 Summer,2021-06-09,Gen.G,,Jungle,Clid,김태민,Kim Tae-min,South Korea,Korea,1999-07-07,0,Clid
2021,Summer,LCK,LoL Champions Korea,韩国,一级联赛,LCK 2021 Summer,2021-06-09,Gen.G,,Jungle,YoungJae,고영재,Ko Yeong-jae,South Korea,Korea,2002-11-16,0,YoungJae
2021,Summer,LCK,LoL Champions Korea,韩国,一级联赛,LCK 2021 Summer,2021-06-09,Gen.G,,Mid,Bdd,곽보성,Gwak Bo-seong,South Korea,Korea,1999-03-01,0,Bdd
2021,Summer,LCK,LoL Champions Korea,韩国,一级联赛,LCK 2021 Summer,2021-06-09,Gen.G,,Bot,Ruler,박재혁,Park Jae-hyuk,South Korea,Korea,1998-12-29,0,Ruler
2021,Summer,LCK,LoL Champions Korea,韩国,一级联赛,LCK 2021 Summer,2021-06-09,Gen.G,,Support,Life,김정민,Kim Jeong-min,South Korea,Korea,2000-07-07,0,Life
2021,Summer,LCK,LoL Champions Korea,韩国,一级联赛,LCK 2021 Summer,2021-06-09,Gen.G,,Coach,oDin,주영달,Ju Yeong-dal,South Korea,Korea,1987-07-15,0,oDin (Ju Yeong-dal)
2021,Summer,LCK,LoL Champions Korea,韩国,一级联赛,LCK 2021 Summer,2021-06-09,Gen.G,,Coach,Ggoong,유병준,Yu Byeong-jun,South Korea,Korea,1993-06-26,0,Ggoong
2021,Summer,LCK,LoL Champions Korea,韩国,一级联赛,LCK 2021 Summer,2021-06-09,Gen.G,,Coach,Lyn,김다빈,Kim Da-bin,South Korea,Korea,1996-08-25,0,Lyn
2021,Summer,LCK,LoL Champions Korea,韩国,一级联赛,LCK 2021 Summer,2021-06-09,Hanwha Life Esports,,Top,Morgan,박루한,Park Ru-han,South Korea,Korea,2001-09-26,0,Morgan
2021,Summer,LCK,LoL Champions Korea,韩国,一级联赛,LCK 2021 Summer,2021-06-09,Hanwha Life Esports,,Top,DuDu,이동주,Lee Dong-ju,South Korea,Korea,2001-03-08,0,DuDu (Lee Dong-ju)
2021,Summer,LCK,LoL Champions Korea,韩国,一级联赛,LCK 2021 Summer,2021-06-09,Hanwha Life Esports,,Jungle,Yohan,김요한,Kim Yo-han,South Korea,Korea,1999-12-17,0,yoHan
2021,Summer,LCK,LoL Champions Korea,韩国,一级联赛,LCK 2021 Summer,2021-06-09,Hanwha Life Esports,,Jungle,Arthur (Park Mi-reu),,,,,,,Arthur (Park Mi-reu)
2021,Summer,LCK,LoL Champions Korea,韩国,一级联赛,LCK 2021 Summer,2021-06-09,Hanwha Life Esports,,Jungle,Willer,김정현,Kim Jeong-hyeon,South Korea,Korea,2003-04-24,0,Willer
2021,Summer,LCK,LoL Champions Korea,韩国,一级联赛,LCK 2021 Summer,2021-06-09,Hanwha Life Esports,,Mid,Chovy,정지훈,Jeong Ji-hoon,South Korea,Korea,2001-03-03,0,Chovy
2021,Summer,LCK,LoL Champions Korea,韩国,一级联赛,LCK 2021 Summer,2021-06-09,Hanwha Life Esports,,Bot,Deft,김혁규,Kim Hyuk-kyu,South Korea,Korea,1996-10-23,0,Deft
2021,Summer,LCK,LoL Champions Korea,韩国,一级联赛,LCK 2021 Summer,2021-06-09,Hanwha Life Esports,,Support,Vsta,오효성,Oh Hyo-seong,South Korea,Korea,2000-10-03,0,Vsta
2021,Summer,LCK,LoL Champions Korea,韩国,一级联赛,LCK 2021 Summer,2021-06-09,Hanwha Life Esports,,Coach,Kezman,손대영,Son Dae-young,South Korea,Korea,1983-04-06,0,Kezman
2021,Summer,LCK,LoL Champions Korea,韩国,一级联赛,LCK 2021 Summer,2021-06-09,Hanwha Life Esports,,Coach,Heart,이관형,Yi Gwan-hyung,South Korea,Korea,1988-12-13,0,Heart
2021,Summer,LCK,LoL Champions Korea,韩国,一级联赛,LCK 2021 Summer,2021-06-09,Hanwha Life Esports,,Coach,SuDal,김성진,Kim Sung-jin,South Korea,Korea,1994-02-03,0,Sudal
2021,Summer,LCK,LoL Champions Korea,韩国,一级联赛,LCK 2021 Summer,2021-06-09,KT Rolster,,Top,Doran,최현준,Choi Hyeon-joon,South Korea,Korea,2000-07-22,0,Doran (Choi Hyeon-joon)
2021,Summer,LCK,LoL Champions Korea,韩国,一级联赛,LCK 2021 Summer,2021-06-09,KT Rolster,,Jungle,Blank,강선구,Kang Sun-gu,South Korea,Korea,1998-04-30,1,Blank (Kang Sun-gu)
2021,Summer,LCK,LoL Champions Korea,韩国,一级联赛,LCK 2021 Summer,2021-06-09,KT Rolster,,Jungle,GIDEON,김민성,Kim Min-seong,South Korea,Korea,2003-08-14,0,GIDEON
2021,Summer,LCK,LoL Champions Korea,韩国,一级联赛,LCK 2021 Summer,2021-06-09,KT Rolster,,Mid,Dove,김재연,Kim Jae-yeon,South Korea,Korea,1998-07-25,0,Dove
2021,Summer,LCK,LoL Champions Korea,韩国,一级联赛,LCK 2021 Summer,2021-06-09,KT Rolster,,Mid,Ucal,손우현,Son Woo-hyeon,South Korea,Korea,2001-01-30,0,Ucal
2021,Summer,LCK,LoL Champions Korea,韩国,一级联赛,LCK 2021 Summer,2021-06-09,KT Rolster,,Bot,Noah,오현택,Oh Hyeon-taek,South Korea,Korea,2001-10-04,0,Noah (Oh Hyeon-taek)
2021,Summer,LCK,LoL Champions Korea,韩国,一级联赛,LCK 2021 Summer,2021-06-09,KT Rolster,,Bot,5kid,박정현,Park Jeong-hyeon,South Korea,Korea,1999-11-28,0,5kid
2021,Summer,LCK,LoL Champions Korea,韩国,一级联赛,LCK 2021 Summer,2021-06-09,KT Rolster,,Support,Zzus,장준수,Jang Joon-soo,South Korea,Korea,1998-08-30,0,Zzus
2021,Summer,LCK,LoL Champions Korea,韩国,一级联赛,LCK 2021 Summer,2021-06-09,KT Rolster,,Support,Harp,이지융,Lee Ji-yoong,South Korea,Korea,2001-06-03,0,Harp
2021,Summer,LCK,LoL Champions Korea,韩国,一级联赛,LCK 2021 Summer,2021-06-09,KT Rolster,,Coach,Hirai,강동훈,Kang Dong-hoon,South Korea,Korea,1982-03-26,0,Hirai
2021,Summer,LCK,LoL Champions Korea,韩国,一级联赛,LCK 2021 Summer,2021-06-09,KT Rolster,,Coach,Acorn,최천주,Choi Cheon-ju,South Korea,Korea,1990-07-13,0,Acorn
2021,Summer,LCK,LoL Champions Korea,韩国,一级联赛,LCK 2021 Summer,2021-06-09,KT Rolster,,Coach,supreme,최승민,Choi Seung-min,South Korea,Korea,1987-04-27,0,supreme
2021,Summer,LCK,LoL Champions Korea,韩国,一级联赛,LCK 2021 Summer,2021-06-09,Liiv SANDBOX,,Top,Summit,박우태,Park Woo-tae,South Korea,Korea,1998-12-08,0,Summit
2021,Summer,LCK,LoL Champions Korea,韩国,一级联赛,LCK 2021 Summer,2021-06-09,Liiv SANDBOX,,Jungle,Croco,김동범,Kim Dong-beom,South Korea,Korea,2000-02-23,0,Croco
2021,Summer,LCK,LoL Champions Korea,韩国,一级联赛,LCK 2021 Summer,2021-06-09,Liiv SANDBOX,,Mid,FATE,유수혁,Yoo Su-hyeok,South Korea,Korea,2000-08-22,0,FATE (Yoo Su-hyeok)
2021,Summer,LCK,LoL Champions Korea,韩国,一级联赛,LCK 2021 Summer,2021-06-09,Liiv SANDBOX,,Bot,Prince,이채환,Lee Chae-hwan,South Korea,Korea,2000-04-05,0,Prince (Lee Chae-hwan)
2021,Summer,LCK,LoL Champions Korea,韩国,一级联赛,LCK 2021 Summer,2021-06-09,Liiv SANDBOX,,Support,Effort,이상호,Lee Sang-ho,South Korea,Korea,2000-11-23,0,Effort
2021,Summer,LCK,LoL Champions Korea,韩国,一级联赛,LCK 2021 Summer,2021-06-09,Liiv SANDBOX,,Coach,Micro,김목경,Kim Mok-kyoung,South Korea,Korea,1986-09-17,0,Micro (Kim Mok-kyoung)
2021,Summer,LCK,LoL Champions Korea,韩国,一级联赛,LCK 2021 Summer,2021-06-09,Liiv SANDBOX,,Coach,Joker,조재읍,Cho Jae-eup,South Korea,Korea,1991-12-11,0,Joker (Cho Jae-eup)
2021,Summer,LCK,LoL Champions Korea,韩国,一级联赛,LCK 2021 Summer,2021-06-09,Nongshim RedForce,,Top,Rich,이재원,Lee Jae-won,South Korea,Korea,1998-02-16,0,Rich (Lee Jae-won)
2021,Summer,LCK,LoL Champions Korea,韩国,一级联赛,LCK 2021 Summer,2021-06-09,Nongshim RedForce,,Jungle,Peanut,한왕호,Han Wang-ho,South Korea,Korea,1998-02-03,1,Peanut
2021,Summer,LCK,LoL Champions Korea,韩国,一级联赛,LCK 2021 Summer,2021-06-09,Nongshim RedForce,,Mid,Gori,김태우,Kim Tae-woo,South Korea,Korea,2000-08-09,0,Gori
2021,Summer,LCK,LoL Champions Korea,韩国,一级联赛,LCK 2021 Summer,2021-06-09,Nongshim RedForce,,Bot,deokdam,서대길,Seo Dae-gil,South Korea,Korea,2000-02-25,0,deokdam
2021,Summer,LCK,LoL Champions Korea,韩国,一级联赛,LCK 2021 Summer,2021-06-09,Nongshim RedForce,,Support,Kellin,김형규,Kim Hyeong-gyu,South Korea,Korea,2001-02-01,0,Kellin
2021,Summer,LCK,LoL Champions Korea,韩国,一级联赛,LCK 2021 Summer,2021-06-09,Nongshim RedForce,,Coach,sBs,배지훈,Bae Ji-hoon,South Korea,Korea,1992-07-02,0,sBs
2021,Summer,LCK,LoL Champions Korea,韩国,一级联赛,LCK 2021 Summer,2021-06-09,Nongshim RedForce,,Coach,Comet,임혜성,Lim Hye-sung,South Korea,Korea,1991-08-04,0,Comet
2021,Summer,LCK,LoL Champions Korea,韩国,一级联赛,LCK 2021 Summer,2021-06-09,T1,,Top,Canna,김창동,Kim Chang-dong,South Korea,Korea,2000-02-11,0,Canna
2021,Summer,LCK,LoL Champions Korea,韩国,一级联赛,LCK 2021 Summer,2021-06-09,T1,,Jungle,Cuzz,문우찬,Moon Woo-chan,South Korea,Korea,1999-10-30,0,Cuzz
2021,Summer,LCK,LoL Champions Korea,韩国,一级联赛,LCK 2021 Summer,2021-06-09,T1,,Jungle,Oner,문현준,Mun Hyeon-jun,South Korea,Korea,2002-12-24,0,Oner
2021,Summer,LCK,LoL Champions Korea,韩国,一级联赛,LCK 2021 Summer,2021-06-09,T1,,Mid,Faker,이상혁,Lee Sang-hyeok,South Korea,Korea,1996-05-07,0,Faker
2021,Summer,LCK,LoL Champions Korea,韩国,一级联赛,LCK 2021 Summer,2021-06-09,T1,,Bot,Teddy,박진성,Park Jin-seong,South Korea,Korea,1998-03-15,0,Teddy
2021,Summer,LCK,LoL Champions Korea,韩国,一级联赛,LCK 2021 Summer,2021-06-09,T1,,Bot,Gumayusi,이민형,Lee Min-hyeong,South Korea,Korea,2002-02-06,0,Gumayusi
2021,Summer,LCK,LoL Champions Korea,韩国,一级联赛,LCK 2021 Summer,2021-06-09,T1,,Support,Keria,류민석,Ryu Min-seok,South Korea,Korea,2002-10-14,0,Keria
2021,Summer,LCK,LoL Champions Korea,韩国,一级联赛,LCK 2021 Summer,2021-06-09,T1,,Coach,Daeny,양대인,Yang Dae-in,South Korea,Korea,1993-02-10,0,Daeny
2021,Summer,LCK,LoL Champions Korea,韩国,一级联赛,LCK 2021 Summer,2021-06-09,T1,,Coach,Zefa,이재민,Lee Jae-min,South Korea,Korea,1988-02-04,0,Zefa
2021,Summer,LCK,LoL Champions Korea,韩国,一级联赛,LCK 2021 Summer,2021-06-09,T1,,Coach,Stardust,손석희,Son Seok-hee,South Korea,Korea,1990-05-27,0,Stardust (Son Seok-hee)
2021,Summer,LCK,LoL Champions Korea,韩国,一级联赛,LCK 2021 Summer,2021-06-09,T1,,Coach,moment,김지환,Kim Ji-hwan,South Korea,Korea,1993-12-19,0,Moment
